except	-5.08	0.97
muslims	-5.05	1.40
gypsies	-4.91	1.30
gays	-4.87	1.34
jews	-4.71	1.47
niggers	-4.69	1.44
everywhere	-4.57	1.40
christians	-4.54	1.61
blaming	-4.43	1.58
pisses	-4.34	1.41
mexicans	-4.23	1.78
dislike	-4.19	1.56
obsessed	-4.00	1.61
minorities	-3.81	1.62
blacks	-3.68	1.64
forget	-3.62	2.12
kebab	-3.59	1.16
nazis	-3.59	1.76
call	-3.56	1.98
radical	-3.54	1.72
blame	-3.53	1.82
everybody	-3.53	1.96
creepy	-3.50	2.49
acts	-3.47	1.88
due	-3.47	1.84
hating	-3.46	1.76
absolutely	-3.44	2.01
slaves	-3.42	1.99
secretly	-3.36	2.01
lead	-3.35	2.15
are	-3.33	2.14
oppressed	-3.32	1.90
odd	-3.31	2.10
responsible	-3.30	2.02
4channers	-3.28	1.92
poor	-3.28	1.73
knows	-3.28	2.17
isis	-3.26	1.65
became	-3.24	1.69
arabs	-3.22	1.09
complain	-3.16	2.14
obnoxious	-3.12	1.83
bronies	-3.11	1.71
feminists	-3.08	1.99
assholes	-3.07	1.85
etc	-3.07	1.88
handed	-3.07	2.12
leaders	-3.06	1.91
believed	-3.01	1.74
calling	-3.00	2.11
chemical	-3.00	2.34
hairy	-2.99	2.55
fans	-2.94	2.09
chose	-2.93	2.13
brilliant	-2.93	2.00
lgbt	-2.91	2.18
were	-2.91	1.12
ugly	-2.90	2.63
stab	-2.88	2.08
muslim	-2.86	1.00
finland	-2.86	1.72
tend	-2.85	2.03
aggressive	-2.84	2.34
boobs	-2.83	2.70
christianity	-2.82	1.05
trees	-2.81	1.96
browses	-2.80	2.34
same	-2.80	2.90
americans	-2.79	1.28
gross	-2.79	2.48
aware	-2.78	2.56
racists	-2.77	0.92
fags	-2.74	2.04
persons	-2.73	1.95
hero	-2.73	2.16
carrying	-2.73	2.65
tl	-2.69	2.13
loving	-2.68	2.02
shoe	-2.68	2.72
liberals	-2.66	2.17
whites	-2.65	1.20
genuinely	-2.65	2.36
feel	-2.65	3.19
disgusting	-2.63	2.20
despise	-2.63	1.98
hired	-2.63	2.09
dunno	-2.62	2.12
mention	-2.61	1.38
remove	-2.59	0.97
applied	-2.59	1.93
checkmate	-2.56	1.99
fuckers	-2.54	2.13
germans	-2.53	0.99
destroy	-2.52	2.07
stupid	-2.52	2.92
imply	-2.50	2.82
russians	-2.50	0.99
white	-2.48	1.15
islam	-2.48	1.02
boring	-2.46	2.56
mostly	-2.43	1.03
laughing	-2.42	2.47
pathetic	-2.41	2.38
repeating	-2.39	2.64
wonderful	-2.38	2.52
nailed	-2.37	1.93
immigrants	-2.36	1.12
catholic	-2.36	0.91
happens	-2.35	1.45
racist	-2.34	1.23
becoming	-2.33	1.98
dr	-2.32	2.20
faggots	-2.32	1.23
inherently	-2.32	1.10
ponies	-2.32	2.09
sharp	-2.32	2.63
usually	-2.31	1.59
attempt	-2.30	2.51
indians	-2.29	1.46
religion	-2.27	0.96
existence	-2.27	2.32
lonely	-2.27	2.71
proving	-2.27	2.51
weird	-2.26	2.79
felt	-2.25	2.82
unhealthy	-2.25	2.82
evil	-2.25	0.79
black	-2.24	1.16
ghost	-2.24	2.21
certain	-2.24	2.81
europeans	-2.22	1.02
minority	-2.21	1.19
lame	-2.21	2.48
helpful	-2.20	2.67
sight	-2.19	2.42
cried	-2.18	2.83
feeling	-2.18	2.63
anywhere	-2.14	1.25
slavery	-2.14	1.09
irish	-2.12	1.13
realise	-2.12	2.78
asians	-2.12	1.18
regret	-2.12	2.72
nightmare	-2.12	2.35
genetically	-2.11	1.05
bunch	-2.10	1.24
discrimination	-2.10	1.07
angry	-2.10	2.72
taste	-2.08	2.11
infected	-2.06	2.75
convince	-2.05	1.38
course	-2.04	2.12
racism	-2.04	1.19
concentration	-2.03	0.89
unless	-2.01	3.95
arab	-2.00	0.84
face	-2.00	2.85
israel	-2.00	1.08
sake	-1.98	2.01
holocaust	-1.96	1.02
enemies	-1.96	2.66
referring	-1.96	3.42
hitler	-1.94	0.94
telling	-1.94	2.13
legitimately	-1.93	2.14
rich	-1.92	1.12
nothing	-1.92	3.94
christian	-1.91	0.99
umm	-1.91	2.95
committing	-1.91	0.94
religious	-1.90	0.99
ww2	-1.89	0.92
representation	-1.89	2.33
made	-1.88	2.71
oppressing	-1.87	1.27
unique	-1.87	2.48
idiots	-1.86	1.43
acting	-1.86	1.29
fault	-1.86	1.08
shame	-1.86	2.73
truly	-1.85	2.48
mistaken	-1.85	3.32
retarded	-1.84	3.44
allow	-1.83	1.11
imo	-1.83	2.20
decade	-1.83	2.34
causing	-1.82	0.98
true	-1.82	4.04
lazy	-1.82	1.15
african	-1.81	1.16
both	-1.80	1.83
admit	-1.80	2.32
saying	-1.80	4.21
everyone	-1.79	1.83
congratulations	-1.79	2.21
right	-1.79	4.18
awkward	-1.79	2.73
generic	-1.79	2.29
educated	-1.78	1.14
imagine	-1.78	1.82
pretend	-1.78	1.98
genocide	-1.78	0.99
miserable	-1.77	2.64
uncomfortable	-1.76	2.94
besides	-1.75	1.47
messed	-1.75	3.14
fucked	-1.74	3.60
fact	-1.74	4.20
act	-1.74	1.31
kinda	-1.74	3.02
beings	-1.73	0.89
definitely	-1.73	2.13
with	-1.73	3.82
thinking	-1.73	2.56
killed	-1.72	1.08
lots	-1.72	1.61
patriarchy	-1.71	1.16
africans	-1.71	1.13
letting	-1.70	0.90
sometimes	-1.70	2.00
ethnic	-1.70	1.18
agree	-1.70	3.78
beautiful	-1.69	2.55
enjoy	-1.69	2.35
those	-1.68	1.95
concerned	-1.68	3.03
jewish	-1.67	1.04
cunts	-1.67	1.38
meant	-1.67	3.86
category	-1.66	0.95
forgot	-1.66	3.06
sweden	-1.66	0.89
involving	-1.66	0.97
race	-1.65	1.24
socially	-1.65	1.26
poverty	-1.65	1.13
stereotype	-1.65	1.08
annoying	-1.65	2.07
serious	-1.64	3.29
talk	-1.64	2.04
camps	-1.63	0.91
atheist	-1.62	0.92
smile	-1.62	2.88
neckbeard	-1.62	1.41
everything	-1.61	1.97
apparently	-1.61	1.29
these	-1.61	1.91
movement	-1.61	1.07
nobody	-1.60	1.64
talking	-1.60	4.08
favor	-1.59	0.80
sjws	-1.59	1.18
entitled	-1.59	1.26
neckbeards	-1.59	1.42
making	-1.59	1.87
many	-1.58	2.01
town	-1.57	0.97
oppression	-1.57	1.14
none	-1.56	1.34
retards	-1.56	1.38
folks	-1.56	0.85
groups	-1.56	1.30
oddly	-1.56	2.68
yes	-1.55	4.23
disturbing	-1.55	2.59
else	-1.55	2.09
all	-1.54	2.41
tired	-1.54	2.81
doing	-1.54	4.03
calls	-1.54	1.47
tell	-1.54	2.30
make	-1.54	2.21
bad	-1.53	3.70
different	-1.52	1.41
dirty	-1.52	1.05
other	-1.52	2.13
pretentious	-1.52	1.39
majority	-1.51	1.48
privileged	-1.51	1.05
likely	-1.51	1.39
smarter	-1.51	1.28
whatsoever	-1.50	1.11
point	-1.50	4.17
destroyed	-1.50	2.71
feminism	-1.50	1.35
hurting	-1.50	1.61
blind	-1.49	1.05
men	-1.49	1.30
bitter	-1.49	1.49
typo	-1.49	3.16
subjective	-1.49	2.70
who	-1.47	1.60
exist	-1.47	2.35
commit	-1.46	1.00
victim	-1.46	1.12
heterosexual	-1.46	1.00
virgins	-1.46	1.25
whiny	-1.45	1.32
autists	-1.45	1.09
fat	-1.45	1.65
crimes	-1.45	1.05
mexican	-1.45	0.96
atheists	-1.45	0.92
starving	-1.45	0.94
kinds	-1.45	1.82
unfortunately	-1.44	1.16
ignorant	-1.44	1.43
believes	-1.44	0.99
raped	-1.43	1.30
views	-1.43	0.99
chicago	-1.43	0.96
thinks	-1.43	1.54
babies	-1.42	0.90
fucks	-1.42	1.10
trade	-1.42	0.84
dumb	-1.42	1.82
citizens	-1.42	0.89
laughed	-1.42	2.89
argue	-1.41	2.00
laugh	-1.41	2.27
smell	-1.41	1.19
women	-1.41	1.28
slut	-1.40	1.44
crime	-1.40	1.08
committed	-1.40	0.86
nerds	-1.40	1.27
hire	-1.39	1.27
confusion	-1.39	3.04
social	-1.39	1.07
scary	-1.39	2.58
million	-1.39	1.13
painful	-1.38	2.65
church	-1.38	0.92
unrelated	-1.38	2.59
interested	-1.38	3.00
wtf	-1.38	3.48
extreme	-1.37	1.13
suicide	-1.37	0.96
memory	-1.36	2.81
listed	-1.36	2.02
camp	-1.35	0.92
give	-1.35	1.96
cops	-1.35	1.17
prove	-1.34	2.12
various	-1.34	1.50
excuse	-1.34	1.37
races	-1.33	1.09
support	-1.33	1.32
desperate	-1.33	1.67
lie	-1.33	2.26
seeing	-1.32	2.19
proven	-1.32	1.32
sees	-1.31	1.34
causes	-1.31	0.91
people	-1.31	1.94
terrorists	-1.31	0.95
breed	-1.30	1.01
equality	-1.30	1.38
knights	-1.30	1.22
slightly	-1.29	1.52
pussies	-1.29	1.02
london	-1.29	0.93
acted	-1.29	1.01
non	-1.28	0.95
pig	-1.26	1.06
about	-1.26	2.68
immigration	-1.26	1.04
happening	-1.26	3.26
subtle	-1.25	2.54
marriage	-1.25	0.93
humor	-1.25	2.82
touch	-1.24	1.44
being	-1.24	2.00
married	-1.24	0.98
nazi	-1.23	1.00
tits	-1.23	1.67
physically	-1.23	1.19
funny	-1.23	3.00
gives	-1.23	1.28
tries	-1.23	1.34
feminist	-1.23	1.36
wing	-1.22	1.20
reminds	-1.22	2.53
me	-1.22	2.33
leads	-1.22	1.12
racial	-1.21	1.04
chest	-1.21	1.15
believing	-1.21	1.27
steal	-1.20	0.95
banging	-1.20	1.51
by	-1.20	1.67
especially	-1.20	1.74
exists	-1.19	1.51
nuke	-1.19	1.18
basically	-1.19	1.79
equally	-1.19	1.12
blonde	-1.19	1.42
focused	-1.19	0.95
overweight	-1.18	1.50
ones	-1.18	1.98
including	-1.18	1.39
scum	-1.17	1.04
label	-1.17	1.61
imagined	-1.17	1.47
chicks	-1.17	1.73
often	-1.17	1.40
chick	-1.16	1.77
bit	-1.16	2.15
asian	-1.16	1.04
violent	-1.16	1.18
curious	-1.15	2.66
kick	-1.15	1.11
basement	-1.15	1.46
truth	-1.15	1.53
whining	-1.15	1.10
petty	-1.15	1.41
immature	-1.15	1.82
humans	-1.15	0.97
iq	-1.15	1.12
arent	-1.14	1.25
attracted	-1.14	1.19
vodka	-1.14	1.04
selfish	-1.14	1.41
advantage	-1.13	0.99
tears	-1.13	1.59
treated	-1.13	1.13
apply	-1.13	1.28
slip	-1.12	0.92
talks	-1.12	1.36
christ	-1.12	2.54
themselves	-1.12	1.56
sized	-1.12	1.13
virgin	-1.12	1.61
sticky	-1.11	0.96
scare	-1.11	1.30
looked	-1.11	2.00
leave	-1.11	1.70
common	-1.11	2.88
crying	-1.11	1.53
allowed	-1.11	2.47
weeaboo	-1.10	1.50
worthless	-1.10	1.64
mainly	-1.10	1.06
whenever	-1.10	1.24
loser	-1.09	1.62
species	-1.09	1.01
losers	-1.09	1.39
lot	-1.09	1.88
violence	-1.08	1.02
homeless	-1.08	1.14
looking	-1.07	2.44
incredibly	-1.07	1.55
shitting	-1.07	1.29
attractive	-1.07	1.54
visited	-1.07	3.49
redditors	-1.07	1.30
single	-1.07	3.74
hear	-1.07	1.79
attempted	-1.07	1.16
east	-1.07	1.07
idiotic	-1.06	1.37
some	-1.06	2.08
morons	-1.06	1.46
practically	-1.06	1.07
severely	-1.06	1.19
simply	-1.06	1.31
pretending	-1.06	1.51
much	-1.06	2.27
real	-1.06	2.99
overall	-1.06	1.08
feminazi	-1.05	1.23
gets	-1.05	1.52
asses	-1.05	1.17
owners	-1.05	0.84
hundreds	-1.05	1.10
motherfuckers	-1.05	1.03
cry	-1.05	1.79
totally	-1.04	2.13
rapists	-1.03	1.00
stalin	-1.03	0.87
womyn	-1.03	1.13
attacking	-1.03	0.90
consider	-1.03	1.59
tier	-1.03	2.56
improve	-1.03	1.08
nearly	-1.03	1.23
wwii	-1.03	0.84
each	-1.03	1.41
become	-1.02	1.13
upvoting	-1.02	1.65
enjoying	-1.02	1.06
africa	-1.02	1.05
uhh	-1.02	3.13
screwed	-1.02	1.54
humanity	-1.02	1.00
rates	-1.01	1.09
cause	-1.01	2.57
fuel	-1.01	1.04
goes	-1.01	1.64
murder	-1.01	0.97
gene	-1.01	1.09
slightest	-1.01	1.81
horribly	-1.01	1.61
ton	-1.01	1.31
among	-1.00	1.47
faith	-1.00	0.95
strange	-1.00	1.61
going	-1.00	3.48
weak	-1.00	1.28
handle	-0.99	1.49
controlled	-0.99	0.98
off	-0.99	1.58
general	-0.99	1.08
left	-0.99	1.50
trying	-0.99	2.53
unbelievable	-0.99	2.15
blade	-0.99	1.19
functioning	-0.99	1.13
bothered	-0.98	2.03
slap	-0.98	1.09
help	-0.98	2.42
decent	-0.98	2.65
however	-0.98	1.35
getting	-0.97	2.36
beta	-0.97	1.63
girls	-0.97	1.58
claim	-0.97	1.58
pure	-0.96	1.01
doll	-0.96	1.27
males	-0.96	1.04
reading	-0.96	1.82
sorts	-0.96	1.43
differences	-0.96	1.08
fetish	-0.96	1.10
native	-0.96	1.40
uneducated	-0.96	1.33
eyes	-0.95	1.30
average	-0.95	1.16
hipster	-0.95	1.04
vast	-0.95	1.60
grew	-0.95	1.15
sjw	-0.95	1.20
frog	-0.94	3.01
someone	-0.94	2.19
kicked	-0.94	1.33
shake	-0.93	1.03
fix	-0.93	1.26
delusional	-0.93	1.44
hot	-0.93	1.61
now	-0.93	3.42
obese	-0.93	1.43
m	-0.93	2.59
male	-0.93	1.08
held	-0.93	1.00
proved	-0.93	1.34
yelling	-0.93	1.52
affect	-0.92	1.32
notice	-0.92	2.20
worry	-0.92	2.26
either	-0.92	3.48
28	-0.92	1.23
asking	-0.92	2.58
realize	-0.92	2.80
throw	-0.92	1.33
head	-0.92	1.46
move	-0.92	1.50
solve	-0.92	1.59
indian	-0.91	1.01
human	-0.91	1.03
wave	-0.91	1.30
neet	-0.91	1.54
denial	-0.91	1.22
stopped	-0.90	1.22
at	-0.90	2.51
skin	-0.90	1.19
happened	-0.90	0.88
embarrassing	-0.90	1.60
visiting	-0.90	1.14
wealthy	-0.89	1.13
beans	-0.89	0.84
built	-0.89	1.02
sexually	-0.89	1.12
heads	-0.89	0.99
fart	-0.89	1.12
campaign	-0.89	0.88
commenting	-0.89	1.42
victims	-0.89	1.04
utterly	-0.89	1.14
multiple	-0.88	1.78
plenty	-0.88	2.37
unattractive	-0.88	1.41
mentioned	-0.88	2.03
sand	-0.88	0.96
highly	-0.88	1.26
corrupt	-0.88	0.95
naturally	-0.88	1.13
seek	-0.88	1.04
anything	-0.88	2.94
warriors	-0.88	1.19
faces	-0.88	1.52
lower	-0.88	1.36
deny	-0.88	1.10
says	-0.88	1.54
several	-0.88	1.86
tells	-0.88	1.38
cats	-0.88	0.95
convinced	-0.87	1.55
asshole	-0.87	1.60
bully	-0.87	0.87
opinions	-0.87	1.23
illuminati	-0.87	1.03
arrested	-0.87	1.03
complaining	-0.87	1.43
80	-0.87	1.03
nonsense	-0.87	1.05
equal	-0.87	1.18
obviously	-0.86	2.92
dealing	-0.86	1.45
re	-0.86	2.95
guilty	-0.86	1.18
sexist	-0.86	1.05
masturbating	-0.86	1.36
grow	-0.86	1.06
imperial	-0.86	2.57
sexual	-0.86	0.91
genius	-0.85	1.19
theres	-0.85	1.16
gas	-0.85	1.06
tear	-0.85	1.36
genders	-0.85	1.20
acceptance	-0.85	1.03
autistic	-0.85	2.01
wants	-0.85	1.51
ugh	-0.84	1.33
slowly	-0.84	1.27
as	-0.84	3.19
possibly	-0.84	3.33
identify	-0.84	1.19
makeup	-0.84	1.27
diversity	-0.84	1.08
bigger	-0.84	1.45
referred	-0.84	1.56
europe	-0.83	1.08
ideology	-0.83	1.12
generally	-0.83	1.21
moving	-0.83	1.38
random	-0.83	1.32
things	-0.83	2.33
exclusively	-0.83	1.07
actors	-0.83	0.90
others	-0.83	1.53
woman	-0.82	1.25
emotional	-0.82	0.96
bible	-0.82	0.88
fewer	-0.82	1.29
bean	-0.82	1.06
aspie	-0.82	1.48
cancerous	-0.82	3.17
justice	-0.82	1.16
disabled	-0.82	1.45
look	-0.82	2.58
alive	-0.82	1.16
plant	-0.82	1.01
wherever	-0.81	1.28
increased	-0.81	0.89
them	-0.81	2.50
myth	-0.81	1.17
special	-0.81	1.31
crack	-0.81	1.20
shitlord	-0.81	1.08
conservative	-0.81	1.16
deal	-0.81	2.59
stretch	-0.81	1.33
almost	-0.81	2.28
starts	-0.81	1.25
rape	-0.81	1.01
somehow	-0.81	1.07
shitty	-0.81	3.01
knife	-0.81	1.12
prick	-0.81	1.48
extremely	-0.81	1.56
financial	-0.81	1.04
females	-0.80	1.31
count	-0.80	1.51
helped	-0.80	0.80
nasa	-0.80	1.10
imagination	-0.80	2.99
find	-0.80	2.51
rate	-0.80	1.16
cultural	-0.80	1.08
smart	-0.80	1.77
sure	-0.80	3.49
affects	-0.80	1.03
embarrassed	-0.80	2.15
sexy	-0.80	1.52
prison	-0.80	0.90
laughter	-0.80	1.51
ruin	-0.80	0.95
okay	-0.80	3.99
frequent	-0.80	1.39
wiping	-0.80	1.43
coming	-0.80	2.39
pirate	-0.79	1.02
pieces	-0.79	0.96
cheat	-0.79	1.13
rant	-0.79	1.18
hatred	-0.79	0.83
living	-0.79	1.26
sheep	-0.79	1.15
get	-0.79	2.55
anger	-0.79	1.00
commonly	-0.79	1.16
genetic	-0.79	1.06
robbed	-0.79	1.12
tone	-0.78	1.19
cis	-0.78	1.06
figure	-0.78	2.20
death	-0.78	0.96
families	-0.78	1.13
turning	-0.78	1.04
teeth	-0.78	1.24
reported	-0.78	1.13
ancestors	-0.78	0.85
remember	-0.78	2.25
sorry	-0.78	3.86
come	-0.78	2.50
loud	-0.77	1.57
arrest	-0.77	1.10
hair	-0.77	1.29
bond	-0.77	1.00
fake	-0.77	2.10
something	-0.77	3.04
works	-0.77	2.33
ratio	-0.77	1.30
instantly	-0.77	1.41
terrorist	-0.77	1.05
continent	-0.77	1.45
boo	-0.77	1.18
growing	-0.77	1.09
anyone	-0.77	2.47
more	-0.77	1.98
loses	-0.77	1.19
see	-0.77	2.80
significant	-0.77	1.16
r/tumblrinaction	-0.76	1.14
go	-0.76	2.26
against	-0.76	1.05
deserved	-0.76	0.96
idiot	-0.76	2.41
destroying	-0.76	1.05
population	-0.76	1.16
arms	-0.76	1.23
neighborhood	-0.76	1.10
dogs	-0.76	1.04
not	-0.76	3.39
straight	-0.76	1.30
pair	-0.76	1.11
insecure	-0.76	1.62
hand	-0.76	1.56
thin	-0.75	1.09
punch	-0.75	1.26
we	-0.75	3.00
votes	-0.75	1.12
lawyer	-0.75	1.02
be	-0.75	2.82
defending	-0.75	1.05
recommend	-0.75	1.07
understand	-0.75	2.80
try	-0.75	2.53
feelings	-0.74	1.37
struggle	-0.74	1.10
purpose	-0.74	1.37
bale	-0.74	0.99
burst	-0.74	1.40
becomes	-0.74	0.90
most	-0.74	3.87
shootings	-0.74	1.00
he	-0.74	2.25
scores	-0.74	1.19
suddenly	-0.74	1.11
england	-0.73	0.92
anymore	-0.73	2.91
separate	-0.73	1.44
caused	-0.73	1.14
makes	-0.73	2.25
proves	-0.73	1.72
strong	-0.73	1.04
furry	-0.73	1.02
individuals	-0.73	1.17
surprised	-0.73	2.51
wipe	-0.73	1.54
horny	-0.73	1.68
cow	-0.73	0.90
claiming	-0.73	1.33
finding	-0.73	1.35
large	-0.73	1.41
mentally	-0.73	1.24
kicking	-0.73	1.28
less	-0.73	1.44
places	-0.73	1.64
up	-0.73	1.99
cares	-0.72	1.74
joking	-0.72	2.58
whether	-0.72	2.22
assume	-0.72	3.04
eastern	-0.72	1.08
rude	-0.72	1.26
what	-0.72	3.29
certainly	-0.72	1.68
sat	-0.72	1.12
any	-0.72	2.54
puts	-0.72	1.12
put	-0.72	1.65
india	-0.72	1.07
teenagers	-0.72	1.28
which	-0.71	2.89
care	-0.71	2.97
cringe	-0.71	1.42
allowing	-0.71	1.05
trust	-0.71	2.24
nerd	-0.71	1.23
blew	-0.71	1.36
joy	-0.71	1.51
pointless	-0.71	1.54
moments	-0.71	1.62
think	-0.70	3.25
maybe	-0.70	3.23
or	-0.70	3.22
when	-0.70	2.78
powder	-0.70	1.11
percentage	-0.70	1.40
inner	-0.70	1.06
giving	-0.70	1.61
george	-0.70	0.87
facial	-0.70	1.46
take	-0.70	2.46
yell	-0.70	1.29
big	-0.70	1.62
capable	-0.69	0.99
lick	-0.69	1.29
animals	-0.69	1.10
print	-0.69	1.06
vomit	-0.69	1.11
just	-0.69	3.30
honestly	-0.69	2.74
apart	-0.69	1.06
portion	-0.69	1.22
lesbians	-0.69	2.96
hug	-0.69	1.12
interests	-0.68	1.00
rare	-0.68	1.39
too	-0.68	3.03
then	-0.68	2.97
evolved	-0.68	1.01
matter	-0.68	3.05
fucker	-0.68	1.31
jew	-0.68	1.36
gravity	-0.68	1.39
impact	-0.68	1.12
fatty	-0.68	1.23
issues	-0.68	1.40
culture	-0.68	1.05
ridiculously	-0.67	1.58
need	-0.67	2.78
flies	-0.67	0.98
tests	-0.67	0.97
explained	-0.67	1.47
described	-0.67	1.09
heavy	-0.67	0.97
eats	-0.67	1.05
lesbian	-0.67	1.27
contribute	-0.67	1.37
benefit	-0.67	1.16
small	-0.67	1.16
issue	-0.67	1.75
burning	-0.67	1.17
alone	-0.67	1.31
completely	-0.67	1.72
tongue	-0.67	1.16
ourselves	-0.67	1.25
useless	-0.67	1.49
problems	-0.66	1.57
whores	-0.66	1.13
while	-0.66	1.24
somewhat	-0.66	1.67
stabbed	-0.66	1.18
easier	-0.66	1.77
happen	-0.66	2.98
guys	-0.66	1.88
serial	-0.66	1.33
labor	-0.66	0.92
grocery	-0.66	1.07
say	-0.66	3.00
his	-0.66	1.51
feeding	-0.66	1.04
thousands	-0.66	1.30
pick	-0.66	1.45
higher	-0.66	1.47
want	-0.65	2.89
middle	-0.65	1.08
lucky	-0.65	2.31
can	-0.65	2.91
environment	-0.65	0.96
they	-0.65	2.97
know	-0.65	3.04
throat	-0.65	1.11
necessarily	-0.65	1.48
values	-0.65	1.04
gay	-0.65	2.00
tons	-0.65	1.41
person	-0.65	1.71
blow	-0.65	1.06
battle	-0.65	0.97
born	-0.65	1.17
might	-0.64	3.07
ask	-0.64	2.25
mountain	-0.64	0.93
parties	-0.64	1.32
mild	-0.64	1.10
exactly	-0.64	3.27
stuff	-0.64	2.31
fatties	-0.64	1.34
bitching	-0.64	1.50
owned	-0.64	1.03
should	-0.64	3.04
full	-0.64	1.40
two	-0.64	2.02
stronger	-0.64	1.34
out	-0.64	1.81
empathy	-0.64	1.51
how	-0.64	3.05
than	-0.64	1.60
here	-0.63	2.98
monkeys	-0.63	1.07
low	-0.63	1.35
abuse	-0.63	1.06
bullshit	-0.63	1.80
marry	-0.63	1.16
accept	-0.63	1.57
mature	-0.63	1.15
society	-0.63	1.08
sold	-0.63	0.96
raping	-0.63	1.03
appeal	-0.63	1.17
germany	-0.63	0.93
crazy	-0.62	2.09
partner	-0.62	1.07
nsa	-0.62	1.16
intense	-0.62	2.88
looks	-0.62	2.14
polish	-0.62	1.04
do	-0.62	3.01
changing	-0.62	0.95
audience	-0.62	0.99
shoot	-0.62	1.21
walks	-0.62	1.16
trip	-0.62	1.47
there	-0.62	3.07
slept	-0.61	1.52
justify	-0.61	1.06
wanting	-0.61	1.33
potato	-0.61	1.15
pigs	-0.61	1.05
jerk	-0.61	1.18
bars	-0.61	1.15
so	-0.61	3.29
fighting	-0.61	0.94
neck	-0.61	1.28
needed	-0.61	1.64
spiders	-0.61	0.97
syndrome	-0.61	0.99
bother	-0.61	1.67
eye	-0.61	1.31
died	-0.61	0.92
risk	-0.61	1.25
killing	-0.61	1.34
ll	-0.61	2.86
deaths	-0.60	0.98
ireland	-0.60	0.99
officers	-0.60	0.95
soap	-0.60	1.15
removing	-0.60	1.17
illiterate	-0.60	1.69
asia	-0.60	1.13
size	-0.60	1.27
currently	-0.60	0.97
bear	-0.60	1.26
your	-0.60	1.51
allows	-0.60	1.12
slave	-0.60	0.97
stereotypes	-0.60	1.18
murdered	-0.60	1.17
cut	-0.60	1.20
atleast	-0.60	1.24
smells	-0.59	1.31
variety	-0.59	1.26
severe	-0.59	1.37
and/or	-0.59	1.32
mixed	-0.59	0.94
controls	-0.59	1.19
still	-0.59	3.27
scale	-0.59	1.02
vagina	-0.59	1.32
another	-0.59	2.24
mean	-0.59	3.23
problem	-0.59	3.04
explain	-0.59	2.34
ghetto	-0.59	1.04
even	-0.59	3.05
trans	-0.59	1.25
predictable	-0.59	1.54
because	-0.59	3.28
comes	-0.59	1.49
factor	-0.59	1.24
bite	-0.58	1.09
doubt	-0.58	2.03
she	-0.58	1.55
continue	-0.58	1.13
millions	-0.58	1.15
shave	-0.58	1.30
supposed	-0.58	2.97
could	-0.58	2.93
economic	-0.58	0.95
hitting	-0.58	1.30
wait	-0.58	3.24
keep	-0.58	1.54
attached	-0.58	1.39
autist	-0.58	1.67
flat	-0.58	1.29
continued	-0.58	1.32
screaming	-0.58	1.22
whale	-0.57	1.11
believe	-0.57	2.99
compared	-0.57	1.58
again	-0.57	2.87
shape	-0.57	1.30
replying	-0.57	2.06
hope	-0.57	2.83
threats	-0.57	1.04
aids	-0.57	1.00
independent	-0.57	0.98
live	-0.57	1.24
doors	-0.57	1.07
does	-0.57	2.87
chubby	-0.57	1.51
saving	-0.56	1.14
brony	-0.56	0.95
pony	-0.56	0.89
kids	-0.56	1.29
nig	-0.56	1.18
immediately	-0.56	1.43
her	-0.56	1.42
shooting	-0.56	1.12
hands	-0.56	1.40
myself	-0.56	1.66
stay	-0.56	1.26
dating	-0.56	1.30
suppose	-0.56	1.88
started	-0.56	1.53
kill	-0.56	1.66
greatest	-0.56	3.86
poland	-0.56	0.86
developed	-0.55	1.10
dumbest	-0.55	3.96
flim	-0.55	1.19
yay	-0.55	1.06
piece	-0.55	1.43
amounts	-0.55	1.18
0/10	-0.55	2.59
decides	-0.55	1.12
guilt	-0.55	1.36
moved	-0.55	1.36
anybody	-0.55	1.59
legally	-0.55	1.16
sort	-0.55	1.63
did	-0.55	3.02
criminal	-0.55	0.97
if	-0.55	3.10
will	-0.55	2.71
nowhere	-0.54	0.95
why	-0.54	3.07
selection	-0.54	0.96
ultimately	-0.54	1.12
closet	-0.54	1.11
includes	-0.54	0.88
tough	-0.54	1.55
innocent	-0.54	1.02
dressed	-0.54	0.99
incident	-0.54	1.31
greater	-0.54	1.24
opposed	-0.54	1.08
political	-0.54	0.89
prevent	-0.54	1.20
deaf	-0.53	1.21
income	-0.53	1.31
thought	-0.53	2.91
eventually	-0.53	1.28
bound	-0.53	1.34
whatever	-0.53	2.37
combined	-0.53	1.10
insults	-0.53	1.23
further	-0.53	1.41
beer	-0.53	1.04
pound	-0.53	1.12
thus	-0.53	1.10
forgetting	-0.53	1.76
latter	-0.53	1.31
slight	-0.53	1.81
north	-0.52	1.06
filthy	-0.52	1.22
politics	-0.52	1.09
healthy	-0.52	1.25
far	-0.52	2.24
garbage	-0.52	1.57
communities	-0.52	1.11
guessing	-0.52	1.67
strangers	-0.52	1.39
minus	-0.52	1.44
70	-0.52	1.02
define	-0.52	1.57
dads	-0.52	1.18
manage	-0.51	2.17
consequences	-0.51	0.92
animal	-0.51	1.09
bored	-0.51	1.53
jail	-0.51	1.08
tards	-0.51	1.18
harder	-0.51	1.73
dreams	-0.51	1.23
represent	-0.51	1.07
would	-0.51	2.88
sense	-0.51	2.22
harm	-0.51	1.33
river	-0.51	1.28
brains	-0.51	0.99
poop	-0.51	1.17
features	-0.51	1.10
civil	-0.51	0.99
lied	-0.51	1.85
wanted	-0.51	2.47
beyond	-0.51	1.02
throwing	-0.51	1.19
cia	-0.50	1.15
edit	-0.50	3.21
types	-0.50	1.37
existing	-0.50	0.97
largely	-0.50	0.94
reduce	-0.50	1.30
standards	-0.50	1.12
ahead	-0.50	1.59
sorta	-0.50	1.31
bitch	-0.50	1.85
areas	-0.50	1.18
larger	-0.50	1.48
b/tards	-0.50	1.34
propaganda	-0.50	1.04
holds	-0.50	1.08
an	-0.50	1.27
ideal	-0.50	0.92
anita	-0.50	1.14
bag	-0.50	1.10
intelligence	-0.50	1.07
enough	-0.50	2.70
him	-0.49	1.81
doesnt	-0.49	1.52
gang	-0.49	0.97
bears	-0.49	1.03
neighbor	-0.49	1.47
cultures	-0.49	1.16
area	-0.49	1.12
stomach	-0.49	1.08
tumblr	-0.49	1.27
list	-0.49	1.36
body	-0.49	1.22
creates	-0.49	1.08
difference	-0.49	1.96
orgasm	-0.49	1.31
near	-0.49	1.11
guess	-0.49	3.33
flesh	-0.49	1.06
color	-0.49	1.09
america	-0.49	1.09
decide	-0.48	1.55
cum	-0.48	1.30
alpha	-0.48	1.68
css	-0.48	1.36
scientists	-0.48	1.13
gore	-0.48	1.25
ended	-0.48	1.08
somebody	-0.48	1.61
wipes	-0.48	1.63
willing	-0.48	2.17
its	-0.48	2.80
skinny	-0.48	1.38
fathers	-0.48	1.05
mine	-0.48	1.29
hurts	-0.48	1.35
rights	-0.48	1.16
dozen	-0.48	1.57
lesser	-0.47	1.11
refuse	-0.47	1.53
netherlands	-0.47	0.97
burns	-0.47	1.12
drug	-0.47	1.13
biggest	-0.47	3.95
invaded	-0.47	1.26
worship	-0.47	1.07
ass	-0.47	1.55
forgive	-0.47	1.42
touching	-0.47	1.12
start	-0.47	1.38
western	-0.47	1.47
takes	-0.47	1.42
intent	-0.47	1.01
goddamnit	-0.46	1.47
degenerate	-0.46	1.16
necessary	-0.46	1.13
stores	-0.46	1.12
anxiety	-0.46	1.37
wo	-0.46	2.64
perspective	-0.46	1.23
experiment	-0.46	1.25
gap	-0.46	1.23
teenager	-0.46	1.10
yourself	-0.46	1.84
socks	-0.46	1.12
pushing	-0.46	1.30
bare	-0.46	1.39
purchase	-0.46	0.97
uk	-0.46	1.07
warrior	-0.46	1.03
identical	-0.46	1.11
dirt	-0.45	1.22
enemy	-0.45	1.02
considered	-0.45	1.37
depressing	-0.45	2.98
trash	-0.45	1.25
ca	-0.45	2.67
civilians	-0.45	1.00
probably	-0.45	3.03
yellow	-0.45	1.07
theyre	-0.45	1.34
surrender	-0.45	1.04
wasting	-0.45	1.33
leader	-0.45	1.00
theory	-0.45	1.29
score	-0.45	1.12
dump	-0.44	0.96
peoples	-0.44	1.06
sign	-0.44	1.31
capitalism	-0.44	0.90
rome	-0.44	1.00
butthurt	-0.44	1.44
browse	-0.44	1.44
cheating	-0.44	1.38
wash	-0.44	1.12
needs	-0.44	1.39
stupidity	-0.44	1.15
no	-0.44	3.02
pregnant	-0.44	1.15
expect	-0.44	2.58
but	-0.44	3.14
juice	-0.44	1.09
anons	-0.44	1.24
nature	-0.44	0.96
similar	-0.44	1.55
stop	-0.43	1.36
criminals	-0.43	1.07
liberal	-0.43	1.05
upper	-0.43	0.94
involve	-0.43	1.22
oil	-0.43	0.84
divorce	-0.43	0.99
practical	-0.43	1.12
condom	-0.43	1.21
vietnamese	-0.43	1.03
sleeping	-0.43	1.39
survival	-0.43	0.99
easiest	-0.43	3.65
zim	-0.43	1.20
pain	-0.43	1.29
doctors	-0.43	1.05
historical	-0.43	1.20
obesity	-0.42	1.12
sword	-0.42	1.13
realizing	-0.42	1.17
failed	-0.42	1.26
bend	-0.42	1.14
mexico	-0.42	1.05
really	-0.42	3.07
planet	-0.42	2.46
bet	-0.42	2.12
attention	-0.42	1.30
suggest	-0.42	1.19
danger	-0.42	1.40
gon	-0.42	2.86
nose	-0.42	1.27
express	-0.42	1.13
beard	-0.42	1.42
options	-0.42	1.23
diseases	-0.42	1.02
split	-0.42	1.11
prepared	-0.42	1.22
fingers	-0.42	1.22
sexism	-0.41	1.45
visual	-0.41	1.17
fool	-0.41	1.26
browsing	-0.41	1.47
health	-0.41	1.57
farts	-0.41	1.10
helping	-0.41	1.21
pepper	-0.41	1.00
invade	-0.41	1.04
leading	-0.41	1.07
soviet	-0.41	0.88
meaningless	-0.41	1.19
privileges	-0.41	1.03
zam	-0.41	1.21
region	-0.41	1.35
back	-0.41	1.82
structure	-0.41	1.25
meaningful	-0.41	1.55
norway	-0.41	1.13
clue	-0.40	2.40
names	-0.40	1.15
rule	-0.40	1.20
pissing	-0.40	1.22
hell	-0.40	3.02
called	-0.40	1.80
sympathy	-0.40	0.87
bullet	-0.40	1.10
adobe	-0.40	1.10
carry	-0.40	1.13
nigger	-0.40	1.56
mental	-0.40	1.34
powerful	-0.40	1.56
russia	-0.40	0.97
northern	-0.40	1.05
tripping	-0.40	1.28
instead	-0.40	1.20
impressed	-0.40	3.22
ii	-0.40	0.89
contract	-0.39	1.13
dedicated	-0.39	1.41
gamers	-0.39	0.90
build	-0.39	1.03
civilized	-0.39	1.52
bring	-0.39	1.62
changed	-0.39	1.69
moron	-0.39	1.58
frequently	-0.39	1.19
found	-0.39	2.47
beaten	-0.39	1.44
also	-0.39	3.07
complains	-0.39	1.45
smoking	-0.38	1.36
anyway	-0.38	2.87
control	-0.38	1.15
us	-0.38	1.57
grasp	-0.38	1.44
effort	-0.38	1.19
plus	-0.38	1.53
solely	-0.38	1.00
canada	-0.38	1.08
create	-0.38	1.05
loss	-0.38	1.30
stress	-0.38	1.03
anti	-0.38	0.90
marijuana	-0.38	1.27
beliefs	-0.38	0.88
quit	-0.38	1.23
reader	-0.38	1.06
noob	-0.38	1.01
imagining	-0.38	1.62
genetics	-0.38	1.06
pays	-0.38	1.17
angle	-0.38	1.46
include	-0.37	1.09
comfortable	-0.37	1.37
went	-0.37	1.88
levels	-0.37	1.10
kike	-0.37	1.33
france	-0.37	0.98
piss	-0.37	1.03
thrown	-0.37	1.29
welfare	-0.37	1.11
begin	-0.37	1.25
smaller	-0.37	1.26
teens	-0.37	1.15
court	-0.37	1.14
inferior	-0.37	1.15
foot	-0.37	1.29
case	-0.37	2.98
dont	-0.37	2.75
hunt	-0.37	1.16
afford	-0.37	1.54
was	-0.37	2.75
tattoo	-0.37	1.28
shopped	-0.37	1.47
turn	-0.37	1.50
young	-0.37	1.18
own	-0.37	1.26
rapes	-0.37	0.98
burned	-0.37	1.14
war	-0.37	0.95
rings	-0.37	1.12
forms	-0.36	1.04
city	-0.36	1.07
associated	-0.36	1.10
beat	-0.36	1.38
decided	-0.36	2.33
charges	-0.36	1.04
their	-0.36	1.27
dragon	-0.36	0.87
said	-0.36	2.93
scientific	-0.36	1.34
dodge	-0.36	1.30
draft	-0.36	1.06
doritos	-0.36	1.07
amount	-0.36	1.24
whore	-0.36	1.31
children	-0.36	1.08
ironically	-0.36	1.20
actions	-0.36	1.04
fight	-0.36	1.14
confused	-0.36	3.24
pussy	-0.36	1.46
feminine	-0.36	1.27
wind	-0.36	1.09
between	-0.35	1.34
industry	-0.35	0.92
troops	-0.35	0.93
quite	-0.35	2.11
penises	-0.35	1.15
conditions	-0.35	1.13
cities	-0.35	1.29
cute	-0.35	3.38
sweat	-0.35	1.31
every	-0.35	2.44
storm	-0.35	1.67
reasons	-0.35	1.52
spends	-0.35	1.24
specific	-0.35	1.42
italy	-0.35	1.00
constantly	-0.35	1.07
only	-0.35	3.07
experienced	-0.35	1.92
goy	-0.35	1.50
leaves	-0.35	1.04
fist	-0.35	1.21
pot	-0.34	1.25
traps	-0.34	1.09
cases	-0.34	1.29
balls	-0.34	1.50
foreign	-0.34	1.07
china	-0.34	1.03
mlp	-0.34	1.11
whales	-0.34	1.07
homosexual	-0.34	1.17
belief	-0.34	1.10
supposedly	-0.34	1.10
drunk	-0.34	1.34
kept	-0.34	1.25
implying	-0.34	2.64
panties	-0.34	1.13
ashamed	-0.34	3.08
soon	-0.34	1.75
retard	-0.34	2.00
central	-0.34	1.06
grown	-0.34	1.06
daddy	-0.34	1.09
normal	-0.34	1.56
prior	-0.34	1.13
drugs	-0.34	1.15
route	-0.34	1.13
minor	-0.34	1.25
mothers	-0.33	1.23
came	-0.33	2.27
cop	-0.33	1.04
female	-0.33	0.97
concern	-0.33	1.31
members	-0.33	1.03
keys	-0.33	1.27
shed	-0.33	1.42
treat	-0.33	0.92
0	-0.33	1.49
arguing	-0.33	2.03
invasion	-0.33	0.87
cracked	-0.33	1.17
balance	-0.33	1.02
hide	-0.33	1.04
fairly	-0.33	1.28
complete	-0.33	1.38
hang	-0.33	1.53
worse	-0.33	1.99
have	-0.32	3.26
trolling	-0.32	1.69
detroit	-0.32	1.10
highest	-0.32	1.72
floor	-0.32	1.08
directly	-0.32	1.25
spreading	-0.32	1.17
judge	-0.32	1.22
material	-0.32	1.26
depends	-0.32	1.51
better	-0.32	1.92
west	-0.32	1.04
european	-0.32	1.15
cunt	-0.32	1.81
hold	-0.31	1.47
calories	-0.31	1.30
red	-0.31	1.06
legs	-0.31	1.21
gone	-0.31	2.67
medium	-0.31	1.04
hanging	-0.31	1.12
total	-0.31	1.26
australia	-0.31	1.08
flam	-0.31	1.31
sit	-0.31	1.22
individual	-0.31	1.27
funniest	-0.31	3.90
confidence	-0.31	1.05
cheaper	-0.31	1.32
backwards	-0.31	1.22
soda	-0.31	1.04
break	-0.31	1.48
spain	-0.31	1.04
earn	-0.31	1.28
little	-0.31	1.78
height	-0.31	1.07
stare	-0.31	1.30
breathe	-0.31	1.26
workers	-0.31	1.25
asks	-0.30	1.43
herself	-0.30	1.21
clothes	-0.30	1.03
grab	-0.30	1.29
filled	-0.30	1.25
amusing	-0.30	1.80
via	-0.30	0.84
lbs	-0.30	1.10
evolution	-0.30	1.09
australian	-0.30	1.28
reason	-0.30	3.19
designed	-0.30	1.45
sisters	-0.30	1.18
group	-0.30	1.48
medicine	-0.30	1.06
journalists	-0.30	1.20
fallen	-0.30	1.03
load	-0.30	1.15
bedroom	-0.30	1.17
rub	-0.30	1.27
fall	-0.30	1.21
sack	-0.30	1.27
essentially	-0.30	0.98
expert	-0.30	1.53
zoe	-0.30	1.11
hill	-0.30	0.93
remind	-0.30	1.40
treatment	-0.29	1.04
wealth	-0.29	1.10
knew	-0.29	1.82
11	-0.29	1.36
traditional	-0.29	1.21
clearly	-0.29	2.69
able	-0.29	2.33
defeat	-0.29	1.43
unlikely	-0.29	1.67
lowest	-0.29	3.57
jam	-0.29	1.02
hearing	-0.29	1.34
streets	-0.29	1.05
faster	-0.29	1.46
loads	-0.28	1.07
clock	-0.28	1.28
vanilla	-0.28	1.23
digital	-0.28	0.99
police	-0.28	1.04
genes	-0.28	1.16
expression	-0.28	1.16
from	-0.28	2.10
seriously	-0.28	2.91
torture	-0.28	1.14
porn	-0.28	1.04
salty	-0.28	1.09
holding	-0.28	1.27
absolute	-0.28	3.42
shes	-0.28	1.51
dense	-0.28	1.69
damage	-0.28	1.20
equipment	-0.28	1.01
officer	-0.28	1.04
towel	-0.28	1.14
mentioning	-0.28	1.11
dudes	-0.28	1.20
dropped	-0.28	1.32
accident	-0.28	1.31
challenged	-0.28	1.37
dangerous	-0.28	1.32
abortion	-0.28	1.14
ukraine	-0.27	0.95
shittiest	-0.27	3.87
around	-0.27	1.48
mcdonald	-0.27	1.27
sink	-0.27	1.15
tail	-0.27	1.08
charged	-0.27	1.11
asleep	-0.27	1.15
retardation	-0.27	1.41
down	-0.27	1.46
japan	-0.27	1.00
sent	-0.26	1.10
crush	-0.26	1.24
largest	-0.26	3.89
spit	-0.26	1.06
politicians	-0.26	1.04
trapped	-0.26	1.15
basis	-0.26	1.18
until	-0.26	1.81
didnt	-0.26	2.42
na	-0.26	2.72
turned	-0.26	1.67
trolls	-0.26	1.31
bills	-0.26	1.18
u.s	-0.26	1.12
nor	-0.26	1.29
nations	-0.26	1.20
knowledge	-0.26	1.19
created	-0.26	1.13
dust	-0.26	1.16
brought	-0.26	1.40
turd	-0.26	1.26
scream	-0.26	1.20
whoever	-0.26	1.32
quickly	-0.26	1.42
threatened	-0.26	1.16
civilization	-0.26	1.04
soldiers	-0.26	0.93
countries	-0.25	1.84
mouse	-0.25	1.15
increase	-0.25	1.07
gayest	-0.25	4.13
relatively	-0.25	1.32
done	-0.25	3.34
southern	-0.25	1.03
birds	-0.25	1.15
friends	-0.25	1.64
government	-0.25	1.12
fantasies	-0.25	1.23
cheap	-0.25	1.34
bias	-0.25	0.91
creating	-0.25	1.12
let	-0.25	2.46
ignorance	-0.25	1.04
house	-0.25	1.17
privilege	-0.25	1.10
objects	-0.25	1.07
together	-0.24	1.49
figured	-0.24	2.05
coincidence	-0.24	1.79
expectations	-0.24	1.18
figures	-0.24	1.22
spend	-0.24	1.33
urban	-0.24	1.13
iraq	-0.24	0.95
agenda	-0.24	0.97
apartment	-0.24	1.09
underwear	-0.24	1.03
quinn	-0.24	1.09
silly	-0.24	1.18
moves	-0.24	1.03
er	-0.24	1.22
where	-0.24	2.90
core	-0.24	1.14
ideas	-0.23	0.92
idea	-0.23	3.12
change	-0.23	1.93
oldest	-0.23	3.90
dies	-0.23	1.12
90	-0.23	1.20
missing	-0.23	2.64
remotely	-0.23	1.71
reasoning	-0.23	1.32
weigh	-0.23	1.26
nukes	-0.23	1.08
uses	-0.23	1.34
natural	-0.23	1.00
troll	-0.23	1.40
key	-0.23	1.29
percent	-0.23	1.28
lost	-0.23	1.33
block	-0.23	1.20
throughout	-0.23	1.06
absurd	-0.23	1.66
pants	-0.23	1.09
depressed	-0.23	3.32
gun	-0.22	1.03
fought	-0.22	0.92
turns	-0.22	1.26
die	-0.22	1.55
business	-0.22	1.08
hurt	-0.22	1.31
laws	-0.22	1.09
implied	-0.22	1.75
easily	-0.22	1.77
items	-0.22	1.13
cruel	-0.22	1.07
weights	-0.22	1.11
poison	-0.22	1.24
breaking	-0.22	1.21
bang	-0.22	1.23
testing	-0.22	1.33
heroin	-0.22	0.97
korea	-0.22	1.09
first	-0.22	3.85
ever	-0.21	4.19
drink	-0.21	1.03
decades	-0.21	1.28
bull	-0.21	1.15
determine	-0.21	1.51
fly	-0.21	1.32
dying	-0.21	1.30
without	-0.21	1.39
farther	-0.21	1.23
hung	-0.21	1.30
celebrity	-0.21	1.33
entirely	-0.21	1.27
vietnam	-0.21	1.01
room	-0.21	1.20
weed	-0.21	1.14
acknowledge	-0.21	1.43
rid	-0.21	1.02
shotgun	-0.21	1.20
afraid	-0.21	1.99
fails	-0.21	1.20
flip	-0.21	1.15
survive	-0.21	1.17
communism	-0.21	1.25
purely	-0.21	1.27
downs	-0.21	1.35
three	-0.21	1.97
autism	-0.21	1.27
pleasure	-0.20	1.21
coast	-0.20	1.06
penis	-0.20	1.25
connect	-0.20	1.26
respond	-0.20	1.50
free	-0.20	1.36
commie	-0.20	1.30
develop	-0.20	1.07
law	-0.20	1.06
into	-0.20	1.25
canadians	-0.20	0.85
effect	-0.20	1.36
afterwards	-0.20	1.23
steel	-0.20	1.02
test	-0.20	1.08
testosterone	-0.20	1.06
yet	-0.20	3.29
experience	-0.20	1.70
claims	-0.20	1.36
shoulder	-0.20	1.17
decisions	-0.20	1.06
iron	-0.20	1.08
explode	-0.20	1.14
privacy	-0.20	1.45
conspiracy	-0.20	1.33
feed	-0.19	1.07
appear	-0.19	1.22
worth	-0.19	1.26
losing	-0.19	1.17
victory	-0.19	1.01
jackson	-0.19	0.94
shot	-0.19	1.01
blue	-0.19	1.13
toaster	-0.19	1.25
way	-0.19	2.94
share	-0.19	1.35
sensitive	-0.19	1.35
sane	-0.19	1.18
disease	-0.19	1.11
protect	-0.19	1.11
identity	-0.19	1.04
condition	-0.19	1.35
utter	-0.19	1.30
missed	-0.19	1.96
ran	-0.19	1.23
realized	-0.19	1.40
stupidest	-0.19	4.02
stand	-0.19	1.29
blog	-0.19	1.12
according	-0.19	1.18
charge	-0.19	1.07
power	-0.18	1.05
swim	-0.18	1.13
reached	-0.18	1.42
brutal	-0.18	0.97
biased	-0.18	1.23
girl	-0.18	1.69
pornography	-0.18	1.10
mass	-0.18	1.00
tiny	-0.18	1.27
push	-0.18	1.28
picked	-0.18	1.81
britain	-0.18	1.04
contact	-0.18	1.39
home	-0.17	1.32
careful	-0.17	1.28
assumption	-0.17	2.36
seen	-0.17	4.12
dollars	-0.17	1.24
proof	-0.17	1.71
maintain	-0.17	1.09
level	-0.17	1.19
expensive	-0.17	1.23
trial	-0.17	1.06
experiences	-0.17	1.14
stream	-0.17	1.02
staying	-0.17	1.20
korean	-0.17	1.37
supply	-0.17	1.08
stone	-0.17	1.13
clapping	-0.17	1.19
adults	-0.17	1.05
effective	-0.17	1.54
trouble	-0.17	1.42
husband	-0.17	1.23
douche	-0.17	1.34
selling	-0.17	1.30
virus	-0.17	1.09
corpse	-0.17	1.15
cuts	-0.17	1.12
away	-0.16	1.45
wilson	-0.16	1.00
nuclear	-0.16	1.02
few	-0.16	1.68
rules	-0.16	1.39
permanent	-0.16	1.10
transgender	-0.16	1.15
pedophile	-0.16	1.21
socialist	-0.16	1.03
allies	-0.16	0.96
possession	-0.16	1.14
must	-0.16	2.77
factory	-0.16	1.20
potential	-0.16	1.11
money	-0.16	1.34
luckily	-0.16	1.12
confident	-0.16	1.13
lips	-0.16	1.31
laid	-0.16	1.44
chat	-0.16	1.14
brick	-0.16	1.17
debate	-0.16	1.30
pitiful	-0.16	1.42
satire	-0.16	1.44
greece	-0.16	0.97
watches	-0.16	1.02
length	-0.16	1.06
won	-0.16	1.08
guards	-0.16	0.98
bed	-0.16	1.19
add	-0.16	1.27
factors	-0.16	1.12
market	-0.15	0.98
smoke	-0.15	1.30
tastes	-0.15	1.13
four	-0.15	1.97
glass	-0.15	1.02
toilet	-0.15	1.09
fuck	-0.15	2.40
disorder	-0.15	1.33
tldr	-0.15	1.32
meth	-0.15	1.15
semen	-0.15	1.06
psycho	-0.15	1.12
aspect	-0.15	1.06
planes	-0.15	1.08
regularly	-0.15	1.05
tall	-0.15	1.23
shirts	-0.15	1.05
exposed	-0.15	1.15
anus	-0.15	1.24
high	-0.15	1.37
bullets	-0.15	1.10
well	-0.15	3.28
involves	-0.15	1.00
b/tard	-0.15	1.12
pipe	-0.15	1.08
draw	-0.15	1.10
traced	-0.15	1.65
adding	-0.15	1.29
wife	-0.15	1.25
woke	-0.15	1.35
passing	-0.15	1.19
irl	-0.15	1.42
brown	-0.15	0.86
during	-0.14	1.02
depression	-0.14	1.17
bomb	-0.14	1.07
hooker	-0.14	1.26
hardcore	-0.14	1.03
salt	-0.14	1.11
tie	-0.14	1.01
pissed	-0.14	1.90
worried	-0.14	2.45
stats	-0.14	1.17
knees	-0.14	1.11
healthcare	-0.14	1.18
breaks	-0.14	1.16
stopping	-0.14	1.77
shove	-0.14	1.33
owning	-0.14	1.14
buy	-0.14	1.08
sitting	-0.14	1.17
tax	-0.14	1.17
closer	-0.14	1.27
wish	-0.14	2.63
american	-0.14	1.05
rolling	-0.14	1.49
cure	-0.14	1.15
suit	-0.14	1.00
pills	-0.14	1.11
bright	-0.14	1.12
companies	-0.14	0.97
texas	-0.14	1.11
revolution	-0.14	0.95
vs	-0.13	1.06
accepting	-0.13	0.95
already	-0.13	3.07
loaded	-0.13	1.06
taxes	-0.13	1.10
ridiculous	-0.13	1.82
dress	-0.13	1.02
valuable	-0.13	1.02
emotions	-0.13	1.39
running	-0.13	1.17
everyday	-0.13	1.25
dark	-0.13	1.07
conflict	-0.13	1.00
italian	-0.13	1.33
matters	-0.13	2.04
per	-0.13	1.31
decision	-0.13	1.26
cruise	-0.13	1.19
taking	-0.13	1.91
bell	-0.13	1.12
fill	-0.13	1.01
democracy	-0.13	1.15
e.g	-0.13	1.20
unlike	-0.13	1.00
charging	-0.12	1.25
breath	-0.12	1.04
david	-0.12	1.13
blood	-0.12	1.07
sell	-0.12	1.07
obama	-0.12	1.00
naked	-0.12	1.24
drop	-0.12	1.12
related	-0.12	1.64
fair	-0.12	3.08
scotland	-0.12	0.91
examples	-0.12	1.44
60	-0.12	1.24
coke	-0.12	0.95
appreciate	-0.12	1.47
mother	-0.12	1.27
focus	-0.12	1.06
began	-0.12	0.87
guns	-0.12	1.05
child	-0.12	1.18
repeat	-0.12	1.21
section	-0.12	1.42
boxxy	-0.12	1.16
produce	-0.12	1.09
field	-0.12	0.91
spending	-0.12	1.27
intellectual	-0.12	0.88
outside	-0.11	1.32
responsibility	-0.11	0.95
follow	-0.11	1.31
deserves	-0.11	0.77
rapist	-0.11	1.07
gamergate	-0.11	1.14
moms	-0.11	1.27
lose	-0.11	1.20
paper	-0.11	1.07
accepted	-0.11	1.59
rent	-0.11	1.20
hunting	-0.11	1.04
hackers	-0.11	1.08
limited	-0.11	1.16
destiny	-0.11	1.06
libertarian	-0.11	0.91
nipples	-0.11	1.39
titties	-0.11	1.16
tools	-0.11	1.15
food	-0.11	1.16
assumed	-0.10	1.86
arbitrary	-0.10	1.36
effects	-0.10	1.26
universe	-0.10	1.17
clicked	-0.10	1.86
walk	-0.10	1.27
review	-0.10	1.16
armor	-0.10	1.04
fictional	-0.10	1.16
standing	-0.10	1.72
blowjob	-0.10	1.17
bleeding	-0.10	1.16
ear	-0.10	1.12
lies	-0.10	1.43
attack	-0.10	1.03
shits	-0.10	0.97
prime	-0.10	1.26
demographic	-0.10	1.05
building	-0.10	1.10
diet	-0.10	1.12
birth	-0.10	1.13
triggers	-0.10	1.10
photoshop	-0.10	1.31
technology	-0.10	0.98
performance	-0.10	1.07
nuts	-0.10	1.23
spectrum	-0.10	1.34
crowd	-0.10	1.08
rocket	-0.10	1.70
meanwhile	-0.10	1.01
influence	-0.09	1.03
bottle	-0.09	1.05
shower	-0.09	1.09
insane	-0.09	2.86
avoid	-0.09	1.05
through	-0.09	1.28
wearing	-0.09	1.01
mission	-0.09	1.05
sending	-0.09	1.33
media	-0.09	0.97
despite	-0.09	0.94
til	-0.09	1.31
minds	-0.09	1.16
sounding	-0.09	1.17
claimed	-0.09	2.40
provide	-0.09	1.31
reach	-0.09	1.19
discuss	-0.09	1.10
shadow	-0.08	1.12
served	-0.08	1.05
plane	-0.08	1.14
though	-0.08	3.15
freedom	-0.08	1.09
land	-0.08	1.16
clean	-0.08	1.15
target	-0.08	1.07
raised	-0.08	1.12
signed	-0.08	1.25
corporate	-0.08	1.03
pulls	-0.08	1.16
buddies	-0.08	1.03
win	-0.08	1.07
fb	-0.08	1.54
himself	-0.08	1.45
wouldnt	-0.08	1.28
connected	-0.08	1.18
mind	-0.08	2.06
bridge	-0.08	1.07
forcing	-0.08	1.41
slide	-0.08	1.26
gigantic	-0.08	1.53
picking	-0.08	1.06
couple	-0.08	1.65
florida	-0.08	1.14
one	-0.08	3.00
destruction	-0.08	1.92
price	-0.08	1.31
topic	-0.08	1.22
pee	-0.08	1.03
stick	-0.08	1.12
tight	-0.07	1.07
locked	-0.07	1.17
bathroom	-0.07	1.16
couch	-0.07	1.11
working	-0.07	1.82
gender	-0.07	1.16
republic	-0.07	1.02
logic	-0.07	1.55
sex	-0.07	1.16
important	-0.07	1.69
celebrities	-0.07	1.19
shut	-0.07	1.62
45	-0.07	1.18
function	-0.07	1.15
thousand	-0.07	1.46
self	-0.07	1.04
got	-0.07	2.46
education	-0.07	1.06
beauty	-0.07	1.02
ferguson	-0.07	1.23
stem	-0.07	1.05
orange	-0.07	1.11
leg	-0.07	1.20
passed	-0.07	1.15
randomly	-0.07	1.25
lady	-0.07	1.41
yourselves	-0.07	1.52
before	-0.07	3.32
keyboard	-0.07	1.38
armed	-0.07	1.37
bastard	-0.07	1.24
critical	-0.07	1.05
anime	-0.07	0.90
next	-0.07	1.92
googled	-0.07	1.67
ship	-0.07	0.91
anal	-0.07	1.11
flow	-0.07	1.25
simple	-0.06	1.35
showed	-0.06	1.09
dominance	-0.06	1.11
applies	-0.06	1.49
international	-0.06	1.08
gain	-0.06	1.09
our	-0.06	1.58
threw	-0.06	1.17
disappointed	-0.06	1.97
twat	-0.06	1.70
lack	-0.06	0.74
light	-0.06	1.17
50	-0.06	1.21
giant	-0.06	1.42
depending	-0.06	1.21
attacks	-0.06	1.07
cents	-0.06	1.19
insurance	-0.06	1.19
illness	-0.06	1.47
wrote	-0.06	1.15
posting	-0.06	1.61
fund	-0.06	1.07
had	-0.06	3.27
shoes	-0.06	1.02
superiority	-0.06	1.03
zone	-0.06	1.31
prices	-0.05	1.08
chair	-0.05	1.22
very	-0.05	1.73
moral	-0.05	1.00
half	-0.05	1.91
productive	-0.05	1.63
normally	-0.05	1.12
finger	-0.05	1.13
gave	-0.05	1.31
pay	-0.05	1.31
houses	-0.05	1.04
dumbass	-0.05	1.63
british	-0.05	1.23
artistic	-0.05	1.54
sue	-0.05	1.23
bird	-0.05	1.81
hat	-0.05	1.14
mods	-0.05	1.15
gotten	-0.05	2.78
escape	-0.05	1.06
snow	-0.05	1.09
base	-0.05	1.16
youth	-0.05	1.35
moment	-0.05	3.33
replace	-0.05	1.05
whilst	-0.05	1.17
aid	-0.04	1.08
maximum	-0.04	1.60
camera	-0.04	1.16
pull	-0.04	1.33
work	-0.04	2.59
having	-0.04	1.86
alcohol	-0.04	1.07
services	-0.04	1.08
wolf	-0.04	1.23
dollar	-0.04	1.17
receive	-0.04	1.24
goddamn	-0.04	1.83
providing	-0.04	1.33
once	-0.04	3.07
pounds	-0.04	1.22
falls	-0.04	1.07
candy	-0.04	1.00
cocaine	-0.04	1.12
michael	-0.04	0.95
local	-0.04	1.15
fit/izen	-0.04	1.40
queer	-0.04	1.58
like	-0.04	2.82
wet	-0.04	1.04
federal	-0.04	1.10
rob	-0.04	1.10
buildings	-0.04	1.02
gloves	-0.04	1.09
teaching	-0.04	1.14
replied	-0.04	1.99
bottles	-0.04	0.98
exercise	-0.04	1.27
legal	-0.03	1.42
1000	-0.03	1.12
modern	-0.03	1.07
evidence	-0.03	1.85
react	-0.03	1.21
bucks	-0.03	1.27
brazil	-0.03	1.24
500	-0.03	1.34
funnier	-0.03	1.75
combination	-0.03	1.28
along	-0.03	1.43
literally	-0.03	2.25
insult	-0.03	1.45
told	-0.03	1.43
staring	-0.03	1.27
run	-0.03	1.27
saw	-0.03	2.63
shirt	-0.03	1.05
means	-0.03	3.34
military	-0.03	1.09
ducks	-0.03	1.09
path	-0.03	1.29
fitness	-0.03	1.14
citizen	-0.03	1.20
defend	-0.03	1.12
costs	-0.03	1.16
thumb	-0.03	1.24
contains	-0.03	1.21
wont	-0.02	1.82
hospital	-0.02	1.10
stood	-0.02	1.27
wear	-0.02	1.02
referencing	-0.02	1.82
toast	-0.02	1.08
opportunity	-0.02	1.14
dna	-0.02	1.02
triforce	-0.02	1.57
sea	-0.02	1.06
border	-0.02	1.13
keeping	-0.02	1.21
walmart	-0.02	1.14
lived	-0.02	1.60
ironic	-0.02	1.53
dream	-0.02	1.13
background	-0.02	1.11
below	-0.01	0.99
accounts	-0.01	1.23
40	-0.01	1.25
edge	-0.01	1.26
always	-0.01	3.22
limit	-0.01	1.36
place	-0.01	2.69
private	-0.01	1.06
occasionally	-0.01	1.43
y'all	-0.01	1.35
scientist	-0.01	1.49
drinking	-0.01	0.98
system	-0.01	1.08
seemed	-0.01	1.61
discussing	-0.01	1.43
diarrhea	-0.01	0.80
sister	-0.01	1.19
vote	-0.01	1.14
charity	-0.01	1.39
never	-0.01	3.42
after	-0.01	2.08
huge	-0.01	1.74
mein	-0.01	1.36
sales	-0.01	1.08
<SPECIAL>	-0.01	0.94
<URL>	-0.01	0.94
mess	-0.01	1.42
ammo	-0.01	1.07
rounds	-0.01	1.10
space	-0.01	1.18
lock	-0.01	1.21
lightsaber	-0.01	1.14
later	-0.01	1.59
economy	-0.00	1.10
retribution	-0.00	1.79
return	-0.00	1.00
covered	-0.00	1.17
bleach	-0.00	1.04
75	-0.00	1.10
taken	-0.00	2.58
defense	-0.00	1.08
behind	-0.00	1.23
talent	-0.00	1.03
took	-0.00	1.93
hundred	-0.00	1.49
seat	-0.00	1.15
newfags	0.00	1.74
energy	0.00	1.12
fire	0.00	1.16
detected	0.00	1.49
masturbate	0.00	0.96
cooking	0.00	1.17
35	0.00	1.72
co	0.00	1.14
ram	0.00	1.16
raise	0.00	1.48
water	0.00	1.01
whom	0.00	1.41
wore	0.00	1.02
jacking	0.01	0.93
ears	0.01	1.21
programs	0.01	1.04
walked	0.01	1.24
odds	0.01	1.47
paris	0.01	1.22
intelligent	0.01	1.10
consent	0.01	1.11
managed	0.01	1.60
grey	0.01	1.24
raging	0.01	1.53
threatening	0.01	1.08
timestamp	0.01	1.33
actively	0.01	1.26
checking	0.01	1.11
desire	0.01	1.25
ring	0.01	1.20
serve	0.01	1.09
mildly	0.01	1.64
pack	0.01	1.11
waifu	0.01	1.10
center	0.01	1.08
dose	0.01	1.02
30	0.02	1.34
wonder	0.02	2.58
state	0.02	1.14
sarcastic	0.02	2.27
result	0.02	1.03
25	0.02	1.18
universities	0.02	1.29
extent	0.02	1.57
youre	0.02	1.74
zero	0.02	1.22
incorrect	0.02	3.76
attempts	0.02	1.37
empty	0.02	1.05
facts	0.02	1.64
waited	0.02	1.65
starting	0.02	1.34
distance	0.02	1.18
95	0.02	1.13
barrel	0.02	1.13
late	0.02	1.61
shared	0.02	1.14
nutshell	0.02	1.26
pockets	0.02	1.11
santa	0.02	1.03
front	0.02	1.24
max	0.02	1.37
buying	0.02	1.05
fired	0.02	1.28
brit	0.02	1.08
opportunities	0.02	1.17
lives	0.02	1.15
strip	0.03	1.09
concept	0.03	0.99
warm	0.03	1.06
standard	0.03	1.31
hidden	0.03	1.02
sound	0.03	1.70
specifically	0.03	1.73
dropping	0.03	1.17
eaten	0.03	2.66
skills	0.03	1.38
compare	0.03	1.02
nude	0.03	1.18
fridge	0.03	1.14
cost	0.03	1.16
meet	0.03	2.16
entertaining	0.03	1.61
spread	0.03	1.08
view	0.03	1.19
drawn	0.03	1.06
advanced	0.03	1.02
actual	0.03	1.76
overly	0.04	1.44
paid	0.04	1.41
turtle	0.04	1.17
twenty	0.04	1.56
brb	0.04	1.27
bombs	0.04	1.08
putin	0.04	0.93
fish	0.04	1.03
safety	0.04	1.12
recall	0.04	1.43
brings	0.04	1.13
mouth	0.04	1.29
therefore	0.04	1.01
sky	0.04	1.13
behavior	0.04	0.96
surface	0.04	1.03
mid	0.04	1.26
products	0.04	1.06
mom	0.04	1.35
mike	0.04	1.00
public	0.04	1.09
gentleman	0.04	1.35
demand	0.04	1.15
tried	0.04	2.73
range	0.04	1.13
flag	0.05	0.91
faggy	0.05	0.93
lube	0.05	1.13
president	0.05	0.85
20	0.05	1.37
process	0.05	1.17
goddammit	0.05	1.29
degrees	0.05	1.13
incest	0.05	1.15
possibility	0.05	1.43
regular	0.05	0.91
desk	0.05	1.09
13	0.05	1.17
15	0.05	1.29
knight	0.05	1.16
feet	0.05	1.20
union	0.05	0.75
deeper	0.05	1.40
purple	0.05	1.09
achieve	0.05	1.10
assault	0.05	1.03
lying	0.05	2.01
massive	0.05	1.52
father	0.05	1.25
fox	0.05	0.98
panic	0.05	1.28
spent	0.06	1.62
mcdonalds	0.06	1.25
earth	0.06	2.37
tape	0.06	1.03
wondered	0.06	3.00
on	0.06	1.69
eu	0.06	1.14
powers	0.06	1.02
stars	0.06	1.09
unnecessary	0.06	1.26
logo	0.06	1.39
offensive	0.06	1.80
considering	0.06	1.41
jerking	0.06	1.16
row	0.06	1.13
clicking	0.06	1.50
forces	0.06	1.29
wall	0.06	1.16
wood	0.06	0.97
ocean	0.06	1.02
foreskin	0.06	1.12
unit	0.06	0.97
ban	0.06	1.22
south	0.06	1.21
emma	0.07	1.12
numbers	0.07	1.26
liquid	0.07	1.04
virginity	0.07	1.17
princess	0.07	1.07
breathing	0.07	0.94
400	0.07	1.32
added	0.07	1.33
whats	0.07	1.31
meeting	0.07	1.36
ruins	0.07	1.43
success	0.07	1.12
kind	0.07	2.19
discovered	0.07	1.95
particular	0.07	1.03
surprising	0.07	2.02
sp	0.07	1.45
childhood	0.07	1.12
five	0.07	1.55
clothing	0.07	1.08
track	0.07	1.30
servers	0.07	1.09
lsd	0.08	1.99
marketing	0.08	1.10
protection	0.08	1.11
um	0.08	1.85
rifle	0.08	1.04
station	0.08	1.04
planning	0.08	1.56
surgery	0.08	1.02
seem	0.08	2.28
successful	0.08	1.17
ability	0.08	1.06
differently	0.08	0.94
role	0.08	0.85
200	0.08	1.27
sleep	0.08	1.20
root	0.08	1.18
longer	0.08	1.61
asked	0.08	1.82
zimmerman	0.08	1.14
forth	0.08	1.30
mix	0.08	0.91
erection	0.08	1.13
employee	0.08	1.38
has	0.08	3.10
choose	0.08	1.15
pics	0.08	1.27
sits	0.08	1.17
wiki	0.08	1.32
commented	0.08	2.75
magical	0.08	1.19
store	0.08	1.13
ps	0.09	1.38
research	0.09	1.09
report	0.09	1.13
question	0.09	2.70
budget	0.09	1.06
guy	0.09	1.97
symbol	0.09	1.05
typically	0.09	0.89
responded	0.09	1.65
dad	0.09	1.34
product	0.09	1.02
personality	0.09	1.36
hardly	0.09	1.28
stayed	0.09	1.27
superior	0.09	1.38
years	0.09	1.46
spamming	0.09	1.45
intentionally	0.09	1.30
benefits	0.09	1.29
across	0.09	1.32
crap	0.09	1.32
4chin	0.09	1.47
trap	0.09	1.09
leaked	0.09	1.27
censorship	0.09	1.14
stolen	0.09	1.21
ten	0.09	1.52
corn	0.10	1.18
amazon	0.10	1.00
writer	0.10	1.26
parking	0.10	1.13
frame	0.10	1.10
comparable	0.10	1.40
simultaneously	0.10	1.22
skill	0.10	1.06
32	0.10	1.13
tor	0.10	1.40
requires	0.10	1.12
weight	0.10	1.17
within	0.10	1.66
falling	0.10	1.28
nudes	0.10	1.13
join	0.10	1.09
produced	0.10	1.18
coffee	0.10	0.96
since	0.10	2.97
ground	0.10	1.16
blank	0.10	1.29
backed	0.10	1.27
hard	0.10	2.66
spare	0.10	1.44
shift	0.10	1.15
situations	0.10	1.20
whose	0.10	1.11
plastic	0.11	1.01
impossible	0.11	1.50
bags	0.11	1.04
understanding	0.11	1.32
present	0.11	1.09
speech	0.11	1.17
temperature	0.11	1.61
terminal	0.11	1.09
active	0.11	1.19
relate	0.11	1.41
situation	0.11	1.71
noise	0.11	1.15
jumping	0.11	1.18
magazine	0.11	0.97
manlet	0.11	1.22
suggesting	0.11	2.37
customer	0.11	1.20
jump	0.11	1.17
users	0.11	1.26
month	0.11	1.67
arm	0.11	1.20
responding	0.11	1.63
shocked	0.11	1.78
talked	0.11	2.19
least	0.12	2.89
seven	0.12	1.52
box	0.12	1.10
sport	0.12	1.14
wise	0.12	1.21
beats	0.12	0.93
event	0.12	1.18
perhaps	0.12	1.27
road	0.12	1.10
casual	0.12	1.11
shit	0.12	2.30
subject	0.12	1.11
dick	0.12	1.34
former	0.12	1.59
cared	0.12	1.18
18	0.12	1.20
ball	0.12	1.00
interaction	0.12	1.12
reputation	0.12	1.00
insert	0.12	1.05
buys	0.12	0.91
argument	0.12	2.15
tied	0.12	1.15
dicks	0.12	1.34
fbi	0.12	1.18
butt	0.12	1.19
travel	0.13	1.18
faggot	0.13	1.98
putting	0.13	1.19
parts	0.13	1.46
girlfriend	0.13	1.22
pass	0.13	1.18
pulled	0.13	1.17
students	0.13	1.07
unable	0.13	1.28
awhile	0.13	2.16
finished	0.13	1.45
street	0.13	1.19
popular	0.13	1.47
subway	0.13	1.14
attempting	0.13	1.09
ready	0.13	1.17
describing	0.13	1.21
sudden	0.13	1.00
hacked	0.13	1.41
recently	0.13	2.50
ffs	0.13	1.49
hacking	0.13	1.12
arguments	0.14	1.71
gaming	0.14	0.97
default	0.14	1.24
progress	0.14	1.35
ad	0.14	1.24
biological	0.14	1.43
adult	0.14	0.93
management	0.14	0.96
triggering	0.14	1.11
counter	0.14	1.23
players	0.14	1.08
primary	0.14	1.52
instance	0.14	1.07
eating	0.14	1.06
facebook	0.14	1.30
capacity	0.14	1.09
usa	0.14	1.17
waiting	0.14	1.25
stories	0.14	1.95
require	0.14	1.04
towards	0.14	1.20
everytime	0.14	1.14
controller	0.14	1.10
past	0.14	1.58
shithole	0.15	1.38
teenage	0.15	0.98
hour	0.15	1.56
leaving	0.15	1.23
age	0.15	1.19
greentexts	0.15	1.83
button	0.15	1.28
muscle	0.15	1.17
tabs	0.15	1.14
condoms	0.15	1.03
journalism	0.15	1.06
schools	0.15	1.09
beast	0.15	1.18
collect	0.15	1.27
pushed	0.15	1.14
flying	0.15	1.09
thoughts	0.15	0.96
window	0.15	1.23
six	0.15	1.57
week	0.15	1.83
deserve	0.15	1.05
crash	0.15	1.07
upon	0.15	1.10
friendly	0.15	1.18
cutting	0.15	1.42
miles	0.15	1.30
drove	0.15	1.09
drinks	0.16	0.94
territory	0.16	1.12
winter	0.16	1.02
cold	0.16	1.01
reviews	0.16	1.06
glad	0.16	2.52
physical	0.16	1.05
hack	0.16	1.13
bodies	0.16	1.16
albert	0.16	1.36
rational	0.16	1.27
fights	0.16	1.05
busy	0.16	1.26
object	0.16	0.93
pool	0.16	0.96
pride	0.16	1.16
complex	0.16	1.17
ignore	0.16	1.45
wheel	0.16	1.24
twelve	0.16	1.36
washington	0.16	0.91
brother	0.16	1.29
spot	0.16	0.94
driving	0.16	1.13
cycle	0.16	1.28
value	0.16	1.13
prank	0.16	1.39
friend	0.17	1.39
m00t	0.17	1.13
comparing	0.17	0.95
broken	0.17	1.20
ruined	0.17	1.21
chances	0.17	1.41
downloading	0.17	1.11
vivian	0.17	1.16
hamburger	0.17	0.99
writing	0.17	1.16
pocket	0.17	1.14
world	0.17	2.81
country	0.17	1.97
contain	0.17	1.01
delivers	0.17	1.38
legitimate	0.17	1.50
time	0.17	2.48
useful	0.17	1.32
developers	0.17	1.13
16	0.17	1.20
visit	0.17	1.25
plain	0.17	1.08
mile	0.17	1.28
leak	0.17	1.15
medical	0.17	1.08
touched	0.17	1.80
efficient	0.17	1.31
heart	0.17	1.07
strike	0.17	1.13
competition	0.17	1.08
believable	0.17	1.94
practice	0.17	1.06
burgers	0.17	1.49
2008	0.17	1.33
pictures	0.18	1.33
customers	0.18	1.20
r9k	0.18	1.30
gifs	0.18	1.21
duck	0.18	1.51
side	0.18	1.32
broke	0.18	1.22
souls	0.18	1.01
gg	0.18	1.29
ol	0.18	1.19
aka	0.18	1.35
17	0.18	1.20
burger	0.18	1.06
seconds	0.18	1.58
ew	0.18	1.48
cash	0.18	1.13
delete	0.18	1.11
fa	0.18	1.27
uncle	0.18	0.99
volume	0.18	1.02
21	0.18	1.20
james	0.18	0.76
punishment	0.18	0.95
frank	0.18	1.17
23	0.18	1.25
sarcasm	0.18	1.65
cast	0.18	1.01
indie	0.18	1.14
blocked	0.18	1.24
burnt	0.18	1.12
photos	0.18	1.17
set	0.18	1.25
gamer	0.19	0.92
table	0.19	1.08
false	0.19	1.72
sells	0.19	1.07
inches	0.19	1.24
circumstances	0.19	1.30
forever	0.19	1.48
round	0.19	1.09
user	0.19	1.23
humour	0.19	1.48
pit	0.19	1.04
minutes	0.19	1.60
weather	0.19	1.07
parent	0.19	1.25
competitive	0.19	1.05
package	0.19	0.97
ago	0.19	1.58
steak	0.19	1.22
fellow	0.19	0.95
car	0.19	1.10
raid	0.19	1.38
bowl	0.19	1.11
milk	0.19	0.99
enter	0.19	1.37
campus	0.19	1.07
property	0.19	0.96
duh	0.20	1.08
planned	0.20	1.65
learned	0.20	1.71
ate	0.20	1.13
onto	0.20	1.38
parents	0.20	1.28
roommate	0.20	1.19
old	0.20	1.27
magically	0.20	1.35
linking	0.20	1.36
lesson	0.20	1.15
loli	0.20	1.12
read	0.20	2.95
relative	0.20	1.31
ultra	0.20	1.01
killer	0.20	1.12
models	0.20	1.11
impression	0.20	2.16
remains	0.20	1.24
accomplished	0.20	1.34
opened	0.20	1.30
bin	0.20	1.17
100	0.20	1.18
billion	0.20	1.22
drives	0.21	1.13
close	0.21	2.24
times	0.21	1.58
points	0.21	1.34
grills	0.21	1.28
wears	0.21	1.00
magic	0.21	1.00
cleaning	0.21	0.96
cameras	0.21	1.03
hilarious	0.21	3.02
un	0.21	1.33
obvious	0.21	1.54
minimum	0.21	1.36
stuck	0.21	1.36
challenge	0.21	1.13
system32	0.21	1.12
cells	0.21	1.18
twitter	0.21	1.24
recent	0.21	1.03
centuries	0.21	1.15
smoked	0.21	1.61
earlier	0.21	1.64
lately	0.21	1.87
league	0.21	1.09
closed	0.21	1.17
square	0.21	1.10
sets	0.21	1.28
walls	0.21	1.23
404	0.22	1.80
cereal	0.22	1.07
anyways	0.22	1.70
spaghetti	0.22	1.04
srs	0.22	1.24
responses	0.22	1.31
havent	0.22	2.36
keeps	0.22	1.17
fed	0.22	0.92
year	0.22	1.30
firing	0.22	1.10
spider	0.22	1.39
lifestyle	0.22	1.13
learning	0.22	1.41
rage	0.22	1.34
dog	0.22	1.28
banning	0.22	1.19
dated	0.22	1.44
anytime	0.22	1.72
number	0.22	1.31
bench	0.22	1.21
snake	0.22	1.11
inside	0.22	1.15
months	0.22	1.59
gift	0.22	0.94
sports	0.23	0.99
boyfriend	0.23	1.28
manner	0.23	1.36
company	0.23	1.18
kitchen	0.23	1.16
answers	0.23	1.30
brain	0.23	1.03
profit	0.23	1.09
fag	0.23	1.98
stealing	0.23	0.97
french	0.23	1.40
wasted	0.23	1.41
honor	0.23	1.30
jaw	0.23	1.27
donate	0.23	1.34
closely	0.23	1.16
roof	0.23	1.23
nation	0.24	1.50
supreme	0.24	1.16
strength	0.24	1.10
weapons	0.24	1.05
personal	0.24	1.06
protein	0.24	1.12
bs	0.24	1.55
ceo	0.24	1.20
daughter	0.24	1.22
unarmed	0.24	1.31
days	0.24	1.60
threat	0.24	1.20
promise	0.24	1.37
24	0.24	1.34
belong	0.24	1.48
send	0.24	1.34
hacker	0.24	0.98
eat	0.24	1.12
main	0.24	1.10
forced	0.24	1.10
location	0.24	1.04
rubber	0.24	1.11
pokemon	0.24	0.97
script	0.24	1.10
seems	0.24	2.32
universal	0.24	1.19
rocks	0.24	1.06
deleting	0.24	1.12
device	0.24	1.03
significantly	0.24	1.31
professor	0.24	1.06
san	0.24	1.08
swallow	0.25	1.40
forgotten	0.25	2.68
pillow	0.25	1.09
peasant	0.25	0.98
choices	0.25	1.10
fucking	0.25	2.03
lit	0.25	1.16
appearance	0.25	1.22
computers	0.25	1.14
weeks	0.25	1.70
weapon	0.25	1.03
sun	0.25	1.19
released	0.25	1.31
summer	0.25	1.55
pressure	0.25	0.91
faggotry	0.25	1.53
internet	0.25	1.59
sites	0.25	1.09
existed	0.25	2.08
fashion	0.25	1.06
dong	0.25	1.42
collective	0.25	1.38
yesterday	0.25	1.63
fappening	0.25	1.18
dare	0.25	1.33
grip	0.25	1.17
display	0.25	1.06
actually	0.25	2.87
ninja	0.25	1.24
rarely	0.25	0.87
string	0.26	1.27
19	0.26	1.23
articles	0.26	1.18
staff	0.26	0.96
murica	0.26	0.94
grades	0.26	1.11
sexuality	0.26	1.13
olds	0.26	1.26
photo	0.26	1.32
trolled	0.26	1.88
moot	0.26	1.02
redundant	0.26	1.42
ouch	0.26	1.50
rise	0.26	1.10
opinion	0.26	1.88
scroll	0.26	1.84
scenario	0.26	1.87
note	0.26	1.39
fell	0.27	1.26
owner	0.27	1.02
jlaw	0.27	1.12
regardless	0.27	1.24
drank	0.27	0.83
hours	0.27	1.53
la	0.27	1.17
10	0.27	1.36
breakfast	0.27	1.02
ups	0.27	1.07
tf2	0.27	1.00
resources	0.27	1.07
bat	0.27	0.94
leaking	0.27	1.23
circlejerk	0.27	1.39
inch	0.27	1.23
mail	0.27	1.04
switch	0.27	1.23
bar	0.27	1.22
headphones	0.27	1.21
apologize	0.27	1.36
accidentally	0.27	1.49
falsehood	0.27	1.61
34	0.27	1.12
cumming	0.27	1.20
moon	0.27	1.22
wide	0.27	1.42
fully	0.27	1.07
sale	0.27	1.01
reads	0.27	1.37
paying	0.28	1.35
although	0.28	1.74
empire	0.28	1.15
remain	0.28	1.11
forward	0.28	1.27
infinite	0.28	1.39
alot	0.28	1.33
fun	0.28	2.36
door	0.28	1.37
stops	0.28	1.13
pol	0.28	1.30
over	0.28	1.57
somewhere	0.28	1.19
net	0.28	1.14
communist	0.28	0.96
understood	0.28	1.23
proxy	0.28	1.26
cup	0.28	1.12
met	0.28	2.45
150	0.28	1.24
lay	0.28	1.34
above	0.28	1.28
upside	0.28	1.18
stairs	0.28	1.35
chance	0.29	1.86
graphics	0.29	1.16
clear	0.29	1.62
measure	0.29	1.06
bug	0.29	1.35
tip	0.29	1.44
vaginas	0.29	1.23
software	0.29	1.06
activity	0.29	1.01
precious	0.29	1.29
noticed	0.29	1.99
pointed	0.29	1.79
steps	0.29	1.26
vacation	0.29	1.32
settle	0.29	1.07
hit	0.29	1.31
port	0.29	1.22
hole	0.29	1.11
carried	0.29	1.03
jizz	0.29	1.10
eggs	0.29	1.04
basketball	0.29	1.10
merely	0.29	1.44
drawing	0.29	1.01
corner	0.29	1.35
open	0.30	1.38
3	0.30	1.51
5	0.30	1.54
2	0.30	1.54
turkey	0.30	1.06
i.e	0.30	1.12
entertainment	0.30	1.07
ip	0.30	1.31
strategy	0.30	1.05
infrastructure	0.30	1.06
growth	0.30	1.02
consoles	0.30	1.08
thick	0.30	1.16
wikipedia	0.30	1.41
protected	0.30	1.10
restaurant	0.30	1.16
acid	0.30	1.57
lunch	0.30	1.10
69	0.30	1.48
12	0.30	1.32
installed	0.30	1.12
gamestop	0.30	1.20
creation	0.30	1.26
illegal	0.30	1.36
mod	0.30	1.22
tags	0.30	1.21
security	0.30	1.05
assuming	0.30	4.14
difficult	0.31	1.50
artists	0.31	0.97
resolution	0.31	1.22
senior	0.31	1.18
adds	0.31	1.31
pink	0.31	1.29
write	0.31	1.41
desert	0.31	1.01
easy	0.31	2.15
pistol	0.31	1.04
hes	0.31	1.42
perfect	0.31	2.77
quick	0.31	1.28
microsoft	0.31	1.05
family	0.31	1.29
my	0.31	1.30
shock	0.31	1.07
hammer	0.31	1.13
jobs	0.31	1.27
hockey	0.31	1.04
install	0.31	1.10
soup	0.31	1.12
period	0.31	1.20
baseball	0.31	1.05
tea	0.31	1.12
removed	0.32	1.41
potentially	0.32	1.33
voice	0.32	1.02
masterrace	0.32	1.21
checks	0.32	1.15
gf	0.32	1.43
comparison	0.32	1.42
banned	0.32	1.40
flaming	0.32	1.39
subreddits	0.32	1.32
pc	0.32	1.07
exception	0.32	1.09
complicated	0.32	1.49
vid	0.32	1.40
poo	0.32	1.24
known	0.32	2.66
potatoes	0.32	0.93
awareness	0.32	0.86
hollywood	0.32	1.11
suffer	0.32	1.00
teachers	0.32	1.14
elementary	0.32	1.14
wallet	0.32	1.23
approach	0.32	1.20
sadly	0.33	1.65
cs	0.33	1.09
weekend	0.33	1.29
origin	0.33	1.21
caring	0.33	1.21
profile	0.33	1.25
egg	0.33	1.13
ultron	0.33	1.14
linux	0.33	1.12
hood	0.33	1.12
hence	0.33	1.10
shorts	0.33	1.07
fast	0.33	1.47
quiet	0.33	1.14
robot	0.33	1.08
advice	0.33	1.42
tom	0.33	1.14
effectively	0.33	1.25
shittier	0.33	1.93
imaginary	0.33	1.18
addition	0.33	0.97
linked	0.33	1.43
boys	0.33	1.15
gods	0.33	0.98
hurr	0.34	1.53
jack	0.34	1.32
online	0.34	1.11
poster	0.34	1.33
elsewhere	0.34	1.05
fap	0.34	0.96
hobby	0.34	1.33
dates	0.34	1.24
contacting	0.34	1.79
record	0.34	1.42
required	0.34	1.17
younger	0.34	1.07
ways	0.34	1.58
included	0.34	0.93
butthole	0.34	1.05
mirror	0.34	1.39
cross	0.34	0.96
tard	0.34	1.17
horses	0.34	1.13
major	0.34	1.10
oops	0.34	1.91
dry	0.34	1.19
speed	0.34	1.18
14	0.35	1.29
studies	0.35	1.07
attacked	0.35	0.89
yeah	0.35	3.05
wage	0.35	1.42
bid	0.35	1.09
step	0.35	1.24
gym	0.35	1.16
gear	0.35	1.05
drive	0.35	1.16
insulting	0.35	1.21
walking	0.35	1.18
honey	0.35	1.34
pizzas	0.35	1.11
raiding	0.35	1.26
ticket	0.35	1.17
tranny	0.35	1.00
ptsd	0.35	1.12
farm	0.35	1.02
portugal	0.35	1.13
cigarette	0.35	1.57
ron	0.35	0.94
perform	0.35	1.12
photoshopped	0.35	1.50
saved	0.35	1.15
debt	0.35	1.01
4chan	0.35	1.43
older	0.35	1.45
school	0.35	1.15
nine	0.35	1.45
foods	0.35	1.19
pm	0.35	1.36
1	0.36	1.28
invented	0.36	1.11
traffic	0.36	1.23
changes	0.36	0.99
intended	0.36	1.25
suspect	0.36	1.17
golden	0.36	1.07
development	0.36	1.03
bonus	0.36	1.16
ben	0.36	0.94
wsgy	0.36	1.36
workout	0.36	1.14
era	0.36	1.08
cap	0.36	1.40
fields	0.36	1.01
gtfo	0.36	1.68
shitposts	0.36	2.15
email	0.36	1.13
comic	0.36	0.79
22	0.36	1.18
supporting	0.36	1.00
hue	0.36	1.31
bus	0.36	1.15
pro	0.36	1.06
plausible	0.36	1.91
teach	0.36	1.26
stock	0.36	1.15
flash	0.36	1.03
chuckle	0.36	1.48
hats	0.36	0.90
soul	0.36	1.03
archive	0.36	1.61
under	0.36	1.15
rolls	0.36	1.30
fucktard	0.36	1.67
failing	0.37	1.26
wake	0.37	1.07
cousin	0.37	1.19
boner	0.37	1.28
form	0.37	1.32
details	0.37	1.25
custom	0.37	1.14
engineering	0.37	1.10
flavor	0.37	1.19
int	0.37	1.11
account	0.37	1.16
meal	0.37	1.10
jpeg	0.37	1.19
usual	0.37	1.46
programming	0.37	0.94
cloud	0.37	1.20
mentality	0.37	1.25
mask	0.37	1.56
spin	0.37	1.06
website	0.37	1.31
unholy	0.37	1.98
mah	0.37	1.03
microwave	0.37	1.06
helps	0.37	1.03
caught	0.37	1.57
boss	0.37	1.10
runs	0.38	1.17
mainstream	0.38	0.96
stable	0.38	0.93
threads	0.38	1.34
interest	0.38	0.98
couldnt	0.38	1.56
swear	0.38	1.58
failure	0.38	1.10
liking	0.38	1.19
ex	0.38	1.15
orders	0.38	1.13
masturbation	0.38	1.13
therapy	0.38	1.11
hmmm	0.39	1.06
code	0.39	1.08
constant	0.39	1.16
memories	0.39	1.29
raw	0.39	1.21
fine	0.39	2.65
ruining	0.39	1.32
remembered	0.39	1.93
lurk	0.39	1.46
genitals	0.39	1.23
tipping	0.39	1.43
today	0.39	1.74
california	0.39	1.16
information	0.39	1.23
motherfucker	0.39	1.09
till	0.39	1.46
phones	0.39	1.04
sunday	0.39	1.11
basic	0.39	1.14
highschool	0.39	1.18
qt	0.39	1.41
site	0.39	1.31
alien	0.39	1.21
vidya	0.39	0.97
6/10	0.39	1.48
cat	0.39	1.32
spanish	0.40	1.83
unfunny	0.40	1.94
successfully	0.40	1.15
yep	0.40	1.71
request	0.40	1.14
os	0.40	1.12
yfw	0.40	1.31
jimmy	0.40	0.97
nut	0.40	1.10
6	0.40	1.43
machine	0.40	1.07
link	0.40	1.59
park	0.40	1.24
choice	0.40	1.57
newfag	0.40	1.82
ultimate	0.40	1.26
defined	0.40	1.41
oven	0.40	1.21
incognito	0.40	1.20
console	0.40	1.01
driver	0.40	1.08
hardware	0.40	1.16
blown	0.40	1.30
physics	0.40	1.11
shots	0.41	0.95
training	0.41	1.08
roman	0.41	1.02
questions	0.41	1.77
kid	0.41	1.62
ages	0.41	1.68
posters	0.41	1.16
rough	0.41	1.45
rat	0.41	1.49
mac	0.41	1.12
heaven	0.41	1.48
board	0.41	1.39
counts	0.41	1.17
match	0.41	1.13
2007	0.41	1.48
begins	0.41	0.97
comments	0.41	1.65
characters	0.42	0.99
posted	0.42	2.25
ham	0.42	1.13
feature	0.42	1.20
sticking	0.42	1.28
dozens	0.42	1.51
bits	0.42	1.07
infinity	0.42	1.09
saves	0.42	1.08
collection	0.42	1.18
community	0.42	1.73
whole	0.42	1.99
flair	0.42	1.34
spam	0.42	1.16
proxies	0.42	1.30
deleted	0.42	1.41
play	0.42	1.12
shithead	0.42	1.64
voting	0.42	0.93
department	0.42	1.01
presence	0.42	1.12
duty	0.42	1.05
twice	0.42	1.98
freak	0.42	1.25
address	0.42	1.15
r/thathappened	0.42	1.50
neither	0.42	1.36
anonymous	0.42	1.13
force	0.42	1.42
muscles	0.42	1.22
game	0.43	1.06
shorter	0.43	1.65
production	0.43	1.09
hopes	0.43	1.09
quads	0.43	1.45
im	0.43	2.02
titles	0.43	1.08
train	0.43	1.15
glasses	0.43	1.02
boards	0.43	1.30
hah	0.43	1.33
entry	0.43	1.08
web	0.43	1.14
trick	0.43	1.30
fit	0.43	1.29
initial	0.43	1.41
jennifer	0.43	1.12
computer	0.43	1.13
subs	0.44	1.51
fury	0.44	2.24
soccer	0.44	1.12
boat	0.44	1.00
service	0.44	1.26
program	0.44	1.08
offer	0.44	1.29
night	0.44	1.29
rice	0.44	1.22
trivial	0.44	1.41
b-but	0.44	1.21
nope	0.44	1.85
taught	0.44	1.15
speaks	0.44	1.76
peanut	0.44	1.14
chinese	0.44	1.03
signs	0.44	1.00
clip	0.44	1.20
games	0.44	1.06
answered	0.44	2.02
hits	0.44	0.96
extra	0.45	1.21
map	0.45	1.27
logical	0.45	1.54
familiar	0.45	1.78
fries	0.45	1.15
laptop	0.45	1.07
library	0.45	1.21
statistics	0.45	1.52
classes	0.45	1.12
received	0.45	1.63
brand	0.45	1.21
cp	0.45	1.16
guaranteed	0.45	1.28
for	0.45	2.05
whereas	0.45	0.87
article	0.45	1.33
pic	0.46	1.48
exchange	0.46	1.05
robert	0.46	1.09
appears	0.46	0.82
accent	0.46	1.55
minute	0.46	1.19
paul	0.46	0.72
heavily	0.46	1.08
squat	0.46	1.18
voted	0.46	1.17
swedish	0.46	0.67
pile	0.46	1.23
swimming	0.46	0.93
cartoon	0.46	0.92
pedo	0.47	0.84
settings	0.47	1.26
cancer	0.47	1.40
loose	0.47	1.12
click	0.47	1.38
press	0.47	1.33
latest	0.47	1.16
john	0.47	0.85
study	0.47	1.13
eight	0.47	1.38
waste	0.47	1.45
trigger	0.47	1.17
biology	0.47	1.06
project	0.47	1.04
direct	0.47	1.29
played	0.47	1.82
stroke	0.47	1.19
policy	0.47	1.17
submit	0.47	1.52
exact	0.48	1.43
sucked	0.48	1.45
4	0.48	1.49
style	0.48	1.11
hunger	0.48	1.06
typing	0.48	1.75
blows	0.48	1.36
jealous	0.48	1.41
circle	0.48	1.23
bf	0.48	1.28
future	0.48	1.30
screw	0.48	1.30
links	0.48	1.39
plug	0.48	1.17
blowing	0.48	1.07
spies	0.48	1.39
badass	0.48	1.63
detail	0.48	1.32
ads	0.49	1.15
jeans	0.49	1.03
manager	0.49	1.36
smith	0.49	0.99
fapping	0.49	1.31
26	0.49	1.09
german	0.49	1.66
attitude	0.49	0.96
ps4	0.49	1.02
university	0.49	1.04
stfu	0.49	1.09
posts	0.49	1.61
winning	0.49	1.04
island	0.49	0.93
checked	0.49	1.54
pretty	0.49	2.48
item	0.49	1.14
current	0.49	1.11
fail	0.49	1.50
employees	0.50	1.38
surprise	0.50	1.25
sperm	0.50	0.95
favorite	0.50	2.93
philosophy	0.50	0.98
studying	0.50	1.35
card	0.50	1.01
stole	0.50	1.18
combat	0.50	1.22
grandfather	0.50	1.40
opens	0.50	1.25
skip	0.50	1.38
forum	0.50	1.32
economics	0.50	1.12
fps	0.50	1.13
shill	0.50	1.27
results	0.50	1.22
outta	0.50	1.62
systems	0.50	0.98
muh	0.50	1.17
events	0.50	1.26
drama	0.50	1.21
cars	0.50	1.06
grill	0.51	1.52
improves	0.51	1.09
member	0.51	1.02
nsfw	0.51	1.59
exclusive	0.51	1.13
sims	0.51	1.07
excellent	0.51	2.64
shown	0.51	1.51
monkey	0.51	1.59
order	0.51	1.33
perfectly	0.51	1.40
mistake	0.51	2.04
status	0.52	1.25
holes	0.52	0.98
badly	0.52	1.32
drown	0.52	2.24
page	0.52	1.37
windows	0.52	1.16
tagged	0.52	1.22
truck	0.52	1.19
alternative	0.52	0.88
fallout	0.52	1.20
satan	0.52	1.28
grandma	0.52	1.11
wine	0.52	1.03
been	0.52	2.89
90s	0.52	0.87
canadian	0.52	0.98
design	0.53	1.03
hmm	0.53	1.43
9	0.53	1.34
green	0.53	1.63
shitposting	0.53	1.55
knock	0.53	1.35
bloody	0.53	1.04
following	0.53	1.39
mobile	0.53	1.28
morning	0.53	1.10
last	0.53	2.14
goals	0.53	1.14
queen	0.54	1.00
york	0.54	1.17
durr	0.54	1.51
playing	0.54	1.05
isnt	0.54	1.39
news	0.54	0.95
use	0.54	1.64
oblivion	0.54	1.10
graduate	0.54	1.18
beef	0.54	1.12
screenshots	0.54	1.69
man	0.54	2.33
teacher	0.54	1.17
network	0.54	1.25
sober	0.54	1.18
reporting	0.54	1.31
omega	0.55	1.27
famous	0.55	1.10
machines	0.55	1.13
hiding	0.55	0.81
messages	0.55	1.31
elite	0.55	1.17
originally	0.55	1.56
invited	0.55	1.41
irrelevant	0.55	1.33
arts	0.55	1.04
football	0.55	1.01
jidf	0.55	1.47
images	0.55	1.37
censored	0.55	1.15
smooth	0.55	1.35
triggered	0.55	1.27
tonight	0.56	1.15
update	0.56	1.11
purposes	0.56	1.04
choo	0.56	1.35
ive	0.56	2.97
hi	0.56	1.75
nintendo	0.56	1.15
mistakes	0.56	1.46
7	0.56	1.39
halfway	0.56	0.91
download	0.56	1.18
describe	0.57	1.90
femanon	0.57	1.73
tips	0.57	1.33
metric	0.57	1.08
galaxy	0.57	1.02
serves	0.57	1.04
sometime	0.57	1.60
directed	0.57	0.95
hail	0.57	1.14
discussion	0.57	1.35
dlc	0.57	1.14
cards	0.57	0.89
flags	0.57	1.30
einstein	0.57	1.15
360	0.57	1.04
arse	0.57	1.50
pleb	0.57	1.61
automatic	0.58	1.03
wincest	0.58	1.18
files	0.58	1.15
theater	0.58	1.04
101	0.58	1.19
ops	0.58	1.43
batman	0.58	0.86
patrick	0.58	0.98
bottom	0.58	1.69
prepare	0.58	1.24
century	0.58	1.26
drivers	0.58	1.07
data	0.58	1.28
gta	0.58	1.02
log	0.58	1.13
check	0.58	1.40
such	0.58	2.09
reliable	0.58	1.22
provided	0.58	1.48
grand	0.58	1.05
spongebob	0.59	0.84
reposting	0.59	1.94
soldier	0.59	1.14
early	0.59	1.18
edgy	0.59	1.97
negative	0.59	1.31
teen	0.59	1.13
7/10	0.59	1.10
encourage	0.59	1.20
shop	0.59	1.21
precision	0.59	1.59
karl	0.59	1.46
actor	0.59	0.72
command	0.59	1.10
club	0.59	1.17
versions	0.59	1.24
joined	0.59	1.24
placed	0.59	1.05
irony	0.59	1.14
long	0.59	2.37
boot	0.60	0.85
automatically	0.60	1.22
bill	0.60	0.93
app	0.60	1.15
cooked	0.60	1.17
screen	0.60	1.29
res	0.60	1.36
rain	0.60	1.11
rack	0.60	1.46
version	0.60	1.17
thread	0.60	1.65
adam	0.60	0.92
quest	0.60	0.96
whoosh	0.60	1.46
browser	0.60	1.28
choke	0.60	1.34
sfw	0.60	1.50
license	0.60	1.04
hentai	0.60	0.92
ordered	0.60	1.15
websites	0.60	1.08
source	0.60	1.51
strikes	0.61	1.09
proud	0.61	2.48
amendment	0.61	1.49
flight	0.61	1.39
action	0.61	0.91
bacon	0.61	1.09
barely	0.61	1.46
chrome	0.61	1.26
cartoons	0.61	0.82
loop	0.61	1.07
am	0.61	1.92
oldfag	0.61	1.46
extensively	0.61	1.72
finish	0.61	1.19
ebola	0.61	1.15
99	0.61	1.34
vehicle	0.62	1.27
bitcoin	0.62	0.91
direction	0.62	1.17
damned	0.62	1.12
hint	0.62	1.13
refer	0.62	1.56
jar	0.62	1.02
cable	0.62	0.95
access	0.62	1.26
wins	0.62	0.85
sandwich	0.62	1.13
bait	0.62	1.50
mighty	0.62	1.30
taylor	0.62	1.15
meat	0.62	1.12
fruit	0.62	0.84
error	0.62	1.26
8/10	0.62	1.25
guarantee	0.63	1.05
eh	0.63	1.76
wasnt	0.63	1.47
tbh	0.63	1.18
dead	0.63	3.35
bundle	0.63	1.52
suck	0.63	1.49
author	0.63	1.07
pill	0.63	1.16
bush	0.63	1.35
comprehension	0.63	1.22
mode	0.63	1.05
worked	0.63	1.72
extension	0.63	1.29
steam	0.64	0.95
goyim	0.64	1.30
bot	0.64	1.40
monitor	0.64	1.05
qt3.14	0.64	1.45
holy	0.64	2.56
states	0.64	1.22
ed	0.65	1.34
toy	0.65	1.08
lulz	0.65	1.32
science	0.65	1.05
silver	0.65	1.12
happiness	0.65	0.99
golf	0.65	1.11
m'lady	0.65	1.30
conversation	0.65	1.21
team	0.65	1.13
aim	0.65	1.32
hungry	0.65	1.41
winner	0.65	1.31
official	0.65	1.19
drag	0.65	1.22
casuals	0.66	1.69
psychopath	0.66	3.27
alert	0.66	1.25
stranger	0.66	1.75
save	0.66	1.49
6th	0.66	1.77
d	0.66	1.78
wild	0.66	1.48
solved	0.66	1.04
regarding	0.66	1.27
pointing	0.66	1.99
type	0.66	1.55
conclusion	0.66	1.90
server	0.66	1.06
motherfucking	0.66	1.13
cocks	0.66	1.43
picture	0.67	1.67
implies	0.67	1.61
ancient	0.67	1.11
explains	0.67	0.80
ie	0.67	1.22
audio	0.67	1.09
submission	0.67	1.55
taco	0.67	1.32
reposts	0.67	1.85
analogy	0.67	1.78
nowadays	0.67	1.05
grandpa	0.67	1.09
android	0.67	1.04
safe	0.68	1.24
7th	0.68	1.75
heat	0.68	0.91
straw	0.68	1.29
positions	0.68	1.18
ripped	0.68	1.11
colors	0.68	1.34
king	0.68	1.06
dance	0.68	1.10
dildo	0.68	1.29
kiss	0.68	1.14
positive	0.68	1.12
xbox	0.68	1.03
chris	0.68	1.26
witty	0.68	1.66
bike	0.69	1.16
caps	0.69	1.29
day	0.69	1.77
marines	0.69	1.40
text	0.69	1.36
dota	0.69	1.06
sonic	0.69	0.99
history	0.69	1.09
russian	0.69	1.48
metal	0.69	1.22
poole	0.69	1.13
terms	0.70	1.22
air	0.70	1.00
rush	0.70	0.85
tim	0.70	1.25
method	0.70	1.31
dutch	0.70	1.44
counting	0.70	1.20
instant	0.70	0.87
dan	0.70	1.27
interview	0.70	1.04
folder	0.70	1.05
updated	0.70	1.05
baby	0.70	1.19
kiddo	0.71	3.29
swift	0.71	1.16
position	0.71	1.18
daily	0.71	1.11
vey	0.71	1.18
ve	0.71	3.73
pet	0.71	1.16
roughly	0.71	1.05
chicken	0.71	1.16
forums	0.71	1.40
instructions	0.71	1.18
generations	0.71	1.36
rest	0.71	1.53
pie	0.71	0.88
imgur	0.72	1.37
cock	0.72	1.42
wizard	0.72	1.27
reaction	0.72	1.42
grass	0.72	1.04
elliot	0.72	1.23
joe	0.72	1.08
end	0.72	1.50
relationships	0.72	1.11
heh	0.72	1.60
blast	0.72	1.21
shell	0.72	0.99
ta	0.72	1.93
wifi	0.72	1.12
ayy	0.72	1.39
desktop	0.73	1.00
opening	0.73	1.24
cheese	0.73	1.16
horse	0.73	1.28
beginning	0.73	1.03
pages	0.73	1.34
8chan	0.74	1.17
dig	0.74	1.12
peace	0.74	1.29
chin	0.74	1.38
established	0.74	1.02
student	0.74	1.05
numerous	0.74	2.39
enjoyable	0.74	2.58
google	0.74	1.30
plans	0.74	1.11
bump	0.74	1.05
fagget	0.75	1.74
typical	0.75	1.32
follows	0.75	1.23
solid	0.75	1.19
sub	0.75	1.67
battery	0.75	1.02
bob	0.75	1.06
admin	0.75	1.51
shall	0.75	1.47
paste	0.75	1.21
bb	0.76	1.46
flowers	0.76	1.29
subreddit	0.76	1.67
lifting	0.76	1.34
clever	0.76	1.86
player	0.76	1.06
sigh	0.76	1.47
raids	0.76	2.18
wii	0.76	1.12
hook	0.77	1.48
keks	0.77	1.13
global	0.77	1.12
comics	0.77	1.01
searching	0.77	1.31
ids	0.77	1.63
yer	0.77	1.62
college	0.77	1.16
tech	0.77	0.97
geg	0.78	1.20
checkem	0.78	1.45
bane	0.78	0.93
cant	0.78	1.94
2009	0.78	1.37
sore	0.78	1.46
grade	0.78	1.57
friday	0.78	1.11
edited	0.78	1.55
lift	0.78	1.16
9/10	0.78	1.46
r/4chan	0.78	1.72
youtube	0.78	1.07
delicious	0.79	1.29
shooter	0.79	1.28
spoke	0.79	1.42
ebay	0.79	0.93
used	0.79	2.13
frozen	0.79	1.12
catch	0.79	1.39
surprisingly	0.79	1.35
lights	0.79	1.24
iphone	0.79	1.08
yea	0.79	2.25
generation	0.79	1.57
guard	0.79	1.83
fan	0.79	0.94
novel	0.80	1.09
lets	0.80	1.54
thing	0.80	3.73
math	0.80	1.08
phone	0.80	1.08
poorly	0.80	1.25
riding	0.80	1.24
ladies	0.80	1.32
advance	0.80	1.13
dafuq	0.80	1.24
watching	0.80	0.91
quarter	0.80	1.15
gainz	0.81	1.26
application	0.81	1.25
skyrim	0.81	0.98
entire	0.81	1.64
font	0.81	1.33
apple	0.81	0.88
heard	0.81	3.67
connection	0.81	0.92
unexpected	0.81	1.57
replies	0.81	1.57
class	0.82	1.19
top	0.82	1.55
idk	0.82	2.15
liar	0.82	1.41
spoken	0.82	1.61
career	0.82	1.19
ama	0.82	1.20
fancy	0.82	1.00
ice	0.82	1.09
fried	0.82	1.08
japanese	0.82	1.44
reminded	0.82	1.15
al	0.83	1.50
password	0.83	1.23
praise	0.83	1.08
underage	0.83	1.22
trips	0.83	1.39
judging	0.83	1.20
office	0.83	1.03
sticks	0.83	1.24
das	0.84	1.35
5th	0.84	1.93
boy	0.84	1.67
texts	0.84	1.06
ill	0.84	1.63
paragraph	0.84	1.63
national	0.84	1.13
fitting	0.84	1.09
cream	0.85	0.94
rolled	0.85	1.35
mediocre	0.85	2.68
2011	0.85	1.64
languages	0.85	1.65
recognize	0.85	1.65
chocolate	0.86	0.89
graduated	0.86	1.31
sharing	0.86	1.80
spirit	0.86	1.18
aww	0.86	1.29
ogre	0.86	1.68
solution	0.86	1.37
equivalent	0.86	1.32
bought	0.86	1.10
confirmed	0.86	1.52
mongoloid	0.86	1.32
release	0.86	0.98
warning	0.87	1.17
captain	0.87	1.06
speaking	0.87	1.75
van	0.87	1.02
rustled	0.87	1.25
speak	0.87	1.72
literature	0.87	0.77
devil	0.87	1.23
snap	0.88	1.03
dew	0.88	1.15
diggy	0.88	1.52
monday	0.88	1.21
scared	0.88	2.82
typed	0.88	1.57
steve	0.88	0.88
mum	0.88	1.66
army	0.88	1.15
plate	0.89	1.20
visible	0.89	1.27
stage	0.89	1.18
anon	0.89	1.57
williams	0.89	1.24
hip	0.89	1.12
ends	0.89	1.02
explanation	0.89	1.51
dipshit	0.89	1.20
indeed	0.89	1.38
meh	0.89	1.14
tag	0.90	1.66
date	0.90	1.29
ruse	0.90	1.44
brothers	0.90	1.02
topkek	0.90	1.21
credit	0.90	1.02
comment	0.90	1.77
officially	0.90	1.09
gif	0.90	1.34
worlds	0.90	3.10
confirm	0.90	1.41
please	0.90	1.76
involved	0.91	1.74
warfare	0.91	1.42
uni	0.91	1.32
chad	0.91	1.14
wars	0.91	0.93
screencap	0.91	1.87
jokes	0.91	1.59
corps	0.91	1.35
cod	0.92	1.02
learn	0.92	1.50
plays	0.92	1.05
sum	0.92	1.55
b	0.92	1.37
bass	0.92	1.19
secure	0.92	0.98
ye	0.92	1.71
ya	0.92	1.72
kevin	0.92	1.45
finally	0.92	1.30
adopted	0.93	1.46
lil	0.93	1.49
rick	0.93	1.22
v	0.93	1.37
rating	0.93	1.48
language	0.93	1.82
granted	0.93	1.28
disney	0.93	1.01
ms	0.93	1.26
quality	0.93	1.96
kills	0.93	1.49
moar	0.93	1.34
video	0.93	0.96
rekt	0.93	1.56
translation	0.93	1.74
cardio	0.93	1.36
documentary	0.93	0.73
parody	0.93	0.86
newfriend	0.94	1.67
sources	0.94	1.32
reasonable	0.94	1.66
acceptable	0.94	2.90
pepe	0.94	2.07
secret	0.94	1.77
3rd	0.94	1.96
reactions	0.95	1.81
8th	0.95	1.69
possible	0.95	2.97
zimbabwe	0.95	1.46
intensifies	0.95	1.17
reddit	0.95	1.73
artist	0.95	0.85
trained	0.96	1.60
appropriate	0.96	1.37
zoom	0.96	1.49
upload	0.96	1.54
lord	0.96	1.22
available	0.96	1.50
cook	0.96	1.19
verify	0.97	1.08
master	0.97	1.91
character	0.97	0.98
al-quaeda	0.97	2.18
watch	0.97	0.92
robin	0.97	1.05
bravo	0.97	1.51
realistic	0.98	1.64
wit	0.98	1.50
dinner	0.98	1.12
knee	0.98	1.29
sage	0.98	1.41
cage	0.98	1.29
original	0.98	1.81
electric	0.98	0.93
p.s	0.98	3.23
butter	0.98	0.97
stated	0.98	1.67
message	0.98	1.13
radio	0.98	0.96
mad	0.99	2.19
delivery	0.99	1.14
yup	0.99	1.77
huh	0.99	1.39
url	0.99	1.31
300	0.99	1.61
clap	0.99	1.32
jim	0.99	0.98
united	0.99	1.36
file	0.99	1.18
outcome	0.99	1.30
wan	1.00	2.04
shiggy	1.00	1.56
silent	1.00	0.94
sugar	1.00	0.87
expected	1.01	1.33
darude	1.01	1.32
glorious	1.01	1.21
2000	1.01	1.53
bank	1.01	1.18
listening	1.01	1.39
screenshot	1.01	1.57
sniper	1.01	1.43
written	1.01	1.10
2012	1.02	1.83
engineer	1.02	1.37
halfchan	1.02	1.18
search	1.02	1.45
1st	1.02	1.98
4th	1.02	1.87
dinosaur	1.02	1.22
plebs	1.02	1.16
q	1.02	1.42
marks	1.02	1.25
cropped	1.02	1.95
guide	1.03	0.97
w	1.03	1.41
show	1.03	1.04
belongs	1.03	1.84
amp	1.03	1.46
iirc	1.03	0.77
welp	1.03	1.52
cover	1.04	1.08
host	1.04	1.30
degree	1.04	1.06
gold	1.04	1.51
setting	1.04	0.98
book	1.04	1.04
mark	1.04	1.50
fuk	1.04	1.63
genre	1.05	1.24
fiction	1.05	1.06
finds	1.05	2.40
fantasy	1.05	0.94
lines	1.05	1.49
chain	1.05	1.46
deep	1.05	1.14
tab	1.05	1.57
wut	1.05	1.65
tfw	1.06	1.99
spoiler	1.06	1.32
id	1.06	1.41
em	1.06	1.68
english	1.06	1.92
letters	1.06	1.38
niggas	1.06	1.29
doo	1.06	1.02
image	1.07	1.58
brave	1.07	1.39
oy	1.07	1.67
f	1.07	1.45
final	1.07	1.58
guitar	1.08	0.96
2010	1.08	1.49
translate	1.08	1.73
gee	1.08	1.14
implications	1.09	1.53
name	1.09	1.19
aside	1.09	1.22
pizza	1.09	1.18
sherlock	1.09	0.88
capital	1.09	1.18
filter	1.10	1.30
scrub	1.10	1.15
description	1.11	1.47
calm	1.11	1.79
stays	1.11	1.20
psychology	1.11	1.05
bitches	1.11	2.40
4chins	1.11	1.08
scene	1.12	0.82
leddit	1.12	2.04
bud	1.13	1.96
faglord	1.13	1.71
halo	1.13	0.94
z	1.13	1.38
joke	1.13	2.14
christmas	1.13	0.94
monster	1.14	1.01
smash	1.14	1.44
yours	1.14	1.49
jimmies	1.14	1.32
advertising	1.14	2.26
terrifying	1.14	2.22
spell	1.15	1.66
l	1.15	1.48
valid	1.15	3.09
elaborate	1.15	0.99
cuz	1.15	1.81
literal	1.15	1.38
comedy	1.15	1.16
info	1.16	0.98
c'mon	1.16	1.74
bread	1.16	1.30
episodes	1.16	1.21
k	1.16	1.49
dictionary	1.16	1.54
lmaoo	1.17	1.37
detective	1.17	1.58
reposted	1.18	2.05
aint	1.18	1.55
roll	1.18	1.28
based	1.18	1.43
quotes	1.18	1.00
respect	1.18	2.29
likes	1.18	2.43
band	1.19	1.23
combo	1.19	1.33
videos	1.19	0.90
delivered	1.19	1.39
2nd	1.19	1.83
proper	1.19	1.33
jelly	1.20	1.48
reverse	1.20	1.57
cheeky	1.20	1.52
r/funny	1.20	2.18
politically	1.20	2.85
p	1.20	1.44
pls	1.20	1.85
de	1.20	1.31
g	1.21	1.42
hardest	1.21	2.70
legend	1.21	1.34
tale	1.21	1.35
horror	1.21	1.02
welcome	1.22	1.95
fourth	1.22	3.16
ftfy	1.22	1.64
furries	1.22	2.15
fuckin	1.22	2.13
hello	1.22	1.56
yo	1.22	1.53
uh	1.23	2.08
spooked	1.23	1.75
r	1.23	1.49
remindme	1.23	1.23
son	1.23	1.58
y	1.24	1.45
rock	1.24	1.25
n	1.24	1.44
ok	1.24	2.73
t	1.24	1.44
mario	1.24	1.20
genuine	1.24	2.34
banana	1.25	1.36
gorilla	1.25	1.57
tanks	1.25	1.45
content	1.26	1.91
o	1.26	1.42
stating	1.26	3.15
plz	1.26	1.80
inbred	1.26	2.02
almonds	1.26	1.46
engine	1.27	1.02
zeppelin	1.27	1.34
2/10	1.28	1.28
post	1.28	1.90
ignoring	1.28	2.68
hey	1.29	2.49
hotwheels	1.29	1.12
offended	1.29	2.64
correctly	1.29	1.77
movies	1.29	0.94
meta	1.29	1.43
oh	1.29	2.36
reply	1.30	1.71
star	1.30	1.05
quoting	1.30	1.66
doctor	1.31	1.56
film	1.31	0.83
x	1.31	1.49
kek	1.31	1.56
listen	1.31	1.25
story	1.31	1.60
using	1.32	1.84
tool	1.32	1.16
greek	1.32	1.31
channel	1.32	0.87
salad	1.33	1.22
e	1.33	1.43
nigga	1.33	1.56
spooky	1.33	1.79
c	1.34	1.43
w8	1.34	2.06
television	1.34	0.83
j	1.34	1.43
hotel	1.35	0.84
prince	1.35	0.89
music	1.35	1.28
pop	1.35	1.15
ai	1.35	1.64
arsenal	1.35	1.22
dear	1.36	1.05
h	1.36	1.41
doge	1.36	1.58
donkey	1.36	1.34
albums	1.36	1.27
pronounce	1.36	1.58
super	1.36	1.53
listened	1.37	2.93
sentences	1.37	1.96
homo	1.37	1.78
congrats	1.37	1.51
bands	1.38	1.27
faget	1.38	1.72
shows	1.39	0.90
tv	1.39	0.84
creator	1.39	1.00
agreed	1.39	1.06
third	1.39	2.89
greentext	1.40	1.92
marine	1.40	1.40
r/classic4chan	1.40	1.97
upset	1.41	2.57
watched	1.41	1.35
classic	1.41	1.55
damnit	1.41	1.43
paint	1.41	1.37
led	1.41	1.18
otherwise	1.41	3.02
burn	1.42	1.76
incredible	1.42	2.29
gaben	1.42	1.03
damn	1.42	2.26
du	1.43	1.34
copy	1.44	1.62
part	1.44	3.23
song	1.44	1.13
8	1.44	1.81
beating	1.44	2.18
statements	1.45	3.07
songs	1.45	1.23
wot	1.45	1.90
words	1.45	1.95
explaining	1.46	1.91
ur	1.46	1.85
album	1.46	1.30
2013	1.48	1.38
ahh	1.48	1.47
nail	1.48	2.66
great	1.48	2.91
theme	1.48	0.79
triple	1.49	1.12
properly	1.49	1.89
u	1.49	1.81
ford	1.49	1.05
second	1.49	2.94
tasty	1.50	1.59
bc	1.50	1.94
ah	1.50	1.88
giggle	1.50	1.96
given	1.51	2.33
da	1.51	1.39
bout	1.51	1.40
l8	1.51	2.03
line	1.52	1.66
jesus	1.52	2.41
worthy	1.52	2.31
interesting	1.52	2.61
ignored	1.53	2.07
wondering	1.53	2.80
pal	1.53	2.20
hahahaha	1.53	1.58
n-no	1.54	1.26
letter	1.54	1.57
punk	1.54	1.25
m9	1.54	1.90
fagit	1.54	1.64
liked	1.54	1.79
sandstorm	1.55	1.48
spelled	1.55	1.52
ppl	1.55	1.76
seals	1.56	1.62
disagree	1.56	2.65
bones	1.56	1.60
roles	1.57	2.25
mfw	1.57	2.28
honest	1.58	2.96
gt	1.58	2.14
alright	1.59	2.18
3edgy5me	1.59	1.70
dis	1.59	1.58
teams	1.60	2.49
statement	1.60	3.03
pulling	1.61	2.40
definition	1.61	2.87
buddy	1.61	2.04
ha	1.61	1.63
confusing	1.61	2.11
sounded	1.62	2.57
skeleton	1.62	1.41
thats	1.62	2.92
season	1.62	1.21
fear	1.63	2.72
silence	1.63	2.07
copypasta	1.63	1.56
bone	1.63	1.62
enjoyed	1.63	1.68
rite	1.63	1.80
bros	1.64	1.42
deliver	1.65	1.27
dun	1.65	1.40
answer	1.65	3.19
pity	1.66	1.98
miss	1.66	2.39
runescape	1.66	1.40
samefag	1.68	1.54
expecting	1.68	1.31
polite	1.68	2.23
rap	1.68	1.02
bringing	1.69	2.30
life	1.69	2.58
wat	1.69	1.65
r8	1.69	1.96
excited	1.70	2.87
bananas	1.70	2.12
chosen	1.71	2.33
auto	1.71	2.54
naw	1.71	1.32
pun	1.72	1.35
maggot	1.72	2.54
m8	1.73	2.03
option	1.74	2.52
drake	1.74	1.06
ir8	1.74	2.10
lyrics	1.74	0.95
stale	1.76	2.28
october	1.76	1.19
example	1.76	1.49
nah	1.76	2.24
response	1.77	1.50
short	1.77	2.56
mu	1.77	2.07
brojob	1.77	1.52
goofed	1.78	1.71
fresh	1.78	1.75
replaced	1.79	2.29
fgt	1.79	1.68
guise	1.80	1.68
slow	1.80	2.39
omg	1.81	1.54
sucking	1.81	2.12
slang	1.82	2.59
dammit	1.83	2.11
particularly	1.83	1.99
deadly	1.84	2.51
billy	1.84	1.84
refers	1.84	2.45
s4s	1.85	1.93
episode	1.85	0.95
soft	1.86	1.96
goat	1.86	1.93
sounds	1.86	2.86
gains	1.86	1.46
stands	1.86	2.07
champ	1.87	1.77
latin	1.88	2.81
shitpost	1.88	2.56
opposite	1.89	2.50
wayne	1.90	1.02
model	1.90	2.01
fits	1.90	1.16
morgan	1.90	1.01
h8	1.90	2.14
previous	1.91	2.42
ty	1.92	1.82
comeback	1.92	1.68
plot	1.92	0.67
neutral	1.94	2.33
named	1.94	2.05
whoa	1.94	1.75
kidding	1.95	2.32
party	1.95	2.32
itself	1.95	2.38
word	1.95	2.93
owns	1.96	2.04
favourite	1.96	2.27
boom	1.97	1.76
ride	1.97	1.64
lt	1.98	1.86
operation	1.98	1.98
quote	2.00	1.20
creative	2.00	1.99
surely	2.01	1.94
tank	2.02	1.93
fixed	2.03	2.36
prefer	2.04	1.93
sucks	2.04	2.24
cell	2.05	2.05
lol	2.05	1.45
plan	2.07	2.44
legit	2.07	2.50
seal	2.07	2.46
repost	2.07	2.60
reality	2.08	2.41
accurate	2.08	2.30
relationship	2.10	2.25
new	2.10	2.31
art	2.11	1.99
harsh	2.12	1.99
phrase	2.12	2.76
grammar	2.12	2.47
meaning	2.13	2.68
bless	2.13	1.86
8/8	2.13	2.08
suffering	2.15	2.08
term	2.15	2.57
context	2.15	2.62
cake	2.17	2.09
3d	2.18	2.14
op	2.18	2.56
showing	2.19	1.85
minecraft	2.20	1.74
kanye	2.20	1.83
goal	2.20	2.06
amateur	2.20	1.71
chill	2.20	1.98
technically	2.21	2.43
hoping	2.21	2.34
sentence	2.22	2.57
personally	2.22	1.70
relevant	2.22	2.09
spelling	2.23	2.38
professional	2.24	1.96
tree	2.24	2.24
sauce	2.24	2.19
skeletal	2.25	2.40
oc	2.25	2.46
format	2.25	1.97
mirin	2.26	1.51
navy	2.26	2.40
hopefully	2.27	2.20
2014	2.28	1.71
impressive	2.29	1.53
crop	2.29	2.55
tomorrow	2.30	2.30
laughs	2.32	1.51
pronounced	2.32	1.45
glory	2.33	1.95
references	2.33	1.71
god	2.33	1.98
dude	2.35	2.53
shekels	2.35	2.39
books	2.35	1.80
freaking	2.36	2.43
good	2.36	2.92
rather	2.38	2.07
dem	2.39	1.92
autismo	2.41	2.20
title	2.41	2.26
doe	2.43	2.01
aw	2.45	1.58
mate	2.46	1.58
ending	2.46	1.95
mega	2.46	2.15
punchline	2.47	2.06
chan	2.47	2.17
cropping	2.48	2.29
beach	2.48	1.68
tho	2.49	1.87
fiddy	2.49	2.09
series	2.50	1.76
formatting	2.50	2.21
shrek	2.51	2.05
movie	2.52	1.73
birthday	2.55	2.15
woah	2.55	2.38
followed	2.55	1.65
revenge	2.55	1.54
harry	2.56	1.64
dat	2.57	2.05
faggit	2.58	2.04
sing	2.59	2.11
ebola-chan	2.60	1.84
b8	2.61	2.45
dubs	2.61	2.20
sick	2.63	2.65
double	2.64	2.21
y-you	2.64	2.25
luck	2.66	1.65
knowing	2.68	2.59
cool	2.68	2.87
r/4chanmeta	2.70	2.28
dae	2.71	1.18
le	2.72	2.51
thanks	2.72	2.54
9gag	2.73	2.51
gr8	2.73	2.31
m80	2.73	2.51
zyzz	2.75	1.90
twist	2.78	1.83
job	2.82	2.13
pasta	2.82	1.93
btw	2.83	2.19
username	2.84	1.93
wow	2.86	2.67
setup	2.87	1.41
arrow	2.89	2.43
rip	2.90	1.80
closest	2.90	2.09
sides	2.92	1.49
skeltal	2.97	2.24
maymays	2.99	2.47
mr	2.99	2.27
haha	3.01	2.59
noice	3.04	2.08
thx	3.07	2.31
hahaha	3.08	1.71
gud	3.14	1.99
arrows	3.15	2.43
amen	3.17	1.94
memes	3.18	2.45
may	3.19	2.52
reference	3.20	2.15
brah	3.25	2.22
bruh	3.25	2.41
bro	3.26	2.47
epic	3.26	2.46
sweet	3.28	1.87
meme	3.32	2.51
maymay	3.33	2.37
ebin	3.36	2.33
dank	3.36	2.36
cheers	3.36	2.30
may-may	3.37	2.20
xd	3.45	2.14
neat	3.48	1.87
thank	3.52	1.80
amirite	3.53	1.58
underrated	3.69	1.25
