weird	-5.07	1.30
suck	-5.04	1.20
ridiculous	-4.51	1.17
shitty	-4.51	1.70
stupid	-4.47	1.31
poor	-4.38	1.67
crappy	-4.36	1.73
ugh	-4.06	1.25
odd	-4.00	1.38
rid	-3.98	1.62
strange	-3.95	1.47
filters	-3.74	1.63
bought	-3.70	1.33
gross	-3.61	1.56
disgusting	-3.59	1.30
silly	-3.55	1.35
lighting	-3.50	1.84
angle	-3.47	1.80
cliche	-3.46	1.56
quality	-3.38	1.91
unflattering	-3.38	2.00
blurry	-3.33	1.97
sucks	-3.27	1.61
dumb	-3.27	1.38
particular	-3.16	1.79
taken	-3.06	2.01
hating	-3.04	1.71
extreme	-3.02	1.55
filter	-3.00	1.40
bad	-2.98	1.90
screams	-2.98	1.69
leather	-2.98	1.87
camera	-2.97	1.49
wise	-2.90	1.85
angles	-2.90	1.40
scary	-2.89	1.85
photos	-2.84	2.07
helping	-2.83	1.59
sometimes	-2.81	1.41
magic	-2.81	1.47
boots	-2.79	1.93
compare	-2.78	1.72
poses	-2.73	1.08
favours	-2.72	1.63
due	-2.72	1.70
described	-2.69	1.52
choices	-2.69	1.80
referring	-2.67	1.77
cunt	-2.66	1.61
turning	-2.63	1.90
context	-2.63	1.92
creepy	-2.62	1.69
smell	-2.61	1.60
taking	-2.60	1.84
false	-2.59	1.79
phone	-2.58	1.36
ditch	-2.55	1.70
guessing	-2.54	1.78
greatest	-2.54	2.59
posing	-2.54	1.74
afterwards	-2.51	1.99
forever	-2.50	1.87
grew	-2.49	1.96
lame	-2.48	1.54
selfies	-2.48	1.58
drunk	-2.47	1.89
finish	-2.45	1.90
goofy	-2.45	0.96
hormones	-2.44	1.92
stretch	-2.44	1.93
selfie	-2.42	1.50
used	-2.41	1.67
intense	-2.41	1.77
disagree	-2.40	1.91
course	-2.40	1.83
sorta	-2.40	1.51
duck	-2.39	0.83
always	-2.38	1.92
view	-2.37	1.70
lonely	-2.36	1.78
intimidating	-2.35	2.04
including	-2.33	1.74
tired	-2.32	1.86
trashy	-2.31	1.60
fourth	-2.30	2.93
avoid	-2.27	1.84
bored	-2.26	2.23
cry	-2.26	1.71
excuse	-2.26	1.58
retarded	-2.25	1.46
classic	-2.25	1.83
mess	-2.24	1.99
earrings	-2.23	1.83
sigh	-2.23	1.92
unapproachable	-2.21	2.37
sake	-2.20	1.72
expression	-2.19	1.88
choice	-2.18	1.88
wear	-2.18	1.81
control	-2.16	1.85
soul	-2.15	1.73
faces	-2.14	0.98
patch	-2.13	1.85
terribly	-2.11	1.53
pose	-2.11	1.12
our	-2.10	1.89
comparing	-2.10	1.86
making	-2.10	0.93
alone	-2.10	1.88
angry	-2.09	2.49
potato	-2.08	1.38
normally	-2.08	1.97
pissed	-2.08	2.05
instead	-2.08	1.96
usually	-2.06	1.88
recent	-2.05	2.80
target	-2.05	1.69
pathetic	-2.03	1.64
pain	-2.02	1.82
human	-2.02	1.96
against	-2.00	1.83
bitchy	-1.99	2.14
anorexic	-1.98	1.97
tie	-1.98	1.73
shots	-1.98	1.54
ease	-1.97	2.02
this	-1.97	2.37
prove	-1.96	2.09
miserable	-1.96	2.34
critical	-1.95	1.75
seen	-1.88	2.14
solution	-1.88	1.90
flattering	-1.87	2.24
point	-1.87	2.52
fan	-1.87	2.19
pictures	-1.86	1.95
tend	-1.86	1.94
except	-1.85	2.03
single	-1.83	2.25
whole	-1.83	1.90
ignore	-1.82	1.82
prettiest	-1.80	2.81
reason	-1.80	2.67
force	-1.79	1.91
cheer	-1.79	1.87
ring	-1.79	2.07
unnatural	-1.77	0.89
rings	-1.76	2.11
bathroom	-1.76	1.18
stands	-1.74	2.41
pulling	-1.74	0.87
besides	-1.74	2.21
growth	-1.74	2.09
problem	-1.73	2.59
uncomfortable	-1.73	1.94
care	-1.70	1.81
parts	-1.69	1.93
consensus	-1.69	1.94
justice	-1.68	1.28
upload	-1.68	1.34
douchey	-1.67	0.86
mad	-1.67	1.93
piercing	-1.66	2.16
forth	-1.65	1.91
lying	-1.65	2.16
stuff	-1.63	2.66
concerned	-1.63	2.21
resting	-1.63	2.28
pics	-1.63	1.91
kinda	-1.63	1.74
mirror	-1.60	1.10
instagram	-1.60	1.11
issue	-1.60	2.42
from	-1.60	1.22
creep	-1.60	0.63
something	-1.59	2.83
stop	-1.59	0.81
dig	-1.58	2.04
theres	-1.58	2.51
dunno	-1.57	2.52
improve	-1.56	2.59
1st	-1.56	3.00
change	-1.55	2.76
doing	-1.55	2.74
hairy	-1.55	2.09
expressions	-1.54	1.06
common	-1.54	1.98
about	-1.53	2.57
anything	-1.53	2.90
whatsoever	-1.52	2.54
favorite	-1.51	3.07
duckface	-1.51	0.82
4th	-1.50	2.98
screw	-1.49	1.85
gtfo	-1.48	2.43
only	-1.48	2.57
2nd	-1.48	2.97
quit	-1.48	0.79
entire	-1.48	1.97
burn	-1.47	0.85
immature	-1.47	0.76
hottest	-1.45	2.62
quiet	-1.45	2.02
first	-1.45	2.92
second	-1.45	2.93
depressed	-1.45	2.42
easiest	-1.45	2.50
shot	-1.44	1.48
5th	-1.44	2.93
3rd	-1.42	2.94
happening	-1.42	2.39
take	-1.41	1.12
third	-1.41	2.99
distance	-1.41	1.08
ashamed	-1.40	2.18
ugliest	-1.40	2.72
photo	-1.40	2.73
experience	-1.39	0.66
felt	-1.39	2.21
porn	-1.39	2.22
upset	-1.38	2.36
awkward	-1.37	0.87
marks	-1.37	2.01
fret	-1.37	2.43
what	-1.36	2.71
cutest	-1.36	2.74
haters	-1.36	1.93
app	-1.35	0.82
remove	-1.35	1.32
there	-1.35	2.87
superficial	-1.34	0.81
holding	-1.33	1.00
stare	-1.33	1.00
neutral	-1.32	1.16
cap	-1.31	0.76
wore	-1.29	0.91
low	-1.28	0.89
posted	-1.27	1.31
bodies	-1.26	1.94
regards	-1.26	0.91
crazy	-1.25	1.59
exception	-1.25	2.30
die	-1.24	1.84
judging	-1.23	1.89
picture	-1.23	2.76
missing	-1.22	2.27
biggest	-1.21	2.50
judge	-1.20	0.94
images	-1.20	1.79
tees	-1.19	0.80
number	-1.19	2.45
unhappy	-1.18	2.39
tell	-1.17	1.16
favors	-1.17	1.46
these	-1.17	1.14
throwing	-1.16	0.70
nothing	-1.16	3.04
unusual	-1.14	0.79
unfortunately	-1.13	0.84
beanie	-1.13	1.33
beta	-1.13	0.88
rare	-1.13	1.77
wears	-1.12	2.15
without	-1.12	0.93
whats	-1.11	0.91
threads	-1.11	1.15
dislike	-1.11	2.17
mole	-1.10	1.28
looked	-1.09	1.99
preferably	-1.09	1.09
pic	-1.09	2.77
wearing	-1.08	0.96
inside	-1.08	2.07
based	-1.08	1.27
last	-1.07	2.77
complain	-1.07	1.53
fault	-1.06	0.83
include	-1.06	0.76
happened	-1.06	1.02
judgement	-1.04	0.81
graphic	-1.04	0.89
fashion	-1.04	0.94
either	-1.03	2.47
lack	-1.03	0.99
vs	-1.03	0.82
desperate	-1.03	0.92
true	-1.02	0.92
staring	-1.02	0.71
computer	-1.02	0.77
jerks	-1.02	0.72
distracting	-1.02	0.93
any	-1.01	1.68
took	-1.01	1.23
giant	-1.00	0.86
negative	-1.00	0.75
ear	-0.99	1.60
males	-0.99	0.79
shallow	-0.99	0.68
kick	-0.98	0.77
hoodie	-0.98	0.87
album	-0.98	2.60
special	-0.98	2.35
mindset	-0.98	1.03
realize	-0.98	0.82
troll	-0.97	0.82
switch	-0.96	0.95
posting	-0.96	1.13
annoying	-0.96	0.73
sort	-0.95	0.86
provided	-0.95	1.54
shave	-0.94	1.05
attitude	-0.94	0.81
septum	-0.93	2.24
harm	-0.93	1.14
no	-0.93	2.88
struggle	-0.92	1.05
aggressive	-0.92	0.81
plaid	-0.91	0.88
whatever	-0.90	1.38
liked	-0.90	1.97
buy	-0.90	0.70
somewhat	-0.89	1.91
hella	-0.89	1.88
dick	-0.89	0.65
necklace	-0.88	1.20
jewelry	-0.88	1.38
post	-0.88	1.20
power	-0.88	0.75
amiugly	-0.88	1.18
things	-0.88	1.25
shame	-0.87	0.80
link	-0.87	2.02
statement	-0.87	0.69
variety	-0.87	0.95
self-esteem	-0.87	0.94
habits	-0.86	0.79
stress	-0.86	1.28
decision	-0.85	0.84
case	-0.85	1.14
joke	-0.85	0.90
cheap	-0.84	0.64
worry	-0.84	2.83
public	-0.84	0.77
right	-0.84	2.54
zero	-0.83	1.12
assessment	-0.83	0.77
rude	-0.83	0.67
sub	-0.83	1.26
cant	-0.83	0.98
was	-0.82	0.92
esteem	-0.82	0.90
liking	-0.82	2.03
off-putting	-0.82	0.85
preference	-0.81	0.99
decide	-0.81	0.97
everything	-0.81	2.60
perceive	-0.81	0.99
gauges	-0.81	2.22
jeans	-0.81	0.88
chose	-0.81	1.02
thought	-0.80	0.98
before	-0.80	0.89
scare	-0.80	0.75
subreddit	-0.80	1.26
hygiene	-0.80	0.74
result	-0.80	0.72
stated	-0.80	0.64
cases	-0.80	0.73
hoodies	-0.80	0.87
t-shirt	-0.80	0.83
exist	-0.80	0.80
borderline	-0.80	0.84
ever	-0.80	1.14
sexual	-0.79	0.66
included	-0.79	0.85
shopping	-0.79	0.64
posts	-0.79	1.01
idiot	-0.79	0.57
issues	-0.79	1.24
given	-0.78	0.78
situation	-0.78	0.89
throw	-0.78	0.81
problems	-0.78	1.31
relate	-0.78	1.07
sounds	-0.78	0.62
rejection	-0.78	0.68
sitting	-0.78	0.77
personal	-0.77	0.86
harsh	-0.77	0.71
death	-0.77	0.66
grow	-0.77	0.89
sweater	-0.77	1.31
piercings	-0.77	2.21
awhile	-0.76	0.64
asap	-0.75	0.80
insecurity	-0.75	1.02
part	-0.75	1.39
jacket	-0.75	0.83
digging	-0.75	1.83
bitches	-0.75	0.73
junk	-0.75	0.77
scarf	-0.75	0.79
unfortunate	-0.74	0.74
aside	-0.74	0.82
r/rateme	-0.74	1.22
idea	-0.73	2.02
we	-0.73	1.06
unnecessary	-0.73	0.82
grade	-0.73	1.89
ignorant	-0.73	0.60
acting	-0.73	0.67
see	-0.73	1.68
mostly	-0.73	0.86
fedora	-0.73	0.84
belt	-0.73	0.78
gone	-0.73	0.60
suffer	-0.73	0.82
mistake	-0.73	0.86
leave	-0.72	0.70
beginning	-0.72	0.77
similar	-0.72	0.62
worth	-0.72	0.92
saw	-0.72	1.03
funny	-0.71	0.98
reddit	-0.71	1.05
many	-0.71	0.97
wasting	-0.71	0.79
counter	-0.71	0.78
consideration	-0.71	0.86
tried	-0.71	0.72
makes	-0.71	2.26
worn	-0.70	0.77
reduce	-0.70	0.74
neckbeard	-0.70	1.05
important	-0.70	1.22
one	-0.70	2.36
modeling	-0.69	0.88
thing	-0.69	1.56
loose	-0.69	0.88
own	-0.69	0.75
ive	-0.69	0.91
regardless	-0.69	0.81
comments	-0.69	0.87
ourselves	-0.68	0.84
hat	-0.68	0.86
clue	-0.68	1.71
hand	-0.68	0.79
focused	-0.68	0.87
anxiety	-0.68	0.81
childish	-0.68	0.84
forget	-0.68	1.22
none	-0.67	0.76
where	-0.67	1.29
behind	-0.67	0.72
bother	-0.67	1.43
trans	-0.67	0.62
specific	-0.67	0.96
rated	-0.67	0.80
purely	-0.67	0.75
realized	-0.67	0.64
forced	-0.66	0.99
value	-0.66	0.78
douchebag	-0.66	0.68
taste	-0.66	0.82
never	-0.66	0.90
project	-0.66	0.70
clicked	-0.66	1.27
worried	-0.66	1.49
sunglasses	-0.66	0.80
ages	-0.65	0.61
mustache	-0.65	1.07
objective	-0.65	0.77
suicide	-0.65	0.79
its	-0.65	1.16
planet	-0.65	1.29
preferences	-0.65	0.78
poorly	-0.64	0.82
typically	-0.64	0.85
mean	-0.64	1.62
often	-0.64	0.87
suggesting	-0.64	0.86
reasons	-0.63	1.23
r/amiugly	-0.63	1.12
actual	-0.63	1.05
ball	-0.63	1.00
why	-0.63	1.81
bars	-0.63	0.83
their	-0.63	0.77
concern	-0.63	1.50
happen	-0.63	1.08
aka	-0.63	0.71
options	-0.63	0.97
cause	-0.63	1.02
showed	-0.63	1.04
deleted	-0.63	0.80
matter	-0.63	1.45
coat	-0.62	0.83
links	-0.62	1.00
stache	-0.62	1.08
lose	-0.62	0.93
lately	-0.62	0.60
stuck	-0.62	0.72
stud	-0.62	1.44
did	-0.62	1.29
worrying	-0.62	1.26
basic	-0.62	0.78
scene	-0.61	0.74
i.e	-0.61	0.68
factors	-0.61	1.03
purpose	-0.61	1.16
by	-0.61	0.78
fixable	-0.61	0.82
today	-0.61	0.66
entirely	-0.61	0.76
hats	-0.60	0.77
believing	-0.60	0.94
life	-0.60	0.90
ugliness	-0.60	1.13
fear	-0.60	0.78
main	-0.60	1.35
trolls	-0.60	0.72
question	-0.60	1.04
understand	-0.59	1.49
general	-0.59	1.10
removed	-0.59	0.76
sideburns	-0.59	1.05
til	-0.59	0.67
turns	-0.59	0.58
sadly	-0.59	0.74
here	-0.59	1.17
complaining	-0.59	1.13
uglier	-0.59	0.88
sell	-0.59	0.56
had	-0.58	0.89
fuzz	-0.58	1.02
hanging	-0.58	0.78
forum	-0.58	1.05
ways	-0.58	0.99
belong	-0.58	1.22
t-shirts	-0.58	0.83
shorts	-0.58	0.82
hipster	-0.57	0.76
told	-0.57	0.91
happens	-0.57	0.95
anymore	-0.57	1.63
learned	-0.57	0.67
wrote	-0.57	0.94
days	-0.57	1.18
asians	-0.57	1.17
unibrow	-0.57	0.93
does	-0.57	1.51
reject	-0.57	0.79
shirts	-0.57	0.84
same	-0.57	1.15
tastes	-0.56	0.79
convince	-0.56	0.99
assholes	-0.56	0.67
depression	-0.56	0.81
r/amisexy	-0.56	1.24
grooming	-0.56	0.84
virgin	-0.56	0.96
literally	-0.56	1.92
system	-0.56	0.94
respect	-0.56	0.68
tinder	-0.56	0.68
hard	-0.56	1.26
shoes	-0.56	0.84
end	-0.56	0.92
found	-0.56	0.79
pants	-0.55	0.85
example	-0.55	0.81
met	-0.55	0.96
personally	-0.55	2.12
allow	-0.55	0.98
trolling	-0.55	0.94
didnt	-0.55	1.17
atm	-0.55	0.82
school	-0.55	0.62
replies	-0.55	0.76
front	-0.55	0.75
edgy	-0.55	0.82
laughed	-0.55	0.71
draws	-0.55	0.91
heard	-0.54	0.83
provide	-0.54	0.87
those	-0.54	1.76
myself	-0.54	0.98
goth	-0.54	0.73
tl	-0.54	0.68
tight	-0.54	0.88
wonder	-0.54	0.93
harder	-0.53	0.71
amisexy	-0.53	1.14
buying	-0.53	0.66
damage	-0.53	0.76
comes	-0.53	0.78
masculinity	-0.53	0.67
jerk	-0.53	0.64
feelings	-0.53	0.72
perception	-0.53	0.74
takes	-0.53	0.72
recognize	-0.52	0.84
simple	-0.52	0.83
dirty	-0.52	0.74
leads	-0.52	0.64
kids	-0.52	0.62
information	-0.52	0.87
lip	-0.52	1.55
real	-0.52	1.28
passed	-0.52	0.65
difficult	-0.52	0.95
finger	-0.52	0.81
weeks	-0.52	1.14
constantly	-0.51	1.00
outfit	-0.51	2.09
program	-0.51	0.88
gender	-0.51	0.71
bitch	-0.51	0.90
commenters	-0.51	0.82
believe	-0.51	1.49
can	-0.51	1.40
basis	-0.51	0.83
remember	-0.51	1.03
lazy	-0.51	0.87
shown	-0.51	0.74
hairdo	-0.51	0.86
choose	-0.50	0.75
affect	-0.50	1.11
extent	-0.50	0.73
tattoos	-0.50	2.16
swimming	-0.50	0.87
socially	-0.50	0.66
store	-0.50	0.76
thread	-0.50	1.11
detail	-0.50	1.03
glance	-0.50	1.15
asshole	-0.50	0.59
spending	-0.49	0.81
syndrome	-0.49	0.97
caused	-0.49	0.81
peoples	-0.49	0.71
neither	-0.49	1.11
related	-0.49	0.90
posters	-0.49	0.93
necessarily	-0.49	1.19
position	-0.49	0.65
off	-0.49	0.78
send	-0.49	0.79
former	-0.49	0.61
seek	-0.49	0.81
cross	-0.49	0.74
disorder	-0.49	0.96
shy	-0.49	1.04
came	-0.49	0.80
reminds	-0.48	0.70
offensive	-0.48	0.73
dated	-0.48	1.05
bike	-0.48	0.76
ca	-0.48	1.54
bothered	-0.48	0.89
knowledge	-0.48	0.92
hm	-0.48	0.85
house	-0.48	0.67
bunch	-0.48	0.82
trim	-0.48	0.88
risk	-0.48	0.70
know	-0.48	1.75
grab	-0.47	0.70
letting	-0.47	0.85
opposed	-0.47	0.78
cardio	-0.47	0.93
favourite	-0.47	2.45
paying	-0.47	0.87
two	-0.47	1.57
seeking	-0.47	0.71
notice	-0.47	1.32
hurting	-0.47	0.72
pick	-0.46	0.98
scared	-0.46	1.05
permanent	-0.46	0.59
break	-0.46	0.75
complex	-0.46	0.65
account	-0.46	1.00
anywhere	-0.46	1.03
race	-0.46	0.81
sick	-0.46	0.80
elsewhere	-0.46	0.66
image	-0.46	1.04
company	-0.46	0.77
wont	-0.46	0.84
delete	-0.46	0.98
bullying	-0.46	0.69
sticking	-0.46	0.78
assure	-0.46	0.90
made	-0.46	0.65
mainly	-0.46	0.80
reaction	-0.46	0.81
ones	-0.46	1.19
since	-0.46	0.76
seeing	-0.45	0.97
physical	-0.45	0.90
trouble	-0.45	1.20
somewhere	-0.45	1.08
nature	-0.45	0.68
dealing	-0.45	0.82
following	-0.45	0.79
shoot	-0.45	0.86
lets	-0.45	0.71
popular	-0.45	0.86
broken	-0.45	0.75
having	-0.45	1.02
racist	-0.45	0.67
whenever	-0.45	0.63
obese	-0.45	0.76
expensive	-0.45	0.79
health	-0.45	0.92
stereotypical	-0.45	0.61
severe	-0.44	0.74
rarely	-0.44	0.80
years	-0.44	1.03
idiots	-0.44	0.75
lacking	-0.44	0.87
shirt	-0.44	0.82
expect	-0.44	0.92
judged	-0.44	0.69
trust	-0.44	0.78
how	-0.44	1.47
were	-0.44	0.76
answer	-0.44	0.86
groom	-0.44	0.83
mind	-0.43	1.50
ride	-0.43	0.70
consider	-0.43	0.89
solely	-0.43	0.73
imagine	-0.43	1.05
grown	-0.43	0.81
away	-0.43	0.76
talking	-0.43	1.35
gut	-0.43	0.72
handle	-0.43	0.81
using	-0.43	0.76
feels	-0.43	0.69
bieber	-0.43	0.75
rejected	-0.43	0.64
backwards	-0.42	0.74
putting	-0.42	0.74
crowd	-0.42	0.71
baggy	-0.42	0.84
pressure	-0.42	0.70
site	-0.42	0.87
prom	-0.42	1.96
months	-0.42	1.18
insult	-0.42	0.81
perspective	-0.42	0.76
ve	-0.42	0.83
watching	-0.42	0.94
listening	-0.42	0.86
slight	-0.42	0.79
caught	-0.42	0.75
aim	-0.42	0.77
attraction	-0.42	0.85
upon	-0.41	0.67
mistaken	-0.41	0.66
gave	-0.41	0.68
field	-0.41	0.85
folks	-0.41	0.86
tank	-0.41	0.76
shop	-0.41	0.73
went	-0.41	0.73
emotional	-0.41	0.64
swear	-0.41	0.89
google	-0.41	0.77
voice	-0.41	0.65
called	-0.41	0.85
previous	-0.41	0.76
cosmetic	-0.41	0.72
hairstyles	-0.41	1.01
standard	-0.40	0.67
other	-0.40	1.08
use	-0.40	0.84
mention	-0.40	0.90
bullshit	-0.40	0.70
thoughts	-0.40	0.76
dr	-0.40	0.69
grows	-0.40	0.68
language	-0.40	1.02
advise	-0.40	0.82
dont	-0.40	1.74
earth	-0.40	1.12
aged	-0.40	0.75
crying	-0.40	0.64
accept	-0.39	0.79
clothing	-0.39	0.84
lived	-0.39	0.75
workouts	-0.39	1.03
ego	-0.39	0.89
tshirt	-0.39	0.80
song	-0.39	0.63
bun	-0.39	0.79
lesbian	-0.39	0.66
hurt	-0.39	1.31
different	-0.39	1.14
wet	-0.39	0.74
skills	-0.39	0.71
moustache	-0.39	1.05
nervous	-0.39	1.22
beer	-0.39	0.72
unkempt	-0.38	0.76
occasionally	-0.38	0.68
bothers	-0.38	0.87
dump	-0.38	0.56
tops	-0.38	0.80
puberty	-0.38	0.67
assumed	-0.38	0.69
kissed	-0.38	0.89
period	-0.38	0.96
invest	-0.38	0.79
actively	-0.38	0.77
bland	-0.38	0.86
examples	-0.38	0.77
others	-0.38	1.33
possible	-0.38	0.91
telling	-0.38	1.23
self	-0.38	0.95
cruel	-0.38	0.70
lead	-0.37	0.76
metal	-0.37	1.02
posture	-0.37	0.83
teenage	-0.37	0.63
sugar	-0.37	0.67
cocky	-0.37	0.87
suggest	-0.37	0.86
pulled	-0.37	0.76
home	-0.37	0.69
battle	-0.37	1.05
approached	-0.37	0.68
room	-0.37	1.03
various	-0.37	0.78
causes	-0.37	0.76
fishing	-0.36	0.92
fitting	-0.36	0.86
noticing	-0.36	0.75
outside	-0.36	0.78
minute	-0.36	0.79
topic	-0.36	0.66
noticed	-0.36	0.98
irl	-0.36	0.65
esp	-0.36	2.29
place	-0.36	1.28
truth	-0.36	0.65
favor	-0.36	0.74
patchy	-0.36	0.90
fight	-0.36	0.66
call	-0.36	0.85
commented	-0.36	0.86
setting	-0.35	0.70
require	-0.35	0.87
mine	-0.35	0.70
psychological	-0.35	0.82
decided	-0.35	0.75
sticks	-0.35	0.90
rules	-0.35	0.87
hence	-0.35	0.79
shaved	-0.35	0.86
knew	-0.35	0.80
stay	-0.35	0.68
insecurities	-0.35	0.84
while	-0.35	0.81
teenagers	-0.35	0.79
heck	-0.35	1.24
mental	-0.35	0.85
phase	-0.34	0.68
speak	-0.34	0.69
page	-0.34	0.91
middle	-0.34	0.78
story	-0.34	0.63
subjective	-0.34	0.78
waste	-0.34	1.08
combo	-0.34	0.91
opened	-0.34	1.01
record	-0.34	0.88
cents	-0.34	0.84
asking	-0.34	1.01
growing	-0.34	0.79
habit	-0.34	0.88
drag	-0.34	0.69
20s	-0.33	0.78
recommend	-0.33	0.85
yesterday	-0.33	0.66
times	-0.33	0.89
local	-0.33	0.74
writing	-0.33	0.65
conclusion	-0.33	0.79
figured	-0.33	0.73
curious	-0.33	1.34
across	-0.33	0.83
hours	-0.33	1.05
throughout	-0.33	0.64
validation	-0.33	0.77
mixed	-0.33	0.70
advantage	-0.33	0.77
bout	-0.33	1.12
medical	-0.32	0.81
option	-0.32	0.84
appearance	-0.32	1.41
scraggly	-0.32	0.92
world	-0.32	1.09
fitted	-0.32	0.84
regarding	-0.32	0.91
wtf	-0.32	2.44
vibes	-0.32	0.85
step	-0.32	1.17
history	-0.32	0.78
subs	-0.32	0.91
outfits	-0.32	0.89
loads	-0.32	0.75
factor	-0.32	1.17
m	-0.31	1.18
accurate	-0.31	0.77
started	-0.31	0.69
dog	-0.31	0.66
sites	-0.31	0.63
experiences	-0.31	0.62
been	-0.31	0.74
hearing	-0.31	0.84
party	-0.31	0.67
obvious	-0.31	0.95
several	-0.31	0.88
department	-0.31	0.96
limited	-0.31	0.73
opinion	-0.31	0.81
greasy	-0.31	0.70
facebook	-0.30	0.81
society	-0.30	0.73
fashionable	-0.30	0.90
describe	-0.30	0.89
time	-0.30	0.89
lie	-0.30	1.28
supposed	-0.30	1.42
band	-0.30	0.73
ratings	-0.30	0.83
changing	-0.30	1.21
through	-0.30	0.69
explain	-0.30	1.17
polo	-0.30	0.82
title	-0.30	0.87
during	-0.30	0.76
styles	-0.30	1.03
walking	-0.30	0.69
respond	-0.30	0.80
seemed	-0.30	0.63
latter	-0.30	0.72
shyness	-0.30	0.86
frankly	-0.30	0.74
typical	-0.29	0.62
chance	-0.29	0.89
majority	-0.29	0.90
sense	-0.29	0.88
exact	-0.29	0.83
directly	-0.29	0.77
form	-0.29	0.78
mask	-0.29	0.66
each	-0.29	0.84
asked	-0.29	0.74
and/or	-0.29	0.79
talked	-0.29	0.78
online	-0.28	0.81
available	-0.28	0.89
feed	-0.28	0.79
fine	-0.28	2.42
update	-0.28	1.02
punch	-0.28	0.71
college	-0.28	0.67
attention	-0.28	0.72
term	-0.28	0.68
multiple	-0.28	0.74
suspect	-0.28	0.69
hold	-0.28	0.71
effects	-0.28	0.85
lives	-0.28	0.80
science	-0.28	0.75
written	-0.27	0.67
serial	-0.27	1.14
99	-0.27	0.90
picky	-0.27	0.89
make-up	-0.27	0.76
after	-0.27	0.95
certain	-0.27	0.88
sorts	-0.27	1.00
bar	-0.27	0.70
resemblance	-0.27	0.72
secret	-0.27	0.75
bag	-0.27	0.70
goatee	-0.27	1.05
yoga	-0.27	0.83
depends	-0.27	0.90
testosterone	-0.27	0.81
meaning	-0.26	0.62
walked	-0.26	0.77
walk	-0.26	0.75
search	-0.26	0.88
aware	-0.26	1.06
secondly	-0.26	0.88
me	-0.26	0.97
us	-0.26	0.85
picked	-0.26	0.69
night	-0.26	0.64
button	-0.26	0.83
tee	-0.26	0.77
condition	-0.25	0.76
news	-0.25	1.19
earlier	-0.25	0.68
culture	-0.25	0.92
test	-0.25	0.86
drug	-0.25	0.75
description	-0.25	0.79
trash	-0.25	0.88
approach	-0.25	0.78
month	-0.25	1.22
tonight	-0.25	0.69
douche	-0.25	0.65
reality	-0.25	0.81
improved	-0.25	1.24
wax	-0.25	0.76
jesus	-0.25	1.64
effect	-0.25	0.89
activity	-0.25	0.98
gold	-0.24	0.83
left	-0.24	0.80
playing	-0.24	0.72
increase	-0.24	0.92
street	-0.24	0.70
try	-0.24	1.09
wild	-0.24	0.79
sound	-0.24	0.79
dudes	-0.24	0.84
drive	-0.24	0.63
laid	-0.24	0.73
kinds	-0.24	0.85
changes	-0.24	1.16
youtube	-0.24	1.09
boost	-0.24	1.15
strength	-0.24	0.98
boys	-0.24	0.72
biased	-0.24	0.92
afraid	-0.24	1.15
subreddits	-0.24	0.96
wondering	-0.24	1.27
80	-0.24	0.71
onto	-0.23	0.75
apparent	-0.23	0.78
speaking	-0.23	0.76
dress	-0.23	0.78
assume	-0.23	0.87
became	-0.23	0.63
stage	-0.23	0.67
realise	-0.23	0.80
comfort	-0.23	0.70
surprise	-0.23	0.74
lifestyle	-0.23	0.82
types	-0.23	0.88
turned	-0.23	0.62
blah	-0.23	0.69
goddamn	-0.23	0.96
products	-0.23	0.89
read	-0.23	0.82
pointing	-0.22	1.02
beards	-0.22	1.18
listen	-0.22	1.11
recommendations	-0.22	1.00
bullies	-0.22	0.82
cover	-0.22	0.78
bullied	-0.22	0.62
dicks	-0.22	0.65
umm	-0.22	0.86
w	-0.22	0.89
let	-0.22	1.15
name	-0.22	0.78
relationship	-0.22	0.87
said	-0.22	0.87
every	-0.22	0.99
next	-0.22	1.11
staying	-0.22	0.73
hairstyle	-0.22	1.09
emo	-0.21	0.71
conservative	-0.21	0.65
reading	-0.21	0.79
interest	-0.21	0.78
strongly	-0.21	0.83
drastically	-0.21	1.01
added	-0.21	0.92
opinions	-0.21	0.80
minor	-0.21	1.07
kill	-0.21	1.77
matters	-0.21	1.04
because	-0.21	1.44
shaving	-0.21	0.87
recommended	-0.21	0.69
addition	-0.21	0.84
gotten	-0.21	0.72
exactly	-0.21	1.45
t	-0.21	0.77
military	-0.21	0.74
covered	-0.21	0.73
town	-0.21	0.75
tool	-0.21	0.76
come	-0.20	0.86
regret	-0.20	0.76
hear	-0.20	1.13
approaching	-0.20	0.77
raise	-0.20	0.79
tea	-0.20	0.67
ladies	-0.20	0.83
quickly	-0.20	0.67
poster	-0.20	0.88
paint	-0.20	0.71
early	-0.20	0.72
chicks	-0.20	0.82
balls	-0.20	0.75
therefore	-0.20	0.92
teach	-0.20	0.78
direction	-0.20	0.88
when	-0.20	0.74
messy	-0.20	0.73
steps	-0.20	0.82
breaking	-0.20	0.84
plenty	-0.19	0.96
badly	-0.19	1.07
thus	-0.19	0.68
training	-0.19	1.01
tons	-0.19	0.99
nerdy	-0.19	0.72
pure	-0.19	0.71
responses	-0.19	0.65
constant	-0.19	0.74
suggestion	-0.19	1.26
want	-0.19	1.47
details	-0.19	0.81
express	-0.19	0.79
cancer	-0.19	0.65
ago	-0.19	1.30
watch	-0.19	1.11
four	-0.19	1.41
turn	-0.19	0.86
lots	-0.19	0.94
bowl	-0.19	0.86
overcome	-0.19	0.89
recently	-0.19	0.70
boring	-0.19	0.88
further	-0.18	0.92
laugh	-0.18	0.71
apparently	-0.18	0.75
conversations	-0.18	0.75
thinking	-0.18	1.34
help	-0.18	1.23
section	-0.18	0.84
downvoted	-0.18	0.76
past	-0.18	1.32
drinking	-0.18	0.71
bdd	-0.18	0.83
promise	-0.18	0.82
fail	-0.18	0.77
likely	-0.17	0.79
yet	-0.17	0.75
sarcastic	-0.17	0.76
website	-0.17	0.82
attached	-0.17	0.75
compared	-0.17	0.79
research	-0.17	0.97
pro	-0.17	0.71
pride	-0.17	0.90
lies	-0.17	1.03
new	-0.17	1.03
genetics	-0.17	0.80
save	-0.17	0.77
ask	-0.17	0.97
trick	-0.17	0.89
need	-0.17	1.56
leg	-0.17	0.98
lifting	-0.17	1.02
version	-0.17	0.82
checked	-0.17	0.71
meeting	-0.17	0.78
spent	-0.17	0.71
exercising	-0.17	0.98
worse	-0.16	0.67
tame	-0.16	0.74
dare	-0.16	0.92
surgeon	-0.16	0.86
loud	-0.16	0.67
scruff	-0.16	1.00
girls	-0.16	0.98
brought	-0.16	0.69
oily	-0.16	0.82
start	-0.16	0.80
flaw	-0.16	1.26
until	-0.16	0.77
heavily	-0.16	0.57
stopped	-0.16	0.69
quick	-0.16	0.85
worthy	-0.16	0.66
alternative	-0.16	0.75
scruffy	-0.16	0.77
profile	-0.16	0.90
current	-0.15	0.98
wo	-0.15	1.17
fitness	-0.15	0.79
full	-0.15	0.92
unless	-0.15	1.38
tom	-0.15	0.68
foods	-0.15	0.72
share	-0.15	0.64
calories	-0.15	0.71
self-image	-0.15	0.73
calorie	-0.15	0.70
apart	-0.15	0.75
sex	-0.15	0.74
appropriate	-0.15	0.82
michael	-0.15	0.67
critique	-0.14	0.98
behavior	-0.14	0.68
careful	-0.14	0.72
career	-0.14	0.77
lil	-0.14	0.76
hide	-0.14	0.79
helped	-0.14	0.82
shows	-0.14	2.04
dresses	-0.14	0.69
spend	-0.14	0.79
nuts	-0.14	0.70
freak	-0.14	0.73
vote	-0.14	0.75
car	-0.14	0.63
cost	-0.14	0.80
university	-0.14	0.80
considered	-0.14	0.71
energy	-0.14	0.74
aiming	-0.14	0.99
impossible	-0.14	0.85
clothes	-0.14	0.76
beard	-0.13	1.01
bc	-0.13	0.83
videos	-0.13	1.09
painful	-0.13	0.60
anybody	-0.13	1.29
live	-0.13	0.83
imho	-0.13	0.81
twenties	-0.13	0.73
experiment	-0.13	0.83
mentioned	-0.13	0.85
alcohol	-0.13	0.70
clean	-0.13	0.87
arent	-0.13	0.89
trimmed	-0.13	0.88
suggested	-0.13	0.74
strangers	-0.13	0.80
jokes	-0.13	0.67
guessed	-0.13	0.69
attracting	-0.13	0.93
levels	-0.13	0.80
follow	-0.13	0.79
maintain	-0.13	0.78
wait	-0.12	0.70
they	-0.12	1.33
attempt	-0.12	0.70
player	-0.12	0.74
focusing	-0.12	0.86
standards	-0.12	0.68
team	-0.12	0.71
whore	-0.12	0.66
weed	-0.12	0.69
<SPECIAL>	-0.12	0.64
<URL>	-0.12	0.64
appeal	-0.12	0.78
missed	-0.12	0.90
tighter	-0.12	0.82
excited	-0.12	1.26
close	-0.12	1.06
run	-0.12	0.69
impression	-0.12	0.75
apologize	-0.12	0.74
giving	-0.12	0.77
write	-0.12	0.76
stubble	-0.12	1.00
wanted	-0.12	0.91
talk	-0.12	0.88
fully	-0.12	0.88
another	-0.12	1.07
answers	-0.12	0.76
twice	-0.11	0.73
haircut	-0.11	1.06
anime	-0.11	0.75
morning	-0.11	0.70
highschool	-0.11	0.68
opposite	-0.11	0.90
commit	-0.11	0.80
prob	-0.11	0.80
country	-0.11	0.76
fall	-0.11	0.73
smoking	-0.11	0.89
haircuts	-0.11	0.88
play	-0.11	0.68
hairdresser	-0.11	0.99
brand	-0.11	0.67
shocked	-0.11	0.68
present	-0.11	0.96
sport	-0.11	0.92
formal	-0.11	0.73
possibility	-0.11	0.83
photogenic	-0.11	0.78
starting	-0.10	1.01
dating	-0.10	0.67
style	-0.10	1.04
youth	-0.10	0.66
questions	-0.10	0.84
courage	-0.10	0.80
reasonable	-0.10	0.78
club	-0.10	0.73
usual	-0.10	0.75
degree	-0.10	0.77
counts	-0.10	0.82
go	-0.10	1.06
three	-0.10	1.32
people	-0.10	0.98
push	-0.09	0.77
vice	-0.09	0.72
downvote	-0.09	0.76
metabolism	-0.09	0.70
wall	-0.09	0.68
stylish	-0.09	0.83
places	-0.09	0.96
fighting	-0.09	0.67
lot	-0.09	0.98
ready	-0.09	0.65
flaws	-0.09	1.07
circle	-0.09	0.69
dad	-0.09	0.60
agree	-0.09	0.80
females	-0.09	0.79
relationships	-0.09	0.70
understanding	-0.08	0.83
expecting	-0.08	0.76
wish	-0.08	0.87
dropped	-0.08	0.76
route	-0.08	0.76
insurance	-0.08	0.73
maybe	-0.08	1.18
relevant	-0.08	0.76
finding	-0.08	0.70
situations	-0.08	0.73
create	-0.08	0.71
doesnt	-0.08	0.78
gel	-0.08	0.78
picking	-0.08	0.75
achieve	-0.08	0.85
running	-0.08	0.94
goals	-0.08	0.69
black	-0.08	0.74
isnt	-0.08	0.97
south	-0.08	0.73
bridge	-0.08	0.91
move	-0.07	0.74
brush	-0.07	0.73
info	-0.07	0.91
afford	-0.07	0.88
causing	-0.07	0.71
level	-0.07	0.82
uk	-0.07	0.88
skip	-0.07	0.75
meet	-0.07	0.69
food	-0.07	0.69
moved	-0.07	0.69
pushing	-0.07	0.70
parting	-0.07	0.83
fucked	-0.07	0.73
wardrobe	-0.07	0.97
properly	-0.07	0.84
drawn	-0.07	0.75
treated	-0.07	0.61
parents	-0.07	0.63
late	-0.07	0.74
shadow	-0.07	0.85
out	-0.07	1.10
planning	-0.07	0.82
breaker	-0.07	0.75
useful	-0.07	0.88
tv	-0.07	0.84
bra	-0.06	0.74
count	-0.06	0.76
answering	-0.06	0.81
tilt	-0.06	0.77
mid	-0.06	0.75
suggestions	-0.06	0.98
guys	-0.06	0.97
million	-0.06	0.90
salt	-0.06	0.70
improving	-0.06	1.13
styling	-0.06	0.85
everyday	-0.06	0.75
week	-0.06	1.14
cheat	-0.05	0.84
tad	-0.05	0.86
diet	-0.05	0.75
admit	-0.05	0.70
tomorrow	-0.05	0.78
downvotes	-0.05	0.73
internet	-0.05	0.71
blend	-0.05	1.01
generally	-0.05	0.97
therapist	-0.05	0.84
day	-0.05	0.78
becomes	-0.05	0.67
little	-0.05	0.82
lights	-0.05	0.62
despite	-0.05	0.63
manage	-0.05	0.84
manner	-0.05	0.62
experimenting	-0.05	0.88
success	-0.05	0.70
benefit	-0.05	0.98
even	-0.05	1.57
1	-0.05	2.09
box	-0.04	0.62
cutting	-0.04	0.78
chances	-0.04	0.69
compliments	-0.04	0.88
trendy	-0.04	0.80
air	-0.04	0.66
yellow	-0.04	0.72
saying	-0.04	1.56
therapy	-0.04	0.82
later	-0.04	0.82
punk	-0.04	0.77
busy	-0.04	0.68
tidy	-0.04	0.82
trying	-0.04	1.28
rush	-0.04	1.15
category	-0.04	0.74
carbs	-0.04	0.69
eating	-0.04	0.74
casual	-0.04	0.72
bushy	-0.04	0.75
bald	-0.04	0.83
tutorials	-0.04	1.02
daily	-0.04	0.73
minutes	-0.04	0.82
attractiveness	-0.04	0.83
zone	-0.03	0.75
colored	-0.03	0.76
movie	-0.03	0.78
message	-0.03	0.73
focus	-0.03	0.81
asian	-0.03	0.86
piece	-0.03	0.83
population	-0.03	0.75
flirting	-0.03	0.68
weights	-0.03	1.01
strike	-0.03	0.68
self-conscious	-0.03	1.69
tough	-0.03	0.74
exercise	-0.03	0.81
terms	-0.03	0.89
aspect	-0.03	0.92
text	-0.03	0.72
video	-0.03	0.71
cuts	-0.03	0.95
wouldnt	-0.03	1.05
shaven	-0.03	0.98
opportunity	-0.03	0.75
am	-0.03	1.07
bed	-0.03	0.67
mark	-0.03	0.63
ai	-0.03	1.32
click	-0.02	0.86
barber	-0.02	0.85
keeping	-0.02	0.78
argue	-0.02	1.04
ethnicity	-0.02	0.80
tail	-0.02	0.69
barely	-0.02	0.82
order	-0.02	0.92
social	-0.02	0.72
intimidated	-0.02	0.81
underweight	-0.02	0.73
polish	-0.02	0.62
back	-0.02	0.77
exercises	-0.02	1.02
ability	-0.02	0.73
realistic	-0.02	0.63
done	-0.02	0.68
relatively	-0.02	0.85
resemble	-0.02	0.74
tends	-0.02	0.74
remind	-0.02	0.65
accepting	-0.02	0.79
fish	-0.02	0.71
reach	-0.02	0.69
knowing	-0.02	0.72
base	-0.01	0.69
filled	-0.01	0.92
ups	-0.01	0.77
into	-0.01	0.73
down	-0.01	0.76
office	-0.01	0.64
slowly	-0.01	0.69
ultimately	-0.01	0.85
criticism	-0.01	0.84
settle	-0.01	0.72
elaborate	-0.01	1.04
gets	-0.01	0.80
contacts	-0.01	1.02
unhealthy	-0.01	0.75
offended	-0.01	0.70
assuming	-0.01	0.90
0	-0.01	0.84
immediately	-0.01	0.69
medication	-0.01	0.70
pair	-0.01	0.78
90	-0.01	0.85
lanky	-0.01	0.73
hour	-0.01	0.80
intake	-0.01	0.69
insecure	-0.01	1.68
sit	-0.01	0.69
wanting	-0.01	0.86
necessary	-0.00	1.06
fingers	-0.00	0.73
aesthetic	-0.00	0.74
considering	-0.00	0.80
kid	-0.00	0.71
sleep	-0.00	0.66
wonders	-0.00	1.03
brutal	-0.00	0.80
detract	-0.00	0.96
fro	-0.00	0.86
glasses	-0.00	0.94
bikini	-0.00	0.84
names	-0.00	0.76
bruh	-0.00	0.83
everyone	-0.00	1.27
goes	0.00	0.77
weekend	0.00	0.71
plucking	0.00	0.74
calling	0.00	0.82
gon	0.00	1.05
background	0.00	0.74
or	0.01	1.33
confidence	0.01	0.76
surely	0.01	0.80
towards	0.01	0.80
comb	0.01	0.74
classes	0.01	0.74
lean	0.01	0.75
brain	0.01	0.71
dates	0.01	0.70
miles	0.01	0.80
living	0.01	0.75
indeed	0.01	0.75
hairline	0.01	0.70
whether	0.01	0.98
suppose	0.01	0.95
shower	0.01	0.69
process	0.02	0.72
absolute	0.02	0.76
undercut	0.02	0.86
changed	0.02	1.16
vegetables	0.02	0.69
offense	0.02	1.04
key	0.02	0.82
pay	0.02	0.78
starts	0.02	0.61
drugs	0.02	0.76
couple	0.03	1.32
whose	0.03	0.63
put	0.03	0.80
kept	0.03	0.71
justin	0.03	0.73
ripped	0.03	0.75
makeover	0.03	0.85
modern	0.03	0.87
rhinoplasty	0.03	0.85
workout	0.03	0.87
business	0.03	0.71
professional	0.03	0.85
son	0.03	0.71
practice	0.03	0.88
frequently	0.03	0.69
sloppy	0.03	0.67
faster	0.03	0.72
develop	0.03	0.75
13	0.03	0.64
dorky	0.03	0.78
girlfriend	0.03	0.85
father	0.03	0.57
heavy	0.03	0.76
ppl	0.03	0.87
dressing	0.03	0.74
random	0.04	0.75
touch	0.04	0.69
nor	0.04	1.24
salon	0.04	0.83
curiosity	0.04	1.17
hidden	0.04	0.73
idk	0.04	1.40
slow	0.04	0.66
seconds	0.04	0.78
hideous	0.04	1.03
plain	0.04	0.82
shampoo	0.04	0.74
healthier	0.04	0.82
routine	0.04	0.78
women	0.04	0.94
regular	0.04	0.79
jobs	0.04	0.70
closer	0.04	0.75
generic	0.04	0.70
developing	0.05	0.80
easier	0.05	0.85
shaggy	0.05	0.77
shorten	0.05	0.81
nerd	0.05	0.79
recommendation	0.05	1.39
him	0.05	1.03
list	0.05	0.79
standing	0.05	0.75
enhance	0.05	0.95
both	0.05	0.91
star	0.05	0.77
olds	0.05	0.74
balding	0.05	0.74
men	0.05	0.94
detracts	0.05	0.88
checking	0.05	0.98
fast	0.05	0.75
conditioner	0.05	0.73
effort	0.05	0.83
cold	0.05	0.65
themselves	0.06	0.89
simply	0.06	0.69
according	0.06	0.74
minimal	0.06	0.71
deal	0.06	1.09
dressed	0.06	0.65
moving	0.06	0.69
action	0.06	0.67
greatly	0.06	1.05
compensate	0.06	0.88
2	0.06	2.04
most	0.06	1.50
edge	0.06	0.67
horse	0.06	0.75
hairs	0.06	0.79
product	0.07	0.73
center	0.07	0.73
suddenly	0.07	0.71
stylist	0.07	0.83
patient	0.07	0.66
willing	0.07	0.79
username	0.07	0.67
confused	0.07	1.11
long	0.07	0.99
groups	0.07	0.72
unlike	0.07	0.59
sooner	0.07	0.80
as	0.07	0.98
iron	0.07	0.72
clubs	0.07	0.71
depending	0.07	0.85
humor	0.07	0.62
should	0.07	1.48
thinning	0.07	0.73
hobby	0.07	1.02
might	0.08	1.24
soda	0.08	0.68
toward	0.08	0.75
mood	0.08	0.75
vibe	0.08	0.79
within	0.08	1.08
hoping	0.08	0.90
stand	0.08	0.97
forgot	0.08	0.84
board	0.08	0.86
sometime	0.08	0.79
fixing	0.08	1.01
offer	0.08	0.86
embarrassed	0.08	1.32
r/femalefashionadvice	0.08	0.88
pm	0.08	0.73
significant	0.09	0.89
coffee	0.09	0.70
differently	0.09	0.88
frizzy	0.09	0.70
side	0.09	0.78
killing	0.09	0.66
teen	0.09	0.71
peace	0.09	0.67
city	0.09	0.79
cleaned	0.09	0.79
anyone	0.09	1.18
ideas	0.09	0.90
blame	0.09	0.73
famous	0.09	0.95
legit	0.09	0.72
treatment	0.10	0.75
bf	0.10	0.79
doubt	0.10	1.16
may	0.10	1.04
plan	0.10	0.93
sides	0.10	0.83
nowadays	0.10	0.68
honest	0.10	0.84
r/makeupaddiction	0.10	0.89
catch	0.10	0.72
seems	0.10	0.75
plays	0.10	0.86
up	0.10	0.79
broke	0.10	0.67
final	0.10	1.61
specifically	0.10	0.80
falling	0.10	0.76
buzz	0.10	0.79
check	0.10	0.89
shine	0.10	0.66
non	0.10	0.63
boyfriends	0.11	0.69
comment	0.11	0.93
hairstylist	0.11	0.87
chat	0.11	0.76
imperfections	0.11	0.89
six	0.11	0.96
study	0.11	0.73
straightening	0.11	0.82
high	0.11	0.68
attract	0.11	0.77
fade	0.11	0.79
state	0.11	0.70
wake	0.11	0.73
games	0.11	0.69
hands	0.11	0.78
along	0.11	0.68
fix	0.11	1.04
impact	0.11	1.18
brutally	0.11	0.82
asymmetrical	0.12	0.73
once	0.12	0.74
wan	0.12	1.00
french	0.12	0.60
confirm	0.12	0.74
road	0.12	0.73
way	0.12	1.63
gf	0.12	0.90
draw	0.12	0.73
hip	0.12	0.81
raised	0.12	0.60
parties	0.12	0.71
forward	0.12	0.71
gay	0.12	0.86
protein	0.12	0.76
whom	0.12	0.62
begin	0.12	0.67
na	0.12	1.08
numbers	0.13	0.73
mentally	0.13	0.63
trimming	0.13	0.81
helps	0.13	0.83
tips	0.13	0.91
uniform	0.13	0.76
arm	0.13	0.81
yep	0.13	0.85
pool	0.13	0.75
filling	0.13	0.76
washed	0.13	0.67
allowed	0.13	0.83
already	0.13	0.88
maintenance	0.13	0.74
teens	0.14	0.71
acceptable	0.14	0.75
fire	0.14	0.66
fancy	0.14	0.60
r/malehairadvice	0.14	0.91
indian	0.14	0.72
flirt	0.14	0.76
skinnier	0.14	0.70
membership	0.14	0.90
hit	0.14	0.90
r/fitness	0.14	0.88
cleavage	0.14	0.83
drink	0.14	0.68
n	0.14	0.72
tip	0.14	1.05
v	0.14	0.74
hug	0.14	0.63
perhaps	0.15	0.87
hitting	0.15	0.85
keep	0.15	0.93
building	0.15	1.02
free	0.15	0.78
david	0.15	0.65
expected	0.15	0.72
amount	0.15	0.86
game	0.15	0.69
gym	0.15	0.90
group	0.15	0.72
ears	0.15	1.05
crew	0.15	0.72
activities	0.15	0.77
rule	0.15	0.91
ice	0.15	0.68
involved	0.16	0.88
geeky	0.16	0.70
music	0.16	0.68
five	0.16	1.17
please	0.16	0.94
cleaning	0.16	0.77
sensitive	0.16	0.66
pluck	0.16	0.79
regularly	0.16	0.78
born	0.16	0.68
sleeves	0.16	0.78
dreads	0.16	1.20
learning	0.16	0.83
class	0.16	0.66
interests	0.16	0.64
longer	0.16	0.82
inches	0.16	0.89
himself	0.16	0.84
eyebrow	0.16	0.78
tats	0.16	1.65
complete	0.16	0.68
join	0.16	0.79
soon	0.16	0.84
r/malefashionadvice	0.17	0.91
plastic	0.17	0.80
eventually	0.17	0.75
leaving	0.17	0.67
underneath	0.17	0.72
fixed	0.17	0.75
getting	0.17	0.80
vast	0.17	0.88
possibly	0.17	0.88
dental	0.17	0.74
remotely	0.17	1.24
smoke	0.17	0.76
guarantee	0.17	0.78
known	0.17	1.34
shaping	0.17	0.78
serious	0.17	1.04
hiding	0.17	0.80
particularly	0.17	1.43
someday	0.17	0.77
self-confidence	0.17	0.79
frames	0.17	0.84
cousin	0.17	0.63
shall	0.18	0.76
personality	0.18	0.77
actor	0.18	0.78
waiting	0.18	0.84
bold	0.18	0.80
coming	0.18	0.76
movies	0.18	0.78
impress	0.18	0.66
mom	0.18	0.82
blow	0.18	0.76
commenting	0.19	0.86
per	0.19	0.95
cleaner	0.19	0.72
ahead	0.19	0.74
looks	0.19	1.41
attracted	0.19	0.84
sweat	0.19	1.34
receding	0.19	0.69
motivation	0.19	0.73
summer	0.19	0.69
soften	0.19	0.79
surprised	0.20	0.91
cuz	0.20	0.78
lenses	0.20	0.80
doctor	0.20	0.76
priority	0.20	1.53
ye	0.20	0.73
hmmm	0.20	0.94
guess	0.20	1.01
familiar	0.20	0.85
hopefully	0.20	0.81
few	0.20	1.13
whoever	0.21	0.83
itself	0.21	0.71
crush	0.21	0.78
learn	0.21	0.77
advice	0.21	0.93
1-10	0.21	0.91
chris	0.21	0.65
visit	0.21	0.89
flatter	0.21	0.94
american	0.21	0.61
then	0.21	1.29
lay	0.21	0.74
confusing	0.21	0.64
yay	0.21	0.77
friends	0.21	0.65
2-3	0.22	1.09
conscious	0.22	1.56
apply	0.22	0.76
puts	0.22	0.69
carrying	0.22	0.69
conversation	0.22	0.69
some	0.22	0.89
3	0.22	1.88
huh	0.22	0.99
imgur	0.23	1.50
league	0.23	0.67
blunt	0.23	0.80
r/keto	0.23	0.79
eastern	0.23	0.65
cut	0.23	0.86
return	0.23	0.70
obsessed	0.23	0.95
swept	0.23	0.77
bags	0.23	0.67
romantic	0.23	0.62
areas	0.23	0.74
detailed	0.23	0.86
christ	0.24	0.78
media	0.24	0.76
bulk	0.24	0.81
overweight	0.24	0.93
heels	0.24	0.68
america	0.24	0.72
treat	0.24	0.82
brother	0.24	0.63
stone	0.24	0.76
bud	0.24	0.82
bangs	0.24	0.82
over	0.24	0.88
dry	0.24	0.74
groomed	0.24	0.82
framed	0.24	0.81
books	0.24	0.78
difference	0.24	1.22
makeup	0.24	0.75
response	0.24	0.75
45	0.24	0.75
youll	0.24	0.83
short	0.25	0.84
pointed	0.25	0.81
tattoo	0.25	1.00
constructive	0.25	0.83
models	0.25	0.72
percentage	0.25	0.74
top	0.25	0.75
neater	0.25	0.88
boat	0.25	0.64
2/10	0.25	0.81
worked	0.25	0.69
his	0.25	0.74
wash	0.25	0.82
goal	0.25	0.72
wig	0.25	1.34
somebody	0.25	1.07
carry	0.25	0.81
could	0.26	1.09
20	0.26	0.70
hmm	0.26	1.20
chicken	0.26	0.77
heads	0.26	0.73
jump	0.26	0.76
clean-shaven	0.26	0.80
attire	0.26	0.72
bmi	0.26	0.74
shorter	0.27	0.84
will	0.27	0.96
needed	0.27	0.95
dinner	0.27	0.62
boy	0.27	0.66
pls	0.27	0.72
12	0.27	1.01
results	0.27	0.80
pass	0.27	0.70
lift	0.27	0.84
professionally	0.27	0.82
thats	0.27	1.32
penis	0.27	0.69
get	0.28	1.07
squats	0.28	0.98
sign	0.28	0.72
friend	0.28	0.74
corner	0.28	0.82
sister	0.28	0.74
unattractive	0.28	0.99
means	0.28	1.36
drinks	0.28	0.69
future	0.28	0.76
comparison	0.28	0.81
fringe	0.28	0.80
winter	0.28	0.80
ryan	0.28	0.82
unsure	0.28	1.57
pack	0.29	0.72
roll	0.29	0.75
less	0.29	0.87
whitening	0.29	0.69
4	0.29	1.83
em	0.29	0.81
suited	0.29	0.78
drop	0.29	0.78
he	0.29	0.97
younger	0.29	0.69
helpful	0.29	0.89
styled	0.29	0.78
grey	0.29	0.69
bit	0.29	0.80
firstly	0.30	0.69
inner	0.30	0.66
them	0.30	0.99
anytime	0.30	0.80
30s	0.30	0.71
updated	0.30	0.79
eat	0.30	0.72
act	0.30	0.82
address	0.30	1.00
ton	0.31	0.77
24	0.31	0.73
distract	0.31	1.24
feedback	0.31	0.87
feeling	0.31	1.50
improvements	0.31	1.19
length	0.31	0.81
straight	0.31	0.80
hobbies	0.31	0.70
paid	0.31	0.64
than	0.31	0.81
now	0.32	1.43
eh	0.32	1.11
dentist	0.32	0.74
too	0.32	1.30
teenager	0.32	0.73
stick	0.32	0.83
between	0.32	0.96
struggling	0.32	0.92
bear	0.32	0.75
probably	0.33	1.19
17	0.33	0.72
sexier	0.33	0.83
artist	0.33	0.68
rest	0.33	1.52
solve	0.33	0.85
cup	0.33	0.64
bulking	0.33	0.80
brad	0.33	0.76
safe	0.33	0.63
husband	0.33	0.70
powder	0.33	0.70
cheated	0.33	0.61
working	0.34	0.99
although	0.34	1.12
year	0.34	0.68
covers	0.34	0.78
proper	0.34	0.77
able	0.34	1.01
bob	0.34	0.78
dyed	0.34	1.04
around	0.34	0.76
taller	0.34	0.76
foot	0.34	0.79
pudgy	0.34	0.87
shoulder	0.34	0.78
age	0.35	0.72
massive	0.35	0.87
blush	0.35	0.73
slightly	0.35	0.81
visible	0.35	0.81
genetic	0.35	0.65
heavier	0.35	0.69
30	0.35	0.69
ill	0.35	0.94
straightened	0.36	0.66
say	0.36	1.40
scale	0.36	0.93
children	0.36	0.69
ponytail	0.36	0.71
29	0.36	0.67
interested	0.36	0.92
becoming	0.36	0.67
suit	0.36	0.88
points	0.36	0.82
pursue	0.36	0.75
she	0.36	1.01
package	0.36	0.78
else	0.36	1.86
pixie	0.37	0.76
18	0.37	0.69
spot	0.37	0.67
aesthetics	0.37	0.74
27	0.37	0.68
comfortable	0.37	1.62
25	0.37	0.68
bet	0.37	0.78
23	0.37	0.69
thicker	0.37	0.79
straighten	0.37	0.73
give	0.37	0.83
19	0.37	0.69
26	0.37	0.69
head	0.37	0.80
nobody	0.37	1.08
bringing	0.37	0.70
feel	0.38	1.49
21	0.38	0.68
hope	0.38	0.85
im	0.38	1.10
hotter	0.38	0.70
gives	0.38	0.68
clearly	0.38	0.96
waxed	0.38	0.78
near	0.38	0.89
significantly	0.38	0.78
ex	0.38	0.57
dropping	0.38	0.75
faced	0.38	0.79
actress	0.38	0.73
rough	0.38	0.72
flat	0.38	0.74
community	0.39	0.75
scars	0.39	0.90
fyi	0.39	0.72
going	0.39	1.37
mascara	0.39	0.68
inch	0.39	0.82
bump	0.39	0.97
someone	0.39	1.05
must	0.39	1.01
mass	0.39	0.79
complimented	0.39	0.64
22	0.39	0.69
at	0.39	1.26
dance	0.39	0.77
being	0.39	0.75
lastly	0.39	0.68
ideal	0.40	0.71
her	0.40	0.85
inspiration	0.40	0.83
miss	0.40	0.78
gt	0.40	0.97
asymmetry	0.40	0.94
overly	0.40	0.80
completely	0.40	1.14
curl	0.40	0.66
ps	0.40	0.71
nicer	0.40	0.74
adult	0.40	0.84
35	0.40	0.71
ll	0.40	0.97
scar	0.41	0.76
nearly	0.41	0.64
thinner	0.41	0.73
sees	0.41	1.16
add	0.41	0.68
fit	0.41	0.82
sorry	0.41	1.14
build	0.41	0.83
meat	0.41	0.70
better	0.42	0.87
water	0.42	0.66
k	0.42	0.96
blood	0.42	0.63
white	0.42	0.73
user	0.42	0.73
tooth	0.42	0.67
guitar	0.42	0.71
ruin	0.42	1.19
smiled	0.42	0.63
moment	0.42	0.82
student	0.43	0.63
halloween	0.43	0.82
40	0.43	0.68
buff	0.43	0.79
gain	0.43	0.82
muscle	0.43	0.80
envy	0.43	0.74
shades	0.43	0.67
pitt	0.43	0.80
butterface	0.43	0.90
28	0.43	0.69
shoulders	0.43	0.72
source	0.43	0.73
responding	0.44	0.81
train	0.44	0.76
aswell	0.44	0.74
built	0.44	0.76
5	0.44	1.21
ink	0.44	1.55
male	0.44	0.73
win	0.44	0.69
classy	0.44	0.68
status	0.44	0.72
tbh	0.45	0.92
dieting	0.45	0.76
thx	0.45	0.83
highly	0.45	0.73
mix	0.45	0.76
partner	0.45	0.82
double	0.45	0.97
chocolate	0.45	0.64
rich	0.45	0.65
atleast	0.45	0.77
medium	0.45	0.75
till	0.45	0.65
14	0.45	0.71
hardly	0.46	0.78
subtle	0.46	0.70
make	0.46	0.90
stranger	0.46	0.77
married	0.46	0.63
15	0.46	0.72
orange	0.46	0.71
path	0.46	0.70
hang	0.46	0.72
instantly	0.46	0.62
showing	0.47	0.62
nose	0.47	1.22
desire	0.47	0.74
100	0.47	0.74
finally	0.47	0.65
cleared	0.47	0.75
find	0.47	0.96
forehead	0.47	0.76
neat	0.47	0.85
ratio	0.47	0.67
developed	0.47	0.66
healthy	0.47	0.77
hook	0.47	0.70
land	0.47	0.76
joking	0.48	0.74
old	0.48	0.69
lines	0.48	0.81
layers	0.48	0.79
wife	0.48	0.70
kiss	0.48	0.57
door	0.48	0.75
sports	0.48	0.72
blind	0.48	0.78
alot	0.49	0.82
contact	0.49	0.72
active	0.49	0.69
collar	0.49	0.69
brings	0.49	0.71
extra	0.49	0.72
skinny	0.49	0.79
16	0.49	0.71
somehow	0.50	1.04
whiten	0.50	0.67
normal	0.50	1.05
older	0.50	0.69
adding	0.50	0.72
charm	0.50	0.68
oddly	0.50	0.98
john	0.50	0.66
f	0.50	0.74
polite	0.51	0.72
upper	0.51	0.68
appears	0.51	0.64
area	0.51	0.75
female	0.51	0.73
bring	0.51	0.74
reply	0.51	0.89
eyebrows	0.51	0.78
spots	0.51	0.68
abs	0.51	0.74
honesty	0.52	0.94
automatically	0.52	0.71
qualities	0.52	0.78
successful	0.52	0.80
grain	0.52	0.92
family	0.52	0.69
bottom	0.52	0.68
easy	0.52	0.92
messed	0.52	0.68
exceptionally	0.52	1.16
half	0.52	0.55
russian	0.53	0.67
all	0.53	1.43
curls	0.53	0.74
surgery	0.53	0.80
heartbeat	0.53	0.77
luckily	0.53	0.85
50	0.53	0.69
gap	0.53	0.70
hides	0.53	0.69
shed	0.53	0.73
dead	0.53	0.66
op	0.53	1.11
ten	0.54	0.99
thick	0.54	0.73
under	0.54	0.71
chest	0.54	0.75
brows	0.54	0.79
played	0.54	0.98
together	0.54	0.78
ends	0.54	0.64
total	0.54	0.75
definite	0.54	0.90
fill	0.54	0.78
naked	0.54	0.89
laughing	0.54	1.11
hurts	0.55	0.99
gained	0.55	0.68
noticeable	0.55	0.83
lower	0.55	0.71
weigh	0.55	0.79
sexually	0.55	0.74
covering	0.55	0.69
11	0.55	1.04
honey	0.56	0.70
crap	0.56	0.89
liner	0.56	0.71
original	0.56	1.09
volume	0.56	0.75
especially	0.56	1.72
rating	0.56	0.93
yr	0.56	0.68
ended	0.56	0.93
perceived	0.57	0.78
type	0.57	0.89
grin	0.57	0.69
fly	0.57	0.88
oil	0.57	0.81
brah	0.57	0.84
yourself	0.57	1.31
concealer	0.58	0.69
pussy	0.58	0.70
much	0.58	1.33
neck	0.58	0.79
eye	0.58	0.72
money	0.58	0.79
y/o	0.58	0.69
glad	0.58	0.94
tiny	0.58	0.82
minimum	0.58	0.80
irish	0.59	0.60
60	0.59	0.73
combination	0.59	0.64
contouring	0.59	0.75
fellow	0.59	0.75
pop	0.59	0.62
girly	0.60	0.77
pencil	0.60	0.75
arms	0.60	0.76
brighter	0.60	0.73
fuller	0.60	0.75
b	0.60	0.75
range	0.60	0.81
calls	0.61	1.32
fresh	0.61	0.66
gaining	0.61	0.78
prettier	0.61	0.83
eyeliner	0.62	0.69
anyways	0.62	1.08
muscles	0.62	0.78
sentence	0.62	1.15
eyeshadow	0.62	0.67
belly	0.63	0.71
accutane	0.63	0.67
lipstick	0.63	0.73
crooked	0.63	0.63
fat	0.63	0.80
brunette	0.63	0.63
cuter	0.63	0.76
sized	0.63	0.76
cheating	0.64	1.09
european	0.64	0.62
girlfriends	0.64	1.06
heart	0.64	0.60
everywhere	0.64	0.72
works	0.64	0.85
kind	0.64	0.84
boyish	0.64	0.73
support	0.64	0.74
improvement	0.64	1.37
hi	0.64	0.80
potentially	0.64	0.81
buddy	0.65	0.95
rounder	0.65	0.72
noses	0.65	0.69
curly	0.65	0.72
repulsive	0.66	0.94
smirk	0.66	0.65
looker	0.66	0.96
androgynous	0.66	0.72
reckon	0.66	0.83
importantly	0.67	0.67
adds	0.67	0.69
messages	0.67	1.14
breath	0.67	0.62
toning	0.67	0.84
smaller	0.67	0.75
work	0.67	1.11
honestly	0.67	1.48
individual	0.67	0.64
tells	0.67	1.48
glass	0.68	0.70
traits	0.68	0.78
everybody	0.68	1.48
yup	0.68	0.76
6	0.68	1.10
closed	0.68	0.78
character	0.69	0.64
feet	0.69	0.69
though	0.69	1.33
happiness	0.69	0.99
thinks	0.69	1.53
says	0.69	1.49
anyway	0.69	1.28
hint	0.69	0.63
fake	0.70	0.61
dramatic	0.70	0.71
natural	0.70	0.61
boyfriend	0.70	1.07
cat	0.70	0.63
appear	0.70	0.79
nowhere	0.70	1.06
wide	0.71	0.72
higher	0.71	0.85
dermatologist	0.71	0.77
certainly	0.71	1.23
define	0.72	0.79
pretend	0.72	1.14
dying	0.72	0.69
appreciated	0.72	0.93
physically	0.72	0.71
herself	0.72	1.12
slimmer	0.73	0.69
af	0.73	0.87
braces	0.73	0.63
space	0.73	0.70
however	0.73	1.26
note	0.74	0.71
pull	0.74	1.18
has	0.74	1.36
mature	0.74	0.80
obviously	0.74	1.10
circles	0.75	0.73
mate	0.75	1.13
athletic	0.75	0.73
worries	0.75	1.47
lbs	0.76	0.68
dang	0.76	0.68
meant	0.76	1.18
almost	0.76	0.63
accentuate	0.76	0.79
deep	0.76	0.63
likes	0.76	1.51
curve	0.77	0.74
muscular	0.77	0.82
larger	0.77	0.70
trait	0.77	0.74
huge	0.78	0.82
scrawny	0.78	0.71
height	0.78	0.72
sir	0.78	0.86
also	0.78	1.15
art	0.78	1.09
word	0.78	1.19
show	0.78	0.69
colors	0.78	0.68
ha	0.79	0.88
chick	0.79	0.68
appreciate	0.79	0.98
dream	0.79	0.65
fits	0.80	0.85
prefer	0.80	1.16
naw	0.80	1.14
pounds	0.80	0.68
beyond	0.80	0.78
yours	0.80	0.73
needs	0.81	1.40
enough	0.81	1.14
hah	0.81	0.83
nigga	0.81	0.82
beauty	0.81	0.68
frame	0.82	0.78
colours	0.82	0.70
hun	0.82	1.37
wants	0.82	1.48
toned	0.82	0.69
meh	0.82	0.87
ta	0.82	0.89
essentially	0.83	0.82
input	0.83	0.96
fell	0.83	0.60
highlights	0.83	0.67
arch	0.83	0.65
lord	0.83	0.73
combined	0.83	0.93
noted	0.83	0.91
sun	0.83	0.61
wider	0.84	0.64
teeth	0.84	0.57
lmao	0.84	0.89
aha	0.84	0.88
golden	0.84	1.08
knockout	0.84	0.77
score	0.84	0.77
yea	0.84	1.05
child	0.85	0.63
bigger	0.85	0.70
tits	0.85	0.72
narrow	0.85	0.66
expert	0.85	1.13
basically	0.85	1.14
shit	0.86	1.13
dye	0.86	0.68
man	0.87	1.40
calm	0.87	0.81
set	0.87	0.75
cream	0.87	0.75
objectively	0.87	0.91
puppy	0.87	0.72
desirable	0.87	0.70
thickness	0.88	0.89
pink	0.88	0.71
smiling	0.88	0.97
alright	0.88	1.23
excess	0.88	0.65
date	0.88	0.77
words	0.88	0.86
thin	0.88	0.78
ahh	0.89	0.91
below	0.89	0.90
again	0.89	1.14
ok	0.89	1.28
least	0.89	0.97
ginger	0.89	0.67
pointy	0.89	0.73
rather	0.89	0.87
lighter	0.89	0.68
track	0.89	0.81
hilarious	0.89	0.89
book	0.89	0.84
loosing	0.90	0.78
sure	0.90	1.36
slightest	0.91	1.15
darker	0.91	0.67
waist	0.91	0.75
wavy	0.91	1.21
knows	0.91	1.37
wrinkles	0.91	0.57
aint	0.92	1.03
knock	0.92	0.76
still	0.92	1.08
limit	0.92	1.00
tap	0.93	0.74
okay	0.93	1.18
rate	0.93	0.88
r/skincareaddiction	0.93	0.83
chunky	0.93	0.74
british	0.93	0.64
purple	0.93	0.67
positive	0.93	0.98
foundation	0.93	0.70
losing	0.93	0.73
overbite	0.94	1.09
keeps	0.94	1.07
far	0.94	1.07
cares	0.94	1.38
brown	0.94	0.67
major	0.94	1.08
tanning	0.96	0.64
ah	0.96	1.01
stomach	0.96	0.73
truly	0.96	1.06
drastic	0.96	1.13
matches	0.96	0.77
material	0.96	0.75
relax	0.96	1.15
correctly	0.97	1.09
fact	0.97	1.21
red	0.97	0.66
thighs	0.97	0.74
rock	0.98	1.08
definately	0.98	0.72
hey	0.98	1.09
u	0.98	0.98
4.5/10	0.98	0.88
genes	0.98	0.81
thanks	0.98	1.02
among	0.98	0.71
shade	0.99	0.67
cheers	0.99	1.05
embrace	0.99	0.68
conventionally	0.99	0.79
shes	0.99	0.80
legs	0.99	0.74
who	0.99	1.19
happier	1.00	1.37
shapes	1.00	0.78
ur	1.00	1.10
tall	1.00	0.71
ya	1.00	1.10
become	1.00	0.72
reasonably	1.00	0.75
chubby	1.00	0.77
hahaha	1.00	0.83
m8	1.00	1.03
5.5/10	1.01	0.89
baby	1.01	0.71
d	1.01	1.01
acne	1.02	0.72
enjoy	1.02	1.11
color	1.02	0.66
breasts	1.03	0.73
lost	1.03	0.68
alive	1.03	1.00
well	1.03	1.18
loving	1.03	1.03
colour	1.04	0.66
uh	1.04	1.08
beat	1.04	0.95
hahah	1.05	0.91
x	1.05	0.84
otherwise	1.05	1.32
homo	1.05	1.24
beast	1.06	0.69
heh	1.06	0.89
finds	1.06	1.21
mother	1.06	0.78
blonde	1.06	0.66
beach	1.06	0.68
currently	1.06	0.89
light	1.07	0.66
compliment	1.07	0.97
shiny	1.07	0.65
yeah	1.08	1.19
potential	1.08	1.08
sooo	1.08	0.75
boobs	1.08	0.71
girl	1.08	0.75
r	1.09	0.82
perfection	1.09	0.70
7	1.10	0.90
quirky	1.10	0.67
3/10	1.10	0.86
imo	1.10	1.26
7-8	1.10	0.86
large	1.11	0.73
deserve	1.11	0.93
r/loseit	1.11	0.77
cuteness	1.11	0.66
6.5	1.11	0.91
bro	1.12	1.10
um	1.12	0.85
small	1.12	0.73
easily	1.12	0.88
8	1.12	0.88
17m	1.12	0.87
highlight	1.12	0.69
yes	1.12	1.22
german	1.12	0.97
id	1.12	0.88
flattered	1.13	0.83
lookin	1.13	1.13
hips	1.13	0.73
moisturizer	1.14	0.70
7.5	1.14	0.88
welcome	1.14	1.00
yo	1.15	0.81
solid	1.15	0.89
hahahaha	1.15	0.73
xd	1.15	0.82
6-7	1.16	0.88
underbite	1.16	1.13
shut	1.16	0.75
10	1.17	0.88
appealing	1.17	0.63
trip	1.17	0.93
lol	1.17	1.07
square	1.18	0.73
bang	1.19	0.82
continue	1.19	0.70
bright	1.19	0.66
gurl	1.19	0.76
4/10	1.19	0.86
c	1.19	0.78
grammar	1.20	1.13
outgoing	1.20	1.14
more	1.20	1.14
fuckin	1.20	0.79
smiles	1.20	0.59
english	1.20	1.05
slender	1.20	0.72
darn	1.21	0.82
7-8/10	1.21	0.88
haha	1.21	1.03
8.5	1.21	0.87
caring	1.21	0.78
nah	1.21	1.18
definitely	1.21	1.19
badass	1.22	0.94
balance	1.22	0.75
such	1.23	0.71
average	1.23	0.94
tone	1.24	0.72
shaped	1.24	0.71
proportion	1.24	0.88
smart	1.24	0.65
brow	1.25	0.69
6/10	1.25	0.92
6.5/10	1.25	0.92
suits	1.26	1.02
tan	1.26	0.68
hehe	1.27	0.81
hello	1.27	0.66
blemishes	1.27	0.66
5/10	1.27	0.88
edit	1.27	1.07
ridiculously	1.27	0.83
contrast	1.27	0.64
sucker	1.27	1.05
woman	1.27	0.72
looking	1.27	1.17
actually	1.28	1.06
facially	1.28	0.90
7/10	1.28	0.92
broad	1.28	0.72
above	1.29	0.94
size	1.29	0.67
guy	1.29	0.79
relaxed	1.30	1.13
dude	1.30	1.16
bite	1.31	0.96
journey	1.31	0.80
fuck	1.31	1.01
haired	1.31	0.82
italian	1.32	0.91
p	1.32	1.03
hell	1.33	1.23
fairly	1.33	0.82
uneven	1.34	0.70
person	1.34	0.91
absolutely	1.34	1.84
thankyou	1.35	0.90
etc	1.36	0.90
puffy	1.36	0.62
booty	1.36	0.70
def	1.36	0.98
thank	1.36	0.93
p.s	1.37	0.90
blond	1.38	0.63
round	1.39	0.69
tho	1.39	0.94
agreed	1.39	0.72
dark	1.39	0.61
nope	1.40	1.12
weight	1.40	0.72
confident	1.41	1.26
ass	1.41	0.73
feature	1.42	0.71
clearing	1.42	0.71
luck	1.42	0.95
8/10	1.43	0.88
mouth	1.43	0.50
fair	1.43	0.68
genuinely	1.43	1.08
weak	1.44	0.67
upvote	1.44	0.86
stunner	1.45	0.77
instant	1.45	0.84
slim	1.45	0.95
exotic	1.46	0.58
totally	1.46	0.99
curvy	1.47	0.70
7.5/10	1.47	0.90
blue	1.47	0.60
insane	1.47	0.79
aww	1.48	0.88
whoa	1.49	0.82
rugged	1.49	0.66
fucking	1.50	0.95
feminine	1.50	0.67
supermodel	1.51	0.93
aw	1.53	0.88
bod	1.53	0.61
quite	1.54	1.06
fella	1.56	0.92
8.5/10	1.56	0.82
cutie	1.57	0.80
mr	1.57	0.71
god	1.57	0.81
eyelashes	1.57	0.52
green	1.57	0.56
babe	1.57	0.71
interesting	1.58	0.84
outta	1.58	0.87
lucky	1.59	0.60
which	1.59	0.69
young	1.59	0.93
dear	1.60	0.70
youre	1.60	1.11
rounded	1.60	0.66
reference	1.61	0.86
emotionally	1.61	0.72
9	1.62	0.75
big	1.63	0.80
model	1.64	0.78
butt	1.64	0.88
emphasize	1.65	0.86
hottie	1.65	0.73
texture	1.66	0.63
curves	1.66	0.67
intelligent	1.68	0.67
attractive	1.70	0.77
woah	1.72	0.57
endearing	1.72	0.57
definition	1.72	0.68
an	1.73	0.82
manly	1.75	0.62
marry	1.75	0.67
chill	1.76	0.92
pronounced	1.78	0.64
elegant	1.78	0.56
stronger	1.79	0.72
lady	1.79	0.72
incredibly	1.80	0.72
open	1.80	0.79
lashes	1.81	0.58
fun	1.82	0.91
nicely	1.82	0.69
physique	1.82	0.73
innocent	1.82	0.56
seem	1.83	0.84
sweetheart	1.83	0.72
o	1.83	0.72
chin	1.83	0.68
amazingly	1.83	0.75
bonus	1.83	0.71
line	1.84	0.64
killer	1.84	1.09
smokin	1.84	0.89
match	1.84	0.81
pale	1.88	0.54
good-looking	1.89	0.74
handsome	1.91	0.95
naturally	1.91	0.69
kidding	1.92	0.86
extremely	1.92	0.76
oh	1.95	0.86
doll	1.95	0.60
gal	1.97	0.72
dat	1.98	0.73
sincere	1.99	0.62
cool	1.99	0.86
complement	2.00	0.80
seriously	2.00	1.00
accent	2.01	0.67
complements	2.02	0.65
smooth	2.03	0.60
decently	2.04	0.83
unique	2.04	0.59
body	2.05	0.77
lt	2.05	0.67
charming	2.06	0.52
omg	2.06	0.76
genuine	2.06	0.73
damn	2.07	0.91
petite	2.07	0.73
bones	2.09	0.55
friendly	2.09	0.77
perfectly	2.09	0.88
goodness	2.10	0.65
sharp	2.10	0.63
approachable	2.11	0.79
soooo	2.11	0.74
super	2.11	0.84
insanely	2.12	0.73
rack	2.13	0.63
gosh	2.14	0.72
overall	2.15	0.87
amp	2.17	0.65
masculine	2.17	0.59
cheek	2.17	0.59
smile	2.18	0.44
coloring	2.20	0.52
cheeks	2.20	0.55
cute	2.20	0.82
freaking	2.20	0.77
youthful	2.21	0.53
dem	2.21	0.64
progress	2.22	0.69
prominent	2.23	0.56
sweet	2.23	0.52
jaw	2.24	0.56
10/10	2.24	0.75
hot	2.25	0.79
9/10	2.26	0.68
pleasing	2.28	0.64
holy	2.29	0.71
jealous	2.29	0.57
face	2.31	0.68
loss	2.32	0.66
strong	2.33	0.54
pretty	2.38	0.79
soft	2.40	0.55
clear	2.44	0.59
pleasant	2.44	0.55
shape	2.44	0.65
very	2.45	0.65
plus	2.45	0.61
facial	2.46	0.66
figure	2.48	0.63
striking	2.49	0.40
defined	2.51	0.61
jawline	2.52	0.50
balanced	2.52	0.59
warm	2.53	0.49
chiseled	2.54	0.60
doe	2.58	0.56
got	2.58	0.60
impressive	2.58	0.59
rocking	2.58	0.56
fabulous	2.60	0.49
job	2.61	0.58
skin	2.61	0.52
cheekbones	2.67	0.45
inviting	2.67	0.47
proportions	2.68	0.58
wow	2.68	0.66
btw	2.69	0.53
complexion	2.72	0.50
proud	2.72	0.44
features	2.84	0.46
transformation	2.86	0.45
adorable	2.87	0.49
congratulations	2.87	0.43
rockin	2.87	0.34
sexy	2.91	0.48
symmetrical	2.93	0.44
congrats	2.93	0.41
gorgeous	2.95	0.45
decent	2.95	0.50
stunning	2.95	0.45
blessed	2.96	0.42
perfect	2.99	0.44
freckles	2.99	0.35
structure	3.00	0.41
bone	3.01	0.40
beautiful	3.02	0.42
excellent	3.04	0.31
dimples	3.04	0.33
lips	3.07	0.31
eyes	3.10	0.30
symmetry	3.11	0.34
flawless	3.17	0.32
great	3.17	0.33
incredible	3.19	0.28
lovely	3.20	0.31
wonderful	3.20	0.27
