death	-4.51	1.77
starvation	-4.40	1.77
wars	-4.40	1.80
shitty	-4.31	1.42
japanese	-4.30	1.66
blame	-3.94	1.67
were	-3.84	2.03
wasteful	-3.83	1.85
excuse	-3.83	1.47
doomed	-3.82	1.94
tendencies	-3.82	2.26
believed	-3.80	1.92
whoever	-3.75	2.15
surprise	-3.75	1.42
hurting	-3.74	2.24
approve	-3.70	1.83
petty	-3.66	1.77
refused	-3.66	2.27
mess	-3.62	2.01
knew	-3.58	1.83
disaster	-3.55	1.98
knows	-3.48	2.39
exposed	-3.48	2.41
automatic	-3.45	2.48
reactions	-3.43	2.30
rejected	-3.40	2.22
wants	-3.37	2.54
says	-3.36	2.53
builds	-3.35	2.43
sees	-3.35	2.51
disagrees	-3.33	2.51
destruction	-3.30	2.32
unfortunate	-3.28	1.96
thinks	-3.28	2.57
selection	-3.28	2.48
nazis	-3.24	2.35
plans	-3.23	2.34
leading	-3.22	2.05
hating	-3.21	2.10
accuse	-3.21	2.20
anger	-3.20	1.85
denial	-3.18	2.39
oppose	-3.17	2.78
cares	-3.14	2.38
understands	-3.14	2.47
gay	-3.13	2.38
extreme	-3.03	2.07
libertarians	-3.01	2.80
evils	-2.98	2.32
initially	-2.97	2.38
leftists	-2.94	2.81
judging	-2.92	2.61
complaining	-2.91	2.06
evil	-2.91	3.01
statists	-2.91	2.81
disgusting	-2.90	1.64
call	-2.90	2.71
progressives	-2.82	2.79
prisons	-2.82	2.45
possibly	-2.78	2.78
scenarios	-2.74	2.65
krugman	-2.74	2.02
accusing	-2.74	2.44
attribute	-2.71	2.62
hatred	-2.71	2.31
nobody	-2.71	2.26
badly	-2.68	2.45
mix	-2.67	2.14
famous	-2.67	1.92
performed	-2.66	2.16
angry	-2.66	2.07
legit	-2.64	2.08
racists	-2.64	2.70
obsessed	-2.62	2.20
koch	-2.59	2.59
scenario	-2.58	2.79
considers	-2.57	1.95
agrees	-2.56	2.35
dislike	-2.56	2.51
ii	-2.55	2.40
nazi	-2.52	1.52
lenin	-2.52	1.30
worse	-2.51	2.38
unfortunately	-2.48	2.78
died	-2.45	1.17
hitler	-2.44	1.46
belongs	-2.43	2.30
calling	-2.39	2.40
unlike	-2.37	2.74
trash	-2.37	2.28
dream	-2.36	2.86
fascists	-2.36	2.49
identical	-2.36	2.46
boring	-2.35	1.87
uses	-2.32	2.19
wins	-2.32	1.52
believes	-2.31	2.99
socialists	-2.30	2.60
communists	-2.28	2.54
felt	-2.28	2.22
brothers	-2.28	2.62
ancaps	-2.28	2.65
fucks	-2.27	2.36
operation	-2.26	2.58
biggest	-2.26	2.62
mostly	-2.24	2.80
release	-2.24	2.62
deaths	-2.24	1.47
ruin	-2.23	2.47
anarchists	-2.23	2.55
kills	-2.22	1.80
conservatives	-2.21	2.52
owns	-2.20	2.12
minarchists	-2.20	2.61
millions	-2.19	1.64
fans	-2.19	2.77
accepts	-2.18	2.25
else	-2.18	2.76
decides	-2.17	2.18
mutualists	-2.17	2.52
anarcho-capitalists	-2.17	2.60
left-anarchists	-2.15	2.59
likes	-2.15	3.04
crack	-2.15	2.28
everyone	-2.13	2.41
fear	-2.13	1.52
tells	-2.13	2.94
killed	-2.13	1.41
ancoms	-2.12	2.59
complain	-2.12	2.32
killing	-2.11	3.61
fought	-2.10	1.33
inherently	-2.09	3.72
folks	-2.08	2.61
blaming	-2.08	1.56
liberals	-2.06	2.51
feeling	-2.06	2.48
calls	-2.06	1.98
conditions	-2.06	1.57
murders	-2.05	1.80
everybody	-2.04	2.34
genocide	-2.03	1.79
asks	-2.00	2.18
democrats	-2.00	2.34
mass	-1.99	1.65
marxists	-1.99	2.47
criticize	-1.99	1.74
fat	-1.97	2.25
racist	-1.97	2.57
republicans	-1.96	2.35
immoral	-1.94	4.08
causing	-1.93	1.51
condemn	-1.93	2.32
unacceptable	-1.91	3.56
left	-1.90	2.38
threat	-1.89	2.28
criticizing	-1.88	1.46
moralists	-1.88	2.51
supports	-1.87	2.93
refuses	-1.87	1.67
an-caps	-1.86	2.55
hypocrite	-1.84	2.74
resulted	-1.84	1.69
dies	-1.84	1.41
garbage	-1.83	2.13
buys	-1.83	1.92
themselves	-1.82	2.48
die	-1.82	1.51
invasion	-1.82	1.51
brutal	-1.81	1.54
stalin	-1.79	1.61
murdered	-1.79	1.36
unethical	-1.79	4.17
tries	-1.79	2.16
labeled	-1.77	2.11
fault	-1.77	1.75
told	-1.77	1.50
severe	-1.76	1.32
causes	-1.75	1.63
se	-1.75	3.31
threatened	-1.75	1.88
capitalists	-1.75	2.36
torture	-1.75	1.97
dying	-1.73	1.32
threats	-1.73	2.25
murder	-1.73	2.85
hardcore	-1.73	2.36
bush	-1.71	1.16
simplistic	-1.70	2.28
committed	-1.70	2.51
justified	-1.70	4.31
slavery	-1.69	2.33
war	-1.69	1.39
he/she	-1.68	1.96
coercing	-1.67	2.63
escape	-1.67	1.42
support	-1.66	2.38
anti-state	-1.66	2.32
oppressive	-1.66	2.62
tea	-1.65	1.84
unjust	-1.63	3.28
oppressing	-1.63	1.99
ussr	-1.62	1.74
warren	-1.61	1.40
theft	-1.61	3.14
harming	-1.61	2.33
suffer	-1.61	1.57
destroying	-1.61	1.90
soviet	-1.61	1.77
hierarchy	-1.60	2.55
morally	-1.60	4.32
due	-1.60	1.61
camps	-1.59	1.37
discriminate	-1.59	1.84
identify	-1.59	2.47
caused	-1.59	1.59
knowing	-1.58	2.10
somebody	-1.57	2.38
accountable	-1.57	1.65
initiation	-1.57	3.49
defending	-1.57	2.73
initiated	-1.57	3.04
rant	-1.57	2.08
reads	-1.56	2.01
aggressors	-1.56	3.20
feels	-1.56	1.97
influenced	-1.55	1.39
proxy	-1.55	1.55
jews	-1.55	1.43
aggression	-1.55	3.44
coercion	-1.54	3.24
puts	-1.53	1.33
reactionary	-1.53	2.10
aggressing	-1.52	3.13
gets	-1.52	2.02
pays	-1.52	1.91
trespassing	-1.52	3.43
criticized	-1.51	1.70
racism	-1.51	1.97
holds	-1.51	1.90
violence	-1.50	3.23
suffering	-1.50	1.55
responsible	-1.50	2.22
corrupt	-1.50	1.82
disagreed	-1.49	1.93
defend	-1.49	2.80
sick	-1.48	2.56
coercive	-1.48	3.14
initiating	-1.48	3.11
self-defense	-1.48	3.39
commit	-1.48	2.71
force	-1.48	3.10
fascist	-1.47	2.01
pain	-1.47	1.69
jail	-1.47	1.50
prison	-1.47	1.50
threatening	-1.47	2.71
justifiable	-1.46	4.33
attacking	-1.46	2.18
tend	-1.46	2.34
piss	-1.46	2.56
cause	-1.46	1.74
being	-1.45	2.38
progressive	-1.45	2.08
permissible	-1.45	4.33
supported	-1.45	1.40
harm	-1.44	1.91
rid	-1.44	2.29
entitled	-1.44	2.12
acts	-1.44	3.39
conservative	-1.42	2.10
japan	-1.42	1.54
speaks	-1.42	1.93
permitted	-1.41	2.97
acted	-1.41	1.95
hierarchical	-1.41	2.64
minorities	-1.41	1.88
abortion	-1.40	2.32
crony	-1.40	2.09
murdering	-1.40	2.41
soldiers	-1.39	1.55
advocated	-1.39	1.72
victims	-1.39	1.90
penalty	-1.39	1.79
innocent	-1.39	2.32
anarcho	-1.39	2.26
robbery	-1.38	2.60
defended	-1.38	2.11
armies	-1.38	1.64
hierarchies	-1.38	2.54
feelings	-1.38	1.72
aggressor	-1.38	2.97
bunch	-1.37	2.58
guilt	-1.37	1.75
emotional	-1.37	1.59
failing	-1.37	1.72
exposure	-1.37	1.29
assumes	-1.37	2.14
lowest	-1.37	3.64
aggressive	-1.37	3.17
whom	-1.36	2.20
proudhon	-1.36	1.52
emotions	-1.36	1.64
typically	-1.36	2.41
fraud	-1.36	2.93
hurt	-1.36	2.28
improve	-1.36	1.79
initiate	-1.36	3.36
collapses	-1.36	1.42
harmed	-1.35	1.82
wing	-1.35	2.07
aggress	-1.35	3.08
considered	-1.34	3.34
crisis	-1.34	1.48
cases	-1.34	2.42
germany	-1.34	1.63
against	-1.34	3.22
poverty	-1.33	1.66
moderate	-1.33	1.79
anti-capitalist	-1.32	2.06
extortion	-1.32	2.70
tyrannical	-1.32	2.38
german	-1.32	1.66
vacuum	-1.32	1.96
era	-1.32	1.40
imagine	-1.31	3.02
person	-1.31	2.34
obligated	-1.31	2.28
iraq	-1.31	1.56
anyone	-1.30	2.93
stealing	-1.30	2.69
discrimination	-1.30	1.90
stories	-1.30	2.68
nuclear	-1.30	1.39
british	-1.29	1.47
dead	-1.29	1.58
belong	-1.29	1.85
democrat	-1.28	1.97
blacks	-1.28	1.85
takes	-1.28	1.92
refuse	-1.28	2.20
fines	-1.28	1.68
denies	-1.28	2.05
poorly	-1.28	1.90
violent	-1.27	3.02
situations	-1.27	2.35
lobbying	-1.27	1.72
supporters	-1.27	1.85
liberal	-1.27	2.04
oppression	-1.27	2.02
combination	-1.27	1.31
inevitable	-1.27	1.97
mixed	-1.27	1.34
supporting	-1.27	2.07
greedy	-1.26	1.62
whites	-1.26	1.69
ethically	-1.26	4.20
steals	-1.26	1.80
circumstance	-1.26	2.66
judged	-1.26	2.05
discipline	-1.26	1.26
declare	-1.25	2.29
corrupted	-1.25	1.45
advocating	-1.24	2.21
reject	-1.24	2.59
others	-1.24	2.81
murderer	-1.24	2.41
forcing	-1.24	2.36
act	-1.24	3.14
deemed	-1.23	2.67
nihilists	-1.23	2.37
disease	-1.23	1.47
involuntary	-1.23	3.22
collapse	-1.23	1.56
feel	-1.23	2.46
crimes	-1.23	2.23
apparently	-1.23	2.02
refusing	-1.22	1.91
lethal	-1.21	3.10
justifies	-1.21	3.28
trespass	-1.21	2.79
called	-1.20	1.77
abolish	-1.20	2.34
violently	-1.20	2.65
affected	-1.20	1.72
accused	-1.20	2.00
feminists	-1.20	2.04
objectively	-1.19	4.34
greed	-1.19	2.00
taxation	-1.19	2.74
atheists	-1.19	2.05
injustice	-1.19	2.21
right	-1.18	4.40
chooses	-1.18	2.09
pro	-1.18	1.72
starving	-1.18	1.45
russia	-1.18	1.66
someone	-1.18	2.63
label	-1.18	2.27
rapist	-1.17	2.50
resulting	-1.17	1.73
violations	-1.17	2.93
systematic	-1.17	2.04
whether	-1.17	4.30
end	-1.17	3.71
fails	-1.17	1.94
anarchist	-1.16	2.18
behalf	-1.16	2.89
camp	-1.16	1.64
sexism	-1.16	1.92
socialist	-1.16	2.01
failure	-1.16	1.61
optimistic	-1.15	2.33
doing	-1.15	4.37
victim	-1.15	2.22
deadly	-1.15	2.57
leads	-1.15	1.97
happens	-1.14	2.72
had	-1.14	2.19
spite	-1.14	1.81
worked	-1.14	2.06
crime	-1.14	2.30
otherwise	-1.14	4.45
stopping	-1.14	2.74
criminals	-1.13	2.00
republican	-1.13	1.85
writes	-1.13	2.00
sells	-1.13	1.84
independently	-1.13	1.96
committing	-1.12	2.61
murderers	-1.12	2.13
bureaucracy	-1.12	1.79
led	-1.12	1.76
inconsistent	-1.12	3.95
totalitarian	-1.12	1.89
state	-1.12	2.50
unwilling	-1.12	2.14
fail	-1.12	2.25
starve	-1.12	1.66
traits	-1.11	1.82
something	-1.11	4.42
openly	-1.11	2.08
rape	-1.11	2.21
tolerate	-1.10	2.54
therefore	-1.10	3.42
illegal	-1.10	1.94
willing	-1.10	2.51
everything	-1.10	3.18
appropriation	-1.10	2.13
comply	-1.10	2.07
regime	-1.10	1.79
abusing	-1.09	1.95
authoritarian	-1.09	2.28
surprised	-1.09	2.84
type	-1.09	1.89
itself	-1.09	2.97
oppressed	-1.09	1.69
punishment	-1.09	2.06
concentration	-1.09	1.68
loses	-1.09	1.82
protect	-1.08	2.22
whatever	-1.08	3.06
illegitimate	-1.08	3.74
inefficient	-1.08	2.40
originally	-1.08	1.90
emotion	-1.08	1.90
wishes	-1.08	2.18
prohibition	-1.08	1.70
compulsory	-1.07	2.23
chinese	-1.07	1.43
allies	-1.07	1.93
scam	-1.07	1.23
wanted	-1.07	2.60
excluding	-1.07	2.11
receives	-1.07	1.81
damaging	-1.06	1.96
fighting	-1.06	1.79
violation	-1.06	2.98
permission	-1.06	2.29
enslave	-1.06	2.42
rapists	-1.06	2.19
removal	-1.05	1.90
thief	-1.05	2.27
unequal	-1.05	1.96
crap	-1.05	2.15
violates	-1.05	3.41
tried	-1.05	2.31
advocate	-1.05	2.34
previously	-1.04	2.13
weapon	-1.04	1.91
widespread	-1.04	1.71
rightfully	-1.04	2.26
precisely	-1.04	2.77
violating	-1.03	2.82
named	-1.03	1.39
rejects	-1.03	2.14
analogous	-1.03	2.07
taken	-1.03	2.02
pathetic	-1.03	2.15
stole	-1.03	1.77
differently	-1.03	1.86
wanting	-1.03	2.30
himself	-1.03	1.81
union	-1.03	1.61
nothing	-1.03	4.45
abolition	-1.02	1.84
obama	-1.02	1.57
party	-1.02	1.97
plenty	-1.02	2.05
bourgeois	-1.02	1.61
using	-1.02	2.81
civilians	-1.02	1.88
behaviour	-1.02	2.33
institution	-1.01	2.61
helped	-1.01	2.14
relation	-1.01	2.22
individualist	-1.01	2.11
opposite	-1.01	2.65
libertarian	-1.01	2.07
physically	-1.00	2.21
exploitative	-1.00	2.72
unless	-1.00	3.59
thieves	-1.00	2.27
liable	-1.00	1.98
coerce	-1.00	2.56
leftist	-1.00	1.99
authoritarianism	-1.00	1.78
voted	-0.99	1.71
endless	-0.99	1.44
candidate	-0.99	1.69
pretend	-0.99	3.20
babies	-0.99	2.09
anybody	-0.99	2.73
racial	-0.99	1.80
damage	-0.99	1.80
presume	-0.99	2.79
result	-0.98	2.28
faces	-0.98	1.41
unable	-0.98	2.20
exclusion	-0.98	2.87
encounter	-0.98	1.89
advocates	-0.98	1.84
institutional	-0.98	1.88
steal	-0.97	2.35
defensive	-0.97	2.68
implies	-0.97	2.08
generally	-0.97	2.41
use	-0.97	2.93
claimed	-0.97	2.13
assault	-0.97	2.32
leftarchists	-0.97	2.29
reaction	-0.97	1.66
russian	-0.97	1.71
chemical	-0.96	1.55
cronyism	-0.96	1.78
overthrow	-0.96	2.02
election	-0.96	1.68
foreign	-0.96	1.65
sociopaths	-0.96	1.83
differentiate	-0.96	2.50
deny	-0.95	2.53
insist	-0.95	1.52
spending	-0.95	1.74
properly	-0.95	2.10
yours	-0.95	3.03
weapons	-0.95	1.68
violated	-0.95	2.77
happened	-0.95	2.24
define	-0.94	2.74
trial	-0.94	1.99
responsibility	-0.94	1.96
hundreds	-0.94	1.88
anti	-0.94	2.86
regardless	-0.94	2.64
revolutions	-0.93	1.80
bankrupt	-0.93	1.87
experienced	-0.93	1.84
bill	-0.93	1.52
won	-0.93	1.67
punish	-0.93	2.35
deserves	-0.93	1.65
attempted	-0.93	2.10
telling	-0.93	2.72
throwing	-0.93	1.70
disagree	-0.93	4.43
bombs	-0.93	1.43
lead	-0.93	2.24
forcefully	-0.92	2.54
harmful	-0.92	2.82
describe	-0.92	2.46
domination	-0.92	2.38
toxic	-0.92	1.84
distinguish	-0.92	2.63
opposed	-0.92	2.28
proponents	-0.92	2.03
declared	-0.92	2.20
slaves	-0.91	1.60
favor	-0.91	1.93
korea	-0.91	1.77
feminist	-0.91	1.64
natural	-0.91	2.04
follows	-0.91	2.19
where	-0.91	2.98
names	-0.91	1.71
defense	-0.91	2.71
either	-0.91	4.60
catch	-0.91	1.68
systemic	-0.91	1.90
exploiting	-0.91	2.03
warfare	-0.91	1.74
flat	-0.90	1.58
grounds	-0.90	2.27
namely	-0.90	1.87
runs	-0.90	1.92
said	-0.90	2.79
youth	-0.90	1.63
abolishing	-0.89	2.19
oneself	-0.89	2.57
associate	-0.89	2.19
kill	-0.89	2.28
bulk	-0.89	1.61
faced	-0.89	1.47
favour	-0.89	2.07
radical	-0.89	1.72
classical	-0.89	1.92
dictatorship	-0.89	1.90
forced	-0.89	2.75
declaring	-0.89	2.03
gates	-0.89	1.53
guilty	-0.89	2.39
biological	-0.89	1.88
clearly	-0.89	4.37
often	-0.88	2.19
besides	-0.88	1.79
argued	-0.88	2.30
restitution	-0.88	2.17
bad	-0.88	4.03
justify	-0.88	3.32
legitimately	-0.88	2.34
intervene	-0.88	2.21
theirs	-0.88	2.37
incompatible	-0.88	2.47
genetic	-0.88	1.75
military	-0.88	1.81
criminal	-0.88	2.19
fascism	-0.87	1.91
attack	-0.87	2.27
protecting	-0.87	1.98
involving	-0.87	1.75
aka	-0.86	1.60
constitutes	-0.86	2.74
collectivism	-0.86	1.97
frustrating	-0.86	2.14
unnecessary	-0.86	2.48
hurts	-0.86	1.76
liberalism	-0.86	2.00
codes	-0.86	1.98
perceived	-0.86	2.66
elections	-0.86	1.73
invading	-0.85	1.86
bosses	-0.85	2.27
referred	-0.85	1.84
enemies	-0.85	1.50
oppress	-0.85	2.17
corporatism	-0.85	1.94
guessing	-0.85	2.64
looked	-0.85	2.65
comprehend	-0.85	2.44
forcibly	-0.85	2.67
event	-0.85	1.93
battle	-0.84	1.69
funded	-0.84	1.78
shame	-0.84	1.80
occur	-0.84	2.28
accident	-0.84	1.56
race	-0.84	1.77
forms	-0.84	2.26
accept	-0.84	3.17
tens	-0.84	1.88
starts	-0.83	1.77
mutualist	-0.83	2.05
immigration	-0.83	1.77
locke	-0.83	1.46
drugs	-0.83	1.72
vote	-0.82	1.88
exactly	-0.82	4.52
similar	-0.82	2.73
intentional	-0.81	2.50
resist	-0.81	2.10
violate	-0.81	2.90
george	-0.81	1.40
legally	-0.81	2.94
et	-0.81	1.51
inferior	-0.81	2.62
fire	-0.81	1.44
insulting	-0.81	1.69
working	-0.81	2.50
myself	-0.80	2.42
performing	-0.80	2.33
saying	-0.80	4.52
talking	-0.80	4.25
rightful	-0.80	2.39
bomb	-0.80	1.93
minimal	-0.80	1.73
deem	-0.80	3.38
insults	-0.79	1.81
resisting	-0.79	2.73
beaten	-0.79	1.47
attacked	-0.79	1.84
pressure	-0.79	1.60
enforces	-0.79	2.02
offers	-0.79	1.84
lobby	-0.79	1.79
huge	-0.79	1.72
voting	-0.79	1.83
rejection	-0.79	1.88
random	-0.79	1.53
assert	-0.79	2.93
anarchism	-0.79	2.12
brings	-0.79	1.68
damages	-0.78	1.94
structures	-0.78	2.49
adopted	-0.78	1.94
attitude	-0.78	1.71
invisible	-0.78	1.44
minus	-0.78	1.94
seize	-0.78	2.00
discredit	-0.78	2.06
terrorism	-0.78	2.35
army	-0.77	1.77
abolished	-0.77	2.38
managed	-0.77	2.22
precedent	-0.77	2.01
breach	-0.77	2.67
non	-0.77	2.82
fact	-0.77	4.56
marijuana	-0.77	1.64
resort	-0.77	1.90
victimless	-0.77	1.92
immediate	-0.77	2.28
recognizing	-0.77	2.16
admitted	-0.77	2.05
mixing	-0.77	1.85
numerous	-0.77	1.93
exploitation	-0.76	2.19
described	-0.76	2.09
exploited	-0.76	2.09
ever	-0.76	3.23
planned	-0.76	1.91
politician	-0.76	1.68
hunger	-0.76	1.37
communist	-0.76	1.96
gender	-0.75	1.58
mentions	-0.75	1.47
agreed	-0.75	2.23
prostitution	-0.75	1.70
vs	-0.75	1.96
accepting	-0.75	2.65
fight	-0.75	1.93
moves	-0.75	1.77
imposing	-0.75	2.51
owe	-0.74	2.02
marriage	-0.74	1.65
austrians	-0.74	2.11
invade	-0.74	1.91
stolen	-0.74	2.12
applies	-0.74	2.24
convince	-0.74	3.14
president	-0.74	1.66
nearly	-0.74	2.21
accepted	-0.74	2.18
most	-0.74	2.72
dismissed	-0.73	1.99
pacifist	-0.73	2.73
many	-0.73	2.15
refer	-0.73	2.25
built	-0.73	1.72
thousands	-0.73	1.97
paying	-0.73	2.43
150	-0.73	1.87
communism	-0.73	2.01
exclusively	-0.73	2.23
allowed	-0.73	2.99
conflate	-0.73	1.75
mine	-0.73	2.30
convinced	-0.73	3.82
sexist	-0.73	1.88
evolutionary	-0.73	1.93
china	-0.73	1.75
tyranny	-0.73	1.87
mutualism	-0.73	2.05
fortunately	-0.73	2.02
willingly	-0.73	2.05
establishment	-0.72	1.90
dominate	-0.72	1.83
similarly	-0.72	1.78
admit	-0.72	3.33
right-wing	-0.72	1.64
approval	-0.72	1.72
owed	-0.72	2.03
charitable	-0.72	1.55
could	-0.72	3.27
rare	-0.72	2.04
action	-0.72	3.19
gladly	-0.72	2.06
compelled	-0.72	2.52
spends	-0.72	1.91
waste	-0.72	1.80
barrier	-0.72	1.93
amongst	-0.72	2.13
owner	-0.71	2.26
anything	-0.71	3.70
winning	-0.71	1.62
killer	-0.71	2.17
paid	-0.71	2.15
rightly	-0.71	2.31
undesirable	-0.71	3.30
punished	-0.71	2.08
acceptable	-0.71	4.18
imposition	-0.71	2.40
aid	-0.71	1.86
jury	-0.71	2.09
alleged	-0.71	1.94
breaks	-0.70	1.91
enforce	-0.70	2.39
impose	-0.70	2.42
apparatus	-0.70	2.25
movement	-0.70	1.96
countless	-0.70	1.98
primarily	-0.70	1.79
empathy	-0.70	1.70
roughly	-0.70	1.78
statist	-0.70	1.80
economists	-0.70	1.59
compensation	-0.70	2.08
300	-0.70	1.83
raises	-0.69	1.83
needed	-0.69	2.22
usa	-0.69	1.83
physical	-0.69	2.54
socialism	-0.69	2.01
ukraine	-0.69	1.68
2012	-0.69	1.57
patriarchy	-0.69	1.79
france	-0.69	1.73
races	-0.69	1.95
collection	-0.69	1.59
tanks	-0.69	1.33
expressing	-0.69	2.01
influences	-0.69	1.82
condition	-0.69	2.00
failed	-0.68	2.28
proletariat	-0.68	1.92
relations	-0.68	2.16
interpreted	-0.68	1.83
denying	-0.68	2.66
brutality	-0.68	1.50
finds	-0.68	1.90
lesser	-0.68	2.03
north	-0.68	1.78
somehow	-0.68	3.31
basically	-0.68	2.83
those	-0.68	2.20
purchased	-0.68	1.90
corruption	-0.68	1.78
structural	-0.68	2.06
decide	-0.68	2.76
raping	-0.67	2.18
bought	-0.67	1.86
drones	-0.67	1.54
happening	-0.67	3.40
suggests	-0.67	1.98
root	-0.67	1.96
cage	-0.67	1.57
want	-0.67	3.39
infrastructure	-0.67	1.76
property	-0.67	2.81
alone	-0.67	2.66
multiple	-0.67	1.96
yourself	-0.67	3.15
citizen	-0.66	1.85
nature	-0.66	2.74
joseph	-0.66	1.38
kinds	-0.66	2.04
dictates	-0.66	2.10
voluntaryist	-0.66	2.18
evaluate	-0.66	2.48
democratic	-0.66	1.92
selling	-0.66	2.22
marx	-0.66	1.81
ran	-0.66	1.82
merit	-0.66	2.36
evolution	-0.66	1.90
various	-0.66	1.98
monopoly	-0.66	2.43
studied	-0.65	1.81
centralization	-0.65	2.28
helps	-0.65	2.22
alternate	-0.65	1.97
usually	-0.65	2.23
arrest	-0.65	1.92
consider	-0.65	3.31
opposing	-0.65	2.46
these	-0.65	2.04
helping	-0.65	2.26
trying	-0.65	2.90
prevent	-0.65	2.68
publicly	-0.64	1.78
white	-0.64	1.82
creates	-0.64	2.02
regulatory	-0.64	1.91
so-called	-0.64	1.87
refrain	-0.64	2.24
exclude	-0.64	2.53
producers	-0.64	1.86
fix	-0.64	2.32
ability	-0.64	2.66
frankly	-0.64	2.64
drone	-0.63	1.93
circumstances	-0.63	2.56
talked	-0.63	2.03
must	-0.63	3.01
upon	-0.63	2.46
actively	-0.63	2.37
owned	-0.63	2.08
capitalism	-0.63	2.15
elected	-0.63	1.79
imposed	-0.63	2.34
destroyed	-0.63	1.77
assumed	-0.63	2.34
except	-0.63	3.31
justly	-0.63	2.29
subjectively	-0.63	3.05
determining	-0.63	2.59
scare	-0.63	1.75
member	-0.63	1.83
minarchist	-0.63	1.97
occurs	-0.62	2.21
bias	-0.62	1.69
charges	-0.62	2.30
inherent	-0.62	2.51
together	-0.62	2.14
capitalist	-0.62	2.12
build	-0.62	1.74
destroy	-0.62	1.94
universally	-0.62	3.17
enforcing	-0.62	2.41
taking	-0.62	2.77
hold	-0.62	2.82
envision	-0.62	2.47
entrepreneur	-0.62	1.48
save	-0.62	2.41
perform	-0.62	2.18
based	-0.62	2.25
acting	-0.62	2.67
voters	-0.62	1.86
forever	-0.62	2.25
did	-0.62	3.73
caught	-0.62	1.98
brought	-0.62	2.11
environmental	-0.62	1.68
occurring	-0.61	2.61
danger	-0.61	1.76
women	-0.61	1.54
automatically	-0.61	2.51
and/or	-0.61	1.76
gangs	-0.61	2.02
south	-0.61	1.77
occurred	-0.61	2.08
i.e	-0.61	2.60
million	-0.61	1.88
sphere	-0.61	1.90
claiming	-0.60	2.92
process	-0.60	2.02
preventing	-0.60	2.66
exploit	-0.60	1.93
win	-0.60	1.83
acquired	-0.60	2.26
contest	-0.60	1.68
intelligence	-0.60	1.88
tangible	-0.60	2.07
pay	-0.60	2.14
lived	-0.60	1.71
help	-0.60	3.15
side	-0.60	2.68
purposefully	-0.60	2.08
officers	-0.60	1.92
facing	-0.59	1.62
movements	-0.59	1.83
inequality	-0.59	2.19
case	-0.59	3.49
compensate	-0.59	2.05
governmental	-0.59	2.04
spanking	-0.59	2.79
buying	-0.59	2.22
remember	-0.59	2.60
terrorists	-0.59	1.76
charged	-0.58	2.11
jumping	-0.58	2.20
determines	-0.58	2.60
psychological	-0.58	1.80
nor	-0.58	3.49
traditional	-0.58	1.98
done	-0.58	3.65
situation	-0.58	2.76
exclusive	-0.58	2.78
defence	-0.58	2.81
compensated	-0.58	2.01
dissent	-0.58	2.00
cult	-0.58	1.90
behavior	-0.58	2.79
absence	-0.58	2.39
typical	-0.58	1.63
workers	-0.58	2.18
ca	-0.58	3.04
backed	-0.58	2.19
dismiss	-0.58	2.21
sue	-0.58	2.01
afterwards	-0.57	1.84
proportion	-0.57	1.78
accordingly	-0.57	1.69
demanding	-0.57	2.48
decade	-0.57	1.58
ones	-0.57	2.08
basics	-0.57	2.04
abuse	-0.57	1.84
building	-0.57	1.62
work	-0.57	3.21
different	-0.57	2.06
eliminate	-0.57	2.18
tons	-0.57	1.71
carry	-0.57	1.82
ultimately	-0.57	2.85
revolutionary	-0.57	1.93
wo	-0.57	3.38
followers	-0.57	1.81
overcome	-0.57	1.99
activity	-0.57	2.54
politicians	-0.56	1.79
happen	-0.56	3.66
inevitably	-0.56	1.72
orders	-0.56	1.90
rejecting	-0.56	1.87
interfere	-0.56	2.62
office	-0.56	1.80
types	-0.56	2.10
rdquo	-0.56	2.38
brains	-0.56	1.96
corporations	-0.56	2.01
controls	-0.56	2.08
hits	-0.56	1.40
several	-0.56	2.10
saved	-0.56	1.95
molyneux	-0.56	1.73
decided	-0.56	2.31
determined	-0.56	2.65
suicide	-0.56	2.07
coerced	-0.56	2.48
pool	-0.55	1.83
entitlement	-0.55	2.88
mean	-0.55	3.89
neither	-0.55	3.42
privilege	-0.55	1.84
dictator	-0.55	1.88
arrested	-0.55	1.71
enables	-0.55	1.83
billions	-0.55	1.94
ancapistan	-0.55	2.60
guns	-0.55	1.78
understand	-0.55	3.61
going	-0.55	3.76
armed	-0.55	1.87
forces	-0.55	2.02
distribution	-0.55	1.95
held	-0.55	2.33
capture	-0.54	1.96
mandate	-0.54	1.76
candidates	-0.54	1.91
al	-0.54	1.72
lawn	-0.54	1.61
come	-0.54	3.26
free-market	-0.54	2.05
comes	-0.54	2.18
psychopaths	-0.54	1.75
know	-0.54	3.98
bureaucrats	-0.54	1.93
fruits	-0.54	2.00
africa	-0.54	1.83
sure	-0.54	4.42
variety	-0.54	2.01
saw	-0.54	1.74
advertising	-0.54	1.91
why	-0.54	3.98
spoke	-0.54	1.89
pot	-0.54	1.46
joined	-0.54	1.69
instances	-0.54	2.33
terrorist	-0.54	1.86
experience	-0.54	1.99
collect	-0.54	2.06
identified	-0.54	1.88
insult	-0.54	1.99
structure	-0.54	2.28
wish	-0.53	3.09
self	-0.53	2.86
trigger	-0.53	1.84
entails	-0.53	2.40
rights	-0.53	2.83
control	-0.53	2.64
organization	-0.53	2.17
depending	-0.53	2.18
depends	-0.53	2.91
nap	-0.53	2.91
employee	-0.53	2.15
expect	-0.53	3.70
laborers	-0.53	2.16
normally	-0.53	1.86
matter	-0.53	3.95
relationship	-0.53	2.36
non-aggression	-0.53	2.78
39	-0.53	2.96
individuals	-0.52	2.20
dishonest	-0.52	1.42
awareness	-0.52	1.62
running	-0.52	2.47
under	-0.52	1.90
superficial	-0.52	1.67
labels	-0.52	2.04
owning	-0.52	2.15
already	-0.52	3.20
matters	-0.52	2.71
selfish	-0.52	2.02
order	-0.52	2.57
leave	-0.52	2.57
surely	-0.52	3.44
behave	-0.52	2.40
shooting	-0.52	2.12
enforcement	-0.52	2.31
boom	-0.52	1.62
damaged	-0.52	1.89
failures	-0.52	1.92
authority	-0.51	2.44
respect	-0.51	2.40
ie	-0.51	2.22
enforced	-0.51	2.28
abide	-0.51	2.51
certain	-0.51	2.16
attacks	-0.51	1.94
regulation	-0.51	2.02
statism	-0.51	2.01
majority	-0.51	2.00
owners	-0.51	2.11
individualism	-0.51	2.22
ldquo	-0.51	2.40
ban	-0.51	1.93
massive	-0.51	1.83
east	-0.51	1.75
body	-0.51	2.68
willingness	-0.50	2.27
differ	-0.50	2.37
join	-0.50	2.06
see	-0.50	3.94
unjustified	-0.50	4.37
hire	-0.50	2.22
obligation	-0.50	2.24
offensive	-0.50	2.57
determine	-0.50	3.05
extension	-0.50	2.47
debates	-0.50	2.17
ignorance	-0.50	1.70
homesteaded	-0.50	2.16
dozens	-0.50	1.87
places	-0.50	2.39
modern	-0.50	2.03
grasp	-0.50	2.34
judges	-0.50	2.04
african	-0.50	1.79
fired	-0.49	1.84
deserve	-0.49	2.02
admitting	-0.49	3.20
today	-0.49	3.45
delivery	-0.49	1.52
egoists	-0.49	2.02
exchanging	-0.49	2.55
voluntarism	-0.49	2.41
permanent	-0.49	1.95
actually	-0.49	4.01
vague	-0.49	1.86
reflects	-0.49	1.92
including	-0.49	2.00
argues	-0.49	1.77
mode	-0.49	2.00
uphold	-0.49	2.52
welfare	-0.49	1.96
recognize	-0.49	3.21
behaviors	-0.49	2.79
corporation	-0.49	1.97
monopolistic	-0.49	2.28
equate	-0.49	2.07
earned	-0.49	2.12
thrown	-0.49	1.64
core	-0.49	2.10
attempt	-0.48	2.49
both	-0.48	2.45
venezuela	-0.48	1.80
titles	-0.48	2.35
merits	-0.48	2.45
mechanisms	-0.48	2.38
liability	-0.48	2.04
over	-0.48	2.78
bundy	-0.48	1.69
judge	-0.48	2.61
having	-0.48	2.82
bs	-0.48	1.30
court	-0.48	2.32
qualify	-0.48	2.47
rude	-0.48	1.40
argue	-0.48	3.83
voluntaryism	-0.48	2.47
conflicting	-0.48	2.47
attempting	-0.48	2.46
opt	-0.48	2.33
take	-0.48	2.97
believe	-0.48	3.87
dealt	-0.48	2.32
moralist	-0.48	2.36
consistently	-0.48	2.32
community	-0.48	2.02
eastern	-0.48	1.76
bound	-0.48	2.27
india	-0.47	1.77
need	-0.47	3.47
minority	-0.47	1.90
rivalrous	-0.47	2.54
global	-0.47	1.86
americans	-0.47	1.79
came	-0.47	2.02
operate	-0.47	2.51
describes	-0.47	1.83
caring	-0.47	1.63
governing	-0.47	1.95
eliminated	-0.47	1.98
sovereignty	-0.47	2.58
origin	-0.47	1.46
america	-0.47	2.00
created	-0.47	2.08
controlling	-0.46	1.95
creator	-0.46	1.94
hiring	-0.46	2.23
generated	-0.46	1.83
anarcho-capitalism	-0.46	2.12
redistribution	-0.46	2.20
voluntarist	-0.46	2.14
democracy	-0.46	1.97
participate	-0.46	2.27
characteristics	-0.46	1.88
ignores	-0.46	1.92
land	-0.46	2.16
spain	-0.46	1.76
depend	-0.46	2.31
privileged	-0.46	1.81
protects	-0.46	2.07
europe	-0.46	1.80
bearing	-0.46	2.87
troops	-0.46	1.71
producing	-0.46	2.46
sudden	-0.46	1.61
corporate	-0.46	2.00
affects	-0.46	2.41
further	-0.46	2.54
charge	-0.46	2.04
supplies	-0.46	1.73
native	-0.46	2.17
european	-0.46	1.81
employer	-0.45	2.26
pointing	-0.45	2.87
historically	-0.45	3.07
power	-0.45	2.33
biology	-0.45	1.94
vary	-0.45	2.17
covered	-0.45	1.84
arrangement	-0.45	2.19
salary	-0.45	2.22
trust	-0.45	2.76
allow	-0.45	2.72
never	-0.45	2.95
dynamic	-0.45	1.99
ineffective	-0.45	2.23
affect	-0.45	2.61
instantly	-0.45	1.84
taxes	-0.45	2.10
occupy	-0.45	2.02
met	-0.45	2.43
defining	-0.45	2.36
private	-0.45	2.27
hope	-0.45	3.32
assholes	-0.45	1.85
managers	-0.45	2.08
national	-0.45	1.90
usage	-0.45	2.35
2008	-0.45	1.61
mafia	-0.45	2.07
elements	-0.45	2.22
hundred	-0.45	1.98
defined	-0.44	2.38
collectivist	-0.44	1.92
even	-0.44	3.92
wage	-0.44	2.23
taxed	-0.44	2.08
showed	-0.44	1.53
say	-0.44	4.02
ownership	-0.44	2.65
possession	-0.44	2.51
legitimate	-0.44	3.13
washington	-0.44	1.45
protected	-0.44	2.30
regulations	-0.44	2.02
feminism	-0.44	1.81
liberties	-0.44	2.46
removing	-0.44	2.35
none	-0.43	3.41
abandonment	-0.43	2.51
known	-0.43	2.45
concentrated	-0.43	1.78
able	-0.43	2.81
directed	-0.43	1.83
eliminating	-0.43	2.05
enact	-0.43	2.23
existed	-0.43	2.66
projects	-0.43	1.83
smoking	-0.43	1.56
since	-0.43	3.71
government	-0.43	2.15
differing	-0.43	2.11
campaign	-0.43	1.63
egalitarian	-0.43	1.97
granting	-0.43	2.36
trained	-0.43	1.84
run	-0.42	2.40
ostracism	-0.42	2.17
put	-0.42	2.11
organize	-0.42	2.26
votes	-0.42	1.86
yet	-0.42	3.70
obey	-0.42	2.20
island	-0.42	1.85
d	-0.42	3.81
likely	-0.42	3.09
hypothetical	-0.42	2.45
abandon	-0.42	2.41
obviously	-0.42	4.32
groups	-0.42	2.01
social	-0.42	2.21
allows	-0.42	2.34
personality	-0.42	1.74
respecting	-0.42	2.58
implicitly	-0.42	2.58
invented	-0.42	2.05
self-ownership	-0.42	2.98
dictate	-0.42	2.52
dollars	-0.42	2.02
individual	-0.42	2.57
institutions	-0.42	2.31
boss	-0.42	2.17
grant	-0.42	2.34
program	-0.42	1.62
conventional	-0.42	1.84
thousand	-0.42	1.97
assume	-0.41	4.09
operations	-0.41	1.85
trick	-0.41	1.76
dealing	-0.41	2.23
libertarianism	-0.41	2.12
artificial	-0.41	2.13
tired	-0.41	1.57
simultaneously	-0.41	2.25
predicated	-0.41	2.50
shares	-0.41	1.91
remove	-0.41	2.25
care	-0.41	3.15
breaking	-0.41	2.24
lots	-0.41	1.95
exercise	-0.41	2.63
give	-0.41	3.02
provides	-0.41	1.84
privileges	-0.41	2.09
recourse	-0.41	2.24
smith	-0.41	1.31
interference	-0.41	2.08
adhere	-0.41	2.44
sued	-0.41	2.11
protection	-0.41	2.21
grew	-0.41	1.36
revolution	-0.41	1.90
mark	-0.41	1.52
laws	-0.41	2.13
streets	-0.41	1.48
default	-0.41	1.95
militia	-0.41	1.95
accountability	-0.40	2.15
surplus	-0.40	2.12
place	-0.40	3.64
keynesian	-0.40	1.58
marxist	-0.40	1.87
cry	-0.40	1.54
capitalistic	-0.40	2.36
rents	-0.40	2.06
landlord	-0.40	2.17
taxpayers	-0.40	1.98
anymore	-0.40	3.14
attempts	-0.40	2.34
indoctrination	-0.40	1.65
figured	-0.40	1.87
opponents	-0.40	1.94
tax	-0.40	2.03
access	-0.40	2.59
isis	-0.40	1.53
fucked	-0.40	2.42
marxism	-0.40	1.99
stop	-0.40	2.86
successfully	-0.40	2.39
sell	-0.40	1.93
immune	-0.40	1.89
restrict	-0.40	2.33
now	-0.40	4.05
relationships	-0.40	2.25
19th	-0.40	1.96
restrictions	-0.40	2.11
roots	-0.40	1.93
charity	-0.40	2.01
fee	-0.40	2.09
necessitates	-0.40	2.27
laborer	-0.40	2.22
identity	-0.39	1.67
shot	-0.39	1.48
employers	-0.39	2.08
necessarily	-0.39	3.98
unused	-0.39	2.12
rob	-0.39	2.06
rely	-0.39	2.28
disregard	-0.39	2.41
hired	-0.39	2.12
til	-0.39	1.75
citizens	-0.39	1.94
officials	-0.39	1.77
robbed	-0.39	1.76
back	-0.39	2.67
worker	-0.39	2.23
specifics	-0.39	2.97
allowing	-0.39	2.29
baby	-0.39	1.69
dozen	-0.39	2.09
french	-0.39	2.10
whereas	-0.39	1.96
contradictions	-0.39	2.26
us	-0.39	2.79
persuade	-0.39	2.46
threaten	-0.39	2.40
pollution	-0.39	1.94
manager	-0.39	1.97
revolt	-0.39	1.95
class	-0.39	1.81
barriers	-0.38	2.03
blood	-0.38	1.44
agreeing	-0.38	2.50
sold	-0.38	1.95
floor	-0.38	1.71
should	-0.38	3.66
any	-0.38	3.64
rules	-0.38	2.37
security	-0.38	2.17
activities	-0.38	2.51
factory	-0.38	2.12
gang	-0.38	2.00
employees	-0.38	2.15
tactic	-0.38	1.86
embrace	-0.38	2.29
ve	-0.38	2.70
firearms	-0.38	1.82
encourage	-0.38	1.96
employment	-0.38	2.09
such	-0.38	2.75
freedoms	-0.38	2.63
congress	-0.38	1.83
organizations	-0.38	2.04
guard	-0.38	1.90
eu	-0.38	1.85
putting	-0.38	2.25
established	-0.38	2.42
humanity	-0.38	2.15
used	-0.38	2.37
subsidies	-0.37	1.94
anarchistic	-0.37	1.90
protest	-0.37	1.75
west	-0.37	1.78
american	-0.37	1.78
goes	-0.37	2.34
territory	-0.37	2.08
requires	-0.37	2.28
interact	-0.37	2.34
among	-0.37	2.15
go	-0.37	3.04
seeks	-0.37	2.16
operated	-0.37	1.95
two	-0.37	2.09
tradition	-0.37	1.94
century	-0.37	2.07
marketplace	-0.37	1.94
acceptance	-0.37	2.22
between	-0.37	2.30
legislation	-0.37	2.05
cultural	-0.37	1.93
rulers	-0.37	2.14
former	-0.37	1.43
freely	-0.37	2.38
virtually	-0.37	2.42
thugs	-0.37	1.95
crash	-0.37	1.87
approaches	-0.36	1.95
change	-0.36	2.93
struggle	-0.36	1.82
job	-0.36	2.17
destructive	-0.36	1.90
police	-0.36	1.91
leaves	-0.36	1.73
vaccines	-0.36	1.62
him	-0.36	2.46
thereof	-0.36	2.33
represented	-0.36	1.88
chain	-0.36	1.85
handle	-0.36	2.53
thus	-0.36	2.69
obtained	-0.36	2.21
subscribe	-0.36	2.36
hypocritical	-0.36	2.03
opposition	-0.36	2.11
remind	-0.36	2.40
ancom	-0.36	2.03
granted	-0.36	2.18
500	-0.36	1.94
seeing	-0.36	2.89
iq	-0.36	1.85
agency	-0.35	2.20
fetus	-0.35	2.35
inability	-0.35	2.37
try	-0.35	2.87
division	-0.35	1.82
varying	-0.35	2.03
sex	-0.35	1.58
absentee	-0.35	2.41
law	-0.35	2.26
almost	-0.35	3.03
voluntarily	-0.35	2.29
legal	-0.35	2.19
also	-0.35	4.02
exist	-0.35	3.61
entering	-0.35	2.20
rationally	-0.35	2.46
speech	-0.35	2.20
waiting	-0.35	1.90
noble	-0.35	1.44
strict	-0.35	2.21
abandoned	-0.35	2.28
acquisition	-0.35	2.52
agencies	-0.35	2.14
adopt	-0.35	2.53
entity	-0.35	2.33
restricting	-0.35	2.29
continually	-0.35	1.89
been	-0.35	2.94
agree	-0.35	4.04
production	-0.35	2.15
same	-0.35	3.19
dissonance	-0.35	1.69
centralized	-0.35	2.36
refers	-0.34	2.11
born	-0.34	1.64
cooperate	-0.34	2.30
collectively	-0.34	2.20
skin	-0.34	1.54
fda	-0.34	1.57
group	-0.34	2.05
late	-0.34	1.69
giving	-0.34	2.32
comparing	-0.34	2.12
usual	-0.34	1.49
bodies	-0.34	2.50
changed	-0.34	2.61
norm	-0.34	2.52
settled	-0.34	2.37
specific	-0.34	2.12
proportional	-0.34	2.61
offering	-0.34	2.14
monopolies	-0.34	2.12
participation	-0.34	2.26
comparable	-0.34	1.90
donate	-0.34	1.86
justifying	-0.34	2.76
secondary	-0.34	1.88
doubt	-0.33	3.09
charging	-0.33	2.04
political	-0.33	2.05
confuse	-0.33	1.96
repeating	-0.33	2.78
an-cap	-0.33	2.19
involves	-0.33	2.40
arguing	-0.33	3.53
commonly	-0.33	2.32
heard	-0.33	2.06
u.s	-0.33	1.96
cultures	-0.33	1.90
currently	-0.33	3.49
entered	-0.33	2.18
simply	-0.33	4.05
still	-0.33	4.09
set	-0.32	2.30
confusion	-0.32	2.11
christians	-0.32	2.03
possessions	-0.32	2.43
representative	-0.32	2.00
handled	-0.32	2.38
intervention	-0.32	2.30
arbitrarily	-0.32	2.12
lie	-0.32	2.33
carrying	-0.32	2.09
united	-0.32	1.93
gained	-0.32	2.25
differences	-0.32	2.24
alter	-0.32	2.22
entities	-0.32	2.12
purchase	-0.32	1.94
animal	-0.32	1.99
commune	-0.32	2.04
competing	-0.32	2.14
domain	-0.32	1.93
again	-0.32	3.93
via	-0.32	2.28
getting	-0.31	2.39
succeed	-0.31	1.95
exceptions	-0.31	2.20
prepared	-0.31	2.14
country	-0.31	1.98
three	-0.31	2.06
coal	-0.31	1.76
discovered	-0.31	2.01
uk	-0.31	1.77
moralizing	-0.31	1.68
govt	-0.31	1.99
courts	-0.31	2.25
unfair	-0.31	1.87
sovereign	-0.31	2.19
intuition	-0.31	2.50
vast	-0.31	1.94
distinct	-0.31	1.91
jobs	-0.31	2.07
earn	-0.31	2.22
seconds	-0.31	1.79
couple	-0.31	2.20
per	-0.31	2.27
tell	-0.31	3.51
sets	-0.31	2.05
constitutional	-0.31	2.09
employed	-0.30	2.22
associations	-0.30	2.06
relate	-0.30	2.73
fees	-0.30	2.04
manipulate	-0.30	2.20
organized	-0.30	2.13
geographic	-0.30	2.14
absolute	-0.30	2.53
lose	-0.30	2.18
dont	-0.30	2.67
members	-0.30	1.86
might	-0.30	3.82
cola	-0.30	2.16
wasted	-0.30	2.13
legitimacy	-0.30	2.61
placed	-0.30	1.95
follow	-0.30	2.52
ruled	-0.30	2.00
compliance	-0.30	2.21
strongly	-0.30	1.97
spectrum	-0.30	2.01
flip	-0.30	1.78
carried	-0.30	1.93
expanding	-0.30	1.64
labor	-0.30	2.20
republic	-0.30	1.87
manage	-0.30	2.49
spoken	-0.30	2.32
tickets	-0.30	2.10
exists	-0.29	3.33
protections	-0.29	2.14
labour	-0.29	2.21
democratically	-0.29	2.13
autonomy	-0.29	2.57
poor	-0.29	1.81
creatures	-0.29	1.97
describing	-0.29	2.98
joining	-0.29	1.96
executive	-0.29	1.90
arise	-0.29	2.48
leaders	-0.29	1.80
agorist	-0.29	1.96
immigrants	-0.29	1.89
homestead	-0.29	2.22
canada	-0.29	1.88
funding	-0.29	1.86
facto	-0.29	2.41
terminology	-0.29	2.14
recognized	-0.29	2.64
acquire	-0.29	2.23
eventually	-0.29	2.22
collective	-0.29	2.18
tends	-0.28	1.88
fully	-0.28	2.40
raise	-0.28	2.02
involve	-0.28	2.23
maybe	-0.28	3.96
example	-0.28	3.04
passed	-0.28	2.00
protests	-0.28	1.70
company	-0.28	2.07
without	-0.28	2.60
ceo	-0.28	1.91
intend	-0.28	2.67
perception	-0.28	2.60
circles	-0.28	1.82
employing	-0.28	2.33
required	-0.28	2.38
term	-0.28	2.35
shareholders	-0.28	2.03
deal	-0.28	3.14
rent	-0.28	2.12
utter	-0.28	1.47
realize	-0.28	3.25
dros	-0.28	2.27
income	-0.28	2.11
consensual	-0.27	2.25
worthless	-0.27	1.55
belief	-0.27	2.06
onto	-0.27	2.29
require	-0.27	2.42
chicago	-0.27	1.87
arises	-0.27	2.31
earning	-0.27	2.23
consent	-0.27	2.25
missing	-0.27	3.80
cigarettes	-0.27	1.54
desire	-0.27	2.33
imo	-0.27	2.19
powers	-0.27	2.20
shoot	-0.27	2.02
deliberately	-0.27	1.81
enlightenment	-0.27	1.82
formed	-0.27	2.04
claim	-0.27	3.05
accumulate	-0.27	1.98
value	-0.27	2.55
privatized	-0.27	2.03
20th	-0.27	1.90
operates	-0.27	2.21
figure	-0.27	3.19
brain	-0.27	1.91
beginning	-0.27	2.20
form	-0.27	2.20
culture	-0.27	1.94
really	-0.26	3.88
enter	-0.26	2.27
denied	-0.26	2.25
interacting	-0.26	2.17
firm	-0.26	2.18
press	-0.26	1.74
each	-0.26	2.25
perceive	-0.26	2.81
viewed	-0.26	2.43
mandatory	-0.26	1.97
followed	-0.26	1.76
promised	-0.26	2.02
generous	-0.26	1.87
past	-0.26	2.65
extract	-0.26	2.17
transfer	-0.26	2.15
effort	-0.26	2.39
provision	-0.26	2.12
spent	-0.26	2.11
through	-0.26	2.46
john	-0.26	1.16
unowned	-0.26	2.21
100	-0.26	1.98
blow	-0.26	1.93
treating	-0.26	1.98
sale	-0.26	2.01
receiving	-0.26	2.09
discount	-0.26	2.23
spend	-0.26	2.23
firms	-0.26	2.16
saving	-0.26	2.12
always	-0.26	3.62
seen	-0.26	2.68
voluntary	-0.26	2.36
latter	-0.26	1.96
effect	-0.26	2.58
homeless	-0.25	1.59
ending	-0.25	1.98
agent	-0.25	2.08
arbitration	-0.25	2.30
offer	-0.25	2.12
traded	-0.25	2.10
strong	-0.25	1.74
ages	-0.25	1.69
agreements	-0.25	2.26
before	-0.25	2.62
payment	-0.25	2.10
produced	-0.25	2.09
whose	-0.25	2.24
lands	-0.25	1.94
governance	-0.25	2.20
may	-0.25	3.83
peacefully	-0.25	2.31
geographical	-0.25	2.13
subjective	-0.25	2.75
bubble	-0.25	1.70
privately	-0.25	2.05
appear	-0.25	2.66
turn	-0.25	2.25
shortage	-0.25	2.00
direct	-0.25	2.45
solely	-0.25	2.08
disagreeing	-0.25	3.69
countries	-0.25	1.94
states	-0.25	2.03
metric	-0.25	2.82
dro	-0.25	2.18
controlled	-0.25	2.10
oil	-0.25	1.76
hominem	-0.24	2.27
live	-0.24	2.28
few	-0.24	2.10
interaction	-0.24	2.35
arms	-0.24	1.95
obamacare	-0.24	1.54
provide	-0.24	2.09
consenting	-0.24	2.12
massively	-0.24	1.91
pointed	-0.24	2.35
populations	-0.24	1.81
introduced	-0.24	1.80
however	-0.24	4.01
males	-0.24	1.73
socially	-0.24	2.86
buy	-0.24	1.94
included	-0.24	1.89
reason	-0.24	3.97
capital	-0.24	2.15
explain	-0.24	3.32
homesteading	-0.24	2.48
item	-0.24	2.11
ambiguous	-0.24	2.33
monarchy	-0.24	1.93
absent	-0.24	2.11
imagining	-0.24	2.96
allocated	-0.24	2.24
create	-0.24	2.34
appeals	-0.24	2.33
demands	-0.24	2.07
object	-0.23	2.44
suggested	-0.23	2.42
continue	-0.23	2.78
drawn	-0.23	2.17
sorts	-0.23	1.63
don	-0.23	2.49
submit	-0.23	2.28
isnt	-0.23	1.93
passive	-0.23	1.73
borrow	-0.23	2.11
experiences	-0.23	1.82
wages	-0.23	2.10
overwhelming	-0.23	2.21
cia	-0.23	1.76
floating	-0.23	1.66
face	-0.23	1.65
consented	-0.23	2.24
construct	-0.23	2.36
principle	-0.23	2.84
bullet	-0.23	1.96
talk	-0.23	2.66
attract	-0.23	1.70
presence	-0.23	2.41
relative	-0.23	2.39
supposed	-0.22	3.35
repeat	-0.22	2.11
compete	-0.22	2.26
creating	-0.22	2.30
contract	-0.22	2.31
mutually	-0.22	2.29
communes	-0.22	2.05
constructed	-0.22	2.17
worldwide	-0.22	1.95
citizenship	-0.22	2.08
existence	-0.22	2.99
woman	-0.22	1.59
drawing	-0.22	2.43
naturally	-0.22	1.99
boat	-0.22	1.68
devices	-0.22	1.94
include	-0.22	2.21
ancapism	-0.22	2.11
cable	-0.22	1.98
grants	-0.22	2.15
aspects	-0.22	2.21
agreement	-0.22	2.30
contractual	-0.22	2.28
membership	-0.22	2.09
supreme	-0.22	2.06
lawyers	-0.22	1.88
debt	-0.22	1.87
flaw	-0.22	2.24
though	-0.22	3.96
99	-0.22	1.98
internally	-0.22	2.71
ignoring	-0.22	2.75
favors	-0.22	1.98
properties	-0.22	2.48
adjust	-0.22	2.12
rate	-0.22	2.03
single	-0.22	2.43
gdp	-0.22	2.10
communities	-0.22	2.04
relies	-0.21	2.47
anarcho-capitalist	-0.21	2.12
sexual	-0.21	1.74
bourgeoisie	-0.21	1.90
employ	-0.21	2.46
measure	-0.21	2.53
cell	-0.21	1.62
subsistence	-0.21	1.98
obligations	-0.21	2.17
programs	-0.21	1.93
services	-0.21	2.07
handful	-0.21	1.95
throw	-0.21	1.58
ticket	-0.21	1.99
altogether	-0.21	2.22
bear	-0.21	1.80
course	-0.21	4.00
introduce	-0.21	2.27
approaching	-0.21	2.22
cancer	-0.21	1.45
conclude	-0.21	3.08
outweigh	-0.21	2.10
resolution	-0.21	2.29
consuming	-0.21	2.04
plain	-0.21	2.13
maintained	-0.21	2.11
politics	-0.21	2.07
developed	-0.21	2.10
feeding	-0.21	1.54
outright	-0.21	1.81
arrangements	-0.21	1.87
time	-0.21	2.53
expand	-0.21	2.04
areas	-0.21	1.98
rule	-0.21	2.21
vaccine	-0.21	1.80
along	-0.21	2.35
bargaining	-0.21	2.10
dogmatic	-0.20	1.48
lazy	-0.20	1.39
peoples	-0.20	2.14
arrived	-0.20	2.30
ourselves	-0.20	2.42
officer	-0.20	1.87
abundance	-0.20	1.86
minimum	-0.20	2.15
thinking	-0.20	3.32
arbitrary	-0.20	2.20
lives	-0.20	2.06
insurance	-0.20	2.01
furthermore	-0.20	2.75
instance	-0.20	2.19
additionally	-0.20	1.46
sought	-0.20	2.34
warrant	-0.20	1.98
dilemma	-0.20	2.19
units	-0.20	2.26
explicit	-0.20	2.33
implemented	-0.20	2.25
difference	-0.20	3.30
disputes	-0.20	2.41
advantage	-0.20	2.09
looking	-0.20	3.18
billion	-0.20	2.03
judgement	-0.20	2.90
setup	-0.20	1.43
diseases	-0.20	1.69
gotten	-0.20	2.38
existing	-0.20	2.23
neighbors	-0.20	1.67
disagreement	-0.20	3.00
coming	-0.20	2.81
versus	-0.20	2.01
hand	-0.20	2.19
80	-0.20	1.91
imaginary	-0.20	3.07
coverage	-0.20	1.72
radically	-0.19	2.19
laid	-0.19	2.26
point	-0.19	3.83
unions	-0.19	2.03
sympathy	-0.19	2.56
let	-0.19	2.99
prevents	-0.19	2.28
honor	-0.19	1.96
necessity	-0.19	2.26
break	-0.19	2.21
pose	-0.19	2.16
lately	-0.19	2.10
substitute	-0.19	1.78
park	-0.19	1.56
western	-0.19	1.97
interactions	-0.19	2.30
zone	-0.19	1.89
appeal	-0.19	2.41
e.g	-0.19	1.89
examine	-0.19	2.75
public	-0.19	1.90
emphasis	-0.19	1.81
wealth	-0.19	1.97
egoist	-0.19	2.15
constructs	-0.19	2.27
assets	-0.19	1.98
proposing	-0.19	2.90
somalia	-0.19	1.87
boundaries	-0.19	2.00
organisation	-0.19	2.03
big	-0.19	2.32
pushed	-0.19	1.95
probably	-0.18	3.77
shared	-0.18	2.25
firing	-0.18	1.94
parties	-0.18	2.25
gun	-0.18	1.95
ancap	-0.18	2.12
tiny	-0.18	1.78
actions	-0.18	2.96
despite	-0.18	2.45
early	-0.18	2.14
holding	-0.18	2.13
adapt	-0.18	2.27
raped	-0.18	1.59
extent	-0.18	2.69
centuries	-0.18	2.17
burden	-0.18	2.05
changes	-0.18	2.43
dependent	-0.18	2.41
ask	-0.18	3.52
retain	-0.18	2.18
boot	-0.18	1.82
licensing	-0.18	1.90
device	-0.18	1.69
standards	-0.18	2.17
management	-0.18	2.11
conflicts	-0.18	2.37
surrounding	-0.18	1.88
mission	-0.18	1.99
avoid	-0.18	2.29
species	-0.18	1.97
entrepreneurs	-0.18	1.94
sign	-0.18	2.25
losses	-0.18	2.06
wont	-0.18	2.40
20	-0.18	2.01
norms	-0.18	2.37
works	-0.18	2.87
mind	-0.17	3.14
buildings	-0.17	1.71
200	-0.17	2.01
gives	-0.17	1.60
regions	-0.17	1.99
11	-0.17	1.80
donations	-0.17	2.00
signed	-0.17	2.45
agents	-0.17	1.98
number	-0.17	1.95
seller	-0.17	1.86
brother	-0.17	1.28
scarce	-0.17	2.41
association	-0.17	2.15
influence	-0.17	2.17
skilled	-0.17	2.06
effectively	-0.17	2.40
impact	-0.17	2.09
england	-0.17	1.72
improvements	-0.17	1.95
mainstream	-0.17	1.75
contradict	-0.17	2.65
hungry	-0.17	1.57
fund	-0.17	1.95
main	-0.17	2.22
resolve	-0.17	2.42
worth	-0.17	2.39
gone	-0.16	2.56
base	-0.16	2.33
includes	-0.16	2.16
regional	-0.16	2.13
parts	-0.16	2.28
easily	-0.16	2.60
strictly	-0.16	2.54
region	-0.16	2.04
businesses	-0.16	2.08
dollar	-0.16	2.01
conflict	-0.16	2.42
lend	-0.16	2.11
actors	-0.16	2.26
terms	-0.16	2.42
empire	-0.16	1.84
largest	-0.16	1.84
producer	-0.16	2.11
yes	-0.16	4.28
explicitly	-0.16	2.75
applying	-0.16	2.61
commodities	-0.16	2.13
minarchism	-0.16	2.18
details	-0.16	2.02
masters	-0.16	1.93
financial	-0.16	1.94
invested	-0.16	2.11
entry	-0.16	2.03
march	-0.16	1.57
opponent	-0.16	2.08
directly	-0.16	2.36
ignorant	-0.16	1.52
pretending	-0.16	2.10
went	-0.15	1.98
schemes	-0.15	2.07
command	-0.15	2.08
governments	-0.15	2.10
loose	-0.15	1.90
unemployment	-0.15	2.02
inform	-0.15	2.36
improved	-0.15	1.94
reveal	-0.15	2.01
independent	-0.15	2.10
decades	-0.15	2.38
losing	-0.15	1.97
paycheck	-0.15	2.07
meanwhile	-0.15	1.60
listed	-0.15	2.02
51	-0.15	2.02
ten	-0.15	2.02
significant	-0.15	1.98
range	-0.15	2.29
60	-0.15	1.95
trades	-0.15	2.20
immediately	-0.15	2.23
word	-0.15	2.39
slightest	-0.15	2.91
rothbardian	-0.15	2.25
variables	-0.15	2.37
scheme	-0.15	2.12
child	-0.14	1.82
educate	-0.14	2.34
animals	-0.14	2.03
particular	-0.14	2.30
funds	-0.14	1.98
ive	-0.14	2.30
largely	-0.14	2.12
alcohol	-0.14	1.66
arguably	-0.14	2.19
standard	-0.14	2.39
return	-0.14	2.22
trillion	-0.14	1.96
randomly	-0.14	2.13
react	-0.14	1.94
childhood	-0.14	1.65
poison	-0.14	1.64
status	-0.14	2.04
exchanged	-0.14	2.15
mutual	-0.14	2.19
cure	-0.14	1.87
preferable	-0.14	3.12
companies	-0.14	2.07
lean	-0.14	2.02
arrogant	-0.14	1.39
standing	-0.14	2.01
targets	-0.14	1.76
patents	-0.14	1.95
resolved	-0.14	2.38
five	-0.14	2.04
consumed	-0.14	2.06
contracts	-0.14	2.25
parking	-0.13	1.91
slave	-0.13	2.09
count	-0.13	2.75
prevented	-0.13	2.30
vastly	-0.13	2.25
implied	-0.13	2.84
fill	-0.13	1.66
accusations	-0.13	2.44
peers	-0.13	1.55
future	-0.13	2.54
dominated	-0.13	2.01
adoption	-0.13	1.93
roll	-0.13	1.82
educated	-0.13	1.64
ruling	-0.13	1.94
thinkers	-0.13	1.81
expenses	-0.13	1.91
dispute	-0.13	2.29
within	-0.13	2.19
fish	-0.13	1.85
rates	-0.13	1.99
survival	-0.13	2.11
commerce	-0.13	2.15
payments	-0.13	2.00
population	-0.13	1.92
encouraged	-0.13	2.07
reached	-0.13	2.30
mentioning	-0.13	2.06
implicit	-0.13	2.36
burned	-0.13	1.89
adequately	-0.13	2.41
profession	-0.13	1.82
negotiate	-0.13	2.28
repeatedly	-0.13	2.65
whereby	-0.13	2.00
socialized	-0.13	1.93
skepticism	-0.13	1.99
humans	-0.13	2.01
represent	-0.13	2.03
words	-0.13	2.43
budget	-0.13	1.90
exchange	-0.12	2.22
switzerland	-0.12	1.79
according	-0.12	2.48
artificially	-0.12	2.09
walking	-0.12	1.90
stateless	-0.12	2.26
frame	-0.12	1.57
elites	-0.12	1.87
client	-0.12	1.87
amounts	-0.12	2.02
involvement	-0.12	2.06
morality	-0.12	2.84
get	-0.12	3.05
sector	-0.12	1.93
decision	-0.12	2.70
purchasing	-0.12	2.06
stock	-0.12	1.99
became	-0.12	1.65
make	-0.12	3.29
switch	-0.12	2.06
analyze	-0.12	2.56
presumably	-0.12	1.98
sufficient	-0.12	2.24
female	-0.12	1.65
objects	-0.12	2.28
synonymous	-0.12	2.14
consequence	-0.12	2.42
part	-0.12	3.39
requirement	-0.12	2.19
questioning	-0.12	2.46
therefor	-0.12	2.74
feature	-0.12	2.25
consumers	-0.12	2.02
consumption	-0.12	2.07
competitors	-0.12	2.12
hide	-0.11	2.44
bob	-0.11	1.65
propose	-0.11	2.18
manifest	-0.11	1.87
categories	-0.11	2.05
investors	-0.11	2.00
mexico	-0.11	1.83
throughout	-0.11	2.15
costs	-0.11	2.06
reduces	-0.11	2.02
fan	-0.11	2.06
afford	-0.11	2.17
produce	-0.11	2.11
desperate	-0.11	1.61
paul	-0.11	1.64
whats	-0.11	2.03
unlimited	-0.11	2.09
victory	-0.11	1.93
propaganda	-0.11	1.65
polycentric	-0.11	2.15
goods	-0.11	2.09
defines	-0.11	2.17
square	-0.11	1.90
duty	-0.11	2.05
critics	-0.11	1.85
factor	-0.11	2.67
lacks	-0.11	1.96
providing	-0.11	1.99
outside	-0.11	2.10
understood	-0.11	2.47
far	-0.11	2.73
drop	-0.11	1.82
ruler	-0.11	2.13
possibilities	-0.11	2.08
four	-0.11	2.00
excess	-0.10	2.04
cartels	-0.10	1.96
enterprise	-0.10	2.11
identifying	-0.10	2.04
map	-0.10	2.00
reflect	-0.10	2.33
childish	-0.10	1.46
ideology	-0.10	2.17
regulating	-0.10	1.96
cycle	-0.10	1.82
limiting	-0.10	2.20
masses	-0.10	1.76
letting	-0.10	2.03
criteria	-0.10	2.53
derived	-0.10	2.79
universal	-0.10	2.77
govern	-0.10	2.09
locked	-0.10	1.65
nearby	-0.10	1.49
every	-0.10	2.47
personally	-0.10	3.34
drug	-0.10	1.74
strike	-0.10	1.81
chaos	-0.10	1.68
easier	-0.10	2.44
rarely	-0.10	2.09
up	-0.10	2.38
develop	-0.10	2.09
functions	-0.10	2.13
moved	-0.10	1.87
centrally	-0.10	2.17
emerge	-0.10	2.15
heavily	-0.10	1.98
jurisdiction	-0.10	2.10
lines	-0.10	1.99
cost	-0.10	2.14
weakness	-0.10	1.76
world	-0.10	2.63
participating	-0.10	2.06
relying	-0.10	2.33
results	-0.10	2.71
entirety	-0.10	1.88
human	-0.10	2.26
product	-0.10	2.06
major	-0.10	1.93
exact	-0.10	2.70
current	-0.10	2.33
9/11	-0.10	1.74
representatives	-0.10	1.98
trip	-0.10	1.69
encouraging	-0.09	1.95
proposal	-0.09	2.20
ended	-0.09	2.05
department	-0.09	1.89
reported	-0.09	1.71
commodity	-0.09	2.12
dichotomy	-0.09	2.43
step	-0.09	2.00
marxian	-0.09	1.88
demonstrating	-0.09	2.40
7	-0.09	1.97
large	-0.09	1.94
anarchy	-0.09	2.20
primitive	-0.09	1.98
ip	-0.09	2.24
plants	-0.09	1.79
lower	-0.09	2.16
deontology	-0.09	2.54
persons	-0.09	2.22
consequentialist	-0.09	2.52
recognition	-0.09	2.25
branch	-0.09	1.96
language	-0.09	2.50
setting	-0.09	2.18
draw	-0.09	2.08
choose	-0.09	2.55
privacy	-0.09	2.22
clients	-0.09	2.10
neighbor	-0.09	1.99
demonstrated	-0.09	2.89
stocks	-0.09	2.03
rising	-0.09	1.94
50	-0.09	1.99
invest	-0.09	2.12
definition	-0.09	2.43
portion	-0.08	1.97
paradise	-0.08	2.05
strongest	-0.08	1.65
code	-0.08	2.38
average	-0.08	1.95
central	-0.08	2.10
indirect	-0.08	2.18
target	-0.08	1.67
workplace	-0.08	2.28
possess	-0.08	2.29
male	-0.08	1.64
carbon	-0.08	1.83
importantly	-0.08	1.59
gaining	-0.08	2.16
customers	-0.08	2.10
concept	-0.08	2.59
evident	-0.08	2.90
reputation	-0.08	2.07
buyer	-0.08	1.93
misguided	-0.08	1.63
dropped	-0.08	1.80
needs	-0.08	2.10
threw	-0.08	1.43
provided	-0.07	2.18
compare	-0.07	1.87
todays	-0.07	2.02
receive	-0.07	2.09
urban	-0.07	1.83
beating	-0.07	1.93
lending	-0.07	1.97
limitations	-0.07	2.03
communicate	-0.07	2.54
biased	-0.07	1.53
implying	-0.07	2.99
move	-0.07	2.31
unknown	-0.07	1.88
semantic	-0.07	1.94
request	-0.07	1.79
lawyer	-0.07	2.24
living	-0.07	1.96
ignored	-0.07	2.37
atheism	-0.07	1.90
technological	-0.07	2.06
unemployed	-0.07	1.78
discover	-0.07	2.73
accidentally	-0.07	1.85
six	-0.07	2.06
unregulated	-0.07	2.00
roads	-0.07	1.86
contrast	-0.07	1.77
abused	-0.07	1.64
substantial	-0.07	2.00
contention	-0.07	3.03
acknowledge	-0.07	2.77
savings	-0.07	2.04
banning	-0.07	1.62
tendency	-0.07	1.73
produces	-0.07	2.38
specifically	-0.07	2.79
approved	-0.07	1.56
filled	-0.06	1.74
price	-0.06	2.06
decrease	-0.06	2.02
exchanges	-0.06	2.20
expensive	-0.06	1.79
singular	-0.06	2.37
hanging	-0.06	1.78
barely	-0.06	2.28
percentage	-0.06	1.93
pile	-0.06	1.49
remotely	-0.06	2.56
infinite	-0.06	2.23
farms	-0.06	1.83
morals	-0.06	2.57
consistent	-0.06	2.93
evolve	-0.06	2.21
sales	-0.06	1.92
investing	-0.06	2.11
healthcare	-0.06	2.03
arrive	-0.06	2.30
direction	-0.06	2.37
chair	-0.06	2.12
societies	-0.06	2.07
transaction	-0.06	2.17
superior	-0.06	2.78
around	-0.05	2.42
prices	-0.05	2.03
writings	-0.05	1.48
personal	-0.05	2.30
system	-0.05	2.43
buyers	-0.05	2.02
convention	-0.05	2.05
promises	-0.05	2.01
conflating	-0.05	2.23
conscious	-0.05	2.22
accurately	-0.05	2.45
finite	-0.05	2.30
ideologically	-0.05	2.57
wide	-0.05	2.01
credibility	-0.05	1.97
bonds	-0.05	2.02
imply	-0.05	3.43
ours	-0.05	2.54
targeted	-0.05	1.88
literally	-0.05	2.70
economic	-0.05	2.01
maintenance	-0.05	1.97
federal	-0.05	1.96
talks	-0.05	1.58
percent	-0.05	1.94
speaking	-0.05	4.09
wall	-0.05	1.79
meanings	-0.05	2.33
lies	-0.05	2.44
civil	-0.05	1.55
industries	-0.05	2.00
deontological	-0.05	2.43
ron	-0.05	1.65
driven	-0.05	1.95
apply	-0.05	2.63
stupidity	-0.05	1.31
platform	-0.05	1.78
backing	-0.05	2.70
replacing	-0.05	1.67
accumulation	-0.05	2.03
invalid	-0.05	4.16
forming	-0.05	2.11
line	-0.05	2.19
systems	-0.05	2.28
signing	-0.04	2.38
demand	-0.04	2.09
stems	-0.04	1.60
marginal	-0.04	2.20
increasing	-0.04	2.01
consumer	-0.04	2.02
bother	-0.04	3.01
competition	-0.04	2.15
restricted	-0.04	2.12
higher	-0.04	2.19
passing	-0.04	2.05
investments	-0.04	2.06
proposed	-0.04	2.33
hence	-0.04	2.03
realized	-0.04	2.39
objective	-0.04	3.16
consume	-0.04	1.92
implications	-0.04	2.11
usd	-0.04	2.09
complete	-0.04	1.54
away	-0.04	2.63
across	-0.04	1.86
rhetoric	-0.04	2.00
quantity	-0.04	2.15
pulling	-0.04	2.04
replaced	-0.04	2.13
scarcity	-0.04	2.33
began	-0.04	2.11
following	-0.03	2.34
supply	-0.03	2.10
egalitarianism	-0.03	1.87
swat	-0.03	1.82
25	-0.03	1.97
opinion	-0.03	3.36
changing	-0.03	2.44
giant	-0.03	1.81
undermine	-0.03	2.22
observed	-0.03	2.53
gravity	-0.03	2.20
money	-0.03	2.13
disappear	-0.03	2.08
ancient	-0.03	1.90
customer	-0.03	2.02
realizing	-0.03	2.59
expectations	-0.03	2.09
principles	-0.03	2.64
risks	-0.03	2.08
intrinsic	-0.03	2.50
lack	-0.03	1.88
external	-0.03	2.23
ad	-0.03	2.46
general	-0.03	2.28
scale	-0.03	2.03
hardly	-0.03	2.45
justification	-0.03	2.91
covers	-0.03	1.83
truth	-0.03	3.39
limits	-0.03	2.14
benefit	-0.03	2.18
area	-0.02	2.02
amount	-0.02	2.07
stretch	-0.02	2.70
upper	-0.02	1.76
primary	-0.02	2.10
evolved	-0.02	2.07
moral	-0.02	2.85
stands	-0.02	2.20
30	-0.02	1.99
concede	-0.02	3.27
married	-0.02	1.50
metals	-0.02	2.04
assassination	-0.02	1.90
narrow	-0.02	1.82
burning	-0.02	1.75
survive	-0.02	1.96
implement	-0.02	2.39
capacity	-0.02	2.02
industry	-0.02	1.97
slowly	-0.02	2.18
industrial	-0.02	1.85
benefits	-0.02	2.16
observe	-0.02	2.22
apparent	-0.02	2.01
bigger	-0.02	2.00
nihilist	-0.02	2.40
forth	-0.02	2.05
organic	-0.02	1.71
leaning	-0.01	2.06
things	-0.01	3.48
10	-0.01	2.02
certainly	-0.01	3.78
anywhere	-0.01	2.77
constant	-0.01	1.94
attached	-0.01	2.05
realise	-0.01	3.14
etc	-0.01	1.97
greatest	-0.01	2.81
investment	-0.01	2.11
grows	-0.01	1.80
correctly	-0.01	2.47
match	-0.01	2.13
tactics	-0.01	2.02
jump	-0.01	2.04
lock	-0.01	1.72
gains	-0.01	2.08
theorist	-0.01	1.45
birth	-0.01	1.72
involved	-0.01	2.31
steps	-0.01	2.06
fractional	-0.01	2.06
much	-0.01	2.74
revenue	-0.01	2.09
meaning	-0.01	2.51
into	-0.01	2.20
banking	-0.01	2.02
limited	-0.01	2.27
business	-0.01	2.21
grain	-0.01	1.44
factories	-0.01	2.03
improvement	-0.01	1.81
closely	-0.01	1.81
ethical	-0.01	2.67
demonstrate	-0.01	3.11
resistance	-0.01	2.06
establish	-0.01	2.52
trade	-0.01	2.25
opportunities	-0.01	2.14
look	-0.00	2.99
interest	-0.00	2.06
contrary	-0.00	2.94
bringing	-0.00	2.34
miles	-0.00	2.10
education	-0.00	1.96
1000	-0.00	2.00
risk	-0.00	2.14
utilitarian	-0.00	2.39
productivity	-0.00	2.04
everywhere	-0.00	1.97
underlying	-0.00	2.38
fixing	-0.00	2.23
planning	-0.00	2.29
stress	-0.00	1.89
cuts	-0.00	1.91
wherever	-0.00	2.01
proven	0.00	4.19
banks	0.00	2.01
abilities	0.00	2.13
reserve	0.00	2.02
nations	0.00	1.98
table	0.00	1.76
solve	0.00	2.55
mentioned	0.00	2.33
avoiding	0.00	2.07
focusing	0.00	2.44
founded	0.00	2.00
pocket	0.00	1.91
defeat	0.00	2.26
frequently	0.01	2.11
barter	0.01	2.16
service	0.01	2.05
prove	0.01	3.47
fundamentally	0.01	2.70
exception	0.01	2.36
loan	0.01	1.98
longer	0.01	3.14
children	0.01	1.71
demanded	0.01	2.12
minds	0.01	2.26
worlds	0.01	1.89
dirt	0.01	1.99
rests	0.01	2.80
abstract	0.01	2.12
gov't	0.01	1.95
combat	0.01	1.81
de	0.01	2.05
actor	0.01	2.58
providers	0.01	2.09
perspective	0.01	2.66
advantages	0.01	2.13
fed	0.01	1.98
sense	0.01	3.43
resource	0.01	2.33
pieces	0.01	1.62
plus	0.01	2.05
taxing	0.01	2.07
hunt	0.01	1.86
fiat	0.01	2.06
choice	0.01	2.98
size	0.01	2.07
push	0.01	2.07
classes	0.01	1.80
prone	0.01	2.29
fdr	0.01	1.85
externalities	0.02	2.29
converted	0.02	1.68
component	0.02	2.48
40	0.02	2.00
noted	0.02	2.23
motivated	0.02	1.86
stance	0.02	2.56
objectivity	0.02	2.95
grown	0.02	1.86
definitions	0.02	2.33
cease	0.02	2.04
excluded	0.02	2.03
begin	0.02	2.44
larger	0.02	2.04
readily	0.02	2.14
shape	0.02	2.32
pragmatic	0.02	2.41
useless	0.02	2.19
constantly	0.02	2.05
ironically	0.02	1.66
intellectually	0.02	1.94
individually	0.02	2.27
hypocrisy	0.02	1.53
logically	0.02	3.23
acknowledging	0.02	2.22
housing	0.02	1.82
seek	0.02	2.48
fence	0.02	1.93
promise	0.02	2.21
settle	0.02	2.40
ethic	0.02	2.62
drinking	0.02	1.67
true	0.02	4.47
loans	0.02	1.97
compatible	0.02	2.31
cop	0.02	1.81
measures	0.02	2.39
center	0.02	1.86
consciousness	0.02	2.50
function	0.02	2.43
clause	0.02	2.15
philosophically	0.02	2.93
abusive	0.02	1.79
judgments	0.02	2.61
pockets	0.03	1.86
printing	0.03	1.88
70	0.03	1.88
treated	0.03	1.98
boils	0.03	2.19
widely	0.03	2.36
bare	0.03	2.16
inflation	0.03	1.98
fallacies	0.03	2.38
pricing	0.03	2.15
convenient	0.03	1.44
5	0.03	2.04
broadly	0.03	2.38
raising	0.03	1.86
moving	0.03	2.23
diversity	0.03	1.73
reduced	0.03	2.05
coin	0.03	2.11
incentive	0.03	2.51
straw	0.03	2.50
reduction	0.03	2.05
foundation	0.03	2.19
currency	0.03	2.06
explained	0.03	2.44
policies	0.03	2.37
agriculture	0.03	1.91
utopia	0.03	2.29
merely	0.03	3.16
upset	0.03	1.83
heat	0.03	1.64
returns	0.03	2.09
decentralization	0.03	2.07
score	0.03	1.87
drastically	0.03	2.09
testing	0.03	2.36
phenomenon	0.03	2.24
farmer	0.03	1.85
farmers	0.03	1.71
medium	0.03	2.16
somewhere	0.03	2.23
possibility	0.03	2.92
applied	0.04	2.37
bullying	0.04	2.13
purely	0.04	2.35
dominant	0.04	1.89
pr	0.04	1.81
distance	0.04	2.10
framework	0.04	2.42
gift	0.04	1.97
managing	0.04	2.24
gap	0.04	2.25
cattle	0.04	1.76
encountered	0.04	1.99
increases	0.04	2.02
brown	0.04	1.74
derive	0.04	2.76
spread	0.04	1.96
walk	0.04	2.03
currencies	0.04	2.10
significantly	0.04	2.28
growing	0.04	1.79
demonstrates	0.04	1.94
arbitrator	0.04	2.35
ethics	0.04	2.52
towns	0.04	1.87
feed	0.04	1.65
quality	0.04	1.96
assign	0.04	2.30
decisions	0.04	2.42
bring	0.04	2.28
ago	0.04	2.19
<URL>	0.04	1.61
<SPECIAL>	0.04	1.61
secret	0.05	1.54
took	0.05	2.06
negatively	0.05	2.20
apartment	0.05	1.90
divide	0.05	2.12
wherein	0.05	2.05
half	0.05	2.21
sentences	0.05	2.17
counts	0.05	1.70
energy	0.05	1.89
incentives	0.05	2.29
stops	0.05	2.11
entire	0.05	2.29
manipulated	0.05	1.86
plant	0.05	1.75
repeated	0.05	2.57
levels	0.05	2.02
shifting	0.05	2.05
invite	0.05	2.09
issue	0.05	3.15
hunting	0.05	1.91
friends	0.05	1.47
chose	0.05	2.43
date	0.05	1.68
position	0.05	2.55
pull	0.05	2.10
gradually	0.05	2.15
gold	0.05	2.06
correlation	0.05	2.41
solved	0.05	2.61
consequences	0.05	2.66
separate	0.06	1.99
divided	0.06	2.04
factors	0.06	2.49
mention	0.06	2.81
ltv	0.06	2.11
effects	0.06	2.47
health	0.06	1.91
associated	0.06	2.04
akin	0.06	1.95
claims	0.06	3.07
grow	0.06	1.89
realist	0.06	2.67
rooted	0.06	2.28
hands	0.06	1.97
risky	0.06	2.07
listeners	0.06	1.89
communal	0.06	2.01
men	0.06	1.60
she	0.06	1.52
versa	0.06	1.88
cheaper	0.06	2.22
learn	0.06	2.43
valuable	0.06	2.13
silver	0.06	2.05
provider	0.06	2.08
during	0.06	1.83
upb	0.06	2.57
treat	0.06	2.10
necessary	0.06	2.58
15	0.06	1.96
sides	0.07	2.33
overlap	0.07	2.59
mere	0.07	2.55
increased	0.07	2.05
civilization	0.07	1.94
lost	0.07	2.01
expense	0.07	2.02
consequentialism	0.07	2.49
suggesting	0.07	3.33
attention	0.07	1.77
pass	0.07	2.13
whining	0.07	1.71
small	0.07	2.03
btc	0.07	2.09
literal	0.07	2.07
essentially	0.07	2.69
reducing	0.07	1.99
toward	0.07	2.33
aspect	0.07	2.62
establishing	0.07	2.29
presenting	0.07	2.55
broader	0.07	2.01
meat	0.07	1.42
development	0.07	1.98
patterns	0.07	2.21
concepts	0.07	2.40
location	0.07	2.32
smaller	0.07	2.07
removed	0.07	2.14
valued	0.07	2.24
regulated	0.07	1.93
precious	0.07	2.13
debating	0.07	2.58
speculation	0.08	2.12
applicable	0.08	2.73
rise	0.08	1.94
mining	0.08	2.03
prominent	0.08	1.82
spooner	0.08	1.61
stand	0.08	2.27
meeting	0.08	1.93
ideologies	0.08	2.20
positions	0.08	2.51
suspect	0.08	2.33
vehicles	0.08	1.75
gather	0.08	1.88
bitcoin	0.08	2.08
problem	0.08	3.00
3d	0.08	1.91
negative	0.08	2.72
category	0.08	2.01
products	0.08	1.99
cast	0.08	1.75
resources	0.08	2.31
household	0.08	1.74
subsidized	0.08	1.83
contradicts	0.08	2.55
insofar	0.08	2.23
combined	0.08	1.80
regard	0.08	2.05
practices	0.08	2.19
practically	0.08	2.14
worried	0.08	2.50
accounting	0.08	2.21
wallet	0.09	2.01
expert	0.09	2.94
comprehension	0.09	2.19
conform	0.09	2.21
ground	0.09	2.01
bag	0.09	1.42
adult	0.09	1.81
lay	0.09	2.08
actual	0.09	2.68
processes	0.09	2.00
here	0.09	3.56
wealthy	0.09	1.81
economist	0.09	1.41
chomsky	0.09	1.51
theory	0.09	2.14
farm	0.09	1.76
regularly	0.09	1.64
ocean	0.09	1.81
universe	0.09	2.52
equilibrium	0.09	1.99
cant	0.09	2.35
iron	0.09	1.82
warming	0.09	2.05
separation	0.09	2.06
equal	0.09	2.24
manufacturing	0.09	1.85
alien	0.09	1.99
ship	0.10	1.83
substance	0.10	2.42
cents	0.10	2.08
relevance	0.10	2.92
offered	0.10	2.28
transactions	0.10	2.14
road	0.10	1.84
idiots	0.10	1.82
extend	0.10	2.43
wasting	0.10	2.36
automation	0.10	2.03
consensus	0.10	2.24
coins	0.10	2.05
environment	0.10	2.01
3	0.10	2.08
making	0.10	3.26
flaws	0.10	2.09
transport	0.10	1.80
cities	0.10	1.89
accordance	0.10	2.44
constitution	0.10	2.09
dogma	0.10	1.94
2	0.10	2.07
imperative	0.10	2.73
contradictory	0.10	3.03
spreading	0.10	2.07
prior	0.10	2.19
bastiat	0.10	1.38
feds	0.10	1.84
magical	0.10	2.04
electricity	0.10	1.86
gas	0.10	1.70
high	0.10	2.07
thesis	0.10	2.34
broken	0.11	2.03
governed	0.11	2.05
allocate	0.11	2.37
unit	0.11	2.17
independence	0.11	1.89
weight	0.11	1.79
sole	0.11	2.14
reduce	0.11	2.11
material	0.11	2.05
practice	0.11	2.19
forward	0.11	2.27
history	0.11	2.19
populace	0.11	1.79
band	0.11	1.87
ideological	0.11	1.92
preserve	0.11	2.08
axiom	0.11	2.97
cryptocurrency	0.11	2.05
institute	0.11	1.63
focus	0.11	2.26
speak	0.11	2.79
share	0.11	2.21
rationality	0.11	1.93
license	0.11	1.84
strikes	0.11	1.64
scope	0.11	2.08
equation	0.11	2.49
bitcoins	0.11	2.03
screw	0.11	1.86
4	0.12	2.04
egoism	0.12	2.28
present	0.12	2.56
steel	0.12	1.77
harder	0.12	2.29
95	0.12	1.71
efficiently	0.12	2.34
non-violent	0.12	2.39
1	0.12	2.07
equally	0.12	2.30
deliver	0.12	1.96
own	0.12	2.45
economics	0.12	2.01
partly	0.12	1.83
residents	0.12	1.98
opinions	0.12	2.30
month	0.12	2.07
weather	0.12	1.64
ongoing	0.12	2.07
feet	0.12	1.99
economy	0.12	2.15
training	0.12	2.03
entirely	0.12	2.52
concrete	0.12	1.72
explains	0.12	1.85
down	0.12	2.12
disagreements	0.12	2.32
fulfill	0.12	2.42
realm	0.12	2.19
its	0.12	2.53
lot	0.13	2.73
neutrality	0.13	2.02
fell	0.13	1.84
utility	0.13	2.45
thereby	0.13	1.78
black	0.13	1.55
broke	0.13	1.63
skeptical	0.13	1.92
secession	0.13	1.99
distinction	0.13	2.72
viewpoint	0.13	2.28
asset	0.13	2.06
expected	0.13	2.38
decline	0.13	1.89
seemingly	0.13	2.42
once	0.13	2.60
minimize	0.13	2.16
wider	0.13	2.23
believing	0.13	2.37
competitive	0.13	2.21
whatsoever	0.13	2.85
conduct	0.13	1.96
ugly	0.13	1.29
popularity	0.13	1.90
fundamental	0.13	2.63
towards	0.13	2.38
bank	0.13	2.00
ought	0.13	3.03
application	0.13	2.45
starting	0.13	2.79
nihilism	0.13	2.41
austrian	0.13	2.06
foot	0.13	1.84
disingenuous	0.13	1.64
estate	0.13	1.89
contradiction	0.14	2.73
technology	0.14	2.05
beneficial	0.14	2.45
justice	0.14	2.03
utopian	0.14	2.08
asserting	0.14	2.96
means	0.14	2.71
distributed	0.14	2.04
irrational	0.14	1.80
thing	0.14	3.67
perhaps	0.14	3.61
machine	0.14	1.87
laughable	0.14	1.68
16	0.14	1.90
output	0.14	2.07
travel	0.14	2.10
life	0.14	2.20
year	0.14	2.04
quoting	0.14	2.48
mcdonalds	0.14	1.81
contributing	0.14	1.99
replace	0.15	1.99
12	0.15	1.95
avoided	0.15	2.36
soon	0.15	2.69
overall	0.15	2.04
profits	0.15	2.16
venture	0.15	2.11
philosophies	0.15	2.35
ll	0.15	3.06
appealing	0.15	2.43
tribes	0.15	1.77
beyond	0.15	2.32
6	0.15	1.99
view	0.15	2.73
issued	0.15	1.91
connections	0.15	2.01
likewise	0.15	2.06
nation	0.15	1.94
enable	0.15	2.25
planet	0.15	2.07
farming	0.15	1.81
special	0.15	1.98
judgment	0.15	2.80
hour	0.15	2.16
calculate	0.15	2.29
solving	0.16	2.44
finance	0.16	1.97
refute	0.16	2.90
turned	0.16	1.88
creative	0.16	1.67
pattern	0.16	2.07
standpoint	0.16	2.52
ways	0.16	2.72
realism	0.16	2.64
technologies	0.16	2.14
worldview	0.16	2.08
econ	0.16	1.84
tech	0.16	1.98
13	0.16	1.88
australia	0.16	1.77
learned	0.16	1.93
wilson	0.16	1.62
seem	0.16	2.89
decentralized	0.16	2.08
after	0.16	2.28
contemporary	0.16	1.74
dangerous	0.16	1.65
begins	0.17	1.85
lying	0.17	2.04
asked	0.17	2.37
turns	0.17	1.50
false	0.17	4.05
sum	0.17	2.08
cops	0.17	2.03
features	0.17	2.04
medicine	0.17	1.87
conclusion	0.17	3.42
qualities	0.17	2.32
behind	0.17	2.40
satisfaction	0.17	2.19
fuel	0.17	1.79
afraid	0.17	2.52
herself	0.17	1.67
given	0.17	2.58
protocol	0.17	2.06
gross	0.17	1.39
societal	0.17	2.32
positive	0.17	2.62
years	0.17	2.24
enemy	0.17	1.72
notice	0.17	2.06
crypto	0.17	2.03
8	0.17	1.99
doors	0.17	1.87
axiomatic	0.17	2.80
sustain	0.17	2.11
developing	0.17	2.17
pictures	0.17	1.72
broad	0.18	2.25
magically	0.18	1.96
track	0.18	2.06
maintaining	0.18	2.00
path	0.18	2.25
transition	0.18	2.04
sheep	0.18	1.59
key	0.18	2.22
zero	0.18	2.50
18	0.18	1.85
local	0.18	1.86
showing	0.18	2.37
inclined	0.18	2.42
brand	0.18	1.83
mental	0.18	1.71
reality	0.18	2.85
terribly	0.18	1.86
argumentation	0.18	2.65
causal	0.18	2.39
naive	0.18	1.58
tragedy	0.18	1.96
bothered	0.19	2.68
occasionally	0.19	1.76
autonomous	0.19	1.97
dogs	0.19	1.97
emotionally	0.19	2.14
fishing	0.19	1.84
allocation	0.19	2.41
motivation	0.19	2.38
hitting	0.19	1.70
shown	0.19	3.00
alternative	0.19	2.56
commercial	0.19	1.84
greater	0.19	2.14
14	0.19	1.96
evidence	0.19	3.20
earlier	0.19	2.08
until	0.19	2.39
slow	0.19	2.10
skills	0.19	2.06
networks	0.19	2.06
truths	0.19	3.16
schools	0.19	1.84
obsolete	0.19	2.09
amendment	0.19	2.06
calculation	0.19	2.29
information	0.19	1.96
wake	0.19	2.12
aggregate	0.20	1.96
becoming	0.20	1.98
cash	0.20	1.98
mad	0.20	2.41
additional	0.20	2.10
illogical	0.20	2.59
philosophy	0.20	2.14
leap	0.20	1.99
0	0.20	2.00
trend	0.20	2.12
limit	0.20	2.14
accomplished	0.20	2.74
requirements	0.20	2.08
proud	0.20	2.12
express	0.20	2.21
notes	0.20	2.04
superiority	0.20	1.94
practiced	0.20	2.42
stronger	0.20	1.99
magic	0.20	1.80
increase	0.20	2.09
affairs	0.20	2.15
doctrine	0.21	1.98
vehicle	0.21	1.80
families	0.21	1.63
severely	0.21	1.92
concerning	0.21	2.15
normative	0.21	2.98
less	0.21	2.34
times	0.21	2.42
competitor	0.21	2.18
iirc	0.21	1.80
town	0.21	1.92
potential	0.21	2.25
homes	0.21	1.83
noise	0.21	1.92
theoretical	0.21	2.30
models	0.21	2.27
doctors	0.21	1.78
empty	0.21	1.93
growth	0.21	1.99
anytime	0.21	2.56
noticed	0.21	2.29
drunk	0.21	1.64
apple	0.21	1.87
measured	0.22	2.50
problems	0.22	2.49
backwards	0.22	1.99
question	0.22	3.32
guaranteed	0.22	2.11
isps	0.22	2.06
stake	0.22	2.14
driver	0.22	1.72
river	0.22	1.70
middle	0.22	1.75
doesnt	0.22	2.09
anyway	0.22	3.69
last	0.22	2.24
lifetime	0.22	2.06
numbers	0.22	1.99
perspectives	0.22	2.31
cutting	0.22	1.92
found	0.22	2.19
rather	0.22	3.01
skill	0.22	2.01
metaphysical	0.22	2.68
addition	0.22	1.97
parent	0.22	1.63
trees	0.22	1.83
king	0.22	1.61
obtain	0.22	2.21
pushing	0.22	1.79
wrote	0.22	1.80
subset	0.22	2.23
print	0.22	1.90
blatant	0.22	2.25
blockchain	0.22	2.01
incorrect	0.22	4.14
wisdom	0.22	1.70
whenever	0.23	2.11
desires	0.23	2.16
efforts	0.23	2.08
stopped	0.23	2.32
third	0.23	2.33
made	0.23	2.79
utilize	0.23	2.24
philosophers	0.23	1.69
opportunity	0.23	2.40
psychology	0.23	2.15
recently	0.23	2.30
motive	0.23	2.20
premise	0.23	3.22
tied	0.23	1.89
disprove	0.23	3.15
seastead	0.23	2.04
climate	0.23	2.19
divine	0.23	2.11
transportation	0.23	2.00
loaded	0.23	2.29
cells	0.23	1.81
hours	0.23	2.18
regards	0.23	2.26
asking	0.23	3.25
equivalent	0.23	2.07
english	0.23	2.28
assistance	0.23	1.93
society	0.23	2.06
hole	0.23	1.77
heads	0.24	1.92
isp	0.24	2.07
illusion	0.24	1.92
door	0.24	1.83
sending	0.24	2.19
implementation	0.24	2.30
aside	0.24	2.18
water	0.24	1.67
importance	0.24	2.13
foolish	0.24	1.76
schooling	0.24	1.74
later	0.24	2.22
renting	0.24	1.96
incoherent	0.24	2.40
notion	0.24	2.62
dynamics	0.24	2.10
trusted	0.24	2.30
dictionary	0.24	2.26
reasons	0.24	2.63
replacement	0.24	2.15
copyright	0.24	2.00
needing	0.24	1.96
complaint	0.24	1.94
faster	0.24	2.17
equipment	0.24	1.81
tree	0.25	1.88
herd	0.25	1.80
dedicated	0.25	1.75
holes	0.25	1.94
digital	0.25	2.04
hiding	0.25	1.99
shift	0.25	2.00
family	0.25	1.59
windows	0.25	1.83
signs	0.25	1.95
deeply	0.25	1.70
beliefs	0.25	2.43
adds	0.25	2.02
york	0.25	1.68
begging	0.25	2.91
advances	0.25	2.06
intent	0.25	2.57
connection	0.25	2.29
computer	0.26	1.69
eating	0.26	1.53
flawed	0.26	2.98
profit	0.26	2.21
lacking	0.26	2.05
signals	0.26	2.08
apples	0.26	1.83
physics	0.26	2.25
sitting	0.26	1.95
agorism	0.26	2.13
regulate	0.26	1.92
favorable	0.26	2.35
crucial	0.26	2.18
extra	0.26	1.98
economies	0.26	2.12
low	0.26	2.03
southern	0.26	1.77
suck	0.26	2.11
printed	0.26	1.90
continues	0.27	2.03
final	0.27	2.14
manipulation	0.27	1.98
anonymous	0.27	2.01
drive	0.27	1.87
refuted	0.27	2.74
formal	0.27	2.33
inaccurate	0.27	3.68
expectation	0.27	2.36
ex	0.27	1.90
station	0.27	1.68
outcome	0.27	3.44
electric	0.27	1.74
adults	0.27	1.70
vulnerable	0.27	1.92
driving	0.27	1.75
proposition	0.27	3.18
stage	0.27	2.13
premises	0.27	3.08
elite	0.27	1.83
101	0.27	1.98
available	0.27	2.24
monetary	0.27	2.09
improving	0.27	2.12
new	0.27	2.13
professional	0.28	1.72
assertions	0.28	3.08
ideas	0.28	2.51
collecting	0.28	1.91
student	0.28	1.85
quo	0.28	1.93
solves	0.28	2.40
week	0.28	2.14
field	0.28	2.06
wood	0.28	1.73
predict	0.28	2.60
hospital	0.28	1.43
dmca	0.28	1.89
incident	0.28	1.58
theories	0.28	2.34
mankind	0.28	1.95
validity	0.28	3.09
memory	0.28	1.66
reports	0.28	1.70
degree	0.28	2.19
walked	0.28	1.96
secondly	0.28	2.23
popular	0.28	2.05
deep	0.28	1.90
pick	0.28	2.19
houses	0.28	1.76
cognitive	0.29	1.72
earth	0.29	1.86
level	0.29	2.11
load	0.29	1.52
respected	0.29	2.25
credit	0.29	1.95
intention	0.29	2.19
stef	0.29	1.91
moreover	0.29	2.17
stuck	0.29	1.89
heaven	0.29	1.56
fixed	0.29	1.88
metal	0.29	1.86
9	0.29	1.89
render	0.29	2.21
engineers	0.29	1.87
pleasure	0.29	1.73
organizing	0.29	2.33
city	0.29	1.86
complex	0.30	1.85
falling	0.30	1.88
precise	0.30	2.41
plane	0.30	1.61
verify	0.30	2.98
expressed	0.30	2.03
impossible	0.30	2.78
university	0.30	1.92
tasks	0.30	2.16
long-term	0.30	2.13
nationalism	0.30	1.82
carefully	0.30	2.18
nicely	0.30	2.24
atheist	0.30	1.94
ultimate	0.30	2.67
title	0.30	2.32
critical	0.31	1.83
sentiment	0.31	2.26
proving	0.31	3.02
nowadays	0.31	2.06
connect	0.31	2.05
operating	0.31	2.33
theoretically	0.31	2.40
moot	0.31	2.61
policy	0.31	2.34
wind	0.31	1.64
bus	0.31	1.85
paint	0.31	1.73
least	0.31	3.51
another	0.31	2.81
praxeological	0.31	2.59
minor	0.31	1.94
preferences	0.31	2.48
continued	0.31	1.73
presented	0.31	2.51
phrase	0.31	2.36
cooperative	0.31	2.01
texas	0.31	1.83
sweden	0.31	1.79
unreasonable	0.31	1.92
faith	0.31	1.94
real	0.31	3.04
mistaken	0.31	3.60
network	0.31	1.99
robots	0.31	2.00
teacher	0.32	1.67
hint	0.32	2.06
historical	0.32	2.35
chances	0.32	2.08
math	0.32	2.10
choices	0.32	2.57
store	0.32	1.74
house	0.32	1.77
prevalent	0.32	1.78
window	0.32	1.90
instead	0.32	2.52
2014	0.32	1.78
christian	0.32	1.77
speed	0.32	1.96
offended	0.32	1.91
rewarded	0.32	1.85
creation	0.32	1.98
senses	0.32	2.52
democracies	0.32	1.93
powerful	0.32	2.14
school	0.32	1.85
tested	0.32	2.74
events	0.32	2.22
bridge	0.32	2.01
costly	0.32	2.30
figures	0.32	1.92
technical	0.32	2.06
confidence	0.32	2.03
borders	0.32	1.80
teachers	0.32	1.82
solutions	0.32	2.45
comcast	0.32	2.04
bread	0.32	1.60
stefan	0.33	1.92
likelihood	0.33	2.27
philosophical	0.33	2.25
teach	0.33	1.88
milk	0.33	1.55
understanding	0.33	2.27
shelter	0.33	1.88
promotes	0.33	2.13
dog	0.33	1.42
fallacy	0.33	2.78
engage	0.33	2.19
tucker	0.33	1.65
parallel	0.33	1.92
concern	0.33	2.43
conclusions	0.33	2.81
innovation	0.33	1.99
room	0.33	1.83
knowledge	0.33	2.07
parenting	0.33	1.95
t	0.33	2.48
counter	0.33	2.42
garden	0.33	1.93
ratio	0.33	1.88
axioms	0.33	2.98
amp	0.33	2.51
authorities	0.33	1.88
picking	0.33	2.09
weak	0.33	1.63
17	0.33	1.90
ton	0.33	1.83
research	0.34	2.10
marketing	0.34	1.73
nuts	0.34	1.44
cared	0.34	2.06
head	0.34	1.91
praxeology	0.34	2.42
interests	0.34	2.30
border	0.34	1.84
achieved	0.34	2.78
invent	0.34	2.03
father	0.34	1.33
mainly	0.34	1.91
fly	0.34	1.81
verbal	0.34	2.11
especially	0.34	2.14
age	0.34	1.55
argument	0.34	2.98
cite	0.34	2.17
mindset	0.34	1.67
hostile	0.34	1.72
learning	0.35	2.35
serving	0.35	2.07
edge	0.35	1.82
quit	0.35	1.77
indicate	0.35	2.39
intellectual	0.35	1.85
diverse	0.35	1.77
handed	0.35	1.98
neighborhood	0.35	1.68
contain	0.35	1.93
distribute	0.35	1.98
inside	0.35	1.66
maintain	0.35	2.15
street	0.35	1.73
trading	0.35	2.08
smarter	0.35	2.00
justifications	0.35	2.55
answer	0.35	3.27
mistakes	0.35	2.16
asshole	0.36	1.70
educational	0.36	1.83
eat	0.36	1.34
requiring	0.36	1.95
flying	0.36	1.74
unrealistic	0.36	1.58
experts	0.36	1.98
gain	0.36	2.30
start	0.36	2.51
jack	0.36	1.85
communication	0.36	2.10
volunteer	0.36	1.92
tribal	0.36	1.77
although	0.36	3.43
automated	0.36	1.96
ideals	0.36	2.29
irrelevant	0.36	2.64
notions	0.37	2.33
logical	0.37	2.83
ergo	0.37	2.56
rapidly	0.37	1.96
hammer	0.37	1.89
utterly	0.37	2.17
sky	0.37	1.53
progress	0.37	2.15
opened	0.37	1.73
feudalism	0.37	1.82
horse	0.37	1.66
study	0.37	2.19
ready	0.37	2.35
reasoning	0.37	2.99
roles	0.37	1.71
reverse	0.37	1.74
bills	0.37	1.90
peter	0.37	1.37
enormous	0.37	1.54
idea	0.37	3.33
statements	0.38	3.29
values	0.38	2.49
double	0.38	1.87
generations	0.38	1.81
representation	0.38	2.14
assertion	0.38	3.27
eternal	0.38	1.69
serves	0.38	1.96
qualified	0.38	1.91
sophisticated	0.38	1.97
aware	0.38	3.32
display	0.38	1.61
voter	0.38	1.75
drink	0.38	1.44
techniques	0.38	2.03
net	0.38	2.16
long	0.38	2.75
viewpoints	0.38	2.22
rural	0.38	1.83
options	0.38	2.56
reliable	0.38	2.10
informed	0.38	1.92
test	0.38	2.59
destroys	0.38	2.03
agenda	0.38	1.80
relates	0.38	2.26
dare	0.39	2.44
accomplish	0.39	2.76
intentionally	0.39	1.98
appearance	0.39	2.36
internet	0.39	2.00
cross	0.39	1.84
adding	0.39	2.21
productive	0.39	2.27
logic	0.39	2.87
proved	0.39	2.95
fast	0.39	2.06
kicked	0.39	1.65
90	0.39	1.82
model	0.39	2.39
desirable	0.39	3.34
views	0.39	2.44
objectivist	0.39	1.98
self-interest	0.39	2.52
paradigm	0.39	2.01
x	0.39	2.39
faulty	0.39	3.09
approach	0.40	2.43
science	0.40	2.22
basic	0.40	2.19
students	0.40	1.83
implication	0.40	2.61
weed	0.40	1.62
strategies	0.40	2.27
corner	0.40	1.84
burn	0.40	1.50
confused	0.40	2.37
niche	0.40	1.94
procedure	0.40	2.01
blatantly	0.40	2.28
circle	0.40	1.72
rhetorical	0.40	2.01
courses	0.40	1.93
b	0.40	2.14
mathematics	0.40	2.52
methods	0.40	2.32
blind	0.41	1.63
subjects	0.41	2.10
college	0.41	1.84
contribute	0.41	2.32
context	0.41	2.48
fit	0.41	2.12
next	0.41	2.17
plays	0.41	1.53
cantwell	0.41	1.64
feudal	0.41	1.78
pulled	0.41	1.86
cold	0.41	1.41
issues	0.41	2.54
reaching	0.41	2.33
phone	0.41	1.63
volume	0.41	1.91
space	0.41	1.90
incapable	0.41	2.16
examples	0.41	2.45
secure	0.41	1.81
stick	0.41	1.88
religions	0.42	1.84
ruined	0.42	1.66
teaching	0.42	1.91
potentially	0.42	1.80
profitable	0.42	2.28
assumptions	0.42	3.08
capable	0.42	2.20
intentions	0.42	3.11
taught	0.42	1.63
drives	0.42	1.94
below	0.42	1.98
traffic	0.43	1.94
utilitarianism	0.43	2.31
twice	0.43	2.05
meaningless	0.43	2.51
priori	0.43	2.85
netflix	0.43	2.03
consistency	0.43	2.64
solar	0.43	1.73
deeper	0.43	2.11
started	0.43	2.03
contact	0.43	2.01
offense	0.43	2.21
richer	0.43	1.98
ego	0.44	1.85
screwed	0.44	1.95
deciding	0.44	3.10
fallacious	0.44	2.75
active	0.44	2.13
pure	0.44	2.05
board	0.44	1.95
markets	0.44	2.31
permit	0.44	1.91
outcomes	0.44	3.30
girl	0.44	1.46
surface	0.44	1.89
hit	0.44	1.60
annoying	0.44	2.08
minutes	0.44	2.09
preferred	0.44	2.66
phenomena	0.44	2.22
mathematical	0.44	2.66
seeking	0.45	2.48
sciences	0.45	2.43
crops	0.45	1.74
fall	0.45	1.94
jewish	0.45	1.69
free	0.45	2.59
color	0.45	1.47
trends	0.45	1.95
unrelated	0.45	2.48
hang	0.45	2.18
addressed	0.45	2.52
weaker	0.45	1.97
assumption	0.45	3.21
fields	0.45	2.01
walmart	0.45	1.69
preference	0.45	2.41
parents	0.45	1.55
discussing	0.45	2.67
fool	0.45	1.83
fewer	0.45	2.12
robot	0.46	1.80
near	0.46	2.22
daughter	0.46	1.36
commons	0.46	2.17
generate	0.46	2.14
rich	0.46	1.67
religion	0.46	1.77
remains	0.46	2.44
raw	0.46	1.79
studying	0.46	2.09
analogy	0.46	2.22
beings	0.46	1.93
ignore	0.46	2.39
fresh	0.46	1.60
punch	0.46	1.70
biases	0.47	2.06
mother	0.47	1.47
promoting	0.47	2.00
guarantee	0.47	1.97
items	0.47	1.93
food	0.47	1.64
total	0.47	1.75
materials	0.47	1.91
pointless	0.47	1.98
construction	0.47	1.76
uncomfortable	0.47	1.65
interpretation	0.48	2.16
problematic	0.48	2.02
source	0.48	2.37
pizza	0.48	1.76
mentally	0.48	1.91
document	0.48	1.89
serve	0.48	2.01
become	0.48	2.21
sleep	0.48	1.46
crowd	0.48	1.46
alternatives	0.48	2.63
reward	0.49	2.04
nsa	0.49	1.67
rational	0.49	2.10
mechanism	0.49	2.45
grocery	0.49	1.72
narrative	0.49	1.72
baseless	0.49	2.64
treatment	0.49	1.85
engaging	0.49	2.15
raised	0.49	1.69
vice	0.49	1.77
harsh	0.49	1.64
gave	0.49	1.68
host	0.49	1.66
off	0.49	2.14
constitute	0.49	2.24
methodology	0.50	2.52
equals	0.50	1.97
priority	0.50	2.04
wave	0.50	1.79
aim	0.50	2.68
desert	0.50	1.77
warning	0.50	2.07
role	0.50	2.01
obvious	0.50	2.67
increasingly	0.50	2.15
freedom	0.51	2.39
strawman	0.51	2.47
critique	0.51	1.98
gov	0.51	1.86
ass	0.51	1.58
tor	0.51	1.92
day	0.51	2.12
old	0.51	1.73
analysis	0.51	2.23
train	0.51	1.78
addressing	0.51	2.72
referring	0.51	2.92
certainty	0.51	2.60
greatly	0.52	1.95
christianity	0.52	1.82
misunderstand	0.52	2.83
sit	0.52	1.91
first	0.52	2.48
whilst	0.52	1.85
idiot	0.52	1.63
fine	0.52	4.12
indeed	0.52	2.77
arguments	0.52	2.46
market	0.52	2.14
hayek	0.52	1.58
empiricism	0.52	2.65
domestic	0.52	1.85
brainwashed	0.52	1.71
challenges	0.52	2.10
cover	0.53	1.78
slightly	0.53	2.17
experiment	0.53	2.36
tomorrow	0.53	2.38
seasteading	0.53	2.07
supposedly	0.53	1.81
objection	0.53	2.67
familiar	0.53	2.80
unlikely	0.53	2.03
vital	0.53	2.13
firstly	0.53	2.09
forest	0.53	1.80
becomes	0.53	2.12
extended	0.53	1.71
milton	0.53	1.58
economical	0.53	2.03
kick	0.53	1.74
connected	0.53	1.92
participants	0.53	2.09
machines	0.53	1.89
confusing	0.53	2.16
sympathetic	0.53	2.06
master	0.54	1.82
hidden	0.54	2.06
hard	0.54	2.76
california	0.54	1.80
task	0.54	2.27
imperfect	0.54	2.23
investigation	0.54	1.97
falls	0.54	1.77
friend	0.54	1.41
weeks	0.54	2.10
storage	0.54	1.76
golden	0.54	2.06
beer	0.54	1.59
engineering	0.54	2.02
theorists	0.54	1.60
finally	0.54	1.98
months	0.55	2.10
days	0.55	2.08
dirty	0.55	1.93
regarding	0.55	2.29
software	0.55	1.89
religious	0.55	1.73
norway	0.55	1.55
scientific	0.55	2.58
elsewhere	0.55	2.31
engaged	0.55	1.75
anarchic	0.55	1.92
ice	0.55	1.76
air	0.55	1.65
professor	0.56	1.82
id	0.56	1.91
design	0.56	1.78
way	0.56	3.53
admittedly	0.56	1.72
contribution	0.56	2.05
wonder	0.56	2.66
objectivism	0.56	2.00
addresses	0.56	2.16
essence	0.56	1.58
her	0.56	1.39
economically	0.56	2.73
option	0.56	3.25
wholly	0.57	2.02
safer	0.57	1.98
possible	0.57	3.35
restaurant	0.57	1.63
round	0.57	1.77
career	0.57	2.25
bottom	0.57	1.81
patent	0.57	1.89
piece	0.57	1.88
experiments	0.57	2.60
hopes	0.57	1.53
partially	0.57	1.93
medical	0.57	1.88
mises	0.58	1.78
banned	0.58	1.90
car	0.58	1.71
irs	0.58	1.75
heavy	0.58	1.87
thoroughly	0.58	1.92
criticisms	0.58	2.07
bitch	0.58	1.59
medieval	0.58	1.86
strength	0.58	1.76
empirical	0.58	2.99
find	0.58	2.73
older	0.58	1.49
reach	0.59	2.41
pie	0.59	1.76
cooperation	0.59	2.00
liberty	0.59	2.35
recall	0.59	2.16
address	0.59	2.64
quickly	0.59	2.25
semantics	0.59	2.46
worship	0.60	1.86
stores	0.60	1.59
cut	0.60	1.88
basis	0.60	2.33
while	0.60	2.55
amazon	0.60	1.84
trouble	0.60	1.94
detail	0.60	2.43
continuing	0.60	2.29
advance	0.60	2.28
name	0.60	2.06
sigh	0.60	1.68
feasible	0.60	2.74
kids	0.61	1.59
indirectly	0.61	2.25
coherent	0.61	2.31
proof	0.61	2.92
meet	0.61	2.12
suppose	0.61	3.32
well	0.62	3.52
reasonably	0.62	2.47
keep	0.62	2.30
peaceful	0.62	2.06
wild	0.62	1.75
served	0.62	2.10
file	0.62	1.86
delusional	0.62	1.70
media	0.62	1.64
above	0.62	2.40
studies	0.63	2.29
muh	0.63	1.72
rand	0.63	1.58
fruit	0.63	1.65
arm	0.63	1.81
encourages	0.63	1.83
common	0.63	2.08
challenged	0.63	2.10
invalidate	0.63	2.68
strategy	0.63	2.33
skip	0.63	2.09
ends	0.63	3.33
academic	0.63	1.82
well-being	0.63	2.00
doctor	0.63	1.68
purpose	0.63	2.38
arent	0.63	1.78
wealthier	0.64	2.10
enough	0.64	2.49
ball	0.64	1.51
wife	0.64	1.41
advancement	0.64	2.12
button	0.64	2.02
expansion	0.64	1.66
topics	0.64	2.35
initial	0.65	2.28
focused	0.65	1.90
von	0.65	1.78
stated	0.65	2.57
dad	0.65	1.31
kinda	0.65	2.40
contributions	0.65	1.90
tribe	0.65	1.69
computers	0.65	1.82
albeit	0.65	1.76
consideration	0.65	2.11
fraction	0.65	1.84
presents	0.65	1.99
ayn	0.65	1.59
intelligent	0.66	1.87
sort	0.66	2.23
data	0.66	2.46
advanced	0.66	1.84
checks	0.66	1.58
dry	0.66	1.44
moment	0.66	2.20
flag	0.66	1.79
absurd	0.67	1.72
taxi	0.67	1.69
unaware	0.67	2.39
shut	0.67	2.03
uber	0.67	1.68
nowhere	0.67	1.98
nonsensical	0.67	2.37
activism	0.67	1.86
picked	0.67	1.87
safety	0.67	1.79
desired	0.67	3.37
financially	0.67	2.29
fits	0.67	2.26
mob	0.68	1.99
spontaneous	0.68	1.81
complicated	0.68	1.97
absolutely	0.68	2.95
stuff	0.68	2.73
z	0.68	2.23
subscribers	0.68	2.20
kings	0.69	1.77
team	0.69	1.61
solid	0.69	1.72
nietzsche	0.69	1.82
misleading	0.69	1.92
completely	0.69	2.44
v	0.69	1.78
joe	0.69	1.71
fairness	0.69	1.96
assuming	0.69	3.76
designed	0.69	2.08
curiosity	0.70	1.71
clever	0.70	1.52
hoping	0.70	2.44
style	0.70	1.66
mentality	0.70	1.74
uniform	0.70	1.58
thought	0.70	2.07
full	0.71	2.21
intended	0.71	2.37
impression	0.71	2.18
conception	0.71	2.24
eyes	0.71	1.59
tools	0.71	2.00
comfort	0.71	1.32
church	0.71	1.76
satisfy	0.72	2.17
drivers	0.72	1.67
programming	0.72	1.88
vision	0.72	1.98
deflation	0.72	1.78
honestly	0.72	2.63
predictions	0.72	2.56
rogan	0.72	1.69
lady	0.72	1.48
leadership	0.72	1.80
pursuit	0.72	2.62
cars	0.72	1.75
successful	0.73	2.14
serious	0.73	1.98
degrees	0.73	1.86
young	0.73	1.41
his	0.73	1.55
chosen	0.73	3.16
efficiency	0.73	2.00
maximum	0.73	2.41
tie	0.73	1.73
app	0.74	1.88
generation	0.74	1.53
ludicrous	0.74	1.88
functioning	0.74	1.89
goals	0.74	3.27
discuss	0.74	2.54
till	0.74	1.83
paper	0.74	1.77
stating	0.74	3.34
phase	0.75	2.00
loss	0.75	1.89
overly	0.75	1.78
turning	0.75	1.55
stirner	0.75	1.69
suit	0.75	1.73
element	0.75	2.14
ideal	0.75	2.99
anyhow	0.75	2.73
answered	0.75	2.48
gods	0.75	1.76
viable	0.75	2.59
sustainable	0.75	2.45
attend	0.75	1.78
debate	0.76	2.51
catholic	0.76	1.68
odds	0.76	1.88
attractive	0.76	1.83
fsp	0.76	2.01
plan	0.77	2.99
bizarre	0.77	2.30
discussed	0.77	2.26
flow	0.77	1.84
statistics	0.77	2.58
rest	0.77	2.21
fantasy	0.77	1.42
staying	0.77	1.90
yesterday	0.77	2.29
teeth	0.77	1.63
purposes	0.77	1.88
roman	0.77	1.80
character	0.78	1.59
reporting	0.78	1.50
plot	0.78	1.68
cheap	0.78	1.73
adam	0.78	1.55
poorer	0.78	1.93
interpret	0.78	2.25
proper	0.79	2.27
expression	0.79	1.98
smoke	0.79	1.65
hypothesis	0.79	2.70
club	0.79	1.69
invention	0.79	1.89
practical	0.79	2.41
partner	0.79	1.74
proves	0.79	3.11
international	0.80	1.73
manner	0.80	2.39
guide	0.80	1.91
ensure	0.80	1.99
particularly	0.80	2.36
influential	0.80	1.72
imagination	0.80	1.81
dig	0.80	1.87
genuine	0.80	1.59
idiotic	0.80	1.56
observations	0.80	2.67
clue	0.81	2.85
method	0.81	2.56
nonsense	0.81	1.41
grab	0.81	1.87
rothbard	0.81	1.59
received	0.81	1.90
stupid	0.81	1.60
worthy	0.81	1.75
sea	0.81	1.63
kept	0.81	1.89
explaining	0.81	2.65
period	0.82	2.00
deals	0.82	1.89
errors	0.82	2.27
tear	0.82	1.63
scary	0.82	2.39
tests	0.82	2.04
conversations	0.82	1.95
decent	0.83	2.04
goal	0.83	3.16
fox	0.83	1.56
murray	0.83	1.58
schiff	0.84	1.56
web	0.84	1.87
equality	0.84	2.10
appears	0.84	2.00
rush	0.84	1.80
redundant	0.84	1.90
route	0.84	2.28
promote	0.84	2.05
vacation	0.84	1.80
rewards	0.84	1.84
surprising	0.85	1.51
content	0.85	1.94
fake	0.85	1.68
record	0.85	1.63
rockwell	0.85	1.59
difficult	0.85	2.24
mouth	0.85	1.77
split	0.85	1.98
related	0.85	1.96
pm	0.85	2.39
y	0.86	2.17
authors	0.86	1.66
reform	0.86	1.90
hopefully	0.86	2.25
represents	0.86	1.70
objections	0.86	2.39
concerns	0.86	2.34
rigorous	0.87	2.51
convert	0.87	1.95
balance	0.87	1.98
bed	0.87	1.68
achieving	0.87	3.20
light	0.88	1.66
wise	0.88	1.52
patient	0.88	1.65
guess	0.88	3.27
solution	0.89	3.16
3rd	0.89	2.04
keeping	0.89	2.02
ties	0.89	1.81
happiness	0.89	2.12
alot	0.89	1.76
home	0.89	1.57
account	0.90	1.97
comparison	0.90	2.18
suggest	0.90	2.63
better	0.90	2.91
voice	0.90	1.67
kokesh	0.90	1.62
trolls	0.90	1.92
manifesto	0.90	1.89
clear	0.90	2.97
coffee	0.90	1.50
points	0.91	2.48
depth	0.91	1.96
sun	0.91	1.67
indicates	0.91	1.86
freer	0.91	2.06
careful	0.91	1.61
challenge	0.92	2.07
jeffrey	0.92	1.54
front	0.92	1.65
quotes	0.92	1.92
neutral	0.92	3.45
tough	0.92	1.32
clothing	0.93	1.75
elaborate	0.93	2.66
kind	0.93	2.42
bullshit	0.93	1.52
conspiracy	0.93	1.55
our	0.93	2.96
stay	0.93	1.89
am	0.93	2.77
written	0.94	1.95
lets	0.94	2.23
efficient	0.94	2.85
leader	0.94	1.63
jones	0.95	1.52
articles	0.95	1.72
misunderstanding	0.95	2.38
cap	0.95	1.69
discussions	0.95	2.10
hearing	0.95	1.61
closed	0.95	1.79
official	0.95	1.59
trap	0.95	1.96
add	0.95	2.43
lights	0.95	1.64
podcasts	0.95	1.74
ride	0.95	1.65
wondering	0.96	2.54
breath	0.96	1.75
devil	0.96	1.78
touch	0.96	1.93
released	0.96	1.42
send	0.96	1.94
writing	0.96	1.85
shop	0.96	1.57
tolerance	0.97	1.70
morons	0.97	1.52
listened	0.97	1.61
busy	0.97	1.89
cited	0.97	2.07
compromise	0.97	2.00
users	0.97	2.07
facts	0.97	3.61
rock	0.97	1.55
shrugged	0.98	1.50
mature	0.98	1.96
dinner	0.98	1.41
observation	0.98	2.84
r	0.98	2.00
max	0.98	1.58
cards	0.98	1.61
figuring	0.98	2.91
atlas	0.99	1.58
jeff	0.99	1.53
forums	0.99	2.04
sources	0.99	1.94
fashion	0.99	1.79
papers	0.99	1.78
civilized	1.00	1.87
stranger	1.00	1.67
minded	1.00	1.67
mistake	1.00	2.36
c	1.00	2.14
added	1.00	1.94
pissed	1.00	1.61
sensible	1.00	2.09
choosing	1.01	2.91
sent	1.01	1.81
philosopher	1.01	1.32
forbid	1.01	1.84
realistic	1.01	2.85
sufficiently	1.01	2.07
story	1.01	2.34
clean	1.01	1.49
hoppe	1.02	1.75
news	1.02	1.49
meant	1.02	2.64
girlfriend	1.02	1.43
trivial	1.02	1.89
websites	1.02	1.82
worry	1.03	2.34
chance	1.03	2.71
hampshire	1.03	1.78
email	1.03	1.96
highest	1.03	2.64
internal	1.03	1.81
message	1.03	1.97
dark	1.04	1.50
bible	1.04	1.71
circular	1.04	3.41
highly	1.04	2.17
everyday	1.04	1.61
achieve	1.04	3.03
weird	1.04	2.24
server	1.04	1.80
perfect	1.05	3.00
meaningful	1.05	2.16
red	1.05	1.54
empirically	1.05	3.51
woods	1.05	1.51
heck	1.05	1.82
too	1.05	2.48
block	1.06	1.57
cartel	1.06	1.79
closer	1.06	1.87
facebook	1.06	2.04
functional	1.06	1.68
daily	1.07	1.73
mobile	1.07	1.79
compared	1.07	1.81
background	1.07	1.70
bar	1.07	1.60
quite	1.07	2.41
performance	1.08	1.95
user	1.08	2.06
accounts	1.08	1.89
pursue	1.08	3.05
sucks	1.08	1.36
makes	1.08	2.28
walter	1.08	1.53
assessment	1.08	2.35
published	1.09	1.89
grand	1.09	1.56
maximize	1.09	2.98
leaving	1.09	1.77
sin	1.09	1.64
optimal	1.09	3.02
angle	1.09	1.97
rose	1.09	1.52
god	1.09	1.75
statement	1.09	3.50
sooner	1.10	2.27
tom	1.10	1.53
clarity	1.10	2.13
remaining	1.10	2.11
respond	1.11	2.61
night	1.11	1.69
e	1.11	2.11
valid	1.12	3.32
pursuing	1.12	3.06
grey	1.12	1.79
apologize	1.12	1.87
eh	1.12	2.16
sometimes	1.12	2.28
la	1.12	1.87
online	1.12	1.80
whole	1.12	2.40
letter	1.13	1.77
challenging	1.13	2.06
prosperity	1.13	1.97
finding	1.13	2.08
radio	1.13	1.68
eye	1.13	1.68
shows	1.13	1.91
lifestyle	1.13	1.56
criticism	1.13	2.17
google	1.13	1.92
shoes	1.13	1.67
considering	1.14	2.23
straight	1.14	1.70
submission	1.14	2.02
conversation	1.14	2.18
apart	1.14	1.78
stone	1.14	1.53
channel	1.14	1.69
sites	1.15	1.88
liberty.me	1.15	1.83
r/ancap	1.15	2.19
effective	1.15	2.86
second	1.15	2.21
open	1.16	1.79
friedman	1.16	1.55
critiques	1.16	1.92
essential	1.17	1.78
latest	1.17	1.64
mail	1.17	1.89
discourse	1.17	1.93
realistically	1.17	2.78
kinsella	1.18	1.55
reasonable	1.18	2.52
pack	1.18	1.74
scientist	1.18	1.80
kid	1.18	1.41
commenting	1.19	2.26
relevant	1.19	2.45
integrity	1.19	1.92
extremely	1.19	2.06
joke	1.20	2.29
passage	1.20	1.93
literature	1.20	1.77
descriptive	1.20	3.27
stability	1.20	1.73
review	1.20	1.64
remain	1.20	1.98
prime	1.20	1.77
circlejerk	1.21	1.82
scientists	1.21	1.70
difficulty	1.21	1.95
easy	1.21	2.15
confirm	1.21	3.00
tl	1.22	1.60
bit	1.22	2.29
county	1.23	1.50
spot	1.23	1.74
pages	1.23	1.87
depression	1.23	1.49
somewhat	1.23	2.26
blue	1.23	1.56
quoted	1.23	2.14
grade	1.23	1.81
box	1.24	1.77
listening	1.24	1.61
youtube	1.24	1.70
fiction	1.25	1.40
forum	1.25	2.11
factual	1.25	3.37
posted	1.25	2.23
n	1.25	1.84
larken	1.25	1.54
truly	1.26	2.47
r/anarchism	1.26	2.21
minute	1.26	1.70
success	1.26	1.63
previous	1.26	2.12
david	1.27	1.50
thinker	1.27	1.60
important	1.27	2.43
videos	1.27	1.68
loud	1.27	1.59
note	1.27	2.50
fbi	1.27	1.74
show	1.27	1.73
probability	1.28	2.04
contains	1.28	2.05
reddit	1.28	2.22
tool	1.28	2.66
report	1.28	1.62
replied	1.28	2.08
responding	1.28	2.27
visit	1.28	1.93
discussion	1.29	2.14
references	1.29	1.90
twist	1.29	1.55
balls	1.29	1.66
alex	1.30	1.32
camera	1.30	1.35
sub	1.30	2.20
son	1.30	1.17
original	1.30	2.19
okay	1.30	3.12
interview	1.30	1.55
sake	1.31	1.63
explanations	1.31	2.07
site	1.31	1.83
responded	1.31	2.26
lesson	1.31	1.73
dumb	1.31	1.65
smart	1.32	1.67
convincing	1.32	2.08
topic	1.33	2.25
poster	1.33	2.24
pop	1.33	1.41
tone	1.33	1.73
man	1.33	1.70
audience	1.34	1.74
moon	1.34	1.56
threads	1.34	2.22
subreddit	1.34	2.18
laughing	1.35	1.82
subreddits	1.35	2.11
wearing	1.35	1.58
mods	1.35	2.09
r/anarcho_capitalism	1.35	2.22
error	1.36	3.04
r/libertarian	1.36	2.20
subs	1.36	2.09
description	1.36	1.97
whatnot	1.37	1.69
stream	1.37	1.60
sane	1.37	1.66
players	1.37	1.56
silly	1.38	1.48
citation	1.38	2.45
recent	1.38	1.68
write	1.38	1.53
youre	1.38	1.79
reference	1.39	1.97
temporary	1.39	1.55
soul	1.39	1.69
subject	1.39	2.02
podcast	1.40	1.54
please	1.40	2.38
r/politics	1.40	2.16
top	1.40	2.01
questions	1.41	2.28
seemed	1.41	1.78
posts	1.41	2.16
engineer	1.42	1.75
list	1.42	2.04
mr	1.42	1.52
nh	1.42	1.77
accessible	1.43	1.83
odd	1.43	1.71
fascinating	1.43	2.13
picture	1.43	1.56
forget	1.43	2.05
guy	1.43	1.59
strange	1.44	1.58
very	1.44	2.10
upvotes	1.44	2.06
coincidence	1.44	1.75
thin	1.45	1.45
subtle	1.45	1.65
karma	1.45	2.09
blog	1.45	1.83
cody	1.45	1.53
murphy	1.46	1.50
seems	1.46	2.24
thread	1.46	2.20
taste	1.47	1.45
card	1.47	1.67
incredibly	1.47	1.91
checked	1.47	1.87
fairly	1.47	2.01
sentence	1.47	2.11
text	1.47	1.85
scared	1.47	1.94
fancy	1.48	1.51
downvoting	1.48	2.19
ideally	1.48	1.87
strive	1.49	1.99
didnt	1.49	1.96
listen	1.49	1.67
plausible	1.49	1.99
op	1.49	2.22
dick	1.49	1.75
jerk	1.50	1.46
dr	1.50	1.56
sight	1.50	1.69
memes	1.50	1.83
michael	1.51	1.52
answers	1.51	2.22
els	1.52	2.07
morning	1.52	1.68
replies	1.53	2.00
retarded	1.53	1.62
girls	1.53	1.47
genuinely	1.54	2.05
author	1.54	1.58
controversial	1.54	1.63
bits	1.54	1.80
meh	1.54	1.72
o	1.54	1.86
upvoted	1.55	2.10
huemer	1.55	1.63
keeps	1.55	1.81
downvoted	1.56	2.14
fair	1.56	2.71
reading	1.56	1.80
porn	1.57	1.40
novel	1.57	1.38
suggestion	1.57	1.93
article	1.58	1.88
luxury	1.58	1.48
bot	1.58	2.09
copy	1.58	1.60
checking	1.59	1.72
robert	1.59	1.50
ahead	1.59	2.06
finish	1.59	1.84
sarcastic	1.60	2.15
enjoying	1.60	1.77
responses	1.60	1.78
comments	1.60	2.13
moron	1.60	1.71
inspired	1.61	1.42
sacrifice	1.61	1.57
lecture	1.61	1.45
quote	1.61	1.93
theres	1.62	1.63
shirt	1.62	1.55
ridiculous	1.62	1.71
answering	1.63	2.26
chapter	1.63	1.69
lectures	1.64	1.39
spam	1.64	2.05
irony	1.64	1.97
paragraph	1.64	2.02
damned	1.65	1.55
played	1.65	1.35
books	1.65	1.58
linked	1.65	2.03
project	1.66	1.60
boys	1.66	1.36
writers	1.66	1.48
opening	1.67	1.64
disappointed	1.67	1.96
sadly	1.67	1.62
wiki	1.67	1.64
simple	1.67	1.89
rebuttal	1.68	2.09
cuz	1.68	1.75
thats	1.68	2.11
appropriate	1.68	2.98
worthwhile	1.69	1.62
post	1.69	2.14
search	1.69	1.83
comment	1.70	2.10
thomas	1.71	1.35
stable	1.71	1.73
boy	1.71	1.50
relatively	1.71	1.78
downvotes	1.73	2.01
section	1.73	1.87
lt	1.73	1.82
bet	1.73	2.25
hair	1.74	1.37
website	1.74	1.75
links	1.75	2.00
politically	1.75	2.45
honesty	1.75	1.59
super	1.75	1.72
confident	1.76	1.89
deleted	1.76	2.03
read	1.77	1.69
useful	1.77	1.97
genius	1.78	1.04
thoughts	1.78	1.92
finished	1.79	1.38
version	1.80	1.75
amusing	1.80	1.47
essay	1.80	1.65
closest	1.82	1.45
concerned	1.83	2.14
sports	1.83	1.29
length	1.84	1.65
accurate	1.84	2.47
beat	1.85	1.70
ill	1.86	1.72
prediction	1.86	2.55
green	1.86	1.33
jokes	1.86	1.54
brave	1.87	1.51
friendly	1.87	1.59
wikipedia	1.87	1.75
playing	1.88	1.40
jesus	1.88	1.58
misunderstood	1.88	2.54
normal	1.89	1.67
nope	1.89	1.93
shocked	1.90	2.10
trolling	1.91	1.97
page	1.92	1.77
little	1.93	1.98
2nd	1.93	1.43
downvote	1.93	1.99
posting	1.94	2.03
meme	1.94	1.57
wait	1.95	2.01
prefer	1.96	2.07
interested	1.96	2.36
episode	1.96	1.18
theme	1.96	1.24
tv	1.97	1.32
curious	1.97	2.21
compelling	1.98	1.95
machinery	1.99	1.53
play	2.00	1.38
forgive	2.01	1.99
wan	2.01	1.81
sincerely	2.01	1.67
feedback	2.02	1.75
insight	2.02	1.81
advice	2.02	1.63
video	2.02	1.39
missed	2.03	2.00
watched	2.04	1.33
ai	2.04	1.67
nonetheless	2.04	1.49
mom	2.05	1.74
game	2.05	1.35
response	2.06	1.97
clarify	2.06	2.51
image	2.06	1.45
expecting	2.07	2.14
em	2.07	1.94
younger	2.08	1.69
technically	2.09	2.34
christ	2.09	1.57
troll	2.12	1.77
goddamn	2.13	1.59
hat	2.13	1.47
quick	2.13	1.62
incredible	2.14	2.00
unique	2.16	1.81
sound	2.16	1.64
satire	2.17	1.50
suddenly	2.17	1.90
suspicious	2.17	1.60
folk	2.20	1.96
seriously	2.20	1.85
link	2.21	1.89
beauty	2.21	1.21
spirit	2.21	1.36
ok	2.22	2.54
shit	2.22	1.63
idk	2.23	1.77
looks	2.23	1.80
alive	2.23	1.98
scene	2.24	1.27
got	2.24	1.75
ironic	2.25	1.50
explanation	2.25	1.81
insane	2.25	1.51
happier	2.26	1.84
totally	2.27	1.94
yup	2.27	1.43
suggestions	2.27	1.70
heart	2.27	1.70
fuck	2.28	1.78
miss	2.28	1.60
input	2.28	1.61
crazy	2.29	1.50
freed	2.29	1.86
upvote	2.30	1.85
anyways	2.30	1.78
laugh	2.32	1.30
na	2.32	1.89
entertainment	2.33	1.12
bryan	2.33	1.32
star	2.34	1.33
gon	2.34	1.86
definitely	2.34	2.25
writer	2.37	1.29
fucking	2.37	1.58
forgot	2.37	1.73
sorry	2.37	1.99
um	2.38	1.96
close	2.39	1.94
satisfied	2.40	1.96
fellow	2.40	1.79
info	2.40	1.61
reply	2.40	1.86
perfectly	2.41	1.94
movies	2.41	1.13
tbh	2.42	1.61
comfortable	2.42	1.85
classic	2.43	1.64
hilarious	2.45	1.71
kidding	2.45	1.80
film	2.45	1.06
username	2.46	1.57
hmm	2.46	1.81
caplan	2.46	1.32
hell	2.47	1.94
im	2.47	1.79
u	2.47	1.67
games	2.48	1.14
hero	2.49	1.56
uh	2.49	1.67
sarcasm	2.50	1.67
edited	2.50	1.75
shall	2.52	1.72
watching	2.52	1.20
brief	2.52	1.48
prosperous	2.53	1.82
movie	2.56	1.03
series	2.59	1.14
music	2.59	1.14
funny	2.60	1.65
hot	2.61	1.66
healthy	2.61	1.83
safe	2.62	1.81
tip	2.63	1.36
book	2.64	1.29
virtue	2.64	1.66
isolated	2.64	1.68
pretty	2.65	1.68
comic	2.67	1.12
suits	2.67	2.07
clothes	2.68	1.80
summer	2.68	1.84
excited	2.69	1.57
liked	2.70	1.05
reminds	2.70	1.17
wear	2.71	1.70
heh	2.72	1.54
cute	2.73	1.49
favorite	2.74	1.09
clarification	2.75	1.61
nah	2.76	1.53
wtf	2.77	1.60
myth	2.78	1.40
honest	2.78	1.58
huh	2.79	1.55
helpful	2.79	1.30
dunno	2.79	1.14
welcome	2.80	1.54
edit	2.81	1.76
sharing	2.83	1.32
speaker	2.84	1.29
hi	2.85	1.49
summary	2.86	1.30
cake	2.86	1.49
guys	2.87	1.68
song	2.89	1.22
yeah	2.92	1.75
good	2.93	2.04
ah	2.93	1.76
peace	2.94	1.46
introduction	2.95	1.48
holy	2.98	1.48
polite	3.01	1.51
art	3.01	1.14
detailed	3.03	1.24
bro	3.03	1.51
yea	3.04	1.43
lol	3.06	1.63
damn	3.06	1.37
appreciate	3.08	1.37
hear	3.09	1.61
lord	3.13	1.29
hey	3.13	1.66
p	3.13	1.60
yep	3.15	1.46
ex_logica	3.16	1.53
watch	3.17	1.23
sir	3.18	1.42
regular	3.19	0.92
dear	3.21	1.18
mate	3.22	1.58
dude	3.28	1.44
ama	3.29	1.46
dance	3.29	1.00
lucky	3.30	1.26
sounds	3.33	1.24
interesting	3.34	1.22
alright	3.34	1.61
sweet	3.36	1.36
calm	3.36	1.36
glad	3.37	1.46
enjoy	3.38	1.08
oh	3.39	1.47
hahaha	3.41	1.34
wow	3.42	1.25
ta	3.43	1.37
ya	3.45	1.42
ha	3.46	1.38
buddy	3.47	1.48
recommend	3.49	1.06
entertaining	3.55	0.78
luck	3.55	1.37
enjoyed	3.56	0.69
check	3.60	1.35
cool	3.62	1.24
flair	3.63	1.35
btw	3.64	1.24
thanks	3.64	1.32
fun	3.66	1.01
haha	3.70	1.23
brilliant	3.71	0.76
short	3.72	0.85
loving	3.75	0.70
thank	3.82	1.15
great	3.96	0.69
excellent	4.03	0.66
wonderful	4.03	0.49
beautiful	4.11	0.49
