hateful	-4.69	1.62
racists	-4.59	1.77
disgusting	-4.47	1.80
criticize	-4.34	1.92
tragedy	-4.30	1.84
hating	-4.28	2.10
bashing	-4.18	2.07
horribly	-4.09	1.61
immoral	-4.06	2.11
destructive	-4.05	1.42
laughable	-4.00	1.70
ridiculous	-3.91	1.89
holocaust	-3.83	1.98
delusional	-3.80	2.00
bad	-3.79	2.65
painful	-3.78	1.99
gays	-3.78	2.27
blatantly	-3.78	2.07
hypocritical	-3.76	1.58
bloody	-3.71	1.80
masturbation	-3.71	1.81
cuts	-3.62	2.18
insults	-3.57	2.10
flawed	-3.57	2.36
liking	-3.57	1.97
sorts	-3.55	1.94
unfortunate	-3.44	2.03
dislike	-3.38	1.98
brutal	-3.35	2.17
shady	-3.34	2.05
misogyny	-3.33	2.08
associate	-3.31	2.27
such	-3.31	2.07
bigotry	-3.31	2.11
redpill	-3.26	1.64
rush	-3.24	2.34
absolute	-3.24	1.82
lots	-3.19	1.85
complain	-3.19	2.02
towards	-3.18	2.28
supported	-3.18	1.82
smells	-3.16	2.10
directed	-3.15	2.19
everywhere	-3.14	2.07
turning	-3.12	1.74
denied	-3.11	2.18
messages	-3.11	2.58
etc	-3.11	1.93
terrifying	-3.10	2.14
sin	-3.09	2.05
grey	-3.09	2.12
disingenuous	-3.05	2.23
misogynistic	-3.03	1.18
sexist	-3.03	1.21
hatred	-3.02	2.31
fear	-3.01	1.98
followed	-3.01	2.52
dishonest	-2.99	2.55
absurd	-2.97	2.29
complaining	-2.97	1.78
appeared	-2.95	2.15
precisely	-2.92	1.95
labeled	-2.92	2.17
similar	-2.90	2.03
butthurt	-2.89	2.09
filled	-2.88	2.18
sjws	-2.87	1.32
workplace	-2.87	2.29
full	-2.86	1.81
tour	-2.86	2.15
pathetic	-2.85	2.30
vocal	-2.84	2.38
scare	-2.83	2.24
insane	-2.82	2.30
shitty	-2.82	2.33
dramatic	-2.81	2.14
irrational	-2.80	2.15
parenting	-2.79	1.96
unexpected	-2.77	1.89
handling	-2.76	2.17
dust	-2.72	2.59
srs	-2.72	2.47
loop	-2.71	2.40
foolish	-2.71	2.49
childish	-2.67	1.48
crappy	-2.66	2.08
fights	-2.65	2.56
toxic	-2.63	1.20
group	-2.62	2.33
parts	-2.56	2.49
general	-2.56	2.37
wonder	-2.53	3.32
wbc	-2.50	2.33
garbage	-2.45	1.95
twisted	-2.45	2.53
calls	-2.43	2.65
forgotten	-2.43	2.07
asses	-2.41	2.25
aside	-2.41	1.77
rhetoric	-2.41	1.11
deeply	-2.40	2.39
anger	-2.40	2.21
feeling	-2.39	2.71
rage	-2.37	2.34
fundamentally	-2.36	2.92
inherently	-2.36	1.60
kinds	-2.34	1.14
formula	-2.34	2.31
idiotic	-2.33	1.75
unfortunately	-2.31	2.47
these	-2.30	1.17
oppression	-2.29	1.48
nonsense	-2.28	1.17
ignorant	-2.24	1.59
variety	-2.23	1.04
sucks	-2.23	2.41
mra	-2.23	1.27
scum	-2.22	1.32
apparent	-2.22	2.67
cynical	-2.20	2.89
prejudice	-2.20	1.57
various	-2.18	1.11
horror	-2.18	1.98
discrimination	-2.17	1.48
racism	-2.17	1.44
those	-2.16	1.26
feedback	-2.16	2.74
upvoting	-2.15	2.83
shits	-2.15	2.26
paranoid	-2.14	2.90
agrees	-2.13	2.85
scary	-2.13	2.62
truly	-2.12	2.04
bothers	-2.11	2.46
circlejerk	-2.11	2.65
feminists	-2.11	1.42
apparently	-2.10	2.51
including	-2.10	1.12
trp	-2.10	1.24
imo	-2.08	2.05
makes	-2.08	2.92
sexism	-2.08	1.64
pill	-2.08	1.29
damned	-2.08	2.19
lonely	-2.07	3.00
insulting	-2.06	1.46
illegal	-2.06	3.06
trolls	-2.05	1.30
desperate	-2.05	3.04
racist	-2.03	1.29
blacks	-2.01	1.10
extreme	-2.01	1.18
forever	-2.00	2.05
mindset	-1.99	1.21
blaming	-1.99	1.41
disturbing	-1.97	2.43
itt	-1.97	1.29
lying	-1.97	3.47
obvious	-1.97	2.59
made	-1.97	2.29
diverse	-1.97	0.98
feminism	-1.96	1.28
unfair	-1.96	2.09
absolutely	-1.95	3.30
ton	-1.95	1.18
feels	-1.95	2.35
metaphor	-1.94	2.15
bitter	-1.94	3.00
none	-1.93	1.91
pua	-1.93	1.25
certain	-1.91	1.29
dr	-1.90	2.21
sick	-1.90	3.22
oppressed	-1.88	1.32
guilt	-1.88	1.22
other	-1.88	1.29
rude	-1.87	1.85
dangerous	-1.86	1.55
skeptical	-1.86	3.12
rampant	-1.86	1.15
depressed	-1.86	3.24
questionable	-1.86	2.40
lied	-1.85	3.18
lie	-1.85	3.51
backwards	-1.84	3.00
condescending	-1.84	1.78
morally	-1.83	3.31
backlash	-1.82	1.29
odd	-1.81	2.70
pedantic	-1.80	1.84
many	-1.80	1.24
weak	-1.80	3.00
angry	-1.79	3.24
attitude	-1.79	1.71
spreading	-1.79	1.24
little	-1.78	2.98
whining	-1.78	1.31
frankly	-1.78	1.75
ive	-1.78	2.67
clearly	-1.78	3.82
feminist	-1.77	1.22
radical	-1.76	1.37
screw	-1.75	2.32
hostile	-1.75	1.95
frustrated	-1.75	3.26
encouraging	-1.74	1.21
r/theredpill	-1.73	1.27
slavery	-1.73	1.29
accusing	-1.73	2.28
1st	-1.72	2.64
idiots	-1.72	1.47
jews	-1.72	1.02
minorities	-1.71	1.24
shame	-1.70	1.23
circle	-1.70	1.42
selfish	-1.70	1.94
harmful	-1.70	1.44
negative	-1.69	1.33
embarrassed	-1.69	3.23
criticizing	-1.69	1.56
known	-1.69	2.40
embarrassing	-1.69	2.55
disagreeing	-1.69	3.79
neckbeards	-1.68	1.57
agreeing	-1.68	3.72
hurt	-1.68	2.19
tons	-1.68	1.09
beside	-1.67	1.61
difficult	-1.67	2.93
arrogant	-1.66	1.92
tired	-1.66	3.23
naive	-1.66	2.07
movement	-1.65	1.19
ironic	-1.64	2.57
proven	-1.64	3.71
completely	-1.63	3.52
display	-1.63	1.15
worldview	-1.63	1.41
mocking	-1.63	1.29
genocide	-1.62	1.23
rejection	-1.62	1.34
implying	-1.62	3.65
poor	-1.62	1.23
widespread	-1.61	1.17
annoying	-1.61	2.94
both	-1.61	1.56
racial	-1.60	1.37
intentionally	-1.59	1.61
shaming	-1.59	1.17
minority	-1.59	1.38
otherwise	-1.57	4.22
extremists	-1.57	1.33
offensive	-1.56	1.60
complaint	-1.56	1.44
false	-1.56	3.72
faced	-1.56	1.47
countless	-1.56	1.27
inefficient	-1.56	1.60
scared	-1.55	3.14
considering	-1.55	2.83
disagrees	-1.55	3.28
greedy	-1.54	1.66
resulting	-1.54	1.10
dozens	-1.54	1.26
cult	-1.54	1.19
somehow	-1.54	2.75
privilege	-1.53	1.29
feel	-1.53	2.61
whites	-1.53	1.19
frustrating	-1.53	2.72
cried	-1.52	2.96
petty	-1.51	1.85
shocking	-1.51	2.72
criticism	-1.50	1.34
associated	-1.50	1.08
annoyed	-1.50	3.30
immature	-1.50	1.69
types	-1.49	1.33
rare	-1.49	2.69
tumblr	-1.49	1.53
unreasonable	-1.49	1.57
tactics	-1.48	1.42
misleading	-1.47	3.41
point	-1.47	4.11
jerk	-1.47	1.51
cringe	-1.46	2.79
threats	-1.45	1.29
make	-1.45	2.80
entitled	-1.45	2.03
stressful	-1.45	2.01
kind	-1.45	2.85
nazis	-1.44	1.05
groups	-1.44	1.40
aggressive	-1.44	1.75
damaging	-1.43	1.39
pretentious	-1.42	2.04
hurts	-1.42	1.42
identify	-1.42	1.23
atheism	-1.42	1.60
depressing	-1.42	2.69
different	-1.42	1.38
excuses	-1.41	1.45
nazi	-1.41	1.14
unaware	-1.41	3.50
typically	-1.41	1.51
sjw	-1.41	1.42
opposite	-1.41	2.65
nothing	-1.41	4.24
most	-1.41	3.28
handful	-1.41	1.29
supports	-1.40	2.93
multiple	-1.40	1.26
manipulative	-1.40	1.86
where	-1.39	2.78
defensive	-1.39	1.99
dismiss	-1.39	2.13
bitching	-1.39	1.62
openly	-1.38	1.40
fact	-1.38	4.45
lazy	-1.37	1.89
bunch	-1.37	1.41
feelings	-1.37	1.47
toward	-1.37	1.55
behaviors	-1.36	1.16
easy	-1.36	2.80
thinks	-1.35	3.16
pain	-1.35	1.46
obnoxious	-1.35	2.06
cruel	-1.35	2.00
involved	-1.34	1.37
attitudes	-1.34	1.45
sentiment	-1.34	1.74
blatant	-1.34	1.55
happens	-1.34	2.90
simply	-1.34	4.59
catholic	-1.33	1.16
request	-1.33	1.27
cares	-1.32	3.27
gang	-1.32	1.17
anti	-1.32	1.23
numerous	-1.32	1.32
same	-1.32	3.09
harassment	-1.32	1.25
overly	-1.31	2.14
theft	-1.31	1.76
among	-1.31	1.34
stating	-1.31	3.85
finds	-1.30	3.17
pretending	-1.30	2.23
complete	-1.30	1.51
dealing	-1.30	1.43
agenda	-1.30	1.47
screwed	-1.29	2.60
slightly	-1.29	1.92
process	-1.29	1.42
mormons	-1.29	1.28
understands	-1.29	3.38
dozen	-1.29	1.26
morons	-1.29	1.59
bullshit	-1.28	1.59
douchebag	-1.28	1.90
deliberately	-1.28	1.87
corrupt	-1.28	1.25
outright	-1.28	2.35
emotions	-1.28	1.48
re	-1.27	4.49
islam	-1.27	1.17
thinking	-1.27	4.21
prick	-1.27	2.11
calling	-1.27	1.46
stupid	-1.27	2.14
against	-1.27	1.27
ridiculously	-1.26	1.81
either	-1.26	4.70
means	-1.26	4.49
silly	-1.26	2.69
church	-1.25	1.15
insult	-1.25	1.51
privileged	-1.25	1.29
going	-1.24	4.59
targeted	-1.24	1.16
whiny	-1.24	1.96
exception	-1.24	1.57
unpopular	-1.24	1.18
reject	-1.23	1.79
part	-1.23	3.08
comparison	-1.23	2.18
ideology	-1.23	1.30
stealing	-1.22	1.62
asks	-1.22	3.28
uncomfortable	-1.22	3.10
boring	-1.22	2.96
asshole	-1.21	2.05
perceived	-1.21	1.45
amusing	-1.21	2.80
pity	-1.21	1.32
homosexuality	-1.20	1.15
except	-1.20	3.11
often	-1.20	1.93
plenty	-1.20	1.23
hungry	-1.20	2.39
apply	-1.20	1.73
reaction	-1.20	1.55
include	-1.19	1.23
repeated	-1.19	1.59
arguing	-1.19	4.31
injury	-1.19	1.16
basically	-1.19	2.56
several	-1.19	1.22
liberals	-1.19	1.14
strawman	-1.19	2.10
actively	-1.18	1.41
saying	-1.18	4.61
testament	-1.18	1.32
mean	-1.18	4.59
improvement	-1.18	1.25
acknowledge	-1.18	2.38
regardless	-1.18	1.60
committing	-1.18	1.60
sometimes	-1.18	2.53
truth	-1.17	2.74
seem	-1.17	3.16
conflicts	-1.17	1.31
shitting	-1.17	1.36
talking	-1.17	4.42
raises	-1.17	1.28
reality	-1.17	2.59
easier	-1.17	2.44
mess	-1.16	1.30
unprofessional	-1.16	1.68
automatically	-1.16	1.83
likely	-1.15	2.32
corruption	-1.15	1.46
much	-1.15	2.73
wave	-1.14	1.01
hypocrisy	-1.14	1.48
adopt	-1.14	1.30
races	-1.14	1.18
happening	-1.14	3.52
likes	-1.14	3.33
harsh	-1.13	1.72
confused	-1.13	3.21
possible	-1.13	3.10
inaccurate	-1.13	2.67
unless	-1.13	4.50
compare	-1.12	2.41
huge	-1.12	1.25
race	-1.12	1.32
smug	-1.12	1.90
cliche	-1.12	1.81
doing	-1.12	4.50
unusual	-1.12	1.73
fool	-1.12	2.22
hitler	-1.11	1.15
stretch	-1.11	1.50
lacking	-1.11	1.51
listed	-1.11	1.31
christians	-1.11	1.34
frequently	-1.11	1.42
lies	-1.11	1.80
majority	-1.10	1.43
superior	-1.10	1.98
mistaken	-1.10	3.30
exact	-1.10	2.05
christianity	-1.10	1.39
assholes	-1.10	1.81
cycle	-1.09	1.31
habits	-1.09	1.22
some	-1.09	2.26
somewhat	-1.09	2.05
accuse	-1.09	1.64
denying	-1.09	1.53
desperately	-1.09	2.04
representative	-1.08	1.39
justified	-1.08	1.61
refusing	-1.08	1.52
type	-1.08	1.38
resort	-1.08	1.61
anywhere	-1.08	2.27
true	-1.08	4.55
and/or	-1.08	1.47
trend	-1.07	1.55
almost	-1.07	2.58
figure	-1.07	3.28
wwii	-1.07	1.12
attacking	-1.07	1.40
loses	-1.07	3.13
indicates	-1.07	1.94
severely	-1.07	1.88
comparable	-1.07	1.41
call	-1.07	2.11
hard	-1.07	2.56
incredibly	-1.07	1.88
new	-1.07	1.34
offended	-1.06	2.41
entitlement	-1.06	1.64
worse	-1.06	2.35
proved	-1.06	3.48
believed	-1.06	2.69
pointless	-1.06	1.87
budget	-1.06	1.06
practices	-1.06	1.42
accident	-1.06	1.07
unrealistic	-1.06	1.28
exists	-1.06	2.34
analogy	-1.05	2.32
denial	-1.05	1.80
works	-1.05	3.04
described	-1.05	1.82
amongst	-1.05	1.34
aspects	-1.05	1.30
harder	-1.05	2.14
panic	-1.04	1.77
emotion	-1.04	1.49
sudden	-1.04	1.14
impossible	-1.04	1.74
supporting	-1.04	1.60
danger	-1.04	1.53
terribly	-1.03	1.94
ethnic	-1.03	1.26
imply	-1.03	2.97
misinformation	-1.03	1.49
case	-1.03	3.39
leading	-1.03	1.24
scenario	-1.03	3.19
occur	-1.03	1.57
belong	-1.03	1.79
empty	-1.03	1.37
bits	-1.03	1.11
easily	-1.02	2.61
vast	-1.02	1.32
echo	-1.02	1.38
premise	-1.02	2.85
cognitive	-1.02	1.77
atheists	-1.02	1.46
repeatedly	-1.02	1.99
tend	-1.02	1.54
situations	-1.01	1.72
stance	-1.01	1.54
order	-1.01	2.42
practically	-1.01	1.39
self	-1.01	1.60
forcing	-1.01	2.03
knowing	-1.01	2.12
literally	-1.01	2.97
list	-1.01	1.37
amounts	-1.01	1.20
monster	-1.01	1.41
inferior	-1.00	1.81
opposition	-1.00	1.43
deny	-1.00	2.73
defending	-1.00	2.19
sound	-1.00	2.36
core	-1.00	1.18
trash	-1.00	1.48
incompetent	-0.99	2.21
especially	-0.99	1.87
overcome	-0.99	1.57
guilty	-0.99	1.96
propaganda	-0.99	1.48
criticisms	-0.98	1.73
memes	-0.98	1.32
agree	-0.98	4.66
overwhelming	-0.98	1.19
importantly	-0.98	2.69
adjust	-0.98	1.52
likewise	-0.98	1.15
single	-0.98	3.19
religion	-0.97	1.44
deal	-0.97	2.58
religions	-0.97	1.45
fake	-0.97	1.96
discuss	-0.97	1.76
notice	-0.97	3.00
pattern	-0.97	1.63
hominem	-0.97	1.81
contrary	-0.97	2.22
effect	-0.97	1.56
supposed	-0.96	4.07
reactions	-0.96	1.42
support	-0.96	2.02
trying	-0.96	2.94
problem	-0.96	2.85
being	-0.95	1.85
populations	-0.95	1.33
right	-0.95	4.60
potentially	-0.95	1.45
screaming	-0.95	1.44
meaningless	-0.95	1.90
related	-0.95	1.48
decides	-0.95	2.59
snap	-0.95	1.18
prove	-0.94	3.36
reasoning	-0.94	2.28
crap	-0.94	1.69
utterly	-0.94	2.02
direction	-0.94	1.60
ego	-0.94	1.53
validity	-0.94	2.30
complaints	-0.93	1.31
consequences	-0.93	1.46
religious	-0.93	1.42
depression	-0.93	1.69
holds	-0.93	1.59
situation	-0.93	2.43
comparing	-0.93	1.51
members	-0.93	1.39
unnecessary	-0.93	1.44
quite	-0.93	2.52
interacting	-0.92	1.56
biggest	-0.92	3.33
suicidal	-0.92	1.97
untrue	-0.92	3.86
accusation	-0.92	2.54
moderate	-0.92	1.18
belief	-0.92	1.67
terrified	-0.92	2.53
apples	-0.92	1.74
equality	-0.92	1.35
unrelated	-0.91	1.45
felt	-0.91	2.58
bs	-0.91	1.48
excuse	-0.91	1.62
large	-0.91	1.21
neither	-0.91	2.19
applying	-0.91	2.04
remembered	-0.90	1.39
anxiety	-0.90	1.67
necessity	-0.90	1.39
set	-0.90	1.31
voices	-0.90	1.28
whatever	-0.90	3.64
generalizations	-0.90	2.44
meant	-0.90	3.87
frustration	-0.90	1.51
phase	-0.90	1.67
sake	-0.89	1.26
struggle	-0.89	1.75
blamed	-0.89	1.74
thousands	-0.89	1.43
tendency	-0.89	1.35
mention	-0.89	3.24
believe	-0.89	3.73
reverse	-0.89	1.30
accusations	-0.89	2.15
attempts	-0.89	1.89
crying	-0.88	1.82
sounds	-0.88	2.67
altogether	-0.88	1.56
proves	-0.88	2.65
movements	-0.88	1.24
common	-0.88	1.53
becomes	-0.88	1.75
remains	-0.88	1.85
hivemind	-0.88	1.52
two	-0.88	1.27
blanket	-0.88	2.11
grows	-0.88	1.35
separate	-0.87	1.47
attacks	-0.87	1.31
hundreds	-0.87	1.41
sucked	-0.87	2.80
seems	-0.87	2.51
seeing	-0.87	2.83
utter	-0.87	1.55
surveillance	-0.87	1.89
believing	-0.87	1.65
therefore	-0.87	2.29
rejected	-0.87	1.49
exist	-0.87	3.32
poverty	-0.87	1.28
label	-0.87	1.22
cases	-0.87	2.13
addressing	-0.87	2.15
afraid	-0.87	2.47
liar	-0.86	2.13
which	-0.86	3.67
germans	-0.86	1.18
giant	-0.86	1.34
jack	-0.86	1.31
feed	-0.86	1.66
violence	-0.86	1.27
atheist	-0.86	1.56
express	-0.86	1.51
stupidity	-0.85	1.41
judge	-0.85	1.76
questioning	-0.85	2.34
impressed	-0.85	3.00
occasionally	-0.85	1.41
lesser	-0.85	1.57
nor	-0.85	3.15
ptsd	-0.85	1.65
help	-0.85	3.07
slightest	-0.85	1.76
pretend	-0.85	3.66
obviously	-0.85	3.89
indicate	-0.85	2.38
population	-0.85	1.35
christian	-0.84	1.42
acting	-0.84	1.77
muslim	-0.84	1.18
comprehend	-0.84	3.02
ignore	-0.84	2.65
isis	-0.84	1.22
applies	-0.84	1.85
pushing	-0.84	1.99
smell	-0.84	1.70
matters	-0.84	2.86
risky	-0.84	1.65
behavior	-0.84	1.37
organization	-0.84	1.20
magnitude	-0.84	2.03
stigma	-0.84	1.34
terrorist	-0.84	1.20
tough	-0.84	1.92
downvoting	-0.83	1.73
convince	-0.83	2.97
tends	-0.83	1.42
sure	-0.83	4.44
issues	-0.83	1.78
create	-0.83	1.44
bit	-0.83	2.45
messed	-0.82	2.90
yelling	-0.82	1.41
metric	-0.82	1.48
arbitrary	-0.82	1.86
thus	-0.82	2.31
getting	-0.82	2.92
addicted	-0.82	1.80
assertion	-0.82	2.97
quickly	-0.82	2.12
accused	-0.82	1.82
uneducated	-0.82	1.51
total	-0.82	1.35
its	-0.82	2.91
experiencing	-0.81	2.08
dunno	-0.81	2.86
throwing	-0.81	1.67
pile	-0.81	1.33
disabled	-0.81	1.73
certainly	-0.81	3.31
generally	-0.81	2.11
protests	-0.81	1.25
ignoring	-0.81	2.13
surprising	-0.81	2.87
emergency	-0.81	1.32
tries	-0.81	2.20
insanely	-0.81	1.90
perceive	-0.81	1.62
claiming	-0.81	2.79
scream	-0.81	1.47
generalization	-0.80	2.78
assumption	-0.80	2.88
nearly	-0.80	1.60
less	-0.80	2.20
appear	-0.80	1.93
inappropriate	-0.80	1.88
imagine	-0.80	3.70
disorder	-0.80	1.68
care	-0.80	3.11
broad	-0.80	1.62
example	-0.80	2.55
commit	-0.80	1.40
cultural	-0.80	1.28
change	-0.80	2.77
shallow	-0.80	2.06
claim	-0.80	2.98
advocate	-0.79	1.34
probably	-0.79	3.76
perception	-0.79	1.56
creates	-0.79	1.21
forward	-0.79	1.83
ways	-0.79	2.33
handled	-0.79	1.57
responses	-0.79	1.73
communities	-0.79	1.16
societal	-0.79	1.31
kinda	-0.79	2.96
resist	-0.79	1.97
breath	-0.79	1.27
claims	-0.79	2.71
moral	-0.79	1.89
compared	-0.79	1.64
straw	-0.78	1.80
involving	-0.78	1.12
problems	-0.78	1.89
issue	-0.78	2.58
way	-0.78	3.46
statistically	-0.78	1.92
explain	-0.78	3.28
anything	-0.78	3.74
incident	-0.78	1.46
essentially	-0.78	2.06
mainstream	-0.78	1.25
stress	-0.78	1.47
understand	-0.78	3.77
statement	-0.78	3.10
ones	-0.77	2.25
fewer	-0.77	1.44
easiest	-0.77	2.96
justify	-0.77	1.74
meds	-0.77	1.67
lot	-0.77	2.18
suggest	-0.77	2.73
flaw	-0.77	1.92
defend	-0.77	2.46
violent	-0.77	1.43
churches	-0.77	1.39
whether	-0.77	3.05
surprisingly	-0.77	1.92
douche	-0.77	1.90
implication	-0.77	2.41
everything	-0.77	3.53
soviet	-0.77	1.16
loser	-0.77	2.05
manipulate	-0.76	2.03
coming	-0.76	3.09
percentage	-0.76	1.35
better	-0.76	2.57
endless	-0.76	1.22
furthermore	-0.76	2.39
spread	-0.76	1.40
dare	-0.76	2.51
flight	-0.76	1.26
describing	-0.76	1.88
look	-0.76	3.48
individuals	-0.76	1.39
thoroughly	-0.76	1.72
blows	-0.75	1.39
diagnosed	-0.75	1.70
confusion	-0.75	1.90
itself	-0.75	1.77
mormonism	-0.75	1.45
discredit	-0.75	2.17
patterns	-0.75	1.71
cry	-0.75	1.89
evil	-0.75	1.42
upset	-0.75	2.64
necessarily	-0.75	3.63
murdered	-0.75	1.23
forth	-0.75	1.57
emails	-0.74	1.31
sexuality	-0.74	1.08
statements	-0.74	2.92
work	-0.74	3.43
why	-0.74	3.91
extremely	-0.74	1.89
even	-0.74	3.94
worthless	-0.74	1.48
unlike	-0.74	1.37
admitting	-0.73	2.73
millions	-0.73	1.46
retard	-0.73	1.79
slight	-0.73	1.33
find	-0.73	3.22
exactly	-0.73	3.81
strikes	-0.73	1.45
justification	-0.73	1.88
severe	-0.73	1.51
something	-0.73	3.75
areas	-0.73	1.14
assumptions	-0.73	2.69
see	-0.73	3.72
moment	-0.73	1.71
leaves	-0.73	1.55
push	-0.72	1.81
sees	-0.72	2.56
need	-0.72	3.61
misguided	-0.72	3.30
muslims	-0.72	1.16
sets	-0.72	1.43
how	-0.72	3.67
we	-0.72	3.84
effort	-0.72	2.14
concerned	-0.72	2.50
tell	-0.72	3.56
doctors	-0.72	1.75
automatic	-0.72	1.30
atmosphere	-0.72	1.16
relief	-0.72	1.45
represent	-0.72	1.30
social	-0.72	1.21
any	-0.72	3.11
get	-0.72	3.43
bags	-0.72	1.36
implies	-0.72	2.27
decide	-0.72	2.89
accomplish	-0.72	2.53
serious	-0.71	1.75
principle	-0.71	1.48
implications	-0.71	1.50
damage	-0.71	1.45
very	-0.71	2.03
inherent	-0.71	1.60
gather	-0.71	1.63
suffer	-0.71	1.52
affect	-0.71	1.79
reasons	-0.71	2.10
insulted	-0.71	2.08
sending	-0.71	1.61
fault	-0.70	3.37
ignorance	-0.70	1.63
sounded	-0.70	2.04
illness	-0.70	1.57
constant	-0.70	1.19
employment	-0.70	1.51
crime	-0.70	1.43
grounds	-0.70	1.37
boils	-0.70	1.71
conservatives	-0.70	1.32
than	-0.70	2.10
receiving	-0.70	1.42
could	-0.70	3.71
immune	-0.70	1.69
facing	-0.70	1.61
symptoms	-0.69	1.55
authorities	-0.69	1.29
therapy	-0.69	1.69
ideological	-0.69	1.42
identical	-0.69	1.58
did	-0.69	3.74
come	-0.69	3.25
refused	-0.69	2.09
know	-0.69	3.86
murder	-0.69	1.55
does	-0.69	3.68
attempting	-0.69	2.36
things	-0.69	3.30
virtually	-0.69	2.20
dismissed	-0.69	1.89
fraction	-0.68	1.34
suggesting	-0.68	2.50
desire	-0.68	1.75
argument	-0.68	2.60
crimes	-0.68	1.45
viewpoint	-0.68	2.22
expensive	-0.68	1.85
stomach	-0.68	1.71
resolution	-0.68	1.06
dispute	-0.68	2.18
beliefs	-0.68	1.48
surprised	-0.68	2.91
conditions	-0.68	1.67
small	-0.68	1.33
able	-0.68	2.91
publicly	-0.68	1.72
ease	-0.68	1.29
step	-0.67	1.79
relation	-0.67	1.36
clue	-0.67	3.65
might	-0.67	3.85
abandoned	-0.67	1.31
socialism	-0.67	1.87
creep	-0.67	1.43
measures	-0.67	1.50
define	-0.67	2.44
allowed	-0.67	3.16
using	-0.67	2.37
cause	-0.67	1.58
pissing	-0.67	2.04
hardcore	-0.67	1.03
hospital	-0.67	1.74
forced	-0.67	2.46
number	-0.67	1.37
hear	-0.67	2.33
concerns	-0.67	1.97
crazy	-0.66	2.11
insecure	-0.66	2.25
mormon	-0.66	1.38
believes	-0.66	2.45
real	-0.66	2.95
specifically	-0.66	2.20
harm	-0.66	1.76
prepare	-0.66	1.67
else	-0.66	2.90
medication	-0.66	1.66
may	-0.66	3.82
isolated	-0.66	2.08
matter	-0.66	3.78
youth	-0.66	1.29
think	-0.66	3.96
effects	-0.66	1.50
anyone	-0.66	3.26
patient	-0.66	1.72
identified	-0.66	1.47
ask	-0.66	3.24
fought	-0.66	1.18
also	-0.66	3.92
represents	-0.66	1.12
ironically	-0.65	1.34
weed	-0.65	1.79
ultimately	-0.65	1.78
fucks	-0.65	1.42
diversity	-0.65	1.19
bag	-0.65	1.27
then	-0.65	3.72
assume	-0.65	3.97
accountable	-0.65	1.91
bizarre	-0.65	2.77
partially	-0.65	1.47
entirely	-0.65	3.00
organized	-0.65	1.37
differently	-0.65	2.09
jewish	-0.65	1.30
go	-0.65	3.31
enough	-0.65	2.93
wo	-0.65	3.65
rather	-0.65	2.56
patients	-0.64	1.74
variables	-0.64	1.47
fill	-0.64	1.21
evidence	-0.64	2.52
flat	-0.64	1.52
attacked	-0.64	1.61
diseases	-0.64	1.42
korea	-0.64	1.07
solve	-0.64	2.24
bush	-0.64	1.36
mildly	-0.64	1.93
attempt	-0.64	2.21
circumstances	-0.64	1.88
them	-0.64	3.53
threatened	-0.64	1.87
amendment	-0.64	1.59
places	-0.64	1.74
somewhere	-0.64	2.44
bigger	-0.64	1.67
maybe	-0.64	3.99
ourselves	-0.63	2.47
refute	-0.63	2.85
doubt	-0.63	3.09
handle	-0.63	2.24
should	-0.63	3.74
tactic	-0.63	1.78
vastly	-0.63	1.62
possibly	-0.63	3.53
really	-0.63	3.65
mentality	-0.63	1.57
turn	-0.63	2.20
hyperbole	-0.63	1.68
course	-0.63	3.94
however	-0.63	3.95
subtle	-0.63	1.64
stuck	-0.63	1.39
d	-0.63	3.66
ethics	-0.63	1.34
bother	-0.62	3.74
shift	-0.62	1.60
argue	-0.62	3.90
deals	-0.62	1.28
looking	-0.62	3.15
say	-0.62	3.86
fired	-0.62	1.96
filling	-0.62	1.43
specific	-0.62	1.54
want	-0.62	3.63
actions	-0.62	1.72
relate	-0.62	2.17
pills	-0.62	1.58
bias	-0.62	1.55
contrast	-0.62	1.33
side	-0.62	2.35
idea	-0.62	3.45
figures	-0.62	1.55
irrelevant	-0.62	3.65
backing	-0.62	1.96
sort	-0.62	2.07
credibility	-0.61	1.72
difference	-0.61	2.35
referring	-0.61	3.00
by	-0.61	2.30
trivial	-0.61	1.75
consequence	-0.61	1.40
impact	-0.61	1.75
myself	-0.61	2.94
inequality	-0.61	1.50
views	-0.61	1.52
confuse	-0.61	1.58
implied	-0.61	2.25
steal	-0.61	1.61
manipulation	-0.61	1.47
useless	-0.61	1.94
exceptions	-0.61	1.93
god	-0.61	1.49
focusing	-0.60	1.93
disregard	-0.60	1.48
place	-0.60	2.92
differences	-0.60	1.44
path	-0.60	1.84
bored	-0.60	2.62
underlying	-0.60	1.69
unable	-0.60	2.53
cats	-0.60	1.34
behaviour	-0.60	1.34
eternal	-0.60	1.14
promote	-0.60	1.25
sounding	-0.60	1.66
gender	-0.60	1.25
vague	-0.60	2.14
destruction	-0.59	1.35
piss	-0.59	1.57
bully	-0.59	1.32
mechanism	-0.59	1.46
qualify	-0.59	1.78
ca	-0.59	3.55
proportion	-0.59	1.31
fails	-0.59	2.15
e.g	-0.59	1.22
following	-0.59	1.59
fundamental	-0.59	1.70
relative	-0.59	1.46
taking	-0.59	2.72
fine	-0.59	4.34
differ	-0.59	1.43
needs	-0.59	2.51
condition	-0.59	1.51
arguments	-0.59	2.51
purpose	-0.59	2.49
uncommon	-0.58	1.55
view	-0.58	2.00
ignored	-0.58	1.64
incidents	-0.58	1.73
founded	-0.58	1.30
mission	-0.58	1.38
talk	-0.58	2.70
besides	-0.58	1.83
statistic	-0.58	2.03
suggestion	-0.58	2.17
current	-0.58	1.69
ideas	-0.58	1.95
libertarian	-0.58	1.33
follow	-0.58	1.70
used	-0.58	2.00
equally	-0.58	1.88
continues	-0.58	1.37
stereotypes	-0.58	1.36
due	-0.58	1.34
react	-0.58	1.78
inevitably	-0.58	1.44
reason	-0.58	3.67
moves	-0.57	1.65
me	-0.57	3.32
goes	-0.57	2.43
generic	-0.57	1.23
regret	-0.57	1.51
consider	-0.57	3.53
war	-0.57	1.09
only	-0.57	3.76
terrorism	-0.57	1.21
mental	-0.57	1.57
outrage	-0.57	1.43
maximum	-0.57	1.41
addiction	-0.57	1.58
bring	-0.57	2.59
ad	-0.57	1.78
miserable	-0.57	2.89
blind	-0.57	1.45
regular	-0.57	1.26
dirty	-0.57	1.50
commonly	-0.57	1.41
scenarios	-0.57	1.90
qualities	-0.57	1.48
marijuana	-0.57	1.71
describe	-0.57	1.81
camp	-0.57	1.15
significant	-0.57	1.37
threatening	-0.56	1.44
retarded	-0.56	1.92
margin	-0.56	1.28
rid	-0.56	1.66
despite	-0.56	1.80
happen	-0.56	3.66
asians	-0.56	1.19
factors	-0.56	1.62
larger	-0.56	1.46
dumb	-0.56	2.28
realise	-0.56	3.35
causes	-0.56	1.53
mixed	-0.56	1.37
thrown	-0.56	1.66
superiority	-0.56	1.50
inability	-0.56	2.17
convert	-0.55	1.63
staff	-0.55	1.64
previously	-0.55	1.78
changing	-0.55	1.53
deciding	-0.55	1.25
leave	-0.55	2.45
time	-0.55	2.29
again	-0.55	3.86
disorders	-0.55	1.55
blame	-0.55	2.07
promoting	-0.55	1.26
pics	-0.55	1.21
send	-0.55	1.56
committed	-0.55	1.54
vacuum	-0.55	1.33
drug	-0.55	1.72
arent	-0.55	1.30
emotional	-0.54	1.42
portion	-0.54	1.30
facts	-0.54	2.82
thing	-0.54	2.72
similarly	-0.54	1.56
genetics	-0.54	1.45
will	-0.54	3.31
literal	-0.54	1.85
devil	-0.54	1.13
sufficient	-0.54	1.61
targets	-0.54	1.47
try	-0.54	3.11
putting	-0.54	2.24
begin	-0.54	1.98
distinct	-0.54	1.30
method	-0.54	1.86
proof	-0.54	2.67
treats	-0.54	1.86
round	-0.53	1.33
phenomenon	-0.53	1.17
rape	-0.53	1.69
suffering	-0.53	1.48
take	-0.53	3.08
jury	-0.53	1.73
surrounding	-0.53	1.42
quo	-0.53	1.73
admitted	-0.53	2.09
threat	-0.53	1.41
bing	-0.52	1.43
solving	-0.52	1.89
wide	-0.52	1.28
enormous	-0.52	1.34
exclusively	-0.52	1.28
attached	-0.52	1.27
caused	-0.52	1.45
fairly	-0.52	2.08
negatively	-0.52	1.82
intentions	-0.52	1.63
consensus	-0.52	1.46
act	-0.52	1.70
effectively	-0.52	1.52
plain	-0.52	1.86
choose	-0.52	2.89
cut	-0.52	1.39
chunk	-0.52	1.35
established	-0.52	1.25
administration	-0.52	1.28
event	-0.52	1.37
contributed	-0.52	1.34
notion	-0.51	1.92
individual	-0.51	1.54
here	-0.51	3.71
cover	-0.51	1.81
brigade	-0.51	1.90
medicine	-0.51	1.80
norway	-0.51	1.10
suicide	-0.51	1.54
left	-0.51	2.09
business	-0.51	1.34
world	-0.51	1.85
themselves	-0.51	2.88
move	-0.51	2.08
psychological	-0.51	1.43
occurred	-0.51	1.64
9/11	-0.51	1.06
drugs	-0.51	1.72
knee	-0.51	1.47
orders	-0.51	1.50
realize	-0.51	3.56
am	-0.50	2.81
forgetting	-0.50	2.77
changed	-0.50	1.84
constantly	-0.50	1.82
assumes	-0.50	1.97
sent	-0.50	1.51
considered	-0.50	2.08
marketing	-0.50	1.37
aka	-0.49	1.63
anybody	-0.49	2.74
telling	-0.49	2.95
framework	-0.49	1.78
policies	-0.49	1.55
progressive	-0.49	1.26
fail	-0.49	2.04
making	-0.49	2.66
rolling	-0.49	2.00
funded	-0.49	1.25
accept	-0.49	3.00
breathe	-0.49	2.22
nobody	-0.49	2.55
massive	-0.49	1.30
spectrum	-0.49	1.62
tone	-0.49	1.98
substance	-0.49	1.91
urban	-0.49	1.28
treatment	-0.48	1.58
overall	-0.48	1.44
their	-0.48	1.26
homeless	-0.48	1.62
beyond	-0.48	1.86
discovered	-0.48	1.64
allow	-0.48	2.59
anymore	-0.48	3.62
embrace	-0.48	1.13
significantly	-0.48	1.82
far	-0.48	2.55
everyone	-0.48	2.66
context	-0.48	2.78
always	-0.48	3.52
liberal	-0.48	1.26
asking	-0.48	3.23
opinions	-0.48	1.58
limited	-0.48	1.39
seemed	-0.48	1.94
were	-0.48	2.72
yourself	-0.48	3.09
attempted	-0.48	2.07
bullying	-0.47	1.31
meth	-0.47	1.69
con	-0.47	1.10
appealing	-0.47	1.67
pennies	-0.47	1.48
recognize	-0.47	2.48
operation	-0.47	1.33
entire	-0.47	1.46
too	-0.47	2.95
leader	-0.47	1.25
hung	-0.47	1.94
needed	-0.47	2.75
deadly	-0.47	1.48
happened	-0.47	2.91
techniques	-0.47	1.60
norm	-0.47	1.46
precious	-0.47	1.59
death	-0.47	1.29
answer	-0.47	3.00
magically	-0.47	2.59
existence	-0.47	2.05
fucked	-0.47	1.99
intellectual	-0.46	1.49
terms	-0.46	1.65
allowing	-0.46	2.13
speculation	-0.46	2.37
potential	-0.46	1.46
bothered	-0.46	2.49
charges	-0.46	1.68
load	-0.46	1.40
convicted	-0.46	1.58
cheaper	-0.46	1.90
escape	-0.46	1.90
tasks	-0.46	1.81
refers	-0.46	2.00
failing	-0.46	2.21
criminal	-0.46	1.75
possibilities	-0.46	1.77
position	-0.46	2.01
answers	-0.46	1.74
occurs	-0.46	1.66
mentioning	-0.46	2.58
satan	-0.46	1.31
faster	-0.46	1.83
arab	-0.46	1.28
grand	-0.45	1.41
pot	-0.45	1.82
objectively	-0.45	3.96
explicitly	-0.45	1.93
willing	-0.45	3.26
passive	-0.45	1.50
put	-0.45	2.24
avoid	-0.45	2.06
important	-0.45	2.02
elements	-0.45	1.25
having	-0.45	2.28
further	-0.45	2.41
basic	-0.45	1.67
rights	-0.45	1.44
burden	-0.45	1.62
break	-0.45	2.16
sarcastic	-0.45	2.04
assault	-0.45	1.58
principles	-0.45	1.61
solely	-0.45	1.85
describes	-0.45	1.73
creating	-0.45	1.78
particular	-0.45	1.47
dicks	-0.45	1.73
amount	-0.45	1.44
answered	-0.45	2.31
vietnam	-0.45	1.15
concept	-0.45	1.95
cross	-0.45	1.29
via	-0.45	1.65
forms	-0.45	1.39
every	-0.44	1.81
closer	-0.44	2.06
presented	-0.44	2.30
fast	-0.44	1.71
task	-0.44	1.74
parking	-0.44	1.29
whenever	-0.44	1.90
failed	-0.44	2.09
proving	-0.44	2.89
extent	-0.44	1.71
cultures	-0.44	1.33
wanting	-0.44	2.64
experienced	-0.44	2.03
yet	-0.44	3.60
ruined	-0.44	2.37
trigger	-0.44	1.31
ability	-0.44	2.12
practice	-0.44	1.58
resulted	-0.44	1.16
california	-0.44	1.12
opinion	-0.44	2.28
meanwhile	-0.44	1.58
fight	-0.44	1.24
permanent	-0.44	1.44
actually	-0.44	3.67
basis	-0.43	1.98
led	-0.43	1.34
fix	-0.43	2.72
disease	-0.43	1.45
across	-0.43	1.56
license	-0.43	1.32
pissed	-0.43	2.46
eliminate	-0.43	1.54
doctor	-0.43	1.66
islamic	-0.43	1.19
advocating	-0.43	2.65
respond	-0.43	2.97
metal	-0.43	1.09
vary	-0.43	1.39
affects	-0.43	1.57
smoking	-0.43	1.65
primarily	-0.42	1.39
admit	-0.42	3.49
decided	-0.42	2.76
sample	-0.42	1.48
uses	-0.42	2.20
extension	-0.42	1.51
kill	-0.42	1.88
realistically	-0.42	2.23
expect	-0.42	3.43
questions	-0.42	2.04
imaginary	-0.42	1.86
typical	-0.42	1.44
additionally	-0.42	1.39
charged	-0.42	1.56
massively	-0.42	1.60
definition	-0.42	2.14
requirement	-0.42	1.79
substantial	-0.42	1.45
hell	-0.42	3.00
throw	-0.42	2.16
mirror	-0.41	1.80
witness	-0.41	1.84
smaller	-0.41	1.49
still	-0.41	3.87
empire	-0.41	1.72
worry	-0.41	3.06
environment	-0.41	1.37
alcohol	-0.41	1.69
addicts	-0.41	1.60
legislation	-0.41	1.18
usually	-0.41	2.36
rant	-0.41	1.70
interpretation	-0.41	2.20
causing	-0.41	1.47
question	-0.41	2.75
pregnancy	-0.41	1.20
mail	-0.41	1.42
shock	-0.41	1.72
gone	-0.41	2.31
fourth	-0.41	1.05
backed	-0.41	1.85
pick	-0.41	1.92
acted	-0.41	1.55
volunteer	-0.41	2.20
yishan	-0.41	2.31
encourage	-0.41	1.73
system	-0.41	1.52
determine	-0.40	1.85
sleep	-0.40	1.90
punished	-0.40	1.68
prevalent	-0.40	1.28
tl	-0.40	1.53
hr	-0.40	1.35
counter	-0.40	2.32
continue	-0.40	2.60
owe	-0.40	2.33
conclusion	-0.40	2.87
court	-0.40	1.82
nature	-0.40	1.75
beef	-0.40	1.17
prevent	-0.40	1.72
result	-0.40	1.43
created	-0.40	1.52
al	-0.40	1.39
decision	-0.39	2.04
heavily	-0.39	1.76
laws	-0.39	1.59
gods	-0.39	1.61
least	-0.39	3.18
root	-0.39	1.81
dose	-0.39	1.48
status	-0.39	1.35
delivered	-0.39	1.45
repeating	-0.39	2.61
insist	-0.39	2.07
victim	-0.39	1.51
addresses	-0.39	1.51
climate	-0.39	1.47
cigarettes	-0.39	1.48
hearing	-0.38	1.85
constitution	-0.38	1.73
intend	-0.38	3.26
gt	-0.38	3.86
alternate	-0.38	1.12
vaccines	-0.38	1.79
influence	-0.38	1.41
morals	-0.38	1.63
brush	-0.38	1.44
smarter	-0.38	1.78
medical	-0.38	1.62
measured	-0.38	1.96
demonstrated	-0.38	1.92
boxes	-0.38	1.30
generate	-0.38	1.24
listen	-0.38	1.80
decisions	-0.38	1.80
maintaining	-0.38	1.39
ceo	-0.38	1.70
peak	-0.37	1.27
attorney	-0.37	1.90
community	-0.37	1.25
shit	-0.37	2.43
faith	-0.37	1.60
slowly	-0.37	1.67
chose	-0.37	2.20
determined	-0.37	1.57
problematic	-0.37	1.71
firing	-0.37	1.50
strongly	-0.37	1.73
heads	-0.37	1.21
continued	-0.37	1.62
reports	-0.37	1.74
slower	-0.37	1.74
leaders	-0.37	1.20
said	-0.37	3.08
cure	-0.37	1.51
opponent	-0.37	1.81
historically	-0.37	1.58
viewed	-0.37	1.25
heroin	-0.37	1.63
logic	-0.36	2.31
dry	-0.36	1.41
responding	-0.36	2.60
mild	-0.36	1.37
bible	-0.36	1.47
stereotype	-0.36	1.33
universal	-0.36	1.34
choice	-0.36	2.45
replying	-0.36	2.96
exaggerated	-0.36	1.73
expand	-0.36	1.70
others	-0.36	2.37
genders	-0.36	1.46
worried	-0.36	3.21
unemployed	-0.36	1.82
now	-0.36	3.86
opportunity	-0.36	1.96
conservative	-0.36	1.24
comes	-0.36	2.23
arrested	-0.36	1.58
answering	-0.36	2.05
particularly	-0.36	2.05
switching	-0.36	1.46
positive	-0.36	1.39
innocent	-0.35	1.52
digging	-0.35	1.94
upper	-0.35	1.44
wasting	-0.35	1.99
wildly	-0.35	1.98
thoughts	-0.35	1.42
meaning	-0.35	2.59
closest	-0.35	3.20
tens	-0.35	1.49
depending	-0.35	1.66
inclined	-0.35	2.71
interpret	-0.35	2.42
objective	-0.35	2.39
chemical	-0.35	1.41
suggests	-0.35	1.71
lowest	-0.35	1.29
seek	-0.35	1.92
priorities	-0.35	1.68
simpler	-0.35	1.80
waste	-0.35	1.54
killing	-0.35	1.54
lawsuit	-0.35	1.66
cutting	-0.35	1.28
require	-0.35	1.71
equation	-0.35	1.37
inbox	-0.35	1.73
threaten	-0.35	1.60
intervention	-0.34	1.38
whole	-0.34	2.11
lawyer	-0.34	1.86
mind	-0.34	2.91
preventing	-0.34	1.50
hypothetical	-0.34	1.90
spite	-0.34	1.71
controlling	-0.34	1.63
texts	-0.34	1.30
favor	-0.34	1.73
addition	-0.34	1.42
ought	-0.34	1.82
employee	-0.34	1.72
deserves	-0.34	1.19
carefully	-0.34	1.70
relatively	-0.34	1.88
absence	-0.34	1.38
virgin	-0.34	1.63
risks	-0.34	1.44
helps	-0.33	2.09
temporary	-0.33	1.31
dealt	-0.33	1.72
influenced	-0.33	1.52
phrase	-0.33	2.02
dealer	-0.33	1.65
hospitals	-0.33	1.57
force	-0.33	1.56
sense	-0.33	3.01
judged	-0.33	1.58
includes	-0.33	1.30
branch	-0.33	1.34
collapse	-0.33	1.39
unknown	-0.33	1.24
scale	-0.33	1.41
invalid	-0.33	3.07
when	-0.33	3.19
ending	-0.33	3.12
deaths	-0.33	1.25
active	-0.33	1.51
injured	-0.33	1.57
improving	-0.33	1.53
driving	-0.33	1.42
prison	-0.32	1.45
weather	-0.32	1.42
99	-0.32	1.36
iron	-0.32	1.35
buys	-0.32	1.85
scope	-0.32	1.52
improve	-0.32	1.62
focus	-0.32	1.62
reduce	-0.32	1.52
conclusions	-0.32	2.61
between	-0.32	1.44
reviews	-0.32	1.34
terrorists	-0.32	1.17
idiot	-0.32	2.16
international	-0.32	1.27
expectations	-0.32	1.41
sides	-0.32	1.84
remember	-0.32	3.09
expectation	-0.32	1.43
black	-0.32	1.37
protect	-0.32	1.66
jail	-0.32	1.57
email	-0.32	1.50
running	-0.32	2.40
communist	-0.31	1.22
member	-0.31	1.23
observation	-0.31	2.26
covered	-0.31	1.44
suggested	-0.31	2.07
obsessed	-0.31	1.58
major	-0.31	1.33
noise	-0.31	1.53
violation	-0.31	1.63
us	-0.31	1.63
must	-0.31	2.62
regard	-0.31	1.69
accurately	-0.31	1.57
joining	-0.31	1.23
convenient	-0.31	1.56
manage	-0.31	2.33
drawn	-0.31	1.63
broken	-0.30	1.61
increasingly	-0.30	1.55
points	-0.30	2.36
alpha	-0.30	1.68
choices	-0.30	1.61
enforced	-0.30	1.48
fraud	-0.30	1.56
sued	-0.30	1.77
needing	-0.30	2.09
wing	-0.30	1.26
bitch	-0.30	2.06
entity	-0.30	1.34
autism	-0.30	1.48
thought	-0.30	2.52
loss	-0.30	1.39
done	-0.30	3.22
curious	-0.30	2.96
punish	-0.30	1.57
strategy	-0.30	1.37
road	-0.30	1.49
bodies	-0.30	1.44
moving	-0.30	1.73
directly	-0.30	2.12
disappear	-0.30	1.87
whatsoever	-0.30	2.32
zero	-0.30	2.31
germany	-0.30	1.16
although	-0.30	3.43
documented	-0.29	1.66
today	-0.29	3.00
flaws	-0.29	2.29
socialist	-0.29	1.37
inform	-0.29	2.03
domestic	-0.29	1.33
six	-0.29	1.34
trip	-0.29	1.41
interact	-0.29	1.59
motivation	-0.29	1.58
exposure	-0.29	1.32
strike	-0.29	1.36
preferences	-0.29	1.46
records	-0.28	1.25
iraq	-0.28	1.13
along	-0.28	1.96
applied	-0.28	1.67
newer	-0.28	1.52
couple	-0.28	1.31
whereas	-0.28	1.75
suffered	-0.28	1.22
kicking	-0.28	1.53
nations	-0.28	1.38
society	-0.28	1.50
cell	-0.28	1.32
bull	-0.28	1.55
cunt	-0.28	2.02
provided	-0.28	1.98
range	-0.28	1.36
giving	-0.28	2.43
crack	-0.28	1.61
stated	-0.28	2.54
smoke	-0.28	1.54
external	-0.28	1.24
solution	-0.28	2.06
abuse	-0.28	1.40
wondering	-0.28	3.15
affected	-0.28	1.74
collection	-0.27	1.38
starving	-0.27	1.75
abilities	-0.27	1.20
white	-0.27	1.33
political	-0.27	1.38
predict	-0.27	2.12
person	-0.27	1.90
mentally	-0.27	1.75
nail	-0.27	1.34
supreme	-0.27	1.68
hint	-0.27	1.81
presence	-0.27	1.36
laying	-0.27	1.77
taken	-0.27	2.54
morality	-0.27	1.83
democracy	-0.27	1.41
stands	-0.27	1.84
efforts	-0.27	1.77
experience	-0.27	2.24
abortion	-0.27	1.32
minimal	-0.27	1.48
former	-0.27	1.76
warning	-0.27	1.55
letter	-0.27	1.33
criminals	-0.27	1.46
communicate	-0.27	2.02
impression	-0.27	2.46
letting	-0.27	2.17
rest	-0.27	1.60
defense	-0.27	1.49
par	-0.26	1.68
legitimate	-0.26	1.65
disaster	-0.26	1.80
treating	-0.26	1.80
worrying	-0.26	1.92
sleeping	-0.26	1.76
puts	-0.26	1.61
divide	-0.26	1.31
higher	-0.26	1.48
lethal	-0.26	1.49
combined	-0.26	1.48
back	-0.26	2.78
widely	-0.26	1.08
responsible	-0.26	2.03
another	-0.26	1.67
performance	-0.26	1.41
discussing	-0.26	2.32
surgery	-0.26	1.61
replace	-0.26	1.44
identity	-0.26	1.30
rockets	-0.26	1.35
line	-0.25	1.93
fighting	-0.25	1.15
wins	-0.25	1.82
accidents	-0.25	1.19
mass	-0.25	1.46
libraries	-0.25	1.51
hits	-0.25	1.32
few	-0.25	1.36
viewing	-0.25	1.23
called	-0.25	1.33
ideals	-0.25	1.38
governments	-0.25	1.33
confirmation	-0.25	1.47
solved	-0.25	1.99
healthcare	-0.25	1.57
entirety	-0.25	1.34
fish	-0.25	1.31
universally	-0.25	1.31
shelter	-0.25	1.72
creatures	-0.24	1.60
passes	-0.24	1.56
admittedly	-0.24	1.79
three	-0.24	1.31
er	-0.24	1.45
brain	-0.24	1.38
welfare	-0.24	1.38
hold	-0.24	2.01
appropriate	-0.24	1.55
narrow	-0.24	1.45
conspiracy	-0.24	1.55
arrest	-0.24	1.59
struggling	-0.24	1.73
experiment	-0.24	1.64
awkward	-0.24	2.09
worlds	-0.24	3.03
destroy	-0.24	1.33
improved	-0.24	1.58
survive	-0.24	1.67
spring	-0.24	1.42
communism	-0.24	1.38
punishment	-0.23	1.48
instances	-0.23	1.62
remotely	-0.23	2.15
latter	-0.23	1.57
formed	-0.23	1.38
unarmed	-0.23	1.45
applicable	-0.23	1.66
goal	-0.23	1.36
assaulted	-0.23	1.62
received	-0.23	1.54
auto	-0.23	1.37
corporation	-0.23	1.34
mood	-0.23	1.87
stronger	-0.23	1.66
dental	-0.23	1.59
run	-0.23	2.14
lead	-0.23	1.56
yours	-0.23	1.86
incorrect	-0.23	4.13
safer	-0.23	1.76
tradition	-0.23	1.31
tb	-0.23	1.12
pieces	-0.23	1.20
factor	-0.23	1.63
merit	-0.23	2.76
contain	-0.23	1.79
turns	-0.23	1.94
civilians	-0.23	1.41
four	-0.23	1.34
values	-0.22	1.53
gives	-0.22	1.80
loads	-0.22	1.16
helping	-0.22	2.50
israeli	-0.22	1.29
sole	-0.22	1.86
listening	-0.22	1.62
avoided	-0.22	2.11
working	-0.22	2.41
torture	-0.22	1.39
babies	-0.22	1.34
reported	-0.22	1.49
picking	-0.22	1.50
navy	-0.22	1.22
slaves	-0.22	1.42
legitimately	-0.22	1.66
lane	-0.22	1.51
biases	-0.22	1.82
horse	-0.22	1.59
traveling	-0.22	1.62
acts	-0.22	1.41
ride	-0.22	1.48
intended	-0.22	2.14
capitalism	-0.22	1.45
protest	-0.22	1.21
syndrome	-0.21	1.30
belongs	-0.21	1.56
counts	-0.21	1.89
pressure	-0.21	1.54
liked	-0.21	2.89
immigrants	-0.21	1.49
demographic	-0.21	1.21
surrounded	-0.21	1.52
perhaps	-0.21	2.96
pride	-0.21	1.34
limit	-0.21	1.48
ratio	-0.21	1.31
out	-0.21	2.70
authority	-0.21	1.75
setting	-0.21	1.11
philosophy	-0.21	1.51
rapists	-0.21	1.37
deserve	-0.21	1.25
managed	-0.21	2.19
dense	-0.21	1.71
collective	-0.21	1.53
billions	-0.21	1.48
worship	-0.21	1.59
culture	-0.21	1.32
equal	-0.21	1.55
russia	-0.21	1.18
signal	-0.21	1.26
largest	-0.21	1.49
russians	-0.21	1.54
exposed	-0.21	1.97
economic	-0.21	1.43
ally	-0.21	1.66
correlation	-0.21	1.68
pushed	-0.21	1.66
politics	-0.21	1.39
piece	-0.21	1.38
jealous	-0.21	3.23
dump	-0.21	1.50
pool	-0.20	1.35
stand	-0.20	1.92
downvote	-0.20	2.00
esteem	-0.20	1.63
follows	-0.20	1.48
western	-0.20	1.30
naturally	-0.20	1.67
global	-0.20	1.42
policy	-0.20	1.55
incentive	-0.20	1.83
approval	-0.20	1.33
simple	-0.20	1.80
courts	-0.20	1.52
prisons	-0.20	1.44
sexual	-0.20	1.20
address	-0.20	1.65
instance	-0.20	1.17
has	-0.20	2.43
necessary	-0.20	2.11
blowing	-0.20	1.37
destroyed	-0.20	1.28
away	-0.20	2.19
4th	-0.19	1.52
country	-0.19	1.28
grow	-0.19	1.83
ve	-0.19	2.49
intent	-0.19	2.40
physical	-0.19	1.47
currently	-0.19	2.03
obligated	-0.19	2.90
hole	-0.19	1.44
tested	-0.19	2.03
rebuttal	-0.19	2.18
national	-0.19	1.27
cops	-0.19	1.57
heaven	-0.19	1.30
twitter	-0.19	1.31
alternatives	-0.19	1.82
procedure	-0.19	1.55
infinite	-0.19	1.30
soft	-0.19	1.49
standpoint	-0.19	1.94
through	-0.19	1.82
coke	-0.19	1.49
target	-0.19	1.40
drag	-0.19	1.65
choosing	-0.19	1.61
shooting	-0.19	1.49
victims	-0.19	1.45
our	-0.19	1.59
pass	-0.18	1.74
addict	-0.18	1.62
says	-0.18	2.35
though	-0.18	3.74
subjective	-0.18	2.19
objects	-0.18	1.52
greater	-0.18	1.47
americans	-0.18	1.32
involvement	-0.18	1.17
anecdotal	-0.18	2.27
shall	-0.18	1.64
increases	-0.18	1.44
preference	-0.18	1.63
keep	-0.18	2.74
natural	-0.18	1.30
let	-0.18	3.38
based	-0.18	2.40
government	-0.18	1.47
contact	-0.18	1.30
benefit	-0.18	1.97
shot	-0.18	1.53
trends	-0.18	1.63
penny	-0.18	1.53
someone	-0.18	2.61
demanding	-0.18	1.56
he/she	-0.18	2.27
verbal	-0.18	1.40
instead	-0.18	2.56
refer	-0.17	1.57
examples	-0.17	2.10
lanes	-0.17	1.47
bike	-0.17	1.38
departments	-0.17	1.40
exclusive	-0.17	1.53
risk	-0.17	1.44
police	-0.17	1.48
thousand	-0.17	1.43
nation	-0.17	1.36
restrictions	-0.17	1.50
passing	-0.17	1.58
posters	-0.17	1.31
defining	-0.17	1.67
placed	-0.17	1.46
honestly	-0.17	3.62
professor	-0.17	1.66
attack	-0.17	1.53
aspect	-0.17	1.64
slow	-0.17	1.58
intense	-0.17	1.12
never	-0.17	3.12
hypothesis	-0.17	1.79
cars	-0.17	1.43
insurance	-0.17	1.57
corporations	-0.17	1.34
carry	-0.17	1.72
law	-0.17	1.50
accepted	-0.17	1.53
dropping	-0.17	1.56
regards	-0.17	1.87
invasion	-0.17	1.49
allows	-0.17	2.04
theories	-0.16	1.82
consume	-0.16	1.34
enforcement	-0.16	1.51
longer	-0.16	2.26
reduced	-0.16	1.47
trial	-0.16	1.96
till	-0.16	1.56
luckily	-0.16	1.53
electronic	-0.16	1.15
reducing	-0.16	1.41
weapon	-0.16	1.46
officials	-0.16	1.40
ferguson	-0.16	1.56
countries	-0.16	1.26
politicians	-0.16	1.39
rocket	-0.16	1.18
ruin	-0.16	1.36
kicked	-0.16	1.76
succeed	-0.16	1.69
bars	-0.16	1.27
angle	-0.16	1.60
laid	-0.16	1.66
appeal	-0.16	1.69
pull	-0.16	1.73
increasing	-0.16	1.38
increase	-0.16	1.43
quantum	-0.16	1.46
statistics	-0.16	1.92
increased	-0.16	1.43
become	-0.16	1.60
paying	-0.15	1.86
legit	-0.15	1.76
component	-0.15	1.53
instantly	-0.15	1.70
input	-0.15	1.52
obesity	-0.15	1.35
largely	-0.15	1.80
speed	-0.15	1.62
perspective	-0.15	2.11
roads	-0.15	1.43
wild	-0.15	1.56
writes	-0.15	2.17
five	-0.15	1.36
presumably	-0.15	1.70
poorly	-0.15	1.66
argued	-0.15	2.16
walk	-0.15	1.96
word	-0.15	2.36
albeit	-0.14	1.55
wanted	-0.14	2.84
logical	-0.14	2.23
hit	-0.14	1.76
ukraine	-0.14	1.24
loud	-0.14	1.72
encounter	-0.14	1.66
afghanistan	-0.14	1.13
driver	-0.14	1.38
europeans	-0.14	1.42
hand	-0.14	1.89
assistance	-0.14	1.61
surely	-0.14	1.91
complicated	-0.14	2.11
states	-0.14	1.38
institutions	-0.14	1.47
convincing	-0.14	1.72
wherever	-0.14	2.01
inevitable	-0.14	1.54
lower	-0.14	1.47
hardest	-0.13	1.77
unhappy	-0.13	3.22
operate	-0.13	1.61
japan	-0.13	1.15
poop	-0.13	1.60
pulling	-0.13	1.75
civilian	-0.13	1.45
changes	-0.13	1.68
drives	-0.13	1.51
properly	-0.13	2.44
eventually	-0.13	2.43
hundred	-0.13	1.43
eu	-0.13	1.29
democratic	-0.13	1.31
subscribe	-0.13	1.31
brigading	-0.13	1.77
seeking	-0.13	1.70
options	-0.13	1.96
consistently	-0.13	1.70
slave	-0.13	1.40
studied	-0.13	1.57
category	-0.13	1.37
speech	-0.13	1.65
judges	-0.13	1.57
centuries	-0.13	1.46
enforce	-0.13	1.53
dig	-0.13	2.07
select	-0.13	1.38
drop	-0.13	1.61
perform	-0.13	1.59
modern	-0.13	1.65
bear	-0.13	1.34
pet	-0.13	1.05
beaten	-0.13	1.65
drivers	-0.13	1.40
successfully	-0.12	1.78
red	-0.12	1.35
maintain	-0.12	1.70
vehicles	-0.12	1.43
akin	-0.12	1.65
aim	-0.12	1.33
revenge	-0.12	1.29
who	-0.12	2.21
big	-0.12	1.56
measure	-0.12	1.82
somebody	-0.12	2.46
caught	-0.12	1.71
financial	-0.12	1.51
defined	-0.12	1.76
vehicle	-0.12	1.37
alone	-0.12	3.04
shoulder	-0.12	1.54
rates	-0.12	1.28
testing	-0.12	2.06
instant	-0.12	1.50
brings	-0.12	1.26
reflect	-0.12	1.71
amazed	-0.12	2.76
corporate	-0.12	1.37
concern	-0.12	2.13
india	-0.12	1.20
losing	-0.12	1.38
anecdote	-0.11	1.71
ethical	-0.11	1.86
gains	-0.11	1.32
highway	-0.11	1.38
institution	-0.11	1.29
earn	-0.11	1.56
money	-0.11	1.80
outcomes	-0.11	1.60
smith	-0.11	1.11
low	-0.11	1.30
enemy	-0.11	1.22
lay	-0.11	1.65
disagree	-0.11	4.52
learn	-0.11	2.41
generations	-0.11	1.35
plan	-0.11	1.58
fed	-0.11	1.48
letters	-0.11	1.41
mandatory	-0.11	1.30
legal	-0.11	1.78
results	-0.11	1.55
republicans	-0.11	1.30
state	-0.11	1.38
ashamed	-0.11	3.13
sword	-0.11	1.39
cherry	-0.11	1.56
middle	-0.10	1.30
regulation	-0.10	1.43
ugh	-0.10	1.93
average	-0.10	1.61
gets	-0.10	2.02
armed	-0.10	1.42
officer	-0.10	1.46
drive	-0.10	1.53
usa	-0.10	1.22
emphasis	-0.10	1.60
lose	-0.10	1.79
censorship	-0.10	1.56
claimed	-0.10	2.08
motion	-0.10	1.52
walking	-0.10	1.64
nsa	-0.10	1.40
2-3	-0.10	1.42
<SPECIAL>	-0.10	1.29
<URL>	-0.10	1.29
shoot	-0.10	1.48
plug	-0.10	1.82
designed	-0.10	1.84
weapons	-0.10	1.37
acceptance	-0.10	1.37
definitions	-0.10	2.09
concepts	-0.10	1.81
france	-0.10	1.20
crisis	-0.10	1.48
sheer	-0.09	1.40
flying	-0.09	1.37
dirt	-0.09	1.34
traffic	-0.09	1.40
minds	-0.09	1.40
reaching	-0.09	1.64
wind	-0.09	1.12
federal	-0.09	1.45
suspect	-0.09	1.36
ill	-0.09	1.65
truck	-0.09	1.41
abstract	-0.09	1.65
ready	-0.09	2.88
light	-0.09	1.49
military	-0.09	1.33
hurting	-0.09	1.72
chosen	-0.09	1.62
african	-0.09	1.29
long	-0.09	2.45
shops	-0.09	1.30
advice	-0.09	2.18
units	-0.09	1.52
row	-0.08	1.51
serves	-0.08	1.40
loaded	-0.08	1.65
realm	-0.08	1.89
rough	-0.08	1.56
numbers	-0.08	1.72
tool	-0.08	1.63
insert	-0.08	1.35
vet	-0.08	1.41
china	-0.08	1.24
fire	-0.08	1.44
understandable	-0.08	1.79
understood	-0.08	1.99
european	-0.08	1.27
dynamic	-0.08	1.06
progress	-0.08	1.47
trick	-0.08	1.84
eastern	-0.08	1.25
closely	-0.08	1.68
reporting	-0.08	1.77
leaving	-0.08	1.42
blow	-0.08	1.50
sweden	-0.08	1.25
america	-0.08	1.21
spare	-0.08	1.57
model	-0.08	1.62
effective	-0.08	1.68
forbid	-0.08	1.61
agency	-0.08	1.46
therapist	-0.08	1.92
catch	-0.08	1.76
message	-0.08	1.55
oblivion	-0.08	2.06
capitalist	-0.08	1.38
m	-0.07	3.12
united	-0.07	1.32
helped	-0.07	2.22
car	-0.07	1.37
feeding	-0.07	1.58
troops	-0.07	1.32
roll	-0.07	1.74
explaining	-0.07	2.03
concrete	-0.07	1.78
eight	-0.07	1.37
practical	-0.07	1.62
introduced	-0.07	1.19
ignores	-0.07	1.37
fly	-0.07	1.77
struck	-0.07	2.11
rapist	-0.07	1.44
refuse	-0.07	2.63
housing	-0.07	1.41
plastic	-0.07	1.30
treat	-0.07	1.76
europe	-0.07	1.21
destroying	-0.07	1.10
sue	-0.07	1.88
tastes	-0.07	1.43
decent	-0.07	2.53
continuing	-0.07	1.66
zone	-0.07	1.16
beta	-0.07	1.43
collect	-0.07	1.50
citizens	-0.07	1.34
vulnerable	-0.07	2.13
shots	-0.06	1.44
users	-0.06	1.64
assets	-0.06	1.34
abusing	-0.06	1.52
travel	-0.06	1.61
economy	-0.06	1.43
speaks	-0.06	2.28
societies	-0.06	1.37
combat	-0.06	1.32
health	-0.06	1.61
cancer	-0.06	1.46
wants	-0.06	3.14
efficient	-0.06	1.75
civilization	-0.06	1.38
asleep	-0.06	1.67
settle	-0.06	1.99
public	-0.05	1.47
addressed	-0.05	2.23
ed	-0.05	1.33
seemingly	-0.05	1.75
junk	-0.05	1.60
cop	-0.05	1.61
handed	-0.05	1.73
interpreted	-0.05	2.40
future	-0.05	1.81
ll	-0.05	3.36
badly	-0.05	1.77
ten	-0.05	1.37
highly	-0.05	1.66
britain	-0.05	1.21
replacing	-0.05	1.46
firm	-0.05	1.49
extra	-0.05	1.56
version	-0.05	1.71
jumped	-0.05	1.65
mentions	-0.05	2.05
raped	-0.05	1.54
expressed	-0.05	1.25
businesses	-0.05	1.36
versa	-0.05	1.68
intention	-0.05	1.89
frame	-0.04	1.58
scientific	-0.04	2.00
agencies	-0.04	1.43
canada	-0.04	1.22
unit	-0.04	1.40
referred	-0.04	1.79
privacy	-0.04	1.54
2nd	-0.04	1.19
bite	-0.04	1.72
dominated	-0.04	1.30
genuinely	-0.04	1.97
department	-0.04	1.51
quotes	-0.04	1.89
2014	-0.04	1.37
access	-0.04	1.43
rate	-0.04	1.40
solutions	-0.04	1.91
regarding	-0.04	2.10
lawyers	-0.04	1.53
fully	-0.04	2.30
admins	-0.04	1.74
possibility	-0.04	1.98
educate	-0.04	2.20
bills	-0.04	1.49
wound	-0.04	1.52
buried	-0.04	1.68
teaching	-0.04	1.38
taste	-0.04	1.46
obama	-0.04	1.32
asia	-0.04	1.24
borders	-0.04	1.33
grab	-0.04	1.40
job	-0.04	1.55
shorter	-0.04	1.84
creation	-0.04	1.29
takes	-0.03	1.97
begging	-0.03	1.57
touched	-0.03	1.52
turned	-0.03	1.71
existed	-0.03	1.82
test	-0.03	1.60
laughing	-0.03	1.88
occasional	-0.03	1.28
mix	-0.03	1.29
outcome	-0.03	1.49
been	-0.03	2.71
1	-0.03	1.78
forces	-0.03	1.29
use	-0.03	1.83
asked	-0.03	2.14
immediately	-0.03	2.05
history	-0.03	1.60
priority	-0.03	1.35
gun	-0.03	1.51
unemployment	-0.03	1.37
freely	-0.03	1.97
hamas	-0.03	1.28
trained	-0.03	1.52
save	-0.03	1.89
repeat	-0.03	1.97
liability	-0.03	1.53
jesus	-0.03	1.44
tears	-0.03	1.62
events	-0.03	1.76
dumbass	-0.03	2.14
give	-0.03	2.77
form	-0.02	1.64
duty	-0.02	1.44
grain	-0.02	1.44
mad	-0.02	2.35
rely	-0.02	1.90
reddit	-0.02	1.78
route	-0.02	1.39
net	-0.02	1.36
peoples	-0.02	1.37
unlimited	-0.02	1.34
worker	-0.02	1.65
upon	-0.02	1.73
tiny	-0.02	1.26
difficulty	-0.02	1.57
guns	-0.02	1.55
gave	-0.02	1.68
implemented	-0.02	1.57
resources	-0.02	1.57
combination	-0.02	1.39
transition	-0.02	1.52
behave	-0.02	1.50
territory	-0.02	1.35
3d	-0.02	1.30
rise	-0.02	1.43
justice	-0.02	1.38
demonstrate	-0.02	1.90
wealth	-0.02	1.38
region	-0.02	1.24
controls	-0.01	1.35
leadership	-0.01	1.41
space	-0.01	1.53
prisoners	-0.01	1.37
bastard	-0.01	2.14
pays	-0.01	1.52
cities	-0.01	1.26
debate	-0.01	2.20
log	-0.01	1.52
tests	-0.01	1.72
allies	-0.01	1.27
share	-0.01	1.32
reads	-0.01	1.74
cite	-0.01	2.08
circles	-0.01	1.47
paid	-0.01	1.65
palestinians	-0.01	1.31
witch	-0.01	1.45
congress	-0.01	1.37
drunk	-0.01	1.95
elected	-0.01	1.36
purely	-0.01	1.72
basement	-0.01	1.56
blown	-0.01	1.60
die	-0.00	1.83
remove	-0.00	1.59
streets	-0.00	1.45
methods	-0.00	1.59
democrats	-0.00	1.31
guaranteed	-0.00	1.47
bomb	-0.00	1.41
grades	-0.00	1.74
daily	-0.00	1.30
interaction	-0.00	1.33
brown	-0.00	1.33
roman	-0.00	1.35
split	-0.00	1.27
roughly	0.00	1.54
silence	0.00	1.32
hide	0.00	2.14
consumption	0.00	1.40
woke	0.00	1.67
kills	0.00	1.44
u.s	0.00	1.31
physics	0.00	1.58
gravity	0.00	1.53
burned	0.00	1.53
australia	0.00	1.24
equivalent	0.00	1.59
republic	0.00	1.32
speeds	0.01	1.47
arms	0.01	1.61
tanks	0.01	1.32
balls	0.01	1.78
distance	0.01	1.59
myth	0.01	1.42
already	0.01	2.79
draw	0.01	1.87
phone	0.01	1.26
consumers	0.01	1.41
east	0.01	1.20
storm	0.01	1.43
elsewhere	0.01	2.29
coverage	0.01	1.50
breathing	0.01	1.49
advantage	0.01	1.70
asian	0.01	1.12
invented	0.01	1.34
class	0.01	1.67
plane	0.01	1.56
private	0.01	1.43
vice	0.01	1.67
theres	0.01	1.42
noted	0.01	1.70
became	0.01	1.49
opportunities	0.01	1.45
mere	0.01	1.40
courses	0.01	1.76
dog	0.01	1.38
explanations	0.01	1.80
revolution	0.01	1.46
beating	0.01	1.58
era	0.01	1.40
bringing	0.01	2.01
narrative	0.01	1.50
guard	0.01	1.48
bubble	0.02	1.30
programmer	0.02	1.38
encouraged	0.02	1.39
tax	0.02	1.43
object	0.02	1.59
seat	0.02	1.64
tells	0.02	2.89
launch	0.02	1.39
high	0.02	1.46
levels	0.02	1.45
economics	0.02	1.55
workers	0.02	1.64
semester	0.02	1.73
scheme	0.02	1.44
hitting	0.02	1.58
achieve	0.02	1.66
standing	0.02	1.62
engine	0.02	1.26
trees	0.02	1.35
company	0.02	1.53
driven	0.02	1.60
knife	0.02	1.49
strict	0.02	1.49
power	0.02	1.47
size	0.02	1.34
feature	0.02	1.26
hardly	0.02	2.04
evolved	0.02	1.60
periods	0.02	1.43
sky	0.02	1.12
r/atheism	0.02	1.72
initially	0.02	1.80
gay	0.02	1.36
tried	0.03	2.41
operating	0.03	1.61
develop	0.03	1.53
tied	0.03	1.48
eve	0.03	1.12
preferred	0.03	1.48
attract	0.03	1.53
reach	0.03	1.69
pack	0.03	1.40
talks	0.03	2.89
minded	0.03	1.56
requires	0.03	1.75
response	0.03	2.04
unions	0.03	1.39
riding	0.03	1.48
pockets	0.03	1.47
iq	0.03	1.43
deliver	0.03	1.61
elaborate	0.03	1.69
each	0.03	1.28
bus	0.03	1.40
dictionary	0.04	2.10
republican	0.04	1.32
neutrality	0.04	1.43
features	0.04	1.46
africa	0.04	1.27
comfort	0.04	1.56
training	0.04	1.49
crew	0.04	1.27
afford	0.04	1.86
base	0.04	1.42
throat	0.04	1.60
recorded	0.04	1.17
hanging	0.04	1.70
towns	0.04	1.36
volume	0.04	1.50
food	0.04	1.48
teenagers	0.04	1.40
politician	0.04	1.46
3rd	0.04	1.11
percent	0.04	1.43
4chan	0.04	1.39
101	0.05	1.69
profit	0.05	1.43
local	0.05	1.25
removing	0.05	1.49
decades	0.05	1.70
expected	0.05	2.25
math	0.05	1.68
central	0.05	1.35
details	0.05	2.13
knock	0.05	1.87
faggot	0.05	1.88
billion	0.05	1.50
gdp	0.05	1.38
army	0.05	1.32
decade	0.05	1.76
lights	0.05	1.28
waited	0.05	1.77
green	0.05	1.18
register	0.05	1.48
reasonable	0.05	1.62
held	0.05	1.45
wash	0.05	1.57
yell	0.06	1.80
holes	0.06	1.14
shocked	0.06	2.57
unhealthy	0.06	1.39
loose	0.06	1.36
rules	0.06	1.50
print	0.06	1.39
uk	0.06	1.22
bright	0.06	1.28
technique	0.06	1.45
regularly	0.06	1.41
stage	0.06	1.21
bare	0.06	1.29
term	0.06	1.89
safely	0.06	1.77
immigration	0.06	1.53
peter	0.06	1.16
description	0.06	1.90
science	0.06	1.62
investigation	0.06	1.51
desires	0.06	1.33
generation	0.06	1.26
tesla	0.06	1.47
function	0.06	1.58
programs	0.07	1.44
banks	0.07	1.43
afterwards	0.07	1.63
charging	0.07	1.50
regulations	0.07	1.38
campaign	0.07	1.42
square	0.07	1.53
life	0.07	1.11
behind	0.07	1.81
neckbeard	0.07	1.78
additional	0.07	1.48
creator	0.07	1.38
cheap	0.07	1.61
clock	0.07	1.58
knows	0.07	3.03
candidate	0.07	1.35
grade	0.07	1.40
attention	0.07	1.53
free	0.07	1.77
folks	0.07	1.57
sticking	0.07	1.51
bears	0.07	1.38
tolerance	0.07	1.37
grasp	0.07	2.13
advance	0.07	1.67
stick	0.07	1.60
runs	0.07	1.53
searching	0.07	1.67
dogs	0.07	1.39
theory	0.07	1.83
onto	0.07	1.68
disagreement	0.07	2.04
2	0.07	1.38
stories	0.07	1.25
resistance	0.07	1.44
cant	0.08	2.69
nuts	0.08	1.86
garden	0.08	1.43
silver	0.08	1.54
leads	0.08	1.35
nicer	0.08	1.65
chemistry	0.08	1.54
routine	0.08	1.43
approaching	0.08	1.89
spend	0.08	1.83
decline	0.08	1.41
killed	0.08	1.37
assessment	0.08	2.24
maintenance	0.08	1.50
donate	0.08	1.67
shake	0.08	1.83
stop	0.08	2.25
lifestyle	0.08	1.30
included	0.08	1.45
funding	0.08	1.43
folk	0.08	1.25
reputation	0.08	1.58
management	0.08	1.51
pitch	0.08	1.21
protection	0.08	1.47
supposedly	0.08	1.28
expert	0.08	1.89
misunderstanding	0.08	3.71
taxes	0.08	1.42
third	0.08	1.31
seen	0.09	2.07
fuel	0.09	1.40
biased	0.09	2.33
biology	0.09	1.59
persons	0.09	1.47
charity	0.09	1.45
voting	0.09	1.43
flip	0.09	1.62
finding	0.09	1.87
failure	0.09	1.77
purposes	0.09	1.65
originally	0.09	2.35
strange	0.09	2.93
automated	0.09	1.55
chair	0.09	1.74
max	0.09	1.45
confirm	0.09	1.91
scientist	0.09	1.88
whoever	0.09	1.82
map	0.09	1.52
security	0.09	1.45
day	0.09	1.77
office	0.09	1.49
adding	0.09	1.39
wages	0.09	1.46
expression	0.09	1.45
data	0.09	1.98
mob	0.09	1.47
spin	0.09	1.53
stone	0.09	1.54
paul	0.09	1.37
quit	0.09	1.55
qualified	0.09	1.70
competing	0.09	1.25
advantages	0.10	1.37
op	0.10	2.69
million	0.10	1.51
labor	0.10	1.53
surface	0.10	1.44
4	0.10	1.40
border	0.10	1.41
drove	0.10	1.72
3	0.10	1.41
responded	0.10	2.34
psychology	0.10	1.63
hiring	0.10	1.45
structure	0.10	1.45
butt	0.10	1.94
discipline	0.10	1.62
traits	0.10	1.47
habit	0.10	1.56
machine	0.10	1.57
dollars	0.10	1.58
industrial	0.11	1.46
officially	0.11	1.68
north	0.11	1.23
developed	0.11	1.19
involve	0.11	1.30
sadly	0.11	1.64
processing	0.11	1.41
electric	0.11	1.40
simultaneously	0.11	1.53
grad	0.11	1.53
setup	0.11	1.44
went	0.11	2.06
produced	0.11	1.35
grant	0.11	1.67
planet	0.11	1.30
explained	0.11	2.14
connect	0.12	1.64
direct	0.12	1.68
non	0.12	1.56
control	0.12	1.86
owning	0.12	1.70
selection	0.12	1.47
threw	0.12	1.47
females	0.12	1.48
developing	0.12	1.25
footage	0.12	1.29
gain	0.12	1.41
pulled	0.12	1.60
permission	0.12	1.54
dancing	0.12	1.34
ups	0.12	1.56
jumping	0.12	1.87
appearance	0.12	1.60
protecting	0.12	1.44
mexico	0.12	1.35
implement	0.12	1.67
custom	0.12	1.23
benefits	0.12	1.51
tbh	0.12	1.92
historical	0.12	1.81
required	0.12	1.98
employees	0.12	1.56
references	0.12	1.70
maturity	0.12	1.42
bonus	0.12	1.45
bottles	0.12	1.32
down	0.12	1.81
height	0.13	1.47
alternative	0.13	1.93
energy	0.13	1.43
trouble	0.13	2.25
banking	0.13	1.42
program	0.13	1.51
profits	0.13	1.36
salaries	0.13	1.44
ownership	0.13	1.86
factory	0.13	1.63
scientists	0.13	1.53
pr	0.13	1.52
thick	0.13	1.40
sciences	0.13	1.57
secondly	0.13	1.44
debt	0.13	1.55
powers	0.13	1.44
touching	0.13	1.76
cameras	0.13	1.32
sit	0.13	1.86
professionals	0.13	1.61
chain	0.13	1.64
sources	0.13	2.12
ran	0.13	1.76
opposing	0.13	1.53
period	0.13	1.68
capture	0.13	1.65
disappointed	0.13	3.17
evolution	0.13	1.56
spending	0.13	1.61
distinction	0.13	1.80
companies	0.13	1.38
judgment	0.14	1.97
nerds	0.14	1.45
sticks	0.14	1.34
teenager	0.14	1.54
elections	0.14	1.34
expecting	0.14	2.18
understanding	0.14	1.81
independent	0.14	1.32
production	0.14	1.83
drastically	0.14	1.53
equipment	0.14	1.40
london	0.14	1.22
peers	0.14	1.32
universities	0.14	1.41
versus	0.14	1.47
rural	0.14	1.20
philosophical	0.14	1.74
canadians	0.14	1.59
guessing	0.14	2.64
west	0.14	1.25
weekly	0.14	1.40
vote	0.14	1.53
spot	0.14	1.48
himself	0.14	2.08
productivity	0.14	1.44
president	0.14	1.27
banned	0.14	1.81
statistical	0.14	1.91
apart	0.14	1.26
gas	0.14	1.34
conflict	0.14	1.45
awhile	0.15	1.92
stolen	0.15	1.46
york	0.15	1.24
casual	0.15	1.23
classes	0.15	1.74
jobs	0.15	1.64
once	0.15	2.59
stay	0.15	1.85
well	0.15	3.58
boston	0.15	1.26
capital	0.15	1.44
70s	0.15	1.42
lame	0.15	2.29
buildings	0.15	1.40
secondary	0.15	1.47
plus	0.15	1.74
mechanics	0.15	1.60
nurse	0.15	1.58
resource	0.15	1.35
muscle	0.15	1.37
civil	0.15	1.46
eating	0.15	1.44
existing	0.15	1.45
bill	0.15	1.40
poster	0.15	2.34
salary	0.15	1.48
cloud	0.15	1.52
technological	0.16	1.46
wake	0.16	1.76
heavy	0.16	1.44
official	0.16	1.39
voters	0.16	1.32
processes	0.16	1.60
walks	0.16	1.50
invested	0.16	1.36
provide	0.16	2.09
manual	0.16	1.45
recording	0.16	1.24
fictional	0.16	1.11
ops	0.16	1.83
over	0.16	1.91
pay	0.16	1.45
wall	0.16	1.34
normally	0.16	1.36
resume	0.16	1.64
markets	0.16	1.45
contains	0.16	1.46
treated	0.16	1.53
industries	0.17	1.47
loan	0.17	1.47
species	0.17	1.56
off	0.17	1.97
nsfw	0.17	1.40
theme	0.17	1.18
mcdonalds	0.17	1.48
inflation	0.17	1.41
balance	0.17	1.51
discussed	0.17	1.71
entry	0.17	1.55
integrity	0.17	1.54
assumed	0.17	3.58
sub	0.17	1.88
nyc	0.17	1.31
redditors	0.17	1.40
bound	0.17	1.43
report	0.17	1.54
quoting	0.17	2.78
serving	0.17	1.44
judging	0.17	1.90
produces	0.17	1.35
night	0.17	1.66
air	0.17	1.40
everyday	0.17	1.39
updates	0.17	1.26
washington	0.18	1.54
remaining	0.18	1.36
worked	0.18	2.18
review	0.18	1.55
mortgage	0.18	1.48
worth	0.18	1.87
learning	0.18	1.97
ensure	0.18	1.62
him	0.18	2.42
immediate	0.18	1.48
whilst	0.18	2.07
south	0.18	1.20
diet	0.18	1.35
selling	0.18	1.34
twenty	0.18	1.38
steps	0.18	1.70
positions	0.18	1.38
tickets	0.18	1.36
outside	0.18	1.75
building	0.18	1.35
breaking	0.18	1.40
activity	0.18	0.99
raw	0.18	1.44
ford	0.19	1.39
israel	0.19	1.17
ancient	0.19	1.53
responsibility	0.19	1.96
sea	0.19	1.38
pretty	0.19	2.41
built	0.19	1.60
bitches	0.19	1.98
male	0.19	1.33
plant	0.19	1.37
highest	0.19	1.45
sales	0.19	1.39
fall	0.19	1.59
own	0.19	1.55
pure	0.19	1.56
bottle	0.19	1.28
conduct	0.19	1.22
rocks	0.19	1.49
begins	0.19	1.58
soon	0.19	2.28
brains	0.19	1.59
head	0.19	1.53
boundaries	0.19	1.43
invite	0.19	1.30
hour	0.19	1.79
houses	0.19	1.35
viral	0.19	1.29
storage	0.19	1.43
barely	0.20	1.66
flash	0.20	1.31
wage	0.20	1.34
minimum	0.20	1.34
invest	0.20	1.53
northern	0.20	1.26
downvoted	0.20	2.16
professors	0.20	1.53
heard	0.20	2.37
sensible	0.20	1.62
meals	0.20	1.47
ass	0.20	1.81
personally	0.20	3.38
finance	0.20	1.41
radio	0.20	1.21
solar	0.20	1.34
starting	0.20	2.13
rule	0.20	1.65
explicit	0.20	1.64
school	0.20	1.54
student	0.20	1.53
available	0.20	1.65
greatest	0.20	2.68
location	0.20	1.39
6	0.20	1.49
chicago	0.20	1.25
drawing	0.20	1.62
anytime	0.20	2.06
beer	0.21	1.39
consideration	0.21	1.49
election	0.21	1.36
around	0.21	1.80
interests	0.21	1.39
virtue	0.21	1.38
80s	0.21	1.45
repair	0.21	1.55
studying	0.21	1.55
abused	0.21	1.45
popular	0.21	1.09
imagined	0.21	2.05
wisdom	0.21	1.40
leg	0.21	1.48
per	0.21	1.49
detroit	0.21	1.27
lunch	0.21	1.47
fee	0.21	1.48
past	0.21	1.90
protected	0.21	1.51
biological	0.21	1.43
gotten	0.21	2.32
foods	0.21	1.44
visit	0.22	1.51
bullies	0.22	1.35
marriage	0.22	1.24
satisfaction	0.22	1.43
wrap	0.22	1.29
phd	0.22	1.51
mars	0.22	1.39
clients	0.22	1.42
half	0.22	1.37
journalists	0.22	1.33
district	0.22	1.33
property	0.22	1.55
toilet	0.22	1.46
exercise	0.22	1.38
sitting	0.22	1.58
times	0.22	1.87
employers	0.22	1.57
college	0.22	1.56
restaurants	0.22	1.42
texas	0.22	1.26
eat	0.22	1.47
donations	0.22	1.61
contribute	0.22	1.98
county	0.22	1.27
calories	0.22	1.44
anyway	0.22	3.63
since	0.22	2.49
costs	0.22	1.53
challenge	0.22	1.71
students	0.22	1.53
up	0.22	2.24
loans	0.22	1.50
skill	0.22	1.60
plants	0.22	1.37
nowadays	0.22	1.56
killer	0.22	1.45
stereotypical	0.22	1.20
bowl	0.23	1.25
projecting	0.23	1.52
signs	0.23	1.40
2008	0.23	1.45
delivery	0.23	1.38
camera	0.23	1.28
freedom	0.23	1.40
suddenly	0.23	1.85
executive	0.23	1.40
miles	0.23	1.64
drinking	0.23	1.42
tree	0.23	1.33
penalty	0.23	1.27
weight	0.23	1.38
obligation	0.23	2.15
prevents	0.23	1.76
masses	0.23	1.58
taught	0.23	1.60
citizen	0.23	1.55
oil	0.23	1.30
infrastructure	0.23	1.42
invisible	0.23	1.52
japanese	0.23	1.45
revenue	0.23	1.32
manufacturing	0.23	1.47
sun	0.24	1.31
thin	0.24	1.40
5	0.24	1.41
fund	0.24	1.47
battle	0.24	1.17
build	0.24	1.56
university	0.24	1.50
inner	0.24	1.28
accuracy	0.24	1.82
reading	0.24	1.80
roots	0.24	1.58
arrive	0.24	1.75
payments	0.24	1.46
technology	0.24	1.65
doesnt	0.24	2.64
limits	0.24	1.68
app	0.24	1.38
programmers	0.24	1.58
install	0.24	1.50
corner	0.24	1.49
visual	0.24	1.42
sell	0.24	1.40
90s	0.24	1.42
homes	0.24	1.31
connected	0.24	1.40
lego	0.24	1.18
present	0.24	1.70
lock	0.25	1.69
lists	0.25	1.39
concerning	0.25	1.54
package	0.25	1.34
misunderstood	0.25	2.99
steel	0.25	1.48
gained	0.25	1.55
audio	0.25	1.20
unacceptable	0.25	2.66
interviews	0.25	1.35
sight	0.25	1.40
cleaning	0.25	1.39
signed	0.25	1.51
into	0.25	1.95
judgement	0.25	2.31
hes	0.25	1.64
construction	0.25	1.60
ahead	0.25	2.66
reasonably	0.25	1.95
seven	0.25	1.31
degree	0.25	1.50
tape	0.25	1.20
research	0.25	1.63
town	0.25	1.25
pic	0.25	1.54
file	0.25	1.42
week	0.25	1.78
tongue	0.25	1.57
educational	0.25	1.31
days	0.25	1.91
praise	0.26	1.33
95	0.26	1.37
returns	0.26	1.43
agent	0.26	1.44
coast	0.26	1.28
protein	0.26	1.37
trusted	0.26	1.32
louis	0.26	1.28
downvotes	0.26	1.76
took	0.26	1.96
worded	0.26	2.24
pictures	0.26	1.52
device	0.26	1.44
referencing	0.26	2.26
officers	0.26	1.47
box	0.26	1.36
sensitive	0.26	1.97
laugh	0.26	2.14
string	0.26	1.49
media	0.26	1.26
graduate	0.26	1.51
robots	0.26	1.53
dick	0.26	2.12
century	0.26	1.41
google	0.27	1.45
tagged	0.27	1.49
union	0.27	1.37
ama	0.27	1.82
items	0.27	1.35
record	0.27	1.36
brick	0.27	1.38
chance	0.27	1.97
owned	0.27	1.57
funds	0.27	1.52
granted	0.27	1.11
realistic	0.27	1.49
investment	0.27	1.45
7	0.27	1.45
viable	0.27	1.70
transportation	0.27	1.47
consciousness	0.27	1.27
warrant	0.27	1.61
sign	0.27	1.91
boat	0.27	1.30
morning	0.27	1.60
tuition	0.27	1.50
cost	0.27	1.53
purchased	0.27	1.24
mobile	0.27	1.36
theoretical	0.27	1.51
approach	0.27	1.83
wealthy	0.27	1.20
late	0.27	1.69
burning	0.27	1.43
orange	0.28	1.21
moron	0.28	2.09
quick	0.28	1.85
prior	0.28	1.53
hours	0.28	1.79
interactions	0.28	1.38
degrees	0.28	1.41
bank	0.28	1.44
promise	0.28	1.73
served	0.28	1.47
meal	0.28	1.47
amp	0.28	1.86
foreign	0.28	1.34
ideal	0.28	1.37
hence	0.28	1.71
monthly	0.28	1.46
bucks	0.28	1.65
earth	0.28	1.42
agreement	0.28	1.68
walmart	0.28	1.44
essential	0.28	1.67
nuclear	0.28	1.47
customer	0.28	1.42
consistent	0.28	1.70
stood	0.28	1.59
personality	0.28	1.55
recent	0.28	1.56
olds	0.29	1.45
blue	0.29	1.46
starts	0.29	1.74
tomorrow	0.29	2.20
machines	0.29	1.62
figured	0.29	2.03
masters	0.29	1.46
standards	0.29	1.49
pop	0.29	1.16
experiences	0.29	1.28
animals	0.29	1.37
discount	0.29	1.58
lately	0.29	1.83
accounts	0.29	1.46
second	0.29	1.48
adds	0.29	1.53
overweight	0.29	1.69
restaurant	0.29	1.44
owner	0.29	1.44
everybody	0.29	2.87
retail	0.29	1.48
server	0.29	1.46
reward	0.29	1.40
efficiency	0.29	1.57
obese	0.29	1.58
apps	0.29	1.35
plausible	0.29	1.99
services	0.29	1.69
skip	0.29	1.60
charge	0.29	1.41
previous	0.29	1.81
ios	0.29	1.37
satire	0.29	2.01
windows	0.30	1.43
output	0.30	1.46
phones	0.30	1.29
males	0.30	1.39
controlled	0.30	1.48
within	0.30	1.62
expense	0.30	1.46
ticket	0.30	1.36
month	0.30	1.71
wise	0.30	1.58
personal	0.30	1.63
finger	0.30	1.49
encountered	0.30	1.74
meat	0.30	1.40
eagle	0.30	1.38
sex	0.30	1.23
covers	0.30	1.40
admin	0.30	1.50
apple	0.30	1.36
drinks	0.30	1.37
humans	0.30	1.66
subs	0.30	1.90
lives	0.30	1.26
universe	0.30	1.29
os	0.30	1.41
studies	0.30	1.65
goals	0.30	1.35
wouldnt	0.31	2.79
fees	0.31	1.49
boom	0.31	1.77
2010	0.31	1.43
tank	0.31	1.42
next	0.31	1.73
investing	0.31	1.44
picked	0.31	1.20
burn	0.31	1.60
9	0.31	1.48
installed	0.31	1.47
scam	0.31	1.53
produce	0.31	1.49
replied	0.31	2.17
quoted	0.31	2.09
battery	0.31	1.44
chest	0.31	1.50
payment	0.31	1.53
education	0.31	1.57
fallacy	0.31	2.27
lifetime	0.31	1.38
sat	0.31	1.66
detail	0.31	1.62
relations	0.31	1.29
survival	0.31	1.49
owners	0.31	1.48
walls	0.31	1.42
academic	0.32	1.47
income	0.32	1.34
drink	0.32	1.34
2012	0.32	1.44
savings	0.32	1.48
trolling	0.32	2.11
depend	0.32	1.68
headline	0.32	1.46
glorious	0.32	1.42
negotiate	0.32	1.69
establish	0.32	1.51
study	0.32	1.71
document	0.32	1.60
usual	0.32	1.47
graduated	0.32	1.55
switched	0.32	1.49
arm	0.32	1.49
during	0.32	1.57
hire	0.32	1.73
evolutionary	0.32	1.55
genetic	0.32	1.44
moderation	0.32	1.60
engineering	0.32	1.48
level	0.32	1.53
votes	0.32	1.65
knowledge	0.33	1.70
id	0.33	1.61
organizations	0.33	1.28
2013	0.33	1.46
until	0.33	2.22
explains	0.33	1.75
blocks	0.33	1.47
gap	0.33	1.44
names	0.33	1.51
dependent	0.33	1.67
live	0.33	1.36
schools	0.33	1.42
majors	0.33	1.41
fields	0.33	1.47
remain	0.33	1.47
expenses	0.34	1.39
replacement	0.34	1.45
ip	0.34	1.45
likelihood	0.34	1.57
router	0.34	1.31
initial	0.34	2.15
penis	0.34	1.66
ago	0.34	1.80
board	0.34	1.35
lift	0.34	1.69
counting	0.34	1.57
sells	0.34	1.38
nose	0.34	1.49
twice	0.34	2.08
subjects	0.34	1.66
merely	0.34	2.54
photos	0.34	1.31
sold	0.34	1.62
san	0.34	1.35
replies	0.34	2.03
kickstarter	0.34	1.47
ground	0.34	1.52
hunt	0.35	1.45
connection	0.35	1.44
de	0.35	1.41
switch	0.35	1.34
soldiers	0.35	1.44
unattractive	0.35	1.78
fitness	0.35	1.36
textbook	0.35	1.40
dc	0.35	1.22
closing	0.35	1.53
documents	0.35	1.40
buying	0.35	1.45
hands	0.35	1.48
8	0.35	1.46
images	0.35	1.35
waiting	0.35	1.77
st	0.35	1.27
demands	0.35	1.64
read	0.35	1.97
opposed	0.35	1.59
men	0.35	1.48
desk	0.35	1.55
option	0.35	2.98
traditional	0.35	1.24
according	0.35	1.51
near	0.35	1.39
monitor	0.35	1.44
marine	0.35	1.34
stem	0.35	1.43
programming	0.35	1.58
count	0.35	1.80
format	0.35	1.45
frequent	0.35	1.42
breakfast	0.35	1.44
cited	0.36	1.46
carrying	0.36	1.49
weeks	0.36	1.77
months	0.36	1.82
probability	0.36	1.54
y	0.36	1.96
falls	0.36	1.19
happiness	0.36	1.12
popularity	0.36	1.45
ban	0.36	1.73
retirement	0.36	1.47
scratch	0.36	1.36
artists	0.36	1.26
supply	0.36	1.54
sooner	0.36	2.10
pizza	0.36	1.43
11	0.36	1.43
humor	0.36	1.89
while	0.37	2.55
without	0.37	2.20
niche	0.37	1.13
winter	0.37	1.31
window	0.37	1.52
systems	0.37	1.47
long-term	0.37	1.41
mostly	0.37	2.01
compete	0.37	1.30
blood	0.37	1.38
mouth	0.37	1.57
ie	0.37	1.46
ordered	0.37	1.56
element	0.37	1.46
wars	0.37	1.09
item	0.37	1.42
voted	0.37	1.60
dinner	0.37	1.51
sugar	0.37	1.37
women	0.38	1.43
key	0.38	1.42
hotel	0.38	1.44
bed	0.38	1.61
sector	0.38	1.48
mutually	0.38	1.22
roles	0.38	1.07
applications	0.38	1.48
painting	0.38	1.17
library	0.38	1.42
indian	0.38	1.36
credit	0.38	1.49
screen	0.38	1.44
write	0.38	1.46
jump	0.38	1.82
commented	0.38	2.13
began	0.38	1.56
search	0.38	1.44
microsoft	0.38	1.36
deserved	0.38	1.69
10,000	0.38	1.43
12	0.38	1.40
entering	0.38	1.30
hang	0.38	1.88
meme	0.38	1.71
mentioned	0.38	2.07
eh	0.39	3.05
representation	0.39	1.05
recognition	0.39	1.36
strength	0.39	1.35
command	0.39	1.50
rob	0.39	1.64
street	0.39	1.44
seriously	0.39	3.21
source	0.39	2.31
settings	0.39	1.37
commenter	0.39	2.18
credible	0.39	2.40
iirc	0.39	1.54
employer	0.39	1.52
accomplished	0.39	1.34
abusive	0.39	1.34
lab	0.39	1.48
chicken	0.40	1.37
press	0.40	1.46
picture	0.40	1.58
comcast	0.40	1.39
bottom	0.40	1.54
touch	0.40	1.37
bots	0.40	1.67
laughed	0.40	1.66
door	0.40	1.60
looked	0.40	1.77
sandwich	0.40	1.40
boards	0.40	1.33
r/politics	0.40	1.85
teacher	0.40	1.45
fortune	0.40	1.56
glass	0.40	1.34
topics	0.40	1.70
prices	0.40	1.52
area	0.40	1.24
crash	0.40	1.37
information	0.41	2.11
forum	0.41	1.48
rice	0.41	1.35
application	0.41	1.64
hardware	0.41	1.39
pleasure	0.41	1.17
strip	0.41	1.48
teach	0.41	1.64
neck	0.41	1.43
seconds	0.41	1.83
consumer	0.41	1.42
gathering	0.41	1.42
island	0.41	1.24
replaced	0.41	1.57
incapable	0.41	1.88
transfer	0.41	1.46
yard	0.41	1.34
diamond	0.41	1.34
paycheck	0.41	1.38
cs	0.41	1.41
raising	0.41	1.42
technical	0.41	1.55
year	0.41	1.51
pounds	0.41	1.44
noticed	0.41	2.13
minutes	0.41	1.82
gross	0.41	1.88
years	0.42	1.68
master	0.42	1.45
servers	0.42	1.52
awareness	0.42	1.40
neighborhood	0.42	1.29
represented	0.42	1.16
trade	0.42	1.44
avoiding	0.42	1.61
block	0.42	1.54
desktop	0.42	1.46
ultimate	0.42	1.36
tech	0.42	1.50
16	0.42	1.40
android	0.42	1.38
linux	0.42	1.50
10	0.42	1.43
spent	0.42	1.70
fingers	0.42	1.51
bug	0.42	1.59
host	0.43	1.28
cents	0.43	1.60
bacon	0.43	1.34
fallen	0.43	1.41
importance	0.43	1.56
win	0.43	1.37
sacrifice	0.43	1.33
skilled	0.43	1.55
manager	0.43	1.49
mac	0.43	1.47
brought	0.43	1.62
earning	0.43	1.57
ruining	0.43	1.00
ages	0.43	1.34
clear	0.43	3.05
bought	0.43	1.36
track	0.43	1.63
40	0.43	1.42
accepting	0.43	1.80
pepper	0.43	1.29
functions	0.43	1.56
wood	0.43	1.38
client	0.44	1.39
contest	0.44	1.14
teeth	0.44	1.47
appears	0.44	1.61
salt	0.44	1.33
queen	0.44	1.42
flag	0.44	1.10
mexican	0.44	1.31
physically	0.44	1.57
anonymity	0.44	1.45
controversial	0.44	1.46
senior	0.44	1.47
city	0.44	1.24
household	0.44	1.22
couch	0.44	1.51
tor	0.44	1.42
cap	0.44	1.39
v	0.44	1.69
samsung	0.44	1.38
carried	0.44	1.45
couples	0.44	1.23
market	0.44	1.41
original	0.44	2.26
dropped	0.44	1.60
knight	0.45	1.10
compromise	0.45	1.33
recall	0.45	1.53
arguably	0.45	2.59
irish	0.45	1.34
moderators	0.45	1.75
participation	0.45	1.42
obscure	0.45	1.41
came	0.45	2.04
electronics	0.45	1.40
kick	0.45	1.74
forums	0.45	1.31
teachers	0.45	1.42
tools	0.45	1.68
teenage	0.45	1.28
vision	0.45	1.38
attraction	0.45	1.35
skills	0.45	1.56
scores	0.45	1.55
florida	0.45	1.29
sale	0.45	1.53
nasa	0.45	1.41
competition	0.45	1.34
24	0.45	1.43
computer	0.45	1.44
rational	0.45	1.67
above	0.46	2.19
bread	0.46	1.36
contract	0.46	1.87
confidence	0.46	1.43
paper	0.46	1.36
floor	0.46	1.45
early	0.46	1.56
hiding	0.46	1.69
reached	0.46	1.59
humanity	0.46	1.47
blah	0.46	1.41
silent	0.46	1.53
breaks	0.46	1.47
lack	0.46	1.48
printing	0.46	1.45
proposed	0.46	1.32
later	0.46	1.77
journalism	0.46	1.37
lines	0.46	1.61
origin	0.46	1.45
grilled	0.46	1.40
requirements	0.46	1.53
70	0.46	1.42
schedule	0.46	1.46
trading	0.46	1.46
actual	0.46	2.05
computers	0.47	1.43
party	0.47	1.19
expertise	0.47	1.49
ship	0.47	1.39
submitted	0.47	1.95
rent	0.47	1.43
tear	0.47	1.39
growth	0.47	1.32
advanced	0.47	1.51
customers	0.47	1.47
materials	0.47	1.46
15	0.47	1.41
store	0.47	1.38
british	0.47	1.34
below	0.47	1.93
complex	0.47	1.81
beats	0.47	1.33
hired	0.47	1.45
offers	0.47	1.66
mod	0.48	1.77
redditor	0.48	1.57
sunday	0.48	1.33
attend	0.48	1.36
13	0.48	1.39
consent	0.48	1.53
demand	0.48	1.55
cash	0.48	1.50
korean	0.48	1.46
pm	0.48	1.72
cheese	0.48	1.40
offering	0.48	1.76
purchase	0.48	1.45
partly	0.48	1.60
southern	0.48	1.32
faces	0.48	1.42
random	0.48	1.40
convention	0.48	1.51
user	0.48	1.82
dollar	0.48	1.54
comprehension	0.48	1.71
published	0.48	1.48
lessons	0.48	1.59
90	0.48	1.39
buy	0.48	1.45
shell	0.48	1.53
blog	0.48	1.80
cook	0.48	1.41
wont	0.48	2.79
background	0.49	1.36
files	0.49	1.43
wiki	0.49	1.82
45	0.49	1.50
functional	0.49	1.46
winning	0.49	1.20
backup	0.49	1.27
dying	0.49	1.70
checking	0.49	1.55
sentences	0.49	1.57
image	0.49	1.48
transgender	0.49	1.50
exchange	0.49	1.60
jokes	0.49	1.91
center	0.49	1.32
nowhere	0.49	1.76
interest	0.49	1.50
yes	0.49	3.45
strictly	0.49	1.59
speak	0.49	1.92
basing	0.49	2.86
greatly	0.49	1.50
30	0.49	1.40
dance	0.49	1.39
talent	0.50	1.48
bar	0.50	1.51
cooking	0.50	1.30
segment	0.50	1.18
beneficial	0.50	1.57
opened	0.50	1.58
heck	0.50	1.58
notes	0.50	1.21
upvote	0.50	1.89
main	0.50	1.31
forget	0.50	3.02
ate	0.50	1.37
amazon	0.50	1.31
sidebar	0.50	1.94
mods	0.51	1.81
christ	0.51	1.82
listened	0.51	1.47
projects	0.51	1.43
electricity	0.51	1.47
didnt	0.51	2.67
facebook	0.51	1.38
primary	0.51	1.47
falling	0.51	1.41
c	0.51	1.82
walked	0.51	1.59
visited	0.51	1.66
under	0.51	1.61
24/7	0.51	1.32
wikipedia	0.51	1.82
unique	0.51	1.50
experts	0.51	1.75
bullet	0.51	1.59
shy	0.52	1.85
attractiveness	0.52	1.50
wine	0.52	1.35
industry	0.52	1.29
goddamn	0.52	2.04
19	0.52	1.37
pointing	0.52	2.23
involves	0.52	1.52
14	0.52	1.39
heart	0.52	1.31
thankfully	0.52	1.48
sympathy	0.52	1.49
grocery	0.52	1.34
np	0.52	1.72
i.e	0.52	1.40
0	0.52	1.70
length	0.52	1.31
club	0.53	1.31
minute	0.53	1.68
res	0.53	1.56
iphone	0.53	1.37
card	0.53	1.40
highlight	0.53	1.53
moved	0.53	1.66
england	0.53	1.13
german	0.53	1.62
butter	0.53	1.35
add	0.53	1.44
80	0.53	1.38
htc	0.53	1.40
association	0.53	1.30
75	0.53	1.38
password	0.53	1.49
code	0.53	1.63
golden	0.53	1.51
karma	0.53	1.75
neighbors	0.53	1.33
words	0.53	2.04
trans	0.53	1.43
pages	0.53	1.64
clarify	0.53	3.05
raised	0.54	1.32
upvotes	0.54	1.81
browser	0.54	1.47
superficial	0.54	1.31
minor	0.54	1.44
hip	0.54	1.15
vs	0.54	1.42
stole	0.54	1.36
ireland	0.54	1.24
100k	0.54	1.33
reader	0.54	1.42
versions	0.54	1.39
stores	0.54	1.38
filter	0.54	1.63
stays	0.54	1.29
holding	0.54	1.46
first	0.55	1.49
confirmed	0.55	1.49
lived	0.55	1.28
managers	0.55	1.43
27	0.55	1.37
delete	0.55	1.73
price	0.55	1.53
wrote	0.55	1.60
18	0.55	1.38
room	0.55	1.63
plans	0.55	1.47
native	0.55	1.63
hunger	0.55	1.14
dark	0.55	1.15
old	0.55	1.46
earlier	0.55	1.90
posting	0.55	2.01
robot	0.55	1.48
functioning	0.55	1.46
socially	0.55	1.65
laptop	0.56	1.34
pace	0.56	1.56
product	0.56	1.44
22	0.56	1.38
music	0.56	1.18
reference	0.56	1.65
before	0.56	2.17
subject	0.56	1.70
explore	0.56	1.58
coworkers	0.56	1.25
28	0.56	1.36
field	0.56	1.41
king	0.56	1.27
value	0.56	1.83
literature	0.56	1.30
browse	0.56	1.63
flow	0.56	1.47
isp	0.56	1.29
stopping	0.56	1.72
brand	0.56	1.36
authors	0.56	1.28
sexually	0.56	1.43
extended	0.56	1.29
band	0.56	1.10
cat	0.57	1.35
french	0.57	1.63
edge	0.57	1.69
critique	0.57	1.32
competent	0.57	1.58
yellow	0.57	1.30
action	0.57	1.31
found	0.57	1.84
human	0.57	1.53
healthy	0.57	1.39
passed	0.57	1.53
26	0.57	1.36
alien	0.57	1.40
david	0.57	1.16
upgrade	0.57	1.39
totally	0.57	2.92
wasnt	0.57	1.64
browsing	0.57	1.65
dammit	0.57	2.92
summer	0.57	1.39
locked	0.57	1.52
joe	0.57	1.48
teens	0.58	1.34
economically	0.58	1.57
visible	0.58	1.48
american	0.58	1.37
articles	0.58	1.45
estimate	0.58	1.61
released	0.58	1.29
evening	0.58	1.52
service	0.58	1.47
excited	0.58	2.78
start	0.58	2.20
devices	0.58	1.36
ii	0.58	1.25
mountain	0.58	1.33
photo	0.58	1.38
profitable	0.58	1.62
flavor	0.58	1.33
commenting	0.58	2.07
doors	0.58	1.55
mouse	0.59	1.47
2000	0.59	1.51
home	0.59	1.64
subscribers	0.59	1.82
products	0.59	1.41
digital	0.59	1.24
inspired	0.59	1.26
la	0.59	1.32
boys	0.59	1.40
advertising	0.59	1.20
animal	0.59	1.37
analysis	0.59	1.77
breakdown	0.59	1.33
fruit	0.59	1.34
sometime	0.59	2.18
comic	0.60	1.00
kept	0.60	1.99
cast	0.60	1.34
freak	0.60	1.86
17	0.60	1.37
wasted	0.60	1.38
20	0.60	1.41
started	0.60	1.97
eaten	0.60	1.60
stars	0.60	1.16
account	0.60	1.56
papers	0.60	1.39
female	0.60	1.21
fucking	0.60	2.42
accent	0.60	1.46
paragraphs	0.60	1.57
deleting	0.60	1.73
receive	0.60	1.49
foot	0.61	1.47
pun	0.61	1.86
edgy	0.61	1.70
raise	0.61	1.28
moments	0.61	1.63
russian	0.61	1.65
sum	0.61	1.71
color	0.61	1.60
battles	0.61	1.32
joined	0.61	1.40
imgur	0.61	1.53
spoke	0.62	1.62
subreddit	0.62	1.88
models	0.62	1.50
solid	0.62	1.46
opening	0.62	1.34
sites	0.62	1.30
closed	0.62	1.56
21	0.62	1.36
galaxy	0.62	1.21
shape	0.62	1.70
saved	0.62	1.72
x	0.62	1.71
engineers	0.62	1.37
throughout	0.62	1.12
automation	0.62	1.52
defaults	0.63	1.87
hunting	0.63	1.46
ends	0.63	1.65
b	0.63	1.95
capacity	0.63	1.46
medium	0.63	1.37
return	0.63	1.70
ears	0.63	1.47
fame	0.63	1.22
default	0.63	1.86
quote	0.63	2.13
arrived	0.63	1.44
parent	0.63	1.26
eye	0.63	1.35
networks	0.63	1.22
download	0.63	1.25
tits	0.63	1.34
manner	0.63	1.73
growing	0.64	1.31
motivated	0.64	1.33
logically	0.64	3.26
transactions	0.64	1.53
participate	0.64	1.53
400	0.64	1.39
prefer	0.64	1.82
happily	0.64	1.66
shut	0.64	1.85
text	0.64	1.55
enter	0.64	1.73
internet	0.64	1.25
eyes	0.64	1.53
article	0.64	1.75
chances	0.65	1.46
stock	0.65	1.38
had	0.65	2.19
engineer	0.65	1.45
subreddits	0.65	1.87
rich	0.65	1.27
busy	0.65	2.09
chinese	0.65	1.62
websites	0.65	1.33
rain	0.65	1.20
r/funny	0.65	1.88
aid	0.65	1.58
moon	0.65	1.53
keeps	0.65	1.75
strong	0.65	1.34
graphics	0.65	1.32
porn	0.65	1.20
memory	0.66	1.31
author	0.66	1.34
canadian	0.66	1.41
internal	0.66	1.34
success	0.66	1.49
written	0.66	1.30
submissions	0.66	1.94
yesterday	0.66	1.83
adopted	0.66	1.27
greek	0.66	1.53
colleges	0.66	1.39
face	0.66	1.43
typed	0.66	1.64
punch	0.66	1.70
stuff	0.66	2.38
mid	0.66	1.40
site	0.67	1.44
instructions	0.67	1.54
songs	0.67	1.08
studio	0.67	1.34
section	0.67	1.80
thread	0.67	2.20
posted	0.67	2.07
signing	0.67	1.47
linked	0.67	2.16
focused	0.68	1.33
won	0.68	1.25
grew	0.68	1.34
rock	0.68	1.09
randomly	0.68	1.44
adults	0.68	1.35
halfway	0.68	1.31
contributing	0.68	1.53
mining	0.68	1.46
button	0.68	1.50
fixing	0.68	2.16
stayed	0.68	1.55
currency	0.68	1.53
hopes	0.68	1.34
foundation	0.69	1.31
kitchen	0.69	1.50
capable	0.69	1.56
r/thathappened	0.69	1.80
nights	0.69	1.60
guarantee	0.69	2.01
journey	0.69	1.29
mine	0.69	1.28
incredible	0.69	1.83
brief	0.69	1.54
friendship	0.69	1.27
update	0.69	1.40
60	0.69	1.41
suspicious	0.69	2.52
upvoted	0.69	2.01
click	0.70	1.63
legs	0.70	1.48
recommended	0.70	1.33
perfectly	0.70	2.00
suppose	0.70	3.07
peer	0.70	1.53
recognized	0.70	1.37
luxury	0.70	1.32
links	0.70	1.85
lesson	0.70	1.57
join	0.70	1.40
relax	0.70	1.40
cards	0.70	1.35
artist	0.70	1.18
shown	0.70	1.72
attractive	0.71	1.60
returned	0.71	1.49
michael	0.71	1.22
age	0.71	1.36
network	0.71	1.24
se	0.71	1.59
feet	0.71	1.54
20s	0.71	1.37
pie	0.71	1.31
missing	0.71	3.16
guess	0.71	3.31
attracted	0.71	1.56
double	0.71	1.52
fair	0.71	2.95
nerd	0.72	1.22
achieved	0.72	1.41
35	0.72	1.39
candy	0.72	1.29
front	0.72	1.86
n	0.72	1.88
profession	0.72	1.24
post	0.72	2.18
got	0.72	2.12
comments	0.72	2.03
checked	0.72	1.60
score	0.73	1.49
creepy	0.73	1.92
table	0.73	1.48
station	0.73	1.16
inside	0.73	1.38
whose	0.73	1.36
shop	0.73	1.32
connections	0.73	1.15
spends	0.73	2.44
paint	0.73	1.17
serve	0.73	1.51
learned	0.73	1.95
bat	0.73	1.32
lost	0.73	1.39
song	0.74	1.15
beings	0.74	1.58
vacation	0.74	1.48
offered	0.74	1.53
goods	0.74	1.57
mile	0.74	1.53
deaf	0.74	1.61
gym	0.74	1.38
spanish	0.74	1.70
posts	0.74	1.99
harmless	0.74	1.52
informed	0.74	1.80
pointed	0.75	2.25
chris	0.75	1.18
soldier	0.75	1.35
house	0.75	1.50
project	0.75	1.47
deleted	0.75	2.03
keys	0.75	1.53
realizing	0.75	1.67
assuming	0.75	3.59
snow	0.75	1.37
hook	0.75	1.36
interview	0.76	1.28
cup	0.76	1.20
finish	0.76	1.68
isnt	0.76	1.90
bedroom	0.76	1.52
celebrity	0.76	1.45
gilded	0.76	1.97
producing	0.76	1.23
clean	0.76	1.52
g	0.76	1.85
comment	0.76	2.17
un	0.77	1.40
honest	0.77	2.51
website	0.77	1.53
reveal	0.77	1.25
challenging	0.77	1.84
clubs	0.77	1.32
finished	0.77	1.54
linking	0.77	1.96
hopefully	0.77	2.19
platform	0.77	1.35
speaker	0.77	1.90
april	0.77	1.43
funny	0.78	2.94
becoming	0.78	1.57
tea	0.78	1.34
languages	0.78	1.89
reliable	0.78	1.74
language	0.78	2.00
hollywood	0.78	1.01
provides	0.78	1.53
transaction	0.78	1.49
beauty	0.78	1.21
bitcoins	0.78	1.52
deep	0.78	1.60
after	0.78	1.82
ring	0.79	1.37
offense	0.79	1.70
recently	0.79	2.07
stations	0.79	1.14
name	0.79	1.45
saving	0.79	1.49
beat	0.79	1.61
potter	0.79	0.98
meta	0.79	1.78
bathroom	0.79	1.44
dedicated	0.79	2.01
summary	0.79	1.73
guy	0.79	1.80
communication	0.80	1.41
super	0.80	1.98
brothers	0.80	1.33
valid	0.80	2.96
mode	0.80	1.64
repost	0.80	1.94
open	0.80	1.61
anonymous	0.80	1.37
matches	0.80	1.10
dead	0.80	1.43
removed	0.80	1.87
album	0.80	1.09
lord	0.81	1.31
deeper	0.81	1.67
families	0.81	1.20
crowd	0.81	1.26
john	0.81	1.16
secure	0.81	1.44
drama	0.81	2.12
submit	0.82	1.84
latest	0.82	1.23
apartment	0.82	1.52
ugly	0.82	1.68
mechanical	0.82	1.42
r	0.83	1.96
neutral	0.83	1.49
fat	0.83	1.58
novel	0.83	1.06
dates	0.83	1.36
younger	0.83	1.31
employed	0.83	1.48
naked	0.83	1.49
irony	0.83	1.74
intelligence	0.83	1.43
date	0.83	1.49
australian	0.84	1.44
celebrities	0.84	1.19
body	0.84	1.39
bitcoin	0.84	1.57
f	0.84	1.85
ice	0.84	1.23
distribution	0.84	1.08
imagination	0.84	1.50
w	0.84	1.68
23	0.85	1.28
valve	0.85	1.29
alot	0.85	1.32
crush	0.85	1.52
teen	0.85	1.19
cold	0.85	1.30
pirate	0.85	1.41
technically	0.86	3.27
e	0.86	1.86
books	0.86	1.12
enjoying	0.86	1.44
balanced	0.86	1.41
factual	0.86	3.32
tap	0.87	1.29
rome	0.87	1.33
constructive	0.87	1.50
engaged	0.87	1.36
memories	0.87	2.47
discussion	0.87	1.95
commercial	0.87	1.19
unlikely	0.87	2.00
copy	0.87	1.64
tldr	0.87	1.23
threads	0.87	1.93
accessible	0.87	1.26
steam	0.87	1.23
familiar	0.87	2.79
arts	0.88	1.36
characters	0.88	1.34
troll	0.88	2.18
buddies	0.88	1.39
submission	0.88	1.94
romantic	0.88	1.28
online	0.88	1.13
farm	0.88	1.48
his/her	0.88	1.30
given	0.88	2.42
blew	0.89	1.62
developer	0.89	1.39
earned	0.89	1.41
book	0.89	1.11
citation	0.89	2.03
milk	0.89	1.33
conscious	0.90	1.74
accidentally	0.90	1.61
consoles	0.90	1.55
whom	0.90	1.36
stops	0.90	1.50
pocket	0.90	1.54
r/bestof	0.90	2.04
usd	0.90	1.54
writing	0.90	1.31
audience	0.91	1.16
providing	0.91	1.61
water	0.91	1.33
activities	0.91	1.38
ever	0.91	3.13
career	0.91	1.30
prepared	0.91	1.98
honesty	0.92	1.50
land	0.92	1.31
enterprise	0.92	1.20
le	0.92	1.77
btc	0.92	1.55
girls	0.92	1.51
development	0.92	1.21
rarely	0.93	1.49
r/askhistorians	0.93	1.84
films	0.93	1.03
engage	0.93	1.52
role	0.93	1.06
rings	0.93	1.07
standard	0.93	1.37
valuable	0.93	1.67
james	0.93	1.03
straight	0.93	1.89
genre	0.93	1.00
magical	0.93	1.41
news	0.93	1.19
cable	0.93	1.15
prime	0.94	1.35
release	0.94	1.38
subscribed	0.94	1.75
woman	0.94	1.50
readers	0.94	1.23
staying	0.94	1.58
safety	0.94	1.55
parties	0.94	1.29
formal	0.94	1.80
fox	0.95	1.14
emotionally	0.95	1.55
coins	0.95	1.53
match	0.95	1.09
dating	0.95	1.44
educated	0.95	1.55
adult	0.95	1.28
magic	0.95	1.16
t	0.95	1.89
ads	0.95	1.12
check	0.95	1.88
worthwhile	0.95	1.73
empathy	0.95	1.50
famous	0.96	1.00
spirit	0.96	1.23
enjoyable	0.96	1.76
tonight	0.96	1.98
ball	0.96	1.21
young	0.96	1.30
xbox	0.97	1.26
software	0.97	1.41
cream	0.97	1.28
ladies	0.97	1.50
page	0.97	1.91
bay	0.97	1.14
lets	0.97	2.28
discourse	0.97	1.57
joke	0.97	2.18
herself	0.98	1.74
bulk	0.98	1.24
25	0.98	1.40
told	0.98	1.85
named	0.98	1.25
exciting	0.98	2.19
art	0.99	1.31
tag	0.99	1.51
honor	0.99	1.25
dont	0.99	2.80
twist	0.99	1.31
fyi	1.00	1.63
developers	1.00	1.36
story	1.00	1.81
vagina	1.00	1.44
ms	1.00	1.50
boss	1.00	1.60
creative	1.00	1.42
translate	1.00	1.96
pc	1.01	1.20
aware	1.01	2.82
wallet	1.01	1.54
conversations	1.02	1.58
topic	1.02	1.75
last	1.02	1.62
broke	1.02	1.61
web	1.02	1.38
depends	1.02	2.63
content	1.02	1.90
updated	1.02	1.64
train	1.03	1.54
partner	1.03	1.32
gamer	1.03	1.09
useful	1.03	1.87
politically	1.03	2.76
spoken	1.04	1.73
enjoyed	1.04	2.14
gif	1.04	1.40
profile	1.04	1.58
planning	1.04	1.42
heat	1.04	1.22
acceptable	1.04	2.55
guys	1.04	1.69
comics	1.04	0.96
note	1.04	2.07
explanation	1.04	1.96
console	1.05	1.18
dae	1.05	2.00
confusing	1.05	2.59
george	1.05	1.28
olympics	1.06	1.21
dialogue	1.06	1.17
youre	1.06	2.29
contracts	1.07	1.48
powerful	1.07	1.11
gamers	1.07	1.07
script	1.07	1.15
dudes	1.07	1.71
division	1.07	1.24
meeting	1.07	1.30
comedy	1.07	1.02
relationships	1.08	1.25
tight	1.08	1.73
500	1.08	1.50
english	1.08	2.08
owns	1.08	2.47
style	1.09	1.28
park	1.09	1.21
mutual	1.09	1.32
surprise	1.09	1.12
intimate	1.09	1.50
tall	1.10	1.52
300	1.10	1.49
pussy	1.10	2.13
plot	1.11	1.11
neighbor	1.11	1.48
grown	1.11	1.40
o	1.12	1.95
paragraph	1.12	1.72
older	1.12	1.38
joking	1.12	2.67
someday	1.12	2.19
cute	1.13	1.86
dated	1.13	1.34
steve	1.13	1.25
finally	1.13	1.86
contribution	1.13	1.59
enjoyment	1.13	1.21
keyboard	1.13	1.43
saw	1.13	1.67
fiction	1.14	1.01
boot	1.14	1.42
discussions	1.14	1.68
hilarious	1.14	2.71
quarter	1.14	1.53
detailed	1.14	1.60
critical	1.14	2.74
knew	1.14	2.38
monopoly	1.15	1.24
plays	1.15	1.12
cheated	1.15	1.75
guide	1.15	1.14
weekend	1.16	1.42
100	1.16	1.49
writers	1.16	1.60
convinced	1.16	2.24
reply	1.16	2.14
satisfied	1.17	2.60
pursue	1.17	1.34
hair	1.17	1.77
spell	1.18	2.32
conversation	1.18	1.78
beginning	1.18	1.63
please	1.18	2.75
showing	1.19	1.47
bond	1.19	0.94
cheat	1.19	1.57
reminds	1.20	0.95
writer	1.20	1.11
fan	1.20	1.00
delicious	1.20	1.41
irl	1.21	1.57
title	1.21	2.28
actors	1.22	0.98
sauce	1.22	1.41
chat	1.22	1.18
sexy	1.22	1.44
productive	1.22	1.54
1000	1.22	1.51
kid	1.22	1.52
link	1.22	1.99
odds	1.22	1.48
coffee	1.22	1.20
relationship	1.22	1.23
keeping	1.22	1.58
da	1.22	1.83
riot	1.22	1.31
presenting	1.22	2.87
end	1.23	2.01
sarcasm	1.23	1.90
presents	1.23	1.33
meh	1.23	2.00
cared	1.23	2.12
childhood	1.24	1.20
meet	1.24	1.59
secret	1.24	1.19
250	1.25	1.50
mark	1.25	1.48
behalf	1.25	1.33
200	1.26	1.50
stream	1.26	1.07
150	1.26	1.50
gaming	1.26	1.08
suggestions	1.27	1.78
skinny	1.27	1.53
shower	1.27	1.58
kiss	1.27	1.33
honey	1.27	1.43
sentence	1.27	2.04
mature	1.27	1.55
skin	1.28	1.65
worthy	1.28	2.19
whore	1.28	1.65
commentary	1.28	1.54
partners	1.28	1.26
discover	1.29	1.39
50	1.29	1.51
glasses	1.30	1.58
birth	1.30	1.48
streaming	1.31	1.10
channels	1.31	1.12
dan	1.31	1.30
intentional	1.31	2.70
children	1.31	1.48
k	1.31	2.08
whats	1.32	1.92
assure	1.32	2.90
clicked	1.32	1.81
ended	1.32	1.87
fell	1.33	1.37
clever	1.33	1.77
unbelievable	1.33	2.24
sane	1.33	1.36
meaningful	1.33	1.52
proud	1.33	2.85
fresh	1.33	1.38
p	1.33	2.08
peaceful	1.33	1.26
dreams	1.34	1.15
netflix	1.34	1.12
film	1.34	1.02
pregnant	1.35	1.49
depth	1.35	1.62
batman	1.35	1.03
added	1.35	1.78
legally	1.37	2.82
criteria	1.38	2.27
stopped	1.38	2.18
gifts	1.38	1.22
weird	1.38	2.64
agreed	1.38	2.31
correctly	1.39	2.89
together	1.39	1.72
she	1.39	1.73
seasons	1.39	2.18
heroes	1.39	1.13
classic	1.39	1.45
chick	1.40	1.61
series	1.40	1.63
child	1.40	1.53
interested	1.41	2.45
enemies	1.41	1.94
realized	1.42	2.34
baby	1.42	1.49
born	1.42	1.27
girl	1.42	1.49
actor	1.42	0.96
usage	1.43	2.78
wait	1.44	2.31
congratulations	1.44	1.76
sincerely	1.44	1.80
final	1.44	2.08
shopping	1.44	1.51
offer	1.44	2.44
fantasy	1.44	0.99
anyways	1.44	2.26
chess	1.45	1.07
videos	1.45	1.07
passionate	1.45	2.32
talked	1.45	2.18
indeed	1.46	2.20
satisfying	1.46	1.79
looks	1.46	2.05
fuck	1.46	2.45
roommate	1.46	1.58
hidden	1.46	2.26
hero	1.47	0.93
shared	1.47	1.78
marry	1.47	1.67
kids	1.47	1.53
titles	1.48	1.29
entertainment	1.48	1.07
bestof	1.48	2.76
commercials	1.48	1.20
nuanced	1.49	1.67
short	1.49	1.14
strangers	1.49	1.34
top	1.49	2.76
respected	1.49	1.85
info	1.49	1.74
episodes	1.49	2.13
video	1.50	1.08
unidan	1.51	1.99
lady	1.51	1.41
trek	1.52	1.26
coincidence	1.52	2.33
omg	1.52	2.20
hot	1.53	1.54
athletes	1.53	1.06
hockey	1.53	1.07
hat	1.53	1.63
insight	1.54	1.69
quality	1.54	2.58
gear	1.54	1.51
special	1.55	1.96
movies	1.55	1.10
television	1.55	1.40
doge	1.55	1.67
harry	1.55	1.75
professional	1.55	1.09
reminded	1.55	1.62
youtube	1.56	1.10
gift	1.56	1.15
remind	1.56	2.06
dies	1.56	2.01
visiting	1.56	1.47
boy	1.57	1.62
invited	1.57	1.36
careful	1.57	2.16
ex	1.58	1.70
material	1.58	2.54
boobs	1.58	1.56
santa	1.59	1.14
hobby	1.60	1.16
happier	1.61	2.28
expressing	1.62	1.74
im	1.62	2.49
knowledgeable	1.62	1.79
compelling	1.62	1.83
star	1.62	1.21
his	1.62	1.73
documentary	1.62	1.27
team	1.63	1.04
accurate	1.63	2.27
intelligent	1.63	1.65
fashion	1.63	1.64
game	1.64	1.04
edited	1.64	2.37
engaging	1.64	1.38
her	1.64	1.71
spouse	1.64	1.55
cheating	1.64	1.68
dream	1.64	0.97
damn	1.65	2.89
apologize	1.65	2.58
na	1.65	2.57
bang	1.65	1.53
missed	1.66	2.32
dogecoin	1.66	1.62
yo	1.67	2.11
parents	1.67	1.59
definitely	1.68	3.01
fits	1.68	1.61
coin	1.68	1.64
respectful	1.68	1.57
speaking	1.68	2.74
dota	1.69	1.20
verify	1.69	1.71
typing	1.69	1.88
mainly	1.69	1.84
gold	1.69	1.85
wan	1.70	2.33
fortunately	1.70	1.49
basketball	1.70	1.02
gf	1.70	1.53
good	1.70	2.44
family	1.70	1.64
fit	1.71	1.54
football	1.71	1.08
bot	1.72	1.71
channel	1.72	1.24
tv	1.73	1.24
hmm	1.73	2.38
friend	1.73	1.63
friends	1.73	1.21
boyfriend	1.73	1.63
m8	1.73	1.86
son	1.74	1.61
impressive	1.74	2.20
close	1.75	1.94
translation	1.75	2.66
suck	1.75	2.51
divorce	1.76	1.75
soul	1.77	1.68
daughter	1.77	1.71
soccer	1.77	1.05
yep	1.77	2.38
eli5	1.77	1.88
movie	1.78	1.20
girlfriend	1.78	1.67
trust	1.78	2.69
player	1.78	1.01
teams	1.79	1.06
dad	1.79	1.74
u	1.80	2.17
wife	1.80	1.74
father	1.80	1.76
play	1.80	1.00
alive	1.80	1.96
ai	1.80	1.98
insightful	1.81	1.63
caring	1.82	1.56
compassion	1.83	1.84
husband	1.83	1.73
viewers	1.84	1.82
episode	1.84	2.42
barney	1.84	2.56
died	1.84	2.29
normal	1.84	1.70
married	1.85	1.77
nope	1.85	2.36
gon	1.85	2.50
baseball	1.85	1.01
stats	1.85	1.62
verified	1.85	1.64
hope	1.86	2.46
christmas	1.87	1.11
brother	1.87	1.58
living	1.87	1.92
shirt	1.87	1.74
em	1.87	2.18
pants	1.88	1.76
clothing	1.88	1.75
wording	1.88	2.80
ta	1.88	2.35
makeup	1.88	1.67
tom	1.89	1.83
yup	1.89	2.12
ftfy	1.89	1.71
pro	1.90	1.09
tie	1.90	1.52
clothes	1.91	1.76
proper	1.91	2.06
competitive	1.93	1.09
sister	1.93	1.63
lt	1.94	1.78
jeans	1.94	1.75
forgive	1.94	2.83
watching	1.94	1.35
played	1.94	1.06
games	1.94	1.00
joy	1.95	1.74
relevant	1.95	2.20
suit	1.95	1.74
mistakes	1.95	2.84
watched	1.96	2.08
til	1.96	1.94
pair	1.96	1.50
nfl	1.96	1.00
nba	1.97	1.01
huh	1.97	2.32
fascinating	1.97	2.07
error	1.98	2.75
sport	1.98	1.04
favorite	1.99	1.86
season	1.99	2.38
mistake	1.99	2.67
trap	1.99	1.73
thoughtful	2.00	1.63
grandmother	2.00	1.67
freaking	2.01	1.79
grammar	2.01	2.88
sports	2.01	1.00
errors	2.01	2.83
cousin	2.01	1.62
ted	2.02	2.46
wishes	2.02	2.14
divorced	2.03	1.90
kidding	2.03	2.30
league	2.03	1.05
scene	2.03	1.54
swear	2.03	1.66
players	2.03	1.01
forgot	2.04	2.17
design	2.04	1.84
entertaining	2.04	1.87
tho	2.05	2.11
hoping	2.05	1.84
adventure	2.06	1.46
grandma	2.06	1.55
cologne	2.06	2.09
fuckin	2.07	2.20
playing	2.07	0.98
nonetheless	2.07	1.31
met	2.07	2.09
theirs	2.08	1.64
successful	2.08	1.78
yay	2.08	1.66
u/dogetipbot	2.09	1.67
voice	2.09	1.68
character	2.11	1.76
wtf	2.12	2.19
mom	2.13	2.28
bet	2.13	2.40
uncle	2.13	2.23
revealed	2.14	1.74
informative	2.14	1.56
beautiful	2.15	1.74
confident	2.15	2.05
watch	2.15	1.18
safe	2.15	1.94
smart	2.17	1.98
planned	2.18	1.39
fancy	2.19	1.94
mr	2.20	1.47
fedora	2.21	1.74
mate	2.21	2.06
bud	2.21	2.15
nah	2.21	2.30
alright	2.21	2.34
congrats	2.21	1.92
genius	2.22	1.86
sorry	2.22	2.29
yea	2.23	2.39
yeah	2.23	2.59
wedding	2.24	2.25
um	2.24	1.90
financially	2.25	1.69
hah	2.25	1.90
mother	2.25	2.33
typo	2.26	2.56
sigh	2.26	2.07
dear	2.28	1.59
fixed	2.29	2.06
neat	2.30	1.89
excellent	2.30	1.65
respect	2.30	1.86
apologies	2.30	2.45
bro	2.31	2.24
ya	2.32	2.27
spelling	2.32	2.67
luck	2.33	2.02
smile	2.34	1.87
okay	2.35	2.56
lucky	2.35	2.05
tips	2.35	1.74
checks	2.35	1.35
sharing	2.36	1.52
corrected	2.36	2.47
bridge	2.37	1.77
whoa	2.38	2.00
director	2.38	1.59
scenes	2.39	1.13
heh	2.39	2.16
thats	2.39	2.41
appreciated	2.40	1.31
idk	2.41	2.03
genuine	2.42	1.64
ha	2.42	2.15
stranger	2.42	1.47
uh	2.44	2.24
wat	2.44	1.92
recommend	2.44	1.41
perfect	2.44	1.35
tale	2.45	1.31
fulfilling	2.45	1.71
hahaha	2.46	2.17
stable	2.46	1.79
hobbies	2.47	1.49
hi	2.47	1.79
appreciate	2.48	1.61
tip	2.48	1.67
holy	2.50	2.11
beach	2.50	1.75
curiosity	2.55	1.59
nicely	2.58	1.75
sir	2.58	1.96
worries	2.59	1.95
dude	2.60	2.23
great	2.60	1.34
dressed	2.60	1.84
polite	2.61	1.80
ok	2.62	2.39
quiet	2.62	1.84
peace	2.63	1.55
passion	2.64	1.52
dress	2.66	1.94
wearing	2.66	1.94
man	2.67	2.09
hug	2.67	1.48
fellow	2.68	1.74
glad	2.68	2.17
interesting	2.69	1.73
kindness	2.71	1.56
wear	2.71	1.91
shoes	2.73	1.91
epic	2.75	1.56
pleasant	2.76	1.72
robin	2.80	2.22
dev	2.80	1.82
lol	2.81	2.18
warm	2.81	1.51
oh	2.81	2.20
comfortable	2.85	1.84
show	2.85	2.14
haha	2.86	2.15
shows	2.87	1.56
rip	2.88	1.42
showed	2.90	2.04
miss	2.90	1.82
username	2.91	1.99
cake	2.94	1.45
ah	2.95	2.11
friendly	2.95	1.63
buddy	2.97	2.10
wish	2.98	1.98
chill	2.99	1.76
helpful	2.99	1.67
hello	2.99	1.65
welcome	2.99	1.92
calm	3.01	1.60
humble	3.02	1.77
cheers	3.03	2.02
birthday	3.04	1.44
wow	3.04	2.00
btw	3.07	1.86
edit	3.08	2.02
thanks	3.10	1.93
loving	3.11	1.32
fun	3.18	1.59
grateful	3.19	1.80
cool	3.21	1.79
fans	3.23	1.68
badass	3.24	1.52
brave	3.28	1.77
hey	3.31	2.01
enjoy	3.39	1.21
favourite	3.43	0.90
brilliant	3.43	0.73
lovely	3.51	0.66
thank	3.51	1.76
sweet	3.53	1.50
wonderful	3.82	0.63
generous	3.88	1.52
