shitty	-7.23	1.74
ending	-6.96	1.91
suck	-6.71	1.58
runners	-6.45	2.95
evil	-5.96	2.31
tourists	-5.84	2.70
complain	-5.78	2.98
swapped	-5.52	3.30
everywhere	-5.33	2.44
lifting	-5.31	3.32
rash	-5.04	3.61
leads	-4.98	2.94
recall	-4.96	2.90
slippery	-4.96	3.71
poor	-4.91	2.39
airport	-4.88	3.25
fails	-4.87	2.91
toronto	-4.85	3.12
sucked	-4.80	2.46
ftfy	-4.74	2.64
crappy	-4.72	2.66
headwind	-4.63	2.72
nightmare	-4.63	2.19
dicks	-4.58	3.06
literally	-4.56	2.84
happens	-4.55	3.14
haters	-4.42	3.22
ugly	-4.32	2.34
encountered	-4.31	3.12
brutal	-4.30	2.50
cyclists	-4.30	3.54
cancer	-4.27	3.08
instant	-4.21	2.68
preferred	-4.20	2.87
meet	-4.19	3.32
triathletes	-4.17	3.60
scenario	-4.16	3.09
fixies	-4.16	3.75
dealt	-4.14	3.15
tend	-4.05	3.59
worse	-4.02	2.85
spirit	-3.95	3.05
case	-3.93	3.32
hipsters	-3.90	3.56
anger	-3.88	3.27
consistent	-3.87	2.99
wondered	-3.85	3.03
deserves	-3.84	2.91
entitled	-3.82	3.46
tells	-3.81	3.58
sometimes	-3.81	3.84
idiots	-3.77	3.49
minority	-3.76	3.60
piss	-3.71	3.43
insist	-3.68	3.34
forget	-3.54	3.75
dumb	-3.50	2.32
regret	-3.48	3.57
reputation	-3.45	3.05
attitude	-3.43	3.23
swim	-3.40	3.40
assholes	-3.38	3.47
hipster	-3.38	3.61
bite	-3.35	3.10
dislike	-3.33	3.08
prefer	-3.32	3.34
wonder	-3.31	3.85
human	-3.28	3.43
ridiculous	-3.21	2.36
cares	-3.21	3.03
remind	-3.17	3.35
terms	-3.16	2.77
cry	-3.14	3.15
amongst	-3.13	3.61
direction	-3.11	4.89
strange	-3.09	2.50
sees	-3.07	3.73
deserve	-3.06	3.29
bikers	-3.00	2.52
pos	-2.99	1.51
born	-2.98	3.30
fault	-2.97	4.66
thinks	-2.96	3.85
walmart	-2.88	1.65
beater	-2.88	1.62
cheapo	-2.81	1.68
opposite	-2.78	5.19
rage	-2.76	3.27
insult	-2.71	3.31
world	-2.68	3.81
odd	-2.63	2.96
department	-2.54	1.61
impression	-2.53	3.84
hello	-2.51	2.98
sorta	-2.51	3.28
motorists	-2.42	2.81
boyfriend	-2.39	4.02
bso	-2.37	1.57
ugh	-2.36	2.43
realise	-2.34	4.95
poorly	-2.33	1.83
confusing	-2.33	2.79
absurd	-2.32	2.64
bitch	-2.25	2.97
generic	-2.24	1.59
part	-2.22	3.36
believe	-2.21	5.41
commuters	-2.18	2.31
yay	-2.17	2.77
belong	-2.16	3.01
hardest	-2.16	3.64
disagree	-2.15	4.34
fixie	-2.12	2.58
lying	-2.09	4.83
justified	-2.09	4.65
clearly	-2.09	4.90
bicyclists	-2.08	2.51
nicest	-2.07	3.45
faces	-2.06	3.17
pretend	-2.04	3.18
worlds	-2.00	3.34
randomly	-1.99	1.90
said	-1.95	5.03
drivers	-1.94	2.60
users	-1.93	2.36
respect	-1.91	2.20
pedestrians	-1.90	2.26
people	-1.90	3.16
amsterdam	-1.90	1.80
seemed	-1.90	3.14
missing	-1.89	3.65
fail	-1.89	2.39
roadies	-1.89	2.66
affected	-1.89	2.01
unfortunately	-1.88	2.58
weird	-1.88	2.80
stole	-1.88	1.54
popular	-1.87	3.10
matter	-1.87	5.29
where	-1.86	5.35
bloody	-1.85	2.50
dick	-1.83	2.20
assume	-1.82	5.42
nothing	-1.81	5.24
falls	-1.81	1.90
what	-1.78	5.43
customers	-1.78	2.31
coaster	-1.78	2.47
story	-1.77	2.98
cringe	-1.76	2.73
bad	-1.76	2.78
mentality	-1.76	2.64
obviously	-1.76	4.57
saying	-1.73	5.27
ignore	-1.73	2.56
ignorant	-1.72	2.10
re	-1.72	5.33
stupidity	-1.72	1.90
mean	-1.69	5.34
soul	-1.68	2.48
conversion	-1.68	2.40
majority	-1.67	2.65
normally	-1.67	3.41
because	-1.67	5.36
happen	-1.67	4.14
doing	-1.66	5.27
accident	-1.66	2.83
think	-1.65	5.32
either	-1.65	5.37
brakeless	-1.63	2.44
douche	-1.62	2.08
mongoose	-1.62	1.68
clue	-1.62	4.71
something	-1.60	5.30
die	-1.59	3.26
blaming	-1.59	2.20
unless	-1.58	5.30
penny	-1.57	1.89
cruisers	-1.57	1.98
exactly	-1.56	5.07
cases	-1.56	2.51
fixed	-1.56	2.33
happening	-1.56	3.01
clarify	-1.52	4.83
single	-1.52	2.28
remember	-1.51	3.91
crashes	-1.51	2.59
sarcastic	-1.51	4.02
triathlon	-1.50	2.66
act	-1.50	2.17
uncommon	-1.50	1.73
frequently	-1.49	2.47
crash	-1.49	2.67
athletes	-1.48	2.06
cheap	-1.48	1.84
stupid	-1.48	2.17
elevation	-1.48	1.77
singlespeed	-1.48	2.26
rarely	-1.48	2.67
else	-1.47	4.03
incidents	-1.46	2.73
insane	-1.46	2.49
dogs	-1.46	1.86
abuse	-1.45	1.65
injuries	-1.45	2.48
situations	-1.45	2.74
marathon	-1.44	2.03
single-speed	-1.44	2.24
fancy	-1.43	1.90
students	-1.42	1.77
ss	-1.42	2.24
bother	-1.41	4.32
overkill	-1.41	2.99
agree	-1.41	4.92
due	-1.40	1.97
incline	-1.40	1.74
ankle	-1.39	2.30
describe	-1.39	2.93
motorist	-1.39	2.79
understand	-1.39	4.68
math	-1.39	2.76
geared	-1.37	2.29
supposed	-1.37	5.00
involved	-1.37	2.59
pointless	-1.36	2.06
fighting	-1.36	1.51
usually	-1.36	4.00
nobody	-1.36	3.36
greatest	-1.35	2.51
life	-1.35	2.24
sucks	-1.34	2.33
inevitable	-1.34	2.42
acting	-1.34	2.31
injury	-1.33	2.45
deaths	-1.33	2.51
decides	-1.33	2.50
blame	-1.33	2.57
survive	-1.33	2.01
liability	-1.32	2.56
uphill	-1.32	1.80
bone	-1.32	2.26
stock	-1.30	2.16
behave	-1.30	2.53
failed	-1.30	2.29
concussion	-1.30	2.33
realistically	-1.30	3.42
rains	-1.29	2.03
among	-1.29	2.55
vast	-1.29	2.55
subtle	-1.29	2.39
flop	-1.29	2.79
millions	-1.28	2.24
cyclist	-1.28	2.77
broken	-1.27	2.31
surgery	-1.27	2.39
elbow	-1.27	2.32
bicyclist	-1.27	2.81
shoulder	-1.26	2.65
collisions	-1.26	2.53
basically	-1.25	4.01
huffy	-1.25	1.76
riders	-1.25	2.43
wrist	-1.24	2.34
amazed	-1.24	2.37
explain	-1.24	4.05
convince	-1.24	3.20
imagine	-1.23	4.68
culture	-1.23	2.35
accidents	-1.23	2.76
granted	-1.23	2.09
care	-1.23	4.74
severe	-1.23	2.41
dirty	-1.23	1.72
obey	-1.23	2.47
useless	-1.23	1.64
collision	-1.22	2.81
whether	-1.22	4.23
suffer	-1.22	2.31
wal-mart	-1.22	1.86
knee	-1.21	2.40
avoided	-1.21	3.13
female	-1.21	2.22
situation	-1.21	3.52
reverse	-1.21	2.42
express	-1.20	2.43
dont	-1.20	4.28
lack	-1.20	1.77
wreck	-1.20	2.72
result	-1.19	2.57
dozens	-1.19	2.57
failure	-1.19	2.33
thousands	-1.19	2.71
mindset	-1.19	2.30
hip	-1.19	2.28
talking	-1.18	4.86
about	-1.18	4.54
percentage	-1.18	2.44
anymore	-1.17	4.51
stores	-1.17	2.22
statements	-1.17	2.63
wondering	-1.17	4.66
cracked	-1.17	2.29
ignoring	-1.17	2.71
suffered	-1.17	2.31
manage	-1.17	3.21
punishment	-1.17	2.19
cars	-1.17	2.51
guarantee	-1.16	2.52
convert	-1.16	2.21
anything	-1.16	4.71
now	-1.15	4.95
5k	-1.15	2.29
exist	-1.15	3.90
knows	-1.15	3.50
why	-1.15	4.75
bmx	-1.14	2.12
who	-1.14	2.84
slap	-1.14	2.05
bothered	-1.14	3.81
drives	-1.14	1.75
male	-1.14	2.08
country	-1.13	2.67
tell	-1.13	4.39
criminal	-1.13	2.43
did	-1.12	4.67
us	-1.12	3.06
occur	-1.12	2.80
brooklyn	-1.12	2.13
hundreds	-1.12	2.73
unfortunate	-1.12	2.56
contribute	-1.12	2.55
aim	-1.12	2.25
asshole	-1.12	2.17
right	-1.12	4.64
says	-1.12	2.91
bullshit	-1.12	2.10
sue	-1.12	2.61
refer	-1.12	2.56
receive	-1.11	2.02
unsafe	-1.11	1.73
montreal	-1.11	2.03
college	-1.11	1.72
likely	-1.11	3.83
skip	-1.10	2.35
hardcore	-1.10	2.21
figure	-1.10	4.55
trust	-1.09	3.71
los	-1.09	2.00
folks	-1.09	2.73
elements	-1.09	1.70
doubt	-1.09	4.21
he/she	-1.09	3.13
responsible	-1.09	2.37
target	-1.09	2.15
runs	-1.09	2.17
true	-1.09	4.86
struggling	-1.09	2.31
broke	-1.08	2.29
happened	-1.08	3.83
changed	-1.08	3.01
portion	-1.08	1.87
alone	-1.07	2.87
replaced	-1.06	2.36
see	-1.06	4.58
helping	-1.06	2.48
behavior	-1.06	2.25
comes	-1.06	2.87
say	-1.06	4.68
others	-1.06	3.01
absolute	-1.06	2.65
portland	-1.05	2.00
lie	-1.05	2.27
steal	-1.05	2.92
does	-1.05	4.58
jerk	-1.05	2.18
asks	-1.05	3.03
unexpected	-1.05	2.41
excessive	-1.05	1.99
jump	-1.05	2.31
judgement	-1.04	2.20
rep	-1.04	2.12
know	-1.04	4.70
skin	-1.04	2.15
bugs	-1.04	2.19
pays	-1.04	2.39
directions	-1.03	2.55
nyc	-1.03	2.04
wound	-1.03	2.31
argue	-1.03	3.82
swap	-1.03	2.89
generally	-1.03	3.10
concrete	-1.03	2.05
wants	-1.02	3.34
anybody	-1.02	3.89
anywhere	-1.02	4.29
owners	-1.02	2.25
cruiser	-1.01	1.85
often	-1.01	3.33
realize	-1.01	4.15
combination	-1.01	1.97
anyone	-1.01	3.85
junk	-1.01	1.95
notice	-1.01	4.37
we	-1.01	4.47
apologize	-1.01	4.30
changing	-1.01	2.49
claims	-1.00	2.51
rent	-1.00	2.32
replace	-1.00	2.64
uci	-1.00	2.13
skills	-0.99	1.87
passes	-0.99	2.05
engineering	-0.99	1.77
hopping	-0.99	2.13
destroyed	-0.99	1.91
lame	-0.99	2.37
mph	-0.99	2.28
london	-0.99	2.06
shocked	-0.99	4.01
travelling	-0.99	2.74
shame	-0.99	2.33
triathlons	-0.99	3.06
rusty	-0.99	1.82
descent	-0.99	1.74
united	-0.98	2.38
converted	-0.98	2.09
break	-0.98	3.14
fight	-0.98	2.06
which	-0.98	4.17
encounter	-0.98	2.35
lead	-0.98	2.50
impossible	-0.98	2.34
side	-0.98	3.50
lots	-0.98	2.81
special	-0.98	2.86
sporting	-0.97	2.16
sooner	-0.97	3.16
he	-0.97	3.57
upgraded	-0.97	2.38
america	-0.97	2.43
cart	-0.97	1.85
were	-0.97	4.38
telling	-0.96	3.23
freak	-0.96	2.70
driver	-0.96	2.82
suspect	-0.96	2.42
afford	-0.96	4.31
fall	-0.96	2.97
jumping	-0.96	2.19
court	-0.96	2.46
left	-0.95	3.41
student	-0.95	1.98
calling	-0.95	2.55
joint	-0.95	2.15
weights	-0.95	1.98
hits	-0.95	2.28
crap	-0.95	1.81
sort	-0.95	3.19
diego	-0.95	2.23
xt	-0.95	2.03
abreast	-0.95	2.48
wrists	-0.95	2.35
thankfully	-0.94	2.35
nearly	-0.94	3.11
crush	-0.94	2.18
towards	-0.94	3.29
crack	-0.94	2.23
moral	-0.94	2.37
enforced	-0.94	3.34
pavement	-0.94	2.13
backup	-0.94	2.09
occasions	-0.93	3.24
someone	-0.93	3.35
even	-0.93	4.60
routine	-0.93	2.40
type	-0.93	3.34
rely	-0.93	2.80
almost	-0.93	3.59
facing	-0.93	2.66
habits	-0.93	1.80
mention	-0.92	3.46
guess	-0.92	4.73
hardly	-0.92	2.83
everyone	-0.92	3.51
oem	-0.92	2.01
ca	-0.92	4.46
personally	-0.92	3.93
idk	-0.92	3.84
laws	-0.92	2.41
need	-0.92	4.48
uk	-0.91	2.33
caused	-0.91	2.75
hurt	-0.91	3.41
freewheel	-0.91	2.23
dangerously	-0.90	2.44
physically	-0.90	2.17
netherlands	-0.90	2.30
minor	-0.90	2.43
earth	-0.90	2.56
courteous	-0.90	2.37
children	-0.90	2.07
happier	-0.90	3.22
stretching	-0.89	2.32
surfaces	-0.89	2.13
how	-0.89	4.57
conditions	-0.89	2.23
suburban	-0.89	2.38
americans	-0.89	2.35
kills	-0.89	2.34
asphalt	-0.88	2.11
idiot	-0.88	2.08
slipped	-0.88	2.20
want	-0.88	4.50
mentioning	-0.88	3.69
rental	-0.88	2.12
forth	-0.87	2.90
negligent	-0.87	2.63
change	-0.87	3.79
wo	-0.87	4.40
came	-0.87	2.81
prove	-0.87	3.67
leaning	-0.87	2.47
trials	-0.87	2.51
thinking	-0.87	4.58
there	-0.86	4.62
incident	-0.86	2.47
sake	-0.86	1.75
lean	-0.86	2.52
standing	-0.86	2.34
spots	-0.86	2.25
blood	-0.86	1.95
needs	-0.86	3.39
landing	-0.86	2.23
cause	-0.86	2.94
trend	-0.86	2.39
whatever	-0.86	4.33
american	-0.86	1.83
lift	-0.86	2.18
shifted	-0.85	2.34
claim	-0.85	2.91
buys	-0.85	3.01
advocate	-0.85	2.96
truth	-0.85	2.74
gear	-0.85	2.17
rei	-0.84	2.22
wind	-0.84	2.12
net	-0.84	2.84
me	-0.84	3.26
breaks	-0.84	2.37
could	-0.84	4.47
joking	-0.84	4.09
tri	-0.84	2.32
welds	-0.84	2.00
runner	-0.84	1.97
expect	-0.84	4.34
rules	-0.84	2.42
solve	-0.84	3.69
when	-0.83	4.22
nowadays	-0.83	2.32
neither	-0.83	2.54
u.s	-0.83	2.22
killed	-0.83	2.83
trolling	-0.83	2.49
behaviour	-0.83	2.23
collar	-0.83	2.25
tensioner	-0.82	2.20
invisible	-0.82	2.97
chase	-0.82	2.19
forever	-0.82	2.79
pain	-0.82	2.54
fix	-0.82	3.95
norway	-0.82	2.10
returned	-0.82	2.53
charity	-0.82	2.56
goods	-0.81	2.08
necessarily	-0.81	4.16
brain	-0.81	2.47
inconvenience	-0.81	2.75
entire	-0.81	2.81
already	-0.81	4.27
somewhere	-0.81	3.55
everybody	-0.81	3.22
means	-0.80	3.91
forwards	-0.80	3.08
vulnerable	-0.80	2.30
typically	-0.80	2.83
talk	-0.80	3.23
showing	-0.80	1.82
occurred	-0.80	2.65
liable	-0.80	2.72
bumpy	-0.80	2.12
limited	-0.80	2.06
person	-0.80	3.32
insurance	-0.80	2.69
simply	-0.80	3.99
attack	-0.80	1.98
into	-0.79	3.51
honestly	-0.79	4.49
event	-0.79	2.49
hybrids	-0.79	2.23
ruin	-0.79	2.57
cunt	-0.79	2.40
diamondback	-0.79	1.79
countries	-0.79	2.41
western	-0.79	2.69
canada	-0.79	2.29
requirements	-0.79	2.26
differences	-0.79	2.74
eliminate	-0.79	2.37
forces	-0.79	2.79
acts	-0.78	2.34
movement	-0.78	2.56
rotating	-0.78	2.31
tourist	-0.78	1.86
damage	-0.78	2.57
possibly	-0.78	3.65
come	-0.78	3.97
council	-0.78	1.94
unnecessary	-0.78	2.08
victim	-0.78	2.63
avoid	-0.78	3.08
suburbs	-0.78	2.66
suffering	-0.78	2.29
winds	-0.78	1.75
reckless	-0.77	2.29
town	-0.77	2.83
exceptions	-0.77	2.25
mind	-0.77	4.30
places	-0.77	3.24
stations	-0.77	2.04
professional	-0.77	1.97
frequent	-0.77	2.26
sight	-0.77	2.37
starts	-0.77	2.49
indicates	-0.77	2.26
toward	-0.76	2.76
point	-0.76	3.74
expected	-0.76	2.98
negligence	-0.76	2.54
buses	-0.76	2.22
destination	-0.76	2.45
wet	-0.76	2.05
being	-0.76	2.74
occasionally	-0.76	2.37
justify	-0.76	3.28
handful	-0.76	2.75
self	-0.76	2.21
damages	-0.76	2.48
area	-0.76	2.73
running	-0.76	2.50
rather	-0.75	3.60
them	-0.75	4.10
region	-0.75	3.08
bones	-0.75	2.19
bs	-0.75	1.76
supported	-0.75	3.04
competing	-0.75	3.08
otherwise	-0.75	4.42
abandoned	-0.75	2.15
ones	-0.75	3.09
gym	-0.75	2.12
witness	-0.75	2.53
swapping	-0.75	2.54
ways	-0.75	2.92
climbing	-0.75	1.68
serious	-0.74	2.68
slick	-0.74	2.09
traction	-0.74	2.08
wouldnt	-0.74	3.80
fashion	-0.74	1.85
barely	-0.74	2.74
forward	-0.74	3.25
canyon	-0.74	1.96
again	-0.74	4.32
grinding	-0.74	2.01
then	-0.74	4.26
dare	-0.74	3.55
stairs	-0.74	2.21
failing	-0.73	2.45
operate	-0.73	2.34
kill	-0.73	3.06
causes	-0.73	2.78
upwards	-0.73	3.17
equivalent	-0.72	2.25
garbage	-0.72	2.00
track	-0.72	2.24
fine	-0.72	4.50
nonsense	-0.72	2.25
skull	-0.72	2.32
hence	-0.72	1.85
logic	-0.72	3.16
enforce	-0.72	2.68
20mph	-0.72	2.34
trains	-0.72	2.11
omg	-0.72	2.18
struck	-0.72	2.75
suppose	-0.71	3.33
ago	-0.71	3.87
ridden	-0.71	3.29
somebody	-0.71	3.18
rural	-0.71	2.70
suggest	-0.71	3.57
vehicles	-0.71	2.20
goal	-0.71	2.53
raised	-0.71	2.04
honest	-0.71	3.47
fact	-0.71	4.25
split	-0.71	2.43
hassle	-0.71	2.90
dealing	-0.71	2.37
bikes	-0.70	2.43
suggesting	-0.70	2.95
wait	-0.70	4.06
tread	-0.70	2.11
swing	-0.70	2.72
fucks	-0.70	2.18
jail	-0.70	2.21
perception	-0.70	2.61
clicking	-0.70	1.99
feelings	-0.69	2.50
tracks	-0.69	2.12
grip	-0.69	2.10
vancouver	-0.69	1.99
grown	-0.69	2.60
roundabout	-0.69	2.63
racers	-0.69	2.21
civil	-0.69	2.36
commit	-0.69	2.91
rest	-0.69	2.63
wanted	-0.69	4.03
unlikely	-0.69	2.79
entirely	-0.69	3.35
badly	-0.68	2.52
likes	-0.68	3.07
beat	-0.68	2.36
military	-0.68	2.24
regularly	-0.68	2.54
ireland	-0.68	2.65
snow	-0.68	2.00
gotten	-0.68	3.51
same	-0.68	4.01
national	-0.68	2.05
bank	-0.68	2.11
15mph	-0.68	2.40
compensation	-0.67	2.36
nowhere	-0.67	2.24
overpriced	-0.67	1.68
party	-0.67	2.75
go	-0.67	4.19
years	-0.67	3.66
drunk	-0.67	2.36
statistics	-0.67	2.80
immediate	-0.67	2.41
women	-0.67	2.45
weeks	-0.67	3.77
increased	-0.67	2.19
months	-0.67	3.76
let	-0.67	4.07
accelerating	-0.66	2.43
pure	-0.66	1.66
nearby	-0.66	2.29
shaving	-0.66	2.27
treated	-0.66	2.28
rude	-0.65	2.14
identify	-0.65	3.44
surprise	-0.65	2.69
impacts	-0.65	2.39
applied	-0.65	2.18
core	-0.65	1.97
impact	-0.65	2.56
damaged	-0.65	2.53
areas	-0.65	2.83
percent	-0.65	2.37
around	-0.65	3.45
million	-0.65	2.66
affect	-0.65	2.57
funny	-0.65	2.73
claiming	-0.65	3.12
par	-0.65	1.81
wobble	-0.65	3.28
shut	-0.65	2.31
scene	-0.64	2.49
increase	-0.64	2.26
borrow	-0.64	3.53
minimum	-0.64	2.03
discuss	-0.64	2.93
store	-0.64	2.29
rotation	-0.64	2.82
silly	-0.64	2.18
surely	-0.64	3.48
belt	-0.63	2.09
taxi	-0.63	2.49
temp	-0.63	2.20
worry	-0.63	4.02
seen	-0.63	3.42
resulting	-0.63	2.18
causing	-0.63	2.69
should	-0.63	4.36
by	-0.63	3.18
heavy	-0.63	1.74
reduces	-0.63	2.21
conclusion	-0.63	3.25
slowly	-0.63	3.37
catch	-0.63	3.16
try	-0.63	4.19
coverage	-0.62	2.41
thumbs	-0.62	2.16
meanwhile	-0.62	2.09
drive	-0.62	2.78
harm	-0.62	2.69
attacks	-0.62	1.94
mayor	-0.62	2.25
back	-0.62	3.74
whoever	-0.62	3.15
crashed	-0.62	2.98
specifically	-0.62	3.62
obstacle	-0.61	2.84
feet	-0.61	3.13
bump	-0.61	2.58
yourself	-0.61	3.76
out	-0.61	3.87
humans	-0.61	2.21
media	-0.61	2.02
states	-0.61	2.42
international	-0.61	1.90
muddy	-0.61	1.96
display	-0.61	1.78
understood	-0.61	3.20
intentional	-0.61	2.26
additionally	-0.61	2.27
miss	-0.61	2.11
careless	-0.61	2.21
aid	-0.61	2.13
prison	-0.60	2.25
decades	-0.60	2.92
operating	-0.60	2.24
backwards	-0.60	2.94
averaging	-0.60	2.92
tried	-0.60	3.27
breaking	-0.60	2.45
permanent	-0.60	2.45
guilty	-0.60	2.49
recommend	-0.60	3.52
decide	-0.60	4.06
except	-0.60	3.31
wears	-0.60	2.51
co-op	-0.60	3.24
vague	-0.60	1.75
miles	-0.60	2.99
status	-0.60	1.90
hours	-0.60	3.58
brick	-0.60	2.18
appeal	-0.60	2.64
straight	-0.59	3.24
standards	-0.59	2.06
referring	-0.59	4.31
aside	-0.59	2.39
all	-0.59	4.16
would	-0.59	4.30
destroy	-0.59	2.65
over	-0.59	3.20
past	-0.59	3.66
react	-0.59	2.97
enforcement	-0.59	2.45
maybe	-0.59	4.36
against	-0.59	2.61
shaped	-0.59	2.08
head	-0.59	2.41
total	-0.59	2.23
minutes	-0.59	3.46
however	-0.58	4.35
prone	-0.58	2.63
ll	-0.58	4.21
technically	-0.58	3.36
intended	-0.58	2.82
feel	-0.58	4.08
factor	-0.58	2.46
wrecked	-0.58	2.68
city	-0.58	2.27
mins	-0.58	3.28
will	-0.58	4.18
laying	-0.58	2.69
told	-0.58	3.05
encouraging	-0.58	2.21
ragbrai	-0.58	3.52
d	-0.58	4.28
meh	-0.58	1.98
later	-0.57	3.67
australia	-0.57	2.37
least	-0.57	4.11
start	-0.57	3.81
call	-0.57	3.05
circle	-0.57	2.23
prevented	-0.57	2.81
boston	-0.57	2.19
influence	-0.57	2.72
tighter	-0.57	2.70
gain	-0.57	2.28
constant	-0.57	2.02
ups	-0.57	2.09
problems	-0.57	3.28
times	-0.57	3.59
drug	-0.57	2.42
irrelevant	-0.57	2.26
lies	-0.57	2.49
driven	-0.57	2.52
sideways	-0.57	2.83
might	-0.57	4.31
european	-0.57	2.27
may	-0.57	4.31
cops	-0.57	2.53
onto	-0.56	2.88
torn	-0.56	1.91
lately	-0.56	2.73
europe	-0.56	2.39
arguing	-0.56	3.34
trial	-0.56	2.43
25mph	-0.56	2.25
avg	-0.56	2.25
consequences	-0.56	2.58
jam	-0.56	2.29
once	-0.56	3.80
since	-0.56	3.96
experienced	-0.56	2.45
touched	-0.56	3.20
grade	-0.56	1.96
maintained	-0.56	2.45
seconds	-0.56	3.46
low-end	-0.56	1.83
actions	-0.56	2.45
certainly	-0.56	4.23
stick	-0.56	3.16
outcome	-0.55	3.63
motorcycles	-0.55	2.25
minnesota	-0.55	1.65
population	-0.55	2.16
fucked	-0.55	3.14
turning	-0.55	3.19
theft	-0.55	2.52
also	-0.55	4.36
swimming	-0.55	1.91
cities	-0.55	2.30
probably	-0.55	4.27
stolen	-0.55	2.68
lane	-0.55	3.00
fallen	-0.55	3.28
versus	-0.55	1.92
prevent	-0.55	2.80
allow	-0.54	2.94
crime	-0.54	2.49
switch	-0.54	2.92
knock	-0.54	2.47
germany	-0.54	2.28
businesses	-0.54	2.45
ground	-0.54	2.67
seem	-0.54	3.83
flip	-0.54	2.65
mi	-0.54	2.75
km	-0.54	2.81
had	-0.54	3.84
intent	-0.54	2.83
suicide	-0.54	2.00
compete	-0.54	2.74
placed	-0.54	2.13
meters	-0.53	2.89
cop	-0.53	2.69
lawyer	-0.53	2.48
horses	-0.53	1.98
included	-0.53	2.22
per	-0.53	3.10
na	-0.53	3.67
intend	-0.53	3.75
away	-0.53	3.47
collect	-0.53	2.38
responsibility	-0.53	2.64
ft	-0.53	2.27
curb	-0.53	2.52
rich	-0.53	2.17
threw	-0.53	2.40
laugh	-0.53	2.33
nicer	-0.53	2.83
overlap	-0.53	2.97
officers	-0.53	2.70
days	-0.53	3.53
curbs	-0.52	2.42
definition	-0.52	2.27
dui	-0.52	2.37
work	-0.52	4.09
commonly	-0.52	2.36
week	-0.52	3.48
actually	-0.52	4.33
choices	-0.52	2.05
talked	-0.52	3.05
besides	-0.52	2.48
program	-0.52	2.03
pay	-0.52	2.86
perhaps	-0.52	3.86
within	-0.52	3.40
take	-0.52	4.00
ignored	-0.52	2.67
skid	-0.52	2.42
courtesy	-0.52	2.27
motor	-0.52	2.19
difference	-0.52	3.27
pick	-0.52	3.75
lasted	-0.52	3.56
mile	-0.51	3.07
course	-0.51	3.92
transition	-0.51	2.19
easily	-0.51	3.36
twice	-0.51	3.56
denmark	-0.51	2.25
electric	-0.51	2.09
ignorance	-0.51	2.79
sweden	-0.51	2.41
angles	-0.51	2.01
after	-0.51	3.64
lot	-0.51	3.81
texting	-0.51	2.62
speed	-0.51	2.32
luggage	-0.51	1.93
things	-0.51	3.83
everything	-0.51	3.78
never	-0.51	3.88
loss	-0.51	2.65
til	-0.50	2.66
arm	-0.50	2.35
obvious	-0.50	2.22
throughout	-0.50	2.25
make	-0.50	4.01
whose	-0.50	2.35
adults	-0.50	2.36
fell	-0.50	2.60
scrap	-0.50	2.44
hit	-0.50	2.70
define	-0.50	2.96
gone	-0.50	3.80
assumption	-0.50	3.10
way	-0.50	4.24
stroke	-0.49	2.18
police	-0.49	2.50
kilometers	-0.49	2.90
justice	-0.49	2.08
takes	-0.49	3.62
rough	-0.49	2.03
move	-0.49	3.21
themselves	-0.49	2.61
sportive	-0.49	3.17
reduce	-0.49	2.46
laid	-0.49	2.27
draft	-0.49	2.55
she	-0.48	2.86
older	-0.48	2.21
leading	-0.48	2.49
bulky	-0.48	2.02
month	-0.48	3.53
property	-0.48	2.48
sides	-0.48	2.83
employee	-0.48	2.33
pull	-0.48	3.18
circumstances	-0.48	2.72
social	-0.48	1.91
hour	-0.48	3.31
minneapolis	-0.48	1.97
toss	-0.48	3.06
advise	-0.48	2.76
stress	-0.48	2.42
mental	-0.48	1.85
commercial	-0.48	2.16
moron	-0.48	2.20
ended	-0.48	3.46
exit	-0.48	3.03
pothole	-0.47	2.60
gained	-0.47	2.71
thousand	-0.47	2.83
lasts	-0.47	3.35
intentionally	-0.47	2.76
philly	-0.47	2.20
nerve	-0.47	2.42
workouts	-0.47	1.94
doored	-0.47	2.79
been	-0.47	3.78
weighs	-0.47	2.77
doors	-0.47	2.78
violence	-0.47	2.36
reported	-0.47	2.44
himself	-0.47	2.89
object	-0.47	2.12
competition	-0.47	1.82
gt	-0.46	3.91
instead	-0.46	3.49
10,000	-0.46	2.36
only	-0.46	4.15
still	-0.46	4.25
upgrade	-0.46	3.50
permanently	-0.46	2.81
softer	-0.46	2.62
landed	-0.46	2.59
decade	-0.46	3.36
oncoming	-0.46	3.03
recognize	-0.46	2.73
examples	-0.46	2.87
swerve	-0.46	2.77
reducing	-0.46	2.37
him	-0.46	2.89
frankly	-0.46	2.25
demo	-0.46	2.63
medical	-0.46	2.32
needed	-0.46	3.43
car	-0.46	2.95
sliding	-0.46	2.51
tl	-0.46	1.63
races	-0.45	2.34
climb	-0.45	1.58
significantly	-0.45	2.80
whenever	-0.45	3.05
compromise	-0.45	2.03
plane	-0.45	1.73
slide	-0.45	2.69
stuck	-0.45	2.88
heal	-0.45	2.02
face	-0.45	2.18
hair	-0.45	2.18
consider	-0.45	3.85
growing	-0.45	2.19
yet	-0.45	4.02
merge	-0.45	3.08
despite	-0.45	2.81
driving	-0.45	2.36
chicago	-0.45	2.25
climbed	-0.45	2.00
hub	-0.45	2.24
each	-0.45	3.15
sudden	-0.44	2.37
obstacles	-0.44	2.43
use	-0.44	2.84
angry	-0.44	2.15
charged	-0.44	2.62
lap	-0.44	2.39
speeding	-0.44	2.32
van	-0.44	2.71
whatnot	-0.44	2.22
inspect	-0.44	2.13
slip	-0.44	2.53
ontario	-0.44	2.38
china	-0.44	2.23
language	-0.44	2.40
mistakes	-0.44	2.43
thieves	-0.44	2.29
reaction	-0.44	2.25
accept	-0.44	3.26
considered	-0.44	3.29
difficulty	-0.44	2.84
sells	-0.44	2.16
extent	-0.44	2.88
count	-0.44	2.83
class	-0.44	2.16
saved	-0.43	2.79
average	-0.43	2.52
cab	-0.43	2.50
blocking	-0.43	2.96
consensus	-0.43	2.19
suv	-0.43	2.52
always	-0.43	4.23
six	-0.43	3.13
problem	-0.43	3.73
10k	-0.43	2.13
urban	-0.43	2.38
education	-0.43	2.15
experiment	-0.43	3.27
francisco	-0.43	2.20
hospital	-0.43	2.46
wisconsin	-0.43	2.32
involve	-0.43	2.56
leader	-0.43	2.29
events	-0.43	2.54
jack	-0.43	2.34
falling	-0.43	2.65
seattle	-0.43	2.12
solo	-0.43	3.19
live	-0.42	2.55
beyond	-0.42	2.06
political	-0.42	2.39
repaired	-0.42	2.85
laughed	-0.42	2.98
truing	-0.42	3.16
changes	-0.42	2.90
advertising	-0.42	2.11
atlanta	-0.42	2.21
injured	-0.42	2.47
maneuver	-0.42	2.85
iowa	-0.42	2.21
anytime	-0.42	2.89
5000	-0.42	2.30
latter	-0.42	2.14
bullet	-0.42	1.98
got	-0.42	3.55
improved	-0.42	2.28
vehicular	-0.42	2.48
neck	-0.42	2.27
increases	-0.42	2.19
bus	-0.42	2.62
activities	-0.42	2.13
auto	-0.42	2.50
help	-0.41	4.06
habit	-0.41	3.07
rides	-0.41	3.16
false	-0.41	2.51
judge	-0.41	2.96
popped	-0.41	2.55
rubbing	-0.41	2.79
woman	-0.41	2.59
further	-0.41	3.54
admittedly	-0.41	2.34
several	-0.41	3.00
term	-0.41	2.30
swerved	-0.41	2.77
farm	-0.41	2.11
issues	-0.41	3.25
99	-0.41	2.18
fewer	-0.41	2.71
really	-0.41	4.11
choose	-0.41	3.39
training	-0.41	2.57
off	-0.41	3.20
assault	-0.41	2.57
most	-0.41	3.34
hundred	-0.41	2.82
designed	-0.41	2.81
motion	-0.41	2.76
compare	-0.41	3.18
perform	-0.41	2.75
manager	-0.41	2.41
three	-0.40	3.16
reason	-0.40	4.08
potholes	-0.40	2.37
sold	-0.40	2.56
four	-0.40	3.10
showed	-0.40	2.57
refuse	-0.40	2.71
harder	-0.40	2.79
versions	-0.40	2.33
decision	-0.40	2.65
bills	-0.40	2.44
far	-0.40	4.07
distribution	-0.40	2.01
angeles	-0.40	2.29
marks	-0.40	2.20
signaling	-0.40	3.06
driveway	-0.40	3.03
round	-0.40	3.02
illegally	-0.40	2.59
continue	-0.40	3.02
lived	-0.40	1.78
downtown	-0.40	2.32
anyway	-0.40	4.23
minute	-0.40	3.09
moved	-0.40	1.89
speak	-0.40	3.09
swerving	-0.40	2.75
done	-0.40	3.88
implies	-0.39	2.72
last	-0.39	3.49
snapped	-0.39	2.52
limits	-0.39	2.33
mostly	-0.39	2.85
murder	-0.39	2.52
didnt	-0.39	3.74
intention	-0.39	2.93
assuming	-0.39	4.39
eventually	-0.39	3.60
panic	-0.39	2.24
decrease	-0.39	2.53
style	-0.39	2.20
crits	-0.39	2.48
rolls	-0.39	2.32
settle	-0.39	2.97
leave	-0.39	3.20
facts	-0.39	3.12
listen	-0.39	2.33
charges	-0.39	2.39
accepted	-0.39	2.12
ve	-0.39	3.65
heard	-0.39	3.63
going	-0.39	4.02
smoking	-0.39	1.93
parked	-0.39	2.71
workout	-0.38	1.94
potentially	-0.38	2.67
teach	-0.38	2.71
statement	-0.38	3.08
downside	-0.38	2.42
approaching	-0.38	2.97
spend	-0.38	3.28
substantial	-0.38	2.27
university	-0.38	2.02
truck	-0.38	2.63
created	-0.38	2.27
recently	-0.38	3.47
took	-0.38	3.52
five	-0.38	3.02
sidewalks	-0.38	2.31
attempted	-0.38	2.84
dozen	-0.38	3.13
unclipped	-0.38	2.60
year	-0.38	3.37
usa	-0.38	2.29
find	-0.38	3.88
random	-0.38	2.59
reduction	-0.38	2.55
crit	-0.38	2.46
improve	-0.37	2.20
nor	-0.37	2.89
valid	-0.37	2.48
fuck	-0.37	2.54
deliberately	-0.37	2.83
century	-0.37	3.34
seasons	-0.37	2.89
2-3	-0.37	3.04
reduced	-0.37	2.33
here	-0.37	3.25
appear	-0.37	2.90
maintaining	-0.37	2.37
begin	-0.37	2.47
5-10	-0.37	3.01
unlocked	-0.37	2.47
yards	-0.37	3.08
presence	-0.37	2.16
gender	-0.37	2.81
sure	-0.37	4.45
bumps	-0.37	2.34
6	-0.37	3.00
regard	-0.37	2.41
preventing	-0.37	2.52
alfine	-0.37	2.19
classes	-0.37	2.26
couple	-0.37	3.03
pd	-0.37	2.32
rights	-0.37	2.27
struggle	-0.36	2.09
tax	-0.36	2.53
penalty	-0.36	2.42
officer	-0.36	2.51
saves	-0.36	2.34
helmet	-0.36	2.36
put	-0.36	3.13
faster	-0.36	2.83
heel	-0.36	2.51
knocked	-0.36	2.55
precisely	-0.36	2.36
fees	-0.36	2.45
winters	-0.36	2.19
approach	-0.36	2.33
harsh	-0.36	1.69
before	-0.36	3.64
hook	-0.36	2.98
locations	-0.36	2.55
football	-0.36	2.10
visual	-0.36	2.00
throw	-0.36	3.02
hop	-0.36	2.45
network	-0.36	2.02
few	-0.35	2.99
honk	-0.35	2.26
freehub	-0.35	2.21
campus	-0.35	2.21
factory	-0.35	2.16
has	-0.35	3.31
buddies	-0.35	2.00
michigan	-0.35	2.12
pointing	-0.35	2.75
potential	-0.35	2.78
roads	-0.35	2.33
ten	-0.35	2.93
legally	-0.35	2.81
priority	-0.35	2.64
pot	-0.35	2.39
foot	-0.35	2.67
time	-0.35	3.94
travel	-0.35	2.65
paying	-0.35	3.03
winner	-0.35	2.00
parties	-0.35	2.55
complaint	-0.35	2.96
alongside	-0.35	2.54
7	-0.35	2.66
cog	-0.35	2.26
3-4	-0.35	2.97
involves	-0.35	2.53
favor	-0.35	2.05
evidence	-0.35	2.91
while	-0.35	3.27
living	-0.35	1.75
killing	-0.34	2.52
min	-0.34	2.93
connection	-0.34	2.20
every	-0.34	3.31
fitter	-0.34	2.96
crashing	-0.34	2.61
japan	-0.34	2.34
wake	-0.34	2.66
4-5	-0.34	2.93
their	-0.34	2.79
benefit	-0.34	3.07
finally	-0.34	3.57
fred	-0.34	1.99
flats	-0.34	2.50
boulder	-0.34	1.91
exclusively	-0.34	2.37
helmets	-0.34	2.48
copenhagen	-0.34	2.04
roadie	-0.34	2.07
fly	-0.34	2.68
ourselves	-0.34	2.74
ny	-0.34	2.29
thief	-0.34	2.49
stating	-0.34	3.07
laps	-0.34	2.75
company	-0.34	2.49
grew	-0.34	2.02
curve	-0.34	2.11
improvement	-0.34	3.01
two	-0.34	3.20
1-2	-0.34	2.96
bend	-0.34	2.37
velodrome	-0.34	2.57
delivery	-0.34	2.23
houston	-0.34	2.34
animals	-0.34	2.28
2	-0.33	2.94
fox	-0.33	2.23
3000	-0.33	2.38
tries	-0.33	2.63
encourage	-0.33	2.46
knees	-0.33	2.29
york	-0.33	2.23
mandatory	-0.33	2.40
preference	-0.33	3.05
1k	-0.33	2.42
spent	-0.33	3.17
adjusted	-0.33	2.67
reporting	-0.33	2.23
down	-0.33	3.24
dollars	-0.33	2.97
chasing	-0.33	2.08
clipped	-0.33	2.56
trued	-0.33	3.04
joints	-0.33	2.14
money	-0.33	3.41
awkward	-0.33	1.87
waited	-0.33	3.21
4	-0.33	2.93
paid	-0.33	2.73
3	-0.33	2.92
midwest	-0.32	2.25
thing	-0.32	3.72
fake	-0.32	1.87
until	-0.32	3.53
farther	-0.32	3.16
room	-0.32	3.04
hitting	-0.32	2.47
covered	-0.32	2.35
today	-0.32	3.54
reasoning	-0.32	2.74
allowed	-0.32	3.22
bucks	-0.32	3.03
discomfort	-0.32	2.62
marathons	-0.32	2.37
cracks	-0.32	2.24
leg	-0.32	2.28
traveling	-0.32	2.68
stated	-0.32	3.04
owns	-0.32	3.18
hills	-0.32	1.88
avoiding	-0.32	2.68
attention	-0.32	2.97
environment	-0.32	2.22
twitter	-0.32	2.03
hips	-0.32	2.49
exception	-0.32	2.60
types	-0.32	2.89
knowing	-0.32	3.69
commute	-0.32	3.07
law	-0.32	2.51
asked	-0.32	3.28
promise	-0.31	2.99
kept	-0.31	3.26
bits	-0.31	2.01
sidewalk	-0.31	2.45
federal	-0.31	2.48
roll	-0.31	2.77
multi-use	-0.31	2.21
ripped	-0.31	2.53
oriented	-0.31	2.08
primarily	-0.31	2.73
5	-0.31	2.87
flew	-0.31	2.62
commuted	-0.31	2.81
jumped	-0.31	2.55
noticed	-0.31	3.43
costs	-0.31	2.76
3k	-0.31	2.39
between	-0.31	2.89
internal	-0.31	2.22
defense	-0.31	2.68
won	-0.31	2.01
smashed	-0.31	2.35
noise	-0.31	2.14
ohio	-0.31	2.33
suddenly	-0.31	2.79
planet	-0.31	1.90
note	-0.31	3.41
follow	-0.31	2.49
reports	-0.31	2.41
invest	-0.31	3.42
debris	-0.30	2.36
ultimately	-0.30	2.78
judging	-0.30	2.05
up	-0.30	3.53
advantage	-0.30	2.84
skidding	-0.30	2.41
decisions	-0.30	2.52
widely	-0.30	2.19
adjust	-0.30	2.96
rotate	-0.30	2.63
cover	-0.30	2.36
england	-0.30	2.18
honking	-0.30	2.08
forcing	-0.30	2.73
apparently	-0.30	3.10
bunch	-0.30	3.04
goes	-0.30	3.18
considerably	-0.30	3.04
bunny	-0.30	2.42
bent	-0.30	2.41
balls	-0.30	1.67
woods	-0.30	1.84
switched	-0.30	2.47
branded	-0.30	2.22
weld	-0.30	2.18
county	-0.29	2.19
inches	-0.29	2.98
friction	-0.29	2.55
experiences	-0.29	2.52
pace	-0.29	2.28
momentum	-0.29	2.65
improvements	-0.29	2.73
multiple	-0.29	2.95
popping	-0.29	1.81
train	-0.29	2.49
repeat	-0.29	3.06
ask	-0.29	3.57
complaining	-0.29	2.49
granny	-0.29	2.29
10-15	-0.29	2.79
slope	-0.29	2.05
racing	-0.29	2.31
responded	-0.28	2.78
capacity	-0.28	2.13
wherever	-0.28	3.12
outside	-0.28	2.86
reasons	-0.28	3.33
10	-0.28	2.76
congestion	-0.28	2.13
biked	-0.28	2.61
effect	-0.28	2.79
trip	-0.28	2.99
arrived	-0.28	3.09
turn	-0.28	3.14
rideable	-0.28	2.55
ahead	-0.28	3.08
speaking	-0.28	2.53
plenty	-0.28	3.17
reality	-0.28	2.50
twenty	-0.28	2.86
offense	-0.28	2.79
awareness	-0.28	2.18
chinese	-0.28	2.19
slipping	-0.28	2.57
numbness	-0.28	2.49
deterrent	-0.28	2.74
major	-0.28	2.49
trucks	-0.28	2.26
repairs	-0.28	2.59
hand	-0.28	2.97
suggested	-0.28	3.03
rusted	-0.28	2.28
mess	-0.27	2.98
tickets	-0.27	2.37
day	-0.27	3.29
hardtail	-0.27	1.99
row	-0.27	2.97
grades	-0.27	1.93
schwalbe	-0.27	2.30
shop	-0.27	2.63
taiwan	-0.27	2.29
file	-0.27	2.46
limit	-0.27	2.40
land	-0.27	2.08
rotational	-0.27	2.46
practically	-0.27	2.44
switching	-0.27	2.73
corner	-0.27	2.93
without	-0.27	3.29
pulls	-0.27	2.47
centuries	-0.27	3.03
name	-0.27	2.46
third	-0.27	2.68
passenger	-0.27	2.58
myself	-0.27	3.33
motorcycle	-0.27	2.34
slight	-0.27	2.54
pass	-0.27	2.88
8	-0.27	2.73
wins	-0.27	2.08
15-20	-0.27	2.78
strike	-0.27	2.39
traffic	-0.27	2.52
partially	-0.26	2.71
biker	-0.26	2.17
these	-0.26	3.30
downvotes	-0.26	2.57
school	-0.26	2.21
many	-0.26	3.12
survived	-0.26	2.93
supposedly	-0.26	2.40
above	-0.26	2.94
significant	-0.26	3.03
fortunately	-0.26	2.08
streets	-0.26	2.38
determine	-0.26	3.31
numerous	-0.26	2.92
behind	-0.26	2.90
sell	-0.26	2.90
weigh	-0.26	2.88
florida	-0.26	2.05
push	-0.26	2.87
replacing	-0.26	2.78
pound	-0.26	2.66
companies	-0.26	2.48
2.5	-0.26	2.77
till	-0.26	3.38
doctor	-0.26	2.45
allows	-0.26	2.83
kick	-0.26	2.39
engineer	-0.26	2.10
risk	-0.26	2.73
trouble	-0.26	3.62
dc	-0.26	2.18
champion	-0.26	2.01
grips	-0.26	1.91
damaging	-0.26	2.66
cracking	-0.26	2.41
degrees	-0.25	2.54
died	-0.25	2.40
cycle	-0.25	2.26
decided	-0.25	3.51
oregon	-0.25	2.18
other	-0.25	3.38
although	-0.25	4.01
surface	-0.25	2.02
winning	-0.25	2.08
noticeable	-0.25	2.85
trash	-0.25	2.31
negative	-0.25	2.31
death	-0.25	2.46
blocks	-0.25	2.99
neighborhood	-0.25	2.42
squeeze	-0.25	2.55
etc	-0.25	2.75
hide	-0.25	2.45
precise	-0.25	2.02
solution	-0.25	3.27
grams	-0.25	2.74
adjustments	-0.25	2.73
admit	-0.25	3.45
accidentally	-0.25	2.76
rub	-0.25	2.47
checks	-0.25	2.02
0	-0.25	2.46
lowest	-0.25	2.29
groups	-0.25	2.21
easier	-0.25	2.73
stealing	-0.25	2.11
slower	-0.25	2.89
wooden	-0.25	2.15
learn	-0.24	2.83
bear	-0.24	2.04
tt	-0.24	2.35
gains	-0.24	2.68
combined	-0.24	2.43
longest	-0.24	3.07
compensate	-0.24	2.59
defensive	-0.24	2.30
ticket	-0.24	2.43
overtake	-0.24	2.76
commutes	-0.24	2.61
hazard	-0.24	2.71
crowded	-0.24	1.84
tbh	-0.24	2.46
partly	-0.24	2.31
infrastructure	-0.24	2.43
numb	-0.24	2.38
physics	-0.24	2.69
sprint	-0.24	2.17
understanding	-0.24	2.83
unclip	-0.24	2.65
tune	-0.24	2.61
couch	-0.24	2.52
parks	-0.24	2.19
dh	-0.23	2.20
awhile	-0.23	3.26
issue	-0.23	3.59
occasional	-0.23	2.35
folded	-0.23	2.68
managed	-0.23	3.17
went	-0.23	3.09
taxes	-0.23	2.48
bias	-0.23	2.53
pro	-0.23	2.32
gravel	-0.23	2.09
button	-0.23	2.61
race	-0.23	2.38
caught	-0.23	2.81
chances	-0.23	2.83
advocating	-0.23	3.28
20-30	-0.23	2.69
window	-0.23	2.54
watts	-0.23	2.62
em	-0.23	3.10
4000	-0.23	2.27
regular	-0.23	2.21
former	-0.23	2.09
potato	-0.23	1.92
accelerate	-0.23	2.84
freeze	-0.22	2.52
wheel	-0.22	2.90
wont	-0.22	3.50
expense	-0.22	2.71
dismount	-0.22	2.62
pros	-0.22	2.64
blind	-0.22	2.70
save	-0.22	2.99
walk	-0.22	2.82
local	-0.22	2.51
achieve	-0.22	2.73
glass	-0.22	2.26
narrower	-0.22	2.58
passing	-0.22	2.54
freeway	-0.22	2.57
highways	-0.22	2.46
stone	-0.22	2.27
pittsburgh	-0.22	2.43
legal	-0.22	2.69
ratio	-0.22	2.31
durability	-0.22	1.96
assembled	-0.22	2.61
flat	-0.22	2.34
worn	-0.22	2.31
armstrong	-0.22	1.67
attempting	-0.22	2.98
15	-0.22	2.50
strain	-0.22	2.18
rider	-0.22	2.55
tires	-0.22	2.23
highway	-0.21	2.39
walls	-0.21	2.38
retention	-0.21	2.29
function	-0.21	2.19
explained	-0.21	3.22
across	-0.21	2.67
pulled	-0.21	2.69
fence	-0.21	2.62
worth	-0.21	3.58
asap	-0.21	3.33
catching	-0.21	2.46
surrounding	-0.21	1.87
pedal	-0.21	2.51
knew	-0.21	3.66
properly	-0.21	3.07
20	-0.21	2.62
dog	-0.21	1.87
service	-0.21	2.39
ruined	-0.21	2.69
wave	-0.21	2.08
existing	-0.21	2.53
removing	-0.21	2.75
advantages	-0.21	3.01
state	-0.21	2.28
peloton	-0.21	2.17
junction	-0.21	2.92
cant	-0.21	3.47
much	-0.21	3.69
canadian	-0.21	1.85
fee	-0.21	2.48
from	-0.21	2.82
cycled	-0.20	2.35
punctures	-0.20	2.50
ive	-0.20	2.80
teams	-0.20	2.15
threat	-0.20	2.86
packed	-0.20	2.09
creates	-0.20	2.52
variables	-0.20	2.72
her	-0.20	2.76
charge	-0.20	2.48
san	-0.20	2.16
those	-0.20	3.30
rotor	-0.20	2.80
racer	-0.20	2.19
individual	-0.20	2.78
pointed	-0.20	2.93
dirt	-0.20	2.07
savings	-0.20	2.69
known	-0.20	2.34
mtbs	-0.20	2.09
caution	-0.20	2.21
crossed	-0.20	2.33
run	-0.20	2.65
apart	-0.20	2.77
contract	-0.20	2.39
question	-0.20	3.68
rates	-0.20	2.38
hooked	-0.20	2.89
grinder	-0.20	2.31
35	-0.20	2.39
2000	-0.20	2.41
odds	-0.20	2.71
personal	-0.20	3.08
ditch	-0.20	2.56
25c	-0.20	2.24
arse	-0.20	2.38
experience	-0.20	3.18
lower	-0.20	2.54
methods	-0.20	2.50
roughly	-0.20	2.54
ship	-0.19	2.48
higher	-0.19	2.68
box	-0.19	2.22
own	-0.19	2.68
signals	-0.19	2.56
ton	-0.19	2.92
little	-0.19	3.68
gears	-0.19	2.26
lb	-0.19	2.44
1,000	-0.19	2.41
sales	-0.19	2.37
etiquette	-0.19	2.11
buildings	-0.19	2.32
heavier	-0.19	2.80
elsewhere	-0.19	2.76
minimal	-0.19	2.63
wall	-0.19	2.53
forgotten	-0.19	3.16
weight	-0.19	2.38
lungs	-0.19	2.22
denver	-0.19	2.08
gatorskin	-0.19	2.28
produce	-0.19	2.01
toes	-0.19	2.45
income	-0.19	2.27
refused	-0.19	2.72
ghetto	-0.19	1.87
effectively	-0.19	2.43
arguments	-0.19	3.03
calls	-0.19	2.45
fatigue	-0.19	2.25
anecdotal	-0.19	2.67
18	-0.18	2.40
stood	-0.18	2.79
yelling	-0.18	2.18
tyres	-0.18	2.22
vehicle	-0.18	2.51
ride	-0.18	3.26
pop	-0.18	2.75
biggest	-0.18	2.69
originally	-0.18	3.28
pairs	-0.18	2.88
grow	-0.18	2.43
proof	-0.18	2.91
regardless	-0.18	2.91
enter	-0.18	2.68
chat	-0.18	2.90
near	-0.18	2.73
45	-0.18	2.58
adult	-0.18	2.22
suspension	-0.18	2.10
bin	-0.18	2.15
entrance	-0.18	2.67
gradually	-0.18	2.99
dollar	-0.18	2.84
mm	-0.18	2.56
raced	-0.18	2.44
unicycle	-0.18	2.00
our	-0.18	2.70
shift	-0.17	2.44
vittoria	-0.17	2.29
attempt	-0.17	2.92
idaho	-0.17	2.31
correctly	-0.17	3.05
boom	-0.17	2.00
teeth	-0.17	2.33
12	-0.17	2.59
bending	-0.17	2.41
kinds	-0.17	2.92
northern	-0.17	2.18
zone	-0.17	2.44
below	-0.17	2.39
cheaper	-0.17	2.96
drove	-0.17	2.44
100km	-0.17	3.01
ensure	-0.17	2.52
insert	-0.17	2.40
thrown	-0.17	2.67
hurry	-0.17	3.35
period	-0.17	2.72
distance	-0.17	2.44
dutch	-0.17	2.26
ramp	-0.17	2.29
shipping	-0.17	2.51
30	-0.17	2.55
downhill	-0.17	2.08
storm	-0.16	2.23
lose	-0.16	2.63
loading	-0.16	2.16
organized	-0.16	2.56
kg	-0.16	2.37
drag	-0.16	2.53
highest	-0.16	2.28
exists	-0.16	2.77
fire	-0.16	2.13
vertical	-0.16	2.15
deliver	-0.16	2.08
comfort	-0.16	1.97
ran	-0.16	2.55
carries	-0.16	2.23
butt	-0.16	2.30
claimed	-0.16	2.76
yell	-0.16	2.16
pedalling	-0.16	2.38
crushed	-0.16	2.20
report	-0.16	2.46
band	-0.16	2.20
hang	-0.16	2.79
his	-0.16	2.50
illegal	-0.16	2.43
powered	-0.16	2.01
pole	-0.16	2.43
safety	-0.16	2.36
treat	-0.16	2.42
rolling	-0.15	2.45
muscles	-0.15	2.22
schedule	-0.15	2.54
shoulders	-0.15	2.24
france	-0.15	2.11
wan	-0.15	3.16
hill	-0.15	2.07
locks	-0.15	2.40
tuck	-0.15	2.46
leaving	-0.15	2.83
beach	-0.15	2.06
dr	-0.15	1.70
shown	-0.15	2.63
continental	-0.15	2.25
door	-0.15	2.65
than	-0.15	3.05
immediately	-0.15	3.18
summer	-0.15	3.09
started	-0.15	3.09
old	-0.15	1.97
sets	-0.15	2.71
ie	-0.15	2.23
friend	-0.15	2.79
table	-0.15	2.36
beginner	-0.15	2.29
rode	-0.15	3.08
pushing	-0.15	2.84
making	-0.15	3.22
equal	-0.15	2.97
owned	-0.15	3.16
seven	-0.15	2.58
opinion	-0.15	3.29
drafting	-0.15	2.23
waste	-0.15	2.65
objects	-0.15	2.06
stronger	-0.15	2.76
fatbike	-0.15	2.18
sticks	-0.15	2.04
2500	-0.15	2.39
heavily	-0.15	2.51
gp4000s	-0.15	2.29
steer	-0.15	2.56
gatorskins	-0.15	2.29
busy	-0.15	2.38
30mph	-0.15	2.45
shave	-0.15	2.46
texas	-0.15	2.29
effects	-0.14	1.96
require	-0.14	2.72
actively	-0.14	2.66
games	-0.14	1.99
lets	-0.14	3.16
plus	-0.14	2.45
1000	-0.14	2.43
letting	-0.14	3.08
during	-0.14	2.80
doping	-0.14	1.95
deer	-0.14	2.29
slightly	-0.14	2.98
shops	-0.14	2.47
rolled	-0.14	2.61
sand	-0.14	2.03
largely	-0.14	2.27
chest	-0.14	2.22
65	-0.14	2.51
therefore	-0.14	2.66
knobby	-0.14	2.07
began	-0.14	2.77
instance	-0.14	2.22
locked	-0.14	2.62
9	-0.14	2.49
hood	-0.14	2.61
remotely	-0.14	2.96
required	-0.14	2.76
station	-0.14	2.30
chance	-0.14	3.50
including	-0.14	2.68
create	-0.14	2.56
giving	-0.14	2.48
offering	-0.14	2.56
28c	-0.14	2.26
thus	-0.14	2.68
warranty	-0.14	2.40
effort	-0.14	2.70
cost	-0.14	2.99
washington	-0.13	2.25
both	-0.13	3.13
lighter	-0.13	2.92
category	-0.13	2.22
aesthetic	-0.13	2.08
able	-0.13	3.78
aggressively	-0.13	2.38
sprints	-0.13	2.16
parent	-0.13	2.61
directly	-0.13	2.57
completely	-0.13	3.02
temperatures	-0.13	2.18
brand	-0.13	2.34
season	-0.13	2.69
character	-0.13	1.71
meeting	-0.13	2.35
guy	-0.13	2.76
clip	-0.13	2.44
adjusting	-0.13	2.63
number	-0.13	2.57
schwinn	-0.13	1.71
25	-0.13	2.37
appears	-0.13	2.69
bicycle	-0.13	2.33
hardware	-0.13	2.15
half	-0.13	3.03
lesser	-0.13	2.71
50	-0.13	2.49
parking	-0.13	2.53
stand	-0.13	2.79
protected	-0.13	2.30
arms	-0.13	2.22
sprocket	-0.13	2.46
km/h	-0.12	2.36
pounds	-0.12	2.71
slicks	-0.12	2.10
wider	-0.12	2.50
weekend	-0.12	3.11
mine	-0.12	3.64
smell	-0.12	2.34
flipped	-0.12	2.59
needing	-0.12	2.91
registration	-0.12	2.39
blows	-0.12	2.39
gun	-0.12	2.40
wood	-0.12	2.45
cup	-0.12	1.97
group	-0.12	2.46
angled	-0.12	2.53
buyer	-0.12	2.91
grocery	-0.12	2.30
opposed	-0.12	1.68
sizing	-0.12	2.17
bug	-0.12	3.24
descending	-0.12	2.02
add	-0.12	3.10
pickup	-0.12	2.46
counting	-0.12	2.16
joined	-0.12	2.28
busted	-0.12	2.23
aesthetics	-0.12	2.76
40	-0.12	2.49
mentioned	-0.12	3.13
beard	-0.12	2.09
consumer	-0.12	2.31
dropped	-0.12	2.68
cat	-0.11	2.28
middle	-0.11	2.53
speeds	-0.11	2.43
mud	-0.11	2.03
user	-0.11	2.38
tree	-0.11	2.38
vs	-0.11	2.52
studded	-0.11	2.07
paved	-0.11	2.12
raise	-0.11	2.38
shocks	-0.11	2.13
mtb	-0.11	2.09
labor	-0.11	2.61
visited	-0.11	2.41
60	-0.11	2.48
hands	-0.11	2.45
hmmm	-0.11	1.99
paths	-0.11	2.26
1500	-0.11	2.39
melbourne	-0.11	2.19
coasting	-0.11	2.34
mass	-0.11	2.44
regards	-0.11	2.02
conversation	-0.11	2.33
trails	-0.11	2.13
main	-0.11	2.63
improving	-0.11	2.26
naturally	-0.11	2.25
climate	-0.11	2.38
amazon	-0.11	2.34
maintenance	-0.11	2.48
residential	-0.11	2.40
climbs	-0.11	1.80
purchases	-0.11	2.18
used	-0.11	3.42
grabbed	-0.11	2.64
floor	-0.11	2.56
shopping	-0.11	2.25
kids	-0.11	2.23
amateur	-0.11	2.14
fit	-0.11	3.06
spending	-0.11	2.98
attractive	-0.11	2.26
sore	-0.11	2.27
describing	-0.10	3.07
force	-0.10	2.46
intersection	-0.10	2.85
register	-0.10	2.49
smash	-0.10	2.31
street	-0.10	2.50
shipped	-0.10	2.58
greater	-0.10	2.45
boxes	-0.10	2.56
1/2	-0.10	2.59
kicked	-0.10	2.45
daughter	-0.10	2.61
debate	-0.10	2.84
june	-0.10	3.00
society	-0.10	2.12
<SPECIAL>	-0.10	1.97
<URL>	-0.10	1.97
adding	-0.10	2.71
concern	-0.10	3.18
weekends	-0.10	2.88
inspection	-0.10	2.03
sustained	-0.10	2.18
140	-0.10	2.49
sprinting	-0.10	2.31
28mm	-0.10	2.25
studs	-0.10	2.14
component	-0.10	2.13
taste	-0.10	1.98
less	-0.10	3.15
diesel	-0.10	2.31
age	-0.10	2.30
usd	-0.10	2.66
accommodate	-0.10	2.45
sheet	-0.09	2.14
degree	-0.09	2.25
benefits	-0.09	2.54
removed	-0.09	2.51
upper	-0.09	2.17
policy	-0.09	2.43
hybrid	-0.09	1.97
deore	-0.09	2.31
capable	-0.09	2.07
spacing	-0.09	2.33
repair	-0.09	2.59
first	-0.09	3.39
gas	-0.09	2.36
desk	-0.09	2.70
300	-0.09	2.42
pads	-0.09	2.34
winter	-0.09	2.19
services	-0.09	2.36
conti	-0.09	2.25
ave	-0.09	2.23
tension	-0.09	2.55
fixing	-0.09	3.10
messing	-0.09	2.51
overnight	-0.09	2.68
upon	-0.09	2.65
hold	-0.09	2.79
losing	-0.09	2.61
avid	-0.09	2.15
cables	-0.09	2.59
different	-0.09	2.97
nearest	-0.09	2.38
ratios	-0.08	2.28
adjustment	-0.08	2.55
replacement	-0.08	2.53
requires	-0.08	2.63
possibility	-0.08	2.89
various	-0.08	2.91
sitting	-0.08	2.91
forced	-0.08	3.34
engine	-0.08	2.21
quads	-0.08	2.22
25mm	-0.08	2.28
safely	-0.08	2.82
600	-0.08	2.58
occasion	-0.08	2.31
flex	-0.08	2.39
district	-0.08	2.07
associated	-0.08	2.09
tuned	-0.08	2.94
garage	-0.08	2.67
protecting	-0.08	2.46
automobile	-0.08	2.12
proven	-0.08	2.66
rated	-0.08	2.67
shock	-0.08	2.19
tiny	-0.08	2.70
lbs	-0.08	2.68
beside	-0.08	2.49
seated	-0.08	2.56
yelled	-0.08	2.42
body	-0.08	2.17
utility	-0.08	2.44
together	-0.08	3.10
sections	-0.08	2.00
route	-0.08	2.93
purpose	-0.08	3.08
volunteer	-0.08	2.42
dealers	-0.08	2.48
closer	-0.08	2.96
pushed	-0.08	2.47
cafe	-0.08	2.17
blocked	-0.07	2.71
allowing	-0.07	2.71
steady	-0.07	2.09
belgium	-0.07	2.15
wide	-0.07	2.32
ambulance	-0.07	2.40
office	-0.07	2.79
business	-0.07	2.47
nose	-0.07	2.32
euro	-0.07	2.67
rigid	-0.07	2.04
resistance	-0.07	2.22
larger	-0.07	2.64
mirrors	-0.07	2.52
realized	-0.07	3.28
itself	-0.07	2.71
war	-0.07	1.65
saw	-0.07	3.18
cardio	-0.07	1.89
tdf	-0.07	1.98
blown	-0.07	2.36
tailwind	-0.07	2.00
extension	-0.07	2.29
government	-0.07	2.40
dual	-0.07	2.30
highly	-0.07	2.87
braking	-0.07	2.21
win	-0.07	2.37
retail	-0.07	2.46
mountain	-0.07	2.09
purposes	-0.07	2.63
pieces	-0.06	2.23
automatically	-0.06	2.50
excuse	-0.06	2.46
options	-0.06	3.06
u-locks	-0.06	2.25
engage	-0.06	2.20
150	-0.06	2.42
employees	-0.06	2.27
aerodynamics	-0.06	2.00
indicate	-0.06	2.58
thicker	-0.06	2.58
cassettes	-0.06	2.30
smaller	-0.06	2.69
xc	-0.06	2.14
humor	-0.06	2.48
code	-0.06	2.31
boost	-0.06	2.65
approximately	-0.06	2.47
400	-0.06	2.47
girls	-0.06	1.95
furthermore	-0.06	2.19
australian	-0.06	2.14
draw	-0.06	2.52
stored	-0.06	2.57
alignment	-0.06	2.47
cents	-0.06	2.81
mechanical	-0.06	2.22
75	-0.06	2.42
feeling	-0.06	2.97
drill	-0.05	2.30
ever	-0.05	3.77
bicycles	-0.05	1.95
100	-0.05	2.41
circles	-0.05	2.46
luckily	-0.05	2.52
holes	-0.05	2.37
backed	-0.05	2.54
leverage	-0.05	2.24
spds	-0.05	2.38
rpm	-0.05	2.35
cleat	-0.05	2.40
spd	-0.05	2.35
steeper	-0.05	2.25
200	-0.05	2.43
gearing	-0.05	2.33
messenger	-0.05	2.05
spread	-0.05	2.25
apartment	-0.05	2.63
path	-0.05	2.25
solved	-0.05	2.45
witnesses	-0.05	2.38
extra	-0.05	2.80
november	-0.05	2.95
october	-0.05	3.02
platforms	-0.05	2.42
casual	-0.05	2.31
smallest	-0.05	2.37
trips	-0.05	2.64
platform	-0.05	2.41
terrain	-0.05	2.25
apply	-0.05	2.35
tilt	-0.05	2.61
younger	-0.04	2.53
available	-0.04	2.70
adrenaline	-0.04	2.09
california	-0.04	2.17
tricky	-0.04	1.88
sat	-0.04	2.65
brands	-0.04	2.46
tightened	-0.04	2.72
turns	-0.04	2.92
distracted	-0.04	2.31
strongly	-0.04	2.81
quicker	-0.04	2.87
pricey	-0.04	1.93
scientific	-0.04	2.61
lengths	-0.04	2.56
sit	-0.04	2.43
courses	-0.04	2.41
bit	-0.04	3.42
throwing	-0.04	2.58
screws	-0.04	2.48
blow	-0.04	2.54
computers	-0.04	2.21
flexibility	-0.04	2.10
front	-0.04	2.41
55	-0.04	2.40
distances	-0.04	2.61
factors	-0.04	2.87
next	-0.04	3.38
2k	-0.04	2.30
bigger	-0.04	2.79
weather	-0.04	2.12
tektro	-0.04	2.22
entering	-0.04	2.61
cassette	-0.04	2.28
pressed	-0.03	2.34
ours	-0.03	2.39
derailer	-0.03	2.37
lance	-0.03	1.70
cogs	-0.03	2.31
fear	-0.03	2.86
pad	-0.03	2.35
especially	-0.03	3.05
mainly	-0.03	2.49
flipping	-0.03	2.43
90	-0.03	2.41
proceed	-0.03	2.70
14	-0.03	2.36
measuring	-0.03	2.51
norm	-0.03	2.73
yield	-0.03	2.48
expand	-0.03	2.63
basement	-0.03	2.59
stayed	-0.03	2.72
kitchen	-0.03	2.47
variety	-0.03	2.81
roadbike	-0.03	1.94
trade	-0.03	2.75
southern	-0.03	2.10
walking	-0.03	2.25
installed	-0.03	2.52
tow	-0.03	2.36
piece	-0.03	2.23
taint	-0.03	2.12
lt	-0.03	2.40
picked	-0.03	2.69
reminder	-0.03	2.47
11	-0.03	2.33
modified	-0.03	2.13
125	-0.03	2.15
owner	-0.03	2.64
700	-0.03	2.43
planning	-0.03	3.42
alu	-0.03	1.62
gentle	-0.02	2.03
vacation	-0.02	2.30
made	-0.02	2.55
continued	-0.02	2.48
accordingly	-0.02	2.50
alot	-0.02	2.64
center	-0.02	2.64
apparent	-0.02	2.41
team	-0.02	2.12
errands	-0.02	2.70
models	-0.02	2.53
under	-0.02	2.63
barrel	-0.02	2.52
puncture	-0.02	2.40
ease	-0.02	1.97
rocks	-0.02	2.07
blew	-0.02	2.44
camp	-0.02	2.84
rare	-0.02	2.00
width	-0.02	2.38
aerodynamic	-0.02	2.48
august	-0.02	2.98
physical	-0.02	2.03
simplicity	-0.02	1.70
130	-0.02	2.38
positioning	-0.02	2.40
road	-0.02	2.28
whole	-0.02	2.46
planned	-0.02	3.04
shoe	-0.02	2.35
tubeless	-0.02	2.17
120	-0.02	2.38
lock	-0.02	2.41
house	-0.02	2.58
23mm	-0.02	2.26
friends	-0.02	2.60
recumbent	-0.02	2.00
thighs	-0.02	2.22
scratched	-0.02	2.45
studies	-0.02	2.65
24	-0.02	2.34
package	-0.02	2.02
laughing	-0.02	2.40
extend	-0.01	2.42
uses	-0.01	2.80
bearings	-0.01	2.24
everyday	-0.01	2.48
border	-0.01	2.21
semi	-0.01	2.13
stopped	-0.01	2.73
italy	-0.01	2.14
prevents	-0.01	2.71
rise	-0.01	2.27
manner	-0.01	2.22
assembly	-0.01	2.40
toe	-0.01	2.39
800	-0.01	2.47
welded	-0.01	2.19
arrive	-0.01	2.97
shed	-0.01	2.59
actual	-0.01	2.37
central	-0.01	2.13
tends	-0.01	2.50
necessary	-0.01	2.86
barrier	-0.01	2.15
cruising	-0.01	2.47
return	-0.01	2.39
imperial	-0.01	2.81
resistant	-0.01	2.30
kryptonite	-0.01	2.32
manual	-0.01	2.12
endurance	-0.01	2.08
absorb	-0.01	2.22
passed	-0.01	2.59
dad	-0.01	2.71
hanging	-0.01	2.55
lifetime	-0.01	2.29
prior	-0.01	2.80
orders	-0.01	2.35
fold	-0.01	2.51
42	-0.01	2.35
competitive	-0.01	2.33
september	-0.01	3.01
routes	-0.01	2.50
constantly	-0.01	2.69
mistake	-0.01	2.75
rotors	-0.01	2.41
emergency	-0.01	2.35
tackle	-0.01	2.34
freezing	-0.01	2.15
froome	-0.01	1.89
safer	-0.01	2.49
requirement	-0.00	2.36
seemingly	-0.00	2.54
95	-0.00	2.35
open	-0.00	2.43
ring	-0.00	2.35
chainring	-0.00	2.33
hung	-0.00	2.54
parallel	-0.00	2.40
purchased	-0.00	2.71
zones	-0.00	2.28
1	-0.00	2.50
gate	-0.00	2.29
clothes	-0.00	2.52
screaming	-0.00	1.92
gets	-0.00	2.48
one	0.00	3.88
moves	0.00	2.62
visiting	0.00	2.36
cutting	0.00	2.37
flying	0.00	2.49
differently	0.00	2.65
systems	0.00	2.31
rebuilt	0.00	2.37
angle	0.00	2.37
free	0.00	2.37
slowed	0.00	2.66
cadence	0.00	2.28
stamped	0.00	2.23
rid	0.00	2.27
figured	0.00	3.60
inside	0.00	2.59
ability	0.00	2.55
900	0.00	2.39
loads	0.00	2.32
float	0.00	2.36
carefully	0.01	2.46
asking	0.01	3.48
trainers	0.01	1.99
packs	0.01	2.35
called	0.01	2.98
signs	0.01	2.34
cold	0.01	2.09
visit	0.01	2.47
dropping	0.01	2.78
trim	0.01	2.38
redditors	0.01	2.28
sunday	0.01	3.01
tap	0.01	2.39
massive	0.01	2.39
home	0.01	2.94
breath	0.01	2.30
buy	0.01	3.30
sf	0.01	2.11
unable	0.01	3.04
clipless	0.01	2.36
pops	0.01	2.40
slow	0.01	2.85
doesnt	0.01	3.19
too	0.01	3.58
using	0.01	3.21
held	0.01	2.68
better	0.01	3.41
latest	0.01	2.10
yard	0.01	2.28
choosing	0.01	2.93
spacer	0.01	2.30
construction	0.01	2.19
pinch	0.01	2.31
locking	0.01	2.45
screen	0.01	1.99
mild	0.01	2.17
bullhorns	0.01	2.21
upside	0.01	2.48
lay	0.01	2.50
spd-sl	0.01	2.32
brake	0.01	2.33
saturday	0.02	3.01
downhills	0.02	1.94
clipping	0.02	2.46
compatible	0.02	2.23
present	0.02	2.68
peoples	0.02	2.26
tandem	0.02	2.02
weighed	0.02	2.36
storage	0.02	2.61
sits	0.02	2.46
taught	0.02	2.18
legs	0.02	2.11
lost	0.02	2.54
spring	0.02	2.86
mouth	0.02	2.54
screwed	0.02	2.74
pedals	0.02	2.34
analogy	0.02	2.51
posture	0.02	2.25
setups	0.02	2.24
slammed	0.02	2.37
cycles	0.02	2.01
showers	0.02	2.46
1.5	0.02	2.60
knife	0.02	2.35
license	0.02	2.41
july	0.02	3.00
tooth	0.02	2.25
non	0.02	2.46
varies	0.02	2.39
solely	0.02	2.47
unlike	0.02	2.24
logical	0.02	2.58
presumably	0.02	2.40
focus	0.02	2.25
handled	0.02	2.58
grab	0.02	2.59
periods	0.02	2.42
mech	0.02	2.29
upgrades	0.02	2.91
dudes	0.02	2.10
bb7	0.02	2.26
banned	0.02	2.24
sided	0.02	2.33
direct	0.02	2.45
pedaling	0.02	2.60
heat	0.03	2.13
turned	0.03	2.80
daily	0.03	2.71
kid	0.03	2.53
covers	0.03	2.22
pedestrian	0.03	2.36
wtf	0.03	2.50
quarter	0.03	2.57
bc	0.03	2.08
cut	0.03	2.38
hooks	0.03	2.41
twist	0.03	2.43
fingers	0.03	2.30
loose	0.03	2.31
marginal	0.03	2.71
strictly	0.03	2.73
friday	0.03	3.01
chunk	0.03	2.40
28	0.03	2.29
shelf	0.03	2.41
finger	0.03	2.20
waist	0.03	2.28
mechanic	0.03	2.45
map	0.03	2.26
chainrings	0.03	2.28
17	0.03	2.25
shifting	0.03	2.29
brother	0.03	2.67
touch	0.03	2.50
voice	0.03	2.12
tools	0.03	2.60
requiring	0.03	2.35
watch	0.03	2.45
dedicated	0.03	2.41
trigger	0.03	2.34
70	0.03	2.33
essentially	0.03	2.37
routing	0.03	2.26
developed	0.04	2.36
ulock	0.04	2.37
rings	0.04	2.27
lever	0.04	2.44
afternoon	0.04	2.97
derailleur	0.04	2.39
clips	0.04	2.35
hurts	0.04	1.66
5700	0.04	2.40
extreme	0.04	2.31
u-lock	0.04	2.38
bay	0.04	2.09
indoor	0.04	2.18
bolted	0.04	2.34
meaning	0.04	2.38
la	0.04	2.11
thumb	0.04	2.38
flight	0.04	2.16
hydraulic	0.04	2.23
field	0.04	2.31
power	0.04	2.34
felt	0.04	2.48
weak	0.04	1.99
april	0.04	2.95
stiffer	0.04	2.77
lightest	0.04	2.98
dealer	0.04	2.26
beginning	0.04	2.94
customer	0.04	2.36
500	0.04	2.41
33	0.04	2.44
show	0.04	2.95
hoods	0.04	2.32
positions	0.04	2.42
drivetrain	0.04	2.42
regarding	0.04	2.50
aluminum	0.04	2.19
thinner	0.05	2.65
stages	0.05	2.04
prescription	0.05	2.36
comparable	0.05	2.40
longer	0.05	2.73
family	0.05	2.55
mechanics	0.05	2.21
waiting	0.05	3.23
headphones	0.05	2.21
tours	0.05	2.35
austin	0.05	2.09
giro	0.05	2.01
loud	0.05	2.10
windy	0.05	1.69
shall	0.05	2.50
wasting	0.05	2.77
scare	0.05	2.15
section	0.05	1.97
cable	0.05	2.37
internally	0.05	2.16
morning	0.05	2.97
unsure	0.05	3.93
ears	0.05	2.23
similarly	0.05	2.19
default	0.05	2.26
i.e	0.05	2.27
early	0.05	2.63
members	0.05	2.27
secured	0.05	2.38
fiber	0.05	2.09
shorter	0.05	2.51
temps	0.06	2.17
welding	0.06	2.12
38	0.06	2.38
cleats	0.06	2.34
noticeably	0.06	2.88
complete	0.06	1.98
torque	0.06	2.37
join	0.06	2.18
news	0.06	2.10
temperature	0.06	2.16
peak	0.06	1.47
tiagra	0.06	2.30
reviews	0.06	2.26
no	0.06	3.66
singletrack	0.06	2.00
tops	0.06	2.39
whatsoever	0.06	2.89
rear	0.06	2.27
smoother	0.06	2.78
log	0.06	1.92
hanger	0.06	2.33
intersections	0.06	2.43
system	0.06	2.52
supply	0.06	2.29
argument	0.06	2.85
fuel	0.06	2.23
calm	0.06	2.05
consideration	0.06	2.57
ordered	0.06	2.59
maintain	0.06	2.56
radius	0.06	2.28
bought	0.06	2.82
rocky	0.06	1.94
caliper	0.06	2.31
learned	0.06	2.53
indexed	0.06	2.29
ages	0.06	2.87
overtaking	0.06	2.61
muscle	0.06	2.05
casually	0.07	2.57
hearing	0.07	2.17
manufacturer	0.07	2.31
calipers	0.07	2.28
strap	0.07	2.24
fitted	0.07	2.75
support	0.07	2.41
stage	0.07	2.09
comparing	0.07	2.47
coming	0.07	3.12
bearing	0.07	2.07
consistently	0.07	2.43
test	0.07	2.87
installing	0.07	2.63
indoors	0.07	2.53
delivered	0.07	2.46
convenience	0.07	2.16
g	0.07	2.12
evening	0.07	2.95
drop	0.07	2.40
electronic	0.07	2.18
34	0.07	2.34
strength	0.07	1.90
sorts	0.07	2.94
form	0.07	2.44
pivot	0.07	2.32
speedplay	0.07	2.32
phrase	0.07	2.37
85	0.07	2.35
range	0.07	2.47
crank	0.07	2.24
met	0.07	2.94
unique	0.07	1.67
purely	0.07	2.37
reached	0.07	2.19
sized	0.07	2.40
added	0.07	2.48
brakes	0.07	2.27
pair	0.08	2.10
plan	0.08	3.36
demand	0.08	2.29
breathing	0.08	2.30
16	0.08	2.26
waving	0.08	2.11
noises	0.08	2.07
lesson	0.08	2.33
produced	0.08	2.15
derailleurs	0.08	2.34
mapmyride	0.08	2.23
se	0.08	1.75
guns	0.08	2.46
ice	0.08	2.05
u	0.08	2.57
golf	0.08	2.06
canti	0.08	2.23
13	0.08	2.29
ii	0.08	2.21
hotel	0.08	2.51
acceleration	0.08	2.35
messed	0.08	2.10
folding	0.08	2.18
protection	0.08	2.30
counter	0.08	2.31
concerns	0.08	2.84
soak	0.08	2.60
handlebars	0.08	2.40
patience	0.08	2.31
cycling	0.08	2.31
charging	0.08	2.27
newer	0.08	2.42
slim	0.08	2.26
severely	0.09	2.26
sunscreen	0.09	2.13
aero	0.09	2.30
equipment	0.09	2.25
installation	0.09	2.35
meets	0.09	1.92
slowing	0.09	2.64
max	0.09	2.28
trp	0.09	2.30
geometry	0.09	2.28
spin	0.09	2.42
cleared	0.09	2.77
tighten	0.09	2.45
ordering	0.09	2.61
tank	0.09	2.10
22	0.09	2.28
end	0.09	2.63
29er	0.09	1.95
tuesday	0.09	2.94
diameter	0.09	2.36
more	0.09	3.15
metro	0.09	2.26
shout	0.09	2.19
trying	0.09	3.51
wild	0.09	2.18
west	0.09	2.07
corners	0.09	2.18
colorado	0.09	2.13
words	0.09	2.31
protect	0.10	2.27
tour	0.10	2.06
shifter	0.10	2.31
horns	0.10	2.05
cash	0.10	2.63
spindle	0.10	2.22
ebay	0.10	2.61
cranks	0.10	2.19
theory	0.10	2.52
nashbar	0.10	2.43
sweating	0.10	2.24
child	0.10	2.19
top	0.10	2.40
manufacturing	0.10	2.14
getting	0.10	3.25
19	0.10	2.09
efforts	0.10	2.22
250	0.10	2.43
lives	0.10	2.55
26	0.10	2.11
roadway	0.10	2.50
spot	0.10	3.02
facilities	0.10	2.32
axle	0.10	2.30
feature	0.10	2.05
mechanism	0.10	2.37
loosen	0.10	2.47
stretches	0.10	2.07
fyi	0.10	2.27
large	0.10	2.61
punch	0.10	2.38
excess	0.10	2.57
segments	0.10	2.26
st	0.10	2.15
v-brakes	0.10	2.25
particularly	0.10	2.53
quickly	0.10	3.05
handed	0.10	2.28
magic	0.10	2.32
certain	0.10	2.90
trained	0.10	2.40
inch	0.10	2.23
tightening	0.10	2.48
stands	0.11	2.29
700c	0.11	2.25
radio	0.11	2.26
tire	0.11	2.23
cutters	0.11	2.34
drops	0.11	2.34
internet	0.11	2.51
diy	0.11	2.31
usage	0.11	2.29
rate	0.11	2.25
80	0.11	2.26
sizes	0.11	2.47
east	0.11	2.05
350	0.11	2.32
sale	0.11	2.57
shower	0.11	2.53
largest	0.11	2.46
rush	0.11	2.24
moving	0.11	2.71
bottom	0.11	2.17
tests	0.11	2.46
sister	0.11	3.05
lemond	0.11	1.73
10-speed	0.11	2.27
resting	0.11	2.41
hear	0.11	2.51
taking	0.11	3.13
clearance	0.11	2.33
commuting	0.11	2.68
gutter	0.11	2.59
efficiency	0.11	2.29
spinning	0.11	2.40
serves	0.11	2.46
steps	0.11	2.25
order	0.11	2.72
zero	0.11	2.33
place	0.11	3.42
sweaty	0.11	2.29
gravity	0.11	2.36
counts	0.11	2.58
weapon	0.11	2.33
f	0.12	2.12
keeps	0.12	2.70
located	0.12	2.15
heart	0.12	2.24
disk	0.12	2.21
string	0.12	2.05
rainy	0.12	2.14
additional	0.12	2.40
stationary	0.12	2.15
attachment	0.12	2.31
tyre	0.12	2.23
parents	0.12	2.59
control	0.12	2.27
heck	0.12	2.90
north	0.12	2.08
tubes	0.12	2.29
new	0.12	2.61
nights	0.12	2.91
shouting	0.12	2.06
keeping	0.12	2.76
lightly	0.12	2.37
hammer	0.12	2.42
surroundings	0.12	2.43
alternate	0.12	2.59
son	0.12	2.38
23	0.12	2.23
usual	0.12	2.30
materials	0.12	2.14
external	0.12	2.19
kits	0.12	2.34
named	0.12	1.82
mark	0.12	2.44
holding	0.12	2.64
happily	0.12	2.77
sti	0.12	2.26
msrp	0.12	2.47
stack	0.12	2.30
epic	0.12	1.97
roommate	0.12	2.58
cleaned	0.12	2.35
wore	0.13	2.24
sunglasses	0.13	2.09
threaded	0.13	2.16
cartridge	0.13	2.19
includes	0.13	2.54
framed	0.13	1.98
sticking	0.13	2.42
according	0.13	2.18
threshold	0.13	2.11
offroad	0.13	2.16
taller	0.13	2.51
fitting	0.13	2.48
sound	0.13	2.17
pricing	0.13	2.34
checked	0.13	2.76
weekly	0.13	2.68
annoying	0.13	1.80
profit	0.13	2.27
rd	0.13	2.26
theirs	0.13	2.52
innocent	0.13	2.18
intervals	0.13	2.09
manufacturers	0.13	2.36
trailers	0.13	1.94
dress	0.13	2.44
180	0.13	2.41
functional	0.13	1.99
450	0.13	2.45
gross	0.13	1.77
cuts	0.13	2.15
moments	0.13	2.17
load	0.13	2.04
cf	0.13	2.04
controlled	0.13	2.36
merely	0.13	2.71
public	0.13	2.26
basis	0.13	2.26
discs	0.13	2.24
interval	0.14	2.09
edges	0.14	2.24
release	0.14	2.43
21	0.14	2.22
indication	0.14	3.08
bears	0.14	1.62
160	0.14	2.37
previously	0.14	2.56
bb30	0.14	2.15
tunnel	0.14	2.29
warmer	0.14	2.16
shimano	0.14	2.24
financial	0.14	2.37
bead	0.14	2.19
straps	0.14	2.28
points	0.14	2.61
components	0.14	2.44
online	0.14	2.53
650	0.14	2.33
guard	0.14	2.36
rule	0.14	2.54
taper	0.14	2.21
lanes	0.14	2.26
stopping	0.14	2.38
basket	0.14	2.09
subjective	0.14	2.41
respond	0.14	2.24
south	0.14	2.03
calves	0.14	2.07
bb	0.14	2.17
halfway	0.14	2.43
levels	0.14	2.24
goals	0.14	2.70
arrested	0.14	2.38
headed	0.14	2.89
chains	0.14	2.31
cheaply	0.15	2.17
bikesdirect	0.15	2.56
pipe	0.15	2.24
stretched	0.15	2.49
motobecane	0.15	2.00
mixed	0.15	2.02
32	0.15	2.27
strategy	0.15	2.43
slack	0.15	2.29
homeless	0.15	2.03
stories	0.15	1.93
rapha	0.15	2.20
critical	0.15	2.18
performance	0.15	2.38
levers	0.15	2.24
grass	0.15	2.08
crankset	0.15	2.20
space	0.15	2.59
late	0.15	2.65
attached	0.15	2.37
rim	0.15	2.28
father	0.15	3.06
length	0.15	2.37
hauling	0.15	2.11
and/or	0.15	2.16
assumed	0.15	2.56
loops	0.15	2.27
horn	0.15	2.00
study	0.15	2.46
slx	0.15	2.10
sharp	0.15	2.34
listed	0.15	2.47
thick	0.15	2.10
frustrating	0.15	1.56
inner	0.15	2.26
comfortably	0.15	2.54
clamps	0.16	2.33
marketing	0.16	2.03
danger	0.16	2.49
trail	0.16	2.09
dunno	0.16	2.37
hat	0.16	2.20
plates	0.16	2.31
small	0.16	2.53
following	0.16	2.44
meat	0.16	1.89
mudguards	0.16	2.29
70s	0.16	1.80
warm	0.16	2.17
5800	0.16	2.35
tested	0.16	2.41
adjustable	0.16	2.26
blowing	0.16	2.41
lenses	0.16	2.40
dry	0.16	2.36
reach	0.16	2.43
private	0.16	2.37
brackets	0.16	2.15
pressures	0.16	2.22
groupsets	0.16	2.22
became	0.16	2.30
treatment	0.16	2.08
install	0.16	2.52
tube	0.16	2.26
exposed	0.16	2.08
tear	0.16	2.35
press	0.16	2.35
tonight	0.16	3.14
quality	0.16	2.01
apps	0.16	2.31
fd	0.16	2.26
bull	0.17	2.12
groupset	0.17	2.35
27	0.17	2.24
descents	0.17	1.94
hurting	0.17	2.21
transfer	0.17	2.38
currently	0.17	2.96
premium	0.17	2.30
sleeping	0.17	2.29
primary	0.17	2.60
uncle	0.17	3.04
wheelsets	0.17	2.39
recent	0.17	2.18
steep	0.17	1.86
monitor	0.17	2.21
mtn	0.17	2.04
hr	0.17	2.20
bracket	0.17	2.17
budget	0.17	2.94
screw	0.17	2.41
crotch	0.17	2.16
x	0.17	2.27
follows	0.17	1.87
110	0.17	2.22
spare	0.17	2.35
suntour	0.17	2.18
105	0.17	2.33
segment	0.17	2.19
virtually	0.17	2.77
high-end	0.17	2.17
location	0.17	2.60
aliexpress	0.17	2.37
grit	0.18	2.05
mask	0.18	2.16
sealed	0.18	2.19
puts	0.18	2.37
loop	0.18	2.24
discussion	0.18	2.50
coast	0.18	2.07
mini	0.18	2.26
assist	0.18	1.93
groceries	0.18	2.19
spokes	0.18	2.35
equipped	0.18	2.25
products	0.18	2.35
upgrading	0.18	3.12
bolt	0.18	2.33
youre	0.18	2.56
another	0.18	3.64
suited	0.18	2.28
meter	0.18	2.32
tie	0.18	2.31
phones	0.18	2.25
served	0.18	2.70
bolts	0.18	2.34
soon	0.18	3.39
off-road	0.18	2.16
projects	0.18	2.33
raining	0.18	2.10
windows	0.18	2.27
snap	0.18	2.28
position	0.18	2.46
whereas	0.18	2.18
wireless	0.18	2.25
depending	0.18	2.94
putting	0.18	2.95
mash	0.19	2.06
velocity	0.19	2.25
wearing	0.19	2.15
ops	0.19	1.66
36	0.19	2.30
triple	0.19	2.21
balance	0.19	2.19
raising	0.19	2.28
packing	0.19	2.50
operation	0.19	2.14
boots	0.19	2.16
sometime	0.19	2.46
sunny	0.19	2.30
sense	0.19	3.57
remove	0.19	2.35
date	0.19	2.57
secure	0.19	2.33
cantilever	0.19	2.22
touching	0.19	2.39
plate	0.19	2.27
separated	0.19	2.25
v	0.19	2.19
torso	0.19	2.33
bumper	0.19	2.35
seller	0.19	2.52
1200	0.19	2.31
stops	0.19	2.30
gap	0.19	2.39
tent	0.19	2.58
unit	0.19	2.20
mom	0.19	3.00
edge	0.19	2.28
kit	0.19	2.25
mid	0.19	2.48
skewers	0.19	2.37
lacking	0.19	1.54
mirror	0.19	2.36
bulk	0.19	2.48
sweat	0.19	2.13
exact	0.19	2.82
block	0.19	2.50
island	0.19	2.01
unusual	0.19	1.76
research	0.19	2.62
connect	0.20	2.27
air	0.20	2.17
attach	0.20	2.27
tubulars	0.20	2.23
wife	0.20	2.98
co2	0.20	2.26
3rd	0.20	2.14
become	0.20	2.38
patch	0.20	2.28
cap	0.20	2.21
skiing	0.20	1.98
pre	0.20	2.49
focused	0.20	2.03
contact	0.20	2.52
registered	0.20	2.36
thought	0.20	3.28
wire	0.20	2.18
girlfriend	0.20	2.99
29	0.20	2.05
voted	0.20	2.68
ultimate	0.20	1.93
narrow	0.20	2.22
ant	0.20	2.24
shoes	0.20	2.27
e.g	0.20	2.19
trap	0.20	2.29
app	0.20	2.27
trunk	0.20	2.28
young	0.20	1.98
burning	0.20	2.27
signal	0.20	2.73
pump	0.20	2.26
pins	0.20	2.41
handle	0.20	2.36
devices	0.21	2.25
stiffness	0.21	2.18
deadly	0.21	2.35
amount	0.21	2.68
glasses	0.21	2.11
transit	0.21	2.41
sports	0.21	1.70
industry	0.21	2.26
spacers	0.21	2.31
intensity	0.21	2.13
bars	0.21	2.28
warmers	0.21	2.14
funding	0.21	2.01
compact	0.21	2.17
grime	0.21	2.09
famous	0.21	2.57
height	0.21	2.37
glove	0.21	2.16
shows	0.21	2.58
lycra	0.21	2.13
jeans	0.21	2.14
gps	0.21	2.28
shifters	0.21	2.25
athletic	0.21	1.95
pants	0.21	2.18
material	0.21	2.08
sidewall	0.21	2.21
cotton	0.21	2.01
pictured	0.21	1.69
inflated	0.21	2.37
hidden	0.22	2.52
bluetooth	0.22	2.19
men	0.22	2.12
moderate	0.22	2.28
history	0.22	2.17
headset	0.22	2.14
plans	0.22	2.75
dump	0.22	2.27
shooting	0.22	2.14
chainstays	0.22	2.24
pitch	0.22	2.18
brifters	0.22	2.25
t-shirt	0.22	2.13
springs	0.22	1.42
1/4	0.22	2.32
mounting	0.22	2.26
initially	0.22	2.96
accessible	0.22	2.31
dt	0.22	2.11
roof	0.23	2.48
provided	0.23	2.55
bicycling	0.23	2.20
carbon	0.23	2.15
having	0.23	3.10
shell	0.23	2.15
functionality	0.23	2.08
trike	0.23	2.09
sram	0.23	2.23
tad	0.23	2.67
items	0.23	2.34
adds	0.23	2.35
sensor	0.23	2.22
basic	0.23	2.24
measurements	0.23	2.41
ball	0.23	2.02
metal	0.23	2.15
chair	0.23	2.45
previous	0.23	2.47
carrying	0.23	2.06
camping	0.23	2.31
crossing	0.23	2.41
eyes	0.23	2.29
through	0.23	2.55
whilst	0.24	2.28
margin	0.24	2.27
multi	0.24	2.24
gran	0.24	2.34
expensive	0.24	2.18
sole	0.24	2.29
balaclava	0.24	2.14
trailer	0.24	2.09
uncomfortable	0.24	1.93
valve	0.24	2.16
calories	0.24	2.20
confusion	0.24	2.60
hose	0.24	2.25
treks	0.24	1.87
via	0.24	2.23
staff	0.24	2.12
fork	0.24	2.16
practice	0.24	2.33
garmin	0.24	2.21
career	0.24	1.91
qr	0.24	2.37
fool	0.24	2.02
skill	0.24	1.94
bag	0.24	2.21
science	0.24	2.25
saving	0.24	2.83
technology	0.24	2.20
computer	0.24	2.22
panniers	0.24	2.11
sora	0.25	2.20
nut	0.25	2.33
cornering	0.25	2.07
smart	0.25	1.90
gloves	0.25	2.13
expert	0.25	1.87
rack	0.25	2.22
hubs	0.25	2.18
underwear	0.25	2.14
patches	0.25	2.28
designated	0.25	2.25
found	0.25	2.85
task	0.25	2.44
stems	0.25	2.25
plug	0.25	2.27
strapped	0.25	2.23
specific	0.25	2.75
elite	0.25	1.52
wanting	0.25	3.40
pit	0.25	2.17
pa	0.25	2.17
connected	0.25	2.34
device	0.25	2.27
multitool	0.25	2.30
features	0.25	2.15
identical	0.25	2.62
izumi	0.25	2.12
clamp	0.25	2.33
preferably	0.25	2.57
method	0.25	2.56
adapter	0.25	2.17
hrm	0.26	2.24
square	0.26	2.12
strava	0.26	2.19
application	0.26	2.41
clinchers	0.26	2.17
size	0.26	2.36
fsa	0.26	2.18
rain	0.26	2.00
investment	0.26	2.89
outer	0.26	2.24
bathroom	0.26	2.41
android	0.26	2.30
er	0.26	2.17
2300	0.26	2.19
spec	0.26	2.14
ends	0.26	2.32
data	0.26	2.23
park	0.26	2.20
spoke	0.26	2.28
de	0.26	1.90
technique	0.26	2.11
gf	0.26	2.97
loaded	0.26	2.06
commuter	0.26	1.96
smoothly	0.26	2.63
memory	0.26	2.01
lens	0.26	2.06
carry	0.26	2.23
mail	0.27	2.24
prime	0.27	2.28
iphone	0.27	2.18
worthwhile	0.27	3.45
realised	0.27	3.10
wiggle	0.27	2.28
alternative	0.27	2.62
sensors	0.27	2.24
sagan	0.27	2.01
ban	0.27	2.34
fat	0.27	2.05
pearl	0.27	2.14
52	0.27	2.37
gauge	0.27	2.30
traditional	0.27	2.10
management	0.27	2.12
outdoor	0.27	2.09
remains	0.27	2.28
board	0.27	2.14
dense	0.27	2.06
skewer	0.27	2.35
dura-ace	0.27	2.28
generation	0.27	2.22
turbo	0.27	2.14
kilo	0.27	2.34
fx	0.27	2.27
stop	0.27	2.49
markings	0.27	2.53
confirm	0.27	2.04
official	0.27	2.17
burn	0.27	2.16
enough	0.28	3.13
medium	0.28	2.36
buying	0.28	2.94
steerer	0.28	2.23
topeak	0.28	2.21
mornings	0.28	2.56
ordinary	0.28	2.22
wipe	0.28	2.19
theres	0.28	2.79
stem	0.28	2.26
pulling	0.28	2.68
depend	0.28	2.85
laptop	0.28	2.29
health	0.28	2.03
eyelets	0.28	2.24
complex	0.28	2.13
picking	0.28	2.97
claris	0.28	2.17
compression	0.28	2.25
monday	0.29	2.89
santa	0.29	2.04
alloy	0.29	2.16
volume	0.29	2.07
initial	0.29	2.40
socks	0.29	2.13
bring	0.29	2.60
sketchy	0.29	1.70
510	0.29	2.19
naked	0.29	2.25
give	0.29	3.05
analysis	0.29	2.31
somehow	0.29	2.68
transport	0.29	2.45
animal	0.29	1.63
measurement	0.29	2.39
fish	0.29	1.96
wallet	0.29	2.26
wool	0.29	2.12
crosswalk	0.29	2.41
prepared	0.29	2.89
forks	0.29	2.06
clubs	0.29	2.24
worked	0.29	3.10
frames	0.29	2.13
hilly	0.29	2.17
pumps	0.29	2.28
sorted	0.29	2.94
painful	0.29	1.85
inseam	0.29	2.40
energy	0.29	2.30
fill	0.30	2.22
fabric	0.30	2.18
desire	0.30	2.55
presta	0.30	2.16
structure	0.30	2.13
partner	0.30	2.88
prepare	0.30	2.32
club	0.30	2.18
cm	0.30	2.40
magnet	0.30	2.23
oil	0.30	2.20
provides	0.30	2.42
opportunity	0.30	2.92
covering	0.30	2.23
nipples	0.30	2.11
mounted	0.30	2.25
cage	0.30	2.22
psi	0.30	2.33
integrated	0.30	2.20
smartphone	0.30	2.18
smoke	0.30	1.77
offered	0.30	2.65
key	0.30	2.37
tall	0.30	2.34
burned	0.30	2.20
velcro	0.31	2.22
share	0.31	2.25
2009	0.31	2.05
duty	0.31	2.04
allen	0.31	2.33
feasible	0.31	3.47
hex	0.31	2.33
tight	0.31	2.27
wonders	0.31	2.26
complaints	0.31	2.81
recovery	0.31	2.20
mount	0.31	2.22
zip	0.31	2.30
possible	0.31	3.60
advanced	0.31	2.03
replied	0.31	3.02
drugs	0.31	2.05
leak	0.31	2.22
cone	0.31	2.16
shorts	0.31	2.13
rubber	0.31	2.11
6800	0.31	2.21
mavic	0.31	2.16
kind	0.31	2.84
output	0.32	2.20
towel	0.32	2.24
wear	0.32	2.15
fluid	0.32	2.01
downtube	0.32	2.23
empty	0.32	2.26
ad	0.32	2.18
racks	0.32	2.20
cargo	0.32	2.00
quiet	0.32	2.07
gives	0.32	2.51
spaces	0.32	2.32
bed	0.32	2.54
related	0.32	2.45
standard	0.32	2.08
grease	0.32	2.25
model	0.32	2.15
58cm	0.32	2.38
chain	0.32	2.25
alcohol	0.32	2.20
hitch	0.32	2.39
short	0.32	2.22
comparison	0.32	2.51
ultegra	0.32	2.20
applies	0.32	2.25
56	0.32	2.37
waterproof	0.32	2.15
owning	0.32	2.16
foil	0.32	2.15
moment	0.32	2.65
received	0.32	2.61
applying	0.32	2.31
id	0.32	2.24
play	0.32	2.25
pannier	0.32	2.07
threads	0.33	2.31
earlier	0.33	2.72
wheels	0.33	2.22
machines	0.33	2.11
solutions	0.33	2.66
french	0.33	2.09
measure	0.33	2.44
ass	0.33	1.98
automatic	0.33	2.28
increasing	0.33	2.14
measured	0.33	2.46
challenge	0.33	2.01
tubing	0.33	2.06
58	0.33	2.37
54	0.33	2.34
escape	0.33	2.13
purchase	0.33	2.46
ai	0.33	2.14
pile	0.33	1.82
game	0.33	2.18
phone	0.33	2.25
56cm	0.33	2.38
albeit	0.33	2.22
decently	0.34	2.31
general	0.34	2.51
keys	0.34	2.27
essential	0.34	2.34
w	0.34	2.17
prices	0.34	2.44
separate	0.34	2.54
purchasing	0.34	2.88
pumping	0.34	2.22
common	0.34	2.27
lake	0.34	2.04
efficient	0.34	2.56
tights	0.34	2.15
aggressive	0.34	2.18
chamois	0.34	2.14
ouch	0.34	2.01
shirts	0.34	2.11
tracking	0.34	2.20
dangerous	0.34	1.89
bill	0.34	2.28
bare	0.34	1.82
tech	0.34	2.07
testing	0.34	2.37
staying	0.34	2.48
dynamo	0.34	2.10
skinny	0.35	1.64
biopace	0.35	2.36
software	0.35	2.07
clock	0.35	2.13
hiking	0.35	2.07
builder	0.35	2.29
safest	0.35	2.74
maps	0.35	2.14
closed	0.35	2.37
lube	0.35	2.26
option	0.35	3.49
stability	0.35	2.11
any	0.35	3.31
trainer	0.35	1.97
paris	0.35	2.03
community	0.35	2.10
jacket	0.35	2.11
guards	0.35	2.14
goggles	0.35	2.13
parts	0.35	2.51
names	0.35	2.03
huge	0.35	2.69
supporting	0.35	2.33
drinking	0.35	2.13
rocket	0.35	1.97
suits	0.35	2.26
era	0.35	1.90
padding	0.35	2.05
process	0.35	2.34
di2	0.35	2.11
lunch	0.35	2.35
access	0.35	2.43
stats	0.35	2.13
setup	0.35	2.59
husband	0.35	2.88
mounts	0.36	2.18
fender	0.36	2.20
chris	0.36	2.07
shifts	0.36	2.21
march	0.36	2.75
recover	0.36	2.32
ace	0.36	2.16
scale	0.36	2.23
m	0.36	3.40
holder	0.36	2.17
sink	0.36	2.16
wrapped	0.36	2.41
handling	0.36	2.15
pocket	0.36	2.21
separately	0.36	2.17
maximum	0.36	2.19
downvoted	0.36	2.76
le	0.36	1.67
sun	0.36	2.10
tomorrow	0.36	3.09
technical	0.36	1.97
refill	0.36	2.16
definitely	0.36	3.54
2015	0.36	2.20
bibs	0.37	2.19
lined	0.37	2.20
uni	0.37	2.11
music	0.37	2.10
troll	0.37	1.86
jumps	0.37	1.96
seat	0.37	2.19
beating	0.37	1.81
english	0.37	2.13
dust	0.37	1.91
product	0.37	2.43
centre	0.37	1.73
full	0.37	2.06
deciding	0.37	2.87
wheelset	0.37	2.24
mileage	0.37	2.31
addition	0.37	2.25
apologies	0.37	2.65
tcr	0.37	2.12
temporary	0.37	2.69
bib	0.38	2.15
settings	0.38	2.25
cell	0.38	2.24
needless	0.38	2.03
yesterday	0.38	2.84
paper	0.38	2.22
powerful	0.38	2.20
riding	0.38	3.05
lady	0.38	2.40
tubular	0.38	2.09
dura	0.38	2.17
backpack	0.38	2.14
second	0.38	3.15
dent	0.38	2.40
54cm	0.38	2.35
thin	0.38	2.15
low	0.38	2.28
dork	0.38	1.92
dying	0.38	2.45
request	0.38	2.31
worthless	0.38	1.90
rant	0.38	2.06
nicely	0.38	2.53
topic	0.38	2.44
determined	0.38	2.05
sleeve	0.38	2.22
layers	0.38	2.08
l	0.39	2.04
cockpit	0.39	2.15
vice	0.39	2.28
big	0.39	2.76
secret	0.39	2.20
styles	0.39	2.30
relaxed	0.39	2.22
sponsored	0.39	2.24
alternatively	0.39	2.66
laced	0.39	2.14
citizen	0.39	2.50
heading	0.40	2.47
described	0.40	2.93
cameras	0.40	2.11
upright	0.40	2.34
aluminium	0.40	1.99
glue	0.40	2.22
jersey	0.40	2.18
base	0.40	2.19
broad	0.40	2.16
accessories	0.40	2.22
caad	0.40	2.10
copy	0.40	2.21
inflate	0.40	2.15
send	0.40	2.48
supports	0.40	2.24
venge	0.40	2.04
kickstand	0.40	1.98
xl	0.40	2.30
becomes	0.40	2.20
gave	0.40	2.89
giant	0.41	2.07
pack	0.41	2.22
tool	0.41	2.21
6'3	0.41	2.48
valves	0.41	2.11
lazy	0.41	1.92
tag	0.41	2.07
housing	0.41	2.23
bags	0.41	2.22
serial	0.41	2.29
removal	0.41	2.30
neighbor	0.41	2.84
swear	0.41	1.95
thru	0.41	2.51
zipp	0.41	2.10
thursday	0.41	2.76
interest	0.41	2.10
fastest	0.41	2.83
january	0.41	2.67
comp	0.41	1.48
ski	0.41	2.02
sl	0.41	1.99
hole	0.41	2.16
released	0.41	2.34
tons	0.41	2.26
john	0.42	1.96
battery	0.42	2.15
rims	0.42	2.11
sufficient	0.42	2.37
sign	0.42	2.55
selling	0.42	2.54
t	0.42	2.13
perfectly	0.42	2.49
inherently	0.42	2.38
ties	0.42	2.23
pissed	0.42	2.47
castelli	0.42	2.15
biased	0.42	2.54
shirt	0.42	2.12
fwiw	0.42	1.91
credit	0.42	2.31
domane	0.42	2.12
upload	0.42	2.19
padded	0.42	2.09
48	0.42	2.24
rollers	0.42	1.90
lugs	0.42	2.00
pressure	0.42	2.11
minus	0.42	1.77
ish	0.42	2.26
r	0.43	2.04
2011	0.43	1.98
compatibility	0.43	2.16
error	0.43	2.21
poster	0.43	2.70
bontrager	0.43	1.98
headtube	0.43	2.22
wrench	0.43	2.27
1.2	0.43	2.18
rag	0.43	2.31
extended	0.43	2.23
steel	0.43	1.96
1st	0.43	2.61
treating	0.43	2.16
mentally	0.43	1.75
sounded	0.43	2.05
egg	0.43	2.08
high	0.43	2.27
reaching	0.43	2.38
production	0.43	2.25
downvote	0.43	2.66
working	0.43	3.29
locally	0.44	2.48
reputable	0.44	2.36
lumens	0.44	2.34
crowd	0.44	1.77
commenting	0.44	2.56
lastly	0.44	2.23
wrenches	0.44	2.23
terrifying	0.44	2.11
fitness	0.44	1.97
compared	0.44	2.53
ti	0.44	2.00
co	0.44	1.81
reynolds	0.44	2.09
defy	0.44	2.06
checking	0.45	2.69
rails	0.45	2.08
aspect	0.45	1.78
handlebar	0.45	2.17
lubricant	0.45	2.21
miyata	0.45	1.98
rival	0.45	2.17
protective	0.45	2.24
risky	0.45	1.88
evo	0.45	2.04
cleaning	0.45	2.23
websites	0.45	2.43
similar	0.45	2.13
item	0.45	2.39
transportation	0.45	2.52
2012	0.46	2.13
filled	0.46	2.02
op	0.46	2.89
stomach	0.46	2.15
sick	0.46	2.12
universal	0.46	2.11
5'10	0.46	2.51
pin	0.46	2.15
provide	0.46	2.43
version	0.46	2.37
synapse	0.46	2.03
sentence	0.46	2.49
ford	0.46	1.73
titanium	0.46	2.09
priced	0.46	2.01
price	0.46	2.44
campaign	0.46	2.01
glance	0.46	2.31
horizontal	0.46	2.13
chart	0.47	2.21
opened	0.47	2.36
knowledge	0.47	2.25
aka	0.47	2.04
crown	0.47	1.97
active	0.47	2.09
records	0.47	2.21
cyclocross	0.47	1.99
legitimate	0.47	2.21
scott	0.47	1.89
damned	0.47	1.72
fenders	0.47	2.05
novice	0.47	1.89
mother	0.47	2.18
recorded	0.47	2.09
setting	0.47	2.19
bmc	0.48	1.94
nishiki	0.48	1.83
reasonable	0.48	1.83
ex	0.48	2.16
exchange	0.48	1.52
art	0.48	1.41
vote	0.48	2.33
calculator	0.48	2.23
rail	0.48	1.95
cooler	0.48	2.01
suit	0.48	2.11
look	0.48	3.34
seatpost	0.49	2.13
holds	0.49	2.26
sites	0.49	2.37
elaborate	0.49	2.73
keep	0.49	2.71
selection	0.49	2.30
butted	0.49	2.09
gon	0.49	3.31
engineers	0.49	1.51
somewhat	0.49	2.54
mechanically	0.49	2.61
amounts	0.49	2.28
fairly	0.49	2.51
december	0.49	2.63
learning	0.49	2.14
courier	0.49	2.12
c	0.49	2.12
sent	0.50	2.33
answered	0.50	2.89
90s	0.50	1.90
creek	0.50	1.82
write	0.50	2.27
address	0.50	2.30
wd40	0.50	2.31
calorie	0.50	2.10
web	0.50	2.23
forums	0.50	2.44
entry-level	0.50	2.01
caad10	0.50	2.11
bridge	0.50	2.02
becoming	0.50	2.05
limiting	0.50	2.14
starting	0.51	3.02
slam	0.51	2.21
2nd	0.51	2.36
stretch	0.51	2.04
clean	0.51	2.09
list	0.51	2.46
nuts	0.51	2.18
niche	0.51	2.00
beers	0.51	2.42
author	0.51	2.12
opinions	0.51	2.52
soft	0.51	2.07
letter	0.51	2.26
amp	0.51	2.06
kicking	0.51	2.48
embarrassed	0.52	2.68
plastic	0.52	2.06
whichever	0.52	3.11
entry	0.52	2.06
creating	0.52	2.15
adequate	0.52	2.21
idea	0.52	3.37
sport	0.52	1.88
fragile	0.52	2.02
frame	0.52	2.07
click	0.52	2.13
pool	0.52	2.25
underneath	0.52	2.07
6'2	0.52	2.48
specialized	0.52	1.80
quick	0.52	2.49
referred	0.52	2.32
sleep	0.52	2.37
peugeot	0.52	1.87
wash	0.52	2.09
bell	0.52	1.97
jokes	0.52	1.80
risks	0.53	2.00
mode	0.53	2.34
guessing	0.53	3.15
tarmac	0.53	1.97
real	0.53	3.07
spandex	0.53	2.00
original	0.53	2.46
1.1	0.53	2.02
carried	0.53	2.07
recording	0.54	2.17
along	0.54	2.16
foam	0.54	2.04
towns	0.54	2.06
metric	0.54	2.55
diet	0.54	2.00
written	0.54	2.22
girl	0.54	2.08
dead	0.54	2.27
2013	0.54	2.01
terrified	0.54	3.01
role	0.54	2.00
breaker	0.54	2.16
matters	0.54	2.92
starter	0.54	2.43
cl	0.54	2.22
level	0.55	2.24
meant	0.55	3.09
importantly	0.55	1.95
superior	0.55	1.89
nutrition	0.55	2.09
japanese	0.55	1.88
frozen	0.55	2.06
curiosity	0.55	2.74
beer	0.55	2.24
cx	0.55	1.96
trek	0.56	2.00
closely	0.56	2.46
relationship	0.56	1.96
4th	0.56	2.28
madone	0.56	2.05
shake	0.56	2.04
dropout	0.56	2.11
particular	0.56	2.89
realistic	0.56	2.39
afterwards	0.56	2.27
rig	0.56	2.02
reckon	0.56	2.73
saddles	0.57	2.07
chicken	0.57	2.05
quite	0.57	2.84
arent	0.57	2.32
finds	0.57	2.29
disc	0.57	2.08
security	0.57	2.27
golden	0.57	2.07
night	0.57	2.56
roubaix	0.57	1.86
subject	0.57	2.16
layer	0.57	2.03
apex	0.58	2.10
seal	0.58	2.12
iirc	0.58	1.35
hopefully	0.58	3.09
coffee	0.58	2.03
oddly	0.58	2.30
simple	0.58	2.11
recreational	0.58	2.16
wikipedia	0.58	2.32
degreaser	0.58	2.14
craigslist	0.58	2.51
check	0.58	2.56
brothers	0.58	2.06
condition	0.58	2.68
quote	0.58	2.11
marked	0.59	2.10
cheapest	0.59	2.78
worrying	0.59	2.50
plays	0.59	1.90
salt	0.59	1.82
offers	0.59	1.97
confidence	0.59	2.20
allez	0.59	1.81
considering	0.59	3.06
providing	0.59	2.43
fits	0.59	2.28
specs	0.59	2.13
dropouts	0.60	2.07
searching	0.60	2.47
usb	0.60	2.09
include	0.60	2.55
al	0.60	1.91
ear	0.60	2.07
forest	0.60	1.90
mods	0.60	2.34
exercise	0.60	2.03
profile	0.60	2.13
acceptable	0.60	2.42
sirrus	0.60	1.81
natural	0.61	1.63
taken	0.61	2.82
chainstay	0.61	2.03
rebuild	0.61	2.24
stuff	0.61	2.98
duct	0.61	2.14
assemble	0.61	2.40
cloth	0.61	2.02
opening	0.61	2.10
someday	0.61	3.06
lumen	0.61	2.19
ultra	0.61	2.33
member	0.61	2.09
80s	0.61	1.86
liquid	0.62	2.22
pizza	0.62	2.04
edition	0.62	1.36
mix	0.62	2.02
playing	0.62	2.05
goddamn	0.62	1.70
remain	0.62	2.43
leisurely	0.62	2.34
badge	0.62	2.13
offset	0.62	2.13
units	0.62	2.30
series	0.62	2.09
beneficial	0.62	1.93
card	0.63	2.09
sugar	0.63	1.94
concept	0.63	2.62
campagnolo	0.63	1.99
pie	0.63	2.11
master	0.63	1.95
seats	0.63	2.00
wd-40	0.63	2.22
numbers	0.64	2.24
batteries	0.64	2.11
flow	0.64	1.57
ymmv	0.64	2.24
step	0.64	2.35
final	0.64	2.02
offer	0.64	2.34
smooth	0.64	2.14
massively	0.64	2.41
terribly	0.64	2.65
bucket	0.64	2.08
drink	0.64	2.05
scooter	0.64	1.85
cleaner	0.64	2.19
wonderful	0.64	1.47
complicated	0.65	2.05
r/bicycling	0.65	2.40
overly	0.65	2.61
explains	0.65	2.32
soap	0.65	2.07
warning	0.65	2.42
milk	0.65	1.97
handy	0.65	1.84
iron	0.65	1.69
context	0.65	2.58
lightweight	0.66	2.04
sources	0.66	2.31
2014	0.66	1.79
raw	0.66	1.96
discount	0.66	2.20
sub	0.66	2.44
river	0.66	1.90
roller	0.66	1.93
gatorade	0.66	1.97
steering	0.67	2.17
eye	0.67	2.46
placement	0.67	2.23
cream	0.67	2.01
vary	0.67	2.35
google	0.67	2.25
supersix	0.67	2.00
source	0.67	2.28
bottle	0.67	2.04
camelbak	0.67	2.01
filter	0.67	2.11
channel	0.67	1.90
meal	0.68	2.18
gopro	0.68	2.02
battle	0.68	1.44
posts	0.68	2.26
bottles	0.68	2.00
valley	0.68	1.89
independent	0.68	1.99
difficult	0.68	2.01
posted	0.68	2.43
e	0.69	2.11
practical	0.69	2.28
biking	0.69	2.39
some	0.69	2.85
gels	0.69	1.99
indeed	0.69	2.11
drinks	0.69	1.97
submitted	0.69	2.46
legit	0.70	1.52
apple	0.70	1.99
plain	0.70	1.93
restore	0.70	2.66
tired	0.70	2.17
brush	0.70	2.15
eating	0.70	1.98
depends	0.70	3.15
water	0.70	2.02
label	0.70	1.96
search	0.70	2.36
suitable	0.70	2.43
convinced	0.71	2.82
reasonably	0.71	2.33
tied	0.71	1.82
fibre	0.71	1.92
easiest	0.71	2.78
finished	0.71	2.51
relevant	0.71	2.21
surprisingly	0.71	2.32
star	0.71	1.92
serve	0.71	2.42
reading	0.71	2.48
description	0.71	2.10
wasted	0.71	2.38
tv	0.72	1.72
bastard	0.72	1.86
writing	0.72	2.25
satisfying	0.72	1.47
s-works	0.72	1.94
smile	0.72	1.71
cuz	0.72	1.91
instructions	0.72	2.12
clothing	0.72	2.02
cannondale	0.72	1.94
electrical	0.73	1.94
discounts	0.73	2.28
dentist	0.73	2.12
crazy	0.73	2.43
article	0.73	2.27
fair	0.73	2.71
hero	0.73	1.98
removable	0.73	2.04
articles	0.73	2.16
expecting	0.73	2.78
development	0.73	2.02
rechargeable	0.73	2.09
alert	0.74	2.13
italian	0.74	1.87
outs	0.74	1.99
subreddit	0.74	2.33
stays	0.74	2.05
forum	0.74	2.32
building	0.74	2.55
comment	0.74	2.61
current	0.74	2.02
marin	0.74	1.83
rocking	0.74	2.19
sarcasm	0.74	2.25
grand	0.74	2.03
predictable	0.75	1.99
inclined	0.75	3.05
shoot	0.75	2.29
king	0.75	2.00
sex	0.75	1.84
shine	0.75	2.12
quill	0.75	2.10
noob	0.75	2.36
viable	0.75	2.68
cautious	0.75	2.14
ladies	0.76	1.72
thread	0.76	2.46
52cm	0.76	1.91
long	0.76	2.57
visible	0.76	2.06
bet	0.76	3.27
bargain	0.76	1.98
pinarello	0.77	1.90
tone	0.77	2.25
wrote	0.77	2.37
record	0.77	2.02
saddle	0.77	1.97
fresh	0.77	1.94
dinner	0.77	2.05
carbs	0.77	1.99
convenient	0.77	2.34
fully	0.77	2.14
merckx	0.77	1.76
guides	0.77	2.22
makes	0.77	2.75
discovered	0.78	1.92
watched	0.78	2.06
cervelo	0.78	1.92
fuji	0.78	1.82
pride	0.78	1.74
results	0.78	2.25
stay	0.78	2.40
lugged	0.78	1.84
headlight	0.78	2.07
videos	0.78	1.97
peace	0.78	1.96
snake	0.78	1.66
sticker	0.78	1.98
very	0.78	2.47
food	0.79	2.03
worried	0.79	2.91
nail	0.79	1.67
design	0.79	2.17
read	0.79	2.27
dish	0.79	2.00
estimate	0.79	1.95
b	0.79	2.07
guaranteed	0.79	2.49
sensible	0.79	2.64
sticky	0.80	2.18
hunt	0.80	2.15
instantly	0.80	2.67
episode	0.80	1.55
confirmed	0.80	2.02
sending	0.80	2.25
modern	0.80	1.92
reddit	0.80	2.26
effective	0.80	2.21
oops	0.80	2.79
columbus	0.81	1.88
seems	0.81	2.64
hard	0.81	2.88
strips	0.81	1.97
feed	0.81	1.91
beam	0.81	2.07
linked	0.81	2.36
watching	0.81	2.01
protein	0.82	1.94
content	0.82	2.26
upvotes	0.82	2.29
surprising	0.82	1.79
survey	0.82	2.31
bananas	0.82	1.88
mistaken	0.82	3.22
curious	0.82	3.13
fb	0.83	2.14
usable	0.83	2.08
eat	0.83	1.97
designs	0.83	2.04
incredibly	0.83	2.53
afraid	0.83	2.89
fizik	0.83	1.86
newbie	0.83	2.07
fucking	0.83	2.16
facebook	0.83	1.94
gcn	0.83	2.03
resources	0.83	2.51
selle	0.84	1.45
washing	0.84	1.99
timing	0.84	2.14
missed	0.84	2.47
009	0.84	2.00
campy	0.84	1.95
email	0.84	2.30
film	0.84	1.79
reflectors	0.84	2.01
word	0.84	2.49
develop	0.84	2.02
triangle	0.85	2.02
ritchey	0.85	1.94
boys	0.85	1.77
gift	0.85	2.48
example	0.85	2.07
action	0.86	2.13
website	0.86	2.14
n	0.86	1.99
shared	0.86	1.86
wary	0.86	2.43
answer	0.86	2.85
christmas	0.86	2.55
shape	0.86	2.52
fruit	0.87	1.86
cam	0.87	1.98
heh	0.87	1.79
joke	0.87	2.45
trees	0.87	1.79
swiss	0.88	1.91
brompton	0.88	1.78
bridges	0.88	1.81
mobile	0.88	2.24
wise	0.88	2.40
y	0.88	1.89
vintage	0.88	1.79
caps	0.88	1.77
banana	0.88	1.88
deep	0.88	1.93
bored	0.88	1.93
annoyed	0.89	2.55
pockets	0.89	2.00
comments	0.89	2.36
jamis	0.89	1.74
650b	0.89	1.86
recreation	0.89	2.20
review	0.89	2.15
ok	0.89	3.20
ate	0.89	1.94
value	0.90	2.85
equally	0.90	2.18
gel	0.90	1.85
proper	0.90	2.06
dependent	0.90	2.80
vision	0.90	1.98
walked	0.90	2.02
boat	0.90	2.28
scotland	0.90	1.87
googling	0.90	2.47
exposure	0.90	1.93
rock	0.90	1.94
tan	0.90	1.91
headlights	0.91	2.08
scared	0.91	2.32
baby	0.91	1.64
ridiculously	0.91	2.42
affordable	0.91	2.15
b17	0.91	2.04
suggests	0.91	2.69
accurate	0.91	2.20
led	0.92	1.99
printed	0.92	1.93
extremely	0.92	2.46
choice	0.92	2.63
cateye	0.93	1.96
flag	0.93	2.05
fraction	0.93	2.18
ideally	0.93	2.71
market	0.94	2.64
kmc	0.94	1.88
existed	0.94	2.45
sadly	0.94	1.53
typical	0.94	2.39
imho	0.94	1.61
o	0.94	1.97
please	0.94	2.56
flexible	0.94	2.06
completed	0.95	2.39
noticing	0.95	2.63
relative	0.95	2.60
rust	0.95	1.84
yes	0.95	2.99
forgot	0.95	2.52
responsive	0.95	2.20
relax	0.96	1.87
reminded	0.96	1.87
ill	0.96	2.56
title	0.96	2.47
followed	0.96	2.10
shit	0.96	2.03
spray	0.97	2.05
pm	0.97	2.30
beats	0.97	2.06
strong	0.97	1.92
buck	0.97	2.63
paul	0.97	1.93
explaining	0.98	2.56
monster	0.98	1.28
looked	0.98	2.34
helped	0.98	1.86
closest	0.98	2.41
brooks	0.98	1.90
willing	0.98	3.18
visibility	0.99	1.96
outdoors	0.99	1.69
bringing	0.99	2.29
quit	0.99	1.58
chocolate	0.99	1.80
deals	0.99	2.33
important	0.99	2.13
listing	0.99	1.99
stable	1.00	2.27
tricks	1.00	2.47
played	1.00	1.79
r/bikewrench	1.00	2.56
stainless	1.01	1.81
youtube	1.01	2.04
woah	1.02	1.57
super	1.02	2.43
lighting	1.02	1.95
feels	1.03	2.37
sensitive	1.03	1.80
flair	1.03	2.12
truly	1.03	1.49
sheldon	1.03	2.01
listening	1.03	1.93
well	1.03	2.98
finishing	1.03	2.16
stripped	1.04	1.84
noted	1.04	2.02
german	1.04	1.86
wax	1.04	1.93
ghost	1.04	1.87
recommended	1.04	2.46
stranger	1.04	2.05
durable	1.04	1.98
lights	1.04	2.00
raleigh	1.05	1.76
guide	1.05	1.96
relatively	1.05	2.27
healthy	1.06	1.97
bar	1.06	1.92
finding	1.06	2.56
combo	1.06	1.87
message	1.06	2.39
daylight	1.06	2.03
enjoyed	1.06	1.59
aware	1.07	2.67
nah	1.07	1.75
butter	1.07	1.78
sigh	1.07	1.78
guys	1.07	2.32
blog	1.08	2.15
reference	1.08	2.10
song	1.08	1.74
helps	1.08	2.09
based	1.09	2.65
builds	1.09	1.89
scratch	1.09	1.96
inexpensive	1.09	1.94
overweight	1.10	2.10
lines	1.10	2.30
bird	1.10	1.59
represent	1.10	1.89
explore	1.10	2.29
wishes	1.10	2.33
brings	1.10	1.44
firm	1.10	2.04
rip	1.10	2.02
recommendation	1.11	2.34
cages	1.11	1.91
cruise	1.12	2.04
mad	1.12	1.86
account	1.12	1.99
works	1.12	2.67
sidebar	1.12	2.17
surprised	1.12	2.86
haul	1.12	1.87
painting	1.13	1.38
cinelli	1.13	1.75
page	1.13	2.07
books	1.13	1.81
reliable	1.14	2.01
insanely	1.14	2.33
boot	1.14	2.04
stiff	1.14	1.96
whats	1.14	2.08
handles	1.14	1.55
lifestyle	1.14	1.77
wrap	1.14	1.87
set	1.15	2.10
wheelie	1.15	1.95
tail	1.15	1.93
scratches	1.15	1.82
site	1.15	2.04
chips	1.15	1.66
hmm	1.16	2.49
collection	1.16	1.61
hydration	1.16	1.89
lit	1.16	1.70
footage	1.16	1.80
built	1.17	2.08
activity	1.17	1.65
n+1	1.17	1.65
patient	1.17	2.18
print	1.18	1.91
none	1.18	2.10
post	1.18	2.24
greatly	1.18	2.06
ol	1.18	1.48
explanation	1.19	2.24
podium	1.19	1.92
project	1.19	1.83
trick	1.19	2.01
touring	1.19	1.80
an	1.20	2.14
2.0	1.20	1.85
upset	1.21	2.45
text	1.21	2.11
totally	1.21	2.52
optimal	1.21	2.12
ninja	1.21	1.78
corrected	1.22	2.42
am	1.22	2.85
imo	1.22	2.04
jobs	1.23	2.10
updated	1.23	2.16
blinking	1.23	1.92
normal	1.23	2.40
kom	1.24	1.80
username	1.24	1.98
appropriate	1.25	2.39
double	1.25	1.92
reflector	1.25	1.86
book	1.25	1.84
flashing	1.26	1.91
concerned	1.26	2.75
success	1.26	1.85
mt	1.27	1.35
freedom	1.27	1.44
jerseys	1.27	1.82
clear	1.28	2.06
depth	1.28	1.96
details	1.28	2.05
karma	1.28	1.75
line	1.28	2.14
ideas	1.29	2.22
nervous	1.29	2.45
comfortable	1.29	2.14
flash	1.29	1.89
links	1.29	2.01
boss	1.29	1.90
bomb	1.30	1.84
jens	1.31	1.63
alive	1.31	2.27
valuable	1.31	1.75
thoughts	1.31	2.30
enjoyable	1.31	1.97
kinda	1.32	2.12
indicator	1.32	2.13
typo	1.32	2.34
signed	1.32	1.75
breakfast	1.33	1.61
miserable	1.34	1.22
stickers	1.34	1.74
heads	1.35	1.98
perspective	1.35	1.85
pattern	1.35	1.72
its	1.35	2.48
answers	1.35	2.36
edited	1.36	2.28
isnt	1.36	1.93
questions	1.36	2.38
amazingly	1.37	2.13
inspired	1.37	1.83
k	1.37	1.71
leaves	1.38	1.52
eh	1.38	1.79
favourite	1.38	1.37
frameset	1.39	1.77
edit	1.39	2.36
p.s	1.39	1.54
interested	1.40	2.78
genuinely	1.40	2.05
mr	1.40	1.66
ready	1.41	2.78
vest	1.41	1.73
posting	1.41	2.03
sorry	1.42	2.45
kickstarter	1.42	1.93
british	1.42	1.50
seeing	1.42	2.33
tourer	1.42	1.55
contrast	1.43	1.68
light	1.43	1.85
da	1.44	1.74
brought	1.45	1.83
cross	1.46	1.81
nailed	1.46	1.81
video	1.46	1.68
3d	1.46	1.63
given	1.46	2.24
leather	1.47	1.62
friendly	1.47	1.81
successful	1.47	1.62
sky	1.48	1.65
im	1.48	2.34
incorrect	1.48	2.34
jesus	1.49	1.56
ha	1.49	2.11
jelly	1.50	1.31
kona	1.50	1.67
intense	1.50	1.59
crossrip	1.51	1.64
hoping	1.51	2.73
confident	1.51	2.20
strip	1.51	1.73
christ	1.52	1.69
replies	1.52	2.12
reply	1.52	2.25
familiar	1.53	2.24
hell	1.53	2.03
challenging	1.53	1.26
spelling	1.54	2.28
information	1.54	2.11
confused	1.55	2.31
must	1.55	2.24
hi	1.56	1.69
doable	1.57	1.78
future	1.57	2.26
close	1.57	2.29
bonus	1.58	1.72
hungry	1.58	2.11
yikes	1.58	1.93
sea	1.59	1.38
kidding	1.59	1.79
though	1.59	2.75
uh	1.59	1.81
chill	1.59	1.41
overall	1.59	1.79
polite	1.60	1.91
freaking	1.60	1.13
pretty	1.60	2.20
nope	1.60	1.78
responses	1.61	2.08
worthy	1.62	1.47
hot	1.63	1.58
scary	1.65	1.57
camera	1.65	1.63
upvote	1.66	1.86
worries	1.66	1.98
frustrated	1.67	2.08
thorough	1.67	1.80
finish	1.67	1.69
useful	1.68	1.62
response	1.68	2.10
link	1.68	1.85
motivation	1.68	1.83
feedback	1.69	2.03
bright	1.69	1.71
um	1.69	2.01
recommendations	1.69	2.06
ideal	1.69	2.04
honey	1.70	1.47
2010	1.70	1.61
bang	1.70	2.17
salsa	1.70	1.65
imgur	1.70	1.85
custom	1.71	1.62
fast	1.71	2.18
yea	1.71	2.06
versatile	1.71	1.74
score	1.72	1.79
buddy	1.72	1.76
progress	1.73	1.75
tempted	1.73	2.43
update	1.75	1.91
dear	1.75	1.65
dammit	1.75	1.11
background	1.75	1.32
gif	1.76	1.57
careful	1.77	2.26
advice	1.77	2.10
hobby	1.77	1.51
disappointed	1.78	2.03
lol	1.79	1.86
ya	1.79	1.99
huh	1.80	2.12
yup	1.81	1.77
paranoid	1.81	2.20
safe	1.81	2.01
suggestion	1.81	2.04
images	1.81	1.71
whip	1.82	1.62
fellow	1.82	1.42
perfect	1.82	1.44
mountains	1.82	1.25
trucker	1.83	1.56
yeah	1.83	2.33
polish	1.84	1.55
cute	1.84	1.44
interesting	1.84	1.60
excited	1.84	2.15
positive	1.84	1.69
gotcha	1.85	2.08
tough	1.85	1.65
keen	1.85	2.15
yours	1.85	1.89
easy	1.86	1.88
image	1.87	1.63
horse	1.87	1.48
suggestions	1.88	1.97
info	1.88	1.93
anyways	1.89	2.12
okay	1.89	2.30
glad	1.89	2.28
cake	1.89	1.67
hah	1.90	1.83
coat	1.90	1.53
album	1.90	1.65
pumped	1.91	1.55
surly	1.91	1.57
movie	1.91	1.06
fuckin	1.91	1.54
detailed	1.91	1.61
joy	1.91	1.14
lht	1.93	1.55
shiny	1.94	1.20
advance	1.94	1.66
boring	1.97	1.10
p	1.97	1.98
adventure	1.98	1.23
insight	1.98	1.81
hilarious	1.98	1.60
brown	1.98	1.52
knowledgeable	1.98	1.83
fan	2.00	1.87
soma	2.00	1.54
pleasant	2.00	1.59
appreciate	2.01	1.81
thoroughly	2.01	1.17
tho	2.03	1.58
deal	2.03	2.16
reminds	2.03	1.05
ta	2.04	1.65
pictures	2.04	1.58
tips	2.04	1.84
detail	2.05	1.51
excellent	2.05	1.24
chose	2.05	1.73
incredible	2.06	1.17
god	2.06	1.39
yep	2.06	1.81
impressed	2.07	1.84
ah	2.09	1.90
sturdy	2.10	1.75
picture	2.10	1.58
pleased	2.11	2.07
dang	2.12	1.43
appreciated	2.12	1.70
colnago	2.13	1.35
chrome	2.13	1.43
holy	2.15	1.42
tape	2.16	1.46
dat	2.17	1.45
yo	2.20	1.41
clever	2.20	1.50
input	2.21	1.74
looking	2.21	2.20
classic	2.22	1.16
comfy	2.22	1.72
blast	2.22	1.31
bummer	2.23	1.75
agreed	2.23	1.34
red	2.24	1.53
ahh	2.26	1.70
welcome	2.26	1.50
velo	2.27	1.19
alright	2.27	1.89
reflective	2.28	1.40
tip	2.28	1.56
haha	2.28	1.87
wish	2.29	1.87
sounds	2.30	1.68
coated	2.30	1.33
nature	2.31	1.00
hahaha	2.33	1.59
oh	2.34	1.64
powder	2.37	1.32
photo	2.38	1.33
decent	2.38	1.77
pleasure	2.38	1.24
killer	2.40	1.12
bro	2.41	1.52
colored	2.42	1.23
exciting	2.42	1.30
liked	2.43	1.23
thats	2.44	1.60
neat	2.44	1.47
seriously	2.44	1.49
dude	2.45	1.51
logo	2.45	1.31
darn	2.47	1.69
journey	2.48	1.06
logos	2.50	1.28
photos	2.54	1.22
proud	2.54	1.50
enjoying	2.54	0.95
brilliant	2.55	0.92
sir	2.55	1.33
resource	2.57	1.11
dark	2.58	1.28
helpful	2.58	1.39
nonetheless	2.59	1.42
good	2.60	1.43
hey	2.60	1.56
jake	2.60	1.36
birthday	2.63	1.29
hope	2.63	1.48
view	2.63	1.01
vaya	2.64	1.35
absolutely	2.64	0.85
thank	2.65	1.53
lucky	2.68	1.65
shots	2.69	1.03
liking	2.69	1.29
kudos	2.70	0.91
inspiration	2.70	1.50
machine	2.71	1.05
dope	2.71	1.18
cool	2.71	1.33
whoa	2.72	1.28
straggler	2.73	1.29
thanks	2.73	1.44
views	2.73	0.93
fun	2.74	1.33
pic	2.74	1.17
boy	2.76	1.06
bianchi	2.76	0.99
solid	2.76	1.38
cheers	2.79	1.40
painted	2.79	1.17
man	2.80	1.35
envy	2.80	0.99
props	2.81	1.02
scenic	2.81	0.87
gold	2.82	1.08
bud	2.84	1.28
retro	2.85	1.15
ps	2.88	1.15
favorite	2.88	0.60
impressive	2.88	1.07
paint	2.90	1.06
damn	2.91	1.18
shot	2.92	0.82
green	2.92	1.13
such	2.94	0.94
stoked	2.97	1.19
luck	2.97	1.25
matches	2.98	1.16
decals	3.01	1.05
wow	3.01	1.12
pics	3.03	1.07
beast	3.03	0.83
dig	3.04	1.00
colours	3.04	1.08
yellow	3.05	1.03
mate	3.06	1.08
digging	3.06	1.08
grey	3.11	0.99
silver	3.12	0.98
job	3.13	1.08
colors	3.13	0.99
match	3.14	1.00
rad	3.16	0.84
badass	3.16	0.97
sharing	3.18	0.71
build	3.21	1.08
looks	3.21	0.93
black	3.21	0.94
beauty	3.22	0.80
great	3.23	0.73
orange	3.24	0.97
white	3.26	0.98
matte	3.28	0.93
sweet	3.29	0.86
blue	3.31	0.93
classy	3.31	0.78
scenery	3.31	0.59
purple	3.31	0.92
pink	3.31	0.93
dream	3.36	0.78
congratulations	3.37	0.62
jealous	3.37	0.76
congrats	3.37	0.79
beautiful	3.38	0.58
enjoy	3.39	0.59
sexy	3.44	0.76
btw	3.45	0.62
loving	3.46	0.77
colour	3.49	0.82
scheme	3.50	0.74
matching	3.50	0.78
gorgeous	3.51	0.54
color	3.52	0.77
celeste	3.53	0.71
lovely	3.54	0.48
