vile	-4.94	0.90
malicious	-4.93	0.82
disgusting	-4.71	1.02
hateful	-4.27	1.26
rude	-4.26	1.37
shitty	-3.93	1.32
cruel	-3.80	1.49
sucked	-3.72	1.50
hating	-3.66	1.80
individual	-3.61	1.77
violent	-3.60	1.33
racist	-3.49	1.45
trust	-3.46	2.32
offensive	-3.43	1.47
general	-3.41	1.55
sucks	-3.37	1.17
ignorant	-3.33	1.57
sexist	-3.24	1.60
bullying	-3.19	1.66
trusted	-3.19	2.12
insulting	-3.18	1.64
telling	-3.13	2.57
wants	-3.10	2.68
told	-3.10	2.67
racism	-3.05	1.46
supposed	-3.01	1.95
peoples	-3.00	1.80
amanda	-2.99	2.41
behaviour	-2.97	1.50
helping	-2.94	1.72
says	-2.93	2.86
elissa	-2.92	2.47
tells	-2.89	2.86
talked	-2.86	2.39
effect	-2.85	2.00
knows	-2.78	2.84
ashley	-2.77	2.22
controlling	-2.75	1.41
beliefs	-2.69	1.70
viewed	-2.68	2.06
cared	-2.68	2.04
bad	-2.68	2.03
root	-2.65	2.25
homophobic	-2.64	1.07
bitchy	-2.64	1.55
bus	-2.64	2.29
obnoxious	-2.63	1.54
disliked	-2.59	2.51
realizes	-2.57	2.73
gross	-2.57	1.64
represent	-2.57	1.80
gunning	-2.57	2.21
jen	-2.53	2.00
finds	-2.51	2.71
excuse	-2.51	1.63
garbage	-2.50	1.81
sees	-2.49	2.92
stands	-2.49	2.28
destroyed	-2.48	1.53
sends	-2.48	2.15
shocking	-2.48	2.37
follows	-2.41	2.52
truly	-2.40	1.52
message	-2.39	2.16
cleaning	-2.39	1.99
bully	-2.36	1.03
blamed	-2.32	2.02
yelled	-2.31	2.02
heh	-2.27	1.99
aligned	-2.27	2.73
stand	-2.27	2.30
ew	-2.25	1.84
much	-2.22	2.09
slow	-2.20	2.09
cares	-2.20	3.27
hg	-2.16	2.14
people	-2.15	2.20
likes	-2.15	3.38
possible	-2.15	2.51
downvoting	-2.12	2.54
entitled	-2.10	1.11
which	-2.09	2.60
kissed	-2.09	2.22
making	-2.08	1.90
stuff	-2.08	2.11
reason	-2.08	2.29
case	-2.07	2.42
voted	-2.07	2.25
absolutely	-2.07	1.55
bash	-2.07	1.94
worse	-2.05	1.87
villains	-2.03	2.31
outcome	-2.02	2.44
hatred	-2.01	1.98
suggesting	-1.99	2.38
what	-1.99	3.03
irl	-1.98	2.14
houseguest	-1.97	2.32
ignored	-1.97	2.02
determined	-1.97	1.94
maggie	-1.94	3.20
reasons	-1.93	2.08
smack	-1.92	2.00
behavior	-1.92	0.94
herd	-1.92	2.96
aaryn	-1.90	1.11
lied	-1.90	1.36
flirt	-1.88	2.19
dumb	-1.88	1.84
selfish	-1.88	1.12
narcissistic	-1.88	1.09
lawon	-1.86	2.44
comments	-1.85	1.08
janelle	-1.84	3.17
names	-1.84	2.35
feels	-1.84	2.48
train	-1.84	1.90
messed	-1.84	2.23
christine	-1.82	1.93
nerd	-1.80	3.09
doing	-1.79	2.92
nicole	-1.79	1.95
plain	-1.78	0.92
twisted	-1.78	2.46
hypocritical	-1.77	1.18
helen	-1.77	1.22
painful	-1.77	2.17
about	-1.77	1.75
common	-1.76	2.16
talking	-1.76	1.83
delusion	-1.75	2.00
crappy	-1.74	2.06
aggressive	-1.74	1.22
yours	-1.74	2.54
irrational	-1.74	2.00
cody	-1.74	2.00
respect	-1.73	1.95
scenario	-1.72	2.71
caleb	-1.71	2.03
betrayed	-1.71	1.45
feel	-1.71	2.73
towards	-1.71	1.07
downvoted	-1.70	2.78
human	-1.70	2.83
pathetic	-1.70	1.88
dumbass	-1.69	1.70
thinks	-1.69	3.67
derrick	-1.68	2.00
ridiculous	-1.68	2.41
believes	-1.67	3.39
arrogant	-1.67	1.20
your	-1.66	2.68
trash	-1.66	0.83
speculation	-1.64	2.64
oblivious	-1.64	2.21
news	-1.63	2.52
spreading	-1.63	0.94
goodbye	-1.63	2.34
wonderful	-1.63	1.69
saying	-1.63	3.04
popular	-1.62	1.82
trusts	-1.61	3.37
targeting	-1.61	1.61
believed	-1.61	1.71
delusional	-1.60	1.08
convinced	-1.60	2.62
airtime	-1.60	2.28
else	-1.60	2.10
liking	-1.59	2.14
actions	-1.59	0.79
childish	-1.59	1.05
ignorance	-1.59	0.89
gm	-1.54	1.29
wanted	-1.54	1.71
makes	-1.54	2.60
candice	-1.54	1.14
catty	-1.53	1.11
leaves	-1.53	1.81
exact	-1.52	2.58
dislike	-1.50	2.74
talks	-1.50	3.44
ginamarie	-1.50	1.16
thinking	-1.49	2.95
name	-1.49	2.83
mccrae	-1.49	1.37
disrespectful	-1.48	2.20
inevitable	-1.48	2.05
bias	-1.48	0.75
campaigning	-1.48	1.23
screwed	-1.47	0.81
possibly	-1.47	3.29
zach	-1.46	1.73
said	-1.46	1.76
attitude	-1.46	1.09
condescending	-1.46	1.14
stupid	-1.46	2.43
jeremy	-1.46	1.25
below	-1.45	2.76
nick	-1.45	1.34
nobody	-1.44	2.03
immature	-1.43	1.23
hayden	-1.43	1.68
everyone	-1.43	1.85
convo	-1.42	1.75
differently	-1.42	2.19
pisses	-1.42	2.00
easy	-1.42	2.59
victoria	-1.41	1.81
entire	-1.41	3.21
does	-1.40	1.78
annoys	-1.40	2.82
superior	-1.40	2.01
jealous	-1.39	2.71
re	-1.38	3.03
lie	-1.38	1.38
lame	-1.37	2.44
asshole	-1.37	1.12
assholes	-1.36	0.97
trying	-1.36	1.58
needed	-1.35	1.49
walks	-1.35	1.70
tries	-1.35	1.46
c2	-1.34	1.88
wanting	-1.34	1.61
judd	-1.34	1.47
her	-1.34	1.14
c4	-1.34	1.69
rest	-1.34	3.27
doesnt	-1.33	1.65
promised	-1.33	1.53
tried	-1.33	1.53
andy	-1.32	1.16
anymore	-1.32	1.64
present	-1.32	2.06
willing	-1.32	1.60
refuses	-1.32	1.58
simple	-1.31	2.34
bb15	-1.31	1.41
vanessa	-1.31	2.34
manages	-1.31	1.46
truth	-1.31	1.46
frankie/christine	-1.30	1.42
lying	-1.30	1.30
discussing	-1.30	1.38
donny	-1.30	1.71
decides	-1.30	1.56
try	-1.30	1.50
howard	-1.29	1.38
backstabbed	-1.28	1.41
c3	-1.28	1.73
returns	-1.28	1.83
except	-1.28	3.15
misted	-1.28	1.05
tell	-1.27	1.70
arguing	-1.27	3.18
called	-1.27	0.92
need	-1.26	1.70
him	-1.26	1.63
stories	-1.26	0.93
shit	-1.25	2.36
fucked	-1.25	2.52
defending	-1.25	1.54
wo	-1.24	1.72
knew	-1.24	1.76
cant	-1.24	1.67
acts	-1.23	0.89
serious	-1.23	2.51
refused	-1.23	1.47
whispering	-1.22	1.61
basically	-1.22	1.60
knowing	-1.22	1.72
everything	-1.22	1.76
decided	-1.21	1.49
nothing	-1.21	1.43
silly	-1.20	2.37
stabbed	-1.20	1.42
ll	-1.20	1.70
c1	-1.20	1.81
wreck	-1.19	2.05
as	-1.19	1.32
disagree	-1.19	2.73
managed	-1.19	1.46
negative	-1.19	1.02
lies	-1.19	1.17
replied	-1.19	2.61
remembering	-1.18	2.99
literally	-1.18	1.99
here	-1.18	3.11
delusions	-1.17	0.94
guilty	-1.17	2.79
little	-1.17	2.79
anyone	-1.17	1.60
feeling	-1.17	3.21
needs	-1.17	1.66
etc	-1.16	0.75
imply	-1.16	1.08
last	-1.16	1.21
cocky	-1.16	1.23
david	-1.16	1.23
agrees	-1.15	3.52
felt	-1.15	2.96
feeding	-1.15	1.16
manipulated	-1.15	0.87
facts	-1.15	2.26
care	-1.15	1.58
across	-1.15	1.19
frank	-1.15	1.23
goes	-1.14	1.58
hype	-1.13	2.21
attacking	-1.13	1.08
holds	-1.13	0.74
consistent	-1.13	1.00
allowed	-1.12	1.37
clue	-1.12	1.48
bullied	-1.12	1.03
beehive	-1.12	1.58
devin	-1.11	1.56
petty	-1.11	1.41
mvp	-1.11	0.95
will	-1.10	1.68
s15	-1.10	1.52
flamboyant	-1.10	1.91
complaining	-1.10	1.57
treated	-1.09	1.28
didnt	-1.09	1.61
wont	-1.09	1.72
able	-1.09	1.48
can	-1.08	1.67
someone	-1.08	1.65
inappropriate	-1.08	1.01
unable	-1.07	1.49
gina	-1.07	0.98
denying	-1.06	1.51
ivette	-1.06	3.70
unfair	-1.06	2.56
risky	-1.06	2.39
brings	-1.06	1.38
things	-1.05	1.32
trusting	-1.05	2.89
reddit	-1.05	1.05
2.0	-1.05	0.97
dr	-1.05	1.04
treating	-1.04	1.05
statements	-1.04	1.05
insecure	-1.04	2.63
could	-1.04	1.63
assume	-1.04	3.15
real	-1.03	2.23
world	-1.03	3.23
believe	-1.03	1.78
liked	-1.03	2.56
sarcastic	-1.03	2.60
twist	-1.03	1.12
asked	-1.02	2.03
opinions	-1.02	1.44
home	-1.02	1.44
result	-1.01	1.21
might	-1.01	1.77
ca	-1.01	1.67
who	-1.01	1.56
idiotic	-1.00	0.96
rape	-1.00	0.98
order	-1.00	1.39
story	-1.00	1.04
help	-0.99	1.25
opinion	-0.99	1.59
planted	-0.99	1.17
planning	-0.99	1.31
let	-0.99	1.68
evel	-0.98	1.49
na	-0.98	1.86
talk	-0.98	1.55
lets	-0.98	1.60
dont	-0.98	1.73
put	-0.98	1.53
amber	-0.98	1.54
putting	-0.98	1.37
happens	-0.97	1.61
anything	-0.97	1.72
danielle	-0.97	1.43
ignoring	-0.96	0.94
rachel	-0.96	1.14
whether	-0.96	1.41
reilly	-0.96	0.91
special	-0.96	0.94
did	-0.96	1.85
reyes	-0.96	1.37
spelled	-0.95	2.94
whiny	-0.95	1.29
jodi	-0.95	1.01
flipping	-0.95	1.14
has	-0.94	1.85
gon	-0.94	1.98
or	-0.94	1.89
vic	-0.94	1.45
remind	-0.93	2.92
comes	-0.93	1.50
wise	-0.93	2.03
spencer	-0.92	1.20
idk	-0.92	2.81
mike	-0.92	1.51
complain	-0.91	1.26
beforehand	-0.91	1.23
control	-0.91	0.89
mention	-0.91	1.52
easily	-0.91	1.53
admitting	-0.91	1.19
whereas	-0.91	1.09
situation	-0.90	1.58
memorable	-0.90	1.95
blatantly	-0.90	0.96
no	-0.90	1.52
kalia	-0.90	0.97
should	-0.90	1.74
fact	-0.90	1.51
difficult	-0.90	2.72
nor	-0.90	0.80
vote	-0.90	1.25
backstab	-0.90	1.32
derrick/cody	-0.90	1.22
beat	-0.90	1.10
eachother	-0.90	1.04
bd	-0.90	1.39
gone	-0.89	1.60
want	-0.89	1.78
going	-0.89	2.25
already	-0.89	1.60
speculating	-0.89	1.76
same	-0.89	1.71
upvotes	-0.88	1.24
everybody	-0.88	3.33
ian	-0.88	1.09
donato	-0.88	1.04
shelly	-0.88	0.99
constantly	-0.88	1.31
harsh	-0.88	1.18
influenced	-0.87	1.02
them	-0.87	1.65
how	-0.87	1.68
opportunity	-0.87	1.12
criticism	-0.86	1.19
watches	-0.86	3.47
option	-0.86	1.10
decide	-0.86	1.31
questioning	-0.86	1.20
feelings	-0.86	1.03
whining	-0.85	1.19
f2	-0.85	1.31
way	-0.85	1.59
bb14	-0.85	1.26
jokes	-0.85	1.03
voting	-0.85	1.36
running	-0.85	1.41
influence	-0.85	1.02
clarify	-0.84	3.20
refuse	-0.84	1.47
casts	-0.84	3.03
bitter	-0.84	1.00
outright	-0.84	1.00
runs	-0.84	1.30
others	-0.83	1.12
entirely	-0.83	1.18
exists	-0.83	1.33
means	-0.83	1.91
bitching	-0.83	1.09
nominating	-0.82	1.16
bullshit	-0.82	1.12
made	-0.82	1.77
may	-0.82	1.67
chose	-0.82	1.10
s13	-0.82	1.25
boogie	-0.82	1.72
implied	-0.82	1.09
matter	-0.82	1.91
bashing	-0.82	1.25
shane	-0.82	1.02
asks	-0.81	2.07
percent	-0.81	1.22
calebs	-0.81	1.29
wouldnt	-0.81	1.40
absolute	-0.81	2.12
even	-0.81	1.94
revealing	-0.80	1.00
scenarios	-0.80	1.11
pre-jury	-0.80	1.20
anybody	-0.80	1.54
saved	-0.80	0.96
proves	-0.80	0.91
bbt	-0.80	1.79
minus	-0.80	0.85
backdoor	-0.79	1.33
mentioned	-0.79	1.60
treat	-0.79	1.03
jessie	-0.79	1.46
exactly	-0.79	2.22
stuck	-0.79	1.23
joined	-0.79	0.97
pointless	-0.79	1.35
attempt	-0.79	1.22
3/4	-0.79	1.75
actively	-0.79	1.14
britney	-0.79	1.04
marie	-0.79	1.04
screwing	-0.79	0.87
jenn	-0.79	0.92
joking	-0.78	2.91
failed	-0.78	0.94
flipped	-0.78	1.05
newbies	-0.78	0.96
downvotes	-0.78	1.59
issue	-0.78	1.39
constant	-0.77	1.02
against	-0.77	1.03
cried	-0.77	2.86
own	-0.77	0.96
beans	-0.77	1.47
saboteur	-0.77	1.01
irritating	-0.77	2.43
wil	-0.77	0.91
something	-0.77	1.83
agreeing	-0.77	1.36
hgs	-0.77	1.36
backdooring	-0.77	1.24
idea	-0.77	1.72
awareness	-0.76	1.06
matters	-0.76	1.37
plan	-0.76	1.31
went	-0.76	1.40
puts	-0.76	1.45
admitted	-0.76	1.38
depends	-0.76	1.07
targeted	-0.76	1.10
public	-0.76	0.98
1/2	-0.76	1.70
evict	-0.76	1.18
make	-0.75	1.42
controlled	-0.75	1.03
pick	-0.75	1.03
pissing	-0.75	1.47
having	-0.75	1.24
combined	-0.75	0.81
convincing	-0.75	2.95
dick	-0.75	1.21
regardless	-0.75	1.41
houseguests	-0.75	1.38
generally	-0.75	1.13
suck	-0.75	1.14
bragging	-0.74	1.06
besides	-0.74	1.27
s14	-0.74	1.45
repeating	-0.74	1.21
muscle	-0.74	0.92
loses	-0.74	1.35
treats	-0.74	1.09
brit	-0.74	1.24
threw	-0.73	1.08
jun	-0.73	1.27
understand	-0.73	1.95
responsibility	-0.72	1.05
toward	-0.72	0.95
when	-0.72	1.59
finals	-0.72	1.30
allowing	-0.72	1.07
rant	-0.72	0.98
dan	-0.72	1.08
loyalty	-0.71	1.21
fed	-0.71	1.34
really	-0.71	1.89
bb13	-0.71	1.04
loyal	-0.71	1.40
why	-0.71	1.94
because	-0.71	1.97
plotting	-0.71	1.33
chosen	-0.71	1.07
acknowledge	-0.70	1.21
coffee	-0.70	0.84
almost	-0.70	1.40
obviously	-0.70	2.09
prime	-0.70	0.87
whatever	-0.69	1.76
nowhere	-0.69	0.85
himself	-0.69	1.31
sub	-0.69	1.59
votes	-0.69	1.20
intention	-0.69	1.25
align	-0.68	1.24
kinda	-0.68	3.07
kissing	-0.68	1.03
bb8	-0.68	1.21
brittney	-0.68	1.02
members	-0.68	1.22
convos	-0.68	1.20
packing	-0.68	1.20
conversation	-0.68	1.38
ally	-0.68	1.64
actually	-0.67	1.86
nic	-0.67	1.44
ed	-0.67	1.07
times	-0.67	1.37
options	-0.67	1.18
granted	-0.67	0.93
dani	-0.67	1.13
throwing	-0.67	1.25
leader	-0.67	1.01
seeds	-0.67	1.07
ego	-0.67	0.79
deciding	-0.67	1.11
bothers	-0.66	2.60
then	-0.66	1.56
brendan	-0.66	0.86
desire	-0.66	1.23
equally	-0.66	1.08
idiots	-0.66	0.94
pow	-0.66	1.34
gives	-0.66	1.22
britt	-0.66	1.34
upstairs	-0.66	1.38
hard	-0.66	2.75
whoever	-0.65	1.39
bb6	-0.65	2.39
leaving	-0.65	1.24
tattoo	-0.65	1.06
were	-0.65	1.31
suggested	-0.65	1.18
takes	-0.64	1.31
justify	-0.64	1.04
defend	-0.64	1.24
argue	-0.64	1.51
there	-0.64	1.78
necessarily	-0.64	1.63
implying	-0.64	1.36
100	-0.64	1.56
attacks	-0.64	0.95
commenting	-0.64	1.36
coming	-0.63	1.67
daniele	-0.63	1.22
sits	-0.63	1.32
point	-0.63	1.88
boring	-0.63	2.49
either	-0.63	1.91
brittany	-0.63	1.33
forcing	-0.63	1.07
sooner	-0.63	1.30
working	-0.63	1.60
arguments	-0.62	1.23
sound	-0.62	1.64
discussed	-0.62	1.54
porsche	-0.62	0.94
stays	-0.62	1.36
determine	-0.62	1.06
cam	-0.62	1.66
unfortunately	-0.62	1.06
confidence	-0.62	1.20
essentially	-0.62	1.35
bathroom	-0.62	1.16
deserves	-0.62	1.25
sometimes	-0.62	1.40
mean	-0.62	2.00
letting	-0.62	1.25
wan	-0.62	1.69
neither	-0.62	0.63
coup	-0.62	0.97
details	-0.61	1.08
controversy	-0.61	0.84
know	-0.61	1.97
year	-0.61	1.24
convince	-0.61	1.13
view	-0.61	0.98
gain	-0.61	1.06
plays	-0.61	1.25
couldnt	-0.61	1.35
strings	-0.61	0.85
harm	-0.61	1.07
desperate	-0.61	1.57
secret	-0.61	1.04
hook	-0.61	0.91
say	-0.61	1.92
guests	-0.61	1.51
joey	-0.60	1.30
concept	-0.60	0.84
emotions	-0.60	0.94
hitmen	-0.60	1.22
planting	-0.60	0.89
benefit	-0.60	1.13
america	-0.60	1.53
fool	-0.60	1.05
chima	-0.60	1.12
whenever	-0.60	1.44
itself	-0.59	0.98
throws	-0.59	1.19
matt	-0.59	0.99
behind	-0.59	1.08
drew	-0.59	1.50
mission	-0.59	1.17
ta	-0.59	1.23
cunt	-0.59	1.16
evil	-0.59	0.90
actual	-0.59	1.43
followed	-0.59	0.88
bb12	-0.59	1.06
interactions	-0.59	0.91
any	-0.59	1.85
right	-0.59	3.47
all	-0.58	1.78
brought	-0.58	1.04
resume	-0.58	1.05
realize	-0.58	1.92
got	-0.58	1.56
bb5	-0.58	1.31
rumors	-0.58	1.01
6	-0.58	1.26
too	-0.58	1.67
wins	-0.57	1.34
fully	-0.57	1.06
decision	-0.57	1.34
mostly	-0.57	1.07
hurting	-0.57	1.03
physically	-0.57	1.13
realizing	-0.57	1.27
ear	-0.57	1.15
grasp	-0.57	0.97
cody/derrick	-0.56	1.13
tmz	-0.56	0.88
misting	-0.56	0.78
sway	-0.56	1.01
keeping	-0.56	1.08
posts	-0.56	1.39
beats	-0.56	1.23
peter	-0.56	0.79
jordan	-0.56	0.95
take	-0.56	1.36
scott	-0.56	1.02
evicting	-0.56	1.21
badly	-0.55	1.43
recognize	-0.55	1.39
piss	-0.55	1.16
15	-0.55	1.19
chance	-0.55	1.26
proof	-0.55	1.16
zero	-0.55	1.07
earlier	-0.55	1.47
explained	-0.55	1.38
agree	-0.55	3.35
downvote	-0.54	1.66
unanimous	-0.54	1.18
rarely	-0.54	1.14
fate	-0.54	0.83
rare	-0.54	2.57
danger	-0.54	1.18
s6	-0.54	3.77
lost	-0.54	1.05
once	-0.54	1.54
somehow	-0.54	1.41
frustrating	-0.54	2.62
deserve	-0.54	1.38
mistakes	-0.54	0.98
pass	-0.54	0.95
introduced	-0.54	0.94
based	-0.54	1.01
allow	-0.54	1.16
ability	-0.53	0.93
weight	-0.53	1.04
manipulating	-0.53	0.84
poorly	-0.53	1.15
impact	-0.53	1.10
derek	-0.53	0.99
flips	-0.53	1.18
nominate	-0.53	1.12
burned	-0.53	0.89
taking	-0.53	1.25
affected	-0.53	1.09
outside	-0.53	1.55
evicted	-0.53	1.30
jurors	-0.53	1.14
wonder	-0.53	2.01
doubt	-0.52	1.46
keeps	-0.52	1.33
asking	-0.52	2.14
their	-0.52	1.03
final	-0.52	1.25
anyway	-0.52	2.05
nominates	-0.52	1.20
turning	-0.52	1.29
calling	-0.52	0.87
mistake	-0.52	1.51
credit	-0.52	1.35
d	-0.52	1.80
we	-0.52	1.92
gossip	-0.52	1.04
annoying	-0.52	1.67
relationship	-0.52	1.13
lot	-0.52	1.47
emotionally	-0.52	1.26
debate	-0.51	1.03
information	-0.51	1.03
talla	-0.51	0.80
targets	-0.51	1.24
rid	-0.51	1.44
themselves	-0.51	1.55
winners	-0.51	1.30
bb2	-0.51	1.26
ragan	-0.51	0.89
often	-0.51	1.14
affect	-0.51	1.11
commented	-0.51	1.36
tool	-0.51	1.24
causing	-0.51	1.00
remember	-0.51	1.73
under	-0.51	1.14
shot	-0.51	1.37
dedicated	-0.51	1.12
views	-0.51	0.93
points	-0.51	1.10
hand	-0.50	0.79
nominated	-0.50	1.21
next	-0.50	1.32
block	-0.50	1.26
f3	-0.50	1.42
everytime	-0.50	1.33
destroy	-0.50	0.93
brendon	-0.50	1.00
comment	-0.50	2.04
douchebag	-0.50	1.10
predict	-0.50	1.46
karma	-0.50	1.43
leads	-0.50	1.11
explaining	-0.50	0.99
turned	-0.50	1.19
flip	-0.50	1.16
swing	-0.50	1.07
acted	-0.49	1.25
full	-0.49	1.33
otherwise	-0.49	1.38
tier	-0.49	1.11
saving	-0.49	1.17
production	-0.49	1.14
stein	-0.49	1.27
campaign	-0.49	1.13
by	-0.49	0.99
opens	-0.49	1.40
bb3	-0.49	1.22
designed	-0.49	0.99
self	-0.49	0.90
ignore	-0.48	1.23
reasoning	-0.48	1.54
reacted	-0.48	1.17
secrets	-0.48	1.06
derr	-0.48	1.16
stay	-0.48	1.31
joe	-0.48	0.98
backyard	-0.48	0.94
instead	-0.47	1.27
purposes	-0.47	0.99
pao	-0.47	1.28
absurd	-0.47	1.37
unless	-0.47	1.71
done	-0.47	1.82
specific	-0.47	1.09
ruining	-0.47	1.24
randomly	-0.47	1.00
notice	-0.47	1.41
plans	-0.47	1.14
obsession	-0.47	1.02
thrown	-0.47	1.08
however	-0.47	1.64
forum	-0.47	1.08
isolated	-0.46	1.16
0	-0.46	1.07
pulls	-0.46	1.26
deal	-0.46	1.55
backs	-0.46	1.14
member	-0.46	1.41
responsible	-0.46	0.98
blaming	-0.46	0.85
out	-0.46	1.40
happen	-0.46	1.90
technically	-0.46	1.05
hashtag	-0.46	0.85
confirm	-0.46	1.10
win	-0.46	1.39
successfully	-0.46	0.99
pushing	-0.46	1.05
manipulate	-0.46	1.07
upon	-0.46	0.96
relative	-0.46	1.05
used	-0.45	1.23
dare	-0.45	1.05
claiming	-0.45	1.17
ruins	-0.45	1.19
juror	-0.45	1.40
scheming	-0.45	0.99
pointed	-0.45	1.31
continued	-0.45	0.94
realized	-0.45	1.43
interference	-0.45	1.05
expose	-0.45	1.05
where	-0.45	1.82
popularity	-0.45	1.10
d'etat	-0.45	0.91
count	-0.45	1.40
social	-0.45	2.37
barely	-0.45	1.13
blindsided	-0.44	1.92
missions	-0.44	1.21
backstabbing	-0.44	0.91
bb10	-0.44	1.16
give	-0.44	1.29
again	-0.44	1.79
evidence	-0.44	1.11
jury	-0.44	1.16
probably	-0.44	2.01
happened	-0.44	1.79
continues	-0.44	1.15
pull	-0.44	1.22
sending	-0.44	1.13
loss	-0.44	1.05
claim	-0.44	0.97
heavy	-0.44	0.97
interest	-0.44	1.08
go	-0.44	1.65
rigged	-0.43	1.23
send	-0.43	1.24
save	-0.43	1.13
lisa	-0.43	1.05
figuring	-0.43	1.56
decisions	-0.43	1.13
task	-0.43	1.45
eliminated	-0.43	1.39
s2	-0.43	1.37
accomplish	-0.42	1.13
adam	-0.42	0.96
creepy	-0.42	2.60
cuddle	-0.42	1.25
bitches	-0.42	1.05
concern	-0.42	1.10
handled	-0.42	1.22
pain	-0.42	1.20
goat	-0.42	1.18
viewers	-0.42	3.23
paola	-0.42	1.20
using	-0.42	1.23
boot	-0.42	1.44
picks	-0.42	1.11
throw	-0.42	1.20
seed	-0.42	1.24
subreddit	-0.42	1.55
paranoia	-0.42	1.19
forgive	-0.42	1.14
eric	-0.41	1.27
supporting	-0.41	1.07
crying	-0.41	3.02
acting	-0.41	1.21
travis	-0.41	1.33
at	-0.41	1.47
nonsense	-0.41	1.05
health	-0.41	1.08
suggest	-0.41	1.17
blatant	-0.41	1.08
douche	-0.41	1.13
think	-0.41	2.08
controversial	-0.41	1.17
potentially	-0.41	1.24
army	-0.40	0.97
issues	-0.40	1.07
cuddling	-0.40	1.43
enemies	-0.40	1.10
downfall	-0.40	1.07
manage	-0.40	1.05
path	-0.40	1.15
every	-0.40	4.03
successful	-0.40	1.31
also	-0.40	2.06
turn	-0.40	1.18
slip	-0.40	1.00
problems	-0.40	1.17
unlike	-0.40	0.74
mist	-0.40	0.86
portrayed	-0.40	0.93
jeff	-0.39	0.86
slightly	-0.39	1.30
kevin	-0.39	1.39
bb11	-0.39	1.21
erika	-0.39	1.84
team	-0.39	1.16
donate	-0.39	1.07
uses	-0.39	1.33
ie	-0.39	1.11
true	-0.39	3.10
acceptable	-0.39	0.91
stab	-0.39	1.20
bs	-0.39	0.97
likely	-0.39	1.46
discussion	-0.39	1.35
trouble	-0.39	1.31
bone	-0.39	1.06
aspect	-0.39	1.55
gained	-0.38	1.08
terms	-0.38	1.32
clearly	-0.38	1.54
stated	-0.38	1.38
april	-0.38	3.69
bb4	-0.38	1.07
s12	-0.38	1.36
early	-0.38	1.39
treatment	-0.38	1.12
further	-0.38	1.07
replacement	-0.38	1.17
dets	-0.37	1.13
begin	-0.37	1.11
sleeping	-0.37	1.17
arent	-0.37	1.23
sequestered	-0.37	1.22
come	-0.37	1.64
never	-0.37	1.97
protecting	-0.37	0.92
blew	-0.37	1.08
mainly	-0.37	1.03
personally	-0.37	1.55
back	-0.37	1.29
being	-0.37	1.41
topic	-0.37	1.65
took	-0.37	1.18
blows	-0.37	1.10
remains	-0.37	1.44
obvious	-0.37	1.65
exchange	-0.37	0.89
ton	-0.37	1.17
guest	-0.37	1.39
vs	-0.37	3.39
loser	-0.37	0.97
rigging	-0.36	1.12
spread	-0.36	1.06
threads	-0.36	1.31
s11	-0.36	1.27
stealing	-0.36	1.07
regarding	-0.36	0.84
enough	-0.36	1.58
use	-0.36	1.33
returned	-0.36	1.15
lose	-0.36	1.26
leave	-0.36	1.67
living	-0.36	1.18
denied	-0.36	1.08
week	-0.36	1.60
kyle	-0.36	0.81
ways	-0.36	0.97
passing	-0.36	1.26
completed	-0.36	1.33
annoyed	-0.36	3.95
our	-0.36	1.23
react	-0.36	1.25
kitchen	-0.36	1.13
teeth	-0.35	1.12
heard	-0.35	2.20
target	-0.35	1.37
without	-0.35	1.20
though	-0.35	2.23
rubbing	-0.35	1.14
whom	-0.35	0.98
work	-0.35	1.64
depending	-0.35	1.24
amp	-0.35	1.00
onto	-0.35	0.94
article	-0.35	1.07
ruin	-0.35	1.02
laughs	-0.35	1.54
cases	-0.35	1.18
claimed	-0.35	1.16
mess	-0.35	0.92
amy	-0.35	0.97
gets	-0.34	1.67
changes	-0.34	1.22
still	-0.34	2.20
simply	-0.34	1.36
left	-0.34	1.57
eligible	-0.34	1.19
requires	-0.34	0.91
versus	-0.34	0.88
hammock	-0.34	1.19
kicked	-0.34	1.42
pounds	-0.34	1.08
ends	-0.34	1.23
following	-0.34	0.93
hold	-0.34	1.09
housemates	-0.34	1.28
shake	-0.34	1.24
feedsters	-0.34	1.12
brigade	-0.34	0.85
volunteer	-0.34	1.16
damage	-0.34	0.95
unlikely	-0.34	1.62
farther	-0.34	1.27
tank	-0.34	1.04
chen	-0.34	1.01
valuable	-0.34	1.15
advantage	-0.33	1.16
choices	-0.33	1.04
s8	-0.33	1.22
plant	-0.33	1.02
speaks	-0.33	1.24
kept	-0.33	1.35
spite	-0.33	1.12
zack	-0.33	1.34
whatsoever	-0.33	0.98
paul	-0.33	0.77
wisdom	-0.33	1.15
maybe	-0.33	2.17
forces	-0.33	1.02
nominee	-0.33	1.17
f4	-0.32	1.08
somebody	-0.32	1.50
14	-0.32	1.13
solely	-0.32	0.98
idiot	-0.32	1.39
sarah	-0.32	0.95
hoh	-0.32	1.16
directly	-0.32	0.99
lawson	-0.32	1.16
room	-0.32	1.11
hear	-0.32	1.50
share	-0.32	1.13
gotten	-0.32	1.59
jason	-0.32	0.98
frame	-0.32	1.11
picked	-0.32	1.12
definitely	-0.32	1.92
liar	-0.32	1.01
particular	-0.32	1.60
are	-0.32	1.22
anytime	-0.32	1.30
given	-0.32	1.15
move	-0.31	2.45
slight	-0.31	1.15
liability	-0.31	1.31
always	-0.31	1.86
howie	-0.31	3.83
ruined	-0.31	1.11
mentality	-0.31	0.88
enter	-0.31	1.05
named	-0.31	1.06
renom	-0.31	1.24
situations	-0.31	1.07
stating	-0.31	1.59
end	-0.31	1.77
candy	-0.31	1.13
interaction	-0.31	0.95
memphis	-0.31	1.17
leading	-0.31	0.90
understanding	-0.31	1.21
hiding	-0.31	1.19
allows	-0.30	1.18
nots	-0.30	1.00
schools	-0.30	1.05
believing	-0.30	1.28
wasting	-0.30	1.12
fanbase	-0.30	1.07
handed	-0.30	1.31
far	-0.30	1.51
relationships	-0.30	0.72
least	-0.30	1.92
problem	-0.30	1.80
ultimately	-0.30	1.18
weekly	-0.30	1.02
pre	-0.30	1.01
afterwards	-0.30	1.19
shout	-0.30	1.06
impossible	-0.30	1.54
yet	-0.30	1.98
survive	-0.30	1.13
list	-0.30	1.34
confirmed	-0.30	1.20
get	-0.30	1.69
reminded	-0.30	1.32
renny	-0.30	1.16
choose	-0.29	1.03
taken	-0.29	1.14
return	-0.29	1.01
each	-0.29	1.25
pocket	-0.29	0.94
threatened	-0.29	1.56
allies	-0.29	1.59
nail	-0.29	1.05
pulling	-0.29	1.22
enemy	-0.29	1.78
hardly	-0.29	1.38
hidden	-0.29	0.97
blind	-0.29	1.40
8	-0.29	1.13
smug	-0.29	1.30
cancelled	-0.29	1.18
therefore	-0.29	0.97
choosing	-0.29	0.83
involved	-0.29	1.17
ad	-0.28	1.18
dethroned	-0.28	1.23
skye	-0.28	1.12
isnt	-0.28	1.28
moved	-0.28	0.98
13	-0.28	1.12
saves	-0.28	1.54
pulled	-0.28	1.11
sabrina	-0.28	0.90
piece	-0.28	1.00
brenchel	-0.28	0.89
12	-0.28	1.17
compared	-0.28	1.18
conspiracy	-0.28	0.99
events	-0.28	1.23
despite	-0.28	1.02
household	-0.27	1.11
sell	-0.27	1.09
rachelle	-0.27	0.91
than	-0.27	1.36
off	-0.27	1.14
booed	-0.27	1.35
officer	-0.27	0.79
ending	-0.27	1.40
diary	-0.27	1.05
sole	-0.27	1.35
reveal	-0.27	1.04
boat	-0.27	1.46
exposed	-0.27	0.99
incentive	-0.27	1.49
downstairs	-0.27	1.20
beating	-0.27	1.11
house	-0.27	1.68
personal	-0.27	1.04
producer	-0.27	1.04
due	-0.27	1.20
offended	-0.27	2.88
city	-0.27	0.80
automatically	-0.27	1.02
twists	-0.27	1.48
easier	-0.27	1.75
tears	-0.27	2.94
teach	-0.26	0.82
other	-0.26	1.46
bring	-0.26	1.38
lf	-0.26	1.00
thread	-0.26	1.58
and/or	-0.26	1.01
codys	-0.26	1.22
standing	-0.26	1.03
forming	-0.26	1.03
haynes	-0.26	0.91
unnecessary	-0.26	0.83
power	-0.26	1.07
veto	-0.26	1.17
diane	-0.26	1.54
detonator	-0.26	0.98
one	-0.26	4.03
sigh	-0.26	0.89
instance	-0.26	1.01
bond	-0.26	0.87
lane	-0.25	0.81
russell	-0.25	1.06
practically	-0.25	1.00
forced	-0.25	1.34
dual	-0.25	1.26
fault	-0.25	1.22
figure	-0.25	1.53
complex	-0.25	0.75
including	-0.25	1.17
expressed	-0.25	1.23
memory	-0.25	1.01
walked	-0.25	1.17
attacked	-0.25	1.38
rage	-0.25	1.19
discussions	-0.25	1.07
top	-0.25	1.81
1	-0.25	1.24
handle	-0.25	1.20
pm	-0.25	1.59
threatening	-0.25	1.36
won	-0.25	1.11
enzo	-0.25	1.02
opposed	-0.25	1.03
funeral	-0.25	0.87
walk	-0.25	1.18
players	-0.25	1.81
waited	-0.24	1.21
line	-0.24	1.28
source	-0.24	1.03
ended	-0.24	1.19
botb	-0.24	1.13
tend	-0.24	1.25
worry	-0.24	1.81
announced	-0.24	1.15
run	-0.24	1.24
getting	-0.24	1.73
sit	-0.24	1.22
sadly	-0.24	1.21
moves	-0.24	1.91
theory	-0.24	1.07
keep	-0.24	1.33
nominees	-0.24	1.11
legal	-0.24	1.26
summer	-0.24	3.08
difference	-0.24	1.41
country	-0.24	1.00
grodner	-0.24	1.04
equivalent	-0.24	0.88
hiv	-0.24	1.52
activity	-0.24	0.98
ones	-0.24	1.25
bob	-0.24	1.13
pack	-0.23	0.84
wait	-0.23	1.57
reset	-0.23	1.05
rumor	-0.23	1.15
floating	-0.23	0.83
comfort	-0.23	1.14
herself	-0.23	1.36
necessary	-0.23	0.88
rewind	-0.23	1.17
daily	-0.23	0.92
circle	-0.23	1.32
immediately	-0.23	1.28
thought	-0.23	1.93
been	-0.23	1.95
11	-0.23	1.08
hopefully	-0.23	1.76
before	-0.23	1.48
deserved	-0.23	1.14
over	-0.23	1.49
examples	-0.23	1.15
honestly	-0.23	2.26
unpredictable	-0.23	1.14
heather	-0.22	0.92
remembered	-0.22	1.31
effort	-0.22	1.23
feeders	-0.22	3.32
ensure	-0.22	1.01
environment	-0.22	1.02
safety	-0.22	1.11
anger	-0.22	1.14
hohs	-0.22	1.12
disappointing	-0.22	1.40
opened	-0.22	0.82
updated	-0.22	1.05
session	-0.22	1.03
logic	-0.22	1.30
recorded	-0.22	1.06
hurt	-0.22	1.54
religion	-0.22	0.75
vetos	-0.22	1.14
event	-0.22	0.95
eliminate	-0.22	1.32
judge	-0.22	1.51
sessions	-0.22	0.92
mentioning	-0.22	0.89
fail	-0.22	1.13
spin	-0.22	1.15
only	-0.22	2.02
unfortunate	-0.22	1.34
rap	-0.22	1.10
4	-0.22	1.11
soon	-0.21	1.67
remove	-0.21	1.10
bb7	-0.21	1.90
heavily	-0.21	1.14
note	-0.21	1.14
places	-0.21	1.00
winning	-0.21	1.20
pov	-0.21	1.15
happening	-0.21	1.95
80	-0.21	1.04
life	-0.21	1.89
bringing	-0.21	1.17
famous	-0.21	1.15
bit	-0.21	1.76
change	-0.21	1.15
instagram	-0.21	0.95
bedroom	-0.21	0.91
bbcan1	-0.21	0.95
priya	-0.21	1.40
aka	-0.21	1.06
parts	-0.21	1.30
planned	-0.21	1.13
bbcan2	-0.21	0.94
sab	-0.21	0.92
positive	-0.21	2.05
revealed	-0.21	1.06
dominated	-0.21	1.42
road	-0.21	1.06
stood	-0.20	1.13
cams	-0.20	1.39
pandora	-0.20	0.99
circumstances	-0.20	1.30
counts	-0.20	0.95
recall	-0.20	1.38
messages	-0.20	1.08
repeat	-0.20	1.13
mocking	-0.20	2.64
backdoored	-0.20	2.09
diamond	-0.20	1.03
ahead	-0.20	1.12
nom	-0.20	1.17
skittles	-0.20	1.09
per	-0.20	1.40
box	-0.20	0.98
woke	-0.20	1.15
notes	-0.20	1.09
while	-0.19	1.23
internet	-0.19	1.21
switch	-0.19	1.17
noms	-0.19	1.15
maintain	-0.19	0.98
aspects	-0.19	1.81
part	-0.19	3.98
monkey	-0.19	0.98
9	-0.19	1.19
fly	-0.19	1.08
buying	-0.19	1.09
returning	-0.19	1.43
celebrities	-0.19	1.26
assumption	-0.19	1.44
table	-0.19	1.09
coach	-0.19	0.92
chest	-0.19	1.18
expected	-0.19	1.25
hope	-0.19	1.85
becomes	-0.19	1.40
failure	-0.19	1.27
chilltown	-0.19	1.60
90	-0.19	1.18
types	-0.19	0.88
puppet	-0.19	0.90
chances	-0.19	1.19
expect	-0.19	1.85
weekend	-0.19	1.15
pawns	-0.19	1.10
replaced	-0.19	1.00
bot	-0.19	1.13
conversations	-0.18	1.02
compete	-0.18	1.09
favorite	-0.18	4.09
challenges	-0.18	1.07
sealed	-0.18	0.96
rather	-0.18	1.38
1000	-0.18	0.94
carry	-0.18	1.05
afp	-0.18	1.55
topaz	-0.18	0.73
turns	-0.18	1.19
seemingly	-0.18	1.27
useful	-0.18	1.11
receive	-0.18	1.23
comp	-0.18	1.09
benefits	-0.18	0.95
after	-0.18	1.33
bother	-0.18	1.62
honor	-0.18	1.33
neda	-0.18	0.93
research	-0.18	1.06
showing	-0.18	1.17
willie	-0.18	0.93
neutral	-0.18	1.37
breaking	-0.17	1.15
wake	-0.17	1.11
side	-0.17	1.39
giving	-0.17	1.29
perception	-0.17	1.00
blah	-0.17	2.22
announce	-0.17	1.06
responded	-0.17	1.66
covering	-0.17	1.22
pussy	-0.17	0.97
start	-0.17	1.44
arlie	-0.17	0.87
instantly	-0.17	1.13
totem	-0.17	1.10
incident	-0.17	0.90
bunch	-0.17	1.01
day	-0.17	2.55
sleep	-0.17	1.15
fat	-0.17	0.94
school	-0.17	0.97
seem	-0.17	1.79
earn	-0.17	1.17
bc	-0.17	1.16
card	-0.17	0.96
rank	-0.17	1.39
relatively	-0.17	1.23
approach	-0.17	0.87
normally	-0.17	1.12
his	-0.16	1.03
jon	-0.16	0.94
alive	-0.16	1.08
spoken	-0.16	1.46
majority	-0.16	1.13
yesterday	-0.16	1.32
half	-0.16	2.22
deny	-0.16	1.15
thousand	-0.16	1.08
bitch	-0.16	1.10
adel	-0.16	0.90
partners	-0.16	1.03
mastermind	-0.16	0.82
alison	-0.16	0.89
action	-0.16	1.22
tomorrow	-0.16	1.28
strongly	-0.16	1.13
engaged	-0.16	1.10
rose	-0.16	1.07
later	-0.16	1.26
shift	-0.16	1.07
hole	-0.16	0.93
nominations	-0.16	1.19
typically	-0.15	1.09
repeatedly	-0.15	1.10
favourite	-0.15	3.99
moment	-0.15	2.94
picking	-0.15	1.07
song	-0.15	1.00
easiest	-0.15	4.00
falls	-0.15	1.06
safe	-0.15	1.57
earned	-0.15	1.17
sisters	-0.15	1.07
sympathy	-0.15	1.32
tone	-0.15	1.07
single	-0.15	4.35
prove	-0.15	1.08
addition	-0.15	1.20
regret	-0.15	1.48
tom	-0.14	0.83
sets	-0.14	0.90
up	-0.14	1.27
explanation	-0.14	1.05
rule	-0.14	1.13
breaks	-0.14	1.08
support	-0.14	1.03
strictly	-0.14	1.05
bothered	-0.14	2.08
anywhere	-0.14	1.09
ugly	-0.14	1.11
yell	-0.14	1.20
justified	-0.14	1.31
dealing	-0.14	1.14
spoiled	-0.14	1.05
lock	-0.14	1.15
flirting	-0.14	1.49
specifically	-0.14	1.16
accounts	-0.14	0.92
banner	-0.14	1.06
awake	-0.14	1.21
bull	-0.14	1.02
crap	-0.14	1.36
above	-0.14	1.24
invited	-0.14	0.82
user	-0.13	1.26
remaining	-0.13	2.16
pair	-0.13	0.91
predictable	-0.13	1.74
fear	-0.13	1.31
ran	-0.13	1.12
unexpected	-0.13	1.02
learned	-0.13	1.33
marriage	-0.13	1.08
gave	-0.13	1.27
coaches	-0.13	0.93
cutting	-0.13	1.04
usually	-0.13	1.18
husband	-0.13	1.31
legitimate	-0.13	1.30
superfans	-0.13	1.15
toss	-0.13	1.06
harder	-0.13	1.65
blown	-0.13	0.98
tickets	-0.13	1.16
pointing	-0.13	1.46
laying	-0.13	1.15
official	-0.12	1.13
today	-0.12	1.61
50k	-0.12	1.28
row	-0.12	1.23
7	-0.12	1.27
risk	-0.12	1.18
window	-0.12	1.10
states	-0.12	0.95
jumped	-0.12	1.24
video	-0.12	1.30
require	-0.12	0.96
competitions	-0.12	1.11
hn	-0.12	1.04
dangerous	-0.12	1.68
comps	-0.12	1.08
disease	-0.12	1.03
awhile	-0.12	1.46
africa	-0.12	1.00
allison	-0.12	0.88
manipulation	-0.12	1.04
spell	-0.12	1.32
double	-0.12	1.23
look	-0.12	1.80
days	-0.12	1.41
10	-0.12	1.17
threaten	-0.12	1.31
hence	-0.12	1.12
claims	-0.12	1.21
haters	-0.12	1.05
tim	-0.12	1.54
through	-0.12	1.40
til	-0.12	1.14
cost	-0.12	1.00
i.e	-0.11	0.94
hits	-0.11	1.30
mine	-0.11	1.39
married	-0.11	1.25
listening	-0.11	1.36
since	-0.11	2.17
amount	-0.11	1.18
intentions	-0.11	1.19
guarantee	-0.11	1.66
cuts	-0.11	1.01
entering	-0.11	1.08
number	-0.11	1.68
choice	-0.11	1.10
morning	-0.11	1.23
users	-0.11	0.92
draw	-0.11	1.05
tasks	-0.11	1.32
sometime	-0.11	1.27
involve	-0.11	1.24
door	-0.11	1.09
business	-0.11	1.04
floaters	-0.11	1.05
minutes	-0.11	1.42
scare	-0.11	1.16
charity	-0.10	1.08
bb16	-0.10	1.19
favor	-0.10	1.16
extreme	-0.10	1.02
wednesday	-0.10	1.25
described	-0.10	1.30
locked	-0.10	1.11
sabotage	-0.10	1.14
contest	-0.10	1.05
bigger	-0.10	1.76
important	-0.10	1.43
time	-0.10	2.96
push	-0.10	1.33
month	-0.10	1.67
powers	-0.10	1.33
participate	-0.10	1.14
accused	-0.10	1.18
duo	-0.10	1.38
ideal	-0.10	3.51
works	-0.10	1.36
conclusion	-0.10	1.28
mood	-0.10	1.11
competition	-0.09	1.07
compare	-0.09	1.24
minute	-0.09	1.44
among	-0.09	1.25
ve	-0.09	2.27
kicking	-0.09	1.05
titles	-0.09	1.28
plane	-0.09	0.94
mind	-0.09	1.27
report	-0.09	1.23
background	-0.09	0.98
saturday	-0.09	1.23
active	-0.09	0.95
cheated	-0.09	1.42
hours	-0.09	1.47
sticks	-0.09	1.35
until	-0.09	1.26
naive	-0.09	1.46
24	-0.09	1.24
well	-0.09	1.62
join	-0.09	1.08
pawn	-0.09	1.19
dominating	-0.09	1.58
apparently	-0.09	2.93
cheap	-0.09	1.24
cancer	-0.09	1.39
page	-0.09	1.05
luck	-0.09	1.02
b/c	-0.09	1.29
ride	-0.09	1.01
suspect	-0.09	1.13
5	-0.09	1.23
heat	-0.08	1.08
mins	-0.08	1.49
supposedly	-0.08	1.44
consequences	-0.08	1.04
alone	-0.08	1.44
protect	-0.08	0.93
s7	-0.08	1.76
partner	-0.08	0.97
casted	-0.08	1.14
tl	-0.08	0.96
eventually	-0.08	1.35
fell	-0.08	1.06
challenge	-0.08	1.10
seconds	-0.08	1.34
pillow	-0.08	1.11
bed	-0.08	1.15
luxury	-0.08	1.13
tiny	-0.08	1.10
evictions	-0.08	1.23
editing	-0.08	1.11
finally	-0.08	1.65
knock	-0.08	0.86
setting	-0.08	1.18
1.5	-0.08	1.00
ika	-0.08	0.90
poll	-0.08	1.15
warning	-0.08	0.99
president	-0.08	1.11
tape	-0.08	0.78
comparison	-0.08	1.00
float	-0.08	0.95
tons	-0.08	1.05
community	-0.08	0.96
shadow	-0.08	1.10
meeting	-0.08	1.15
drop	-0.07	1.05
personalities	-0.07	1.20
stop	-0.07	1.47
suddenly	-0.07	1.17
stretch	-0.07	1.20
center	-0.07	1.18
marry	-0.07	1.43
reveals	-0.07	1.14
girls	-0.07	1.04
required	-0.07	0.90
selling	-0.07	1.10
fire	-0.07	1.05
individually	-0.07	1.24
30	-0.07	1.16
changed	-0.07	1.13
ass	-0.07	0.99
clueless	-0.07	1.44
sexual	-0.07	1.22
held	-0.07	1.02
kiss	-0.07	1.06
chooses	-0.07	1.15
de	-0.07	1.51
screen	-0.07	1.04
lack	-0.07	1.01
follow	-0.07	0.95
visit	-0.07	1.09
statement	-0.07	1.12
chat	-0.07	1.06
shortly	-0.06	1.21
bag	-0.06	0.93
slowly	-0.06	1.37
squad	-0.06	1.05
sold	-0.06	1.06
monday	-0.06	1.23
emotion	-0.06	1.24
afternoon	-0.06	1.21
sites	-0.06	1.02
carried	-0.06	1.09
completely	-0.06	1.76
woo	-0.06	0.82
sitting	-0.06	1.21
four	-0.06	1.19
years	-0.06	1.29
yelling	-0.06	1.17
sticking	-0.06	1.14
hour	-0.06	1.53
had	-0.06	1.47
accidentally	-0.06	1.08
staff	-0.06	1.23
blowing	-0.06	1.08
guess	-0.06	3.48
ago	-0.06	1.24
shock	-0.06	1.56
narrative	-0.06	0.91
handling	-0.06	1.02
reward	-0.06	1.08
dollars	-0.05	1.17
editors	-0.05	0.89
clear	-0.05	1.65
pre-season	-0.05	1.11
limited	-0.05	1.37
died	-0.05	1.24
adult	-0.05	0.93
came	-0.05	1.71
attack	-0.05	1.19
causes	-0.05	1.10
steps	-0.05	1.03
listened	-0.05	1.21
butthurt	-0.05	1.84
twitter	-0.05	0.93
millions	-0.05	0.90
weeks	-0.05	1.41
spill	-0.05	0.93
backlash	-0.05	1.13
previously	-0.05	1.23
rational	-0.05	1.20
losing	-0.05	1.29
dumbest	-0.05	4.01
argument	-0.04	1.31
extra	-0.04	1.24
booted	-0.04	1.68
voters	-0.04	1.06
rights	-0.04	0.86
minor	-0.04	1.40
encourage	-0.04	1.18
buyback	-0.04	1.35
ill	-0.04	1.16
gays	-0.04	1.06
feed	-0.04	1.06
system	-0.04	1.02
strong	-0.04	2.41
grand	-0.04	1.20
jessica	-0.04	1.21
small	-0.04	1.14
results	-0.04	1.18
ceremony	-0.04	1.19
counted	-0.04	1.14
mental	-0.04	1.10
three	-0.04	1.18
yard	-0.04	1.12
current	-0.04	1.43
head	-0.04	1.02
major	-0.04	1.80
preseason	-0.04	1.04
purposely	-0.04	1.04
asap	-0.04	1.54
150	-0.04	1.16
heads	-0.03	1.02
divorce	-0.03	1.21
bmc	-0.03	1.30
clothing	-0.03	1.10
shots	-0.03	1.07
force	-0.03	1.01
integrity	-0.03	1.08
paranoid	-0.03	2.59
status	-0.03	0.95
planet	-0.03	3.02
threat	-0.03	1.56
eviction	-0.03	1.24
till	-0.03	1.23
dream	-0.03	1.51
guaranteed	-0.03	1.40
violence	-0.03	0.94
alcohol	-0.03	1.06
provide	-0.03	1.05
spending	-0.03	1.43
45	-0.03	1.21
min	-0.03	1.14
500,000	-0.03	1.51
crew	-0.03	0.99
est	-0.03	1.11
media	-0.03	1.07
knowledge	-0.03	1.04
kick	-0.03	1.03
create	-0.02	1.02
detonators	-0.02	1.04
proved	-0.02	1.01
certainly	-0.02	1.61
lives	-0.02	1.15
revenge	-0.02	1.25
intelligence	-0.02	0.90
americas	-0.02	1.89
core	-0.02	1.00
tweets	-0.02	1.01
500	-0.02	1.23
manipulator	-0.02	1.11
pressed	-0.02	1.14
original	-0.02	1.21
storage	-0.02	1.08
tbh	-0.02	1.60
videos	-0.02	1.04
bird	-0.02	1.06
producers	-0.02	0.88
bb9	-0.02	1.31
hints	-0.02	1.01
don	-0.02	1.11
friday	-0.02	1.19
regards	-0.02	1.02
jokers	-0.02	1.04
death	-0.02	1.38
dig	-0.02	0.97
jack	-0.02	0.80
million	-0.02	0.97
cover	-0.02	0.95
veronica	-0.02	1.27
tonight	-0.02	1.27
offered	-0.01	0.97
build	-0.01	0.92
ten	-0.01	1.40
facebook	-0.01	0.95
fame	-0.01	1.00
percentage	-0.01	1.13
60	-0.01	1.09
stayed	-0.01	1.20
click	-0.01	1.16
aside	-0.01	0.95
hang	-0.01	1.04
arm	-0.01	1.03
openly	-0.01	0.98
sort	-0.01	1.40
dollar	-0.01	1.16
kenny	-0.01	0.92
singing	-0.01	1.03
dynamic	-0.01	1.36
bold	-0.01	2.40
couple	-0.01	1.22
honesty	-0.01	1.12
25k	-0.01	1.57
fit	-0.01	1.02
horse	-0.01	1.09
camera	-0.01	1.35
followers	-0.01	0.95
assumed	-0.01	1.29
interviews	-0.01	0.94
play	-0.01	1.41
angle	-0.01	1.04
appear	-0.00	1.23
surprising	-0.00	1.58
spoilers	-0.00	1.24
act	-0.00	1.30
exciting	-0.00	1.80
cheating	-0.00	1.30
past	-0.00	1.35
period	-0.00	1.56
fired	-0.00	1.38
strength	-0.00	1.02
received	0.00	1.25
scale	0.00	1.01
highlights	0.00	1.08
tune	0.00	0.92
funniest	0.00	4.42
creating	0.00	0.96
singer	0.00	1.11
clean	0.00	2.52
kill	0.00	1.42
board	0.00	1.31
5k	0.01	1.24
mogul	0.01	0.92
cut	0.01	1.11
everywhere	0.01	0.99
money	0.01	1.22
confused	0.01	4.13
volunteered	0.01	1.24
catching	0.01	1.65
faces	0.01	1.15
spoke	0.01	1.25
adds	0.01	1.32
fish	0.01	1.07
cheer	0.01	1.11
respond	0.01	1.39
walking	0.01	1.35
lower	0.01	1.10
another	0.01	2.41
winnings	0.01	1.27
timing	0.01	1.22
space	0.01	0.98
paying	0.01	1.16
rooms	0.01	1.03
label	0.01	2.63
from	0.01	1.20
heck	0.02	1.13
thing	0.02	2.57
presence	0.02	0.92
books	0.02	0.97
few	0.02	1.18
throat	0.02	1.07
surely	0.02	1.09
reach	0.02	1.22
forget	0.02	1.61
five	0.02	1.26
long	0.02	1.34
became	0.02	1.47
r/bigbrother	0.02	1.34
s10	0.02	1.11
sequester	0.02	1.09
andrew	0.02	0.91
understands	0.02	2.68
ever	0.02	4.45
test	0.02	1.13
occasionally	0.02	1.04
basis	0.02	0.99
mature	0.02	1.12
punch	0.02	1.39
finding	0.02	1.29
signed	0.02	1.01
offer	0.02	0.93
natalie	0.02	1.42
button	0.02	1.25
floater	0.02	1.27
contact	0.02	1.04
lips	0.02	1.16
wasted	0.02	1.07
energy	0.02	1.16
beginning	0.03	1.59
middle	0.03	0.95
saw	0.03	1.52
intro	0.03	1.00
chenbot	0.03	1.21
waste	0.03	1.04
portion	0.03	1.55
tuesday	0.03	1.22
thursday	0.03	1.24
cops	0.03	0.89
starts	0.03	1.33
form	0.03	0.97
fantasy	0.03	1.84
capable	0.03	1.09
deleted	0.03	1.53
spoiler	0.03	1.24
siblings	0.03	1.09
jobs	0.03	0.94
fill	0.03	1.06
changing	0.03	1.02
rig	0.03	1.19
avoid	0.03	1.31
emmett	0.04	0.91
pics	0.04	1.02
rich	0.04	0.98
realistically	0.04	1.26
born	0.04	0.99
upvoted	0.04	1.54
natural	0.04	1.16
cat	0.04	1.31
attention	0.04	1.16
hide	0.04	1.10
jillian	0.04	0.92
main	0.04	1.59
skill	0.04	1.04
levels	0.04	1.08
round	0.04	1.29
hurts	0.04	1.30
toilet	0.04	0.91
julie	0.04	1.39
opportunities	0.04	0.95
promise	0.04	1.35
haycole	0.04	1.00
midnight	0.04	1.20
lots	0.04	1.06
sign	0.04	1.09
competing	0.04	0.92
posted	0.04	1.44
jump	0.04	1.15
logical	0.05	1.13
usual	0.05	1.07
class	0.05	1.00
learning	0.05	1.31
cuz	0.05	1.48
deals	0.05	1.09
related	0.05	1.01
friendship	0.05	3.06
increase	0.05	1.27
tweet	0.05	0.98
together	0.05	1.01
known	0.05	1.52
plot	0.05	1.20
tongue	0.05	1.02
longer	0.05	1.18
stupidity	0.05	0.94
direction	0.05	1.40
blow	0.05	1.09
stops	0.05	1.01
league	0.05	1.42
certain	0.05	1.25
staying	0.05	1.64
purpose	0.05	1.17
master	0.05	0.84
professional	0.05	0.97
multiple	0.05	1.05
imagine	0.05	1.54
fake	0.06	1.31
grandfather	0.06	1.17
thousands	0.06	0.99
worth	0.06	1.42
rock	0.06	1.12
touching	0.06	1.46
dealt	0.06	1.30
favorites	0.06	1.50
course	0.06	2.20
pushed	0.06	1.23
hardest	0.06	3.24
drs	0.06	1.10
marcellas	0.06	1.46
clips	0.06	1.01
moments	0.06	2.39
check	0.06	1.05
em	0.06	1.43
alot	0.06	1.22
include	0.06	1.18
appearance	0.06	0.89
press	0.06	1.05
5000	0.06	1.17
iirc	0.06	0.92
hes	0.06	1.24
medical	0.06	1.14
focus	0.06	0.99
building	0.06	1.08
initial	0.07	1.19
created	0.07	1.39
evening	0.07	1.19
everyday	0.07	1.30
spoil	0.07	1.61
chrome	0.07	1.19
insight	0.07	1.08
photos	0.07	1.06
removed	0.07	1.44
secure	0.07	1.51
shower	0.07	1.08
giant	0.07	1.13
strategies	0.07	0.95
bomb	0.07	1.02
post	0.07	1.69
underwear	0.07	1.00
night	0.07	1.30
justin	0.07	1.02
boyfriend	0.07	1.18
joker	0.07	1.01
around	0.07	1.19
dead	0.07	1.00
updates	0.07	1.01
initially	0.07	1.32
properly	0.07	1.59
20	0.07	1.19
season	0.07	2.44
michael	0.07	0.91
powerful	0.08	1.62
ring	0.08	1.14
puzzle	0.08	1.03
nomination	0.08	1.28
bottom	0.08	1.04
comparing	0.08	1.01
fighting	0.08	0.86
5,000	0.08	1.17
troll	0.08	1.36
derricks	0.08	0.96
distance	0.08	1.50
my	0.08	1.70
frankly	0.08	1.19
caused	0.08	1.32
apology	0.08	1.18
listen	0.08	1.38
account	0.08	1.18
info	0.08	1.13
considering	0.08	1.69
flairs	0.08	1.13
split	0.08	0.98
af	0.08	1.58
contract	0.08	1.03
thus	0.08	1.24
agreement	0.08	1.07
gary	0.08	0.85
along	0.08	1.49
previous	0.08	2.05
position	0.08	1.49
culture	0.08	0.77
skip	0.09	1.19
dates	0.09	1.13
ep	0.09	1.05
group	0.09	1.21
banana	0.09	1.07
fave	0.09	1.64
silent	0.09	1.10
women	0.09	1.15
connection	0.09	1.03
wishes	0.09	1.61
touched	0.09	1.41
rat	0.09	0.88
boots	0.09	0.95
most	0.09	4.29
physical	0.09	1.37
some	0.09	1.22
linked	0.09	1.52
shouting	0.09	1.37
alliance	0.09	0.90
items	0.09	1.14
sucking	0.09	1.07
shady	0.09	1.39
remain	0.09	1.08
sides	0.09	0.87
hit	0.09	1.07
goal	0.09	1.27
publicly	0.10	1.23
lazy	0.10	1.93
light	0.10	1.10
valid	0.10	1.30
non	0.10	0.97
chicken	0.10	1.37
east	0.10	1.18
process	0.10	1.34
radar	0.10	1.01
alliances	0.10	0.93
500k	0.10	1.42
big	0.10	3.89
50	0.10	1.15
<SPECIAL>	0.10	0.92
<URL>	0.10	0.92
cause	0.10	1.39
voice	0.10	1.43
riding	0.10	1.04
viewer	0.10	1.02
punishment	0.10	1.11
rationale	0.10	1.03
ex	0.10	1.06
competitive	0.10	1.22
step	0.10	1.13
teams	0.10	1.09
store	0.10	0.96
key	0.10	1.06
base	0.10	1.03
built	0.10	0.84
nights	0.10	1.24
blood	0.10	0.93
coincidence	0.11	1.33
chaos	0.11	1.17
scene	0.11	1.61
contestants	0.11	1.31
dropping	0.11	1.06
manipulative	0.11	0.85
loud	0.11	1.42
rankings	0.11	1.06
advance	0.11	1.04
crack	0.11	1.15
lately	0.11	1.28
quickly	0.11	1.39
seat	0.11	1.06
makeup	0.11	1.04
2	0.11	1.09
first	0.11	2.51
science	0.11	0.96
replies	0.11	1.28
lived	0.11	1.07
michelle	0.11	1.27
demographic	0.11	1.05
becoming	0.11	1.44
sick	0.12	3.87
neck	0.12	1.03
child	0.12	1.03
standards	0.12	1.02
freak	0.12	1.12
dominate	0.12	1.25
beast	0.12	1.03
outs	0.12	0.93
less	0.12	1.59
girlfriend	0.12	1.07
accurate	0.12	1.35
crush	0.12	0.97
accept	0.12	1.54
pole	0.12	1.01
arguably	0.12	4.07
experience	0.12	1.29
plenty	0.12	1.15
worries	0.12	1.39
numbers	0.12	1.25
underrated	0.12	3.13
x	0.12	1.22
us	0.12	1.68
caught	0.12	1.46
links	0.13	1.27
blindside	0.13	0.85
extensions	0.13	1.25
eh	0.13	1.26
perspective	0.13	0.97
raised	0.13	1.03
explode	0.13	1.25
hanging	0.13	1.17
officially	0.13	1.37
its	0.13	1.86
band	0.13	1.48
tie	0.13	1.08
movie	0.13	0.89
separate	0.13	0.96
incredibly	0.13	1.65
written	0.13	1.04
value	0.13	1.07
dropped	0.13	1.15
higher	0.13	1.31
endurance	0.13	1.09
spent	0.13	1.42
worked	0.13	1.22
title	0.13	1.30
charge	0.13	0.93
highly	0.13	1.44
apologize	0.13	1.42
letters	0.13	1.16
write	0.14	1.26
surrounded	0.14	1.00
cop	0.14	0.85
green	0.14	1.04
prevent	0.14	1.23
continue	0.14	1.19
consistently	0.14	1.31
an	0.14	1.09
intended	0.14	1.06
west	0.14	1.11
hardcore	0.14	1.12
16	0.14	1.85
stir	0.14	1.18
sat	0.14	1.14
quit	0.14	1.21
meaning	0.14	1.22
pizza	0.14	1.10
w	0.14	0.77
perceived	0.14	1.01
music	0.15	1.02
bonus	0.15	1.11
answers	0.15	1.52
myself	0.15	2.23
exist	0.15	1.10
balance	0.15	1.15
text	0.15	1.10
biggest	0.15	4.09
wrote	0.15	1.08
faith	0.15	1.85
better	0.15	2.75
beer	0.15	1.00
example	0.15	1.31
fits	0.15	1.08
passed	0.15	1.12
relevant	0.15	1.16
strategically	0.15	1.24
id	0.15	1.33
quad	0.15	1.31
me	0.15	3.59
term	0.15	1.23
morons	0.15	1.04
tag	0.15	1.32
latest	0.16	1.09
wasnt	0.16	1.38
private	0.16	1.01
cheering	0.16	1.47
sunday	0.16	1.21
call	0.16	1.24
wild	0.16	0.99
threats	0.16	1.59
several	0.16	1.11
gameplay	0.16	1.40
families	0.16	0.81
shirts	0.16	0.96
songs	0.16	1.06
read	0.16	1.20
useless	0.16	1.17
loose	0.16	0.92
mode	0.16	0.99
become	0.16	2.05
drinking	0.16	0.98
impression	0.16	1.06
cringe	0.16	1.61
dancing	0.16	0.99
skills	0.16	0.92
checked	0.16	1.13
insult	0.16	0.69
two	0.17	1.05
rally	0.17	0.86
tied	0.17	1.27
passive	0.17	1.20
moron	0.17	1.08
desperately	0.17	1.24
role	0.17	1.12
significant	0.17	1.10
many	0.17	1.09
short	0.17	1.00
law	0.17	0.80
pictures	0.17	1.10
bang	0.17	1.29
finale	0.17	1.22
irrelevant	0.17	1.28
touch	0.17	1.18
quick	0.17	1.41
online	0.17	1.06
remotely	0.17	1.69
strike	0.17	1.25
especially	0.17	1.70
yourself	0.17	1.46
ready	0.17	2.22
trick	0.17	1.09
sooo	0.17	1.49
decent	0.17	2.49
nearly	0.17	1.33
degree	0.17	1.06
showmances	0.17	1.01
40	0.17	1.11
beyond	0.18	1.23
smaller	0.18	0.92
arissa	0.18	1.01
confusing	0.18	1.48
regular	0.18	0.93
employees	0.18	1.04
cameras	0.18	1.01
hmmm	0.18	1.18
included	0.18	1.08
tattoos	0.18	0.93
sports	0.18	1.29
added	0.18	1.13
timestamp	0.18	1.51
pop	0.18	0.92
prior	0.18	1.08
whose	0.18	1.10
airs	0.18	1.18
nakomis	0.18	1.22
zachs	0.18	1.07
equal	0.18	1.13
expecting	0.19	1.77
element	0.19	1.71
facial	0.19	1.18
history	0.19	4.39
originally	0.19	1.66
slap	0.19	1.46
ryan	0.19	1.15
monster	0.19	0.99
dark	0.19	1.15
viewing	0.19	1.21
effects	0.19	1.14
rolling	0.19	1.21
word	0.19	1.49
eye	0.19	1.06
level	0.19	1.07
lasted	0.19	1.19
formed	0.19	0.88
down	0.19	1.25
gluten	0.19	0.94
likable	0.19	2.64
stomach	0.19	1.80
complete	0.19	1.26
judy	0.19	1.08
talent	0.19	0.96
various	0.20	0.96
shave	0.20	1.17
dynamics	0.20	1.28
entertainment	0.20	1.04
comedy	0.20	1.04
shared	0.20	0.96
entered	0.20	1.00
fans	0.20	1.15
characters	0.20	1.54
size	0.20	1.09
experiment	0.20	1.18
golden	0.20	1.07
dance	0.20	1.09
high	0.20	1.15
fairly	0.20	1.61
scary	0.21	1.89
field	0.21	1.04
pay	0.21	1.12
began	0.21	0.91
paper	0.21	0.86
thoughts	0.21	1.04
food	0.21	1.00
definition	0.21	0.94
career	0.21	1.17
recruits	0.21	0.91
large	0.21	1.05
lead	0.21	1.09
groups	0.21	1.07
bunny	0.21	1.02
deserving	0.21	1.32
drawing	0.21	1.10
shoulder	0.21	1.46
anyways	0.21	1.27
content	0.21	1.22
mic	0.21	1.12
defense	0.21	0.92
victim	0.21	0.98
book	0.21	1.11
casual	0.21	1.25
reached	0.21	1.07
these	0.21	1.07
sorts	0.22	1.17
noise	0.22	1.47
forgetting	0.22	1.62
somewhere	0.22	1.09
wine	0.22	0.96
episode	0.22	1.24
bite	0.22	1.28
led	0.22	0.90
slept	0.22	1.24
closely	0.22	1.10
more	0.22	1.77
helps	0.22	1.12
corner	0.22	1.12
atleast	0.22	1.15
ice	0.23	1.00
competitor	0.23	1.84
booing	0.23	1.13
somewhat	0.23	1.64
dinner	0.23	1.07
f5	0.23	0.98
figured	0.23	1.78
training	0.23	0.96
careful	0.23	1.21
geez	0.23	1.20
v	0.23	1.12
grab	0.23	0.95
doctor	0.23	1.07
red	0.23	1.15
moving	0.23	1.21
greatest	0.23	4.39
24/7	0.23	1.03
competitors	0.23	1.70
nature	0.23	1.14
studio	0.23	1.03
massive	0.23	1.24
naturally	0.23	0.79
battle	0.24	0.82
steal	0.24	1.09
twice	0.24	1.84
scenes	0.24	0.85
laundry	0.24	0.81
torn	0.24	2.42
smooth	0.24	1.11
random	0.24	1.34
deep	0.24	1.08
address	0.24	1.08
site	0.24	1.13
explains	0.24	1.37
gheesling	0.24	0.92
goddamn	0.24	1.12
games	0.24	1.24
finished	0.24	1.24
unpopular	0.24	1.13
pretending	0.24	1.05
writing	0.24	0.97
flair	0.24	1.26
car	0.24	1.19
understood	0.24	1.24
intentionally	0.24	1.27
listed	0.24	1.03
wears	0.24	0.99
appears	0.25	0.95
near	0.25	1.21
pig	0.25	1.42
rules	0.25	1.09
glass	0.25	1.01
messing	0.25	1.35
price	0.25	1.00
worthy	0.25	1.35
drama	0.25	1.34
welp	0.25	1.77
la	0.25	1.38
sibling	0.25	1.44
homosexual	0.25	0.89
cash	0.26	1.27
sloppy	0.26	0.96
mad	0.26	3.78
ridiculously	0.26	1.54
outsiders	0.26	0.98
jumping	0.26	1.14
coast	0.26	1.15
asleep	0.26	1.18
basic	0.26	1.10
dating	0.26	1.20
excitement	0.26	1.26
lay	0.26	1.18
clothes	0.26	0.91
learn	0.26	1.31
charisma	0.26	1.10
undercover	0.26	0.78
brain	0.26	1.25
def	0.26	1.19
larger	0.26	1.20
fav	0.26	1.90
shape	0.26	1.07
cross	0.26	1.05
taste	0.26	1.15
proven	0.26	1.27
closer	0.27	1.10
slop	0.27	1.02
mirror	0.27	1.18
wear	0.27	1.02
app	0.27	1.10
chair	0.27	1.16
according	0.27	1.11
new	0.27	1.14
bar	0.27	1.18
ask	0.27	2.02
hero	0.27	0.89
ground	0.27	1.35
police	0.27	0.96
phone	0.27	0.97
admit	0.27	2.10
dry	0.27	1.58
comic	0.27	1.01
premiere	0.27	1.14
discuss	0.27	1.13
laid	0.27	1.12
uhh	0.27	1.93
accents	0.28	1.53
bright	0.28	1.19
record	0.28	1.02
females	0.28	1.41
within	0.28	1.16
brilliant	0.28	2.56
hopes	0.28	1.10
raise	0.28	0.85
dull	0.28	1.67
now	0.28	2.41
project	0.28	0.90
baseball	0.28	1.25
hollas	0.28	1.41
feet	0.28	0.98
during	0.28	1.23
frequently	0.28	1.02
meat	0.28	0.95
perhaps	0.28	0.99
brand	0.28	0.79
material	0.28	0.89
drawn	0.28	1.56
embarrassing	0.29	1.72
replace	0.29	1.05
north	0.29	1.00
those	0.29	1.07
rate	0.29	1.28
seasons	0.29	1.85
hmm	0.29	1.44
area	0.29	0.89
former	0.29	1.73
land	0.29	0.93
stick	0.29	1.06
town	0.29	0.99
pot	0.29	0.99
tight	0.29	0.91
streams	0.29	1.11
secretly	0.29	1.10
broadway	0.29	1.02
frankies	0.29	1.07
socially	0.29	1.25
adding	0.29	1.12
keesha	0.29	0.97
set	0.29	1.27
pants	0.29	0.99
falling	0.29	1.01
lines	0.29	1.01
pickle	0.29	0.95
months	0.29	1.28
spelling	0.30	1.58
south	0.30	0.98
open	0.30	1.04
blog	0.30	0.93
all-stars	0.30	1.46
tip	0.30	1.14
weaker	0.30	1.49
staring	0.30	1.34
witch	0.30	1.17
florida	0.30	1.00
effective	0.30	1.69
hint	0.30	1.19
freaked	0.30	1.87
college	0.30	1.00
local	0.30	0.89
smoke	0.30	1.18
security	0.30	1.03
teen	0.31	0.90
upvote	0.31	1.67
military	0.31	1.05
commercials	0.31	1.21
iq	0.31	0.93
skin	0.31	1.07
management	0.31	1.36
gf	0.31	1.10
quality	0.31	1.22
taping	0.31	1.00
throughout	0.31	1.06
six	0.31	1.04
lady	0.31	1.21
watchers	0.31	0.99
men	0.31	1.13
wore	0.32	1.06
via	0.32	1.06
bbad	0.32	1.11
reactions	0.32	1.08
audio	0.32	1.05
christian	0.32	1.03
pairs	0.32	1.10
ball	0.32	1.03
stress	0.32	1.11
99	0.32	1.95
edits	0.32	1.03
princess	0.32	1.08
scramble	0.32	1.55
airing	0.32	1.20
sharing	0.32	1.21
hooked	0.32	1.59
have-not	0.32	0.96
props	0.32	1.20
potential	0.32	1.35
butt	0.33	1.06
playing	0.33	1.48
dreams	0.33	1.22
cowboy	0.33	0.96
consensus	0.33	1.08
angry	0.33	3.91
scream	0.33	1.03
youtube	0.33	1.14
smartest	0.33	4.12
recruited	0.33	0.88
pro	0.33	1.14
canada	0.33	2.01
company	0.33	0.87
track	0.33	1.08
explain	0.33	1.42
weak	0.34	1.62
entertain	0.34	1.13
begins	0.34	1.14
knife	0.34	0.94
roll	0.34	1.14
placed	0.34	1.41
age	0.34	0.90
ninja	0.34	1.23
into	0.34	1.23
tweeting	0.34	1.20
apple	0.34	0.73
google	0.34	1.29
bottle	0.34	0.99
image	0.34	1.18
foot	0.34	1.30
late	0.35	1.31
couch	0.35	1.29
counting	0.35	1.15
broadcast	0.35	1.08
izzy	0.35	1.12
legitimately	0.35	1.56
lesson	0.35	1.03
pretend	0.35	1.31
factor	0.35	1.03
state	0.35	1.04
jerk	0.35	2.42
pet	0.35	1.11
switching	0.35	1.16
spots	0.35	1.03
release	0.35	1.12
sorta	0.35	1.58
forth	0.35	1.03
prizes	0.36	1.08
sounded	0.36	1.91
soccer	0.36	1.32
describe	0.36	0.95
fresh	0.36	0.90
hats	0.36	1.36
kinds	0.36	1.30
reasonable	0.36	1.38
banned	0.36	1.82
eating	0.36	1.01
burn	0.36	1.22
advice	0.36	1.07
ironic	0.36	1.39
edge	0.36	1.51
broke	0.36	0.91
escape	0.36	1.15
theme	0.36	1.02
joke	0.36	1.44
odds	0.37	1.79
sexuality	0.37	0.83
lockdown	0.37	0.98
mobile	0.37	1.74
vibe	0.37	1.93
smarter	0.37	1.51
possibility	0.37	1.57
younger	0.37	1.29
very	0.37	1.80
minds	0.37	1.15
taxes	0.37	1.21
cast	0.37	1.84
imo	0.37	1.77
drinks	0.37	0.98
slippers	0.37	1.00
talented	0.38	1.11
stopped	0.38	1.41
different	0.38	1.26
mentally	0.38	1.11
suppose	0.38	1.44
obsessed	0.38	2.29
growing	0.38	1.10
theyre	0.38	1.81
grandpa	0.38	1.31
allstars	0.38	1.04
bieber	0.38	1.01
speech	0.38	1.14
free	0.38	1.03
none	0.38	1.04
started	0.39	1.50
immunity	0.39	0.92
upcoming	0.39	0.90
terribly	0.39	2.16
celebrity	0.39	1.93
poor	0.39	2.10
street	0.39	0.93
friends	0.39	1.35
access	0.39	1.00
funnier	0.39	1.42
f	0.39	1.14
villain	0.39	0.96
spend	0.39	1.12
hd	0.39	1.02
paid	0.39	1.13
pure	0.39	1.09
speeches	0.40	0.97
eat	0.40	0.97
wearing	0.40	0.98
date	0.40	1.22
elaborate	0.40	1.40
website	0.40	1.08
audience	0.40	1.05
nsfw	0.40	1.36
fucks	0.40	1.29
mixed	0.40	1.10
chess	0.40	1.00
sister	0.40	1.19
affection	0.40	1.60
delete	0.40	1.91
design	0.40	0.97
penis	0.40	1.13
aware	0.40	2.68
groundskeeper	0.41	1.01
away	0.41	1.26
noticed	0.41	1.74
magic	0.41	1.02
eggs	0.41	0.96
sure	0.41	3.91
glorious	0.41	1.22
nailed	0.41	1.37
whats	0.41	1.47
trolling	0.41	1.59
stare	0.41	1.46
covered	0.42	0.92
likeable	0.42	1.59
dramatic	0.42	1.20
e	0.42	1.40
longest	0.42	1.88
wife	0.42	1.10
search	0.42	1.02
blue	0.42	1.02
3	0.42	1.15
particularly	0.42	1.72
professor	0.42	1.09
pool	0.42	1.05
male	0.42	1.33
colors	0.43	1.33
tumblr	0.43	1.12
meltdown	0.43	0.97
unique	0.43	1.38
leg	0.43	1.03
strategy	0.43	1.36
salty	0.43	2.96
arianna	0.43	1.00
nfl	0.43	1.10
utopia	0.43	0.90
sudden	0.43	1.23
t	0.43	1.17
flashback	0.43	1.12
meh	0.44	1.31
prepare	0.44	1.05
cream	0.44	0.97
stream	0.44	1.28
22	0.44	1.22
pr	0.44	1.13
perfectly	0.44	1.43
chris	0.44	1.17
performance	0.44	0.99
direct	0.44	1.02
shaved	0.44	1.05
halfway	0.44	1.14
extremely	0.44	1.79
war	0.44	1.04
ship	0.44	1.09
hat	0.44	0.96
minority	0.45	1.82
kathy	0.45	0.87
theres	0.45	0.90
psycho	0.45	1.52
crushed	0.45	1.56
18	0.45	0.96
dicks	0.45	0.79
recruit	0.45	0.89
satisfying	0.45	1.75
nope	0.45	1.47
winner	0.45	2.06
stalker	0.45	1.39
found	0.45	1.50
signs	0.46	1.15
filled	0.46	1.01
harvard	0.46	1.08
stipend	0.46	1.39
shame	0.46	0.94
bill	0.46	0.97
wall	0.46	1.16
football	0.46	1.07
recently	0.46	1.33
add	0.46	1.45
language	0.47	0.92
bible	0.47	1.02
c	0.47	1.16
emotional	0.47	2.18
ive	0.47	2.14
jocosta	0.47	1.27
wash	0.47	1.09
strange	0.47	1.69
context	0.47	1.37
shoes	0.47	1.01
suspicious	0.47	2.05
sidebar	0.47	1.53
b	0.47	1.14
folks	0.47	1.15
clip	0.47	1.28
future	0.47	0.87
arisa	0.47	0.89
job	0.48	1.07
dress	0.48	0.97
strategist	0.48	1.53
letter	0.48	1.05
ideas	0.48	1.02
humor	0.48	1.26
m	0.48	3.97
shirt	0.48	1.03
drug	0.48	1.15
speaking	0.48	1.18
played	0.48	1.56
switched	0.48	1.57
fashion	0.48	1.07
purely	0.48	1.19
usa	0.48	1.88
jesse	0.48	1.22
john	0.48	0.73
version	0.48	1.87
contestant	0.48	2.29
biased	0.48	2.84
grande	0.48	1.13
romantic	0.49	0.97
sense	0.49	1.95
duck	0.49	1.28
catch	0.49	1.59
tvgn	0.49	0.98
glasses	0.49	1.06
justice	0.49	1.08
front	0.49	1.17
username	0.49	1.15
judging	0.49	1.30
beauty	0.49	0.96
party	0.49	1.16
kids	0.50	1.15
subject	0.50	1.07
nichole	0.50	1.53
computer	0.50	1.03
paint	0.50	1.19
forever	0.50	1.65
drunk	0.50	1.99
pink	0.50	1.04
standard	0.50	1.22
grown	0.50	1.22
stronger	0.50	1.57
grew	0.50	1.10
model	0.50	1.08
segment	0.50	1.14
quite	0.51	1.75
boys	0.51	1.13
jocasta	0.51	1.56
whore	0.51	0.92
golf	0.51	1.07
album	0.51	1.06
checking	0.51	1.05
photo	0.51	1.22
sentence	0.51	1.31
balls	0.51	0.99
overwhelming	0.51	1.08
blame	0.51	3.05
mistaken	0.52	3.34
woman	0.52	1.22
ladies	0.52	1.22
air	0.52	1.12
award	0.52	1.25
pie	0.52	0.87
studying	0.52	1.64
although	0.52	1.95
bb	0.52	4.12
welcome	0.53	1.20
victory	0.53	1.35
swear	0.53	1.19
bbcan	0.53	1.53
pissed	0.53	4.36
hands	0.53	1.04
standpoint	0.53	1.29
ariana	0.53	1.22
hearing	0.53	2.14
miserable	0.53	3.34
hola	0.54	1.25
eyes	0.54	1.19
meet	0.54	1.15
mix	0.54	1.25
pic	0.54	1.17
society	0.54	1.06
exit	0.54	1.14
bored	0.54	3.19
fights	0.55	1.15
nose	0.55	1.09
jerry	0.55	0.93
live	0.55	1.01
tear	0.55	1.41
match	0.55	1.05
questions	0.55	3.96
sex	0.55	1.13
radio	0.55	0.93
havent	0.55	1.80
trip	0.55	1.26
overall	0.55	1.36
mouth	0.55	1.14
daughter	0.55	0.99
gender	0.56	0.97
sing	0.56	1.03
prize	0.56	1.81
shorts	0.56	1.16
19	0.56	0.98
upset	0.56	4.40
ties	0.56	0.94
low	0.56	1.20
zingbot	0.56	1.25
interview	0.56	1.09
sooooo	0.56	1.79
host	0.56	0.93
young	0.56	1.30
drink	0.56	1.24
average	0.57	1.21
inside	0.57	1.23
student	0.58	0.89
actor	0.58	1.40
family	0.58	1.13
rewatch	0.58	1.49
accepted	0.58	0.90
consider	0.58	1.54
driving	0.58	1.08
crow	0.58	1.09
k	0.58	1.12
interact	0.58	1.21
versions	0.58	2.15
plastic	0.58	1.07
r	0.58	1.25
cbs	0.58	0.98
cable	0.58	1.04
reference	0.59	1.00
instant	0.59	1.10
mentions	0.59	2.86
23	0.59	1.09
huge	0.59	1.82
n	0.59	1.32
milk	0.59	0.96
total	0.59	1.05
couples	0.59	1.10
youre	0.59	1.76
star	0.59	1.01
waiting	0.59	2.05
nervous	0.59	4.21
slice	0.59	1.08
casting	0.59	1.08
mods	0.59	1.46
wikipedia	0.60	0.91
old	0.60	1.04
closed	0.60	1.09
black	0.60	1.32
canadian	0.60	1.61
update	0.60	1.14
footage	0.60	1.08
feeds	0.60	1.33
cousin	0.60	1.24
germany	0.60	1.20
aw	0.61	2.62
plus	0.61	1.47
available	0.61	1.13
ari	0.61	1.04
international	0.61	2.19
style	0.61	1.14
disgusted	0.62	4.29
boss	0.62	1.12
kind	0.62	1.96
success	0.62	1.15
insanely	0.62	1.61
description	0.62	1.22
includes	0.62	0.80
club	0.62	1.28
break	0.62	1.02
boo	0.62	1.23
brother	0.62	3.84
reaction	0.63	1.24
incredible	0.63	2.68
format	0.63	1.87
grow	0.63	1.19
entertaining	0.63	1.42
fight	0.63	0.98
reply	0.64	2.25
answered	0.64	1.87
personality	0.64	1.37
cards	0.64	1.06
invested	0.64	2.07
buy	0.64	1.13
math	0.64	1.11
correctly	0.64	3.90
answering	0.64	1.77
vocal	0.64	1.19
alex	0.64	1.09
laugh	0.65	3.54
broken	0.65	0.97
holding	0.65	1.17
children	0.65	0.96
body	0.65	1.24
bear	0.66	1.41
finger	0.66	0.90
responding	0.66	2.01
brian	0.66	0.85
spot	0.66	1.41
super	0.67	1.89
focused	0.67	1.20
channel	0.67	1.09
cold	0.67	0.88
shown	0.67	1.26
older	0.68	1.26
impressive	0.68	1.85
opening	0.68	1.03
between	0.68	0.88
costume	0.68	1.07
ai	0.68	1.42
dinosaur	0.68	1.31
killed	0.68	1.22
scripted	0.68	1.36
kass	0.68	0.98
guessed	0.68	4.01
find	0.69	1.53
smh	0.69	1.30
uncomfortable	0.69	3.92
clown	0.69	1.05
commercial	0.69	1.15
fix	0.69	1.25
athletic	0.69	1.44
scared	0.70	4.15
picture	0.70	1.34
dudes	0.70	1.21
c'mon	0.70	1.42
similar	0.70	1.26
third	0.70	2.75
mother	0.70	1.17
rance	0.71	1.29
tired	0.71	4.25
arms	0.71	1.09
suit	0.71	1.16
assuming	0.71	3.53
posting	0.71	1.72
joy	0.71	1.58
color	0.72	1.00
dressed	0.72	1.39
appropriate	0.72	1.23
extent	0.72	0.92
breath	0.73	1.28
parents	0.73	1.10
outsider	0.73	1.11
perfect	0.73	2.87
disappointed	0.73	4.36
comfortable	0.73	3.59
tony	0.73	0.84
incorrect	0.73	3.71
overly	0.74	1.58
question	0.74	4.12
die	0.74	1.21
soul	0.74	1.21
ratings	0.74	0.80
shoot	0.74	1.53
trending	0.74	1.11
stereotype	0.74	1.30
screaming	0.74	1.40
beard	0.75	1.00
grade	0.75	1.80
bummed	0.75	4.21
finish	0.75	1.95
surprised	0.75	4.31
enjoyable	0.75	1.86
crossed	0.76	1.11
request	0.76	1.27
jacosta	0.76	1.58
duh	0.76	1.52
face	0.76	1.37
zing	0.76	1.25
froot	0.76	1.43
manner	0.76	1.18
closest	0.77	2.92
sounds	0.77	1.90
porn	0.77	0.99
glad	0.77	4.19
naked	0.77	1.04
sarcasm	0.77	1.64
strategic	0.77	1.65
legit	0.77	1.14
stamp	0.77	1.47
smell	0.78	1.07
31	0.78	0.93
water	0.78	0.97
code	0.78	1.17
prison	0.78	1.18
feeder	0.78	1.91
25	0.79	1.04
reading	0.79	1.22
mark	0.79	1.01
flying	0.79	1.38
beastmode	0.79	1.16
speak	0.79	1.19
donnie	0.79	1.22
shocked	0.79	4.48
crowd	0.79	1.25
cue	0.80	1.53
series	0.80	2.03
pressure	0.80	1.15
express	0.80	1.29
audition	0.80	0.83
ate	0.80	1.04
glitter	0.80	1.19
egg	0.80	1.18
agreed	0.80	1.79
english	0.80	1.08
nevermind	0.81	1.58
hitting	0.81	1.02
calls	0.81	2.68
practice	0.81	1.20
gay	0.82	1.08
white	0.82	1.14
odd	0.82	1.94
fall	0.82	1.36
segments	0.83	1.04
snap	0.83	1.67
bowl	0.83	1.00
im	0.83	2.76
episodes	0.83	1.19
17	0.83	1.29
schedule	0.84	1.00
bought	0.84	1.04
service	0.84	1.19
rhap	0.84	0.81
1st	0.85	2.62
snake	0.85	1.14
religious	0.85	1.19
jenga	0.85	1.02
sent	0.85	1.55
study	0.85	1.29
wondering	0.85	2.96
kaysar	0.86	3.39
whole	0.86	3.21
wondered	0.86	1.69
father	0.86	1.09
shes	0.86	1.41
jewish	0.86	1.17
highlight	0.86	1.41
pretty	0.86	1.84
hers	0.86	1.44
creep	0.87	0.99
gif	0.87	1.17
character	0.87	1.22
daddy	0.87	1.52
winter	0.88	1.01
surprise	0.88	1.37
ahh	0.88	1.97
wedding	0.88	1.13
loops	0.88	1.30
excited	0.89	4.47
american	0.89	1.82
dogs	0.89	1.01
hair	0.89	1.15
solid	0.89	2.56
currently	0.90	1.87
dunno	0.90	1.68
rough	0.90	1.42
july	0.90	1.85
classic	0.91	1.27
girl	0.91	1.45
pieces	0.91	1.15
recent	0.91	1.73
flawless	0.91	2.62
holla	0.92	1.28
floor	0.92	1.15
uk	0.92	2.12
player	0.92	3.43
outfit	0.92	1.13
laughed	0.93	1.47
quotes	0.93	1.10
fun	0.93	3.13
television	0.93	1.27
prepared	0.93	1.70
national	0.94	1.28
sexy	0.94	1.46
curious	0.94	4.11
brains	0.95	1.08
ftfy	0.95	1.05
stage	0.96	1.25
sun	0.96	1.17
looked	0.96	1.92
southern	0.96	1.15
cake	0.97	1.21
hipster	0.97	1.22
pray	0.97	1.52
tweeted	0.98	1.11
21	0.98	1.04
missing	0.98	3.37
watched	0.98	1.80
latter	0.98	3.36
hah	0.99	1.63
silence	0.99	1.39
brothers	0.99	1.63
bros	1.00	1.39
james	1.00	3.22
recap	1.00	0.98
edit	1.00	3.46
animal	1.01	1.22
accent	1.01	1.05
global	1.01	1.06
understandable	1.01	1.58
shade	1.01	1.12
5th	1.02	2.41
subtle	1.02	0.84
reads	1.02	2.69
cheers	1.03	1.31
attractive	1.03	1.79
alright	1.04	1.65
fingers	1.04	1.07
dingus	1.04	1.32
j	1.05	1.24
smoking	1.05	1.16
shall	1.05	1.16
rooting	1.05	3.42
attracted	1.05	2.08
podcast	1.05	0.83
weird	1.05	3.22
persona	1.05	1.34
edited	1.05	1.25
showed	1.06	1.09
network	1.07	1.06
dominant	1.07	2.83
eats	1.08	2.45
seen	1.08	3.56
watching	1.09	1.71
movies	1.09	1.04
ugh	1.09	2.96
dat	1.10	1.38
hosting	1.10	0.88
o	1.10	1.72
accident	1.10	3.42
mr	1.11	1.13
kid	1.11	1.16
otev	1.11	1.37
busy	1.12	2.01
typical	1.12	1.36
fast	1.12	1.45
link	1.13	1.76
huh	1.13	1.95
australia	1.13	1.94
film	1.13	0.80
lmfao	1.13	1.50
reunion	1.13	1.10
op	1.14	4.02
bye	1.14	1.65
fine	1.14	3.29
prayer	1.14	1.50
tongues	1.14	1.33
superfan	1.15	0.91
fellow	1.15	1.59
soooo	1.16	1.83
gorgeous	1.16	2.67
dang	1.16	1.24
boy	1.17	1.28
king	1.17	1.29
praying	1.18	1.91
awkward	1.18	3.02
guys	1.19	1.59
hell	1.22	2.10
frat	1.22	1.35
sorry	1.23	3.42
appreciate	1.23	1.32
boos	1.23	1.51
show	1.24	1.35
enjoying	1.24	2.91
queen	1.24	1.03
aired	1.25	1.21
fruit	1.25	1.40
baby	1.26	1.46
hug	1.26	1.54
response	1.26	1.33
spirit	1.26	1.07
smile	1.26	1.57
must	1.27	1.87
straight	1.27	1.44
priceless	1.29	1.46
heart	1.29	1.39
afraid	1.30	3.89
showmance	1.31	1.38
frustrated	1.31	4.27
dying	1.33	1.95
peace	1.33	1.32
hi	1.33	1.57
interesting	1.34	2.94
chick	1.35	1.45
blonde	1.36	1.46
worried	1.36	4.12
tv	1.36	1.20
rob	1.37	0.79
um	1.37	1.88
bbaus	1.37	1.21
trustworthy	1.37	2.64
connections	1.38	2.37
fixed	1.38	1.84
y'all	1.39	1.09
gifs	1.39	1.51
game	1.39	2.56
female	1.39	3.09
loop	1.39	1.42
considered	1.40	3.45
strongest	1.41	3.64
hello	1.41	1.54
irony	1.41	1.62
helped	1.42	2.16
meant	1.42	3.87
looks	1.42	1.74
bbus	1.43	1.66
yo	1.43	1.77
hahah	1.44	1.54
laughing	1.44	2.07
totally	1.45	2.41
bbuk	1.45	1.73
drive	1.46	1.12
recommend	1.46	1.23
respected	1.46	2.12
george	1.46	2.86
island	1.47	0.99
douchey	1.48	2.63
kidding	1.48	2.37
embarrassed	1.49	3.96
overrated	1.49	1.84
prefer	1.49	1.19
annoy	1.50	2.29
rip	1.50	1.17
am	1.50	3.66
dad	1.51	1.14
attached	1.51	2.28
second	1.52	3.83
fuckin	1.52	3.02
concerned	1.53	4.04
bbau	1.53	1.68
stole	1.55	2.48
nicest	1.55	4.02
yup	1.56	1.73
retarded	1.57	2.16
person	1.58	2.99
mama	1.58	1.47
puppy	1.58	1.34
pls	1.59	1.66
referring	1.60	2.96
3rd	1.60	3.54
underdog	1.61	1.83
fourth	1.62	3.52
basket	1.62	2.58
entertained	1.62	3.30
angel	1.63	1.19
ashamed	1.63	3.79
cookies	1.63	1.59
chill	1.64	1.65
gold	1.66	1.50
son	1.66	1.25
smiling	1.66	2.83
met	1.67	2.38
bow	1.67	1.15
proud	1.68	3.86
exception	1.68	2.52
laughter	1.68	2.81
yeah	1.68	2.65
impressed	1.69	4.08
place	1.70	3.64
confident	1.72	3.64
friend	1.74	2.67
sake	1.74	1.36
highest	1.74	3.13
2nd	1.75	3.72
familiar	1.76	2.86
false	1.76	2.53
smart	1.76	2.11
meanwhile	1.77	2.47
ultimate	1.77	2.54
lucky	1.78	2.80
4th	1.79	3.47
griffin	1.81	2.21
type	1.83	2.31
calm	1.83	1.40
alec	1.83	2.52
forgotten	1.83	2.14
close	1.83	2.39
great	1.84	2.45
seemed	1.84	2.99
dog	1.85	1.14
hahahaha	1.85	1.85
fan	1.86	2.60
devil	1.86	1.70
reminds	1.86	2.06
shows	1.87	1.28
appeal	1.88	2.20
congrats	1.88	1.54
buddy	1.90	2.02
u	1.90	1.73
forward	1.91	3.39
ha	1.92	1.78
gift	1.92	1.00
mom	1.93	2.36
thats	1.94	2.14
nicer	1.94	2.51
fuck	1.95	3.20
oops	2.01	2.12
christ	2.07	1.83
please	2.07	2.17
man	2.08	1.61
excellent	2.09	2.50
okay	2.10	3.47
prediction	2.10	2.48
normal	2.11	2.53
cry	2.11	3.53
p	2.12	2.11
bet	2.14	3.30
aww	2.15	1.59
intelligent	2.15	2.38
opposite	2.15	2.56
answer	2.16	2.94
seems	2.16	2.95
hoping	2.16	3.93
looking	2.16	2.34
phrase	2.17	2.66
words	2.18	2.86
genuinely	2.19	2.83
antics	2.20	2.09
starting	2.21	3.16
epic	2.22	2.24
praise	2.22	1.91
begging	2.23	2.67
stars	2.24	2.04
bro	2.25	1.95
funny	2.27	3.22
expensive	2.29	2.51
btw	2.29	2.20
earth	2.29	2.83
seeing	2.30	3.45
bud	2.30	1.67
dirty	2.32	2.10
guessing	2.33	2.87
cup	2.34	2.23
respectful	2.35	2.58
wtf	2.35	2.17
yea	2.35	2.44
counter	2.37	2.27
yep	2.39	2.37
sensitive	2.39	2.78
freaking	2.39	1.97
ah	2.40	2.53
lord	2.42	1.93
fair	2.42	2.46
loving	2.42	2.58
both	2.43	2.25
drag	2.45	1.83
uh	2.46	2.41
forgot	2.46	2.39
xd	2.47	1.82
see	2.47	3.11
all-star	2.48	2.04
flat	2.48	2.57
friendly	2.50	2.74
dear	2.51	1.77
innocent	2.52	2.64
sweetheart	2.53	2.45
quiet	2.55	2.56
good	2.56	2.34
2014	2.56	2.09
legend	2.58	1.83
surprisingly	2.62	2.44
killing	2.63	2.48
interested	2.65	3.60
28	2.66	2.00
indeed	2.66	2.05
vacation	2.67	2.55
proper	2.68	2.36
crazy	2.69	2.63
charming	2.70	2.50
dammit	2.70	2.18
fucking	2.71	2.22
genuine	2.73	2.71
screw	2.76	2.46
shut	2.77	2.29
quote	2.78	2.26
cool	2.80	3.12
ya	2.80	2.02
genius	2.81	2.15
applied	2.87	2.23
classy	2.88	2.36
guy	2.89	2.63
tho	2.89	2.32
filmed	2.91	2.06
apply	2.93	2.25
clever	2.93	1.51
jesus	2.94	2.20
wish	2.95	2.62
survivor	2.97	2.25
tough	3.02	2.06
brutal	3.03	2.24
race	3.04	2.10
watch	3.05	2.43
yay	3.07	2.47
lmao	3.07	1.98
ears	3.07	2.30
beautiful	3.07	2.14
hot	3.08	2.11
cute	3.09	2.88
gosh	3.10	2.13
humble	3.12	2.58
goodness	3.14	2.05
ama	3.17	2.37
relax	3.21	1.73
oh	3.23	2.66
apart	3.26	2.52
whoa	3.29	2.43
seriously	3.33	2.77
ok	3.36	2.91
such	3.36	1.87
hahaha	3.37	2.36
nah	3.40	2.08
sweet	3.41	2.42
zankie	3.45	1.51
honest	3.48	2.76
missed	3.49	2.73
haha	3.52	2.91
lap	3.55	2.24
combination	3.55	2.03
reality	3.60	2.19
thanks	3.60	2.87
hilarious	3.70	2.28
miss	3.72	2.43
nuts	3.74	1.92
refreshing	3.75	2.04
lol	3.77	2.88
hey	3.77	2.57
bless	3.82	2.01
woah	3.84	1.59
dude	3.89	2.45
insane	3.93	2.42
birthday	3.94	1.99
enjoy	3.96	1.84
legs	3.98	1.82
damn	4.01	2.57
wow	4.11	2.82
holy	4.11	2.73
intense	4.13	1.55
gt	4.18	2.65
2013	4.23	1.73
god	4.25	2.73
yes	4.42	2.93
lt	4.47	2.12
thank	4.77	2.77
omg	4.84	2.58
damnit	4.85	2.62
adorable	5.14	1.67
enjoyed	5.17	1.19
