suck	-6.49	0.98
poor	-6.18	1.74
shitty	-5.99	1.74
worse	-5.91	2.21
abysmal	-5.87	2.15
distribution	-5.86	2.20
sucked	-5.69	1.35
pathetic	-5.54	2.00
excuse	-5.44	2.03
lowest	-5.35	2.44
crappy	-5.25	2.07
thru	-5.17	2.16
service	-5.08	2.36
t_t	-4.90	2.09
harsh	-4.89	1.97
crap	-4.66	1.96
causing	-4.62	2.66
boosted	-4.55	2.45
mistake	-4.54	2.39
garbage	-4.51	2.39
buggy	-4.50	2.00
sacrifice	-4.49	2.07
gates	-4.46	2.98
bad	-4.40	1.60
sucks	-4.29	1.71
customer	-4.20	2.13
subpar	-4.19	2.26
mess	-4.16	1.96
disappointing	-4.15	2.12
mistakes	-4.10	2.00
oracle	-4.04	3.55
shine	-4.02	2.62
joke	-4.02	2.12
screwing	-3.99	2.72
sigh	-3.96	2.22
abaddon	-3.95	3.70
messing	-3.93	2.28
learn	-3.93	2.35
meanwhile	-3.92	2.55
jokes	-3.86	2.02
greatest	-3.86	2.40
trolling	-3.83	2.42
stupid	-3.81	1.56
absurd	-3.80	2.25
blessing	-3.79	2.43
bird	-3.78	2.97
blows	-3.77	2.09
ugh	-3.77	2.15
share	-3.75	2.56
watch	-3.74	2.54
swear	-3.73	1.88
favor	-3.71	2.50
blame	-3.70	2.65
likes	-3.68	3.18
watched	-3.66	2.57
dice	-3.65	2.73
screw	-3.64	2.35
gaming	-3.63	2.35
screwed	-3.58	2.23
decides	-3.56	3.15
hooked	-3.56	2.41
meh	-3.55	2.24
prior	-3.55	3.22
poop	-3.54	2.28
lacking	-3.51	2.77
cruel	-3.48	2.34
bias	-3.47	2.30
forgive	-3.47	1.98
neither	-3.46	2.92
rng	-3.46	2.72
ad	-3.44	2.20
results	-3.44	3.29
among	-3.42	3.07
fucking	-3.39	2.19
trust	-3.38	2.11
cus	-3.38	3.09
sacrificing	-3.35	1.10
q_q	-3.35	2.44
amongst	-3.33	3.06
types	-3.32	3.33
quit	-3.31	2.63
commercial	-3.31	2.20
existence	-3.29	2.43
retarded	-3.26	1.78
trolled	-3.26	2.24
brain	-3.23	2.83
odd	-3.22	1.91
draws	-3.22	2.96
pain	-3.19	2.18
accidentally	-3.19	3.48
prepared	-3.19	2.42
tear	-3.17	3.39
noob	-3.17	2.33
downvotes	-3.17	2.44
tied	-3.13	2.91
realize	-3.11	2.70
frankly	-3.11	2.39
disagree	-3.10	2.49
understood	-3.09	2.78
silly	-3.08	1.85
wants	-3.08	2.96
beats	-3.08	2.81
department	-3.08	2.57
facts	-3.07	2.51
smooth	-3.05	2.62
face	-3.02	2.71
bitch	-2.99	0.96
pressed	-2.98	3.06
accident	-2.97	3.58
clearly	-2.96	3.10
complain	-2.96	2.52
iffy	-2.96	2.79
regret	-2.96	3.55
lowered	-2.96	1.60
promise	-2.94	3.29
bs	-2.93	1.19
mines	-2.92	3.32
laughing	-2.92	3.02
starting	-2.89	3.53
typed	-2.89	3.15
tired	-2.89	2.42
hurts	-2.87	1.30
surprise	-2.86	3.02
lower	-2.86	1.79
lowers	-2.84	1.56
absolute	-2.83	2.56
painful	-2.83	2.72
grammar	-2.81	1.64
necessity	-2.80	2.71
company	-2.79	1.24
confused	-2.74	2.77
wallet	-2.66	1.31
pity	-2.66	2.14
fml	-2.65	1.26
alongside	-2.64	2.78
remembered	-2.62	3.33
missing	-2.62	2.82
angry	-2.61	2.81
friggin	-2.57	2.74
annoying	-2.56	2.75
load	-2.55	0.96
formatting	-2.54	2.43
fuck	-2.50	2.42
piss	-2.50	1.56
remind	-2.50	2.63
mistaken	-2.49	2.73
sorry	-2.48	2.69
remember	-2.48	3.34
hurt	-2.48	1.20
scared	-2.47	3.45
talking	-2.46	2.88
heart	-2.46	1.16
significantly	-2.44	1.63
higher	-2.43	1.70
bullshit	-2.43	1.19
about	-2.43	3.32
deleted	-2.42	3.52
dupes	-2.40	1.45
saying	-2.40	3.15
laggy	-2.39	1.30
sold	-2.38	1.21
candy	-2.38	2.62
poorly	-2.38	1.25
spelling	-2.36	1.63
shit	-2.36	1.39
unfair	-2.36	1.39
felt	-2.36	2.94
blind	-2.34	2.99
worried	-2.34	3.42
fucked	-2.33	1.64
trash	-2.30	1.37
strange	-2.26	2.68
awkward	-2.26	2.98
forgotten	-2.26	3.21
woops	-2.25	3.17
wording	-2.22	1.25
must	-2.22	2.19
messed	-2.22	3.10
life	-2.22	2.93
gaurdian	-2.21	2.50
sry	-2.19	1.72
damnit	-2.18	0.84
oops	-2.18	3.16
dumb	-2.15	1.30
downvoting	-2.14	1.14
souls	-2.13	1.17
unnecessary	-2.11	1.10
sarcastic	-2.11	1.40
weakest	-2.11	3.44
delete	-2.10	3.72
ridiculous	-2.10	2.24
low	-2.10	1.62
punch	-2.10	1.13
missed	-2.09	3.40
ass	-2.09	1.24
edit	-2.09	3.13
type	-2.09	3.55
decrease	-2.05	1.36
1/3	-2.04	1.34
unfortunate	-2.04	1.36
easiest	-2.02	3.54
struggle	-2.01	1.84
idiot	-2.01	1.41
typing	-2.01	3.47
balls	-2.00	1.10
arguably	-1.99	3.42
lackluster	-1.97	1.44
realised	-1.97	2.11
cry	-1.97	3.16
meant	-1.96	3.26
considered	-1.96	3.41
reduce	-1.96	1.32
shares	-1.96	1.02
wtf	-1.96	2.59
internet	-1.94	0.90
salty	-1.94	3.28
consensus	-1.94	2.89
relying	-1.92	0.89
dog	-1.92	2.36
rude	-1.90	1.48
learned	-1.89	1.04
calling	-1.88	0.83
failing	-1.88	1.08
stat	-1.87	1.39
included	-1.87	2.71
funny	-1.87	2.83
misread	-1.87	3.24
par	-1.86	1.48
memetes	-1.85	2.02
underwhelming	-1.85	1.48
video	-1.85	1.33
qq	-1.85	0.97
humans	-1.84	0.98
breaker	-1.84	2.85
fed	-1.84	1.48
kaja	-1.82	1.47
thinks	-1.81	2.58
stole	-1.81	0.77
lame	-1.81	1.18
youtube	-1.80	1.31
inferior	-1.80	1.54
edited	-1.79	2.22
dick	-1.79	1.05
weaker	-1.78	1.50
high	-1.78	1.71
frustrated	-1.77	3.34
negligible	-1.77	1.37
loses	-1.76	1.25
overwhelming	-1.75	1.57
complaining	-1.75	1.62
forgot	-1.74	3.23
stress	-1.74	1.06
oracles	-1.72	2.53
fail	-1.72	0.88
300k	-1.72	1.13
skipped	-1.71	1.45
something	-1.71	3.22
mention	-1.71	1.92
slower	-1.70	1.40
blown	-1.70	0.96
lord	-1.70	2.67
realise	-1.69	1.33
eat	-1.69	0.88
hard	-1.69	2.97
worrying	-1.69	1.50
junk	-1.68	1.16
t.t	-1.67	1.16
guardian	-1.67	2.85
duplicates	-1.67	1.14
describe	-1.67	1.08
moody	-1.67	1.29
disappointed	-1.65	3.48
methods	-1.64	1.11
odds	-1.64	1.17
overpowered	-1.63	1.28
than	-1.63	1.52
hell	-1.63	1.79
fh9	-1.62	1.20
pissed	-1.61	3.49
cheap	-1.61	1.07
worthy	-1.60	0.81
equal	-1.59	1.40
hesitant	-1.59	3.57
biased	-1.59	1.56
selling	-1.58	1.22
vid	-1.58	1.06
monstrous	-1.58	2.26
rip	-1.57	1.15
reducing	-1.57	1.23
reserve	-1.57	1.28
targeting	-1.57	0.98
downvote	-1.57	1.27
downvoted	-1.56	1.39
flip	-1.56	0.91
wrote	-1.56	2.17
jpn	-1.56	1.07
upset	-1.55	3.43
represent	-1.55	0.84
rely	-1.54	1.17
worthless	-1.53	1.36
public	-1.53	1.01
slightly	-1.52	1.44
servers	-1.52	1.03
annoyed	-1.52	3.41
confusing	-1.52	1.97
4star	-1.51	2.24
cried	-1.51	1.41
blessed	-1.50	1.41
easier	-1.50	1.41
threw	-1.50	0.80
negative	-1.50	1.05
increasing	-1.49	1.24
cursed	-1.49	1.08
clicked	-1.49	2.28
typo	-1.48	2.20
boring	-1.48	1.49
t-t	-1.48	1.13
pray	-1.47	1.25
greedy	-1.47	1.52
lords	-1.47	2.51
increase	-1.47	1.22
sarcasm	-1.47	1.07
redundant	-1.45	1.62
whereas	-1.45	0.88
shared	-1.45	1.25
lesson	-1.45	0.96
served	-1.44	0.83
pass	-1.44	0.86
outta	-1.43	1.03
fuckin	-1.41	1.45
fear	-1.41	1.01
10,000	-1.41	1.09
generated	-1.41	0.98
stronger	-1.40	1.63
campaign	-1.40	1.14
pumped	-1.40	3.47
eyes	-1.40	1.04
capabilities	-1.39	1.09
unstable	-1.39	0.95
bored	-1.39	2.69
useless	-1.39	1.37
aside	-1.39	1.14
words	-1.39	1.22
scrub	-1.38	0.97
sell	-1.38	1.14
modifiers	-1.38	1.01
stopped	-1.37	1.49
misleading	-1.37	1.13
customers	-1.37	0.93
whining	-1.37	1.16
decision	-1.36	1.02
cries	-1.36	1.74
bigger	-1.36	1.15
minimum	-1.36	1.27
anima	-1.35	2.51
ftfy	-1.35	0.99
sentence	-1.35	2.05
signes	-1.35	2.22
shut	-1.35	1.24
incorrect	-1.35	3.59
raises	-1.34	1.21
rage	-1.34	1.35
chill	-1.34	2.64
reduced	-1.34	1.16
disappointment	-1.34	1.10
stats	-1.33	1.25
blowing	-1.33	1.05
incentive	-1.33	0.88
recall	-1.33	1.44
rngesus	-1.33	0.92
asshole	-1.33	0.96
delayed	-1.33	1.09
child	-1.32	0.66
mercy	-1.32	1.08
logic	-1.32	1.13
comment	-1.32	1.67
son	-1.32	1.08
goddamn	-1.31	1.44
impatient	-1.31	2.79
derp	-1.31	2.09
color	-1.30	1.50
scheme	-1.30	0.73
laugh	-1.30	2.50
joking	-1.30	1.22
excited	-1.29	3.42
repeats	-1.29	1.09
realized	-1.29	2.19
context	-1.29	1.41
unreliable	-1.29	1.31
stoked	-1.29	3.47
penalty	-1.29	0.98
away	-1.28	1.17
empress	-1.28	1.34
title	-1.28	1.76
favour	-1.28	1.13
raging	-1.28	1.03
english	-1.27	1.34
increases	-1.27	1.17
duh	-1.27	0.63
turned	-1.26	0.98
boosts	-1.25	1.18
broken	-1.25	1.07
concerned	-1.25	2.78
paying	-1.25	0.98
lazy	-1.25	3.26
worry	-1.25	1.52
fused	-1.25	1.07
overlooked	-1.25	1.15
crying	-1.24	1.84
feeling	-1.24	2.93
frustrating	-1.23	2.90
500k	-1.23	1.05
popping	-1.22	0.92
whoops	-1.22	2.40
saw	-1.22	1.21
seriously	-1.22	2.55
1mil	-1.22	1.03
regrets	-1.22	0.92
language	-1.22	1.09
imma	-1.22	0.92
brand	-1.22	1.12
guessing	-1.22	2.39
increased	-1.21	1.11
fk	-1.21	1.35
busy	-1.20	1.66
matters	-1.20	1.07
1m	-1.20	1.05
laughed	-1.20	1.71
cash	-1.20	0.89
turning	-1.20	1.02
torn	-1.19	2.56
gacha	-1.19	0.80
due	-1.19	0.86
jealous	-1.19	2.57
freaking	-1.19	2.42
somehow	-1.19	1.72
bothers	-1.18	1.03
badly	-1.18	1.23
natural	-1.18	1.45
videos	-1.18	1.27
pleased	-1.18	3.29
stating	-1.18	1.12
complaints	-1.18	1.03
statement	-1.17	1.20
competing	-1.17	0.99
compared	-1.17	1.23
relative	-1.16	0.97
miss	-1.16	1.11
tankier	-1.16	1.50
animas	-1.16	2.32
praying	-1.16	1.64
memory	-1.16	0.99
knock	-1.16	0.73
surprised	-1.16	3.33
subjective	-1.16	0.97
pointless	-1.15	1.14
names	-1.15	0.84
companies	-1.15	0.98
hurting	-1.14	1.49
bout	-1.14	1.27
disappeared	-1.14	0.79
via	-1.14	1.06
800k	-1.13	1.03
ziz	-1.13	1.35
blah	-1.13	0.78
900k	-1.13	1.04
hole	-1.12	0.94
ushi	-1.12	1.15
typings	-1.12	2.28
wild	-1.12	1.31
born	-1.12	0.76
million	-1.12	1.06
control	-1.12	0.86
struggling	-1.11	2.23
prepare	-1.11	0.99
cares	-1.11	0.97
leaning	-1.11	1.97
almighty	-1.10	0.77
contact	-1.10	1.21
developers	-1.09	0.84
caused	-1.09	0.96
situational	-1.09	1.44
strictly	-1.09	1.27
stop	-1.09	1.35
dx	-1.09	1.12
bothered	-1.08	1.43
esteem	-1.08	1.14
notice	-1.08	1.53
frozen	-1.08	0.81
rep	-1.08	1.10
breeze	-1.08	0.92
across	-1.08	0.88
understand	-1.08	1.31
crashed	-1.08	0.89
feed	-1.08	0.81
lying	-1.07	0.93
knowledge	-1.07	0.96
supposedly	-1.07	1.04
bright	-1.07	1.10
mother	-1.07	1.33
lag	-1.07	1.00
chat	-1.07	1.07
resist	-1.07	1.06
safer	-1.06	1.48
statistically	-1.06	1.21
weird	-1.06	1.45
truth	-1.06	0.94
fixing	-1.05	1.08
rekt	-1.05	1.05
x.x	-1.05	1.02
reduces	-1.05	1.05
chose	-1.05	0.79
kept	-1.04	1.44
instant	-1.04	1.04
optional	-1.04	1.08
wall	-1.04	0.89
celebration	-1.04	0.93
difference	-1.04	1.02
reaction	-1.03	1.06
addiction	-1.03	0.97
confusion	-1.03	1.80
fat	-1.02	0.56
dying	-1.02	0.91
respect	-1.02	0.74
pushing	-1.02	1.24
wrecked	-1.02	0.84
old	-1.02	1.01
fails	-1.02	0.95
proud	-1.02	3.16
interested	-1.01	2.56
speak	-1.01	0.95
happier	-1.00	1.89
mom	-1.00	1.06
breakers	-0.99	2.09
fourth	-0.98	1.39
barring	-0.98	1.00
through	-0.97	0.85
kicks	-0.97	0.73
expected	-0.97	1.00
saves	-0.97	0.92
shall	-0.97	0.73
slow	-0.96	1.15
juggernaut	-0.96	1.16
complaint	-0.96	1.12
bc/turn	-0.96	1.29
tougher	-0.96	1.27
nevermind	-0.96	1.76
tricky	-0.96	1.84
protect	-0.96	0.75
block	-0.95	0.96
decisions	-0.95	1.06
talk	-0.95	0.95
risky	-0.95	1.74
doors	-0.95	0.87
lags	-0.94	1.03
dudes	-0.94	0.94
ate	-0.94	0.80
abbadon	-0.94	1.16
gender	-0.93	1.03
gate	-0.93	0.87
result	-0.93	1.03
returns	-0.93	0.89
preventing	-0.93	1.17
frustration	-0.92	1.53
prevent	-0.92	1.27
opened	-0.92	0.76
everywhere	-0.92	0.98
fell	-0.92	1.04
nightmare	-0.92	1.09
despite	-0.92	1.14
seeing	-0.92	1.07
pants	-0.92	1.30
avoid	-0.91	1.30
element	-0.91	1.77
desperate	-0.91	2.13
mighty	-0.91	0.59
attached	-0.91	0.93
rain	-0.91	1.08
bear	-0.91	1.26
greater	-0.91	1.01
dammit	-0.91	1.07
thresholds	-0.91	1.00
pun	-0.90	1.15
attitude	-0.90	0.85
ideal	-0.90	3.05
conversation	-0.90	0.90
dust	-0.90	1.06
door	-0.89	1.18
insane	-0.89	2.08
asleep	-0.89	1.25
elite	-0.89	1.18
business	-0.89	0.90
tedious	-0.89	1.77
debating	-0.89	2.22
golden	-0.89	0.79
remove	-0.88	1.14
duplicate	-0.88	0.90
serious	-0.88	1.16
praise	-0.88	0.96
dare	-0.88	0.77
crash	-0.88	0.87
pushed	-0.88	0.84
risk	-0.88	1.03
head	-0.88	1.14
burned	-0.88	0.82
regard	-0.88	0.86
kicked	-0.88	0.92
visual	-0.87	0.70
mouth	-0.87	0.66
bugs	-0.87	0.90
guilty	-0.87	1.97
9th	-0.87	1.24
channel	-0.87	1.17
perfect	-0.87	2.25
catching	-0.87	0.98
tempted	-0.87	2.31
crucial	-0.86	1.09
expensive	-0.86	1.55
fault	-0.86	1.05
execution	-0.86	0.96
revenue	-0.86	0.84
spread	-0.86	0.83
ikr	-0.86	0.73
wipes	-0.86	0.87
air	-0.86	1.19
mediocre	-0.85	1.57
hardest	-0.85	1.70
1k	-0.85	0.97
referring	-0.85	1.52
considerably	-0.85	1.46
telling	-0.85	1.18
ailments	-0.84	1.08
number	-0.84	0.77
31	-0.84	1.34
support	-0.84	1.21
lem	-0.84	1.11
spell	-0.84	0.86
slight	-0.84	1.29
whilst	-0.84	0.87
fixed	-0.84	1.68
random	-0.84	0.85
fewer	-0.84	0.96
plain	-0.83	0.86
obvious	-0.83	0.97
severely	-0.83	1.04
rid	-0.83	0.92
format	-0.83	1.24
smoothly	-0.83	1.06
stuff	-0.83	0.98
elements	-0.83	1.70
ended	-0.83	1.30
locked	-0.82	1.32
gimu	-0.82	1.33
closed	-0.82	0.96
values	-0.82	0.97
doubled	-0.82	1.38
appearance	-0.82	1.01
s3	-0.82	0.86
electric	-0.82	1.40
assumed	-0.82	1.67
zazabis	-0.82	0.91
initial	-0.81	1.15
dislike	-0.81	2.31
former	-0.81	0.96
died	-0.81	0.99
food	-0.80	0.76
overall	-0.80	1.43
compensate	-0.80	0.78
extra	-0.80	1.24
lately	-0.80	1.00
examples	-0.80	1.05
reflect	-0.80	0.82
ease	-0.80	0.87
charm	-0.80	1.19
x_x	-0.79	1.10
merely	-0.79	0.96
trouble	-0.79	1.61
offline	-0.79	1.49
devs	-0.79	0.81
fh8	-0.79	0.85
suit	-0.79	0.75
grabs	-0.79	0.78
gumi	-0.79	0.85
affected	-0.79	1.01
stops	-0.79	1.13
lodaga	-0.79	1.00
casts	-0.78	0.97
caps	-0.78	1.06
continued	-0.78	0.84
statuses	-0.78	1.05
multiples	-0.78	1.11
stable	-0.78	0.97
suffer	-0.78	0.89
subject	-0.78	0.90
passed	-0.78	1.12
hitters	-0.78	1.31
tears	-0.77	1.76
upon	-0.77	1.02
multiplied	-0.77	1.01
restart	-0.77	1.07
heavily	-0.77	0.84
text	-0.77	1.25
force	-0.77	0.91
stacked	-0.77	0.90
demand	-0.76	0.88
doubles	-0.76	1.02
magress	-0.76	0.99
steady	-0.76	0.94
history	-0.76	1.12
post	-0.76	1.71
adjust	-0.76	0.98
mifune	-0.75	1.27
tests	-0.75	0.81
paralyzed	-0.75	0.92
burny	-0.75	0.70
christ	-0.75	1.00
replaces	-0.74	1.14
moar	-0.74	0.92
versus	-0.74	0.70
graphics	-0.73	0.99
ton	-0.73	1.18
samurai	-0.73	1.18
unlucky	-0.73	2.68
rune	-0.73	0.99
outdated	-0.73	1.06
tutorial	-0.73	0.76
genesis	-0.73	0.96
broke	-0.73	1.27
expectations	-0.72	0.93
paste	-0.72	1.29
cough	-0.72	1.02
extras	-0.72	1.03
scythe	-0.72	0.98
hood	-0.72	1.38
harder	-0.71	1.30
errors	-0.71	0.84
debuffs	-0.71	1.04
justify	-0.71	1.41
boy	-0.71	1.07
bother	-0.71	1.48
honour	-0.71	0.78
w/e	-0.70	0.93
fresh	-0.70	1.22
loaded	-0.70	0.94
eating	-0.70	0.99
basic	-0.70	1.12
wasnt	-0.70	1.10
bump	-0.70	0.95
pointing	-0.70	1.83
upvoted	-0.70	1.09
dilemma	-0.70	2.12
undine	-0.69	1.19
nuts	-0.69	1.13
curse	-0.69	1.10
bugged	-0.69	1.17
hearing	-0.69	1.77
conditions	-0.69	1.22
careful	-0.69	0.98
selfish	-0.69	0.93
ouch	-0.69	1.11
goth	-0.69	0.95
continue	-0.69	1.34
person	-0.68	0.94
clutch	-0.68	1.04
sadly	-0.68	0.95
salt	-0.68	1.32
conclusion	-0.68	0.73
translate	-0.68	0.94
dilias	-0.68	0.94
voted	-0.68	1.23
didnt	-0.67	1.66
minimal	-0.67	0.99
complicated	-0.67	1.43
connection	-0.67	0.84
calls	-0.67	1.75
larger	-0.67	1.02
faith	-0.67	1.11
firstly	-0.67	0.91
hades	-0.67	0.96
fuse	-0.67	0.89
server	-0.66	0.83
overshadowed	-0.66	1.04
held	-0.66	0.95
mentioning	-0.66	1.16
myth	-0.66	0.87
reduction	-0.66	0.92
hassle	-0.66	1.46
watching	-0.66	1.15
quitting	-0.66	1.07
magical	-0.66	0.89
call	-0.66	0.94
deleting	-0.65	1.38
dealing	-0.65	0.91
bomb	-0.65	0.91
4th	-0.65	1.28
start	-0.64	1.47
roughly	-0.64	1.09
acting	-0.64	0.75
reopen	-0.64	0.96
cheaper	-0.64	1.32
false	-0.64	0.82
unexpected	-0.64	0.85
jesus	-0.64	1.08
kids	-0.64	0.98
soul	-0.64	0.70
fixes	-0.64	0.88
sparky	-0.63	0.80
terms	-0.63	1.08
effort	-0.63	1.57
deep	-0.63	0.87
triple	-0.63	0.76
100k	-0.63	0.81
owned	-0.63	0.69
dependent	-0.63	1.00
003	-0.63	1.00
bunch	-0.63	1.13
phones	-0.63	0.82
falling	-0.63	1.07
hands	-0.63	0.81
starts	-0.63	1.38
afraid	-0.63	2.35
percentage	-0.63	0.85
known	-0.63	0.93
dies	-0.63	0.77
rolling	-0.63	0.88
chicken	-0.62	1.00
numerous	-0.62	0.70
causes	-0.62	1.00
aoes	-0.62	0.90
removed	-0.62	1.41
inflicting	-0.62	0.96
alim	-0.62	0.81
thinking	-0.62	2.04
teach	-0.62	0.77
sake	-0.62	0.90
therefore	-0.62	0.76
voice	-0.62	0.83
unsure	-0.62	2.74
differences	-0.62	0.93
vs	-0.62	1.05
begin	-0.61	1.07
aint	-0.61	1.09
6th	-0.61	1.25
hide	-0.61	0.92
piercing	-0.61	0.84
problems	-0.61	1.01
crashes	-0.61	0.81
trail	-0.61	0.88
maxy	-0.61	0.76
mitigating	-0.61	1.08
dream	-0.61	0.90
smart	-0.60	0.89
granted	-0.60	0.70
lacks	-0.60	1.18
lil	-0.60	1.23
developer	-0.60	0.77
less	-0.60	1.28
manageable	-0.60	1.25
asking	-0.60	1.62
needing	-0.59	1.16
jugg	-0.59	1.06
huge	-0.59	1.26
affects	-0.59	0.85
song	-0.59	0.84
changes	-0.59	0.95
existed	-0.59	1.08
fall	-0.59	0.97
meantime	-0.59	0.89
combined	-0.59	0.75
hyped	-0.59	2.72
sound	-0.59	1.04
bless	-0.59	0.95
human	-0.58	0.90
world	-0.58	1.27
premium	-0.58	1.19
designed	-0.58	1.14
ruined	-0.58	0.90
users	-0.58	0.77
gaining	-0.58	0.95
window	-0.58	0.76
15k	-0.58	0.73
garroter	-0.58	0.99
spoiler	-0.58	0.96
priority	-0.57	1.25
moon	-0.57	0.71
scales	-0.57	0.89
banned	-0.57	0.97
walk	-0.57	0.97
access	-0.57	0.87
ish	-0.57	1.01
unknown	-0.57	0.83
bye	-0.57	1.03
necromancer	-0.57	1.00
market	-0.57	0.81
effects	-0.57	0.78
reality	-0.57	0.91
comments	-0.57	1.00
speaking	-0.57	0.67
darkness	-0.57	0.91
outclasses	-0.56	1.15
dad	-0.56	1.00
defend	-0.56	0.82
heavy	-0.56	1.22
resistant	-0.56	0.88
sorta	-0.56	1.00
collection	-0.56	1.00
issues	-0.56	0.85
refreshed	-0.56	0.82
definite	-0.56	1.18
fly	-0.56	0.78
gamble	-0.56	0.74
keeper	-0.56	0.96
bastard	-0.56	1.22
lived	-0.56	0.94
moved	-0.55	0.71
nature	-0.55	1.05
biggest	-0.55	1.08
allowing	-0.55	0.89
stupidly	-0.55	1.15
needless	-0.55	1.47
records	-0.55	0.62
arguing	-0.55	1.45
hitting	-0.55	1.16
uses	-0.55	0.88
seen	-0.55	1.02
blow	-0.55	0.77
latter	-0.54	0.81
offering	-0.54	0.66
knew	-0.54	1.46
curious	-0.54	2.74
scenarios	-0.54	1.44
solely	-0.54	0.84
continuing	-0.54	0.96
small	-0.54	1.15
outclass	-0.54	1.15
legitimate	-0.54	0.91
thankfully	-0.54	0.62
heck	-0.53	0.89
nullify	-0.53	0.81
truck	-0.53	0.93
pay	-0.53	0.76
alice	-0.53	0.96
conjunction	-0.53	0.87
numbers	-0.53	0.74
flying	-0.53	0.82
forced	-0.53	1.22
destroy	-0.53	0.66
close	-0.53	1.03
finishing	-0.53	1.11
rant	-0.52	0.84
dropcheck	-0.52	0.99
breaks	-0.52	0.83
lemia	-0.52	0.99
race	-0.52	0.69
breaking	-0.52	0.82
negate	-0.52	0.81
combine	-0.52	0.82
crushed	-0.52	0.73
8th	-0.52	1.16
eg	-0.52	0.87
removes	-0.52	0.81
buffed	-0.52	1.14
rofl	-0.52	0.95
hint	-0.52	0.87
1.3m	-0.52	0.78
lie	-0.52	0.99
counts	-0.52	0.98
error	-0.52	0.87
sight	-0.51	1.17
urge	-0.51	1.03
versions	-0.51	0.91
sees	-0.51	0.52
cases	-0.51	1.78
ppl	-0.51	1.06
posting	-0.51	1.39
y'all	-0.51	0.96
hang	-0.51	0.52
people	-0.51	1.03
paid	-0.50	0.76
pressing	-0.50	1.19
hitcount	-0.50	0.97
boosting	-0.50	0.85
extension	-0.50	0.87
ehh	-0.50	1.09
chances	-0.50	0.86
sun	-0.50	0.94
told	-0.50	0.96
p2p	-0.50	0.81
thus	-0.50	0.87
200k	-0.50	0.78
voting	-0.50	1.07
s4	-0.50	0.82
announcement	-0.50	1.04
naturally	-0.50	1.11
weaken	-0.50	0.96
guard	-0.50	0.72
hitter	-0.50	1.36
stuck	-0.50	1.65
coverage	-0.50	1.09
incoming	-0.50	0.92
network	-0.50	0.93
troubles	-0.50	1.03
irrelevant	-0.50	0.95
nowhere	-0.50	1.02
quality	-0.50	0.78
worth	-0.50	1.49
ground	-0.50	0.88
based	-0.50	0.88
recording	-0.50	0.83
taste	-0.49	1.27
death	-0.49	0.81
machine	-0.49	0.84
factors	-0.49	1.04
rosetta	-0.49	0.95
smile	-0.49	1.55
ss	-0.49	0.87
tested	-0.49	0.98
our	-0.49	0.81
factor	-0.49	0.67
overwrite	-0.49	0.93
preferred	-0.49	2.92
50k	-0.49	0.74
reinstalled	-0.49	0.86
guarded	-0.49	0.72
beginning	-0.48	1.04
europe	-0.48	0.68
welp	-0.48	1.02
latest	-0.48	0.91
explaining	-0.48	1.15
bank	-0.48	0.92
frail	-0.48	1.32
aiming	-0.48	1.78
superior	-0.48	1.34
oboro	-0.48	0.96
steal	-0.48	0.90
isnt	-0.48	1.11
tiny	-0.48	0.98
crashing	-0.48	0.81
mil	-0.48	0.79
mixed	-0.48	1.20
manually	-0.48	0.81
3rd	-0.48	1.29
mad	-0.48	1.86
legendary	-0.48	0.94
grant	-0.48	0.84
base	-0.47	0.84
land	-0.47	0.75
sample	-0.47	0.78
5s	-0.47	0.82
experiences	-0.47	0.98
keeps	-0.47	1.23
ai	-0.47	1.05
21st	-0.47	1.18
800	-0.47	1.24
1.5m	-0.47	0.79
coding	-0.47	0.79
count	-0.47	0.99
succeed	-0.46	0.78
ha	-0.46	1.36
produced	-0.46	0.86
defence	-0.46	0.88
galaxy	-0.46	0.80
toward	-0.46	1.09
damned	-0.46	1.02
rs	-0.46	0.84
immune	-0.46	0.78
hit	-0.46	0.99
mob	-0.46	1.08
cut	-0.46	0.84
probable	-0.46	0.99
prevents	-0.46	0.80
lico	-0.46	0.92
dedicated	-0.45	1.16
elder	-0.45	0.95
luxury	-0.45	1.02
consider	-0.45	1.49
mitigate	-0.45	0.71
minor	-0.45	0.87
speculation	-0.45	0.82
plan	-0.45	1.62
finger	-0.45	1.06
gold	-0.45	0.76
impossible	-0.45	1.12
translation	-0.45	0.91
exists	-0.45	0.97
both	-0.45	1.56
shida	-0.45	1.00
guarding	-0.45	0.73
attention	-0.45	0.73
lives	-0.45	0.84
lack	-0.44	1.08
multi	-0.44	1.14
red	-0.44	0.75
between	-0.44	0.84
luckily	-0.44	1.02
cancel	-0.44	0.85
depend	-0.44	0.93
atleast	-0.44	0.90
debate	-0.44	0.88
rerolling	-0.44	0.72
graham	-0.44	0.85
downtime	-0.44	0.76
scripted	-0.44	0.72
repeatedly	-0.44	1.05
ez	-0.44	1.02
abit	-0.44	0.99
needs	-0.43	0.85
press	-0.43	1.22
survived	-0.43	0.68
cheese	-0.43	0.69
hp/def	-0.43	0.83
dates	-0.43	0.86
program	-0.43	0.94
fancy	-0.43	0.85
def	-0.43	0.87
atk	-0.43	0.87
healed	-0.43	0.70
outclassed	-0.43	1.01
agreed	-0.43	0.96
lich	-0.43	1.27
trained	-0.43	1.71
castle	-0.43	0.88
20k	-0.43	0.76
said	-0.43	1.46
rushing	-0.42	1.10
rec	-0.42	0.86
closes	-0.42	0.79
status	-0.42	0.79
cover	-0.42	1.02
shotted	-0.42	0.70
jumped	-0.42	0.89
include	-0.42	1.08
late	-0.42	1.19
swapped	-0.42	1.09
warrant	-0.42	1.36
aware	-0.42	2.52
management	-0.41	1.01
stopping	-0.41	1.04
occurred	-0.41	0.78
related	-0.41	0.96
horribly	-0.41	1.09
generating	-0.41	0.72
opens	-0.41	0.70
kikuri	-0.41	0.94
pile	-0.41	0.61
potency	-0.40	0.85
amounts	-0.40	1.04
master	-0.40	0.73
having	-0.40	1.04
7th	-0.40	1.15
impression	-0.40	1.46
opening	-0.40	0.74
argh	-0.40	1.64
comparing	-0.40	0.82
uninstall	-0.40	1.12
captures	-0.40	1.05
touch	-0.40	0.78
highest	-0.40	2.03
diff	-0.40	1.24
b/c	-0.40	0.81
chick	-0.40	0.79
thrown	-0.40	0.80
multipliers	-0.40	0.83
phase	-0.39	0.97
1.3	-0.39	0.78
eh	-0.39	1.10
guardians	-0.39	1.20
body	-0.39	0.92
getting	-0.39	1.11
overrated	-0.39	0.74
discuss	-0.39	1.03
spammed	-0.39	1.30
warning	-0.39	0.92
tempting	-0.39	1.63
scenario	-0.39	1.48
smash	-0.39	0.60
lion	-0.38	1.00
feelings	-0.38	1.34
folks	-0.38	0.99
dealt	-0.38	0.81
leaves	-0.38	0.59
reasons	-0.38	0.86
buff	-0.38	1.02
hardly	-0.38	1.01
shy	-0.38	1.07
normal	-0.38	0.91
pumburkiny	-0.38	0.87
cheating	-0.38	1.08
suggesting	-0.38	1.34
beforehand	-0.38	0.95
behind	-0.38	0.97
occur	-0.38	0.87
staff	-0.38	0.75
noticed	-0.37	1.33
pulled	-0.37	1.29
hits	-0.37	0.86
affect	-0.37	0.83
argument	-0.37	0.90
unresisted	-0.37	1.12
prevention	-0.37	0.80
bug	-0.37	0.87
button	-0.37	1.17
80/80	-0.37	1.19
spams	-0.37	0.92
negates	-0.37	0.78
boost	-0.37	0.90
samsung	-0.37	0.78
admit	-0.36	1.40
mass	-0.36	0.77
forth	-0.36	0.98
<URL>	-0.36	0.67
<SPECIAL>	-0.36	0.67
grabbed	-0.36	0.90
immunity	-0.36	0.78
thingy	-0.36	0.90
loading	-0.36	0.79
appeared	-0.36	0.76
disadvantage	-0.36	0.80
older	-0.36	0.92
yellow	-0.36	0.76
taking	-0.36	1.07
riot	-0.36	0.88
software	-0.36	0.91
performance	-0.36	0.73
madia	-0.36	0.86
weight	-0.36	0.77
kick	-0.36	0.77
kicking	-0.35	1.17
lv4	-0.35	0.84
background	-0.35	0.76
difficulty	-0.35	0.94
hah	-0.35	1.00
confirm	-0.35	0.86
hacker	-0.35	0.82
maximum	-0.35	0.94
rolled	-0.35	0.81
flow	-0.35	1.19
topic	-0.35	1.06
duel-gx	-0.35	0.94
additionally	-0.35	0.69
explained	-0.35	1.17
mind	-0.35	1.25
maintenance	-0.35	0.82
launch	-0.35	0.84
wiped	-0.35	0.78
clicking	-0.35	1.16
raw	-0.35	0.94
reinstall	-0.35	1.11
7k	-0.35	0.77
issue	-0.35	0.85
5th	-0.34	1.23
profit	-0.34	0.76
hp	-0.34	0.82
dance	-0.34	0.66
ipad	-0.34	0.71
difficult	-0.34	1.60
recovery	-0.34	0.87
fires	-0.34	0.85
upload	-0.34	0.93
4k	-0.34	0.75
actions	-0.33	0.72
experiencing	-0.33	0.88
mandatory	-0.33	1.04
pops	-0.33	0.79
apart	-0.33	0.95
intended	-0.33	0.85
ends	-0.33	1.09
destroyed	-0.33	0.71
edge	-0.33	0.78
checks	-0.33	0.85
defense	-0.33	0.85
suspended	-0.33	0.99
albeit	-0.33	0.73
crack	-0.33	0.91
goodness	-0.33	1.12
forget	-0.33	1.44
killed	-0.33	0.67
setting	-0.33	0.81
margin	-0.33	0.85
honest	-0.33	1.40
computer	-0.33	0.71
votes	-0.33	0.90
asks	-0.33	0.76
droprate	-0.33	0.86
5k	-0.32	0.77
curses	-0.32	0.71
drain	-0.32	0.78
tag	-0.32	1.03
lesser	-0.32	0.94
obtaining	-0.32	1.14
avail	-0.32	1.08
50	-0.32	0.86
prove	-0.32	0.85
large	-0.32	1.13
nexus	-0.32	0.75
blue	-0.32	0.75
by	-0.32	0.83
bam	-0.32	0.87
robe	-0.32	0.70
favorites	-0.32	1.10
depending	-0.32	1.08
os	-0.32	0.70
limits	-0.32	0.88
hitcounts	-0.32	0.95
4-star	-0.32	1.29
hacked	-0.32	0.97
10k	-0.31	0.75
made	-0.31	0.90
25	-0.31	0.83
settings	-0.31	0.79
quote	-0.31	0.64
imho	-0.31	0.89
grow	-0.31	0.82
probability	-0.31	0.77
posted	-0.31	1.20
cos	-0.31	0.98
read	-0.31	1.10
rolls	-0.31	1.24
indeed	-0.31	1.01
mag	-0.31	0.93
dangerous	-0.31	1.00
maximizing	-0.31	1.09
falls	-0.31	0.68
longer	-0.31	0.97
eye	-0.31	0.79
crown	-0.31	0.70
damage	-0.31	0.79
lvls	-0.31	0.84
modifier	-0.30	0.84
tap	-0.30	1.10
crush	-0.30	0.72
opinion	-0.30	1.07
stealth	-0.30	0.70
vampire	-0.30	1.24
care	-0.30	0.96
gap	-0.30	0.78
demon	-0.30	0.69
single-target	-0.30	1.22
judge	-0.30	0.92
forgetting	-0.30	1.11
sorts	-0.30	0.74
things	-0.30	1.06
psa	-0.30	0.92
threshold	-0.30	0.71
tapping	-0.30	1.11
revived	-0.30	0.70
noticeable	-0.30	0.95
gen	-0.30	0.83
produces	-0.30	0.82
progressing	-0.30	0.79
has	-0.30	1.11
newer	-0.30	0.98
simply	-0.30	0.89
class	-0.29	0.91
display	-0.29	0.77
upgrades	-0.29	0.86
value	-0.29	0.81
rares	-0.29	0.86
else	-0.29	0.94
connect	-0.29	0.82
each	-0.29	1.42
admittedly	-0.29	1.11
word	-0.29	1.01
fix	-0.29	0.86
lg	-0.29	0.75
spear	-0.29	0.69
override	-0.29	0.84
glitch	-0.29	0.91
practice	-0.29	0.89
impact	-0.29	0.82
handle	-0.29	0.83
resistance	-0.29	0.77
ignores	-0.29	0.86
opposite	-0.29	1.21
cept	-0.29	1.01
attacks	-0.29	0.87
compensation	-0.28	0.74
halved	-0.28	0.93
cold	-0.28	0.83
money	-0.28	0.77
client	-0.28	0.74
improved	-0.28	1.06
deal	-0.28	0.78
pieces	-0.28	0.68
gemming	-0.28	0.96
bracer	-0.28	0.69
inclined	-0.28	1.63
atk/def/rec	-0.28	0.81
bcs	-0.28	0.81
shape	-0.28	0.95
father	-0.28	1.06
f2p	-0.28	1.18
er	-0.28	1.17
burnies	-0.27	0.94
emergency	-0.27	0.76
coz	-0.27	0.69
files	-0.27	0.75
anyhow	-0.27	0.84
nor	-0.27	0.85
genymotion	-0.27	0.72
compare	-0.27	0.83
fh5	-0.27	0.76
recent	-0.27	1.04
prized	-0.27	0.71
accomplishment	-0.27	1.46
capturing	-0.27	0.80
taken	-0.27	0.83
barely	-0.27	0.87
linked	-0.26	1.06
att	-0.26	0.85
tough	-0.26	1.57
rich	-0.26	1.02
satisfied	-0.26	2.83
loop	-0.26	0.71
hearts	-0.26	0.64
varies	-0.26	0.81
1.2	-0.26	0.76
terribly	-0.26	1.11
scored	-0.26	0.77
big	-0.26	0.93
60	-0.26	0.89
strength	-0.26	0.94
purple	-0.26	1.07
constant	-0.26	0.82
upvotes	-0.26	0.97
terminus	-0.25	0.76
uhm	-0.25	1.15
maximise	-0.25	0.97
previous	-0.25	1.03
phone	-0.25	0.70
meltia	-0.25	0.85
clear	-0.25	0.76
2000	-0.25	0.79
null	-0.25	0.79
situation	-0.25	1.44
overkill	-0.25	0.82
dc	-0.25	0.85
without	-0.25	1.08
comfortable	-0.25	1.85
scale	-0.25	0.82
additional	-0.25	0.89
reported	-0.25	0.92
percent	-0.25	0.75
arm	-0.25	0.76
yourself	-0.25	0.86
loss	-0.25	0.91
drop	-0.25	0.81
description	-0.24	1.07
patched	-0.24	0.81
essential	-0.24	1.16
hc	-0.24	0.84
end	-0.24	0.77
arent	-0.24	0.99
unholy	-0.24	0.79
multiplier	-0.24	0.79
generates	-0.24	0.81
produce	-0.24	0.78
atk/def	-0.24	0.86
skip	-0.24	0.81
bc	-0.24	0.83
massive	-0.24	1.34
lost	-0.24	1.02
process	-0.24	1.14
living	-0.24	0.89
safely	-0.24	0.81
attribute	-0.24	0.96
surviving	-0.24	0.83
health	-0.24	0.79
faster	-0.24	1.06
sheer	-0.24	0.99
65	-0.24	0.83
hail	-0.24	0.64
solve	-0.24	0.82
deserve	-0.24	1.00
into	-0.23	0.89
endless	-0.23	0.71
bc/hc	-0.23	0.82
dictator	-0.23	0.95
contents	-0.23	0.91
destiny	-0.23	0.72
planning	-0.23	1.54
wife	-0.23	0.70
advantage	-0.23	0.83
clearing	-0.23	0.84
offers	-0.23	0.92
respectively	-0.23	0.76
harm	-0.23	1.21
medullas	-0.23	0.78
eric	-0.23	1.11
asked	-0.22	0.98
htc	-0.22	0.75
adds	-0.22	0.91
purge	-0.22	0.84
iphone	-0.22	0.72
inb4	-0.22	0.88
forcing	-0.22	0.82
boosters	-0.22	0.92
heals	-0.22	0.77
cast	-0.22	0.70
goodbye	-0.22	0.82
buffs	-0.22	0.83
shines	-0.22	1.14
production	-0.22	0.81
exchange	-0.22	0.99
critting	-0.22	0.79
clash	-0.22	0.71
beyond	-0.22	0.88
somewhere	-0.22	1.01
heal	-0.22	0.77
finish	-0.22	0.79
focused	-0.22	1.15
book	-0.22	0.82
challenging	-0.22	1.32
average	-0.22	0.93
down	-0.22	0.77
pros	-0.21	1.01
2k	-0.21	0.79
wth	-0.21	0.98
determined	-0.21	0.88
devices	-0.21	0.70
cloak	-0.21	0.91
eight	-0.21	1.04
dmg	-0.21	0.79
cayenas	-0.21	1.40
regards	-0.21	0.83
chance	-0.21	0.75
reach	-0.21	0.77
chunk	-0.21	0.85
survive	-0.21	0.69
us	-0.21	0.73
chosen	-0.21	0.79
targeted	-0.21	1.12
battle	-0.21	0.78
specifically	-0.21	1.22
spheres	-0.21	0.78
clarify	-0.21	1.45
muramasas	-0.21	0.81
beating	-0.20	0.81
continues	-0.20	0.87
mark	-0.20	0.75
completed	-0.20	0.84
removal	-0.20	0.79
recommend	-0.20	1.44
size	-0.20	0.72
viability	-0.20	0.90
wicked	-0.20	0.65
inside	-0.20	0.85
3/4	-0.20	0.79
failed	-0.20	0.75
5000	-0.20	0.75
gloomy	-0.20	0.67
tells	-0.20	0.82
vote	-0.20	0.87
shift	-0.20	0.86
mage	-0.20	1.24
repost	-0.20	1.55
nerfed	-0.19	0.79
weaknesses	-0.19	0.86
magistra	-0.19	0.81
dryad	-0.19	1.27
entrance	-0.19	0.85
desires	-0.19	0.76
major	-0.19	0.88
8k	-0.19	0.77
photo	-0.19	1.20
shadow	-0.19	0.78
rare	-0.19	0.93
pokedex	-0.19	0.97
sparks	-0.19	0.78
attk	-0.19	0.85
overly	-0.19	1.00
income	-0.19	0.73
yield	-0.19	1.15
japanese	-0.19	0.77
removing	-0.19	1.10
formula	-0.19	0.73
protection	-0.19	0.70
elemental	-0.19	0.92
score	-0.19	0.76
secondly	-0.19	0.92
hand	-0.19	0.97
1000	-0.18	0.76
1800	-0.18	0.83
reached	-0.18	0.81
previously	-0.18	1.17
translated	-0.18	0.84
trap	-0.18	1.07
cuz	-0.18	0.93
mobile	-0.18	0.76
inc	-0.18	0.72
restarted	-0.18	0.78
frosty	-0.18	0.85
smaller	-0.18	1.03
ailment	-0.18	0.77
inflict	-0.18	0.78
multiplicative	-0.18	0.76
1.5	-0.18	0.76
output	-0.18	0.83
category	-0.18	0.83
practically	-0.18	0.87
fingers	-0.18	1.00
mini	-0.18	0.77
limited	-0.17	0.82
mitigation	-0.17	0.75
split	-0.17	0.83
android	-0.17	0.70
ffs	-0.17	0.69
starters	-0.17	0.84
xenon	-0.17	0.80
app	-0.17	0.76
men	-0.17	0.81
tackle	-0.17	0.83
covered	-0.17	0.75
ignoring	-0.17	0.81
mobs	-0.17	0.80
connecting	-0.17	0.80
28	-0.17	0.83
participate	-0.17	0.83
handed	-0.17	0.75
losing	-0.17	0.79
eater	-0.17	0.86
medal	-0.17	1.01
beaten	-0.17	0.78
thunderbirds	-0.17	0.70
preparation	-0.17	0.89
cloaks	-0.17	0.87
obviously	-0.17	1.02
apologies	-0.17	2.09
fusing	-0.17	0.91
loose	-0.17	0.75
complete	-0.17	0.80
1	-0.17	1.10
30k	-0.17	0.80
closing	-0.16	0.79
sacred	-0.16	0.70
afterwards	-0.16	0.87
swords	-0.16	0.78
method	-0.16	0.92
colors	-0.16	1.20
competition	-0.16	0.76
9/10	-0.16	0.77
exploit	-0.16	0.87
loads	-0.16	0.67
mentioned	-0.16	1.19
learning	-0.16	0.84
bulk	-0.16	0.85
talked	-0.16	0.78
consideration	-0.16	0.79
unable	-0.16	1.27
3k	-0.16	0.75
states	-0.16	0.70
necessary	-0.16	1.00
exciting	-0.15	1.56
potentially	-0.15	0.99
generate	-0.15	0.79
twist	-0.15	0.77
stands	-0.15	0.86
amount	-0.15	0.81
subs	-0.15	0.86
board	-0.15	0.71
off	-0.15	0.79
bed	-0.15	0.96
cheat	-0.15	0.81
trigger	-0.15	0.70
1200	-0.15	0.77
defining	-0.15	1.19
assumption	-0.15	0.91
range	-0.15	0.78
fortress	-0.15	0.96
huh	-0.15	1.31
finished	-0.15	0.86
progression	-0.15	0.77
scoring	-0.15	0.76
move	-0.15	0.75
originally	-0.15	0.99
tier	-0.15	1.23
slayer	-0.15	1.59
valkyrie	-0.15	1.22
light/dark	-0.14	0.89
dropping	-0.14	0.84
proc	-0.14	0.74
exceptions	-0.14	0.83
concern	-0.14	1.05
counting	-0.14	1.00
against	-0.14	0.91
murder	-0.14	1.75
sisters	-0.14	0.70
leftover	-0.14	0.82
valid	-0.14	0.92
tldr	-0.14	0.91
freakin	-0.14	1.14
lollipop	-0.14	0.73
appearing	-0.14	0.78
equivalent	-0.14	0.82
played	-0.14	0.63
750	-0.14	0.78
covers	-0.14	0.86
standing	-0.14	0.93
fight	-0.14	0.81
he/she	-0.14	0.73
why	-0.14	1.36
riffs	-0.14	0.80
legwands	-0.14	0.80
keep	-0.14	1.10
finding	-0.14	1.01
woohoo	-0.14	0.83
willing	-0.14	1.15
refreshing	-0.14	0.83
ready	-0.14	0.96
32	-0.14	0.80
began	-0.13	0.93
combo	-0.13	0.85
cerise	-0.13	0.68
personal	-0.13	0.89
simple	-0.13	0.97
dish	-0.13	0.90
bang	-0.13	0.79
was	-0.13	1.29
33	-0.13	0.80
aoe	-0.13	0.90
live	-0.13	0.71
commenting	-0.13	1.06
debuff	-0.13	0.75
troll	-0.13	0.81
reviving	-0.13	0.71
cons	-0.13	0.78
packs	-0.13	0.74
nvm	-0.13	1.96
meaning	-0.13	0.82
generation	-0.13	0.81
firedrake	-0.13	1.20
bayley	-0.13	0.77
flesh	-0.13	0.65
stone	-0.13	0.66
doesnt	-0.13	0.84
net	-0.12	0.79
beat	-0.12	0.75
touched	-0.12	1.00
26	-0.12	0.82
levelled	-0.12	0.78
animations	-0.12	1.13
push	-0.12	0.73
lets	-0.12	0.91
copy	-0.12	0.91
called	-0.12	0.72
passive	-0.12	0.88
hence	-0.12	0.89
34	-0.12	0.80
ragshelm	-0.12	1.04
clears	-0.12	0.73
sources	-0.12	0.79
session	-0.12	0.74
burn	-0.12	0.71
dunno	-0.12	1.20
i.e	-0.12	0.89
siren	-0.12	1.12
24	-0.12	0.81
price	-0.12	0.73
ignored	-0.12	0.80
refresh	-0.12	0.82
joy	-0.12	2.32
visible	-0.12	0.81
30	-0.12	0.80
buffers	-0.12	0.95
upper	-0.12	0.79
hackers	-0.12	0.76
effectiveness	-0.11	0.81
changers	-0.11	0.90
preference	-0.11	0.96
maximize	-0.11	0.94
encourage	-0.11	0.88
activated	-0.11	0.76
sheet	-0.11	1.10
ultimately	-0.11	0.79
collector	-0.11	0.99
paired	-0.11	0.94
boom	-0.11	0.95
young	-0.11	0.86
critical	-0.11	0.80
package	-0.11	0.70
showed	-0.11	0.82
logan	-0.11	0.85
challenges	-0.11	0.83
korean	-0.11	0.71
lock	-0.11	0.80
game	-0.11	0.85
9000	-0.11	0.80
elimos	-0.11	1.19
reinstalling	-0.11	0.83
pelts	-0.11	0.82
desire	-0.11	0.72
reference	-0.11	0.93
tank	-0.11	0.87
400	-0.10	0.77
spark	-0.10	0.83
elf	-0.10	1.20
tablet	-0.10	0.71
towards	-0.10	1.13
technical	-0.10	0.81
raised	-0.10	0.76
better	-0.10	1.96
marauder	-0.10	0.80
pointed	-0.10	1.02
rush	-0.10	0.87
grants	-0.10	0.82
mtbb	-0.10	1.00
interest	-0.10	0.75
40	-0.10	0.78
rate	-0.10	0.75
someone	-0.10	0.96
39	-0.10	0.79
reporting	-0.10	0.70
japan	-0.10	0.71
squishy	-0.10	1.24
feeding	-0.10	0.81
weakness	-0.10	0.82
war	-0.10	0.86
burnys	-0.10	0.78
up	-0.10	0.80
16	-0.10	0.82
says	-0.10	1.03
y	-0.10	1.21
ipod	-0.10	0.72
waters	-0.10	0.85
bud	-0.10	0.67
yo	-0.10	1.02
900	-0.10	0.78
crits	-0.10	0.73
emulator	-0.10	0.69
insert	-0.10	0.99
picks	-0.09	0.97
rough	-0.09	1.72
bonuses	-0.09	0.79
limbo	-0.09	0.67
leaderskill	-0.09	0.96
silver	-0.09	0.75
royal	-0.09	0.69
ride	-0.09	0.87
extent	-0.09	0.77
journey	-0.09	1.26
completing	-0.09	0.84
enemy	-0.09	0.80
wondered	-0.09	1.10
started	-0.09	1.03
chain	-0.09	0.75
alive	-0.09	0.71
encountering	-0.09	0.78
gilded	-0.09	0.77
content	-0.09	0.87
bonus	-0.09	0.85
anw	-0.09	0.86
rates	-0.09	0.73
kills	-0.09	0.70
6k	-0.09	0.83
neutral	-0.09	0.90
global	-0.09	0.73
slash	-0.09	0.72
generators	-0.09	0.76
zero	-0.09	1.03
fights	-0.09	0.97
throwing	-0.09	0.82
monthly	-0.08	1.06
cleared	-0.08	0.76
amdahl	-0.08	1.03
deemos	-0.08	1.43
imp	-0.08	0.75
exclusives	-0.08	0.78
family	-0.08	0.84
balancing	-0.08	0.80
below	-0.08	0.73
replied	-0.08	1.40
strike	-0.08	0.67
killing	-0.08	0.65
300	-0.08	0.78
jp	-0.08	0.72
chief	-0.08	0.74
uninstalled	-0.08	0.76
blade	-0.08	0.71
gains	-0.08	0.84
nobody	-0.08	0.64
met	-0.08	0.89
unreleased	-0.08	0.89
defeating	-0.08	0.78
graven	-0.08	1.16
deals	-0.08	0.78
moving	-0.08	0.82
applies	-0.08	0.79
fair	-0.08	1.06
patches	-0.08	0.76
important	-0.07	1.08
downloading	-0.07	0.74
approximately	-0.07	0.83
bluestacks	-0.07	0.68
counter	-0.07	0.74
equip	-0.07	0.77
heh	-0.07	0.77
bfjp	-0.07	0.87
restarting	-0.07	0.82
trials	-0.07	0.91
refund	-0.07	0.80
attack	-0.07	0.91
calculated	-0.07	0.72
dead	-0.07	0.58
burning	-0.07	0.84
thunderbird	-0.07	2.33
break	-0.07	0.77
36	-0.07	0.80
anniversary	-0.07	0.82
baby	-0.07	0.82
apps	-0.07	0.69
involved	-0.07	0.89
pls	-0.07	0.81
zaza	-0.07	0.77
stack	-0.07	0.77
ninja	-0.07	0.61
ignore	-0.07	0.80
stream	-0.07	0.75
mikus	-0.07	1.22
ago	-0.07	1.07
re	-0.07	1.12
hero	-0.07	0.69
holds	-0.07	0.78
strongly	-0.07	1.36
athena	-0.06	1.05
pack	-0.06	0.75
country	-0.06	0.69
27	-0.06	0.80
butt	-0.06	0.86
confident	-0.06	2.60
screen	-0.06	0.89
starter	-0.06	0.72
spending	-0.06	0.77
15	-0.06	0.81
quicker	-0.06	0.99
instance	-0.06	0.76
bosses	-0.06	0.92
rc	-0.06	0.79
sales	-0.06	0.75
roll	-0.06	0.91
during	-0.06	0.74
wipe	-0.06	0.68
achieved	-0.06	0.75
summoning	-0.06	0.73
december	-0.06	0.86
experienced	-0.06	0.83
700	-0.06	0.75
pulls	-0.06	0.77
dis	-0.06	0.89
estia	-0.05	0.73
3000	-0.05	0.74
enemies	-0.05	0.77
49	-0.05	0.91
popped	-0.05	0.77
battery	-0.05	0.77
decided	-0.05	1.02
opposing	-0.05	1.12
improvements	-0.05	0.97
defensively	-0.05	0.88
judging	-0.05	1.29
instead	-0.05	1.15
green	-0.05	0.80
spend	-0.05	0.72
thought	-0.05	1.76
creep	-0.05	0.87
38	-0.05	0.80
patiently	-0.05	1.33
named	-0.05	0.57
axes	-0.05	0.66
testing	-0.05	0.75
installed	-0.05	0.70
1500	-0.04	0.85
unicorn	-0.04	0.71
exit	-0.04	0.81
besides	-0.04	0.97
flat	-0.04	0.76
ios	-0.04	0.69
from	-0.04	0.66
solved	-0.04	0.84
23	-0.04	0.80
attacking	-0.04	0.78
18	-0.04	0.81
hydra	-0.04	0.78
altogether	-0.04	0.85
effect	-0.04	0.71
ie	-0.04	0.88
appstore	-0.04	0.72
shotting	-0.04	0.77
gain	-0.04	0.79
got	-0.04	1.05
capture	-0.04	0.75
came	-0.04	0.94
stones	-0.04	0.88
healing	-0.04	0.79
35	-0.04	0.79
dragoon	-0.04	0.72
vary	-0.04	0.92
install	-0.04	0.70
rotation	-0.03	0.88
approach	-0.03	0.86
definition	-0.03	0.84
points	-0.03	0.76
zevalhua	-0.03	0.74
earned	-0.03	0.74
pulling	-0.03	0.79
e.g	-0.03	0.90
purchasing	-0.03	0.73
meta	-0.03	1.33
summons	-0.03	0.70
mech	-0.03	0.68
bones	-0.03	0.95
posts	-0.03	0.93
applied	-0.03	0.72
extended	-0.03	0.73
whom	-0.03	1.15
allies	-0.03	0.78
survival	-0.03	0.79
letting	-0.03	0.89
m	-0.03	1.08
guarantee	-0.03	0.87
woke	-0.03	0.88
purely	-0.03	0.80
75	-0.03	0.78
remains	-0.03	0.94
wat	-0.03	1.12
prep	-0.03	0.79
carried	-0.03	0.71
gained	-0.03	0.87
rack	-0.03	0.75
slimes	-0.03	0.78
amanohabakens	-0.03	0.74
evidence	-0.03	0.82
appinvasion	-0.03	0.84
stbb	-0.02	0.97
summoned	-0.02	0.77
cache	-0.02	0.81
nullifier	-0.02	0.79
die	-0.02	0.69
raid	-0.02	0.83
13	-0.02	0.81
maria	-0.02	1.19
prince	-0.02	0.74
apologize	-0.02	1.54
part	-0.02	1.10
foils	-0.02	0.74
focus	-0.02	1.10
um	-0.02	0.99
combinations	-0.02	1.14
gambling	-0.02	0.79
22	-0.02	0.80
spawns	-0.02	0.81
restricted	-0.02	0.90
randomly	-0.02	0.86
line	-0.02	0.76
entirely	-0.02	0.84
creators	-0.02	0.74
email	-0.02	1.02
reports	-0.02	0.76
overlap	-0.02	0.99
anima/guardian	-0.02	2.55
nowadays	-0.02	0.85
challenge	-0.02	0.86
july	-0.02	0.81
discovered	-0.02	0.81
none	-0.02	0.92
wide	-0.02	0.78
suddenly	-0.01	1.53
survivability	-0.01	0.83
moves	-0.01	0.70
scratch	-0.01	0.90
rc3	-0.01	0.86
decide	-0.01	0.90
10th	-0.01	0.94
leaving	-0.01	0.80
wyvern	-0.01	0.89
suicide	-0.01	0.82
excelsior	-0.01	0.74
himself	-0.01	0.72
hundreds	-0.01	0.74
thousands	-0.01	0.76
hardcore	-0.01	0.80
follow	-0.01	0.94
we	-0.01	1.31
target	-0.01	0.88
shards	-0.01	0.75
version	-0.01	0.66
argue	-0.01	0.92
incase	-0.01	0.71
waves	-0.01	0.77
ultra	-0.01	0.75
gaia	-0.01	0.79
solo	-0.01	0.74
field	-0.01	0.87
halfway	-0.01	0.75
abuse	-0.01	0.77
metagame	-0.01	1.24
position	-0.01	1.21
require	-0.01	0.85
attackers	-0.01	1.18
proceeded	-0.01	0.80
messages	-0.01	0.92
circumstances	-0.01	1.09
king	-0.01	0.70
ls	-0.01	0.79
auto	-0.01	0.74
chef	-0.01	0.72
fh7	-0.00	0.74
jbf	-0.00	0.73
aspect	-0.00	0.73
apple	-0.00	0.79
otk	-0.00	0.71
beast	-0.00	0.99
schedule	-0.00	0.75
assassin	-0.00	0.72
attempting	-0.00	0.88
changer	-0.00	0.91
iirc	-0.00	0.92
innate	-0.00	0.83
spare	-0.00	0.74
1.5x	-0.00	1.05
impressed	-0.00	2.48
potential	-0.00	0.80
protector	-0.00	0.81
trial	-0.00	0.77
jap	0.00	0.70
benefit	0.00	0.89
intend	0.00	1.05
further	0.00	0.80
tillith	0.00	0.70
parts	0.00	0.75
21	0.00	0.79
zephu	0.00	0.93
oriented	0.00	0.82
ggc	0.00	0.82
logical	0.00	1.05
file	0.00	0.75
faced	0.00	0.77
booster	0.01	0.88
dropped	0.01	0.74
facing	0.01	0.78
database	0.01	0.95
jpbf	0.01	0.73
refuse	0.01	1.02
stacking	0.01	0.71
making	0.01	1.05
pool	0.01	0.67
oneshot	0.01	0.60
14	0.01	0.82
downloaded	0.01	0.67
god	0.01	0.86
peeps	0.01	0.86
singapore	0.01	0.82
aegis	0.01	0.84
achievement	0.01	1.01
calculate	0.01	0.85
sparked	0.01	0.70
extreme	0.01	0.78
timing	0.01	0.75
lidith	0.01	0.91
device	0.01	0.75
zegar	0.01	0.90
somebody	0.01	0.77
cause	0.01	0.94
hs	0.01	0.67
keeping	0.01	0.90
tried	0.01	0.82
12	0.01	0.85
technically	0.01	0.95
umm	0.01	1.06
listen	0.02	0.75
been	0.02	0.91
magus	0.02	0.74
note	0.02	0.75
encountered	0.02	0.76
grand	0.02	0.94
carries	0.02	0.86
ban	0.02	0.77
unusable	0.02	1.51
600	0.02	0.74
obsolete	0.02	1.12
prioritize	0.02	1.13
update	0.02	0.72
lario	0.02	0.94
portion	0.02	0.75
vanilla	0.02	0.79
problem	0.02	0.89
toss	0.02	0.83
picking	0.02	0.82
fake	0.02	0.77
craft	0.02	0.77
apk	0.02	0.70
blades	0.02	0.68
equipped	0.02	0.72
nerf	0.03	0.73
legend	0.03	0.83
29	0.03	0.79
boys	0.03	0.90
magic	0.03	0.73
lira	0.03	0.81
004	0.03	0.78
scores	0.03	0.84
leg	0.03	0.71
zeln	0.03	0.77
encounter	0.03	0.77
fighting	0.03	0.80
apply	0.03	0.77
redo	0.03	0.83
group	0.03	0.86
speed	0.03	0.87
doing	0.03	1.27
20	0.03	0.80
mobogenie	0.03	0.71
an	0.03	1.24
hype	0.03	0.92
muramasa	0.03	0.65
ko	0.03	0.58
raids	0.03	0.80
untill	0.03	0.84
download	0.03	0.69
x1	0.03	0.67
equipping	0.03	0.75
dupe	0.03	1.01
otko	0.03	0.76
luna	0.03	0.93
19	0.03	0.80
70	0.03	0.81
pop	0.03	0.79
wake	0.04	1.12
jewels	0.04	0.81
ring	0.04	0.68
replaced	0.04	0.86
side	0.04	0.69
37	0.04	0.76
bracers	0.04	0.80
hack	0.04	0.77
heidt	0.04	0.88
relevant	0.04	1.12
fangs	0.04	0.94
promo	0.04	0.83
stock	0.04	0.73
defeat	0.04	0.71
10x	0.04	0.77
rate-up	0.04	0.80
ones	0.04	1.14
term	0.04	1.12
appears	0.04	0.72
kill	0.04	0.58
45	0.04	0.80
thief	0.04	0.77
supposed	0.04	1.35
knight	0.04	0.86
accounts	0.04	0.89
curiosity	0.04	0.92
attempted	0.04	0.79
kindle	0.04	0.66
sergio	0.04	0.88
white	0.04	0.72
prepping	0.04	0.89
axe	0.04	0.67
giant	0.05	0.66
ol	0.05	0.89
calculations	0.05	0.69
settle	0.05	0.91
storm	0.05	0.86
directly	0.05	0.73
regen	0.05	0.80
essentially	0.05	0.76
11	0.05	0.82
bbs/sbbs	0.05	0.78
mid	0.05	0.79
kinds	0.05	1.09
buffer	0.05	0.91
pelt	0.05	0.73
attacked	0.05	0.74
bucks	0.05	0.70
underleveled	0.05	1.06
mitigator	0.05	0.82
dont	0.05	1.19
updates	0.05	0.77
floors	0.05	0.75
chaos	0.05	0.63
obtained	0.05	0.80
sola	0.05	0.73
fodders	0.05	0.89
gloves	0.05	0.71
happening	0.05	0.86
xestia	0.05	0.75
middle	0.05	0.81
alma	0.06	0.75
pace	0.06	0.80
lv2	0.06	0.71
350	0.06	0.76
goal	0.06	0.90
thou	0.06	0.61
sleep	0.06	1.12
defeated	0.06	0.73
progress	0.06	0.86
required	0.06	0.78
cannon	0.06	0.93
roles	0.06	1.12
theyre	0.06	0.80
ghosts	0.06	1.05
plz	0.06	0.82
focusing	0.06	1.13
home	0.06	0.84
bf	0.06	0.64
amazon	0.06	0.74
more	0.06	1.08
immediately	0.06	0.86
im	0.06	1.06
hundred	0.06	0.74
turn	0.06	0.77
keymaster	0.06	0.73
capped	0.06	0.75
requirement	0.06	0.74
professor	0.06	0.69
armor	0.07	0.67
shouldnt	0.07	0.90
themselves	0.07	0.77
fool	0.07	0.89
countless	0.07	0.79
copies	0.07	1.07
example	0.07	1.17
delay	0.07	0.70
achieve	0.07	0.77
own	0.07	0.94
completion	0.07	0.80
heroes	0.07	0.76
familiar	0.07	2.58
co	0.07	0.71
onto	0.07	0.72
450	0.07	0.69
plays	0.07	1.45
farmable	0.07	0.92
cardes	0.07	0.69
knows	0.07	1.42
summary	0.07	0.95
thousand	0.07	0.71
nuke	0.07	0.79
atros	0.07	0.93
provides	0.07	0.84
power	0.07	0.78
opposed	0.07	0.75
spawn	0.07	0.75
regular	0.07	1.06
others	0.07	0.97
above	0.07	0.84
blood	0.07	1.07
initially	0.07	0.91
saga	0.08	0.75
written	0.08	0.96
dialogue	0.08	0.88
pink	0.08	0.95
google	0.08	0.71
chronicles	0.08	0.87
piece	0.08	0.90
application	0.08	0.81
titania	0.08	1.09
easy	0.08	1.39
tech	0.08	0.71
benefits	0.08	0.86
weapon	0.08	0.76
wanting	0.08	1.15
flash	0.08	0.74
whose	0.08	0.66
basically	0.08	0.94
dollars	0.08	0.70
one-shot	0.08	0.78
slowly	0.08	0.96
click	0.08	0.93
wouldnt	0.08	0.91
training	0.08	0.92
vanila	0.08	0.75
weiss	0.08	0.89
releasing	0.08	0.76
p2w	0.08	0.70
bought	0.08	0.71
corner	0.08	0.80
perspective	0.08	0.80
shs	0.08	0.69
eu	0.08	0.77
relatively	0.08	0.89
ice	0.08	0.80
created	0.08	0.82
auto-battle	0.08	0.70
generally	0.08	1.48
goes	0.09	0.93
boss	0.09	0.86
herself	0.09	0.74
store	0.09	0.71
investing	0.09	0.90
automatically	0.09	0.81
46	0.09	0.80
couldnt	0.09	0.93
targets	0.09	0.83
were	0.09	0.96
pearl	0.09	0.73
crest	0.09	0.66
playing	0.09	0.78
insanely	0.09	0.95
counted	0.09	0.78
items	0.09	0.80
changing	0.09	1.21
alices	0.09	1.14
clue	0.09	1.12
belong	0.09	0.96
liza	0.09	0.76
shots	0.09	0.70
appear	0.09	0.74
falma	0.09	0.85
stated	0.09	1.04
generator	0.09	0.72
amanos	0.09	0.82
players	0.09	0.68
apparently	0.09	1.05
ares	0.09	0.77
opportunity	0.09	0.81
remain	0.09	1.07
blew	0.10	0.72
reaching	0.10	0.78
zele	0.10	0.74
atro	0.10	0.85
multiple	0.10	0.97
craftable	0.10	0.71
stacks	0.10	0.78
snow	0.10	0.76
dark/light	0.10	0.94
upgraded	0.10	0.70
42	0.10	0.73
social	0.10	1.08
twin	0.10	0.74
drake	0.10	0.72
swipe	0.10	0.81
common	0.10	1.26
connected	0.10	0.83
treasure	0.10	0.94
warrior	0.10	0.71
115	0.10	0.82
002	0.10	0.72
prefer	0.10	1.23
generous	0.10	1.07
fills	0.10	0.80
question	0.10	1.39
champion	0.10	0.83
action	0.10	0.93
aim	0.10	0.97
giving	0.10	1.05
polar	0.10	0.77
sibyl	0.10	0.66
cure	0.10	0.75
51	0.10	0.80
sides	0.10	0.68
purchases	0.10	0.74
17	0.11	0.78
hot	0.11	0.72
myself	0.11	0.88
rowgens	0.11	1.55
grass	0.11	0.77
did	0.11	1.22
bracket	0.11	0.75
healer	0.11	0.86
october	0.11	0.83
sustaining	0.11	0.83
am	0.11	1.05
sign	0.11	0.86
lotus	0.11	0.63
2	0.11	1.10
determine	0.11	0.96
cub	0.11	0.75
52	0.11	0.80
proceed	0.11	0.68
handful	0.11	0.87
unlike	0.11	0.75
drops	0.11	0.82
x5	0.11	0.72
provided	0.11	0.98
putting	0.11	0.87
near	0.11	0.76
balance	0.11	0.77
wasting	0.11	0.84
resources	0.11	0.95
balanced	0.11	1.46
rebel	0.12	0.74
200	0.12	0.75
except	0.12	0.92
longest	0.12	0.79
bolt	0.12	0.82
anywhere	0.12	0.79
managed	0.12	0.81
lies	0.12	0.77
respective	0.12	0.95
date	0.12	0.75
clean	0.12	0.95
new	0.12	0.76
crafting	0.12	0.73
chests	0.12	0.70
41	0.12	0.80
checked	0.12	0.78
over	0.12	0.80
attempt	0.12	0.95
ram	0.12	0.71
fact	0.12	1.01
bot	0.12	0.81
happened	0.12	0.91
kik	0.12	0.93
producing	0.12	0.83
gemmed	0.12	0.77
rakshasa	0.12	0.70
saved	0.12	0.71
allows	0.12	0.81
her	0.12	1.08
omfg	0.12	0.81
wifi	0.12	0.76
choosing	0.13	0.91
apostle	0.13	0.75
raising	0.13	0.91
heavenly	0.13	0.70
nemia	0.13	0.79
around	0.13	0.77
backup	0.13	1.17
real	0.13	1.09
switched	0.13	0.72
unlimited	0.13	0.86
fifth	0.13	0.95
closest	0.13	1.94
third	0.13	1.05
row	0.13	1.13
fate	0.13	0.52
paula	0.13	0.72
pheonix	0.13	0.77
1x	0.13	0.69
divine	0.13	0.74
crafted	0.13	0.71
trend	0.13	0.77
rule	0.13	0.84
dump	0.13	0.78
floor	0.13	0.74
ways	0.13	0.86
drakeborn	0.13	0.87
mimir	0.13	1.14
ups	0.13	0.76
inventor	0.13	0.85
supply	0.13	0.82
jack	0.14	0.82
turns	0.14	0.84
ex	0.14	0.85
depends	0.14	0.96
2nd	0.14	1.05
refined	0.14	0.70
dragon	0.14	0.74
shock	0.14	0.87
captured	0.14	0.76
con	0.14	0.87
flower	0.14	0.71
bringing	0.14	0.80
repeat	0.14	0.78
shown	0.14	0.72
ranked	0.14	0.77
requirements	0.14	0.72
seemed	0.14	0.95
5x	0.14	0.77
transfer	0.14	0.75
acceptable	0.14	2.03
2014	0.14	0.79
experience	0.14	0.78
coin	0.14	0.73
website	0.14	0.80
sky	0.14	0.86
etc	0.14	0.82
dollar	0.14	0.72
holding	0.14	0.88
hacking	0.14	0.80
exist	0.14	0.82
data	0.14	0.76
dilmas	0.14	1.22
leviathan	0.14	0.82
november	0.14	0.80
brute	0.14	0.76
lance	0.14	0.73
fennia	0.14	0.79
procs	0.14	0.67
encounters	0.14	0.73
angelic	0.14	0.68
august	0.14	0.83
goals	0.14	0.87
captain	0.14	0.80
bow	0.14	0.80
checking	0.14	0.73
past	0.15	0.78
direct	0.15	0.73
trick	0.15	0.82
assuming	0.15	1.15
9	0.15	0.81
elixir	0.15	0.77
whoever	0.15	0.78
merith	0.15	1.10
fairy	0.15	0.77
heard	0.15	1.10
september	0.15	0.83
battles	0.15	0.82
sort	0.15	0.89
advisor	0.15	0.88
sit	0.15	0.78
bursts	0.15	0.78
tons	0.15	0.82
caught	0.15	0.78
needed	0.15	0.76
promotion	0.15	0.68
imps	0.15	0.75
stya	0.15	0.80
claris	0.15	1.08
eliza	0.15	0.65
zephyr	0.15	0.83
dancer	0.15	1.24
rashils	0.15	1.24
luthers	0.15	1.51
compete	0.15	0.79
stud	0.15	0.70
sinister	0.15	0.71
rings	0.15	0.73
mystic	0.16	0.69
holy	0.16	0.74
dozen	0.16	0.75
karl/grah	0.16	0.68
pike	0.16	0.77
horseman	0.16	0.80
azure	0.16	0.68
angel	0.16	0.76
pump	0.16	0.77
powers	0.16	0.76
purposes	0.16	0.99
sage	0.16	0.89
pts	0.16	0.78
lantern	0.16	0.69
wills	0.16	1.07
existing	0.16	0.74
comparison	0.16	0.76
kkr	0.16	0.93
dota	0.16	0.70
elixirs	0.16	0.76
effectively	0.16	0.69
endgame	0.16	0.87
picked	0.16	0.81
sol	0.16	0.71
suggest	0.16	1.16
sybil	0.16	0.66
nov	0.16	0.75
gizmo	0.16	0.71
recover	0.16	0.77
2.0	0.16	0.74
selection	0.16	0.70
plans	0.17	1.46
consistent	0.17	0.87
buying	0.17	0.74
spent	0.17	0.74
seal	0.17	0.76
boot	0.17	0.85
user	0.17	0.72
56	0.17	0.89
99	0.17	0.89
path	0.17	0.70
tonic	0.17	0.76
66	0.17	0.87
implemented	0.17	0.78
coins	0.17	0.74
revive	0.17	0.76
eze	0.17	0.82
healers	0.17	1.04
specific	0.17	1.30
ten	0.17	0.77
crescent	0.17	0.76
flute	0.17	0.77
lights	0.17	0.76
ending	0.17	0.58
flutes	0.17	0.76
several	0.17	0.86
potions	0.17	0.76
tonics	0.17	0.76
creating	0.17	0.84
opponents	0.17	0.72
dark	0.17	0.85
chart	0.17	0.72
hmmm	0.17	1.18
bahamut	0.17	0.86
hydraloid	0.17	0.72
cycle	0.17	0.66
4x	0.17	0.87
math	0.17	0.78
fujin	0.17	0.76
fujins	0.17	0.76
revives	0.18	0.76
supporting	0.18	0.69
cures	0.18	0.76
datamine	0.18	0.67
maruideth	0.18	0.93
gem	0.18	0.72
emilia	0.18	0.82
rameldria	0.18	0.78
bench	0.18	0.77
stayed	0.18	0.79
8	0.18	0.87
clearer	0.18	0.86
fusion	0.18	0.79
single	0.18	0.83
rickels	0.18	1.13
instantly	0.18	0.77
theirs	0.18	0.76
aem	0.18	0.81
idol	0.18	0.75
mix	0.18	0.89
activating	0.18	0.79
brought	0.18	0.76
deciding	0.18	1.17
summon	0.18	0.83
sale	0.18	0.69
dungeons	0.18	0.75
pst	0.18	0.84
ore	0.18	0.74
500	0.18	0.75
cookie	0.18	0.91
submitted	0.18	1.12
majority	0.18	0.76
confirmed	0.18	0.73
elulu	0.18	0.82
aka	0.18	0.74
skeleton	0.18	0.82
elsewhere	0.18	0.76
updating	0.18	0.78
lel	0.18	1.15
kajah	0.18	0.82
surprisingly	0.18	0.85
seven	0.18	0.71
verify	0.19	0.77
optimize	0.19	0.95
levelling	0.19	0.90
afaik	0.19	0.90
invest	0.19	0.90
amanohabaken	0.19	0.71
foil	0.19	0.68
degree	0.19	0.72
mari	0.19	0.90
may	0.19	0.84
lvling	0.19	0.87
activates	0.19	0.70
44	0.19	0.79
arts	0.19	0.64
gotten	0.19	0.79
3x	0.19	0.82
evolved	0.19	0.73
stimulants	0.19	0.78
whether	0.19	1.04
identical	0.19	0.91
sustainability	0.19	0.75
lose	0.19	0.76
restore	0.19	0.83
maidens	0.19	0.73
games	0.19	0.70
fastest	0.19	2.03
bord	0.19	0.83
batches	0.19	0.74
54	0.19	0.82
fast	0.19	0.93
ruler	0.19	0.70
bulbs	0.19	0.73
investment	0.19	1.32
steeple	0.19	0.69
early	0.19	0.82
empyreal	0.19	0.72
kikuris	0.19	1.13
jk	0.19	0.96
manage	0.19	0.91
dean	0.19	0.78
x3	0.20	0.69
leon	0.20	0.81
other	0.20	1.26
feel	0.20	1.20
legionary	0.20	0.82
dps	0.20	0.81
mimic	0.20	0.75
evolving	0.20	0.92
mega	0.20	0.77
micheles	0.20	1.08
guarantees	0.20	0.72
behemoth	0.20	0.81
vriksha	0.20	0.88
according	0.20	0.77
copra	0.20	0.77
amy	0.20	0.81
patch	0.20	0.74
followed	0.20	1.04
bit	0.20	0.92
twitter	0.20	0.75
selena	0.20	0.81
wise	0.20	1.09
rose	0.20	0.70
leveling	0.20	0.90
10-15	0.20	0.81
lasts	0.20	0.80
unused	0.20	0.78
throw	0.20	0.77
report	0.20	0.90
preparing	0.20	0.82
mimics	0.20	0.75
7	0.20	0.83
switching	0.20	0.86
golems	0.20	1.18
autobattle	0.20	0.72
omni	0.20	0.71
nearly	0.20	0.70
ness	0.20	0.77
individual	0.20	0.72
rickel	0.20	0.77
sefias	0.20	1.12
loch	0.21	0.80
winged	0.21	0.74
successfully	0.21	0.72
officially	0.21	0.66
sibyls	0.21	0.72
activate	0.21	0.85
bandit	0.21	0.84
unleash	0.21	0.75
reroll	0.21	0.70
individually	0.21	0.73
frontier	0.21	0.61
little	0.21	0.91
blaze	0.21	0.65
150	0.21	0.80
pot	0.21	0.75
exclusively	0.21	0.72
batootha	0.21	0.71
possibility	0.21	1.14
outright	0.21	0.71
sometimes	0.21	1.01
55	0.21	0.82
powerful	0.21	1.21
fii	0.21	0.70
purchased	0.21	0.75
competitive	0.21	0.84
x4	0.21	0.70
yolo	0.21	0.75
hopes	0.21	0.85
maxing	0.21	0.89
miracle	0.21	0.75
pots	0.21	0.75
different	0.21	1.10
91-100	0.21	0.74
reeze	0.21	0.75
unitinfo	0.21	1.81
queen	0.21	0.85
5star	0.21	0.85
abilities	0.21	0.79
emblem	0.21	0.69
lightning	0.21	1.04
lv3	0.22	0.75
newbie	0.22	1.41
potion	0.22	0.78
fought	0.22	0.76
bat	0.22	0.75
walking	0.22	0.78
hoarding	0.22	0.87
ranking	0.22	0.78
given	0.22	0.97
pixy	0.22	0.76
discount	0.22	0.74
ores	0.22	0.78
78	0.22	0.95
center	0.22	0.69
medula	0.22	0.73
shot	0.22	0.68
becoming	0.22	0.98
positions	0.22	1.16
rocket	0.22	0.70
convinced	0.22	1.56
announced	0.22	0.73
zeus	0.22	0.78
maintaining	0.22	0.79
sustainable	0.22	1.05
2/3	0.22	0.96
unlikely	0.22	1.39
seals	0.22	0.78
meet	0.22	0.74
after	0.22	0.78
stay	0.22	0.78
bb/sbbs	0.22	0.86
zel	0.22	1.04
heaven	0.22	0.72
43	0.22	0.75
immediate	0.22	0.80
glass	0.22	0.79
become	0.22	0.96
rounded	0.22	0.99
bulb	0.22	0.73
4s	0.22	0.61
ii	0.22	0.72
chest	0.22	0.73
per	0.22	1.00
1st	0.22	0.98
nocturnal	0.22	0.89
certain	0.22	1.00
arms	0.22	0.70
vargas	0.22	0.72
handy	0.22	1.12
liras	0.22	1.15
unlocking	0.22	0.83
combination	0.22	1.30
lochs	0.22	1.14
gems	0.23	0.74
douglases	0.23	1.14
totem	0.23	0.76
theres	0.23	0.91
rank	0.23	0.72
buy	0.23	0.74
gilnea	0.23	0.68
message	0.23	1.20
w	0.23	0.72
combos	0.23	0.89
ofc	0.23	0.73
legends	0.23	0.67
skill	0.23	0.82
explain	0.23	0.92
mmm	0.23	0.69
alneu	0.23	0.78
scroll	0.23	0.82
skills	0.23	0.79
excel	0.23	0.76
x	0.23	0.73
encervis	0.23	0.87
totems	0.23	0.76
pull	0.23	0.91
bottom	0.23	0.77
wizard	0.23	0.78
steps	0.23	0.72
cake	0.23	1.63
linking	0.23	0.65
2x	0.23	0.74
meme	0.23	0.80
default	0.23	0.64
medulla	0.23	0.73
idols	0.23	0.75
releases	0.23	0.74
writing	0.23	0.93
constructive	0.24	1.19
fh6	0.24	0.64
select	0.24	0.80
dealer	0.24	0.89
w/o	0.24	0.80
situations	0.24	1.19
catch	0.24	0.77
crystal	0.24	0.74
address	0.24	0.76
lomass	0.24	1.06
had	0.24	0.97
totally	0.24	1.53
see	0.24	1.08
sphere	0.24	0.71
brave	0.24	0.63
galant	0.24	0.70
change	0.24	1.10
spirits	0.24	0.79
upgrading	0.24	0.78
raise	0.24	0.82
top	0.24	0.75
250	0.24	0.78
season	0.24	0.67
upgrade	0.24	0.76
wave	0.24	0.80
x2	0.24	0.68
extend	0.24	0.69
likewise	0.24	0.80
farlons	0.24	1.16
waste	0.24	0.81
63	0.24	0.74
cyborg	0.24	0.82
alpha	0.24	0.67
straight	0.24	0.70
filter	0.24	0.69
flame	0.25	0.69
scar	0.25	0.72
nymphs	0.25	0.78
saint	0.25	1.34
defensive	0.25	0.86
typical	0.25	1.09
fill	0.25	0.77
lava	0.25	0.71
matter	0.25	0.90
lasted	0.25	0.75
changed	0.25	0.79
ishir	0.25	0.82
significant	0.25	0.90
freya	0.25	0.64
tiara	0.25	0.75
town	0.25	0.76
feature	0.25	0.82
went	0.25	0.78
probs	0.25	0.77
currency	0.25	0.67
lv1	0.25	0.78
swapping	0.25	0.84
five	0.25	0.89
ranks	0.25	0.72
shiny	0.25	0.94
providence	0.25	0.74
limit	0.25	0.75
grafl	0.26	0.79
iv	0.26	0.72
melchios	0.26	1.15
geldnite	0.26	0.69
infinite	0.26	0.82
rashil	0.26	0.78
dealers	0.26	1.00
forever	0.26	0.78
frame	0.26	0.68
rankings	0.26	0.74
3	0.26	0.95
evo	0.26	0.73
edea	0.26	0.75
damaging	0.26	1.02
june	0.26	0.82
58	0.26	0.82
gives	0.26	1.01
profits	0.26	0.72
ages	0.26	0.79
gunner	0.26	0.78
material	0.26	0.74
altro	0.26	0.76
wreck	0.26	0.57
purchase	0.26	0.78
grab	0.26	0.75
rise	0.26	0.64
consistency	0.26	0.69
nymph	0.26	0.75
serins	0.27	1.07
phoenix	0.27	0.69
desert	0.27	0.93
leore	0.27	0.76
coraza	0.27	0.61
stages	0.27	0.87
mt	0.27	1.18
havent	0.27	0.83
slim	0.27	1.04
pugilist	0.27	0.72
announce	0.27	0.64
lunaris	0.27	0.85
newest	0.27	0.81
utilize	0.27	0.78
obtainable	0.27	0.66
test	0.27	0.81
golem	0.27	0.74
poison	0.27	0.95
princess	0.27	0.70
sword	0.27	0.64
legwand	0.27	0.75
skull	0.27	0.70
features	0.27	0.83
using	0.27	0.88
hallowed	0.27	0.70
aswell	0.27	0.70
regeneration	0.27	0.83
lavas	0.27	1.14
5/6	0.27	0.70
tends	0.27	0.73
used	0.27	0.79
sits	0.27	0.73
lebra	0.27	0.82
afford	0.28	0.84
hurry	0.28	0.75
sustain	0.28	0.82
lochness	0.28	0.77
kushra	0.28	0.79
light	0.28	0.92
equally	0.28	0.85
potent	0.28	1.16
alternate	0.28	0.80
signas	0.28	0.76
wielder	0.28	0.91
means	0.28	0.86
introduced	0.28	0.89
mode	0.28	0.67
sefia	0.28	0.81
spirit	0.28	0.76
whos	0.28	0.78
il	0.28	0.74
beside	0.28	0.68
lmfao	0.28	0.95
spreadsheet	0.28	0.74
stage	0.28	0.98
materials	0.28	0.80
amano	0.28	0.73
48	0.28	0.78
gathering	0.29	0.78
mina	0.29	0.73
deserves	0.29	0.57
partially	0.29	0.73
super	0.29	0.72
gauge	0.29	0.79
earthly	0.29	0.72
takes	0.29	0.82
maintain	0.29	0.78
quickly	0.29	0.87
desirable	0.29	1.47
realistic	0.29	0.90
irc	0.29	0.70
elsel	0.29	0.78
niche	0.29	1.07
sparking	0.29	0.71
malnaplis	0.29	0.76
cutting	0.29	0.75
omega	0.29	0.72
april	0.29	0.78
tad	0.29	0.89
site	0.29	0.75
blank	0.29	0.72
fortunate	0.29	2.38
homusubi	0.29	0.69
lvl1	0.29	0.68
three	0.29	0.95
groups	0.29	0.70
malice	0.29	0.98
abp	0.29	0.75
additive	0.29	0.77
open	0.29	0.85
became	0.29	0.84
becomes	0.29	0.95
sticking	0.29	0.90
evolves	0.29	0.77
including	0.29	0.85
discussion	0.29	0.79
constantly	0.29	1.43
itunes	0.29	0.85
ran	0.29	0.76
allowed	0.29	0.84
join	0.29	0.90
manipulator	0.29	0.96
winter	0.29	1.06
attempts	0.30	0.77
bar	0.30	0.74
suffice	0.30	0.98
experiment	0.30	0.75
region	0.30	0.89
twins	0.30	0.74
dhia	0.30	0.72
earlier	0.30	0.83
sometime	0.30	0.80
couple	0.30	0.85
reverse	0.30	0.79
anymore	0.30	0.98
wan	0.30	0.94
black	0.30	0.65
disappear	0.30	0.75
doe	0.30	0.80
creator	0.30	0.75
bbs	0.30	0.78
boat	0.30	2.33
lexida	0.30	0.70
everybody	0.30	0.66
lvl3	0.30	0.73
tournament	0.30	0.75
hrm	0.30	0.89
leomurg	0.30	0.70
successful	0.30	0.90
reasonable	0.30	1.06
4/5	0.31	0.76
easily	0.31	0.90
lancia	0.31	0.65
youre	0.31	0.90
hers	0.31	0.91
lorand	0.31	0.66
forest	0.31	1.08
links	0.31	0.90
53	0.31	0.86
occasions	0.31	0.87
guaranteed	0.31	0.84
rina	0.31	0.78
engineer	0.31	0.69
logans	0.31	1.15
award	0.31	0.94
havoc	0.31	0.62
upcoming	0.31	0.82
zones	0.31	0.94
water	0.31	0.92
gone	0.31	0.83
optimal	0.31	1.97
beasts	0.31	0.81
replying	0.31	1.36
areas	0.31	0.94
release	0.31	0.73
end-game	0.31	1.05
4	0.31	0.74
reaches	0.31	0.77
champ	0.31	0.70
everyones	0.31	0.73
filling	0.31	0.75
city	0.31	0.65
contribute	0.31	0.79
ham	0.31	0.74
considering	0.31	0.96
me	0.31	0.80
emperor	0.31	0.61
tbh	0.31	1.03
serin	0.31	0.78
hold	0.32	0.90
dungeon	0.32	0.73
prologue	0.32	0.70
wasted	0.32	0.78
maiden	0.32	0.68
exactly	0.32	1.20
estimate	0.32	0.81
levels	0.32	0.79
order	0.32	2.19
gauges	0.32	0.77
step	0.32	0.73
ruins	0.32	0.66
duelmex	0.32	0.80
5-6	0.32	0.81
link	0.32	0.90
palmyna	0.32	0.87
two	0.32	1.04
save	0.32	0.77
glitched	0.32	0.80
mat	0.32	0.71
while	0.32	0.88
darks	0.32	0.73
tell	0.32	1.06
4-6	0.32	0.76
such	0.32	0.78
free	0.32	0.71
sea	0.32	0.56
cant	0.32	0.94
perhaps	0.32	0.80
beginner	0.32	0.99
jump	0.32	0.71
resolved	0.32	0.99
ihsir	0.32	0.75
poll	0.33	0.78
gemini	0.33	0.71
understanding	0.33	0.96
lubradine	0.33	0.79
completely	0.33	0.80
usefulness	0.33	0.82
remaining	0.33	0.83
80	0.33	0.85
reasoning	0.33	0.95
oulu/darvanshel	0.33	0.89
lots	0.33	0.85
reliable	0.33	1.19
seals/ores	0.33	1.01
dougs	0.33	1.06
monsters	0.33	0.69
62	0.33	0.83
dandelga	0.33	0.78
terminator	0.33	0.70
vortexes	0.33	0.79
defending	0.33	0.62
losses	0.33	0.70
planned	0.33	0.94
grabbing	0.33	0.76
agni	0.33	0.91
various	0.33	0.88
somewhat	0.33	0.88
vishra	0.34	0.64
implement	0.34	0.78
47	0.34	0.85
earn	0.34	0.84
shows	0.34	0.81
azeal	0.34	0.83
ensure	0.34	0.81
mandragora	0.34	1.01
charged	0.34	0.70
5*s	0.34	0.75
alas	0.34	0.90
lizeria	0.34	1.02
ubb	0.34	0.73
differently	0.34	1.00
leveled	0.34	0.75
sierra	0.34	0.79
usage	0.34	0.86
hunter	0.34	0.74
crossed	0.34	0.81
slap	0.34	0.73
grybe	0.34	0.79
jelly	0.34	1.68
applicable	0.34	0.85
ohko	0.34	0.58
review	0.34	0.81
updated	0.34	0.76
hunt	0.34	0.81
leo	0.34	0.82
cayena	0.34	0.69
stand	0.34	0.81
rest	0.34	1.12
tool	0.34	0.69
guise	0.34	0.77
tiers	0.34	0.84
saving	0.34	0.97
includes	0.34	0.80
how	0.35	1.11
filled	0.35	0.75
route	0.35	0.93
staying	0.35	0.69
ca	0.35	0.94
offensive	0.35	0.87
stays	0.35	0.77
refilling	0.35	0.78
evolution	0.35	0.72
waited	0.35	0.77
liliths	0.35	1.26
healthy	0.35	0.88
left	0.35	0.78
gaians	0.35	0.71
ramna	0.35	0.70
mats	0.35	0.82
ophelia	0.35	0.76
reading	0.35	0.90
happen	0.35	1.06
let	0.35	0.88
rather	0.35	0.85
entered	0.35	0.75
evolve	0.35	0.75
luly	0.35	0.76
tl	0.35	0.66
kid	0.35	0.74
ball	0.35	0.67
took	0.35	0.82
lucina	0.35	0.79
6s	0.35	0.70
tower	0.35	0.85
vortex	0.35	0.74
times	0.35	0.70
brother	0.35	0.76
permanent	0.36	0.77
zelban	0.36	0.74
karma	0.36	0.85
err	0.36	0.78
theoretically	0.36	0.93
pics	0.36	0.89
sister	0.36	0.63
u/xerte	0.36	0.68
events	0.36	0.72
appropriate	0.36	1.13
elzas	0.36	1.75
ability	0.36	0.71
commander	0.36	0.90
replacing	0.36	0.81
capturable	0.36	0.69
alyut	0.36	0.82
listed	0.36	1.88
trading	0.36	0.81
rules	0.36	0.81
genius	0.36	0.77
agree	0.36	0.89
sodis	0.36	0.83
bossing	0.37	1.13
mirvana	0.37	1.06
tyrant	0.37	0.58
l	0.37	0.72
underrated	0.37	1.01
lv10	0.37	0.74
gravion	0.37	0.78
bran	0.37	0.80
totg	0.37	0.79
costs	0.37	1.25
azael	0.37	0.83
table	0.37	0.79
anything	0.37	1.08
thankful	0.37	2.03
brings	0.37	0.75
search	0.37	0.78
spamming	0.37	1.30
rayden	0.38	0.81
patient	0.38	1.12
hr	0.38	0.65
eltri	0.38	0.76
found	0.38	1.00
100	0.38	0.80
noble	0.38	0.60
seasons	0.38	0.68
multi-target	0.38	0.97
precious	0.38	0.77
closer	0.38	0.68
released	0.38	0.75
udas	0.38	1.55
what	0.38	1.22
metal/jewel	0.38	0.80
kings	0.38	0.96
shield	0.38	0.72
borde	0.38	0.77
worthwhile	0.38	1.14
self	0.38	0.75
reliably	0.38	0.75
5-10	0.38	0.80
puts	0.38	0.65
sequence	0.38	0.86
fragile	0.38	0.92
plenty	0.38	0.86
ive	0.38	0.80
temporary	0.38	0.83
burst	0.38	0.69
evil	0.38	0.81
excluding	0.38	0.73
batch	0.38	0.75
b	0.38	0.71
particularly	0.38	0.84
makes	0.38	0.90
phee	0.39	0.80
5	0.39	0.75
ranma	0.39	0.65
lines	0.39	0.81
separate	0.39	1.01
dougies	0.39	1.08
helper	0.39	0.80
1-3	0.39	0.82
credit	0.39	0.94
kagutsuchi	0.39	0.70
few	0.39	0.84
pseudo	0.39	0.80
ronel	0.39	0.80
password	0.39	0.78
loving	0.39	1.56
frogs	0.39	0.69
consistently	0.39	0.87
karl	0.39	0.61
lv100	0.39	0.84
drevas	0.39	0.82
trying	0.40	1.19
match	0.40	0.71
erm	0.40	0.94
happens	0.40	0.78
synthesis	0.40	0.74
selha	0.40	0.70
aylut	0.40	0.76
lot	0.40	0.98
gx	0.40	0.91
crit	0.40	0.91
lvl100	0.40	0.82
pattern	0.40	0.87
bb/sbb	0.40	0.79
charge	0.40	0.75
fh	0.40	0.83
evolutions	0.40	0.74
flames	0.40	0.81
month	0.40	0.78
notes	0.40	0.73
their	0.40	0.80
gave	0.40	0.79
frogging	0.40	0.91
seconds	0.40	0.88
serves	0.40	0.80
raydn	0.40	0.82
refill	0.40	0.79
unlock	0.41	0.77
cap	0.41	0.83
g	0.41	0.71
prizes	0.41	0.84
valuable	0.41	1.13
garnan	0.41	0.83
upvote	0.41	0.92
ahvel	0.41	0.84
defiant	0.41	0.58
imagine	0.41	1.06
whatever	0.41	0.98
exclusive	0.41	0.73
morgan	0.41	1.02
ideally	0.41	0.88
hunting	0.41	0.92
mock	0.41	0.60
sbbs	0.41	0.85
drag	0.41	0.74
accessible	0.41	0.84
destruction	0.41	0.93
orwen	0.41	0.81
those	0.41	1.09
actual	0.41	0.84
jewel	0.41	0.81
witch	0.41	0.63
farlon	0.41	0.65
sbb7	0.41	0.85
sbb5	0.41	0.85
sbb8	0.42	0.85
sbb3	0.42	0.85
dilma	0.42	0.79
sbb2	0.42	0.85
sbb6	0.42	0.85
grind	0.42	2.47
61	0.42	0.90
pad	0.42	0.67
wing	0.42	0.59
snag	0.42	0.79
honor	0.42	0.84
frog	0.42	0.70
calm	0.42	0.99
empty	0.42	0.78
6*s	0.42	0.74
canada	0.42	0.78
belfura	0.42	0.74
runs	0.42	0.80
tuesday	0.42	0.73
forms	0.42	0.74
period	0.42	0.88
being	0.42	0.85
tesla	0.42	0.77
weekly	0.42	0.72
obtain	0.42	0.88
offense	0.42	0.72
today	0.42	0.76
listing	0.42	0.81
arius	0.42	0.83
many	0.42	0.92
10	0.42	0.88
radyn	0.42	0.85
sooo	0.42	0.93
working	0.42	0.90
darvan	0.42	0.77
successes	0.43	0.81
feels	0.43	1.32
years	0.43	0.75
guage	0.43	0.77
legatus	0.43	0.67
thunder	0.43	0.90
choose	0.43	0.84
acquire	0.43	0.87
sbb1	0.43	0.81
lv80	0.43	0.88
thread	0.43	0.98
yah	0.43	1.22
bound	0.43	0.75
ridiculously	0.43	0.83
dia	0.43	0.78
moments	0.43	0.80
cave	0.43	1.06
inferno	0.43	0.59
nalmika	0.43	0.82
shard	0.43	0.85
fodder	0.43	1.12
riotous	0.43	2.52
squirty	0.43	0.81
sbb/bb	0.43	0.85
collecting	0.43	0.78
evos	0.43	0.72
round	0.43	0.91
provide	0.43	0.77
glorious	0.43	0.86
twice	0.44	0.76
0	0.44	0.70
event	0.44	0.69
convenient	0.44	1.23
bring	0.44	0.74
attacker	0.44	0.93
everyone	0.44	0.71
future	0.44	0.85
dear	0.44	0.85
incredibly	0.44	0.83
six	0.44	0.75
ditch	0.44	0.70
darvanshels	0.44	1.78
metals	0.44	0.93
friday	0.44	0.75
storage	0.44	0.75
ruin	0.44	0.74
cayenna	0.44	0.69
reborn	0.44	0.57
aisha	0.44	0.65
safe	0.44	0.78
bb7	0.44	0.89
along	0.45	0.75
sudden	0.45	0.69
bb1	0.45	0.86
first	0.45	0.86
cordelica	0.45	1.05
system	0.45	0.77
figure	0.45	1.08
bb3	0.45	0.89
bb2	0.45	0.88
bb4	0.45	0.89
full	0.45	0.89
ftw	0.45	0.83
league	0.45	0.53
timer	0.45	0.74
stars	0.45	0.83
ciara	0.45	0.95
sbb4	0.45	0.89
bb8	0.45	0.89
battling	0.45	0.88
90	0.45	0.71
dun	0.45	0.99
metal	0.46	0.85
before	0.46	0.77
state	0.46	0.80
year	0.46	0.72
tickets	0.46	0.91
surely	0.46	0.77
pvp	0.46	0.73
gf	0.46	0.74
replace	0.46	0.75
months	0.46	0.79
reason	0.46	1.05
sbb9	0.46	0.89
knowing	0.46	0.87
milestone	0.46	1.00
mariu	0.46	0.82
efforts	0.46	1.17
success	0.47	0.84
zellha	0.47	0.86
view	0.47	0.75
wednesday	0.47	0.75
mistral	0.47	1.03
6star	0.47	0.73
arus	0.47	0.75
4-5	0.47	0.85
units	0.47	1.05
6-star	0.47	0.73
120	0.47	0.86
semira	0.47	0.87
area	0.47	1.06
ve	0.47	0.79
realistically	0.47	0.79
57	0.47	0.92
bb5	0.47	0.85
create	0.47	0.79
missions	0.47	0.71
ahead	0.47	0.81
thing	0.47	1.10
elimo	0.47	0.76
brutal	0.47	1.35
mvp	0.47	0.71
rewarded	0.47	0.83
tries	0.47	0.85
calculation	0.47	0.67
bb6	0.47	0.85
till	0.47	0.76
cyclaw	0.47	0.66
entry	0.47	0.65
inactive	0.47	2.22
bb9	0.48	0.90
fitting	0.48	0.95
da	0.48	0.86
highly	0.48	1.02
duelgx	0.48	0.92
deathmax	0.48	0.64
variety	0.48	0.99
swiping	0.48	0.68
whatsoever	0.48	0.76
rarity	0.48	0.81
wondering	0.48	1.29
ruza	0.48	0.64
rarely	0.48	0.85
shera	0.48	0.76
casual	0.48	0.76
improvement	0.48	0.72
shortly	0.48	0.76
thursday	0.48	0.73
wont	0.48	0.91
alone	0.48	0.91
mission	0.48	0.93
subbing	0.48	0.74
amp	0.49	0.67
dougie	0.49	0.99
orb	0.49	0.82
capable	0.49	0.92
ores/seals	0.49	0.87
long-term	0.49	0.82
68	0.49	0.92
yujeh	0.49	0.89
entering	0.49	0.69
much	0.49	0.87
anytime	0.49	0.86
trees	0.49	1.05
perform	0.49	0.84
shop	0.49	0.64
adventure	0.49	0.67
occasional	0.49	1.46
strategy	0.49	0.93
leorone	0.49	0.88
squeeze	0.50	0.84
eva	0.50	0.84
centaur	0.50	0.77
coming	0.50	0.75
allow	0.50	0.79
6	0.50	0.73
ne	0.50	0.85
q	0.50	0.95
unlocked	0.50	0.76
requires	0.50	0.76
gim	0.50	0.67
everytime	0.50	1.03
menu	0.50	0.76
presence	0.50	0.85
orbs	0.50	0.83
battlefield	0.50	1.32
fire	0.50	0.75
rounds	0.50	0.80
quests	0.50	0.70
sitting	0.50	0.84
michelles	0.50	1.48
recently	0.50	0.80
forums	0.50	0.76
replacements	0.50	0.82
army	0.50	0.61
notable	0.50	1.08
within	0.50	0.87
finally	0.50	0.78
mariudeth	0.50	0.90
cents	0.50	0.73
sooooo	0.51	0.82
map	0.51	1.08
whole	0.51	0.97
est	0.51	1.00
buffing	0.51	0.56
series	0.51	0.99
elaborate	0.51	1.03
doable	0.51	0.97
awhile	0.51	0.78
alternatives	0.51	1.01
uh	0.51	1.18
similarly	0.51	0.74
noting	0.51	0.79
bb	0.51	0.79
extremely	0.51	0.86
dat	0.51	1.11
whichever	0.51	1.08
recharge	0.51	0.79
last	0.51	0.86
fist	0.51	0.59
project	0.51	0.66
come	0.51	0.79
total	0.51	0.89
triton	0.52	0.77
arrive	0.52	0.73
ghost	0.52	0.74
square	0.52	0.87
weekend	0.52	0.79
non	0.52	1.27
farmed	0.52	1.13
wip	0.52	0.85
bb10	0.52	0.94
67	0.52	0.95
switch	0.52	0.78
kinda	0.52	0.88
em	0.52	0.82
set	0.52	0.82
especially	0.52	0.87
secret	0.52	0.80
these	0.52	1.10
64	0.53	0.92
hidden	0.53	0.67
play	0.53	0.66
proven	0.53	0.83
strat	0.53	0.90
literally	0.53	0.75
fairly	0.53	0.83
yesterday	0.53	1.05
sticky	0.53	0.86
check	0.53	0.78
threads	0.53	0.86
bordebegia	0.53	0.80
wait	0.53	0.79
rock	0.53	0.77
71	0.53	0.94
felnus	0.53	0.90
understandable	0.53	0.94
lodins	0.53	1.36
does	0.53	0.91
permanently	0.53	0.79
answered	0.53	1.05
fully	0.53	0.77
zelha	0.53	0.85
received	0.53	1.00
pc	0.54	0.62
lanara	0.54	1.09
everything	0.54	0.74
melchio	0.54	0.90
feasible	0.54	1.07
ps	0.54	0.87
pve	0.54	1.00
mechanic	0.54	0.92
office	0.54	0.63
opponent	0.54	0.68
rewards	0.54	0.99
zone	0.54	0.94
pro	0.54	0.73
begins	0.54	0.74
sbb10	0.54	0.94
refills	0.54	0.79
aha	0.54	1.27
carry	0.54	0.67
waiting	0.54	0.96
members	0.54	0.88
160	0.54	0.83
purpose	0.54	1.00
74	0.54	0.89
doug	0.54	0.95
youll	0.54	0.84
hogar	0.54	0.92
guest	0.54	0.91
hes	0.54	0.90
comes	0.54	0.78
olga	0.54	0.55
facebook	0.55	0.80
saturday	0.55	0.77
almost	0.55	0.68
special	0.55	0.66
fb	0.55	0.80
searching	0.55	0.81
cat	0.55	0.66
liked	0.55	2.07
star	0.55	0.78
sao	0.55	0.76
hahaha	0.55	1.29
function	0.55	0.76
weak	0.55	0.97
selected	0.55	0.82
charges	0.55	0.75
5-star	0.55	0.75
collected	0.55	0.79
felenus	0.55	0.91
pure	0.55	1.11
kotein	0.55	0.52
night	0.55	0.89
addition	0.55	0.85
expert	0.55	2.10
asap	0.56	0.78
duel	0.56	0.93
faces	0.56	1.13
fiora	0.56	0.91
weeks	0.56	0.77
ars	0.56	0.87
arrives	0.56	0.77
duration	0.56	0.79
girlfriend	0.56	0.66
lucca	0.56	0.93
faq	0.56	0.91
information	0.56	0.84
know	0.56	0.98
matches	0.56	0.69
gets	0.56	0.80
leave	0.56	1.06
crusher	0.56	0.58
earth	0.56	0.81
going	0.56	1.02
carrying	0.56	0.74
mitigators	0.56	1.16
later	0.56	0.79
crystals	0.56	0.72
mp	0.56	1.05
o	0.56	0.77
tomorrow	0.57	0.74
another	0.57	0.82
tops	0.57	0.88
rin	0.57	0.85
lastly	0.57	0.81
monday	0.57	0.75
gun	0.57	0.57
m8	0.57	0.94
introduce	0.57	0.83
tonight	0.57	0.77
half	0.57	1.32
anybody	0.57	1.00
beneficial	0.57	1.14
next	0.57	0.74
growing	0.57	0.61
supreme	0.57	0.74
opt	0.57	0.89
gather	0.57	0.94
bag	0.57	0.62
utility	0.57	1.38
homosubi	0.57	0.69
pick	0.57	0.89
depth	0.57	0.73
them	0.57	0.83
regarding	0.57	0.88
serve	0.57	0.75
mins	0.57	0.87
very	0.57	0.86
douglas	0.57	0.91
ever	0.57	0.84
effective	0.57	1.13
surprising	0.58	1.41
helps	0.58	0.89
secondary	0.58	0.98
fallen	0.58	0.63
gods	0.58	0.75
research	0.58	0.65
joined	0.58	0.71
theory	0.58	0.69
swap	0.58	0.78
follows	0.58	0.86
til	0.58	0.75
na	0.58	0.92
entire	0.58	0.95
bullet	0.58	0.66
ticket	0.59	0.98
irl	0.59	0.54
positive	0.59	1.71
duel-sgx	0.59	0.92
strongest	0.59	2.10
summoners	0.59	0.62
woot	0.59	0.88
len	0.59	0.87
peoples	0.59	0.76
until	0.59	0.74
banner	0.59	0.72
pal	0.59	0.73
michelle	0.59	0.91
o.o	0.59	1.11
model	0.59	0.68
four	0.59	1.35
capital	0.59	0.67
esna	0.60	0.89
treat	0.60	0.90
halloween	0.60	0.76
paralyze	0.60	0.77
coincidence	0.60	0.85
never	0.60	0.83
sgx	0.60	0.93
regardless	0.60	0.89
house	0.60	0.60
3-5	0.60	0.91
kuhla	0.60	0.95
direction	0.60	1.06
feln	0.60	0.99
submit	0.60	0.92
hilarious	0.60	1.54
trades	0.60	0.77
3-4	0.60	0.91
paralysis	0.60	0.75
kind	0.60	0.87
automated	0.60	1.18
morning	0.60	0.88
darvanshel/oulu	0.60	0.98
grateful	0.61	2.28
solution	0.61	0.78
able	0.61	0.87
minutes	0.61	0.86
vice	0.61	0.67
iron	0.61	0.70
addicted	0.61	2.30
train	0.61	0.76
ultimate	0.61	0.70
form	0.61	0.78
farming	0.61	1.30
efficient	0.61	2.27
necessarily	0.61	0.65
sooner	0.61	0.79
party	0.61	1.08
tia	0.61	0.96
randall	0.61	0.67
cross	0.62	0.53
ardin	0.62	0.97
ratio	0.62	2.29
importantly	0.62	2.52
goddess	0.62	0.59
1-2	0.62	0.92
mah	0.62	0.80
parties	0.62	0.73
lady	0.62	0.52
way	0.62	0.95
hoping	0.62	2.34
soo	0.62	0.93
expand	0.62	0.68
priscilla	0.62	0.83
lodin	0.62	0.88
max	0.62	0.85
uda	0.62	0.90
section	0.62	0.75
no	0.62	0.78
heres	0.62	0.81
record	0.62	0.71
esp	0.62	0.58
show	0.62	0.81
69	0.62	1.00
77	0.62	0.96
michele	0.62	0.88
suspect	0.62	0.81
suggested	0.62	1.85
exact	0.62	0.81
explains	0.62	0.89
soon	0.62	0.75
available	0.63	0.90
recommended	0.63	2.06
gon	0.63	0.95
parades	0.63	1.12
180	0.63	0.93
sleeping	0.63	1.81
try	0.63	0.85
deemo	0.63	0.84
collect	0.63	0.80
fusions	0.63	0.76
one	0.63	0.99
win	0.63	0.65
efficiency	0.63	1.52
kagatsuchi	0.63	0.74
useable	0.63	1.06
pet	0.63	1.17
72	0.63	1.01
imperial	0.63	0.66
claimed	0.63	0.83
yet	0.63	0.83
hoard	0.63	0.82
falneus	0.64	0.91
write	0.64	0.84
exp/energy	0.64	2.42
zelnites	0.64	1.77
and/or	0.64	1.50
arenas	0.64	0.92
tab	0.64	0.72
places	0.64	1.60
all	0.64	0.94
basis	0.64	1.59
2-3	0.64	0.92
smp	0.64	0.94
faris	0.64	0.93
guy	0.64	1.03
definately	0.64	0.77
76	0.64	0.97
2-4	0.64	0.93
horse	0.64	1.09
icon	0.65	0.72
case	0.65	1.00
pic	0.65	0.95
under	0.65	0.64
hehe	0.65	0.83
slayers	0.65	0.72
ryvern	0.65	0.87
flora	0.65	0.55
paper	0.65	0.69
key	0.65	0.81
st	0.65	1.78
glad	0.65	2.53
wanted	0.65	1.02
usable	0.65	1.12
fel	0.65	1.00
lamia	0.65	1.78
pillar	0.65	2.36
douglass	0.65	0.92
o-o	0.65	1.21
inventory	0.65	0.78
themis	0.65	1.02
monster	0.65	1.15
item	0.65	0.83
nothing	0.65	0.96
fourfold	0.66	2.35
lab	0.66	0.64
option	0.66	0.89
wo	0.66	0.90
parade	0.66	1.12
enter	0.66	0.69
luther	0.66	0.94
resets	0.66	1.04
useful	0.66	1.05
alternatively	0.66	0.72
quest	0.66	0.96
injury	0.66	0.77
orna	0.67	1.01
back	0.67	0.76
built	0.67	1.17
expecting	0.67	2.03
tend	0.67	0.86
miku	0.67	0.62
kuda	0.67	0.99
scary	0.67	1.20
exp	0.67	1.79
grinding	0.67	1.57
erza	0.67	0.57
legit	0.67	0.77
logging	0.68	1.24
out	0.68	0.77
role	0.68	0.79
standard	0.68	1.36
tilith	0.68	0.53
substitute	0.68	0.88
maps	0.68	1.33
xp	0.68	1.73
cloud	0.68	0.63
mean	0.68	0.95
flexible	0.68	1.84
done	0.68	0.84
possibly	0.68	0.77
college	0.68	0.94
popular	0.68	0.99
roster	0.69	1.01
tree	0.69	0.97
ultor	0.69	0.87
whatnot	0.69	0.77
slime	0.69	0.60
picky	0.69	2.29
confirmation	0.69	1.03
official	0.69	0.70
prolly	0.69	0.83
expire	0.69	1.04
most	0.69	1.87
farm	0.70	1.32
bp	0.70	1.07
outside	0.70	0.90
dam	0.70	1.07
screenshots	0.70	0.73
downside	0.70	0.70
reward	0.70	1.08
elsa	0.70	0.64
dreams	0.70	0.84
versatility	0.70	0.84
pillars	0.70	2.29
strategies	0.70	0.91
school	0.70	0.62
him	0.70	0.80
formana	0.70	0.67
73	0.70	1.03
builds	0.70	1.06
invasion	0.70	0.75
keys	0.70	0.78
1/2	0.70	1.84
showing	0.71	0.79
forum	0.71	0.78
prize	0.71	0.99
once	0.71	0.75
collaboration	0.71	0.90
even	0.71	0.89
friendly	0.71	0.63
crab	0.71	0.63
plot	0.71	0.76
min	0.71	0.90
81	0.71	1.04
response	0.71	0.97
placed	0.71	0.83
community	0.71	0.88
candidates	0.71	0.91
road	0.71	0.75
fare	0.72	0.93
shes	0.72	0.92
doctor	0.72	0.48
say	0.72	1.00
picture	0.72	0.84
la	0.72	0.81
blast	0.72	1.74
exception	0.72	0.63
hat	0.72	0.68
dem	0.72	0.84
kk	0.72	1.20
redditors	0.73	0.94
claws	0.73	1.13
want	0.73	0.86
versatile	0.73	1.16
located	0.73	0.75
reed	0.73	0.55
eventually	0.73	0.79
naruza	0.73	0.69
pm	0.73	1.11
woo	0.73	0.88
imo	0.73	1.03
sbb	0.73	0.87
comparable	0.73	1.30
when	0.73	0.74
wiki	0.73	0.75
megathread	0.73	0.87
respond	0.73	0.99
pictures	0.73	0.67
eve	0.73	0.75
p.s	0.74	0.97
second	0.74	1.87
quite	0.74	0.82
110	0.74	0.95
images	0.74	0.82
might	0.74	0.98
ask	0.74	0.95
priorities	0.74	0.86
particular	0.74	1.73
image	0.74	0.86
urukina	0.74	0.58
mono-teams	0.74	1.30
82	0.74	1.03
taunt	0.74	0.86
79	0.74	1.04
remade	0.74	1.04
olulu	0.74	1.14
doubt	0.74	0.76
140	0.75	0.96
capacity	0.75	0.77
figuring	0.75	0.87
trade	0.75	0.66
crew	0.75	0.68
reset	0.75	1.26
imped	0.75	1.02
lend	0.75	0.84
ingame	0.75	0.77
tp	0.75	0.59
figures	0.75	0.76
mechanics	0.75	0.72
hm	0.75	1.02
ye	0.76	1.06
point	0.76	0.81
sidebar	0.76	0.67
85	0.76	1.02
versa	0.76	0.71
duelsgx	0.76	0.97
unless	0.76	0.84
assume	0.76	0.89
age	0.76	0.65
generic	0.76	0.85
59	0.76	1.00
soooo	0.77	0.96
put	0.77	0.81
card	0.77	1.09
weekends	0.77	0.90
damn	0.77	1.27
too	0.77	0.82
its	0.77	0.88
same	0.77	0.84
worked	0.77	0.76
lilth	0.77	1.12
ugly	0.77	1.16
aww	0.77	1.01
possibilities	0.77	0.75
consist	0.78	1.41
spaces	0.78	0.98
hours	0.78	1.09
yeah	0.78	1.26
personally	0.78	0.82
rogen	0.78	0.64
visit	0.78	0.67
winning	0.78	0.69
could	0.78	0.85
bruh	0.79	1.04
zurg	0.79	0.72
claim	0.79	0.99
achievements	0.79	0.78
felneus	0.79	1.00
uhh	0.79	0.73
acquired	0.79	0.72
xerte	0.79	0.61
cards	0.79	0.96
news	0.79	0.72
u/twofu	0.79	0.67
gameplay	0.79	0.78
sunday	0.79	0.89
83	0.79	0.99
slot	0.79	0.82
really	0.80	0.85
tasks	0.80	1.18
receiving	0.80	1.00
fyi	0.80	0.85
dandelga/evil	0.80	1.15
wearing	0.80	0.62
sending	0.80	1.49
stamina	0.80	1.20
o_o	0.80	1.05
week	0.80	0.91
girls	0.80	0.51
make	0.81	0.84
bummer	0.81	1.29
she	0.81	0.69
reviews	0.81	0.69
they	0.81	0.85
again	0.81	0.77
honestly	0.81	0.90
130	0.81	1.02
lucius	0.81	0.62
log	0.81	1.23
original	0.81	0.94
options	0.81	0.82
admin	0.81	0.66
bulky	0.82	0.99
where	0.82	0.92
double	0.82	1.26
tales	0.82	0.69
find	0.82	0.84
semi	0.82	0.85
lucky	0.82	2.14
redeem	0.82	1.07
either	0.82	0.95
who	0.82	1.21
aw	0.82	1.16
84	0.82	1.07
act	0.82	0.69
take	0.82	0.76
hrs	0.82	1.15
idea	0.83	0.98
details	0.83	0.77
resource	0.83	0.69
codes	0.83	0.71
general	0.83	1.97
seria	0.83	0.42
ur	0.83	0.94
newly	0.83	0.79
n	0.83	0.83
enough	0.83	0.81
hybrid	0.83	1.31
97	0.84	0.92
lilith	0.84	1.19
dalvanshel	0.84	0.93
95	0.84	1.07
accepting	0.84	2.20
rowgen	0.84	1.18
replacement	0.84	0.91
weapons	0.85	0.60
gifters	0.85	2.69
96	0.85	1.07
refer	0.85	0.89
location	0.85	0.86
short	0.85	1.84
125	0.85	1.03
exvhel	0.85	1.16
minute	0.85	0.97
primary	0.85	1.65
maxxed	0.85	0.97
use	0.85	0.80
run	0.85	0.82
following	0.85	1.18
tanky	0.85	0.92
charging	0.85	0.69
seem	0.85	0.84
lead	0.85	1.03
together	0.86	0.88
should	0.86	0.84
duo	0.86	0.62
unfortunately	0.86	0.84
likely	0.86	0.95
ulkina	0.86	1.20
86	0.86	1.10
his	0.86	1.54
functions	0.86	0.68
setups	0.86	0.98
final	0.86	0.96
fit	0.86	1.67
usual	0.86	1.14
energy	0.86	1.45
98	0.87	1.07
narza	0.87	1.21
floating	0.87	0.74
draw	0.87	0.74
oh	0.87	1.58
similar	0.87	0.75
set-up	0.87	0.94
return	0.87	0.82
92	0.87	1.10
inbox	0.87	1.13
lillith	0.88	1.23
streak	0.88	0.92
normally	0.88	0.92
elza	0.88	1.19
altri	0.88	1.23
mods	0.88	0.71
hour	0.88	1.03
reddit	0.88	0.84
prime	0.88	0.79
guides	0.88	0.76
ta	0.88	0.89
exvehl	0.89	1.19
overview	0.89	0.64
definitely	0.89	0.90
already	0.89	0.75
dshel	0.89	1.11
time	0.89	0.80
choice	0.89	1.68
because	0.89	0.82
t	0.89	0.86
e	0.89	0.85
94	0.89	1.10
ff	0.90	0.73
preferably	0.90	2.17
exvel	0.90	0.75
far	0.90	0.80
grah/lilly	0.90	1.26
album	0.90	0.80
maybe	0.90	0.95
puzzle	0.90	0.66
u	0.90	0.93
spot	0.90	0.84
providing	0.90	0.67
online	0.90	2.04
leader	0.91	0.84
af	0.91	0.62
remotely	0.91	0.66
oulu	0.91	1.25
invested	0.91	0.61
days	0.91	1.13
comparisons	0.91	0.61
questions	0.91	0.94
combat	0.91	0.53
efficiently	0.91	0.91
setup	0.91	1.04
clutter	0.91	0.79
choices	0.92	0.80
will	0.92	0.83
pair	0.92	0.61
gotcha	0.92	1.24
frequently	0.92	1.51
login	0.92	1.31
91	0.92	1.10
aneil	0.92	0.51
ll	0.93	0.84
believe	0.93	0.91
icons	0.93	0.66
sufficient	0.93	0.91
one-squad	0.93	0.75
list	0.93	0.93
grah/lily	0.93	1.29
frogged	0.93	1.16
long	0.93	0.71
pref	0.93	2.18
page	0.93	0.79
exvell	0.93	0.83
grahdens	0.93	1.33
ally	0.94	0.93
comp	0.94	1.85
daru	0.94	1.17
redditor	0.94	0.90
actually	0.94	0.90
typically	0.94	0.87
lolol	0.94	0.97
tight	0.94	1.37
nicely	0.94	0.69
grahs	0.95	1.92
synergy	0.95	0.60
go	0.95	0.79
stickied	0.95	0.78
matahs	0.95	1.96
brah	0.95	1.17
bbspam	0.95	1.31
anyone	0.95	0.81
plus	0.96	0.75
aa	0.96	0.80
twofu	0.96	0.55
darvanshell	0.96	1.32
preferable	0.96	2.15
then	0.96	0.78
maxwell	0.96	1.39
darvanshel	0.96	1.31
dragons	0.96	0.61
idk	0.96	0.99
ldr	0.96	0.89
peace	0.96	0.58
u/bflmp	0.96	0.63
r	0.97	0.90
senpai	0.97	0.70
u/zugon	0.97	0.77
darvanshal	0.97	1.15
lucana	0.97	0.49
maxwells	0.97	2.01
88	0.97	0.99
comps	0.97	0.97
mod	0.97	0.57
mr	0.97	0.68
need	0.97	0.78
hella	0.98	0.81
itself	0.98	0.69
24/7	0.98	2.50
immensely	0.98	0.89
giveaways	0.98	0.62
hahahaha	0.98	0.95
recommendation	0.98	0.87
bars	0.98	0.66
victory	0.98	0.67
wonder	0.98	0.91
works	0.98	0.67
source	0.99	0.71
actively	0.99	2.38
dalvanshell	0.99	1.30
stories	0.99	0.78
task	0.99	0.94
box	0.99	1.17
criticism	0.99	1.00
lists	0.99	0.71
friend	0.99	1.26
whats	0.99	1.45
probably	0.99	0.86
shame	0.99	1.16
oulo	0.99	1.20
darv	1.00	1.35
top-tier	1.00	1.02
proper	1.00	1.99
darvenshel	1.00	1.36
dshell	1.00	1.35
managing	1.00	0.78
here	1.00	0.90
patience	1.00	0.97
logins	1.00	1.46
at	1.00	0.78
lilly	1.01	1.38
wallpaper	1.01	0.63
rpg	1.01	0.58
93	1.01	1.11
flairs	1.02	0.68
guide	1.02	0.72
expect	1.02	1.31
advanced	1.02	0.88
improving	1.02	0.85
logged	1.02	1.24
pokemon	1.02	0.74
drawn	1.02	0.63
alt	1.02	0.71
vp	1.02	1.01
89	1.02	1.16
bloody	1.02	0.69
he	1.03	0.73
gifting	1.03	2.61
figured	1.03	1.13
decently	1.03	0.70
right	1.03	0.83
place	1.04	1.81
101	1.04	1.11
collab	1.04	0.72
imgur	1.04	0.77
wings	1.04	0.81
zebras	1.04	1.81
looked	1.04	0.89
seems	1.04	0.77
gift	1.04	2.59
hello	1.04	1.01
killer	1.04	0.78
course	1.04	0.85
enjoyable	1.04	1.28
v	1.04	0.76
135	1.04	1.13
throughout	1.04	1.11
wished	1.05	1.12
track	1.05	1.94
candidate	1.05	1.71
absolutely	1.05	1.07
maxed	1.05	1.24
tg	1.05	0.72
questing	1.05	1.09
msg	1.05	1.12
strong	1.05	0.92
responses	1.05	0.93
ahah	1.06	1.08
comic	1.06	0.69
accurate	1.06	2.61
kappa	1.06	0.73
boobs	1.06	0.65
only	1.06	0.79
borrow	1.06	0.83
which	1.07	1.47
nazta	1.07	0.62
ssb	1.07	1.10
receive	1.08	1.28
ssb10	1.08	1.34
daily	1.08	2.54
improve	1.08	0.89
unit	1.08	0.87
matah	1.08	1.53
leading	1.09	0.98
running	1.09	0.79
sure	1.09	1.58
zebra	1.09	1.22
would	1.09	0.84
f	1.09	0.83
least	1.09	0.69
mata	1.09	1.60
zelnite	1.09	1.37
gifts	1.09	2.44
your	1.09	1.58
certainly	1.09	0.74
day	1.10	2.40
wins	1.10	0.62
109	1.10	1.18
grah	1.10	1.47
ya	1.10	1.10
correctly	1.10	2.55
112	1.10	1.17
hahah	1.10	1.17
whenever	1.10	1.12
think	1.10	0.79
gg	1.10	0.68
zebra/mare	1.10	1.64
hopefully	1.10	0.84
gladly	1.10	0.81
regularly	1.10	2.33
riding	1.11	0.81
music	1.11	0.79
clarification	1.11	1.36
front	1.11	0.68
mine	1.11	1.13
movie	1.11	1.04
active	1.11	2.55
ah	1.12	1.39
124	1.12	1.18
mare	1.12	1.52
111	1.12	1.19
properly	1.12	2.24
lineup	1.12	1.06
pretty	1.12	0.74
113	1.12	1.19
give	1.13	0.75
tsundere	1.13	0.80
accurately	1.13	2.51
incredible	1.13	1.32
tridon	1.13	1.45
104	1.13	1.20
mattah	1.13	1.67
slots	1.14	1.30
118	1.14	1.19
male	1.14	0.76
pseudo-healer	1.14	0.66
someday	1.14	0.76
106	1.14	1.19
rainbows	1.14	0.97
atm	1.14	0.88
103	1.14	1.20
lily	1.14	1.61
desperately	1.14	1.02
darvenshell	1.14	1.60
87	1.14	1.52
main	1.15	1.67
robot	1.15	0.66
108	1.15	1.20
alternative	1.15	0.90
116	1.15	1.20
102	1.15	1.20
gt	1.15	0.66
giveaway	1.15	0.65
reckon	1.15	1.36
room	1.15	0.93
reinforcement	1.15	0.69
consecutive	1.15	1.38
viable	1.15	1.51
127	1.15	1.24
everyday	1.15	2.48
sphered	1.16	1.45
wonders	1.16	0.68
ds	1.16	1.47
105	1.16	1.20
lmao	1.16	0.96
crit-bb	1.17	0.91
dual	1.17	1.51
shoot	1.17	0.95
answer	1.17	0.93
accordingly	1.18	2.14
led	1.18	0.90
there	1.18	0.75
current	1.18	1.77
123	1.18	1.27
rotate	1.18	0.98
perfectly	1.18	0.69
questing/fh	1.18	1.11
sets	1.18	0.69
gifter	1.18	2.45
nick	1.18	0.82
suitable	1.19	1.55
kawaii	1.19	0.75
yay	1.19	1.44
mono-element	1.19	1.13
occasionally	1.19	1.10
space	1.19	1.23
custom	1.20	0.63
looking	1.20	2.13
desired	1.20	1.42
grahden	1.20	1.65
contest	1.20	0.70
suppose	1.20	0.82
fc	1.20	2.42
w/sbb	1.20	1.35
friends	1.20	2.18
cost	1.21	1.01
now	1.21	0.75
waifu	1.21	0.74
answers	1.21	0.94
stick	1.21	0.75
present	1.21	0.78
consists	1.21	1.07
otherwise	1.22	0.77
drew	1.22	0.71
117	1.22	1.08
composition	1.23	0.81
loli	1.23	0.81
name	1.23	0.73
holiday	1.23	1.79
work	1.23	0.77
theme	1.23	0.60
spam	1.23	0.96
nah	1.24	1.09
liking	1.24	1.01
answering	1.25	1.17
bflmp	1.26	0.59
storyline	1.26	0.69
analysis	1.26	0.61
107	1.26	1.47
kidding	1.26	1.33
presents	1.27	0.90
primarily	1.28	1.19
squads	1.28	1.00
often	1.28	1.18
club	1.28	1.25
bb-spam	1.28	0.96
teams	1.28	0.97
spots	1.28	1.64
every	1.28	1.72
crit/bb	1.29	0.96
arena	1.29	0.98
send	1.29	1.87
op	1.29	1.13
currently	1.30	0.92
114	1.30	1.67
suited	1.30	1.40
consisting	1.30	1.05
analyses	1.30	0.61
ill	1.31	0.92
hatsune	1.31	0.54
kirito	1.31	0.64
detail	1.32	0.64
requested	1.32	2.22
since	1.33	0.72
fillers	1.33	0.87
paris	1.33	0.50
possible	1.33	1.31
team	1.34	1.08
lugina	1.35	0.46
member	1.36	0.93
concept	1.36	0.67
some	1.36	0.81
lol	1.36	1.23
forward	1.36	1.33
story	1.36	0.74
lf	1.36	1.57
hair	1.36	0.72
squad	1.36	1.02
leads	1.36	1.91
female	1.37	0.67
yours	1.37	0.96
nevsky	1.37	0.58
acc	1.37	1.40
yup	1.37	1.03
mostly	1.37	1.36
however	1.37	0.69
nope	1.38	0.98
dr	1.38	0.65
moment	1.38	1.36
ooh	1.38	1.03
core	1.38	1.09
godly	1.39	0.98
gundam	1.39	0.75
oooh	1.39	1.02
please	1.39	0.90
10/10	1.40	0.59
activity	1.40	1.95
sent	1.41	1.04
girl	1.41	0.67
fun	1.41	1.17
mono	1.41	1.00
lv	1.41	1.12
neat	1.42	1.22
128	1.42	1.03
ahh	1.42	1.18
although	1.42	0.73
kuura	1.42	0.40
rhein	1.43	0.43
build	1.43	0.89
christmas	1.43	1.63
mainly	1.43	1.83
pirate	1.43	0.58
offer	1.43	0.83
gifted	1.43	1.62
dd	1.43	1.32
still	1.43	0.67
powerhouse	1.43	1.06
prob	1.43	1.04
rainbow	1.43	1.03
adding	1.43	0.93
fav	1.43	0.64
guess	1.44	0.97
minus	1.44	0.51
forming	1.44	0.81
opinions	1.44	0.92
sense	1.44	1.02
account	1.44	1.42
mono-thunder	1.45	1.00
mono-fire	1.45	0.99
helped	1.45	0.83
staple	1.45	1.05
gratz	1.46	1.18
121	1.46	1.10
frequent	1.46	1.14
decent	1.46	1.19
ohh	1.46	1.09
mono-earth	1.46	0.98
d	1.46	0.80
mono-water	1.47	0.98
doc	1.47	0.74
harem	1.47	0.50
add	1.47	1.19
great	1.48	1.22
usually	1.48	1.21
darn	1.48	0.95
also	1.48	0.68
though	1.48	0.72
mono-dark	1.48	0.97
quick	1.49	0.89
bet	1.49	1.26
explanation	1.49	0.86
true	1.49	0.96
relationship	1.49	0.99
advise	1.50	1.00
p	1.50	1.04
mono-light	1.51	0.95
reply	1.51	0.89
ship	1.51	1.12
leaders	1.52	1.57
manga	1.52	0.94
archetype	1.52	0.81
lvl	1.53	1.31
username	1.53	0.67
ign+id	1.53	1.40
level	1.53	1.29
ahhh	1.53	1.11
c	1.54	0.93
summoner	1.54	1.01
subscribed	1.54	0.48
crazy	1.55	1.00
oic	1.55	0.77
in-game	1.55	0.57
anyway	1.56	0.95
yep	1.56	1.00
fantasy	1.56	0.70
acct	1.56	1.54
yea	1.56	1.10
replies	1.57	0.94
sounds	1.57	0.86
subbed	1.57	0.61
helping	1.57	0.90
honesty	1.57	1.09
accept	1.57	1.63
building	1.58	0.84
kindly	1.58	0.82
worries	1.59	0.93
filler	1.59	0.75
info	1.59	0.87
code	1.60	1.14
enjoyed	1.61	0.73
ohhh	1.61	1.05
hmm	1.61	1.00
xd	1.61	1.09
flair	1.62	1.62
always	1.62	1.62
zugon	1.62	0.73
any	1.63	0.85
truly	1.64	0.77
sexy	1.64	0.76
sir	1.64	1.00
fellow	1.64	0.73
bro	1.65	1.11
unique	1.66	0.90
screenshot	1.66	0.65
fanart	1.66	0.68
requests	1.66	1.30
cheers	1.67	1.10
layout	1.67	0.65
ideas	1.67	0.86
invite	1.68	0.83
lovely	1.68	0.97
thats	1.68	0.99
r/bravefrontier	1.69	0.64
hear	1.69	1.14
merry	1.69	1.33
omg	1.69	1.13
request	1.69	1.25
eru	1.70	0.47
help	1.71	0.83
hi	1.71	0.86
ign	1.72	1.30
k	1.72	0.90
hey	1.72	0.97
wish	1.73	1.11
assistance	1.74	0.86
luck	1.75	1.05
justice	1.75	0.84
thoughts	1.76	0.87
fits	1.76	0.84
recommendations	1.76	0.86
like	1.77	0.97
proof	1.77	0.62
greatly	1.78	0.89
wut	1.78	1.00
buddy	1.78	1.01
vocaloid	1.79	1.01
suggestions	1.79	0.85
alot	1.80	0.85
luka	1.80	0.87
np	1.80	1.08
won	1.80	0.71
hope	1.80	1.12
feedback	1.81	0.91
interesting	1.82	1.12
ok	1.82	0.99
insight	1.82	0.88
guys	1.83	0.89
tho	1.83	0.92
player	1.84	0.52
subscription	1.84	0.60
heads	1.84	0.91
fine	1.85	0.79
ty	1.85	0.94
alright	1.86	0.98
tips	1.86	0.87
suggestion	1.86	0.88
holidays	1.86	1.18
advice	1.86	0.87
thnx	1.87	0.91
anime	1.87	1.02
subreddit	1.87	0.91
welcome	1.87	0.87
tyvm	1.88	0.96
sharing	1.88	0.96
haha	1.89	1.09
gl	1.90	0.86
noted	1.90	0.93
tip	1.91	0.85
grats	1.92	1.18
i.d	1.92	0.52
alrighty	1.93	0.93
sub	1.93	0.94
thx	1.94	0.90
input	1.94	0.90
cooler	1.95	0.90
kudos	1.95	0.95
appreciated	1.96	0.88
congratulations	1.96	1.09
dang	1.97	1.03
solid	1.98	1.06
fan	1.98	0.85
advance	1.98	0.90
artist	1.99	0.64
epic	2.00	0.87
goodluck	2.00	0.61
well	2.01	0.77
birthday	2.02	1.29
animation	2.02	0.93
intense	2.02	1.02
id	2.03	0.98
man	2.04	1.09
profile	2.05	0.81
accepted	2.05	0.73
winners	2.06	1.02
added	2.08	0.70
winner	2.11	0.74
woah	2.11	1.02
yes	2.11	0.82
envy	2.12	1.08
helpful	2.13	0.98
sick	2.13	0.90
dude	2.14	1.01
detailed	2.15	0.86
lore	2.16	0.84
whoa	2.17	0.98
good	2.17	0.63
sweet	2.20	0.93
thank	2.21	0.97
anyways	2.22	0.85
congrats	2.23	1.13
excellent	2.23	0.64
characters	2.23	0.83
lt	2.24	0.80
style	2.25	0.87
nonetheless	2.26	0.57
look	2.28	0.73
thanks	2.29	0.89
okay	2.30	0.92
character	2.31	0.84
appreciate	2.31	0.89
reminds	2.32	0.78
wonderful	2.33	0.48
drawing	2.35	0.63
adorable	2.35	0.65
favorite	2.36	0.79
impressive	2.36	0.73
mate	2.38	0.98
job	2.38	0.79
cute	2.38	0.79
wow	2.40	0.81
congratz	2.40	0.92
enjoy	2.44	0.69
artwork	2.44	0.82
enjoying	2.45	0.43
btw	2.46	0.89
sprites	2.48	0.78
designs	2.48	0.77
badass	2.49	0.73
props	2.51	0.69
favourite	2.53	0.67
sprite	2.54	0.78
design	2.55	0.77
art	2.56	0.78
cool	2.58	0.63
beautiful	2.68	0.57
looks	2.69	0.61
