disgusting	-3.87	0.73
worse	-3.83	0.75
horrific	-3.62	1.02
heartbreaking	-3.54	1.14
hurtful	-3.51	1.12
cruel	-3.43	1.16
annoying	-3.41	0.84
ordeal	-3.29	1.21
cramps	-3.25	1.25
infuriating	-3.25	1.22
painful	-3.24	1.23
heavy	-3.23	1.41
sticky	-3.23	1.15
shitty	-3.23	1.11
terrifying	-3.21	1.26
ridiculous	-3.17	1.26
unfortunate	-3.16	1.16
bad	-3.12	1.28
crappy	-3.12	1.26
depressing	-3.08	1.42
wonder	-3.04	1.88
gross	-3.04	1.05
germs	-3.02	1.19
hateful	-3.00	1.17
frustrating	-2.96	1.38
ugh	-2.96	1.11
filthy	-2.93	1.36
scary	-2.93	1.21
upsetting	-2.90	1.50
weird	-2.90	1.49
exhausting	-2.89	1.20
messy	-2.88	1.12
horrifying	-2.87	1.25
must	-2.87	1.34
horrid	-2.86	1.37
evil	-2.86	1.28
nightmare	-2.81	1.14
monsters	-2.81	1.22
deliver	-2.80	1.27
insane	-2.77	1.49
sickness	-2.77	1.48
bizarre	-2.74	1.21
dirty	-2.71	1.61
unpleasant	-2.70	1.40
suffer	-2.67	1.49
pathetic	-2.64	1.36
smell	-2.64	1.11
tragic	-2.60	1.54
absolutely	-2.59	1.75
brief	-2.58	1.40
offensive	-2.57	0.96
disturbing	-2.56	1.40
bugs	-2.56	1.55
secretly	-2.55	1.67
stink	-2.54	1.50
insults	-2.54	1.49
traumatic	-2.52	1.20
stupid	-2.51	1.28
disrespectful	-2.51	0.96
cried	-2.50	1.67
heavily	-2.45	1.59
irresponsible	-2.44	1.30
hypocritical	-2.42	1.09
parenting	-2.42	1.32
rude	-2.41	0.98
complete	-2.41	1.17
remembering	-2.41	1.29
grades	-2.40	2.04
described	-2.39	1.40
liking	-2.38	1.98
teenager	-2.37	2.04
insensitive	-2.37	0.98
unfair	-2.37	1.10
intense	-2.36	1.00
everywhere	-2.36	0.86
literally	-2.35	1.95
these	-2.35	1.57
inconsiderate	-2.35	1.02
ew	-2.34	1.26
inappropriate	-2.33	1.03
irritating	-2.33	1.02
nightmares	-2.33	1.17
utterly	-2.32	1.15
creepy	-2.31	1.58
unprofessional	-2.31	1.00
fucking	-2.31	1.36
period	-2.30	1.00
fingers	-2.29	1.78
yuck	-2.29	1.29
poor	-2.29	1.51
parents	-2.29	1.94
shocking	-2.28	1.52
remember	-2.28	2.39
stressful	-2.27	1.57
stand	-2.26	2.18
assumed	-2.25	1.82
encountered	-2.23	1.75
sometimes	-2.23	2.59
absolute	-2.22	1.20
makes	-2.22	2.17
awkward	-2.21	1.79
piss	-2.21	0.91
terribly	-2.21	1.90
cramping	-2.21	1.05
embarrassing	-2.20	1.64
destructive	-2.19	0.89
assume	-2.19	2.85
made	-2.19	1.87
loser	-2.18	1.26
especially	-2.18	2.07
lonely	-2.18	2.35
insulting	-2.17	1.05
bleeding	-2.17	1.05
childbirth	-2.16	1.03
encounter	-2.16	1.40
boring	-2.13	1.63
immature	-2.13	1.04
feel	-2.12	2.63
complain	-2.12	2.10
flow	-2.12	1.02
vomit	-2.12	0.95
claimed	-2.12	2.01
annoys	-2.12	1.49
periods	-2.11	1.07
feeling	-2.11	2.46
obnoxious	-2.11	0.89
grossed	-2.10	1.55
lazy	-2.10	1.07
homework	-2.09	1.93
mouth	-2.09	1.82
afraid	-2.09	2.50
sexist	-2.09	0.98
fluids	-2.09	0.87
including	-2.08	1.56
childish	-2.08	1.04
regular	-2.08	1.45
migraines	-2.08	0.99
hatred	-2.07	1.53
sorts	-2.06	1.27
belongs	-2.05	1.76
those	-2.05	1.79
terrified	-2.04	1.66
judgmental	-2.04	1.02
babysat	-2.03	2.20
general	-2.03	1.72
annoy	-2.03	1.75
void	-2.03	1.37
poo	-2.02	0.95
mild	-2.01	0.98
arrogant	-2.01	1.10
extreme	-2.00	1.48
condescending	-2.00	1.05
unnecessary	-2.00	1.08
plain	-1.99	1.07
pushy	-1.98	1.12
entitled	-1.97	1.07
overwhelmed	-1.97	2.46
experienced	-1.97	1.06
heartless	-1.97	1.10
important	-1.96	1.65
heard	-1.96	1.95
idiotic	-1.95	1.05
scared	-1.95	2.53
insecure	-1.94	2.43
dislike	-1.92	1.61
selfish	-1.92	1.11
worked	-1.92	2.03
downright	-1.91	1.34
upset	-1.90	2.56
anxious	-1.90	2.51
oblivious	-1.90	1.04
confused	-1.90	2.45
stressed	-1.89	2.55
deeply	-1.89	2.17
idiots	-1.89	1.07
messed	-1.88	1.76
unsure	-1.88	2.56
bratty	-1.88	0.94
pain	-1.87	1.07
clueless	-1.87	1.03
absurd	-1.86	1.28
odd	-1.86	1.77
racist	-1.86	1.03
mess	-1.86	1.05
surprising	-1.85	1.80
shudder	-1.84	1.21
beyond	-1.84	1.31
dangerous	-1.84	1.09
difficult	-1.83	1.60
type	-1.83	1.35
shits	-1.83	0.93
frankly	-1.83	1.29
puke	-1.83	0.99
whiny	-1.82	0.99
cringe	-1.82	1.17
worried	-1.82	2.55
scenario	-1.81	1.71
uncommon	-1.81	1.83
guilty	-1.80	2.16
bullshit	-1.80	1.15
disappointed	-1.79	2.57
pointless	-1.78	1.30
register	-1.78	1.93
rage	-1.78	1.00
hurt	-1.76	1.79
slim	-1.75	2.27
manipulative	-1.75	1.16
strange	-1.75	1.73
children	-1.75	2.67
bitchy	-1.74	1.05
assholes	-1.73	1.10
bodily	-1.72	0.86
depressed	-1.72	2.58
dealing	-1.72	1.16
jerks	-1.72	1.10
uncomfortable	-1.71	2.04
loss	-1.71	1.62
afterwards	-1.71	1.22
snot	-1.71	0.95
angry	-1.71	2.58
abnormal	-1.70	2.15
mood	-1.69	1.07
headache	-1.69	0.96
labor	-1.69	0.99
resentful	-1.69	2.08
annoyed	-1.68	2.18
wipe	-1.68	1.01
stereotype	-1.68	1.86
random	-1.68	1.49
irritated	-1.68	2.13
feels	-1.68	2.12
its	-1.67	2.29
aggressive	-1.67	1.13
legitimately	-1.66	1.55
freak	-1.65	1.74
discomfort	-1.65	1.13
afterward	-1.65	1.08
brats	-1.65	0.99
moron	-1.65	0.98
complicated	-1.65	1.22
loud	-1.64	1.01
christ	-1.63	1.55
paranoid	-1.63	2.11
narcissistic	-1.63	1.09
counts	-1.63	1.99
entitlement	-1.62	1.18
blame	-1.62	1.82
batshit	-1.62	1.31
unreasonable	-1.62	1.32
bathrooms	-1.61	0.97
spit	-1.61	1.02
yikes	-1.61	1.57
felt	-1.60	1.81
disruptive	-1.60	0.96
nervous	-1.59	2.32
crap	-1.59	1.56
brat	-1.59	1.02
wore	-1.59	2.01
freaked	-1.59	1.97
hostile	-1.58	1.12
smells	-1.58	1.03
whining	-1.57	1.14
terror	-1.57	1.02
applies	-1.56	2.00
harmful	-1.56	1.13
ugly	-1.56	1.04
ridiculously	-1.56	1.43
parent	-1.56	1.90
suffered	-1.56	1.16
trapped	-1.55	1.94
insertion	-1.55	1.17
hating	-1.55	1.70
bunch	-1.54	1.12
poop	-1.54	1.05
ignorant	-1.54	1.22
bastards	-1.54	1.02
morons	-1.54	1.06
preferred	-1.53	2.08
lame	-1.52	1.15
shocked	-1.52	2.41
hands	-1.51	1.31
offended	-1.51	2.16
breeders	-1.50	1.13
misbehaving	-1.50	1.13
mildly	-1.50	1.62
interacting	-1.50	1.86
touching	-1.50	1.28
salt	-1.49	1.70
excuses	-1.49	1.31
kind	-1.49	2.16
toddlers	-1.49	1.12
regretting	-1.49	1.99
messes	-1.49	0.99
controlling	-1.48	1.17
scares	-1.48	1.28
bored	-1.48	2.17
touch	-1.48	1.34
self	-1.47	1.04
lasted	-1.47	1.30
horribly	-1.47	1.55
belong	-1.47	1.99
fear	-1.46	1.42
amusing	-1.46	1.95
taste	-1.46	1.39
tired	-1.46	2.34
boil	-1.46	1.64
shitting	-1.46	1.00
miserable	-1.45	2.37
admit	-1.45	2.21
calling	-1.45	1.18
struck	-1.44	2.18
paragard	-1.44	1.21
unruly	-1.43	1.01
sudden	-1.43	1.15
unusual	-1.42	1.64
teenagers	-1.42	1.37
risky	-1.42	1.26
by	-1.42	2.01
circumstance	-1.42	1.29
frustrated	-1.41	2.40
freaks	-1.41	1.33
barf	-1.41	1.10
prefer	-1.41	1.88
obsessed	-1.41	1.28
inherently	-1.41	1.49
spoiled	-1.40	0.97
shrieking	-1.40	1.07
rough	-1.40	1.51
voices	-1.40	1.10
pissed	-1.40	2.44
noises	-1.38	1.09
silly	-1.38	1.49
chronic	-1.38	1.15
sore	-1.38	1.41
exhausted	-1.36	2.17
outright	-1.36	1.49
violent	-1.36	1.12
leaves	-1.36	2.48
bitter	-1.36	1.61
tokophobia	-1.36	0.95
passion	-1.35	1.90
harder	-1.35	1.47
hungry	-1.35	2.04
damaging	-1.35	1.25
insulted	-1.35	2.03
ashamed	-1.35	2.22
screaming	-1.35	1.10
jerk	-1.34	1.15
crying	-1.34	1.13
covered	-1.34	1.13
centered	-1.34	1.07
severe	-1.34	1.14
desperate	-1.34	1.79
experiencing	-1.33	1.70
screeching	-1.33	1.11
prick	-1.33	1.15
mirena	-1.33	1.22
birthing	-1.33	1.09
shit	-1.32	1.96
behaviour	-1.32	1.23
horrified	-1.32	1.76
doesnt	-1.32	2.51
total	-1.32	1.08
unacceptable	-1.32	1.51
panic	-1.31	1.26
superior	-1.31	1.37
attitude	-1.31	1.29
defensive	-1.31	2.10
seem	-1.31	2.48
nothing	-1.31	3.00
clear	-1.31	2.57
fuck	-1.31	1.98
bothers	-1.31	1.96
constantly	-1.30	1.82
believe	-1.30	3.08
slightest	-1.30	1.78
depression	-1.30	1.15
behavior	-1.29	1.37
judged	-1.29	1.97
regret	-1.28	1.83
light	-1.28	1.07
embarrassed	-1.28	2.38
idiot	-1.28	1.21
particularly	-1.28	1.65
wailing	-1.27	1.13
involving	-1.27	1.04
complains	-1.27	2.79
frequently	-1.27	1.39
noise	-1.27	1.16
irrational	-1.27	1.23
anxiety	-1.26	1.13
disgusted	-1.26	2.12
pee	-1.26	1.07
milk	-1.26	1.02
bitch	-1.25	1.33
spends	-1.25	2.27
symptoms	-1.25	1.19
process	-1.25	1.23
jesus	-1.25	1.65
demanding	-1.25	1.28
various	-1.24	1.30
sits	-1.24	2.39
possibly	-1.24	2.17
overly	-1.24	1.49
worthless	-1.24	1.11
kidney	-1.24	1.07
resent	-1.24	1.77
kinds	-1.22	1.22
iud	-1.22	1.25
sick	-1.22	1.92
causes	-1.22	1.20
fucks	-1.22	1.30
constant	-1.22	1.22
cause	-1.21	1.56
stuck	-1.21	1.32
lead	-1.21	1.33
sort	-1.21	1.66
shock	-1.21	1.21
seems	-1.21	2.07
many	-1.20	1.69
grabbing	-1.20	1.17
sound	-1.20	1.48
asshole	-1.20	1.28
sounding	-1.20	1.29
noisy	-1.20	1.03
unrealistic	-1.20	1.28
bingoed	-1.20	1.80
purple	-1.19	2.00
punished	-1.19	1.51
gotten	-1.19	1.92
handful	-1.19	1.62
numerous	-1.19	1.47
tons	-1.19	1.25
toxic	-1.19	1.09
most	-1.18	2.17
likely	-1.18	2.14
types	-1.18	1.38
hard	-1.18	2.00
sin	-1.18	1.21
inserted	-1.18	1.19
towards	-1.18	1.19
narcissist	-1.17	1.15
effects	-1.17	1.28
messing	-1.17	1.52
justified	-1.17	2.34
whine	-1.17	1.47
delusional	-1.17	1.00
multiple	-1.17	1.43
besides	-1.17	2.46
situations	-1.16	1.54
bitching	-1.16	1.44
due	-1.16	1.21
attacks	-1.15	1.07
illness	-1.15	1.24
bullied	-1.15	1.76
infertility	-1.15	1.26
bastard	-1.15	1.12
trauma	-1.15	1.28
infection	-1.15	1.12
disappointment	-1.15	1.41
bit	-1.14	2.31
disease	-1.14	1.20
retarded	-1.14	1.31
immune	-1.14	1.13
petty	-1.14	1.21
butthurt	-1.14	1.94
douche	-1.13	1.18
through	-1.13	1.51
useless	-1.13	1.25
presence	-1.13	1.15
fuss	-1.13	1.91
cry	-1.12	1.27
minor	-1.12	1.18
blaming	-1.12	1.53
minimal	-1.12	1.29
dozens	-1.12	1.47
bug	-1.12	1.43
everytime	-1.12	1.46
highly	-1.12	1.84
suffering	-1.12	1.22
utter	-1.11	1.08
therefore	-1.11	1.75
god	-1.11	1.73
disorder	-1.11	1.22
sorta	-1.11	2.33
sack	-1.11	1.01
pisses	-1.10	1.72
attacking	-1.10	1.62
easier	-1.10	1.39
attitudes	-1.10	1.25
confrontation	-1.10	1.41
realise	-1.10	2.51
suicidal	-1.09	1.61
less	-1.09	1.58
equally	-1.09	1.75
cunt	-1.09	1.33
incredibly	-1.09	1.63
mental	-1.09	1.29
ones	-1.09	2.04
needy	-1.08	1.02
temper	-1.08	1.23
threatening	-1.07	1.29
excessive	-1.07	1.26
scare	-1.07	1.52
nonsense	-1.07	1.32
apparent	-1.07	1.61
threatened	-1.07	1.54
offend	-1.06	2.69
listen	-1.06	1.57
illnesses	-1.06	1.29
make	-1.06	2.52
filled	-1.06	1.10
caused	-1.06	1.29
helicopter	-1.05	1.18
tend	-1.05	1.73
unstable	-1.05	1.24
wash	-1.05	1.21
hypocrisy	-1.05	1.35
cervix	-1.05	1.20
reward	-1.05	1.32
fever	-1.04	1.25
flu	-1.04	1.13
countless	-1.04	1.61
plenty	-1.04	1.56
insult	-1.04	1.39
struggle	-1.04	1.30
prone	-1.04	1.26
exist	-1.04	2.61
pity	-1.04	1.41
spawn	-1.03	1.19
smug	-1.03	1.15
bitches	-1.03	1.24
called	-1.03	1.30
disgust	-1.03	1.39
cleaning	-1.03	1.26
face	-1.03	1.33
insanity	-1.02	1.29
sucked	-1.02	1.28
morally	-1.02	2.38
several	-1.02	1.66
experience	-1.02	1.83
hearing	-1.02	1.30
frustration	-1.02	1.49
invasive	-1.02	1.31
acting	-1.02	1.17
disagree	-1.01	2.71
teeth	-1.01	1.08
dumb	-1.01	1.36
breeder	-1.00	1.19
dozen	-1.00	1.40
yelled	-1.00	1.40
hurts	-1.00	1.55
blank	-1.00	1.23
biased	-0.99	1.53
crazy	-0.99	2.09
complaining	-0.99	1.57
screamed	-0.99	1.28
figure	-0.99	2.72
distracted	-0.98	1.62
openly	-0.98	1.67
excuse	-0.98	1.55
diseases	-0.98	1.20
completely	-0.98	2.14
severely	-0.97	1.45
genetics	-0.97	1.27
furious	-0.97	1.76
genuinely	-0.97	2.13
suggesting	-0.97	2.80
doomed	-0.97	1.54
monster	-0.97	1.16
massive	-0.96	1.17
forget	-0.96	2.47
slack	-0.96	1.37
express	-0.96	1.93
super	-0.96	1.91
hung	-0.96	1.68
bipolar	-0.96	1.24
hassle	-0.95	1.69
worth	-0.95	2.83
impression	-0.95	1.83
potentially	-0.95	1.31
condition	-0.95	1.50
moment	-0.95	1.66
listening	-0.95	1.34
nearly	-0.95	1.75
passive	-0.94	1.26
surrounding	-0.94	1.35
slight	-0.94	1.42
c-section	-0.94	1.22
diaper	-0.94	1.21
sucking	-0.94	1.23
gag	-0.94	1.21
tantrum	-0.93	1.27
claim	-0.93	1.87
chance	-0.93	2.21
dragged	-0.93	1.41
notice	-0.92	2.83
realizing	-0.92	1.79
sounded	-0.92	1.62
empty	-0.92	1.33
extremely	-0.92	1.70
strangers	-0.91	1.34
death	-0.91	1.28
kinda	-0.91	2.36
fault	-0.91	2.81
whole	-0.91	1.46
diabetes	-0.91	1.29
lasts	-0.91	1.46
harm	-0.91	1.65
lot	-0.91	2.05
exposed	-0.90	1.32
fired	-0.90	1.35
narcissism	-0.90	1.26
avoided	-0.90	1.40
hundreds	-0.90	1.54
introverted	-0.90	1.92
resentment	-0.90	1.65
phobia	-0.89	1.24
loudly	-0.89	1.32
annoyance	-0.89	1.47
usually	-0.89	2.66
bother	-0.89	2.98
worry	-0.89	2.73
becoming	-0.88	1.71
causing	-0.88	1.23
insanely	-0.88	1.74
unrelated	-0.88	1.61
arms	-0.88	1.34
necessarily	-0.88	2.55
alien	-0.88	1.28
mad	-0.88	2.15
stomach	-0.88	1.31
other	-0.88	1.96
mouths	-0.87	1.27
generally	-0.87	1.83
anger	-0.87	1.36
nuts	-0.87	1.79
seen	-0.87	1.91
selfishness	-0.87	1.31
diapers	-0.87	1.11
ablation	-0.87	1.33
became	-0.87	1.66
typical	-0.87	1.20
filling	-0.87	1.32
pressured	-0.86	1.78
introvert	-0.86	1.65
issues	-0.86	1.58
bothering	-0.86	2.74
else	-0.86	3.37
bearing	-0.86	1.35
act	-0.86	1.64
end	-0.86	2.09
deal	-0.86	2.59
pretend	-0.86	2.43
hear	-0.86	2.00
crotch	-0.86	1.16
result	-0.86	1.46
expressing	-0.86	1.56
laundry	-0.86	1.33
brag	-0.86	1.96
longer	-0.85	2.00
somewhat	-0.85	1.86
allergies	-0.85	1.29
breast	-0.85	1.14
wondered	-0.85	1.88
bigger	-0.85	1.21
sociopath	-0.85	1.25
throat	-0.85	1.32
tolerate	-0.85	2.19
hurting	-0.85	2.20
kicked	-0.85	1.51
stone	-0.85	1.16
cries	-0.85	1.75
sympathize	-0.85	1.67
singing	-0.85	1.27
care	-0.85	2.91
ton	-0.85	1.29
pure	-0.85	1.10
pcos	-0.84	1.51
imo	-0.84	1.64
occurred	-0.84	2.05
existence	-0.84	1.39
favor	-0.84	1.63
much	-0.84	2.26
tantrums	-0.84	1.18
rolled	-0.84	1.35
fucked	-0.84	1.90
far	-0.84	2.03
physical	-0.83	1.37
twisted	-0.83	1.24
torture	-0.83	1.23
cycle	-0.83	1.33
hell	-0.83	2.98
mombies	-0.83	1.15
stopped	-0.83	1.51
disorders	-0.83	1.35
publicly	-0.82	1.69
hormones	-0.82	1.36
risk	-0.82	1.63
strongly	-0.82	1.78
behaviors	-0.82	1.35
amazed	-0.82	1.85
imagine	-0.81	2.97
depo	-0.81	1.31
childhood	-0.81	1.32
initial	-0.81	1.35
costume	-0.81	1.09
cleaned	-0.81	1.19
justify	-0.81	1.95
simply	-0.81	3.12
needless	-0.81	1.39
whenever	-0.81	2.19
lots	-0.80	1.45
attack	-0.80	1.39
quite	-0.80	2.38
some	-0.80	2.29
gene	-0.80	1.41
thinking	-0.80	3.39
unhealthy	-0.80	1.19
itself	-0.80	1.41
acts	-0.80	1.62
problems	-0.80	1.73
conditions	-0.80	1.52
ignoring	-0.80	1.53
imply	-0.80	3.09
dishes	-0.79	1.31
pass	-0.79	1.34
guilt	-0.79	1.62
management	-0.79	1.35
christians	-0.79	1.58
blood	-0.79	1.15
shy	-0.79	1.99
teachers	-0.79	1.36
disrespect	-0.79	1.42
hormonal	-0.79	1.41
mommies	-0.79	1.30
wanting	-0.78	2.64
screams	-0.78	1.31
seemed	-0.78	2.03
burning	-0.78	1.23
delivery	-0.78	1.21
occur	-0.78	2.03
admitting	-0.78	1.75
shortly	-0.78	1.81
tolerance	-0.78	1.24
few	-0.78	1.77
jealousy	-0.78	1.43
easily	-0.78	1.98
determine	-0.77	1.60
bone	-0.77	1.30
suspect	-0.77	1.57
ed	-0.77	1.28
wreck	-0.77	1.12
jumping	-0.77	1.31
handing	-0.77	1.64
arm	-0.77	1.24
exposure	-0.77	1.30
bible	-0.77	1.67
dying	-0.77	1.51
expressed	-0.77	1.58
gamble	-0.77	1.51
stronger	-0.77	1.40
survived	-0.76	1.34
odds	-0.76	1.69
wet	-0.76	1.16
anybody	-0.76	2.93
curious	-0.76	2.33
directed	-0.75	1.57
bingoes	-0.75	1.60
nose	-0.75	1.31
part	-0.75	2.61
automatically	-0.75	2.25
douchebag	-0.75	1.36
rearing	-0.75	1.34
related	-0.75	1.44
child	-0.75	2.41
grief	-0.74	1.22
drivers	-0.74	1.18
narrow	-0.74	1.27
crisis	-0.74	1.50
weekly	-0.74	1.30
punishment	-0.74	1.33
denial	-0.74	1.45
randomly	-0.74	1.52
destroy	-0.74	1.29
changing	-0.74	1.59
reacted	-0.74	1.90
rather	-0.73	2.45
dragging	-0.73	1.44
breastfeed	-0.73	1.88
crowd	-0.73	1.48
ill	-0.73	1.47
negative	-0.73	1.32
means	-0.73	3.58
bet	-0.73	2.71
judging	-0.73	1.59
huge	-0.73	1.29
ignored	-0.73	1.70
drown	-0.73	1.36
spanking	-0.73	1.37
having	-0.72	2.84
diagnosed	-0.72	1.35
damage	-0.72	1.57
chores	-0.72	1.42
religion	-0.72	1.67
major	-0.72	1.23
spread	-0.72	1.22
dealt	-0.72	1.50
rape	-0.72	1.45
copper	-0.72	1.33
blew	-0.72	1.44
sink	-0.72	1.24
such	-0.72	1.66
clean	-0.71	1.16
complaints	-0.71	1.52
often	-0.71	2.38
rarely	-0.71	1.81
infants	-0.71	1.26
apparently	-0.71	3.27
bloody	-0.71	1.23
being	-0.71	1.85
removal	-0.71	1.30
avoid	-0.71	1.86
washing	-0.71	1.22
sight	-0.70	1.47
certain	-0.70	1.46
strike	-0.70	1.50
fighting	-0.70	1.45
iuds	-0.70	1.42
surprised	-0.70	2.38
flipped	-0.70	1.72
appealing	-0.70	1.37
begin	-0.70	2.24
ends	-0.70	1.64
stood	-0.70	1.45
unemployed	-0.70	1.67
endometriosis	-0.70	1.36
anything	-0.69	3.67
concerning	-0.69	1.36
trash	-0.69	1.22
bitten	-0.69	1.64
call	-0.69	1.68
dumbass	-0.69	1.18
mirror	-0.69	1.38
formula	-0.69	1.19
entering	-0.69	1.41
mentioning	-0.69	1.83
realize	-0.69	3.10
breastfeeding	-0.69	1.37
angle	-0.69	1.64
regularly	-0.69	1.56
attendant	-0.69	1.53
understand	-0.69	3.61
hand	-0.69	1.41
scale	-0.69	1.29
popped	-0.68	1.78
i.e	-0.68	1.31
variety	-0.68	1.22
horror	-0.68	1.18
stick	-0.68	1.55
verbally	-0.68	1.53
listened	-0.68	1.69
sheer	-0.68	1.18
surrounded	-0.68	1.28
impossible	-0.68	1.64
lift	-0.68	1.26
believing	-0.68	2.03
sense	-0.68	2.35
martyr	-0.68	1.17
interact	-0.68	2.30
purposes	-0.68	1.41
religious	-0.68	1.63
touched	-0.67	1.66
begins	-0.67	1.41
changes	-0.67	1.80
hormone	-0.67	1.67
genetic	-0.67	1.41
defending	-0.67	1.60
obviously	-0.67	3.61
customer	-0.67	1.39
bat	-0.67	1.94
relate	-0.66	2.37
endure	-0.66	1.48
supposed	-0.66	3.39
finger	-0.66	1.31
yelling	-0.66	1.37
counting	-0.66	1.33
moms	-0.66	1.55
disaster	-0.66	1.26
preference	-0.66	1.69
unable	-0.66	2.05
doubt	-0.65	3.01
scream	-0.65	1.33
stands	-0.65	1.63
off	-0.65	2.10
entirely	-0.65	2.05
thousands	-0.65	1.68
unsupervised	-0.65	1.31
opposed	-0.65	1.53
lying	-0.65	1.78
bothered	-0.65	2.93
becomes	-0.65	1.54
needing	-0.65	1.96
trailer	-0.65	1.18
standing	-0.64	1.67
chances	-0.64	1.64
adhd	-0.64	1.39
harsh	-0.64	1.58
handle	-0.64	2.51
punish	-0.64	1.82
implant	-0.64	1.40
ignorance	-0.64	1.53
than	-0.64	1.56
defend	-0.64	2.01
allowed	-0.64	2.73
very	-0.64	2.00
loads	-0.64	1.44
struggling	-0.64	1.73
better	-0.64	2.34
connect	-0.63	2.63
lord	-0.63	1.71
days	-0.63	1.68
typically	-0.63	1.64
taboo	-0.63	1.51
reaction	-0.63	2.04
inevitable	-0.63	1.75
soul	-0.63	1.35
injury	-0.63	1.49
bs	-0.63	1.35
hr	-0.63	1.47
christian	-0.63	1.66
mention	-0.63	2.95
combination	-0.63	1.53
reality	-0.63	1.96
carrying	-0.63	1.18
mormon	-0.63	1.65
switched	-0.63	1.30
talk	-0.63	2.98
occurs	-0.63	1.88
familiar	-0.63	1.59
increases	-0.63	1.59
slightly	-0.63	1.75
accused	-0.63	1.49
implies	-0.63	1.82
inform	-0.63	2.15
disabilities	-0.63	1.43
deals	-0.63	1.44
managers	-0.62	1.43
worship	-0.62	1.62
lesser	-0.62	1.52
unhappy	-0.62	2.81
look	-0.62	2.19
bail	-0.62	2.00
inside	-0.62	1.53
threw	-0.62	1.42
disability	-0.62	1.50
ve	-0.62	2.46
sticking	-0.62	1.40
breasts	-0.62	1.35
cognitive	-0.61	1.57
judge	-0.61	2.23
principle	-0.61	2.16
things	-0.61	2.85
apply	-0.61	1.75
emotionally	-0.61	1.44
relief	-0.61	1.20
expression	-0.61	1.59
feminism	-0.61	1.47
waited	-0.61	1.96
serious	-0.61	1.61
legs	-0.61	1.28
ear	-0.61	1.32
illegal	-0.61	1.60
menopause	-0.61	1.54
bridge	-0.60	1.45
leg	-0.60	1.42
teens	-0.60	1.85
virtually	-0.60	1.80
snarky	-0.60	1.54
closely	-0.60	1.45
passing	-0.60	1.50
suicide	-0.60	1.50
aka	-0.60	1.35
remains	-0.60	1.37
forcing	-0.60	1.79
dressed	-0.60	0.99
product	-0.59	1.18
church	-0.59	1.52
pointing	-0.59	1.92
witness	-0.59	1.35
were	-0.59	2.83
cancer	-0.59	1.46
cashier	-0.58	1.34
manager	-0.58	1.43
unexpected	-0.58	1.67
vibe	-0.58	1.43
implying	-0.58	1.86
questioned	-0.58	1.80
psychological	-0.58	1.55
without	-0.58	2.17
envy	-0.58	1.43
final	-0.58	1.60
poverty	-0.58	1.52
thinks	-0.58	3.07
patrons	-0.58	1.27
toilet	-0.58	1.18
report	-0.58	1.45
procreating	-0.58	1.80
underwear	-0.58	1.12
creates	-0.58	1.40
toddler	-0.58	1.33
began	-0.57	1.65
slow	-0.57	1.42
anytime	-0.57	2.23
emotion	-0.57	1.51
bring	-0.57	2.52
begging	-0.57	1.40
seriously	-0.57	3.15
tends	-0.57	1.49
stigma	-0.57	1.57
throwing	-0.57	1.43
entertain	-0.57	1.68
leaving	-0.57	2.31
feeding	-0.57	1.27
allowing	-0.57	1.94
phase	-0.57	1.60
expect	-0.57	2.88
shoulder	-0.57	1.35
kid	-0.57	2.63
popping	-0.57	1.39
find	-0.57	2.56
movement	-0.56	1.65
surely	-0.56	2.01
teen	-0.56	1.51
voice	-0.56	1.43
significantly	-0.56	1.62
admittedly	-0.56	1.60
discriminate	-0.56	1.59
vaccines	-0.56	1.51
manage	-0.56	2.02
behavioral	-0.56	1.54
talking	-0.56	2.75
more	-0.56	2.32
significant	-0.56	1.56
stage	-0.56	1.51
twenties	-0.56	1.95
fights	-0.56	1.48
matter	-0.56	3.69
months	-0.56	1.81
assumes	-0.56	2.85
big	-0.56	1.54
struggled	-0.55	1.49
everyone	-0.55	2.98
possibility	-0.55	1.90
employees	-0.55	1.40
products	-0.55	1.23
gives	-0.55	2.19
tells	-0.55	3.03
discipline	-0.55	1.46
monthly	-0.55	1.29
satan	-0.55	1.51
infant	-0.55	1.31
hypothetical	-0.55	1.64
hitting	-0.55	1.54
circumstances	-0.55	2.36
worthy	-0.55	1.46
whereas	-0.55	1.48
telling	-0.55	2.85
sensitive	-0.55	1.89
anywhere	-0.54	3.16
getting	-0.54	2.69
form	-0.54	1.60
stuff	-0.54	2.45
stating	-0.54	2.04
leave	-0.54	2.64
unless	-0.54	3.75
trigger	-0.54	1.31
shut	-0.54	1.78
lied	-0.54	1.69
increase	-0.54	1.54
false	-0.54	1.79
started	-0.54	1.72
tow	-0.54	1.28
abusive	-0.54	1.27
storm	-0.54	1.23
boobs	-0.54	1.26
nowadays	-0.54	1.70
complications	-0.54	1.46
earplugs	-0.54	1.33
challenging	-0.54	1.41
concept	-0.53	1.79
syndrome	-0.53	1.38
threaten	-0.53	1.55
deny	-0.53	1.92
explain	-0.53	2.78
inner	-0.53	1.33
lungs	-0.53	1.36
rule	-0.53	1.84
picky	-0.53	2.21
solve	-0.53	2.55
person	-0.53	2.54
punch	-0.53	1.57
hardly	-0.53	2.14
permanently	-0.53	1.47
any	-0.53	3.32
sacrifices	-0.53	1.87
attention	-0.53	1.57
asks	-0.53	2.72
guard	-0.53	1.25
imagining	-0.53	1.46
unwilling	-0.53	1.91
failing	-0.52	1.61
mothers	-0.52	1.66
describing	-0.52	1.82
eyes	-0.52	1.33
enter	-0.52	1.63
boob	-0.52	1.33
cough	-0.52	1.34
affects	-0.52	1.85
comprehend	-0.52	2.58
repeatedly	-0.52	1.58
head	-0.52	1.44
employee	-0.52	1.40
complained	-0.52	1.83
thoroughly	-0.52	1.63
weeks	-0.51	1.83
does	-0.51	3.15
carpet	-0.51	1.22
staff	-0.51	1.42
root	-0.51	1.84
merely	-0.51	2.09
subscribe	-0.51	1.72
wondering	-0.51	2.57
toward	-0.51	1.44
corner	-0.51	1.52
forever	-0.51	2.08
myself	-0.51	2.87
knows	-0.51	3.05
affect	-0.51	2.09
solely	-0.51	1.59
dicks	-0.50	1.65
mombie	-0.50	1.18
gatherings	-0.50	1.67
reputation	-0.50	1.41
lie	-0.50	2.71
times	-0.50	1.90
autism	-0.50	1.41
done	-0.50	2.56
count	-0.50	2.03
wtf	-0.50	2.40
positions	-0.50	1.50
nor	-0.50	2.88
anyone	-0.50	3.31
something	-0.50	3.77
mid	-0.50	1.81
covering	-0.50	1.31
ever	-0.50	3.09
demon	-0.50	1.24
pill	-0.50	1.52
include	-0.50	1.41
babysitters	-0.50	1.31
demands	-0.50	1.65
piece	-0.50	1.13
why	-0.50	3.81
convince	-0.50	2.38
recognize	-0.49	2.53
sat	-0.49	1.36
shove	-0.49	1.67
notion	-0.49	1.67
majority	-0.49	1.89
expectation	-0.49	1.66
emotional	-0.49	1.50
stupidity	-0.49	1.41
lifelong	-0.49	1.64
smoke	-0.49	1.33
left	-0.49	2.26
hiring	-0.49	1.45
classroom	-0.49	1.36
medically	-0.49	1.83
interactions	-0.49	1.53
beg	-0.49	1.77
sees	-0.49	2.96
attempt	-0.49	1.86
stages	-0.49	1.57
rewarding	-0.49	1.37
daily	-0.49	1.43
decade	-0.49	1.86
alone	-0.49	3.28
remotely	-0.49	2.45
raging	-0.49	1.39
stretch	-0.49	1.22
garbage	-0.49	1.40
truth	-0.49	2.11
interaction	-0.49	1.60
clue	-0.49	3.05
tearing	-0.48	1.35
department	-0.48	1.39
childless	-0.48	1.72
knife	-0.48	1.53
upbringing	-0.48	1.60
rare	-0.48	1.50
burst	-0.48	1.31
communicate	-0.48	2.46
grade	-0.48	1.45
remind	-0.48	2.05
proceeded	-0.48	1.78
force	-0.48	2.09
desperately	-0.48	1.96
school	-0.48	1.40
everybody	-0.48	2.89
attacked	-0.48	1.64
tell	-0.48	3.28
considering	-0.48	2.35
higher	-0.47	1.64
kicking	-0.47	1.38
medication	-0.47	1.52
realization	-0.47	2.20
wide	-0.47	1.35
mostly	-0.47	1.91
doing	-0.47	3.75
whether	-0.47	2.80
commit	-0.47	1.76
duty	-0.47	1.50
radio	-0.47	1.31
level	-0.47	1.43
number	-0.47	1.87
dead	-0.47	1.61
included	-0.47	1.39
smack	-0.47	1.53
students	-0.47	1.39
profession	-0.47	1.33
barely	-0.46	2.31
someone	-0.46	3.05
facing	-0.46	1.35
swearing	-0.46	1.30
tables	-0.46	1.27
realised	-0.46	2.16
complaint	-0.46	1.55
argue	-0.46	2.33
cops	-0.46	1.45
mean	-0.46	3.87
breathing	-0.46	1.37
trying	-0.46	3.01
been	-0.46	2.59
class	-0.46	1.42
decide	-0.46	3.05
shelf	-0.46	1.40
where	-0.46	3.01
stop	-0.46	1.97
guessing	-0.46	1.98
throw	-0.46	1.59
nobody	-0.46	2.88
essure	-0.46	1.61
bingoing	-0.46	2.35
issue	-0.46	2.50
throws	-0.45	1.32
vaginal	-0.45	1.36
bathroom	-0.45	1.28
fathom	-0.45	2.76
situation	-0.45	2.59
say	-0.45	3.81
break	-0.45	2.08
screw	-0.45	1.70
happen	-0.45	3.17
encourage	-0.45	1.96
kodak	-0.45	1.70
hundred	-0.45	1.76
looked	-0.45	1.99
asking	-0.45	2.96
obligated	-0.45	2.54
floor	-0.45	1.29
continuing	-0.45	1.78
marks	-0.45	1.23
kindergarten	-0.45	1.39
otherwise	-0.45	3.09
ought	-0.45	1.71
attachment	-0.45	1.62
known	-0.45	2.48
acknowledge	-0.45	2.55
elementary	-0.44	1.39
million	-0.44	1.97
burned	-0.44	1.54
crime	-0.44	1.49
validation	-0.44	1.64
associated	-0.44	1.61
vast	-0.44	1.59
thrown	-0.44	1.71
see	-0.44	3.40
mode	-0.44	1.39
e.g	-0.44	1.30
small	-0.44	1.55
instance	-0.44	1.85
police	-0.44	1.44
dry	-0.44	1.38
after	-0.44	2.07
tbh	-0.44	1.58
somebody	-0.44	2.57
inevitably	-0.44	2.04
faith	-0.44	1.74
vague	-0.44	1.59
jumped	-0.44	1.38
validate	-0.44	1.73
pills	-0.44	1.55
screwed	-0.44	1.62
feminist	-0.44	1.78
skipped	-0.44	1.63
thing	-0.44	2.90
taking	-0.43	2.42
socially	-0.43	1.62
chest	-0.43	1.35
factors	-0.43	1.91
month	-0.43	1.90
parasite	-0.43	1.39
biggest	-0.43	2.21
fact	-0.43	3.75
starts	-0.43	1.63
idea	-0.43	3.14
uterus	-0.43	1.31
acted	-0.43	1.60
compromise	-0.43	2.98
themselves	-0.43	2.57
adulthood	-0.43	1.65
shot	-0.43	1.42
beat	-0.43	1.55
high	-0.43	1.42
victim	-0.43	1.54
how	-0.43	3.15
pop	-0.43	1.46
release	-0.42	1.45
within	-0.42	1.82
blow	-0.42	1.44
start	-0.42	2.06
forbid	-0.42	1.44
later	-0.42	2.36
forced	-0.42	2.19
seeking	-0.42	1.88
seeing	-0.42	2.38
pissing	-0.42	1.42
unattended	-0.42	1.78
headphones	-0.42	1.38
sitting	-0.42	1.41
except	-0.42	2.69
willing	-0.42	2.77
ca	-0.42	3.19
grabbed	-0.42	1.41
ask	-0.42	3.04
shuts	-0.42	1.68
understandable	-0.42	3.00
inability	-0.42	1.87
catholic	-0.42	1.79
know	-0.41	3.82
thousand	-0.41	1.76
aspects	-0.41	1.60
matters	-0.41	2.39
manipulate	-0.41	1.89
supposedly	-0.41	1.61
drug	-0.41	1.31
flat	-0.41	1.59
may	-0.41	3.21
production	-0.41	1.36
swear	-0.41	1.38
and/or	-0.41	1.46
precisely	-0.41	1.83
blowing	-0.41	1.44
twice	-0.41	2.25
hired	-0.41	1.52
pregnancy	-0.41	1.63
mentions	-0.41	2.49
tone	-0.41	1.64
irrelevant	-0.41	1.91
memory	-0.41	1.52
overpopulated	-0.41	1.60
remembered	-0.41	1.69
critical	-0.41	1.51
retail	-0.40	1.39
needs	-0.40	2.61
taken	-0.40	2.48
therapy	-0.40	1.73
whore	-0.40	1.40
particular	-0.40	1.57
kitchen	-0.40	1.29
refuse	-0.40	2.44
inconvenience	-0.40	1.45
essentially	-0.40	1.79
performance	-0.40	1.63
nowhere	-0.40	1.69
wars	-0.40	1.45
wound	-0.40	1.43
carry	-0.40	1.37
kills	-0.40	1.46
wisdom	-0.40	1.18
flag	-0.40	1.54
describe	-0.40	1.55
unlikely	-0.40	1.71
workers	-0.40	1.44
decades	-0.40	1.71
shoulders	-0.40	1.35
hire	-0.40	1.55
growing	-0.40	2.35
mentality	-0.40	1.49
knocking	-0.39	1.48
customers	-0.39	1.44
aspect	-0.39	1.69
cope	-0.39	2.08
twenty	-0.39	1.92
sued	-0.39	1.67
actively	-0.39	2.01
seated	-0.39	1.50
danger	-0.39	1.82
pushing	-0.39	1.88
infertile	-0.39	1.60
among	-0.39	1.69
reactions	-0.39	1.56
finds	-0.39	2.60
concerns	-0.39	1.90
knee	-0.39	1.36
grab	-0.39	1.52
holy	-0.39	1.91
owe	-0.39	2.89
happened	-0.39	3.02
pressuring	-0.39	2.50
choosing	-0.39	2.25
murder	-0.39	1.48
trouble	-0.39	2.52
statements	-0.39	2.04
damn	-0.39	2.04
realistically	-0.39	2.97
wants	-0.39	3.09
health	-0.39	1.59
burn	-0.39	1.45
sole	-0.39	1.61
measure	-0.39	1.43
confusion	-0.38	1.57
removed	-0.38	1.57
during	-0.38	1.43
pro-life	-0.38	1.95
2-3	-0.38	1.90
depending	-0.38	1.47
arguing	-0.38	2.39
whatever	-0.38	3.38
mindset	-0.38	1.77
line	-0.38	2.60
performed	-0.38	1.64
trust	-0.38	2.98
liked	-0.38	2.46
stress	-0.38	1.50
knocked	-0.38	1.81
saying	-0.38	3.82
attempted	-0.38	1.73
advantage	-0.38	1.78
surgeries	-0.38	1.68
bingo	-0.38	2.09
workplace	-0.38	1.51
isnt	-0.38	1.56
treatment	-0.38	1.53
placed	-0.38	1.39
dropping	-0.38	1.60
chooses	-0.38	2.65
reasons	-0.38	2.47
furthermore	-0.38	1.64
ten	-0.38	1.90
effect	-0.37	1.82
incident	-0.37	2.01
ive	-0.37	1.99
ago	-0.37	1.98
partial	-0.37	1.51
directly	-0.37	2.43
haters	-0.37	1.76
bingos	-0.37	1.72
go	-0.37	3.10
myth	-0.37	1.76
treating	-0.37	1.91
recovering	-0.37	1.45
near	-0.37	1.82
happens	-0.37	2.82
harassment	-0.37	1.52
tries	-0.37	2.56
guarantee	-0.37	3.14
possible	-0.37	2.71
anymore	-0.37	3.40
nine	-0.37	1.90
pro-choice	-0.37	1.97
attached	-0.37	1.27
whatsoever	-0.37	1.93
understood	-0.37	2.16
which	-0.37	3.61
impact	-0.37	1.73
brings	-0.37	2.46
bare	-0.37	1.40
expecting	-0.37	2.52
raising	-0.36	1.91
curiosity	-0.36	1.75
recall	-0.36	1.90
kick	-0.36	1.59
willingly	-0.36	2.18
front	-0.36	1.60
recommended	-0.36	1.62
refers	-0.36	1.71
adults	-0.36	1.89
newborns	-0.36	1.31
burden	-0.36	1.59
contribute	-0.36	1.59
separate	-0.36	1.42
favour	-0.36	1.68
depends	-0.36	1.72
pump	-0.36	1.35
large	-0.36	1.35
participate	-0.36	1.99
try	-0.36	2.96
recommend	-0.36	2.03
regarding	-0.36	1.77
population	-0.36	1.55
doubts	-0.36	2.42
babies	-0.36	1.95
pretty	-0.36	2.27
either	-0.36	3.86
six	-0.36	1.90
devil	-0.36	1.70
smaller	-0.36	1.36
five	-0.36	1.92
likes	-0.36	2.95
occasional	-0.36	1.33
should	-0.35	3.51
lies	-0.35	1.91
ass	-0.35	1.37
allow	-0.35	2.25
two	-0.35	1.90
zombie	-0.35	1.07
clearly	-0.35	2.91
vent	-0.35	1.94
immediately	-0.35	2.25
suddenly	-0.35	2.37
companies	-0.35	1.55
got	-0.35	2.31
20s	-0.35	1.93
tested	-0.35	1.64
connection	-0.35	2.09
threat	-0.35	1.54
couple	-0.35	1.90
hint	-0.35	1.91
limit	-0.35	1.78
killer	-0.35	1.51
ground	-0.35	1.56
deserves	-0.35	2.01
bias	-0.35	1.81
become	-0.35	1.78
pick	-0.35	1.97
hitler	-0.35	1.44
counter	-0.35	1.49
shoved	-0.34	1.48
heart	-0.34	1.43
crotchfruit	-0.34	1.36
raped	-0.34	1.68
encouraging	-0.34	1.59
aware	-0.34	2.30
tube	-0.34	1.45
traits	-0.34	1.63
background	-0.34	1.45
history	-0.34	1.41
neck	-0.34	1.34
harass	-0.34	1.76
fat	-0.34	1.12
refuses	-0.34	2.40
raise	-0.34	2.21
drop	-0.34	2.06
mainly	-0.34	1.62
pregnant	-0.34	2.09
three	-0.34	1.89
able	-0.34	2.91
bully	-0.34	1.58
teaching	-0.34	1.52
metal	-0.34	1.16
planes	-0.34	1.52
four	-0.34	1.89
avoiding	-0.34	1.61
never	-0.34	3.08
courts	-0.34	1.61
suit	-0.34	1.37
eye	-0.34	1.43
statistically	-0.34	1.82
discovered	-0.34	1.53
re	-0.34	3.83
chemical	-0.33	1.44
dark	-0.33	1.20
halloween	-0.33	1.15
traditional	-0.33	1.57
brain	-0.33	1.58
supermarket	-0.33	1.33
feet	-0.33	1.70
difference	-0.33	2.05
fewer	-0.33	1.74
psycho	-0.33	1.49
hysterectomy	-0.33	1.59
waiting	-0.33	1.90
consistently	-0.33	1.64
conservative	-0.33	1.65
common	-0.33	2.15
existing	-0.33	1.43
dump	-0.33	1.77
edge	-0.33	1.46
cover	-0.33	1.46
ears	-0.33	1.30
endless	-0.33	1.45
downvoted	-0.33	1.96
diagnosis	-0.33	1.50
need	-0.33	3.16
appeal	-0.33	1.91
minutes	-0.33	1.87
deep	-0.33	1.68
amongst	-0.33	1.70
herd	-0.32	1.38
cps	-0.32	1.44
sue	-0.32	1.71
handed	-0.32	1.58
reporting	-0.32	1.64
orders	-0.32	1.45
greater	-0.32	1.59
ego	-0.32	1.61
intentionally	-0.32	1.63
conclusion	-0.32	2.18
convincing	-0.32	2.07
whats	-0.32	1.65
reach	-0.32	1.83
reversed	-0.32	2.10
frequent	-0.32	1.28
claiming	-0.32	1.85
chasing	-0.32	1.29
asses	-0.32	1.48
come	-0.31	3.21
letting	-0.31	2.41
fundamental	-0.31	1.48
cutting	-0.31	1.65
exists	-0.31	1.86
risks	-0.31	1.67
similar	-0.31	2.61
damages	-0.31	1.62
change	-0.31	3.08
upon	-0.31	1.57
ovaries	-0.31	1.49
fail	-0.31	1.69
charged	-0.31	1.53
altogether	-0.31	1.65
lately	-0.31	1.83
behind	-0.31	1.59
giving	-0.31	2.64
responsibility	-0.31	2.05
deliberately	-0.31	1.87
sooner	-0.31	2.39
gender	-0.31	1.66
prevent	-0.31	1.86
charges	-0.31	1.55
real	-0.31	2.31
routine	-0.31	1.58
whoever	-0.31	2.08
eight	-0.31	1.93
employers	-0.31	1.54
gain	-0.31	1.24
personality	-0.31	1.45
calls	-0.31	2.22
reminds	-0.30	1.36
concern	-0.30	2.14
contact	-0.30	1.82
least	-0.30	2.95
consider	-0.30	2.61
bc	-0.30	1.61
pleasure	-0.30	1.52
inclined	-0.30	1.79
educational	-0.30	1.17
reaching	-0.30	1.76
assault	-0.30	1.51
allergy	-0.30	1.38
factor	-0.30	1.93
half	-0.30	1.95
butt	-0.30	1.50
going	-0.30	3.77
tongue	-0.30	1.43
permission	-0.30	1.63
gets	-0.30	2.49
roughly	-0.30	1.80
fears	-0.30	1.74
medications	-0.30	1.61
gap	-0.30	1.55
flip	-0.30	1.63
personally	-0.30	3.25
tits	-0.30	1.33
die	-0.30	2.15
let	-0.30	3.27
reversible	-0.30	1.67
choose	-0.30	2.36
running	-0.30	1.38
occasionally	-0.29	1.76
vagina	-0.29	1.45
will	-0.29	3.24
jail	-0.29	1.52
agrees	-0.29	3.07
sing	-0.29	1.34
thirty	-0.29	1.97
parental	-0.29	1.69
apologized	-0.29	1.92
culture	-0.29	1.53
sentiment	-0.29	2.05
then	-0.29	3.38
denying	-0.29	2.11
entire	-0.29	1.58
applied	-0.29	1.50
mind	-0.29	3.35
coming	-0.29	2.93
eugenics	-0.29	1.65
repeating	-0.29	2.56
daycare	-0.29	1.42
walked	-0.29	1.66
push	-0.29	2.14
blamed	-0.29	1.87
grocery	-0.29	1.37
shaming	-0.29	1.67
waste	-0.29	1.57
equality	-0.29	1.76
wave	-0.29	1.33
refusing	-0.28	2.10
talked	-0.28	2.41
against	-0.28	1.75
company	-0.28	1.46
preventing	-0.28	1.73
vs	-0.28	1.53
3-4	-0.28	1.86
fetuses	-0.28	1.54
turn	-0.28	2.37
might	-0.28	3.28
fire	-0.28	1.50
making	-0.28	2.50
broken	-0.28	1.44
voluntarily	-0.28	1.84
goddamn	-0.28	1.61
difficulty	-0.28	1.78
addiction	-0.28	1.38
laughter	-0.28	1.35
volume	-0.28	1.45
standard	-0.28	1.55
hurry	-0.28	2.52
max	-0.28	1.66
violence	-0.28	1.32
sexually	-0.28	1.69
stops	-0.28	1.80
ripped	-0.28	1.44
thirties	-0.28	2.09
us	-0.28	3.18
even	-0.28	3.48
secondly	-0.28	1.57
damned	-0.28	1.57
abortion	-0.28	1.93
cases	-0.27	2.10
almost	-0.27	2.46
tune	-0.27	1.54
rings	-0.27	1.35
am	-0.27	2.72
blown	-0.27	1.42
vocal	-0.27	1.88
feelings	-0.27	1.89
basis	-0.27	1.59
obvious	-0.27	2.30
judgement	-0.27	1.65
finally	-0.27	2.55
bend	-0.27	1.90
station	-0.27	1.39
straight	-0.27	1.96
before	-0.27	2.55
dropped	-0.27	1.78
wo	-0.27	3.39
contraceptive	-0.27	1.66
visited	-0.27	1.69
percentage	-0.27	1.70
logically	-0.27	2.34
wasting	-0.27	1.93
cater	-0.27	1.83
instances	-0.27	1.73
household	-0.27	1.56
believes	-0.27	2.64
punched	-0.26	1.51
rub	-0.26	1.37
lightly	-0.26	1.51
poke	-0.26	1.51
raised	-0.26	1.69
faced	-0.26	1.25
fell	-0.26	1.47
pops	-0.26	1.65
dare	-0.26	1.92
ladies	-0.26	1.79
center	-0.26	1.47
basically	-0.26	3.04
reasoning	-0.26	2.27
toss	-0.26	1.61
caught	-0.26	1.58
leading	-0.26	1.48
epic	-0.26	1.28
0	-0.26	1.91
obligation	-0.26	1.98
give	-0.26	2.62
aged	-0.26	1.58
percent	-0.26	1.90
crawl	-0.26	1.66
decides	-0.26	2.73
blows	-0.26	1.46
range	-0.26	1.43
file	-0.26	1.63
breaker	-0.26	2.18
help	-0.26	2.69
finish	-0.26	1.57
ruining	-0.26	1.59
crowded	-0.25	1.38
advocate	-0.25	1.66
realized	-0.25	2.63
initially	-0.25	1.93
overweight	-0.25	1.36
could	-0.25	3.38
wearing	-0.25	1.17
slap	-0.25	1.43
suggested	-0.25	2.07
relieved	-0.25	2.88
missing	-0.25	3.09
fate	-0.25	1.49
stepping	-0.25	1.67
abuse	-0.25	1.43
determined	-0.25	2.03
guts	-0.25	1.58
crash	-0.25	1.73
pattern	-0.25	1.58
depend	-0.25	1.63
bringing	-0.25	2.36
certainly	-0.25	3.45
assistant	-0.25	1.47
did	-0.25	3.45
tear	-0.25	1.45
permanent	-0.25	1.74
awareness	-0.25	1.69
outcome	-0.25	2.42
tissue	-0.25	1.45
tie	-0.25	1.70
seven	-0.25	1.92
exception	-0.25	1.88
increased	-0.25	1.64
leaning	-0.25	1.57
knew	-0.24	2.96
largely	-0.24	1.49
wherever	-0.24	2.09
differences	-0.24	1.77
specific	-0.24	1.48
women	-0.24	1.91
poking	-0.24	1.50
sharp	-0.24	1.30
pull	-0.24	1.86
tubes	-0.24	1.57
tall	-0.24	1.42
gone	-0.24	2.86
objects	-0.24	1.11
specifically	-0.24	2.23
vary	-0.24	1.46
ironic	-0.24	1.63
into	-0.24	2.10
existed	-0.24	2.38
belt	-0.24	1.59
considered	-0.24	1.89
protected	-0.23	1.63
surprise	-0.23	1.49
verbal	-0.23	1.39
associate	-0.23	1.85
order	-0.23	2.04
passes	-0.23	1.54
protect	-0.23	1.80
maybe	-0.23	3.44
tattoos	-0.23	1.23
discrimination	-0.23	1.65
spoken	-0.23	2.27
joking	-0.23	2.24
global	-0.23	1.66
server	-0.23	1.56
genes	-0.23	1.51
anti	-0.23	1.89
putting	-0.23	2.20
pile	-0.23	1.25
neglect	-0.23	1.44
rise	-0.23	1.51
worker	-0.23	1.46
stickers	-0.23	1.33
view	-0.23	2.15
occasions	-0.23	1.92
holding	-0.23	1.51
national	-0.23	1.33
restrictions	-0.23	1.77
looking	-0.23	2.81
didnt	-0.23	2.34
deciding	-0.23	2.04
reason	-0.23	3.42
judgment	-0.23	1.63
talks	-0.23	3.01
strain	-0.23	1.58
miscarriage	-0.23	1.70
3	-0.23	1.92
liable	-0.23	1.86
ran	-0.23	1.53
unknown	-0.23	1.27
tied	-0.22	2.09
continue	-0.22	2.12
stranger	-0.22	1.46
roof	-0.22	1.56
options	-0.22	1.85
assumption	-0.22	2.18
rate	-0.22	1.68
sterilization	-0.22	1.67
early	-0.22	1.99
dramatic	-0.22	1.66
first	-0.22	2.23
walk	-0.22	2.05
alarm	-0.22	1.43
advise	-0.22	1.84
lottery	-0.22	1.41
came	-0.22	2.48
ligation	-0.22	1.70
requests	-0.22	1.73
involve	-0.22	1.68
direction	-0.22	1.63
lay	-0.22	1.53
referred	-0.22	2.02
lower	-0.22	1.60
non	-0.22	1.59
onto	-0.22	1.63
5	-0.22	1.96
scar	-0.22	1.49
weddings	-0.21	1.43
overall	-0.21	1.60
agenda	-0.21	1.80
identify	-0.21	1.91
score	-0.21	1.31
problem	-0.21	3.26
overcome	-0.21	1.63
200	-0.21	1.61
surface	-0.21	1.39
40s	-0.21	1.94
temporary	-0.21	1.51
expectations	-0.21	1.73
fill	-0.21	1.43
accident	-0.21	1.89
satisfying	-0.21	1.94
fertile	-0.21	1.60
emotions	-0.21	1.69
next	-0.21	1.93
drain	-0.21	1.55
secret	-0.21	1.71
therapist	-0.21	1.94
2	-0.21	1.93
similarly	-0.21	1.90
2.5	-0.21	1.98
mall	-0.20	1.44
move	-0.20	2.53
neglected	-0.20	1.60
remove	-0.20	1.58
asexual	-0.20	1.78
territory	-0.20	1.66
ending	-0.20	1.67
seek	-0.20	2.00
trolling	-0.20	1.93
vision	-0.20	1.63
somehow	-0.20	2.46
insist	-0.20	1.87
power	-0.20	1.95
1	-0.20	2.09
males	-0.20	1.81
lights	-0.20	1.40
back	-0.20	2.57
conflict	-0.20	1.84
chose	-0.20	2.26
different	-0.20	1.86
laying	-0.20	1.33
point	-0.20	3.80
foot	-0.20	1.54
job	-0.20	1.58
medical	-0.20	1.67
changed	-0.20	2.47
prior	-0.20	1.82
purpose	-0.20	1.89
procedures	-0.20	1.64
follow	-0.20	1.81
arguments	-0.20	1.97
grounds	-0.20	1.68
reserved	-0.20	1.53
stall	-0.19	1.40
once	-0.19	2.86
pants	-0.19	1.15
teaches	-0.19	1.48
nursing	-0.19	1.67
again	-0.19	3.38
spectrum	-0.19	1.58
asked	-0.19	2.63
folks	-0.19	1.94
nanny	-0.19	1.50
starving	-0.19	1.40
walmart	-0.19	1.33
him/her	-0.19	2.09
30s	-0.19	2.07
although	-0.19	3.00
hat	-0.19	1.34
requirements	-0.19	1.67
pro	-0.19	2.01
backwards	-0.19	1.66
passed	-0.19	1.68
meaningless	-0.19	1.50
stock	-0.19	1.11
freaking	-0.19	1.87
continued	-0.19	1.68
saw	-0.19	2.19
position	-0.19	2.42
unit	-0.19	1.41
bucks	-0.19	1.91
wear	-0.19	1.18
assuming	-0.19	3.29
neighbors	-0.19	1.47
humanity	-0.19	1.50
calmly	-0.19	2.05
50	-0.19	2.01
preschool	-0.19	1.47
10	-0.18	2.01
landlord	-0.18	1.55
minds	-0.18	2.47
partially	-0.18	1.50
ignore	-0.18	2.16
wont	-0.18	2.90
encouraged	-0.18	1.81
draw	-0.18	1.53
attempting	-0.18	2.26
created	-0.18	1.49
option	-0.18	2.14
killing	-0.18	1.43
questioning	-0.18	1.96
hoped	-0.18	2.25
noticed	-0.18	2.38
neither	-0.18	2.89
stare	-0.18	1.55
strategy	-0.18	1.81
somewhere	-0.18	2.71
machines	-0.18	1.28
liberal	-0.18	1.69
pressure	-0.18	1.70
1000	-0.18	1.67
policy	-0.18	1.61
ll	-0.18	3.34
heartbeat	-0.18	1.86
shirt	-0.18	1.20
roles	-0.18	1.69
technically	-0.18	2.36
gut	-0.18	1.68
tried	-0.18	2.46
prescription	-0.18	1.61
take	-0.18	2.77
really	-0.18	3.36
graphic	-0.18	1.51
iirc	-0.18	1.54
insurance	-0.18	1.56
expert	-0.17	2.01
tubal	-0.17	1.75
voted	-0.17	2.08
from	-0.17	2.48
yet	-0.17	3.42
equal	-0.17	1.83
silence	-0.17	1.24
discuss	-0.17	2.47
size	-0.17	1.50
weight	-0.17	1.22
held	-0.17	1.54
fake	-0.17	1.56
birth	-0.17	1.68
naked	-0.17	1.39
arrested	-0.17	1.61
employment	-0.17	1.61
methods	-0.17	1.65
denied	-0.17	1.80
counseling	-0.17	1.92
auntie	-0.17	1.92
yell	-0.17	1.75
machine	-0.17	1.30
policies	-0.17	1.61
yourself	-0.17	2.84
giant	-0.17	1.37
4	-0.17	1.95
persons	-0.17	1.63
settle	-0.17	2.56
names	-0.17	1.65
cut	-0.17	1.67
continues	-0.17	1.73
cart	-0.17	1.45
miscarriages	-0.17	1.78
reminded	-0.17	1.43
viewed	-0.17	1.49
herself	-0.16	2.30
years	-0.16	2.15
guaranteed	-0.16	1.88
skin	-0.16	1.30
imaginary	-0.16	1.38
planned	-0.16	1.85
attempts	-0.16	1.85
dies	-0.16	2.15
interest	-0.16	2.11
ban	-0.16	1.79
psych	-0.16	1.67
object	-0.16	1.40
consequence	-0.16	1.62
minority	-0.16	1.80
cultures	-0.16	1.86
teach	-0.16	1.71
cure	-0.16	1.46
99	-0.16	1.55
6	-0.16	1.95
liability	-0.16	1.64
comes	-0.16	2.38
terminate	-0.16	1.89
80	-0.16	2.00
promptly	-0.16	1.97
aborted	-0.16	1.66
enforce	-0.16	1.73
witnessed	-0.15	1.77
dedicated	-0.15	1.51
procreation	-0.15	1.76
shape	-0.15	1.84
drugs	-0.15	1.39
theirs	-0.15	2.16
increasing	-0.15	1.67
stepped	-0.15	1.94
demographic	-0.15	1.66
awhile	-0.15	2.19
authority	-0.15	1.84
down	-0.15	2.09
forces	-0.15	1.59
over	-0.15	2.35
90	-0.15	1.96
coverage	-0.15	1.58
limits	-0.15	1.72
juice	-0.15	1.09
levels	-0.15	1.51
doors	-0.15	1.45
turned	-0.15	2.41
laws	-0.15	1.69
300	-0.15	1.77
ended	-0.15	1.89
employer	-0.15	1.60
away	-0.15	2.32
economic	-0.15	1.61
suggests	-0.15	1.77
leads	-0.15	1.61
20	-0.15	2.14
mark	-0.15	1.59
pharmacy	-0.15	1.40
amounts	-0.14	1.51
meet	-0.14	2.46
set	-0.14	1.76
falling	-0.14	1.70
hang	-0.14	2.50
chosen	-0.14	1.95
run	-0.14	1.96
red	-0.14	1.20
rights	-0.14	1.67
prime	-0.14	1.36
sized	-0.14	1.44
refund	-0.14	1.76
d	-0.14	3.41
grows	-0.14	1.66
bag	-0.14	1.28
upfront	-0.14	2.00
lack	-0.14	1.57
damaged	-0.14	1.46
versus	-0.14	1.67
roll	-0.14	1.51
balance	-0.14	1.68
woke	-0.14	1.49
inviting	-0.14	2.02
400	-0.14	1.84
casually	-0.14	2.07
overpopulation	-0.14	1.70
drunk	-0.14	1.52
react	-0.14	2.23
explained	-0.14	2.29
central	-0.14	1.83
bound	-0.14	1.71
involved	-0.14	1.60
full-time	-0.14	1.49
instant	-0.14	1.63
hit	-0.14	1.64
effective	-0.13	1.67
millions	-0.13	1.66
importance	-0.13	1.69
mass	-0.13	1.52
sounds	-0.13	2.06
accommodate	-0.13	1.87
naive	-0.13	1.31
given	-0.13	2.26
target	-0.13	1.42
boss	-0.13	1.59
cos	-0.13	1.98
40	-0.13	2.37
habit	-0.13	1.54
boot	-0.13	1.56
wasted	-0.13	1.70
sucks	-0.13	2.06
wait	-0.13	2.88
argument	-0.13	2.41
intend	-0.13	2.56
test	-0.13	1.54
counselor	-0.13	1.72
locked	-0.13	1.47
discussed	-0.13	2.37
fantasy	-0.13	1.38
open	-0.13	1.57
min	-0.13	1.88
holes	-0.13	1.55
setting	-0.13	1.63
covers	-0.13	1.53
sex	-0.13	1.90
behaving	-0.13	1.76
folk	-0.13	1.76
single	-0.13	2.30
hiding	-0.13	1.95
downvoting	-0.13	1.95
prison	-0.13	1.56
testing	-0.13	1.50
rural	-0.13	1.84
sterilize	-0.13	2.09
lawyers	-0.13	1.50
victims	-0.13	1.45
until	-0.13	2.61
spite	-0.13	1.69
average	-0.13	1.68
event	-0.13	1.46
legacy	-0.13	2.04
probably	-0.13	3.42
turning	-0.13	2.28
right	-0.12	3.86
village	-0.12	1.67
negatively	-0.12	2.23
equipment	-0.12	1.32
laughed	-0.12	1.76
row	-0.12	1.55
100	-0.12	2.36
hole	-0.12	1.49
further	-0.12	2.20
correctly	-0.12	1.88
3rd	-0.12	1.59
cons	-0.12	1.72
nurses	-0.12	1.62
rip	-0.12	1.63
pressures	-0.12	1.69
create	-0.12	1.59
spreading	-0.12	1.57
hits	-0.12	1.69
lawsuit	-0.12	1.74
legitimate	-0.12	1.66
aisle	-0.12	1.51
discussing	-0.12	2.28
prove	-0.12	2.06
memories	-0.12	1.44
feed	-0.12	1.43
snow	-0.12	1.12
fight	-0.12	1.74
treats	-0.12	2.68
environmental	-0.12	1.73
irl	-0.12	2.54
handicapped	-0.12	1.49
logic	-0.12	2.12
ultimately	-0.12	1.72
loose	-0.12	1.30
only	-0.12	3.52
vasectomies	-0.12	1.71
protecting	-0.12	1.79
conception	-0.12	1.69
contraception	-0.12	1.69
60	-0.12	2.04
charge	-0.12	1.51
pulling	-0.12	1.51
demand	-0.11	1.96
portion	-0.11	1.62
belly	-0.11	1.39
strollers	-0.11	1.49
control	-0.11	1.67
involves	-0.11	1.61
statement	-0.11	2.45
partly	-0.11	1.59
cells	-0.11	1.63
town	-0.11	1.86
parenthood	-0.11	1.56
forms	-0.11	1.65
pounds	-0.11	1.62
dr	-0.11	1.54
carbon	-0.11	1.75
refused	-0.11	2.17
schools	-0.11	1.48
torn	-0.11	1.45
perform	-0.11	1.88
physically	-0.11	1.63
rates	-0.11	1.61
wind	-0.11	1.56
legally	-0.11	1.93
living	-0.11	2.08
press	-0.11	1.57
adds	-0.11	1.46
ceremony	-0.11	1.47
fetus	-0.11	1.60
dose	-0.11	1.60
reached	-0.10	1.86
clip	-0.10	1.34
vas	-0.10	1.57
habits	-0.10	1.58
graduated	-0.10	1.81
world	-0.10	2.10
breeding	-0.10	1.41
requires	-0.10	1.72
already	-0.10	3.10
broke	-0.10	1.82
office	-0.10	1.56
bubble	-0.10	1.29
nerve	-0.10	1.47
under	-0.10	1.91
chain	-0.10	1.49
explains	-0.10	1.47
question	-0.10	2.81
safer	-0.10	1.63
unplanned	-0.10	1.90
abused	-0.10	1.56
place	-0.10	2.75
second	-0.10	2.11
quit	-0.10	1.56
suppose	-0.10	2.94
fruit	-0.10	1.22
violation	-0.10	1.80
invested	-0.10	1.60
fails	-0.10	1.74
upper	-0.10	1.41
injured	-0.10	1.70
confirmed	-0.10	1.82
delivered	-0.10	1.38
stfu	-0.10	1.84
priceless	-0.10	1.66
pocket	-0.10	1.60
crossed	-0.10	1.59
switch	-0.10	1.78
outta	-0.10	1.97
supervision	-0.10	1.82
30	-0.10	2.55
low	-0.10	1.62
speak	-0.09	2.55
figured	-0.09	2.63
takes	-0.09	2.00
norm	-0.09	1.70
behave	-0.09	1.98
moved	-0.09	2.10
eventually	-0.09	2.88
decided	-0.09	2.86
gtfo	-0.09	1.80
dolls	-0.09	2.64
biting	-0.09	1.51
showed	-0.09	1.82
stolen	-0.09	1.77
numbers	-0.09	1.57
approach	-0.09	1.75
camp	-0.09	1.43
approved	-0.09	1.90
stole	-0.09	1.45
37	-0.09	2.58
woman	-0.09	2.40
45	-0.09	2.15
previously	-0.09	2.26
went	-0.09	1.94
additionally	-0.09	1.49
put	-0.09	1.97
instantly	-0.09	1.85
teacher	-0.09	1.50
door	-0.09	1.53
past	-0.09	2.08
task	-0.09	1.49
southern	-0.09	1.78
across	-0.09	1.70
9	-0.09	1.99
actions	-0.09	1.87
porch	-0.09	1.42
marriages	-0.09	1.77
fair	-0.09	2.77
hours	-0.09	1.81
airline	-0.09	1.55
cultural	-0.09	1.63
urban	-0.09	1.58
reproducing	-0.09	1.78
slip	-0.09	1.91
eats	-0.08	1.81
per	-0.08	1.83
500	-0.08	1.79
greatly	-0.08	1.52
gun	-0.08	1.38
educate	-0.08	2.17
throughout	-0.08	1.48
speed	-0.08	1.50
combined	-0.08	1.63
intelligence	-0.08	1.61
shots	-0.08	1.58
31	-0.08	2.63
status	-0.08	1.82
fascinating	-0.08	1.98
34	-0.08	2.74
observation	-0.08	1.96
antibiotics	-0.08	1.75
led	-0.08	1.57
beside	-0.08	1.48
return	-0.08	2.17
freely	-0.08	1.84
around	-0.08	1.60
35	-0.08	2.56
worrying	-0.08	1.71
knock	-0.08	1.72
lap	-0.08	1.44
surgery	-0.08	1.63
trespassing	-0.08	1.51
parts	-0.08	1.67
evolution	-0.08	1.54
36	-0.08	2.64
fast	-0.08	1.79
accept	-0.08	2.56
full	-0.08	1.45
method	-0.08	1.70
selection	-0.08	1.47
hold	-0.08	1.86
visible	-0.08	1.54
quality	-0.08	1.56
dollars	-0.08	1.85
addict	-0.07	1.42
o.o	-0.07	1.95
modern	-0.07	1.48
seat	-0.07	1.50
reported	-0.07	1.56
college	-0.07	1.53
urge	-0.07	1.58
service	-0.07	1.42
33	-0.07	2.64
bomb	-0.07	1.71
upstairs	-0.07	1.49
regretted	-0.07	2.12
95	-0.07	1.69
live	-0.07	1.99
based	-0.07	2.01
asleep	-0.07	1.44
sterilized	-0.07	2.23
spaces	-0.07	1.49
stopping	-0.07	1.76
rush	-0.07	1.85
along	-0.07	2.86
miles	-0.07	1.76
drawn	-0.07	1.80
definition	-0.07	1.90
26	-0.07	2.64
hall	-0.07	1.48
gyno	-0.07	1.73
brush	-0.07	1.38
officer	-0.07	1.60
time	-0.07	2.54
shorter	-0.07	1.73
since	-0.07	3.03
projects	-0.07	1.42
managed	-0.07	1.98
breathe	-0.07	2.01
race	-0.07	1.61
way	-0.07	3.35
device	-0.07	1.32
driver	-0.07	1.42
regardless	-0.07	2.19
condom	-0.07	1.84
blue	-0.07	1.20
falls	-0.06	1.69
births	-0.06	1.65
told	-0.06	2.56
8	-0.06	2.00
spoke	-0.06	2.34
industry	-0.06	1.38
32	-0.06	2.64
texas	-0.06	1.84
yo	-0.06	1.70
investment	-0.06	1.83
refer	-0.06	1.95
dna	-0.06	1.65
elaborate	-0.06	1.82
resulting	-0.06	1.49
38	-0.06	2.60
29	-0.06	2.64
married	-0.06	2.67
respond	-0.06	2.77
hidden	-0.06	1.58
imho	-0.06	1.66
sides	-0.06	1.71
rules	-0.06	1.81
dealbreaker	-0.06	1.75
regrets	-0.06	2.33
beforehand	-0.06	1.90
aid	-0.06	1.70
others	-0.06	2.49
ability	-0.06	1.94
moral	-0.06	1.85
century	-0.06	1.67
maturity	-0.06	1.62
cities	-0.06	1.76
dress	-0.06	1.16
creating	-0.06	1.49
originally	-0.06	1.92
agreeing	-0.06	2.41
stairs	-0.06	1.66
south	-0.05	1.89
social	-0.05	1.62
potential	-0.05	1.65
competition	-0.05	1.57
cheating	-0.05	1.80
removing	-0.05	1.69
outside	-0.05	1.89
don't	-0.05	2.64
pregnancies	-0.05	1.75
27	-0.05	2.64
puts	-0.05	2.02
hospital	-0.05	1.58
agree	-0.05	3.67
cult	-0.05	1.48
ourselves	-0.05	2.11
expected	-0.05	2.16
deserve	-0.05	2.04
appearance	-0.05	1.63
faster	-0.05	1.76
offense	-0.05	2.01
25	-0.05	2.46
rich	-0.05	1.39
op	-0.05	3.51
dollar	-0.05	1.90
graduating	-0.05	1.57
breaking	-0.05	1.74
claims	-0.05	1.81
grad	-0.04	1.54
magically	-0.04	2.14
questions	-0.04	2.42
15	-0.04	2.10
black	-0.04	1.19
convenience	-0.04	1.41
o	-0.04	1.58
disappear	-0.04	1.71
tactic	-0.04	1.67
24	-0.04	2.49
empathy	-0.04	1.65
trend	-0.04	1.52
housing	-0.04	1.80
starting	-0.04	1.90
22	-0.04	2.60
convenient	-0.04	1.50
confusing	-0.04	2.87
basement	-0.04	1.46
breaks	-0.04	1.75
societal	-0.04	1.71
unborn	-0.04	1.65
abort	-0.04	1.91
george	-0.04	1.46
unpopular	-0.04	1.92
23	-0.04	2.61
above	-0.04	2.09
lesbian	-0.03	1.88
still	-0.03	3.53
lbs	-0.03	1.60
orange	-0.03	1.21
connected	-0.03	1.59
badly	-0.03	1.93
legal	-0.03	1.79
said	-0.03	3.21
every	-0.03	2.03
scars	-0.03	1.53
security	-0.03	1.56
arrive	-0.03	1.91
assumptions	-0.03	2.13
decline	-0.03	1.81
meals	-0.03	1.24
stories	-0.03	1.74
truck	-0.03	1.39
blunt	-0.03	1.82
working	-0.03	1.71
display	-0.03	1.47
between	-0.03	1.88
lining	-0.03	1.62
debate	-0.03	2.15
treated	-0.03	2.04
receive	-0.03	1.91
comparison	-0.03	1.69
seats	-0.03	1.48
attorney	-0.03	1.73
student	-0.03	1.57
figures	-0.03	1.41
drag	-0.03	1.91
fee	-0.03	1.70
ring	-0.03	1.48
anesthesia	-0.03	1.45
requirement	-0.02	1.65
perhaps	-0.02	2.75
ready	-0.02	2.78
cook	-0.02	1.25
learning	-0.02	2.03
offspring	-0.02	1.58
meds	-0.02	1.58
services	-0.02	1.55
etc	-0.02	1.19
required	-0.02	2.24
allergic	-0.02	1.57
work	-0.02	1.55
latter	-0.02	1.65
alcoholic	-0.02	1.43
patience	-0.02	1.65
chair	-0.02	1.48
motivation	-0.02	1.93
fine	-0.02	3.77
naturally	-0.02	1.61
patients	-0.02	1.80
contraceptives	-0.02	1.68
saved	-0.02	1.63
alternative	-0.02	1.81
classes	-0.02	1.49
adamantly	-0.02	2.17
rolling	-0.02	1.41
too	-0.02	3.19
spray	-0.02	1.35
honestly	-0.02	3.50
divorce	-0.02	1.87
carried	-0.02	1.55
grew	-0.02	1.64
moves	-0.02	1.97
waking	-0.02	1.53
ups	-0.02	1.84
paid	-0.02	1.77
satisfaction	-0.02	1.56
referral	-0.02	1.90
<SPECIAL>	-0.02	1.46
<URL>	-0.02	1.46
weigh	-0.02	1.73
protection	-0.02	1.64
pointed	-0.02	2.29
generations	-0.02	1.68
year	-0.02	2.10
sexual	-0.02	1.63
interview	-0.02	1.87
confirmation	-0.02	1.52
neighbor	-0.02	1.47
track	-0.01	1.33
trick	-0.01	1.33
groceries	-0.01	1.45
donor	-0.01	1.56
length	-0.01	1.62
pays	-0.01	1.68
highest	-0.01	1.63
maternity	-0.01	1.67
body	-0.01	1.51
officially	-0.01	1.83
clock	-0.01	1.80
doll	-0.01	1.17
pretending	-0.01	1.56
billion	-0.01	1.85
zero	-0.01	1.99
store	-0.01	1.35
table	-0.01	1.35
always	-0.01	3.26
affected	-0.01	1.82
truly	-0.01	2.08
bullying	-0.01	1.48
criminal	-0.01	1.66
cold	-0.01	1.25
peers	-0.01	1.66
engage	-0.01	2.09
conceive	-0.01	1.85
paperwork	-0.01	1.77
theaters	-0.01	1.58
pros	-0.01	1.89
businesses	-0.01	1.58
paternity	-0.01	1.76
sitter	-0.01	1.71
grow	-0.01	1.97
instead	-0.01	1.93
emergency	-0.01	1.82
require	-0.00	1.85
ops	-0.00	2.08
parking	-0.00	1.50
moving	-0.00	2.33
troll	-0.00	1.82
1/2	-0.00	1.90
romance	-0.00	1.63
purely	-0.00	1.80
public	-0.00	1.61
official	-0.00	1.73
signing	0.00	1.87
spots	0.00	1.49
exit	0.00	1.82
larger	0.00	1.44
effort	0.00	1.90
vasectomy	0.00	1.99
marry	0.00	2.40
tub	0.00	1.31
fall	0.00	1.76
womb	0.00	1.54
engaged	0.00	2.09
ways	0.00	2.37
properly	0.00	2.27
18	0.01	2.22
abortions	0.01	1.79
female	0.01	2.39
pride	0.01	1.33
ticking	0.01	2.03
chairs	0.01	1.48
happily	0.01	2.53
holds	0.01	1.90
despise	0.01	2.18
gas	0.01	1.35
includes	0.01	1.50
voluntary	0.01	1.91
learned	0.01	1.89
differently	0.01	2.50
airplane	0.01	1.44
appointments	0.01	1.65
safely	0.01	2.05
fertility	0.01	1.63
statistics	0.01	1.60
r/raisedbynarcissists	0.01	1.82
deaf	0.01	1.48
exceptions	0.01	2.01
disabled	0.01	1.52
dumped	0.01	1.83
doc	0.01	1.79
amount	0.01	1.78
stealing	0.01	1.58
week	0.01	1.66
closing	0.01	1.61
fourth	0.01	1.61
actually	0.01	3.44
action	0.01	1.69
circles	0.01	1.55
effectively	0.01	1.85
corporate	0.01	1.53
instincts	0.02	1.58
pair	0.02	1.25
previous	0.02	1.89
possibilities	0.02	1.80
opened	0.02	1.44
21	0.02	2.32
development	0.02	1.47
duties	0.02	1.63
fond	0.02	2.02
closed	0.02	1.56
suggest	0.02	2.26
slowly	0.02	1.89
law	0.02	1.74
room	0.02	1.44
motherhood	0.02	1.18
answered	0.02	2.43
university	0.02	1.54
city	0.02	1.95
rooms	0.02	1.43
mile	0.02	1.78
federal	0.02	1.68
condoms	0.02	1.73
exactly	0.02	3.77
frame	0.02	1.51
dynamic	0.02	2.04
tuition	0.02	1.62
desire	0.02	1.80
shame	0.02	1.71
belief	0.02	1.93
guns	0.02	1.61
theres	0.02	1.76
unmarried	0.02	2.31
states	0.02	1.81
praise	0.02	1.52
examples	0.02	1.88
reports	0.02	1.63
desk	0.03	1.49
now	0.03	3.39
approval	0.03	1.70
net	0.03	1.70
dream	0.03	2.39
green	0.03	1.18
potato	0.03	1.22
studying	0.03	1.50
however	0.03	3.52
upvoted	0.03	1.82
record	0.03	1.48
proof	0.03	2.18
appears	0.03	1.55
male	0.03	2.08
bedrooms	0.03	1.49
experiences	0.03	1.76
admitted	0.03	1.94
africa	0.03	1.89
valuable	0.03	1.78
gay	0.03	1.97
session	0.03	1.53
stated	0.03	2.42
grasp	0.03	2.35
brains	0.03	1.69
usa	0.03	1.81
entertaining	0.03	1.54
keeps	0.03	1.87
financial	0.03	1.72
wallet	0.03	1.44
tears	0.03	1.27
sit	0.03	1.51
value	0.03	1.83
strip	0.03	1.66
girls	0.04	1.77
state	0.04	1.77
walking	0.04	1.80
shop	0.04	1.47
men	0.04	1.90
payments	0.04	1.65
reduce	0.04	1.59
smoking	0.04	1.55
weak	0.04	1.47
pay	0.04	1.68
28	0.04	2.64
mentioned	0.04	2.27
surgical	0.04	1.66
opposite	0.04	2.40
dick	0.04	1.90
obligations	0.04	1.80
blocking	0.04	1.56
incapable	0.04	1.67
mr	0.04	1.58
trap	0.04	1.67
owns	0.04	2.78
hospitals	0.04	1.59
song	0.04	1.50
closer	0.04	1.57
graduation	0.04	1.42
payment	0.04	1.67
shopping	0.04	1.56
instinct	0.04	1.65
house	0.04	1.72
marrying	0.04	2.09
bodies	0.04	1.68
parked	0.04	1.45
air	0.04	1.40
improve	0.04	1.79
east	0.04	1.85
skills	0.04	1.63
afford	0.04	2.21
lock	0.05	1.66
traffic	0.05	1.41
meeting	0.05	2.16
appear	0.05	1.83
rotten	0.05	1.10
spent	0.05	1.69
proves	0.05	1.80
produce	0.05	1.71
semester	0.05	1.52
babysitter	0.05	1.50
theater	0.05	1.40
consent	0.05	1.84
suv	0.05	1.44
spot	0.05	1.49
crib	0.05	1.41
passengers	0.05	1.55
consequences	0.05	1.71
graduate	0.05	1.60
treatments	0.05	1.52
window	0.05	1.59
agreement	0.05	1.78
penis	0.05	1.51
biologically	0.05	1.69
winning	0.05	1.33
consult	0.05	1.88
document	0.05	1.82
functions	0.05	1.65
places	0.05	2.00
seconds	0.05	1.97
poorly	0.05	2.03
finishing	0.05	1.63
beliefs	0.05	1.93
universe	0.05	1.29
sahm	0.05	1.62
replacement	0.05	1.55
dont	0.05	2.81
signs	0.05	1.58
drove	0.05	1.71
united	0.05	1.66
asap	0.06	2.23
campaign	0.06	1.56
lived	0.06	1.89
lawyer	0.06	1.84
realistic	0.06	1.52
fees	0.06	1.67
wage	0.06	1.57
vice	0.06	1.74
speaks	0.06	1.95
points	0.06	2.22
political	0.06	1.81
bucket	0.06	1.42
finished	0.06	1.68
thus	0.06	1.73
additional	0.06	1.55
resources	0.06	1.77
purse	0.06	1.35
group	0.06	1.85
paying	0.06	1.69
healthcare	0.06	1.58
gods	0.06	1.65
survive	0.06	1.72
defined	0.06	1.84
apart	0.06	1.66
failure	0.06	1.69
chat	0.06	2.07
minimum	0.06	1.71
hour	0.06	1.78
west	0.06	1.81
battle	0.06	1.33
beginning	0.07	1.78
u.s	0.07	1.94
announce	0.07	2.12
understands	0.07	2.91
producing	0.07	1.69
cuts	0.07	1.53
breath	0.07	1.40
circle	0.07	1.51
closet	0.07	1.46
commenting	0.07	2.14
mortgage	0.07	1.66
adjust	0.07	2.02
bill	0.07	1.70
driving	0.07	1.46
idk	0.07	2.15
wheelchair	0.07	1.55
special	0.07	1.77
area	0.07	1.98
compassion	0.07	1.66
shall	0.07	1.54
ethical	0.07	1.85
dictate	0.07	2.13
lease	0.07	1.68
opt	0.07	1.79
serving	0.07	1.38
cave	0.07	1.58
snap	0.07	1.62
unprotected	0.07	1.80
fairly	0.07	1.94
coast	0.07	1.81
ad	0.07	1.51
advance	0.07	1.85
windows	0.07	1.50
phd	0.07	1.57
entertainment	0.07	1.41
communication	0.07	1.85
basket	0.07	1.35
war	0.08	1.42
suck	0.08	1.83
meanwhile	0.08	1.39
candy	0.08	1.26
received	0.08	1.86
handy	0.08	1.78
education	0.08	1.55
mandatory	0.08	1.87
seating	0.08	1.53
flight	0.08	1.50
carrier	0.08	1.38
7	0.08	1.96
business	0.08	2.20
neighbours	0.08	1.50
egg	0.08	1.42
unlike	0.08	1.62
meme	0.08	1.57
music	0.08	1.31
appropriately	0.08	2.24
wonders	0.08	1.59
opinion	0.08	2.44
ease	0.08	1.65
loans	0.08	1.68
shift	0.08	1.49
mine	0.08	2.37
supply	0.08	1.72
showing	0.08	1.70
hook	0.08	1.79
nurse	0.08	1.67
developing	0.08	1.66
pulled	0.08	1.75
direct	0.08	1.91
another	0.08	2.25
shifts	0.08	1.48
areas	0.08	1.71
banned	0.08	1.80
knowing	0.08	2.93
responsibilities	0.09	1.69
cost	0.09	1.76
consultation	0.09	1.81
sign	0.09	1.88
thought	0.09	3.24
beating	0.09	1.54
term	0.09	1.62
clinic	0.09	1.70
trolls	0.09	1.90
manner	0.09	1.65
faces	0.09	1.41
childfree	0.09	2.32
gate	0.09	1.55
designed	0.09	1.73
serial	0.09	1.81
wins	0.09	1.93
follows	0.09	1.82
answer	0.09	3.19
primarily	0.09	1.65
lives	0.09	1.82
mentally	0.09	1.71
19	0.09	2.38
stroller	0.09	1.49
pulls	0.09	2.01
dammit	0.09	1.79
fucker	0.09	1.52
expenses	0.09	1.72
middle	0.09	1.54
reveal	0.09	1.61
age	0.10	2.39
court	0.10	1.91
staring	0.10	1.43
chunk	0.10	1.62
building	0.10	1.49
masters	0.10	1.60
gp	0.10	1.75
we	0.10	3.32
makeup	0.10	1.09
took	0.10	2.02
supplies	0.10	1.44
costs	0.10	1.75
core	0.10	1.79
opportunity	0.10	2.10
24/7	0.10	1.76
debt	0.10	1.69
genuine	0.10	1.59
turns	0.10	1.99
economy	0.10	1.57
him	0.10	3.01
16	0.10	2.18
plane	0.10	1.48
shout	0.10	1.77
pepper	0.10	1.19
beneficial	0.10	1.46
biology	0.10	1.55
third	0.10	1.87
supports	0.10	2.51
roads	0.10	1.48
apartment	0.10	1.60
collect	0.10	1.41
label	0.10	2.02
reviews	0.10	1.60
everyday	0.10	1.86
tape	0.10	1.46
address	0.11	1.94
shake	0.11	1.73
75	0.11	1.80
urologist	0.11	1.81
atheist	0.11	1.81
long-term	0.11	1.69
elsewhere	0.11	2.01
activity	0.11	1.68
autistic	0.11	1.50
handling	0.11	1.87
rated	0.11	1.62
sugar	0.11	1.07
signed	0.11	1.93
expense	0.11	1.72
base	0.11	1.61
justification	0.11	1.96
contract	0.11	1.81
rent	0.11	1.69
society	0.11	1.81
loan	0.11	1.70
minute	0.11	1.95
sake	0.11	1.52
unwanted	0.11	1.82
shooting	0.11	1.58
commitment	0.11	1.89
reproduction	0.11	1.64
focusing	0.11	1.82
license	0.11	1.61
route	0.11	1.82
north	0.11	1.80
neutral	0.11	1.56
nail	0.12	1.39
cop	0.12	1.47
newborn	0.12	1.35
twist	0.12	1.70
cares	0.12	2.88
destroyed	0.12	1.41
sidewalk	0.12	1.60
host	0.12	1.50
quickly	0.12	2.30
uni	0.12	1.66
assistance	0.12	1.77
surgeon	0.12	1.74
magic	0.12	1.43
nhs	0.12	1.69
sticks	0.12	1.39
learn	0.12	2.07
brought	0.12	2.10
maternal	0.12	1.62
wall	0.12	1.57
snacks	0.12	1.22
facts	0.12	2.20
nearest	0.12	1.66
march	0.12	1.86
normal	0.12	1.97
arrived	0.12	1.88
universal	0.13	1.39
attend	0.13	1.57
terms	0.13	1.71
ie	0.13	1.58
lecture	0.13	1.36
cross	0.13	1.50
nicely	0.13	2.19
bills	0.13	1.69
forward	0.13	2.01
planet	0.13	1.71
snipped	0.13	2.34
coat	0.13	1.08
treat	0.13	2.03
peoples	0.13	1.64
guests	0.13	1.51
shares	0.13	1.96
needle	0.13	1.49
evidence	0.13	1.99
planning	0.13	2.48
70	0.13	1.94
salary	0.13	1.60
appointment	0.13	1.78
taught	0.13	1.78
phrase	0.13	1.89
thin	0.13	1.45
ms	0.13	1.64
primary	0.13	1.65
moon	0.13	1.51
plan	0.13	2.28
ads	0.14	1.39
dated	0.14	2.27
degrees	0.14	1.53
show	0.14	1.40
accidental	0.14	1.90
design	0.14	1.47
last	0.14	1.87
dads	0.14	1.78
visits	0.14	1.75
kill	0.14	1.80
pp	0.14	1.75
looks	0.14	1.57
currently	0.14	1.92
halfway	0.14	1.73
doctor	0.14	1.83
medicine	0.14	1.46
upside	0.14	1.66
drive	0.14	1.51
bedroom	0.14	1.54
library	0.14	1.44
ticket	0.14	1.56
survival	0.14	1.63
groups	0.14	1.67
capacity	0.14	1.59
whatnot	0.14	1.61
handled	0.14	1.80
procreate	0.14	1.68
females	0.14	1.80
overtime	0.15	1.60
category	0.15	1.66
politely	0.15	2.15
actual	0.15	1.69
request	0.15	1.96
olds	0.15	1.94
asian	0.15	1.65
allows	0.15	1.95
intention	0.15	2.21
sperm	0.15	1.62
county	0.15	1.74
old	0.15	2.25
water	0.15	1.20
bits	0.15	1.40
slide	0.15	1.81
estate	0.15	1.47
playground	0.15	1.64
sticker	0.15	1.56
clinics	0.15	1.74
factory	0.15	1.33
ship	0.15	1.42
mere	0.15	1.70
voting	0.15	1.75
little	0.15	1.23
receiving	0.15	1.78
reverse	0.15	1.65
late	0.15	1.99
hair	0.16	1.21
soon	0.16	2.71
hide	0.16	1.84
operation	0.16	1.75
load	0.16	1.52
timmy	0.16	1.44
rabies	0.16	1.67
custody	0.16	1.71
whoa	0.16	1.72
earth	0.16	1.59
apartments	0.16	1.64
retired	0.16	1.83
politics	0.16	1.80
magazine	0.16	1.69
elderly	0.16	1.71
bus	0.16	1.52
drives	0.16	1.67
implied	0.16	2.31
blind	0.16	1.56
biological	0.16	1.66
glasses	0.16	1.19
western	0.16	1.79
everything	0.16	3.34
backed	0.17	1.74
discussions	0.17	1.85
gym	0.17	1.36
demanded	0.17	1.83
chaos	0.17	1.47
cheat	0.17	1.97
drops	0.17	1.76
guest	0.17	1.49
establishment	0.17	1.48
paycheck	0.17	1.70
warning	0.17	1.56
speech	0.17	1.52
government	0.17	1.67
professionals	0.17	1.56
scheduled	0.17	1.86
car	0.17	1.52
17	0.17	2.24
aside	0.17	1.83
organs	0.17	1.38
blocked	0.17	1.67
exam	0.17	1.68
degree	0.17	1.59
abandon	0.17	1.90
review	0.17	1.72
qualify	0.17	1.66
airport	0.18	1.57
attended	0.18	1.50
responded	0.18	2.46
sometime	0.18	2.25
firmly	0.18	1.86
country	0.18	1.87
bank	0.18	1.64
sets	0.18	1.53
played	0.18	2.62
concert	0.18	1.48
stance	0.18	2.05
seriousness	0.18	2.03
retire	0.18	1.90
painting	0.18	1.39
accounts	0.18	1.77
tight	0.18	1.42
vehicle	0.18	1.40
neighborhood	0.18	1.58
perceived	0.18	1.52
develop	0.18	1.76
wander	0.18	1.80
taxes	0.18	1.65
cue	0.18	1.55
usual	0.18	1.36
brown	0.18	1.18
decisions	0.18	2.02
function	0.18	1.73
raw	0.18	1.29
intent	0.19	2.12
till	0.19	2.02
mixed	0.19	1.54
private	0.19	1.57
quietly	0.19	1.44
main	0.19	1.78
stamps	0.19	1.67
explicitly	0.19	2.24
yourselves	0.19	2.01
tax	0.19	1.68
55	0.19	1.90
announced	0.19	1.89
energy	0.19	1.71
invitation	0.19	1.62
welfare	0.19	1.69
solution	0.19	2.38
bottles	0.19	1.24
identity	0.19	1.33
countries	0.19	1.80
benefit	0.19	1.94
clothing	0.20	1.23
lesson	0.20	1.68
native	0.20	1.78
notes	0.20	1.50
jobs	0.20	1.47
laid	0.20	1.48
reliable	0.20	1.72
golden	0.20	1.46
street	0.20	1.60
sun	0.20	1.50
12	0.20	2.00
structure	0.20	1.78
accidents	0.20	2.03
nuclear	0.20	1.49
represent	0.20	2.01
master	0.20	1.53
santa	0.20	1.50
escape	0.20	1.79
showers	0.20	1.55
board	0.20	1.69
cookie	0.20	1.29
fits	0.20	1.53
intentions	0.20	2.25
presented	0.21	1.71
money	0.21	1.87
votes	0.21	1.90
generation	0.21	1.71
dates	0.21	1.98
minivan	0.21	1.38
ranting	0.21	2.16
parties	0.21	1.53
sufficient	0.21	1.66
artist	0.21	1.54
location	0.21	1.81
childcare	0.21	1.55
virgin	0.21	1.79
lose	0.21	1.34
videos	0.21	1.37
professor	0.21	1.60
alert	0.21	1.66
shown	0.21	1.87
sacrifice	0.21	1.78
pink	0.21	1.22
couples	0.21	1.93
side	0.21	1.80
decision	0.21	2.07
individual	0.22	1.95
tradition	0.22	1.53
florida	0.22	1.80
lego	0.22	1.30
market	0.22	1.48
replaced	0.22	1.68
nearby	0.22	1.66
ties	0.22	1.67
personal	0.22	2.04
courtesy	0.22	1.71
communities	0.22	1.74
practice	0.22	1.62
himself	0.22	2.20
born	0.22	2.05
nyc	0.22	1.91
posters	0.22	1.99
abusing	0.22	1.59
growth	0.22	1.47
wedding	0.22	1.49
reproduce	0.22	1.64
intended	0.22	2.05
top	0.22	1.87
following	0.22	1.80
museum	0.22	1.52
gon	0.23	3.03
forgotten	0.23	1.70
bride	0.23	1.52
peas	0.23	1.42
families	0.23	1.84
babysitting	0.23	1.48
alcohol	0.23	1.44
poison	0.23	1.39
tests	0.23	1.56
psychology	0.23	1.64
sample	0.23	1.73
field	0.23	1.58
benefits	0.23	1.66
spare	0.23	1.55
meantime	0.23	2.17
path	0.23	1.90
says	0.23	3.10
fence	0.23	1.61
opinions	0.23	2.16
course	0.23	3.50
scene	0.23	1.45
soooo	0.23	1.91
also	0.23	3.50
youth	0.23	1.60
cash	0.23	1.70
bowl	0.23	1.30
venue	0.23	1.50
found	0.24	2.44
food	0.24	1.31
washington	0.24	1.79
invite	0.24	1.59
facility	0.24	1.55
canada	0.24	1.87
project	0.24	1.65
4th	0.24	1.78
protective	0.24	1.53
lifetime	0.24	1.38
wan	0.24	2.23
sarcastic	0.24	1.87
hm	0.24	2.03
bars	0.24	1.64
picking	0.24	1.78
paper	0.24	1.60
contest	0.24	1.56
date	0.24	2.35
loaded	0.24	1.49
someday	0.24	2.85
bags	0.25	1.29
eggs	0.25	1.43
knowledge	0.25	1.75
tastes	0.25	1.36
extra	0.25	1.79
gladly	0.25	2.10
reception	0.25	1.43
hunting	0.25	1.39
drama	0.25	1.47
penny	0.25	1.67
peppers	0.25	1.37
na	0.25	2.92
jewelry	0.25	1.44
applying	0.25	1.74
manners	0.25	1.81
lets	0.25	2.09
default	0.26	1.67
surprisingly	0.26	1.89
save	0.26	1.92
13	0.26	2.06
criticism	0.26	1.68
australia	0.26	1.84
unfriend	0.26	1.71
england	0.26	1.92
reduced	0.26	1.65
raises	0.26	1.64
forgetting	0.26	1.77
literal	0.26	1.61
ages	0.26	1.96
joy	0.26	1.30
commented	0.26	2.14
october	0.26	1.91
bar	0.26	1.71
cf	0.26	2.26
fit	0.26	1.76
shops	0.26	1.50
button	0.26	1.76
sends	0.26	1.91
material	0.26	1.54
subreddits	0.26	1.98
1st	0.27	1.82
watched	0.27	1.28
midnight	0.27	1.56
art	0.27	1.41
whim	0.27	1.85
addition	0.27	1.76
lifestyle	0.27	1.91
dentist	0.27	1.58
reproductive	0.27	1.89
van	0.27	1.28
prepared	0.27	2.00
explanation	0.27	2.07
credit	0.27	1.73
flights	0.27	1.52
sub	0.27	2.04
2nd	0.27	1.79
weed	0.27	1.37
americans	0.27	1.79
criteria	0.27	1.90
equivalent	0.27	1.68
provides	0.27	1.69
balls	0.28	1.68
ultrasound	0.28	1.91
driven	0.28	1.50
guardian	0.28	2.00
renting	0.28	1.61
humor	0.28	1.86
er	0.28	1.53
sooooo	0.28	1.92
contributing	0.28	1.76
st	0.28	1.66
discount	0.28	1.64
ny	0.28	1.95
tip	0.28	1.60
normally	0.28	1.82
slept	0.28	1.43
automatic	0.28	1.73
ivf	0.28	1.57
overnight	0.28	1.91
proven	0.28	1.71
subs	0.28	2.00
hardcore	0.28	1.73
homeless	0.28	1.47
island	0.28	1.74
though	0.28	3.50
explore	0.28	1.67
stores	0.29	1.44
killed	0.29	1.64
measures	0.29	1.81
build	0.29	1.61
valid	0.29	2.34
grey	0.29	1.33
accepted	0.29	1.89
limited	0.29	1.74
progress	0.29	1.55
lessons	0.29	1.57
queen	0.29	1.49
shrug	0.29	1.93
chip	0.29	1.34
priorities	0.29	2.09
streets	0.29	1.55
clients	0.29	1.60
play	0.29	1.51
nails	0.29	1.23
engagement	0.29	1.72
fool	0.29	1.71
okc	0.29	2.06
seattle	0.29	1.79
rental	0.29	1.51
developed	0.29	1.58
papers	0.29	1.79
plus	0.29	1.86
committed	0.29	1.68
reads	0.29	1.97
fund	0.29	1.75
hanging	0.30	1.63
heat	0.30	1.30
fashion	0.30	1.53
cheaper	0.30	1.61
each	0.30	2.22
lists	0.30	1.73
cheated	0.30	2.11
checks	0.30	1.76
paint	0.30	1.23
conversation	0.30	2.36
drawing	0.30	1.44
replied	0.30	2.59
american	0.30	1.75
invited	0.30	1.57
defense	0.30	1.62
independence	0.30	1.61
wake	0.30	1.58
vote	0.31	1.79
swimming	0.31	1.45
dig	0.31	1.79
privacy	0.31	1.60
practically	0.31	1.55
exchange	0.31	1.45
soccer	0.31	1.30
spouses	0.31	1.65
potty	0.31	1.41
chicago	0.31	1.82
threads	0.31	2.03
frozen	0.31	1.24
teenage	0.31	1.65
career	0.31	1.51
jeez	0.31	1.72
gold	0.31	1.47
importantly	0.31	1.57
ideal	0.31	1.49
shower	0.31	1.53
media	0.31	1.67
met	0.31	2.39
returned	0.31	1.71
reminding	0.31	2.29
savings	0.31	1.75
technology	0.31	1.33
collection	0.31	1.40
figuring	0.32	2.05
pot	0.32	1.26
model	0.32	1.45
budget	0.32	1.69
plant	0.32	1.32
climbing	0.32	1.61
road	0.32	1.61
baseball	0.32	1.34
sport	0.32	1.53
repeat	0.32	1.94
revolve	0.32	1.72
california	0.32	1.81
conversations	0.32	2.09
contrary	0.32	1.79
walls	0.32	1.39
transportation	0.32	1.58
oddly	0.32	1.59
referring	0.32	2.26
china	0.32	1.68
mrs	0.32	1.76
reading	0.32	1.92
climb	0.32	1.45
saving	0.33	2.02
hence	0.33	1.52
classmates	0.33	1.64
dirt	0.33	1.30
minded	0.33	1.45
standards	0.33	1.88
marriage	0.33	1.99
earn	0.33	1.66
romantic	0.33	1.93
skill	0.33	1.62
privilege	0.33	1.48
property	0.33	1.59
rants	0.33	1.98
ruin	0.33	1.59
long	0.34	2.21
professional	0.34	1.62
engineer	0.34	1.54
w	0.34	1.53
army	0.34	1.62
influence	0.34	1.65
viable	0.34	1.85
subreddit	0.34	2.05
engineering	0.34	1.55
subject	0.34	2.28
procedure	0.34	1.71
needed	0.34	2.39
fly	0.34	1.62
income	0.34	1.63
share	0.34	1.94
wives	0.34	1.78
france	0.34	1.82
silver	0.34	1.27
tour	0.34	1.51
today	0.34	1.86
invest	0.34	1.70
disregard	0.34	1.80
episodes	0.34	1.47
warn	0.34	2.26
ensure	0.34	1.92
philosophy	0.34	1.72
senior	0.34	1.76
gained	0.34	1.39
cameras	0.34	1.54
id	0.34	1.87
sales	0.35	1.46
pub	0.35	1.65
divorced	0.35	2.27
systems	0.35	1.40
compatible	0.35	2.13
consideration	0.35	1.86
powerful	0.35	1.53
regard	0.35	1.68
safety	0.35	1.74
generic	0.35	1.58
tools	0.35	1.51
program	0.35	1.59
friends	0.35	2.03
ahead	0.35	2.22
swing	0.35	1.49
exercise	0.35	1.50
episode	0.35	1.41
plastic	0.35	1.21
answers	0.35	2.15
filter	0.35	1.82
hers	0.36	2.64
focus	0.36	1.55
steal	0.36	1.71
garden	0.36	1.46
events	0.36	1.57
example	0.36	2.14
14	0.36	2.09
heck	0.36	2.24
famous	0.36	1.53
anecdotal	0.36	2.29
owned	0.36	1.42
funding	0.36	1.66
january	0.36	1.93
x	0.36	1.91
unfortunately	0.36	2.73
copy	0.36	1.91
bed	0.36	1.59
visit	0.36	2.11
challenge	0.36	1.53
system	0.36	1.69
proceed	0.36	1.68
friendships	0.36	1.82
theatre	0.36	1.45
diet	0.37	1.33
flew	0.37	1.67
minus	0.37	1.41
fed	0.37	1.29
images	0.37	1.65
pursue	0.37	1.68
junior	0.37	1.55
careful	0.37	1.87
clothes	0.37	1.35
rest	0.37	1.94
recipe	0.37	1.29
screen	0.37	1.41
replies	0.37	2.32
mommy	0.37	1.42
formal	0.37	1.58
awake	0.37	1.54
compared	0.37	1.49
selfless	0.38	1.65
introduce	0.38	1.74
fathers	0.38	1.81
schedule	0.38	1.66
team	0.38	1.34
chase	0.38	1.49
land	0.38	1.54
ordered	0.38	1.38
trade	0.38	1.78
account	0.38	1.76
opportunities	0.38	1.71
extent	0.38	1.63
yr	0.38	2.22
gently	0.38	1.77
successfully	0.38	1.67
items	0.38	1.55
venting	0.38	1.97
jump	0.38	1.68
earned	0.38	1.56
below	0.39	2.06
earlier	0.39	2.28
helping	0.39	1.80
print	0.39	1.73
em	0.39	2.15
japanese	0.39	1.73
followed	0.39	1.47
chinese	0.39	1.75
doctors	0.39	1.85
nope	0.39	2.19
surrogate	0.39	1.80
topics	0.39	2.15
casual	0.39	1.91
flying	0.39	1.49
fresh	0.39	1.21
catch	0.39	1.73
expects	0.40	2.96
failed	0.40	1.70
former	0.40	1.56
write	0.40	1.91
condolences	0.40	1.84
accomplish	0.40	2.29
his/her	0.40	1.77
band	0.40	1.34
fix	0.40	2.52
trophy	0.40	1.42
views	0.40	1.97
serves	0.40	1.58
young	0.40	2.17
f	0.40	2.01
topic	0.40	2.20
users	0.40	2.00
autonomy	0.40	1.70
responding	0.40	2.55
dodged	0.41	1.73
checking	0.41	1.77
excited	0.41	2.72
individuals	0.41	1.81
genius	0.41	1.66
bottom	0.41	1.87
pool	0.41	1.54
employed	0.41	1.69
wrap	0.41	1.75
worded	0.41	2.24
bear	0.41	1.68
december	0.41	1.81
cancel	0.41	1.69
liquor	0.41	1.44
eve	0.41	1.43
practical	0.41	1.73
july	0.42	1.93
downvotes	0.42	2.12
sites	0.42	1.94
junk	0.42	1.29
america	0.42	1.88
shoot	0.42	1.62
tool	0.42	1.71
citizens	0.42	1.65
patient	0.42	1.55
boundaries	0.42	1.76
adoption	0.42	1.80
partners	0.42	1.88
fyi	0.42	1.84
camera	0.42	1.49
destroying	0.43	1.34
records	0.43	1.71
gathering	0.43	1.54
section	0.43	1.75
nuisance	0.43	1.53
guide	0.43	1.74
check	0.43	1.96
steps	0.43	1.87
football	0.43	1.32
downvote	0.43	2.10
addressed	0.43	2.18
goes	0.43	2.30
lines	0.43	1.92
cant	0.43	2.22
item	0.43	1.48
seemingly	0.43	1.53
written	0.43	1.92
acceptance	0.43	1.57
available	0.43	1.79
extension	0.43	1.53
uk	0.43	2.05
replying	0.43	2.60
insisted	0.43	1.88
models	0.43	1.35
hoping	0.44	3.11
funds	0.44	1.68
eaten	0.44	1.45
stay	0.44	2.59
september	0.44	1.96
values	0.44	1.93
responses	0.44	2.10
answering	0.44	2.57
package	0.44	1.47
youtube	0.44	1.45
popular	0.44	1.56
cuz	0.44	2.11
dependent	0.44	1.52
watch	0.44	1.24
zone	0.44	1.55
regards	0.44	1.66
ours	0.44	1.80
searching	0.44	1.97
player	0.44	1.32
letter	0.44	1.93
downtown	0.45	1.68
meaning	0.45	2.19
okcupid	0.45	2.15
clicked	0.45	2.13
books	0.45	1.45
same	0.45	3.49
military	0.45	1.66
bite	0.45	1.52
opening	0.45	1.44
y'know	0.45	1.83
o_o	0.45	1.82
japan	0.45	1.87
lacking	0.45	1.82
define	0.46	1.83
germany	0.46	1.80
email	0.46	1.87
dunno	0.46	2.22
partner	0.46	2.17
john	0.46	1.53
okay	0.46	3.50
dating	0.46	2.22
arts	0.46	1.48
houses	0.46	1.51
london	0.46	1.69
pages	0.46	1.89
totally	0.46	2.88
restaurant	0.46	1.51
apology	0.46	1.95
attending	0.46	1.53
swim	0.46	1.48
boxes	0.46	1.43
funny	0.47	2.39
game	0.47	1.33
foods	0.47	1.27
send	0.47	2.01
cards	0.47	1.58
profit	0.47	1.68
plans	0.47	2.05
true	0.47	3.48
fulfill	0.47	1.66
realizes	0.47	2.89
fan	0.47	1.46
garage	0.47	1.46
spring	0.47	1.63
healthier	0.47	1.70
bundle	0.48	1.16
message	0.48	2.21
toy	0.48	1.31
thread	0.48	2.26
closest	0.48	1.66
anonymous	0.48	1.87
environment	0.48	1.64
reddit	0.48	2.02
strict	0.48	1.64
shoes	0.48	1.31
mods	0.48	2.06
sterile	0.48	1.92
shes	0.48	1.97
photos	0.48	1.76
maintain	0.48	1.72
pm	0.49	1.81
alive	0.49	1.62
gt	0.49	3.35
forgive	0.49	2.24
finances	0.49	1.67
ultimate	0.49	1.46
via	0.49	1.78
tickets	0.49	1.47
own	0.49	2.08
card	0.49	1.66
meaningful	0.49	1.58
canadian	0.49	1.75
provide	0.49	1.99
rely	0.49	1.57
replace	0.50	1.46
sleep	0.50	1.63
trees	0.50	1.36
stayed	0.50	1.50
chick	0.50	2.01
life	0.50	2.01
misery	0.50	2.14
definitely	0.50	3.28
recognized	0.50	1.83
child-free	0.50	1.98
script	0.50	1.61
soda	0.50	1.31
cfers	0.50	1.93
distance	0.50	1.81
tempted	0.51	2.25
slave	0.51	1.58
pursuing	0.51	1.70
bottle	0.51	1.29
enough	0.51	2.73
delete	0.51	1.87
split	0.51	1.95
recently	0.51	2.18
nature	0.51	1.78
colorado	0.52	1.87
access	0.52	1.76
sanity	0.52	1.52
math	0.52	1.83
listed	0.52	1.59
morning	0.52	1.61
built	0.52	1.46
11	0.52	2.01
oil	0.52	1.47
while	0.52	1.85
complex	0.52	1.60
recover	0.52	1.73
annual	0.52	1.56
flexible	0.52	1.54
sums	0.52	2.03
innocent	0.52	1.53
linked	0.52	2.06
movies	0.52	1.33
color	0.53	1.24
helpless	0.53	1.45
donate	0.53	1.61
basic	0.53	1.74
tuesday	0.53	1.67
yesterday	0.53	1.96
details	0.53	1.93
messages	0.53	1.97
forth	0.53	1.48
foreign	0.53	1.83
forum	0.53	2.02
wheel	0.53	1.46
honest	0.53	2.42
day	0.53	1.70
detail	0.53	1.80
miracle	0.53	1.35
winter	0.53	1.27
choices	0.53	2.05
insert	0.53	1.52
guess	0.53	3.45
video	0.54	1.30
monday	0.54	1.69
writing	0.54	1.83
gear	0.54	1.45
lunch	0.54	1.45
commercial	0.54	1.45
cars	0.54	1.38
species	0.54	1.67
sadly	0.54	2.55
updates	0.54	1.82
mini	0.54	1.48
scratch	0.54	1.53
fuckin	0.54	1.99
grown	0.54	1.75
butter	0.54	1.20
goals	0.54	1.86
tree	0.54	1.46
june	0.54	2.05
visiting	0.55	1.68
serve	0.55	1.52
dish	0.55	1.39
white	0.55	1.25
retirement	0.55	1.83
according	0.55	1.85
girl	0.55	2.07
ate	0.55	1.29
boarding	0.55	1.55
british	0.55	1.82
interests	0.55	1.77
respect	0.56	1.86
la	0.56	1.77
film	0.56	1.35
mail	0.56	1.81
fully	0.56	2.05
bones	0.56	1.50
cow	0.56	1.44
plate	0.56	1.48
laughing	0.56	1.86
bbq	0.56	1.50
use	0.56	1.95
imagined	0.56	2.33
roommate	0.56	1.66
smiling	0.57	1.53
heading	0.57	2.03
sources	0.57	1.95
lady	0.57	1.81
logical	0.57	2.03
r/childfree	0.57	1.93
personalities	0.57	1.77
comments	0.57	2.12
space	0.57	1.63
explaining	0.57	2.27
ideas	0.57	1.93
pieces	0.57	1.41
pray	0.57	1.59
pleased	0.57	2.34
desires	0.57	1.96
party	0.57	1.48
incorrect	0.57	3.28
sooo	0.57	1.65
smile	0.57	1.58
tattoo	0.58	1.58
organization	0.58	1.74
online	0.58	2.04
donation	0.58	1.73
he/she	0.58	1.95
science	0.58	1.65
french	0.58	1.91
win	0.58	1.86
spirit	0.58	1.44
posts	0.58	2.01
rain	0.58	1.39
watching	0.58	1.23
sent	0.58	1.87
adding	0.59	1.97
sports	0.59	1.33
blog	0.59	2.00
coworkers	0.59	1.74
anyway	0.59	3.42
series	0.59	1.28
accidentally	0.59	2.18
articles	0.59	1.89
fridge	0.59	1.33
prices	0.60	1.54
used	0.60	2.06
content	0.60	1.82
pound	0.60	1.63
shared	0.60	1.78
guy	0.60	2.21
fitting	0.60	1.48
convinced	0.60	2.33
site	0.60	2.00
short	0.60	1.71
colleagues	0.60	1.91
clubs	0.61	1.67
mutual	0.61	1.88
trusted	0.61	1.89
priority	0.61	1.66
bright	0.61	1.30
picked	0.61	1.76
unfollow	0.61	1.98
popcorn	0.61	1.44
smarter	0.61	1.76
cup	0.61	1.33
using	0.61	2.03
discover	0.62	1.54
provider	0.62	1.61
finding	0.62	2.08
latest	0.62	1.46
comic	0.62	1.33
craft	0.62	1.46
prevents	0.62	1.78
version	0.62	1.49
solved	0.62	1.82
served	0.62	1.38
comfort	0.62	1.74
author	0.63	1.84
friday	0.63	1.62
strength	0.63	1.61
quote	0.63	1.93
sweden	0.63	1.89
controlled	0.63	1.49
couch	0.63	1.39
sympathy	0.63	1.64
crack	0.63	1.54
posted	0.63	2.01
bike	0.63	1.53
search	0.63	2.00
facebook	0.64	1.83
packed	0.64	1.52
training	0.64	1.54
vegan	0.64	1.71
skip	0.64	1.78
overseas	0.64	1.74
hopefully	0.64	2.84
dancing	0.64	1.37
joined	0.64	1.80
boom	0.64	1.94
achieve	0.65	1.64
docs	0.65	2.04
wrote	0.65	2.34
moments	0.65	1.50
separated	0.65	1.68
exclusive	0.65	1.66
r	0.65	1.68
ok	0.66	3.43
grand	0.66	1.74
porn	0.66	1.44
drinks	0.66	1.37
co-workers	0.66	1.66
star	0.66	1.27
thoughts	0.66	1.90
hopes	0.66	2.04
sandwich	0.66	1.30
cents	0.66	1.93
local	0.66	1.64
blah	0.66	1.82
b	0.66	1.85
domestic	0.66	1.58
season	0.66	1.28
dear	0.67	1.65
ffs	0.67	1.72
europe	0.67	1.78
afternoon	0.67	1.62
data	0.67	1.66
spouse	0.67	1.83
established	0.67	1.72
t	0.67	1.75
drank	0.67	1.29
offered	0.67	2.09
approve	0.67	1.83
note	0.67	2.07
concerned	0.67	2.49
wrapped	0.67	1.40
photo	0.68	1.71
chicken	0.68	1.19
double	0.68	1.80
heads	0.68	1.70
scientific	0.68	1.86
experiment	0.68	1.78
charity	0.68	1.67
profile	0.68	1.92
bikes	0.68	1.45
joint	0.68	1.53
theory	0.68	1.98
ruined	0.68	1.17
code	0.68	1.63
heaven	0.68	1.51
c	0.68	1.81
granted	0.69	1.71
vegetarian	0.69	1.53
catching	0.69	1.44
post	0.69	2.23
movie	0.69	1.35
fishing	0.69	1.42
home	0.69	1.97
tv	0.69	1.23
princess	0.69	1.26
adoptive	0.69	1.62
woods	0.69	1.76
viewpoint	0.69	2.08
eat	0.69	1.29
chocolate	0.69	1.24
bread	0.70	1.19
creature	0.70	1.59
jokes	0.70	1.84
booked	0.70	1.64
saturday	0.70	1.63
donating	0.70	1.55
y	0.70	1.71
comment	0.70	2.44
gift	0.70	1.61
adult	0.71	1.81
provided	0.71	1.88
role	0.71	1.56
stability	0.71	1.68
enjoyable	0.71	1.48
carefully	0.71	1.69
dudes	0.71	2.12
remain	0.71	1.96
present	0.71	1.65
night	0.71	1.58
name	0.71	2.10
remaining	0.71	1.75
careers	0.71	1.47
natural	0.72	1.52
fb	0.72	1.87
april	0.72	1.88
support	0.72	1.76
bio	0.72	1.84
community	0.72	1.71
older	0.72	1.98
happening	0.72	3.18
here	0.73	2.53
sushi	0.73	1.38
page	0.73	2.01
cooking	0.73	1.51
list	0.73	2.07
york	0.73	1.68
book	0.73	1.71
bath	0.73	1.45
bullet	0.73	1.79
games	0.73	1.27
block	0.73	1.90
boat	0.74	1.63
analogy	0.74	2.27
wild	0.74	1.56
tank	0.74	1.41
heal	0.74	1.80
dance	0.74	1.49
beer	0.74	1.40
happiness	0.74	1.84
co-worker	0.74	1.86
worthwhile	0.74	1.82
price	0.74	1.60
drink	0.74	1.38
bacon	0.74	1.30
confidence	0.75	1.57
breakfast	0.75	1.48
festival	0.75	1.41
blanket	0.75	1.44
read	0.75	1.86
source	0.75	1.86
cooked	0.75	1.30
steak	0.75	1.33
bond	0.75	1.80
blessing	0.76	1.29
booze	0.76	1.49
members	0.76	1.69
audience	0.76	1.59
restaurants	0.76	1.55
suggestion	0.76	2.20
keep	0.76	2.18
strictly	0.76	1.67
bites	0.76	1.39
babysit	0.76	1.72
agreed	0.76	2.70
caring	0.76	1.72
characters	0.77	1.32
ai	0.77	2.13
poster	0.77	2.53
toys	0.77	1.28
picture	0.77	1.76
positive	0.77	1.39
breed	0.78	1.65
thankfully	0.78	2.16
mother	0.78	2.22
sold	0.78	1.46
agency	0.78	1.67
coffee	0.78	1.39
mate	0.78	1.87
financially	0.78	1.95
riding	0.79	1.53
lake	0.79	1.42
current	0.79	1.84
website	0.79	2.00
died	0.79	1.74
amazon	0.79	1.51
s/he	0.79	1.72
shows	0.79	1.30
baby	0.79	1.51
husbands	0.79	1.78
research	0.79	1.84
kiss	0.79	1.60
solid	0.80	1.68
weather	0.80	1.38
pizza	0.80	1.31
dinner	0.80	1.38
strong	0.80	1.59
activities	0.80	1.71
cheese	0.80	1.24
acquaintances	0.80	1.73
potatoes	0.80	1.28
lawn	0.80	1.51
cake	0.80	1.34
playing	0.81	1.34
he	0.81	2.98
boy	0.81	1.89
checked	0.81	1.92
coworker	0.81	1.85
yard	0.81	1.60
tomorrow	0.81	1.58
enjoyment	0.81	1.58
bay	0.81	1.62
xmas	0.81	1.50
ride	0.81	1.63
buddies	0.81	1.90
thrilled	0.81	2.52
gifts	0.82	1.46
consistent	0.82	1.76
k	0.82	1.86
quick	0.82	1.54
plants	0.82	1.47
dining	0.82	1.47
relatively	0.82	1.83
purchase	0.82	1.55
apple	0.82	1.37
steam	0.82	1.48
friendship	0.82	1.78
conscious	0.82	1.79
upvotes	0.82	1.86
goal	0.83	1.62
motorcycle	0.83	1.47
relatives	0.83	1.73
deleted	0.83	2.21
mountains	0.83	1.54
rock	0.83	1.56
programs	0.83	1.63
respecting	0.83	1.80
attractive	0.83	1.68
studies	0.84	1.85
pack	0.84	1.48
snowflakes	0.84	1.39
boys	0.84	1.87
member	0.84	1.71
keeping	0.84	1.93
anniversary	0.84	1.69
concerts	0.84	1.41
uses	0.85	2.68
maintenance	0.85	1.52
recent	0.85	1.70
classic	0.85	1.40
ironically	0.85	1.66
guys	0.85	2.32
relationship	0.85	1.91
relationships	0.85	1.82
nights	0.85	1.60
pics	0.86	1.69
tonight	0.86	1.70
whose	0.86	1.88
context	0.86	2.41
overwhelming	0.86	1.88
huh	0.86	2.28
adopt	0.86	2.06
box	0.86	1.32
case	0.86	3.21
preferably	0.87	1.62
birthday	0.87	1.49
cookies	0.87	1.27
civil	0.87	1.71
study	0.87	1.76
humans	0.87	1.77
sexy	0.88	1.40
backyard	0.88	1.54
meat	0.88	1.29
dreams	0.88	1.72
n	0.88	1.81
advanced	0.88	1.65
despite	0.89	1.70
language	0.89	2.09
sure	0.89	3.57
drinking	0.89	1.35
bull	0.89	1.43
celebrate	0.89	1.48
discussion	0.89	2.12
laptop	0.90	1.42
runs	0.90	2.50
confirm	0.90	1.96
volunteer	0.90	1.73
eating	0.90	1.28
ditto	0.90	1.39
interested	0.90	2.72
twins	0.91	1.84
til	0.91	2.06
responsible	0.91	1.83
wished	0.91	2.39
efforts	0.91	1.66
has	0.91	2.96
selling	0.92	1.58
funeral	0.92	1.70
text	0.92	1.97
kindly	0.92	2.20
girlfriends	0.93	1.94
occasion	0.93	1.46
hotel	0.93	1.46
cream	0.93	1.26
snip	0.93	1.88
suits	0.94	1.43
tl	0.94	1.91
offers	0.94	1.47
response	0.94	2.36
sentence	0.94	2.48
writer	0.94	1.77
sale	0.94	1.37
thankful	0.94	1.89
blast	0.94	1.46
thanksgiving	0.95	1.49
settled	0.95	1.95
informed	0.95	1.86
ice	0.95	1.31
father	0.95	2.04
darn	0.95	2.20
relative	0.95	1.66
entertained	0.96	1.56
posting	0.96	1.95
nap	0.96	1.56
links	0.96	1.93
tips	0.96	1.84
e	0.96	1.74
hobby	0.96	1.56
oldest	0.96	1.68
paragraph	0.96	2.19
sleeping	0.96	1.49
park	0.97	1.54
offering	0.97	2.18
netflix	0.97	1.29
glass	0.97	1.44
ball	0.97	1.32
join	0.97	1.81
original	0.98	2.52
fiance	0.98	2.24
grandkids	0.98	1.82
human	0.98	1.70
tiny	0.98	1.36
grandchildren	0.98	1.87
meal	0.99	1.33
outdoor	0.99	1.52
birthdays	0.99	1.50
believed	0.99	2.08
key	0.99	1.80
curse	0.99	1.67
loses	0.99	2.50
reasonable	1.00	1.78
grandparents	1.00	1.76
character	1.00	1.26
hardest	1.00	2.03
christmas	1.01	1.49
amp	1.01	1.84
gaming	1.01	1.46
fulfilling	1.01	1.34
rid	1.01	1.74
german	1.01	1.85
app	1.01	1.72
holiday	1.01	1.47
train	1.02	1.68
pictures	1.02	1.78
im	1.02	2.44
qualified	1.02	1.63
headed	1.02	1.83
safe	1.03	2.15
karma	1.03	1.66
active	1.03	1.73
borrow	1.03	2.04
favourite	1.03	1.18
holidays	1.03	1.48
rat	1.03	1.39
appreciated	1.04	1.82
match	1.04	1.92
functioning	1.04	1.75
immediate	1.05	1.65
presents	1.05	1.44
sell	1.05	1.49
results	1.05	1.83
extended	1.05	1.62
mexico	1.05	1.65
won	1.05	1.57
beauty	1.05	1.55
network	1.05	1.53
ex	1.05	2.11
man	1.06	2.14
duh	1.06	1.99
twin	1.06	1.78
boyfriends	1.06	1.69
whilst	1.06	1.43
english	1.06	2.24
international	1.06	1.63
supporting	1.07	1.58
ol	1.07	1.71
relevant	1.07	2.01
useful	1.07	1.57
article	1.07	2.08
yours	1.08	2.98
affordable	1.08	1.60
user	1.08	2.02
providing	1.08	1.87
club	1.08	1.67
supported	1.08	1.57
sigh	1.09	1.97
sentences	1.09	2.14
thick	1.09	1.33
magical	1.09	1.39
information	1.09	1.96
offer	1.10	2.05
sunday	1.10	1.60
camping	1.10	1.58
meh	1.10	2.03
none	1.11	2.88
cousins	1.11	1.60
colors	1.11	1.24
wanted	1.11	2.79
jack	1.12	1.59
um	1.12	2.28
theme	1.12	1.53
distant	1.12	1.76
prepare	1.12	2.41
reminder	1.12	1.67
ipad	1.13	1.26
laugh	1.13	2.02
sis	1.13	1.67
suitable	1.13	1.90
stays	1.13	2.39
pic	1.13	1.78
beings	1.14	1.71
abandoned	1.14	1.63
link	1.14	2.12
homes	1.14	1.80
grass	1.14	1.58
secure	1.15	1.83
sympathetic	1.15	1.73
trip	1.15	1.72
sauce	1.15	1.20
please	1.16	2.71
expensive	1.16	2.03
understanding	1.16	1.75
news	1.16	1.83
bump	1.16	1.60
acceptable	1.16	2.58
grandmother	1.16	1.81
decent	1.17	1.78
freedom	1.17	1.66
anyways	1.17	2.43
boyfriend	1.17	2.21
maintaining	1.17	1.50
computers	1.17	1.47
hmm	1.18	2.18
sidebar	1.18	2.12
nurturing	1.18	1.56
daughters	1.18	1.80
sea	1.18	1.34
gf	1.19	2.12
whom	1.19	1.76
girlfriend	1.19	2.15
mil	1.19	1.89
oops	1.19	2.18
presumably	1.20	1.66
thats	1.20	2.23
vet	1.21	1.60
husband	1.21	2.25
add	1.21	2.25
perspective	1.21	2.04
volunteering	1.21	1.67
step	1.21	1.90
sending	1.21	1.94
joke	1.21	2.40
hunt	1.21	1.55
owning	1.22	1.30
easter	1.22	1.45
wife	1.22	2.14
success	1.23	1.71
eh	1.23	2.26
spell	1.23	2.50
losing	1.24	1.72
image	1.24	1.78
grandfather	1.25	1.85
son	1.25	2.06
computer	1.25	1.44
spend	1.26	1.61
y'all	1.26	2.16
choice	1.26	2.38
firm	1.26	1.77
simple	1.27	2.18
abroad	1.27	1.66
luxury	1.28	1.47
bonus	1.28	1.68
google	1.28	1.93
dude	1.28	2.14
iphone	1.29	1.41
hobbies	1.29	1.60
bf	1.29	2.09
summer	1.30	1.53
jealous	1.30	2.55
pc	1.30	1.40
brand	1.30	1.50
both	1.31	2.61
deserved	1.31	1.77
click	1.31	2.12
uncle	1.31	1.70
uh	1.31	2.26
younger	1.31	1.83
u	1.32	2.06
mum	1.32	2.04
reply	1.32	2.50
kidding	1.32	2.31
sos	1.32	1.87
our	1.32	2.01
angel	1.32	1.46
pie	1.32	1.25
buying	1.32	1.58
rational	1.32	1.83
youngest	1.32	1.83
added	1.33	1.91
easiest	1.33	2.36
mountain	1.33	1.54
letters	1.33	2.34
nicer	1.33	1.91
aunts	1.34	1.72
vegas	1.34	1.58
cheap	1.34	1.46
internal	1.34	1.75
silent	1.34	1.62
sons	1.34	1.77
amen	1.36	1.52
phones	1.36	1.61
dad	1.36	2.10
bless	1.36	1.64
works	1.36	2.27
cell	1.37	1.53
grandpa	1.38	1.86
gosh	1.38	1.84
zoo	1.39	1.55
respected	1.39	1.69
weekends	1.39	1.55
travel	1.39	1.73
buddy	1.39	1.83
sibling	1.39	1.74
trips	1.40	1.63
necessary	1.40	2.78
promise	1.40	2.17
uncles	1.40	1.73
rides	1.41	1.52
meant	1.41	3.21
staying	1.41	1.75
foster	1.41	1.74
grandma	1.42	1.89
repost	1.42	2.04
leash	1.42	1.60
daughter	1.42	1.94
suggestions	1.43	1.93
tho	1.43	2.08
sil	1.44	1.91
brothers	1.44	1.77
weekend	1.45	1.59
apologize	1.45	2.52
walks	1.45	2.30
wow	1.46	2.03
justice	1.46	1.66
ftfy	1.46	2.22
comfortable	1.46	2.26
siblings	1.46	1.73
happier	1.47	2.34
ta	1.47	2.49
busy	1.47	2.14
speaking	1.48	2.85
tail	1.48	1.48
fostering	1.48	1.87
sisters	1.48	1.74
joining	1.49	1.70
grandchild	1.49	1.82
accomplishment	1.49	1.51
warned	1.49	2.17
brother	1.50	1.90
roommates	1.50	1.72
yep	1.50	2.50
travelling	1.52	1.61
respects	1.52	2.25
reasonably	1.53	1.95
phone	1.53	1.65
future	1.54	2.70
appropriate	1.54	2.45
enjoys	1.54	2.53
luckily	1.55	1.95
bye	1.55	2.21
bird	1.55	1.65
peace	1.55	1.63
ya	1.55	2.50
pushed	1.55	1.90
cage	1.55	1.58
educated	1.56	1.79
yea	1.56	2.41
king	1.56	1.72
good	1.56	2.11
goodness	1.56	1.68
san	1.57	1.81
sister-in-law	1.58	1.95
honesty	1.58	1.92
accurate	1.58	2.13
sister	1.58	1.90
advice	1.59	2.16
bro	1.59	1.97
cousin	1.59	1.88
spending	1.59	1.61
reference	1.60	1.93
beers	1.60	1.58
hehe	1.60	1.80
hot	1.60	1.28
neat	1.60	1.95
lil	1.61	1.48
disneyland	1.61	1.57
ouch	1.61	1.88
oh	1.61	2.30
internet	1.61	1.77
tag	1.61	1.82
kept	1.61	1.94
missed	1.63	2.28
well	1.63	2.97
incredible	1.63	1.88
capable	1.63	1.80
owners	1.63	1.53
plays	1.64	2.06
tea	1.64	1.37
goat	1.65	1.47
rant	1.65	2.08
yup	1.65	2.45
accordingly	1.65	2.84
adamant	1.65	2.32
geez	1.65	1.91
insight	1.66	1.89
snowflake	1.66	1.41
helps	1.66	2.07
favorite	1.67	1.92
parks	1.67	1.45
vacation	1.67	1.62
family	1.68	1.58
satisfied	1.68	2.08
unique	1.68	1.43
sorry	1.68	2.36
compare	1.69	2.07
tough	1.69	1.59
in-laws	1.69	1.68
title	1.70	2.34
trained	1.71	1.68
independent	1.71	1.80
honor	1.72	1.61
mama	1.72	1.56
lab	1.72	1.52
miss	1.72	1.67
daddy	1.72	2.24
gave	1.72	2.17
exact	1.74	2.53
rolls	1.74	1.40
irony	1.74	2.05
pit	1.74	1.56
round	1.75	2.19
his	1.75	2.60
adventure	1.76	1.49
2014	1.76	1.66
wise	1.76	1.61
mix	1.76	1.50
alright	1.77	2.49
behaved	1.77	1.78
lost	1.77	1.75
hiking	1.77	1.53
behalf	1.78	1.69
tech	1.78	2.05
wording	1.78	2.82
confident	1.78	2.20
introduced	1.79	1.89
mistake	1.79	2.83
info	1.80	1.94
adopting	1.80	1.86
close	1.81	1.65
style	1.81	1.39
birds	1.81	1.66
error	1.81	2.42
mom	1.83	1.86
helped	1.83	1.88
heh	1.83	2.06
impressed	1.83	2.20
grateful	1.83	1.91
input	1.83	1.87
pleasant	1.84	1.90
sir	1.84	1.89
farm	1.85	1.57
precious	1.85	1.36
comparing	1.86	1.93
story	1.86	1.97
plot	1.86	1.84
productive	1.87	1.71
description	1.87	1.79
owner	1.88	1.58
vacations	1.88	1.52
ah	1.88	2.39
yeah	1.88	2.72
calm	1.88	1.76
accomplishments	1.89	1.65
goodbye	1.90	1.85
proper	1.90	2.62
fish	1.90	1.51
mature	1.90	1.76
words	1.92	2.78
ps	1.92	1.99
recovery	1.93	1.57
yes	1.95	2.83
perfectly	1.95	2.27
wine	1.95	1.40
forgot	1.95	2.04
greatest	1.96	1.77
revenge	1.96	1.82
sincerely	1.96	1.91
fortunately	1.96	1.88
worries	1.96	2.11
generous	1.96	1.60
word	1.97	2.90
clarify	1.98	2.94
lmao	1.98	1.79
hi	1.98	1.84
hahahaha	1.98	2.02
traveling	1.99	1.43
sane	2.00	1.75
mistakes	2.00	2.68
update	2.00	2.04
well-behaved	2.00	1.74
breeds	2.01	1.66
focused	2.03	1.98
nah	2.04	2.14
cared	2.04	1.89
sarcasm	2.04	2.18
honey	2.04	1.95
stuffed	2.04	1.80
grammar	2.05	2.80
intelligent	2.05	1.75
sensible	2.06	1.76
together	2.06	2.40
litter	2.06	1.60
hero	2.06	1.80
nieces	2.06	1.54
gee	2.07	2.03
appreciate	2.07	1.97
niece	2.07	1.61
aunt	2.08	1.51
compliment	2.09	1.51
corrected	2.09	3.02
celebration	2.10	1.51
nephews	2.11	1.54
shelters	2.12	1.79
hilarious	2.12	1.84
lt	2.14	2.06
applaud	2.14	2.15
hey	2.14	2.62
proud	2.16	2.18
cruise	2.16	1.44
p	2.18	2.40
chill	2.20	1.78
adopted	2.20	1.74
wealthy	2.20	1.74
nephew	2.21	1.65
omg	2.21	1.73
fixed	2.22	2.90
cute	2.22	1.48
creatures	2.23	1.40
disposable	2.26	1.56
easy	2.26	1.79
helpful	2.27	1.75
cuter	2.28	1.70
gentle	2.29	1.40
animal	2.29	1.77
updated	2.29	2.02
lol	2.31	2.47
respectful	2.31	1.66
thoughtful	2.31	1.70
friend	2.32	2.33
fixing	2.32	2.52
shelter	2.33	1.78
creative	2.34	1.56
ahh	2.35	1.96
horse	2.37	1.61
hello	2.41	1.82
rocks	2.43	1.84
refreshing	2.43	1.74
apologies	2.45	2.71
furniture	2.45	1.89
edited	2.46	2.85
haha	2.46	2.38
free	2.47	2.10
soft	2.48	1.39
fulfilled	2.48	1.90
stable	2.51	2.04
evening	2.51	1.47
mobile	2.52	2.64
giggle	2.53	1.78
props	2.54	1.49
enjoyed	2.54	1.42
rescue	2.54	1.74
healthy	2.56	1.97
spelling	2.56	2.73
amazingly	2.56	1.52
journey	2.57	1.50
typing	2.58	2.53
accomplished	2.58	1.46
gif	2.58	1.94
achievement	2.60	1.53
clever	2.61	1.94
edit	2.61	2.75
dog	2.62	1.68
disney	2.63	1.59
fur	2.64	1.53
indeed	2.64	1.86
kudos	2.64	1.59
upvote	2.65	1.95
kittens	2.66	1.67
hah	2.66	2.24
hahaha	2.67	2.08
hubby	2.67	1.53
hope	2.70	2.14
typo	2.70	2.57
delicious	2.71	1.64
buy	2.74	1.91
bought	2.74	1.91
celebrating	2.74	1.96
polite	2.75	1.85
new	2.75	1.62
fellow	2.76	1.81
horses	2.77	1.70
kitten	2.77	1.65
beach	2.78	1.38
interesting	2.78	1.75
kitty	2.78	1.49
badass	2.81	1.61
healing	2.81	1.78
hooray	2.82	1.72
hmmm	2.82	1.67
accepting	2.84	1.75
hug	2.85	1.64
thank	2.89	2.12
successful	2.91	1.76
fun	2.92	1.87
aw	2.93	1.96
puppies	2.93	1.64
ha	2.94	2.06
wishes	2.95	1.85
thanks	2.96	2.13
relax	2.96	1.88
lover	2.98	1.80
snake	2.99	1.49
named	2.99	1.53
glad	3.00	2.23
adorable	3.00	1.38
sharing	3.00	1.82
cat	3.04	1.65
wishing	3.05	1.48
pup	3.06	1.54
quiet	3.06	1.82
username	3.07	2.05
fancy	3.08	1.81
xd	3.08	1.93
legit	3.09	1.72
hugs	3.10	1.83
rats	3.13	1.44
oooh	3.14	1.72
considerate	3.15	1.63
puppy	3.18	1.51
impressive	3.19	1.59
cool	3.19	1.86
ooh	3.26	1.65
exciting	3.27	1.25
pets	3.29	1.93
brave	3.29	1.44
animals	3.32	1.87
glorious	3.34	1.29
aww	3.34	1.73
flair	3.34	1.96
friendly	3.35	1.63
fortunate	3.38	1.44
resort	3.40	1.56
snakes	3.45	1.79
dogs	3.45	1.83
lucky	3.45	1.56
cuddle	3.45	1.78
luck	3.46	1.73
btw	3.47	1.81
enjoying	3.49	1.38
great	3.50	1.29
pet	3.51	1.80
welcome	3.54	1.73
spoil	3.55	1.47
perfect	3.59	1.39
cats	3.61	1.76
wish	3.61	1.94
cheers	3.65	1.75
peaceful	3.66	1.50
furry	3.67	1.68
relaxing	3.67	1.56
kitties	3.68	1.61
relaxed	3.69	1.63
brilliant	3.74	1.37
supportive	3.79	1.34
enjoy	3.79	1.38
warm	3.80	1.30
goats	3.81	1.55
loving	3.83	1.47
fluffy	3.90	1.39
congratulations	3.91	1.43
congrats	4.15	1.29
excellent	4.15	1.18
smart	4.17	1.23
gorgeous	4.18	1.01
beautiful	4.19	1.11
sweet	4.20	1.16
wonderful	4.27	0.97
adore	4.36	1.28
fabulous	4.40	1.10
yay	4.44	1.13
lovely	4.90	0.70
