pain	-4.23	1.57
needs	-4.14	1.69
needed	-4.02	1.92
crying	-3.74	1.92
murder	-3.68	1.97
literally	-3.59	2.15
hurt	-3.46	2.39
different	-3.44	2.04
shitty	-3.31	2.05
test	-3.26	2.11
swear	-3.26	2.08
worse	-3.24	2.44
respect	-3.21	2.08
mad	-3.17	2.53
accept	-2.96	2.09
knew	-2.89	2.46
current	-2.88	1.96
bathroom	-2.87	2.09
accidentally	-2.87	1.99
none	-2.85	2.04
asleep	-2.85	2.28
upon	-2.75	2.10
teacher	-2.75	2.35
doesnt	-2.74	2.04
known	-2.72	2.12
silly	-2.71	2.06
happen	-2.69	1.96
laughing	-2.67	2.01
decent	-2.67	1.66
happiness	-2.65	2.28
player	-2.64	2.10
angry	-2.56	2.53
grade	-2.55	2.42
everywhere	-2.52	1.90
recommend	-2.48	2.25
ex	-2.46	2.17
agree	-2.45	1.99
upset	-2.42	2.41
asked	-2.41	1.89
failed	-2.40	1.93
drunk	-2.40	2.11
gif	-2.40	2.04
done	-2.39	2.45
sick	-2.38	2.33
completely	-2.35	1.95
brain	-2.34	2.10
fault	-2.34	1.99
has	-2.31	2.14
missed	-2.25	2.35
alan_585	-2.25	1.86
takes	-2.24	2.00
rule	-2.22	1.84
alone	-2.22	2.34
tired	-2.20	2.77
everybody	-2.18	2.09
felt	-2.18	2.48
sort	-2.17	2.20
number	-2.16	2.13
amount	-2.16	1.97
everyone	-2.14	2.23
circlejerk	-2.14	1.99
miss	-2.14	2.52
happened	-2.13	2.65
sucks	-2.13	2.19
stupid	-2.12	2.28
hitler	-2.11	2.15
ear	-2.10	2.01
bored	-2.09	2.77
apart	-2.08	2.33
opposite	-2.07	2.26
nearly	-2.07	2.11
confused	-2.06	2.83
child	-2.05	2.37
itself	-2.04	2.08
whenever	-2.04	2.32
unless	-2.03	2.38
knows	-2.02	2.23
against	-2.00	2.25
rn	-2.00	2.90
stop	-2.00	2.40
finally	-1.99	2.12
care	-1.97	2.79
wet	-1.96	2.43
josh	-1.96	2.13
ground	-1.95	2.06
said	-1.95	2.42
nothing	-1.95	2.79
hungry	-1.93	2.85
exactly	-1.92	2.74
thinking	-1.91	2.76
seeing	-1.91	2.30
jam	-1.90	2.23
exact	-1.90	1.99
exist	-1.90	2.53
wut	-1.90	2.13
loud	-1.88	1.97
each	-1.88	2.40
liked	-1.86	2.42
quit	-1.86	2.09
idek	-1.86	1.99
chicken	-1.84	1.93
bother	-1.84	2.66
other	-1.83	2.31
order	-1.83	2.14
their	-1.83	2.23
grandma	-1.81	1.96
forgot	-1.80	2.46
wants	-1.80	2.21
fact	-1.79	2.14
doing	-1.79	2.92
cats	-1.77	2.18
pretend	-1.77	2.38
whatever	-1.77	2.97
likes	-1.76	2.20
worry	-1.75	2.80
size	-1.75	2.08
specific	-1.74	2.38
act	-1.74	2.60
blue	-1.73	2.33
else	-1.72	1.39
hmu	-1.71	1.86
scared	-1.71	2.93
along	-1.71	2.33
nope	-1.70	2.51
understand	-1.70	2.75
something	-1.70	3.11
afraid	-1.69	2.22
rapper	-1.69	2.15
mother	-1.68	2.06
large	-1.66	2.04
dr	-1.64	2.07
thinks	-1.63	2.11
remind	-1.63	2.36
scene	-1.62	1.89
gender	-1.61	2.57
turns	-1.61	2.32
count	-1.61	2.44
queen	-1.60	2.35
judge	-1.60	2.59
loving	-1.60	2.33
boss	-1.60	2.07
feeling	-1.56	3.04
coke	-1.55	2.17
lyrics	-1.55	2.49
rude	-1.55	2.35
pizza	-1.54	1.94
meant	-1.53	2.83
believe	-1.51	2.86
ignore	-1.50	2.37
made	-1.49	2.45
saying	-1.49	3.13
about	-1.45	3.11
excited	-1.43	2.63
biggest	-1.40	2.32
obviously	-1.39	1.25
aka	-1.39	2.15
scary	-1.38	2.16
what	-1.38	3.16
bear	-1.37	2.25
lonely	-1.31	3.00
depressed	-1.30	2.58
grow	-1.28	2.27
uncomfortable	-1.27	2.49
sucked	-1.22	1.45
ever	-1.21	2.77
cry	-1.21	2.81
nervous	-1.19	2.69
insult	-1.19	2.39
matter	-1.19	1.49
onto	-1.17	1.14
son	-1.15	2.06
fav	-1.15	2.43
am	-1.14	2.76
busy	-1.13	1.35
retarded	-1.12	2.42
wasnt	-1.11	1.16
anyone	-1.11	1.42
bc	-1.10	2.54
ridiculous	-1.10	2.10
comfortable	-1.08	1.26
somebody	-1.08	1.04
warm	-1.07	2.59
ate	-1.07	1.02
cause	-1.06	2.72
inside	-1.05	2.51
proud	-1.05	2.65
means	-1.04	3.01
anybody	-1.03	1.26
obvious	-1.01	2.27
kept	-1.01	1.31
worried	-1.00	1.54
basically	-0.98	1.26
since	-0.97	1.16
both	-0.96	1.53
didnt	-0.96	1.34
wanted	-0.96	1.15
reply	-0.95	1.19
counts	-0.95	1.87
decided	-0.94	1.05
australian	-0.94	2.15
yet	-0.93	1.24
pissed	-0.93	1.26
died	-0.93	0.93
forever	-0.93	1.23
gross	-0.92	2.17
sat	-0.92	1.22
theres	-0.91	1.22
physics	-0.91	1.24
nobody	-0.90	1.30
dreams	-0.90	2.18
met	-0.89	0.90
never	-0.89	1.50
fine	-0.89	2.73
business	-0.89	1.09
awake	-0.89	1.33
regret	-0.86	1.26
kinda	-0.86	2.81
floor	-0.85	1.16
using	-0.84	1.26
instead	-0.83	1.22
mood	-0.83	2.97
online	-0.82	1.12
themselves	-0.82	1.27
teach	-0.82	1.36
secret	-0.82	1.16
watched	-0.82	0.99
own	-0.81	1.14
forget	-0.81	1.50
phone	-0.81	1.11
laugh	-0.81	2.62
happens	-0.80	1.01
quick	-0.79	1.18
naked	-0.79	1.30
stopped	-0.78	1.27
gone	-0.78	1.08
fit	-0.78	1.14
killing	-0.78	1.19
feelings	-0.78	1.12
had	-0.77	1.28
tried	-0.77	1.09
paid	-0.77	1.36
someone	-0.76	1.43
favorite	-0.76	2.48
havent	-0.76	1.16
gotten	-0.76	1.17
blood	-0.75	0.92
posted	-0.75	1.22
without	-0.75	1.36
seen	-0.75	1.26
wondering	-0.74	1.38
worth	-0.74	1.32
except	-0.74	0.95
gave	-0.73	1.00
became	-0.73	1.09
mods	-0.73	1.10
noticed	-0.73	1.18
been	-0.72	1.26
changed	-0.72	1.08
version	-0.72	1.16
math	-0.72	1.18
teachers	-0.72	1.07
stand	-0.72	1.52
ive	-0.72	1.29
luv	-0.71	2.37
breakfast	-0.71	1.17
subs	-0.71	1.19
class	-0.70	1.19
rules	-0.70	1.12
many	-0.70	1.35
annoying	-0.70	2.23
feel	-0.70	2.90
mention	-0.69	1.27
broken	-0.69	1.16
jump	-0.69	1.23
listened	-0.69	1.10
sometimes	-0.69	2.71
stayed	-0.69	1.11
started	-0.68	1.26
kik	-0.68	1.14
recently	-0.68	1.13
bread	-0.68	1.13
four	-0.68	1.12
called	-0.67	0.97
eat	-0.67	1.15
groups	-0.67	1.25
huge	-0.67	1.10
planning	-0.67	1.23
happening	-0.66	1.65
excuse	-0.66	1.15
anxiety	-0.66	1.23
respond	-0.66	1.31
whoever	-0.66	1.16
tags	-0.66	1.15
ve	-0.65	1.41
makes	-0.65	2.88
sense	-0.65	2.65
store	-0.65	1.17
others	-0.65	1.47
burn	-0.65	1.29
gta	-0.65	1.35
bag	-0.65	1.06
laughed	-0.65	1.22
basic	-0.65	1.10
walking	-0.65	1.16
second	-0.65	2.63
possible	-0.64	2.02
banned	-0.64	1.27
listen	-0.64	2.30
john	-0.63	1.15
himself	-0.63	1.16
apparently	-0.63	1.22
rape	-0.62	1.25
bout	-0.62	1.29
taken	-0.62	1.20
coming	-0.62	1.31
helps	-0.62	1.23
likely	-0.62	1.28
gym	-0.61	1.08
she	-0.61	1.12
trying	-0.61	1.56
says	-0.61	1.58
german	-0.61	1.28
confirm	-0.60	1.19
english	-0.60	1.27
control	-0.60	1.21
through	-0.60	1.21
css	-0.59	1.14
realize	-0.59	1.63
anymore	-0.59	1.72
figure	-0.59	1.09
suicide	-0.59	1.28
anywhere	-0.58	1.29
does	-0.58	1.29
taking	-0.58	1.20
wife	-0.58	1.16
peanut	-0.58	1.19
eating	-0.58	1.08
dying	-0.58	1.30
wont	-0.57	1.25
oops	-0.57	1.28
special	-0.57	2.28
walk	-0.56	1.15
lunch	-0.56	1.15
father	-0.56	1.23
become	-0.56	1.27
fixed	-0.56	1.13
fix	-0.56	1.28
driving	-0.55	1.03
depression	-0.55	1.15
clean	-0.55	1.18
butter	-0.54	1.18
lately	-0.54	1.10
part	-0.54	2.63
pc	-0.54	1.17
before	-0.54	1.41
telling	-0.54	1.38
doubt	-0.54	1.02
born	-0.54	0.98
slow	-0.53	1.15
learn	-0.53	1.16
food	-0.53	1.17
reference	-0.53	2.05
lose	-0.53	1.27
due	-0.52	1.17
weight	-0.52	1.25
street	-0.52	1.29
ghost	-0.52	1.28
science	-0.52	1.10
ofc	-0.52	1.31
camera	-0.52	1.27
ran	-0.52	1.06
cock	-0.51	1.27
ai	-0.51	1.39
found	-0.51	1.05
history	-0.51	1.19
poor	-0.51	1.03
most	-0.51	2.49
piano	-0.51	1.14
consider	-0.50	1.28
delete	-0.50	1.22
mentioned	-0.50	1.12
hard	-0.50	2.57
sitting	-0.50	1.34
actual	-0.49	1.21
fucking	-0.49	2.61
heard	-0.49	1.19
who	-0.49	1.34
facebook	-0.49	1.14
batman	-0.49	1.22
cried	-0.49	1.30
expect	-0.49	1.42
lazy	-0.48	1.32
ball	-0.48	1.19
tears	-0.48	0.97
friday	-0.48	1.17
anything	-0.48	1.86
mr	-0.48	1.15
vagina	-0.48	1.02
those	-0.48	1.43
surprised	-0.48	1.35
personal	-0.48	1.14
seriously	-0.47	1.43
deleted	-0.47	1.16
into	-0.47	1.18
balls	-0.47	1.13
soul	-0.47	1.26
our	-0.47	1.20
depends	-0.47	1.29
space	-0.47	1.16
dropped	-0.47	1.19
irish	-0.47	1.04
cook	-0.47	1.02
ideas	-0.47	1.15
helping	-0.47	1.40
away	-0.47	1.21
power	-0.47	1.02
lived	-0.47	1.26
getting	-0.46	1.41
beauty	-0.46	1.22
her	-0.46	1.11
james	-0.46	1.07
finished	-0.46	1.15
lying	-0.46	1.22
atm	-0.45	1.35
attention	-0.45	1.21
mainly	-0.45	1.33
albums	-0.45	1.41
drake	-0.45	1.32
choose	-0.45	1.32
ap	-0.45	1.02
irl	-0.45	1.00
period	-0.44	1.21
stole	-0.44	1.12
french	-0.44	1.01
schools	-0.44	1.08
suck	-0.44	1.39
public	-0.44	1.14
moment	-0.44	1.19
freedom	-0.44	1.16
knowing	-0.43	1.30
beat	-0.43	1.29
ready	-0.43	1.57
dad	-0.43	0.98
sandwich	-0.43	1.13
working	-0.43	1.33
barely	-0.42	1.20
cuz	-0.42	1.43
fruit	-0.42	1.18
together	-0.42	1.41
bullshit	-0.42	1.16
played	-0.42	1.01
learning	-0.42	1.16
however	-0.42	1.15
speak	-0.42	1.22
serious	-0.42	1.37
twice	-0.42	1.06
curious	-0.42	1.50
ask	-0.42	1.34
dank	-0.42	1.31
home	-0.41	1.23
within	-0.41	1.30
comic	-0.41	0.95
around	-0.41	1.21
harder	-0.41	1.42
jesus	-0.41	1.23
sexual	-0.41	1.22
use	-0.41	2.64
mental	-0.40	1.18
couch	-0.40	1.19
nudes	-0.40	1.06
listening	-0.40	1.43
everyday	-0.40	1.07
learned	-0.40	1.20
talking	-0.40	1.73
username	-0.40	1.32
jokes	-0.39	1.48
issues	-0.39	1.19
evil	-0.39	1.95
broke	-0.39	1.05
entire	-0.39	2.03
force	-0.39	0.99
move	-0.39	1.15
lies	-0.39	1.32
effort	-0.39	1.04
saw	-0.38	1.33
slowly	-0.38	1.18
implying	-0.38	1.28
asking	-0.38	1.49
room	-0.38	1.13
less	-0.38	1.31
falling	-0.38	1.14
poop	-0.38	1.16
helped	-0.38	1.00
trouble	-0.38	1.26
wearing	-0.38	1.32
spanish	-0.38	1.21
parents	-0.37	1.19
teenagers	-0.37	1.19
message	-0.37	1.09
boyfriend	-0.37	1.07
ways	-0.37	1.25
constantly	-0.37	1.18
michael	-0.37	1.19
senior	-0.37	1.12
chevelle	-0.37	1.28
us	-0.37	1.40
team	-0.36	1.16
sucking	-0.36	1.43
quickly	-0.36	1.32
major	-0.36	1.13
dinner	-0.36	1.21
masturbate	-0.36	1.38
road	-0.36	1.06
walked	-0.35	0.99
brought	-0.35	1.11
realized	-0.35	1.56
screen	-0.35	1.12
names	-0.35	1.38
bed	-0.35	1.26
homework	-0.35	1.32
hanging	-0.35	1.08
xd	-0.35	1.19
prefer	-0.35	1.30
sent	-0.34	0.99
captain	-0.34	1.13
breaking	-0.34	1.19
two	-0.34	1.30
accounts	-0.34	1.08
ama	-0.34	1.21
willing	-0.34	1.33
killed	-0.34	0.97
worked	-0.33	1.10
bunch	-0.33	1.31
keys	-0.33	1.19
leaving	-0.33	1.21
mom	-0.33	0.99
freshman	-0.33	1.05
usual	-0.33	1.23
weed	-0.33	1.11
during	-0.33	1.01
remix	-0.33	1.13
soccer	-0.32	1.10
drugs	-0.32	1.09
bring	-0.32	1.32
le	-0.32	1.23
showed	-0.32	0.88
break	-0.32	1.08
kick	-0.32	1.24
change	-0.32	1.44
hug	-0.32	1.29
handle	-0.31	1.42
having	-0.31	1.17
notice	-0.31	1.67
making	-0.31	1.39
save	-0.31	1.35
nirvana	-0.31	1.21
add	-0.31	1.23
pick	-0.31	1.41
doctor	-0.31	1.29
american	-0.30	1.20
leave	-0.30	1.33
reasons	-0.30	1.20
meet	-0.30	1.16
rid	-0.30	1.33
giving	-0.30	1.32
ride	-0.30	1.06
down	-0.30	1.23
cancer	-0.30	1.18
supposed	-0.30	1.56
drama	-0.29	1.12
link	-0.29	1.12
neither	-0.29	1.33
above	-0.29	1.25
half	-0.29	1.18
these	-0.29	1.43
u/snoosnoocookie	-0.29	1.21
lets	-0.29	1.14
turn	-0.29	1.12
regular	-0.28	1.16
snapchat	-0.28	1.21
calling	-0.28	0.96
spread	-0.28	1.00
putting	-0.28	1.16
cant	-0.27	1.55
caught	-0.27	0.98
decide	-0.27	1.56
plane	-0.27	1.21
genius	-0.27	1.20
moved	-0.27	1.03
knowledge	-0.27	1.13
posting	-0.27	1.30
related	-0.26	1.00
cuddle	-0.26	1.14
say	-0.26	1.99
have	-0.26	1.62
any	-0.26	1.78
personally	-0.26	1.18
times	-0.26	1.29
pop	-0.26	1.29
sit	-0.26	1.27
lord	-0.26	1.02
pass	-0.26	1.06
note	-0.25	1.15
parts	-0.25	1.31
dies	-0.25	1.05
penis	-0.25	1.28
porn	-0.25	1.08
16	-0.25	1.26
myself	-0.25	1.39
could	-0.25	1.76
hurts	-0.25	1.41
100	-0.25	1.15
pink	-0.25	1.26
door	-0.25	1.17
response	-0.25	1.26
bacon	-0.25	1.10
tf	-0.25	1.44
football	-0.25	1.07
hat	-0.24	1.15
mostly	-0.24	1.15
skin	-0.24	1.18
pokemon	-0.24	1.20
cereal	-0.24	1.37
die	-0.24	1.23
fedora	-0.24	1.23
alt	-0.24	1.10
em	-0.24	1.24
spend	-0.24	1.17
running	-0.24	1.04
h8	-0.24	2.45
conversation	-0.24	1.44
comments	-0.24	1.34
promise	-0.24	1.12
fucker	-0.24	1.02
came	-0.23	1.22
40	-0.23	1.23
children	-0.23	1.05
fall	-0.23	1.12
babies	-0.23	1.25
were	-0.23	1.63
car	-0.23	1.13
bands	-0.23	1.31
three	-0.23	1.12
fantasy	-0.22	1.22
uk	-0.22	1.06
til	-0.22	1.20
dicks	-0.22	1.18
death	-0.22	1.17
when	-0.22	1.58
fake	-0.22	1.26
tfw	-0.22	1.22
difference	-0.22	1.26
play	-0.22	1.14
kids	-0.22	1.36
punk	-0.22	1.22
besides	-0.22	1.07
nay	-0.22	1.18
single	-0.22	1.22
definitely	-0.22	1.33
middle	-0.22	1.24
ugh	-0.22	1.22
case	-0.22	1.32
mind	-0.21	1.54
ban	-0.21	1.24
almost	-0.21	1.17
join	-0.21	1.24
internet	-0.21	1.13
british	-0.21	1.23
than	-0.21	1.41
threads	-0.21	1.31
start	-0.20	1.21
<SPECIAL>	-0.20	1.02
<URL>	-0.20	1.02
remember	-0.20	1.85
took	-0.20	0.98
be	-0.20	1.48
help	-0.20	1.56
woo	-0.20	1.17
normally	-0.20	1.23
dating	-0.19	1.07
system	-0.19	1.03
weak	-0.19	1.27
post	-0.19	1.26
imagine	-0.19	1.45
selfies	-0.19	1.29
flairs	-0.19	1.16
pm	-0.19	1.30
social	-0.19	1.16
crush	-0.19	1.03
ugly	-0.19	1.21
dead	-0.19	1.31
im	-0.19	1.98
dry	-0.19	1.32
round	-0.19	1.16
until	-0.19	1.20
visit	-0.18	1.20
feels	-0.18	1.44
finding	-0.18	1.13
classes	-0.18	1.07
he	-0.18	1.30
negative	-0.18	1.18
non	-0.18	1.18
hmm	-0.18	1.37
choice	-0.17	1.27
deal	-0.17	1.27
starting	-0.17	1.06
punch	-0.17	1.38
bite	-0.17	1.05
take	-0.17	1.34
skype	-0.17	1.16
young	-0.17	1.22
gives	-0.17	1.00
few	-0.17	1.30
possibly	-0.17	1.12
omfg	-0.17	1.27
vegas	-0.17	1.11
gf	-0.17	1.08
allowed	-0.16	1.24
land	-0.16	1.09
joke	-0.16	1.35
near	-0.16	1.08
dream	-0.16	1.09
considering	-0.16	1.35
age	-0.15	1.18
words	-0.15	1.46
rock	-0.15	1.28
fear	-0.15	1.21
behind	-0.15	1.26
subreddit	-0.15	1.14
complete	-0.15	1.12
laying	-0.15	1.24
mac	-0.15	1.07
thought	-0.15	1.69
teen	-0.15	0.93
starts	-0.15	1.01
drop	-0.15	1.14
plus	-0.14	1.33
changes	-0.14	1.08
make	-0.14	1.67
language	-0.14	1.16
toilet	-0.14	0.99
more	-0.14	1.39
magic	-0.14	1.19
idiot	-0.14	1.24
on	-0.14	1.25
tonight	-0.14	1.25
hole	-0.14	1.13
course	-0.13	1.17
meh	-0.13	1.53
figured	-0.13	1.10
question	-0.13	1.28
going	-0.13	1.61
often	-0.13	1.34
least	-0.13	1.51
unfortunately	-0.13	1.24
missing	-0.13	1.17
till	-0.13	1.26
outside	-0.13	1.11
younger	-0.12	1.14
embarrassing	-0.12	1.13
odd	-0.12	1.18
answer	-0.12	1.22
knife	-0.12	0.90
smoke	-0.12	1.15
finger	-0.12	1.08
fight	-0.12	1.02
waste	-0.12	1.10
mess	-0.12	1.38
drive	-0.12	1.05
stab	-0.12	1.20
perfectly	-0.12	1.17
goes	-0.12	0.96
users	-0.12	1.26
run	-0.11	1.13
everything	-0.11	1.38
between	-0.11	1.24
truth	-0.11	1.22
lady	-0.11	1.29
account	-0.11	1.18
certain	-0.11	1.31
off	-0.11	1.14
back	-0.11	1.27
bought	-0.11	1.01
yesterday	-0.11	1.21
metal	-0.11	1.28
ca	-0.11	1.74
or	-0.11	1.70
five	-0.11	1.16
out	-0.10	1.25
mobile	-0.10	1.33
group	-0.10	1.23
ill	-0.10	1.32
kiss	-0.10	1.10
bigger	-0.10	1.33
laptop	-0.10	1.23
heart	-0.10	1.84
appreciate	-0.10	2.38
rap	-0.10	1.19
points	-0.09	1.20
practice	-0.09	1.03
ocean	-0.09	1.26
local	-0.09	0.95
posts	-0.09	1.13
hopefully	-0.09	1.11
win	-0.09	1.26
roll	-0.09	1.18
left	-0.09	1.35
trust	-0.09	1.23
insert	-0.09	1.29
r/teenagers	-0.09	1.20
problems	-0.08	1.18
example	-0.08	1.05
police	-0.08	1.22
etc	-0.08	1.23
towards	-0.08	1.26
cold	-0.08	1.51
train	-0.08	1.23
fly	-0.08	1.21
cum	-0.08	1.08
throw	-0.08	1.20
brother	-0.08	1.08
tell	-0.08	1.51
enjoy	-0.08	2.46
reddit	-0.08	1.22
thread	-0.07	1.27
ew	-0.07	1.17
pee	-0.07	1.18
usually	-0.07	1.40
moving	-0.07	1.06
smell	-0.07	1.52
shame	-0.07	1.16
race	-0.07	1.18
la	-0.07	1.21
hide	-0.06	1.28
schedule	-0.06	1.09
q	-0.06	1.03
describe	-0.06	0.90
shh	-0.06	1.19
sleep	-0.06	1.21
brothers	-0.06	1.11
over	-0.06	1.29
dick	-0.06	1.24
wo	-0.06	1.50
told	-0.06	1.27
chance	-0.06	1.21
title	-0.06	1.24
truly	-0.06	1.49
sex	-0.06	1.12
window	-0.06	1.26
works	-0.06	1.23
app	-0.06	1.15
inb4	-0.05	1.09
stay	-0.05	1.27
greatest	-0.05	2.44
14	-0.05	1.15
kill	-0.05	1.45
sauce	-0.05	1.06
karma	-0.05	1.23
mum	-0.05	1.04
tumblr	-0.05	1.17
gets	-0.05	1.42
fresh	-0.05	1.17
might	-0.05	1.44
upvote	-0.05	1.18
must	-0.05	1.51
able	-0.04	1.43
rip	-0.04	1.05
hold	-0.04	1.24
alcohol	-0.04	1.08
awkward	-0.04	1.34
men	-0.04	1.33
spam	-0.04	1.19
dance	-0.04	1.01
chat	-0.04	1.16
staying	-0.04	1.25
minute	-0.04	1.23
bull	-0.04	1.28
questions	-0.04	1.09
ireland	-0.04	1.04
find	-0.03	1.49
original	-0.03	1.25
year	-0.03	1.13
keeps	-0.03	1.21
skills	-0.03	1.23
kristen	-0.03	1.17
mean	-0.03	1.93
once	-0.03	1.30
sister	-0.03	1.01
basketball	-0.03	1.10
league	-0.03	1.07
racist	-0.03	1.24
mate	-0.02	1.22
fan	-0.02	1.42
added	-0.02	1.14
shower	-0.02	1.19
fetish	-0.02	1.11
weekend	-0.02	1.21
area	-0.02	1.07
him	-0.02	1.29
card	-0.02	1.00
otherwise	-0.02	1.17
see	-0.02	1.74
album	-0.02	1.34
summer	-0.02	1.15
again	-0.02	1.34
shall	-0.02	1.16
tongue	-0.01	1.12
mix	-0.01	1.24
drinking	-0.01	1.18
black	-0.01	1.24
after	-0.01	1.24
pics	-0.01	1.18
jack	-0.01	1.08
family	-0.01	1.14
hit	-0.01	1.16
ll	-0.01	1.50
ton	-0.01	1.26
full	-0.01	1.09
went	-0.01	1.18
lines	-0.00	1.25
gambino	-0.00	1.05
check	-0.00	1.20
wear	-0.00	1.25
lots	-0.00	1.13
earlier	0.00	1.22
relationship	0.00	1.13
can	0.01	1.60
war	0.01	1.11
talked	0.01	1.35
prepare	0.01	1.39
18	0.01	1.14
pet	0.01	1.11
should	0.01	1.56
did	0.01	1.80
september	0.01	0.98
school	0.01	0.99
mfw	0.01	1.31
comes	0.01	1.11
yourself	0.01	1.39
couple	0.01	1.22
country	0.02	1.22
house	0.02	1.12
self	0.02	1.23
wake	0.02	1.19
juice	0.02	1.19
beach	0.02	1.12
explain	0.02	1.40
dares	0.02	1.18
orange	0.02	1.08
anyway	0.02	1.39
keep	0.02	1.41
week	0.02	1.24
involved	0.02	1.08
today	0.02	1.22
brb	0.03	1.36
classic	0.03	1.13
pull	0.03	1.24
may	0.03	1.24
mountain	0.03	1.21
n't	0.03	1.81
youtube	0.03	1.13
cunt	0.03	1.31
recognize	0.03	2.28
computer	0.03	1.06
faggot	0.03	1.27
front	0.04	1.07
niggas	0.04	1.43
send	0.04	1.18
playing	0.04	1.07
u/franklinandlamar	0.04	1.24
bitches	0.04	1.39
wan	0.04	1.27
90	0.05	1.18
woke	0.05	1.25
hang	0.05	1.19
talk	0.05	1.38
text	0.05	1.08
news	0.05	1.05
do	0.05	1.85
quiet	0.05	1.28
across	0.05	1.30
maths	0.05	1.28
even	0.05	1.81
people	0.05	1.57
smash	0.05	1.22
word	0.05	1.35
steal	0.06	1.17
same	0.06	1.41
anal	0.06	1.24
huh	0.06	1.14
dont	0.06	1.72
sarah	0.06	1.03
some	0.06	1.46
years	0.06	1.25
state	0.06	1.10
alive	0.06	1.17
america	0.06	1.15
hoping	0.06	1.30
call	0.06	1.35
trip	0.06	1.12
watching	0.06	1.12
ten	0.06	1.20
darude	0.07	1.16
water	0.07	1.18
me	0.07	1.34
wall	0.07	1.15
kid	0.07	1.17
ahead	0.07	1.30
comment	0.07	1.27
selfie	0.07	1.23
lack	0.07	1.00
sky	0.07	1.03
his	0.07	1.04
user	0.07	1.20
shut	0.07	1.29
massive	0.08	1.22
follow	0.08	1.25
paper	0.08	1.05
master	0.08	1.25
let	0.08	1.51
canada	0.08	1.01
art	0.08	1.18
30	0.08	1.30
waiting	0.08	1.28
go	0.08	1.39
losing	0.08	1.07
heavy	0.08	1.30
animals	0.08	1.09
ears	0.08	1.36
shot	0.08	1.18
songs	0.09	1.26
write	0.09	0.94
sleeping	0.09	1.14
would	0.09	1.58
pictures	0.09	1.28
try	0.09	1.49
issue	0.09	0.93
uni	0.09	1.15
whats	0.09	1.31
looked	0.09	1.19
somewhere	0.09	1.16
calls	0.09	0.85
cookie	0.09	1.15
peace	0.09	1.14
buy	0.09	1.26
share	0.09	1.36
lauren	0.10	1.22
want	0.10	1.65
named	0.10	0.73
lie	0.10	1.61
already	0.10	1.48
shitpost	0.10	1.03
fucks	0.10	1.26
if	0.10	1.89
main	0.10	1.22
19	0.10	1.08
mouth	0.11	1.32
band	0.11	1.32
sometime	0.11	1.06
considered	0.11	1.13
ones	0.11	1.44
11	0.11	1.19
dislike	0.11	2.41
joking	0.11	1.40
them	0.11	1.61
forward	0.11	1.25
currently	0.11	1.36
sry	0.11	1.45
candy	0.11	1.08
gun	0.11	1.20
future	0.11	1.18
sell	0.12	1.16
tomorrow	0.12	1.14
dare	0.12	1.25
nsfw	0.12	1.36
put	0.12	1.23
fucked	0.12	1.26
stars	0.12	1.19
13	0.12	1.21
tree	0.13	1.12
come	0.13	1.31
cookies	0.13	0.94
tons	0.13	1.27
know	0.13	1.87
totally	0.13	1.19
lel	0.13	1.10
memory	0.13	1.28
weeks	0.13	1.15
isnt	0.13	1.22
from	0.13	1.39
yep	0.13	1.16
normal	0.13	1.22
money	0.14	1.30
leg	0.14	1.17
travel	0.14	1.18
island	0.14	1.33
legit	0.14	1.00
easier	0.14	1.45
step	0.14	1.09
sandstorm	0.14	1.27
butthole	0.14	1.18
random	0.14	1.21
europe	0.15	1.13
crazy	0.15	1.46
thoughts	0.15	1.16
horse	0.15	1.13
videos	0.15	1.01
character	0.15	0.94
later	0.15	1.28
na	0.15	1.56
women	0.15	1.08
mark	0.15	1.32
cream	0.15	1.07
community	0.15	1.16
whether	0.15	1.46
australia	0.15	1.13
troll	0.15	1.37
girl	0.16	1.27
england	0.16	1.16
mirror	0.16	1.25
shoot	0.16	1.14
past	0.16	1.22
dunno	0.16	1.50
watch	0.16	1.10
stick	0.16	1.16
doe	0.16	1.22
finish	0.17	1.03
girlfriend	0.17	1.06
eventually	0.17	1.42
thug	0.17	1.25
ask.fm	0.17	1.07
club	0.17	0.95
holy	0.17	1.52
cheese	0.17	0.95
form	0.18	1.00
we	0.18	1.58
watsky	0.18	1.15
wrote	0.18	1.02
cat	0.18	1.20
maybe	0.18	1.58
set	0.18	1.06
read	0.18	0.90
id	0.18	1.31
rest	0.18	1.03
far	0.18	1.18
high	0.18	1.09
whole	0.18	1.04
ago	0.18	1.22
monday	0.18	1.02
50	0.18	1.17
up	0.18	1.21
need	0.19	1.61
x	0.19	1.36
17	0.19	1.13
last	0.19	1.28
under	0.19	1.03
fetishes	0.19	1.13
spot	0.19	1.08
touch	0.19	1.11
guys	0.19	2.57
month	0.19	1.16
games	0.19	1.09
while	0.19	1.29
piss	0.20	1.18
arm	0.20	1.15
longer	0.20	1.19
concert	0.20	1.14
cheap	0.20	0.94
rich	0.20	1.34
fancy	0.20	1.13
creep	0.20	1.28
spent	0.20	1.12
will	0.20	1.51
swag	0.21	1.19
list	0.21	1.11
netflix	0.21	1.05
lil	0.21	1.07
shave	0.21	1.16
panic	0.21	1.14
months	0.21	1.18
older	0.21	1.22
town	0.21	1.15
flair	0.21	1.12
then	0.22	1.50
god	0.22	2.54
ladies	0.22	1.30
slept	0.22	1.07
hes	0.22	1.29
support	0.22	1.25
another	0.22	1.04
disgusting	0.22	1.15
fire	0.22	1.02
gt	0.22	1.07
fingers	0.23	1.18
pussy	0.23	1.42
days	0.23	1.23
sub	0.23	1.23
in	0.23	1.22
free	0.23	1.23
lot	0.24	1.39
living	0.24	1.06
tea	0.24	1.20
sooo	0.24	1.38
florida	0.24	1.29
suppose	0.24	1.33
places	0.24	1.08
cut	0.24	1.13
12	0.24	1.25
advice	0.25	1.19
which	0.25	1.36
jerk	0.25	1.27
bass	0.25	1.23
hours	0.25	1.17
ass	0.25	1.15
fighting	0.25	1.33
situation	0.25	1.28
active	0.25	1.28
based	0.25	1.26
m	0.25	1.82
tiny	0.25	1.18
boy	0.25	1.22
minutes	0.26	1.20
coffee	0.26	1.15
rather	0.26	1.26
r/clubteen	0.26	1.05
ended	0.26	1.17
things	0.26	1.55
arms	0.26	1.30
slightly	0.26	1.36
catch	0.27	1.25
thirsty	0.27	1.22
snap	0.27	1.05
green	0.27	1.20
circle	0.27	1.22
aint	0.27	1.35
guitar	0.27	1.05
honest	0.27	1.21
u/im_thuggin	0.27	1.13
got	0.27	1.33
growing	0.28	1.15
chocolate	0.28	1.09
24	0.28	1.32
washington	0.28	1.10
gay	0.28	1.47
soon	0.28	1.16
sports	0.28	1.08
um	0.28	1.26
star	0.28	1.16
used	0.28	1.48
movies	0.28	1.01
reading	0.28	1.00
blow	0.28	1.13
type	0.28	1.18
popular	0.29	1.36
either	0.29	1.54
shorts	0.29	1.22
nigga	0.29	1.33
how	0.29	1.84
asshole	0.29	0.97
hand	0.29	1.17
such	0.29	1.84
gon	0.29	1.53
fried	0.29	1.13
yup	0.30	1.24
google	0.30	1.17
yea	0.30	1.23
light	0.30	1.06
old	0.30	1.17
jealous	0.31	2.48
15	0.31	1.14
woman	0.31	1.16
ta	0.31	1.36
corner	0.31	1.22
clubteen	0.31	0.98
next	0.31	1.13
ability	0.31	1.05
shes	0.31	1.24
noice	0.31	1.14
boring	0.32	1.69
earth	0.32	1.00
north	0.32	1.07
anus	0.32	1.16
g-eazy	0.32	1.15
piece	0.32	1.24
assume	0.33	1.36
height	0.33	1.26
accent	0.33	1.05
dumb	0.33	1.56
little	0.33	1.35
eye	0.33	1.10
low	0.33	1.05
tits	0.33	1.20
yours	0.33	1.14
strange	0.33	1.17
kinky	0.34	1.08
rough	0.34	1.21
pants	0.34	1.14
was	0.34	1.51
new	0.34	1.22
season	0.34	1.00
eh	0.34	1.50
btw	0.34	1.33
wtf	0.34	1.59
hop	0.34	1.21
city	0.34	1.10
problem	0.35	1.43
favourite	0.35	1.57
compliment	0.35	1.19
deserve	0.35	1.40
bitch	0.35	1.34
hoe	0.35	1.33
dis	0.35	1.32
fat	0.35	1.08
cards	0.36	1.14
pic	0.36	1.19
fell	0.36	1.63
chick	0.36	1.28
roxy	0.36	1.06
ice	0.37	0.99
solid	0.37	1.24
hell	0.37	1.56
uncle	0.37	1.27
king	0.37	1.23
name	0.37	1.22
double	0.38	1.12
69	0.38	0.96
hour	0.38	1.11
they	0.38	1.70
although	0.38	1.11
picture	0.39	1.25
ahh	0.39	1.20
clothes	0.39	1.20
chad	0.39	1.38
drawing	0.40	1.22
dogs	0.40	1.10
slut	0.41	1.13
cage	0.41	1.00
emma	0.41	1.10
prove	0.41	1.17
track	0.41	1.14
especially	0.41	1.10
srs	0.41	1.24
get	0.41	1.41
end	0.42	1.22
generally	0.42	1.37
live	0.42	1.12
drink	0.42	1.18
night	0.42	1.16
jennifer	0.42	1.09
tough	0.42	1.23
7/10	0.42	1.38
wait	0.42	1.75
yolo	0.42	1.15
nick	0.43	1.12
won	0.43	1.13
line	0.43	1.21
bros	0.43	1.14
boys	0.43	0.98
wommy	0.43	1.19
private	0.43	1.15
seconds	0.43	1.24
stuff	0.44	1.55
ay	0.44	1.15
colour	0.44	1.22
neck	0.44	1.19
every	0.44	1.27
urself	0.44	1.35
motherfucker	0.45	1.31
morning	0.45	1.17
eazy	0.45	1.07
married	0.45	1.22
seems	0.45	1.42
shirt	0.46	1.23
cover	0.46	1.13
gurl	0.46	1.17
fast	0.46	1.31
liar	0.46	1.13
sun	0.46	1.15
plan	0.47	1.08
open	0.47	1.09
proof	0.47	1.18
this	0.47	1.50
easily	0.47	1.30
insane	0.47	1.12
marry	0.48	1.18
hands	0.48	1.29
ffs	0.48	1.26
umm	0.48	1.28
jerome	0.49	1.25
world	0.49	1.83
friends	0.49	1.35
white	0.49	1.23
stuck	0.49	1.16
20	0.49	1.24
plz	0.50	1.11
level	0.50	1.17
lives	0.51	1.53
box	0.51	1.06
ppl	0.51	1.36
fyffe	0.51	1.22
friend	0.52	1.55
somehow	0.52	1.13
film	0.52	1.09
shits	0.52	1.18
video	0.53	0.99
d	0.53	1.60
game	0.53	0.97
indeed	0.53	1.21
foot	0.53	1.12
kanye	0.54	1.04
bye	0.55	1.30
mel	0.55	1.23
probably	0.55	1.50
model	0.55	1.27
imo	0.56	1.40
dirty	0.56	0.97
ellie	0.56	1.35
general	0.56	0.87
mod	0.56	1.15
sum	0.56	1.21
head	0.56	1.11
bit	0.56	1.41
day	0.56	1.29
lmao	0.56	1.14
tastes	0.57	1.39
idk	0.57	1.73
wish	0.58	1.43
bet	0.58	1.17
sound	0.58	1.58
jake	0.58	1.30
episode	0.58	1.06
somewhat	0.58	1.21
brown	0.58	1.25
color	0.58	1.18
work	0.59	1.56
common	0.59	1.31
pay	0.61	1.13
shoes	0.61	1.19
6	0.61	1.24
fuckin	0.61	1.42
0	0.61	1.15
style	0.61	1.20
jk	0.61	1.17
straight	0.62	1.22
apple	0.62	1.61
lucky	0.62	1.38
milk	0.62	1.19
moon	0.62	1.01
honestly	0.62	1.62
where	0.63	1.66
teeth	0.63	1.20
lost	0.63	1.48
turned	0.63	1.20
tbh	0.64	1.42
draw	0.64	1.03
ey	0.64	1.12
feet	0.64	1.21
place	0.64	1.35
time	0.64	1.41
dammit	0.65	1.16
much	0.65	1.62
fuck	0.65	1.64
j	0.65	1.24
3rd	0.66	1.63
oi	0.66	1.17
5	0.67	1.21
shows	0.67	0.96
gold	0.67	1.19
of	0.68	1.49
g	0.68	1.09
hip	0.68	1.22
faces	0.68	1.14
nerd	0.69	1.55
hear	0.69	1.44
hahaha	0.69	1.21
air	0.70	1.11
here	0.70	1.45
ash	0.70	1.05
why	0.70	1.78
writing	0.70	0.97
kno	0.70	1.37
reminds	0.71	1.08
east	0.71	1.63
rekt	0.71	1.32
homie	0.71	1.25
7	0.72	1.26
are	0.72	1.58
jackson	0.72	1.11
w	0.72	1.19
chris	0.72	1.20
music	0.72	1.19
tv	0.73	0.92
dark	0.73	1.23
absolutely	0.73	1.91
shit	0.74	1.59
park	0.74	1.07
top	0.74	1.22
humor	0.74	1.56
soft	0.75	1.70
long	0.75	1.26
blonde	0.75	1.17
total	0.75	1.15
amp	0.75	1.22
uh	0.76	1.23
small	0.76	1.57
calm	0.76	1.20
south	0.76	1.02
1	0.77	1.24
edit	0.77	1.50
f	0.78	1.22
reason	0.78	1.38
idea	0.79	1.65
4	0.79	1.24
ohai	0.79	1.37
point	0.79	1.64
quality	0.79	1.43
rate	0.80	1.25
tag	0.80	1.30
sexy	0.80	1.31
fgt	0.80	1.43
dog	0.80	1.05
hello	0.80	1.30
at	0.81	1.39
deep	0.81	1.17
ha	0.82	1.02
given	0.82	1.16
way	0.82	1.45
side	0.83	1.62
college	0.83	1.05
whore	0.83	1.33
date	0.83	1.06
purple	0.83	1.18
jeroen	0.84	1.23
first	0.84	1.78
forgive	0.84	1.28
coast	0.84	1.58
job	0.84	1.26
wonder	0.84	1.07
8	0.85	1.24
female	0.87	1.51
baby	0.87	1.17
alright	0.87	1.47
for	0.87	1.32
attack	0.87	0.91
story	0.88	0.94
y'all	0.88	1.25
thing	0.88	1.88
rain	0.88	0.95
dw	0.88	1.58
weather	0.89	0.98
2	0.89	1.26
l	0.89	1.12
fuk	0.90	1.30
bud	0.90	1.15
third	0.90	1.50
mine	0.90	1.38
wat	0.91	1.12
as	0.91	1.39
song	0.91	1.50
t	0.91	1.21
yay	0.91	1.26
aye	0.92	1.17
bomb	0.92	1.28
ye	0.92	1.33
crap	0.92	1.61
think	0.93	1.65
better	0.93	1.37
nose	0.93	1.30
series	0.93	1.12
its	0.94	1.63
kate	0.94	1.26
stories	0.94	1.08
alan	0.94	1.32
life	0.95	1.33
body	0.95	1.16
dat	0.95	1.10
y	0.95	1.40
give	0.95	1.66
shape	0.95	1.16
my	0.95	1.35
skinny	0.96	1.22
no	0.97	1.68
hahahaha	0.97	1.07
male	0.97	1.44
by	0.98	1.46
anyways	0.98	1.55
sing	0.98	1.26
duh	0.98	1.35
being	0.98	1.38
average	0.98	1.18
girls	0.99	1.18
opinion	1.00	1.06
extremely	1.01	1.69
always	1.01	1.55
yo	1.02	1.22
results	1.02	0.94
cash	1.03	0.97
sure	1.03	1.67
cousin	1.03	1.17
r8	1.04	1.41
ayy	1.04	1.11
just	1.04	1.66
10	1.04	1.23
there	1.05	1.59
compliments	1.05	1.19
booty	1.06	1.47
page	1.06	0.93
lol	1.07	1.66
legs	1.08	1.23
only	1.08	1.91
ya	1.08	1.40
genrok	1.09	1.34
glasses	1.09	1.33
clue	1.09	1.50
glad	1.09	1.62
boobs	1.09	1.52
bruh	1.10	1.01
with	1.10	1.42
early	1.10	1.59
august	1.10	1.36
because	1.11	1.63
party	1.11	1.44
fish	1.12	1.03
ngl	1.12	1.57
christmas	1.12	1.36
cake	1.13	1.42
ah	1.13	1.31
honey	1.13	1.23
bang	1.13	1.29
wot	1.14	1.24
california	1.14	1.43
extra	1.14	1.21
9	1.15	1.20
tru	1.15	1.09
now	1.15	1.55
buddy	1.16	1.42
strong	1.16	1.10
makeup	1.16	1.20
tho	1.17	1.48
sup	1.17	1.46
thats	1.17	1.45
artist	1.18	1.49
show	1.18	1.30
nah	1.18	1.50
ooh	1.18	0.88
e	1.18	1.18
pal	1.18	1.29
cooking	1.19	1.03
animal	1.20	0.73
experience	1.20	1.04
books	1.20	1.00
one	1.20	1.80
tall	1.20	1.32
is	1.20	1.59
33	1.22	1.29
lame	1.22	1.52
u	1.23	1.44
west	1.23	1.32
late	1.23	1.62
but	1.23	1.62
short	1.23	1.29
rarely	1.23	0.96
all	1.24	1.77
k	1.24	1.28
beard	1.24	1.58
giant	1.24	0.74
homo	1.24	1.12
hawt	1.25	1.24
dhruv	1.25	1.22
conor	1.26	1.54
human	1.26	1.07
rly	1.27	1.46
guess	1.27	1.54
though	1.27	1.60
please	1.28	1.68
n	1.29	1.23
real	1.29	1.70
look	1.30	1.48
not	1.30	1.57
sounds	1.30	1.43
ok	1.32	1.50
still	1.32	1.56
personality	1.32	1.25
lips	1.33	1.52
creepy	1.33	1.63
facial	1.33	1.46
o	1.33	1.25
congrats	1.34	1.52
whoa	1.34	0.98
important	1.34	1.45
asian	1.35	0.99
delicious	1.35	0.97
fair	1.36	1.30
hi	1.36	1.34
welcome	1.37	1.27
okay	1.38	1.53
quite	1.39	1.41
an	1.40	1.08
s	1.40	1.57
true	1.42	1.31
red	1.42	1.23
safe	1.42	0.96
simple	1.42	0.81
kidding	1.44	0.99
enough	1.44	1.50
oh	1.47	1.55
op	1.47	1.53
right	1.47	1.51
expensive	1.49	1.46
butt	1.49	1.31
da	1.49	1.36
b	1.50	1.23
sorry	1.50	1.42
kind	1.51	1.49
haircut	1.52	1.23
movie	1.53	0.87
yeah	1.54	1.54
well	1.55	1.49
interested	1.55	1.52
luck	1.55	1.24
bad	1.55	1.39
perfect	1.58	1.76
eyebrows	1.60	1.48
singing	1.61	1.06
hella	1.61	1.53
c	1.61	1.19
big	1.62	1.36
book	1.62	1.07
wonderful	1.63	1.46
hope	1.64	1.27
pls	1.64	1.51
birthday	1.67	1.45
hey	1.67	1.30
af	1.70	1.52
hero	1.71	1.20
weird	1.71	1.59
thx	1.71	1.17
smooth	1.72	0.99
actually	1.73	1.50
p	1.73	1.39
dope	1.74	1.47
babe	1.74	1.10
positive	1.75	1.10
woah	1.78	1.48
looks	1.79	1.33
man	1.79	1.46
yes	1.79	1.63
bb	1.80	1.10
badass	1.80	1.23
haha	1.82	1.38
bby	1.83	1.15
damn	1.84	1.61
voice	1.85	0.91
wow	1.86	1.33
m8	1.92	1.51
similar	1.93	1.46
person	1.93	1.48
so	1.95	1.59
r	1.96	1.51
ruined	1.96	0.67
too	1.97	1.56
looking	2.01	1.50
omg	2.01	1.51
8/10	2.01	1.37
smile	2.02	1.38
really	2.03	1.45
ily	2.05	1.37
bro	2.05	1.40
dress	2.07	1.56
9/10	2.09	1.36
handsome	2.09	1.42
winter	2.10	0.83
hair	2.11	1.50
close	2.12	0.95
brilliant	2.13	1.03
youre	2.15	1.27
like	2.15	1.47
caring	2.15	1.38
face	2.17	1.27
guy	2.18	1.42
10/10	2.19	1.23
your	2.20	1.08
ty	2.22	1.02
v	2.29	1.42
easy	2.30	1.54
freckles	2.30	1.19
gr8	2.32	1.53
qt	2.32	1.22
also	2.35	1.32
l8	2.37	1.49
thanks	2.40	1.21
3	2.40	1.11
taste	2.40	1.49
ur	2.43	1.45
seem	2.43	1.56
aw	2.44	0.94
very	2.45	1.40
eyes	2.48	1.07
smart	2.52	1.36
lt	2.54	1.06
thank	2.55	1.09
fun	2.57	1.34
aww	2.60	0.77
bae	2.60	1.07
friendly	2.63	1.36
gorgeous	2.72	0.89
interesting	2.74	0.89
good	2.77	1.24
pretty	2.77	1.30
dude	2.79	1.34
super	2.80	1.32
attractive	2.83	1.19
re	2.89	1.21
chill	2.98	1.15
sweet	2.98	1.02
cool	2.99	1.17
funny	3.00	1.16
hot	3.01	0.79
hilarious	3.04	0.96
beautiful	3.11	0.65
cute	3.13	0.89
lovely	3.16	0.45
adorable	3.17	0.75
great	3.37	0.37
