brutal	-4.79	0.76
hating	-4.55	1.18
tragic	-4.20	1.38
atrocities	-4.01	1.14
torture	-3.93	1.29
suffered	-3.91	1.40
ugly	-3.90	0.91
criticize	-3.89	1.38
blame	-3.88	1.25
blaming	-3.84	1.20
tragedy	-3.79	1.58
suffering	-3.75	1.50
nazis	-3.74	1.83
suffer	-3.73	1.50
experienced	-3.69	1.41
immoral	-3.69	1.35
stalin	-3.68	1.86
hitler	-3.64	1.86
sickening	-3.63	1.54
jews	-3.61	1.59
unfortunate	-3.55	1.59
actions	-3.55	1.40
taste	-3.54	1.29
evil	-3.53	1.33
disgusting	-3.52	1.60
bloody	-3.49	1.44
blamed	-3.45	1.30
such	-3.43	1.42
targeted	-3.41	1.57
shitty	-3.37	1.52
sorts	-3.36	1.70
destructive	-3.32	1.45
apartheid	-3.32	0.91
jew	-3.27	1.70
anti-semitism	-3.23	1.66
anti-semitic	-3.23	1.67
nazi	-3.21	1.44
muslims	-3.19	1.77
alike	-3.19	1.61
zionism	-3.17	1.31
dirty	-3.17	1.48
zionists	-3.11	1.29
jewish	-3.10	1.44
supported	-3.10	1.87
truly	-3.08	1.65
racism	-3.03	1.89
fought	-3.02	1.98
germans	-2.99	1.45
racist	-2.98	1.76
painful	-2.96	1.79
christians	-2.96	1.85
anti	-2.92	1.78
occupation	-2.89	0.84
wwii	-2.85	1.53
ww2	-2.85	1.51
minorities	-2.84	1.99
racists	-2.84	1.94
holocaust	-2.82	1.28
oppression	-2.81	1.02
unbelievable	-2.81	1.83
enemies	-2.80	2.04
unlike	-2.80	1.75
poland	-2.79	1.51
blacks	-2.77	2.06
soviets	-2.76	1.46
stood	-2.75	2.05
soviet	-2.75	1.49
revealing	-2.74	1.93
germany	-2.74	1.51
cough	-2.74	2.03
consequences	-2.73	1.60
racial	-2.72	2.03
whites	-2.72	2.07
genocide	-2.72	0.96
german	-2.71	1.42
russians	-2.70	1.41
absolute	-2.70	1.64
shady	-2.67	1.91
hatred	-2.66	2.04
mess	-2.66	1.70
complain	-2.66	1.75
white	-2.63	2.06
mentioning	-2.62	1.66
backwards	-2.62	1.84
aggressive	-2.61	1.93
piece	-2.60	1.61
ethnic	-2.60	1.67
regime	-2.59	0.80
frankly	-2.59	1.88
acts	-2.58	1.10
believes	-2.58	1.80
everywhere	-2.57	1.85
zionist	-2.56	1.45
kills	-2.56	1.81
arabs	-2.55	1.57
shocking	-2.55	1.89
israel	-2.54	1.22
ussr	-2.54	1.43
allies	-2.54	1.40
palestinians	-2.51	1.22
dislike	-2.51	1.78
palestine	-2.51	1.22
severe	-2.51	1.35
brutality	-2.51	1.16
israelis	-2.47	1.27
believed	-2.46	1.72
wants	-2.45	2.04
chambers	-2.44	1.23
liberals	-2.44	2.15
pure	-2.44	1.70
extreme	-2.43	1.16
deaths	-2.42	1.04
hunt	-2.40	1.98
cares	-2.39	1.91
caused	-2.38	1.29
preparing	-2.38	1.86
handled	-2.38	1.74
bad	-2.37	2.06
dictator	-2.36	0.80
twisted	-2.36	1.71
atheist	-2.36	1.35
commit	-2.33	1.05
associate	-2.32	2.01
pride	-2.30	2.05
promoting	-2.30	2.04
fear	-2.29	1.95
japanese	-2.28	1.42
fascist	-2.28	1.13
responsible	-2.27	0.84
justify	-2.25	1.04
shocked	-2.24	2.18
anger	-2.22	1.92
palestinian	-2.22	1.14
causes	-2.21	1.29
occurred	-2.21	1.15
camps	-2.20	1.36
aggression	-2.19	1.04
cause	-2.18	1.29
embarrassing	-2.17	1.94
committing	-2.16	0.97
concentration	-2.15	1.39
scenario	-2.13	1.95
screw	-2.13	1.92
accidents	-2.12	1.13
israeli	-2.11	1.15
union	-2.11	1.38
minority	-2.11	1.67
murders	-2.10	0.95
pain	-2.10	1.31
behavior	-2.10	1.15
muslim	-2.06	1.47
crimes	-2.03	1.08
violence	-2.02	1.24
anti-semite	-2.01	1.67
race	-2.01	1.77
abuses	-2.00	1.03
due	-2.00	1.20
invaded	-1.99	1.07
arab	-1.99	1.27
circumstances	-1.99	1.48
terrorists	-1.99	1.17
uncomfortable	-1.99	1.91
wars	-1.98	0.94
slaughter	-1.98	0.90
murder	-1.97	0.98
were	-1.97	1.23
committed	-1.97	0.99
poor	-1.97	1.23
occupied	-1.96	1.12
humanity	-1.96	1.82
causing	-1.96	1.28
islamic	-1.96	1.41
races	-1.95	1.69
speech	-1.95	2.19
death	-1.94	1.02
radical	-1.94	1.37
extremists	-1.94	1.44
injuries	-1.93	1.20
obvious	-1.93	2.23
extremist	-1.92	1.38
casualties	-1.92	0.78
massacre	-1.91	1.03
hard	-1.91	2.40
feels	-1.88	2.23
prisoners	-1.88	0.91
flat	-1.88	2.40
ruled	-1.88	0.97
against	-1.87	0.91
putin	-1.87	1.17
situations	-1.87	1.16
struggle	-1.86	0.85
accountable	-1.85	0.93
fighting	-1.84	1.15
offensive	-1.84	1.17
theft	-1.84	0.98
desperate	-1.83	2.32
stress	-1.83	1.18
failure	-1.82	1.10
syndrome	-1.82	1.23
greed	-1.82	1.04
depression	-1.82	1.23
vs	-1.81	1.35
russia	-1.81	1.14
execution	-1.81	0.91
result	-1.81	1.20
lowest	-1.81	2.08
european	-1.80	1.30
responsibility	-1.80	0.82
survivors	-1.80	0.88
judaism	-1.79	1.58
drone	-1.79	0.83
rampant	-1.78	1.39
little	-1.78	2.42
shock	-1.78	1.14
resulting	-1.77	1.20
various	-1.77	1.18
gaza	-1.76	1.02
netanyahu	-1.76	1.21
illness	-1.76	1.24
communist	-1.76	1.09
war	-1.75	1.11
terrorism	-1.75	1.14
communism	-1.75	1.20
terrifying	-1.74	2.14
resulted	-1.74	1.10
sick	-1.73	2.10
conflict	-1.73	0.97
kinds	-1.72	1.29
camp	-1.72	1.19
domestic	-1.71	0.91
hamas	-1.71	1.04
gross	-1.70	1.01
ignorance	-1.70	1.37
innocents	-1.70	0.89
these	-1.68	1.26
practices	-1.68	1.00
denial	-1.68	1.35
oppose	-1.68	1.21
hypocritical	-1.67	1.51
enemy	-1.67	0.78
utter	-1.67	1.22
variety	-1.67	1.18
complicit	-1.67	1.10
exception	-1.67	1.01
europe	-1.66	1.13
behaviour	-1.66	1.42
religious	-1.66	1.58
japan	-1.65	1.13
events	-1.64	1.11
injured	-1.64	0.90
idf	-1.64	1.03
nato	-1.63	1.14
strikes	-1.63	0.84
heroes	-1.63	0.95
corrupt	-1.62	1.01
eastern	-1.62	1.10
murdering	-1.62	0.91
dramatic	-1.60	1.35
utterly	-1.59	1.67
fighters	-1.59	1.06
islam	-1.59	1.53
turkey	-1.58	1.08
event	-1.58	1.03
mankind	-1.58	2.05
perpetrated	-1.57	0.95
surprising	-1.56	2.17
destruction	-1.55	0.87
witnessed	-1.54	1.16
disorder	-1.54	1.24
invading	-1.54	1.02
mass	-1.54	0.99
trash	-1.52	1.28
fascism	-1.51	1.26
mental	-1.51	1.21
rockets	-1.51	1.00
russian	-1.51	1.10
corruption	-1.50	1.10
targeting	-1.50	0.90
laughable	-1.49	2.32
loss	-1.49	1.16
east	-1.49	1.03
disappointed	-1.49	2.38
assad	-1.49	0.96
saudis	-1.48	1.08
certain	-1.48	1.25
civilians	-1.47	0.91
invasion	-1.47	0.93
rebels	-1.47	1.06
morally	-1.46	1.33
targets	-1.46	0.88
coincidences	-1.45	1.80
strings	-1.45	0.97
fight	-1.45	1.10
ukraine	-1.44	1.03
terror	-1.44	1.04
dying	-1.44	1.06
stupidity	-1.44	1.26
extent	-1.44	1.36
west	-1.44	1.02
hypocrisy	-1.43	1.37
syria	-1.43	1.02
proxy	-1.43	1.17
paranoia	-1.43	1.31
eu	-1.43	1.09
condition	-1.43	1.27
ally	-1.43	0.83
disturbing	-1.43	2.10
usa	-1.43	1.04
france	-1.43	1.11
libya	-1.43	0.96
indeed	-1.42	2.32
region	-1.42	1.05
accusing	-1.42	1.35
plain	-1.42	1.27
invade	-1.42	1.01
saddam	-1.42	0.98
revenge	-1.42	0.90
india	-1.42	1.07
unfair	-1.41	1.51
opposed	-1.41	1.17
hook	-1.41	1.03
kind	-1.41	2.48
sandy	-1.41	1.03
other	-1.41	1.23
syrian	-1.40	1.06
egypt	-1.40	1.07
territory	-1.40	1.01
ridiculous	-1.40	2.28
punishment	-1.39	1.03
laughed	-1.39	1.98
violent	-1.39	1.04
selfish	-1.39	1.42
superior	-1.39	1.28
excessive	-1.38	1.09
funded	-1.38	1.09
similar	-1.38	1.50
untrue	-1.37	2.72
civilian	-1.37	0.92
isis	-1.37	1.13
asia	-1.37	1.06
china	-1.37	1.07
al-qaeda	-1.37	1.06
britain	-1.37	1.12
intervention	-1.35	0.93
incidents	-1.35	1.10
innocent	-1.35	0.87
smell	-1.35	1.17
symptoms	-1.35	1.12
osama	-1.35	0.91
african	-1.34	1.62
blatant	-1.34	1.27
accuse	-1.34	1.48
those	-1.33	1.33
sudden	-1.33	1.24
harsh	-1.33	1.32
socialist	-1.32	1.14
slavery	-1.32	1.37
shame	-1.32	2.13
afghanistan	-1.32	0.98
incident	-1.32	1.01
crimea	-1.31	1.05
attributed	-1.31	0.97
mentality	-1.31	1.15
apathy	-1.31	1.31
defending	-1.31	1.33
terrorist	-1.31	1.04
install	-1.30	0.94
feeling	-1.30	1.45
qaeda	-1.30	1.02
defeat	-1.30	1.17
apparent	-1.30	1.39
boring	-1.30	2.15
mainly	-1.30	1.18
populations	-1.30	1.27
division	-1.29	1.58
iraq	-1.29	0.98
rocket	-1.29	1.01
proud	-1.29	1.65
accident	-1.29	1.13
thugs	-1.29	1.18
blatantly	-1.29	1.68
iran	-1.28	1.00
intentional	-1.28	1.28
lots	-1.28	1.38
escape	-1.27	1.20
advocating	-1.27	1.76
inherently	-1.27	1.34
conservatives	-1.26	1.64
disaster	-1.26	0.95
outright	-1.26	1.52
orchestrated	-1.26	0.87
ukrainian	-1.26	1.00
era	-1.25	1.17
supporting	-1.25	1.13
justified	-1.25	1.02
crime	-1.25	1.01
scum	-1.25	1.48
activities	-1.25	1.09
ironic	-1.25	2.37
arabia	-1.25	0.97
suicide	-1.25	1.00
chamber	-1.25	1.02
vietnam	-1.24	1.08
reverse	-1.24	1.34
conflicts	-1.24	0.97
knows	-1.24	1.81
canada	-1.23	1.06
faced	-1.23	1.19
prisons	-1.23	0.95
comparing	-1.23	1.00
unrest	-1.23	1.06
reactions	-1.23	1.09
middle	-1.22	1.00
led	-1.22	1.06
die	-1.22	1.15
unrelated	-1.22	1.36
damage	-1.22	1.11
moderate	-1.22	1.22
convenient	-1.21	2.36
pakistan	-1.21	0.93
separate	-1.21	1.14
its	-1.20	2.46
puppets	-1.20	1.06
perceived	-1.20	1.34
countries	-1.20	1.03
overthrow	-1.20	0.89
americans	-1.20	1.57
christian	-1.19	1.70
kiev	-1.19	1.00
bizarre	-1.19	1.98
fema	-1.19	0.79
taliban	-1.19	0.98
ashamed	-1.19	2.79
nefarious	-1.19	1.12
openly	-1.18	1.27
cultural	-1.18	1.38
warned	-1.18	1.14
everybody	-1.18	1.60
tells	-1.18	1.62
pilot	-1.18	1.08
lobby	-1.18	1.19
types	-1.18	1.24
illegal	-1.18	1.05
ii	-1.18	1.35
handful	-1.17	1.09
worthless	-1.17	1.37
garbage	-1.17	1.26
outrage	-1.17	1.45
occur	-1.17	1.21
religion	-1.17	1.40
supports	-1.16	0.95
denying	-1.16	1.44
ongoing	-1.16	0.97
color	-1.16	1.53
abuse	-1.16	1.02
tortured	-1.16	0.97
shootings	-1.16	0.96
leading	-1.15	0.97
sanctions	-1.15	0.94
native	-1.15	1.50
gov't	-1.15	1.14
cabal	-1.15	0.95
australia	-1.15	1.04
nobody	-1.14	1.78
lead	-1.14	1.17
pilots	-1.14	1.08
slow	-1.14	1.20
toward	-1.14	1.08
facing	-1.14	0.96
policies	-1.13	0.99
unnecessary	-1.13	1.42
excuse	-1.13	1.29
killing	-1.13	0.89
misinformation	-1.13	1.38
situation	-1.13	1.43
bombed	-1.13	0.81
ludicrous	-1.12	1.80
poverty	-1.12	1.11
activity	-1.12	1.12
unusual	-1.12	1.91
sometimes	-1.12	1.90
sinister	-1.12	1.60
fast	-1.11	1.39
criminal	-1.11	1.03
funding	-1.11	1.03
western	-1.11	1.01
different	-1.11	1.23
militarization	-1.11	1.12
wing	-1.11	1.30
panic	-1.10	1.35
acknowledge	-1.10	1.88
simply	-1.10	3.39
black	-1.10	1.78
strange	-1.10	2.42
chinese	-1.10	1.06
weak	-1.10	2.48
consistently	-1.10	1.28
groups	-1.10	1.19
multiple	-1.09	1.22
decides	-1.09	2.46
inaccurate	-1.09	2.69
soldiers	-1.09	0.92
saudi	-1.08	0.94
engaged	-1.08	1.05
fault	-1.08	2.24
sh	-1.08	1.21
controls	-1.08	1.31
gay	-1.07	1.68
drill	-1.07	0.87
sentiment	-1.07	1.47
fraud	-1.07	0.96
diseases	-1.06	1.10
filled	-1.06	1.16
iraqi	-1.06	0.96
transport	-1.06	0.99
denied	-1.06	1.19
promoted	-1.05	1.11
iq	-1.05	1.16
drills	-1.05	0.89
either	-1.05	3.52
opposite	-1.05	2.80
particularly	-1.05	1.98
mongering	-1.05	1.40
vaccinated	-1.05	1.19
effects	-1.05	1.04
sympathy	-1.05	1.45
ideology	-1.05	1.14
aimed	-1.04	1.06
basically	-1.04	2.18
missiles	-1.04	0.93
fishy	-1.04	2.48
subsequent	-1.04	1.07
puppet	-1.04	0.97
zone	-1.04	0.95
republic	-1.04	0.96
psychopaths	-1.03	1.24
differences	-1.03	1.34
south	-1.03	1.03
fucked	-1.03	2.33
controlling	-1.03	0.98
questionable	-1.03	1.62
capitalist	-1.03	0.93
thinks	-1.02	1.58
absolutely	-1.02	1.86
greedy	-1.02	1.44
type	-1.02	1.30
tyranny	-1.02	0.98
extraordinary	-1.01	1.58
progressive	-1.01	1.26
unconstitutional	-1.01	1.03
pretty	-1.01	2.56
nations	-1.01	0.98
recognize	-1.01	1.81
killed	-1.01	0.90
coup	-1.01	0.93
wherever	-1.00	1.01
prosecuted	-1.00	1.08
identity	-1.00	1.45
cuba	-1.00	0.99
occurs	-1.00	1.16
many	-1.00	1.31
action	-1.00	1.31
kill	-1.00	1.10
treason	-1.00	1.03
most	-1.00	1.89
us	-1.00	1.39
react	-0.99	1.29
rise	-0.99	0.91
empire	-0.99	1.03
mossad	-0.99	1.07
lie	-0.98	1.78
remind	-0.98	2.29
militarized	-0.98	1.08
surrounding	-0.98	1.30
misleading	-0.98	2.83
leadership	-0.98	0.96
died	-0.98	0.97
insanity	-0.98	1.26
england	-0.98	1.01
target	-0.97	1.05
lies	-0.97	1.36
overwhelming	-0.97	1.26
flu	-0.97	1.20
america	-0.97	1.05
africa	-0.97	1.01
who	-0.97	1.70
behave	-0.97	1.35
korea	-0.97	1.03
blackmail	-0.96	0.99
strike	-0.96	0.93
guilty	-0.96	1.07
polio	-0.96	1.15
biggest	-0.96	2.78
total	-0.96	1.17
homeland	-0.96	1.02
nonsense	-0.96	1.40
evident	-0.96	1.44
harm	-0.96	1.20
felt	-0.96	1.88
saying	-0.96	3.49
crisis	-0.95	0.96
difficult	-0.95	1.70
practice	-0.95	1.32
deliberate	-0.95	1.28
conservative	-0.95	1.38
task	-0.95	1.31
flag	-0.95	0.95
christianity	-0.95	1.47
group	-0.95	1.16
planning	-0.95	0.95
pushing	-0.95	1.58
punished	-0.95	1.07
silly	-0.95	2.28
beyond	-0.94	1.47
vaccinations	-0.94	1.13
towards	-0.94	1.19
autism	-0.94	1.02
carried	-0.94	0.96
launched	-0.93	1.01
justification	-0.93	1.17
between	-0.93	1.27
involve	-0.93	1.14
excuses	-0.93	1.52
everyone	-0.93	2.02
hint	-0.93	1.39
missile	-0.93	0.93
divided	-0.93	1.37
behind	-0.93	1.18
assume	-0.92	3.47
governments	-0.92	0.91
pretending	-0.92	1.75
vaccine	-0.92	1.14
behalf	-0.92	0.98
bombing	-0.92	0.92
unlawful	-0.92	1.12
tsa	-0.92	1.05
bombings	-0.92	0.93
observed	-0.92	1.32
exactly	-0.92	3.40
rape	-0.92	1.11
myth	-0.92	1.13
intentions	-0.92	1.17
gas	-0.92	0.97
outrageous	-0.92	1.73
motives	-0.91	1.37
alleged	-0.91	0.89
guilt	-0.91	1.22
skin	-0.91	1.30
intense	-0.91	1.12
clearly	-0.91	3.17
drawing	-0.90	1.15
martial	-0.90	0.92
9-11	-0.90	0.95
associated	-0.90	1.06
talking	-0.89	3.44
challenge	-0.89	1.25
prevented	-0.89	1.24
hijackers	-0.88	0.96
constant	-0.88	1.24
british	-0.88	0.99
likes	-0.88	2.41
incompetent	-0.88	1.56
leads	-0.88	1.07
two	-0.88	1.21
happened	-0.88	2.16
drones	-0.88	0.92
widespread	-0.88	1.15
pays	-0.88	1.50
several	-0.87	1.19
religions	-0.87	1.33
prison	-0.87	0.97
vaccination	-0.87	1.11
troops	-0.87	0.99
boston	-0.87	0.95
pro	-0.87	1.28
deeply	-0.87	1.59
massive	-0.87	1.02
goddamn	-0.87	1.69
left	-0.87	1.36
leader	-0.86	0.88
scale	-0.86	1.08
feelings	-0.86	1.42
mysterious	-0.86	1.29
culture	-0.86	1.27
executed	-0.86	0.94
corrupted	-0.86	1.14
cuts	-0.86	1.18
irrational	-0.85	1.46
weird	-0.85	2.50
albeit	-0.85	1.49
including	-0.85	1.22
numerous	-0.85	1.25
itself	-0.85	1.42
pacific	-0.85	0.92
lands	-0.85	1.07
decisions	-0.85	1.16
knew	-0.84	2.01
cases	-0.84	1.14
onto	-0.84	1.09
motivated	-0.84	1.29
convinced	-0.84	3.20
dozens	-0.84	1.21
psychopath	-0.84	1.26
nuke	-0.84	0.90
versus	-0.84	1.26
and/or	-0.84	1.15
flags	-0.84	0.97
ultimately	-0.84	1.26
historically	-0.84	1.35
sure	-0.84	3.40
charged	-0.84	1.11
creepy	-0.83	2.54
ending	-0.83	1.02
continued	-0.83	1.11
nature	-0.82	0.93
crap	-0.82	1.53
medication	-0.82	1.14
dangers	-0.82	1.06
agrees	-0.82	1.70
uk	-0.82	0.99
criminals	-0.82	1.11
forces	-0.82	0.95
occurring	-0.81	1.29
sort	-0.81	1.96
treating	-0.81	1.03
bastards	-0.81	1.57
sociopaths	-0.81	1.23
during	-0.81	1.14
sham	-0.81	1.10
mexico	-0.81	1.01
backed	-0.80	1.03
annoying	-0.80	2.42
ritual	-0.80	0.99
mostly	-0.80	1.42
support	-0.80	1.32
self	-0.80	0.98
north	-0.80	1.03
needs	-0.80	1.71
permanent	-0.80	0.97
sugar	-0.80	1.18
disagrees	-0.80	1.56
cultures	-0.79	1.11
liberal	-0.79	1.27
practically	-0.79	1.43
poisoning	-0.79	1.03
convicted	-0.79	1.07
existed	-0.79	1.13
hospitals	-0.79	0.91
government	-0.79	0.92
act	-0.79	1.03
victims	-0.79	1.06
oligarchs	-0.78	0.98
nwo	-0.78	1.01
tea	-0.78	1.21
dozen	-0.78	1.20
bullshit	-0.78	1.39
certainty	-0.77	1.43
lying	-0.77	1.72
risks	-0.77	1.10
deliberately	-0.77	1.77
involvement	-0.77	0.85
intentionally	-0.77	1.74
signs	-0.77	1.26
argued	-0.77	1.50
movement	-0.77	1.16
riots	-0.77	1.05
overseas	-0.77	0.92
militia	-0.77	1.05
leaders	-0.77	0.88
engineered	-0.76	0.91
pieces	-0.76	1.06
struck	-0.76	1.07
direction	-0.76	1.29
questioned	-0.76	1.51
whenever	-0.76	1.53
virtually	-0.76	1.42
handle	-0.76	1.59
run	-0.76	1.10
prevent	-0.76	1.17
spying	-0.76	1.02
bit	-0.75	2.22
hostile	-0.75	1.43
affected	-0.75	1.20
forward	-0.75	1.21
ultimate	-0.75	1.10
immigrants	-0.75	1.51
civilization	-0.75	0.99
worship	-0.74	1.18
disease	-0.74	1.03
prepared	-0.74	1.33
doing	-0.74	3.40
inherent	-0.74	1.07
nukes	-0.74	0.94
effect	-0.74	1.14
much	-0.74	2.16
imf	-0.74	0.90
bankers	-0.74	0.95
bases	-0.74	0.98
foreign	-0.73	0.95
hardly	-0.73	1.77
seem	-0.73	2.37
land	-0.73	1.03
invisible	-0.73	1.22
split	-0.73	1.21
incredibly	-0.72	2.00
none	-0.72	2.08
feel	-0.72	2.36
shooting	-0.72	0.96
red	-0.72	1.35
areas	-0.72	1.03
implying	-0.72	3.45
useless	-0.72	1.64
murderers	-0.72	1.22
incompetence	-0.72	1.21
coverup	-0.72	1.01
bs	-0.72	1.39
somebody	-0.72	1.80
same	-0.72	2.61
cross	-0.71	1.29
hoax	-0.71	0.95
lines	-0.71	1.34
simultaneously	-0.71	1.01
deemed	-0.71	1.47
absurd	-0.71	1.76
women	-0.71	1.60
far	-0.71	2.07
pointing	-0.71	1.68
attitude	-0.71	1.32
chaos	-0.71	0.97
personality	-0.71	1.15
ruling	-0.71	0.96
dissonance	-0.71	1.36
cover-up	-0.71	0.99
more	-0.70	2.05
iranian	-0.70	0.95
bias	-0.70	1.28
marathon	-0.70	0.94
centuries	-0.70	1.31
greatest	-0.70	2.03
involved	-0.70	1.15
problems	-0.70	1.23
rothschilds	-0.70	0.97
shooter	-0.70	0.85
harmful	-0.70	1.11
else	-0.70	2.31
rich	-0.70	1.02
single	-0.70	1.36
ferguson	-0.70	1.04
whereas	-0.69	1.09
claimed	-0.69	1.41
firing	-0.69	1.00
patterns	-0.69	1.39
makes	-0.69	2.29
motion	-0.69	1.10
worldwide	-0.69	0.97
catholic	-0.69	1.32
powers	-0.69	0.97
blue	-0.68	1.38
equally	-0.68	1.91
plenty	-0.68	1.42
resist	-0.68	1.20
progress	-0.68	1.11
paint	-0.68	1.34
countless	-0.68	1.19
liar	-0.68	1.50
looting	-0.68	1.01
gang	-0.68	1.04
owns	-0.68	1.00
thing	-0.68	2.52
increasingly	-0.68	1.56
rage	-0.67	1.45
northern	-0.67	1.00
revolt	-0.67	1.02
false	-0.67	1.11
outcome	-0.67	1.52
assault	-0.67	1.06
origin	-0.67	1.19
9/11	-0.67	1.00
fukushima	-0.67	0.93
worse	-0.67	2.09
fighter	-0.66	0.93
reaction	-0.66	1.28
indian	-0.66	1.00
belong	-0.66	1.52
surprise	-0.66	2.08
traditional	-0.66	1.15
re	-0.66	3.17
enough	-0.66	2.15
phenomenon	-0.66	1.58
train	-0.65	0.97
worlds	-0.65	1.03
suspected	-0.65	1.21
almost	-0.65	2.12
complaining	-0.65	1.80
three	-0.65	1.25
isolated	-0.65	1.16
easy	-0.65	1.90
parts	-0.65	0.98
survived	-0.65	1.12
risk	-0.65	1.07
planned	-0.65	1.00
both	-0.65	1.16
each	-0.64	1.23
expose	-0.64	1.31
al	-0.64	1.00
identical	-0.64	1.51
complete	-0.64	1.28
easier	-0.64	1.89
emotion	-0.64	1.38
sounds	-0.64	2.61
told	-0.64	1.99
charge	-0.64	1.09
says	-0.64	1.62
predicted	-0.64	1.11
knowing	-0.64	2.60
protest	-0.64	1.03
laden	-0.63	0.96
rebel	-0.63	0.89
lot	-0.63	2.08
vaccines	-0.63	1.08
outbreak	-0.63	1.07
pose	-0.63	1.15
civil	-0.63	0.97
negative	-0.63	1.11
chemtrails	-0.63	1.17
banker	-0.63	0.96
milk	-0.63	1.17
serious	-0.63	1.28
political	-0.63	1.07
finger	-0.63	1.18
deny	-0.62	1.80
define	-0.62	1.32
conduct	-0.62	1.07
armed	-0.62	1.01
ton	-0.62	1.35
dealt	-0.62	1.38
revelation	-0.62	1.16
psychological	-0.62	1.11
everything	-0.62	2.54
protests	-0.62	1.02
harder	-0.62	1.86
tried	-0.62	1.67
1	-0.62	1.80
mob	-0.62	1.08
capitalism	-0.62	0.97
organized	-0.62	1.08
business	-0.62	1.01
pile	-0.61	1.02
launch	-0.61	0.97
infection	-0.61	1.07
newtown	-0.61	1.11
bogus	-0.61	1.51
green	-0.61	1.35
sexual	-0.61	1.06
organizations	-0.61	0.97
often	-0.61	1.76
accused	-0.61	1.34
fail	-0.61	1.61
exposing	-0.61	1.23
mistakes	-0.61	2.29
literally	-0.61	2.42
etc	-0.61	1.27
anyone	-0.61	2.28
french	-0.60	1.05
pattern	-0.60	1.46
jail	-0.60	1.07
backing	-0.60	1.18
hungry	-0.60	1.47
gulf	-0.60	0.95
ego	-0.60	1.15
amongst	-0.60	1.26
riot	-0.60	1.04
happening	-0.60	2.92
uses	-0.60	1.35
declare	-0.60	1.12
surprised	-0.60	2.55
seemed	-0.60	2.23
training	-0.60	0.93
directly	-0.60	1.37
state	-0.60	0.92
crashes	-0.60	0.97
instances	-0.59	1.21
foundation	-0.59	0.97
hair	-0.59	1.11
expansion	-0.59	0.89
admitted	-0.59	1.26
jets	-0.59	0.96
than	-0.59	1.87
seems	-0.59	2.22
sponsored	-0.59	0.92
believing	-0.59	1.57
charges	-0.58	1.13
liars	-0.58	1.28
analogy	-0.58	1.48
threats	-0.58	1.17
threatened	-0.58	1.26
facility	-0.58	0.96
protestors	-0.58	1.03
social	-0.58	1.30
quite	-0.58	2.18
emergency	-0.58	0.90
rates	-0.57	0.96
surveillance	-0.57	1.02
sense	-0.57	2.36
except	-0.57	2.57
cartel	-0.57	0.90
cognitive	-0.57	1.38
happens	-0.57	2.37
anybody	-0.57	2.22
27	-0.57	1.88
faster	-0.57	1.62
disingenuous	-0.57	1.81
emotional	-0.57	1.25
everyday	-0.57	1.06
cold	-0.57	0.96
handling	-0.57	1.29
foolish	-0.57	1.76
tries	-0.57	1.63
otherwise	-0.57	2.60
hurt	-0.57	1.89
centers	-0.57	0.93
obviously	-0.57	2.71
agenda	-0.56	1.22
display	-0.56	1.27
sadly	-0.56	1.96
blind	-0.56	1.42
weight	-0.56	1.03
chicken	-0.56	1.15
blood	-0.56	1.14
mexican	-0.56	1.06
prosecution	-0.56	1.09
ours	-0.56	1.09
bag	-0.56	1.09
slightest	-0.56	1.86
suspicious	-0.56	1.90
involving	-0.56	1.03
manipulated	-0.56	1.24
fewer	-0.55	1.61
prior	-0.55	1.27
under	-0.55	0.97
protesters	-0.55	1.03
refuses	-0.55	1.40
power	-0.55	1.03
cancer	-0.55	0.98
overly	-0.55	1.87
scam	-0.55	0.98
herd	-0.55	1.09
better	-0.55	2.18
form	-0.55	1.22
too	-0.55	2.28
appropriate	-0.55	1.30
military	-0.55	0.97
financial	-0.54	0.99
treated	-0.54	1.05
pressure	-0.54	1.03
nuclear	-0.54	0.96
throughout	-0.54	1.19
insane	-0.54	1.78
rarely	-0.54	1.57
object	-0.54	1.26
spring	-0.54	1.10
making	-0.54	1.70
whole	-0.54	1.59
mindset	-0.54	1.07
unstable	-0.54	1.46
small	-0.54	1.09
bombs	-0.54	0.97
largest	-0.54	1.16
aids	-0.54	1.04
cult	-0.54	1.08
asks	-0.54	1.48
patients	-0.54	1.07
completely	-0.53	1.97
places	-0.53	1.23
tiny	-0.53	1.13
rulers	-0.53	1.03
deception	-0.53	1.19
decided	-0.53	1.57
tends	-0.53	1.37
beast	-0.53	1.12
promote	-0.53	1.27
guard	-0.53	0.93
fairly	-0.53	2.06
massively	-0.53	1.74
politicians	-0.53	0.98
pulling	-0.53	1.51
anarchy	-0.53	1.15
dirt	-0.53	1.14
agendas	-0.53	1.15
trial	-0.52	1.13
presence	-0.52	1.06
institution	-0.52	1.01
species	-0.52	0.97
precisely	-0.52	1.62
majority	-0.52	1.10
common	-0.52	1.57
economic	-0.52	0.93
less	-0.52	1.89
include	-0.52	1.28
hidden	-0.52	1.22
distraction	-0.52	1.33
getting	-0.52	2.16
larger	-0.52	1.37
911	-0.52	0.98
banking	-0.52	0.85
benefits	-0.52	1.02
moving	-0.52	1.36
represent	-0.52	1.08
immunity	-0.52	1.01
indoctrinated	-0.51	1.31
treatment	-0.51	1.12
smaller	-0.51	1.43
importantly	-0.51	1.23
staged	-0.51	0.95
elite	-0.51	0.98
impossible	-0.51	1.62
force	-0.51	1.08
victim	-0.51	1.04
together	-0.51	1.26
eating	-0.51	1.18
going	-0.51	2.90
immigration	-0.51	1.02
bigger	-0.51	1.61
stronger	-0.51	1.62
becoming	-0.51	1.72
continues	-0.51	1.15
evolution	-0.50	0.97
dangerous	-0.50	1.52
possession	-0.50	1.08
architects	-0.50	1.23
divide	-0.50	1.38
held	-0.50	1.08
indication	-0.50	1.84
positions	-0.50	1.02
elites	-0.50	0.98
strategic	-0.50	1.01
besides	-0.50	2.02
trigger	-0.50	1.19
fooled	-0.50	1.84
stole	-0.50	1.03
suspicion	-0.50	1.43
elected	-0.50	0.90
scenarios	-0.50	1.33
manipulation	-0.50	1.25
gt	-0.50	3.19
prepare	-0.50	1.29
largely	-0.50	1.44
accountability	-0.50	0.91
distinction	-0.50	1.38
organization	-0.50	0.98
govt	-0.50	1.04
very	-0.49	2.13
strong	-0.49	1.17
population	-0.49	1.03
whatever	-0.49	2.72
3	-0.49	1.29
trained	-0.49	1.03
mh17	-0.49	0.96
properties	-0.49	0.97
bay	-0.49	1.15
labeled	-0.49	1.40
describing	-0.49	1.61
end	-0.49	1.85
protesting	-0.49	1.07
potentially	-0.49	1.19
usually	-0.49	1.73
parliament	-0.49	0.95
army	-0.49	0.93
border	-0.49	1.07
unreasonable	-0.49	1.49
nation	-0.49	0.94
big	-0.48	1.08
cartels	-0.48	0.97
unless	-0.48	2.80
mafia	-0.48	0.89
eat	-0.48	1.19
threatening	-0.48	1.18
repeated	-0.48	1.26
being	-0.48	1.80
world	-0.48	1.17
claiming	-0.48	1.96
coast	-0.48	0.97
driven	-0.48	1.11
fruit	-0.48	1.10
comes	-0.48	1.71
dhs	-0.48	0.97
nothing	-0.48	2.72
corporations	-0.48	0.93
know	-0.48	2.86
zero	-0.48	1.46
produces	-0.48	1.01
ways	-0.48	1.83
potential	-0.48	1.14
magnitude	-0.48	1.28
certainly	-0.48	2.53
lied	-0.48	1.64
united	-0.47	0.96
modern	-0.47	1.07
focusing	-0.47	1.37
suspect	-0.47	1.59
belongs	-0.47	1.39
column	-0.47	1.05
anything	-0.47	2.70
threaten	-0.47	1.24
entirely	-0.47	2.00
wave	-0.47	1.11
policy	-0.47	1.01
sovereign	-0.47	0.97
epidemic	-0.47	1.16
where	-0.47	2.79
2	-0.47	1.30
ran	-0.47	1.15
rothschild	-0.47	1.03
telling	-0.47	2.62
actually	-0.46	2.87
drug	-0.46	1.03
un	-0.46	0.99
pills	-0.46	1.12
influenced	-0.46	1.08
believe	-0.46	2.92
ebola	-0.46	1.07
dishonest	-0.46	1.87
raw	-0.46	1.12
beliefs	-0.46	1.12
trace	-0.46	1.21
implement	-0.46	1.11
fraction	-0.46	1.05
right	-0.46	3.19
childhood	-0.46	1.10
pathetic	-0.46	2.66
does	-0.46	2.63
pointless	-0.46	1.72
easily	-0.45	2.01
especially	-0.45	1.89
flying	-0.45	1.00
society	-0.45	0.86
why	-0.45	2.83
slightly	-0.45	1.89
rare	-0.45	1.59
trend	-0.45	1.29
corporate	-0.45	0.95
whoever	-0.45	1.47
something	-0.45	2.82
how	-0.45	2.72
regardless	-0.45	1.84
exist	-0.45	2.38
arms	-0.45	1.30
threat	-0.45	1.07
number	-0.45	1.08
commercial	-0.45	1.01
significantly	-0.45	1.54
push	-0.45	1.29
sells	-0.45	1.08
wealth	-0.45	0.96
symbols	-0.45	1.11
fly	-0.44	1.01
teeth	-0.44	1.06
libertarian	-0.44	1.25
fucks	-0.44	1.76
neck	-0.44	1.11
warfare	-0.44	1.00
furthermore	-0.44	1.41
greater	-0.44	1.23
matter	-0.44	2.65
bomb	-0.44	1.01
load	-0.44	1.24
ten	-0.44	1.28
canadian	-0.44	1.19
brain	-0.44	1.00
structure	-0.43	1.02
urban	-0.43	0.95
happen	-0.43	2.65
tell	-0.43	2.79
refused	-0.43	1.29
dropping	-0.43	1.02
tptb	-0.43	1.26
highest	-0.43	1.12
collapse	-0.43	1.01
odd	-0.43	2.17
stretch	-0.43	1.92
limits	-0.43	1.17
smarter	-0.43	1.68
21	-0.43	1.26
someone	-0.43	2.07
25	-0.43	1.34
known	-0.43	1.75
hanging	-0.43	1.17
naive	-0.43	1.73
prime	-0.43	0.95
wanting	-0.43	1.65
extremely	-0.43	2.09
generate	-0.43	1.18
forcing	-0.43	1.30
strain	-0.43	1.07
momentum	-0.43	1.15
absence	-0.43	1.39
4	-0.43	1.31
said	-0.43	2.55
bull	-0.43	1.46
see	-0.43	2.81
looking	-0.43	2.58
few	-0.42	1.31
orange	-0.42	1.22
say	-0.42	2.88
large	-0.42	1.13
9	-0.42	1.30
5	-0.42	1.30
root	-0.42	1.25
13	-0.42	1.29
14	-0.42	1.29
emotions	-0.42	1.30
defend	-0.42	1.71
lobbying	-0.42	1.02
somewhat	-0.42	2.16
pedophile	-0.42	1.02
12	-0.42	1.29
primarily	-0.42	1.18
18	-0.42	1.29
24	-0.42	1.31
truths	-0.42	1.30
higher	-0.42	1.06
questioning	-0.42	1.68
coffee	-0.42	1.10
15	-0.42	1.30
wanted	-0.42	1.87
defense	-0.42	0.97
8	-0.42	1.30
heading	-0.42	1.13
central	-0.42	0.90
whether	-0.42	2.60
levels	-0.42	0.98
95	-0.41	1.16
revolution	-0.41	0.92
realize	-0.41	2.84
societies	-0.41	0.98
helps	-0.41	1.47
police	-0.41	1.09
term	-0.41	1.36
cared	-0.41	1.97
planes	-0.41	0.99
crowd	-0.41	1.21
one	-0.41	2.48
hide	-0.41	1.72
specific	-0.41	1.33
case	-0.41	1.95
label	-0.41	1.34
fund	-0.41	1.08
u.s	-0.41	0.96
23	-0.41	1.28
considered	-0.41	1.85
flew	-0.41	1.05
weapons	-0.41	1.05
17	-0.41	1.37
heavy	-0.41	1.12
wondered	-0.41	2.02
deadly	-0.41	1.13
10	-0.41	1.30
democracy	-0.40	0.98
move	-0.40	1.66
rapidly	-0.40	1.22
because	-0.40	2.91
anywhere	-0.40	2.62
health	-0.40	1.10
26	-0.40	1.23
horse	-0.40	1.35
battle	-0.40	1.01
killers	-0.40	0.94
scare	-0.40	1.17
departments	-0.40	0.98
entity	-0.40	1.02
percentage	-0.40	1.10
control	-0.40	1.03
occupy	-0.40	1.02
16	-0.40	1.26
stupid	-0.40	1.83
timing	-0.40	2.06
find	-0.40	2.42
works	-0.40	2.17
states	-0.40	0.98
minimal	-0.40	1.14
propaganda	-0.40	1.28
even	-0.40	2.78
aircraft	-0.40	0.99
biological	-0.40	0.94
implications	-0.40	1.29
alone	-0.40	2.31
fire	-0.39	0.98
ca	-0.39	2.34
i.e	-0.39	1.12
covert	-0.39	1.09
thinking	-0.39	2.54
way	-0.39	2.74
try	-0.39	2.00
inevitable	-0.39	1.38
institutions	-0.39	0.95
pretend	-0.39	2.54
trust	-0.39	2.29
attempted	-0.39	1.60
20	-0.39	1.29
immune	-0.39	1.03
grasp	-0.39	1.78
figure	-0.39	2.66
global	-0.39	1.02
100,000	-0.39	1.01
crash	-0.39	0.99
tanks	-0.39	1.03
effort	-0.39	1.65
meds	-0.39	1.25
suspects	-0.39	1.12
southern	-0.39	1.00
country	-0.39	1.13
drawn	-0.39	1.15
arrogant	-0.39	1.68
six	-0.39	1.30
endless	-0.38	0.98
creation	-0.38	0.95
only	-0.38	2.76
legalization	-0.38	1.02
evolved	-0.38	0.93
politician	-0.38	1.16
when	-0.38	2.57
6	-0.38	1.32
somehow	-0.38	2.07
done	-0.38	2.72
problem	-0.38	1.85
airliner	-0.38	1.00
therefore	-0.38	2.04
cocaine	-0.38	1.04
could	-0.38	2.64
estimated	-0.38	1.17
impact	-0.38	1.01
30	-0.38	1.29
socialism	-0.37	1.00
necessarily	-0.37	2.68
think	-0.37	2.85
able	-0.37	2.01
seeing	-0.37	2.65
oil	-0.37	0.95
unable	-0.37	1.79
influence	-0.37	1.05
idea	-0.37	2.50
flood	-0.37	1.08
immediate	-0.37	1.13
internal	-0.37	1.01
criticism	-0.37	1.48
non	-0.37	1.45
fact	-0.37	2.76
implemented	-0.37	1.05
national	-0.37	0.94
competition	-0.37	1.00
fired	-0.37	1.16
reason	-0.37	2.64
convince	-0.37	2.30
heroin	-0.37	1.03
22	-0.37	1.23
statistically	-0.37	1.23
repeating	-0.37	1.98
cdc	-0.37	1.06
lesser	-0.37	0.86
viruses	-0.37	1.04
clue	-0.37	2.69
underlying	-0.36	1.22
avoid	-0.36	1.40
boeing	-0.36	1.02
flight	-0.36	1.00
imagine	-0.36	2.72
frequently	-0.36	1.47
followers	-0.36	1.07
instance	-0.36	1.34
deal	-0.36	1.74
he	-0.36	2.07
favor	-0.36	1.17
dissent	-0.36	1.26
dealing	-0.36	1.32
eight	-0.36	1.30
which	-0.36	2.71
hiding	-0.36	1.64
airline	-0.36	0.99
five	-0.36	1.31
vatican	-0.36	0.97
seven	-0.36	1.30
virus	-0.36	1.06
flights	-0.36	1.02
exposure	-0.36	1.07
lower	-0.36	1.05
machine	-0.35	1.17
has	-0.35	2.26
capital	-0.35	0.89
gravity	-0.35	1.10
assure	-0.35	2.25
ordinary	-0.35	1.14
conditions	-0.35	1.02
fully	-0.35	1.73
doubt	-0.35	2.68
drugs	-0.35	1.10
lazy	-0.35	1.70
courts	-0.35	1.10
operations	-0.35	0.99
party	-0.35	1.12
structural	-0.35	1.01
borders	-0.35	1.06
equality	-0.35	1.39
humans	-0.35	0.92
controversy	-0.35	1.24
simple	-0.35	1.71
decide	-0.35	1.72
idiotic	-0.35	1.85
hitting	-0.35	1.07
hijacked	-0.35	1.03
joint	-0.35	1.02
35	-0.35	1.29
confused	-0.35	2.86
welfare	-0.35	1.05
blast	-0.35	1.08
now	-0.34	2.90
care	-0.34	2.46
appear	-0.34	1.91
similarly	-0.34	1.24
mean	-0.34	2.83
75	-0.34	1.21
blindly	-0.34	1.58
directed	-0.34	2.43
million	-0.34	1.11
ordered	-0.34	1.01
among	-0.34	1.25
driving	-0.34	1.04
make	-0.34	2.39
however	-0.34	2.61
truth	-0.34	1.81
passenger	-0.34	1.02
resistance	-0.34	1.10
arrest	-0.34	1.20
proven	-0.34	2.23
place	-0.34	2.62
expect	-0.33	2.67
libertarians	-0.33	1.34
11	-0.33	1.24
never	-0.33	2.58
ignored	-0.33	1.38
circles	-0.33	1.21
surely	-0.33	2.67
airplanes	-0.33	1.06
damaging	-0.33	1.03
cia	-0.33	1.03
repeatedly	-0.33	1.76
loads	-0.33	1.23
legislation	-0.33	1.06
maybe	-0.33	2.83
protected	-0.33	1.07
mix	-0.33	1.18
notice	-0.33	2.05
gets	-0.33	1.82
look	-0.33	2.41
across	-0.33	1.10
growth	-0.33	0.92
giant	-0.33	1.07
uniform	-0.33	1.13
sky	-0.33	1.18
bunch	-0.33	1.51
amendment	-0.33	1.16
democratic	-0.33	1.01
gov	-0.33	1.02
level	-0.33	1.04
free	-0.32	1.31
unfortunately	-0.32	2.17
international	-0.32	0.91
veterans	-0.32	0.98
security	-0.32	0.96
19	-0.32	1.22
did	-0.32	2.55
faith	-0.32	1.22
agencies	-0.32	1.00
mercury	-0.32	1.10
became	-0.32	1.75
remotely	-0.32	1.60
privately	-0.32	0.93
feeding	-0.32	1.33
visited	-0.32	1.11
fabricated	-0.32	1.69
wearing	-0.32	1.24
constitutional	-0.32	1.09
monetary	-0.32	0.91
underground	-0.32	1.09
understand	-0.32	2.75
columns	-0.32	1.08
debris	-0.32	1.02
familiar	-0.32	2.09
yet	-0.32	2.65
benefit	-0.32	1.05
system	-0.32	1.04
compared	-0.32	1.29
soil	-0.32	1.03
course	-0.32	2.84
hundred	-0.31	1.20
might	-0.31	2.68
them	-0.31	2.37
28	-0.31	1.40
tank	-0.31	1.04
already	-0.31	2.59
plan	-0.31	1.21
40	-0.31	1.28
hunting	-0.31	1.05
99	-0.31	1.37
establishment	-0.31	1.03
infrastructure	-0.31	1.04
comprehend	-0.31	2.16
built	-0.31	0.96
couple	-0.31	1.34
burn	-0.31	0.99
means	-0.31	2.51
express	-0.31	1.30
democrats	-0.31	1.26
masses	-0.31	1.35
narrow	-0.31	1.34
collective	-0.31	1.00
private	-0.31	0.91
traveling	-0.31	1.16
command	-0.31	0.98
supreme	-0.31	1.09
position	-0.31	1.30
streets	-0.31	1.09
step	-0.31	1.48
oversight	-0.31	1.07
angry	-0.31	1.61
doctrine	-0.31	1.20
draw	-0.31	1.59
ever	-0.31	2.43
powerful	-0.31	1.07
efforts	-0.31	1.54
genetic	-0.31	0.96
cities	-0.31	0.95
banks	-0.31	0.90
hospital	-0.31	1.08
taking	-0.31	1.99
come	-0.30	2.35
viral	-0.30	1.06
strict	-0.30	1.11
combat	-0.30	0.97
possibly	-0.30	2.54
headed	-0.30	1.15
memory	-0.30	1.33
side	-0.30	1.53
reject	-0.30	1.73
continually	-0.30	1.43
court	-0.30	1.14
aid	-0.30	1.19
stage	-0.30	0.98
e.g	-0.30	1.12
correlation	-0.30	1.41
operation	-0.30	1.12
reptilian	-0.30	1.02
rifles	-0.30	1.16
mention	-0.30	2.35
attention	-0.30	1.72
soft	-0.30	1.21
wild	-0.30	1.42
bank	-0.30	0.91
church	-0.30	1.43
difference	-0.30	2.02
highly	-0.29	1.94
should	-0.29	2.61
stopping	-0.29	1.48
official	-0.29	1.40
egyptian	-0.29	1.07
want	-0.29	2.53
branch	-0.29	1.01
wonder	-0.29	2.57
thought	-0.29	2.52
around	-0.29	1.68
admitting	-0.29	1.63
depressed	-0.29	1.65
major	-0.29	1.05
nose	-0.29	1.18
stance	-0.29	1.31
effectively	-0.29	1.61
environmental	-0.29	0.98
differently	-0.29	1.85
contrails	-0.29	1.19
consistent	-0.29	1.27
twenty	-0.29	1.33
perhaps	-0.29	2.74
speculate	-0.29	2.42
failed	-0.29	1.67
diet	-0.29	1.20
meth	-0.29	1.08
cells	-0.29	0.98
agency	-0.28	1.00
danger	-0.28	1.28
secretly	-0.28	1.13
citizenry	-0.28	1.23
represents	-0.28	0.96
airplane	-0.28	1.00
feed	-0.28	1.10
technological	-0.28	1.10
donations	-0.28	1.04
remember	-0.28	2.45
willingly	-0.28	1.50
industry	-0.28	0.95
four	-0.28	1.32
running	-0.28	1.50
patient	-0.28	1.04
tie	-0.28	1.25
carrying	-0.28	1.15
also	-0.28	2.76
least	-0.28	2.32
remote	-0.28	1.05
radiation	-0.28	1.04
pocket	-0.28	1.10
crashing	-0.28	1.06
raping	-0.28	1.03
chemical	-0.28	1.05
hit	-0.27	1.03
tear	-0.27	1.08
resources	-0.27	1.07
framed	-0.27	1.03
boots	-0.27	1.15
operate	-0.27	1.13
ourselves	-0.27	1.45
fluoride	-0.27	1.05
2003	-0.27	1.14
exercise	-0.27	0.92
speed	-0.27	1.17
may	-0.27	2.71
leap	-0.27	1.58
projects	-0.27	1.06
violations	-0.27	1.14
readers	-0.27	1.36
managed	-0.27	1.77
generally	-0.27	1.70
rally	-0.27	1.04
iron	-0.27	1.04
gone	-0.27	2.14
7	-0.27	1.15
ones	-0.27	2.02
pharma	-0.27	0.98
freely	-0.27	1.49
accept	-0.27	2.06
93	-0.27	1.02
altitude	-0.27	1.10
regulation	-0.27	1.03
increase	-0.27	1.04
infiltrated	-0.27	1.20
path	-0.27	1.15
guise	-0.27	1.19
trails	-0.27	1.19
reveal	-0.27	1.29
bullets	-0.27	1.09
class	-0.27	1.03
sue	-0.27	1.22
whatsoever	-0.27	1.89
satanic	-0.27	0.98
malaysian	-0.27	1.01
arm	-0.26	1.07
cheaper	-0.26	1.60
60	-0.26	1.27
increased	-0.26	1.03
programs	-0.26	1.05
disregard	-0.26	1.01
200	-0.26	1.17
any	-0.26	2.15
defined	-0.26	1.18
exact	-0.26	1.79
movements	-0.26	0.95
spray	-0.26	1.10
50	-0.26	1.26
thousand	-0.26	1.24
calling	-0.26	1.74
monopoly	-0.26	0.98
gotten	-0.26	2.06
stand	-0.26	1.63
me	-0.26	2.63
dead	-0.26	0.93
500	-0.26	1.18
sensationalist	-0.26	1.69
consider	-0.26	2.44
travel	-0.25	1.25
american	-0.25	1.11
pharmaceutical	-0.25	1.00
precedent	-0.25	1.13
earth	-0.25	1.09
meaningless	-0.25	1.66
ancient	-0.25	1.09
complicated	-0.25	1.91
naturally	-0.25	1.12
jet	-0.25	0.97
judge	-0.25	1.19
walked	-0.25	1.30
confirmation	-0.25	1.40
personnel	-0.25	0.94
identify	-0.25	1.67
core	-0.25	1.14
expected	-0.25	1.68
things	-0.25	2.46
revelations	-0.25	1.21
guns	-0.25	1.17
acceptable	-0.25	1.30
beams	-0.25	1.10
rate	-0.25	1.04
rifle	-0.25	1.14
geoengineering	-0.25	1.14
amount	-0.25	1.11
chemicals	-0.25	1.11
prove	-0.24	2.37
illuminati	-0.24	0.97
secrets	-0.24	1.24
thus	-0.24	1.39
1000	-0.24	1.17
100	-0.24	1.23
interests	-0.24	0.99
described	-0.24	1.74
murdered	-0.24	0.96
hurting	-0.24	1.20
spectrum	-0.24	1.12
patriot	-0.24	1.03
facilities	-0.24	1.09
instantly	-0.24	1.70
steps	-0.24	1.34
bone	-0.24	1.09
flip	-0.24	1.34
slowly	-0.24	1.51
longer	-0.24	2.20
then	-0.24	2.57
association	-0.24	1.05
get	-0.24	2.42
moves	-0.24	1.33
typically	-0.24	1.24
allegations	-0.24	1.34
pockets	-0.24	1.01
ill	-0.24	1.39
cannabis	-0.24	1.03
argue	-0.24	2.67
plane	-0.24	1.02
400	-0.24	1.14
dismissed	-0.24	1.36
0	-0.23	1.21
republicans	-0.23	1.25
spread	-0.23	1.21
failing	-0.23	1.58
pot	-0.23	1.06
seemingly	-0.23	1.73
trying	-0.23	1.87
amounts	-0.23	1.08
unions	-0.23	0.99
emotionally	-0.23	1.31
implies	-0.23	1.94
carry	-0.23	1.14
enormous	-0.23	1.16
ends	-0.23	1.29
shoes	-0.23	1.22
establish	-0.23	1.49
always	-0.23	2.70
occult	-0.23	1.01
alien	-0.23	1.07
refer	-0.23	1.38
democrat	-0.23	1.07
parties	-0.23	1.06
officials	-0.23	0.94
surface	-0.23	1.28
clothing	-0.23	1.15
wealthy	-0.23	0.92
fools	-0.23	1.69
nowadays	-0.23	1.47
falling	-0.23	1.12
building	-0.22	1.05
harmless	-0.22	1.12
mandatory	-0.22	1.11
fiat	-0.22	0.99
marijuana	-0.22	1.05
belief	-0.22	1.29
probably	-0.22	2.71
hence	-0.22	1.42
constitution	-0.22	1.11
objects	-0.22	1.14
arrested	-0.22	1.27
average	-0.22	1.12
volume	-0.22	1.12
activists	-0.22	1.11
federal	-0.22	0.94
trucks	-0.22	1.06
heavily	-0.22	1.47
disappear	-0.22	1.37
dense	-0.22	1.80
fires	-0.22	1.00
tower	-0.22	1.06
ability	-0.22	1.67
reform	-0.22	1.10
admit	-0.21	2.57
light	-0.21	1.25
babies	-0.21	1.19
heart	-0.21	0.98
illegally	-0.21	1.02
reveals	-0.21	1.34
increases	-0.21	1.03
junk	-0.21	1.32
drivers	-0.21	1.03
steel	-0.21	1.04
pollution	-0.21	1.03
ring	-0.21	0.97
exists	-0.21	1.58
alert	-0.21	1.10
ignorant	-0.21	1.71
budget	-0.21	1.03
fall	-0.21	1.14
fish	-0.21	1.01
significance	-0.21	1.28
speeds	-0.21	1.20
determined	-0.21	1.37
rid	-0.21	1.37
300	-0.21	1.15
structures	-0.21	0.99
dare	-0.21	1.65
asset	-0.20	1.00
existence	-0.20	1.04
founded	-0.20	1.05
quickly	-0.20	1.78
bin	-0.20	0.91
collapsed	-0.20	1.06
profit	-0.20	1.00
regulate	-0.20	1.24
declaration	-0.20	1.04
need	-0.20	2.44
complex	-0.20	1.50
jumping	-0.20	1.58
relatively	-0.20	1.66
impacts	-0.20	1.08
reserve	-0.20	0.93
industries	-0.20	0.96
wear	-0.20	1.22
arguing	-0.20	2.42
merely	-0.20	1.87
gut	-0.20	0.96
enforcement	-0.20	1.02
colorado	-0.20	0.91
threw	-0.20	1.29
becomes	-0.19	1.84
doctors	-0.19	1.03
150	-0.19	1.21
organize	-0.19	1.20
normally	-0.19	1.55
crashed	-0.19	1.02
order	-0.19	1.61
regularly	-0.19	1.43
spraying	-0.19	1.12
manipulating	-0.19	1.14
conventional	-0.19	1.13
main	-0.19	1.32
indicate	-0.19	1.71
proves	-0.19	1.86
developing	-0.19	1.09
scope	-0.19	1.21
inability	-0.19	1.64
explain	-0.19	2.49
likely	-0.19	2.27
quality	-0.19	1.15
steal	-0.19	1.12
finance	-0.19	1.07
metals	-0.19	1.10
collapsing	-0.19	1.06
energy	-0.19	1.05
successfully	-0.19	1.77
deals	-0.19	1.04
stores	-0.19	1.20
companies	-0.19	0.98
pigs	-0.19	1.58
manufacturers	-0.19	1.05
orders	-0.18	1.15
entities	-0.18	0.95
still	-0.18	2.80
dispute	-0.18	1.57
foods	-0.18	1.08
reasons	-0.18	1.60
craft	-0.18	1.10
aspects	-0.18	1.23
hawaii	-0.18	0.99
take	-0.18	2.24
weapon	-0.18	1.17
work	-0.18	2.42
van	-0.18	1.07
huge	-0.18	1.22
thug	-0.18	1.24
politics	-0.18	1.31
norm	-0.18	1.23
automatic	-0.18	1.18
airlines	-0.18	1.03
fallen	-0.18	1.14
intelligence	-0.18	0.98
communicate	-0.18	1.71
trolls	-0.18	1.61
formed	-0.18	1.09
shilling	-0.18	1.53
twist	-0.18	1.41
create	-0.18	0.99
fed	-0.18	0.95
notion	-0.18	1.59
johnson	-0.18	0.98
bits	-0.17	1.11
clouds	-0.17	1.12
airport	-0.17	1.04
go	-0.17	2.35
corn	-0.17	1.04
really	-0.17	2.70
corporation	-0.17	0.93
ultra	-0.17	1.12
fit	-0.17	1.23
edge	-0.17	1.23
half	-0.17	1.46
manner	-0.17	1.92
demanding	-0.17	1.39
gear	-0.17	1.09
1st	-0.17	1.22
mask	-0.17	1.27
suddenly	-0.17	1.72
helping	-0.17	1.59
thousands	-0.17	1.03
pesticides	-0.17	1.05
hot	-0.17	1.07
communities	-0.17	0.98
paying	-0.17	1.34
roughly	-0.17	1.24
radioactive	-0.16	1.05
possibility	-0.16	1.81
incorrect	-0.16	3.08
along	-0.16	1.41
pushed	-0.16	1.39
attempts	-0.16	1.86
recall	-0.16	2.05
judges	-0.16	1.15
capabilities	-0.16	1.14
10,000	-0.16	1.16
spy	-0.16	1.05
vehicle	-0.16	1.10
passing	-0.16	1.23
toxic	-0.16	1.12
profits	-0.16	0.97
elements	-0.16	1.12
expressed	-0.16	1.47
33	-0.16	1.13
anymore	-0.16	2.49
laws	-0.16	1.12
secrecy	-0.16	1.11
duty	-0.16	1.00
percent	-0.16	1.21
standing	-0.16	1.41
ownership	-0.16	0.96
came	-0.16	1.90
distribution	-0.16	1.02
substance	-0.16	1.32
engines	-0.15	1.03
scheme	-0.15	1.12
compare	-0.15	1.48
firearms	-0.15	1.12
loaded	-0.15	1.23
body	-0.15	0.98
investment	-0.15	0.99
tend	-0.15	1.41
walls	-0.15	1.04
badly	-0.15	1.70
today	-0.15	2.34
programmed	-0.15	1.20
floor	-0.15	1.10
units	-0.15	0.95
dod	-0.15	1.02
choices	-0.15	0.84
help	-0.15	2.23
pass	-0.15	1.25
size	-0.15	1.19
island	-0.15	1.01
actively	-0.15	1.53
bearing	-0.15	1.24
per	-0.15	1.21
again	-0.15	2.68
ammo	-0.15	1.12
expensive	-0.15	1.59
connected	-0.15	1.03
mh370	-0.15	1.05
medicine	-0.15	1.06
initially	-0.15	1.59
contractors	-0.15	1.01
assholes	-0.15	1.74
prominent	-0.15	1.20
consumption	-0.15	1.02
solve	-0.14	1.71
advocate	-0.14	1.41
modified	-0.14	1.00
regulations	-0.14	1.12
floors	-0.14	1.09
broad	-0.14	1.37
funds	-0.14	1.06
approximately	-0.14	1.22
conquer	-0.14	1.45
here	-0.14	2.66
fracking	-0.14	0.99
freemasonry	-0.14	1.05
measures	-0.14	1.13
relate	-0.14	1.72
ie	-0.14	1.14
temperatures	-0.14	1.11
cattle	-0.14	1.00
matters	-0.14	1.85
collapses	-0.14	1.06
restrictions	-0.14	1.09
assistance	-0.14	1.29
granted	-0.14	0.99
assassination	-0.14	1.03
follow	-0.14	1.53
transparency	-0.14	0.94
businesses	-0.14	0.94
suits	-0.14	1.18
precious	-0.14	1.11
sheriff	-0.14	1.03
expression	-0.14	1.24
weed	-0.14	1.05
transmission	-0.14	1.13
temperature	-0.13	1.03
rights	-0.13	1.10
asking	-0.13	2.65
upper	-0.13	1.10
acting	-0.13	1.67
physically	-0.13	1.38
uninformed	-0.13	1.62
become	-0.13	1.78
chose	-0.13	1.51
lawsuit	-0.13	1.10
farming	-0.13	1.00
genetically	-0.13	0.98
indoctrination	-0.13	1.07
rounds	-0.13	1.14
markets	-0.13	0.98
portion	-0.13	1.06
weather	-0.13	1.09
currencies	-0.13	1.02
agents	-0.13	1.14
hire	-0.13	1.18
nearly	-0.13	1.41
feds	-0.13	1.13
passed	-0.13	1.12
aim	-0.13	1.22
freemasons	-0.13	0.98
treat	-0.13	1.05
wo	-0.13	2.38
purely	-0.13	1.36
nor	-0.13	1.80
hero	-0.13	1.20
gullible	-0.13	1.63
items	-0.13	1.17
build	-0.13	1.08
comply	-0.13	1.37
explosion	-0.13	1.14
ignore	-0.12	2.10
base	-0.12	1.04
reaching	-0.12	1.24
publicly	-0.12	1.61
professional	-0.12	1.09
interest	-0.12	0.98
law	-0.12	1.11
king	-0.12	0.99
melt	-0.12	1.08
70	-0.12	1.30
grid	-0.12	1.13
gun	-0.12	1.15
hundreds	-0.12	1.05
texas	-0.12	0.94
insulting	-0.12	1.61
planet	-0.12	0.99
inflation	-0.12	0.95
roads	-0.12	1.00
pope	-0.12	1.23
appears	-0.12	1.84
wtc	-0.12	1.06
conditioning	-0.12	1.17
trail	-0.12	1.26
unlikely	-0.12	1.74
cutting	-0.12	1.11
affairs	-0.12	0.93
operating	-0.12	1.12
person	-0.12	1.70
towers	-0.12	1.06
vast	-0.12	0.99
uneducated	-0.12	1.67
dots	-0.12	1.48
equipment	-0.12	1.06
refusing	-0.12	1.50
heat	-0.12	1.05
proved	-0.12	1.98
owe	-0.12	1.01
detail	-0.12	1.66
factors	-0.12	1.03
instant	-0.12	1.28
creating	-0.12	1.08
vehicles	-0.12	1.07
thrown	-0.12	1.25
aluminum	-0.12	1.10
external	-0.12	1.12
individuals	-0.12	1.14
attacks	-0.12	1.39
charity	-0.12	1.00
warming	-0.11	1.08
sides	-0.11	1.43
aliens	-0.11	1.09
owning	-0.11	1.04
magic	-0.11	1.19
department	-0.11	0.99
containing	-0.11	1.11
scandal	-0.11	1.05
infected	-0.11	1.16
industrial	-0.11	1.04
trade	-0.11	0.97
fbi	-0.11	1.05
revealed	-0.11	1.24
speculation	-0.11	1.52
wtc7	-0.11	1.08
passengers	-0.11	1.01
takes	-0.11	1.66
counts	-0.11	1.30
development	-0.11	1.01
intact	-0.11	1.09
diego	-0.11	1.06
gates	-0.11	1.09
poison	-0.11	1.08
lawyers	-0.11	1.13
controlled	-0.11	1.04
rising	-0.11	1.01
car	-0.11	1.04
digging	-0.11	1.66
line	-0.11	1.51
leaves	-0.11	1.16
near	-0.11	1.32
boom	-0.11	1.14
been	-0.11	2.21
change	-0.11	2.03
suggesting	-0.10	2.60
80	-0.10	1.30
sound	-0.10	1.91
point	-0.10	2.61
fell	-0.10	1.12
gm	-0.10	1.03
area	-0.10	1.03
shots	-0.10	1.18
twin	-0.10	1.05
stealing	-0.10	0.98
motive	-0.10	1.58
broken	-0.10	1.37
systems	-0.10	1.05
disinfo	-0.10	1.41
coin	-0.10	1.14
grain	-0.10	1.09
gold	-0.10	1.10
selling	-0.10	1.03
doses	-0.10	1.08
secret	-0.10	1.06
error	-0.10	2.20
snow	-0.10	1.05
severely	-0.10	1.26
firearm	-0.10	1.13
populace	-0.10	1.36
through	-0.10	1.39
measure	-0.10	1.26
reach	-0.10	1.27
process	-0.10	1.39
processes	-0.10	1.17
turn	-0.10	1.82
cloud	-0.10	1.13
space	-0.10	1.00
assets	-0.10	0.98
smoke	-0.10	1.11
program	-0.10	1.07
alcohol	-0.09	1.09
trading	-0.09	1.02
moon	-0.09	1.04
widely	-0.09	1.57
over	-0.09	1.44
filed	-0.09	1.22
dropped	-0.09	1.05
buildings	-0.09	1.03
authorities	-0.09	1.20
flawed	-0.09	3.12
bible	-0.09	1.38
concerning	-0.09	1.41
master	-0.09	1.03
construction	-0.09	1.09
drove	-0.09	1.19
actors	-0.09	0.92
drives	-0.09	1.23
attack	-0.09	1.28
pissed	-0.09	2.00
male	-0.09	1.38
once	-0.09	2.23
looked	-0.09	1.93
pentagon	-0.09	1.04
crack	-0.09	1.20
decades	-0.09	1.57
continuing	-0.09	1.37
drive	-0.09	1.10
fees	-0.09	1.00
crew	-0.09	0.97
traffic	-0.09	1.07
labels	-0.08	1.10
value	-0.08	1.06
republican	-0.08	1.06
exposed	-0.08	1.34
giving	-0.08	1.84
tons	-0.08	1.15
explosives	-0.08	1.06
district	-0.08	1.10
accomplish	-0.08	1.92
describe	-0.08	1.53
excited	-0.08	1.96
pool	-0.08	1.14
examine	-0.08	1.72
forms	-0.08	1.19
overall	-0.08	1.11
installed	-0.08	1.03
accusations	-0.08	1.62
leave	-0.08	1.77
gave	-0.08	1.35
labeling	-0.08	1.08
drop	-0.08	1.16
ocean	-0.08	1.08
campaigns	-0.08	1.08
distributed	-0.08	1.14
fuel	-0.08	1.01
readily	-0.08	1.52
currency	-0.08	0.97
tied	-0.08	1.14
active	-0.08	1.00
significant	-0.08	1.15
golden	-0.08	1.18
legal	-0.08	1.04
determine	-0.07	1.65
capacity	-0.07	1.23
requirements	-0.07	1.22
stuff	-0.07	2.07
wind	-0.07	1.12
products	-0.07	1.07
atmosphere	-0.07	1.05
debunked	-0.07	1.98
changes	-0.07	1.26
indicates	-0.07	1.40
locations	-0.07	1.19
bitcoin	-0.07	1.08
loan	-0.07	1.04
climate	-0.07	1.07
fool	-0.07	1.68
figures	-0.07	1.19
electricity	-0.07	1.07
insurance	-0.07	1.14
thermite	-0.07	1.10
childish	-0.07	1.99
decision	-0.07	1.29
issues	-0.07	1.49
screwed	-0.07	1.64
deeper	-0.07	1.52
offense	-0.07	1.17
pull	-0.06	1.48
gene	-0.06	1.01
bridge	-0.06	1.20
strength	-0.06	1.10
category	-0.06	1.30
nasa	-0.06	1.10
creates	-0.06	0.93
conditioned	-0.06	1.33
driver	-0.06	1.14
present	-0.06	1.47
angle	-0.06	1.47
status	-0.06	1.27
bubble	-0.06	1.02
limit	-0.06	1.16
intent	-0.06	1.57
mock	-0.06	1.23
guaranteed	-0.06	1.30
voluntary	-0.06	0.93
housing	-0.06	1.10
contain	-0.06	1.17
turning	-0.06	1.50
dust	-0.06	1.09
aware	-0.06	2.48
sell	-0.06	1.06
receiving	-0.06	1.22
backs	-0.06	1.25
project	-0.06	1.15
idiots	-0.06	1.68
consensus	-0.06	1.52
attempt	-0.06	1.70
suggested	-0.06	1.90
jfk	-0.06	0.98
caught	-0.06	1.61
normal	-0.05	1.63
century	-0.05	1.34
consumers	-0.05	1.21
immediately	-0.05	1.91
gmo	-0.05	1.04
bullet	-0.05	1.12
resisting	-0.05	1.32
concern	-0.05	1.34
product	-0.05	1.07
theorist	-0.05	1.46
45	-0.05	1.30
eventually	-0.05	1.91
sale	-0.05	1.02
remaining	-0.05	1.21
desert	-0.05	0.97
2001	-0.05	1.15
market	-0.05	1.01
bacteria	-0.05	0.95
proof	-0.05	1.80
lsd	-0.05	1.06
faces	-0.05	1.21
90	-0.05	1.31
plant	-0.05	1.03
healthcare	-0.05	1.16
importance	-0.05	1.11
investigations	-0.05	1.13
nowhere	-0.05	1.71
conjecture	-0.05	1.53
gmos	-0.05	1.05
suppressed	-0.05	1.26
increasing	-0.05	1.07
manipulate	-0.05	1.28
congress	-0.05	0.97
food	-0.05	1.05
moments	-0.05	1.37
smoking	-0.05	1.05
suggest	-0.05	2.55
organic	-0.05	1.04
monsanto	-0.05	1.03
viewed	-0.05	1.20
represented	-0.05	1.29
began	-0.04	1.60
transparent	-0.04	1.66
design	-0.04	1.12
lizard	-0.04	1.20
constantly	-0.04	1.45
buy	-0.04	1.04
disinformation	-0.04	1.40
roman	-0.04	1.43
expecting	-0.04	1.97
existing	-0.04	1.33
advanced	-0.04	1.02
touch	-0.04	1.75
sketchy	-0.04	2.04
loans	-0.04	0.99
marriage	-0.04	1.11
engineers	-0.04	1.37
automatically	-0.04	2.01
before	-0.04	1.91
suggests	-0.04	1.94
relations	-0.04	0.95
ufo	-0.04	1.09
enforced	-0.04	1.27
molten	-0.04	1.07
tax	-0.04	1.01
curiosity	-0.04	1.20
agriculture	-0.04	0.97
advantage	-0.04	1.22
moral	-0.04	0.93
empty	-0.03	1.30
afford	-0.03	1.29
route	-0.03	1.27
road	-0.03	1.12
away	-0.03	1.61
jury	-0.03	1.28
ask	-0.03	2.50
council	-0.03	0.94
confident	-0.03	2.06
truthers	-0.03	1.33
gives	-0.03	1.30
headlines	-0.03	1.52
arbitrary	-0.03	1.49
suit	-0.03	1.19
technology	-0.03	1.05
modification	-0.03	1.12
although	-0.03	2.40
rocks	-0.03	1.12
visible	-0.03	1.46
sway	-0.03	1.27
co2	-0.03	1.01
understood	-0.03	1.95
enforce	-0.03	1.23
comparison	-0.03	1.75
will	-0.03	2.28
cry	-0.03	1.45
shortly	-0.03	1.58
worldview	-0.03	1.27
cycle	-0.03	1.14
jumped	-0.03	1.32
sum	-0.03	1.20
gained	-0.03	1.01
materials	-0.03	1.08
rain	-0.03	1.15
experiments	-0.03	1.14
defensive	-0.03	1.62
acted	-0.03	1.14
air	-0.02	1.05
demands	-0.02	1.25
magical	-0.02	0.97
spreading	-0.02	1.38
safer	-0.02	1.56
spoke	-0.02	1.38
ship	-0.02	1.06
thin	-0.02	1.11
damaged	-0.02	0.99
honestly	-0.02	2.63
desire	-0.02	1.25
nk	-0.02	1.19
clothes	-0.02	1.21
debating	-0.02	2.18
leak	-0.02	1.27
gain	-0.02	1.25
conclude	-0.02	2.03
turns	-0.02	1.29
fringe	-0.02	1.34
martin	-0.02	0.95
tens	-0.02	1.04
river	-0.02	1.04
cure	-0.02	1.00
particular	-0.02	1.42
insider	-0.02	1.08
acid	-0.02	1.12
decline	-0.02	0.97
paranoid	-0.02	1.56
minded	-0.02	1.67
debt	-0.02	0.97
drunk	-0.02	1.12
bought	-0.02	1.10
listed	-0.02	1.34
motivation	-0.02	1.29
needed	-0.02	1.87
eliminate	-0.02	1.37
memes	-0.02	1.36
assumption	-0.01	1.82
2002	-0.01	1.13
sold	-0.01	1.00
focus	-0.01	1.54
conducted	-0.01	1.22
went	-0.01	1.67
shadow	-0.01	1.29
dark	-0.01	1.30
skeptic	-0.01	1.37
issue	-0.01	1.50
assassinated	-0.01	0.96
dollar	-0.01	1.02
ties	-0.01	0.89
transfer	-0.01	1.11
center	-0.01	1.01
technologies	-0.01	1.11
satan	-0.01	1.06
helped	-0.01	1.66
related	-0.01	1.32
addition	-0.01	1.19
select	-0.01	1.08
brainwashed	-0.01	1.49
founding	-0.01	0.85
ups	-0.01	1.21
connection	-0.01	1.27
ground	-0.01	1.17
replace	-0.01	1.18
trials	-0.01	1.20
selected	-0.01	1.26
goal	-0.01	1.29
pyramid	-0.01	1.05
demolition	-0.01	1.12
hand	-0.01	1.42
long-term	-0.01	1.04
electrical	-0.01	1.11
performed	-0.01	1.23
symbol	-0.01	1.00
beginning	-0.01	1.56
services	-0.00	1.18
fundamental	-0.00	1.27
truther	-0.00	1.34
direct	-0.00	1.19
london	-0.00	0.89
leaving	-0.00	1.20
carbon	-0.00	1.00
gains	-0.00	1.04
bound	-0.00	1.19
mixed	-0.00	1.26
allowing	-0.00	1.52
tall	-0.00	1.12
2014	-0.00	1.79
specifically	-0.00	2.03
deserves	-0.00	1.03
function	-0.00	1.13
expense	-0.00	0.91
narrative	-0.00	1.42
company	-0.00	0.98
lists	0.00	1.19
supplies	0.00	1.07
sun	0.00	1.13
helicopter	0.00	0.95
fat	0.00	1.63
develop	0.00	1.11
explosive	0.00	1.12
income	0.00	1.04
sea	0.00	1.07
degrees	0.00	1.16
confuse	0.00	1.39
bothered	0.00	2.35
labor	0.00	1.24
generated	0.00	1.08
drinking	0.00	1.14
pyramids	0.00	1.03
silver	0.00	1.09
tests	0.00	1.17
violating	0.01	1.18
cost	0.01	1.15
paper	0.01	1.10
learn	0.01	1.96
purchase	0.01	1.07
yourself	0.01	2.19
ve	0.01	2.28
coming	0.01	2.12
general	0.01	1.06
natural	0.01	0.95
petty	0.01	1.83
mere	0.01	1.53
prices	0.01	0.98
into	0.01	1.68
pants	0.01	1.18
predict	0.01	1.57
plants	0.01	1.01
county	0.01	0.95
truck	0.01	1.11
razor	0.01	1.53
disprove	0.01	1.96
scary	0.01	2.34
obey	0.01	1.26
manhattan	0.01	1.04
plans	0.01	1.31
shoot	0.01	1.19
applied	0.01	1.37
entirety	0.01	0.97
demand	0.01	1.10
contains	0.01	1.15
traction	0.01	1.55
equal	0.01	1.35
solar	0.01	1.06
2013	0.02	1.69
ops	0.02	1.06
protection	0.02	1.00
millions	0.02	0.97
claim	0.02	1.87
buying	0.02	1.05
soldier	0.02	1.17
attempting	0.02	1.69
grant	0.02	1.20
maximum	0.02	1.12
investigation	0.02	1.16
farmers	0.02	1.04
spin	0.02	1.31
landed	0.02	1.09
produce	0.02	1.08
violate	0.02	1.15
tech	0.02	1.10
chemtrail	0.02	1.25
every	0.02	1.47
metal	0.02	1.11
after	0.02	1.61
bones	0.02	1.02
begin	0.02	1.96
imply	0.02	2.54
campaign	0.02	1.09
stock	0.02	1.03
costs	0.02	1.12
price	0.02	1.02
cigarettes	0.02	1.11
mile	0.02	1.24
down	0.02	1.59
radar	0.02	1.08
conspiracies	0.02	1.64
violation	0.02	1.13
devil	0.02	0.95
pulled	0.02	1.36
planted	0.02	1.10
investigating	0.02	1.30
contact	0.02	1.09
reduce	0.03	1.11
3rd	0.03	1.13
using	0.03	1.62
closely	0.03	1.67
growing	0.03	1.05
peaceful	0.03	0.98
anyway	0.03	2.61
bus	0.03	1.14
apply	0.03	1.44
judgement	0.03	1.24
talks	0.03	1.37
previously	0.03	1.86
collectively	0.03	1.29
patents	0.03	1.05
money	0.03	1.01
schools	0.03	0.95
20th	0.03	1.36
secondly	0.03	1.66
give	0.03	2.09
concepts	0.03	1.33
medical	0.03	1.12
aspect	0.03	1.23
invest	0.03	1.09
sales	0.03	1.03
mechanism	0.03	1.28
rhetoric	0.03	1.53
investigated	0.03	1.50
salt	0.03	1.16
<URL>	0.03	1.06
<SPECIAL>	0.03	1.06
engineer	0.03	1.23
ignoring	0.03	1.72
searches	0.03	1.19
since	0.04	1.84
attacked	0.04	1.05
solely	0.04	1.40
capability	0.04	1.34
economics	0.04	1.27
elsewhere	0.04	1.58
allows	0.04	1.11
pay	0.04	1.06
purchased	0.04	1.01
round	0.04	1.15
starts	0.04	1.67
tap	0.04	1.11
california	0.04	0.97
originally	0.04	1.60
scrutiny	0.04	1.27
violated	0.04	1.15
throat	0.04	1.15
located	0.04	1.15
time	0.04	2.07
rats	0.04	1.09
sole	0.04	1.23
mkultra	0.04	1.11
iirc	0.04	1.18
irrelevant	0.05	2.71
waste	0.05	1.31
put	0.05	1.61
attacking	0.05	1.62
taxes	0.05	1.05
swat	0.05	0.99
boxes	0.05	1.07
patent	0.05	1.08
refuse	0.05	1.73
mars	0.05	1.04
hold	0.05	1.54
definition	0.05	1.32
owned	0.05	0.92
public	0.05	1.12
obtain	0.05	1.45
lethal	0.05	1.21
disagreeing	0.05	2.28
releasing	0.05	1.27
paradigm	0.05	1.13
2008	0.05	1.14
views	0.05	1.22
tired	0.05	1.91
legs	0.05	1.08
call	0.05	1.81
manufactured	0.05	1.00
officially	0.05	1.48
comparable	0.05	1.25
executive	0.05	1.00
standards	0.05	1.04
2007	0.05	1.23
substantial	0.05	1.43
story	0.06	1.70
bait	0.06	1.46
commonly	0.06	1.45
true	0.06	3.50
bills	0.06	1.06
shares	0.06	1.05
feature	0.06	1.39
concept	0.06	1.42
authority	0.06	0.98
presenting	0.06	1.42
fits	0.06	1.18
back	0.06	1.96
affect	0.06	1.31
registered	0.06	1.02
audience	0.06	1.28
minister	0.06	1.04
accidentally	0.06	1.31
crop	0.06	1.09
crops	0.06	1.09
mentions	0.06	1.32
require	0.07	1.44
intend	0.07	1.83
compromised	0.07	1.26
rather	0.07	1.80
morons	0.07	1.65
goods	0.07	1.05
cash	0.07	1.03
entry	0.07	1.13
wondering	0.07	2.63
farm	0.07	0.94
view	0.07	1.31
noticed	0.07	1.81
walmart	0.07	1.09
wide	0.07	1.17
sheep	0.07	1.51
voted	0.07	1.00
height	0.07	1.13
took	0.07	1.73
hypothetical	0.07	1.45
part	0.07	1.67
first	0.07	1.89
demonstrate	0.07	1.89
spending	0.07	1.08
professionals	0.07	1.16
meanwhile	0.07	1.14
quo	0.07	1.18
pointed	0.07	1.48
officers	0.07	1.15
letting	0.07	1.80
december	0.07	1.57
offended	0.07	2.11
probability	0.07	1.33
scenes	0.07	1.05
st	0.07	1.00
wall	0.07	1.02
relation	0.07	1.33
bottle	0.07	1.13
opposition	0.08	1.13
investigate	0.08	1.53
storm	0.08	1.06
serving	0.08	1.00
ideals	0.08	1.01
representatives	0.08	0.95
ships	0.08	1.00
factor	0.08	1.22
warrant	0.08	1.17
april	0.08	1.59
unknown	0.08	1.22
jump	0.08	1.64
wreckage	0.08	1.15
hole	0.08	1.32
bottom	0.08	1.17
joined	0.08	0.90
talk	0.08	2.32
safely	0.08	1.55
demonstrated	0.08	1.68
partially	0.08	1.54
others	0.08	1.92
created	0.08	0.89
standard	0.08	1.18
allowed	0.08	1.90
served	0.08	1.02
combined	0.08	1.30
decade	0.08	1.65
physics	0.08	1.30
avoiding	0.08	1.53
apparently	0.08	2.10
debunk	0.09	1.73
shell	0.09	1.07
hastings	0.09	1.13
values	0.09	1.07
picking	0.09	1.39
seeds	0.09	1.08
tinfoil	0.09	1.44
receive	0.09	1.24
requests	0.09	1.40
selective	0.09	1.08
disagree	0.09	3.35
paid	0.09	1.14
set	0.09	1.28
contrary	0.09	1.60
blowing	0.09	1.48
expert	0.09	1.30
douche	0.09	1.68
seconds	0.09	1.36
rent	0.09	1.04
wipe	0.09	1.15
january	0.09	1.51
times	0.09	1.49
net	0.09	1.14
manage	0.09	1.52
march	0.09	1.44
blow	0.09	1.37
cars	0.09	1.10
independence	0.10	0.94
barely	0.10	1.50
chemistry	0.10	1.34
affects	0.10	0.88
exploit	0.10	1.07
killer	0.10	1.07
following	0.10	1.25
headline	0.10	1.87
random	0.10	1.41
florida	0.10	0.96
masters	0.10	1.09
doctor	0.10	1.01
issued	0.10	1.02
declared	0.10	1.11
billionaire	0.10	0.96
propose	0.10	1.66
subscribe	0.10	2.35
hired	0.10	1.22
seal	0.10	0.86
preventing	0.10	1.27
distract	0.10	1.34
kinda	0.10	2.68
brains	0.10	1.09
experiment	0.10	1.16
management	0.10	1.03
rejected	0.10	1.32
bread	0.10	1.16
sex	0.10	1.08
elections	0.10	0.96
feet	0.10	1.24
walk	0.10	1.42
fix	0.10	1.76
incentive	0.10	1.26
holds	0.10	1.22
june	0.10	1.52
strictly	0.10	1.26
viewpoint	0.10	1.37
fill	0.10	1.27
burning	0.10	0.98
philosophy	0.10	1.07
grow	0.11	1.07
blanket	0.11	1.50
4th	0.11	1.16
involves	0.11	1.09
another	0.11	1.67
witch	0.11	1.45
miles	0.11	1.32
flow	0.11	1.04
neutrality	0.11	1.11
realizing	0.11	1.89
legally	0.11	1.17
setup	0.11	1.21
coal	0.11	1.00
personally	0.11	2.52
customers	0.11	1.03
math	0.11	1.37
randomly	0.11	1.45
achieved	0.11	1.28
voters	0.11	1.01
congressional	0.11	1.00
possibilities	0.11	1.21
tested	0.11	1.45
distance	0.11	1.20
school	0.11	0.98
basic	0.11	1.39
cover	0.11	1.31
payment	0.11	1.08
shift	0.11	1.16
brand	0.11	1.35
straight	0.11	1.54
early	0.11	1.48
bear	0.11	1.23
nut	0.11	1.52
education	0.12	1.09
dose	0.12	1.08
seat	0.12	1.19
intention	0.12	1.61
tesla	0.12	1.13
scientifically	0.12	1.55
fantasy	0.12	1.04
2009	0.12	1.41
functioning	0.12	1.06
conference	0.12	1.16
jerk	0.12	1.57
print	0.12	1.02
experts	0.12	1.21
chosen	0.12	1.16
sample	0.12	1.20
samples	0.12	1.17
fourth	0.12	1.18
rude	0.12	1.65
worked	0.12	1.76
agreeing	0.12	2.33
holes	0.12	1.23
switch	0.12	1.46
test	0.12	1.30
vote	0.12	1.00
knife	0.12	1.24
meat	0.12	1.14
within	0.12	1.36
runs	0.12	1.19
facts	0.12	1.72
skull	0.12	1.00
elementary	0.12	0.97
begins	0.13	1.34
quantum	0.13	1.22
senate	0.13	0.94
plastic	0.13	0.96
offices	0.13	0.98
purposely	0.13	1.75
rolling	0.13	1.26
satellites	0.13	1.13
doesnt	0.13	1.79
dismiss	0.13	1.83
warning	0.13	1.21
leg	0.13	1.21
somewhere	0.13	1.51
allegedly	0.13	0.91
up	0.13	1.84
start	0.13	2.01
mid	0.13	1.42
included	0.13	1.46
fake	0.13	1.16
real	0.13	2.01
ideas	0.13	1.35
established	0.13	1.18
speaks	0.13	1.28
definitely	0.13	2.31
2010	0.13	1.40
designed	0.13	1.56
follows	0.13	1.26
corner	0.13	1.23
square	0.13	1.11
empathy	0.14	1.15
committee	0.14	0.94
impression	0.14	1.90
goals	0.14	1.20
critically	0.14	1.86
physical	0.14	0.94
consume	0.14	1.10
clear	0.14	1.98
themselves	0.14	1.76
releases	0.14	1.10
recognition	0.14	1.19
incapable	0.14	1.75
laid	0.14	1.36
essentially	0.14	1.33
appeared	0.14	1.47
water	0.14	1.15
men	0.14	1.59
lights	0.14	1.14
2011	0.14	1.36
detroit	0.14	0.99
required	0.14	1.60
past	0.14	1.46
location	0.14	1.28
burned	0.14	1.04
goes	0.14	1.69
november	0.14	1.45
animal	0.14	1.01
worry	0.14	2.51
october	0.14	1.54
psychology	0.15	1.16
presidents	0.15	0.95
trillion	0.15	1.10
manufacturing	0.15	1.00
techniques	0.15	1.21
double	0.15	1.09
dudes	0.15	1.65
raid	0.15	0.88
weeks	0.15	1.49
examples	0.15	1.51
commission	0.15	1.04
entitled	0.15	1.23
recommended	0.15	1.07
electric	0.15	1.05
upset	0.15	2.17
plausible	0.15	1.67
expand	0.15	1.34
mining	0.15	1.25
supply	0.15	1.04
blocks	0.15	1.01
strongly	0.15	1.77
mirror	0.15	1.42
discuss	0.15	1.93
placed	0.15	1.23
fingers	0.15	1.29
unit	0.15	0.91
nsa	0.15	1.11
voting	0.15	0.99
2006	0.15	1.33
popular	0.15	1.19
billion	0.15	1.16
engineering	0.15	1.19
stop	0.15	1.89
whistleblowers	0.16	1.17
battery	0.16	1.10
degree	0.16	1.08
year	0.16	1.43
deliver	0.16	1.12
throw	0.16	1.55
legitimacy	0.16	1.30
month	0.16	1.47
months	0.16	1.50
rules	0.16	1.29
perform	0.16	1.15
waters	0.16	1.17
advance	0.16	1.12
learned	0.16	1.62
grown	0.16	1.02
referred	0.16	1.48
moved	0.16	1.32
max	0.16	1.32
range	0.17	1.19
entertain	0.17	1.72
august	0.17	1.48
sooner	0.17	1.60
foil	0.17	1.47
reads	0.17	1.36
throwing	0.17	1.34
relative	0.17	1.14
wins	0.17	1.07
gather	0.17	1.29
eye	0.17	1.28
filter	0.17	1.35
some	0.17	2.03
putting	0.17	1.66
worried	0.17	2.33
last	0.17	1.57
chief	0.17	1.09
years	0.17	1.45
picked	0.17	1.36
fashion	0.18	1.51
won	0.18	0.98
surrounded	0.18	1.19
producing	0.18	1.13
enter	0.18	1.23
grab	0.18	1.28
manning	0.18	1.19
children	0.18	1.04
dallas	0.18	0.99
election	0.18	0.94
taxpayer	0.18	1.03
medium	0.18	1.30
met	0.18	1.15
hacking	0.18	1.17
cast	0.18	1.19
drink	0.18	1.37
continue	0.18	1.71
had	0.18	2.03
sheeple	0.18	1.48
moment	0.18	2.11
tin	0.18	1.49
him	0.18	1.56
damning	0.18	1.59
falls	0.18	1.23
gaining	0.18	1.17
destroying	0.18	0.95
dump	0.18	1.13
flaws	0.18	1.42
explosions	0.18	1.23
puts	0.18	1.19
symbolism	0.19	0.98
safe	0.19	1.21
sight	0.19	1.14
confirm	0.19	1.66
allow	0.19	1.83
consumer	0.19	1.14
awareness	0.19	1.17
ranch	0.19	0.96
started	0.19	1.79
until	0.19	2.07
rest	0.19	1.01
sufficient	0.19	1.47
proving	0.19	1.79
hat	0.19	1.47
suppose	0.19	2.56
reduced	0.19	1.13
opposing	0.19	1.57
later	0.19	1.55
science	0.19	1.26
foot	0.19	1.28
opportunity	0.19	1.62
stories	0.19	1.43
deep	0.19	1.35
second	0.19	1.41
town	0.19	0.91
yelling	0.20	1.44
skeptics	0.20	1.44
rigged	0.20	0.96
chance	0.20	2.03
street	0.20	1.08
2012	0.20	1.15
beating	0.20	1.30
license	0.20	1.08
legitimately	0.20	1.96
via	0.20	1.15
qualified	0.20	1.30
owner	0.20	0.96
september	0.20	1.27
notes	0.20	1.06
witness	0.20	1.23
focused	0.20	1.37
concerns	0.20	1.38
office	0.20	0.92
redditors	0.20	1.48
invested	0.20	1.46
sees	0.20	2.18
roof	0.20	1.03
solutions	0.20	1.46
match	0.20	1.16
shot	0.20	1.24
irs	0.20	1.06
question	0.20	2.36
economy	0.20	0.86
hell	0.20	2.40
remained	0.20	1.37
turned	0.20	1.67
accurately	0.21	1.64
calls	0.21	1.17
2nd	0.21	1.15
dependent	0.21	1.24
theres	0.21	1.90
depends	0.21	1.39
particles	0.21	1.14
bodies	0.21	1.05
lab	0.21	1.11
passport	0.21	1.09
fda	0.21	1.10
procedure	0.21	1.10
2005	0.21	1.30
morgan	0.21	0.91
blown	0.21	1.34
out	0.21	1.96
blows	0.21	1.22
witnesses	0.21	1.23
quit	0.21	1.59
lay	0.22	1.36
presidential	0.22	0.94
agree	0.22	3.39
sacrifice	0.22	0.88
high	0.22	1.12
dollars	0.22	1.11
developed	0.22	1.20
stops	0.22	1.29
honesty	0.22	1.08
historical	0.22	1.11
storage	0.22	1.11
handed	0.22	1.12
face	0.22	1.35
agent	0.22	1.06
box	0.22	1.11
theories	0.22	1.54
citizens	0.22	0.93
purpose	0.22	1.36
supposedly	0.22	1.18
scientists	0.22	1.20
minimum	0.22	1.12
raise	0.22	1.03
statements	0.22	1.73
shield	0.22	1.04
own	0.22	1.01
citizenship	0.22	0.99
achieve	0.23	1.31
challenged	0.23	1.30
thick	0.23	1.21
ago	0.23	1.49
dumb	0.23	1.74
student	0.23	1.10
below	0.23	1.21
delusional	0.23	1.72
mountain	0.23	1.01
holding	0.23	1.34
store	0.23	1.07
release	0.23	1.26
snowden	0.23	1.18
applies	0.23	1.44
forced	0.23	1.46
sand	0.23	1.30
skeptical	0.23	2.00
hour	0.23	1.51
representative	0.23	0.93
taught	0.23	1.17
tickets	0.23	1.11
credit	0.23	1.05
landing	0.23	1.09
according	0.23	1.60
airborne	0.23	1.17
addressed	0.23	1.73
despite	0.24	1.51
residents	0.24	0.93
stats	0.24	1.45
regard	0.24	1.23
human	0.24	0.83
grade	0.24	1.13
ct	0.24	0.94
block	0.24	1.13
skepticism	0.24	1.26
assuming	0.24	3.28
parking	0.24	1.08
attorney	0.24	1.21
options	0.24	1.43
limited	0.24	1.22
nixon	0.24	0.94
results	0.24	1.27
plus	0.24	1.35
2004	0.24	1.16
key	0.24	1.08
candidates	0.24	1.03
psyop	0.24	1.28
laughing	0.24	1.55
further	0.25	1.56
hangout	0.25	1.22
noted	0.25	1.47
animals	0.25	1.00
temple	0.25	1.17
owners	0.25	1.00
ended	0.25	1.12
roll	0.25	1.30
observation	0.25	1.52
ticket	0.25	1.04
classes	0.25	1.14
hours	0.25	1.53
bill	0.25	1.03
aside	0.25	1.46
extensive	0.25	1.20
blm	0.25	0.99
methods	0.25	1.25
improve	0.25	1.31
survive	0.25	1.10
identified	0.25	1.39
staff	0.25	0.90
mentioned	0.25	1.87
dc	0.25	0.99
figured	0.25	2.18
educate	0.25	1.77
mission	0.25	1.05
et	0.25	1.10
perfectly	0.25	1.66
asked	0.26	1.97
models	0.26	1.52
respected	0.26	1.26
instead	0.26	1.93
summer	0.26	1.13
inclined	0.26	2.28
eyes	0.26	1.19
subjects	0.26	1.41
connect	0.26	1.42
obama	0.26	0.98
kennedy	0.26	1.00
days	0.26	1.51
captured	0.26	1.09
nyc	0.26	1.02
clean	0.26	1.11
theory	0.26	1.57
address	0.26	1.59
confirmed	0.26	1.60
kerry	0.27	1.03
unarmed	0.27	1.27
features	0.27	1.28
minutes	0.27	1.49
trillions	0.27	1.11
claims	0.27	1.64
revenue	0.27	1.17
satire	0.27	2.47
closer	0.27	1.35
code	0.27	1.17
collect	0.27	1.10
must	0.27	2.01
cheap	0.27	1.18
hands	0.27	1.28
homeless	0.27	1.28
assumed	0.27	2.35
interpret	0.27	1.69
circlejerk	0.27	1.40
talked	0.27	1.84
definitions	0.27	1.30
employees	0.27	1.15
afterwards	0.27	1.49
trees	0.27	0.82
investigators	0.27	1.24
discredit	0.27	1.45
predictions	0.28	1.41
seen	0.28	2.06
worth	0.28	1.35
returned	0.28	1.32
printed	0.28	1.08
example	0.28	1.62
pm	0.28	1.69
forth	0.28	1.45
platform	0.28	1.09
proposed	0.28	1.39
baseless	0.28	1.70
board	0.28	0.95
without	0.28	1.57
current	0.28	1.17
monitored	0.28	1.18
caring	0.28	1.28
college	0.28	1.09
shills	0.29	1.53
bring	0.29	1.79
hearing	0.29	1.74
working	0.29	1.64
female	0.29	1.13
searching	0.29	1.53
god	0.29	1.06
asshole	0.29	1.80
ages	0.29	1.20
scientist	0.29	1.22
stopped	0.29	1.57
properly	0.29	1.84
workers	0.29	1.22
connections	0.29	1.11
homes	0.29	1.06
inform	0.29	1.58
accepting	0.29	1.47
assertion	0.29	1.66
answer	0.29	2.36
introduced	0.29	1.07
discussed	0.30	1.74
anonymous	0.30	1.29
unaware	0.30	1.65
premise	0.30	1.88
protect	0.30	1.09
sent	0.30	1.22
principles	0.30	1.08
lesson	0.30	1.22
avoided	0.30	1.59
special	0.30	1.17
walking	0.30	1.32
use	0.30	1.34
farmer	0.30	0.94
individual	0.30	0.94
joking	0.30	2.64
documented	0.30	1.56
stolen	0.30	0.94
screaming	0.30	1.49
nuts	0.30	1.61
shop	0.30	1.03
joining	0.30	0.89
researchers	0.30	1.19
burden	0.30	1.56
equation	0.31	1.22
nist	0.31	1.28
abused	0.31	1.09
necessary	0.31	1.53
hack	0.31	1.15
consent	0.31	1.11
flash	0.31	1.16
pill	0.31	1.13
cops	0.31	1.38
evidence	0.31	1.62
remains	0.31	1.50
odds	0.31	1.20
cameras	0.31	1.17
lawyer	0.31	1.19
map	0.31	1.27
thinkers	0.31	1.34
retarded	0.31	1.93
invented	0.31	0.94
solution	0.31	1.59
word	0.31	1.37
serves	0.31	1.26
chain	0.31	1.05
bother	0.31	2.27
whistle	0.31	1.26
date	0.31	1.43
opinion	0.31	1.59
fence	0.31	1.51
reflect	0.31	1.40
assumptions	0.32	1.71
distracted	0.32	1.45
mouth	0.32	1.26
teaching	0.32	1.20
element	0.32	1.23
director	0.32	1.02
track	0.32	1.43
though	0.32	2.55
sections	0.32	1.24
confidence	0.32	1.03
age	0.32	1.12
seeking	0.32	1.49
soon	0.32	1.93
crying	0.32	1.30
basis	0.32	1.58
beaten	0.32	1.39
provide	0.32	1.66
cant	0.32	2.04
request	0.32	1.46
university	0.32	1.09
reasonably	0.33	1.78
educated	0.33	1.55
opportunities	0.33	1.26
terms	0.33	1.34
devices	0.33	1.16
approved	0.33	1.24
details	0.33	1.48
concluded	0.33	1.36
cheney	0.33	1.02
fails	0.33	1.66
classified	0.33	1.24
computers	0.33	1.18
probable	0.33	1.44
folks	0.33	1.73
teachers	0.33	1.07
refers	0.33	1.48
table	0.33	1.17
learning	0.33	1.62
reports	0.33	1.32
hacked	0.33	1.15
willing	0.33	1.92
breaking	0.33	1.28
depending	0.33	1.30
buried	0.33	1.23
mind	0.34	1.34
approval	0.34	1.24
software	0.34	1.15
background	0.34	1.36
spend	0.34	1.47
jesus	0.34	1.30
off	0.34	1.73
tool	0.34	1.09
win	0.34	0.91
city	0.34	0.97
purposes	0.34	1.20
spent	0.34	1.44
moron	0.34	1.84
winter	0.34	1.02
testing	0.34	1.19
temporary	0.34	0.98
minor	0.34	1.48
dates	0.34	1.26
fresh	0.34	1.30
myself	0.34	2.34
requires	0.34	1.36
child	0.34	1.01
credentials	0.34	1.32
frame	0.34	1.28
confusion	0.34	1.37
bush	0.34	1.02
choose	0.34	1.73
sending	0.35	1.21
break	0.35	1.50
grand	0.35	1.36
chances	0.35	1.12
explained	0.35	1.84
sensitive	0.35	1.44
guarantee	0.35	1.82
resource	0.35	1.11
discovery	0.35	1.03
called	0.35	1.33
sector	0.35	0.99
navy	0.35	0.88
ratio	0.35	1.13
trip	0.35	1.17
mode	0.35	1.30
sink	0.36	1.20
tracking	0.36	1.18
encryption	0.36	1.17
guessing	0.36	2.58
persons	0.36	1.03
property	0.36	0.91
taken	0.36	1.80
respond	0.36	1.90
studying	0.36	1.32
saw	0.36	1.75
edward	0.36	1.18
washington	0.36	1.01
application	0.36	1.23
windows	0.36	1.13
obtained	0.36	1.21
employed	0.36	1.32
biased	0.36	1.99
conclusions	0.36	1.70
experiences	0.36	1.02
monitor	0.36	1.20
description	0.36	1.62
trolling	0.36	1.87
90s	0.37	1.27
head	0.37	1.28
students	0.37	1.06
former	0.37	0.97
choosing	0.37	1.46
explanations	0.37	1.49
wolf	0.37	1.39
speak	0.37	1.85
entering	0.37	1.07
meeting	0.37	1.02
greenwald	0.37	1.19
let	0.37	2.24
arrived	0.37	1.14
ride	0.37	1.27
finding	0.37	1.73
alter	0.37	1.25
understanding	0.37	1.20
join	0.37	1.27
leaks	0.37	1.23
tools	0.38	1.18
access	0.38	1.34
low	0.38	1.13
faked	0.38	1.15
president	0.38	0.97
secretary	0.38	1.00
vague	0.38	1.79
fuckers	0.38	1.70
unique	0.38	1.15
essential	0.38	1.07
conclusion	0.38	1.75
electronic	0.38	1.06
hardware	0.38	1.14
votes	0.38	1.09
justice	0.38	1.08
senior	0.38	0.96
interpretation	0.38	1.44
globe	0.38	1.16
extra	0.38	1.25
describes	0.39	1.25
destroy	0.39	1.06
fiction	0.39	1.08
stone	0.39	1.08
refute	0.39	1.75
am	0.39	2.39
presidency	0.39	0.97
window	0.39	1.23
inside	0.39	1.15
cunt	0.39	1.83
beings	0.39	0.81
idiot	0.39	1.83
versions	0.39	1.33
petition	0.39	1.21
keep	0.39	1.63
liberties	0.39	0.89
engine	0.39	0.93
employment	0.39	1.12
lived	0.39	1.15
mentally	0.39	1.46
awhile	0.39	1.79
found	0.39	1.57
mistaken	0.39	3.09
magazine	0.39	1.16
literal	0.39	1.20
haarp	0.39	1.29
hang	0.39	1.67
resolution	0.39	1.19
lately	0.40	1.76
studies	0.40	1.18
teach	0.40	1.19
announced	0.40	1.19
youth	0.40	0.86
changing	0.40	1.31
dry	0.40	1.29
perception	0.40	1.19
jidf	0.40	1.78
testimony	0.40	1.25
device	0.40	1.17
monster	0.40	0.89
explicitly	0.40	1.78
artificial	0.40	1.23
stated	0.40	1.78
recognized	0.40	1.35
leaked	0.40	1.24
communications	0.40	1.11
principle	0.41	1.10
concrete	0.41	1.03
researching	0.41	1.88
pick	0.41	1.59
ceo	0.41	0.93
whistleblower	0.41	1.22
lack	0.41	1.12
alternatives	0.41	1.47
frequent	0.41	1.53
inner	0.41	1.09
mccain	0.41	0.91
christ	0.41	1.26
printing	0.41	0.90
cherry	0.41	1.35
york	0.41	1.03
statement	0.41	1.81
m	0.41	2.42
theirs	0.41	0.94
rely	0.41	1.56
visiting	0.41	1.08
heads	0.41	1.38
capable	0.41	1.62
quick	0.41	1.71
verified	0.41	1.70
strip	0.42	0.96
discover	0.42	1.48
administration	0.42	1.03
day	0.42	1.65
san	0.42	1.00
trusted	0.42	1.52
seek	0.42	1.48
long	0.42	1.80
undermine	0.42	1.10
nearby	0.42	0.92
chicago	0.42	0.99
implied	0.42	2.22
professor	0.42	1.12
third	0.42	1.20
study	0.42	1.19
believable	0.42	1.83
satellite	0.42	1.24
questions	0.42	1.82
badge	0.42	1.05
based	0.42	1.78
important	0.43	1.70
de	0.43	1.31
permission	0.43	1.38
count	0.43	1.35
akin	0.43	1.22
environment	0.43	0.86
well	0.43	2.36
accepted	0.43	1.50
studied	0.43	1.36
locked	0.43	1.15
conspiracy	0.43	1.36
equivalent	0.43	1.07
so-called	0.43	0.96
crazy	0.43	1.67
protocol	0.43	1.19
reported	0.43	1.47
curious	0.43	2.43
answered	0.43	2.07
famous	0.43	1.20
entered	0.43	1.18
ensure	0.43	1.15
generations	0.44	1.03
cell	0.44	1.13
cut	0.44	1.18
punch	0.44	1.39
validity	0.44	1.63
research	0.44	1.20
member	0.44	0.91
interested	0.44	2.29
genuine	0.44	1.24
jobs	0.44	1.17
used	0.44	1.52
harbor	0.44	0.86
bright	0.44	1.44
slip	0.44	1.42
waiting	0.44	1.61
glass	0.45	0.95
verify	0.45	1.74
privilege	0.45	1.15
usage	0.45	1.26
sat	0.45	1.04
circle	0.45	1.08
shill	0.45	1.65
dig	0.45	1.81
monitoring	0.45	1.15
co	0.45	0.85
addresses	0.45	1.18
july	0.46	1.38
oath	0.46	1.07
brought	0.46	1.30
robots	0.46	1.24
poorly	0.46	1.65
yard	0.46	0.87
lone	0.46	0.97
nail	0.46	1.46
broke	0.46	1.31
genuinely	0.46	1.91
received	0.46	1.33
chip	0.47	1.14
plot	0.47	1.05
shape	0.47	1.21
doors	0.47	1.21
searched	0.47	1.22
stars	0.47	1.03
service	0.47	1.08
statistics	0.47	1.32
appeal	0.47	1.67
appearance	0.47	1.16
disappeared	0.47	1.14
wilson	0.47	1.20
fathers	0.47	0.95
illusion	0.47	1.04
fields	0.47	1.13
press	0.47	1.16
field	0.47	1.09
bet	0.47	2.33
gods	0.47	1.04
participate	0.47	1.32
shits	0.48	2.00
breaks	0.48	1.22
list	0.48	1.37
sub	0.48	1.67
accusation	0.48	1.73
birth	0.48	0.92
merit	0.48	1.56
approach	0.48	1.34
closest	0.48	0.81
logic	0.48	1.63
includes	0.48	1.13
governor	0.48	0.93
communication	0.48	1.16
names	0.48	1.08
warm	0.48	1.04
our	0.48	0.85
survival	0.48	0.83
ridicule	0.48	1.52
protecting	0.49	0.95
card	0.49	1.01
freedoms	0.49	0.96
porn	0.49	1.02
relationships	0.49	1.02
phones	0.49	1.25
meetings	0.49	1.03
efficient	0.49	1.37
meme	0.49	1.53
girls	0.49	1.46
magically	0.49	1.48
dna	0.49	0.99
neighborhood	0.49	1.13
gps	0.49	1.18
raising	0.49	1.05
bundy	0.49	0.99
r/conspiratard	0.49	1.66
reagan	0.49	1.00
insult	0.49	1.81
informed	0.49	1.66
ip	0.49	1.21
maintain	0.49	1.19
removing	0.49	1.48
worker	0.50	1.17
repeat	0.50	1.61
frequency	0.50	1.32
lose	0.50	1.26
larry	0.50	1.09
billions	0.50	1.04
subscribers	0.50	1.54
aka	0.50	1.27
heard	0.50	1.83
given	0.50	1.46
ice	0.50	1.08
trick	0.50	1.36
currently	0.50	1.91
dies	0.50	1.93
numbers	0.50	1.23
combination	0.50	0.80
dogs	0.50	1.05
front	0.50	1.33
contained	0.51	1.21
showing	0.51	1.72
journal	0.51	1.20
adults	0.51	1.09
database	0.51	1.16
providing	0.51	1.47
brainwashing	0.51	1.14
freedom	0.51	1.14
send	0.51	1.28
employee	0.51	1.07
holder	0.51	1.13
rumsfeld	0.51	1.11
apart	0.51	1.12
maintaining	0.52	1.12
jtrig	0.52	1.39
secure	0.52	1.17
findings	0.52	1.31
conspiratard	0.52	1.57
basement	0.52	1.00
tor	0.52	1.23
offered	0.52	1.35
alternate	0.52	1.26
jr	0.52	1.11
additionally	0.52	1.31
tree	0.52	1.07
perspective	0.52	1.25
deserved	0.52	1.23
cartoon	0.52	1.21
censorship	0.52	1.53
waves	0.52	1.33
coincidence	0.52	2.02
institute	0.52	0.90
privacy	0.52	0.97
officer	0.53	1.37
stick	0.53	1.40
followed	0.53	1.41
whilst	0.53	1.58
shit	0.53	2.12
alternative	0.53	1.48
destroyed	0.53	0.96
posters	0.53	1.58
safety	0.53	1.03
club	0.53	1.29
writes	0.53	1.18
hotel	0.53	1.00
documentation	0.53	1.52
observations	0.53	1.50
moderation	0.53	1.45
minds	0.54	1.20
citizen	0.54	1.02
forgotten	0.54	1.43
cop	0.54	1.44
opened	0.54	1.17
redditor	0.54	1.41
resort	0.54	1.99
smart	0.54	1.93
seed	0.54	1.02
late	0.54	1.48
documents	0.54	1.25
naked	0.54	1.09
verifiable	0.55	1.55
period	0.55	1.43
2000	0.55	1.16
asses	0.55	1.42
starting	0.55	2.01
journalists	0.55	1.10
serve	0.55	1.12
initial	0.55	1.37
remain	0.55	1.49
spiritual	0.55	1.02
firm	0.55	0.98
brown	0.56	1.12
hopefully	0.56	1.78
intel	0.56	1.15
blew	0.56	1.35
bang	0.56	1.19
knock	0.56	1.05
losing	0.56	1.16
attached	0.56	1.11
freaking	0.56	1.90
finds	0.56	1.91
thoroughly	0.56	1.71
entire	0.56	1.03
opinions	0.57	1.30
recent	0.57	1.12
replaced	0.57	1.24
local	0.57	0.86
model	0.57	1.52
twice	0.57	1.41
phrase	0.57	1.45
accounts	0.57	1.39
subreddit	0.57	1.69
sounded	0.57	1.73
actual	0.57	1.55
responding	0.57	1.97
teacher	0.57	1.02
fucking	0.57	2.06
conveniently	0.58	1.45
bar	0.58	1.15
realise	0.58	2.22
brigading	0.58	1.59
digital	0.58	1.10
warren	0.58	0.86
encourage	0.58	1.37
reader	0.58	1.39
piss	0.58	1.80
analysis	0.58	1.36
apple	0.58	1.11
retard	0.58	1.81
banning	0.58	1.51
shown	0.58	1.82
signal	0.58	1.16
r/conspiracy	0.58	1.70
adult	0.58	1.18
hillary	0.59	0.90
regular	0.59	1.08
deserve	0.59	1.24
candidate	0.59	0.92
dont	0.59	2.23
ive	0.59	1.86
lame	0.59	2.16
peer	0.59	1.28
mocking	0.60	1.41
independent	0.60	1.26
material	0.60	1.26
users	0.60	1.56
role	0.60	1.03
closed	0.60	1.21
wont	0.60	2.08
old	0.60	1.24
upon	0.60	1.36
boys	0.60	1.37
titles	0.60	1.71
regarding	0.60	1.44
beat	0.60	1.49
solved	0.60	1.56
covered	0.60	1.31
wages	0.60	1.18
brigade	0.60	1.59
totally	0.60	2.22
door	0.61	1.20
consciousness	0.61	0.93
stake	0.61	1.22
phone	0.61	1.22
practical	0.61	1.34
glenn	0.61	1.11
technical	0.61	1.22
assessment	0.61	1.39
profitable	0.61	1.16
retired	0.61	0.87
msm	0.61	1.25
provided	0.61	1.55
covering	0.61	1.21
himself	0.61	1.11
relationship	0.61	0.96
ban	0.61	1.52
logically	0.61	1.77
mail	0.61	1.19
upvotes	0.61	1.43
sitting	0.61	1.25
remove	0.62	1.49
named	0.62	0.94
presented	0.62	1.55
experience	0.62	0.97
stored	0.62	1.17
censor	0.62	1.57
wire	0.62	1.04
senator	0.63	0.86
skills	0.63	1.31
dedicated	0.63	1.36
community	0.63	1.05
promise	0.63	1.19
theater	0.63	0.88
recently	0.63	1.82
tone	0.63	1.55
ny	0.63	1.01
pr	0.63	1.25
realm	0.63	1.05
missing	0.64	1.18
explanation	0.64	1.69
censored	0.64	1.58
counting	0.64	1.16
intended	0.64	1.51
photographs	0.64	1.21
hits	0.64	1.11
drama	0.64	1.13
kicked	0.64	1.40
creator	0.64	0.99
brave	0.64	2.13
outside	0.64	1.12
records	0.64	1.21
mic	0.64	1.12
insults	0.64	1.91
meet	0.65	1.31
rabbit	0.65	1.69
button	0.65	1.33
topics	0.65	1.48
bite	0.65	1.65
score	0.65	1.40
ll	0.65	2.21
offering	0.65	1.34
pictures	0.65	1.54
woods	0.65	0.97
universe	0.65	0.87
journalism	0.65	0.97
subreddits	0.65	1.59
clinton	0.65	0.93
sign	0.65	1.31
method	0.65	1.40
powered	0.65	1.07
whom	0.66	1.19
firstly	0.66	1.45
vision	0.66	0.87
note	0.66	1.72
gore	0.66	1.00
contracts	0.66	1.15
censoring	0.66	1.56
angles	0.66	1.32
explaining	0.67	1.89
balance	0.67	0.89
joke	0.67	2.52
admin	0.67	1.43
herself	0.67	0.98
reasoning	0.67	1.71
bots	0.67	1.49
default	0.67	1.57
grounds	0.67	1.17
data	0.67	1.26
scientific	0.67	1.33
sticking	0.67	1.30
collected	0.68	1.04
wasnt	0.68	1.96
subs	0.68	1.59
internet	0.68	1.23
cards	0.68	1.03
reviewed	0.68	1.29
above	0.68	1.31
moderators	0.68	1.56
room	0.68	1.12
record	0.68	1.30
having	0.68	1.77
mods	0.68	1.57
next	0.68	1.64
wage	0.68	1.23
released	0.68	1.24
voice	0.68	1.30
discussing	0.68	1.86
carefully	0.68	1.57
admins	0.68	1.54
email	0.68	1.26
picture	0.69	1.69
shut	0.69	1.45
moderator	0.69	1.57
answers	0.69	1.90
pig	0.69	1.61
comprehension	0.69	1.35
mod	0.69	1.57
reached	0.69	1.09
report	0.69	1.27
4chan	0.69	1.50
photos	0.69	1.49
hypothesis	0.69	1.56
section	0.69	1.24
finally	0.69	1.82
academic	0.69	1.20
usual	0.69	1.55
papers	0.70	1.23
files	0.70	1.24
credibility	0.70	1.18
arent	0.70	1.88
downloads	0.70	1.13
earn	0.70	1.21
meaning	0.70	1.32
top	0.70	1.40
reddit	0.70	1.59
treaty	0.70	1.02
yes	0.70	2.39
banned	0.70	1.58
peoples	0.71	0.96
george	0.71	1.07
publicity	0.71	1.24
removal	0.71	1.53
earlier	0.71	1.59
publish	0.71	1.21
kids	0.71	1.02
downvotes	0.71	1.49
ads	0.71	1.35
return	0.71	1.23
kick	0.71	1.60
morality	0.71	1.06
breath	0.72	1.44
accuracy	0.72	1.22
showed	0.72	1.44
production	0.72	1.00
r/politics	0.72	1.58
realized	0.72	1.97
park	0.72	0.96
emails	0.72	1.22
lacking	0.72	1.35
forever	0.72	1.53
commented	0.72	1.81
confusing	0.73	2.05
literature	0.73	1.19
threads	0.73	1.67
app	0.73	1.22
library	0.73	1.15
jokes	0.73	1.68
celebrity	0.73	0.94
subtle	0.73	1.36
encouraged	0.73	1.07
wake	0.73	1.74
primary	0.73	1.40
factual	0.74	1.55
pack	0.74	0.95
regards	0.74	1.26
worldnews	0.74	1.59
quoted	0.74	1.61
photo	0.74	1.55
derail	0.75	1.49
engage	0.75	1.31
week	0.75	1.37
star	0.75	1.06
save	0.75	1.31
visit	0.75	1.38
celebrities	0.75	1.13
programming	0.75	1.09
trap	0.75	1.26
downvote	0.75	1.52
impressive	0.75	2.24
r/news	0.76	1.59
computer	0.76	1.24
removed	0.76	1.54
houses	0.76	0.99
raped	0.76	1.05
review	0.76	1.26
stable	0.76	1.13
imagination	0.76	1.27
latter	0.76	1.64
messages	0.76	1.17
r/worldnews	0.76	1.60
tactics	0.77	1.47
interviewed	0.77	1.38
solid	0.77	1.51
contract	0.77	1.18
advertising	0.77	1.17
jack	0.77	1.17
checks	0.77	1.16
reality	0.77	1.09
silence	0.78	1.09
history	0.78	1.21
domain	0.78	1.25
downvoting	0.78	1.59
ready	0.78	1.80
alot	0.78	1.85
ironically	0.78	1.36
machines	0.79	0.77
stay	0.79	1.43
signed	0.79	1.19
authors	0.79	1.24
iphone	0.79	1.22
spam	0.79	1.54
sit	0.79	1.57
young	0.79	1.26
eric	0.79	1.06
looks	0.79	2.45
id	0.80	1.21
keeps	0.80	1.45
downvoted	0.80	1.53
lanza	0.80	0.93
loud	0.80	1.47
chomsky	0.80	0.97
supporters	0.80	1.94
daily	0.80	1.01
voices	0.80	1.25
la	0.80	1.27
stuck	0.80	1.31
final	0.81	1.22
investigative	0.81	1.20
older	0.81	1.09
victory	0.81	1.12
responses	0.81	1.61
cite	0.81	1.56
forums	0.81	1.39
raised	0.81	1.17
ears	0.81	1.25
knowledge	0.81	1.12
server	0.81	1.24
points	0.81	1.71
lock	0.81	1.25
paul	0.81	0.95
rule	0.82	1.33
credible	0.82	1.52
name	0.82	1.04
generation	0.82	1.02
forum	0.82	1.45
stream	0.82	1.17
awake	0.82	1.64
boat	0.82	1.29
integrity	0.82	0.89
english	0.82	1.41
winning	0.82	0.86
critical	0.82	1.46
thread	0.82	1.70
cooperation	0.82	0.84
accomplished	0.82	1.33
scene	0.83	1.18
karma	0.83	1.42
mainstream	0.83	1.19
shadowbanned	0.83	1.55
pearl	0.83	0.84
cute	0.83	2.68
published	0.83	1.26
havent	0.83	1.96
information	0.83	1.32
sources	0.83	1.52
deleting	0.84	1.58
media	0.84	1.17
swear	0.84	1.55
slaves	0.84	2.27
royal	0.84	1.08
images	0.84	1.51
ahead	0.84	1.73
younger	0.84	1.02
theorists	0.85	1.38
till	0.85	1.59
file	0.85	1.27
pc	0.85	1.13
kept	0.86	1.30
imaginary	0.86	0.87
reporting	0.86	1.25
legit	0.86	1.91
reporters	0.86	1.16
topic	0.86	1.59
their	0.87	1.13
recording	0.87	1.18
hes	0.87	1.88
message	0.87	1.40
capture	0.87	1.20
ratings	0.87	1.10
sane	0.87	1.53
viable	0.87	1.49
fancy	0.87	1.16
messenger	0.87	1.67
adds	0.87	1.33
open	0.87	1.26
replying	0.88	2.02
funny	0.88	2.50
troll	0.88	1.79
rock	0.88	1.11
produced	0.88	1.10
reputable	0.88	1.37
version	0.88	1.34
content	0.88	1.55
agreement	0.88	1.08
possible	0.88	2.17
honor	0.88	1.09
close	0.89	1.29
submissions	0.89	1.58
sucks	0.89	1.61
promised	0.89	1.10
perfect	0.89	1.59
ruin	0.89	0.96
24/7	0.90	1.14
full	0.90	1.08
spot	0.90	2.01
actor	0.90	1.09
admits	0.90	1.77
quoting	0.90	1.91
silent	0.90	1.38
arguments	0.90	1.80
ron	0.91	0.89
sentences	0.91	1.27
didnt	0.91	2.04
beheading	0.91	1.15
available	0.91	1.31
members	0.91	1.00
upvoted	0.91	1.47
coverage	0.91	1.20
considering	0.91	2.01
blocked	0.91	1.29
reasonable	0.92	1.52
collecting	0.92	1.37
posts	0.92	1.59
icke	0.92	1.10
realistic	0.92	1.38
newspaper	0.92	1.22
approve	0.92	1.52
wasting	0.92	1.87
citing	0.92	1.62
stayed	0.93	1.34
adam	0.93	0.92
1984	0.93	1.26
screen	0.93	1.23
guy	0.93	1.67
live	0.93	1.00
d	0.93	1.81
guardian	0.94	1.18
sidebar	0.94	1.48
commenting	0.94	1.71
camera	0.94	1.19
tape	0.94	1.16
words	0.95	1.41
addressing	0.95	1.62
pics	0.95	1.33
imo	0.95	1.97
ppl	0.95	2.00
bob	0.95	0.93
image	0.95	1.58
style	0.95	0.96
deleted	0.96	1.58
thoughts	0.96	1.21
res	0.96	1.47
guess	0.96	2.30
occasionally	0.96	1.32
station	0.96	1.08
outlet	0.96	1.18
posting	0.96	1.69
ball	0.97	1.08
forget	0.97	2.23
source	0.97	1.50
consideration	0.97	1.46
write	0.97	1.42
posted	0.97	1.67
language	0.97	1.38
wrote	0.97	1.41
tactic	0.97	1.61
mystery	0.98	1.25
extended	0.98	1.05
references	0.98	1.38
account	0.98	1.46
user	0.98	1.56
foley	0.99	1.11
peter	0.99	0.86
pray	0.99	1.13
sleeping	1.00	1.07
responded	1.00	1.73
representation	1.00	1.22
participating	1.00	1.46
outlets	1.00	1.17
share	1.00	1.37
wise	1.00	1.43
teams	1.00	0.92
cited	1.00	1.42
sony	1.00	1.08
online	1.00	1.24
additional	1.01	1.38
stating	1.01	2.56
docs	1.01	1.14
lifestyle	1.01	0.89
noise	1.01	1.27
dog	1.01	1.17
til	1.01	1.66
valuable	1.01	1.22
lt	1.01	1.62
rt	1.01	1.19
keeping	1.01	1.31
twitter	1.02	1.23
shall	1.02	1.12
while	1.02	1.73
script	1.02	1.13
spoken	1.03	1.33
grew	1.03	0.95
letter	1.03	1.29
submission	1.03	1.58
v	1.03	1.54
written	1.03	1.30
referenced	1.03	1.45
timeline	1.03	1.32
debate	1.04	1.53
title	1.04	1.77
delete	1.04	1.54
lifetime	1.04	0.95
journalist	1.04	1.09
judging	1.05	1.43
tough	1.05	1.91
ass	1.05	1.92
provides	1.05	1.41
new	1.06	1.12
universal	1.06	0.89
trouble	1.06	1.68
anytime	1.06	1.65
mike	1.06	1.00
dick	1.06	1.49
legitimate	1.06	1.42
balls	1.06	1.61
p	1.06	1.66
liberty	1.06	0.99
prize	1.06	1.11
setting	1.07	1.08
beneficial	1.07	1.04
presumably	1.07	1.01
network	1.07	1.14
newspapers	1.07	1.13
conscious	1.07	1.03
gathering	1.08	1.17
harvard	1.08	1.17
baby	1.08	1.31
reliable	1.08	1.40
recorded	1.08	1.17
submitted	1.08	1.49
comments	1.08	1.54
cable	1.09	1.09
answering	1.09	1.98
house	1.09	0.94
discussions	1.09	1.42
bold	1.09	1.50
careful	1.10	1.66
translation	1.10	1.39
exchange	1.10	1.12
marketing	1.11	1.19
compelling	1.11	1.59
bot	1.11	1.55
articles	1.11	1.36
reading	1.11	1.73
vacation	1.11	1.10
alex	1.12	1.05
character	1.12	1.53
web	1.12	1.29
hope	1.12	2.16
mark	1.12	1.09
bored	1.12	1.73
pages	1.13	1.28
gaming	1.13	1.06
convincing	1.13	1.66
wasted	1.13	1.12
guide	1.13	1.17
wouldnt	1.13	2.06
writer	1.14	1.23
theyre	1.14	1.82
sarcastic	1.14	1.99
search	1.14	1.36
networks	1.14	1.10
finish	1.14	1.31
personal	1.14	0.90
sets	1.15	1.12
logical	1.15	1.66
typical	1.15	2.31
waking	1.15	1.37
damned	1.15	1.97
added	1.15	1.41
damn	1.15	2.53
document	1.16	1.24
contributing	1.16	1.12
music	1.16	1.13
politically	1.16	2.02
irony	1.17	2.06
positive	1.17	1.11
fox	1.17	1.14
quotes	1.17	1.48
host	1.17	1.09
stations	1.17	1.10
counter	1.17	1.42
fine	1.17	2.21
x	1.18	1.60
y	1.18	1.56
parent	1.18	0.98
uncensorbot	1.18	1.17
beer	1.18	1.15
collection	1.18	1.16
b	1.18	1.59
reference	1.19	1.54
robert	1.19	0.99
john	1.19	0.93
author	1.19	1.14
she	1.19	1.12
editing	1.19	1.19
poster	1.20	1.58
f	1.20	1.53
referring	1.20	2.55
david	1.20	0.97
sites	1.20	1.27
context	1.20	1.45
mobile	1.20	1.28
radio	1.21	1.16
made	1.21	2.21
sometime	1.21	1.22
seriously	1.21	2.19
argument	1.21	1.73
got	1.21	2.07
shared	1.22	1.19
contribute	1.22	1.33
pop	1.22	1.16
footage	1.22	1.22
amp	1.22	1.53
news	1.22	1.14
stands	1.22	1.85
jones	1.22	1.05
dunno	1.23	2.31
friday	1.23	1.26
families	1.23	1.91
g	1.23	1.57
quote	1.23	1.57
update	1.23	1.35
team	1.23	0.91
controversial	1.24	1.49
w	1.24	1.54
joe	1.24	0.99
hilarious	1.24	2.32
c	1.24	1.57
e	1.25	1.58
rush	1.25	1.08
objective	1.25	1.45
profile	1.25	1.32
born	1.25	0.96
ideal	1.25	1.70
semantics	1.26	1.65
listening	1.26	1.55
subjective	1.26	2.16
boss	1.26	1.06
msnbc	1.26	1.09
ted	1.26	0.94
bitch	1.27	1.87
conversations	1.27	1.31
article	1.27	1.45
offer	1.27	1.54
upvote	1.27	1.49
movies	1.27	1.04
option	1.28	2.10
matrix	1.28	0.90
minute	1.28	1.33
facebook	1.28	1.30
text	1.28	1.32
pleasure	1.28	1.01
speaking	1.29	2.02
humor	1.29	1.70
elaborate	1.29	1.56
updated	1.29	1.34
writing	1.30	1.29
submit	1.30	1.49
technically	1.30	2.18
messed	1.31	1.97
choice	1.31	2.10
parents	1.31	1.14
girl	1.31	1.07
sake	1.31	1.21
h	1.31	1.54
nonetheless	1.31	1.77
concerned	1.31	2.14
clarify	1.32	1.91
league	1.32	0.92
rational	1.32	1.44
performance	1.32	0.97
letters	1.32	1.25
blog	1.33	1.36
post	1.33	1.60
replies	1.33	1.56
discussion	1.33	1.30
woman	1.33	1.12
future	1.33	2.16
hominem	1.33	2.29
loose	1.33	1.07
filmed	1.34	1.12
apartment	1.34	0.89
kid	1.34	1.15
reporter	1.35	1.06
richard	1.35	1.04
greatly	1.35	1.24
insert	1.35	1.10
super	1.35	2.18
exclusive	1.36	1.27
debunking	1.36	1.35
dumbass	1.36	2.08
unbiased	1.36	1.38
repost	1.36	1.50
morning	1.36	1.15
j	1.36	1.48
cnn	1.37	1.17
site	1.37	1.31
citation	1.37	1.51
conversation	1.38	1.39
tomorrow	1.38	1.48
pic	1.38	1.51
audio	1.39	1.17
ad	1.39	2.30
imho	1.39	1.67
add	1.40	1.64
correctly	1.40	2.25
latest	1.40	0.86
hollywood	1.40	0.96
infowars	1.40	1.26
staying	1.40	1.35
tune	1.41	1.12
scared	1.41	2.01
t	1.41	1.68
engaging	1.42	1.26
straw	1.42	2.23
whose	1.42	0.94
bringing	1.42	1.38
download	1.42	1.18
op	1.42	1.70
copy	1.42	1.30
discourse	1.43	1.34
replied	1.43	1.68
adding	1.43	1.31
heck	1.44	1.99
website	1.44	1.32
nbc	1.44	1.09
channels	1.44	1.11
checking	1.44	1.49
mad	1.44	2.15
previous	1.44	1.24
auto	1.45	1.36
boy	1.45	1.87
checked	1.45	1.52
n	1.45	1.73
blah	1.45	1.82
comedy	1.46	1.46
r	1.46	1.65
fuck	1.46	2.14
wait	1.46	2.16
afraid	1.47	2.11
hopes	1.47	1.19
rant	1.47	1.33
technique	1.48	1.26
wiki	1.48	1.40
lets	1.49	2.07
read	1.49	1.42
omg	1.49	2.03
proper	1.49	2.07
yesterday	1.50	1.36
his	1.51	1.06
im	1.51	2.13
page	1.52	1.45
books	1.52	1.13
sourced	1.52	1.40
james	1.52	0.95
subject	1.53	1.34
opening	1.53	1.27
google	1.53	1.33
players	1.53	0.89
original	1.53	1.46
saving	1.54	1.11
np	1.54	1.49
jim	1.55	0.90
friendly	1.55	0.72
websites	1.55	1.24
paragraph	1.56	1.36
useful	1.56	1.16
rob	1.56	1.27
dr	1.56	1.09
michael	1.56	0.96
listen	1.57	1.26
supposed	1.57	2.07
youre	1.57	2.13
played	1.57	0.95
job	1.57	1.35
neither	1.57	1.93
career	1.58	0.83
intelligent	1.58	1.32
length	1.58	1.00
success	1.58	1.72
effective	1.58	1.81
plays	1.59	0.92
hmm	1.59	2.25
miss	1.59	1.77
tag	1.59	1.55
linked	1.59	1.49
sentence	1.59	1.38
strawman	1.59	2.15
bed	1.60	0.97
william	1.60	1.20
videos	1.60	1.24
suck	1.60	1.91
tagged	1.60	1.77
successful	1.60	1.75
comment	1.61	1.56
wan	1.62	2.14
intellectual	1.62	1.09
changed	1.62	1.96
honest	1.62	1.42
broadcast	1.62	1.07
bbc	1.63	1.09
tom	1.63	1.07
tip	1.64	1.36
married	1.64	1.05
depth	1.64	1.37
slave	1.65	1.94
o	1.65	1.74
lord	1.65	0.86
playing	1.66	1.11
worthy	1.66	1.35
cooper	1.66	1.07
show	1.67	1.33
band	1.67	1.06
strategy	1.67	1.87
whats	1.68	2.15
na	1.68	2.19
theme	1.69	1.02
meant	1.69	1.99
catch	1.69	1.94
upload	1.69	1.27
offers	1.69	1.09
fallacy	1.70	2.14
entertainment	1.70	0.98
isnt	1.70	1.94
valid	1.70	1.81
play	1.71	1.00
wikipedia	1.72	1.37
please	1.72	1.74
ex	1.72	0.75
fb	1.72	1.29
yeah	1.72	2.18
thats	1.72	2.22
sports	1.73	0.89
hmmm	1.73	2.01
mistake	1.74	1.78
gon	1.75	2.19
cat	1.75	1.50
errors	1.75	1.73
brief	1.75	1.27
viewing	1.75	1.15
k	1.76	1.77
meaningful	1.76	1.28
comfortable	1.76	1.79
spell	1.77	1.87
idk	1.77	2.12
click	1.78	1.35
links	1.78	1.37
u	1.79	1.90
lucky	1.79	1.81
da	1.79	1.84
guys	1.79	2.16
game	1.80	0.96
thomas	1.80	0.87
revolutionary	1.81	1.13
television	1.81	1.05
cuz	1.81	2.17
forgive	1.82	1.22
clever	1.83	1.83
dialogue	1.84	1.21
detailed	1.84	1.33
vice	1.84	0.93
her	1.85	0.99
covers	1.85	1.23
neutral	1.85	1.25
discovered	1.85	1.70
researched	1.85	1.43
healthy	1.86	1.75
link	1.86	1.41
buddies	1.86	1.33
video	1.86	1.28
fuckin	1.87	2.16
incredible	1.89	1.69
busy	1.89	1.81
sister	1.89	1.03
tv	1.90	1.02
kidding	1.90	2.16
night	1.90	1.00
life	1.90	1.33
wish	1.91	1.89
wow	1.92	2.22
husband	1.92	0.97
hurts	1.92	1.20
shows	1.93	1.27
alive	1.93	1.76
missed	1.93	2.05
accurate	1.94	1.79
hear	1.94	1.63
info	1.95	1.38
art	1.96	0.92
mother	1.96	1.01
linking	1.96	1.38
brothers	1.96	0.84
yo	1.97	2.10
home	1.97	0.87
daughter	1.97	1.01
listened	1.97	1.00
username	1.97	1.46
hahaha	1.97	2.12
classic	1.98	1.99
hoping	1.98	1.79
loving	1.99	1.43
wife	1.99	1.01
girlfriend	2.00	0.99
prefer	2.00	1.50
football	2.00	0.87
mom	2.00	1.00
wtf	2.01	2.16
reputation	2.01	1.36
ruined	2.01	1.21
edited	2.01	1.25
ai	2.01	2.17
wisdom	2.02	1.32
em	2.02	2.13
son	2.02	0.82
ftfy	2.02	1.73
lmao	2.02	2.18
apologize	2.03	1.40
fascinating	2.03	1.67
father	2.03	0.99
yea	2.04	2.17
grammar	2.04	1.64
spelling	2.04	1.60
neighbor	2.04	0.76
brother	2.04	0.99
ought	2.05	1.51
meh	2.05	2.04
soul	2.06	1.26
response	2.06	1.54
creative	2.08	0.95
man	2.09	2.07
ta	2.09	2.18
um	2.10	2.10
holy	2.10	1.87
nope	2.11	2.14
lives	2.11	1.39
alright	2.11	2.10
laugh	2.12	1.40
anyways	2.12	1.78
book	2.12	1.04
duh	2.12	2.06
lost	2.14	1.28
dude	2.16	2.22
participation	2.17	1.28
chris	2.17	1.35
fictional	2.17	1.15
lol	2.17	2.21
rand	2.18	1.25
infinite	2.18	1.24
spirit	2.19	1.31
channel	2.19	1.01
sorry	2.20	1.62
hey	2.20	2.23
peace	2.20	1.42
uh	2.20	2.16
respect	2.20	1.34
lady	2.20	0.97
typing	2.21	1.20
ok	2.21	2.16
huh	2.22	2.24
sarcasm	2.22	1.91
ya	2.24	2.22
pdf	2.25	1.10
okay	2.25	2.15
buddy	2.25	2.09
happiness	2.26	1.24
tl	2.27	1.36
interviews	2.28	1.03
sleep	2.29	1.34
films	2.30	0.95
sincerely	2.30	1.52
film	2.30	0.94
friend	2.30	0.86
calm	2.31	1.72
short	2.31	1.46
quiet	2.31	1.52
oh	2.31	2.15
nah	2.32	2.20
decent	2.32	1.10
family	2.32	1.41
eh	2.34	2.19
brings	2.34	1.24
fan	2.34	1.05
living	2.35	1.29
bro	2.36	2.16
games	2.37	0.85
dad	2.39	1.30
glad	2.39	1.76
fixed	2.40	1.48
suggestion	2.40	1.47
season	2.40	0.78
mine	2.40	0.92
clip	2.41	1.02
yep	2.41	2.11
my	2.42	0.80
neighbors	2.42	1.26
sigh	2.42	1.99
good	2.42	1.69
uncle	2.42	1.16
fair	2.43	1.74
interview	2.43	0.94
cool	2.45	2.10
forgot	2.45	1.99
constructive	2.45	1.14
reply	2.47	1.37
wood	2.47	1.19
explains	2.48	1.03
friends	2.50	1.23
interesting	2.50	1.47
yup	2.50	1.98
edit	2.51	1.42
advice	2.51	1.25
corrected	2.51	1.35
bud	2.52	2.03
reminded	2.52	1.19
heh	2.53	1.70
weekend	2.53	0.89
ah	2.54	1.98
tho	2.56	1.94
dreams	2.56	0.92
youtube	2.57	1.01
ha	2.57	2.07
clarification	2.58	1.34
agreed	2.61	1.52
hi	2.62	1.40
input	2.62	1.26
summary	2.62	1.05
beautiful	2.64	1.16
haha	2.65	2.00
worries	2.65	1.73
watching	2.66	0.87
relevant	2.66	1.24
caps	2.66	1.38
rebuttal	2.68	1.47
watch	2.69	0.92
saved	2.69	1.00
watched	2.72	0.93
fyi	2.72	0.94
yours	2.72	1.28
mate	2.73	1.82
welcome	2.73	1.76
productive	2.73	1.15
mr	2.73	1.19
apologies	2.75	1.25
helpful	2.77	1.09
genius	2.78	1.22
entertaining	2.79	1.08
recommend	2.81	0.91
favorite	2.81	0.72
fellow	2.82	0.93
btw	2.84	1.74
luck	2.85	1.85
insight	2.85	1.03
ama	2.86	1.09
sir	2.88	1.76
appreciated	2.90	1.17
dear	2.91	0.91
sweet	2.91	1.52
movie	2.94	0.98
reminds	2.96	0.86
podcast	2.99	0.93
song	3.02	0.94
finished	3.03	0.93
christmas	3.04	1.36
cheers	3.05	1.39
feedback	3.05	0.74
fun	3.12	1.26
episode	3.12	0.86
thanks	3.13	1.42
presentation	3.16	0.80
rip	3.19	0.82
liked	3.21	0.52
check	3.22	0.97
thank	3.23	1.25
appreciate	3.25	1.00
brilliant	3.25	0.84
documentaries	3.27	0.85
dream	3.27	0.80
informative	3.27	0.99
series	3.28	0.74
vid	3.29	0.89
tonight	3.30	0.68
sharing	3.33	0.97
enjoyed	3.41	0.85
enjoy	3.52	0.77
documentary	3.56	0.65
doc	3.62	0.65
wonderful	3.62	0.47
great	3.69	0.46
excellent	3.74	0.52
