genocide	-4.32	1.94
ruin	-4.30	1.48
gays	-4.14	2.71
crappy	-4.01	1.87
weed	-3.69	2.53
burden	-3.67	2.34
enemies	-3.65	2.44
belong	-3.65	2.62
islamic	-3.62	2.73
smoking	-3.58	2.66
disgusting	-3.57	1.41
leads	-3.35	2.34
ridiculous	-3.23	1.74
isis	-3.23	2.79
iran	-3.22	2.82
place	-3.19	2.99
committed	-3.15	2.82
muslims	-3.15	2.73
attacking	-3.13	2.07
everyone	-3.11	3.10
door	-3.11	2.84
globe	-3.10	2.60
dangerous	-3.06	1.96
against	-3.06	2.70
somebody	-3.04	3.02
disaster	-2.95	2.49
commit	-2.95	2.91
impression	-2.95	2.41
reagan	-2.94	2.76
capitalism	-2.93	2.59
crimes	-2.92	3.12
countless	-2.92	2.49
references	-2.91	2.86
crime	-2.90	3.12
soda	-2.87	2.92
racist	-2.87	1.98
blacks	-2.86	3.04
violent	-2.85	3.11
screw	-2.81	2.32
guilty	-2.80	3.04
committing	-2.79	2.32
prostitution	-2.77	3.08
minority	-2.77	3.14
asians	-2.77	3.07
produces	-2.75	2.60
evil	-2.75	1.80
complaining	-2.73	2.36
3rd	-2.73	3.14
non	-2.73	2.92
americans	-2.71	3.11
mentions	-2.71	2.78
group	-2.67	2.96
drug	-2.66	1.56
white	-2.66	3.18
dies	-2.64	2.74
drugs	-2.63	1.34
longest	-2.63	2.67
arrested	-2.61	2.01
accused	-2.61	2.21
shitty	-2.61	2.02
inefficient	-2.60	2.09
ruined	-2.60	1.92
humanity	-2.59	2.53
rape	-2.59	2.56
muslim	-2.59	1.83
reputation	-2.59	2.73
uses	-2.58	3.00
majority	-2.58	3.08
cream	-2.55	3.02
ranks	-2.54	2.99
indonesia	-2.53	1.75
hatred	-2.53	2.25
nuts	-2.53	2.13
iraq	-2.51	1.90
marijuana	-2.50	1.28
turkey	-2.50	1.94
stupid	-2.49	2.34
alabama	-2.48	3.30
works	-2.48	2.96
affairs	-2.46	2.60
positive	-2.44	2.10
convicted	-2.43	2.55
philippines	-2.43	1.21
indians	-2.43	2.03
dislike	-2.43	2.27
sentiment	-2.42	1.99
afghanistan	-2.42	1.80
whites	-2.41	2.55
dedicated	-2.40	2.28
violence	-2.40	2.42
insist	-2.40	2.41
realise	-2.39	3.04
biggest	-2.38	2.97
calling	-2.37	2.37
skip	-2.37	2.42
anti	-2.36	2.92
murder	-2.35	2.51
dirty	-2.34	2.41
charged	-2.34	2.47
meth	-2.34	1.29
hispanics	-2.33	2.62
largest	-2.32	3.07
criminal	-2.30	2.35
cry	-2.29	2.65
murders	-2.28	2.50
india	-2.27	1.60
errors	-2.26	2.66
pot	-2.25	1.57
black	-2.24	2.63
heroin	-2.24	1.32
illegal	-2.24	1.50
complain	-2.23	2.12
victims	-2.22	2.42
scenario	-2.21	2.71
mistakes	-2.21	2.64
pakistan	-2.21	1.84
cocaine	-2.20	1.50
tobacco	-2.20	1.55
assault	-2.20	2.25
innocent	-2.16	2.30
acts	-2.16	2.11
prison	-2.15	2.39
racism	-2.15	2.36
welsh	-2.14	2.97
criminals	-2.14	2.31
homicide	-2.14	2.44
objectively	-2.13	2.50
ugly	-2.13	2.20
reported	-2.12	2.53
killing	-2.12	1.79
regime	-2.11	1.69
arabia	-2.09	1.97
egypt	-2.07	1.94
legal	-2.05	1.55
arabs	-2.04	1.92
racial	-2.04	2.46
saudi	-2.03	1.97
smoke	-2.00	1.73
minorities	-2.00	2.42
pathetic	-2.00	2.46
asian	-1.99	2.34
mexicans	-1.99	2.22
laugh	-1.99	2.68
syria	-1.98	1.96
african	-1.97	2.22
penalty	-1.97	2.40
abortion	-1.97	1.92
star	-1.96	3.00
gang	-1.96	2.18
naive	-1.95	2.63
worse	-1.95	2.74
guns	-1.95	1.97
jews	-1.95	1.90
choices	-1.94	2.41
homicides	-1.94	2.21
incidents	-1.91	2.26
islam	-1.91	1.70
hispanic	-1.90	2.57
race	-1.89	2.38
groups	-1.89	2.34
fighting	-1.88	1.47
poor	-1.87	1.30
morally	-1.86	3.39
firearms	-1.86	2.09
boring	-1.86	2.06
immoral	-1.85	3.45
victim	-1.85	2.21
cigarettes	-1.85	1.62
punishment	-1.84	2.23
charges	-1.84	2.11
gun	-1.84	2.24
enemy	-1.84	1.40
conflict	-1.83	1.22
incarceration	-1.82	2.28
effects	-1.82	1.45
convinced	-1.81	2.93
china	-1.81	1.43
preferred	-1.80	2.22
disproportionately	-1.80	2.21
discrimination	-1.79	2.17
marriage	-1.79	1.87
relations	-1.79	1.71
alcohol	-1.79	1.65
indian	-1.78	2.01
arab	-1.78	1.73
crack	-1.77	1.40
someone	-1.76	2.94
police	-1.75	2.11
cares	-1.74	3.04
else	-1.73	3.03
al	-1.73	1.75
races	-1.73	2.42
executed	-1.72	2.00
terrorism	-1.72	1.59
slavery	-1.72	2.04
anyone	-1.72	3.02
israel	-1.70	1.67
speaks	-1.69	3.20
jewish	-1.69	1.80
immigrants	-1.67	1.84
nobody	-1.67	2.71
re	-1.67	4.22
dudes	-1.67	2.36
korea	-1.66	1.37
wants	-1.66	3.33
privilege	-1.66	2.50
hamas	-1.66	1.58
amazed	-1.65	3.05
knows	-1.65	3.34
trial	-1.65	2.20
everything	-1.65	3.31
nazis	-1.64	1.47
shootings	-1.64	2.07
cases	-1.63	2.17
inherently	-1.63	1.52
behavior	-1.63	1.77
ethnicity	-1.62	2.11
face	-1.62	2.11
wars	-1.62	1.16
ownership	-1.62	1.90
rates	-1.61	1.88
native	-1.61	2.04
2nd	-1.61	2.49
makes	-1.60	3.33
singapore	-1.59	1.40
rights	-1.59	1.90
raped	-1.58	1.82
affirmative	-1.57	2.18
russia	-1.57	1.46
conflicts	-1.57	1.44
action	-1.57	1.93
country	-1.57	1.88
secular	-1.57	1.90
suicide	-1.57	1.99
harmful	-1.57	1.25
everybody	-1.56	3.10
religious	-1.56	2.11
gay	-1.56	1.72
homosexual	-1.56	1.96
camps	-1.56	1.55
dumb	-1.56	2.59
regulation	-1.56	1.23
fought	-1.55	1.57
confusing	-1.55	3.09
aim	-1.55	2.05
vietnam	-1.55	1.37
60s	-1.55	1.29
christian	-1.54	1.96
ignores	-1.54	3.17
invade	-1.54	1.62
tries	-1.54	3.23
retarded	-1.53	2.89
christians	-1.51	1.97
sexual	-1.50	2.02
fantasy	-1.50	2.39
germans	-1.50	1.64
abortions	-1.49	1.68
join	-1.49	1.40
israelis	-1.49	1.61
jail	-1.49	1.96
atheists	-1.49	2.17
warfare	-1.48	1.20
friends	-1.47	1.76
nationalism	-1.46	1.43
anybody	-1.46	2.71
thinks	-1.45	3.14
attacks	-1.45	1.24
he	-1.45	2.88
terrorist	-1.45	1.45
stalin	-1.45	1.39
pointless	-1.45	1.74
person	-1.45	2.37
drives	-1.44	2.99
sexist	-1.44	1.66
murdered	-1.44	1.95
accepting	-1.44	1.79
truly	-1.44	2.31
likes	-1.43	3.11
japanese	-1.43	1.71
european	-1.41	1.76
enforcement	-1.41	1.49
sees	-1.40	3.30
contributions	-1.40	1.36
teenagers	-1.40	1.54
1995	-1.39	1.67
chinese	-1.39	1.77
uneducated	-1.39	1.68
army	-1.39	1.29
quit	-1.39	1.54
towards	-1.39	1.63
third	-1.39	3.86
trolling	-1.38	3.67
biased	-1.38	3.37
succeed	-1.38	2.13
benefit	-1.38	1.49
abuse	-1.38	1.59
fight	-1.37	1.77
lying	-1.37	3.75
mostly	-1.36	2.26
korean	-1.35	1.40
downvoted	-1.35	3.58
attitude	-1.35	1.42
laws	-1.34	1.69
4th	-1.34	2.57
america	-1.34	1.61
religion	-1.34	2.17
literally	-1.33	2.65
sentences	-1.33	2.13
jew	-1.33	1.76
religions	-1.33	1.96
rate	-1.33	1.78
putin	-1.33	1.95
war	-1.33	1.37
stop	-1.33	2.84
origin	-1.33	1.62
prevalence	-1.32	1.44
cops	-1.32	1.94
brazil	-1.32	1.36
decides	-1.32	1.93
societies	-1.32	1.45
americas	-1.31	1.61
members	-1.30	1.54
second	-1.30	3.81
mistaken	-1.30	4.11
ethnic	-1.30	1.91
overwhelming	-1.30	1.86
peace	-1.29	1.10
favor	-1.29	1.74
assholes	-1.29	1.52
constantly	-1.29	1.80
miserable	-1.28	2.59
obama	-1.28	1.44
implying	-1.28	3.87
argentina	-1.28	1.40
proving	-1.28	1.58
suck	-1.27	2.09
loud	-1.27	1.60
nothing	-1.27	3.62
socioeconomic	-1.27	2.01
palestinians	-1.27	1.53
ancestry	-1.27	1.84
invaded	-1.27	1.47
canadians	-1.26	1.91
1st	-1.26	2.54
who	-1.26	2.48
lifestyle	-1.26	1.34
teens	-1.26	1.55
nordic	-1.26	1.48
prisoners	-1.25	1.93
said	-1.25	4.37
stereotypes	-1.25	1.76
suicides	-1.25	1.89
christianity	-1.25	1.96
mexican	-1.25	1.70
phase	-1.25	2.95
themselves	-1.25	2.53
irish	-1.24	1.82
frustrating	-1.24	2.42
keep	-1.24	2.21
something	-1.24	4.79
highest	-1.24	2.29
japan	-1.24	1.39
stance	-1.24	1.81
hitler	-1.23	1.51
excuse	-1.23	1.56
admit	-1.23	3.79
command	-1.23	1.17
intervention	-1.23	1.39
ban	-1.23	1.82
attacked	-1.22	1.29
u.s	-1.22	1.46
negatively	-1.22	1.50
prisons	-1.22	1.69
armies	-1.21	1.34
leading	-1.21	1.32
offended	-1.21	3.57
mortality	-1.21	1.66
fourth	-1.21	2.50
asia	-1.20	1.38
greatest	-1.20	3.61
french	-1.20	1.78
view	-1.20	2.24
identify	-1.19	2.23
opposed	-1.19	1.84
morality	-1.19	2.08
gets	-1.19	2.24
nonsense	-1.19	1.82
eu	-1.19	1.65
immigration	-1.19	1.57
demographic	-1.18	1.91
design	-1.18	2.52
targeted	-1.18	1.88
gaza	-1.18	1.45
soviets	-1.18	1.48
repeat	-1.18	1.35
reduces	-1.18	1.75
vietnamese	-1.18	1.83
poland	-1.18	1.41
israeli	-1.17	1.52
likelihood	-1.17	1.53
homosexuality	-1.17	2.47
vast	-1.17	1.74
selfish	-1.17	1.56
judge	-1.17	2.15
catholics	-1.17	2.01
unless	-1.17	4.86
50s	-1.16	1.34
pissed	-1.16	2.33
societal	-1.16	1.78
1945	-1.15	1.53
upper	-1.15	1.79
openly	-1.15	1.74
usa	-1.15	1.48
percent	-1.15	1.92
carrying	-1.15	1.37
needs	-1.15	2.53
act	-1.15	1.70
wwi	-1.14	1.46
banned	-1.14	1.58
hating	-1.14	2.07
europeans	-1.14	1.95
wwii	-1.14	1.54
palestine	-1.14	1.53
allies	-1.14	1.48
idiots	-1.14	1.82
american	-1.13	1.80
bush	-1.13	1.46
going	-1.13	4.88
almost	-1.13	2.97
amendment	-1.13	1.59
greece	-1.13	1.39
rude	-1.13	1.85
mentality	-1.13	1.55
except	-1.12	2.71
united	-1.12	1.41
advantage	-1.12	1.52
individuals	-1.12	1.96
president	-1.12	1.42
switzerland	-1.12	1.45
nation	-1.12	1.91
russians	-1.12	1.54
communism	-1.12	1.45
legislation	-1.12	1.58
considering	-1.12	2.81
catholic	-1.11	1.97
saying	-1.11	4.97
ukraine	-1.11	1.43
proven	-1.11	2.46
palestinian	-1.11	1.58
dark	-1.11	2.14
office	-1.11	1.26
heritage	-1.11	1.80
battle	-1.11	1.54
ussr	-1.11	1.45
hair	-1.10	2.08
toll	-1.10	1.46
russian	-1.10	1.51
economies	-1.10	1.42
outdated	-1.10	2.01
skin	-1.09	2.17
lowest	-1.09	1.91
functional	-1.09	1.42
row	-1.09	1.65
steal	-1.09	1.82
false	-1.08	2.48
attempted	-1.08	1.97
allied	-1.08	1.44
98	-1.08	1.56
ignorant	-1.08	1.90
atheist	-1.08	2.19
pack	-1.08	1.60
light	-1.08	2.18
flag	-1.08	1.52
world	-1.07	2.28
either	-1.07	4.97
diabetes	-1.07	1.58
civilian	-1.07	1.50
generation	-1.07	1.74
pretending	-1.07	3.18
nations	-1.07	1.53
gop	-1.07	1.46
civilians	-1.07	1.64
administration	-1.06	1.56
yellow	-1.06	2.20
purple	-1.06	2.19
richest	-1.06	1.73
being	-1.06	3.75
orange	-1.06	2.16
down	-1.06	2.70
practice	-1.06	1.30
divorce	-1.06	1.80
blue	-1.06	2.20
europe	-1.06	1.51
finland	-1.05	1.41
july	-1.05	1.85
call	-1.05	2.20
germany	-1.05	1.43
soviet	-1.05	1.44
doing	-1.05	4.83
cancer	-1.05	1.50
others	-1.05	3.14
soldiers	-1.05	1.47
loses	-1.04	1.35
one	-1.04	3.62
unfortunate	-1.04	2.82
terrorists	-1.04	1.70
coke	-1.04	1.73
civil	-1.04	1.50
officers	-1.04	1.69
death	-1.04	1.68
brown	-1.04	2.14
norway	-1.04	1.42
escape	-1.04	1.58
asshole	-1.04	2.00
sweden	-1.04	1.45
pink	-1.03	2.18
occupied	-1.03	1.49
battles	-1.03	1.49
traditional	-1.03	1.53
owns	-1.02	2.07
immigrant	-1.02	1.51
attitudes	-1.02	1.65
feel	-1.02	2.98
red	-1.02	2.19
denmark	-1.02	1.45
ideology	-1.02	1.73
fact	-1.02	4.98
territory	-1.01	1.39
iceland	-1.01	1.44
organization	-1.01	1.59
paul	-1.01	1.26
imho	-1.01	1.61
front	-1.01	1.41
defeat	-1.01	1.41
presidential	-1.01	1.42
exactly	-1.00	4.96
mad	-1.00	3.58
believe	-1.00	3.41
finds	-1.00	2.17
cop	-1.00	1.40
james	-1.00	3.12
scholarships	-1.00	1.79
france	-1.00	1.42
berlin	-1.00	1.66
relationships	-1.00	1.60
fraud	-1.00	1.69
everyday	-1.00	1.58
monitor	-1.00	1.28
faith	-0.99	2.10
bottle	-0.99	1.73
enforced	-0.99	1.74
flaws	-0.99	1.86
protection	-0.99	1.70
canada	-0.99	1.46
talks	-0.99	2.17
opposition	-0.99	1.57
filled	-0.99	1.30
sin	-0.99	1.92
ww2	-0.99	1.57
judges	-0.98	1.77
sexism	-0.98	2.05
troops	-0.98	1.52
german	-0.98	1.58
goes	-0.98	2.55
agnostic	-0.98	2.20
dozens	-0.98	1.44
causes	-0.98	1.59
spain	-0.98	1.40
british	-0.98	1.53
jokes	-0.97	1.42
swedish	-0.97	1.51
belgium	-0.97	1.40
africa	-0.97	1.33
believes	-0.97	2.19
system	-0.97	1.51
actions	-0.97	1.75
90s	-0.97	1.50
2003	-0.97	1.79
choice	-0.97	2.46
communities	-0.97	1.84
identity	-0.97	1.72
feelings	-0.96	1.50
netherlands	-0.96	1.41
policy	-0.96	1.55
countries	-0.96	1.58
simply	-0.96	3.85
community	-0.96	1.88
scandinavia	-0.96	1.63
green	-0.96	2.17
spanish	-0.96	1.62
protected	-0.96	1.82
attack	-0.96	1.43
creates	-0.96	1.33
obesity	-0.96	1.48
slave	-0.96	1.52
isnt	-0.96	1.60
significantly	-0.96	1.98
regulated	-0.95	1.67
rockets	-0.95	1.56
radical	-0.95	1.37
navy	-0.95	1.24
side	-0.95	2.26
ranked	-0.95	3.62
willing	-0.95	3.08
outright	-0.95	2.21
austria	-0.94	1.45
hypothetical	-0.94	2.03
invasion	-0.94	1.40
funding	-0.94	1.51
signed	-0.93	1.51
happening	-0.93	2.71
markets	-0.93	1.32
eastern	-0.93	1.46
australia	-0.93	1.38
speakers	-0.93	1.62
availability	-0.93	1.65
spelling	-0.93	2.86
fill	-0.93	1.44
fucked	-0.93	2.13
suffering	-0.92	1.62
boat	-0.92	1.35
gulf	-0.92	1.38
expensive	-0.92	1.34
eating	-0.92	1.62
advantages	-0.92	2.12
among	-0.92	1.80
presidents	-0.92	1.38
presence	-0.92	1.27
risks	-0.91	1.52
moral	-0.91	2.61
anytime	-0.91	2.09
poverty	-0.91	1.94
funds	-0.91	1.62
holocaust	-0.91	1.63
zealand	-0.91	1.37
england	-0.91	1.56
acting	-0.91	2.22
grey	-0.90	2.16
stage	-0.90	1.40
communist	-0.90	1.57
admitted	-0.90	1.70
nationality	-0.90	1.73
supreme	-0.90	1.80
absolutely	-0.90	2.54
anything	-0.89	3.94
harm	-0.89	1.86
main	-0.89	1.85
speak	-0.89	1.65
starts	-0.89	2.00
forces	-0.89	1.41
driven	-0.89	1.78
italian	-0.89	1.61
me	-0.88	3.65
completely	-0.88	2.33
asks	-0.88	2.41
cheapest	-0.88	3.54
belongs	-0.88	1.48
favorable	-0.88	1.81
grade	-0.88	1.68
law	-0.88	1.61
injuries	-0.88	1.67
constitutional	-0.88	1.63
preventing	-0.88	1.64
ourselves	-0.88	2.59
driving	-0.88	1.32
court	-0.87	1.82
lazy	-0.87	1.80
them	-0.87	3.89
democracy	-0.87	1.48
worthless	-0.86	1.74
and/or	-0.86	1.44
cheese	-0.86	1.10
us	-0.86	2.41
sell	-0.86	1.51
himself	-0.86	1.91
god	-0.86	2.42
core	-0.86	1.52
calls	-0.86	1.39
developed	-0.86	1.52
clinton	-0.86	1.43
when	-0.85	3.79
fired	-0.85	1.66
denying	-0.85	2.44
anywhere	-0.85	2.94
victory	-0.85	1.52
jerk	-0.85	1.91
gap	-0.85	1.95
downvoting	-0.85	2.23
out	-0.85	3.26
nazi	-0.85	1.59
casualties	-0.85	1.53
trade	-0.85	1.37
rocket	-0.85	1.48
achieved	-0.85	2.25
fundamentally	-0.85	1.75
sex	-0.84	1.88
drinking	-0.84	1.79
worlds	-0.84	2.14
exercise	-0.84	1.50
gods	-0.84	2.42
supposedly	-0.84	1.64
thing	-0.84	3.74
annoying	-0.84	2.43
ruling	-0.84	1.50
cuts	-0.84	1.51
socialist	-0.84	1.62
selling	-0.84	1.47
entitled	-0.83	1.71
smallest	-0.83	1.73
ever	-0.83	3.46
language	-0.83	1.65
tied	-0.83	1.34
idiot	-0.83	2.04
atheism	-0.83	2.38
wear	-0.83	1.86
right	-0.83	4.82
east	-0.83	1.31
middle	-0.83	1.44
italy	-0.83	1.39
citizens	-0.83	1.44
start	-0.82	3.03
dramatically	-0.82	1.79
treated	-0.82	1.49
justice	-0.82	1.77
liking	-0.82	2.81
bullshit	-0.82	1.79
choose	-0.82	2.66
myself	-0.82	3.53
colour	-0.82	2.09
armed	-0.82	1.52
constitution	-0.81	1.65
ruled	-0.81	1.64
cultures	-0.81	1.62
factor	-0.81	2.56
nato	-0.81	1.59
thinking	-0.81	4.52
physically	-0.81	1.43
major	-0.81	1.73
situations	-0.81	1.69
revolution	-0.81	1.49
performed	-0.81	1.70
bother	-0.81	3.48
protect	-0.81	1.79
cultural	-0.81	1.76
allow	-0.81	2.43
languages	-0.81	1.64
substantially	-0.81	1.73
protecting	-0.81	1.70
react	-0.81	2.19
stealing	-0.80	1.85
congress	-0.80	1.61
diet	-0.80	1.48
candidate	-0.80	1.45
voting	-0.80	1.69
firing	-0.80	1.57
recognize	-0.80	2.28
believing	-0.79	2.57
then	-0.79	4.23
island	-0.79	1.53
supported	-0.79	2.52
weapons	-0.79	1.55
decided	-0.79	2.97
eyes	-0.79	1.76
lost	-0.79	1.69
yourself	-0.79	3.28
perception	-0.79	1.28
population	-0.79	1.60
far	-0.78	3.25
lesser	-0.78	1.51
30s	-0.78	1.54
result	-0.78	2.11
road	-0.78	1.30
independence	-0.78	1.64
amount	-0.77	2.01
deadly	-0.77	1.40
away	-0.77	2.28
dutch	-0.77	1.59
targets	-0.77	1.72
generations	-0.77	1.74
patterns	-0.77	2.47
mexico	-0.77	1.21
restrictions	-0.77	1.57
organizations	-0.77	1.79
departments	-0.77	1.54
now	-0.77	4.89
whether	-0.77	3.55
med	-0.77	1.56
rhetoric	-0.77	2.09
believed	-0.77	1.84
britain	-0.77	1.43
chunk	-0.77	1.81
she	-0.77	2.17
run	-0.77	1.99
uk	-0.76	1.44
means	-0.76	4.25
seemingly	-0.76	1.47
happens	-0.76	2.37
virtually	-0.76	1.97
clue	-0.76	3.18
fucks	-0.76	1.55
70s	-0.76	1.65
domestic	-0.76	1.48
moderate	-0.76	1.43
sides	-0.76	2.01
desire	-0.76	2.21
shifts	-0.76	1.79
century	-0.76	1.89
daily	-0.75	1.55
2005	-0.75	1.92
selective	-0.75	1.67
foreign	-0.75	1.32
passed	-0.75	1.58
consent	-0.75	2.12
remaining	-0.75	1.41
happen	-0.75	4.01
back	-0.75	3.17
birthday	-0.75	1.71
pregnancy	-0.75	1.90
involvement	-0.75	1.51
huge	-0.75	1.86
migration	-0.75	1.42
culture	-0.75	1.54
soft	-0.75	1.67
because	-0.74	4.46
strong	-0.74	1.54
much	-0.74	3.42
need	-0.74	4.06
impact	-0.74	1.66
moreover	-0.74	1.38
disparity	-0.74	1.97
scottish	-0.74	1.60
adults	-0.74	2.13
corner	-0.74	2.04
polish	-0.73	1.61
authority	-0.73	1.50
deaths	-0.73	1.68
we	-0.73	4.37
mid	-0.73	1.85
case	-0.73	4.16
practices	-0.73	1.86
worked	-0.73	2.45
already	-0.73	3.98
combat	-0.73	1.54
leaves	-0.73	1.38
him	-0.73	2.27
deer	-0.72	1.33
garbage	-0.72	1.52
slight	-0.72	1.43
will	-0.72	3.83
levels	-0.72	1.69
mining	-0.72	1.37
avoid	-0.72	1.79
evolution	-0.72	2.49
producing	-0.72	1.67
existence	-0.72	2.61
mean	-0.72	4.37
effect	-0.72	2.11
parliament	-0.72	1.60
example	-0.72	3.59
did	-0.72	4.10
maybe	-0.72	4.42
basis	-0.72	1.97
sugar	-0.72	1.69
tendency	-0.72	1.74
toward	-0.71	1.87
early	-0.71	1.93
use	-0.71	2.03
primarily	-0.71	1.61
alive	-0.71	2.14
accomplish	-0.71	3.31
belief	-0.71	2.52
leaders	-0.71	1.58
due	-0.71	2.21
october	-0.71	1.91
hunting	-0.71	1.63
english	-0.71	1.70
orders	-0.71	1.58
want	-0.71	3.99
hurts	-0.71	1.67
since	-0.71	3.11
where	-0.71	3.83
know	-0.71	4.28
peaceful	-0.70	1.49
support	-0.70	2.38
force	-0.70	1.73
exceptions	-0.70	1.77
department	-0.70	1.59
union	-0.70	1.47
late	-0.70	1.97
make	-0.70	3.60
ireland	-0.70	1.44
military	-0.70	1.58
remembered	-0.70	2.60
citizenship	-0.70	1.61
males	-0.70	1.77
ideals	-0.70	1.65
heart	-0.70	1.52
instantly	-0.70	1.54
separately	-0.70	1.68
says	-0.70	2.26
should	-0.70	4.23
circlejerk	-0.70	1.72
denied	-0.70	2.03
up	-0.70	3.19
charge	-0.70	1.55
accident	-0.70	1.73
shut	-0.69	1.63
scotland	-0.69	1.84
percentage	-0.69	1.94
offensive	-0.69	1.46
alaska	-0.69	1.72
implemented	-0.69	1.69
tolerance	-0.69	1.56
mindset	-0.69	1.58
proportion	-0.69	1.90
agenda	-0.69	1.91
ironic	-0.69	2.78
deserves	-0.69	1.94
switch	-0.69	1.63
january	-0.69	1.80
massachusetts	-0.69	1.66
contribute	-0.69	1.62
actually	-0.69	4.43
kills	-0.69	1.45
again	-0.69	4.12
inequality	-0.68	1.76
species	-0.68	1.50
ancestors	-0.68	1.45
wales	-0.68	1.65
1900	-0.68	1.75
quarter	-0.68	2.02
number	-0.68	1.81
loaded	-0.68	1.85
executive	-0.68	1.59
outcomes	-0.68	1.56
gender	-0.68	1.81
getting	-0.68	3.64
prevent	-0.68	1.77
big	-0.67	1.83
cutting	-0.67	2.00
long	-0.67	2.89
lunches	-0.67	1.38
courts	-0.67	1.73
takes	-0.67	2.19
kicked	-0.67	2.01
destroyed	-0.67	1.33
even	-0.67	4.31
reporting	-0.67	1.87
western	-0.67	1.49
wanted	-0.67	3.14
babies	-0.67	1.59
only	-0.67	4.27
et	-0.67	1.60
top	-0.66	2.17
basically	-0.66	3.57
bunch	-0.66	1.76
inaccurate	-0.66	1.96
behind	-0.66	1.82
maintenance	-0.66	1.37
could	-0.66	4.12
1950	-0.66	2.07
likely	-0.66	2.43
sense	-0.66	3.91
frankly	-0.66	1.96
virginia	-0.66	1.83
necessarily	-0.66	3.85
spreading	-0.66	1.73
trouble	-0.66	2.32
live	-0.65	1.77
learn	-0.65	2.88
orientation	-0.65	1.95
policies	-0.65	1.71
shorter	-0.65	1.75
ugh	-0.65	1.55
how	-0.65	4.25
think	-0.65	4.40
larger	-0.65	1.73
does	-0.65	3.90
same	-0.65	4.35
elderly	-0.65	1.60
inherent	-0.65	1.70
june	-0.64	1.98
infant	-0.64	1.60
sure	-0.64	4.74
involves	-0.64	1.42
whenever	-0.64	1.90
candidates	-0.64	1.62
partly	-0.64	1.74
confuse	-0.64	2.51
pacific	-0.64	1.32
london	-0.64	1.48
unhealthy	-0.64	1.30
left	-0.64	2.45
continent	-0.64	1.46
seem	-0.64	3.88
shades	-0.64	2.00
why	-0.64	4.35
combined	-0.64	1.54
retire	-0.64	2.03
treatment	-0.64	1.55
blind	-0.64	1.86
extent	-0.64	1.76
manager	-0.63	1.64
d	-0.63	4.19
viewed	-0.63	1.44
attempts	-0.63	1.56
pays	-0.63	1.84
tiny	-0.63	1.70
march	-0.63	1.98
florida	-0.63	1.66
barely	-0.63	2.09
ones	-0.63	2.68
than	-0.63	1.96
gray	-0.63	1.97
replying	-0.63	4.40
might	-0.63	4.15
doesnt	-0.63	2.39
diseases	-0.63	1.54
rather	-0.63	3.16
may	-0.63	4.14
claiming	-0.63	3.14
greenland	-0.63	1.47
till	-0.63	1.99
1960	-0.62	2.20
anymore	-0.62	2.90
during	-0.62	1.88
20th	-0.62	1.93
were	-0.62	2.99
april	-0.62	1.90
fee	-0.62	1.62
suffer	-0.62	1.71
tradition	-0.62	1.60
exist	-0.62	3.61
carried	-0.62	1.42
factors	-0.62	2.07
problem	-0.62	3.63
ignorance	-0.62	1.89
ii	-0.62	1.23
south	-0.61	1.28
around	-0.61	2.77
plain	-0.61	1.71
probably	-0.61	4.28
member	-0.61	1.63
somewhere	-0.61	2.28
sole	-0.61	1.88
stress	-0.61	1.50
falling	-0.61	2.11
shoot	-0.61	1.65
freedom	-0.61	1.49
democrat	-0.61	1.61
horse	-0.61	1.60
exports	-0.61	1.54
lunch	-0.60	1.38
bloody	-0.60	1.48
disability	-0.60	1.75
quantity	-0.60	1.66
bright	-0.60	1.72
shoes	-0.60	1.48
chocolate	-0.60	1.30
trick	-0.60	1.76
poorest	-0.60	1.77
centre	-0.60	1.63
activity	-0.60	1.50
beliefs	-0.60	2.09
tipping	-0.60	1.67
sucks	-0.60	2.37
say	-0.60	4.27
running	-0.60	1.93
november	-0.60	1.78
care	-0.60	2.45
territories	-0.60	1.54
births	-0.60	1.78
ensure	-0.60	1.78
shooting	-0.60	1.52
theirs	-0.60	1.92
joking	-0.60	2.90
find	-0.60	3.43
justify	-0.59	2.42
minor	-0.59	1.56
tanks	-0.59	1.46
global	-0.59	1.76
genetic	-0.59	2.01
always	-0.59	4.19
december	-0.59	1.96
electric	-0.59	1.19
central	-0.59	1.31
fix	-0.59	2.05
negative	-0.59	1.48
utah	-0.59	1.62
go	-0.59	3.65
also	-0.59	4.33
disease	-0.59	1.58
2000	-0.59	2.10
republican	-0.59	1.61
backwards	-0.59	1.93
implement	-0.59	1.49
collecting	-0.59	1.56
enforce	-0.59	1.71
luckily	-0.59	1.42
ll	-0.58	3.74
hiv	-0.58	1.57
paying	-0.58	2.25
competing	-0.58	1.80
bombs	-0.58	1.62
suffered	-0.58	1.53
decrease	-0.58	1.73
parties	-0.58	1.82
margin	-0.58	1.49
coincidence	-0.58	3.04
dealing	-0.58	2.25
talk	-0.58	2.74
republicans	-0.58	1.66
get	-0.58	3.87
dying	-0.58	1.93
afford	-0.58	1.94
sake	-0.57	1.76
2006	-0.57	1.98
aggressive	-0.57	1.77
democratic	-0.57	1.62
economy	-0.57	1.55
offense	-0.57	2.00
mental	-0.57	1.61
subset	-0.57	1.90
threat	-0.57	1.51
defending	-0.57	2.26
teen	-0.57	1.62
9/11	-0.57	1.26
aids	-0.57	1.57
colorblind	-0.57	2.36
congressional	-0.57	1.56
politician	-0.57	1.80
variations	-0.56	1.50
cause	-0.56	1.71
empire	-0.56	1.48
touch	-0.56	1.77
working	-0.56	3.24
differences	-0.56	1.92
elections	-0.56	1.57
citizen	-0.56	1.65
longer	-0.56	1.87
color	-0.56	1.96
monetary	-0.56	1.49
time	-0.56	3.14
fees	-0.56	1.59
intentionally	-0.56	2.32
pain	-0.56	1.68
taking	-0.56	3.29
worry	-0.55	2.90
20s	-0.55	1.66
killed	-0.55	1.86
north	-0.55	1.28
factories	-0.55	1.52
slightly	-0.55	2.34
2004	-0.55	1.83
reason	-0.55	4.22
wont	-0.55	2.46
separated	-0.55	1.59
wing	-0.55	2.16
2001	-0.55	1.80
colleges	-0.55	1.68
lesson	-0.55	1.87
destroy	-0.55	1.78
1999	-0.55	1.92
pass	-0.55	1.77
massive	-0.55	1.57
trucks	-0.54	1.38
greek	-0.54	1.52
bill	-0.54	1.43
legally	-0.54	2.36
enough	-0.54	3.82
help	-0.54	3.83
less	-0.54	1.98
fertility	-0.54	1.63
try	-0.54	3.69
spoken	-0.54	1.62
kept	-0.54	2.04
lead	-0.53	1.61
ring	-0.53	1.43
republic	-0.53	1.42
vote	-0.53	1.91
sit	-0.53	1.57
sitting	-0.53	1.78
allowing	-0.53	2.03
equality	-0.53	1.71
least	-0.53	3.89
off	-0.53	3.10
forced	-0.53	2.85
arm	-0.53	1.72
august	-0.53	1.83
polls	-0.53	2.04
fallen	-0.52	1.71
populations	-0.52	1.61
convince	-0.52	2.98
push	-0.52	2.23
having	-0.52	2.94
joined	-0.52	1.62
dare	-0.52	2.14
chance	-0.52	2.20
work	-0.52	3.46
broken	-0.52	1.58
hopefully	-0.52	2.19
ticket	-0.52	1.46
democrats	-0.52	1.69
exists	-0.52	2.99
large	-0.52	1.59
spread	-0.52	1.55
becomes	-0.52	1.85
understand	-0.52	3.88
whoever	-0.52	1.95
variation	-0.52	1.66
jumping	-0.52	2.04
considerably	-0.51	2.10
advance	-0.51	1.52
potential	-0.51	1.43
never	-0.51	3.45
money	-0.51	2.46
ca	-0.51	3.80
however	-0.51	4.46
change	-0.51	2.95
remind	-0.51	3.19
roll	-0.51	1.53
folks	-0.51	1.92
cure	-0.51	1.61
instances	-0.51	1.83
served	-0.51	1.60
still	-0.51	4.37
attempt	-0.51	2.19
donate	-0.51	2.48
illness	-0.51	1.64
refused	-0.51	2.21
into	-0.50	2.71
cook	-0.50	1.43
malaria	-0.50	1.53
campaign	-0.50	1.55
infected	-0.50	1.59
epidemic	-0.50	1.53
chosen	-0.50	1.57
2014	-0.50	1.82
while	-0.50	3.36
seat	-0.50	1.58
sky	-0.50	1.37
happened	-0.50	2.93
stopped	-0.50	2.06
sooner	-0.50	2.02
partners	-0.50	1.80
beings	-0.50	1.88
2012	-0.50	1.86
list	-0.50	2.52
personally	-0.50	3.47
fixing	-0.50	1.66
continue	-0.50	2.88
portion	-0.50	1.76
order	-0.50	2.48
organized	-0.50	1.80
spends	-0.50	1.75
movement	-0.50	1.58
programs	-0.50	1.66
drive	-0.50	1.41
issue	-0.50	3.27
category	-0.49	1.90
reject	-0.49	2.61
successfully	-0.49	2.20
circumstances	-0.49	1.71
today	-0.49	3.80
unknown	-0.49	1.80
speech	-0.49	1.46
difference	-0.49	2.42
flu	-0.49	1.81
prevalent	-0.49	1.46
glass	-0.49	1.74
elected	-0.49	1.48
myth	-0.49	1.61
truck	-0.49	1.45
planet	-0.49	1.64
rip	-0.49	1.75
take	-0.49	3.61
divide	-0.49	1.33
milk	-0.49	1.43
affiliation	-0.49	1.76
unlike	-0.49	1.51
states	-0.49	1.35
tell	-0.49	3.78
mass	-0.49	1.54
1990	-0.49	2.03
flat	-0.48	1.53
grandparents	-0.48	1.58
losses	-0.48	1.54
boomers	-0.48	1.71
fire	-0.48	1.81
2010	-0.48	1.98
imagine	-0.48	4.03
bulk	-0.48	1.86
reads	-0.48	2.07
party	-0.48	1.75
officer	-0.48	1.61
birth	-0.48	1.68
ranking	-0.48	1.89
situation	-0.48	2.48
farther	-0.48	2.17
wealthy	-0.48	1.56
expect	-0.48	4.02
continued	-0.48	1.90
moving	-0.48	2.89
course	-0.48	4.48
permanent	-0.48	1.83
infection	-0.48	1.54
shop	-0.47	1.50
decisions	-0.47	1.83
publicly	-0.47	1.59
cover	-0.47	1.61
cheaper	-0.47	1.79
way	-0.47	4.06
representatives	-0.47	1.52
adult	-0.47	1.73
2008	-0.47	1.87
reform	-0.47	1.59
votes	-0.47	1.60
influence	-0.47	1.72
yet	-0.47	4.05
unable	-0.47	2.88
formal	-0.47	1.56
severe	-0.47	1.65
self	-0.47	1.86
voters	-0.47	1.60
motivation	-0.47	2.22
colours	-0.47	1.91
george	-0.47	1.41
reaching	-0.47	2.26
churches	-0.47	1.62
die	-0.47	2.13
90	-0.46	1.85
election	-0.46	1.60
acceptable	-0.46	2.58
class	-0.46	1.59
darker	-0.46	2.00
shot	-0.46	1.37
civilization	-0.46	1.70
ice	-0.46	1.61
resulting	-0.46	1.58
wo	-0.46	3.85
complaint	-0.46	2.43
stopping	-0.46	1.57
pork	-0.46	1.33
contribution	-0.46	1.67
2011	-0.46	1.97
prevents	-0.46	1.98
natural	-0.46	1.46
2009	-0.46	1.93
accept	-0.46	2.71
translate	-0.46	1.80
rest	-0.46	2.01
let	-0.46	3.49
vastly	-0.46	1.79
caused	-0.46	1.80
fatalities	-0.46	1.52
done	-0.45	3.77
2007	-0.45	1.98
branch	-0.45	1.63
figure	-0.45	3.68
brain	-0.45	1.48
peers	-0.45	1.78
stronger	-0.45	1.54
scary	-0.45	2.61
confused	-0.45	3.24
ebola	-0.45	1.60
spend	-0.45	2.41
minister	-0.45	1.58
mess	-0.45	1.72
shocked	-0.45	2.91
characteristics	-0.45	1.82
went	-0.45	2.87
absence	-0.45	2.75
tried	-0.45	3.03
external	-0.44	1.60
habits	-0.44	1.32
active	-0.44	1.54
survival	-0.44	1.59
arguing	-0.44	4.22
married	-0.44	1.80
portugal	-0.44	1.47
injury	-0.44	1.57
useless	-0.44	1.94
shift	-0.44	1.90
activities	-0.44	1.74
decision	-0.44	1.97
intake	-0.44	1.45
move	-0.44	3.15
occurs	-0.44	1.71
kids	-0.44	1.54
spots	-0.44	1.73
deny	-0.44	2.84
aid	-0.44	1.80
households	-0.44	1.70
ex	-0.43	1.65
before	-0.43	3.11
sleeping	-0.43	1.65
lower	-0.43	1.63
gallon	-0.43	1.45
decide	-0.43	2.72
clearly	-0.43	4.26
dinner	-0.43	1.71
fat	-0.43	1.48
fall	-0.43	2.35
over	-0.43	2.75
developing	-0.43	1.56
owners	-0.43	1.52
status	-0.43	1.72
biases	-0.43	1.65
mixed	-0.43	1.54
mind	-0.43	3.83
new	-0.43	1.29
patient	-0.43	1.68
ordered	-0.43	1.71
wisconsin	-0.43	1.73
drove	-0.43	2.06
september	-0.43	1.79
genders	-0.43	1.84
associated	-0.42	1.72
rely	-0.42	1.80
break	-0.42	2.31
records	-0.42	1.52
commenting	-0.42	2.25
ways	-0.42	2.50
brand	-0.42	1.43
regulations	-0.42	1.67
process	-0.42	1.63
asleep	-0.42	1.90
consider	-0.42	3.55
operations	-0.42	1.54
threads	-0.42	1.56
lose	-0.42	2.18
forth	-0.42	1.80
governor	-0.42	1.47
damage	-0.42	1.67
argue	-0.41	4.05
inferior	-0.41	1.47
by	-0.41	3.09
storage	-0.41	1.27
accidents	-0.41	1.77
psychological	-0.41	1.66
reserves	-0.41	1.54
letting	-0.41	2.47
fraction	-0.41	1.76
walking	-0.41	1.54
occurred	-0.41	2.07
date	-0.41	1.70
breast	-0.41	1.52
quality	-0.41	1.27
doubt	-0.41	3.95
parts	-0.41	1.72
bible	-0.41	1.73
human	-0.41	1.63
partially	-0.41	2.39
eli5	-0.41	1.66
reality	-0.41	2.50
schools	-0.41	1.67
leader	-0.41	1.67
downvotes	-0.41	2.23
relationship	-0.41	2.02
handle	-0.40	1.83
eliminate	-0.40	2.03
queen	-0.40	1.56
deserve	-0.40	2.05
drivers	-0.40	1.47
1980	-0.40	2.09
increased	-0.40	1.71
federal	-0.40	1.62
cheap	-0.40	1.26
bias	-0.40	2.04
sold	-0.40	1.35
libertarian	-0.40	1.77
proud	-0.40	3.22
cut	-0.40	2.43
question	-0.40	3.48
naturally	-0.40	1.63
dropping	-0.40	1.90
prove	-0.40	3.41
bs	-0.39	1.64
pregnant	-0.39	1.98
purchase	-0.39	1.50
agency	-0.39	1.56
recognized	-0.39	2.00
99	-0.39	1.84
drunk	-0.39	1.41
impacts	-0.39	1.84
consequences	-0.39	1.85
crap	-0.39	1.82
gone	-0.39	2.55
angle	-0.39	1.71
delaware	-0.39	1.42
affect	-0.39	1.88
beating	-0.39	1.48
obviously	-0.39	4.17
hospitals	-0.39	1.78
politics	-0.39	1.95
mode	-0.39	1.49
amp	-0.39	1.77
reasons	-0.39	2.81
expense	-0.39	1.53
bombing	-0.39	1.72
district	-0.39	1.64
vermont	-0.39	1.49
little	-0.39	3.27
strike	-0.38	1.61
outbreak	-0.38	1.59
owned	-0.38	1.52
nc	-0.38	1.54
qualified	-0.38	1.94
carolina	-0.38	1.89
largely	-0.38	2.50
purpose	-0.38	2.25
ask	-0.38	3.39
fbi	-0.38	1.92
coming	-0.38	3.02
intentional	-0.38	1.93
grab	-0.38	1.79
whom	-0.38	1.71
increasingly	-0.38	1.89
started	-0.38	2.78
recognition	-0.38	1.60
fundamental	-0.38	2.01
kill	-0.38	2.16
spare	-0.38	2.28
answer	-0.38	3.66
security	-0.38	1.61
described	-0.38	1.96
lie	-0.38	2.49
slice	-0.38	1.52
attend	-0.37	1.72
expectation	-0.37	1.80
night	-0.37	1.85
assume	-0.37	4.42
until	-0.37	2.67
began	-0.37	2.10
felt	-0.37	2.77
influences	-0.37	1.62
implies	-0.37	2.47
edge	-0.37	1.87
rid	-0.37	1.78
choosing	-0.37	2.02
vegas	-0.37	1.33
object	-0.37	1.38
spending	-0.37	1.82
serves	-0.37	1.64
dick	-0.37	1.82
bomb	-0.37	1.49
things	-0.37	3.80
strip	-0.37	1.42
patients	-0.37	1.70
drinks	-0.37	1.65
staying	-0.37	2.08
ve	-0.37	3.20
routes	-0.37	1.40
bc	-0.37	1.57
significant	-0.37	1.81
lean	-0.37	1.81
sandwich	-0.37	1.44
school	-0.37	1.70
supporting	-0.36	2.26
pure	-0.36	1.58
conservative	-0.36	1.77
church	-0.36	1.82
blood	-0.36	1.55
utterly	-0.36	1.79
wasting	-0.36	2.78
thumb	-0.36	2.30
possibly	-0.36	2.76
diversity	-0.36	1.52
matter	-0.36	4.28
louisiana	-0.36	1.96
defense	-0.36	1.87
slaves	-0.36	1.51
trying	-0.36	3.45
duty	-0.36	1.69
equal	-0.36	1.99
interaction	-0.36	1.67
owning	-0.36	1.60
wake	-0.36	2.03
nor	-0.36	2.84
drink	-0.36	1.62
sick	-0.36	2.34
called	-0.36	2.13
single	-0.35	2.01
ancient	-0.35	1.55
further	-0.35	2.56
billions	-0.35	1.86
day	-0.35	2.34
80s	-0.35	1.73
minus	-0.35	1.76
desperate	-0.35	1.29
labour	-0.35	1.87
teach	-0.35	1.79
problems	-0.35	2.22
closed	-0.35	1.72
consume	-0.35	1.32
vehicles	-0.35	1.27
kid	-0.35	1.89
often	-0.35	2.86
sea	-0.35	1.46
quite	-0.35	3.24
king	-0.35	1.57
mainly	-0.35	1.83
children	-0.35	1.73
piece	-0.35	1.67
prices	-0.35	1.41
expectancy	-0.35	1.59
numbers	-0.35	2.98
studying	-0.35	2.26
peoples	-0.35	1.67
meeting	-0.35	1.63
hide	-0.35	2.20
point	-0.35	4.31
bottom	-0.35	2.15
latin	-0.35	1.65
unemployment	-0.35	1.66
span	-0.35	1.83
past	-0.34	2.77
65	-0.34	1.76
capita	-0.34	1.63
preferences	-0.34	1.52
prizes	-0.34	1.52
morning	-0.34	1.96
stops	-0.34	1.78
taken	-0.34	3.02
absurd	-0.34	1.94
arms	-0.34	1.62
claim	-0.34	2.95
genetics	-0.34	1.74
spent	-0.34	2.27
priority	-0.34	1.55
exclude	-0.34	2.14
forcing	-0.34	2.13
gdp	-0.34	1.74
medical	-0.34	1.68
oil	-0.34	1.41
deciding	-0.34	2.03
liberals	-0.34	1.70
very	-0.34	2.92
dakota	-0.34	1.52
seek	-0.34	1.87
voter	-0.34	1.62
bodies	-0.34	1.57
95	-0.34	1.79
soon	-0.34	3.02
wise	-0.34	1.22
80	-0.34	1.92
delivery	-0.34	1.69
opposing	-0.33	2.42
dominated	-0.33	1.73
accidentally	-0.33	1.96
lands	-0.33	1.73
cia	-0.33	1.85
maine	-0.33	1.43
consideration	-0.33	1.79
education	-0.33	1.64
controls	-0.33	2.07
bothers	-0.33	1.91
transport	-0.33	1.42
failing	-0.33	1.95
pizza	-0.33	1.43
come	-0.33	3.71
rose	-0.33	1.46
asking	-0.33	3.33
bothered	-0.33	3.38
coast	-0.33	1.27
universities	-0.33	1.65
graduation	-0.33	1.83
silly	-0.33	2.57
debate	-0.33	2.68
propose	-0.33	2.33
compared	-0.33	1.86
principle	-0.33	2.22
under	-0.33	1.78
healthy	-0.33	1.38
driver	-0.33	1.51
follows	-0.33	1.71
parents	-0.33	1.63
st	-0.33	1.24
evening	-0.33	2.05
tends	-0.33	2.04
educational	-0.33	1.61
rhode	-0.33	1.40
greatly	-0.33	1.89
cost	-0.33	1.47
turn	-0.33	2.60
georgia	-0.33	2.06
approval	-0.33	1.33
peak	-0.32	1.91
loss	-0.32	1.48
faster	-0.32	1.76
nearly	-0.32	2.34
similarly	-0.32	1.89
high	-0.32	1.62
produced	-0.32	1.48
moved	-0.32	2.20
opinion	-0.32	2.53
pushed	-0.32	2.06
ethical	-0.32	2.53
feminist	-0.32	1.71
declined	-0.32	1.80
respectively	-0.32	1.50
born	-0.32	1.67
idea	-0.32	4.02
fail	-0.32	2.32
older	-0.32	1.79
younger	-0.32	1.65
arguably	-0.32	1.70
boom	-0.32	1.58
flight	-0.32	1.49
bit	-0.32	3.10
nature	-0.32	1.81
account	-0.32	2.41
emotions	-0.32	1.66
thousands	-0.32	1.79
which	-0.32	4.19
most	-0.32	2.87
private	-0.32	1.61
issues	-0.32	2.24
lot	-0.32	3.64
lives	-0.32	1.77
corporations	-0.32	1.63
body	-0.32	1.57
prime	-0.32	1.64
elite	-0.31	1.51
plague	-0.31	1.55
female	-0.31	1.62
secondly	-0.31	1.89
through	-0.31	1.94
testament	-0.31	1.64
oregon	-0.31	1.47
hiring	-0.31	1.64
changes	-0.31	1.85
won	-0.31	1.56
institution	-0.31	1.71
claimed	-0.31	2.66
roman	-0.31	1.57
stays	-0.31	1.86
fewer	-0.31	1.97
express	-0.31	1.78
redditors	-0.31	1.72
grants	-0.31	1.73
recession	-0.31	1.64
remotely	-0.31	2.30
opportunities	-0.31	1.70
unfair	-0.31	1.88
acceptance	-0.31	2.15
public	-0.31	1.68
costs	-0.31	1.53
teaching	-0.31	1.79
locked	-0.30	1.39
elementary	-0.30	1.62
generally	-0.30	2.24
died	-0.30	1.63
emperor	-0.30	1.80
desktop	-0.30	1.44
students	-0.30	1.66
economic	-0.30	1.61
car	-0.30	1.48
sun	-0.30	1.27
hand	-0.30	2.55
delivered	-0.30	1.52
attributed	-0.30	1.98
propaganda	-0.30	1.68
fell	-0.30	1.84
selection	-0.30	1.82
define	-0.30	2.85
heavily	-0.30	2.07
translation	-0.30	1.72
liquor	-0.30	1.44
mark	-0.30	1.52
struck	-0.30	1.66
pennsylvania	-0.30	1.46
paint	-0.30	1.81
california	-0.30	1.33
70	-0.30	1.85
judging	-0.30	2.02
jersey	-0.30	1.33
fingers	-0.29	2.01
par	-0.29	1.27
defining	-0.29	2.25
coal	-0.29	1.45
pushing	-0.29	2.61
pride	-0.29	1.96
texas	-0.29	1.76
families	-0.29	1.54
period	-0.29	2.20
bucks	-0.29	1.86
wrote	-0.29	2.12
kentucky	-0.29	1.83
2002	-0.29	1.78
hence	-0.29	1.48
washington	-0.29	1.30
instead	-0.29	2.53
trash	-0.29	1.58
later	-0.29	2.61
hawaii	-0.29	1.33
welfare	-0.29	1.69
aged	-0.29	1.69
responsibility	-0.29	1.93
pick	-0.29	2.76
modern	-0.29	1.69
solve	-0.29	2.92
interact	-0.28	1.75
license	-0.28	1.55
mississippi	-0.28	1.89
differentiate	-0.28	2.20
keeps	-0.28	1.86
background	-0.28	1.95
weight	-0.28	1.54
risk	-0.28	1.85
senate	-0.28	1.54
cars	-0.28	1.40
type	-0.28	2.76
mac	-0.28	1.56
montana	-0.28	1.42
storm	-0.28	1.44
dropped	-0.28	1.88
any	-0.28	3.72
child	-0.28	1.81
appears	-0.28	1.98
institutions	-0.28	1.70
budget	-0.28	1.80
bring	-0.28	2.47
causing	-0.28	1.77
programming	-0.28	1.56
argued	-0.28	2.79
conservatives	-0.28	1.73
after	-0.28	2.66
pew	-0.28	2.18
alone	-0.28	1.35
handled	-0.28	1.90
continues	-0.28	1.78
terribly	-0.28	1.95
decreasing	-0.28	1.68
meal	-0.28	1.49
regardless	-0.28	1.98
suit	-0.28	1.77
focusing	-0.28	1.95
subsidies	-0.28	1.61
distinguish	-0.28	2.34
wyoming	-0.27	1.46
electoral	-0.27	1.60
winner	-0.27	1.62
charity	-0.27	1.91
inevitable	-0.27	1.93
saturday	-0.27	1.89
handed	-0.27	1.73
surgery	-0.27	1.61
labor	-0.27	1.78
mothers	-0.27	1.70
insulting	-0.27	2.13
turned	-0.27	2.03
nights	-0.27	2.10
friday	-0.27	1.91
counts	-0.27	1.74
component	-0.27	2.32
price	-0.27	1.40
organs	-0.27	1.66
land	-0.27	1.40
nowhere	-0.27	1.47
southern	-0.27	1.25
somewhat	-0.27	2.58
southeast	-0.27	1.25
careers	-0.27	1.59
causation	-0.27	3.33
buying	-0.27	1.50
possibility	-0.27	2.05
half	-0.27	2.12
ohio	-0.27	1.92
chose	-0.26	2.01
stereotype	-0.26	1.59
young	-0.26	1.70
next	-0.26	2.31
hours	-0.26	2.34
rising	-0.26	1.63
depression	-0.26	1.57
mission	-0.26	1.75
ago	-0.26	2.61
state	-0.26	1.28
indicated	-0.26	1.95
hunger	-0.26	1.74
voted	-0.26	1.90
grew	-0.26	1.49
conditions	-0.26	1.68
mentioned	-0.26	2.41
hospital	-0.26	1.71
hidden	-0.26	1.44
100,000	-0.26	1.75
health	-0.26	1.70
controlling	-0.26	2.09
reduced	-0.26	1.62
raises	-0.26	2.24
deliver	-0.26	1.90
roughly	-0.26	2.08
incident	-0.26	1.91
teacher	-0.26	1.88
resident	-0.26	1.52
entry	-0.26	1.90
oklahoma	-0.26	1.91
wanting	-0.26	3.10
bracket	-0.26	1.69
able	-0.26	3.55
teachers	-0.26	1.66
colors	-0.26	1.96
idaho	-0.26	1.45
indicates	-0.25	1.95
tuition	-0.25	1.64
un	-0.25	1.45
official	-0.25	1.77
objects	-0.25	1.42
promote	-0.25	1.76
northeast	-0.25	1.27
era	-0.25	1.78
defend	-0.25	2.23
overwhelmingly	-0.25	1.54
making	-0.25	3.51
decreased	-0.25	1.69
heard	-0.25	2.21
really	-0.25	3.97
west	-0.25	1.30
once	-0.25	3.12
bills	-0.25	1.61
wearing	-0.25	1.77
lack	-0.25	2.26
ms	-0.25	1.76
hiding	-0.25	1.91
seats	-0.25	1.54
richer	-0.25	1.59
complete	-0.24	1.70
missouri	-0.24	1.93
years	-0.24	2.45
stamps	-0.24	1.65
correlation	-0.24	2.53
equivalent	-0.24	2.09
seen	-0.24	2.84
sleep	-0.24	1.89
cant	-0.24	2.54
uncomfortable	-0.24	1.65
partner	-0.24	1.65
tip	-0.24	1.83
led	-0.24	1.90
related	-0.24	1.80
attached	-0.24	1.60
stars	-0.24	1.15
runs	-0.24	1.56
flawed	-0.24	2.12
plane	-0.24	1.66
feeling	-0.24	2.84
times	-0.24	2.37
york	-0.24	1.30
weekend	-0.24	2.08
suggest	-0.24	3.60
itt	-0.24	2.27
gain	-0.24	1.62
center	-0.24	2.08
buys	-0.23	1.79
burn	-0.23	1.46
living	-0.23	1.63
bread	-0.23	1.48
calculate	-0.23	2.11
helped	-0.23	2.51
drastically	-0.23	1.99
closest	-0.23	2.08
distances	-0.23	1.52
includes	-0.23	1.80
cents	-0.23	1.71
biological	-0.23	1.86
blame	-0.23	1.75
libertarians	-0.23	2.18
hundreds	-0.23	1.77
bed	-0.23	1.76
supports	-0.23	2.04
fitness	-0.23	1.52
pay	-0.23	1.84
northern	-0.23	1.45
occupation	-0.23	1.54
obese	-0.23	1.58
42	-0.23	1.81
folk	-0.23	1.38
appear	-0.23	2.70
gas	-0.23	1.40
none	-0.23	2.07
airlines	-0.22	1.89
constitutes	-0.22	2.00
beer	-0.22	1.78
nevada	-0.22	1.33
pretend	-0.22	3.10
relation	-0.22	2.48
claims	-0.22	2.75
hang	-0.22	2.34
substantial	-0.22	1.47
perform	-0.22	1.80
college	-0.22	1.75
christmas	-0.22	1.77
75	-0.22	1.79
normally	-0.22	1.97
former	-0.22	1.49
serious	-0.22	1.93
eat	-0.22	1.44
dead	-0.22	1.96
together	-0.22	2.55
liberal	-0.22	1.80
ignoring	-0.22	2.80
climate	-0.22	1.77
independent	-0.22	1.86
troll	-0.22	2.41
adopted	-0.22	1.70
higher	-0.22	1.75
derived	-0.22	1.74
maryland	-0.22	1.43
ships	-0.22	1.60
count	-0.22	2.90
free	-0.22	1.57
tend	-0.21	2.00
male	-0.21	1.63
physical	-0.21	1.64
social	-0.21	1.71
odds	-0.21	2.05
females	-0.21	1.75
usd	-0.21	1.63
canadian	-0.21	1.88
masses	-0.21	1.60
stigma	-0.21	1.49
position	-0.21	2.44
entering	-0.21	1.84
feminism	-0.21	1.85
capable	-0.21	1.93
corruption	-0.21	1.67
subsidized	-0.21	1.68
60	-0.21	1.82
covered	-0.21	1.52
pill	-0.21	1.63
acquired	-0.21	1.48
treat	-0.21	1.96
ate	-0.21	1.50
49	-0.21	1.62
harder	-0.21	2.13
generic	-0.21	1.44
sales	-0.21	1.42
construction	-0.21	1.79
encourage	-0.21	2.14
sector	-0.21	1.60
bus	-0.21	1.47
concentrated	-0.21	1.65
insurance	-0.20	1.74
foundation	-0.20	1.75
increasing	-0.20	1.64
collapse	-0.20	1.82
dip	-0.20	1.86
expenses	-0.20	1.64
bad	-0.20	2.57
warming	-0.20	2.13
pressure	-0.20	1.55
differently	-0.20	2.47
week	-0.20	2.23
secondary	-0.20	1.53
fine	-0.20	4.32
managed	-0.20	2.90
flying	-0.20	1.50
consumption	-0.20	1.42
definition	-0.20	2.59
grades	-0.20	1.70
split	-0.20	1.81
rural	-0.20	1.39
thus	-0.20	1.71
assumes	-0.20	2.15
temperatures	-0.20	1.48
size	-0.20	1.63
emotional	-0.20	1.67
crisis	-0.20	1.70
kick	-0.20	2.22
grouped	-0.20	1.75
feels	-0.20	1.67
ahead	-0.20	2.40
irrelevant	-0.20	2.45
awarded	-0.20	1.65
concept	-0.19	2.75
pulling	-0.19	2.00
doctor	-0.19	1.80
aspects	-0.19	2.09
grows	-0.19	1.91
50	-0.19	1.88
foods	-0.19	1.36
pursue	-0.19	1.98
net	-0.19	1.50
speaking	-0.19	1.74
consumer	-0.19	1.27
ap	-0.19	1.75
killer	-0.19	1.30
vocabulary	-0.19	1.54
workers	-0.19	1.97
settled	-0.19	1.83
wine	-0.19	1.36
incomes	-0.19	1.57
merely	-0.19	2.42
malpractice	-0.19	1.86
pittsburgh	-0.19	1.61
declining	-0.19	1.69
subjective	-0.19	1.79
exam	-0.19	1.73
drops	-0.19	1.76
increase	-0.19	1.70
funded	-0.19	1.72
influenced	-0.19	1.91
growth	-0.19	1.63
turning	-0.19	2.10
bound	-0.19	2.45
advanced	-0.19	1.53
nail	-0.19	1.56
age	-0.19	1.72
graduated	-0.19	2.00
highway	-0.19	1.57
ride	-0.18	1.73
reach	-0.18	2.29
dollars	-0.18	1.90
universal	-0.18	1.84
explain	-0.18	3.45
closer	-0.18	1.89
poster	-0.18	2.11
implications	-0.18	2.34
struggle	-0.18	2.58
minutes	-0.18	1.98
drop	-0.18	1.91
default	-0.18	1.53
buy	-0.18	1.39
society	-0.18	1.64
ages	-0.18	1.69
adjust	-0.18	1.98
reference	-0.18	1.84
weighted	-0.18	1.82
gained	-0.18	1.76
distinction	-0.18	2.48
1,000	-0.18	1.73
employment	-0.18	1.83
baby	-0.18	1.68
association	-0.18	1.51
nutrition	-0.18	1.60
goods	-0.18	1.45
starving	-0.18	2.05
too	-0.18	3.56
justification	-0.18	2.53
tired	-0.18	2.42
achieve	-0.18	2.34
purchasing	-0.18	1.70
nobel	-0.18	1.54
goddamn	-0.18	2.83
learned	-0.18	2.06
usually	-0.18	2.58
mix	-0.18	1.79
estimated	-0.17	1.66
proportions	-0.17	1.81
fed	-0.17	1.50
retirement	-0.17	1.68
nurses	-0.17	1.73
districts	-0.17	1.59
millions	-0.17	1.81
serving	-0.17	1.51
consumed	-0.17	1.51
turns	-0.17	1.86
agencies	-0.17	1.67
currency	-0.17	1.64
gaps	-0.17	2.06
long-term	-0.17	1.64
region	-0.17	1.39
classes	-0.17	1.71
billion	-0.17	1.98
banking	-0.17	1.61
taxes	-0.16	1.64
semester	-0.16	1.70
standards	-0.16	1.68
loose	-0.16	1.65
attempting	-0.16	2.94
fund	-0.16	1.75
opportunity	-0.16	1.85
louis	-0.16	1.38
places	-0.16	2.28
graduating	-0.16	1.71
implied	-0.16	3.30
prize	-0.16	1.56
persons	-0.16	1.69
control	-0.16	1.70
imply	-0.16	3.53
collection	-0.16	1.83
wildly	-0.16	2.09
representative	-0.16	1.67
total	-0.16	1.75
views	-0.16	1.73
bureau	-0.16	1.86
conclude	-0.16	3.22
weekends	-0.16	2.03
future	-0.15	1.98
latest	-0.15	1.45
mcdonald	-0.15	1.55
questionable	-0.15	2.12
volume	-0.15	1.55
attract	-0.15	1.93
ground	-0.15	1.61
badly	-0.15	2.20
doctors	-0.15	1.73
spike	-0.15	2.06
starting	-0.15	2.20
identified	-0.15	1.71
trillion	-0.15	1.92
begins	-0.15	1.57
moment	-0.15	2.48
empty	-0.15	1.82
register	-0.15	2.65
assistance	-0.15	1.67
slower	-0.15	1.81
engine	-0.15	1.54
fool	-0.15	1.96
85	-0.15	1.76
nasa	-0.15	1.74
resulted	-0.15	1.74
argument	-0.15	3.30
contributed	-0.15	1.50
continuing	-0.15	2.00
urban	-0.15	1.41
camp	-0.15	2.04
extremes	-0.15	2.01
1.5	-0.15	1.66
justified	-0.15	1.82
switching	-0.15	2.29
though	-0.15	4.26
index	-0.15	1.61
marry	-0.15	1.75
governments	-0.14	1.73
attracted	-0.14	1.70
deviation	-0.14	1.70
ive	-0.14	1.96
weapon	-0.14	1.83
trains	-0.14	1.60
courses	-0.14	1.70
blown	-0.14	2.03
acknowledge	-0.14	2.46
counties	-0.14	1.39
decreases	-0.14	1.59
holiday	-0.14	2.10
dc	-0.14	1.40
misleading	-0.14	2.98
gym	-0.14	1.66
fields	-0.14	1.75
answers	-0.14	2.36
picked	-0.14	2.20
raise	-0.14	1.81
determined	-0.14	1.91
corrupt	-0.14	1.66
populated	-0.14	1.50
plans	-0.14	1.56
trained	-0.14	1.58
bump	-0.14	1.88
trading	-0.14	1.63
year	-0.14	2.12
supply	-0.14	1.47
practically	-0.13	1.79
survey	-0.13	2.50
bigger	-0.13	1.96
olds	-0.13	1.76
tier	-0.13	1.78
refuse	-0.13	2.91
student	-0.13	1.68
entirely	-0.13	3.12
invested	-0.13	1.93
wave	-0.13	1.72
came	-0.13	2.80
pc	-0.13	1.41
mom	-0.13	1.96
solved	-0.13	2.07
fault	-0.13	2.08
assets	-0.13	1.62
received	-0.13	2.18
eligible	-0.13	1.66
residents	-0.13	1.46
sexy	-0.13	1.45
rich	-0.13	1.56
decade	-0.13	2.29
karma	-0.13	2.01
expectations	-0.13	1.63
2013	-0.13	1.89
program	-0.12	1.64
between	-0.12	2.11
burned	-0.12	1.64
becoming	-0.12	2.38
creation	-0.12	1.71
took	-0.12	2.56
explicitly	-0.12	2.55
women	-0.12	1.77
conspiracy	-0.12	1.45
va	-0.12	1.46
centuries	-0.12	1.93
month	-0.12	2.07
serve	-0.12	1.65
counting	-0.12	1.76
holding	-0.12	2.08
strength	-0.12	1.73
commute	-0.12	1.66
asked	-0.12	2.73
fallacy	-0.12	2.85
stayed	-0.12	1.93
cells	-0.12	1.56
planes	-0.12	1.51
formed	-0.12	1.51
hour	-0.12	2.09
yay	-0.12	1.43
am	-0.12	3.28
supposed	-0.12	3.59
preference	-0.12	1.65
unions	-0.12	1.76
employed	-0.12	1.83
tax	-0.12	1.63
interest	-0.12	1.73
hands	-0.12	2.05
emergency	-0.12	1.80
55	-0.12	1.76
extremely	-0.11	2.44
clothes	-0.11	1.67
contributing	-0.11	1.46
comfort	-0.11	1.47
days	-0.11	2.24
weekly	-0.11	1.68
prior	-0.11	1.94
quantify	-0.11	2.77
bank	-0.11	1.60
sudden	-0.11	1.91
equally	-0.11	1.96
considered	-0.11	2.51
muscle	-0.11	1.58
exchange	-0.11	1.71
qualify	-0.11	1.77
extend	-0.11	1.65
market	-0.11	1.59
blocked	-0.11	2.45
mature	-0.11	1.59
bought	-0.11	1.43
corporate	-0.11	1.63
failed	-0.11	2.00
cross	-0.11	1.62
engage	-0.11	1.71
corporation	-0.11	1.64
role	-0.11	1.89
steps	-0.11	1.55
tips	-0.11	1.74
production	-0.11	1.46
stem	-0.11	1.75
computing	-0.10	1.53
crash	-0.10	1.61
1000	-0.10	1.74
leave	-0.10	2.27
brought	-0.10	2.35
life	-0.10	1.98
tens	-0.10	1.82
passing	-0.10	1.80
sister	-0.10	1.78
rise	-0.10	1.73
granted	-0.10	1.78
staff	-0.10	1.72
30	-0.10	1.88
metropolitan	-0.10	1.40
incentive	-0.10	2.47
wins	-0.10	1.59
involving	-0.10	1.49
skew	-0.10	1.91
44	-0.10	1.78
traffic	-0.10	1.75
banks	-0.10	1.62
financial	-0.10	1.69
grad	-0.10	1.77
expenditure	-0.10	1.64
inflation	-0.10	1.79
notion	-0.10	2.48
opinions	-0.10	2.03
reduce	-0.10	1.77
hugely	-0.10	2.42
fucking	-0.10	1.89
father	-0.10	1.91
history	-0.10	1.69
got	-0.10	2.91
1/3	-0.10	1.54
pull	-0.10	2.31
bike	-0.10	1.33
40	-0.10	1.91
awareness	-0.10	1.73
proxy	-0.10	1.85
evidence	-0.10	2.72
artificially	-0.09	1.68
1/2	-0.09	2.01
old	-0.09	1.79
concern	-0.09	2.50
border	-0.09	1.62
communicate	-0.09	2.64
step	-0.09	2.57
zone	-0.09	1.74
industrial	-0.09	1.58
political	-0.09	2.12
hitting	-0.09	2.16
wasted	-0.09	1.97
falls	-0.09	1.79
benefits	-0.09	1.82
guess	-0.09	4.24
had	-0.09	2.92
lifetime	-0.09	2.05
normalize	-0.09	2.15
ghana	-0.09	1.59
exams	-0.09	1.80
biology	-0.09	1.79
surely	-0.09	2.11
defensive	-0.09	1.87
dad	-0.09	1.94
slowly	-0.09	2.01
receive	-0.09	1.99
vehicle	-0.09	1.70
paid	-0.09	2.08
poll	-0.09	2.61
perhaps	-0.09	3.33
passes	-0.09	1.67
holidays	-0.08	2.03
element	-0.08	1.88
sf	-0.08	1.43
surrounding	-0.08	1.65
infrastructure	-0.08	1.70
magnitude	-0.08	1.88
senior	-0.08	1.89
fairly	-0.08	2.45
caring	-0.08	1.76
exponentially	-0.08	1.61
traits	-0.08	1.82
eventually	-0.08	2.60
emissions	-0.08	1.52
bag	-0.08	1.47
survive	-0.08	2.23
perceived	-0.08	1.64
walked	-0.08	1.94
separation	-0.08	2.08
minds	-0.08	1.71
smaller	-0.08	1.65
housing	-0.08	1.49
government	-0.08	1.80
anxiety	-0.08	1.73
real	-0.08	2.64
arbitrary	-0.08	2.16
contract	-0.08	1.79
finished	-0.08	1.67
classified	-0.08	2.01
refer	-0.08	1.79
food	-0.08	1.35
evolved	-0.08	1.97
equipment	-0.07	1.60
events	-0.07	1.56
areas	-0.07	1.50
extra	-0.07	1.99
spring	-0.07	1.56
everywhere	-0.07	1.93
wedding	-0.07	1.70
university	-0.07	1.69
raising	-0.07	1.70
dollar	-0.07	1.89
northwest	-0.07	1.28
strict	-0.07	1.91
overweight	-0.07	1.87
flip	-0.07	1.93
600	-0.07	1.70
nurse	-0.07	1.79
25	-0.07	1.83
earth	-0.07	1.54
intellectual	-0.07	1.65
contest	-0.07	2.03
probability	-0.07	1.73
organ	-0.06	1.72
20	-0.06	1.89
became	-0.06	2.14
laptop	-0.06	1.50
international	-0.06	1.51
math	-0.06	1.79
figuring	-0.06	2.72
demographics	-0.06	1.76
18	-0.06	1.82
rent	-0.06	1.55
remember	-0.06	3.42
taxed	-0.06	2.08
sciences	-0.06	1.74
dirt	-0.06	1.31
psychology	-0.06	1.87
no	-0.06	3.69
subjects	-0.06	1.93
illinois	-0.06	1.44
responding	-0.06	3.41
pitch	-0.06	1.70
seeking	-0.06	1.86
losing	-0.06	1.96
plus	-0.06	1.80
answering	-0.06	3.53
statistics	-0.06	2.20
counted	-0.06	1.90
limiting	-0.06	1.90
million	-0.06	1.85
produce	-0.05	1.42
personality	-0.05	1.42
denver	-0.05	1.32
hostile	-0.05	1.42
minnesota	-0.05	1.45
ship	-0.05	1.50
marriages	-0.05	1.89
powers	-0.05	1.62
friendly	-0.05	1.52
participants	-0.05	2.18
somehow	-0.05	1.87
reserve	-0.05	1.52
window	-0.05	1.67
shopping	-0.05	1.22
host	-0.05	1.63
girls	-0.05	1.50
machines	-0.05	1.93
treating	-0.05	1.49
giant	-0.05	1.54
graduates	-0.05	1.66
iowa	-0.05	1.39
requiring	-0.05	2.10
26	-0.05	1.82
career	-0.05	1.84
healthier	-0.05	1.46
physics	-0.05	1.72
cs	-0.05	1.70
grow	-0.05	1.59
presumably	-0.05	1.59
especially	-0.05	2.44
destruction	-0.05	1.27
savings	-0.05	1.72
woman	-0.05	1.80
13	-0.05	1.85
nebraska	-0.05	1.40
industries	-0.04	1.61
24	-0.04	1.83
atlantic	-0.04	1.36
loan	-0.04	1.68
considers	-0.04	1.68
medals	-0.04	1.71
dominant	-0.04	1.66
nursing	-0.04	1.78
professors	-0.04	1.76
across	-0.04	1.67
hire	-0.04	1.93
colored	-0.04	1.78
experts	-0.04	1.88
atlanta	-0.04	1.38
21	-0.04	1.83
demand	-0.04	1.54
enter	-0.04	1.87
undergrad	-0.04	1.71
excess	-0.04	1.60
unnecessary	-0.04	2.00
universe	-0.04	1.87
opened	-0.04	1.55
walk	-0.04	1.69
grasp	-0.04	2.64
jesus	-0.04	1.73
salt	-0.04	1.36
iphones	-0.03	1.52
retail	-0.03	1.79
her	-0.03	1.94
officials	-0.03	1.59
leaving	-0.03	1.74
tweets	-0.03	1.52
following	-0.03	2.11
greater	-0.03	1.82
64	-0.03	1.73
decades	-0.03	2.11
peaks	-0.03	1.90
followers	-0.03	1.64
mobility	-0.03	1.56
certainly	-0.03	4.15
genuinely	-0.03	2.85
profit	-0.03	1.65
encouraged	-0.03	2.29
artificial	-0.03	1.75
healthcare	-0.03	1.77
400	-0.03	1.76
management	-0.03	1.85
agreement	-0.03	2.00
miles	-0.03	1.79
foot	-0.03	1.36
dominate	-0.03	1.51
amongst	-0.03	1.81
growing	-0.03	1.70
ny	-0.03	1.41
atmosphere	-0.03	1.48
23	-0.03	1.81
men	-0.03	1.68
norm	-0.03	1.77
needed	-0.02	2.90
correlated	-0.02	1.79
cities	-0.02	1.53
ppp	-0.02	1.89
son	-0.02	1.80
focused	-0.02	1.52
item	-0.02	1.44
picking	-0.02	2.08
19	-0.02	1.83
intense	-0.02	3.00
wife	-0.02	1.95
couples	-0.02	1.71
definitely	-0.02	3.89
khan	-0.02	1.48
obtain	-0.02	2.11
actively	-0.02	2.03
whereas	-0.02	1.71
deal	-0.02	2.73
throwing	-0.02	1.98
wealth	-0.02	1.55
profession	-0.02	2.02
husband	-0.02	1.91
harvard	-0.02	1.73
colorado	-0.02	1.31
area	-0.02	1.43
proof	-0.02	2.82
regions	-0.02	1.45
causal	-0.02	2.54
tl	-0.02	1.19
therefore	-0.02	1.94
deeply	-0.02	2.21
22	-0.02	1.81
33	-0.02	1.79
computer	-0.02	1.70
furthermore	-0.02	1.48
mathematics	-0.02	1.76
institute	-0.02	1.86
relate	-0.02	2.36
slow	-0.02	1.81
sample	-0.02	1.71
facebook	-0.02	1.64
pounds	-0.02	1.69
theory	-0.02	2.63
strongly	-0.02	2.20
onto	-0.01	1.76
afterwards	-0.01	1.68
tank	-0.01	1.41
toronto	-0.01	1.58
500	-0.01	1.77
stores	-0.01	1.42
cleveland	-0.01	1.51
wages	-0.01	1.74
caught	-0.01	1.88
quiet	-0.01	2.10
accepted	-0.01	2.18
experiences	-0.01	2.07
equals	-0.01	2.09
kansas	-0.01	1.37
philosophy	-0.01	1.94
mentally	-0.01	1.84
sarcastic	-0.01	2.72
replace	-0.01	1.77
controlled	-0.01	1.83
tested	-0.01	1.77
centers	-0.01	1.51
every	-0.01	2.31
w	-0.01	1.64
waste	-0.01	1.87
adjusting	-0.01	2.14
engineering	-0.01	1.69
educate	-0.01	2.36
compensate	-0.01	2.00
focus	-0.01	1.87
proves	-0.01	2.53
city	-0.01	1.42
45	-0.01	1.75
capture	-0.01	1.77
vacation	-0.01	2.08
medicine	-0.01	1.66
contracts	-0.00	1.73
seattle	-0.00	1.46
hurricanes	-0.00	1.71
la	-0.00	1.41
31	-0.00	1.81
hat	-0.00	1.63
ready	-0.00	2.89
detroit	-0.00	1.40
head	-0.00	1.84
mother	-0.00	1.85
de	-0.00	1.46
automated	-0.00	2.25
boston	-0.00	1.42
dozen	-0.00	1.68
consistently	-0.00	1.63
professions	-0.00	1.76
luxury	-0.00	1.48
hits	-0.00	1.60
merit	-0.00	1.74
dots	-0.00	1.86
literature	-0.00	1.74
defined	-0.00	1.94
export	-0.00	1.45
100	0.00	1.87
divided	0.00	1.76
35	0.00	1.79
standardized	0.00	1.94
press	0.00	1.71
discuss	0.00	2.63
located	0.00	1.89
event	0.00	1.76
factory	0.00	1.77
gotten	0.00	2.41
120	0.00	1.85
29	0.00	1.80
shares	0.00	1.35
calculation	0.00	1.59
reducing	0.01	1.71
sized	0.01	1.58
metro	0.01	1.40
including	0.01	1.94
sections	0.01	1.87
27	0.01	1.84
humans	0.01	1.84
dr	0.01	1.16
1970	0.01	1.96
fuel	0.01	1.42
150	0.01	1.89
materials	0.01	1.57
quoted	0.01	2.23
auto	0.01	1.61
daughter	0.01	1.83
adjusted	0.01	1.85
jobs	0.01	1.98
invest	0.01	1.93
clock	0.01	1.72
occur	0.01	1.92
maternity	0.01	2.00
<URL>	0.01	1.50
<SPECIAL>	0.01	1.50
philly	0.01	1.44
calories	0.01	1.47
efforts	0.01	1.69
battery	0.01	1.58
agriculture	0.01	1.57
id	0.01	1.63
34	0.01	1.78
projects	0.01	1.65
nyc	0.01	1.39
ai	0.01	1.60
houston	0.01	1.45
thousand	0.01	2.07
parent	0.01	1.84
outside	0.01	1.93
professor	0.01	1.76
build	0.01	1.85
politicians	0.01	1.71
talking	0.02	3.88
lists	0.02	1.76
beat	0.02	1.58
employer	0.02	1.82
fear	0.02	2.02
tomorrow	0.02	2.16
skewed	0.02	2.04
train	0.02	1.48
advocate	0.02	1.54
forever	0.02	2.58
noticeable	0.02	1.83
give	0.02	3.24
majors	0.02	1.68
failure	0.02	1.57
angeles	0.02	1.35
bet	0.02	3.80
15	0.02	1.92
level	0.02	1.81
dense	0.02	1.43
currently	0.02	2.63
hurt	0.02	1.72
computers	0.02	1.82
workforce	0.02	1.77
gpa	0.02	1.76
spectrum	0.02	2.21
likewise	0.02	1.48
machine	0.02	1.84
handful	0.02	2.15
profits	0.02	1.59
hurricane	0.02	1.63
assertion	0.02	2.90
16	0.02	1.86
28	0.03	1.86
grown	0.03	1.65
tests	0.03	1.86
respondents	0.03	2.50
solely	0.03	2.08
assumption	0.03	3.01
ratio	0.03	1.82
prepared	0.03	1.63
product	0.03	1.47
effort	0.03	2.37
predict	0.03	2.44
results	0.03	2.50
facilities	0.03	1.57
golden	0.03	1.56
san	0.03	1.42
gravity	0.03	1.37
reverse	0.03	1.80
portland	0.03	1.40
overall	0.03	1.56
taught	0.03	1.95
graduate	0.03	1.68
responded	0.03	2.96
answered	0.03	3.03
neighbors	0.03	1.44
route	0.03	1.57
powerful	0.03	1.42
massively	0.03	1.97
17	0.03	1.84
trust	0.03	2.85
median	0.03	1.96
bay	0.03	1.46
approximately	0.03	1.76
bitch	0.03	1.78
chances	0.03	1.78
schedule	0.03	1.89
ten	0.03	2.24
chicago	0.03	1.40
consumers	0.03	1.57
unemployed	0.03	1.79
offered	0.03	2.14
dates	0.03	1.68
dream	0.04	1.64
farming	0.04	1.54
john	0.04	1.55
southwest	0.04	1.20
dry	0.04	1.32
exception	0.04	1.84
sizes	0.04	1.69
pa	0.04	1.46
professionals	0.04	1.72
restaurant	0.04	1.49
unrelated	0.04	2.22
socially	0.04	2.09
premise	0.04	2.30
put	0.04	3.15
building	0.04	1.59
subject	0.04	2.27
historical	0.04	1.81
38	0.04	1.80
judgement	0.04	2.05
variance	0.04	1.76
photos	0.04	1.43
upgrade	0.04	1.54
11	0.04	1.89
profile	0.04	1.76
describe	0.04	2.27
power	0.04	1.54
guy	0.04	1.99
application	0.04	1.62
test	0.04	1.93
los	0.04	1.39
extreme	0.04	2.13
employers	0.04	2.01
researchers	0.04	2.08
unpopular	0.04	2.02
raised	0.04	1.41
weeks	0.04	2.14
direction	0.05	2.13
replaced	0.05	1.64
ratios	0.05	1.79
limits	0.05	1.57
coding	0.05	1.68
transportation	0.05	1.52
burning	0.05	1.46
highlight	0.05	2.21
seconds	0.05	2.02
lumped	0.05	2.36
300	0.05	1.73
superior	0.05	1.63
anyway	0.05	4.16
phrase	0.05	2.40
meanwhile	0.05	1.72
studied	0.05	1.82
established	0.05	1.81
bang	0.05	1.63
corn	0.05	1.35
knowing	0.05	1.84
phenomenon	0.05	1.85
cash	0.05	1.74
science	0.06	1.82
chain	0.06	1.54
finger	0.06	2.24
mouth	0.06	1.55
specifically	0.06	3.05
technological	0.06	1.68
worth	0.06	1.92
supplies	0.06	1.89
lawyer	0.06	1.89
accounts	0.06	1.71
scientists	0.06	1.82
facts	0.06	2.82
become	0.06	2.00
multiple	0.06	1.89
hundred	0.06	2.09
spikes	0.06	1.81
suburban	0.06	1.42
average	0.06	1.67
bots	0.06	1.84
carry	0.06	1.52
twitter	0.06	1.65
anyways	0.06	1.86
begin	0.06	2.07
wondered	0.06	3.38
strikes	0.06	1.74
months	0.06	2.16
census	0.06	1.87
christ	0.07	1.69
14	0.07	1.91
misunderstood	0.07	3.97
upvoted	0.07	2.22
midwest	0.07	1.25
increases	0.07	1.79
expected	0.07	3.05
etc	0.07	1.99
true	0.07	4.93
beef	0.07	1.36
carbon	0.07	1.54
aka	0.07	1.65
shifted	0.07	2.23
officially	0.07	1.72
although	0.07	4.03
carefully	0.07	1.74
estate	0.07	1.72
snakes	0.07	1.74
roads	0.07	1.36
access	0.07	1.79
environment	0.07	1.47
offer	0.07	2.04
12	0.07	1.95
statistic	0.07	2.18
francisco	0.07	1.38
percentile	0.08	1.89
collective	0.08	1.67
home	0.08	1.95
suspect	0.08	2.23
pattern	0.08	1.95
summer	0.08	1.71
its	0.08	2.97
max	0.08	1.76
wage	0.08	1.91
systems	0.08	1.81
participation	0.08	1.79
earn	0.08	1.97
entity	0.08	1.87
speculation	0.08	2.33
childhood	0.08	1.44
companies	0.08	1.65
decline	0.08	1.81
assumptions	0.08	2.86
opposite	0.08	4.30
existed	0.08	2.28
parking	0.08	1.48
paris	0.08	1.43
dallas	0.08	1.40
incredibly	0.08	2.48
200	0.09	1.81
eight	0.09	1.98
concentration	0.09	1.53
careful	0.09	2.07
devil	0.09	1.85
gains	0.09	1.56
cdc	0.09	1.81
experienced	0.09	2.00
2-3	0.09	2.09
ass	0.09	1.83
discount	0.09	2.04
hired	0.09	2.14
worker	0.09	1.93
inflated	0.09	1.77
pm	0.09	1.93
voice	0.09	2.01
along	0.09	1.82
remains	0.09	2.03
honestly	0.09	3.61
essentially	0.09	1.86
services	0.09	1.71
master	0.09	1.64
roles	0.09	1.64
emphasis	0.09	1.72
engineer	0.09	2.06
ignore	0.09	2.25
indiana	0.10	1.62
remained	0.10	1.79
nsa	0.10	1.95
server	0.10	2.27
ability	0.10	2.58
elements	0.10	1.64
michigan	0.10	1.67
winning	0.10	1.73
surprised	0.10	3.25
excluded	0.10	1.62
screwed	0.10	1.63
meaning	0.10	2.73
coffee	0.10	1.71
helps	0.10	2.03
ad	0.10	1.69
well	0.10	4.11
salaries	0.10	1.78
employee	0.10	1.75
switched	0.10	1.82
upvotes	0.10	2.12
properly	0.10	2.83
standing	0.10	1.69
primary	0.10	1.85
gradient	0.10	1.86
wider	0.10	1.97
apart	0.10	1.96
hint	0.11	1.46
perspective	0.11	2.02
winter	0.11	1.52
industry	0.11	1.86
gasoline	0.11	1.54
disagree	0.11	4.38
48	0.11	1.78
estimates	0.11	1.87
definitions	0.11	2.35
categories	0.11	2.09
last	0.11	2.42
towns	0.11	1.53
10	0.11	1.99
affects	0.11	2.06
settle	0.11	1.98
co2	0.11	1.46
sufficient	0.11	2.13
islands	0.11	1.45
tall	0.11	1.43
recovery	0.11	1.64
36	0.11	1.80
save	0.11	1.95
maintain	0.11	2.04
convert	0.11	1.74
plants	0.11	1.49
kinda	0.11	2.99
rapidly	0.11	1.59
holds	0.11	1.63
winners	0.11	1.62
recent	0.11	1.57
safety	0.11	1.56
short	0.11	1.85
address	0.11	2.08
varies	0.11	2.30
setup	0.11	1.90
unit	0.12	1.62
owner	0.12	1.54
without	0.12	2.23
interpret	0.12	2.50
household	0.12	1.68
narrative	0.12	1.86
combination	0.12	1.74
minimum	0.12	1.94
business	0.12	1.62
b	0.12	1.91
mention	0.12	3.24
comes	0.12	2.56
annual	0.12	1.83
programmer	0.12	2.15
research	0.12	1.95
3-4	0.12	2.13
credit	0.12	1.75
throw	0.12	2.53
hold	0.12	2.70
fuck	0.12	1.88
separate	0.12	1.98
rule	0.12	2.09
linux	0.12	1.69
isp	0.12	1.85
protein	0.12	1.43
economics	0.12	1.76
attention	0.12	1.97
included	0.12	2.37
e	0.13	1.86
lies	0.13	1.89
environmental	0.13	1.52
grain	0.13	1.39
differ	0.13	1.95
trees	0.13	1.66
room	0.13	1.42
models	0.13	1.60
confidence	0.13	1.87
see	0.13	3.87
according	0.13	1.84
5	0.13	1.95
poorer	0.13	1.66
simultaneously	0.13	1.93
struggling	0.13	2.07
topics	0.13	2.03
stock	0.13	1.64
periods	0.13	1.81
sale	0.13	1.45
found	0.13	2.74
determine	0.13	2.57
notice	0.13	2.86
airport	0.13	1.56
economists	0.13	1.56
phd	0.13	1.73
space	0.13	1.65
sunday	0.13	1.84
investment	0.13	1.71
closely	0.14	1.80
downtown	0.14	1.44
pollution	0.14	1.59
capital	0.14	1.67
obscure	0.14	1.95
sum	0.14	1.90
wealthier	0.14	1.72
concrete	0.14	1.89
previously	0.14	2.48
notable	0.14	1.77
planning	0.14	2.11
degrees	0.14	1.65
energy	0.14	1.48
experience	0.14	2.30
end	0.14	2.11
certain	0.14	1.95
conducted	0.14	2.36
contrary	0.14	2.65
nuclear	0.14	1.70
32	0.14	1.84
couple	0.15	2.22
fully	0.15	2.76
paragraph	0.15	1.95
suggesting	0.15	4.19
chemistry	0.15	1.72
pedantic	0.15	4.04
remain	0.15	1.82
engineers	0.15	1.76
shots	0.15	1.70
reduction	0.15	1.81
elaborate	0.15	2.85
employees	0.15	1.87
earnings	0.15	1.71
mr	0.15	1.57
memory	0.15	1.97
held	0.15	1.90
income	0.15	1.63
bubble	0.15	1.69
extended	0.15	1.98
giving	0.15	2.51
annoyed	0.15	2.13
individual	0.15	2.01
capacity	0.15	1.63
respond	0.15	2.84
brains	0.15	1.72
resource	0.15	1.79
entered	0.15	1.63
discussing	0.15	2.36
such	0.15	2.28
downvote	0.15	2.37
incorrectly	0.16	4.44
australian	0.16	1.73
mortgage	0.16	1.63
investments	0.16	1.82
swing	0.16	1.91
compensation	0.16	1.80
resources	0.16	1.83
grand	0.16	1.52
phds	0.16	1.70
attractive	0.16	1.63
fly	0.16	1.48
conclusion	0.16	2.95
6	0.16	2.02
intended	0.16	2.48
temperature	0.16	1.58
import	0.16	1.54
studies	0.16	2.19
whats	0.17	1.71
hit	0.17	2.18
historically	0.17	2.00
reading	0.17	2.97
material	0.17	1.83
resistance	0.17	1.32
family	0.17	1.87
naming	0.17	1.63
monthly	0.17	1.65
iirc	0.17	1.75
beers	0.17	1.58
sometimes	0.17	2.23
spam	0.17	2.12
min	0.17	1.86
cold	0.17	1.15
aggregate	0.17	1.78
concepts	0.17	2.50
2.5	0.17	1.72
four	0.17	2.28
implication	0.17	2.97
searching	0.17	2.05
involve	0.17	1.80
changing	0.18	1.98
required	0.18	2.28
neither	0.18	2.01
subscribed	0.18	2.01
meaningless	0.18	1.92
m	0.18	3.47
anecdotal	0.18	2.58
stat	0.18	1.98
classify	0.18	2.02
writing	0.18	2.22
board	0.18	1.72
masters	0.18	1.70
options	0.18	1.90
codes	0.18	1.72
double	0.18	1.92
taller	0.18	1.65
improved	0.18	1.62
needing	0.18	2.36
firm	0.18	1.72
importance	0.18	1.85
cap	0.18	1.81
noted	0.18	2.14
explained	0.18	2.20
general	0.18	2.06
usage	0.18	1.62
p	0.18	2.05
objective	0.18	1.97
customers	0.19	1.66
meat	0.19	1.39
surprising	0.19	2.67
regularly	0.19	1.59
stretch	0.19	2.29
cognitive	0.19	1.81
seven	0.19	2.13
outliers	0.19	1.76
homeless	0.19	1.67
calculated	0.19	1.84
height	0.19	1.61
applications	0.19	1.73
floor	0.19	1.56
3	0.19	2.07
county	0.19	1.39
speed	0.19	1.66
sampling	0.19	1.83
farms	0.19	1.52
current	0.19	2.07
rankings	0.19	1.73
techniques	0.19	1.75
accounting	0.20	1.67
textbooks	0.20	1.72
responses	0.20	2.56
sat	0.20	1.78
reaction	0.20	1.94
low	0.20	1.61
consuming	0.20	1.75
providers	0.20	1.68
pace	0.20	1.67
valley	0.20	1.32
arizona	0.20	1.55
insanely	0.20	2.03
okcupid	0.20	1.75
screen	0.20	1.86
fails	0.20	1.76
unreasonable	0.20	2.32
evenly	0.20	1.96
loans	0.20	1.60
utility	0.20	1.48
backed	0.20	2.00
electricity	0.20	1.42
misread	0.20	3.77
creepy	0.20	1.49
set	0.21	2.20
track	0.21	1.78
software	0.21	1.72
stay	0.21	2.15
hardly	0.21	1.82
hill	0.21	1.42
five	0.21	2.22
boundaries	0.21	1.68
beyond	0.21	2.07
academic	0.21	1.92
scientific	0.21	2.19
noise	0.21	1.78
aircraft	0.21	1.45
pointed	0.21	3.00
service	0.21	1.74
lawyers	0.21	1.83
gaining	0.21	1.71
defines	0.21	1.79
squares	0.21	1.65
return	0.21	1.88
balance	0.21	1.64
removing	0.21	1.75
sort	0.21	3.01
interestingly	0.21	1.88
stand	0.22	2.98
agree	0.22	4.80
ran	0.22	1.85
reasoning	0.22	2.42
measures	0.22	1.86
requirements	0.22	1.80
r/atheism	0.22	1.67
weather	0.22	1.58
insult	0.22	1.97
items	0.22	1.58
depend	0.22	2.49
examples	0.22	2.33
appeal	0.22	1.75
highly	0.22	2.32
dig	0.22	2.38
positions	0.22	1.80
maintaining	0.22	1.72
connect	0.22	2.10
locations	0.22	1.54
demonstrate	0.22	2.73
registered	0.22	1.92
eg	0.22	1.48
customer	0.22	1.65
metrics	0.22	2.12
recording	0.22	1.79
density	0.22	1.53
newer	0.22	1.63
deals	0.23	1.82
albeit	0.23	2.24
controversial	0.23	1.99
calculations	0.23	2.05
girlfriend	0.23	1.71
meals	0.23	1.41
incomplete	0.23	2.38
dog	0.23	1.64
scores	0.23	1.79
itself	0.23	2.18
measurement	0.23	1.81
electrical	0.23	1.57
iphone	0.23	1.66
servers	0.23	1.79
o	0.23	1.93
wind	0.23	1.38
degree	0.23	1.65
error	0.23	1.90
compare	0.23	2.71
purely	0.23	2.02
invented	0.23	1.83
1	0.23	1.89
arguments	0.24	2.54
chrome	0.24	2.09
hardware	0.24	1.58
exposed	0.24	1.72
excited	0.24	2.89
uncle	0.24	1.83
reflects	0.24	1.78
offers	0.24	1.79
indicate	0.24	2.42
reports	0.24	1.74
weak	0.24	1.81
shall	0.24	1.97
c	0.24	2.03
surveys	0.24	2.61
automatically	0.24	1.59
scroll	0.24	2.01
performing	0.24	2.22
near	0.24	1.85
danger	0.24	2.08
app	0.25	2.03
rome	0.25	1.38
samples	0.25	1.88
round	0.25	1.76
products	0.25	1.45
revenue	0.25	1.64
surface	0.25	1.47
tricky	0.25	1.90
theoretically	0.25	2.63
known	0.25	2.55
pulled	0.25	2.13
criteria	0.25	2.02
waiting	0.25	1.90
participate	0.25	2.23
trip	0.25	1.68
textbook	0.25	1.73
bandwidth	0.25	1.71
interests	0.25	1.67
facing	0.25	1.69
forgotten	0.25	2.35
learning	0.25	2.37
bachelors	0.25	1.67
hungry	0.25	1.51
stability	0.25	1.58
brings	0.26	1.98
faces	0.26	1.83
maximum	0.26	1.81
rush	0.26	1.89
specify	0.26	2.88
given	0.26	2.68
immediately	0.26	2.50
se	0.26	1.82
800	0.26	1.69
prefer	0.26	1.97
accent	0.26	1.53
affected	0.26	1.84
e.g	0.26	1.93
changed	0.26	2.38
speeds	0.26	1.70
property	0.26	1.66
requirement	0.26	1.59
feed	0.26	1.49
ends	0.26	1.63
windows	0.26	1.67
comments	0.26	2.22
versions	0.26	1.61
ton	0.27	1.94
coverage	0.27	1.49
hot	0.27	1.43
amazon	0.27	1.53
below	0.27	1.95
interpreted	0.27	2.64
company	0.27	1.65
severely	0.27	2.08
surrounded	0.27	1.45
many	0.27	2.34
zero	0.27	2.13
animal	0.27	1.51
grocery	0.27	1.50
built	0.27	1.80
scope	0.27	1.88
statistically	0.27	2.27
accounted	0.27	1.75
travel	0.27	1.55
t	0.27	2.02
random	0.27	1.89
predicted	0.27	1.89
angry	0.27	2.44
figures	0.27	2.20
usual	0.27	1.64
circle	0.27	1.67
beats	0.27	1.68
repeated	0.27	2.20
wild	0.28	1.71
lately	0.28	2.33
platform	0.28	1.77
field	0.28	1.80
finish	0.28	1.90
converted	0.28	1.64
expressed	0.28	1.66
used	0.28	1.88
turnout	0.28	1.61
helping	0.28	2.62
grant	0.28	1.73
commercial	0.28	1.64
national	0.28	1.72
strictly	0.28	2.01
logic	0.28	2.25
phone	0.28	1.69
thought	0.28	2.95
putting	0.28	2.54
iq	0.28	1.81
competition	0.28	1.64
sent	0.28	2.07
dating	0.28	1.70
subreddits	0.29	1.79
within	0.29	2.12
whose	0.29	1.56
indicator	0.29	1.80
measured	0.29	1.75
questions	0.29	2.84
load	0.29	1.79
lake	0.29	1.28
android	0.29	1.68
randomly	0.29	1.74
awkward	0.29	1.90
4	0.29	1.92
told	0.29	2.45
photo	0.29	1.74
their	0.29	2.18
distance	0.29	1.57
k	0.29	1.77
properties	0.29	1.65
amounts	0.29	1.82
businesses	0.29	1.55
dependent	0.29	2.20
michael	0.29	1.79
advances	0.29	1.59
otherwise	0.29	3.39
target	0.29	2.09
shit	0.29	1.93
overly	0.30	2.15
six	0.30	2.09
chicken	0.30	1.29
sheet	0.30	1.72
afraid	0.30	3.29
poorly	0.30	1.96
snow	0.30	1.36
tons	0.30	2.01
operate	0.30	1.73
mechanism	0.30	2.16
measure	0.30	2.00
both	0.30	2.83
attribute	0.30	2.02
overseas	0.30	1.60
device	0.30	1.73
incorrect	0.30	4.14
actors	0.30	1.32
conclusions	0.30	2.67
tone	0.30	1.95
submissions	0.30	1.85
analogy	0.30	2.25
santa	0.30	1.62
correctly	0.30	4.25
paths	0.30	1.59
based	0.30	2.41
traditionally	0.31	1.34
animals	0.31	1.48
select	0.31	2.00
other	0.31	2.55
stands	0.31	2.72
9	0.31	1.84
upvote	0.31	2.15
earned	0.31	1.71
per	0.31	1.61
obtained	0.31	1.82
realize	0.31	3.45
programmers	0.31	1.68
collect	0.31	1.93
nowadays	0.31	1.75
heavy	0.31	1.62
root	0.31	1.79
comparisons	0.31	2.03
reddit	0.31	1.87
developers	0.31	1.53
pocket	0.31	1.91
averages	0.31	1.75
bits	0.31	1.65
os	0.31	1.70
debt	0.31	1.65
boxes	0.31	1.66
water	0.31	1.30
combine	0.32	1.82
boost	0.32	1.65
sometime	0.32	2.31
constant	0.32	1.90
exclusively	0.32	1.59
analyze	0.32	2.41
slide	0.32	1.83
sets	0.32	1.78
literal	0.32	2.05
instance	0.32	1.74
named	0.32	1.67
twenty	0.32	2.16
safer	0.32	1.53
gave	0.32	2.31
pound	0.32	1.50
operation	0.32	1.71
structure	0.32	1.59
roi	0.32	1.78
written	0.32	1.84
flights	0.32	1.58
cell	0.32	1.58
conversation	0.33	2.14
subs	0.33	1.78
provider	0.33	1.81
devices	0.33	1.79
lets	0.33	2.77
lady	0.33	1.70
refers	0.33	2.16
heck	0.33	2.06
lesbian	0.33	1.35
understood	0.33	2.78
bin	0.33	1.72
win	0.33	1.79
neighborhoods	0.33	1.46
bmi	0.33	1.69
wall	0.33	1.64
iron	0.33	1.71
conscious	0.33	2.33
bot	0.34	1.85
findings	0.34	2.19
first	0.34	3.36
smarter	0.34	1.79
versus	0.34	1.66
limited	0.34	1.96
subscribe	0.34	2.14
outlier	0.34	2.33
vary	0.34	2.07
correlations	0.34	1.97
boys	0.34	1.59
output	0.34	1.41
install	0.34	1.76
users	0.34	1.69
skeptical	0.34	2.23
texts	0.34	1.81
responsible	0.34	1.94
equate	0.34	1.78
scientist	0.34	2.07
mandatory	0.34	1.76
fyi	0.34	1.63
suggested	0.34	1.69
lacking	0.34	2.40
variables	0.34	2.27
developer	0.35	2.12
yours	0.35	2.56
f	0.35	2.03
contributes	0.35	1.49
stories	0.35	1.93
beneficial	0.35	1.76
seems	0.35	2.81
guessed	0.35	2.88
intervals	0.35	2.02
admittedly	0.35	1.80
heads	0.35	1.70
plant	0.35	1.41
yards	0.35	1.80
straight	0.35	1.71
river	0.35	1.33
listed	0.35	1.89
ranges	0.35	1.61
loving	0.36	1.41
intelligence	0.36	1.75
sorts	0.36	1.65
reflect	0.36	2.27
hanging	0.36	1.77
farm	0.36	1.57
plenty	0.36	2.24
1984	0.36	1.64
proposed	0.36	1.75
networks	0.36	1.69
addition	0.36	1.53
distributed	0.36	1.84
shocking	0.36	2.52
placed	0.36	2.09
addressed	0.36	2.60
performance	0.36	1.53
condoms	0.36	1.65
desert	0.36	1.23
expansion	0.36	1.69
blow	0.36	1.96
apple	0.36	1.60
bugs	0.36	1.70
shipping	0.36	1.63
tea	0.36	1.54
relatively	0.36	2.15
ease	0.36	1.68
requests	0.36	2.39
precisely	0.36	3.09
expand	0.37	1.54
gates	0.37	1.47
pop	0.37	1.55
lab	0.37	2.06
surprisingly	0.37	2.05
crops	0.37	1.51
g	0.37	2.06
illustrate	0.37	2.47
testing	0.37	1.77
camera	0.37	1.62
assuming	0.37	4.48
thesis	0.37	1.90
heat	0.37	1.45
looking	0.37	3.76
tie	0.37	1.73
deleted	0.37	2.31
v	0.37	1.45
bringing	0.37	2.35
mile	0.37	1.58
n	0.38	1.82
rolling	0.38	1.85
above	0.38	2.31
curiosity	0.38	1.80
legitimate	0.38	2.07
affordable	0.38	1.68
broke	0.38	1.61
own	0.38	2.05
productivity	0.38	1.54
planned	0.38	1.68
provided	0.38	2.06
indeed	0.38	2.78
fiber	0.38	1.61
educated	0.38	1.70
sign	0.38	2.01
success	0.38	1.88
youtube	0.38	1.30
feet	0.38	1.68
correlates	0.39	1.56
jump	0.39	2.16
subtle	0.39	2.14
nj	0.39	1.48
theres	0.39	1.65
dot	0.39	1.76
comcast	0.39	1.74
trend	0.39	2.01
hole	0.39	1.65
stick	0.39	1.95
establish	0.39	2.11
ma	0.39	1.56
technology	0.39	1.53
letters	0.39	1.54
minute	0.39	1.72
confirmed	0.39	1.92
correlate	0.39	1.84
limit	0.39	1.87
hell	0.39	2.55
culturally	0.40	1.91
2	0.40	1.97
opponent	0.40	1.69
report	0.40	1.89
butt	0.40	1.80
stated	0.40	2.62
follow	0.40	2.20
baseline	0.40	1.92
fish	0.40	1.41
buildings	0.40	1.49
wheel	0.40	1.61
addresses	0.40	1.91
goals	0.41	1.84
0	0.41	1.90
forms	0.41	1.66
finance	0.41	1.72
bird	0.41	1.96
square	0.41	1.54
8	0.41	1.74
ping	0.41	2.44
leadership	0.41	1.67
genes	0.41	1.78
abilities	0.41	1.81
bear	0.41	1.43
transition	0.41	1.70
represented	0.41	1.94
commented	0.42	2.69
suddenly	0.42	1.97
beginning	0.42	1.77
viewer	0.42	1.91
pieces	0.42	2.28
his	0.42	2.02
statement	0.42	2.97
applicable	0.42	2.14
drought	0.42	1.47
print	0.42	2.14
misunderstanding	0.42	4.31
fast	0.42	1.97
sound	0.42	2.37
town	0.42	1.46
insignificant	0.42	2.24
generous	0.42	1.92
perfectly	0.42	2.41
ended	0.42	1.79
small	0.42	1.68
assumed	0.42	2.60
earning	0.42	1.72
alot	0.42	1.89
types	0.42	2.02
topic	0.42	2.48
glad	0.42	2.99
wide	0.43	1.55
skilled	0.43	1.89
methods	0.43	1.90
replies	0.43	2.35
local	0.43	1.57
7	0.43	1.79
euro	0.43	1.46
compete	0.43	1.99
base	0.43	1.76
additionally	0.43	1.70
statements	0.43	2.69
user	0.43	1.59
salary	0.43	1.79
published	0.43	2.03
i.e	0.43	1.92
study	0.43	2.22
penis	0.43	1.58
warning	0.43	1.94
value	0.43	1.71
method	0.43	1.80
whatsoever	0.43	2.22
assigned	0.44	1.86
250	0.44	1.69
internet	0.44	1.72
store	0.44	1.47
gerrymandering	0.44	1.61
observations	0.44	2.35
browsing	0.44	1.90
excluding	0.44	1.81
economist	0.44	1.93
farmers	0.44	1.46
card	0.45	1.66
suppose	0.45	4.43
connection	0.45	1.94
missing	0.45	4.28
initial	0.45	2.09
lived	0.45	1.87
guessing	0.45	3.09
frequently	0.45	1.57
fake	0.45	1.68
cards	0.45	1.67
option	0.45	3.11
tree	0.45	1.73
gaming	0.45	1.44
using	0.46	1.84
station	0.46	1.52
founded	0.46	1.64
wondering	0.46	3.44
domain	0.46	1.80
three	0.46	2.21
ridiculously	0.46	2.05
each	0.46	1.94
involved	0.46	1.36
jack	0.46	1.67
gather	0.46	2.33
significance	0.46	2.08
air	0.46	1.38
designed	0.47	2.20
mobile	0.47	1.68
provide	0.47	2.37
frequent	0.47	1.81
request	0.47	2.04
conversations	0.47	2.39
marginal	0.47	1.72
submission	0.47	1.72
yesterday	0.47	1.96
several	0.47	2.12
microsoft	0.47	1.72
austin	0.47	1.45
technical	0.47	1.94
searches	0.47	1.52
fresh	0.48	1.47
algorithms	0.48	2.01
steady	0.48	1.78
require	0.48	1.77
intention	0.48	2.43
marks	0.48	1.72
checks	0.48	1.57
contrast	0.48	1.43
represents	0.48	2.00
inclined	0.48	2.71
clicked	0.48	2.48
bases	0.48	1.62
throughout	0.48	1.64
solar	0.48	1.40
effectiveness	0.48	1.81
goal	0.48	1.88
papers	0.48	2.02
threshold	0.48	1.84
selected	0.48	1.77
rain	0.49	1.51
words	0.49	1.55
nearest	0.49	1.60
met	0.49	1.95
gathered	0.49	2.04
commonly	0.49	2.18
ties	0.49	1.63
walmart	0.49	1.53
flow	0.49	1.39
sensitive	0.49	1.82
labelled	0.49	1.98
rarely	0.49	2.02
abstract	0.49	1.88
particular	0.50	2.14
shortest	0.50	1.84
ignored	0.50	1.85
followed	0.50	1.57
measurements	0.50	1.80
range	0.50	1.88
journal	0.50	1.97
java	0.50	1.74
moves	0.50	1.92
favourite	0.50	1.48
depending	0.50	2.31
catch	0.50	1.98
indicative	0.50	1.76
virus	0.50	1.63
cable	0.50	1.63
narrow	0.50	1.90
neutral	0.50	1.97
ocean	0.50	1.19
pair	0.50	1.67
satellite	0.50	1.58
girl	0.50	1.60
waves	0.50	1.60
magic	0.50	1.94
recently	0.50	2.65
suburbs	0.51	1.49
uni	0.51	1.66
send	0.51	2.57
rational	0.51	1.91
ed	0.51	1.61
suburb	0.51	1.47
informed	0.51	1.82
receiving	0.51	1.75
medium	0.51	1.74
tickets	0.51	1.61
normalized	0.51	2.08
consensus	0.51	2.17
respect	0.51	1.50
read	0.52	2.27
understandable	0.52	2.63
button	0.52	1.85
discussed	0.52	2.21
plan	0.52	1.76
notes	0.52	1.85
discussion	0.52	2.45
ideal	0.52	1.70
101	0.52	1.90
widespread	0.52	1.86
network	0.52	1.68
37	0.52	1.75
regards	0.52	2.15
prominent	0.52	1.72
condition	0.53	1.65
seriously	0.53	2.55
content	0.53	1.68
apply	0.53	2.33
lt	0.53	1.94
difficulty	0.53	1.86
puts	0.53	1.89
copy	0.53	1.78
reached	0.53	2.07
netflix	0.53	1.59
gps	0.53	1.77
browser	0.53	1.74
contain	0.53	1.21
measuring	0.53	1.68
represent	0.54	1.77
ball	0.54	2.07
readers	0.54	1.91
two	0.54	2.19
referred	0.54	2.35
ie	0.54	1.42
observation	0.54	1.91
applied	0.54	1.81
ip	0.54	1.79
essential	0.54	1.79
made	0.54	2.73
processing	0.55	1.70
tour	0.55	1.51
thrown	0.55	2.11
drawn	0.55	1.93
upon	0.55	2.26
remove	0.55	1.75
isolated	0.55	1.64
redditor	0.56	2.18
pages	0.56	1.79
cluster	0.56	1.61
streets	0.56	1.46
websites	0.56	1.74
inside	0.56	1.48
dataisbeautiful	0.56	1.64
explaining	0.56	2.67
cycle	0.56	1.49
submit	0.56	2.13
pictures	0.56	1.68
connections	0.56	1.67
fans	0.56	1.99
mcdonalds	0.57	1.69
jennifer	0.57	1.45
stations	0.57	1.39
aspect	0.57	2.00
variable	0.57	2.00
noting	0.57	2.05
replied	0.57	3.04
few	0.57	2.23
look	0.57	3.48
despite	0.58	1.78
reviews	0.58	1.20
part	0.58	2.51
shops	0.58	1.46
jordan	0.58	3.30
collected	0.58	1.93
intelligent	0.58	1.73
matrix	0.58	1.37
viable	0.58	1.88
pronounced	0.58	1.65
block	0.58	1.71
associate	0.59	1.49
regular	0.59	1.61
unclear	0.59	4.19
meant	0.59	4.23
neighbor	0.59	1.57
font	0.59	1.72
explanations	0.59	2.06
belt	0.59	1.49
pro	0.59	2.15
ill	0.59	1.75
sending	0.59	2.08
ought	0.60	1.96
marketing	0.60	1.35
operating	0.60	1.74
thread	0.60	2.69
expert	0.60	2.82
profitable	0.60	2.09
statistical	0.60	1.88
earlier	0.60	2.53
stable	0.60	1.66
paper	0.60	2.04
friend	0.60	1.89
problematic	0.60	1.75
connected	0.60	1.76
offering	0.60	2.10
units	0.61	1.87
spell	0.61	2.05
form	0.61	1.92
code	0.61	1.77
books	0.61	1.75
internal	0.61	1.56
potentially	0.61	1.43
meta	0.61	1.52
checked	0.61	1.81
quote	0.61	2.43
strategy	0.62	1.94
park	0.62	1.31
allows	0.62	1.88
blank	0.62	1.77
upload	0.62	1.80
terms	0.62	2.23
busy	0.62	1.93
messages	0.62	2.08
viewing	0.62	1.42
looked	0.62	3.15
filling	0.63	1.87
fashion	0.63	1.81
campus	0.63	1.66
widely	0.63	1.89
tweet	0.63	1.65
include	0.63	2.57
tracking	0.63	1.69
rough	0.64	2.50
scales	0.64	1.98
rules	0.64	1.79
variety	0.64	1.99
setting	0.64	1.76
10,000	0.64	1.63
creator	0.64	2.48
gross	0.64	1.49
lights	0.64	1.84
communication	0.64	1.73
subway	0.64	1.48
painful	0.64	1.83
points	0.64	2.05
practical	0.64	2.03
plays	0.64	1.70
joke	0.65	2.37
respective	0.65	1.81
compiled	0.65	1.97
frame	0.65	2.06
knowledge	0.65	2.09
varying	0.65	1.91
x	0.65	1.91
manhattan	0.65	1.56
requires	0.65	1.82
bizarre	0.65	1.87
accuracy	0.65	1.92
particularly	0.65	2.26
vs	0.65	1.88
contains	0.65	1.48
standpoint	0.65	2.05
ios	0.65	1.62
introduced	0.65	1.68
visited	0.66	1.95
basic	0.66	1.85
visiting	0.66	1.88
stats	0.66	2.45
signs	0.66	1.44
score	0.66	1.57
100k	0.66	1.64
clubs	0.66	1.75
borders	0.67	1.57
warm	0.67	1.36
seeing	0.67	3.44
hills	0.67	1.35
adding	0.67	2.18
full	0.67	2.21
famous	0.68	1.24
hypothesis	0.68	2.45
news	0.68	1.61
document	0.68	1.80
mod	0.68	1.86
gold	0.68	1.83
irony	0.68	2.19
posted	0.68	2.74
originally	0.68	2.88
note	0.68	2.76
purposes	0.68	1.82
nope	0.69	1.94
publish	0.69	1.96
counter	0.69	2.26
articles	0.69	1.99
context	0.69	2.37
distinct	0.69	1.70
apps	0.69	1.67
fox	0.69	1.56
draw	0.69	2.27
zoom	0.69	2.37
those	0.70	2.32
messed	0.70	2.92
traveling	0.70	1.69
complexity	0.70	1.60
hollywood	0.70	1.46
functions	0.70	1.73
available	0.70	1.90
marked	0.70	1.86
typically	0.70	2.14
shapes	0.70	1.69
recall	0.71	2.32
observed	0.71	1.96
correspond	0.71	1.55
table	0.71	1.94
email	0.71	2.03
besides	0.72	1.53
comparing	0.72	2.02
ads	0.72	1.56
manually	0.72	1.82
worthy	0.72	1.98
values	0.72	1.91
complicated	0.72	1.53
fruit	0.72	1.50
media	0.72	1.43
lay	0.72	2.00
finally	0.72	2.62
mail	0.73	1.87
google	0.73	1.71
tells	0.73	2.43
standard	0.74	1.74
length	0.74	1.43
shown	0.74	2.26
name	0.74	1.56
training	0.74	1.74
indication	0.74	2.15
damned	0.74	1.77
write	0.74	2.03
hear	0.74	2.70
ideas	0.74	2.01
street	0.74	1.65
crowd	0.74	1.59
existing	0.75	1.86
division	0.75	1.72
skills	0.75	1.92
theories	0.75	1.82
labeled	0.75	2.19
static	0.75	1.56
retired	0.75	1.58
lines	0.75	1.71
flash	0.75	1.35
rating	0.75	1.32
legend	0.75	1.86
depressing	0.75	2.35
geographic	0.75	1.64
applies	0.75	2.14
creating	0.75	1.59
taste	0.76	1.18
comparable	0.76	1.81
trips	0.76	1.75
porn	0.76	1.32
theoretical	0.76	2.06
previous	0.76	2.18
effectively	0.76	2.14
online	0.76	1.76
ol	0.77	1.72
contained	0.77	1.92
brother	0.77	1.81
drawing	0.77	2.05
adds	0.77	1.64
scored	0.77	1.94
whole	0.77	1.79
club	0.77	1.70
fan	0.77	2.25
bachelor	0.77	1.56
unlikely	0.77	2.25
direct	0.78	2.24
dramatic	0.78	1.81
spot	0.78	1.82
kevin	0.78	1.55
exclusive	0.78	2.03
checking	0.78	1.62
download	0.78	1.79
apparent	0.78	1.79
strongest	0.78	2.73
balanced	0.78	2.11
kinds	0.78	2.00
necessary	0.79	2.31
letter	0.79	1.72
pool	0.79	1.84
technique	0.79	1.56
impossible	0.79	2.69
sentence	0.79	1.56
location	0.79	1.88
lots	0.79	1.98
importantly	0.79	1.68
text	0.79	2.02
critical	0.79	2.10
these	0.79	2.21
slope	0.79	1.63
olympics	0.80	1.71
aside	0.80	2.01
estimate	0.80	1.61
gon	0.81	2.23
meet	0.81	1.95
path	0.81	1.88
homes	0.81	1.58
yearly	0.81	1.64
expecting	0.81	2.27
eye	0.81	1.76
intent	0.81	3.22
message	0.81	2.27
hmmm	0.81	2.05
summary	0.82	2.04
tech	0.82	1.41
mainstream	0.82	1.56
r	0.82	1.96
offset	0.82	1.78
y	0.82	1.92
custom	0.82	1.80
exponential	0.82	1.84
description	0.82	1.92
twice	0.82	2.26
site	0.83	1.78
ceo	0.83	1.61
stream	0.83	1.27
api	0.83	1.83
page	0.83	1.99
posts	0.83	1.93
kidding	0.83	2.27
niche	0.83	1.75
phones	0.83	1.59
confirm	0.83	1.51
rare	0.84	2.02
economically	0.84	1.76
names	0.84	1.48
concerns	0.84	2.25
validity	0.84	2.01
hearing	0.84	1.82
meh	0.84	2.56
stack	0.84	1.61
efficiency	0.84	1.45
downward	0.84	1.83
section	0.85	2.04
kind	0.85	2.53
peer	0.85	1.97
hobby	0.85	1.59
easier	0.85	2.54
deeper	0.85	1.68
challenge	0.85	2.06
release	0.85	1.46
sites	0.86	1.66
improvements	0.86	1.73
jackson	0.86	1.42
circles	0.86	1.65
extension	0.86	1.75
comparison	0.86	2.19
minimal	0.86	1.61
relative	0.86	1.88
covers	0.86	1.38
youth	0.87	1.69
experiment	0.87	1.76
guaranteed	0.87	1.72
super	0.87	2.02
regarding	0.87	2.16
geography	0.87	1.65
record	0.87	1.55
initially	0.87	2.12
enormous	0.87	1.67
box	0.88	1.60
whilst	0.88	1.63
monopoly	0.88	1.92
various	0.88	2.04
posting	0.88	1.97
shame	0.88	1.95
wherever	0.88	1.87
bored	0.88	2.42
subscribers	0.88	1.50
representing	0.88	1.78
brilliant	0.88	2.34
mirror	0.88	1.75
athletes	0.88	2.04
recorded	0.89	1.77
studio	0.89	1.16
cat	0.89	1.45
csv	0.89	1.74
keeping	0.89	1.82
noticed	0.89	2.04
saw	0.89	2.48
competitive	0.89	1.56
laid	0.89	1.87
submitted	0.89	2.02
defaults	0.89	1.73
analysis	0.89	2.11
underlying	0.89	1.94
quickly	0.90	2.34
pretty	0.90	2.60
identical	0.90	1.97
returns	0.90	1.69
blocks	0.90	1.58
distributions	0.90	1.83
ultimate	0.90	2.62
label	0.91	2.10
key	0.91	2.34
progressive	0.91	1.55
labeling	0.91	1.91
column	0.91	1.95
equation	0.91	1.84
skill	0.91	1.93
matches	0.91	1.86
suspicious	0.92	2.26
easily	0.92	2.88
clicking	0.92	1.90
sources	0.92	2.05
apartment	0.92	1.39
typical	0.92	2.03
stone	0.92	1.56
task	0.92	1.83
arts	0.92	1.43
casual	0.93	1.86
guarantee	0.93	2.27
scoring	0.93	2.24
restaurants	0.93	1.37
david	0.94	1.53
mountain	0.94	1.44
nearby	0.94	1.73
file	0.94	1.80
wiki	0.94	2.07
moon	0.94	1.55
professional	0.94	2.08
manufacturing	0.94	1.61
solutions	0.95	2.12
uniform	0.95	1.66
search	0.95	1.87
loads	0.95	2.48
hope	0.95	3.09
subreddit	0.95	1.73
agreed	0.95	2.25
manner	0.96	1.94
delete	0.96	2.08
na	0.96	2.29
methodology	0.96	2.00
sub	0.96	1.75
mentioning	0.96	2.01
technically	0.96	3.79
ladies	0.96	1.70
quantitative	0.96	1.87
frequency	0.96	1.59
cloud	0.96	1.57
library	0.97	1.79
odd	0.97	2.74
playing	0.97	2.32
diverse	0.97	1.38
channel	0.97	1.39
linked	0.97	2.22
houses	0.97	1.51
balls	0.97	1.75
reasonably	0.98	2.16
proper	0.98	1.86
labels	0.98	1.93
cited	0.98	2.07
grid	0.98	1.61
y-axis	0.99	1.95
hilarious	0.99	2.25
dogs	0.99	1.68
personal	0.99	2.11
discussions	0.99	1.92
click	0.99	1.91
features	0.99	1.53
script	1.00	1.83
axes	1.00	1.99
create	1.00	1.89
directly	1.00	2.62
overlap	1.00	2.00
different	1.00	2.10
website	1.01	2.01
cumulative	1.01	1.79
scared	1.01	2.51
generated	1.01	1.97
scale	1.01	1.87
algorithm	1.01	1.94
imdb	1.02	1.34
better	1.02	2.87
wait	1.02	2.55
thoughts	1.02	1.83
realized	1.02	2.12
predictions	1.02	1.89
percentages	1.02	1.87
numerous	1.03	1.75
stuck	1.03	1.58
cup	1.04	1.69
book	1.04	1.71
accurately	1.05	2.71
motivated	1.05	1.54
proportional	1.05	1.81
understanding	1.05	2.19
details	1.05	1.88
ultimately	1.05	1.53
formula	1.05	1.90
interpretation	1.06	2.11
beach	1.06	1.31
displayed	1.06	1.72
repost	1.06	2.09
determining	1.06	2.71
films	1.07	1.29
article	1.07	2.32
showed	1.07	2.28
solution	1.07	2.38
resolution	1.07	1.83
radio	1.07	1.50
difficult	1.07	2.43
another	1.07	3.01
explains	1.07	1.61
ambiguous	1.07	3.19
yes	1.07	4.13
pdf	1.07	2.06
title	1.07	2.61
breaking	1.08	1.32
channels	1.08	1.36
axis	1.08	1.95
vertical	1.08	1.87
logarithmic	1.08	1.93
trends	1.08	2.08
been	1.08	2.19
files	1.09	1.70
logical	1.09	2.47
development	1.09	1.39
scaled	1.09	1.79
ironically	1.09	1.78
whatever	1.09	2.62
surprise	1.09	1.78
house	1.09	1.42
appearance	1.09	1.66
upset	1.09	2.53
tools	1.09	1.98
mildly	1.09	1.98
released	1.10	1.61
python	1.10	1.82
broad	1.10	2.25
project	1.10	2.01
lord	1.10	1.60
guidelines	1.10	1.94
sharp	1.11	1.89
linking	1.11	2.26
log	1.11	1.89
truth	1.11	3.58
guide	1.11	1.82
didnt	1.11	2.77
seemed	1.11	1.93
sorted	1.11	1.78
complex	1.11	1.96
filter	1.11	1.83
digital	1.11	1.64
wan	1.11	2.14
bell	1.12	1.76
compares	1.12	1.55
input	1.12	1.51
bars	1.12	1.73
character	1.12	1.37
r/dataisbeautiful	1.12	1.78
scheme	1.12	1.77
depth	1.12	1.91
stating	1.13	3.74
boss	1.13	1.51
absolute	1.13	2.05
outcome	1.14	2.85
formatting	1.14	1.81
game	1.14	2.18
sport	1.15	2.26
popular	1.15	1.61
visible	1.15	1.48
videos	1.15	1.19
hardcore	1.15	1.59
diagram	1.15	1.76
film	1.16	1.21
specific	1.16	2.15
viewers	1.16	1.45
dataset	1.16	1.91
enjoying	1.16	1.77
obvious	1.16	2.28
model	1.16	1.86
regional	1.17	1.61
web	1.17	1.74
add	1.17	2.42
immediate	1.17	1.67
metric	1.17	1.85
format	1.18	1.74
wikipedia	1.18	2.06
allowed	1.18	2.03
regression	1.18	1.85
convenient	1.18	1.89
fair	1.18	3.31
referring	1.18	3.58
database	1.18	1.74
package	1.18	1.74
bowl	1.18	1.61
rated	1.18	1.35
audience	1.19	1.60
mapping	1.19	1.58
readily	1.19	2.02
projection	1.19	1.60
diagrams	1.19	2.05
popularity	1.19	1.47
original	1.20	2.16
match	1.20	1.93
classic	1.20	1.53
clever	1.20	1.71
soccer	1.20	2.29
tastes	1.20	1.45
imgur	1.20	1.92
reposts	1.20	2.02
rank	1.21	2.72
totally	1.21	2.37
glance	1.21	2.34
link	1.21	2.08
efficient	1.21	1.77
u	1.21	1.91
latter	1.21	3.02
kingdom	1.21	1.18
images	1.21	1.60
show	1.22	1.73
realistic	1.22	1.66
manage	1.22	2.09
comment	1.22	2.57
chess	1.22	1.84
em	1.22	2.07
consistent	1.23	1.84
wording	1.23	3.13
bonus	1.23	1.72
function	1.23	1.86
suggests	1.23	2.05
sheer	1.23	1.47
boy	1.23	1.74
source	1.24	2.19
tornado	1.24	1.59
improvement	1.24	1.69
open	1.24	1.56
play	1.25	2.14
horizontal	1.25	1.85
url	1.25	1.93
team	1.25	2.39
baseball	1.25	2.45
curves	1.25	1.83
apples	1.25	2.56
reflected	1.25	1.73
rock	1.25	1.51
disappointed	1.25	2.14
provides	1.26	1.53
regard	1.26	1.56
spreadsheet	1.26	1.82
raw	1.26	1.77
oc	1.27	1.97
depends	1.27	3.56
cricket	1.27	2.05
basketball	1.27	2.46
dance	1.27	1.47
played	1.27	2.41
bucket	1.28	1.34
yep	1.28	2.10
vague	1.28	2.03
listened	1.28	1.67
holy	1.28	1.92
hockey	1.28	2.38
transfer	1.29	2.48
pal	1.29	1.97
r/infographics	1.29	1.98
players	1.29	2.45
line	1.29	1.82
ggplot2	1.29	1.82
linear	1.29	1.88
excel	1.29	1.79
teams	1.29	2.35
common	1.29	1.80
gt	1.29	2.02
um	1.29	1.95
oranges	1.30	2.48
matters	1.30	2.05
forward	1.30	1.68
close	1.31	2.94
has	1.31	2.02
post	1.31	2.02
detail	1.31	1.88
fit	1.31	2.05
mods	1.31	2.02
must	1.31	2.02
removed	1.31	2.01
faq	1.31	2.01
episode	1.31	1.38
sidebar	1.31	2.01
dynamic	1.32	1.51
graphs	1.32	1.79
shape	1.32	1.61
wtf	1.32	2.16
football	1.32	2.16
nfl	1.32	2.01
listen	1.32	1.67
sports	1.32	2.24
gives	1.32	2.17
league	1.32	2.35
blog	1.33	2.12
cite	1.33	2.03
authors	1.33	2.03
plotted	1.33	1.77
please	1.33	2.03
contact	1.33	2.03
response	1.34	2.56
expanded	1.34	1.31
unfortunately	1.34	2.25
titles	1.34	1.49
ft	1.34	1.52
unautomated	1.34	1.98
confusion	1.34	2.58
develop	1.34	1.73
band	1.34	1.54
job	1.34	2.12
important	1.35	2.50
generate	1.35	1.67
picture	1.35	2.07
wonder	1.35	3.19
gif	1.36	1.70
ha	1.36	2.00
convey	1.36	2.04
genuine	1.36	1.84
guys	1.36	1.82
kobe	1.36	3.12
discovered	1.36	1.79
infographics	1.36	1.99
tracks	1.36	1.46
mine	1.36	2.14
yo	1.36	1.81
worldwide	1.37	1.75
github	1.37	1.88
bands	1.37	1.60
review	1.37	2.00
via	1.37	1.69
precise	1.37	2.18
displays	1.38	1.83
term	1.38	3.11
plotting	1.38	1.78
visualization	1.38	2.01
x-axis	1.39	1.90
graph	1.39	2.22
author	1.39	2.26
figured	1.39	2.47
beauty	1.39	1.65
d3.js	1.40	1.91
javascript	1.40	1.89
nba	1.40	3.22
unhappy	1.41	2.57
hard	1.41	2.48
word	1.41	1.48
our	1.41	2.82
man	1.42	1.74
saved	1.42	1.70
chart	1.42	2.22
ratings	1.43	1.25
providing	1.43	1.84
lyrics	1.43	1.52
characters	1.43	1.35
electronic	1.44	1.49
mathematical	1.44	1.85
pie	1.44	1.63
seasons	1.44	1.41
trivial	1.44	2.05
exact	1.45	3.44
reader	1.45	2.07
song	1.45	1.60
image	1.45	2.03
displaying	1.45	1.74
television	1.45	1.25
fits	1.45	1.67
showing	1.46	2.10
piss	1.46	1.93
inspired	1.46	1.77
eve	1.46	1.77
describing	1.46	2.41
artists	1.46	1.61
here	1.47	3.04
created	1.47	1.89
player	1.47	3.16
movies	1.47	1.25
version	1.47	1.95
airline	1.47	1.36
finding	1.47	2.34
links	1.48	1.96
games	1.48	1.89
unusual	1.48	1.76
approach	1.49	1.75
edited	1.49	2.08
additional	1.49	1.89
artist	1.50	1.52
graphics	1.50	1.67
shows	1.50	1.66
vice	1.50	1.52
present	1.51	2.00
optimal	1.51	2.69
final	1.51	1.25
shaped	1.52	1.58
tv	1.52	1.24
talked	1.53	2.12
data	1.53	1.96
solid	1.53	1.84
harsh	1.53	2.18
smart	1.53	2.33
bar	1.54	1.77
telling	1.54	2.28
elsewhere	1.54	2.09
your	1.54	3.36
display	1.54	1.80
scatter	1.55	1.79
watching	1.55	1.18
tag	1.55	1.98
username	1.56	2.09
season	1.56	1.30
xkcd	1.56	1.77
saving	1.56	1.59
worried	1.56	2.28
plot	1.56	1.81
album	1.57	1.57
im	1.57	2.49
music	1.57	1.53
clean	1.57	1.48
arkansas	1.58	2.71
visualized	1.58	1.90
happier	1.58	2.31
episodes	1.59	1.36
concerned	1.59	2.65
familiar	1.59	2.55
comfortable	1.60	2.20
style	1.60	1.52
cute	1.60	1.59
apparently	1.60	2.14
distribution	1.61	1.76
criticism	1.61	1.78
easiest	1.61	2.59
listening	1.62	1.64
advertising	1.62	1.34
creative	1.62	1.67
edm	1.62	1.50
curve	1.63	1.85
watched	1.63	1.28
valid	1.63	3.21
reasonable	1.63	2.72
plots	1.64	1.75
whoa	1.64	1.72
rivers	1.65	1.23
convincing	1.65	2.10
accessible	1.65	1.72
explanation	1.65	2.32
simpler	1.66	2.42
eh	1.66	1.99
inner	1.68	1.21
genres	1.68	1.51
weird	1.68	2.76
exciting	1.69	1.37
luck	1.69	1.85
screenshot	1.69	1.83
plains	1.70	1.07
versa	1.70	1.58
update	1.71	1.70
metal	1.71	1.50
legit	1.72	1.65
uncommon	1.72	2.08
actual	1.72	3.13
clear	1.73	2.44
songs	1.73	1.51
hi	1.73	1.78
finale	1.73	1.40
genre	1.74	1.51
sadly	1.74	1.70
art	1.74	1.30
3d	1.74	1.72
tool	1.74	1.78
productive	1.75	2.36
watch	1.75	1.14
parks	1.75	1.20
approved	1.75	1.83
loop	1.76	1.59
easy	1.76	2.29
traveled	1.76	1.65
normal	1.77	1.83
dubstep	1.77	1.51
lol	1.77	2.12
knew	1.78	2.14
flair	1.79	1.82
spirit	1.79	1.41
politically	1.80	2.90
tables	1.80	1.72
charts	1.81	1.65
improve	1.81	1.76
tableau	1.81	1.78
curious	1.81	2.85
continuous	1.81	1.71
hmm	1.83	2.05
d3	1.84	1.76
mountains	1.84	1.11
applying	1.85	2.51
lakes	1.85	1.08
secure	1.87	2.35
geographical	1.87	1.29
grammar	1.87	2.35
entire	1.88	1.96
tho	1.88	1.79
readable	1.88	2.08
strange	1.88	2.56
series	1.89	1.20
clarify	1.90	3.25
reply	1.90	2.33
presenting	1.92	1.98
secret	1.93	1.97
buddy	1.93	1.91
forget	1.93	2.74
missed	1.93	2.45
correction	1.93	1.82
updated	1.93	2.04
nonetheless	1.95	1.71
corrected	1.95	1.84
advice	1.96	1.66
infographic	1.96	1.79
ya	1.96	1.98
timeline	1.96	1.50
happiness	1.96	2.35
pointing	1.97	2.88
liked	1.97	2.45
til	1.97	1.61
effective	1.97	1.92
stacked	1.98	1.71
dunno	1.98	1.80
perfect	1.98	2.33
special	1.98	1.64
heh	1.99	2.16
share	2.00	1.43
constructive	2.03	1.74
sarcasm	2.03	2.15
sigh	2.04	1.85
reliable	2.04	1.70
geographically	2.04	2.78
depressed	2.04	2.18
damn	2.06	2.33
graphic	2.06	2.03
fixed	2.07	1.84
aware	2.07	2.58
sorry	2.07	2.35
exposure	2.08	2.06
mistake	2.09	2.37
dexter	2.09	2.00
improving	2.09	1.48
thin	2.10	2.33
breaks	2.10	1.12
representation	2.11	1.81
financially	2.12	2.33
tough	2.12	2.10
bro	2.13	1.87
confident	2.13	2.32
presentation	2.14	1.78
detailed	2.14	1.61
alright	2.14	2.11
brothers	2.14	1.90
terrifying	2.16	2.38
information	2.18	1.97
video	2.18	1.11
fellow	2.19	2.16
apologize	2.19	2.30
dont	2.19	2.50
presented	2.19	1.93
possible	2.20	3.11
successful	2.22	2.37
impressed	2.22	1.91
swear	2.23	1.92
funny	2.23	2.12
insane	2.24	1.76
enjoy	2.24	1.72
ending	2.24	1.76
safe	2.24	1.96
reinstated	2.24	1.88
idk	2.25	2.29
added	2.28	1.87
map	2.28	1.75
novel	2.30	1.48
okay	2.30	2.11
entertainment	2.30	1.96
deep	2.30	2.30
visualizations	2.31	1.63
meaningful	2.32	1.90
eggs	2.33	1.92
ahh	2.33	1.78
50k	2.34	2.54
wow	2.34	2.38
op	2.34	2.68
valuable	2.35	1.70
citation	2.35	1.91
maps	2.36	1.60
edit	2.36	1.90
honest	2.36	2.50
occasionally	2.37	1.91
relevant	2.39	2.46
blows	2.40	1.91
apologies	2.40	1.96
visualize	2.40	1.67
10k	2.41	2.47
ideally	2.42	1.89
yeah	2.46	2.37
nah	2.46	1.97
unique	2.46	1.69
some	2.46	2.67
sounds	2.47	2.19
miss	2.47	2.09
clarification	2.47	1.84
ok	2.48	2.13
animation	2.53	1.57
abroad	2.53	2.00
huh	2.54	1.85
visually	2.54	1.78
occasional	2.55	1.81
shared	2.55	1.18
stuff	2.55	2.32
movie	2.57	1.88
worries	2.59	1.83
imo	2.61	2.03
thats	2.61	2.15
mate	2.63	1.89
accurate	2.64	2.39
feature	2.65	1.82
dude	2.66	1.97
forgot	2.66	1.87
visualisation	2.67	1.60
plausible	2.68	2.04
alternative	2.68	1.88
delicious	2.68	1.62
crazy	2.69	1.72
intuitive	2.69	1.76
progress	2.69	1.84
scene	2.70	1.53
story	2.74	1.98
yup	2.77	1.51
yea	2.78	2.12
clouds	2.78	1.73
genius	2.79	1.96
threw	2.79	2.06
explore	2.81	1.65
suggestion	2.82	1.63
talent	2.84	1.80
enjoyed	2.86	1.52
visual	2.87	1.83
hoping	2.90	1.92
opening	2.90	1.52
appropriate	2.92	2.28
viz	2.92	1.54
overlay	2.92	1.84
neighborhood	2.94	2.01
uh	2.94	1.87
appealing	2.96	1.83
freaking	2.97	1.48
nicer	2.98	1.80
interested	2.98	2.34
info	2.99	1.69
good	3.01	2.16
clearer	3.02	2.07
welcome	3.03	1.73
smooth	3.04	1.97
ta	3.04	1.79
lucky	3.04	1.80
favorite	3.05	1.80
comprehensive	3.12	1.59
insight	3.12	1.47
layout	3.13	1.93
cheers	3.13	1.63
oh	3.13	1.93
quick	3.14	1.87
recommend	3.21	1.30
ah	3.21	1.88
fancy	3.22	1.57
fuckin	3.22	1.71
beautiful	3.23	1.68
looks	3.25	2.00
similar	3.27	1.81
fun	3.27	1.63
hey	3.29	1.67
sir	3.31	1.78
haha	3.31	1.79
reminds	3.32	1.45
visit	3.38	1.63
useful	3.39	1.69
animated	3.44	1.60
histogram	3.45	1.63
breakdown	3.46	1.66
suggestions	3.47	1.70
check	3.51	1.79
documentary	3.51	1.21
simple	3.54	1.58
wish	3.56	1.65
great	3.66	1.23
impressive	3.66	1.43
appreciate	3.71	1.31
thanks	3.74	1.54
informative	3.77	1.56
sweet	3.80	1.40
interactive	3.87	1.48
incredible	3.89	0.93
interesting	3.89	1.48
nicely	3.92	1.65
btw	3.93	1.39
thank	4.09	1.31
feedback	4.14	1.23
helpful	4.18	1.36
decent	4.18	0.97
fascinating	4.24	0.99
cool	4.35	1.03
neat	4.51	0.84
sharing	4.64	0.74
excellent	4.69	0.63
wonderful	4.86	0.52
