worse	-7.19	1.42
suffer	-6.88	2.00
crappy	-6.58	2.45
shitty	-6.25	1.84
mess	-6.22	1.46
blame	-5.91	2.08
typical	-5.87	2.33
pain	-5.64	2.23
suck	-5.59	1.84
bad	-5.45	1.78
dying	-5.43	2.25
excuse	-5.39	1.80
dislike	-5.21	2.99
ms	-5.21	1.94
cancer	-5.02	2.37
death	-4.89	2.33
contain	-4.73	2.66
mental	-4.67	2.09
piss	-4.64	2.71
hostile	-4.59	2.14
rid	-4.58	2.31
killed	-4.56	2.31
negative	-4.54	2.35
addiction	-4.52	2.18
responsible	-4.49	2.34
supports	-4.44	3.14
4chan	-4.32	2.87
bitcoiners	-4.29	2.81
mixed	-4.27	2.53
follows	-4.19	3.06
overcome	-4.17	2.43
shame	-3.98	2.16
dust	-3.98	2.84
management	-3.96	2.71
pissed	-3.93	2.07
tries	-3.90	3.41
trolls	-3.90	3.18
decides	-3.87	3.45
mentions	-3.83	3.24
calls	-3.82	3.19
troll	-3.77	2.95
bite	-3.76	2.52
r/bitcoin	-3.76	3.20
sick	-3.75	1.94
ignore	-3.75	3.12
killing	-3.74	2.20
situation	-3.74	2.67
built	-3.74	3.80
hint	-3.74	2.66
haters	-3.72	3.37
ruin	-3.69	2.40
ugly	-3.69	2.30
situations	-3.68	2.99
retip	-3.66	3.08
harsh	-3.63	1.96
wants	-3.63	3.46
scenario	-3.63	3.18
fight	-3.60	2.57
hardly	-3.58	2.79
cry	-3.56	2.56
bot	-3.55	3.54
waste	-3.55	3.23
mentality	-3.47	3.03
similar	-3.46	2.75
dirty	-3.44	2.47
stress	-3.40	1.15
downvote	-3.37	3.38
please	-3.29	3.75
implying	-3.26	3.19
pun	-3.22	2.11
donating	-3.21	3.83
negativity	-3.21	2.82
health	-3.20	1.43
lame	-3.20	2.13
lie	-3.19	3.23
timing	-3.19	2.13
downvoted	-3.14	3.35
consider	-3.10	3.56
case	-3.09	3.04
creator	-3.09	3.50
damage	-3.08	1.10
plain	-3.07	2.26
proper	-3.07	2.78
dare	-3.05	3.36
regularly	-3.04	2.82
forgetting	-3.02	3.23
sans	-3.00	2.42
bloody	-2.91	2.14
screwed	-2.90	2.73
beat	-2.88	3.28
retarded	-2.88	2.19
anger	-2.83	2.44
lulz	-2.82	2.64
same	-2.82	3.30
struggle	-2.80	1.22
misleading	-2.78	3.30
angry	-2.77	1.30
fear	-2.75	2.71
began	-2.75	3.25
tough	-2.75	2.20
gon	-2.74	3.39
u/matthewpipie	-2.70	3.66
thinks	-2.66	3.13
usual	-2.61	1.46
talks	-2.60	3.13
harm	-2.60	1.06
na	-2.58	3.35
accidentally	-2.57	3.89
cares	-2.55	3.23
ignorance	-2.55	1.63
dr	-2.55	2.81
scared	-2.53	2.68
typed	-2.50	3.92
hearing	-2.48	2.63
annoying	-2.48	2.48
apologize	-2.48	1.80
evil	-2.46	2.92
supposed	-2.44	3.86
trolling	-2.43	1.92
messed	-2.43	3.64
touch	-2.42	1.15
offense	-2.41	1.21
typo	-2.41	3.85
decent	-2.40	1.25
tl	-2.40	2.87
likes	-2.38	3.16
weather	-2.36	2.69
kill	-2.36	0.90
seriousness	-2.36	2.69
hm	-2.35	2.51
losses	-2.35	1.07
facing	-2.33	1.28
laptop	-2.31	1.24
ignorant	-2.31	1.12
syntax	-2.31	3.70
insult	-2.30	1.39
mistake	-2.28	3.78
brain	-2.28	1.22
10x	-2.27	1.12
rough	-2.27	2.28
destroy	-2.27	1.29
sadness	-2.27	2.41
differently	-2.26	3.32
laptops	-2.23	1.21
ignored	-2.22	2.00
dies	-2.21	1.11
gox	-2.21	0.96
bullshit	-2.18	1.22
moments	-2.17	2.55
aggressive	-2.16	1.20
saying	-2.16	3.73
downvoting	-2.15	2.43
rip	-2.14	2.41
specs	-2.14	1.23
abuse	-2.14	1.32
correctly	-2.13	3.68
wording	-2.12	2.69
sees	-2.11	2.40
mad	-2.11	2.59
haiku	-2.11	2.19
bots	-2.10	1.78
tone	-2.09	1.24
idiots	-2.08	1.54
medical	-2.08	1.11
describe	-2.08	0.98
mt	-2.07	0.95
incorrect	-2.06	3.64
destroyed	-2.05	0.90
owns	-2.05	2.08
ruined	-2.05	0.88
rude	-2.04	1.15
exact	-2.04	2.47
directed	-2.03	1.20
unfortunate	-2.02	0.89
graphics	-2.01	1.23
corrected	-1.99	3.69
selfish	-1.99	1.07
possibly	-1.99	1.18
described	-1.99	0.92
biggest	-1.99	3.07
fud	-1.98	2.10
comic	-1.97	2.27
spell	-1.96	3.63
calling	-1.96	1.32
effects	-1.96	0.90
loss	-1.96	1.05
problems	-1.95	0.99
misspelled	-1.93	3.80
hardest	-1.92	2.96
minority	-1.92	1.84
pointless	-1.91	1.27
outright	-1.90	1.48
attacked	-1.89	0.79
greed	-1.88	2.67
downvotes	-1.87	2.40
macbook	-1.87	1.21
alts	-1.86	1.40
right	-1.86	3.52
offensive	-1.85	1.15
slower	-1.85	1.09
nonsense	-1.85	1.32
dogetip	-1.85	1.70
ever	-1.85	3.06
tear	-1.85	2.69
inbox	-1.85	1.75
spam	-1.85	1.66
fault	-1.84	1.96
ignoring	-1.84	1.30
microsoft	-1.84	1.07
shape	-1.84	0.89
messing	-1.83	1.23
meant	-1.83	3.51
message	-1.82	1.85
messages	-1.82	1.67
formatting	-1.81	3.17
importance	-1.81	0.94
drama	-1.80	1.59
emotional	-1.80	0.97
paint	-1.80	1.01
buys	-1.80	1.75
edited	-1.79	3.11
conditions	-1.78	1.34
forgot	-1.77	3.53
affected	-1.77	0.89
pronunciation	-1.77	3.48
edit	-1.77	3.62
holds	-1.77	1.85
stating	-1.76	1.85
absolute	-1.75	2.85
loses	-1.75	1.67
controls	-1.74	1.47
grammar	-1.74	2.84
tipbot	-1.74	1.79
bs	-1.73	1.30
ripped	-1.73	0.97
send	-1.72	1.81
dogetipbot	-1.71	1.80
tears	-1.71	2.67
ridiculous	-1.70	1.75
copied	-1.70	2.78
hurt	-1.69	1.13
kick	-1.69	0.89
results	-1.68	0.85
fake	-1.67	1.37
reply	-1.66	1.71
finds	-1.66	1.79
correction	-1.65	2.85
sweat	-1.65	1.57
withdraw	-1.65	1.70
hurting	-1.64	0.94
fixing	-1.64	2.90
screw	-1.63	1.08
register	-1.63	1.74
jerk	-1.63	1.11
pronounced	-1.62	3.57
accident	-1.62	2.82
sorry	-1.62	3.31
sending	-1.62	1.68
says	-1.61	1.56
u/wcb98	-1.61	2.00
fighting	-1.60	0.96
replying	-1.60	1.41
responsibility	-1.60	0.78
useless	-1.60	1.11
title	-1.59	2.58
hurts	-1.59	0.99
than	-1.59	1.09
dodge	-1.59	3.55
dead	-1.58	0.92
serves	-1.58	1.08
mistakes	-1.58	2.83
crashing	-1.58	0.92
naive	-1.57	1.09
respond	-1.57	1.52
powerful	-1.57	1.09
dick	-1.57	1.12
failure	-1.56	0.96
comics	-1.56	2.13
whoops	-1.56	3.15
structure	-1.56	0.83
bashing	-1.55	1.49
forcing	-1.55	1.41
sms	-1.55	1.52
intended	-1.54	1.41
automatically	-1.54	1.55
shibes	-1.54	2.96
annoyed	-1.54	1.04
flappy	-1.53	0.93
complaining	-1.53	1.57
attacking	-1.52	1.30
sentence	-1.50	2.44
greedy	-1.50	1.14
reality	-1.49	1.03
cooling	-1.49	1.01
bugs	-1.49	1.72
filter	-1.48	1.20
died	-1.48	1.16
pm	-1.48	1.68
fixed	-1.47	2.78
tipbots	-1.47	1.38
mtgox	-1.47	0.87
comments	-1.47	1.75
dumb	-1.47	1.62
fix	-1.46	2.70
attempt	-1.46	1.15
handling	-1.46	1.09
history	-1.46	1.55
disappoint	-1.45	2.55
lying	-1.45	1.29
forums	-1.45	1.23
commands	-1.44	1.52
unnecessary	-1.44	1.06
sends	-1.44	1.52
attempts	-1.44	1.05
oops	-1.43	3.02
accusations	-1.43	1.18
mistaken	-1.43	3.16
trash	-1.43	1.28
receive	-1.42	1.53
referring	-1.41	1.47
pointing	-1.41	2.49
bitcointalk	-1.41	1.34
badly	-1.40	1.02
warn	-1.40	1.00
tippers	-1.40	1.83
unlike	-1.40	1.05
panic	-1.40	1.21
missing	-1.40	3.25
jealous	-1.39	2.24
react	-1.39	0.93
notification	-1.38	1.47
responding	-1.38	1.25
spelling	-1.38	3.20
format	-1.38	2.22
confusion	-1.38	1.47
better	-1.37	1.11
sent	-1.36	1.51
spamming	-1.36	1.32
requests	-1.36	1.02
knows	-1.36	1.92
titles	-1.35	1.41
drawing	-1.35	1.06
war	-1.35	1.07
doctor	-1.35	0.99
recieve	-1.34	1.47
breaks	-1.34	1.01
belongs	-1.34	1.68
created	-1.33	1.64
emails	-1.33	1.24
integrated	-1.33	1.04
asshole	-1.32	1.09
doge4water	-1.32	1.93
automated	-1.32	1.31
despite	-1.32	1.33
report	-1.32	1.38
bob	-1.32	0.78
posts	-1.31	1.81
spaces	-1.31	2.28
upset	-1.31	1.18
ban	-1.30	1.24
witch	-1.30	1.01
uses	-1.30	1.19
leads	-1.29	1.46
claiming	-1.29	0.95
cases	-1.29	1.38
frequent	-1.29	1.00
following	-1.28	0.97
funding	-1.28	1.76
paranoid	-1.27	0.96
designed	-1.27	1.17
skip	-1.27	1.50
doge4nascar	-1.27	1.91
raising	-1.27	1.67
acting	-1.27	0.79
test	-1.26	1.15
offended	-1.26	1.11
tired	-1.26	1.01
resolve	-1.26	1.14
idiot	-1.26	1.12
deleted	-1.26	1.44
killer	-1.26	0.79
supporting	-1.26	1.32
realised	-1.26	2.77
email	-1.25	1.39
drug	-1.25	1.02
donation	-1.25	1.93
charities	-1.25	1.86
defend	-1.24	1.05
fundraiser	-1.24	1.86
sells	-1.24	1.30
remove	-1.24	1.18
repost	-1.24	1.65
minor	-1.24	1.80
removing	-1.23	1.23
exploit	-1.23	0.76
crying	-1.23	1.45
campaign	-1.23	1.81
apologies	-1.23	2.67
contains	-1.23	0.97
unfair	-1.23	1.03
charity	-1.23	1.90
stealing	-1.22	0.88
begins	-1.22	0.86
supported	-1.22	0.98
errors	-1.22	2.17
causing	-1.21	1.02
donate	-1.21	1.89
supporters	-1.21	1.45
bug	-1.21	1.66
clicked	-1.20	2.23
slight	-1.20	0.80
research	-1.20	0.91
removed	-1.20	1.46
replies	-1.20	1.02
introduced	-1.20	0.85
asks	-1.19	1.58
garbage	-1.19	1.23
previous	-1.19	1.21
fundraising	-1.19	1.84
fund	-1.19	1.89
context	-1.19	1.71
editing	-1.18	0.89
clarify	-1.17	2.39
gets	-1.17	1.40
obvious	-1.17	0.91
volatility	-1.17	0.79
who	-1.17	1.59
donations	-1.17	1.97
sucks	-1.17	1.97
fundraisers	-1.17	1.78
break	-1.16	1.09
projects	-1.16	1.83
skills	-1.16	0.90
threads	-1.16	1.64
realized	-1.15	2.58
cult	-1.15	0.70
fool	-1.15	1.01
e-mail	-1.14	1.32
poor	-1.14	2.66
begging	-1.13	1.34
res	-1.13	1.40
upvotes	-1.13	2.01
subs	-1.12	1.48
recent	-1.12	0.82
scamming	-1.12	1.06
subreddits	-1.11	1.43
r/all	-1.11	1.86
gaming	-1.11	0.91
explode	-1.11	0.87
added	-1.11	1.87
raise	-1.10	1.52
prevent	-1.10	0.95
behavior	-1.10	0.95
text	-1.10	1.17
forgotten	-1.10	1.43
causes	-1.09	1.66
twice	-1.09	2.11
caps	-1.09	1.74
vs	-1.09	1.29
breaking	-1.09	0.89
occasionally	-1.09	0.97
keyboard	-1.08	1.91
shots	-1.08	0.73
upvoting	-1.08	1.84
forgive	-1.08	1.75
verifying	-1.08	1.42
wasting	-1.08	1.12
receiving	-1.08	1.32
lag	-1.08	0.84
effect	-1.08	0.90
bored	-1.08	1.00
strongly	-1.07	1.06
needing	-1.07	0.99
components	-1.07	0.73
against	-1.07	1.07
running	-1.07	1.40
opposite	-1.07	0.69
homeless	-1.07	1.19
lately	-1.06	1.16
sub	-1.06	1.49
issues	-1.06	0.97
subreddit	-1.05	1.45
caused	-1.05	0.84
trademark	-1.05	0.98
typing	-1.05	2.18
donated	-1.05	1.67
speech	-1.05	0.86
assumed	-1.05	2.67
mail	-1.05	1.22
entity	-1.05	0.65
statement	-1.04	1.62
replied	-1.04	1.76
addicted	-1.03	1.05
necessarily	-1.02	1.13
danger	-1.02	1.02
somebody	-1.02	1.41
failing	-1.02	1.18
lazy	-1.02	1.08
pull	-1.02	0.93
police	-1.01	0.77
altcoins	-1.01	1.23
reputation	-1.01	0.91
glitch	-1.01	1.71
irrelevant	-1.01	0.90
lock	-1.01	1.40
die	-1.01	1.12
protect	-1.01	0.98
error	-1.01	1.89
challenge	-1.01	1.09
pattern	-1.00	0.77
ended	-1.00	0.89
originally	-1.00	2.14
certain	-1.00	1.14
confirmation	-1.00	1.25
scammed	-0.99	1.05
project	-0.99	1.66
cpus	-0.99	0.74
towards	-0.99	1.17
specific	-0.99	1.12
browse	-0.98	1.33
sarcasm	-0.98	1.70
forces	-0.98	1.23
adress	-0.98	1.23
posting	-0.97	1.41
karma	-0.97	1.80
banned	-0.97	1.19
burned	-0.97	1.07
both	-0.97	1.01
received	-0.96	1.20
major	-0.96	1.34
decimal	-0.96	1.73
failed	-0.96	1.71
unlikely	-0.96	1.22
butt	-0.96	0.94
dangerous	-0.95	0.99
customer	-0.95	0.83
impact	-0.95	0.85
figures	-0.95	1.35
existing	-0.95	1.24
drunk	-0.95	0.82
body	-0.95	0.82
elsewhere	-0.94	1.21
request	-0.94	1.07
losing	-0.94	0.94
flood	-0.94	1.15
subject	-0.94	1.21
accepts	-0.94	0.88
scammers	-0.94	1.27
scammer	-0.94	1.13
he/she	-0.94	1.25
camera	-0.94	0.78
attacks	-0.93	0.71
cut	-0.93	0.85
enable	-0.93	0.83
americans	-0.93	1.05
organizations	-0.93	1.37
innocent	-0.93	0.86
kickstarter	-0.92	1.50
sorts	-0.92	1.06
changed	-0.92	1.71
tweets	-0.92	0.87
rarely	-0.92	1.23
include	-0.92	1.18
systems	-0.92	1.10
letters	-0.92	1.62
conflict	-0.92	0.89
functions	-0.92	0.76
apply	-0.92	0.81
judging	-0.92	0.87
platform	-0.91	1.15
crashes	-0.91	0.78
resistance	-0.91	0.78
nobody	-0.91	1.56
statements	-0.91	1.52
due	-0.91	0.82
tells	-0.90	1.98
cpu	-0.90	0.73
51	-0.90	0.65
notifications	-0.90	1.19
attempting	-0.90	0.94
raised	-0.90	1.36
crash	-0.90	0.89
possibility	-0.90	0.98
poster	-0.90	1.13
complaints	-0.90	1.22
deposit	-0.90	1.13
developed	-0.90	1.05
logged	-0.90	1.34
graphic	-0.89	0.88
ass	-0.89	1.04
loaded	-0.89	1.45
original	-0.89	1.10
frequently	-0.89	0.89
buzz	-0.89	0.92
falls	-0.89	0.79
fails	-0.88	0.86
numerous	-0.88	1.31
by	-0.88	1.25
buried	-0.88	1.51
fraud	-0.88	0.83
extreme	-0.88	0.96
via	-0.88	1.05
start	-0.88	0.98
puts	-0.87	1.06
etc	-0.87	0.91
potentially	-0.87	0.85
arguing	-0.87	1.13
versus	-0.87	0.75
model	-0.87	1.03
rule	-0.87	1.10
everybody	-0.87	1.48
immediate	-0.86	0.88
mouth	-0.86	0.95
afaik	-0.86	0.84
feed	-0.86	1.09
reaction	-0.86	0.88
applications	-0.85	1.14
new	-0.85	1.54
kicking	-0.85	0.86
malicious	-0.85	0.69
stop	-0.85	0.99
call	-0.85	1.00
collecting	-0.85	1.09
reddit	-0.85	1.02
nevermind	-0.85	2.29
mentioning	-0.85	0.88
advantage	-0.84	0.84
significant	-0.84	0.94
users	-0.84	1.15
e.g	-0.84	0.79
different	-0.84	1.24
funded	-0.84	1.33
bear	-0.83	1.04
resolved	-0.83	1.05
heat	-0.83	0.69
rally	-0.83	1.19
multiple	-0.82	1.30
crowd	-0.82	1.09
command	-0.82	1.51
trying	-0.82	1.16
court	-0.82	0.78
wasted	-0.81	1.13
army	-0.81	1.40
media	-0.81	0.76
driven	-0.81	0.99
system	-0.81	0.96
develop	-0.81	1.16
account	-0.80	0.97
claimed	-0.80	0.69
jamaican	-0.80	1.19
sole	-0.80	0.71
rules	-0.80	1.01
afterwards	-0.80	0.83
r/dogecoinbeg	-0.80	1.34
fools	-0.80	1.13
quotes	-0.79	1.17
replaced	-0.79	0.94
affect	-0.79	0.69
steal	-0.79	0.96
huge	-0.79	0.96
disagree	-0.79	1.14
individual	-0.79	0.62
justify	-0.79	1.05
lurking	-0.79	1.12
u/mohland	-0.79	1.51
censorship	-0.78	1.06
barrier	-0.78	0.81
drugs	-0.78	0.84
unrelated	-0.78	1.16
commit	-0.78	0.93
laughing	-0.78	0.91
bottom	-0.78	1.28
comment	-0.78	1.30
subscribers	-0.78	1.25
risks	-0.78	0.75
24/7	-0.78	0.67
initially	-0.78	1.43
counter	-0.77	0.86
accounts	-0.77	0.89
bigger	-0.77	0.99
defense	-0.77	0.94
reflect	-0.77	0.81
attack	-0.77	0.68
tend	-0.77	0.99
cryptiv	-0.77	1.16
computers	-0.77	0.69
using	-0.76	0.88
stops	-0.76	0.70
decimals	-0.76	1.70
developing	-0.76	1.13
forced	-0.76	0.97
manipulation	-0.76	0.84
godaddy	-0.76	1.16
fed	-0.76	0.67
intent	-0.76	1.00
campaigns	-0.75	1.25
expected	-0.75	0.81
leg	-0.75	0.86
everytime	-0.75	0.91
sets	-0.75	1.08
staff	-0.75	0.75
blood	-0.75	0.95
facebook	-0.74	0.79
registered	-0.74	1.02
these	-0.74	1.27
designer	-0.74	0.87
power	-0.74	0.98
displayed	-0.74	0.91
separate	-0.74	0.99
avoid	-0.74	0.83
luckily	-0.74	1.67
self	-0.74	0.99
intention	-0.74	1.05
sink	-0.74	1.07
testing	-0.74	0.97
whenever	-0.74	1.29
reported	-0.73	1.12
uncertainty	-0.73	1.32
ouch	-0.73	1.09
cause	-0.73	1.16
regular	-0.73	0.83
name	-0.73	1.57
trigger	-0.73	0.75
banning	-0.73	0.96
remembered	-0.73	1.95
maintaining	-0.73	0.75
peace	-0.73	1.22
dogesled	-0.72	1.20
building	-0.72	1.17
people	-0.72	1.16
build	-0.72	1.15
stopped	-0.72	0.72
topics	-0.72	1.21
threat	-0.72	0.73
requires	-0.72	0.74
opened	-0.72	1.28
called	-0.72	0.78
financial	-0.72	0.73
api	-0.72	0.83
theft	-0.72	0.71
scams	-0.72	1.11
specifically	-0.71	1.25
unlucky	-0.71	0.94
cheating	-0.71	0.96
affects	-0.71	0.68
onboard	-0.71	0.72
top	-0.71	1.30
photoshop	-0.71	0.86
op	-0.71	1.45
lists	-0.71	0.90
kinds	-0.71	1.22
forum	-0.71	1.27
circle	-0.70	0.80
gpu	-0.70	0.66
development	-0.70	0.80
proves	-0.70	1.03
merely	-0.70	0.94
font	-0.70	0.98
risk	-0.70	0.74
redditors	-0.70	1.14
sochi	-0.70	1.05
purpose	-0.70	1.06
theirs	-0.70	1.05
potential	-0.70	0.88
remind	-0.70	1.07
bobsled	-0.70	1.18
address	-0.70	1.03
energy	-0.70	1.07
prediction	-0.69	1.07
length	-0.69	1.15
stock	-0.69	0.85
reads	-0.69	1.29
jokes	-0.69	0.92
corporate	-0.69	0.93
mainly	-0.69	0.83
curve	-0.68	0.72
lies	-0.68	1.17
besides	-0.68	1.07
needs	-0.68	1.23
desktop	-0.68	0.65
standard	-0.68	0.71
solve	-0.68	0.88
maintenance	-0.68	0.68
held	-0.68	0.67
suggesting	-0.68	1.61
blowing	-0.67	0.83
subscribed	-0.67	1.28
environment	-0.67	0.80
thread	-0.67	1.52
meaning	-0.67	1.70
confirm	-0.67	1.04
sides	-0.67	0.75
btc-e	-0.67	0.69
bar	-0.67	1.07
under	-0.67	1.23
required	-0.67	0.78
weak	-0.67	0.92
scroll	-0.67	1.41
asap	-0.67	1.10
troubles	-0.66	0.83
specify	-0.66	0.91
boring	-0.66	1.05
clearly	-0.66	1.34
wasnt	-0.66	2.08
constantly	-0.66	0.84
natural	-0.66	0.71
aside	-0.66	0.83
inside	-0.66	0.80
dogerain	-0.66	0.89
alas	-0.66	0.87
air	-0.66	0.87
communication	-0.66	0.81
side	-0.66	1.16
crime	-0.66	0.69
allowed	-0.66	1.04
purely	-0.66	0.94
handled	-0.65	0.80
icon	-0.65	1.39
nsa	-0.65	1.01
quit	-0.65	0.87
highest	-0.65	1.50
phrase	-0.65	1.77
form	-0.65	0.71
off	-0.65	0.88
dohj	-0.65	2.71
definition	-0.65	0.82
button	-0.65	1.42
string	-0.64	1.57
status	-0.64	1.16
charlie	-0.64	1.02
fail	-0.64	1.42
ears	-0.64	0.82
managed	-0.64	0.91
bandwidth	-0.64	1.03
r/dogetipbot	-0.64	1.20
passwords	-0.64	1.25
verification	-0.64	0.90
influence	-0.64	0.66
wells	-0.64	1.06
intel	-0.63	0.70
mods	-0.63	1.02
moderators	-0.63	1.03
sample	-0.63	0.64
perception	-0.63	0.70
advertisement	-0.63	0.79
pricing	-0.63	0.78
paste	-0.63	1.25
begin	-0.63	0.81
pronounce	-0.63	2.67
opens	-0.63	0.86
browsing	-0.63	1.10
tab	-0.63	1.38
hardware	-0.63	0.65
tablet	-0.63	0.64
post	-0.62	1.16
person	-0.62	1.06
ensure	-0.62	0.77
temporary	-0.62	0.78
tip	-0.62	1.67
messaged	-0.62	0.93
wet	-0.62	1.05
ppl	-0.62	1.19
click	-0.62	1.44
relation	-0.62	0.96
scam	-0.62	0.85
noise	-0.62	0.86
child	-0.62	0.95
corner	-0.61	1.25
processor	-0.61	0.63
cutting	-0.61	0.87
linking	-0.61	0.99
blew	-0.61	0.92
mood	-0.61	0.85
menu	-0.61	1.38
jamaica	-0.61	0.97
coinye	-0.61	0.75
drawn	-0.61	0.78
r/dogecoindev	-0.61	1.24
maximum	-0.60	1.00
characters	-0.60	1.49
children	-0.60	0.79
irs	-0.60	0.92
recommend	-0.60	1.03
room	-0.60	0.76
foundation	-0.60	1.17
often	-0.60	0.84
awareness	-0.60	0.81
pink	-0.59	0.79
involve	-0.59	0.91
starts	-0.59	0.75
lee	-0.59	0.97
note	-0.59	1.01
silly	-0.59	1.00
use	-0.59	0.87
single	-0.59	1.20
hacked	-0.59	0.67
passed	-0.59	0.85
properly	-0.59	1.36
coolest	-0.59	2.34
wafflepool	-0.59	0.62
movement	-0.58	0.75
elaborate	-0.58	1.15
r/nascar	-0.58	1.27
produce	-0.58	0.94
asked	-0.58	0.92
knock	-0.58	0.79
heavily	-0.58	0.98
leaves	-0.58	0.99
captchas	-0.58	0.93
imho	-0.58	1.04
flair	-0.58	1.02
various	-0.58	1.23
deposited	-0.58	0.92
organization	-0.58	0.76
variety	-0.58	1.23
vulnerable	-0.57	0.68
creators	-0.57	0.99
r/dogecoin	-0.57	1.23
fucked	-0.57	1.04
lines	-0.57	0.84
smaller	-0.57	0.70
applies	-0.57	0.71
blind	-0.57	0.91
co	-0.57	1.13
issue	-0.57	1.00
owning	-0.57	0.62
registration	-0.57	0.86
sounded	-0.57	1.36
founders	-0.57	1.00
gpus	-0.57	0.63
wary	-0.57	0.96
decisions	-0.56	0.70
depending	-0.56	0.80
primarily	-0.56	0.85
worthless	-0.56	0.71
pointed	-0.56	1.21
mention	-0.56	1.26
necessary	-0.56	0.73
many	-0.56	2.40
mines	-0.56	0.66
simply	-0.56	1.16
small	-0.56	0.69
possibilities	-0.56	0.88
sue	-0.56	0.73
broke	-0.56	1.16
responded	-0.56	0.94
common	-0.55	0.96
desk	-0.55	0.83
disappointed	-0.55	0.95
crack	-0.55	0.72
critical	-0.55	0.92
joke	-0.55	0.90
faces	-0.55	0.74
hair	-0.55	0.81
indian	-0.55	0.99
pc	-0.55	0.67
finger	-0.55	0.77
duh	-0.55	2.03
force	-0.55	0.75
temps	-0.54	0.66
pr	-0.54	0.98
30,000	-0.54	1.07
owned	-0.54	0.62
control	-0.54	0.62
mac	-0.54	0.64
slow	-0.54	0.87
rig	-0.54	0.63
feelings	-0.54	1.04
platforms	-0.54	0.77
hard	-0.54	0.90
charitable	-0.54	1.54
automatic	-0.54	0.82
drives	-0.53	0.89
barely	-0.53	0.85
false	-0.53	1.30
delay	-0.53	1.06
confidence	-0.53	0.99
english	-0.53	1.69
letter	-0.53	1.41
related	-0.53	0.82
triple	-0.53	1.02
hunt	-0.53	0.81
username	-0.53	1.50
perform	-0.53	0.69
eyes	-0.53	1.04
accept	-0.53	0.91
integrate	-0.53	0.75
scare	-0.53	1.33
insurance	-0.52	0.64
result	-0.52	0.73
frankly	-0.52	0.93
sticks	-0.52	0.72
tag	-0.52	1.29
criminal	-0.52	0.69
deeper	-0.52	1.14
handle	-0.52	0.69
ryan	-0.52	0.76
referral	-0.52	0.92
statistics	-0.52	1.16
recall	-0.52	1.64
hence	-0.52	1.24
glass	-0.52	0.78
everyone	-0.52	1.29
applied	-0.52	0.65
modified	-0.52	0.89
visiting	-0.52	1.11
upper	-0.51	1.29
shake	-0.51	0.98
hw	-0.51	1.46
touched	-0.51	0.90
formatted	-0.51	1.70
stated	-0.51	0.88
activity	-0.51	0.73
silk	-0.51	0.63
allowing	-0.51	0.76
policy	-0.51	0.68
stage	-0.51	0.76
korea	-0.50	0.82
eye	-0.50	0.95
blank	-0.50	0.87
types	-0.50	0.95
realise	-0.50	2.08
including	-0.50	1.11
impression	-0.50	1.24
shower	-0.50	0.99
essentially	-0.50	0.67
dumps	-0.50	0.57
perceived	-0.50	0.67
started	-0.50	0.73
withdrawals	-0.50	0.79
main	-0.50	0.99
visible	-0.50	0.87
mix	-0.50	0.78
suggest	-0.50	1.09
holder	-0.50	0.62
poop	-0.49	0.80
funds	-0.49	0.83
fluctuations	-0.49	0.71
coverage	-0.49	0.65
temperature	-0.49	0.66
lay	-0.49	0.80
withdrawal	-0.49	0.84
processors	-0.49	0.63
popped	-0.49	1.15
favor	-0.49	0.90
speculation	-0.49	0.85
smoking	-0.49	0.97
solely	-0.49	0.79
resources	-0.49	1.03
folks	-0.49	1.17
models	-0.49	0.71
kicked	-0.49	0.72
wanting	-0.49	0.96
breath	-0.48	0.82
fewer	-0.48	0.97
deleting	-0.48	1.08
events	-0.48	0.97
conclusion	-0.48	0.88
changing	-0.48	0.80
else	-0.48	1.24
empty	-0.48	0.81
inevitable	-0.48	0.87
posted	-0.48	1.00
didnt	-0.48	2.15
dump	-0.48	0.68
realistic	-0.48	0.92
lack	-0.48	0.80
evidence	-0.48	0.90
criticism	-0.48	0.97
beating	-0.48	0.96
facts	-0.47	1.11
mine	-0.47	0.60
dogewallet	-0.47	0.63
envelope	-0.47	0.82
massive	-0.47	0.80
v2	-0.47	1.11
colors	-0.47	0.98
helped	-0.47	0.89
replace	-0.47	1.04
newer	-0.47	0.64
decline	-0.47	0.89
profit	-0.46	0.65
discovered	-0.46	1.19
large	-0.46	0.70
emailed	-0.46	0.86
pays	-0.46	0.62
outside	-0.46	0.84
unable	-0.46	0.85
prefer	-0.46	1.88
sudden	-0.46	0.72
invite	-0.46	1.05
himself	-0.46	0.93
def	-0.46	1.22
profits	-0.46	0.64
estimate	-0.46	0.88
ddos	-0.46	0.62
olympics	-0.45	0.97
transfer	-0.45	0.82
substantial	-0.45	0.67
protecting	-0.45	0.68
claims	-0.45	0.84
thankfully	-0.45	0.80
jackson	-0.45	1.00
deposits	-0.45	0.79
cooler	-0.45	0.80
battery	-0.45	0.62
depends	-0.45	0.70
manual	-0.45	0.78
load	-0.45	0.69
refuse	-0.45	1.17
moderator	-0.45	0.92
mining	-0.45	0.61
allows	-0.45	0.68
spike	-0.45	0.90
approved	-0.45	0.93
largest	-0.45	1.58
palmer	-0.45	1.00
coins-e	-0.45	0.72
clicking	-0.44	1.22
adding	-0.44	1.17
reduce	-0.44	0.66
olympic	-0.44	0.95
processing	-0.44	0.68
ie	-0.44	0.70
visibility	-0.44	1.52
marked	-0.44	1.09
crashed	-0.44	0.75
frame	-0.44	0.64
upvote	-0.44	1.63
followers	-0.44	0.80
tldr	-0.44	0.84
integration	-0.44	0.75
larger	-0.44	0.71
middle	-0.44	1.10
google	-0.44	0.63
higher	-0.44	0.69
jumps	-0.44	0.66
pile	-0.43	0.85
listed	-0.43	0.88
computer	-0.43	0.60
calculated	-0.43	0.84
ultimately	-0.43	0.73
withdrawing	-0.43	0.80
leadership	-0.43	0.68
operating	-0.43	0.73
numbers	-0.43	0.95
hide	-0.43	0.84
largely	-0.43	0.78
settle	-0.43	0.90
admins	-0.43	0.79
smartphone	-0.42	0.64
delete	-0.42	1.08
pledge	-0.42	1.39
memes	-0.42	0.95
laundering	-0.42	0.66
forks	-0.42	0.82
except	-0.42	1.10
hiding	-0.42	1.01
category	-0.42	0.85
poorly	-0.42	1.44
disabled	-0.42	0.75
gains	-0.42	0.63
dogevault	-0.42	0.65
greatest	-0.42	2.19
admin	-0.42	0.77
farms	-0.42	0.59
ati	-0.42	0.60
claim	-0.42	0.82
allow	-0.42	0.74
staring	-0.41	0.96
r/dogefaketipreminder	-0.41	1.36
previously	-0.41	0.94
capacity	-0.41	0.73
screen	-0.41	0.96
logos	-0.41	0.88
and/or	-0.41	0.76
through	-0.41	1.11
expecting	-0.41	1.30
bc	-0.41	0.76
bastard	-0.41	0.84
artwork	-0.41	0.91
dependent	-0.41	0.64
ram	-0.41	0.62
whale	-0.41	0.63
wikipedia	-0.41	0.99
tied	-0.41	0.66
wallet.dat	-0.41	1.07
manager	-0.41	0.69
adjust	-0.41	0.73
trick	-0.41	0.76
contract	-0.41	0.88
careful	-0.40	0.77
nsfw	-0.40	0.82
tiny	-0.40	0.73
guilty	-0.40	0.77
reminding	-0.40	0.96
alt	-0.40	0.84
stupid	-0.40	1.05
pops	-0.40	0.96
sha-256	-0.40	0.62
japanese	-0.40	1.62
attention	-0.40	0.85
ads	-0.40	0.71
carefully	-0.40	0.77
influx	-0.40	0.75
bank	-0.40	0.73
drop	-0.40	0.87
sized	-0.40	0.61
sticking	-0.40	0.79
hook	-0.40	0.89
profile	-0.40	0.86
refund	-0.40	0.81
cpuminer	-0.40	0.70
dip	-0.40	0.86
debug	-0.40	1.16
newly	-0.40	0.83
toward	-0.39	1.03
represents	-0.39	0.73
commented	-0.39	1.02
run	-0.39	0.81
resistant	-0.39	0.65
refill	-0.39	1.02
promotional	-0.39	0.85
affiliated	-0.39	1.25
dozen	-0.39	1.32
balls	-0.39	0.91
approach	-0.39	0.76
news	-0.39	0.59
earlier	-0.39	1.06
mod	-0.39	0.92
enabled	-0.39	0.76
impossible	-0.39	0.91
altcoin	-0.39	0.81
machines	-0.39	0.63
stance	-0.39	0.84
several	-0.39	1.33
approve	-0.39	0.93
actively	-0.39	0.79
application	-0.38	0.77
tabs	-0.38	1.01
dumping	-0.38	0.68
permanent	-0.38	0.75
details	-0.38	1.13
buyers	-0.38	0.78
login	-0.38	0.94
afraid	-0.38	1.28
dogecoind	-0.38	0.88
other	-0.38	1.22
stand	-0.38	1.10
law	-0.38	0.68
dozens	-0.38	1.28
wars	-0.38	0.81
mouse	-0.38	1.08
road	-0.38	0.58
pump	-0.38	0.71
processed	-0.38	0.80
expenses	-0.38	0.61
aka	-0.38	1.13
publicity	-0.38	0.65
word	-0.38	2.25
keep	-0.37	1.52
feature	-0.37	0.86
bird	-0.37	0.85
creates	-0.37	0.70
window	-0.37	1.05
rise	-0.37	0.88
fyi	-0.37	1.39
shift	-0.37	1.09
role	-0.37	0.63
adds	-0.37	0.73
search	-0.37	0.81
changes	-0.37	0.73
contact	-0.37	0.83
basis	-0.37	0.77
implement	-0.37	0.90
checkout	-0.37	0.94
billy	-0.37	1.07
iphone	-0.37	0.61
speculators	-0.37	0.74
computing	-0.37	0.63
invalid	-0.37	2.24
brick	-0.37	0.66
broken	-0.37	0.88
appdata	-0.37	1.05
front	-0.37	1.02
moolah.io	-0.36	0.76
files	-0.36	1.04
moolah.ch	-0.36	0.81
implementing	-0.36	1.01
twitter	-0.36	0.70
associated	-0.36	0.66
transferred	-0.36	0.76
greater	-0.36	0.94
comparing	-0.36	0.71
follow	-0.36	0.71
visited	-0.36	0.88
tweet	-0.36	0.78
gambling	-0.36	0.76
uprockets	-0.36	1.62
protection	-0.36	0.67
whales	-0.36	0.68
dumped	-0.36	0.66
lowest	-0.36	1.03
nvidia	-0.36	0.61
worthy	-0.36	1.40
returned	-0.36	0.80
fundamental	-0.36	0.78
press	-0.36	0.98
multipools	-0.36	0.61
withdrew	-0.36	0.81
founder	-0.36	1.02
capital	-0.36	0.63
monitor	-0.36	0.60
line	-0.35	0.97
focused	-0.35	0.87
advertise	-0.35	0.83
pif	-0.35	1.21
training	-0.35	0.58
shortly	-0.35	0.91
walls	-0.35	0.63
ongoing	-0.35	1.00
struggling	-0.35	0.67
groups	-0.35	0.76
consumer	-0.35	0.60
advertising	-0.35	0.71
dogeillionaire	-0.35	1.02
capable	-0.35	0.67
digits	-0.35	1.09
those	-0.35	1.18
optional	-0.35	0.87
motherboard	-0.35	0.60
rigs	-0.35	0.59
net	-0.35	0.62
sha256	-0.35	0.60
farm	-0.35	0.55
includes	-0.35	0.66
manually	-0.34	0.84
arguments	-0.34	0.91
gocoin	-0.34	0.67
bump	-0.34	0.67
faster	-0.34	0.71
companies	-0.34	0.63
resist	-0.34	0.88
primary	-0.34	0.93
custom	-0.34	0.87
translate	-0.34	1.39
scan	-0.34	0.68
ceo	-0.34	0.66
speaks	-0.34	0.85
fluctuate	-0.34	0.65
copyright	-0.34	0.64
creating	-0.34	0.83
doubling	-0.34	0.78
was	-0.34	1.40
felt	-0.34	0.93
calculations	-0.34	1.19
worried	-0.34	1.23
known	-0.34	0.81
networks	-0.34	0.60
device	-0.34	0.61
phones	-0.34	0.61
folder	-0.33	1.03
merchant	-0.33	0.66
authority	-0.33	0.57
payouts	-0.33	0.61
searching	-0.33	0.76
clone	-0.33	0.67
dealing	-0.33	0.69
pressure	-0.33	0.65
ready	-0.33	1.25
soft	-0.33	1.85
red	-0.33	0.69
communities	-0.33	0.97
combination	-0.33	0.80
richer	-0.33	1.05
nose	-0.33	0.83
encourage	-0.33	0.96
humans	-0.33	0.76
cryptsy	-0.33	0.70
description	-0.33	1.08
devices	-0.33	0.61
locked	-0.33	0.81
ve	-0.33	1.14
mostly	-0.33	1.00
malware	-0.33	0.62
exposure	-0.33	0.64
box	-0.33	0.86
alpha	-0.33	0.86
matters	-0.33	0.72
turns	-0.33	0.70
page	-0.33	0.96
controlled	-0.33	0.59
programs	-0.33	0.58
dealt	-0.33	0.86
burn	-0.33	0.63
identify	-0.33	0.74
included	-0.33	0.72
balances	-0.33	0.82
copy	-0.33	1.03
bitpay	-0.32	0.67
market	-0.32	0.65
ltc	-0.32	0.69
insert	-0.32	0.79
focus	-0.32	0.91
tax	-0.32	0.67
differences	-0.32	0.73
pending	-0.32	0.83
card	-0.32	0.53
passphrase	-0.32	1.44
head	-0.32	0.73
caught	-0.32	0.98
social	-0.32	0.63
beware	-0.32	0.79
extent	-0.32	0.84
exception	-0.32	0.95
bone	-0.32	0.74
discussing	-0.31	0.86
team	-0.31	0.89
refer	-0.31	0.75
dropping	-0.31	0.67
connection	-0.31	0.95
ive	-0.31	1.08
equipment	-0.31	0.60
harder	-0.31	0.72
amd	-0.31	0.57
skin	-0.31	0.70
company	-0.31	0.59
vendor	-0.31	0.63
meh	-0.31	1.34
helping	-0.31	1.11
trend	-0.31	0.80
closed	-0.31	0.78
coinbase	-0.31	0.70
stole	-0.31	0.74
function	-0.31	0.79
vos	-0.30	0.69
temporarily	-0.30	0.75
manipulate	-0.30	0.69
illegal	-0.30	0.65
contacted	-0.30	0.75
settings	-0.30	0.79
payments	-0.30	0.65
reasoning	-0.30	1.04
existed	-0.30	1.07
promotion	-0.30	0.75
unknown	-0.30	0.80
budget	-0.30	0.59
mode	-0.30	0.71
open	-0.30	0.95
bitcoin	-0.30	0.67
noob	-0.30	1.14
addressed	-0.30	0.88
made	-0.30	1.05
fans	-0.30	0.76
strictly	-0.30	0.75
pure	-0.30	0.82
awhile	-0.30	1.02
virus	-0.29	0.65
hes	-0.29	1.06
dry	-0.29	0.81
mintpal	-0.29	0.69
pandapool	-0.29	0.62
nervous	-0.29	1.10
terms	-0.29	0.66
customers	-0.29	0.69
upward	-0.29	0.82
lower	-0.29	0.67
fan	-0.29	0.76
supplies	-0.29	0.56
lead	-0.29	0.69
volunteer	-0.29	1.07
mass	-0.29	0.60
havent	-0.29	1.06
legs	-0.29	0.67
conspiracy	-0.29	0.97
list	-0.29	0.88
additional	-0.29	0.77
amusing	-0.29	1.05
sort	-0.29	0.68
vircurex	-0.29	0.68
based	-0.29	0.72
data	-0.29	0.88
liquidity	-0.29	0.63
protected	-0.29	0.82
skeptical	-0.29	1.04
willing	-0.29	0.99
spoke	-0.29	0.75
difficult	-0.28	0.92
artificially	-0.28	0.66
bubble	-0.28	0.82
runs	-0.28	0.73
laws	-0.28	0.67
performance	-0.28	0.62
twitch	-0.28	0.72
skyrocket	-0.28	0.68
redeem	-0.28	0.79
operations	-0.28	0.67
reset	-0.28	0.97
owner	-0.28	0.63
alex	-0.28	0.70
initiative	-0.28	1.46
downward	-0.28	0.81
prelude	-0.28	0.68
vertcoin	-0.28	0.69
set	-0.28	0.73
falling	-0.28	0.65
apps	-0.28	0.65
multi	-0.28	0.61
legal	-0.28	0.62
app	-0.28	0.61
shut	-0.28	0.69
shooting	-0.28	0.67
seriously	-0.28	2.15
levels	-0.28	0.63
lost	-0.28	0.71
github	-0.28	0.69
cards	-0.28	0.57
abused	-0.28	1.05
domain	-0.28	0.78
reports	-0.28	0.70
mobo	-0.28	0.60
activities	-0.28	0.68
cancel	-0.28	0.78
logic	-0.28	1.01
income	-0.28	0.62
algorithm	-0.28	0.63
score	-0.27	0.88
gain	-0.27	0.61
warning	-0.27	1.20
minimal	-0.27	0.62
algorithms	-0.27	0.64
german	-0.27	1.17
x11	-0.27	0.61
argue	-0.27	0.97
android	-0.27	0.61
file	-0.27	1.03
multipool	-0.27	0.60
proposed	-0.27	0.73
has	-0.27	1.05
normal	-0.27	0.66
yellow	-0.27	0.68
traditional	-0.27	0.65
comfortable	-0.27	0.79
decrease	-0.27	0.62
printer	-0.27	0.64
asleep	-0.27	0.87
switched	-0.27	0.63
areas	-0.27	0.69
debit	-0.27	0.65
solutions	-0.27	0.71
plugin	-0.27	0.70
transfers	-0.27	0.70
meme	-0.27	0.82
sits	-0.27	0.77
viral	-0.27	0.63
talk	-0.27	0.87
checks	-0.27	0.67
tipping	-0.27	1.24
operate	-0.27	0.71
government	-0.27	0.61
signs	-0.27	0.70
<URL>	-0.27	0.59
<SPECIAL>	-0.27	0.59
linux	-0.27	0.71
traders	-0.27	0.68
solving	-0.27	0.66
linked	-0.26	0.79
public	-0.26	0.74
pumped	-0.26	0.71
cd	-0.26	0.85
stretch	-0.26	0.70
disappear	-0.26	0.69
brought	-0.26	1.06
leading	-0.26	0.75
banks	-0.26	0.60
change	-0.26	0.76
without	-0.26	0.73
link	-0.26	0.91
banner	-0.26	0.84
coinedup	-0.26	0.68
functional	-0.26	0.96
politics	-0.26	0.79
prompt	-0.26	0.92
successful	-0.26	0.75
generate	-0.26	0.77
replacing	-0.26	0.91
closing	-0.26	0.86
president	-0.26	0.70
cryptocoin	-0.26	0.82
hashing	-0.26	0.58
record	-0.26	0.73
memory	-0.26	0.61
smarter	-0.26	0.79
material	-0.26	0.70
generating	-0.26	0.72
explorer	-0.26	0.86
increase	-0.26	0.63
code	-0.25	0.74
30k	-0.25	0.85
create	-0.25	0.81
database	-0.25	0.92
us	-0.25	1.30
achieve	-0.25	0.80
reduced	-0.25	0.62
tons	-0.25	1.13
visa	-0.25	0.61
usage	-0.25	0.63
dual	-0.25	0.58
wire	-0.25	0.70
names	-0.25	0.87
bunch	-0.25	0.97
security	-0.25	0.64
level	-0.25	0.60
asics	-0.25	0.59
exclusively	-0.25	0.69
contacting	-0.25	0.72
generated	-0.25	0.82
channels	-0.25	0.57
switching	-0.25	0.63
wifi	-0.25	0.60
measure	-0.25	0.62
premined	-0.25	0.67
advise	-0.25	0.93
xdp	-0.25	0.71
kraken	-0.25	0.67
software	-0.25	0.63
taxes	-0.25	0.61
windows	-0.25	0.72
thumb	-0.25	0.81
upgraded	-0.25	0.73
rhymes	-0.25	2.27
whoever	-0.25	1.00
french	-0.25	1.33
majority	-0.25	0.66
saw	-0.25	1.04
50,000	-0.24	0.86
decision	-0.24	0.82
external	-0.24	0.83
he	-0.24	0.91
association	-0.24	0.67
require	-0.24	0.64
source	-0.24	0.71
whom	-0.24	0.69
successfully	-0.24	0.73
degrees	-0.24	0.97
analogy	-0.24	0.89
credibility	-0.24	0.63
machine	-0.24	0.67
tipped	-0.24	0.81
smallest	-0.24	0.87
lawyer	-0.24	0.66
governments	-0.24	0.61
pools	-0.24	0.60
markets	-0.24	0.63
answered	-0.24	0.90
action	-0.24	0.69
buttons	-0.24	1.03
collected	-0.24	0.82
gained	-0.24	0.63
handful	-0.24	1.22
stability	-0.24	0.60
trades	-0.24	0.66
consistent	-0.24	0.59
kept	-0.23	0.69
irc	-0.23	0.76
payment	-0.23	0.66
opposed	-0.23	0.68
freedom	-0.23	0.76
scrypt-n	-0.23	0.62
dashboard	-0.23	0.73
improved	-0.23	0.68
grasp	-0.23	0.72
leaders	-0.23	0.61
teeth	-0.23	0.84
bter	-0.23	0.66
charged	-0.23	0.62
hashrates	-0.23	0.59
exchanges	-0.23	0.65
catching	-0.23	0.70
actual	-0.23	0.75
stuck	-0.23	1.03
sitting	-0.23	0.94
instructions	-0.23	0.93
miners	-0.23	0.60
merchants	-0.23	0.63
above	-0.23	0.68
someone	-0.23	0.93
pumping	-0.23	0.67
sigh	-0.23	0.94
hundreds	-0.23	1.21
default	-0.22	0.80
volumes	-0.22	0.60
trouble	-0.22	0.85
dev	-0.22	0.72
brand	-0.22	0.64
manipulated	-0.22	0.68
sidebar	-0.22	0.89
investors	-0.22	0.70
safety	-0.22	0.68
me	-0.22	1.10
setting	-0.22	0.70
tricky	-0.22	0.84
serve	-0.22	0.70
vanity	-0.22	0.76
trends	-0.22	0.68
display	-0.22	0.91
exchange	-0.22	0.66
section	-0.22	0.85
size	-0.22	0.62
css	-0.22	0.62
assuming	-0.22	1.59
auroracoin	-0.22	0.68
suggested	-0.22	0.83
3d	-0.22	0.67
9000	-0.22	0.96
opening	-0.22	0.77
cell	-0.22	0.59
tokens	-0.22	0.72
former	-0.22	0.60
phone	-0.22	0.62
points	-0.22	0.94
regard	-0.22	0.75
been	-0.22	1.01
rises	-0.22	0.65
choice	-0.22	1.40
disclaimer	-0.22	0.88
outcome	-0.22	1.71
efficiency	-0.21	0.63
educate	-0.21	0.73
scheme	-0.21	0.77
3.7.2	-0.21	0.63
reverse	-0.21	0.72
instead	-0.21	0.76
tweak	-0.21	0.68
ubuntu	-0.21	0.68
infrastructure	-0.21	0.70
tagged	-0.21	1.41
agreement	-0.21	0.77
sticky	-0.21	0.96
reddcoin	-0.21	0.67
paws	-0.21	0.83
flash	-0.21	0.81
transferring	-0.21	0.79
prices	-0.21	0.60
dogecoin-qt	-0.21	0.91
buyer	-0.21	0.71
fell	-0.21	0.65
trial	-0.21	0.65
15k	-0.21	0.83
ideally	-0.21	0.70
output	-0.21	0.81
resolution	-0.21	0.74
returns	-0.21	0.65
goal	-0.21	0.94
volume	-0.21	0.64
stick	-0.21	0.76
individuals	-0.21	0.63
trading	-0.21	0.65
cryptocoins	-0.21	0.67
cold	-0.21	0.92
improvement	-0.21	1.11
addresses	-0.21	0.77
40k	-0.21	0.81
30.0	-0.21	1.57
posters	-0.21	0.79
20k	-0.21	0.81
installed	-0.21	0.66
rapid	-0.20	0.58
costs	-0.20	0.62
solved	-0.20	0.84
consumption	-0.20	0.62
hand	-0.20	0.87
pushing	-0.20	0.81
requested	-0.20	0.78
guy	-0.20	0.90
stickied	-0.20	0.95
native	-0.20	0.95
quicker	-0.20	0.76
electricity	-0.20	0.61
worrying	-0.20	1.02
wondered	-0.20	1.07
raises	-0.20	0.64
azure	-0.20	0.62
vault	-0.20	0.68
legally	-0.20	0.63
parts	-0.20	0.63
gaining	-0.20	0.60
novelty	-0.20	0.78
unsure	-0.20	1.22
central	-0.20	0.58
increased	-0.20	0.61
chinese	-0.20	0.96
whose	-0.20	0.79
beg	-0.20	1.17
earnings	-0.20	0.56
africa	-0.20	1.00
banking	-0.20	0.60
filling	-0.20	0.67
algo	-0.20	0.65
encryption	-0.20	0.81
entirely	-0.20	1.19
bundle	-0.19	0.73
profitable	-0.19	0.61
rising	-0.19	0.63
plays	-0.19	0.64
overclock	-0.19	0.60
ios	-0.19	0.60
chair	-0.19	0.71
2x	-0.19	0.57
switch	-0.19	0.64
increasing	-0.19	0.60
ad	-0.19	0.76
businesses	-0.19	0.64
installing	-0.19	0.65
restart	-0.19	0.85
ease	-0.19	0.64
author	-0.19	0.64
program	-0.19	0.67
ratio	-0.19	0.61
significantly	-0.19	0.63
tweeted	-0.19	0.73
experienced	-0.19	0.61
combined	-0.19	0.64
vast	-0.19	0.66
field	-0.19	0.69
owners	-0.19	0.64
precisely	-0.19	0.84
submissions	-0.19	1.08
pin	-0.19	0.83
package	-0.19	0.70
nearly	-0.19	0.77
wiki	-0.19	0.85
guaranteed	-0.19	0.69
technical	-0.19	0.65
operation	-0.19	0.66
bother	-0.19	1.05
qr	-0.19	0.72
blue	-0.19	0.65
intend	-0.19	0.82
copies	-0.19	0.77
cuda	-0.19	0.59
cashing	-0.19	0.69
pack	-0.18	0.71
directory	-0.18	0.90
moolah	-0.18	0.71
dedicated	-0.18	0.64
prelude.io	-0.18	0.68
recently	-0.18	0.92
adopters	-0.18	0.78
publicly	-0.18	0.70
increases	-0.18	0.60
faucet	-0.18	0.74
proof	-0.18	0.64
ahead	-0.18	0.82
saving	-0.18	0.93
dogehouse	-0.18	0.62
private	-0.18	0.79
prior	-0.18	0.64
cryptos	-0.18	0.68
pockets	-0.18	0.74
momentum	-0.18	0.65
parameters	-0.18	0.77
logical	-0.18	0.78
vendors	-0.18	0.65
pow	-0.18	0.67
devs	-0.18	0.67
ground	-0.18	0.68
retailers	-0.18	0.60
pro	-0.18	0.62
trade	-0.18	0.66
sex	-0.18	0.69
traction	-0.18	0.70
organized	-0.18	0.70
incentive	-0.18	0.69
option	-0.18	1.16
define	-0.18	0.67
browser	-0.17	0.71
setup	-0.17	0.66
image	-0.17	0.71
proven	-0.17	0.67
updates	-0.17	0.77
black	-0.17	0.66
cloud	-0.17	0.67
backing	-0.17	0.79
backup	-0.17	0.84
locations	-0.17	0.69
hack	-0.17	0.61
credit	-0.17	0.60
access	-0.17	0.66
valuation	-0.17	0.62
remote	-0.17	0.66
paypal	-0.17	0.64
reasonable	-0.17	0.70
keys	-0.17	0.80
efforts	-0.17	1.11
backups	-0.17	0.81
install	-0.17	0.67
returning	-0.17	0.72
beta	-0.17	0.84
telling	-0.17	0.97
loop	-0.17	1.10
utility	-0.17	0.66
manage	-0.16	0.71
rescue	-0.16	0.83
shelter	-0.16	0.68
winter	-0.16	0.92
calm	-0.16	0.92
loading	-0.16	0.82
consistently	-0.16	0.65
u/addm3plz	-0.16	1.31
particular	-0.16	0.87
captain	-0.16	0.95
additionally	-0.16	0.73
russia	-0.16	0.73
regards	-0.16	0.64
tracking	-0.16	0.74
burning	-0.16	0.69
chase	-0.16	0.68
society	-0.16	0.81
hacking	-0.16	0.64
serious	-0.16	0.95
direct	-0.16	0.69
hype	-0.16	0.70
websites	-0.16	0.63
swing	-0.16	0.71
permission	-0.16	0.70
centralized	-0.16	0.57
speculating	-0.16	0.70
rapidhash	-0.16	0.63
planning	-0.16	1.00
piece	-0.16	0.70
asic	-0.16	0.58
regulations	-0.16	0.66
according	-0.16	0.75
needed	-0.16	1.04
electric	-0.15	0.59
blow	-0.15	0.67
mint	-0.15	0.77
import	-0.15	0.82
g	-0.15	1.87
apple	-0.15	0.62
25k	-0.15	0.80
immediately	-0.15	0.73
frustrating	-0.15	0.86
heavy	-0.15	0.65
yourself	-0.15	1.05
core	-0.15	0.60
demand	-0.15	0.62
key	-0.15	0.81
basic	-0.15	0.67
federal	-0.15	0.62
cap	-0.15	0.62
plastic	-0.15	0.60
dropbox	-0.15	0.83
drops	-0.15	0.65
creation	-0.15	0.70
russian	-0.15	0.91
encrypt	-0.15	0.86
wan	-0.15	1.43
em	-0.15	1.50
hdd	-0.15	0.77
group	-0.15	0.61
behind	-0.15	1.06
risers	-0.15	0.61
encrypted	-0.15	0.85
proud	-0.15	1.96
scale	-0.15	0.58
usb	-0.15	0.70
peak	-0.15	0.82
i.e	-0.15	0.64
developers	-0.15	0.64
internet	-0.15	0.60
fishing	-0.15	0.77
patch	-0.15	0.60
before	-0.15	0.99
lots	-0.14	1.13
stages	-0.14	1.10
requirements	-0.14	0.62
decreasing	-0.14	0.60
zip	-0.14	0.75
netcodepool	-0.14	0.63
political	-0.14	0.67
cashed	-0.14	0.71
already	-0.14	1.03
sales	-0.14	0.56
cc	-0.14	0.60
hashrate	-0.14	0.59
busy	-0.14	0.79
chrome	-0.14	0.72
miner	-0.14	0.63
fees	-0.14	0.62
atleast	-0.14	0.71
purposes	-0.14	0.67
label	-0.14	0.87
converted	-0.14	0.69
provider	-0.14	0.64
commenting	-0.14	1.14
litecoin	-0.14	0.65
temp	-0.14	0.64
saved	-0.14	0.86
value	-0.14	0.61
peoples	-0.14	0.80
latest	-0.14	0.64
speculative	-0.14	0.67
boxes	-0.14	0.71
british	-0.14	0.96
wider	-0.14	0.58
delivered	-0.14	0.70
speeds	-0.14	0.59
boost	-0.14	0.59
ability	-0.14	0.70
granted	-0.13	0.67
sometimes	-0.13	0.82
fall	-0.13	0.70
tends	-0.13	0.72
nxt	-0.13	0.64
draft	-0.13	0.81
wrote	-0.13	0.88
faucets	-0.13	0.81
cost	-0.13	0.62
depend	-0.13	0.60
max	-0.13	0.60
foreign	-0.13	0.74
reached	-0.13	0.68
plug	-0.13	0.63
hash	-0.13	0.59
disappeared	-0.13	0.77
low	-0.13	0.60
earned	-0.13	0.65
charges	-0.13	0.62
infinite	-0.13	0.79
involves	-0.13	0.61
lives	-0.13	0.72
transaction	-0.13	0.79
bills	-0.13	0.59
darkcoin	-0.13	0.67
fraction	-0.13	0.65
members	-0.13	0.77
amount	-0.13	0.70
doge/usd	-0.13	0.63
monetary	-0.13	0.60
bag	-0.13	0.62
traded	-0.13	0.66
leaving	-0.13	0.94
listing	-0.13	0.67
stronger	-0.13	0.65
pos	-0.13	0.64
panda	-0.13	0.59
vary	-0.13	0.73
compare	-0.13	0.64
factors	-0.12	0.64
rights	-0.12	0.61
merge	-0.12	0.65
7950	-0.12	0.56
mandatory	-0.12	0.67
achieved	-0.12	0.85
logs	-0.12	0.68
modern	-0.12	0.76
profitability	-0.12	0.59
sake	-0.12	0.66
select	-0.12	1.03
overly	-0.12	0.82
revenue	-0.12	0.55
cash	-0.12	0.70
sorted	-0.12	0.97
anybody	-0.12	0.94
implemented	-0.12	0.77
hashes	-0.12	0.79
images	-0.12	0.66
boot	-0.12	0.77
os	-0.12	0.66
bill	-0.12	0.64
converting	-0.12	0.68
consensus	-0.12	1.27
printing	-0.12	0.63
drive	-0.12	0.85
nuts	-0.12	0.79
mainstream	-0.12	0.56
real	-0.12	1.08
thrown	-0.12	0.79
stepped	-0.12	0.72
java	-0.12	0.64
msi	-0.12	0.56
dogeparty	-0.12	0.71
alike	-0.12	0.69
appears	-0.12	1.09
expensive	-0.12	0.85
ip	-0.12	0.76
ai	-0.12	1.44
green	-0.12	0.68
wallet	-0.12	0.74
inflationary	-0.12	0.74
location	-0.12	0.78
marketplace	-0.12	0.62
yesterday	-0.12	0.86
html	-0.11	0.67
heard	-0.11	0.85
standards	-0.11	0.72
stores	-0.11	0.58
extra	-0.11	0.72
forms	-0.11	0.61
selling	-0.11	0.63
requirement	-0.11	0.64
ran	-0.11	0.70
psu	-0.11	0.60
replacement	-0.11	0.68
blackcoin	-0.11	0.66
sleep	-0.11	0.93
wanted	-0.11	0.99
stands	-0.11	0.84
climb	-0.11	0.67
pool	-0.11	0.61
sufficient	-0.11	0.65
pair	-0.11	0.64
acceptable	-0.11	0.64
visit	-0.11	1.08
benefits	-0.11	0.66
dog	-0.11	1.23
priced	-0.11	0.61
rate	-0.11	0.59
focusing	-0.11	0.81
library	-0.11	0.71
pieces	-0.11	0.85
loud	-0.11	0.78
3k	-0.11	0.79
accepting	-0.11	0.59
merged	-0.11	0.65
older	-0.11	0.59
missed	-0.11	1.96
ways	-0.11	0.92
limits	-0.11	0.59
exchanging	-0.11	0.67
thousands	-0.11	1.10
rates	-0.11	0.61
thus	-0.11	0.62
theoretically	-0.11	0.66
ripple	-0.10	0.63
appeared	-0.10	0.91
hire	-0.10	0.57
fill	-0.10	0.77
implementation	-0.10	0.62
organize	-0.10	0.86
expand	-0.10	0.68
mobile	-0.10	0.65
bat	-0.10	0.85
improving	-0.10	0.66
concern	-0.10	0.86
buy/sell	-0.10	0.62
confirms	-0.10	0.75
trader	-0.10	0.62
assure	-0.10	0.81
understood	-0.10	1.32
supposedly	-0.10	0.74
closer	-0.10	0.69
official	-0.10	0.67
sites	-0.10	0.63
compete	-0.10	0.77
argument	-0.10	0.88
lesson	-0.10	1.08
gun	-0.10	0.72
competing	-0.10	0.80
convert	-0.10	0.67
gbp	-0.10	0.68
protocol	-0.10	0.65
meanwhile	-0.10	0.87
response	-0.10	0.88
alternatives	-0.10	0.73
log	-0.10	0.84
provided	-0.10	0.71
escrow	-0.10	0.68
payout	-0.10	0.60
plenty	-0.10	1.11
supply	-0.09	0.60
occurred	-0.09	0.70
screenshot	-0.09	0.67
bothered	-0.09	0.90
stored	-0.09	0.76
fallen	-0.09	0.65
teamdoge	-0.09	0.60
traffic	-0.09	0.63
mark	-0.09	0.64
purchased	-0.09	0.63
concerned	-0.09	0.96
general	-0.09	0.62
scarcity	-0.09	0.64
risky	-0.09	0.67
range	-0.09	0.61
peercoin	-0.09	0.66
rejected	-0.09	1.24
paying	-0.09	0.58
assumption	-0.09	1.71
hidden	-0.09	0.83
doge/btc	-0.09	0.63
said	-0.09	1.02
confirmed	-0.09	0.78
adoption	-0.09	0.60
economic	-0.09	0.60
server	-0.09	0.71
forking	-0.09	0.70
sell	-0.09	0.63
restore	-0.09	0.88
arrive	-0.09	0.77
5k	-0.09	0.78
maintain	-0.09	0.61
launched	-0.09	0.68
7970	-0.08	0.56
conversion	-0.08	0.63
instant	-0.08	0.67
crypto-currencies	-0.08	0.65
average	-0.08	0.54
fire	-0.08	0.65
advantages	-0.08	0.65
batch	-0.08	0.79
hot	-0.08	0.88
minimum	-0.08	0.62
amazon	-0.08	0.49
instantly	-0.08	0.75
5,000	-0.08	0.76
target	-0.08	0.63
hackers	-0.08	0.60
production	-0.08	0.60
cuz	-0.08	1.37
storm	-0.08	0.65
upgrade	-0.08	0.71
hungry	-0.08	0.77
content	-0.08	0.77
loans	-0.08	0.59
startup	-0.08	0.64
store	-0.08	0.59
notes	-0.08	0.64
color	-0.08	0.69
ocean	-0.08	0.72
loose	-0.08	0.78
promoting	-0.08	0.78
pages	-0.08	0.70
pay	-0.08	0.59
aspects	-0.08	0.66
services	-0.08	0.63
btc	-0.08	0.66
orders	-0.08	0.63
short	-0.08	0.63
gifs	-0.08	0.89
clock	-0.08	0.63
payed	-0.08	0.61
class	-0.07	0.91
auto	-0.07	0.82
establish	-0.07	0.65
p2pool	-0.07	0.61
high	-0.07	0.69
quantity	-0.07	0.62
moral	-0.07	0.76
foot	-0.07	0.64
physically	-0.07	0.69
backed	-0.07	0.79
planned	-0.07	0.60
joined	-0.07	0.73
somewhere	-0.07	0.81
gas	-0.07	0.58
animation	-0.07	0.69
codes	-0.07	0.66
commerce	-0.07	0.62
examples	-0.07	0.72
transactions	-0.07	0.76
white	-0.07	0.65
newbies	-0.07	0.99
tech	-0.07	0.69
languages	-0.07	0.94
versions	-0.07	0.64
cable	-0.07	0.56
filled	-0.07	0.73
coding	-0.07	0.61
investments	-0.07	0.62
typically	-0.07	0.61
monopoly	-0.07	0.51
confirmations	-0.07	0.73
inform	-0.07	0.73
cover	-0.07	0.61
appropriate	-0.07	0.62
auxpow	-0.07	0.67
two	-0.07	0.94
currencies	-0.06	0.63
considered	-0.06	0.86
below	-0.06	0.69
200k	-0.06	0.72
products	-0.06	0.58
calculator	-0.06	0.84
tx	-0.06	0.84
play	-0.06	0.70
ourselves	-0.06	0.73
cad	-0.06	0.65
securing	-0.06	0.59
door	-0.06	0.65
choices	-0.06	0.80
imgur	-0.06	0.60
ponzi	-0.06	0.66
hitting	-0.06	0.80
homepage	-0.06	0.80
rose	-0.06	0.65
developer	-0.06	0.62
determine	-0.06	0.63
offered	-0.06	0.68
version	-0.06	0.67
aware	-0.06	1.34
believed	-0.06	0.58
diff	-0.06	0.66
shops	-0.06	0.59
compromised	-0.06	0.70
20,000	-0.06	0.75
designs	-0.06	0.69
calculate	-0.06	0.68
user	-0.05	0.73
whereas	-0.05	0.74
led	-0.05	0.63
purchases	-0.05	0.58
between	-0.05	0.71
oc	-0.05	0.55
adopt	-0.05	0.62
instance	-0.05	0.61
root	-0.05	0.76
their	-0.05	0.63
ugh	-0.05	1.07
animals	-0.05	0.61
percentage	-0.05	0.59
fits	-0.05	0.54
holding	-0.05	0.65
sentiment	-0.05	1.00
hands	-0.05	0.68
noticed	-0.05	1.21
pants	-0.05	0.64
reaches	-0.05	0.59
with	-0.05	1.05
r9	-0.05	0.56
art	-0.05	0.75
shop	-0.05	0.54
print	-0.05	0.67
grey	-0.05	0.66
bulk	-0.05	0.59
decided	-0.05	0.70
auction	-0.05	0.63
responses	-0.05	0.80
fork	-0.05	0.83
scratch	-0.05	0.80
regarding	-0.05	0.75
employees	-0.05	0.59
multidoge	-0.05	0.70
logo	-0.04	0.87
efficient	-0.04	0.71
connect	-0.04	0.66
standing	-0.04	0.72
script	-0.04	0.75
couldnt	-0.04	1.36
dropped	-0.04	0.66
free	-0.04	0.98
ball	-0.04	0.63
fiat	-0.04	0.64
hole	-0.04	0.68
methods	-0.04	0.71
downloaded	-0.04	0.73
language	-0.04	0.93
acceptance	-0.04	0.57
litecoins	-0.04	0.66
price	-0.04	0.62
sweep	-0.04	0.79
cgminer	-0.04	0.78
regulation	-0.04	0.61
dogemarket	-0.04	0.74
monthly	-0.04	0.57
volatile	-0.04	0.62
update	-0.04	0.67
links	-0.04	0.80
fastest	-0.04	1.88
hd	-0.04	0.53
ama	-0.04	0.65
meeting	-0.04	0.69
javascript	-0.04	0.66
attitude	-0.04	0.94
spanish	-0.04	0.99
workers	-0.04	0.75
addition	-0.04	0.78
china	-0.04	0.63
com	-0.04	0.73
worthwhile	-0.04	1.07
investing	-0.04	0.64
commercial	-0.04	0.52
roi	-0.04	0.61
continuing	-0.03	0.70
study	-0.03	0.62
long-term	-0.03	0.61
newest	-0.03	0.63
worldwide	-0.03	0.57
holders	-0.03	0.63
con	-0.03	0.81
qt	-0.03	0.75
feet	-0.03	0.64
translation	-0.03	1.01
released	-0.03	0.69
investment	-0.03	0.62
sums	-0.03	0.60
percent	-0.03	0.61
committed	-0.03	0.69
directly	-0.03	0.69
usd	-0.03	0.66
10k	-0.03	0.71
1.7	-0.03	0.72
virtual	-0.03	0.61
sellers	-0.03	0.70
purple	-0.03	0.63
item	-0.03	0.58
generation	-0.03	0.62
290x	-0.03	0.57
firefox	-0.03	0.72
your	-0.03	0.72
captcha	-0.03	0.97
check	-0.03	0.83
info	-0.02	0.91
speaking	-0.02	0.90
learn	-0.02	0.83
assets	-0.02	0.59
seen	-0.02	1.12
chat	-0.02	0.61
weight	-0.02	0.56
optimistic	-0.02	0.76
threw	-0.02	0.72
difficulty	-0.02	0.57
php	-0.02	0.63
minus	-0.02	0.65
presented	-0.02	0.85
dont	-0.02	1.23
brown	-0.02	0.65
moves	-0.02	0.59
learned	-0.02	0.83
flow	-0.02	0.60
euro	-0.02	0.65
sources	-0.02	0.60
technology	-0.02	0.68
fee	-0.02	0.61
expanding	-0.02	0.65
direction	-0.02	0.85
rush	-0.02	0.71
seller	-0.02	0.68
unlimited	-0.02	0.71
darn	-0.02	1.42
upside	-0.02	0.66
product	-0.02	0.59
poll	-0.02	0.96
connected	-0.02	0.60
unconfirmed	-0.02	0.75
panel	-0.02	0.79
established	-0.01	0.61
subscribe	-0.01	0.83
absurd	-0.01	0.96
updated	-0.01	0.67
charging	-0.01	0.59
delivery	-0.01	0.64
servers	-0.01	0.63
7850	-0.01	0.54
cryptocurrencies	-0.01	0.64
1k	-0.01	0.73
loan	-0.01	0.57
helmet	-0.01	0.61
pocket	-0.01	0.63
generator	-0.01	0.69
attract	-0.01	0.67
sound	-0.01	1.29
growth	-0.01	0.59
token	-0.01	0.67
continues	-0.01	0.61
deliver	-0.01	0.72
type	-0.01	1.02
limit	-0.01	0.60
counting	-0.01	0.88
letting	-0.01	0.82
learning	-0.01	0.67
wont	-0.01	1.20
blocks	-0.01	0.60
going	-0.01	1.40
hosted	-0.01	0.67
india	-0.01	0.73
1m	-0.01	0.74
extension	-0.01	0.73
introduce	-0.01	0.69
stolen	-0.00	0.61
powered	-0.00	0.66
doges	-0.00	0.78
password	-0.00	1.00
cycle	-0.00	0.59
into	-0.00	0.72
asus	-0.00	0.54
stake	-0.00	0.59
dogeapi	-0.00	0.64
console	-0.00	1.04
speculate	-0.00	0.67
walks	-0.00	0.69
dogechain.info	-0.00	0.65
iirc	0.00	0.60
background	0.00	0.68
premium	0.00	0.64
first	0.00	0.96
fingers	0.00	0.77
sign	0.00	0.88
millions	0.00	0.82
programmer	0.00	0.61
complete	0.00	0.72
invested	0.00	0.72
never	0.00	1.01
reaching	0.00	0.63
less	0.01	0.67
280x	0.01	0.57
mentioned	0.01	0.78
recognition	0.01	0.53
p2p	0.01	0.64
1.8	0.01	0.72
features	0.01	0.71
firm	0.01	0.60
uploaded	0.01	0.60
exchanged	0.01	0.64
options	0.01	0.79
produced	0.01	0.68
constant	0.01	0.63
phase	0.01	0.66
download	0.01	0.67
purchase	0.01	0.59
asking	0.01	1.08
1.3	0.01	0.69
superior	0.01	0.62
submission	0.01	0.99
functionality	0.01	0.65
amounts	0.01	0.61
interests	0.01	0.64
improve	0.01	0.61
suit	0.01	0.56
audience	0.01	0.61
naturally	0.01	0.64
attached	0.01	0.62
tight	0.01	0.69
widespread	0.01	0.57
storage	0.01	0.79
orange	0.01	0.64
an	0.01	0.66
topic	0.01	0.87
hacker	0.01	0.60
50k	0.01	0.74
regardless	0.01	0.63
galaxy	0.01	0.63
ups	0.01	0.60
gridseed	0.02	0.61
lift	0.02	0.66
270x	0.02	0.55
places	0.02	0.72
500k	0.02	0.66
effectively	0.02	0.62
hold	0.02	0.60
arms	0.02	0.60
checked	0.02	0.84
flag	0.02	0.63
ebay	0.02	0.60
owe	0.02	0.63
stepping	0.02	0.75
mh/s	0.02	0.62
bitcoins	0.02	0.67
programming	0.02	0.60
discuss	0.02	0.73
horse	0.02	0.47
own	0.02	0.61
cheaper	0.02	0.80
charge	0.02	0.60
gh/s	0.02	0.60
perspective	0.02	0.69
reasons	0.03	0.72
fit	0.03	0.66
completed	0.03	0.77
earning	0.03	0.63
250k	0.03	0.67
rare	0.03	0.68
network	0.03	0.63
tail	0.03	0.74
global	0.03	0.56
billions	0.03	0.72
ta	0.03	1.22
lite	0.03	0.63
mil	0.03	0.69
wear	0.03	0.63
gives	0.03	0.63
goes	0.03	0.63
offline	0.03	0.79
tried	0.03	0.73
wallpaper	0.03	0.64
onto	0.03	0.67
provides	0.03	0.57
knc	0.03	0.62
return	0.03	0.67
qualify	0.03	0.77
initial	0.03	0.62
gotten	0.03	0.94
faq	0.03	0.76
safer	0.03	0.89
threshold	0.03	0.64
equivalent	0.03	0.65
goods	0.03	0.59
radeon	0.03	0.49
sale	0.03	0.58
reserve	0.04	0.61
popularity	0.04	0.59
aiming	0.04	0.69
2k	0.04	0.74
wallets	0.04	0.76
2.0	0.04	0.64
portfolio	0.04	0.61
office	0.04	0.53
listen	0.04	0.64
slot	0.04	0.63
python	0.04	0.63
connections	0.04	0.64
1,000,000	0.04	0.67
jumped	0.04	0.80
interested	0.04	1.18
credits	0.04	0.55
roughly	0.04	0.66
believing	0.04	0.85
srs	0.04	1.02
total	0.04	0.60
intensity	0.04	0.85
paper	0.04	0.70
informed	0.04	0.67
were	0.04	0.85
solo	0.05	0.60
business	0.05	0.53
overnight	0.05	0.72
discussions	0.05	0.84
gaw	0.05	0.58
graph	0.05	0.73
human	0.05	0.74
comparison	0.05	0.67
homework	0.05	0.67
purchasing	0.05	0.62
starting	0.05	1.02
wowdoge	0.05	0.66
discussed	0.05	0.70
whatnot	0.05	0.70
important	0.05	0.79
bars	0.05	0.73
wild	0.05	0.69
limited	0.05	0.53
down	0.05	0.68
release	0.05	0.62
occurs	0.05	0.59
p.s	0.05	1.19
u.s	0.05	0.63
national	0.05	0.51
online	0.05	0.68
fb	0.06	0.56
population	0.06	0.57
add	0.06	0.98
notice	0.06	1.12
digibyte	0.06	0.64
printed	0.06	0.65
speak	0.06	0.90
aint	0.06	1.38
dutch	0.06	0.84
example	0.06	0.87
stocks	0.06	0.59
walked	0.06	0.59
ages	0.06	0.64
complex	0.06	0.65
teams	0.06	0.68
r/dogemarket	0.06	0.70
themselves	0.06	0.67
asset	0.06	0.61
blog	0.06	0.60
graphs	0.06	0.70
studying	0.06	0.65
animal	0.06	0.64
professional	0.06	0.82
euros	0.06	0.66
hit	0.06	0.71
property	0.06	0.56
dogechain	0.06	0.70
100k	0.06	0.73
coin	0.06	0.62
paid	0.06	0.60
steady	0.06	0.61
teach	0.06	0.65
circulation	0.06	0.61
named	0.06	1.14
sold	0.07	0.62
dig	0.07	0.75
talking	0.07	1.18
internal	0.07	0.59
happier	0.07	0.71
chart	0.07	0.72
popping	0.07	0.76
liquid	0.07	0.57
hilarious	0.07	1.61
dammit	0.07	0.93
digital	0.07	0.56
since	0.07	0.87
wind	0.07	0.73
stash	0.07	0.61
gear	0.07	0.47
atms	0.07	0.57
big	0.07	0.78
speed	0.07	0.60
signing	0.07	0.67
offers	0.07	0.62
dogec0in	0.07	0.75
turning	0.07	0.67
repeat	0.07	0.79
square	0.07	0.59
deals	0.07	0.57
photos	0.07	0.55
approval	0.07	0.73
tens	0.08	0.82
rent	0.08	0.55
contributed	0.08	0.97
web	0.08	0.59
sustainable	0.08	0.57
sponsors	0.08	0.59
ton	0.08	0.76
intentions	0.08	0.77
player	0.08	0.47
buy	0.08	0.61
deflation	0.08	0.61
drinks	0.08	0.72
gridseeds	0.08	0.59
investor	0.08	0.60
normally	0.08	0.67
bright	0.08	0.67
non	0.08	0.68
interest	0.08	0.62
forked	0.08	0.77
casual	0.08	0.68
goals	0.08	0.80
100b	0.08	0.66
safe	0.08	0.77
concerns	0.08	0.71
updating	0.09	0.76
1.4	0.09	0.80
education	0.09	0.56
bought	0.09	0.65
storing	0.09	0.77
local	0.09	0.56
mined	0.09	0.60
inflation	0.09	0.58
discussion	0.09	0.78
safely	0.09	0.79
student	0.09	0.58
rational	0.09	0.62
predict	0.09	0.65
halvenings	0.09	0.59
ben	0.09	0.68
pace	0.09	0.56
chain	0.09	1.95
config	0.09	0.77
slowly	0.09	0.62
drivers	0.09	0.49
promote	0.09	0.77
tempted	0.09	1.02
secure	0.09	0.74
porn	0.10	0.51
international	0.10	0.57
trusting	0.10	0.64
savvy	0.10	0.64
parent	0.10	0.58
markup	0.10	0.67
diversify	0.10	0.61
ordering	0.10	0.58
debt	0.10	0.56
service	0.10	0.62
estimated	0.10	0.53
client	0.10	0.82
dogemas	0.10	0.92
provide	0.10	0.64
marketing	0.10	0.59
legitimacy	0.10	0.63
whilst	0.10	0.64
productive	0.10	0.80
jack	0.10	0.61
shipping	0.10	0.61
screenshots	0.10	0.68
math	0.10	0.72
exclusive	0.10	0.62
wall	0.10	0.57
relative	0.10	0.57
alone	0.11	1.22
liking	0.11	0.64
recommended	0.11	0.76
1.6	0.11	0.78
coupon	0.11	0.64
tank	0.11	0.61
practically	0.11	0.60
factor	0.11	0.59
reminder	0.11	0.88
scrypt	0.11	0.66
photo	0.11	0.52
couch	0.11	0.57
turned	0.11	0.72
beats	0.11	0.61
draw	0.11	0.56
dirt	0.11	0.73
priority	0.11	0.63
american	0.11	0.67
hang	0.11	0.77
got	0.11	0.80
showing	0.11	0.64
valued	0.11	0.59
pi	0.11	0.55
ours	0.11	0.55
collect	0.11	0.76
breed	0.11	0.82
ledger	0.11	0.64
talked	0.11	0.55
determined	0.11	0.58
dollars	0.11	0.72
tea	0.11	0.73
questions	0.11	1.00
possible	0.11	0.95
suddenly	0.12	0.68
fancy	0.12	0.57
y'all	0.12	1.33
rewards	0.12	0.55
found	0.12	0.74
spent	0.12	0.70
actions	0.12	0.60
comes	0.12	0.58
face	0.12	0.59
assist	0.12	0.80
halves	0.12	0.56
electronic	0.12	0.52
pulled	0.12	0.81
aim	0.12	0.64
appeal	0.12	0.58
convince	0.12	0.70
license	0.12	0.57
upload	0.12	0.56
bid	0.12	0.61
ordered	0.12	0.59
snow	0.12	0.89
locally	0.12	0.81
competitive	0.12	0.52
offering	0.12	0.63
clients	0.12	0.79
records	0.12	0.59
privacy	0.12	0.59
glasses	0.12	0.57
ticket	0.12	0.75
stickers	0.12	0.61
wheel	0.12	0.62
battle	0.12	0.90
judge	0.12	0.67
skype	0.12	0.58
shines	0.13	0.93
niche	0.13	0.55
left	0.13	1.07
engine	0.13	0.61
moved	0.13	0.66
halfway	0.13	0.88
micro	0.13	0.53
remotely	0.13	0.80
warm	0.13	0.79
fat	0.13	0.73
push	0.13	0.67
1,000	0.13	0.74
spare	0.13	0.70
10,000	0.13	0.66
stories	0.13	0.71
edition	0.13	0.50
unit	0.13	0.65
water	0.13	0.61
doubt	0.13	1.02
convenience	0.13	0.65
flat	0.13	0.62
t-shirts	0.13	0.59
university	0.13	0.59
engage	0.13	0.69
stone	0.13	0.66
01	0.13	0.62
officially	0.13	0.58
tools	0.13	0.72
survey	0.13	0.63
away	0.13	0.77
carry	0.14	0.62
270	0.14	0.56
recognized	0.14	0.65
digging	0.14	0.78
having	0.14	0.93
hoarding	0.14	0.63
cudaminer	0.14	0.73
million	0.14	0.66
meantime	0.14	1.03
xp	0.14	0.72
basics	0.14	0.65
bitch	0.14	0.68
pics	0.14	0.56
relate	0.14	0.68
shibemint	0.14	0.60
stabilize	0.14	0.63
process	0.14	0.65
apart	0.14	0.87
downloading	0.14	0.75
deflationary	0.14	0.58
ecosystem	0.14	0.61
invest	0.14	0.64
choose	0.14	0.82
doubled	0.15	0.63
charts	0.15	0.70
basically	0.15	0.85
r/dogemining	0.15	0.84
ends	0.15	0.51
prepared	0.15	0.75
halvings	0.15	0.57
blockchain	0.15	0.79
fury	0.15	0.59
joe	0.15	0.43
oppa	0.15	1.18
came	0.15	0.66
hits	0.15	0.60
vice	0.15	0.64
alert	0.15	1.16
units	0.15	0.68
working	0.15	1.29
merchandise	0.15	0.54
easier	0.15	0.77
reward	0.15	0.55
rapidly	0.15	0.58
node	0.15	0.67
100,000	0.15	0.64
1.5	0.15	0.77
hundred	0.15	0.82
science	0.15	0.59
launching	0.15	0.73
opinion	0.15	0.72
backwards	0.15	1.07
demographic	0.15	0.59
syncing	0.16	0.75
expert	0.16	0.71
distance	0.16	0.58
til	0.16	0.78
read	0.16	0.69
arent	0.16	0.80
cross	0.16	0.60
chips	0.16	0.54
trusted	0.16	0.59
old	0.16	0.67
currently	0.16	1.10
balance	0.16	1.40
three	0.16	0.86
fully	0.16	1.05
millionaire	0.16	0.89
while	0.16	0.66
commodity	0.16	0.59
worker	0.16	0.86
minerd	0.16	0.79
halve	0.16	0.54
equals	0.17	0.63
nowhere	0.17	0.69
halved	0.17	0.54
r/dogeducation	0.17	0.83
dogeconomy	0.17	0.64
youtube	0.17	0.49
block	0.17	0.56
crypto	0.17	0.60
doggy	0.17	1.39
u/ummjackson	0.17	0.90
shoes	0.17	0.55
upwards	0.17	0.66
full	0.17	0.57
alternative	0.17	0.65
longer	0.17	0.59
coins	0.17	0.65
had	0.17	0.87
feasible	0.17	0.64
philosophy	0.17	0.61
arrived	0.17	0.61
appear	0.17	0.84
occur	0.17	0.62
finding	0.17	0.66
adult	0.17	0.56
recover	0.17	0.74
valid	0.17	1.63
sec	0.17	0.67
league	0.17	0.49
500,000	0.17	0.56
wouldnt	0.17	0.89
remaining	0.17	0.63
member	0.17	0.80
290	0.18	0.58
term	0.18	0.60
means	0.18	1.08
transparency	0.18	0.59
wide	0.18	0.57
wave	0.18	0.63
manner	0.18	0.70
earn	0.18	0.64
items	0.18	0.54
joking	0.18	0.97
adopted	0.18	0.58
industry	0.18	0.55
handed	0.18	0.66
plan	0.18	0.87
available	0.18	0.68
quality	0.18	0.57
reach	0.18	0.61
used	0.18	0.65
raspberry	0.18	0.52
masses	0.18	0.64
id	0.18	0.59
e	0.18	1.37
rely	0.18	0.51
four	0.18	0.79
players	0.18	0.50
base	0.18	0.65
robot	0.19	0.83
civil	0.19	0.67
views	0.19	0.69
technically	0.19	1.10
gladly	0.19	0.96
independent	0.19	0.51
time	0.19	0.83
ones	0.19	0.67
usually	0.19	0.62
thousand	0.19	0.78
giant	0.19	0.58
treat	0.19	0.70
dollar	0.19	0.62
money	0.19	0.69
grow	0.19	0.51
url	0.19	0.87
sticker	0.19	0.65
game	0.19	0.48
pushed	0.19	0.58
artist	0.19	0.53
suchlist	0.19	0.60
suspicious	0.19	0.72
valuable	0.19	0.59
lem	0.19	0.96
synced	0.19	0.78
trillion	0.20	0.62
billion	0.20	0.60
engineer	0.20	0.59
jumping	0.20	0.67
shirts	0.20	0.58
shopping	0.20	0.54
pet	0.20	0.60
t-shirt	0.20	0.58
being	0.20	0.71
turn	0.20	0.65
state	0.20	0.60
tie	0.20	0.60
channel	0.20	0.52
explained	0.20	0.73
convincing	0.20	0.66
worth	0.20	0.63
pictures	0.20	0.60
simpler	0.20	0.69
wherever	0.20	0.74
crypto-currency	0.20	0.58
western	0.20	0.61
bottle	0.20	0.57
apparently	0.20	1.52
moving	0.21	0.74
proposal	0.21	0.72
decentralized	0.21	0.58
waiting	0.21	0.80
haul	0.21	0.64
advanced	0.21	0.60
dogecoins	0.21	0.67
nicer	0.21	0.71
anyone	0.21	0.82
r/dogeillionaires	0.21	0.90
votes	0.21	1.02
savings	0.21	0.60
shipped	0.21	0.61
announced	0.21	0.63
magazine	0.21	0.95
picture	0.21	0.58
halving	0.21	0.55
minecraft	0.21	0.50
announcement	0.21	0.59
character	0.21	0.63
countries	0.21	0.62
states	0.21	0.62
bringing	0.21	0.70
progress	0.21	0.69
sponsoring	0.21	0.67
relevant	0.21	0.70
students	0.21	0.58
economics	0.21	0.61
map	0.21	0.50
static	0.21	0.58
tool	0.21	0.60
looked	0.21	0.91
forget	0.21	1.03
stays	0.22	0.61
accepted	0.22	0.72
staying	0.22	0.63
put	0.22	0.63
smile	0.22	0.84
patrick	0.22	0.87
tickets	0.22	0.75
anyhow	0.22	0.68
setx	0.22	0.79
undervalued	0.22	0.71
him	0.22	0.62
yet	0.22	0.95
closely	0.22	0.47
floor	0.22	0.56
legitimate	0.22	0.59
anonymity	0.22	0.61
ftfy	0.22	0.76
sky	0.22	0.61
hanging	0.22	0.72
played	0.22	0.50
cat	0.22	0.95
holdings	0.23	0.58
male	0.23	0.57
nodes	0.23	0.66
article	0.23	0.58
ol	0.23	0.75
realistically	0.23	0.67
looking	0.23	1.30
guides	0.23	0.74
light	0.23	0.65
support	0.23	0.70
quiet	0.23	0.63
here	0.23	1.08
mini	0.23	0.55
easily	0.23	0.69
row	0.23	0.78
watts	0.24	0.62
football	0.24	0.52
port	0.24	0.79
fish	0.24	0.60
stable	0.24	0.58
experience	0.24	0.67
moment	0.24	0.91
pretend	0.24	0.85
teaching	0.24	0.57
gave	0.24	0.66
desire	0.24	0.84
australian	0.24	0.64
nowadays	0.24	0.59
flags	0.24	0.73
debate	0.24	0.67
station	0.24	0.49
opportunities	0.24	0.69
cleared	0.24	0.75
tested	0.24	0.78
daily	0.24	0.64
shirt	0.24	0.56
pennies	0.24	0.65
confused	0.24	1.00
shady	0.24	0.66
america	0.24	0.65
considering	0.24	0.90
inu	0.24	0.62
woke	0.24	0.75
pulling	0.24	0.68
financially	0.25	0.67
milk	0.25	0.55
enter	0.25	0.96
dark	0.25	0.63
promo	0.25	0.54
exist	0.25	0.80
downloads	0.25	0.62
relationship	0.25	0.58
dogs	0.25	0.60
food	0.25	0.55
viable	0.25	0.56
ultimate	0.25	0.58
cent	0.25	0.60
grab	0.25	0.62
shows	0.25	0.48
artists	0.25	0.46
weekly	0.25	0.63
identity	0.25	0.59
propose	0.25	0.69
shiba	0.25	0.60
jump	0.25	0.66
european	0.25	0.61
college	0.25	0.56
existence	0.26	0.62
stack	0.26	0.56
style	0.26	0.76
solar	0.26	0.57
expectations	0.26	0.62
chunk	0.26	0.58
stratum	0.26	0.79
cryptocurrency	0.26	0.58
precious	0.26	0.58
eu	0.26	0.63
snoop	0.26	1.15
experiences	0.26	0.57
doge-dice	0.26	0.67
mature	0.26	0.66
japan	0.26	0.60
represent	0.26	0.58
hooked	0.26	0.52
promised	0.26	0.67
compared	0.26	0.60
bus	0.26	0.66
remains	0.26	0.61
painting	0.26	0.67
second	0.27	0.88
awkward	0.27	0.78
newbie	0.27	0.79
practical	0.27	0.60
sync	0.27	0.69
sit	0.27	0.68
physical	0.27	0.55
approximately	0.27	0.57
his	0.27	0.50
caution	0.27	0.56
downside	0.27	0.93
exists	0.27	0.57
putting	0.27	0.74
schedule	0.27	0.50
suggestion	0.27	1.13
talented	0.27	0.53
recognize	0.27	0.67
spend	0.27	0.69
freak	0.27	0.72
penny	0.28	0.59
pitch	0.28	0.82
currency	0.28	0.58
prime	0.28	0.46
latter	0.28	0.74
trust	0.28	0.67
number	0.28	0.69
prove	0.28	0.68
school	0.28	0.55
plus	0.28	0.64
0.01	0.28	0.61
knew	0.28	0.96
continued	0.28	0.52
third	0.28	0.79
smell	0.28	0.64
bounce	0.28	0.66
buying	0.28	0.61
weselldoges	0.28	0.81
odd	0.29	0.73
entire	0.29	0.55
extended	0.29	0.56
edge	0.29	0.60
board	0.29	0.64
theory	0.29	0.65
path	0.29	0.65
steps	0.29	0.61
half	0.29	0.55
per	0.29	0.59
drink	0.29	0.56
educated	0.29	0.58
spot	0.29	0.57
constructive	0.30	0.72
economy	0.30	0.55
reviews	0.30	0.45
thin	0.30	0.54
cookie	0.30	0.62
cast	0.30	0.86
cats	0.30	0.94
published	0.30	0.49
billboard	0.30	0.64
cents	0.30	0.60
gold	0.30	0.55
atm	0.30	0.79
express	0.30	0.83
taking	0.30	0.78
cant	0.30	0.98
values	0.30	0.55
analysis	0.30	0.61
toss	0.30	0.70
taken	0.30	0.76
hat	0.30	0.57
aspect	0.31	0.58
review	0.31	0.51
engineering	0.31	0.56
grown	0.31	0.50
streaming	0.31	0.46
presence	0.31	0.59
position	0.31	0.60
duck	0.32	0.50
fashion	0.32	0.61
cgminer.exe	0.32	0.81
curiosity	0.32	0.81
m	0.32	1.06
finished	0.32	0.52
therefore	0.32	0.66
long	0.32	0.63
pyramid	0.32	0.61
alien	0.32	0.79
mascot	0.32	0.57
submit	0.32	0.71
opinions	0.32	0.64
tbh	0.32	0.71
went	0.32	0.65
beast	0.32	0.63
refresh	0.32	0.80
deep	0.32	0.63
accurate	0.32	1.31
contribute	0.32	0.82
route	0.32	0.89
jobs	0.33	0.62
video	0.33	0.49
participate	0.33	0.73
shares	0.33	0.78
games	0.33	0.42
benefit	0.33	0.61
times	0.33	0.71
bam	0.33	0.86
throwing	0.33	0.66
order	0.33	0.62
itself	0.33	0.57
stayed	0.33	0.58
guide	0.33	0.72
walk	0.33	0.48
seek	0.33	0.62
located	0.33	0.66
growing	0.33	0.51
newcomers	0.33	0.84
finally	0.33	0.68
u/langer_hans	0.33	0.62
underdoge	0.33	0.61
boat	0.33	0.91
seven	0.33	0.72
positive	0.33	0.92
center	0.33	0.45
women	0.33	0.51
laying	0.33	0.62
venture	0.33	0.75
waves	0.34	0.54
problem	0.34	0.85
together	0.34	0.67
succeed	0.34	0.73
portion	0.34	0.55
active	0.34	0.81
period	0.34	0.56
kids	0.34	0.57
hurry	0.34	0.72
playing	0.34	0.42
hobby	0.34	0.57
wearing	0.34	0.51
zero	0.34	0.60
voice	0.34	0.51
admit	0.34	0.88
almost	0.34	0.57
fact	0.34	1.00
from	0.34	0.79
safest	0.34	1.50
riding	0.34	0.57
most	0.34	0.97
silver	0.35	0.55
happily	0.35	0.66
united	0.35	0.62
involved	0.35	0.69
myself	0.35	0.78
pause	0.35	0.84
placed	0.35	0.59
walking	0.35	0.45
reputable	0.35	0.62
sponsored	0.35	0.62
handing	0.35	0.60
innovation	0.35	0.61
gift	0.35	0.50
taught	0.35	0.56
finance	0.35	0.54
information	0.35	0.71
equal	0.35	0.61
laughs	0.35	0.79
kabosu	0.35	0.58
sat	0.35	0.61
khash/s	0.36	0.60
sleeping	0.36	0.64
suspect	0.36	0.74
trustworthy	0.36	0.62
difference	0.36	0.64
sun	0.36	0.75
gates	0.36	0.66
acquire	0.36	0.73
survive	0.36	0.68
keeps	0.36	0.60
club	0.36	0.60
jar	0.36	0.55
whether	0.36	0.72
c'mon	0.36	0.98
kh/s	0.36	0.57
understanding	0.36	0.58
tutorials	0.36	0.65
getting	0.36	0.96
date	0.36	0.57
around	0.37	0.64
complain	0.37	0.86
understandable	0.37	0.64
guessing	0.37	1.14
during	0.37	0.42
resource	0.37	0.69
raining	0.37	0.80
shoot	0.37	0.80
brings	0.37	0.84
up	0.37	0.65
strong	0.37	0.61
am	0.38	1.05
given	0.38	0.73
clear	0.38	0.70
over	0.38	0.65
gamble	0.38	0.63
picked	0.38	0.66
clarification	0.38	1.37
petition	0.38	0.64
age	0.38	0.55
quote	0.38	0.59
familiar	0.38	0.75
everywhere	0.38	0.68
hassle	0.38	0.67
sum	0.38	0.60
overall	0.39	0.59
relax	0.39	0.61
after	0.39	0.52
vehicle	0.39	0.56
write	0.39	0.53
sponsorship	0.39	0.61
grows	0.39	0.47
world	0.39	0.57
radio	0.39	0.37
driving	0.39	0.50
roof	0.39	0.54
popular	0.39	0.46
bed	0.39	0.60
puppies	0.39	0.50
patient	0.39	1.04
reading	0.39	0.56
conversation	0.39	0.66
900	0.39	1.08
discount	0.39	0.53
cheapest	0.39	1.45
preferred	0.39	1.29
hoard	0.39	0.64
beep	0.39	0.92
easiest	0.39	1.48
directions	0.39	0.63
spending	0.40	0.61
crew	0.40	0.54
jk	0.40	0.94
dat	0.40	0.78
satoshi	0.40	0.58
stuffcoins	0.40	0.53
gtx	0.40	0.61
our	0.40	0.62
country	0.40	0.59
picking	0.40	0.65
articles	0.40	0.48
chose	0.40	0.65
welp	0.40	1.19
them	0.40	0.73
solution	0.41	0.71
still	0.41	1.23
answering	0.41	0.77
none	0.41	0.70
further	0.41	0.87
collective	0.41	1.07
miles	0.41	0.49
coffee	0.41	0.54
able	0.41	0.79
downs	0.41	0.99
theres	0.41	0.69
launch	0.41	0.66
wealthy	0.41	1.06
ideal	0.41	0.60
excited	0.41	0.97
danica	0.41	0.83
zone	0.42	0.59
rockets	0.42	0.81
rather	0.42	0.63
scary	0.42	0.72
europe	0.42	0.60
accomplished	0.42	0.62
choosing	0.42	0.66
mind	0.42	1.01
catch	0.42	0.82
hats	0.42	0.54
nasa	0.42	0.66
somehow	0.42	0.71
heading	0.42	0.64
theme	0.42	0.55
younger	0.43	0.54
halvening	0.43	0.51
uk	0.43	0.59
helps	0.43	0.62
refreshing	0.43	0.65
deserved	0.43	0.77
covered	0.43	0.56
copper	0.43	0.53
sponsor	0.43	0.56
loads	0.43	0.65
unexpected	0.43	0.59
happened	0.44	0.83
healthy	0.44	0.53
cudaminer.exe	0.44	0.77
explaining	0.44	0.63
bomb	0.44	0.68
distribution	0.44	0.56
deserves	0.44	0.68
0.5	0.44	0.59
minute	0.44	0.54
bounty	0.44	0.69
shoe	0.44	0.47
grew	0.44	1.02
dis	0.44	1.01
young	0.45	0.81
explains	0.45	0.67
swear	0.45	0.83
uprocket	0.45	1.27
tutorial	0.45	0.66
final	0.45	0.55
out	0.45	0.75
brothers	0.45	0.55
bucks	0.45	0.61
steam	0.45	0.46
when	0.45	0.66
close	0.45	0.71
widely	0.45	0.51
mexico	0.45	0.61
tent	0.45	0.50
0.1	0.45	0.58
method	0.46	0.75
ask	0.46	0.77
u/moolah	0.46	0.64
beneficial	0.46	0.59
knowing	0.46	0.70
restaurant	0.46	0.48
generally	0.46	0.59
stratum+tcp	0.46	0.80
sport	0.46	0.48
monster	0.46	0.57
accomplish	0.46	0.62
likely	0.46	0.70
view	0.46	0.61
r/dogelympics	0.46	0.96
buck	0.46	0.55
task	0.46	0.60
city	0.46	0.55
doesnt	0.46	0.90
ship	0.46	0.65
thinking	0.47	1.11
giveaways	0.47	0.93
ill	0.47	1.15
gravity	0.47	0.58
offer	0.47	0.57
000	0.47	0.60
realize	0.47	1.19
event	0.47	0.56
isnt	0.47	0.88
written	0.47	0.55
where	0.47	1.14
john	0.47	0.48
gif	0.47	0.65
khash	0.47	0.59
nation	0.48	0.57
revolution	0.48	0.50
insane	0.48	1.41
puppy	0.48	0.52
surface	0.48	0.57
house	0.48	0.51
nor	0.48	0.73
chip	0.48	0.43
videos	0.48	0.49
decide	0.48	0.71
happens	0.48	0.65
sports	0.48	0.39
al	0.48	0.62
fourth	0.49	1.09
once	0.49	0.63
cheap	0.49	0.59
sketchy	0.49	0.61
followed	0.49	0.45
intense	0.49	0.64
fuck	0.49	0.89
heaven	0.49	0.76
whatsoever	0.49	0.52
blocked	0.49	0.57
weasels	0.49	0.66
humor	0.49	0.61
twist	0.49	0.81
north	0.49	0.60
ninja	0.49	0.88
personally	0.49	0.84
confusing	0.49	0.75
fresh	0.50	0.48
er	0.50	0.71
metals	0.50	0.52
tell	0.50	0.76
more	0.50	0.62
minds	0.50	0.62
submitted	0.50	0.65
hosting	0.50	0.63
rolling	0.50	0.63
are	0.50	0.81
bowl	0.50	0.54
laughed	0.50	0.69
tv	0.50	0.52
female	0.50	0.48
medium	0.50	0.72
lifetime	0.50	0.47
interview	0.51	0.50
obtain	0.51	0.69
planet	0.51	0.50
angle	0.51	0.48
effort	0.51	0.80
remain	0.51	0.60
pic	0.51	0.63
im	0.51	0.98
sneaky	0.51	0.70
summer	0.51	0.86
seeing	0.51	0.80
transparent	0.51	0.57
canada	0.51	0.64
curious	0.51	0.94
guarantee	0.52	0.77
beginning	0.52	0.55
everyday	0.52	0.55
sexy	0.52	0.62
rocketship	0.52	0.62
tracks	0.52	0.40
host	0.52	0.63
drinking	0.52	0.54
stream	0.52	0.43
eli5	0.52	0.70
spoken	0.52	0.53
waited	0.52	0.59
travel	0.52	0.57
salt	0.52	0.51
treated	0.52	0.43
street	0.53	0.45
across	0.53	0.62
train	0.53	0.69
pop	0.53	0.54
ex	0.53	0.43
collection	0.53	0.55
ti	0.53	0.60
forever	0.53	0.58
bucket	0.53	0.51
ending	0.53	0.48
continue	0.53	0.63
massively	0.53	0.57
parties	0.53	0.51
then	0.53	0.72
powers	0.53	0.55
mid	0.54	0.50
detail	0.54	0.61
ny	0.54	0.54
headed	0.54	0.60
upon	0.54	0.60
plate	0.54	0.42
clever	0.54	0.70
track	0.54	0.42
south	0.54	0.52
little	0.54	0.61
back	0.54	0.64
vibe	0.54	0.73
min	0.55	0.57
bike	0.55	0.42
3rd	0.55	0.76
met	0.55	0.51
five	0.55	0.70
town	0.55	0.50
last	0.55	0.56
recorded	0.55	0.35
plans	0.55	0.56
sooner	0.55	0.62
universe	0.55	0.53
at	0.55	0.58
effective	0.56	0.58
belief	0.56	0.70
takes	0.56	0.58
metal	0.56	0.50
flying	0.56	0.59
reliable	0.56	0.60
scene	0.56	0.98
complicated	0.56	0.70
betting	0.56	0.58
quickly	0.56	0.61
assistance	0.56	0.69
chances	0.56	0.60
flowing	0.56	0.62
straight	0.56	0.63
pass	0.56	0.68
taste	0.56	0.58
books	0.56	0.42
gamer	0.56	0.59
among	0.56	0.60
another	0.56	1.23
secret	0.56	0.70
eastern	0.56	0.53
sweden	0.56	0.62
reminded	0.57	0.48
umm	0.57	0.88
years	0.57	0.58
try	0.57	0.73
wrap	0.57	0.45
finish	0.57	0.43
take	0.57	0.66
morning	0.57	0.56
slightly	0.57	0.57
rain	0.57	0.82
classic	0.57	0.38
wait	0.57	0.60
minutes	0.57	0.58
lap	0.57	0.50
explain	0.57	0.70
figuring	0.57	0.73
sensible	0.57	0.52
2nd	0.57	0.82
o	0.58	0.83
today	0.58	0.59
end	0.58	0.50
which	0.58	0.69
strategy	0.58	1.13
poker	0.58	0.49
especially	0.58	0.59
shot	0.58	0.60
throw	0.58	0.61
till	0.58	0.51
words	0.58	0.75
counted	0.58	0.66
six	0.58	0.66
confident	0.59	0.81
phil	0.59	0.46
divide	0.59	0.60
solid	0.59	0.51
regret	0.59	0.76
providing	0.59	0.60
thru	0.59	0.63
inspire	0.59	1.00
everything	0.59	0.66
convenient	0.59	0.70
becomes	0.59	0.53
mars	0.59	0.55
se	0.59	0.64
master	0.59	0.66
mountain	0.59	0.46
convinced	0.59	0.75
shocked	0.59	0.78
became	0.60	0.55
afternoon	0.60	0.56
days	0.60	0.63
vision	0.60	0.56
movies	0.60	1.02
about	0.60	0.81
few	0.60	0.70
est	0.60	0.50
acts	0.60	0.49
can	0.60	0.78
took	0.60	0.57
tips	0.60	0.97
eventually	0.60	0.63
amongst	0.60	0.59
seconds	0.61	0.57
degree	0.61	0.50
attractive	0.61	0.49
anonymous	0.61	0.56
lose	0.61	0.71
tho	0.61	1.13
london	0.61	0.53
keeping	0.61	0.56
knowledge	0.61	0.52
book	0.61	0.84
round	0.61	0.88
shout	0.61	0.64
aussie	0.61	0.83
hop	0.61	0.52
stay	0.61	0.59
innovative	0.61	0.63
want	0.61	0.78
golden	0.62	0.54
hopes	0.62	0.66
0	0.62	0.75
lil	0.62	0.64
orbit	0.62	0.57
ten	0.62	0.70
subshibe	0.62	0.68
netflix	0.62	0.48
australia	0.62	0.59
act	0.62	0.60
cow	0.62	0.66
hours	0.62	0.57
accessible	0.63	0.54
ca	0.63	0.81
germany	0.63	0.58
or	0.63	0.68
anywhere	0.63	0.76
music	0.63	0.35
280	0.63	0.54
whole	0.63	0.51
floating	0.63	0.59
forth	0.63	0.73
hour	0.63	0.56
earth	0.63	0.53
rocket	0.63	0.62
prepare	0.63	0.60
xdg	0.63	0.64
couple	0.63	0.69
until	0.63	0.51
leader	0.63	0.51
expect	0.63	0.78
past	0.63	0.60
website	0.64	0.55
tomorrow	0.64	0.57
distributed	0.64	0.54
tonight	0.64	0.47
monday	0.64	0.54
joining	0.64	0.64
literally	0.64	0.54
move	0.64	0.60
quarter	0.64	0.57
lunch	0.64	0.51
weeks	0.65	0.56
showed	0.65	0.86
h	0.65	0.82
hrs	0.65	0.57
funny	0.65	0.71
becoming	0.65	0.56
personal	0.65	0.50
closest	0.65	1.14
bound	0.65	0.62
hoping	0.65	0.81
later	0.65	0.56
area	0.65	0.54
y	0.66	0.74
teacher	0.66	0.44
did	0.66	0.90
ago	0.66	0.58
importantly	0.66	0.52
comming	0.66	0.67
meat	0.66	0.48
wondering	0.66	1.02
otherwise	0.66	0.76
l	0.66	0.82
cute	0.66	0.49
tuned	0.66	0.55
west	0.66	0.52
participating	0.66	0.66
someday	0.66	0.63
strength	0.66	0.55
mirror	0.66	0.65
opportunity	0.67	0.58
64	0.67	0.68
frontpage	0.67	0.77
mohland	0.67	0.94
gather	0.67	0.59
things	0.67	0.69
question	0.67	0.73
told	0.67	0.49
experiment	0.67	0.57
reporting	0.67	0.58
ppr	0.67	0.44
canadian	0.67	0.59
beyond	0.67	0.53
perhaps	0.67	0.65
life	0.68	0.99
ring	0.68	0.49
candy	0.68	0.40
beauty	0.68	0.85
night	0.68	0.57
nothing	0.68	0.73
months	0.68	0.57
mins	0.68	0.57
meaningful	0.68	0.54
sight	0.68	0.54
step	0.68	0.54
destination	0.68	0.58
ideas	0.69	0.57
aswell	0.69	0.62
freely	0.69	0.57
france	0.69	0.57
6.9	0.69	0.82
tune	0.69	0.31
wake	0.69	0.59
lunar	0.69	0.57
dancing	0.69	0.48
beer	0.69	0.52
promise	0.69	0.71
rounds	0.69	0.60
signed	0.69	0.65
afford	0.69	0.74
hijacking	0.69	0.74
un	0.69	0.59
pit	0.69	0.43
near	0.69	0.54
friends	0.69	0.70
upvoted	0.69	1.07
plot	0.70	0.73
satoshis	0.70	0.55
east	0.70	0.56
there	0.70	0.92
landing	0.70	0.57
encourages	0.70	0.51
eat	0.70	0.48
lunam	0.70	0.84
flight	0.70	0.58
truck	0.70	0.36
wo	0.70	0.81
en	0.70	0.62
within	0.70	0.58
ninjaaa	0.70	1.09
joy	0.70	0.98
answers	0.70	0.63
ride	0.70	0.49
shibetoshi	0.70	0.74
join	0.70	0.60
career	0.70	0.44
cars	0.70	0.41
must	0.70	0.73
ford	0.70	0.39
laugh	0.70	0.63
become	0.70	0.57
maths	0.70	1.07
bout	0.70	0.90
sea	0.70	0.51
1	0.71	0.69
songs	0.71	0.32
nascar	0.71	0.39
bit	0.71	0.59
give	0.71	0.68
passing	0.71	0.55
lived	0.71	0.47
making	0.71	0.62
14th	0.71	0.47
lot	0.71	0.65
hearts	0.71	0.72
seat	0.71	0.61
any	0.71	0.68
live	0.71	0.54
encouraging	0.72	0.65
least	0.72	0.60
island	0.72	0.43
announce	0.72	0.55
le	0.72	0.65
writer	0.72	0.38
evening	0.72	0.57
car	0.72	0.44
worry	0.72	0.83
chill	0.72	0.79
listening	0.72	0.43
does	0.72	0.80
favourite	0.72	0.86
fuel	0.72	0.61
next	0.72	0.52
famous	0.73	0.41
newpage	0.73	0.75
chosen	0.73	0.59
et	0.73	0.47
thought	0.73	1.07
trees	0.73	0.51
let	0.73	0.78
loyal	0.73	0.62
savethemhood	0.73	0.55
future	0.73	0.48
driver	0.73	0.51
whatever	0.73	0.70
pot	0.74	0.58
anymore	0.74	0.83
ranked	0.74	0.74
fishy	0.74	0.58
tacocoin	0.74	0.52
space	0.74	0.58
entered	0.74	0.87
need	0.74	0.77
far	0.74	0.77
obviously	0.74	0.77
meetup	0.74	0.54
smoke	0.74	0.55
c	0.74	0.77
selected	0.74	0.63
breakfast	0.74	0.51
egg	0.74	0.46
tuesday	0.74	0.50
w	0.74	0.80
won	0.74	0.75
highly	0.74	0.55
usa	0.74	0.55
shit	0.74	0.80
racing	0.74	0.42
imagine	0.74	0.74
laps	0.75	0.39
motivation	0.75	0.59
count	0.75	0.72
ll	0.75	0.68
watch	0.75	0.56
we	0.75	0.79
england	0.75	0.54
remember	0.75	0.80
fly	0.75	0.61
plane	0.75	0.59
cup	0.76	0.35
care	0.76	0.78
men	0.76	0.50
york	0.76	0.53
fox	0.76	0.33
unless	0.76	0.74
tipper	0.76	0.77
albeit	0.76	0.47
wolves	0.76	0.45
save	0.76	0.63
k	0.76	0.79
v	0.76	0.73
skill	0.76	0.54
nature	0.76	0.59
sorta	0.76	0.69
rest	0.76	0.65
partner	0.77	0.75
countdown	0.77	0.55
q	0.77	0.73
rewarding	0.77	0.55
de	0.77	0.60
because	0.77	1.01
dem	0.77	0.60
now	0.77	1.02
la	0.77	0.59
album	0.78	0.32
way	0.78	1.13
2015	0.78	0.47
trail	0.78	0.42
u/dogedriver	0.78	0.54
not	0.78	1.02
burgers	0.78	0.46
recovery	0.78	0.92
blast	0.78	0.55
they	0.78	0.76
leave	0.79	0.70
coast	0.79	0.52
nyc	0.79	0.51
mission	0.79	0.58
point	0.79	0.85
april	0.79	0.49
find	0.79	0.67
film	0.79	0.45
thing	0.79	0.74
wins	0.79	0.54
early	0.79	0.50
yo	0.79	0.68
sometime	0.79	0.52
land	0.79	0.41
leap	0.79	0.51
confuse	0.79	0.82
voting	0.79	0.58
go	0.79	0.67
checking	0.80	0.57
will	0.80	0.69
tails	0.80	0.52
every	0.80	0.47
culture	0.80	0.52
living	0.80	0.48
1/2	0.80	0.51
week	0.80	0.51
72	0.80	0.77
understand	0.80	0.74
story	0.81	0.45
v8	0.81	0.47
sadly	0.81	0.86
behalf	0.81	0.78
relatively	0.81	0.54
anything	0.81	0.75
retweeted	0.81	0.63
bread	0.81	0.43
equally	0.81	0.45
rewarded	0.81	0.52
random	0.81	0.59
belong	0.81	0.53
u/dogerank	0.81	0.69
redditor	0.81	0.55
67	0.81	0.81
woman	0.81	0.38
feb	0.81	0.46
re	0.81	0.84
chicken	0.81	0.44
pizza	0.82	0.44
saturday	0.82	0.48
contributing	0.82	0.70
symbol	0.82	0.65
others	0.82	0.71
moons	0.82	0.53
sure	0.82	0.99
f	0.82	0.71
soon	0.82	0.58
february	0.82	0.46
matter	0.82	0.72
california	0.82	0.52
how	0.82	0.79
grand	0.82	0.50
pleased	0.82	0.68
just	0.82	0.77
88	0.83	0.80
91	0.83	0.81
980	0.83	0.98
65	0.83	0.75
yours	0.83	0.76
perfectly	0.83	0.54
movie	0.83	0.86
tree	0.83	0.55
bring	0.83	0.57
71	0.83	0.80
st	0.83	0.47
star	0.83	0.50
dice	0.83	0.50
episode	0.83	0.84
happen	0.83	0.74
burger	0.83	0.44
detailed	0.83	0.54
5th	0.83	0.57
competition	0.84	0.75
dega	0.84	0.39
bark	0.84	0.59
thread-concurrency	0.84	0.71
get	0.84	0.67
entertaining	0.84	0.71
figured	0.84	1.06
month	0.84	0.52
n't	0.84	0.79
73	0.84	0.79
could	0.84	0.72
band	0.84	0.33
series	0.84	0.94
rich	0.84	0.98
heck	0.84	0.78
t	0.84	0.75
place	0.84	0.99
68	0.84	0.78
iron	0.84	0.39
incoming	0.85	0.63
do	0.85	0.78
reminds	0.85	0.68
8	0.85	0.64
split	0.85	0.53
2-3	0.85	0.64
x	0.85	0.73
intelligent	0.85	0.52
surprised	0.85	0.72
dreams	0.85	0.64
69	0.85	0.80
duty	0.85	0.49
n	0.85	0.71
irl	0.85	0.53
particularly	0.85	0.53
talladega	0.85	0.38
63	0.85	0.80
dance	0.85	0.47
strange	0.85	0.73
distribute	0.85	0.54
quick	0.86	0.60
96	0.86	0.79
b	0.86	0.75
jelly	0.86	0.68
creative	0.86	0.46
current	0.86	0.81
hopefully	0.86	0.64
boys	0.86	0.41
capture	0.86	0.47
show	0.86	0.38
only	0.86	0.76
u	0.86	0.70
wonder	0.86	0.71
77	0.86	0.78
sunday	0.87	0.45
november	0.87	0.47
87	0.87	0.78
95	0.87	0.78
stars	0.87	0.46
qualifying	0.87	0.32
all-star	0.87	0.41
races	0.87	0.37
year	0.87	0.49
u/mumzie	0.87	0.51
depth	0.87	0.51
chuckle	0.87	0.61
friday	0.87	0.48
pick	0.87	0.60
texas	0.88	0.51
if	0.88	0.78
impressive	0.88	1.16
december	0.88	0.45
january	0.88	0.46
atmosphere	0.88	0.61
bummer	0.88	0.96
no	0.88	0.72
crap	0.88	0.82
come	0.88	0.55
reference	0.88	0.68
make	0.88	0.66
should	0.88	0.73
why	0.89	0.78
award	0.89	0.68
neither	0.89	0.59
2013	0.89	0.45
stopping	0.89	0.65
vote	0.89	0.57
randomly	0.89	0.52
honest	0.89	0.68
sister	0.89	0.58
figure	0.89	0.72
watched	0.89	0.84
1-2	0.89	0.58
maybe	0.89	0.72
san	0.89	0.50
3-4	0.89	0.59
66	0.89	0.77
passionate	0.89	0.60
know	0.89	0.78
assume	0.90	0.80
river	0.90	0.37
useful	0.90	0.50
2014	0.90	0.45
success	0.90	0.50
pup	0.90	0.76
clue	0.90	0.74
one	0.90	0.97
parents	0.90	0.47
sprint	0.90	0.35
256	0.91	0.68
some	0.91	0.69
dinner	0.91	0.46
laid	0.91	0.46
heres	0.91	0.75
vacation	0.91	0.69
banana	0.91	0.45
unique	0.91	0.48
enough	0.91	0.70
works	0.91	0.65
donuts	0.91	0.39
giggle	0.92	0.49
upcoming	0.92	0.48
even	0.92	0.76
table	0.92	0.54
ate	0.92	0.43
creepy	0.92	0.70
concept	0.92	0.48
750	0.92	0.55
feeling	0.92	0.66
practice	0.92	0.34
king	0.92	0.47
seemed	0.92	0.56
girls	0.92	0.37
kid	0.92	0.41
terribly	0.92	0.55
unite	0.93	0.70
might	0.93	0.70
20th	0.93	0.44
what	0.93	0.77
jan	0.93	0.46
memories	0.93	0.54
entries	0.93	0.61
race	0.93	0.35
watching	0.93	0.78
450	0.93	0.56
throughout	0.93	0.44
r	0.93	0.69
prince	0.93	0.56
eating	0.93	0.40
spring	0.93	0.64
song	0.94	0.32
married	0.94	0.43
trip	0.94	0.51
gone	0.94	0.54
mom	0.94	0.58
crossed	0.94	0.61
oil	0.94	0.41
4000	0.95	0.60
welcoming	0.95	0.62
feedback	0.95	0.61
probably	0.95	0.68
zoom	0.95	0.59
writing	0.95	0.36
leak	0.95	0.57
along	0.95	0.48
but	0.96	0.80
help	0.96	0.60
october	0.96	0.45
passion	0.96	0.62
park	0.96	0.75
see	0.96	0.71
polite	0.96	0.54
ice	0.96	0.41
spin	0.96	0.54
treats	0.97	0.56
wise	0.97	0.50
genuine	0.97	0.63
99	0.97	0.72
happiness	0.97	0.88
believe	0.97	0.77
1st	0.97	0.52
weed	0.97	0.53
miss	0.97	0.82
consideration	0.97	0.43
wat	0.97	0.61
mean	0.98	0.74
either	0.98	0.74
beach	0.98	0.39
magic	0.98	0.48
eggs	0.98	0.41
feel	0.99	0.64
hug	0.99	0.70
spreading	0.99	0.80
say	0.99	0.75
promising	0.99	0.51
march	0.99	0.44
dogecar	1.00	0.44
ridiculously	1.00	0.49
53	1.00	0.70
josh	1.00	0.48
dogecoin	1.00	0.51
butter	1.00	0.36
surely	1.00	0.61
extremely	1.00	0.50
each	1.00	0.50
favorite	1.00	0.87
explanation	1.00	0.55
makes	1.00	0.51
also	1.01	0.73
snap	1.01	0.63
cookies	1.01	0.37
look	1.01	0.55
contest	1.01	0.57
19	1.01	0.63
home	1.01	0.49
mug	1.01	0.55
6	1.01	0.59
think	1.02	0.75
double	1.02	0.61
reason	1.02	0.67
counts	1.02	0.54
sheer	1.02	0.51
honey	1.02	0.38
lets	1.02	0.59
boy	1.02	0.37
u/silentshibe	1.02	0.51
sauce	1.02	0.40
rolls	1.02	0.50
75	1.02	0.64
odds	1.02	0.53
4	1.03	0.58
13	1.03	0.64
bet	1.03	0.88
85	1.03	0.65
coincidence	1.03	0.74
answer	1.03	0.61
my	1.03	0.43
certainly	1.03	0.68
although	1.03	0.68
fast	1.03	0.49
appreciation	1.03	0.75
unfortunately	1.03	0.76
voted	1.03	0.62
entry	1.03	0.58
hmmmm	1.03	0.50
however	1.04	0.73
fairly	1.04	0.49
shine	1.04	0.87
potato	1.04	0.37
lady	1.04	0.33
completely	1.04	0.50
chocolate	1.04	0.35
design	1.04	0.65
160	1.04	0.49
700	1.04	0.57
ui	1.05	0.44
strangers	1.05	0.44
dogev8	1.05	0.66
somewhat	1.05	0.49
imo	1.05	0.45
may	1.05	0.45
alive	1.06	0.41
taco	1.06	0.43
smart	1.06	0.47
wut	1.06	0.64
all	1.06	0.58
55	1.06	0.67
magical	1.06	0.37
170	1.06	0.43
seem	1.07	0.65
born	1.07	0.37
madness	1.07	0.48
140	1.07	0.50
sweepstakes	1.07	0.61
56	1.07	0.67
be	1.07	0.66
definitely	1.07	0.70
shared	1.07	0.40
kinda	1.07	0.58
17	1.07	0.58
boss	1.08	0.44
90	1.08	0.63
amp	1.08	0.53
24	1.08	0.55
actually	1.08	0.73
80	1.08	0.61
mystery	1.08	0.71
interface	1.08	0.44
ps	1.08	0.77
plant	1.08	0.44
dunno	1.08	0.68
monies	1.08	0.55
soul	1.08	0.47
winning	1.08	0.52
gt	1.09	0.55
its	1.09	0.62
bacon	1.09	0.35
truth	1.09	0.57
june	1.09	0.45
appealing	1.09	0.44
u/bassguitarman	1.10	0.53
180	1.10	0.49
dad	1.10	0.42
would	1.10	0.68
moon	1.10	0.52
daughter	1.10	0.41
cream	1.10	0.36
site	1.10	0.44
humanity	1.10	0.40
chance	1.11	0.52
heart	1.11	0.49
something	1.11	0.66
enjoying	1.11	0.42
father	1.11	0.41
18	1.11	0.57
she	1.11	0.53
glorious	1.11	0.45
oh	1.11	0.95
2.5	1.11	0.53
shown	1.11	0.35
quite	1.11	0.48
fucking	1.11	0.65
bass	1.11	0.37
bonus	1.11	0.58
um	1.12	0.62
130	1.12	0.48
enthusiasm	1.12	0.65
noble	1.12	0.67
talent	1.12	0.49
ah	1.12	0.96
thoughts	1.12	0.44
excitement	1.12	0.66
worked	1.12	0.63
late	1.12	0.81
1200	1.12	0.57
nominate	1.12	0.45
47	1.13	0.62
2	1.13	0.56
cheese	1.13	0.36
44	1.13	0.62
idk	1.13	0.64
meet	1.13	0.50
alot	1.13	0.58
kidding	1.13	0.73
u/dogetipstatsbot	1.14	0.55
32	1.14	0.58
7	1.14	0.56
16	1.14	0.56
again	1.14	0.57
as	1.14	0.52
yum	1.14	0.32
bye	1.14	0.51
youre	1.15	0.59
mr	1.15	0.61
wtf	1.15	0.67
tacocoins	1.15	0.49
honestly	1.15	0.60
inspired	1.15	0.41
winners	1.15	0.51
match	1.15	0.56
da	1.15	0.53
uprocketed	1.15	0.78
800	1.16	0.56
mysterious	1.16	0.43
36	1.16	0.60
happening	1.16	0.57
course	1.16	0.70
48	1.16	0.58
girl	1.17	0.31
input	1.17	0.54
incredibly	1.17	0.43
mother	1.17	0.35
gracias	1.17	0.51
0.25	1.17	0.44
11	1.17	0.56
her	1.17	0.37
600	1.17	0.56
genuinely	1.18	0.48
agree	1.18	0.58
350	1.18	0.52
batman	1.18	0.35
creativity	1.18	0.50
14	1.18	0.55
adventure	1.18	0.48
insanely	1.18	0.41
fruit	1.18	0.42
31	1.19	0.57
33	1.19	0.60
9	1.19	0.54
nah	1.19	0.71
29	1.19	0.59
liked	1.19	0.40
too	1.19	0.60
45	1.20	0.59
gotcha	1.20	0.88
matching	1.20	0.61
greatly	1.20	0.40
101	1.20	0.53
34	1.20	0.58
fortune	1.20	0.56
70	1.20	0.58
uh	1.21	0.64
26	1.21	0.56
aboard	1.21	0.51
entering	1.21	0.58
27	1.21	0.56
23	1.21	0.56
exactly	1.21	0.66
wife	1.22	0.38
21	1.22	0.55
hell	1.22	0.61
goodness	1.22	0.53
baby	1.22	0.35
41	1.22	0.58
intensifies	1.22	0.59
12	1.23	0.54
38	1.23	0.57
faith	1.23	0.44
tacos	1.23	0.47
28	1.23	0.55
u/tacotipper	1.23	0.47
feels	1.23	0.47
styled	1.23	0.49
part	1.23	0.52
49	1.24	0.57
prizes	1.24	0.51
dang	1.24	0.69
bang	1.24	0.51
jesus	1.24	0.52
dthtaybfzmbsmwzynbhebblvx5bnquskjj	1.24	0.53
lucky	1.24	0.63
u/oz_btc_bloke	1.24	0.49
season	1.24	0.39
hahahaha	1.24	0.63
fair	1.25	0.47
girlfriend	1.25	0.38
pandacoins	1.25	0.56
37	1.25	0.56
verified	1.26	0.48
stuff	1.26	0.43
deal	1.26	0.41
son	1.26	0.35
nbsp	1.26	0.46
ye	1.26	0.48
suppose	1.26	0.61
dkeizm7y2jja5ssqexvngzqgbjwcpht7f3	1.26	0.57
weird	1.26	0.47
gf	1.26	0.39
milestone	1.26	0.52
dfund4joibmgzwpppbz6uy5zzzdberw7kt	1.27	0.57
stats	1.27	0.50
dfundfznfbji5a9vfzmrg3nwaawebekrah	1.27	0.57
u/randomisgood	1.27	0.48
winner	1.27	0.50
flips	1.27	0.45
lottery	1.27	0.51
damn	1.27	0.60
dfundmtrigza6e25swr2pre4eb79bgp8g1	1.27	0.57
35	1.28	0.55
dogeystyle	1.28	0.51
sense	1.28	0.53
pandacoin	1.28	0.49
super	1.28	0.42
humble	1.28	0.46
spread	1.29	0.63
genius	1.29	0.53
hail	1.29	0.41
prize	1.29	0.49
u/fedoratips	1.29	0.56
1500	1.29	0.53
infographic	1.29	0.49
delicious	1.29	0.31
journey	1.29	0.39
family	1.29	0.44
friendly	1.30	0.43
coming	1.30	0.68
seems	1.30	0.43
teh	1.30	0.50
dogegiftbot	1.30	0.55
really	1.30	0.56
special	1.30	0.49
u/ineedmoredogecoin	1.30	0.49
aye	1.30	0.45
anytime	1.30	0.52
dnffhtuz4kkxpnoyuvgt6bgvwonefb1b2i	1.30	0.55
6.3	1.30	0.49
honor	1.31	0.45
125	1.31	0.45
ur	1.31	0.55
totally	1.31	0.54
de2upzynstnubyxr8ummphgtbseyhivxmb	1.31	0.55
110	1.31	0.47
vroom	1.31	0.45
fine	1.32	0.61
pie	1.32	0.27
adorable	1.32	0.47
pnd	1.32	0.48
gosh	1.32	0.67
60	1.32	0.52
32.3	1.32	0.56
p	1.32	0.57
400	1.32	0.51
guess	1.32	0.64
deserve	1.33	0.33
75.0	1.33	0.56
racegod	1.33	0.42
150	1.33	0.46
brave	1.33	0.57
suggestions	1.34	0.42
tasty	1.34	0.28
42	1.34	0.53
heads	1.34	0.51
3	1.34	0.49
hope	1.34	0.47
u/pndtip	1.35	0.48
shiny	1.35	0.42
win	1.36	0.48
rocks	1.36	0.40
pls	1.36	0.60
huh	1.36	0.58
dgb	1.36	0.48
whats	1.36	0.52
lmao	1.37	0.53
300	1.37	0.48
ohmydoge	1.37	0.61
matched	1.37	0.51
pineapple	1.37	0.39
though	1.37	0.58
120	1.37	0.45
ahhh	1.38	0.63
victory	1.38	0.42
supportive	1.38	0.42
dtcwawdvu4ekbvxh39jykthsebzv6x6iwz	1.38	0.49
mega	1.38	0.44
gim	1.39	0.50
boom	1.39	0.43
ftw	1.40	0.46
legit	1.40	0.37
yeh	1.40	0.57
community	1.40	0.35
2000	1.40	0.48
5000	1.41	0.48
yea	1.41	0.55
greetings	1.41	0.44
u/goodshibe	1.41	0.35
o.o	1.41	0.47
10000	1.41	0.48
yah	1.41	0.55
easy	1.41	0.48
woof	1.41	0.50
hahah	1.41	0.53
aww	1.42	0.58
weekend	1.42	0.63
blown	1.42	0.35
50000	1.42	0.47
pretty	1.42	0.38
3000	1.42	0.47
shall	1.42	0.38
hear	1.42	0.44
22	1.42	0.49
giving	1.42	0.45
111	1.42	0.38
raylee	1.43	0.45
impressed	1.43	0.49
100000	1.43	0.47
shibeaid	1.43	0.47
positivity	1.43	0.54
eh	1.43	0.50
2500	1.43	0.47
embrace	1.43	0.49
glad	1.44	0.51
smooth	1.44	0.46
yayie	1.44	0.41
43	1.44	0.47
birth	1.44	0.55
25000	1.44	0.46
moar	1.44	0.47
perfect	1.45	0.38
spwee	1.45	0.46
fun	1.45	0.33
u/unasimple	1.45	0.48
u/4eights	1.45	0.58
consolation	1.45	0.45
work	1.45	0.45
6.66	1.45	0.44
30	1.46	0.46
raffle	1.46	0.46
20000	1.46	0.46
cupcakes	1.46	0.32
45.67890123	1.46	0.46
hmmm	1.46	0.43
plz	1.46	0.47
amen	1.46	0.42
prob	1.46	0.48
brother	1.46	0.38
10/10	1.47	0.42
hmm	1.47	0.45
doing	1.47	0.63
o_o	1.47	0.45
mmm	1.47	0.29
clean	1.47	0.40
like	1.48	0.46
verify	1.48	0.49
contributions	1.48	0.36
4th	1.48	0.49
lord	1.48	0.36
thoughtful	1.48	0.37
simple	1.49	0.42
praise	1.49	0.35
ya	1.49	0.49
layout	1.50	0.40
okay	1.50	0.61
hugs	1.50	0.42
informative	1.50	0.40
soooo	1.50	0.43
anyway	1.50	0.51
hahaha	1.50	0.47
july	1.50	0.53
glory	1.50	0.35
ohhh	1.50	0.50
bits	1.50	0.39
weeee	1.50	0.41
props	1.51	0.37
thankful	1.51	0.54
aw	1.51	0.53
twipping	1.51	0.42
helpful	1.51	0.38
enjoy	1.51	0.30
lovely	1.51	0.34
15	1.52	0.45
hah	1.52	0.51
mighty	1.52	0.36
bud	1.52	0.45
98	1.52	0.41
woosh	1.52	0.48
stranger	1.53	0.36
true	1.53	0.37
123	1.54	0.34
40	1.54	0.45
lol	1.54	0.54
sounds	1.54	0.38
excite	1.55	0.53
hero	1.55	0.31
honesty	1.55	0.33
1000	1.55	0.43
dream	1.55	0.32
present	1.56	0.51
pineapples	1.56	0.36
silent	1.56	0.37
m8	1.56	0.41
wisdom	1.56	0.40
ahh	1.56	0.50
bow	1.56	0.38
respect	1.57	0.27
thats	1.57	0.48
patience	1.57	0.37
ohh	1.57	0.50
mooon	1.57	0.42
pride	1.57	0.45
u/changetip	1.57	0.37
30.0001	1.58	0.37
ha	1.58	0.44
500	1.58	0.42
done	1.58	0.40
such	1.58	0.52
oprah	1.58	0.38
always	1.58	0.37
handy	1.59	0.37
contribution	1.59	0.40
u/ninja-shibe	1.59	0.65
420	1.59	0.37
u/so_doge_tip	1.60	0.42
oooh	1.60	0.34
nicely	1.60	0.42
heh	1.60	0.44
badass	1.60	0.34
flip	1.60	0.37
1337	1.61	0.38
sooo	1.61	0.39
200	1.61	0.40
joshwise	1.61	0.36
777	1.61	0.35
god	1.61	0.36
amazed	1.61	0.41
dude	1.61	0.45
anyways	1.61	0.44
moooon	1.62	0.41
wealth	1.62	0.45
amaze	1.62	0.48
share	1.62	0.43
topdoge	1.63	0.42
mooooon	1.63	0.38
hehehe	1.63	0.40
holy	1.63	0.44
250	1.63	0.39
very	1.63	0.44
gigaflip	1.64	0.37
moooooon	1.64	0.41
noted	1.64	0.40
enjoyed	1.65	0.24
yeah	1.65	0.52
xd	1.65	0.41
congratulations	1.65	0.38
awe	1.66	0.32
alright	1.66	0.42
sincerely	1.66	0.33
surprise	1.66	0.43
nope	1.66	0.42
gratitude	1.66	0.42
77.7	1.67	0.37
hood	1.67	0.33
100	1.67	0.38
forward	1.67	0.40
thanx	1.67	0.37
gifts	1.67	0.44
inspiration	1.68	0.35
198	1.68	0.31
crazy	1.68	0.41
wow	1.68	0.46
mum	1.68	0.39
brilliant	1.69	0.32
mooooooon	1.69	0.36
interesting	1.69	0.32
9.8	1.69	0.34
7.77	1.70	0.38
spirit	1.70	0.30
random100	1.70	0.35
omg	1.70	0.36
8.88	1.70	0.35
5	1.70	0.37
gl	1.71	0.39
lsd	1.71	0.34
bro	1.71	0.35
5.75	1.71	0.35
bless	1.71	0.29
advice	1.71	0.32
caring	1.71	0.27
wutang	1.71	0.30
blazeit	1.72	0.32
ok	1.72	0.40
grateful	1.72	0.40
soo	1.72	0.34
7.5	1.73	0.34
mooonnn	1.73	0.32
hello	1.73	0.33
nonetheless	1.73	0.24
absolutely	1.73	0.26
wishing	1.73	0.42
holiday	1.73	0.45
exciting	1.73	0.32
insight	1.73	0.32
freaking	1.74	0.32
celebrate	1.74	0.41
4.01	1.74	0.33
silentshibe	1.74	0.33
megaflip	1.74	0.32
roll	1.75	0.30
blaze	1.75	0.37
megaroll	1.75	0.32
party	1.76	0.38
whoa	1.76	0.32
4.2	1.76	0.32
goodluck	1.76	0.32
to^the^moon	1.76	0.34
hooray	1.76	0.27
9.9	1.76	0.31
hehe	1.76	0.33
cheer	1.77	0.23
thnx	1.77	0.32
gigaroll	1.77	0.31
ooh	1.77	0.30
advance	1.77	0.36
13.37	1.77	0.32
day	1.77	0.42
wooo	1.77	0.32
worries	1.77	0.35
legend	1.78	0.30
goodnight	1.78	0.30
yup	1.79	0.32
yep	1.79	0.32
incredible	1.79	0.25
buddy	1.80	0.32
dedication	1.80	0.24
epic	1.80	0.22
4.20	1.80	0.35
holidays	1.80	0.40
grats	1.80	0.26
133.7	1.80	0.30
woot	1.81	0.30
wish	1.81	0.30
man	1.81	0.34
20	1.81	0.31
woo	1.81	0.30
50	1.81	0.34
generosity	1.81	0.34
awesomeness	1.81	0.33
so	1.82	0.34
kindness	1.82	0.30
loving	1.82	0.26
tnx	1.83	0.29
lt	1.83	0.30
10	1.84	0.30
christmas	1.84	0.37
woah	1.84	0.30
shibe	1.84	0.41
np	1.84	0.28
congratz	1.85	0.32
gesture	1.86	0.24
hoo	1.86	0.33
thankyou	1.86	0.28
idea	1.86	0.27
giveaway	1.86	0.34
good	1.87	0.20
pleasure	1.87	0.21
celebration	1.87	0.35
agreed	1.87	0.18
generous	1.87	0.35
wishes	1.87	0.24
yes	1.88	0.31
222	1.88	0.19
inspiring	1.88	0.17
well	1.88	0.27
ty	1.89	0.26
kindly	1.89	0.26
dear	1.89	0.26
easter	1.89	0.31
goodshibe	1.90	0.14
haha	1.90	0.30
compliment	1.90	0.27
cake	1.90	0.28
birthday	1.91	0.31
much	1.91	0.32
bookmarked	1.91	0.16
friend	1.91	0.27
woohoo	1.92	0.25
hi	1.92	0.24
sir	1.92	0.25
yay	1.92	0.25
rock	1.92	0.17
mate	1.93	0.24
kudos	1.93	0.14
yw	1.93	0.24
congrats	1.94	0.27
looks	1.94	0.16
cheers	1.94	0.24
merry	1.94	0.29
mumzie	1.94	0.26
sharing	1.95	0.15
guys	1.95	0.18
truly	1.96	0.13
thx	1.97	0.22
hey	1.97	0.24
appreciate	1.97	0.22
cakeday	1.97	0.26
welcome	1.98	0.23
neat	1.98	0.16
25	1.98	0.23
rad	1.98	0.16
fellow	1.99	0.27
guys/gals	2.00	0.15
btw	2.00	0.15
indeed	2.01	0.22
luck	2.01	0.20
beautiful	2.02	0.10
thank	2.02	0.21
excellent	2.02	0.21
thanks	2.03	0.19
sweet	2.05	0.12
appreciated	2.05	0.15
d	2.06	0.17
kind	2.06	0.14
wonderful	2.08	0.08
cool	2.08	0.11
job	2.09	0.10
great	2.11	0.08
