life	-5.36	2.15
everywhere	-5.10	2.55
bad	-4.77	2.51
mad	-4.70	2.95
seriously	-4.53	2.79
gain	-3.79	2.39
somehow	-3.71	2.61
learn	-3.60	2.67
shitty	-3.57	2.58
meant	-3.56	3.15
news	-3.50	2.98
missed	-3.48	2.87
internet	-3.46	2.94
possibly	-3.44	2.69
caught	-3.40	3.07
almost	-3.33	2.71
type	-3.32	2.50
assuming	-3.31	3.08
thought	-3.31	3.21
college	-3.26	2.88
zero	-3.25	2.62
impossible	-3.20	2.93
size	-3.17	2.72
everybody	-3.16	2.97
imgur	-3.15	2.91
wonder	-3.15	2.79
button	-3.14	3.16
forgot	-3.14	3.31
happened	-3.09	3.49
obviously	-3.08	3.15
behind	-3.08	3.12
onto	-3.07	3.21
rest	-3.07	3.01
without	-3.07	2.90
draw	-3.06	3.02
seen	-3.05	2.90
at	-3.04	2.95
supposed	-3.03	3.64
addresses	-3.03	2.83
screwed	-3.00	3.17
correctly	-2.98	3.35
c	-2.96	3.23
normally	-2.94	3.15
truth	-2.92	3.24
larger	-2.92	2.91
meta	-2.91	3.54
no	-2.90	2.65
90	-2.88	3.37
hell	-2.88	3.16
shady	-2.88	2.29
nothing	-2.87	3.70
fucking	-2.85	3.12
hard	-2.84	3.09
lol	-2.81	2.92
place	-2.81	2.99
shit	-2.80	3.03
kidding	-2.79	2.83
wrote	-2.75	3.25
saying	-2.74	3.73
charity	-2.74	3.08
tag	-2.74	3.65
something	-2.74	3.77
remember	-2.73	3.60
changes	-2.71	3.54
change	-2.71	3.63
spam	-2.69	3.17
edit	-2.69	3.46
heart	-2.67	2.49
hesitate	-2.64	3.76
dick	-2.60	2.82
move	-2.56	3.43
error	-2.50	3.40
goes	-2.49	3.67
true	-2.47	2.96
fixed	-2.41	3.38
13k	-2.33	3.14
false	-2.33	3.19
part	-2.20	3.10
fuck	-2.16	1.99
suck	-2.09	2.67
whoops	-1.94	1.91
realized	-1.86	2.00
chain	-1.86	3.43
doing	-1.82	3.50
shame	-1.70	1.27
stupid	-1.70	1.87
everything	-1.66	3.24
sucks	-1.66	1.71
funny	-1.63	2.89
title	-1.59	2.01
looked	-1.59	1.33
sry	-1.56	1.65
loss	-1.55	1.19
written	-1.52	2.71
therefore	-1.51	1.18
read	-1.49	1.73
seeing	-1.46	1.44
clear	-1.44	1.56
off	-1.43	1.29
important	-1.41	1.22
house	-1.39	1.33
changed	-1.38	1.92
oops	-1.35	2.03
sorry	-1.32	1.89
idiot	-1.30	1.36
happening	-1.30	1.49
happens	-1.29	1.99
god	-1.26	2.81
claim	-1.26	1.54
promise	-1.25	1.37
o	-1.24	1.42
said	-1.24	2.06
big	-1.22	1.19
means	-1.21	1.99
99	-1.20	1.19
saw	-1.20	1.75
while	-1.19	1.54
perhaps	-1.19	1.42
drawing	-1.18	1.34
knows	-1.18	1.67
thing	-1.18	1.35
noticed	-1.17	1.70
jump	-1.16	1.50
story	-1.15	1.32
missing	-1.13	1.82
picture	-1.13	1.26
main	-1.13	1.32
attempt	-1.12	1.52
writing	-1.12	1.19
making	-1.12	1.44
catch	-1.11	1.37
mistake	-1.10	2.16
reading	-1.10	1.29
write	-1.10	1.39
yourself	-1.09	1.25
giveaway	-1.09	2.83
doesnt	-1.09	1.36
huge	-1.09	1.47
xd	-1.08	1.95
feel	-1.08	1.63
failed	-1.08	1.48
video	-1.07	1.03
meet	-1.06	1.29
page	-1.06	1.21
review	-1.05	1.42
telling	-1.05	1.75
itself	-1.05	1.17
human	-1.04	1.26
edited	-1.04	1.95
nearly	-1.04	1.11
exact	-1.04	1.52
fact	-1.04	1.54
fill	-1.03	1.42
absolutely	-1.03	1.50
command	-1.03	1.54
ad	-1.02	1.18
imagine	-1.00	1.82
across	-1.00	1.20
ram	-0.99	1.24
sadly	-0.99	1.28
crazy	-0.99	1.39
liked	-0.99	2.53
stop	-0.98	1.58
harder	-0.98	1.28
data	-0.98	1.63
basically	-0.98	1.17
post	-0.98	1.77
format	-0.97	1.30
step	-0.97	1.50
model	-0.96	1.29
down	-0.96	1.58
course	-0.95	1.36
delete	-0.95	1.68
public	-0.95	1.33
clearly	-0.93	1.55
watching	-0.93	1.53
drive	-0.92	1.18
bottom	-0.92	1.39
happen	-0.92	1.78
track	-0.92	1.38
class	-0.92	1.03
providing	-0.90	1.44
half	-0.90	1.36
weird	-0.90	1.27
shut	-0.89	1.45
illegal	-0.89	1.34
damn	-0.88	2.43
legal	-0.88	1.05
figured	-0.88	1.72
sd	-0.87	1.97
heard	-0.87	1.60
offering	-0.87	1.99
isnt	-0.87	1.39
posts	-0.87	1.66
sitting	-0.86	1.30
exactly	-0.86	2.06
pizza	-0.86	1.42
stock	-0.86	1.33
pic	-0.85	1.26
posted	-0.85	1.52
language	-0.85	1.51
phone	-0.84	1.34
surprised	-0.83	1.20
school	-0.83	1.30
subreddit	-0.82	1.41
somebody	-0.82	1.57
anything	-0.81	1.99
turned	-0.81	1.58
click	-0.81	1.44
call	-0.81	1.35
eh	-0.81	1.21
dunno	-0.81	1.46
fan	-0.80	1.24
joke	-0.80	1.50
include	-0.79	1.52
increase	-0.79	1.76
real	-0.79	1.26
comments	-0.79	1.32
kid	-0.78	1.59
afraid	-0.78	1.31
unless	-0.77	1.59
close	-0.77	1.52
comfortable	-0.77	1.69
original	-0.77	1.41
makes	-0.77	1.50
common	-0.75	1.01
starting	-0.75	1.21
had	-0.75	1.28
wiki	-0.75	1.30
description	-0.75	1.37
tried	-0.74	1.49
laptop	-0.74	1.24
has	-0.74	1.33
posting	-0.73	1.23
either	-0.73	1.40
markets	-0.73	1.18
further	-0.72	1.67
anyone	-0.72	1.61
update	-0.72	1.85
somewhere	-0.72	1.48
bd	-0.72	1.96
ran	-0.71	1.05
rule	-0.71	1.42
regular	-0.70	1.28
75	-0.70	1.49
pain	-0.70	1.42
scammed	-0.70	1.47
broke	-0.70	1.52
else	-0.70	1.62
threads	-0.69	1.33
situation	-0.69	1.21
setting	-0.69	1.18
against	-0.69	1.43
obvious	-0.68	1.35
eat	-0.68	1.31
yeah	-0.68	1.81
print	-0.67	1.11
updated	-0.67	1.91
flairs	-0.67	1.33
up	-0.67	1.50
cause	-0.67	1.21
near	-0.67	1.28
0	-0.67	1.25
anytime	-0.67	1.35
never	-0.67	1.51
screen	-0.66	1.18
my	-0.66	1.41
side	-0.66	1.32
state	-0.66	1.21
her	-0.66	1.32
fraud	-0.66	1.33
hardware	-0.66	1.40
front	-0.66	1.46
except	-0.65	1.44
create	-0.65	1.65
right	-0.65	1.53
idk	-0.64	1.57
pics	-0.64	1.43
bunch	-0.64	1.33
80	-0.64	1.50
ha	-0.64	1.63
should	-0.64	2.08
usually	-0.63	1.64
didnt	-0.63	1.60
below	-0.63	1.17
movie	-0.63	1.17
trying	-0.63	1.84
head	-0.63	1.39
having	-0.63	1.28
lower	-0.63	1.37
things	-0.62	1.71
turns	-0.62	1.37
convenience	-0.62	1.43
suspicious	-0.62	2.41
reference	-0.62	1.30
needs	-0.62	1.44
guess	-0.62	1.90
realize	-0.62	1.71
gets	-0.61	1.73
taken	-0.61	1.45
war	-0.61	1.26
password	-0.61	1.47
reasons	-0.60	1.42
removed	-0.60	1.41
gt	-0.59	1.28
talking	-0.59	1.97
being	-0.59	1.53
single	-0.59	1.28
hit	-0.59	1.34
demand	-0.59	1.37
offers	-0.59	1.29
testing	-0.59	1.28
fit	-0.59	1.41
turn	-0.58	1.30
according	-0.58	1.04
point	-0.58	1.15
file	-0.58	1.35
laugh	-0.57	1.73
elsewhere	-0.57	1.33
price	-0.57	1.22
honestly	-0.57	1.41
away	-0.57	1.25
there	-0.56	1.30
action	-0.56	1.49
getting	-0.56	1.70
download	-0.56	1.32
asking	-0.56	1.92
tracking	-0.55	1.20
paper	-0.55	1.28
apparently	-0.55	1.06
stuff	-0.55	1.38
mean	-0.55	1.83
due	-0.55	1.25
guessing	-0.55	1.57
pricing	-0.55	1.44
on	-0.55	1.26
mentioned	-0.55	1.26
collection	-0.55	1.25
short	-0.55	1.30
put	-0.55	1.72
food	-0.55	1.28
anybody	-0.54	1.61
oh	-0.54	1.67
e-mail	-0.54	1.88
sit	-0.54	1.67
she	-0.54	1.10
cant	-0.54	1.49
box	-0.54	1.35
pass	-0.54	1.65
considered	-0.54	1.10
played	-0.54	1.07
v	-0.54	1.17
stopped	-0.54	1.41
decided	-0.54	1.40
op	-0.54	1.76
ip	-0.53	1.07
usb	-0.53	1.27
custom	-0.53	1.22
case	-0.53	1.58
what	-0.53	1.90
blacklist	-0.52	1.49
note	-0.52	1.66
apple	-0.52	1.42
necessary	-0.52	1.54
psu	-0.52	0.88
blue	-0.51	1.31
difficult	-0.51	1.39
simply	-0.51	1.21
expecting	-0.51	1.95
say	-0.50	1.86
stated	-0.50	1.16
around	-0.50	1.31
market	-0.50	1.20
standard	-0.50	1.53
someone	-0.50	1.53
literally	-0.50	1.38
build	-0.50	1.06
hand	-0.49	1.41
owner	-0.49	1.07
moolah	-0.49	1.30
chat	-0.49	1.60
prove	-0.48	1.36
reported	-0.48	1.46
instantly	-0.48	1.31
drop	-0.48	1.25
actually	-0.48	1.76
twitter	-0.48	1.32
called	-0.48	1.21
scamming	-0.48	1.41
spot	-0.48	1.29
mobile	-0.47	1.36
area	-0.47	1.17
known	-0.47	1.15
terms	-0.47	1.08
every	-0.47	1.16
hot	-0.47	1.44
link	-0.47	1.28
comes	-0.47	1.56
app	-0.47	1.22
going	-0.46	1.93
nobody	-0.46	1.36
difference	-0.46	1.20
open	-0.46	1.38
over	-0.46	1.20
easily	-0.46	1.38
options	-0.46	1.17
irc	-0.46	1.45
charging	-0.46	1.40
along	-0.46	1.40
heh	-0.45	1.44
rate	-0.45	1.16
advantage	-0.45	1.16
red	-0.45	1.30
cases	-0.45	1.42
planning	-0.45	1.68
text	-0.45	1.24
forum	-0.45	1.27
item	-0.45	1.30
hear	-0.45	1.26
poor	-0.45	2.61
takes	-0.44	1.29
says	-0.44	1.22
where	-0.44	1.31
ways	-0.44	1.17
negative	-0.44	1.41
cut	-0.44	1.37
myself	-0.44	1.45
supply	-0.44	1.33
come	-0.44	1.73
talk	-0.44	1.87
additional	-0.43	1.32
wanted	-0.43	1.61
told	-0.43	1.55
morning	-0.43	1.30
been	-0.43	1.25
above	-0.43	1.22
require	-0.43	1.39
21	-0.43	1.52
save	-0.43	1.30
seemed	-0.43	1.10
losing	-0.43	1.44
held	-0.43	1.42
moment	-0.43	1.24
earlier	-0.42	1.46
product	-0.42	1.36
lazy	-0.42	1.30
lowest	-0.42	1.89
thinking	-0.41	1.85
current	-0.41	1.18
30	-0.41	1.38
five	-0.41	1.49
attention	-0.41	1.33
piece	-0.41	1.29
effort	-0.41	1.34
rates	-0.41	1.15
currently	-0.40	1.26
highest	-0.40	1.15
fix	-0.40	1.66
proper	-0.40	1.61
ve	-0.40	1.32
prices	-0.40	1.17
couple	-0.40	1.34
gambling	-0.40	1.19
warning	-0.40	1.28
regarding	-0.40	1.35
16k	-0.40	1.45
moving	-0.40	1.29
sidebar	-0.40	1.24
signed	-0.40	1.47
home	-0.40	1.29
bundles	-0.39	1.53
spent	-0.39	1.15
photo	-0.39	1.27
dropped	-0.39	1.20
alert	-0.39	1.35
any	-0.39	1.46
apologize	-0.38	1.32
r/dogemarket	-0.38	1.13
second	-0.38	1.42
ass	-0.38	1.50
beat	-0.38	1.08
quote	-0.38	1.32
verifying	-0.37	1.25
form	-0.37	1.39
points	-0.37	1.15
ive	-0.37	1.30
rules	-0.37	1.27
different	-0.37	1.56
anywhere	-0.37	1.30
topic	-0.37	1.39
mention	-0.37	1.48
program	-0.37	1.12
setup	-0.37	1.47
exchange	-0.37	1.14
used	-0.37	1.33
scam	-0.36	1.35
worry	-0.36	1.65
protection	-0.36	1.18
stuffcoins	-0.36	1.16
dogepay	-0.36	1.12
bet	-0.36	1.29
dark	-0.36	1.19
atm	-0.36	1.28
meaning	-0.36	1.26
checking	-0.36	1.30
into	-0.35	1.25
<URL>	-0.35	1.10
<SPECIAL>	-0.35	1.10
middle	-0.35	1.32
lost	-0.35	1.33
unfortunately	-0.35	1.35
sg	-0.35	1.75
rip	-0.35	1.35
gotten	-0.35	1.26
wont	-0.35	1.41
recent	-0.35	1.42
allow	-0.35	1.53
because	-0.35	1.75
learning	-0.35	1.50
canada	-0.34	1.26
dumb	-0.34	1.12
spend	-0.34	1.50
paying	-0.34	1.65
bring	-0.34	1.22
marketplace	-0.34	1.13
stolen	-0.34	1.34
space	-0.34	1.34
located	-0.34	1.27
eye	-0.34	1.31
were	-0.34	1.68
server	-0.34	1.29
awhile	-0.34	1.14
software	-0.33	1.15
refunded	-0.33	1.52
beta	-0.33	1.24
created	-0.33	1.31
walk	-0.33	1.30
client	-0.33	1.29
reason	-0.33	1.27
was	-0.33	1.69
fall	-0.33	1.19
wants	-0.33	1.37
scammer	-0.33	1.46
top	-0.32	1.48
enough	-0.32	1.58
base	-0.32	0.90
nor	-0.32	1.19
world	-0.32	1.34
ripped	-0.32	1.46
profile	-0.32	1.23
about	-0.32	1.65
required	-0.32	1.26
lose	-0.31	1.36
knew	-0.31	1.40
mind	-0.31	1.72
x	-0.31	1.22
convert	-0.31	1.36
humble	-0.31	1.54
suchmodbot	-0.31	1.30
higher	-0.30	1.13
specifically	-0.30	1.37
math	-0.30	1.74
guarantee	-0.30	1.51
r/dogecoin	-0.30	1.34
selling	-0.30	1.89
t	-0.29	1.41
leave	-0.29	1.33
same	-0.29	1.84
bigger	-0.29	1.21
test	-0.29	1.18
uses	-0.29	1.33
gave	-0.29	1.37
dollar	-0.29	1.29
smart	-0.28	1.11
payout	-0.28	1.53
act	-0.28	1.25
under	-0.28	1.20
huh	-0.28	1.53
letter	-0.28	1.07
chargeback	-0.27	1.29
gon	-0.27	1.65
white	-0.27	1.23
est	-0.27	1.23
putting	-0.27	1.28
thread	-0.27	1.31
40	-0.27	1.37
cheapest	-0.27	1.60
hacked	-0.27	1.48
btc	-0.27	1.15
buys	-0.26	1.23
gifts	-0.26	1.27
search	-0.26	1.37
evidence	-0.26	1.31
contact	-0.26	1.61
falls	-0.26	1.53
keep	-0.26	1.36
nevermind	-0.25	1.55
appears	-0.25	1.32
web	-0.25	1.36
domain	-0.25	1.33
funds	-0.24	1.26
sign	-0.24	1.23
just	-0.24	1.68
sense	-0.24	1.37
1m	-0.24	1.38
charged	-0.24	1.41
thats	-0.24	1.61
finish	-0.24	1.45
confused	-0.24	1.55
cpu	-0.24	1.16
per	-0.24	1.20
rude	-0.24	1.45
themselves	-0.23	1.26
sec	-0.23	1.36
rent	-0.23	1.10
straight	-0.23	1.36
faster	-0.23	1.25
receiving	-0.23	1.50
after	-0.23	1.23
satoshi	-0.23	1.12
instead	-0.23	1.27
dogetipbot	-0.23	1.45
apologies	-0.23	1.88
decide	-0.22	1.38
report	-0.22	1.25
anymore	-0.22	1.44
curious	-0.22	1.51
longer	-0.22	1.19
australia	-0.22	1.20
three	-0.22	1.41
europe	-0.22	1.15
amd	-0.21	1.14
facebook	-0.21	1.34
suggestion	-0.21	1.49
time	-0.21	1.25
120	-0.21	1.41
ready	-0.21	1.68
private	-0.21	1.38
record	-0.21	1.41
amp	-0.21	1.41
go	-0.21	1.60
control	-0.21	1.11
bother	-0.20	1.35
by	-0.20	1.41
username	-0.20	1.44
transferred	-0.20	1.38
listing	-0.20	1.27
um	-0.20	1.43
registered	-0.20	1.62
haha	-0.20	1.82
die	-0.20	1.39
way	-0.20	1.27
yea	-0.20	1.49
explain	-0.20	1.27
maybe	-0.19	1.66
specific	-0.19	1.55
trouble	-0.19	1.28
whatever	-0.19	1.52
towards	-0.19	1.12
android	-0.19	1.19
fake	-0.19	1.37
age	-0.19	1.35
steal	-0.18	1.33
fault	-0.18	1.16
sync	-0.18	1.31
issue	-0.18	1.44
feeling	-0.18	1.16
60	-0.18	1.32
2013	-0.18	1.16
load	-0.18	1.22
ah	-0.18	1.65
match	-0.18	1.45
ask	-0.18	1.61
notice	-0.17	1.27
profit	-0.17	1.25
inbox	-0.17	1.31
works	-0.17	1.77
since	-0.17	1.32
excited	-0.17	1.37
checked	-0.17	1.22
bro	-0.17	1.48
avoid	-0.17	1.23
store	-0.17	1.22
official	-0.16	1.23
sleep	-0.16	1.40
mods	-0.16	1.43
based	-0.16	1.27
matter	-0.16	1.34
ur	-0.16	1.63
raise	-0.16	1.15
started	-0.16	1.28
creating	-0.16	1.24
giving	-0.16	1.43
company	-0.16	1.28
return	-0.15	1.17
cryptos	-0.15	1.42
figure	-0.15	1.55
bud	-0.15	1.28
digital	-0.15	1.15
man	-0.15	1.47
more	-0.15	1.47
miners	-0.15	1.13
edge	-0.15	1.38
range	-0.15	1.18
local	-0.15	1.13
listed	-0.14	1.17
remove	-0.14	1.89
level	-0.14	1.15
rise	-0.14	1.25
involved	-0.14	1.31
deleted	-0.14	1.36
register	-0.14	1.20
whenever	-0.14	1.43
using	-0.14	1.60
limited	-0.14	1.08
working	-0.14	1.55
invite	-0.13	1.33
generally	-0.13	1.23
lets	-0.13	1.40
money	-0.13	1.24
does	-0.13	1.47
issues	-0.13	1.42
then	-0.13	1.28
copy	-0.13	1.39
45	-0.12	1.32
looks	-0.12	1.54
average	-0.12	1.13
yet	-0.12	1.35
certainly	-0.12	1.32
yours	-0.12	1.11
did	-0.12	1.56
vs	-0.12	1.18
comment	-0.12	1.27
live	-0.12	1.17
low	-0.12	1.06
basic	-0.12	1.15
bitcoins	-0.12	1.18
ended	-0.12	1.34
kill	-0.12	1.24
least	-0.12	1.25
several	-0.11	1.19
hundred	-0.11	1.22
assume	-0.11	1.45
banned	-0.11	1.28
must	-0.11	1.33
but	-0.11	1.51
care	-0.11	1.45
dont	-0.11	1.46
forever	-0.11	1.26
break	-0.11	1.28
names	-0.10	1.38
tonight	-0.10	1.27
even	-0.10	1.49
person	-0.10	1.39
high	-0.10	1.04
full	-0.10	1.15
negotiate	-0.10	1.22
english	-0.10	1.27
machine	-0.10	1.39
mostly	-0.10	1.10
free	-0.10	1.51
ideas	-0.10	1.36
set	-0.09	1.15
easier	-0.09	1.22
history	-0.09	1.04
bar	-0.09	1.00
source	-0.09	1.25
card	-0.09	1.27
hands	-0.09	1.27
asked	-0.09	1.29
check	-0.09	1.18
playing	-0.09	1.28
questions	-0.09	1.46
might	-0.09	1.69
discuss	-0.09	1.20
sure	-0.09	1.72
research	-0.08	1.31
power	-0.08	1.07
color	-0.08	0.95
u/suchmodbot	-0.08	1.29
useful	-0.08	1.30
1k	-0.08	1.18
number	-0.08	1.12
pc	-0.08	1.03
round	-0.08	1.31
blockchain	-0.08	1.35
alone	-0.08	1.13
reach	-0.08	1.58
ever	-0.08	1.88
rid	-0.08	1.47
investment	-0.08	1.18
date	-0.08	1.30
its	-0.08	1.55
small	-0.07	1.37
could	-0.07	1.71
silver	-0.07	1.15
solution	-0.07	1.19
finally	-0.07	1.24
try	-0.07	1.68
links	-0.07	1.08
regardless	-0.07	1.32
vault	-0.07	1.16
everyone	-0.07	1.44
refund	-0.07	1.23
light	-0.07	1.16
knowledge	-0.07	1.18
made	-0.07	1.29
skins	-0.07	1.10
smaller	-0.06	1.22
allowed	-0.06	1.32
song	-0.06	1.16
long	-0.06	1.23
pokemon	-0.06	1.30
tipped	-0.06	1.45
tell	-0.06	1.54
hahaha	-0.06	1.44
believe	-0.06	1.47
brand	-0.06	0.95
today	-0.06	1.21
tipbot	-0.05	1.21
parts	-0.05	1.22
until	-0.05	1.28
we	-0.05	1.66
than	-0.05	1.12
country	-0.05	1.15
run	-0.05	1.11
built	-0.05	1.02
took	-0.05	1.16
once	-0.05	1.26
showing	-0.05	1.27
linked	-0.04	1.27
depending	-0.04	1.36
within	-0.04	1.16
found	-0.04	1.71
bot	-0.04	1.31
ca	-0.04	1.49
slightly	-0.04	1.18
night	-0.04	1.28
provided	-0.04	1.16
items	-0.04	1.21
rich	-0.04	2.78
wo	-0.03	1.46
online	-0.03	1.11
300	-0.03	1.21
image	-0.03	1.20
exchanges	-0.03	1.08
need	-0.03	1.65
last	-0.03	1.16
know	-0.02	1.54
perfectly	-0.02	1.40
hold	-0.02	1.31
conversation	-0.02	1.27
before	-0.02	1.26
ago	-0.02	1.16
split	-0.02	1.40
play	-0.02	1.21
access	-0.02	1.21
bf4	-0.02	1.31
exist	-0.02	1.33
n't	-0.02	1.50
wallets	-0.02	1.08
activity	-0.02	1.18
shot	-0.01	1.19
why	-0.01	1.47
deposit	-0.01	1.22
line	-0.01	1.32
impersonating	-0.01	1.33
22	-0.01	1.23
between	-0.01	1.13
miss	-0.01	1.43
na	-0.01	1.50
u.s	-0.01	1.21
usa	-0.01	0.96
who	-0.01	1.30
cryptsy	-0.01	1.07
replies	-0.01	1.11
later	-0.01	1.27
touch	-0.01	1.36
13	-0.01	1.05
separate	-0.00	1.12
hopefully	-0.00	1.27
tip	-0.00	1.55
calling	-0.00	1.20
computer	-0.00	1.07
thousand	-0.00	1.20
scammers	-0.00	1.24
taking	0.00	1.21
older	0.00	1.36
lack	0.00	1.19
system	0.00	1.44
gone	0.00	1.39
when	0.00	1.38
have	0.00	1.35
term	0.00	1.18
particular	0.01	1.24
thousands	0.01	1.11
including	0.01	1.11
pack	0.01	1.30
brother	0.01	1.30
pull	0.01	1.32
9k	0.01	1.25
includes	0.01	1.14
think	0.01	1.54
came	0.01	1.37
pictures	0.01	1.15
weekend	0.01	1.12
folks	0.01	1.23
previous	0.01	1.28
wait	0.01	1.19
actual	0.01	1.07
tomorrow	0.01	1.27
they	0.01	1.47
stand	0.01	1.25
yesterday	0.02	1.26
also	0.02	1.69
cash	0.02	1.17
sound	0.02	1.29
already	0.02	1.29
less	0.02	1.12
alt	0.02	1.18
next	0.02	1.18
whether	0.02	1.26
deliver	0.02	1.14
general	0.02	1.27
credit	0.02	1.18
lot	0.02	1.01
understand	0.02	1.50
watch	0.03	1.12
compared	0.03	1.19
rather	0.03	1.24
roughly	0.03	1.29
sometimes	0.03	1.20
dogemarket	0.03	1.50
proceed	0.03	1.09
balance	0.03	1.27
currencies	0.03	1.19
chance	0.03	1.19
tipping	0.03	1.42
cake	0.03	2.41
retail	0.03	1.05
responding	0.03	1.28
completely	0.03	1.34
sells	0.03	1.31
lots	0.03	1.25
few	0.03	1.19
outside	0.03	1.28
similar	0.04	1.07
immediately	0.04	1.14
physical	0.04	1.03
or	0.04	1.49
possible	0.04	1.59
look	0.04	1.53
none	0.04	1.17
markup	0.04	1.09
bundle	0.04	1.43
messages	0.04	1.24
board	0.04	1.17
release	0.05	1.24
view	0.05	1.39
bidding	0.05	1.11
19	0.05	1.46
gpu	0.05	0.94
probably	0.05	1.62
2.5	0.05	1.21
fiat	0.05	1.13
bulk	0.05	1.28
buying	0.05	1.68
invest	0.05	1.28
car	0.06	1.15
instructions	0.06	1.15
conversion	0.06	1.04
adding	0.06	1.22
hash	0.06	1.14
value	0.06	1.04
looking	0.06	1.69
able	0.06	1.55
bed	0.06	1.39
name	0.06	1.24
net	0.06	1.24
rig	0.06	1.04
version	0.06	1.14
speak	0.06	1.38
minute	0.06	1.16
considering	0.07	1.22
btw	0.07	1.17
screenshot	0.07	1.24
word	0.07	1.39
tos	0.07	1.40
forget	0.07	1.40
back	0.07	1.28
not	0.07	1.50
show	0.07	1.17
list	0.07	1.23
hoping	0.08	1.40
costs	0.08	1.13
air	0.08	1.12
end	0.08	1.29
sites	0.08	1.20
add	0.08	1.32
metal	0.08	1.05
euro	0.08	1.17
provide	0.08	1.29
broken	0.08	1.15
throw	0.08	1.27
work	0.08	1.45
tips	0.08	1.40
gaming	0.08	1.03
uk	0.08	1.15
opinion	0.09	1.19
msg	0.09	1.35
yo	0.09	1.48
ship	0.09	1.17
counter	0.09	1.20
he	0.09	1.35
website	0.10	1.22
alot	0.10	1.04
us	0.10	1.24
install	0.10	1.07
automatically	0.10	1.19
lately	0.10	1.14
gives	0.10	1.21
xbox	0.10	1.14
difficulty	0.10	0.94
past	0.10	1.17
user	0.11	1.22
countries	0.11	1.25
karma	0.11	1.13
cents	0.11	1.13
directly	0.11	1.19
make	0.11	1.32
10	0.11	1.20
guide	0.11	1.05
14	0.11	1.47
withdraw	0.11	1.34
expect	0.11	1.34
twice	0.11	1.21
iv	0.11	1.26
minimum	0.11	1.15
ban	0.11	1.29
offered	0.12	1.26
serious	0.12	1.37
websites	0.12	1.20
silly	0.12	1.30
adress	0.12	1.37
im	0.12	1.38
bid	0.12	1.05
far	0.12	1.27
re	0.12	1.42
hour	0.12	1.08
fees	0.12	1.07
own	0.12	1.20
guys	0.12	1.24
here	0.13	1.39
iphone	0.13	1.24
numbers	0.13	1.07
skype	0.13	1.20
follow	0.13	1.05
yay	0.13	1.31
3	0.13	1.16
methods	0.13	1.16
worried	0.13	1.34
cover	0.13	1.10
see	0.13	1.46
shipping	0.13	1.03
pending	0.13	1.21
scams	0.14	1.15
green	0.14	1.19
p	0.14	1.71
pool	0.14	1.12
tho	0.14	1.24
ebay	0.14	1.16
soon	0.14	1.33
people	0.14	1.26
international	0.14	1.04
whole	0.14	0.99
out	0.14	1.25
letting	0.14	1.30
choose	0.15	1.19
can	0.15	1.49
u	0.15	1.33
find	0.15	1.32
250	0.15	1.26
amounts	0.15	1.35
ones	0.16	1.08
willing	0.16	1.52
purchases	0.16	1.13
till	0.16	1.03
ahh	0.16	1.28
bonus	0.16	1.15
dude	0.16	1.75
70	0.16	1.16
favorite	0.16	1.36
netflix	0.16	1.16
14k	0.16	1.11
hmm	0.17	1.26
weeks	0.17	1.11
project	0.17	1.35
be	0.17	1.64
20	0.17	1.20
anyways	0.17	1.31
experienced	0.17	1.24
week	0.17	1.12
limit	0.17	1.16
doubt	0.17	1.14
seem	0.17	1.42
grab	0.17	1.15
package	0.17	1.02
tons	0.17	1.19
information	0.17	1.15
24	0.17	1.10
states	0.17	1.08
cryptocurrency	0.18	1.20
holding	0.18	1.12
late	0.18	1.23
handle	0.18	1.09
share	0.18	1.26
times	0.18	1.16
accounts	0.18	1.19
bit	0.19	1.15
minutes	0.19	1.12
beware	0.19	1.25
dayz	0.19	1.23
stick	0.19	1.27
origin	0.19	1.23
thus	0.19	1.34
etc	0.19	0.97
count	0.19	1.25
an	0.19	1.25
coming	0.19	1.52
some	0.19	1.30
tough	0.19	1.15
usps	0.19	1.15
as	0.19	1.14
inventory	0.20	1.18
offer	0.20	1.29
ltc	0.20	1.27
get	0.20	1.40
daily	0.20	1.13
those	0.20	1.22
6	0.20	1.11
months	0.20	1.11
example	0.20	1.20
w	0.20	1.22
r9	0.20	0.87
15	0.20	1.19
ahead	0.20	1.38
chargebacks	0.21	1.14
5	0.21	1.15
added	0.21	1.29
hours	0.21	1.11
bucks	0.21	1.10
flair	0.21	1.19
otherwise	0.21	1.14
canadian	0.22	1.14
keeping	0.22	1.20
seconds	0.22	1.19
old	0.22	1.09
amount	0.22	1.25
finished	0.22	1.37
pay	0.22	1.34
commenting	0.22	1.14
eu	0.22	1.10
account	0.22	1.14
team	0.22	1.20
m	0.22	1.35
identity	0.23	1.24
building	0.23	1.04
mins	0.23	1.11
rust	0.23	1.23
microsoft	0.23	1.13
most	0.23	1.09
bitcoin	0.23	0.97
boxes	0.23	1.10
following	0.23	1.24
hosting	0.23	1.24
12	0.23	1.10
logo	0.23	1.12
verification	0.23	1.29
transfers	0.23	1.17
mining	0.24	0.93
dollars	0.24	1.13
however	0.24	1.14
parties	0.24	1.22
places	0.24	1.16
1,000	0.24	1.22
contract	0.24	0.94
arma	0.24	1.11
itunes	0.24	1.21
direct	0.24	1.16
50	0.24	1.21
agreed	0.24	1.18
proof	0.24	1.20
150	0.25	1.11
goods	0.25	1.04
discount	0.25	1.09
if	0.25	1.45
hence	0.25	1.56
individual	0.25	1.32
18	0.25	1.32
though	0.26	1.42
use	0.26	1.31
miner	0.26	0.96
11	0.26	1.13
fully	0.26	1.14
want	0.27	1.42
suggest	0.27	1.11
16	0.27	1.20
upon	0.27	1.23
nah	0.27	1.33
55k	0.27	1.14
process	0.27	1.32
400	0.27	1.15
ultimate	0.27	1.01
through	0.27	1.39
give	0.27	1.29
suppose	0.27	1.20
tiny	0.27	1.07
8k	0.27	1.04
games	0.27	1.33
4	0.27	1.13
90k	0.28	1.23
35	0.28	1.21
recently	0.28	1.01
request	0.28	1.20
mod	0.28	1.22
in	0.28	1.15
charge	0.28	1.16
them	0.28	1.36
replying	0.28	1.27
reputation	0.28	1.14
cs	0.28	1.16
condition	0.28	1.22
ii	0.29	1.01
days	0.29	1.12
traded	0.29	1.28
reddit	0.29	1.09
multiple	0.29	1.19
stay	0.29	1.16
agree	0.30	1.30
ll	0.30	1.43
publicly	0.30	1.33
bite	0.30	1.30
messaged	0.30	1.30
wondering	0.30	1.94
problem	0.30	1.33
words	0.30	1.28
site	0.30	1.18
black	0.30	1.04
period	0.30	1.15
cost	0.31	1.06
200	0.31	1.18
feedback	0.31	1.19
copies	0.31	1.11
donate	0.31	1.12
deals	0.31	1.32
mail	0.31	0.99
expensive	0.31	1.09
mine	0.31	0.98
accepting	0.31	1.25
million	0.31	1.08
too	0.32	1.42
graphics	0.32	1.10
likely	0.32	1.24
currency	0.32	1.05
two	0.32	1.19
these	0.32	1.27
crap	0.32	1.55
gold	0.32	0.99
although	0.32	1.27
extra	0.32	1.12
kinda	0.32	1.28
are	0.32	1.35
premium	0.32	1.18
method	0.32	1.17
personal	0.32	1.37
wtf	0.32	1.17
1.5	0.32	1.13
years	0.33	1.09
youre	0.33	1.13
edition	0.33	1.17
soul	0.33	1.13
fine	0.33	1.57
month	0.33	1.06
key	0.33	1.11
crypto	0.33	1.11
pick	0.33	1.27
whats	0.33	1.23
four	0.34	1.23
accepted	0.34	1.29
start	0.34	1.31
ya	0.34	1.53
let	0.34	1.41
25	0.34	1.15
9	0.34	1.00
expected	0.34	1.18
early	0.34	1.16
our	0.34	1.12
files	0.34	1.07
minecraft	0.34	1.20
kh/s	0.35	0.90
seems	0.35	1.30
american	0.35	1.22
always	0.35	0.95
orders	0.35	1.17
besides	0.35	1.21
100	0.35	1.17
block	0.36	1.69
certain	0.36	1.04
total	0.36	1.12
coinbase	0.36	1.13
id	0.36	1.24
mark	0.36	1.23
services	0.36	1.14
given	0.36	1.03
shoot	0.36	1.32
keys	0.37	1.21
dead	0.37	1.16
7.5k	0.37	1.11
continue	0.37	1.27
delivered	0.37	1.30
hassle	0.37	1.51
mod-approved	0.37	1.15
anyway	0.37	1.29
2.5k	0.38	1.09
users	0.38	1.11
office	0.38	1.11
year	0.38	1.09
22k	0.39	1.22
of	0.39	1.21
party	0.39	1.18
6k	0.39	1.19
coins	0.39	1.15
info	0.39	1.27
responded	0.39	1.27
2	0.40	1.13
cheaper	0.40	0.90
fee	0.40	1.12
related	0.40	1.25
friends	0.40	1.06
redditor	0.40	1.17
k	0.40	1.13
other	0.40	1.15
7k	0.41	1.12
really	0.41	1.29
busy	0.41	1.05
plenty	0.41	1.08
heads	0.41	1.19
remaining	0.41	1.22
600	0.41	1.15
trading	0.41	1.35
sell	0.42	1.37
aware	0.42	1.18
8	0.42	1.06
me	0.42	1.35
option	0.43	1.05
status	0.43	1.06
well	0.43	1.43
only	0.44	1.50
fyi	0.44	1.09
friend	0.44	1.32
now	0.44	1.37
personally	0.44	1.12
caution	0.44	1.06
mined	0.44	0.90
eventually	0.44	1.42
depends	0.44	1.10
will	0.45	1.41
volume	0.45	1.21
quite	0.45	1.20
battlefield	0.45	1.16
wan	0.45	1.34
email	0.45	1.26
message	0.45	1.30
especially	0.45	1.14
crysis	0.45	1.16
dlc	0.45	1.07
license	0.45	0.98
sort	0.45	1.30
potential	0.46	1.01
asap	0.46	1.32
host	0.46	1.42
redeem	0.47	1.05
code	0.47	1.09
book	0.47	1.09
500	0.47	1.14
worries	0.47	1.36
bank	0.47	1.10
wanting	0.47	1.40
honor	0.47	1.24
am	0.47	1.32
plus	0.48	1.11
ta	0.48	1.57
increments	0.48	1.29
done	0.49	1.40
rep	0.49	1.16
dispute	0.49	1.09
special	0.49	1.16
new	0.49	1.15
redeemed	0.49	1.23
wallet	0.49	1.17
lucky	0.50	1.09
worked	0.50	1.34
worth	0.50	1.12
sends	0.50	1.26
stands	0.50	1.53
payments	0.50	1.10
valid	0.50	1.03
buyers	0.51	1.10
accept	0.51	1.15
gift	0.51	1.11
enter	0.51	1.38
steam	0.51	1.19
entire	0.51	1.08
address	0.51	1.25
1.5k	0.51	1.12
hehe	0.51	1.14
idea	0.51	1.21
skin	0.52	0.95
stole	0.52	1.13
starbucks	0.52	1.16
min	0.52	0.96
max	0.53	1.47
2500	0.53	1.13
cheap	0.53	1.52
closer	0.53	1.14
cards	0.53	1.00
receive	0.54	1.22
design	0.54	1.01
him	0.54	1.27
become	0.54	1.17
family	0.54	0.90
fairly	0.54	1.36
codes	0.55	1.14
how	0.55	1.38
all	0.55	1.25
third	0.55	1.14
needed	0.55	1.26
group	0.56	1.37
approved	0.56	1.12
positive	0.56	1.00
4k	0.56	1.20
both	0.56	1.08
style	0.56	1.29
17	0.56	1.14
reply	0.57	1.17
so	0.57	1.30
waiting	0.57	1.12
800	0.57	1.18
each	0.57	1.06
clean	0.57	0.99
gladly	0.58	1.38
vouch	0.58	1.35
often	0.58	1.07
forward	0.58	1.46
okay	0.59	1.40
popular	0.59	1.17
running	0.59	1.02
choice	0.59	1.00
purchasing	0.59	1.35
question	0.59	1.46
mate	0.59	1.36
45k	0.59	1.19
auction	0.59	0.95
windows	0.59	0.90
dealing	0.60	1.34
12k	0.60	1.10
may	0.60	1.68
equivalent	0.60	1.15
shortly	0.60	1.28
dpzwjpyklawgfk5g54v3rskr9pu2shokyt	0.60	1.19
skrill	0.61	1.09
double	0.61	1.41
future	0.61	1.18
3k	0.61	1.10
verifications	0.61	1.07
7	0.62	0.95
game	0.62	1.11
scrypt	0.62	1.26
protect	0.62	1.37
his	0.62	1.23
dang	0.62	1.23
their	0.62	1.19
np	0.63	1.33
member	0.63	1.08
details	0.63	1.27
another	0.63	1.36
security	0.63	1.14
one	0.63	1.10
75k	0.63	1.29
usd	0.64	1.06
8.1	0.64	0.92
750	0.65	1.07
sellers	0.65	1.05
1000	0.65	1.13
shipped	0.65	0.96
consider	0.65	1.24
sub	0.66	1.35
transfer	0.66	1.12
2k	0.66	1.11
4000	0.67	1.14
verify	0.67	1.12
pms	0.67	1.21
final	0.67	1.50
slow	0.67	1.10
debit	0.67	1.15
70k	0.67	1.15
shows	0.67	1.36
better	0.68	1.33
confirmations	0.68	1.20
from	0.68	1.20
escrow	0.68	1.18
traders	0.68	1.14
helps	0.68	1.04
together	0.69	1.49
customers	0.69	1.05
pro	0.70	0.98
11k	0.70	1.25
face	0.70	0.98
quality	0.71	1.09
ridiculous	0.71	1.09
large	0.71	1.48
active	0.71	1.11
during	0.72	0.92
won	0.72	1.44
plan	0.72	1.16
safe	0.73	0.93
amazon	0.73	1.10
successfully	0.73	1.41
little	0.73	1.34
csgo	0.73	1.03
sketchy	0.74	1.17
hurricanewarn1	0.74	0.99
opportunity	0.74	1.12
1500	0.74	1.09
delay	0.75	1.20
2014	0.75	1.21
reasonable	0.75	0.85
answer	0.75	1.38
sounds	0.75	1.18
350	0.75	1.06
ill	0.75	1.27
1st	0.75	1.38
respond	0.75	1.14
millions	0.75	1.14
send	0.76	1.19
u/dogetipbot	0.76	1.12
buy	0.76	1.22
included	0.76	1.25
ton	0.76	1.03
1	0.76	1.00
trades	0.77	1.20
ok	0.77	1.37
sales	0.78	1.01
still	0.78	1.31
tf2	0.79	1.16
day	0.79	1.57
holy	0.79	1.48
experience	0.79	1.08
paid	0.80	1.19
pls	0.80	1.34
em	0.80	1.19
random	0.80	1.30
google	0.81	1.08
700	0.81	1.05
u/grencez	0.81	1.01
your	0.82	1.51
nope	0.82	1.35
spread	0.82	1.29
incoming	0.82	1.28
35k	0.83	1.08
art	0.84	1.06
80k	0.84	1.01
2000	0.84	1.09
pretty	0.86	1.24
alright	0.86	1.22
payment	0.86	1.15
3000	0.87	1.01
charges	0.87	1.05
interested	0.87	1.33
help	0.87	1.46
this	0.87	1.07
advice	0.88	0.99
got	0.88	1.30
pd	0.88	1.22
paypal	0.88	1.08
via	0.88	1.14
finding	0.89	1.26
indeed	0.90	1.08
take	0.91	1.15
15k	0.91	1.01
500k	0.91	1.17
plz	0.92	1.26
truly	0.92	1.07
60k	0.92	1.00
problems	0.93	1.40
appreciated	0.93	1.24
confirmation	0.93	1.19
5k	0.93	1.08
left	0.93	1.20
gc	0.94	1.11
hey	0.94	1.30
150k	0.94	1.13
would	0.94	1.31
stats	0.95	1.13
careful	0.95	1.40
lt	0.95	1.38
customer	0.97	1.12
transactions	0.97	1.16
inside	0.97	1.03
buddy	0.97	1.20
totally	0.98	1.29
join	0.98	1.18
fair	0.98	1.13
doges	0.98	1.08
greatly	0.98	1.11
examples	0.98	1.22
please	0.99	1.15
risky	0.99	1.21
bump	0.99	1.04
40k	0.99	1.09
u/propast	1.01	1.11
cheers	1.01	1.25
shop	1.01	0.99
order	1.01	1.26
shibes	1.02	1.07
which	1.03	1.23
coin	1.04	0.97
available	1.04	1.24
gw	1.04	1.02
others	1.05	1.05
verified	1.06	1.13
first	1.06	1.18
u/so_doge_tip	1.07	1.24
30k	1.07	1.09
250k	1.08	1.12
young	1.08	1.13
shall	1.08	1.21
legitimate	1.08	0.77
100k	1.10	1.12
helping	1.10	1.07
afford	1.10	1.06
55	1.12	1.00
dogecoin	1.12	1.20
support	1.13	1.19
20,000	1.13	1.09
giftcard	1.13	1.06
25k	1.15	1.09
purchase	1.15	1.08
upvote	1.17	1.16
pp	1.18	1.07
yep	1.18	1.15
win	1.19	1.20
hmmm	1.19	1.30
sending	1.19	1.21
prefer	1.19	1.22
with	1.20	1.37
awaiting	1.20	1.16
upvoted	1.20	1.34
ticket	1.21	1.01
welcome	1.21	0.91
20k	1.21	1.09
400k	1.21	1.11
wife	1.22	0.82
music	1.22	0.81
d1000	1.22	1.03
response	1.22	1.22
hope	1.23	1.02
hi	1.23	1.19
5000	1.24	1.06
d5000	1.24	1.02
50k	1.24	1.09
2nd	1.24	1.27
10k	1.25	1.09
sent	1.25	1.10
trusted	1.25	1.03
200k	1.26	1.09
background	1.27	0.81
280x	1.27	0.80
community	1.27	1.04
appreciate	1.30	1.05
normal	1.31	0.85
guy	1.31	1.20
like	1.31	0.89
pm'd	1.32	1.30
congratulations	1.32	1.26
sticker	1.34	1.12
son	1.34	1.04
interest	1.34	1.06
interesting	1.34	0.90
ordered	1.34	1.14
recieved	1.35	1.17
300k	1.35	1.09
job	1.36	0.84
yup	1.36	1.18
decent	1.36	0.92
dogecoins	1.37	1.03
ty	1.38	1.18
17k	1.38	0.89
simple	1.39	0.91
yes	1.40	1.20
quickly	1.41	1.19
d10000	1.42	0.90
helped	1.42	1.12
replied	1.43	1.28
enjoy	1.45	1.10
instant	1.45	0.94
secure	1.45	0.75
purchased	1.46	1.10
birthday	1.48	1.28
legit	1.49	1.18
congrats	1.50	1.17
100000	1.51	1.02
sold	1.51	1.07
18k	1.52	0.80
successful	1.52	1.13
business	1.53	1.13
10000	1.54	1.00
beautiful	1.54	0.81
bought	1.54	1.06
closed	1.56	1.24
generosity	1.57	1.43
d	1.57	0.85
d20,000	1.57	0.78
pming	1.57	1.13
pm'ing	1.57	1.13
sir	1.58	1.07
hello	1.58	1.30
100,000	1.58	0.99
sweet	1.59	1.02
pm'ed	1.59	1.12
d50,000	1.59	0.79
pmd	1.60	1.12
fellow	1.60	1.10
risk	1.61	0.97
d10,000	1.61	0.78
50,000	1.61	0.99
luck	1.61	0.84
went	1.67	1.17
u/turtlecane	1.67	0.88
risked	1.67	0.90
20000	1.67	0.99
pmed	1.68	1.10
reputable	1.68	1.06
10,000	1.69	0.98
smoothly	1.69	1.21
u/werpoi	1.69	0.82
d5k	1.69	0.96
stickers	1.71	1.00
cool	1.73	1.05
s	1.74	0.79
understanding	1.74	0.85
deal	1.75	0.93
trust	1.76	0.90
u/wantsomemoore	1.76	0.80
sale	1.78	0.93
solid	1.78	0.72
many	1.78	1.17
b	1.81	0.79
delivery	1.81	0.90
u/jbschweitzer	1.81	0.79
glad	1.82	0.58
complete	1.82	1.12
moon	1.82	1.18
wish	1.84	0.43
u/koshgel	1.84	0.78
such	1.84	1.15
confirming	1.86	1.01
u/tic-tac-totoro	1.86	0.96
u/pickles555	1.86	0.87
wow	1.87	1.14
generous	1.88	1.23
thx	1.88	1.02
fun	1.90	0.72
d30k	1.91	0.89
rock	1.91	0.67
wonderful	1.91	0.67
perfect	1.92	0.98
service	1.92	0.91
success	1.92	0.85
u/flamarial	1.94	0.89
d50k	1.96	0.87
kind	1.99	0.83
much	1.99	1.21
u/ghstlegacy	2.00	0.76
d25k	2.03	0.86
completed	2.04	0.96
pleasure	2.07	0.99
speed	2.08	0.94
d100k	2.09	0.77
extremely	2.10	0.86
d20k	2.11	0.83
d10k	2.11	0.82
received	2.13	0.93
professional	2.17	0.76
buyer	2.17	0.79
shibe	2.20	1.04
thanks	2.22	0.94
definitely	2.26	0.80
u/maxlangley	2.27	0.40
good	2.28	0.37
recommended	2.30	0.77
thank	2.31	0.87
patient	2.35	0.74
seller	2.38	0.71
highly	2.41	0.64
trade	2.41	0.74
reliable	2.42	0.72
very	2.43	0.69
communication	2.45	0.70
confirm	2.46	0.75
trader	2.47	0.68
painless	2.49	0.66
confirmed	2.50	0.71
transaction	2.51	0.67
again	2.51	0.70
recommend	2.51	0.64
prompt	2.52	0.64
trustworthy	2.52	0.64
smooth	2.52	0.64
10/10	2.52	0.66
super	2.54	0.67
helpful	2.54	0.62
honest	2.55	0.41
friendly	2.55	0.62
quick	2.57	0.61
excellent	2.58	0.60
fast	2.61	0.61
easy	2.62	0.59
pleasant	2.72	0.32
great	2.78	0.30
