burnt	-4.25	0.16
smell	-4.24	0.16
tasting	-4.21	0.17
gross	-4.21	0.16
tasted	-4.20	0.16
smelled	-4.20	0.16
smelling	-4.16	0.23
ashtray	-4.15	0.24
disgusting	-4.15	0.18
perfume	-4.14	0.18
smells	-4.12	0.19
taste	-4.08	0.26
dirty	-4.06	0.30
ash	-4.05	0.32
stink	-4.05	0.27
peppery	-4.00	0.29
aftertaste	-4.00	0.29
painful	-3.96	0.25
cough	-3.95	0.32
shitty	-3.95	0.46
crap	-3.93	0.29
tastes	-3.90	0.24
syrup	-3.88	0.30
garbage	-3.88	0.35
coughing	-3.87	0.35
harsh	-3.87	0.31
burning	-3.86	0.45
piss	-3.84	0.29
rid	-3.78	0.49
butts	-3.77	0.44
tar	-3.76	0.50
gunked	-3.71	0.58
gunk	-3.70	0.57
worse	-3.70	0.55
burned	-3.69	0.55
needless	-3.68	0.34
residue	-3.65	0.61
breath	-3.60	0.33
chemical	-3.60	0.50
clothes	-3.56	0.56
leaves	-3.54	0.60
sticks	-3.46	0.59
meh	-3.42	0.53
bad	-3.40	0.56
weird	-3.39	0.55
pile	-3.38	0.43
headaches	-3.34	0.63
breathe	-3.34	0.38
death	-3.23	0.71
artificial	-3.23	0.43
felt	-3.22	0.73
popcorn	-3.18	0.34
burn	-3.17	0.58
overpowering	-3.16	0.48
crappy	-3.15	0.55
sweat	-3.14	0.37
dry	-3.14	0.55
strange	-3.13	0.56
ugh	-3.08	0.63
wet	-3.01	0.56
burns	-3.00	0.62
suffer	-2.99	0.87
sore	-2.97	0.48
muted	-2.96	0.50
chest	-2.94	0.48
describe	-2.92	0.68
lit	-2.89	0.44
carbon	-2.89	1.07
breathing	-2.88	0.47
strong	-2.87	0.61
trash	-2.84	0.47
sucked	-2.83	0.80
butt	-2.83	0.57
pos	-2.81	0.54
disposable	-2.78	0.61
uncomfortable	-2.75	0.83
gas	-2.72	0.58
cigalike	-2.72	0.63
lungs	-2.72	0.55
cartridges	-2.71	0.61
medicine	-2.68	0.43
disposables	-2.66	0.63
washing	-2.66	0.71
ass	-2.65	0.88
poor	-2.65	0.91
cig-a-like	-2.63	0.64
reds	-2.63	1.19
spicy	-2.62	0.56
stomach	-2.62	0.50
cigalikes	-2.61	0.63
complete	-2.61	0.79
anymore	-2.60	0.54
cig-a-likes	-2.60	0.62
throat	-2.58	0.65
dirt	-2.58	0.70
nose	-2.55	0.55
freshly	-2.54	0.46
clean	-2.54	0.72
switched	-2.54	1.24
oddly	-2.53	0.80
starts	-2.51	0.50
overpriced	-2.50	0.60
pleasant	-2.50	0.57
disappointing	-2.50	0.91
melted	-2.49	0.56
slight	-2.49	0.52
blu	-2.48	0.61
cleaned	-2.48	0.72
smoke	-2.47	0.50
weak	-2.46	0.83
overwhelming	-2.46	0.59
cigarette	-2.45	0.52
odd	-2.45	0.69
sensation	-2.44	0.56
hint	-2.43	0.64
njoy	-2.42	0.61
fear	-2.41	0.98
cat	-2.40	1.42
flavored	-2.40	0.48
reminded	-2.38	1.00
station	-2.38	0.63
knockoff	-2.38	0.72
menthols	-2.38	1.25
headache	-2.36	0.54
exhale	-2.36	0.66
sweetness	-2.36	0.65
spray	-2.35	0.50
excess	-2.30	0.79
tl	-2.30	0.94
bullshit	-2.28	0.43
mixed	-2.28	0.55
stupid	-2.27	1.11
funky	-2.27	0.55
inhaling	-2.27	0.62
lung	-2.26	0.49
generic	-2.26	0.72
saturated	-2.25	0.78
annoying	-2.25	1.12
straight	-2.24	0.51
tongue	-2.24	0.55
remove	-2.24	0.80
scenario	-2.23	1.26
subtle	-2.23	0.68
soaked	-2.22	0.76
cheese	-2.21	0.51
feeling	-2.21	0.62
cartridge	-2.21	0.59
withdrawal	-2.21	0.53
wicks	-2.21	0.77
case	-2.20	1.34
egos	-2.19	0.65
ray	-2.17	1.75
hands	-2.16	0.84
wipe	-2.16	0.77
hurts	-2.16	0.57
suck	-2.16	1.12
pain	-2.16	0.53
cartomizers	-2.16	0.59
stations	-2.15	0.65
body	-2.14	0.49
shower	-2.13	0.57
machine	-2.12	0.79
kiss	-2.11	1.39
hair	-2.10	0.60
replacing	-2.10	0.79
awkward	-2.10	1.10
condensation	-2.10	0.75
lie	-2.09	1.50
sick	-2.09	0.89
rare	-2.09	1.34
knock	-2.09	0.68
plant	-2.08	0.76
shame	-2.08	1.42
unfortunate	-2.08	1.26
shit	-2.07	0.98
re-wick	-2.06	0.76
dust	-2.06	0.82
hits	-2.06	0.59
eroll	-2.06	0.62
tired	-2.06	1.09
nonsense	-2.05	0.44
wonky	-2.05	0.65
alone	-2.03	1.61
sour	-2.03	0.60
bum	-2.03	0.59
notes	-2.03	0.70
teeth	-2.03	0.80
steeped	-2.01	0.48
fucked	-2.00	1.16
rewick	-2.00	0.75
freak	-1.99	1.52
symptoms	-1.99	0.55
confused	-1.99	1.87
experiencing	-1.98	0.50
wash	-1.98	0.75
material	-1.97	0.90
oils	-1.96	0.75
filter	-1.96	0.67
mild	-1.96	0.57
heating	-1.95	0.77
laughing	-1.95	1.46
hardest	-1.95	1.27
allergies	-1.94	0.56
asthma	-1.93	0.51
bull	-1.93	0.60
skittles	-1.93	0.56
intense	-1.92	0.71
bacon	-1.92	0.56
cartos	-1.92	0.60
junk	-1.91	0.55
bananas	-1.91	0.58
buzz	-1.91	0.57
ce4	-1.91	0.65
woke	-1.91	0.49
pens	-1.90	0.58
upset	-1.90	1.66
chemicals	-1.89	0.66
jokes	-1.89	0.97
chinese	-1.89	0.59
towel	-1.88	0.77
dicks	-1.88	1.22
mouth	-1.88	0.59
rewicking	-1.87	0.74
buds	-1.86	0.66
experienced	-1.86	1.30
ecig	-1.86	0.53
inhale	-1.85	0.77
remind	-1.85	1.64
developed	-1.85	0.50
funny	-1.85	1.13
maple	-1.85	0.60
shaking	-1.84	0.55
caused	-1.83	0.50
lip	-1.83	0.72
stronger	-1.83	0.76
pepper	-1.82	0.52
left	-1.82	0.79
hot	-1.82	0.74
spots	-1.82	0.82
covered	-1.81	0.70
insulators	-1.81	0.72
rinse	-1.81	0.74
soaking	-1.80	0.75
pissed	-1.80	1.68
surprising	-1.79	1.35
allergy	-1.79	0.54
cartomizer	-1.78	0.55
tart	-1.78	0.66
bs	-1.78	0.51
wick	-1.78	0.74
saturate	-1.78	0.68
remaining	-1.78	0.76
wonders	-1.76	0.68
reaction	-1.76	0.53
brown	-1.75	0.78
sleep	-1.75	0.46
rubbing	-1.75	0.76
thoroughly	-1.75	0.76
kits	-1.74	0.71
lips	-1.73	0.89
cases	-1.73	0.53
shock	-1.73	0.50
dish	-1.72	0.75
replace	-1.71	0.76
outta	-1.71	0.83
smoked	-1.71	0.81
glowing	-1.70	0.76
cigarettes	-1.70	0.53
vaporize	-1.69	0.77
layer	-1.69	0.97
camel	-1.68	0.82
wearing	-1.68	0.57
flavor	-1.67	0.81
rechargeable	-1.67	0.56
particles	-1.67	0.68
sampling	-1.66	0.53
cleaning	-1.66	0.75
guilty	-1.66	1.34
marlboro	-1.66	0.82
vaporizing	-1.66	0.74
swear	-1.65	0.55
fired	-1.65	0.68
causes	-1.65	0.51
absorbed	-1.65	0.59
pittsburgh	-1.65	1.34
disappointed	-1.64	1.47
carto	-1.64	0.58
soap	-1.64	0.75
tough	-1.63	1.10
additives	-1.63	0.60
alcohol	-1.63	0.74
flooded	-1.63	0.69
traditional	-1.62	0.53
anxiety	-1.62	0.57
waste	-1.62	0.55
natural	-1.61	0.63
cig	-1.61	0.50
leading	-1.61	0.50
heated	-1.60	0.72
dick	-1.60	0.75
angry	-1.60	1.69
apartment	-1.60	0.95
poison	-1.59	0.55
heart	-1.59	0.55
melting	-1.59	0.70
hit	-1.59	0.86
leave	-1.58	0.73
citrus	-1.58	0.64
dangerous	-1.58	0.46
replaced	-1.58	0.90
extract	-1.58	0.68
dog	-1.57	1.02
headed	-1.57	0.57
afterwards	-1.57	0.74
dumb	-1.57	1.31
vaper	-1.56	1.43
miss	-1.56	1.04
sensitive	-1.56	0.57
clearomizers	-1.56	0.58
fool	-1.56	0.49
scary	-1.55	1.34
disease	-1.55	0.49
joyetech	-1.55	0.64
cigs	-1.55	0.70
darker	-1.55	0.82
slow	-1.54	0.61
overly	-1.54	0.81
brand	-1.54	0.60
sucking	-1.54	0.52
wizard	-1.54	0.60
gets	-1.54	0.82
pack	-1.53	0.77
sweetener	-1.53	0.64
e-cig	-1.53	0.51
labs	-1.53	0.61
scare	-1.52	0.73
surprised	-1.52	1.82
packs	-1.52	0.78
offended	-1.51	1.87
substances	-1.51	0.59
walls	-1.51	0.89
inhaled	-1.50	0.58
messed	-1.50	0.79
absorb	-1.50	0.62
vodka	-1.50	0.71
soak	-1.50	0.74
develop	-1.50	0.49
ignorant	-1.50	0.61
boge	-1.50	0.58
noticing	-1.50	0.56
behind	-1.49	0.69
fluid	-1.49	0.71
sadly	-1.49	1.73
cry	-1.49	1.55
candy	-1.48	0.56
frustrating	-1.48	1.34
marks	-1.47	0.88
rust	-1.47	1.05
sketchy	-1.47	0.76
brush	-1.47	0.72
strongly	-1.46	0.59
heats	-1.46	0.76
repeat	-1.46	0.69
exception	-1.46	1.45
shorted	-1.45	0.61
pad	-1.45	0.89
prime	-1.45	0.62
dogs	-1.45	0.54
cigars	-1.45	0.56
quicker	-1.44	0.82
faster	-1.44	0.81
tends	-1.43	0.71
touches	-1.43	0.74
backwards	-1.43	2.12
wicking	-1.42	0.69
menthol	-1.42	0.60
refill	-1.42	0.54
sucks	-1.42	1.29
ego	-1.41	0.62
causing	-1.41	0.51
bath	-1.41	0.70
cooling	-1.41	0.67
lazy	-1.40	0.67
pockets	-1.40	0.59
glow	-1.39	0.71
safer	-1.39	0.61
sort	-1.39	0.61
news	-1.39	0.58
entitled	-1.39	0.71
avoid	-1.39	0.60
truth	-1.39	0.79
film	-1.38	0.80
retarded	-1.38	0.64
destroyed	-1.38	0.60
crave	-1.38	0.46
systems	-1.37	0.51
automatic	-1.37	0.68
ego-t	-1.37	0.62
tap	-1.37	0.71
ego-c	-1.37	0.62
fuck	-1.37	1.26
ripped	-1.37	0.57
feelings	-1.37	0.60
lies	-1.36	0.65
occur	-1.36	0.53
quickly	-1.36	0.85
biased	-1.36	0.71
fucks	-1.36	0.65
twist	-1.36	0.62
replaceable	-1.35	0.65
plain	-1.35	0.73
analog	-1.35	0.56
melt	-1.35	0.62
inconsistent	-1.35	0.68
vaporized	-1.35	0.63
likely	-1.35	0.59
carcinogens	-1.35	0.64
cravings	-1.35	0.47
water	-1.34	0.70
fried	-1.34	0.58
formaldehyde	-1.34	0.70
hookah	-1.34	0.48
clearo	-1.34	0.55
disassemble	-1.34	0.87
prevent	-1.34	0.59
ignorance	-1.33	0.67
pen	-1.33	0.59
lame	-1.33	0.75
scared	-1.33	1.03
lighting	-1.32	0.52
rude	-1.32	0.78
skin	-1.32	0.85
650mah	-1.32	0.62
smoker	-1.31	0.81
paper	-1.31	0.66
fans	-1.31	1.44
drag	-1.31	0.56
toxic	-1.31	0.57
oxygen	-1.31	0.66
overnight	-1.31	0.70
compounds	-1.31	0.64
heat	-1.30	0.74
clove	-1.30	0.55
shady	-1.30	0.55
result	-1.30	0.63
propaganda	-1.30	0.59
noticeable	-1.30	0.55
shocked	-1.30	1.79
lying	-1.29	0.65
kills	-1.29	1.26
wicked	-1.29	0.71
twists	-1.29	0.60
asshole	-1.28	0.69
guessing	-1.28	2.00
eliminate	-1.28	0.61
bothers	-1.28	0.72
substance	-1.28	0.58
frustrated	-1.28	1.05
removing	-1.27	0.81
fucking	-1.27	1.15
ultrasonic	-1.27	0.67
fact	-1.27	2.03
harder	-1.27	0.87
idiot	-1.26	0.70
nervous	-1.26	1.02
fault	-1.26	1.83
craving	-1.26	0.44
shoes	-1.26	0.78
laugh	-1.25	1.65
cause	-1.25	0.52
occasional	-1.25	0.44
annoyed	-1.25	1.22
refilling	-1.25	0.56
evods	-1.25	0.57
clearomizer	-1.24	0.52
outdated	-1.24	0.68
bummed	-1.24	1.05
possibly	-1.24	0.61
sink	-1.24	0.64
lights	-1.24	0.64
cracker	-1.23	0.63
false	-1.23	0.87
regular	-1.23	0.54
tossed	-1.23	0.51
collect	-1.22	0.74
boiling	-1.22	0.65
missing	-1.22	2.10
fresh	-1.21	0.58
earth	-1.21	1.34
hurt	-1.21	0.69
elitist	-1.21	0.70
expensive	-1.21	0.84
poisoning	-1.20	0.59
swapped	-1.20	0.62
silica	-1.20	0.79
assholes	-1.20	0.76
mean	-1.20	2.13
minty	-1.20	0.61
properties	-1.20	0.63
day	-1.20	0.71
healthier	-1.20	0.57
clearos	-1.20	0.55
loud	-1.20	0.72
uses	-1.20	2.20
harmful	-1.20	0.51
wear	-1.19	0.64
whose	-1.19	1.85
failure	-1.19	0.59
pants	-1.19	0.63
cotton	-1.19	0.59
calls	-1.19	2.06
instant	-1.19	0.56
tries	-1.19	2.20
naturally	-1.19	0.70
clearing	-1.19	0.96
rayon	-1.19	0.67
coloring	-1.19	0.59
venting	-1.18	0.52
boring	-1.18	0.87
what	-1.18	2.10
tests	-1.18	0.52
extracts	-1.17	0.62
sight	-1.16	0.52
cigar	-1.16	0.42
flavorings	-1.16	0.57
vinegar	-1.15	0.72
extracted	-1.15	0.70
dump	-1.15	0.59
urge	-1.15	0.46
sugar	-1.15	0.58
vivi	-1.15	0.56
through	-1.14	0.55
chewing	-1.14	0.60
gloves	-1.14	0.68
upper	-1.14	0.56
t3s	-1.14	0.57
flood	-1.14	0.58
chew	-1.14	0.60
misinformation	-1.14	0.74
insulator	-1.13	0.64
nova	-1.13	0.56
cats	-1.13	0.68
seals	-1.13	0.82
team	-1.13	1.52
accident	-1.13	0.39
idiots	-1.12	0.72
physical	-1.12	0.51
spinners	-1.12	0.58
talks	-1.12	2.23
1/2	-1.12	0.74
create	-1.12	0.61
evod	-1.12	0.59
than	-1.12	0.91
partially	-1.12	0.69
true	-1.12	2.04
spinner	-1.12	0.59
swapping	-1.11	0.62
cure	-1.11	0.49
ecigs	-1.11	0.45
douche	-1.11	0.75
unsafe	-1.11	0.56
unless	-1.11	2.16
hard	-1.11	0.76
says	-1.11	2.19
tells	-1.11	2.21
vision	-1.10	0.59
foods	-1.10	0.53
flavoring	-1.10	0.59
laying	-1.10	0.55
boil	-1.09	0.59
mouthpiece	-1.09	0.63
saying	-1.09	2.11
story	-1.08	1.75
apart	-1.08	0.70
gear	-1.08	0.60
addictive	-1.08	0.49
leaving	-1.08	0.71
seal	-1.07	0.81
prone	-1.07	0.57
allergic	-1.07	0.61
asks	-1.07	2.20
contains	-1.07	0.61
condition	-1.07	0.46
smoking	-1.07	0.51
thinks	-1.07	2.23
hurting	-1.07	0.65
japanese	-1.07	0.55
giant	-1.07	0.60
sees	-1.07	2.23
years	-1.07	0.69
fills	-1.07	0.63
neck	-1.06	0.53
straw	-1.06	0.51
component	-1.06	0.58
vent	-1.06	0.49
element	-1.05	0.64
buys	-1.05	2.20
rolling	-1.05	0.50
lead	-1.05	0.54
bags	-1.05	0.49
lighter	-1.05	0.62
filled	-1.05	0.52
pinch	-1.05	0.64
pipes	-1.04	0.48
pads	-1.04	0.50
brain	-1.04	0.49
slightest	-1.04	0.60
damaged	-1.04	0.69
exactly	-1.04	0.90
leaked	-1.04	0.61
dare	-1.04	0.57
distilled	-1.03	0.65
broken	-1.03	0.72
dislike	-1.03	1.17
grommet	-1.03	0.67
tanks	-1.03	0.52
spit	-1.03	0.52
cleaner	-1.03	0.80
worrying	-1.03	0.67
wants	-1.03	2.22
iclears	-1.02	0.53
stress	-1.02	0.49
concentrated	-1.02	0.61
spread	-1.02	0.67
spreading	-1.02	0.69
concerned	-1.02	1.23
calling	-1.02	0.79
e-cigs	-1.02	0.44
crush	-1.02	0.58
popping	-1.02	0.66
desire	-1.02	0.45
shorts	-1.01	0.56
fox	-1.01	0.64
legs	-1.01	0.66
without	-1.01	0.57
due	-1.01	0.55
eating	-1.00	0.59
blame	-1.00	0.75
worried	-0.99	1.20
evenly	-0.99	0.83
pv	-0.99	0.53
rough	-0.99	0.73
habit	-0.99	0.40
filling	-0.99	0.57
jerk	-0.99	0.67
premade	-0.99	0.52
salt	-0.99	0.61
replacement	-0.99	0.56
o-rings	-0.99	0.80
shut	-0.98	0.69
ect	-0.98	0.54
ingredients	-0.98	0.54
stays	-0.98	0.59
guarantee	-0.98	0.91
treat	-0.98	0.50
potentially	-0.98	0.49
kp	-0.98	1.93
media	-0.98	0.60
acting	-0.97	0.77
stops	-0.97	0.49
cancer	-0.97	0.78
self	-0.97	0.57
likes	-0.97	2.27
protanks	-0.97	0.53
torch	-0.97	0.64
fry	-0.97	0.57
ruin	-0.97	0.56
dying	-0.96	0.50
flooding	-0.96	0.59
fed	-0.96	0.44
gurgle	-0.96	0.56
cheaper	-0.96	0.89
vaporizers	-0.96	0.56
oral	-0.95	0.50
kangers	-0.95	0.51
head	-0.95	0.62
beans	-0.95	0.74
fish	-0.95	0.56
airy	-0.95	0.75
bed	-0.95	0.51
primer	-0.94	0.58
adds	-0.94	0.50
shits	-0.94	0.62
shake	-0.94	0.61
sorta	-0.94	0.78
analogs	-0.94	0.57
silicone	-0.93	0.66
bag	-0.93	0.51
swap	-0.92	0.59
fails	-0.92	0.51
electronic	-0.92	0.45
analogues	-0.92	0.57
exposed	-0.92	0.59
diacetyl	-0.92	0.52
rest	-0.92	0.42
pro	-0.92	0.54
speed	-0.92	0.59
iclear30	-0.92	0.53
vegetable	-0.92	0.57
silly	-0.92	0.75
pricey	-0.92	0.77
animal	-0.92	0.55
reported	-0.91	0.63
stuff	-0.91	0.65
constantly	-0.91	0.55
boiled	-0.91	0.50
react	-0.91	0.60
die	-0.91	0.49
grown	-0.91	0.62
chamber	-0.91	0.63
dip	-0.91	0.52
switching	-0.91	0.58
rebuild	-0.91	0.60
rolled	-0.91	0.51
shorting	-0.90	0.56
bar	-0.90	0.62
standing	-0.90	0.66
smokes	-0.90	1.22
organic	-0.90	0.48
iclear	-0.90	0.53
propylene	-0.89	0.54
happier	-0.89	0.75
blow	-0.89	0.50
dipping	-0.89	0.59
vacuum	-0.89	0.55
warm	-0.89	0.79
extend	-0.89	0.66
glycerin	-0.88	0.58
facts	-0.88	0.77
kicked	-0.88	0.53
protank	-0.88	0.53
arm	-0.88	0.55
machining	-0.88	0.67
30s	-0.88	0.53
flip	-0.88	0.65
terminal	-0.88	0.56
raw	-0.88	0.56
clapton	-0.88	0.94
q	-0.88	0.74
broke	-0.88	0.47
caffeine	-0.88	0.50
parts	-0.88	0.64
touching	-0.88	0.64
hidden	-0.87	0.62
tend	-0.87	0.61
leg	-0.87	0.59
and/or	-0.87	0.51
unsure	-0.87	1.32
wherever	-0.86	0.56
tear	-0.86	0.57
act	-0.86	0.63
stem	-0.86	0.65
beat	-0.86	0.67
smoktech	-0.86	0.61
smoother	-0.86	0.91
consuming	-0.86	0.60
waffle	-0.86	0.64
gurgling	-0.86	0.55
damage	-0.85	0.48
kangertech	-0.85	0.55
slower	-0.85	0.78
excessive	-0.85	0.63
loops	-0.85	0.58
belt	-0.85	0.52
fill	-0.85	0.55
killing	-0.85	0.57
catch	-0.85	0.59
trim	-0.85	0.63
acts	-0.85	0.59
hotter	-0.85	0.86
spare	-0.85	0.52
davide	-0.85	0.52
sterile	-0.85	0.47
ingredient	-0.84	0.50
pops	-0.84	0.57
minis	-0.84	0.52
mental	-0.84	0.54
explode	-0.84	0.51
vapour	-0.84	0.75
glycol	-0.84	0.53
steeping	-0.84	0.52
turns	-0.84	0.58
short	-0.84	0.51
cracking	-0.84	0.52
pizza	-0.84	0.52
ii	-0.84	0.54
light	-0.84	0.56
draws	-0.83	0.61
pt2	-0.83	0.52
pt	-0.83	0.50
finicky	-0.83	0.89
o-ring	-0.83	0.65
occasionally	-0.83	0.45
gasket	-0.83	0.65
channels	-0.83	0.62
fashion	-0.83	0.45
650	-0.83	0.56
noise	-0.82	0.52
aerotanks	-0.82	0.52
leaky	-0.82	0.56
windows	-0.82	0.68
typical	-0.82	0.52
stay	-0.82	0.63
food	-0.82	0.51
tweezers	-0.82	0.58
top	-0.82	0.61
chimney	-0.81	0.64
pocket	-0.81	0.53
ends	-0.81	0.63
protank2	-0.81	0.52
leaks	-0.81	0.57
pointless	-0.81	0.73
flavour	-0.81	0.76
part	-0.81	0.75
biggest	-0.81	1.98
led	-0.80	0.54
addiction	-0.80	0.46
whatsoever	-0.80	0.51
misleading	-0.80	1.00
evil	-0.80	0.63
attack	-0.80	0.50
breakfast	-0.80	0.53
needle	-0.80	0.56
bubbles	-0.79	0.54
icr	-0.79	0.47
vv	-0.79	0.54
underneath	-0.79	0.63
damaging	-0.79	0.55
refreshing	-0.79	0.71
kind	-0.79	0.81
stripped	-0.79	0.56
wind	-0.79	0.55
danger	-0.79	0.60
covering	-0.79	0.61
tank	-0.79	0.50
mvps	-0.79	0.54
alarm	-0.78	0.50
kill	-0.78	0.55
ekowool	-0.78	0.78
consume	-0.78	0.48
touch	-0.78	0.62
heads	-0.78	0.46
removable	-0.78	0.56
faulty	-0.78	0.74
eat	-0.78	0.50
sitting	-0.78	0.68
rage	-0.78	0.58
batt	-0.78	0.50
corner	-0.78	0.62
fail	-0.78	0.48
delrin	-0.77	0.59
starter	-0.77	0.64
drawer	-0.77	0.57
drips	-0.77	0.85
unlikely	-0.77	0.71
factory	-0.77	0.54
changing	-0.77	0.61
conditions	-0.77	0.46
minor	-0.76	0.62
dead	-0.76	0.59
unnecessary	-0.76	0.65
soda	-0.76	0.53
ignore	-0.76	0.78
herb	-0.76	0.70
kick	-0.76	0.63
kept	-0.76	0.55
paranoid	-0.76	1.04
vaporizer	-0.76	0.54
pliers	-0.76	0.59
situations	-0.76	0.65
upside	-0.76	0.61
bdc	-0.75	0.52
tooth	-0.75	0.54
cares	-0.75	1.71
liquor	-0.75	0.46
puff	-0.75	0.51
worry	-0.75	0.82
clippers	-0.75	0.57
tobacco	-0.75	0.54
bored	-0.75	0.82
skeptical	-0.75	1.17
installed	-0.75	0.62
pt3	-0.75	0.52
concentrates	-0.75	0.60
hilarious	-0.75	1.47
iron	-0.74	0.81
essential	-0.74	0.61
bong	-0.74	0.51
smart	-0.74	0.82
forms	-0.74	0.63
leaf	-0.74	0.66
itself	-0.74	0.58
rice	-0.74	0.56
nail	-0.74	0.59
mesh	-0.74	0.74
rubber	-0.73	0.64
serious	-0.73	0.66
physically	-0.73	0.61
visible	-0.73	0.64
healthy	-0.73	0.51
impression	-0.73	0.92
driptip	-0.73	0.60
smok	-0.73	0.62
leak	-0.73	0.55
blunt	-0.73	0.54
complaining	-0.73	0.98
sit	-0.72	0.57
harmless	-0.72	0.67
emow	-0.72	0.56
sharp	-0.72	0.77
ball	-0.72	0.64
affected	-0.72	0.62
cute	-0.72	1.65
keeps	-0.71	0.55
face	-0.71	0.62
stuck	-0.71	0.79
coat	-0.71	0.67
squeeze	-0.71	0.60
bathroom	-0.71	0.52
dealing	-0.71	0.46
clip	-0.71	0.59
ceramic	-0.70	0.73
sat	-0.70	0.55
barely	-0.70	0.62
unusual	-0.70	0.68
afraid	-0.70	1.12
protected	-0.70	0.47
removed	-0.70	0.85
contain	-0.70	0.54
thicker	-0.70	0.82
fuse	-0.70	0.63
produced	-0.70	0.59
desk	-0.70	0.59
bother	-0.70	0.95
kanger	-0.70	0.54
laughed	-0.70	1.11
crack	-0.69	0.51
empty	-0.69	0.47
dangers	-0.69	0.66
attitude	-0.69	0.63
clear	-0.69	0.65
aero	-0.69	0.52
deck	-0.69	0.61
risk	-0.69	0.59
occasion	-0.69	0.51
destroy	-0.69	0.48
edge	-0.69	0.57
wired	-0.68	0.74
entire	-0.68	0.45
describing	-0.68	0.66
cvs	-0.68	0.47
up	-0.68	0.71
atomizer	-0.68	0.45
acid	-0.68	0.62
pot	-0.68	0.56
backup	-0.67	0.68
thinner	-0.67	0.79
concentrate	-0.67	0.61
rebuilt	-0.67	0.48
loss	-0.67	0.53
nothing	-0.67	0.89
started	-0.67	0.61
notice	-0.67	0.61
grape	-0.67	0.60
cracked	-0.67	0.51
needing	-0.67	0.57
alternative	-0.66	0.48
picky	-0.66	1.01
elements	-0.66	0.64
virginia	-0.66	0.59
blocking	-0.66	0.62
front	-0.66	0.65
toilet	-0.66	0.50
drink	-0.66	0.48
ginger	-0.66	0.58
unlike	-0.66	0.53
hash	-0.66	0.67
leaking	-0.66	0.56
grain	-0.66	0.85
solve	-0.66	0.77
base	-0.66	0.59
waffles	-0.66	0.67
leads	-0.65	0.60
vamos	-0.65	0.51
marijuana	-0.65	0.55
piece	-0.65	0.61
popped	-0.65	0.52
sweeter	-0.65	0.59
jersey	-0.65	0.84
complicated	-0.65	0.84
packed	-0.65	0.71
inhalation	-0.65	0.58
flavorful	-0.65	0.87
atomizers	-0.64	0.44
kinda	-0.64	0.88
non	-0.64	0.56
hassle	-0.64	0.84
drags	-0.64	0.50
treatment	-0.64	0.49
side	-0.64	0.60
e-liquids	-0.64	0.43
outer	-0.64	0.64
mini	-0.64	0.54
ejuice	-0.64	0.51
leakage	-0.64	0.55
constant	-0.64	0.52
spirit	-0.64	0.84
hardly	-0.63	0.58
upright	-0.63	0.56
pretend	-0.63	0.91
e-cigarettes	-0.63	0.46
circle	-0.63	0.66
transition	-0.63	0.50
caught	-0.63	0.64
install	-0.63	0.61
dunno	-0.63	0.88
mess	-0.63	0.71
habits	-0.63	0.46
steep	-0.62	0.52
effect	-0.62	0.55
care	-0.62	1.07
shelf	-0.62	0.56
backups	-0.62	0.47
puffs	-0.62	0.50
pure	-0.62	0.58
polish	-0.62	0.77
cuz	-0.62	0.79
claims	-0.62	0.71
recognize	-0.62	0.88
fire	-0.61	0.58
possibility	-0.61	0.69
minimal	-0.61	0.62
keys	-0.61	0.52
gateway	-0.61	0.42
cover	-0.61	0.58
owns	-0.61	2.14
pressure	-0.61	0.50
bitch	-0.61	0.75
then	-0.61	0.67
ended	-0.60	0.64
charged	-0.60	0.45
creates	-0.60	0.60
medical	-0.60	0.47
eye	-0.60	0.57
recharge	-0.60	0.46
bvc	-0.60	0.45
jack	-0.60	0.45
unscrew	-0.60	0.61
fucker	-0.60	0.69
certainly	-0.60	0.79
temperatures	-0.60	0.58
reality	-0.59	0.87
kit	-0.59	0.59
mood	-0.59	0.71
feed	-0.59	0.64
container	-0.59	0.49
rarely	-0.59	0.53
lithium	-0.59	0.46
does	-0.59	1.13
dies	-0.59	0.49
room	-0.59	0.61
bottom	-0.59	0.59
was	-0.59	0.79
signs	-0.59	0.71
tbh	-0.59	0.78
sticky	-0.59	0.80
wax	-0.59	0.68
runs	-0.58	2.14
arguing	-0.58	1.02
stopped	-0.58	0.52
useless	-0.58	0.68
treating	-0.58	0.55
lipo	-0.58	0.45
effectively	-0.58	0.57
system	-0.58	0.55
gently	-0.58	0.64
sides	-0.58	0.60
potential	-0.58	0.64
fast	-0.58	0.74
instead	-0.58	0.66
cap	-0.57	0.58
expert	-0.57	0.80
wondering	-0.57	1.32
feel	-0.57	0.77
ground	-0.57	0.51
jesus	-0.57	1.14
total	-0.57	0.48
significant	-0.57	0.65
components	-0.57	0.53
plastic	-0.57	0.53
uncommon	-0.57	0.75
bright	-0.57	0.57
pharmacy	-0.57	0.47
lightly	-0.57	0.77
full	-0.57	0.44
pulls	-0.57	0.54
complain	-0.56	0.89
door	-0.56	0.76
glue	-0.56	0.59
seconds	-0.56	0.50
crackers	-0.56	0.48
logic	-0.56	0.93
wiring	-0.56	0.54
worlds	-0.56	1.99
restricted	-0.56	0.46
moment	-0.56	1.61
noob	-0.56	0.88
goodness	-0.55	0.72
garage	-0.55	0.66
temp	-0.55	0.59
slowly	-0.55	0.59
satisfy	-0.55	0.45
firing	-0.55	0.59
penis	-0.55	0.66
covers	-0.55	0.60
treated	-0.55	0.57
sealed	-0.55	0.53
cheap	-0.55	1.04
e-liquid	-0.55	0.49
carefully	-0.55	0.63
toss	-0.54	0.53
sudden	-0.54	0.49
normally	-0.54	0.69
2x	-0.54	0.65
handling	-0.54	0.59
attach	-0.54	0.58
min	-0.54	0.50
related	-0.54	0.49
nails	-0.54	0.80
commercial	-0.54	0.53
associated	-0.54	0.53
impatient	-0.54	1.20
proven	-0.54	0.62
curiosity	-0.54	0.56
imr	-0.54	0.47
aerotank	-0.53	0.53
incorrect	-0.53	2.25
selling	-0.53	0.55
compatible	-0.53	0.41
dark	-0.53	0.58
spice	-0.53	0.60
inside	-0.53	0.56
effects	-0.53	0.58
strip	-0.53	0.51
reverse	-0.53	0.76
frustration	-0.53	0.69
holder	-0.53	0.52
assembly	-0.53	0.61
materials	-0.52	0.62
flash	-0.52	0.51
trustfire	-0.52	0.46
balls	-0.52	0.46
blown	-0.52	0.71
carrying	-0.52	0.55
letting	-0.52	0.67
convenience	-0.52	0.70
sits	-0.52	0.59
unable	-0.52	0.71
agent	-0.52	0.57
replacements	-0.52	0.55
walks	-0.52	2.12
raised	-0.52	0.60
pressed	-0.51	0.60
wires	-0.51	0.57
honestly	-0.51	1.23
adding	-0.51	0.70
even	-0.51	1.20
thin	-0.51	0.88
dose	-0.51	0.45
quit	-0.51	0.56
wrapping	-0.51	0.56
breaking	-0.51	0.64
drug	-0.51	0.46
beard	-0.51	0.49
amounts	-0.50	0.56
gen	-0.50	0.50
e-juice	-0.50	0.46
immediate	-0.50	0.60
interested	-0.50	1.09
beauty	-0.50	0.53
shirt	-0.50	0.75
atties	-0.50	0.49
surface	-0.50	0.66
pump	-0.50	0.52
weed	-0.50	0.60
rich	-0.50	0.71
tfa	-0.50	0.57
familiar	-0.50	0.96
miles	-0.50	0.52
jumped	-0.49	0.48
known	-0.49	0.55
unscrewing	-0.49	0.59
lay	-0.49	0.50
liquid	-0.49	0.58
chase	-0.49	0.66
fly	-0.49	0.59
anti	-0.49	0.46
unknown	-0.49	0.56
lined	-0.49	0.57
topcap	-0.49	0.56
aware	-0.49	1.39
heroin	-0.49	0.48
sold	-0.49	0.55
process	-0.49	0.61
addicted	-0.49	0.40
pieces	-0.49	0.59
telling	-0.49	1.50
chemistry	-0.49	0.48
syringes	-0.49	0.50
difficult	-0.48	0.95
clue	-0.48	1.19
changed	-0.48	0.71
ring	-0.48	0.58
whereas	-0.48	0.53
mind	-0.48	1.06
confusing	-0.48	1.51
knows	-0.48	2.05
seat	-0.48	0.52
sometimes	-0.48	0.57
gallon	-0.48	0.50
impossible	-0.48	0.68
couldnt	-0.48	0.86
solutions	-0.48	0.53
e-cigarette	-0.48	0.50
why	-0.47	1.26
wiggle	-0.47	0.58
temperature	-0.47	0.60
pull	-0.47	0.54
99	-0.47	0.61
window	-0.47	0.52
solder	-0.47	0.59
bothered	-0.47	0.80
major	-0.47	0.64
freezer	-0.47	0.50
bend	-0.47	0.57
careful	-0.47	0.85
ca	-0.47	1.06
pyrex	-0.47	0.56
opposed	-0.47	0.59
sure	-0.46	1.29
ex	-0.46	2.14
cola	-0.46	0.59
gives	-0.46	0.71
ymmv	-0.46	0.69
mall	-0.46	0.43
usp	-0.46	0.52
battery	-0.46	0.47
tips	-0.46	0.53
grade	-0.46	0.48
gap	-0.46	0.57
batteries	-0.46	0.46
tighter	-0.46	0.85
middle	-0.46	0.50
coils	-0.45	0.52
avoided	-0.45	0.42
strands	-0.45	0.60
rings	-0.45	0.57
bases	-0.45	0.52
pre	-0.45	0.47
similar	-0.45	0.71
absolute	-0.45	1.32
fruit	-0.45	0.59
drugs	-0.44	0.45
longer	-0.44	0.84
housing	-0.44	0.59
mistaken	-0.44	2.16
produces	-0.44	0.75
know	-0.44	1.27
tester	-0.44	0.49
whilst	-0.44	0.50
science	-0.44	0.80
valve	-0.44	0.53
right	-0.44	2.06
backed	-0.44	0.71
titanium	-0.44	0.63
actually	-0.43	1.13
pressing	-0.43	0.55
assuming	-0.43	2.21
stop	-0.43	0.65
former	-0.43	0.91
rant	-0.43	0.71
cape	-0.43	0.59
machines	-0.43	0.49
cut	-0.43	0.56
meant	-0.43	2.08
how	-0.43	1.25
tone	-0.43	0.98
drinking	-0.43	0.44
means	-0.43	0.74
fruity	-0.43	0.63
coke	-0.43	0.50
explain	-0.43	0.86
loop	-0.43	0.50
exposure	-0.42	0.58
thru	-0.42	0.51
blew	-0.42	0.45
packing	-0.42	0.52
college	-0.42	0.61
crunchy	-0.42	0.66
skip	-0.42	0.53
pour	-0.42	0.49
usually	-0.42	0.48
screw	-0.42	0.58
positive	-0.42	0.58
sensor	-0.42	0.50
instantly	-0.42	0.57
nutty	-0.42	0.62
storage	-0.42	0.61
onto	-0.42	0.53
yellow	-0.42	0.56
cheapest	-0.42	2.01
tight	-0.42	0.66
tip	-0.41	0.53
grew	-0.41	0.70
missed	-0.41	2.06
drunk	-0.41	0.76
articles	-0.41	0.71
hammer	-0.41	1.49
action	-0.41	0.55
goods	-0.41	0.48
chai	-0.41	0.59
walking	-0.41	0.64
seven	-0.41	0.66
almond	-0.41	0.67
syringe	-0.41	0.48
every	-0.41	0.49
arent	-0.41	0.42
bay	-0.41	0.44
apple	-0.41	0.62
attached	-0.41	0.58
mins	-0.41	0.47
regret	-0.41	0.80
warmer	-0.40	0.89
pair	-0.40	0.52
screwdriver	-0.40	0.55
readily	-0.40	0.69
containing	-0.40	0.48
seas	-0.40	0.66
sleeve	-0.40	0.71
days	-0.40	0.47
negative	-0.40	0.58
minutes	-0.40	0.47
therefore	-0.40	0.61
combination	-0.40	0.63
altogether	-0.40	0.50
american	-0.40	0.58
no	-0.39	0.59
dont	-0.39	1.06
hours	-0.39	0.47
honeydew	-0.39	0.63
driver	-0.39	0.53
screwed	-0.39	0.59
must	-0.39	2.00
safe	-0.39	0.50
hole	-0.39	0.56
sun	-0.39	0.56
approved	-0.39	0.45
nickel	-0.39	0.70
tempted	-0.39	1.05
vv3	-0.39	0.49
hitting	-0.39	0.61
outside	-0.39	0.50
amazed	-0.39	1.11
half	-0.39	0.46
screwdrivers	-0.39	0.53
mass	-0.39	0.55
air	-0.38	0.57
stand	-0.38	0.50
arguments	-0.38	0.90
held	-0.38	0.71
circuit	-0.38	0.55
kitchen	-0.38	0.53
tighten	-0.38	0.58
grocery	-0.38	0.43
doctors	-0.38	0.55
background	-0.38	0.53
recall	-0.38	0.77
fell	-0.38	0.40
vaping	-0.38	0.51
metals	-0.38	0.74
coating	-0.38	0.78
2s	-0.38	0.47
re	-0.38	1.15
passthrough	-0.38	0.46
travel	-0.38	0.46
less	-0.38	0.87
often	-0.38	0.60
wire	-0.38	0.59
jig	-0.38	0.53
connect	-0.38	0.57
evidence	-0.38	0.89
pry	-0.37	0.54
draw	-0.37	0.60
portion	-0.37	0.50
pin	-0.37	0.56
take	-0.37	0.53
absurd	-0.37	0.73
average	-0.37	0.55
walmart	-0.37	0.53
wo	-0.37	0.92
series	-0.37	0.69
needs	-0.37	1.43
mvp2	-0.37	0.50
prefer	-0.37	0.46
behavior	-0.37	0.51
coconut	-0.37	0.65
convince	-0.36	1.47
expecting	-0.36	0.97
supposed	-0.36	1.39
lemon	-0.36	0.64
threading	-0.36	0.57
almost	-0.36	0.49
reports	-0.36	0.65
mention	-0.36	0.97
closely	-0.36	0.61
halfway	-0.36	0.50
usual	-0.36	0.47
fiddle	-0.36	0.50
failing	-0.36	0.48
abuse	-0.36	0.53
nowadays	-0.36	0.46
flat	-0.36	0.50
itaste	-0.36	0.50
wonder	-0.36	1.08
being	-0.36	0.62
airhole	-0.35	0.56
genuine	-0.35	0.44
combined	-0.35	0.45
attention	-0.35	0.86
flow	-0.35	0.53
18650	-0.35	0.46
harm	-0.35	0.52
situation	-0.35	0.67
precision	-0.35	0.52
loosen	-0.35	0.57
emergency	-0.35	0.48
human	-0.35	0.55
happening	-0.35	1.07
drip	-0.35	0.51
tape	-0.35	0.58
blows	-0.35	0.60
carry	-0.35	0.51
deep	-0.35	0.53
cloned	-0.35	0.44
slide	-0.35	0.56
airflow	-0.35	0.56
fires	-0.34	0.70
lock	-0.34	0.56
vtr	-0.34	0.50
inner	-0.34	0.60
health	-0.34	0.60
trigger	-0.34	0.49
turn	-0.34	0.52
panzer	-0.34	1.47
bits	-0.34	0.52
mixing	-0.34	0.54
afc	-0.34	0.54
hesitant	-0.34	0.96
innokin	-0.34	0.50
tightly	-0.34	0.83
suspect	-0.34	1.06
nature	-0.34	0.61
fiddling	-0.34	0.58
minute	-0.34	0.48
more	-0.34	0.88
important	-0.33	1.81
excuse	-0.33	1.26
testers	-0.33	0.54
manufacturing	-0.33	0.54
walked	-0.33	1.13
screws	-0.33	0.58
aid	-0.33	0.46
sets	-0.33	0.48
lack	-0.33	0.77
quantities	-0.33	0.55
unit	-0.33	0.51
risks	-0.33	0.67
glass	-0.33	0.52
fully	-0.33	0.71
manufacture	-0.33	0.51
tightened	-0.33	0.60
somewhere	-0.33	0.78
weeks	-0.33	0.47
defective	-0.33	0.53
angle	-0.33	0.54
sid	-0.33	0.52
tightening	-0.33	0.58
bent	-0.33	0.57
whiskey	-0.33	0.44
zmax	-0.33	0.52
loose	-0.32	0.59
handy	-0.32	0.55
tricky	-0.32	0.76
supreme	-0.32	0.45
unregulated	-0.32	0.49
turning	-0.32	0.59
pharma	-0.32	0.46
appear	-0.32	0.71
color	-0.32	0.58
drops	-0.32	0.45
satisfying	-0.32	0.82
doesnt	-0.32	0.85
collecting	-0.32	0.49
naut	-0.32	0.51
dud	-0.32	0.62
grip	-0.32	0.58
contacts	-0.32	0.71
springs	-0.32	0.61
otherwise	-0.32	1.17
labor	-0.32	0.48
takes	-0.32	0.48
expand	-0.32	0.55
direction	-0.32	0.87
falls	-0.32	0.54
twisting	-0.32	0.56
knife	-0.32	0.49
tiger	-0.31	0.65
mvp	-0.31	0.50
center	-0.31	0.57
drain	-0.31	0.47
3.7v	-0.31	0.47
coffee	-0.31	0.52
change	-0.31	0.72
type	-0.31	0.45
o	-0.31	0.85
obvious	-0.31	0.63
screwing	-0.31	0.59
into	-0.31	0.48
dr	-0.31	0.62
put	-0.31	0.51
section	-0.31	0.51
panasonic	-0.31	0.47
bigger	-0.31	0.86
essentially	-0.31	0.93
which	-0.31	1.00
hold	-0.30	0.59
shorter	-0.30	0.74
button	-0.30	0.55
sand	-0.30	0.79
4.2	-0.30	0.50
vertical	-0.30	0.52
134	-0.30	0.50
easier	-0.30	0.92
ruined	-0.30	0.43
threaded	-0.30	0.57
because	-0.30	1.29
ridiculous	-0.30	0.68
drinks	-0.30	0.48
oil	-0.30	0.67
forth	-0.30	0.52
18350	-0.30	0.51
hades	-0.30	1.46
knew	-0.30	0.90
parking	-0.30	0.60
extension	-0.29	0.51
moved	-0.29	0.50
reduction	-0.29	0.46
report	-0.29	0.58
frequently	-0.29	0.53
benefits	-0.29	0.53
remember	-0.29	1.14
mah	-0.29	0.49
did	-0.29	1.16
trouble	-0.29	0.61
tool	-0.29	0.52
heavier	-0.29	0.97
said	-0.29	1.22
much	-0.29	0.86
batches	-0.29	0.49
greatest	-0.29	1.87
else	-0.29	1.25
18350s	-0.29	0.47
assume	-0.29	1.35
turned	-0.29	0.47
asked	-0.29	1.48
break	-0.29	0.61
connected	-0.29	0.53
house	-0.29	1.12
connection	-0.29	0.55
anecdotal	-0.29	1.04
connections	-0.28	0.58
steady	-0.28	0.62
say	-0.28	1.27
god	-0.28	1.21
latter	-0.28	0.60
wont	-0.28	0.86
hide	-0.28	0.60
board	-0.28	0.51
months	-0.28	0.48
3.0	-0.28	0.49
drilled	-0.28	0.58
politicians	-0.28	0.51
makes	-0.28	0.87
drilling	-0.28	0.58
airholes	-0.28	0.55
sticking	-0.28	0.62
expected	-0.28	0.63
svd	-0.28	0.50
scientific	-0.28	0.85
millions	-0.28	0.49
where	-0.28	1.09
switch	-0.28	0.56
diy	-0.28	0.53
degrees	-0.28	0.50
pipe	-0.27	0.49
tube	-0.27	0.58
catching	-0.27	0.51
blackhawk	-0.27	1.46
350	-0.27	0.50
attempting	-0.27	0.74
style	-0.27	0.42
alive	-0.27	1.59
argue	-0.27	0.93
suddenly	-0.27	0.61
nearby	-0.27	0.57
open	-0.27	0.53
counterfeit	-0.27	0.42
losing	-0.27	0.56
spin	-0.27	0.56
fat	-0.27	0.71
exist	-0.27	1.03
planet	-0.27	0.49
thorough	-0.27	0.69
colada	-0.27	0.60
internal	-0.27	0.50
besides	-0.27	0.51
hence	-0.26	0.50
connector	-0.26	0.56
resist	-0.26	0.61
idk	-0.26	0.94
sell	-0.26	0.47
regularly	-0.26	0.50
display	-0.26	0.47
loads	-0.26	0.54
raspberry	-0.26	0.63
fruits	-0.26	0.62
bastard	-0.26	0.67
somehow	-0.26	0.84
pg	-0.26	0.60
imagine	-0.26	1.09
pushed	-0.26	0.54
u/_bombies	-0.26	0.57
disagree	-0.26	0.79
products	-0.26	0.41
switches	-0.26	0.54
vice	-0.25	0.54
slightly	-0.25	0.87
4.2v	-0.25	0.52
rebuilding	-0.25	0.56
settle	-0.25	0.55
510	-0.25	0.53
think	-0.25	1.29
office	-0.25	0.66
pulled	-0.25	0.50
table	-0.25	0.55
batts	-0.25	0.45
decades	-0.25	0.43
claim	-0.25	0.83
mechanism	-0.25	0.53
desert	-0.25	0.62
trolling	-0.25	0.82
cant	-0.25	0.91
3mm	-0.25	0.57
normal	-0.25	0.57
kamry	-0.25	0.74
colored	-0.25	0.60
talking	-0.25	1.26
call	-0.25	0.89
vamo	-0.24	0.49
whole	-0.24	0.53
wine	-0.24	0.44
commonly	-0.24	0.50
attys	-0.24	0.46
joke	-0.24	0.98
frankly	-0.24	0.64
stack	-0.24	0.78
locked	-0.24	0.59
evic	-0.24	0.50
18500	-0.24	0.52
claiming	-0.24	0.82
cell	-0.24	0.45
bc	-0.24	0.66
under	-0.24	0.47
fakes	-0.24	0.45
2.0	-0.24	0.48
falling	-0.24	0.52
claimed	-0.24	1.29
carried	-0.24	0.40
contact	-0.24	0.52
bread	-0.24	0.59
drill	-0.23	0.55
wide	-0.23	0.54
sag	-0.23	0.51
halo	-0.23	0.56
snug	-0.23	0.65
root	-0.23	0.54
hex	-0.23	0.50
recessed	-0.23	0.55
1/4	-0.23	0.48
dremel	-0.23	0.61
end	-0.23	0.56
blowing	-0.23	0.45
stage	-0.23	0.44
simply	-0.23	1.12
insert	-0.22	0.59
desserts	-0.22	0.61
allen	-0.22	0.50
tipsy	-0.22	0.78
adjustable	-0.22	0.53
magnet	-0.22	0.55
floor	-0.22	0.59
intention	-0.22	0.59
slots	-0.22	0.50
gummy	-0.22	0.65
hospital	-0.22	0.70
tops	-0.22	0.44
holes	-0.22	0.54
lab	-0.22	0.46
dropper	-0.22	0.44
spring	-0.22	0.55
hour	-0.22	0.47
chasers	-0.22	0.52
told	-0.22	1.57
wasted	-0.22	0.51
wheel	-0.22	0.53
about	-0.21	0.98
breaks	-0.21	0.46
sections	-0.21	0.48
comes	-0.21	0.48
fixes	-0.21	0.66
stocked	-0.21	0.48
happens	-0.21	0.60
stories	-0.21	0.72
concern	-0.21	0.70
walk	-0.21	0.71
grow	-0.21	0.48
university	-0.21	0.44
bakery	-0.21	0.61
deeper	-0.21	0.55
circuitry	-0.21	0.50
amazon	-0.21	0.72
satisfied	-0.21	0.84
istick	-0.21	0.48
statement	-0.21	1.16
matter	-0.21	1.27
banana	-0.21	0.63
real	-0.21	0.44
tubes	-0.21	0.54
intend	-0.21	0.76
small	-0.21	0.56
producing	-0.20	0.64
times	-0.20	0.42
mint	-0.20	0.62
regard	-0.20	0.55
typically	-0.20	0.40
screen	-0.20	0.47
enjoyable	-0.20	0.75
dammit	-0.20	0.75
closed	-0.20	0.52
stacked	-0.20	0.47
2600mah	-0.20	0.47
hobbyist	-0.20	0.56
whenever	-0.20	0.93
white	-0.20	0.50
fake	-0.20	0.40
flashlight	-0.20	0.51
v5	-0.20	0.50
managed	-0.20	0.65
chaser	-0.20	0.50
doubt	-0.20	1.23
green	-0.20	0.52
considering	-0.20	0.90
chain	-0.20	0.50
18650s	-0.20	0.46
microcoils	-0.20	0.52
took	-0.20	0.48
flush	-0.20	0.54
pop	-0.20	0.58
necessarily	-0.20	1.10
chargers	-0.20	0.48
tell	-0.20	1.02
tobaccos	-0.19	0.60
provari	-0.19	0.48
hype	-0.19	0.44
production	-0.19	0.63
thinking	-0.19	1.02
i4	-0.19	0.47
while	-0.19	0.46
unrelated	-0.19	0.75
sweet	-0.19	0.68
wouldnt	-0.19	0.88
throw	-0.19	0.61
watermelon	-0.19	0.62
irrelevant	-0.19	1.01
night	-0.19	0.43
opens	-0.19	0.48
v3	-0.19	0.48
rattle	-0.19	0.54
cream	-0.19	0.62
big	-0.19	0.57
killed	-0.19	0.79
either	-0.19	1.27
wallet	-0.18	0.49
i2	-0.18	0.47
position	-0.18	0.65
lasts	-0.18	0.46
charge	-0.18	0.48
sub-ohming	-0.18	0.49
push	-0.18	0.51
prove	-0.18	0.76
let	-0.18	0.77
cutting	-0.18	0.54
protection	-0.18	0.49
boards	-0.18	0.49
reasoning	-0.18	1.16
slot	-0.18	0.47
tears	-0.18	0.61
keep	-0.18	0.69
nautilus	-0.18	0.52
dropped	-0.18	0.45
soft	-0.18	0.71
block	-0.18	0.55
understand	-0.18	1.39
larger	-0.18	0.68
noticed	-0.18	0.53
produce	-0.18	0.73
ending	-0.18	0.58
width	-0.18	0.56
impact	-0.17	0.55
has	-0.17	1.27
article	-0.17	0.85
stretch	-0.17	0.60
specifically	-0.17	1.06
off	-0.17	0.70
loaded	-0.17	0.54
thus	-0.17	0.69
luc	-0.17	0.48
nitecore	-0.17	0.47
valid	-0.17	0.99
shaped	-0.17	0.53
expect	-0.17	0.94
cells	-0.17	0.46
bash	-0.17	0.73
manage	-0.17	0.71
charging	-0.17	0.47
eliquids	-0.17	0.49
quarter	-0.17	0.45
charger	-0.17	0.45
least	-0.17	0.52
completely	-0.17	0.66
solution	-0.17	0.56
unfortunately	-0.17	1.07
1/16	-0.16	0.55
argument	-0.16	1.03
consumption	-0.16	0.50
nor	-0.16	0.77
decided	-0.16	0.65
ss	-0.16	0.76
believe	-0.16	1.31
lose	-0.16	0.52
magnets	-0.16	0.56
point	-0.16	1.22
survive	-0.16	0.60
hunt	-0.16	0.68
cable	-0.16	0.55
helps	-0.16	0.63
stopping	-0.16	0.58
cinnamon	-0.16	0.58
city	-0.16	0.49
against	-0.16	0.48
school	-0.16	0.65
floating	-0.16	0.56
horizontal	-0.16	0.49
inclined	-0.16	0.92
apply	-0.16	0.55
sized	-0.16	0.51
caramel	-0.16	0.62
variable	-0.16	0.47
sticker	-0.16	0.67
vv/vw	-0.16	0.46
quartz	-0.15	0.63
late	-0.15	0.83
wells	-0.15	0.49
intellicharger	-0.15	0.48
began	-0.15	0.55
after	-0.15	0.49
anything	-0.15	0.96
ago	-0.15	0.50
drama	-0.15	0.64
explained	-0.15	1.22
whether	-0.15	1.23
legitimate	-0.15	0.62
icicles	-0.15	0.55
tiny	-0.15	0.62
hybrid	-0.15	0.53
set	-0.15	0.48
snow	-0.15	0.46
toward	-0.15	0.47
china	-0.15	0.43
atleast	-0.14	0.56
stands	-0.14	0.58
snap	-0.14	0.51
degree	-0.14	0.54
1/16th	-0.14	0.55
resistant	-0.14	0.70
batter	-0.14	0.50
recipe	-0.14	0.54
banning	-0.14	0.40
cessation	-0.14	0.44
freely	-0.14	0.57
shift	-0.14	0.57
studies	-0.14	0.70
items	-0.14	0.42
blocked	-0.14	0.57
dessert	-0.14	0.60
microcoil	-0.14	0.51
aside	-0.14	0.59
court	-0.14	0.48
satisfaction	-0.14	0.54
roll	-0.14	0.50
vast	-0.14	0.46
concerns	-0.14	0.65
wider	-0.13	0.64
anywhere	-0.13	0.61
k101	-0.13	0.93
standard	-0.13	0.50
solved	-0.13	0.64
event	-0.13	0.67
study	-0.13	0.60
3/4	-0.13	0.46
skills	-0.13	0.78
aw	-0.13	0.46
use	-0.13	0.59
badly	-0.13	0.74
clones	-0.13	0.49
2mm	-0.13	0.54
curve	-0.13	0.68
cherry	-0.13	0.61
nightmare	-0.13	0.66
conclusion	-0.13	1.06
until	-0.13	0.61
3/32	-0.12	0.55
note	-0.12	0.69
slip	-0.12	0.52
washington	-0.12	0.58
adjustment	-0.12	0.51
within	-0.12	0.47
laptop	-0.12	0.50
versus	-0.12	0.38
5/64	-0.12	0.55
chips	-0.12	0.48
length	-0.12	0.54
benefit	-0.12	0.57
admit	-0.12	1.11
edges	-0.12	0.80
kraken	-0.12	1.33
magneto	-0.12	0.98
stating	-0.12	1.24
across	-0.12	0.41
freight	-0.12	0.47
last	-0.12	0.46
radio	-0.12	0.46
counter	-0.12	0.76
seemed	-0.12	0.88
having	-0.12	0.66
sources	-0.12	0.61
costs	-0.12	0.46
bare	-0.12	0.68
maintenance	-0.12	0.59
mode	-0.12	0.48
boxes	-0.11	0.43
field	-0.11	0.48
perhaps	-0.11	1.15
shows	-0.11	1.05
fall	-0.11	0.49
nimbus	-0.11	1.34
t	-0.11	0.57
minds	-0.11	0.50
knowing	-0.11	1.13
flavors	-0.11	0.60
cookies	-0.11	0.46
50ml	-0.11	0.60
labeled	-0.11	0.48
cold	-0.11	0.46
beer	-0.11	0.49
coated	-0.11	0.77
literally	-0.11	0.65
everything	-0.11	0.83
begin	-0.11	0.60
press	-0.11	0.60
inch	-0.11	0.48
neither	-0.11	0.75
stick	-0.11	0.63
threw	-0.11	0.50
affect	-0.11	0.58
confident	-0.11	0.97
cycles	-0.11	0.44
subjective	-0.11	0.98
around	-0.11	0.49
lasted	-0.11	0.48
something	-0.11	1.15
gravity	-0.11	0.51
repair	-0.10	0.60
thrown	-0.10	0.53
significantly	-0.10	0.79
chuck	-0.10	0.60
voice	-0.10	0.66
smokers	-0.10	0.75
saved	-0.10	0.45
wrapped	-0.10	0.51
happen	-0.10	0.96
promise	-0.10	0.81
evolv	-0.10	0.45
ribbon	-0.10	0.53
rum	-0.10	0.55
3.7	-0.10	0.49
feet	-0.10	0.43
refuse	-0.10	0.66
pineapple	-0.10	0.62
educate	-0.10	0.71
magnetic	-0.10	0.58
locking	-0.10	0.69
units	-0.09	0.45
later	-0.09	0.50
ask	-0.09	1.02
see	-0.09	1.04
tech	-0.09	0.46
realized	-0.09	1.09
smallest	-0.09	0.60
i.e	-0.09	0.50
recipes	-0.09	0.51
obviously	-0.09	1.15
apples	-0.09	0.53
2-3	-0.09	0.49
correctly	-0.09	2.19
used	-0.09	0.50
flavours	-0.09	0.54
boat	-0.09	1.04
research	-0.09	0.60
ones	-0.09	0.49
cucumber	-0.09	0.55
b	-0.09	0.52
extreme	-0.09	0.51
agree	-0.09	2.13
start	-0.09	0.62
improvement	-0.08	0.58
fewer	-0.08	0.72
wrap	-0.08	0.51
directly	-0.08	0.51
lost	-0.08	0.67
finger	-0.08	0.95
taking	-0.08	0.66
puffing	-0.08	0.41
realize	-0.08	1.22
together	-0.08	0.81
mech	-0.08	0.47
buttons	-0.08	0.53
cloud	-0.08	0.53
inches	-0.08	0.43
k100	-0.08	0.98
campus	-0.08	0.48
hotel	-0.08	0.53
forever	-0.08	0.69
xtar	-0.08	0.45
cooler	-0.08	0.51
basically	-0.07	1.06
nemesis	-0.07	1.09
generally	-0.07	0.54
mechanical	-0.07	0.47
sub-ohm	-0.07	0.47
were	-0.07	1.05
greater	-0.07	0.55
license	-0.07	0.49
mark	-0.07	0.48
bucks	-0.07	0.42
depot	-0.07	0.45
narrow	-0.07	0.49
iirc	-0.07	0.67
went	-0.07	0.46
stole	-0.07	2.05
warning	-0.07	0.48
caps	-0.07	0.46
pins	-0.07	0.58
bat	-0.07	0.50
plating	-0.07	0.80
wild	-0.07	0.57
closing	-0.07	0.55
ensure	-0.07	0.70
talked	-0.07	1.84
faces	-0.07	0.46
accidentally	-0.07	0.57
grey	-0.07	0.55
listen	-0.07	0.68
bore	-0.07	0.50
subohming	-0.07	0.47
differences	-0.07	0.60
1.8ohm	-0.07	0.44
mostly	-0.07	0.52
afford	-0.06	0.82
liquids	-0.06	0.44
involved	-0.06	0.76
individually	-0.06	0.68
eleaf	-0.06	0.48
attempt	-0.06	0.51
when	-0.06	0.60
quad	-0.06	0.45
results	-0.06	0.50
mls	-0.06	0.42
1/8	-0.06	0.53
allowing	-0.06	0.47
maraxus	-0.06	1.12
local	-0.06	0.55
accessories	-0.06	0.43
legally	-0.06	0.50
hazelnut	-0.06	0.60
complex	-0.06	0.64
rbas	-0.06	0.44
supplies	-0.06	0.53
split	-0.06	0.49
external	-0.06	0.49
20w	-0.06	0.45
described	-0.06	0.61
difference	-0.06	0.61
upgraded	-0.05	0.39
bars	-0.05	0.37
vw	-0.05	0.46
pulling	-0.05	0.58
pointing	-0.05	1.09
approach	-0.05	0.61
now	-0.05	1.03
scratches	-0.05	0.81
device	-0.05	0.45
mod	-0.05	0.64
strand	-0.05	0.50
goes	-0.05	0.60
bvcs	-0.05	0.49
coil	-0.05	0.46
adjusting	-0.05	0.53
messing	-0.05	0.62
nichrome	-0.05	0.57
encourage	-0.05	0.47
proof	-0.05	0.62
holding	-0.05	0.72
asking	-0.05	1.10
nemi	-0.05	0.93
jumping	-0.05	0.56
plugged	-0.04	0.48
relax	-0.04	0.42
chuff	-0.04	0.59
mods	-0.04	0.45
subohm	-0.04	0.49
<SPECIAL>	-0.04	0.42
<URL>	-0.04	0.42
puts	-0.04	0.50
potato	-0.04	0.53
data	-0.04	0.64
possible	-0.04	0.77
couch	-0.04	0.50
trend	-0.04	0.45
force	-0.04	0.51
mechs	-0.04	0.45
watts	-0.04	0.43
reason	-0.04	1.07
figure	-0.04	1.13
magic	-0.04	0.55
workers	-0.04	0.53
west	-0.04	0.38
igo-w	-0.03	0.88
keeping	-0.03	0.64
adapter	-0.03	0.46
jump	-0.03	0.49
week	-0.03	0.48
opposite	-0.03	0.83
chicken	-0.03	0.69
plan	-0.03	0.73
tested	-0.03	0.49
transfer	-0.03	0.46
threads	-0.03	0.82
easily	-0.03	0.73
26650	-0.03	0.83
town	-0.03	0.50
28ga	-0.03	0.50
remembered	-0.03	0.88
storm	-0.03	0.44
28g	-0.03	0.50
stayed	-0.03	0.42
nemmy	-0.03	1.00
waited	-0.03	0.49
mad	-0.03	0.81
talk	-0.03	1.12
presence	-0.03	0.50
paps	-0.03	0.77
stock	-0.02	0.44
method	-0.02	0.57
colors	-0.02	0.54
moves	-0.02	0.55
soldering	-0.02	0.55
represent	-0.02	0.47
profile	-0.02	0.55
pomegranate	-0.02	0.62
caravela	-0.02	1.01
r/vaporents	-0.02	0.60
crazy	-0.02	0.64
fighting	-0.02	0.48
vtc5s	-0.02	0.45
igo-l	-0.02	0.84
tesla	-0.02	0.87
regulation	-0.02	0.45
drop	-0.02	0.51
plane	-0.02	0.41
wraps	-0.02	0.51
dual	-0.02	0.47
bit	-0.02	0.79
forcing	-0.02	0.62
heavily	-0.02	0.63
mechanicals	-0.02	0.45
sake	-0.01	0.55
j	-0.01	0.51
better	-0.01	1.54
authentics	-0.01	0.52
between	-0.01	0.49
getting	-0.01	0.90
ie	-0.01	0.47
past	-0.01	0.49
32g	-0.01	0.50
single	-0.01	0.47
30ga	-0.01	0.50
although	-0.01	1.09
trust	-0.01	0.82
throwing	-0.01	0.59
burst	-0.01	0.50
political	-0.01	0.51
dollars	-0.01	0.44
parallel	-0.01	0.48
cuts	-0.01	0.52
eliquid	-0.01	0.56
manufactured	-0.01	0.46
trident	-0.01	1.05
rsst	-0.01	0.65
duals	-0.01	0.47
logical	-0.01	0.86
changes	-0.01	0.63
monitor	-0.01	0.49
initial	-0.01	0.53
forget	-0.01	1.04
society	-0.01	0.45
theory	-0.01	1.12
main	-0.01	0.56
prepared	-0.01	0.76
wall	-0.00	0.48
moo	-0.00	0.51
per	-0.00	0.39
bacco	-0.00	0.64
scale	-0.00	0.54
dripped	-0.00	0.49
down	-0.00	0.58
1mm	-0.00	0.52
issues	-0.00	0.60
also	-0.00	1.16
guage	-0.00	0.52
reader	-0.00	0.46
dna40	-0.00	0.47
m16	0.00	1.02
sheet	0.00	0.48
gauge	0.00	0.52
bugs	0.00	0.56
micro	0.00	0.48
ability	0.00	0.51
twisted	0.00	0.49
26g	0.00	0.49
cents	0.00	0.42
30g	0.00	0.49
showing	0.00	0.86
rate	0.00	0.49
can	0.00	1.00
26ga	0.00	0.49
testing	0.00	0.55
gum	0.00	0.43
zone	0.01	0.42
kanthal	0.01	0.50
prior	0.01	0.53
primary	0.01	0.54
control	0.01	0.49
alternatives	0.01	0.48
pumpkin	0.01	0.55
states	0.01	0.54
intended	0.01	0.86
custards	0.01	0.60
levels	0.01	0.55
bombies	0.01	0.61
reminds	0.01	0.86
considered	0.01	0.56
educated	0.01	0.55
triple	0.01	0.47
debate	0.01	0.80
chip	0.01	0.47
allows	0.01	0.46
nicotine	0.01	0.55
test	0.01	0.47
separately	0.02	0.50
calm	0.02	0.50
net	0.02	0.56
higher	0.02	0.71
temco	0.02	0.45
government	0.02	0.46
cookie	0.02	0.54
slap	0.02	0.63
reduce	0.02	0.59
sentinel	0.02	0.99
northern	0.02	0.38
digital	0.02	0.47
morning	0.02	0.44
drippers	0.02	0.44
wasting	0.02	0.76
wattages	0.02	0.57
ohming	0.02	0.49
strawberries	0.02	0.59
ish	0.02	0.44
could	0.02	1.01
checker	0.02	0.46
bubblegum	0.02	0.53
advanced	0.02	0.49
igo	0.02	0.89
mixture	0.02	0.59
each	0.02	0.41
largest	0.02	0.66
95	0.02	0.48
cost	0.02	0.45
24g	0.02	0.49
effort	0.02	0.57
illegal	0.02	0.45
dripping	0.02	0.38
access	0.02	0.47
vtc5	0.02	0.45
controller	0.02	0.40
dropping	0.03	0.61
rather	0.03	0.74
meter	0.03	0.47
origin	0.03	0.86
below	0.03	0.47
recent	0.03	0.54
w	0.03	0.82
using	0.03	1.04
stealth	0.03	0.36
vtc4s	0.03	0.44
we	0.03	1.02
devices	0.03	0.46
gauges	0.03	0.50
stocking	0.03	0.53
diameter	0.03	0.56
ohio	0.03	0.43
build	0.03	0.44
according	0.03	1.05
bet	0.03	1.03
macro	0.03	0.47
sauce	0.03	0.49
e	0.03	0.50
fuckin	0.03	0.83
save	0.03	0.55
spent	0.03	0.46
deciding	0.03	0.64
who	0.04	1.64
adjust	0.04	0.52
out	0.04	0.81
idea	0.04	1.13
rebuildable	0.04	0.44
atty	0.04	0.82
25rs	0.04	0.45
volt	0.04	0.47
touched	0.04	0.51
multimeter	0.04	0.47
staying	0.04	0.59
marketed	0.04	0.50
distance	0.04	0.46
understood	0.04	1.11
sounded	0.04	0.71
joking	0.04	1.04
legal	0.04	0.50
roughly	0.04	0.41
initially	0.04	0.67
fiber	0.04	1.11
regulated	0.04	0.46
cycle	0.04	0.38
rebuilds	0.04	0.56
flight	0.04	0.38
float	0.05	0.52
googled	0.05	0.63
thickness	0.05	0.57
provides	0.05	0.64
starting	0.05	0.88
decrease	0.05	0.56
voltages	0.05	0.51
understandable	0.05	0.81
0.2	0.05	0.46
horror	0.05	0.75
creating	0.05	0.51
improved	0.05	0.58
till	0.05	0.61
dollar	0.05	0.44
efest	0.05	0.46
definition	0.05	0.96
spend	0.05	0.52
concrete	0.05	0.57
3-4	0.05	0.47
builds	0.05	0.47
added	0.05	0.71
fix	0.05	0.82
description	0.05	0.60
sony	0.05	0.45
looked	0.05	0.44
rebuildables	0.05	0.45
port	0.05	0.47
building	0.05	0.56
justify	0.05	0.52
regulating	0.05	0.45
bear	0.05	0.61
spinning	0.05	0.72
would	0.05	1.07
indoors	0.06	0.37
highly	0.06	0.71
density	0.06	0.66
reo	0.06	0.58
equipment	0.06	0.55
whatnot	0.06	0.45
usb	0.06	0.47
once	0.06	0.59
quick	0.06	0.74
1-2	0.06	0.46
mountain	0.06	0.49
gay	0.06	0.60
til	0.06	0.63
feature	0.06	0.45
stingray	0.06	0.94
theres	0.06	0.62
faith	0.06	0.65
rdas	0.06	0.45
resistances	0.06	0.49
fan	0.06	1.25
bulk	0.06	0.48
barrel	0.06	0.42
paint	0.06	0.76
5-10	0.06	0.47
regulate	0.06	0.47
youre	0.06	0.78
entirely	0.06	0.79
challenge	0.06	0.64
amount	0.06	0.54
refer	0.06	0.63
facility	0.06	0.40
suggesting	0.06	1.19
afaik	0.06	0.53
cops	0.06	0.61
able	0.06	0.89
camera	0.06	0.51
york	0.06	0.40
clone	0.06	0.95
explains	0.06	1.06
problems	0.07	0.58
plug	0.07	0.48
financial	0.07	0.49
nights	0.07	0.43
subject	0.07	0.67
saves	0.07	0.51
plate	0.07	0.48
aspects	0.07	0.61
brings	0.07	0.60
education	0.07	0.58
ml	0.07	0.38
lemonade	0.07	0.52
ages	0.07	0.42
smaller	0.07	0.89
tad	0.07	0.86
allow	0.07	0.42
beta	0.07	0.45
interests	0.07	0.51
rba	0.07	0.49
impressed	0.07	0.93
run	0.07	0.81
path	0.07	0.53
manual	0.07	0.55
willing	0.08	0.90
crank	0.08	0.45
stolen	0.08	0.61
mnke	0.08	0.46
activity	0.08	0.48
technical	0.08	0.86
surely	0.08	0.60
met	0.08	1.12
lower	0.08	0.68
newest	0.08	0.56
helios	0.08	0.97
vtc4	0.08	0.45
towards	0.08	0.55
spending	0.08	0.51
becomes	0.08	0.77
quantity	0.08	0.50
actively	0.08	0.50
manufacturers	0.08	0.44
pass	0.08	0.67
budget	0.08	0.49
rtas	0.08	0.45
clearly	0.08	1.02
25r	0.08	0.45
0.4	0.08	0.45
car	0.08	0.58
shipping	0.09	0.56
ry4	0.09	0.50
bubble	0.09	0.50
measure	0.09	0.47
public	0.09	0.39
areas	0.09	0.37
spool	0.09	0.46
interest	0.09	0.52
volts	0.09	0.48
everywhere	0.09	0.40
samsung	0.09	0.45
vtc	0.09	0.45
may	0.09	0.99
female	0.09	0.69
mile	0.09	0.42
0.3	0.09	0.45
electric	0.09	0.54
resistance	0.09	0.49
paid	0.09	0.46
rule	0.09	0.50
mega	0.09	0.73
alexander	0.10	0.54
butterscotch	0.10	0.52
ftfy	0.10	0.70
christ	0.10	0.76
judge	0.10	0.86
investment	0.10	0.50
bears	0.10	0.54
everytime	0.10	0.99
rely	0.10	0.55
thousands	0.10	0.46
vcv	0.10	0.53
measuring	0.10	0.47
2000	0.10	0.45
marked	0.10	0.40
showed	0.10	1.12
responsible	0.10	0.76
planning	0.10	0.74
complexity	0.10	0.51
money	0.10	0.49
street	0.10	0.41
there	0.10	0.94
hire	0.10	0.85
instance	0.10	0.66
0.6	0.10	0.45
fda	0.10	0.50
twice	0.10	0.54
safety	0.10	0.91
thought	0.10	0.96
lifetime	0.10	0.42
patch	0.11	0.42
glacier	0.11	0.53
status	0.11	0.69
ban	0.11	0.40
texas	0.11	0.39
lincoln	0.11	0.54
time	0.11	0.55
explaining	0.11	1.04
riding	0.11	0.50
phones	0.11	0.45
15w	0.11	0.43
vaporham	0.11	0.54
wake	0.11	0.53
chi	0.11	1.14
1ohm	0.11	0.41
dripper	0.11	0.62
3-5	0.11	0.47
dreams	0.11	0.58
machined	0.11	0.67
second	0.11	0.54
invest	0.11	0.66
affects	0.11	0.67
qc	0.11	0.62
wanted	0.11	0.89
am	0.11	0.86
dna20	0.11	0.45
opinion	0.11	0.85
protect	0.11	0.43
originally	0.11	1.07
includes	0.11	0.47
upgrade	0.11	0.59
atomic	0.11	0.96
preferences	0.11	0.55
ny	0.11	0.39
reasons	0.11	0.58
voltage/wattage	0.11	0.49
0.5	0.11	0.44
models	0.12	0.44
1.5ohm	0.12	0.43
relevant	0.12	0.84
shown	0.12	0.53
federal	0.12	0.44
stores	0.12	0.43
find	0.12	0.88
offense	0.12	1.22
11w	0.12	0.43
software	0.12	0.48
sense	0.12	0.94
or	0.12	0.74
saving	0.12	0.64
chasing	0.12	0.47
tangerine	0.12	0.53
tsa	0.12	0.51
michigan	0.12	0.42
ga	0.12	0.49
simpler	0.12	0.86
nowhere	0.12	0.72
bavarian	0.12	0.55
assumed	0.12	1.13
probably	0.12	1.02
dna30	0.12	0.44
height	0.12	0.54
charges	0.13	0.43
spearmint	0.13	0.50
luckily	0.13	0.68
sonys	0.13	0.46
indoor	0.13	0.39
velvet	0.13	0.55
ohm	0.13	0.45
cars	0.13	0.48
researching	0.13	0.56
priced	0.13	0.72
batch	0.13	0.42
suggest	0.13	0.71
george	0.13	0.53
1.8	0.13	0.45
allowed	0.13	0.38
pushing	0.13	0.52
10ml	0.13	0.44
curious	0.13	0.53
bug	0.13	0.53
student	0.13	0.50
stash	0.13	0.53
eventually	0.13	0.73
came	0.13	0.42
creamy	0.13	0.66
elaborate	0.13	1.01
file	0.14	0.48
focus	0.14	0.42
ar	0.14	0.88
scratch	0.14	0.56
topic	0.14	0.70
an	0.14	0.40
lets	0.14	0.81
intrigued	0.14	0.76
should	0.14	1.04
purely	0.14	0.54
extra	0.14	0.53
thankfully	0.14	0.45
course	0.14	1.13
standards	0.14	0.45
reporting	0.14	0.73
efficient	0.14	0.80
upgrading	0.14	0.76
vs	0.14	0.53
peaches	0.14	0.57
awhile	0.14	0.60
settings	0.14	0.50
california	0.14	0.38
energy	0.14	0.48
0.8	0.14	0.44
2.1	0.14	0.46
amps	0.14	0.55
plumes	0.14	0.49
juice	0.14	0.43
manner	0.14	0.56
suit	0.14	0.53
efests	0.14	0.46
stillaire	0.14	0.96
going	0.14	1.20
dna	0.15	0.44
relaxation	0.15	0.53
hoops	0.15	0.55
ate	0.15	0.49
central	0.15	0.38
pay	0.15	0.50
continue	0.15	0.74
primarily	0.15	0.44
hand	0.15	0.85
nj	0.15	0.40
born	0.15	0.53
boy	0.15	0.53
n	0.15	0.53
palmer	0.15	0.53
arnold	0.15	0.53
nearly	0.15	0.60
at	0.15	0.44
electricity	0.15	0.59
22mm	0.15	0.55
however	0.15	1.17
compare	0.15	0.62
stickers	0.15	0.60
will	0.15	0.91
yihi	0.15	0.44
suppose	0.15	1.00
yourself	0.15	0.93
game	0.15	0.82
ohms	0.15	0.45
county	0.15	0.37
still	0.15	1.08
handle	0.15	0.60
battle	0.15	0.65
dial	0.15	0.50
paying	0.15	0.49
becoming	0.16	0.69
usa	0.16	0.37
forced	0.16	0.66
nyc	0.16	0.42
2.2	0.16	0.46
extent	0.16	0.65
sells	0.16	0.57
tinkering	0.16	0.52
away	0.16	0.62
year	0.16	0.48
4-5	0.16	0.47
replying	0.16	1.31
authentic	0.16	0.57
patches	0.16	0.42
1.2	0.16	0.44
security	0.16	0.49
powerjuice	0.16	0.80
appears	0.16	0.65
discuss	0.16	0.71
melon	0.16	0.59
bike	0.16	0.48
stoked	0.16	0.93
lg	0.16	0.46
30a	0.16	0.47
shops	0.16	0.41
origen	0.16	0.81
exists	0.16	0.65
bringing	0.16	0.61
such	0.16	0.69
setups	0.16	0.53
stated	0.17	1.09
revenue	0.17	0.44
1.1	0.17	0.44
1.0	0.17	0.44
reads	0.17	0.47
bottles	0.17	0.41
whats	0.17	1.01
throughout	0.17	0.38
coast	0.17	0.39
hm	0.17	0.87
wtf	0.17	1.00
immediately	0.17	0.62
safely	0.17	0.51
thick	0.17	0.89
step	0.17	0.58
patriot	0.17	1.11
compete	0.17	0.47
supposedly	0.17	0.64
hancock	0.17	0.53
sherbie	0.17	0.53
banned	0.17	0.33
mailbox	0.18	0.50
huge	0.18	0.61
listening	0.18	0.52
lists	0.18	0.57
only	0.18	0.76
ft	0.18	0.65
become	0.18	0.72
bans	0.18	0.42
watt	0.18	0.42
operation	0.18	0.63
stillare	0.18	0.91
dream	0.18	0.52
legislation	0.18	0.49
vaporshark	0.18	0.40
paired	0.18	0.40
midnight	0.18	0.45
controlled	0.18	0.51
tax	0.18	0.43
pointed	0.18	0.92
vary	0.18	0.66
rda	0.18	0.86
solely	0.18	0.64
peoples	0.18	0.53
markup	0.18	0.46
east	0.18	0.36
conversation	0.19	0.74
restaurant	0.19	0.42
want	0.19	0.99
views	0.19	0.57
1.7	0.19	0.45
tools	0.19	0.74
widely	0.19	0.51
product	0.19	0.44
round	0.19	0.52
volume	0.19	0.51
30w	0.19	0.41
model	0.19	0.71
item	0.19	0.43
failed	0.19	0.43
liked	0.19	1.33
little	0.19	0.83
depending	0.19	0.61
south	0.19	0.35
rating	0.19	0.49
hexohm	0.19	0.44
engineering	0.19	0.73
million	0.19	0.43
remotely	0.19	0.74
lychee	0.20	0.62
hana	0.20	0.42
locally	0.20	0.52
profit	0.20	0.44
store	0.20	0.51
electronics	0.20	0.61
2	0.20	0.47
vapemail	0.20	0.57
waiting	0.20	0.65
sx350	0.20	0.45
faux	0.20	0.48
need	0.20	0.98
zna	0.20	0.43
35a	0.20	0.46
wondered	0.20	0.69
monster	0.20	0.43
perspective	0.20	0.64
depends	0.20	0.92
personally	0.20	0.98
spec	0.20	0.45
checked	0.20	0.53
source	0.20	0.55
strictly	0.20	0.56
intake	0.20	0.59
box	0.20	0.45
6v	0.20	0.46
u.s	0.20	0.39
way	0.20	1.08
nanner	0.21	0.56
rocket	0.21	0.47
particular	0.21	0.72
make	0.21	0.84
savings	0.21	0.47
hcigar	0.21	0.74
increased	0.21	0.55
matters	0.21	0.95
sooner	0.21	0.74
language	0.21	1.36
anybody	0.21	1.01
rated	0.21	0.48
legit	0.21	0.44
brands	0.21	0.40
60w	0.21	0.44
factors	0.21	0.55
dc	0.21	0.49
excited	0.21	0.99
rates	0.21	0.46
cooking	0.21	0.56
margin	0.21	0.46
powered	0.21	0.55
regards	0.21	0.51
laws	0.21	0.42
companies	0.21	0.41
adjusted	0.21	0.70
4nine	0.21	0.75
truck	0.22	0.52
wattage	0.22	0.50
opened	0.22	0.37
packages	0.22	0.44
ready	0.22	0.89
calculator	0.22	0.80
u/pndtip	0.22	0.62
issue	0.22	0.69
raise	0.22	0.48
15ml	0.22	0.45
complaint	0.22	0.67
income	0.22	0.45
range	0.22	0.46
quasar	0.22	0.83
foot	0.22	0.41
ipv2s	0.22	0.44
accepted	0.22	0.46
recommend	0.22	0.67
guava	0.22	0.54
400	0.22	0.47
chime	0.22	0.91
general	0.22	0.81
10-15	0.22	0.46
opinions	0.22	0.68
ran	0.22	0.52
population	0.22	0.45
discharge	0.22	0.48
shortcake	0.22	0.50
modified	0.22	0.72
additional	0.22	0.56
became	0.22	0.68
analogy	0.23	0.81
restrictions	0.23	0.43
mainly	0.23	0.37
evening	0.23	0.43
deliver	0.23	0.47
1.4	0.23	0.45
lake	0.23	0.37
setting	0.23	0.50
penny	0.23	0.75
graham	0.23	0.65
minimum	0.23	0.45
sex	0.23	0.66
electrical	0.23	0.59
20a	0.23	0.46
really	0.23	1.01
cartel	0.23	0.76
amp	0.23	0.45
driving	0.23	0.52
wasnt	0.23	0.84
convenient	0.23	1.11
load	0.23	0.54
hawk	0.23	0.47
ships	0.23	0.56
hanging	0.23	0.51
seeing	0.23	0.93
overseas	0.23	0.39
putting	0.23	0.72
turtle	0.23	0.90
gun	0.23	0.50
makers	0.23	0.44
daddy	0.23	0.45
consider	0.23	0.75
themselves	0.23	0.63
berries	0.23	0.61
bowl	0.23	0.48
taxes	0.23	0.43
weekends	0.23	0.41
route	0.23	0.72
cloudy	0.23	0.61
place	0.23	0.72
lmao	0.23	0.88
grabbed	0.23	0.55
patient	0.23	0.57
regarding	0.23	0.60
bus	0.23	0.64
aim	0.23	0.44
ultimate	0.23	0.52
independent	0.24	0.49
closer	0.24	0.57
fence	0.24	0.76
florida	0.24	0.38
made	0.24	0.58
usps	0.24	0.44
modz	0.24	0.42
market	0.24	0.43
country	0.24	0.42
advise	0.24	0.68
50w	0.24	0.44
zenith	0.24	0.79
requires	0.24	0.69
longest	0.24	0.55
30ml	0.24	0.43
3ml	0.24	0.43
places	0.24	0.37
applies	0.24	0.78
whatever	0.24	1.05
capacity	0.24	0.53
plans	0.24	0.58
happened	0.24	0.75
picking	0.24	0.77
conductivity	0.24	0.69
he2	0.24	0.47
3d	0.24	0.55
insurance	0.24	0.44
placing	0.24	0.63
capable	0.24	0.48
large	0.24	0.72
moving	0.24	0.60
state	0.24	0.38
girls	0.24	0.92
thug	0.25	0.46
f	0.25	0.64
handled	0.25	0.56
wait	0.25	0.62
europe	0.25	0.39
upgrades	0.25	0.56
pulse	0.25	0.48
rdna	0.25	0.43
steel	0.25	0.84
mentioning	0.25	0.98
mail	0.25	0.51
downside	0.25	0.69
latest	0.25	0.47
ride	0.25	0.46
arrive	0.25	0.47
delivery	0.25	0.45
dilute	0.25	0.57
living	0.25	0.41
zero	0.25	0.40
freckled	0.25	0.47
import	0.25	0.37
first	0.25	0.52
lived	0.25	0.39
struggle	0.25	0.52
live	0.25	0.39
nut	0.25	0.53
police	0.25	0.56
1.3	0.25	0.44
package	0.25	0.46
customs	0.25	0.41
back	0.25	0.59
minors	0.25	0.44
speak	0.25	1.02
extras	0.25	0.54
etc	0.25	0.40
boost	0.26	0.55
mbv	0.26	0.47
sigelei	0.26	0.42
property	0.26	0.47
problem	0.26	0.74
equivalent	0.26	0.60
add	0.26	0.65
delight	0.26	0.50
bullet	0.26	0.42
okr	0.26	0.45
teach	0.26	0.86
nobody	0.26	1.46
regulations	0.26	0.43
needed	0.26	0.88
returned	0.26	0.56
marketing	0.26	0.51
maintain	0.26	0.52
hammond	0.26	0.49
before	0.26	0.58
tropical	0.26	0.57
north	0.26	0.40
continuous	0.26	0.47
raptor	0.26	0.44
ship	0.26	0.39
knowledge	0.26	0.78
boston	0.26	0.53
juices	0.26	0.41
further	0.26	0.64
ranger	0.26	0.42
referring	0.26	1.72
hobby	0.26	0.42
proposed	0.26	0.48
usage	0.26	0.45
styles	0.27	0.42
sizes	0.27	0.48
long	0.27	0.43
doctor	0.27	1.19
balance	0.27	0.70
ipv	0.27	0.42
conductive	0.27	0.79
mephisto	0.27	0.75
specs	0.27	0.46
improve	0.27	0.55
australia	0.27	0.39
actual	0.27	0.61
properly	0.27	0.80
brick	0.27	0.50
baby	0.27	0.84
train	0.27	0.43
paycheck	0.27	0.57
cana	0.27	0.42
purposes	0.27	0.51
always	0.27	1.00
mentioned	0.27	0.72
rise	0.27	0.47
ad	0.27	0.58
sample	0.27	0.49
buck	0.27	0.53
informed	0.27	0.58
preference	0.27	0.59
handed	0.27	1.24
comparing	0.27	0.44
trial	0.27	0.65
id	0.27	0.78
depend	0.27	0.75
increase	0.27	0.57
version	0.28	0.44
ipv2	0.28	0.42
growing	0.28	0.45
canada	0.28	0.41
limit	0.28	0.48
d	0.28	1.00
industry	0.28	0.44
alot	0.28	0.53
patience	0.28	0.58
near	0.28	0.46
requirements	0.28	0.49
thousand	0.28	0.43
bring	0.28	0.62
suppliers	0.28	0.44
ur	0.28	0.77
four	0.28	0.44
experiences	0.28	0.55
kayfuns	0.28	0.47
gone	0.28	0.43
drive	0.28	0.48
reduced	0.28	0.58
v1	0.28	0.73
sig	0.28	0.43
120w	0.28	0.44
bottle	0.28	0.39
actions	0.28	0.62
race	0.28	0.46
over	0.28	0.52
grabbing	0.28	0.67
32	0.28	0.48
newer	0.28	0.44
magma	0.28	0.75
eu	0.28	0.37
located	0.28	0.37
pa	0.28	0.55
passing	0.28	0.58
150w	0.29	0.43
practice	0.29	0.71
hearing	0.29	0.64
countries	0.29	0.38
computer	0.29	0.50
despite	0.29	0.55
enough	0.29	0.83
aspect	0.29	0.47
bought	0.29	0.46
goal	0.29	0.56
things	0.29	0.61
100w	0.29	0.42
responsibility	0.29	0.72
massive	0.29	0.59
vulcan	0.29	0.73
blend	0.29	0.63
linked	0.29	0.81
vapejoose	0.29	0.50
require	0.29	0.72
cloupor	0.29	0.41
plumeveil	0.29	0.73
wanting	0.29	0.80
ipv3	0.29	0.42
monday	0.29	0.46
users	0.29	0.54
shooting	0.29	0.61
bam	0.29	0.45
bean	0.29	0.60
minority	0.29	0.51
carries	0.29	0.47
technology	0.29	0.45
clt	0.29	0.73
land	0.29	0.47
gwar	0.29	0.44
180	0.30	0.44
existed	0.30	0.72
sending	0.30	0.86
scotch	0.30	0.50
theyre	0.30	0.72
chicago	0.30	0.38
terribly	0.30	0.84
120ml	0.30	0.51
available	0.30	0.54
children	0.30	0.70
receiving	0.30	0.61
afternoon	0.30	0.41
mixes	0.30	0.56
v	0.30	0.55
delivered	0.30	0.46
track	0.30	0.54
mortar	0.30	0.49
relationship	0.30	0.74
stepping	0.30	0.49
already	0.30	0.82
lacking	0.30	0.76
move	0.30	0.59
horse	0.30	0.66
hundred	0.30	0.43
buyer	0.30	0.66
buy	0.30	0.72
area	0.30	0.36
built	0.30	0.61
fuhattan	0.30	0.69
exclusively	0.31	0.47
infinite	0.31	0.67
policy	0.31	0.42
newbies	0.31	0.50
listing	0.31	0.50
tuesday	0.31	0.47
tugboat	0.31	0.76
supply	0.31	0.44
discovered	0.31	0.43
gp	0.31	0.78
versions	0.31	0.43
practically	0.31	0.60
suggested	0.31	0.89
certain	0.31	0.51
cash	0.31	0.45
experience	0.31	0.61
power	0.31	0.55
airport	0.31	0.38
5ml	0.31	0.43
manufacturer	0.31	0.43
200	0.31	0.45
ultimately	0.31	0.62
reading	0.31	0.58
l	0.31	0.55
dew	0.31	0.46
arrived	0.31	0.43
limits	0.31	0.48
separate	0.31	0.45
limitations	0.31	0.48
san	0.31	0.38
tracking	0.32	0.45
consensus	0.32	0.67
apologize	0.32	1.55
label	0.32	0.51
learn	0.32	0.92
danish	0.32	0.56
class	0.32	0.65
300	0.32	0.47
followed	0.32	0.56
veil	0.32	0.72
orders	0.32	0.44
t8	0.32	0.41
achieve	0.32	0.54
ways	0.32	0.58
plume	0.32	0.72
kiwi	0.32	0.62
today	0.32	0.50
two	0.32	0.45
relative	0.32	0.56
shipment	0.32	0.46
thing	0.32	0.94
stealing	0.32	0.65
life	0.32	0.50
lot	0.32	0.54
smile	0.32	0.86
26	0.32	0.48
tobh	0.32	1.01
torn	0.32	0.67
3.5	0.32	0.49
thursday	0.32	0.46
nana	0.32	0.67
jealous	0.32	1.59
blind	0.33	0.59
weather	0.33	0.47
practical	0.33	0.69
fitting	0.33	0.71
subtank	0.33	0.45
play	0.33	0.58
designed	0.33	0.81
three	0.33	0.45
wednesday	0.33	0.50
finally	0.33	0.56
category	0.33	0.46
above	0.33	0.44
elsewhere	0.33	0.58
troll	0.33	0.76
1000	0.33	0.50
visited	0.33	0.35
via	0.33	0.51
rabbit	0.33	0.46
didnt	0.33	1.01
28	0.34	0.48
100	0.34	0.44
consistently	0.34	0.74
buying	0.34	0.78
decisions	0.34	0.66
saw	0.34	0.68
acceptable	0.34	0.51
terms	0.34	0.66
hundreds	0.34	0.46
helped	0.34	0.48
looking	0.34	1.03
record	0.34	0.56
demand	0.34	0.49
shipped	0.34	0.41
aluminum	0.34	0.88
running	0.34	0.33
personal	0.34	0.69
profiles	0.34	0.49
seem	0.34	0.87
2.4	0.34	0.46
environment	0.34	0.51
trying	0.34	0.91
brass	0.34	0.68
defend	0.34	0.53
performing	0.34	1.34
mutation	0.34	0.71
duke	0.35	0.39
rainbow	0.35	0.53
veritas	0.35	0.71
nevermind	0.35	1.36
ups	0.35	0.45
fair	0.35	0.79
adult	0.35	0.72
engineer	0.35	0.52
rolls	0.35	0.39
adults	0.35	0.61
home	0.35	0.47
1.6	0.35	0.45
crowd	0.35	0.58
planned	0.35	0.65
searched	0.35	0.52
bills	0.35	0.45
flying	0.35	0.55
mt	0.35	0.45
stepped	0.35	0.59
kfl	0.35	0.56
fasttech	0.35	0.85
gain	0.35	0.50
copper	0.35	0.70
show	0.35	0.51
priority	0.35	0.44
few	0.35	0.45
law	0.35	0.79
application	0.35	0.47
illumination	0.35	0.43
purchasing	0.35	0.65
resources	0.35	0.57
cop	0.35	1.02
confirmed	0.36	0.57
pc	0.36	0.51
target	0.36	0.48
3.1	0.36	0.60
purchase	0.36	0.60
any	0.36	0.60
majority	0.36	0.46
effective	0.36	0.82
final	0.36	0.45
hobo	0.36	0.70
direct	0.36	0.48
couple	0.36	0.45
lives	0.36	0.84
view	0.36	0.63
limeade	0.36	0.52
trade	0.36	0.70
duh	0.36	0.79
increasing	0.36	0.57
traffic	0.36	0.44
newbie	0.36	0.55
confusion	0.36	1.42
butter	0.37	0.52
men	0.37	0.67
heavy	0.37	1.44
nano	0.37	0.49
include	0.37	0.55
experimenting	0.37	0.52
close	0.37	0.73
himself	0.37	1.05
ourselves	0.37	0.56
individual	0.37	0.55
go	0.37	0.87
genesis	0.37	0.37
reach	0.37	0.52
arrives	0.37	0.52
st	0.37	0.34
lady	0.37	1.50
scene	0.37	0.42
decide	0.37	0.86
contacting	0.37	0.66
applied	0.37	0.50
beach	0.38	0.42
beginners	0.38	0.46
dedicated	0.38	0.51
avail	0.38	0.39
googling	0.38	0.57
purpose	0.38	0.71
tv	0.38	0.35
consumer	0.38	0.50
one	0.38	0.89
finished	0.38	0.38
90	0.38	0.44
advertised	0.38	0.51
myself	0.38	0.79
sounding	0.38	0.54
somewhat	0.38	0.82
coming	0.38	0.69
delay	0.38	0.61
accurate	0.38	0.57
matching	0.38	0.55
manhattan	0.38	0.63
blends	0.38	0.51
pie	0.38	0.55
packaging	0.38	0.44
hardware	0.38	0.54
taken	0.38	0.52
fixing	0.39	1.05
buttery	0.39	0.62
voltage	0.39	0.56
classes	0.39	0.77
owned	0.39	0.41
c	0.39	0.63
assumption	0.39	1.83
baker	0.39	0.43
r	0.39	0.53
existing	0.39	0.47
rta	0.39	0.49
secure	0.39	0.68
gambit	0.39	0.42
types	0.39	0.42
official	0.39	0.54
anyone	0.39	1.06
examples	0.39	0.59
release	0.39	0.49
particularly	0.39	0.86
learning	0.39	0.66
releasing	0.39	0.50
lite	0.39	0.56
va	0.39	0.45
im	0.39	0.92
variables	0.39	0.53
increases	0.40	0.63
er	0.40	0.58
gon	0.40	0.92
created	0.40	0.57
experiment	0.40	0.48
150	0.40	0.42
technique	0.40	0.58
question	0.40	0.97
steps	0.40	0.52
gaming	0.40	0.35
eyes	0.40	0.51
250	0.40	0.44
granted	0.40	0.71
lowering	0.40	0.57
update	0.40	0.47
20-30	0.40	0.45
smooth	0.40	1.46
counts	0.40	0.76
cart	0.40	0.54
attempts	0.40	0.38
preorder	0.40	0.41
wording	0.40	1.38
found	0.40	0.50
introduced	0.40	1.54
user	0.40	0.65
concentration	0.40	0.52
preferably	0.40	0.49
shop	0.41	0.41
fees	0.41	0.45
metal	0.41	0.78
x	0.41	0.68
estimate	0.41	0.68
professional	0.41	0.48
yesterday	0.41	0.46
replied	0.41	0.89
2.5	0.41	0.47
thumb	0.41	0.84
southern	0.41	0.34
pegasus	0.41	0.62
listed	0.41	0.56
pre-order	0.41	0.41
equal	0.41	0.58
rotate	0.41	0.37
groups	0.41	0.54
tea	0.41	0.51
wholesale	0.41	0.42
got	0.41	0.38
p	0.41	0.57
dozens	0.41	0.45
creme	0.42	0.55
output	0.42	0.58
emails	0.42	0.84
locations	0.42	0.35
culture	0.42	0.51
tinker	0.42	0.54
shark	0.42	0.65
responded	0.42	0.88
ms	0.42	0.47
1.5	0.42	0.46
heading	0.42	0.55
doc	0.42	0.93
order	0.42	0.48
internet	0.42	0.58
tons	0.42	0.50
differently	0.42	0.78
might	0.42	0.95
jelly	0.42	0.75
75	0.42	0.44
supplier	0.42	0.43
taught	0.42	0.94
location	0.42	0.38
nicer	0.42	1.02
complaints	0.42	0.61
stainless	0.42	0.82
engraving	0.43	0.70
alice	0.43	0.35
detail	0.43	0.67
85	0.43	0.44
kicking	0.43	0.83
virtually	0.43	0.44
contacted	0.43	0.81
lil	0.43	0.66
kayfun	0.43	0.54
measured	0.43	0.56
upon	0.43	0.54
warehouse	0.43	0.42
dragons	0.43	0.61
inventory	0.43	0.44
visit	0.43	0.38
varying	0.43	0.47
especially	0.43	0.76
included	0.44	0.51
guns	0.44	0.36
operating	0.44	0.53
own	0.44	0.52
earlier	0.44	0.81
frequent	0.44	0.46
grandmaster	0.44	0.40
addition	0.44	0.48
too	0.44	0.85
110	0.44	0.42
ai	0.44	0.71
different	0.44	0.46
suited	0.44	0.62
premium	0.44	0.38
contribute	0.44	0.72
since	0.44	0.46
bill	0.44	0.51
department	0.44	0.43
operate	0.44	0.54
5v	0.44	0.54
lunch	0.44	0.49
died	0.45	1.03
underage	0.45	0.72
grab	0.45	0.59
consumers	0.45	0.49
maybe	0.45	0.93
everyday	0.45	0.34
saturday	0.45	0.43
lightning	0.45	0.41
pnd	0.45	0.65
list	0.45	0.47
wa	0.45	0.37
91	0.45	0.57
among	0.45	0.43
shine	0.45	0.49
error	0.45	1.77
respect	0.45	0.49
hell	0.45	0.86
figured	0.45	0.97
spoke	0.45	0.98
equation	0.45	0.69
ebay	0.45	0.65
jango	0.45	0.51
maker	0.45	0.81
beginning	0.45	0.49
la	0.45	0.42
based	0.45	0.69
aqua	0.45	0.54
ehpro	0.46	0.56
relaxing	0.46	0.37
basis	0.46	0.57
extremely	0.46	0.87
tall	0.46	0.71
mid	0.46	0.44
technically	0.46	1.70
tag	0.46	0.50
restaurants	0.46	0.34
size	0.46	0.75
russian	0.46	0.54
released	0.46	0.44
austin	0.46	0.36
both	0.46	0.51
rat	0.46	0.54
albeit	0.46	0.77
drawing	0.46	0.93
gladly	0.46	0.67
fee	0.46	0.44
courtesy	0.46	0.51
several	0.46	0.45
remain	0.46	0.62
engine	0.46	0.57
tomorrow	0.46	0.60
polite	0.46	0.57
checks	0.46	0.63
handful	0.46	0.46
numbers	0.46	0.65
fit	0.46	0.67
basics	0.46	0.84
square	0.46	0.73
continues	0.47	0.70
v2	0.47	0.58
drives	0.47	1.07
dozen	0.47	0.45
tonight	0.47	0.57
plus	0.47	0.46
vapers	0.47	0.55
vapeland	0.47	0.37
percent	0.47	0.48
lemo	0.47	0.53
blackberry	0.47	0.59
updated	0.47	0.61
exceed	0.47	0.55
payday	0.47	0.61
countless	0.47	0.43
ordered	0.47	0.37
child	0.47	0.81
ratings	0.47	0.55
hook	0.47	0.57
various	0.47	0.44
received	0.48	0.52
plenty	0.48	0.48
grammar	0.48	1.82
finish	0.48	0.75
ordering	0.48	0.79
come	0.48	0.73
generation	0.48	0.53
blue	0.48	0.52
next	0.48	0.67
mount	0.48	0.41
low	0.48	0.52
movement	0.48	0.42
war	0.48	0.44
ecto	0.48	0.47
online	0.48	0.40
65	0.48	0.43
funds	0.48	0.40
mines	0.48	0.60
quote	0.48	0.73
mine	0.48	0.52
processing	0.48	0.48
multiple	0.49	0.45
rose	0.49	0.49
answered	0.49	0.87
recommending	0.49	0.80
updates	0.49	0.50
captain	0.49	0.43
retail	0.49	0.40
bank	0.49	0.43
title	0.49	1.19
meets	0.49	0.48
tricks	0.49	0.46
fond	0.49	0.52
ahead	0.49	0.78
serial	0.50	0.49
following	0.50	0.63
em	0.50	0.79
older	0.50	0.90
context	0.50	1.31
10a	0.50	0.55
calculate	0.50	0.68
octopus	0.50	0.46
as	0.50	0.95
anytime	0.50	0.72
current	0.50	0.51
determine	0.50	0.80
parent	0.50	0.86
incredibly	0.51	0.90
numerous	0.51	0.44
winter	0.51	0.46
six	0.51	0.45
hes	0.51	0.78
along	0.51	0.58
3	0.51	0.49
polished	0.51	0.68
definitely	0.51	0.94
labels	0.51	0.47
yours	0.51	1.00
amperage	0.51	0.55
fwiw	0.51	0.50
respond	0.51	0.79
chart	0.51	0.53
learned	0.51	0.75
android	0.51	0.55
them	0.51	0.77
lots	0.51	0.49
appeal	0.51	0.53
sorts	0.51	0.47
powerful	0.51	1.10
including	0.51	0.33
freebie	0.51	0.47
ton	0.51	0.48
receive	0.51	0.55
frost	0.52	0.51
billow	0.52	0.50
axiom	0.52	0.43
bump	0.52	0.56
emailed	0.52	0.84
word	0.52	0.86
wan	0.52	0.82
people	0.52	0.87
discussion	0.52	0.68
castle	0.52	0.42
venture	0.52	0.54
meth	0.52	0.53
function	0.52	0.56
isnt	0.52	0.75
common	0.52	1.43
german	0.52	0.67
special	0.52	0.54
80	0.52	0.43
successfully	0.52	0.45
dependent	0.52	0.68
women	0.52	0.71
island	0.52	0.47
read	0.52	0.67
had	0.52	0.49
shoot	0.53	0.71
answering	0.53	0.95
trip	0.53	0.41
minus	0.53	0.54
checking	0.53	0.59
whit	0.53	0.46
making	0.53	0.77
trusted	0.53	0.43
original	0.53	0.49
ugly	0.53	0.84
varies	0.53	0.66
vooping	0.53	0.53
girl	0.53	1.15
give	0.53	0.72
holds	0.53	0.56
breeze	0.54	0.47
figuring	0.54	0.87
peace	0.54	0.54
50	0.54	0.43
clicked	0.54	0.85
option	0.54	0.70
friday	0.54	0.46
iphone	0.54	0.72
60	0.54	0.43
points	0.54	0.65
new	0.54	0.70
sarcasm	0.54	1.34
duty	0.54	0.43
mix	0.55	0.57
na	0.55	0.88
provided	0.55	0.62
goddamn	0.55	0.72
grizzly	0.55	0.43
chrome	0.55	0.58
kinds	0.55	0.46
responding	0.55	1.05
signature	0.55	0.41
hat	0.55	0.54
op	0.55	1.18
peppermint	0.55	0.51
park	0.55	0.31
basic	0.55	0.71
businesses	0.55	0.40
purchased	0.55	0.35
english	0.55	1.68
those	0.55	0.50
passion	0.55	0.46
reviewing	0.55	0.72
vanilla	0.56	0.62
steal	0.56	0.53
referred	0.56	0.66
pound	0.56	0.48
elev8vape	0.56	0.41
plated	0.56	0.77
cons	0.56	0.59
happily	0.56	0.66
dealt	0.56	0.42
seems	0.56	0.90
searching	0.56	0.62
ll	0.56	0.88
automatically	0.56	0.60
48	0.56	0.46
international	0.56	0.46
decision	0.56	0.63
previously	0.56	0.60
compared	0.56	0.75
methods	0.56	0.34
blog	0.57	0.64
old	0.57	1.01
pink	0.57	0.51
hurry	0.57	0.92
paypal	0.57	0.43
uk	0.57	0.33
phone	0.57	0.70
others	0.57	0.80
another	0.57	0.78
price	0.57	0.48
weight	0.57	0.67
beers	0.57	0.41
hmm	0.57	0.83
send	0.57	0.71
expectations	0.57	0.43
awaiting	0.57	0.43
printed	0.58	0.53
google	0.58	0.53
rules	0.58	0.54
specific	0.58	0.83
finding	0.58	0.74
cappuccino	0.58	0.58
work	0.58	0.88
boom	0.58	0.77
reviewed	0.58	0.61
poorly	0.58	0.85
5-6	0.58	0.49
wish	0.58	0.90
many	0.58	0.47
elev8	0.58	0.37
ease	0.58	0.57
these	0.58	0.47
group	0.58	0.63
month	0.58	0.44
sampler	0.59	0.41
percentage	0.59	0.44
some	0.59	0.63
apologies	0.59	1.46
advantage	0.59	0.56
follow	0.59	0.53
1	0.59	0.49
instructions	0.59	0.56
worth	0.59	0.65
been	0.59	0.62
required	0.59	0.79
very	0.59	0.90
requested	0.59	0.55
dojo	0.59	0.49
world	0.59	0.58
age	0.59	0.69
seattle	0.59	0.63
confirm	0.60	0.72
2013	0.60	0.38
subscribed	0.60	0.49
peanut	0.60	0.52
taifun	0.60	0.52
pandacoins	0.60	0.88
40	0.60	0.43
cc	0.60	0.44
collection	0.60	0.44
lounge	0.60	0.45
meeting	0.60	0.56
serve	0.60	0.48
double	0.60	0.52
totally	0.60	0.90
kids	0.60	0.69
alpha	0.60	0.40
character	0.60	0.43
genny	0.61	0.57
laid	0.61	0.37
private	0.61	0.40
toys	0.61	0.43
set-up	0.61	0.71
bite	0.61	0.49
squape	0.61	0.53
ol	0.61	0.67
other	0.61	0.45
app	0.61	0.54
debating	0.61	0.61
performance	0.61	0.63
sentence	0.61	1.42
development	0.61	0.43
playing	0.61	0.53
chose	0.61	0.59
gold	0.61	0.75
steammonkey	0.61	0.38
10	0.61	0.46
giving	0.61	0.68
confirmation	0.61	0.60
variety	0.61	0.44
five	0.61	0.41
retailers	0.62	0.44
history	0.62	0.48
shots	0.62	0.50
edition	0.62	0.51
meet	0.62	0.50
guaranteed	0.62	0.49
options	0.62	0.48
kicks	0.62	0.48
silver	0.62	0.77
person	0.62	1.18
permanent	0.62	0.57
search	0.62	0.54
refund	0.62	0.49
chocolate	0.63	0.59
casaa	0.63	0.52
clarify	0.63	1.75
manager	0.63	1.13
quite	0.63	0.88
swing	0.63	0.70
innovation	0.63	0.46
fight	0.63	0.35
us	0.63	0.54
23	0.63	0.47
email	0.63	0.70
logos	0.63	0.48
vape	0.63	0.58
forward	0.63	0.78
oak	0.63	0.43
sent	0.63	0.71
reasonable	0.63	0.60
aspire	0.64	0.55
120	0.64	0.35
trick	0.64	0.43
features	0.64	0.57
fairly	0.64	0.86
information	0.64	0.67
questions	0.64	0.76
vapor	0.64	0.42
deadly	0.64	0.39
lord	0.64	0.64
soon	0.64	0.76
gave	0.64	1.57
wrote	0.64	1.20
sorted	0.64	0.65
passed	0.64	0.65
convention	0.64	0.57
posted	0.64	0.57
return	0.64	0.48
guess	0.65	1.02
gods	0.65	0.64
devil	0.65	0.51
de	0.65	0.45
flair	0.65	0.62
madvapes	0.65	0.58
print	0.65	0.50
reputable	0.65	0.44
importantly	0.65	0.69
determined	0.65	0.75
orchid	0.65	0.56
vaped	0.65	0.43
toy	0.65	0.50
provide	0.65	0.49
payment	0.65	0.43
moon	0.66	0.46
da	0.66	0.73
though	0.66	1.01
names	0.66	0.43
by	0.66	0.46
purchases	0.66	0.46
hear	0.66	0.88
unflavored	0.66	0.56
damnit	0.66	0.81
never	0.66	0.57
cup	0.66	0.49
photo	0.66	0.58
deal	0.66	0.86
70	0.67	0.45
term	0.67	1.51
value	0.67	0.51
advertise	0.67	0.71
web	0.67	0.46
nc	0.67	0.51
woman	0.67	1.35
factor	0.67	0.75
ice	0.67	0.46
name	0.67	0.56
company	0.67	0.49
games	0.68	0.38
rights	0.68	0.43
apparently	0.68	1.11
golden	0.68	0.57
picture	0.68	0.65
shell	0.68	0.48
45	0.68	0.45
maximum	0.68	0.53
1:1	0.68	0.43
websites	0.68	0.46
doge	0.68	0.57
young	0.68	0.73
bummer	0.68	0.97
lasting	0.68	0.83
tutorials	0.68	0.56
g	0.68	0.62
asap	0.68	0.74
freeze	0.68	0.47
anyway	0.69	0.96
stable	0.69	0.78
polar	0.69	0.47
pawns	0.69	0.38
55	0.69	0.44
comfortable	0.69	1.31
closest	0.69	1.41
descriptions	0.69	0.55
recommended	0.69	0.52
limited	0.69	0.51
pic	0.69	0.59
hawaiian	0.69	0.53
meaning	0.69	1.56
colorado	0.69	0.39
check	0.69	0.57
cake	0.69	0.50
heard	0.69	0.50
quitting	0.69	0.67
lowest	0.70	0.56
turkey	0.70	0.51
recently	0.70	0.55
dense	0.70	1.36
lines	0.70	0.32
identical	0.70	0.51
placed	0.70	0.42
period	0.70	0.64
written	0.70	0.97
steam	0.70	0.34
laser	0.70	0.57
db	0.70	0.37
r/diy_ejuice	0.70	0.57
channel	0.70	0.55
browsing	0.70	0.53
useful	0.70	0.73
clever	0.70	0.69
havent	0.71	0.47
bourbon	0.71	0.46
keyboard	0.71	1.12
level	0.71	0.50
customize	0.71	0.48
french	0.71	0.55
accept	0.71	0.49
bitcoin	0.71	0.49
edited	0.71	1.54
super	0.71	0.91
insanely	0.71	0.84
sorry	0.71	1.29
retailer	0.71	0.46
answer	0.71	0.82
post	0.71	0.69
perform	0.71	0.78
mellow	0.71	0.62
request	0.71	0.61
me	0.71	1.19
none	0.71	0.39
army	0.71	0.70
pics	0.71	0.61
reserve	0.72	0.39
oops	0.72	1.35
equally	0.72	0.68
image	0.72	0.64
juicy	0.72	0.51
relatively	0.72	0.88
fixed	0.72	1.71
samples	0.72	0.51
link	0.72	0.60
depth	0.72	0.54
photos	0.72	0.58
yet	0.72	0.63
america	0.72	0.58
key	0.72	0.50
offered	0.72	0.57
y	0.72	0.51
typo	0.72	1.80
menu	0.73	0.55
military	0.73	0.48
done	0.73	0.63
secret	0.73	0.49
35	0.73	0.42
tobeco	0.73	0.64
sometime	0.73	0.71
spelling	0.73	1.83
pictures	0.73	0.62
converted	0.74	1.41
employee	0.74	0.85
ridiculously	0.74	0.84
moderator	0.74	0.57
judging	0.74	0.77
she	0.74	1.71
imgur	0.74	0.62
someone	0.74	1.25
owners	0.74	0.44
king	0.74	0.42
functionality	0.75	0.60
ill	0.75	0.83
brought	0.75	1.23
necessary	0.75	1.39
affordable	0.75	0.84
cancel	0.75	0.46
message	0.75	0.74
images	0.75	0.59
its	0.75	0.86
here	0.75	0.60
k	0.75	0.64
links	0.75	0.59
downvoting	0.75	0.78
pages	0.75	0.54
beginner	0.75	0.62
cereal	0.75	0.55
comparable	0.75	0.62
100ml	0.75	0.42
john	0.75	0.36
creative	0.75	0.55
lesson	0.75	0.98
mg/ml	0.75	0.51
pear	0.75	0.52
overall	0.75	0.71
advertising	0.75	0.66
r/ecigclassifieds	0.75	0.61
writing	0.75	1.15
20	0.76	0.45
canadian	0.76	0.33
form	0.76	0.66
ratios	0.76	0.49
virgin	0.76	0.43
popular	0.76	0.32
pleased	0.76	1.01
address	0.76	0.57
honest	0.76	0.86
card	0.76	0.40
your	0.76	1.19
rain	0.76	0.53
comparison	0.77	0.52
tutorial	0.77	0.56
vapewild	0.77	0.46
reputation	0.77	0.50
book	0.77	0.72
forgot	0.77	1.14
convinced	0.77	1.44
zen	0.77	0.73
4	0.77	0.48
voted	0.77	0.74
browse	0.77	0.55
portable	0.77	0.95
watching	0.77	0.43
album	0.77	0.57
content	0.77	0.55
30	0.77	0.44
website	0.78	0.52
busy	0.78	0.97
5	0.78	0.48
exchange	0.78	0.42
poster	0.78	0.83
consistent	0.78	0.71
parents	0.78	1.20
edit	0.78	1.77
gf	0.78	1.70
drawn	0.78	0.66
15	0.78	0.45
def	0.78	0.78
watch	0.78	0.53
downvoted	0.79	0.80
sidebar	0.79	0.56
vendors	0.79	0.46
owner	0.79	0.85
rep	0.79	0.62
aesthetics	0.79	0.60
kid	0.79	1.19
review	0.79	0.59
promote	0.79	0.65
our	0.79	0.37
vegas	0.79	0.35
charm	0.79	0.41
omega	0.79	0.85
irish	0.79	0.58
desired	0.79	0.64
easy	0.80	1.33
lime	0.80	0.55
daily	0.80	0.40
most	0.80	0.56
summer	0.80	0.41
copy	0.80	0.52
april	0.80	0.41
mistake	0.80	1.73
thread	0.80	0.67
forum	0.80	0.58
select	0.80	0.53
stone	0.80	0.54
u	0.80	0.68
17	0.80	0.46
share	0.80	0.75
corrected	0.80	1.76
text	0.80	0.87
from	0.80	0.34
husband	0.80	1.70
bunch	0.81	0.52
future	0.81	0.76
brushed	0.81	0.72
joe	0.81	0.47
19	0.81	0.44
ta	0.81	0.75
theirs	0.81	0.50
downvotes	0.81	0.76
omg	0.81	0.62
42	0.81	0.44
ten	0.81	0.43
leaning	0.81	0.41
lately	0.81	0.35
purple	0.81	0.47
yo	0.82	0.72
deleted	0.82	0.81
program	0.82	0.49
number	0.82	0.50
heres	0.82	0.61
functions	0.82	0.66
subreddits	0.82	0.60
grimm	0.82	0.64
subs	0.82	0.61
fog	0.82	0.46
offering	0.82	0.46
modern	0.82	0.46
shared	0.82	0.65
warranty	0.83	0.40
seen	0.83	0.42
posts	0.83	0.67
red	0.83	0.55
logo	0.83	0.47
reviewers	0.83	0.59
vid	0.83	0.59
watched	0.83	0.52
pudding	0.83	0.60
aka	0.83	0.44
understanding	0.83	1.50
ve	0.83	0.55
voting	0.83	0.78
math	0.83	1.57
worked	0.83	0.53
january	0.83	0.45
sunday	0.83	0.40
r/openpv	0.83	0.59
younger	0.83	0.93
votes	0.83	0.72
site	0.84	0.51
somebody	0.84	1.13
classifieds	0.84	0.60
concept	0.84	0.60
monthly	0.84	0.48
convert	0.84	1.28
pina	0.84	0.49
strength	0.84	0.50
bounty	0.84	0.44
continued	0.84	0.62
sites	0.84	0.46
101vape	0.84	0.61
25	0.84	0.44
vapes	0.84	0.40
page	0.84	0.59
verified	0.84	0.71
explanation	0.84	0.72
typing	0.84	1.76
posting	0.84	0.63
vote	0.84	0.68
consistency	0.85	0.61
pool	0.85	0.45
nipple	0.85	0.53
band	0.85	0.50
project	0.85	0.49
settled	0.85	0.49
genuinely	0.85	0.63
custom	0.85	0.54
mobile	0.85	1.07
social	0.85	0.63
instagram	0.85	0.60
quality	0.85	0.65
tits	0.85	0.61
ive	0.85	0.49
working	0.85	0.83
choices	0.86	0.53
2014	0.86	0.36
he	0.86	1.30
youtube	0.86	0.64
roommate	0.86	1.64
36mg	0.86	0.48
customers	0.86	0.45
fuel	0.86	0.54
proper	0.86	1.50
mistakes	0.86	1.64
prob	0.86	0.84
chat	0.86	0.56
him	0.86	1.22
subreddit	0.87	0.60
glad	0.87	0.98
services	0.87	0.41
riptrippers	0.87	0.65
trippers	0.87	0.65
sub	0.87	0.61
video	0.87	0.64
free	0.87	0.51
phil	0.87	0.73
pros	0.87	0.69
jobs	0.87	0.48
34	0.87	0.44
patina	0.87	0.70
coworkers	0.88	1.41
todd	0.88	0.73
vids	0.88	0.63
pbusardo	0.88	0.64
survey	0.88	0.68
previous	0.88	0.89
videos	0.88	0.64
vendor	0.88	0.45
events	0.88	0.56
guide	0.88	0.51
october	0.88	0.44
bang	0.89	1.16
reached	0.89	0.56
credit	0.89	0.42
pricing	0.89	0.45
hang	0.89	0.46
simplicity	0.89	0.65
phoenix	0.89	0.42
competitive	0.89	0.45
con	0.89	0.48
beats	0.89	0.51
details	0.89	0.63
cards	0.90	0.35
rip	0.90	0.71
reviewer	0.90	0.72
slush	0.90	0.51
speaking	0.90	1.44
reference	0.90	0.61
guy	0.90	1.09
fuzion	0.90	0.35
forums	0.90	0.56
girlfriend	0.90	1.63
present	0.90	0.65
movies	0.90	0.40
delta	0.90	0.37
hoping	0.90	1.00
co	0.90	0.41
reply	0.90	0.89
fb	0.91	0.60
indigo	0.91	0.39
r/electronic_cigarette	0.91	0.60
gotten	0.91	0.47
response	0.91	0.71
downvote	0.91	0.73
deserves	0.91	1.25
hopefully	0.92	0.82
line	0.92	0.29
gremlin	0.92	0.43
bound	0.92	0.39
accounts	0.92	0.67
vacation	0.92	0.41
march	0.92	0.44
thats	0.92	0.87
words	0.92	1.64
alien	0.92	0.37
february	0.93	0.44
seriously	0.93	0.81
her	0.93	1.61
comments	0.93	0.77
pick	0.93	0.83
medium	0.93	0.52
code	0.93	0.52
reasonably	0.93	0.81
blood	0.93	0.43
mm	0.94	0.45
mocha	0.94	0.49
music	0.94	0.41
boyfriend	0.94	1.61
december	0.94	0.44
perfectly	0.94	0.76
friends	0.94	1.37
vapors	0.94	0.37
black	0.94	0.73
account	0.94	0.60
ours	0.94	0.94
27	0.94	0.42
inexpensive	0.94	0.94
parties	0.94	0.58
business	0.94	0.42
wife	0.94	1.59
staff	0.94	0.39
reviews	0.94	0.53
60ml	0.95	0.38
u/randomisgood	0.95	0.65
competition	0.95	0.62
easiest	0.95	1.40
prices	0.95	0.50
blueberry	0.95	0.58
smpl	0.95	0.77
champ	0.95	0.72
uh	0.95	0.90
june	0.95	0.44
write	0.95	0.85
august	0.95	0.42
song	0.95	0.39
ecf	0.95	0.58
u/ineedmoredogecoin	0.96	0.65
dear	0.96	0.65
served	0.96	0.39
feels	0.96	1.26
november	0.96	0.44
vapingme	0.96	0.54
bout	0.96	0.63
r/ecr	0.96	0.60
named	0.97	0.83
okay	0.97	0.90
eh	0.97	0.84
works	0.97	0.76
delete	0.97	0.77
punch	0.97	0.34
101	0.97	0.45
boss	0.97	1.32
killa	0.97	0.40
during	0.97	0.58
active	0.97	0.52
far	0.97	1.22
default	0.97	0.50
durable	0.97	1.01
boys	0.97	0.52
sunrise	0.97	0.57
pretty	0.98	0.88
cyclops	0.98	0.42
members	0.98	0.55
kidding	0.98	0.86
insane	0.98	0.95
designs	0.98	0.57
regardless	0.98	1.41
durability	0.98	0.65
cheesecake	0.98	0.57
holy	0.98	0.86
coupon	0.98	0.51
knowledgeable	0.98	0.40
construction	0.98	0.73
gt	0.98	0.72
date	0.98	0.45
pandacoin	0.98	0.60
buddies	0.99	0.88
his	0.99	1.28
zamplebox	0.99	0.51
same	0.99	1.08
ecr	0.99	0.61
offer	0.99	0.43
500	0.99	0.63
everyone	0.99	1.09
appealing	0.99	0.97
letter	0.99	0.86
help	0.99	0.84
boba	0.99	0.45
badger	1.00	0.52
reliable	1.00	0.94
fits	1.00	0.69
admins	1.00	0.60
hooked	1.00	0.44
snake	1.00	0.43
coworker	1.00	1.36
recommendation	1.01	0.57
sigh	1.01	0.64
clarification	1.01	1.12
auto	1.01	1.57
beetle	1.01	0.57
choose	1.01	0.57
shape	1.01	0.80
discount	1.02	0.55
anyways	1.02	0.88
responses	1.02	0.72
toast	1.02	0.52
verify	1.02	0.58
ticket	1.02	0.64
helping	1.02	0.58
21	1.02	0.40
dang	1.02	0.75
kings	1.02	0.31
extended	1.03	0.45
7	1.03	0.47
36	1.03	0.46
yah	1.03	0.81
karma	1.03	0.68
kidney	1.03	0.48
homepage	1.04	0.61
meantime	1.04	0.70
drank	1.04	0.52
son	1.04	1.17
11	1.04	0.45
1st	1.04	0.50
answers	1.04	0.71
jam	1.04	0.40
nailed	1.04	0.75
space	1.04	0.41
imho	1.04	1.20
ratio	1.04	0.52
mountains	1.05	0.42
mom	1.05	1.53
friend	1.05	1.36
ahhh	1.05	0.89
sin	1.05	0.29
venom	1.05	0.42
mothers	1.05	0.30
click	1.05	0.62
agreed	1.05	0.89
6ml	1.06	0.37
crown	1.06	0.32
example	1.06	1.18
kryptonite	1.06	0.55
incredible	1.06	1.00
rig	1.06	0.70
16	1.07	0.42
sb	1.07	0.31
match	1.07	0.53
hahah	1.07	0.78
cuttwood	1.07	0.35
suicide	1.08	0.30
madness	1.08	0.48
twitter	1.08	0.65
bunny	1.08	0.30
gim	1.08	0.71
addict	1.08	0.47
ha	1.08	0.90
visiting	1.08	0.56
commented	1.08	0.57
recommendations	1.08	0.60
support	1.09	0.46
puncher	1.09	0.50
express	1.09	0.45
pg/vg	1.09	0.52
successful	1.10	0.67
u/dogetipbot	1.10	0.63
replies	1.10	0.77
again	1.10	0.85
cosmic	1.10	0.38
greatly	1.10	0.66
shout	1.10	0.56
sales	1.11	0.52
22	1.11	0.45
bonus	1.11	0.62
tho	1.11	0.79
snag	1.11	0.67
adirondack	1.11	0.37
hah	1.11	0.86
enjoyed	1.11	0.90
m22	1.12	0.79
eciggity	1.12	0.41
redditor	1.12	0.74
score	1.12	0.77
heh	1.12	0.82
played	1.12	0.85
star	1.12	0.40
donut	1.12	0.51
berry	1.12	0.54
xd	1.12	0.83
nic	1.12	0.51
fine	1.12	0.80
daughter	1.13	1.46
beyond	1.13	0.52
zombie	1.13	0.34
ruthless	1.13	0.32
13	1.13	0.45
nw	1.13	0.44
exact	1.13	1.07
clouds	1.13	0.47
craft	1.13	0.57
miracle	1.13	0.25
rush	1.13	0.60
14	1.13	0.45
ever	1.13	1.01
preferred	1.14	0.45
genius	1.14	0.53
performs	1.14	0.87
seller	1.14	0.46
brother	1.14	1.46
superior	1.14	0.68
functional	1.14	0.83
crunch	1.14	0.48
ok	1.14	0.87
informative	1.14	0.49
ideal	1.15	1.09
seduce	1.15	0.42
comment	1.15	0.81
folks	1.15	0.62
liking	1.15	0.39
pluto	1.15	0.59
ah	1.15	0.94
info	1.15	0.66
novelty	1.16	0.56
trails	1.16	0.44
hmmm	1.16	0.75
father	1.16	1.22
monkey	1.16	0.55
placid	1.16	0.33
unique	1.16	0.81
given	1.16	1.18
noted	1.16	0.91
2nd	1.16	0.47
optimal	1.16	0.54
spongebob	1.16	0.50
el	1.17	0.31
master	1.17	0.52
party	1.17	0.54
counting	1.17	0.68
their	1.17	0.55
subscription	1.17	0.54
july	1.17	0.49
bro	1.17	0.78
venus	1.17	0.58
setup	1.18	0.67
orange	1.18	0.55
dad	1.18	1.31
nah	1.18	0.80
nope	1.18	0.88
thoughts	1.18	0.71
matches	1.18	0.61
except	1.18	0.70
astro	1.18	0.62
honey	1.18	0.41
shot	1.19	0.72
whichever	1.19	0.56
amazingly	1.19	0.71
dragon	1.19	0.49
high	1.19	0.42
fuzzberry	1.19	0.50
dude	1.19	0.81
9	1.19	0.47
sister	1.19	1.44
detailed	1.19	0.64
upvotes	1.20	0.67
ya	1.20	0.80
imo	1.20	1.12
early	1.20	0.50
shocker	1.20	0.54
yea	1.21	0.82
milk	1.21	0.29
church	1.21	0.48
poop	1.21	0.44
steamy	1.21	0.37
hahaha	1.21	0.79
nuts	1.21	0.41
movie	1.21	0.75
consideration	1.21	0.68
dinner	1.21	0.60
design	1.21	0.64
8	1.22	0.48
providing	1.22	0.50
offers	1.22	0.49
facebook	1.22	0.62
par	1.22	0.71
ideas	1.22	0.57
milkshake	1.22	0.49
employees	1.22	0.46
oh	1.23	0.83
mother	1.23	1.09
gotcha	1.23	0.84
starship	1.23	0.60
picked	1.23	0.29
andromeda	1.23	0.59
atlantis	1.24	0.48
wise	1.24	0.91
appropriate	1.24	1.25
lem	1.24	0.68
chef	1.24	0.41
joined	1.25	0.56
3rd	1.25	0.59
fluffy	1.25	0.41
phenomenal	1.25	1.01
pom	1.26	0.44
cobbler	1.26	0.53
vtnw	1.26	0.46
1992	1.26	0.49
sufficient	1.26	0.95
24	1.27	0.46
join	1.27	0.57
stellar	1.27	1.01
deserve	1.27	0.57
huh	1.27	0.76
alright	1.27	0.84
creek	1.27	0.42
shall	1.28	0.65
selection	1.29	0.54
sasquatch	1.29	0.48
chill	1.29	0.43
fancy	1.29	0.58
username	1.29	0.71
ithaka	1.30	1.09
signed	1.30	0.62
haze	1.30	0.53
member	1.31	0.55
vg/pg	1.31	0.51
progress	1.31	0.64
potion	1.31	0.47
charlie	1.31	0.44
currently	1.32	0.42
fellow	1.32	0.59
all	1.32	0.52
codes	1.32	0.62
called	1.32	0.73
spam	1.32	0.72
4500	1.32	0.95
community	1.33	0.55
ahh	1.33	0.82
fogger	1.33	0.57
choosing	1.33	0.65
fun	1.33	0.57
truly	1.33	0.52
fyi	1.33	0.59
submit	1.33	0.66
grandma	1.34	0.94
opening	1.34	0.61
honesty	1.34	0.52
art	1.34	0.51
insight	1.35	0.66
hobbes	1.35	0.42
yeah	1.35	0.81
chances	1.36	0.79
road	1.36	0.45
jungle	1.36	0.48
simple	1.36	1.12
mango	1.37	0.50
success	1.37	0.60
pleasure	1.37	0.56
peach	1.38	0.52
glorious	1.38	0.44
royal	1.38	0.45
blast	1.38	0.51
randomly	1.38	0.72
upvote	1.38	0.80
shortly	1.38	0.70
bloody	1.39	0.41
memory	1.39	0.56
coval	1.40	0.43
mana	1.40	0.46
advs	1.40	0.50
pm	1.40	0.68
doing	1.40	1.14
reddit	1.41	0.64
highest	1.41	1.07
horchata	1.41	0.45
service	1.41	0.58
lol	1.41	0.79
microbitcoin	1.41	0.86
weekly	1.41	0.75
announced	1.42	0.66
60/40	1.43	0.49
haha	1.43	0.79
pig	1.43	0.41
brew	1.44	0.41
um	1.44	0.76
poseidon	1.44	0.51
tvc	1.44	0.39
crunchberry	1.44	0.41
80/20	1.44	0.50
mr	1.44	0.44
uncle	1.45	0.41
hop	1.45	0.55
customer	1.45	0.57
rotation	1.46	0.36
weekend	1.46	0.48
eclipse	1.46	0.54
third	1.47	0.53
unicorn	1.47	0.32
look	1.47	0.96
enjoy	1.48	0.73
shiny	1.48	0.63
advice	1.48	0.72
surprisingly	1.49	1.02
hehe	1.49	0.80
18	1.49	0.41
nectar	1.50	0.44
bee	1.50	0.49
vapin	1.50	0.41
checkout	1.51	0.58
yep	1.51	0.76
suggestions	1.52	0.67
dat	1.52	0.45
strawberry	1.52	0.50
compact	1.52	1.07
heck	1.53	0.70
excellent	1.53	0.89
atm	1.53	0.34
rocking	1.53	0.32
sooo	1.54	0.42
club	1.54	0.55
peary	1.54	0.38
spot	1.54	0.66
helpful	1.54	0.57
friendly	1.55	0.79
pearry	1.55	0.38
carma	1.55	0.53
redditors	1.55	0.60
sturdy	1.56	1.02
nicely	1.56	0.91
reaching	1.57	0.64
combo	1.57	0.42
feedback	1.57	0.63
launch	1.57	0.58
worries	1.57	0.77
etching	1.58	0.38
deals	1.58	0.52
proud	1.59	0.94
someday	1.59	0.77
damned	1.60	0.52
supporting	1.60	0.63
yup	1.60	0.75
promo	1.61	0.54
dudes	1.62	0.40
try	1.62	0.87
mo	1.62	0.57
flawless	1.63	0.61
journey	1.63	0.64
well	1.63	0.77
upvoted	1.63	0.72
heaven	1.63	0.71
dutch	1.64	0.40
shopping	1.64	0.48
eruption	1.64	0.47
santa	1.65	0.59
yes	1.65	0.91
season	1.65	0.49
favourite	1.66	0.44
sale	1.66	0.51
tree	1.67	0.31
sexy	1.67	0.79
alley	1.67	0.52
blastoff	1.67	0.46
tried	1.67	0.68
epic	1.67	0.36
baja	1.67	0.46
dig	1.68	0.57
mmmm	1.68	0.47
indeed	1.68	0.66
suggestion	1.68	0.74
everybody	1.68	0.72
classic	1.69	0.43
seconded	1.69	0.39
sharing	1.72	0.74
fav	1.72	0.54
wood	1.72	0.83
submitted	1.72	0.66
married	1.73	0.60
30/70	1.74	0.44
beast	1.74	0.48
family	1.74	0.89
slim	1.74	0.91
digging	1.74	0.41
70/30	1.74	0.46
vg	1.76	0.47
go-to	1.76	0.43
freedom	1.77	0.63
interesting	1.78	0.51
20/80	1.78	0.45
great	1.78	0.73
decent	1.79	0.71
boot	1.79	0.35
lookin	1.79	0.72
fruitasm	1.80	0.43
v4	1.80	0.52
sucker	1.80	0.62
woah	1.81	0.60
sleek	1.81	0.81
soooo	1.81	0.39
solid	1.82	0.69
pbb	1.82	0.59
damn	1.82	0.66
mate	1.83	0.62
mystery	1.84	0.45
man	1.84	0.68
darn	1.84	0.70
whoever	1.84	0.60
cross	1.84	0.60
matt	1.85	0.44
churro	1.85	0.58
notch	1.86	0.59
10/10	1.86	0.56
looks	1.87	0.73
24mg	1.87	0.44
vouch	1.87	0.51
input	1.87	0.64
custard	1.88	0.60
freebies	1.88	0.63
eyeing	1.88	0.60
cool	1.90	0.70
whoa	1.90	0.50
merica	1.91	0.36
gorgeous	1.92	0.57
aww	1.93	0.59
absolutely	1.93	0.42
enjoying	1.93	0.41
heavenly	1.94	0.54
70vg/30pg	1.94	0.43
advance	1.95	0.81
bomb	1.96	0.46
impressive	1.96	0.41
buddy	1.96	0.56
dealer	1.97	0.44
0	1.97	0.42
hey	1.98	0.64
slick	1.99	0.63
outstanding	2.00	0.53
sir	2.01	0.55
lt	2.01	0.58
favorites	2.02	0.47
adv	2.02	0.46
classy	2.04	0.60
perfect	2.05	0.55
bud	2.05	0.60
grand	2.05	0.56
neat	2.05	0.42
50/50	2.06	0.40
favor	2.06	0.42
props	2.07	0.54
brilliant	2.08	0.41
appreciate	2.08	0.55
favorite	2.10	0.36
kustard	2.10	0.40
mmm	2.13	0.45
ps	2.13	0.51
30pg/70vg	2.13	0.38
hopes	2.14	0.59
0nic	2.15	0.40
loving	2.15	0.33
random	2.17	0.55
gift	2.18	0.68
lucky	2.18	0.78
6	2.20	0.38
p.s	2.21	0.48
max	2.21	0.37
12	2.21	0.37
birthday	2.22	0.61
sound	2.23	0.45
colossus	2.24	0.49
beautiful	2.24	0.33
ooh	2.24	0.38
grats	2.25	0.58
angelcigs	2.25	0.47
delicious	2.26	0.43
appreciated	2.26	0.54
kudos	2.27	0.50
sellers	2.28	0.42
vaporhop	2.29	0.46
good	2.29	0.31
haul	2.29	0.51
freaking	2.30	0.29
lovely	2.30	0.33
18mg	2.30	0.34
yum	2.30	0.36
wins	2.31	0.46
xmas	2.31	0.55
thankful	2.32	0.49
dealers	2.32	0.33
exciting	2.34	0.47
tasty	2.34	0.30
job	2.34	0.49
pls	2.35	0.35
btw	2.35	0.54
hello	2.35	0.42
yummy	2.35	0.38
mg	2.35	0.33
choice	2.36	0.47
please	2.37	0.32
rocks	2.37	0.25
6mg	2.37	0.32
12mg	2.37	0.32
3mg	2.37	0.32
sounds	2.37	0.37
dope	2.37	0.32
0mg	2.38	0.32
cheers	2.38	0.46
odds	2.38	0.48
plz	2.40	0.31
badass	2.40	0.34
freakin	2.40	0.21
killer	2.40	0.36
sign	2.40	0.48
holiday	2.41	0.48
hope	2.41	0.45
christmas	2.41	0.47
hi	2.41	0.42
wow	2.42	0.51
4th	2.42	0.52
chosen	2.44	0.45
fingers	2.44	0.48
halloween	2.45	0.45
thx	2.46	0.35
wonderful	2.50	0.24
ftw	2.51	0.28
ty	2.55	0.31
welcome	2.56	0.35
winner	2.57	0.38
winners	2.57	0.37
congratulations	2.58	0.41
surprise	2.59	0.34
rad	2.60	0.21
winning	2.60	0.36
enter	2.61	0.35
congrats	2.61	0.39
won	2.61	0.35
thanksgiving	2.61	0.32
rock	2.62	0.34
contests	2.62	0.34
entry	2.62	0.34
thanks	2.62	0.31
thank	2.62	0.31
luck	2.63	0.34
commenting	2.63	0.33
entering	2.64	0.33
guys	2.65	0.32
prize	2.65	0.33
win	2.66	0.33
crossing	2.66	0.31
crossed	2.67	0.31
contest	2.68	0.31
giveaways	2.68	0.30
opportunity	2.68	0.30
count	2.68	0.30
chance	2.68	0.30
gl	2.68	0.30
entered	2.69	0.30
yay	2.69	0.29
woo	2.70	0.29
giveaway	2.70	0.29
generous	2.72	0.28
merry	2.72	0.28
y'all	2.73	0.28
holidays	2.73	0.28
woot	2.75	0.27
woohoo	2.76	0.27
