smell	-3.33	0.83
disgusting	-3.21	0.59
hygiene	-3.20	0.94
sloppy	-3.05	0.92
unfortunate	-3.00	0.99
those	-2.92	0.83
sweaty	-2.84	0.98
dirty	-2.84	1.02
gross	-2.74	1.03
wondered	-2.73	1.12
poor	-2.71	1.10
greasy	-2.70	1.07
revolting	-2.70	0.79
filthy	-2.69	0.93
smelly	-2.67	1.01
saggy	-2.65	1.44
folds	-2.64	1.12
vile	-2.63	0.79
tacky	-2.61	1.03
everywhere	-2.59	1.02
fatasses	-2.58	1.28
possible	-2.56	1.25
infection	-2.52	0.98
piss	-2.52	0.89
makeup	-2.52	1.25
trashy	-2.48	0.89
skin	-2.47	1.23
stench	-2.47	0.91
circle	-2.47	1.19
defending	-2.45	1.40
ugh	-2.41	0.94
smelled	-2.40	0.86
minority	-2.39	1.36
insist	-2.39	1.25
ridiculous	-2.37	1.15
stats	-2.36	1.42
ever	-2.35	1.70
depressing	-2.31	1.12
touching	-2.29	1.24
bad	-2.25	1.24
forced	-2.24	1.36
bizarre	-2.23	1.02
lurking	-2.21	1.85
pancake	-2.20	1.37
horrific	-2.17	1.06
seen	-2.14	1.72
awkward	-2.14	1.33
stood	-2.14	1.49
repulsive	-2.13	0.94
joined	-2.12	1.57
bullied	-2.11	1.31
suddenly	-2.11	1.55
shitty	-2.09	1.41
picked	-2.04	1.30
heavy	-2.04	1.22
done	-2.03	2.01
modern	-2.02	1.48
fats	-2.02	1.56
aside	-2.00	1.07
these	-2.00	1.15
all	-2.00	2.04
choices	-1.99	1.21
heard	-1.98	1.73
shit	-1.98	0.95
blame	-1.97	1.49
any	-1.97	2.02
absurd	-1.96	1.11
sickening	-1.94	1.12
fatties	-1.94	1.88
worthless	-1.94	1.16
reminded	-1.91	1.20
enormous	-1.91	1.24
dumb	-1.88	0.71
sweat	-1.88	0.73
ugly	-1.87	0.65
annoying	-1.86	1.47
me	-1.85	1.65
true	-1.84	2.12
laughed	-1.84	1.65
tubby	-1.82	1.15
pisses	-1.81	1.51
never	-1.81	1.54
imagine	-1.81	1.17
literally	-1.80	1.97
different	-1.80	1.03
rotting	-1.80	0.63
explain	-1.79	2.00
intense	-1.79	1.26
describing	-1.79	1.28
teeth	-1.79	0.65
including	-1.79	1.30
happening	-1.79	1.92
lazy	-1.79	0.70
most	-1.78	1.35
retarded	-1.78	1.23
delusional	-1.77	0.67
point	-1.77	2.29
fact	-1.77	2.29
foul	-1.75	0.54
mean	-1.75	2.38
saying	-1.74	2.36
pity	-1.74	1.41
beginning	-1.74	1.54
vagina	-1.73	0.84
what	-1.73	2.36
no	-1.73	2.09
right	-1.73	2.36
anything	-1.72	1.80
exists	-1.72	1.42
punchable	-1.71	1.36
messed	-1.71	1.09
gluttonous	-1.71	0.69
re	-1.71	2.34
two	-1.70	0.73
believed	-1.69	1.68
always	-1.69	1.69
flabby	-1.68	1.05
been	-1.68	1.48
nothing	-1.68	2.25
hideous	-1.68	1.13
useless	-1.68	0.74
shame	-1.67	1.57
shamed	-1.67	1.60
noticed	-1.67	1.26
doing	-1.66	2.32
ve	-1.65	1.48
same	-1.64	1.82
logic	-1.64	1.96
breathing	-1.64	1.30
flesh	-1.63	0.69
yet	-1.63	1.67
lying	-1.63	1.98
crappy	-1.62	1.32
happen	-1.62	1.72
who	-1.62	2.07
titties	-1.62	1.57
decision	-1.61	1.29
sacks	-1.61	0.92
world	-1.60	1.77
fault	-1.60	1.88
fattest	-1.60	1.82
when	-1.59	1.84
piece	-1.59	0.70
crotch	-1.59	0.76
yuck	-1.59	1.39
exact	-1.58	1.63
pathetic	-1.58	1.33
fooling	-1.58	2.37
people	-1.58	1.64
or	-1.58	1.91
ignorant	-1.57	0.70
only	-1.57	1.96
wreck	-1.57	1.27
place	-1.57	1.70
problem	-1.57	2.30
hams	-1.57	1.21
exactly	-1.57	2.43
pig	-1.56	0.69
deluded	-1.56	0.73
wiping	-1.56	0.61
were	-1.55	1.32
then	-1.55	1.82
fucked	-1.54	1.25
believe	-1.53	1.86
three	-1.53	0.74
funny	-1.53	2.09
greedy	-1.52	0.73
them	-1.52	1.62
entitled	-1.52	0.71
understand	-1.52	1.87
one	-1.52	1.68
makes	-1.52	1.64
say	-1.51	1.93
bet	-1.51	1.46
happened	-1.51	1.61
other	-1.51	1.54
pile	-1.50	0.66
wash	-1.50	0.78
honestly	-1.50	1.95
realize	-1.50	1.88
before	-1.50	1.63
buys	-1.50	1.78
fucks	-1.50	0.84
way	-1.50	1.94
because	-1.49	2.04
embarrassing	-1.49	1.35
even	-1.49	1.94
see	-1.49	1.75
think	-1.49	2.01
talked	-1.48	1.80
smells	-1.48	0.89
again	-1.48	1.80
stupid	-1.48	0.82
finished	-1.48	1.82
since	-1.48	1.38
knew	-1.48	1.37
why	-1.48	1.96
dies	-1.47	1.88
how	-1.47	1.91
bother	-1.47	1.68
selfish	-1.47	0.79
something	-1.47	1.97
frustrating	-1.47	1.49
clean	-1.46	0.72
slob	-1.46	0.65
goddamn	-1.45	1.27
blows	-1.45	1.48
cried	-1.45	1.49
absolute	-1.45	1.25
anymore	-1.44	1.93
disturbing	-1.44	1.32
hypocrite	-1.44	0.87
should	-1.44	1.89
hell	-1.44	1.82
basically	-1.44	1.88
whatever	-1.43	2.04
did	-1.43	1.94
either	-1.43	2.03
nails	-1.43	0.76
existed	-1.43	1.19
secretly	-1.43	1.97
gotten	-1.42	1.39
boob	-1.42	0.94
touch	-1.42	1.01
pit	-1.42	0.69
uncomfortable	-1.42	1.87
know	-1.42	2.02
scary	-1.42	1.43
thinking	-1.42	2.44
look	-1.41	1.45
actually	-1.41	1.91
we	-1.41	2.42
matter	-1.41	1.92
said	-1.41	1.68
drives	-1.41	1.31
scenario	-1.41	1.72
would	-1.41	1.84
does	-1.40	1.99
hating	-1.40	2.22
tits	-1.40	1.16
offensive	-1.40	1.39
their	-1.40	0.72
many	-1.40	0.92
asses	-1.40	0.82
hypocritical	-1.40	0.74
nipples	-1.40	1.02
also	-1.39	2.09
tried	-1.38	1.55
tell	-1.38	1.78
forever	-1.38	1.47
may	-1.37	1.60
much	-1.37	1.59
though	-1.37	1.99
rolls	-1.37	0.96
slobs	-1.36	0.77
going	-1.36	2.02
where	-1.36	1.94
reason	-1.36	1.94
make	-1.36	1.07
rude	-1.36	0.77
infuriating	-1.36	1.47
upon	-1.35	1.61
touched	-1.35	0.61
already	-1.35	1.74
cringe	-1.35	1.62
might	-1.35	1.87
stretched	-1.35	0.90
anyone	-1.34	1.89
mind	-1.34	1.78
course	-1.34	2.05
thing	-1.34	1.74
seriously	-1.34	1.94
maybe	-1.33	2.04
realise	-1.33	1.52
can	-1.33	1.81
probably	-1.33	1.95
thought	-1.33	1.62
surprising	-1.33	0.93
d	-1.33	1.81
beast	-1.33	0.68
similar	-1.32	2.17
obeasts	-1.32	1.07
wtf	-1.32	1.79
customer	-1.32	1.38
loose	-1.32	0.87
rage	-1.31	1.93
insane	-1.31	1.42
magic	-1.31	1.48
whiny	-1.31	0.78
cunts	-1.31	0.74
get	-1.31	1.80
made	-1.30	1.61
acne	-1.30	0.68
bunch	-1.30	0.80
fathom	-1.29	1.60
shower	-1.29	0.72
confusing	-1.29	1.49
topic	-1.29	2.20
could	-1.29	1.80
really	-1.29	1.80
stops	-1.29	1.79
sack	-1.29	0.74
too	-1.29	1.89
genius	-1.28	1.36
marks	-1.28	0.89
lot	-1.28	1.39
has	-1.28	1.78
tattoos	-1.27	0.93
blobs	-1.27	0.71
hateful	-1.27	1.05
exist	-1.26	1.53
cruel	-1.26	1.18
there	-1.26	2.40
fas	-1.26	1.26
2	-1.25	1.10
cellulite	-1.25	1.04
hamplanets	-1.25	1.07
cunt	-1.25	0.73
4	-1.25	1.11
assumed	-1.25	1.66
stretch	-1.25	0.92
odd	-1.25	0.95
asshole	-1.25	0.73
virgin	-1.24	1.60
here	-1.24	2.48
1	-1.24	2.06
disgustingly	-1.24	0.79
automatically	-1.24	0.76
idiots	-1.23	1.01
vomit	-1.23	0.91
bitch	-1.23	0.79
imply	-1.23	2.36
figured	-1.23	1.11
wonder	-1.23	1.95
need	-1.23	1.81
want	-1.22	1.98
person	-1.22	1.33
hard	-1.22	1.76
wet	-1.22	0.77
horribly	-1.21	1.31
udders	-1.21	1.05
lard	-1.21	0.75
anyway	-1.21	2.11
instantly	-1.21	0.84
definitely	-1.20	2.04
lumps	-1.20	0.86
along	-1.20	1.86
cottage	-1.20	0.92
enough	-1.20	1.76
beasts	-1.19	0.87
supposedly	-1.19	1.64
expression	-1.19	0.77
still	-1.19	1.99
now	-1.19	2.14
direct	-1.19	2.67
clown	-1.19	0.73
case	-1.18	1.65
ll	-1.18	1.80
which	-1.18	1.60
little	-1.18	1.63
breath	-1.18	0.72
stand	-1.18	1.45
had	-1.18	1.54
violated	-1.17	2.35
hair	-1.17	0.88
seem	-1.17	1.26
notice	-1.17	1.79
as	-1.17	1.89
pancakes	-1.16	1.03
rule	-1.16	2.37
supposed	-1.16	2.66
excuses	-1.16	0.92
decided	-1.16	1.17
its	-1.16	1.81
vegetarian	-1.15	1.75
fatlogic	-1.15	2.38
grease	-1.15	0.80
several	-1.15	0.86
shits	-1.15	0.73
until	-1.15	1.54
pointless	-1.15	1.63
outfits	-1.15	0.78
contain	-1.15	2.30
handful	-1.15	0.78
cleaning	-1.14	0.62
will	-1.14	1.83
once	-1.14	1.46
tolerate	-1.14	1.11
about	-1.14	1.72
sure	-1.14	2.12
few	-1.14	0.87
try	-1.14	1.71
dye	-1.14	0.88
recent	-1.13	2.54
please	-1.13	2.86
realised	-1.13	1.43
someone	-1.13	1.78
comparing	-1.13	1.82
guarantee	-1.13	0.97
ca	-1.13	1.69
existence	-1.13	1.63
shocking	-1.13	1.43
7	-1.12	0.95
remind	-1.12	1.74
facial	-1.12	0.81
fool	-1.12	1.20
least	-1.12	1.85
inducing	-1.12	0.91
face	-1.12	0.80
nightmares	-1.12	1.62
illustrations	-1.12	2.43
let	-1.11	1.82
identifying	-1.11	2.48
satire/parody	-1.11	2.44
3	-1.11	0.95
5	-1.11	0.95
lose	-1.11	1.56
being	-1.11	2.31
come	-1.11	1.63
happens	-1.11	1.71
pieces	-1.11	0.74
couple	-1.10	0.88
noticing	-1.10	0.93
rules	-1.10	2.83
refer	-1.10	1.98
piercings	-1.10	0.87
9	-1.10	0.96
mock	-1.09	1.85
anybody	-1.09	1.73
making	-1.09	1.15
getting	-1.09	1.56
five	-1.09	0.87
tit	-1.08	0.91
memes	-1.08	2.50
removed	-1.08	2.52
content	-1.08	2.52
openly	-1.08	1.69
lumpy	-1.08	0.73
fucking	-1.08	0.97
found	-1.08	1.40
impossible	-1.07	0.91
sow	-1.07	0.67
kinda	-1.07	1.74
creatures	-1.07	0.71
irrelevant	-1.07	2.52
assume	-1.07	2.14
stink	-1.07	0.80
hypocrisy	-1.07	0.90
consequences	-1.07	0.82
go	-1.07	1.71
mess	-1.07	0.74
6	-1.07	0.95
among	-1.07	0.68
review	-1.07	2.88
fupa	-1.06	0.89
belong	-1.06	2.55
assholes	-1.06	0.72
stomach	-1.06	0.99
repost	-1.06	2.51
belongs	-1.06	2.91
four	-1.06	0.87
yourself	-1.06	1.57
submission	-1.06	2.54
realized	-1.06	1.05
stories	-1.06	2.46
fiction	-1.05	2.51
fuck	-1.05	1.63
unhealthy	-1.05	0.81
8	-1.05	0.96
more	-1.05	1.38
comprehend	-1.05	1.45
trying	-1.05	1.67
six	-1.05	0.87
r/adiposeamigos	-1.04	2.58
sometimes	-1.04	1.52
themselves	-1.04	1.48
lie	-1.04	1.78
sub	-1.04	2.55
dignity	-1.04	0.71
uses	-1.04	2.17
eaten	-1.03	1.21
represent	-1.03	2.11
r/talesoffathate	-1.03	2.61
gone	-1.03	1.36
hatred	-1.03	1.94
cartoons	-1.03	2.26
childish	-1.03	0.76
telling	-1.03	1.69
tumblrinas	-1.03	1.10
hope	-1.03	1.92
obviously	-1.03	1.73
smallest	-1.03	1.96
narcissistic	-1.02	0.70
wo	-1.02	2.01
info	-1.02	2.43
r/fatlogic	-1.02	2.75
complain	-1.02	1.20
doubt	-1.02	1.76
10	-1.02	0.89
able	-1.02	1.33
hanging	-1.02	0.96
2-3	-1.02	0.90
twenty	-1.02	0.85
however	-1.02	1.80
washed	-1.01	0.66
lately	-1.01	1.16
make-up	-1.01	0.76
looked	-1.01	1.17
him	-1.01	1.47
12	-1.01	0.91
posting	-1.00	2.43
america	-1.00	0.85
ten	-1.00	0.87
things	-1.00	1.80
fatty	-1.00	1.55
western	-0.99	0.76
seems	-0.99	1.34
guess	-0.99	2.22
cows	-0.98	0.90
far	-0.98	1.54
applied	-0.98	0.79
idiot	-0.98	0.94
hands	-0.98	0.88
subreddit	-0.97	2.74
difficult	-0.97	1.69
places	-0.97	1.23
immediately	-0.97	0.96
quality	-0.97	1.48
smug	-0.97	0.92
care	-0.97	1.72
r/fatpeoplestories	-0.97	2.58
unfair	-0.97	0.76
filth	-0.97	0.75
others	-0.96	1.33
covered	-0.96	0.88
fold	-0.96	0.84
find	-0.96	1.50
lipstick	-0.96	0.80
responsibility	-0.95	0.78
under	-0.95	0.88
left	-0.95	1.29
certainly	-0.95	1.59
cow	-0.95	0.77
country	-0.95	1.02
linking	-0.95	2.30
health	-0.95	0.75
bullshit	-0.94	1.10
out	-0.94	1.39
ass	-0.94	0.87
worn	-0.94	0.80
off	-0.94	1.35
badly	-0.94	0.79
distribution	-0.94	0.82
bit	-0.94	1.27
guts	-0.94	0.91
stuff	-0.94	1.05
wanted	-0.93	1.82
room	-0.93	0.82
pretend	-0.93	1.69
fatass	-0.93	0.93
disgust	-0.93	1.71
whales	-0.93	0.97
pits	-0.93	0.78
bare	-0.92	0.82
wipe	-0.92	0.94
liar	-0.92	0.82
saw	-0.92	1.23
own	-0.92	0.85
lame	-0.92	1.72
magically	-0.92	0.72
everyone	-0.92	2.11
scars	-0.92	0.85
realizing	-0.92	1.09
rather	-0.92	1.53
mirror	-0.91	0.85
time	-0.91	1.55
4chan	-0.91	1.08
hog	-0.91	0.68
eventually	-0.91	1.33
likely	-0.91	1.19
noticeable	-0.91	1.00
gag	-0.91	0.96
personal	-0.91	0.75
morons	-0.91	1.04
qualify	-0.91	1.23
harsh	-0.91	1.50
trapped	-0.91	0.74
period	-0.91	0.89
dislike	-0.90	1.86
poorly	-0.90	0.82
lards	-0.90	1.02
dated	-0.90	1.04
color	-0.90	0.80
towards	-0.90	0.89
area	-0.90	0.85
first	-0.89	1.28
pretty	-0.89	1.66
tattoo	-0.89	0.73
back	-0.89	1.45
corpse	-0.89	0.71
dyed	-0.89	0.84
feel	-0.89	1.20
subreddits	-0.89	1.88
from	-0.88	1.30
human	-0.88	0.78
habits	-0.88	0.88
unable	-0.88	0.95
jiggle	-0.88	0.92
rub	-0.88	0.79
twice	-0.88	1.12
matters	-0.88	1.81
parts	-0.88	1.67
subjects	-0.88	2.85
ask	-0.88	1.79
else	-0.88	2.36
flab	-0.87	0.89
quite	-0.87	1.54
brush	-0.87	0.78
cities	-0.87	0.96
vain	-0.87	0.80
die	-0.87	1.15
everything	-0.87	1.81
majority	-0.87	0.88
eight	-0.87	0.90
itself	-0.87	0.74
handicapped	-0.87	0.79
visited	-0.87	0.84
coming	-0.86	1.40
judged	-0.86	0.91
got	-0.86	1.66
up	-0.86	1.30
complications	-0.86	0.76
forum	-0.86	1.54
wasted	-0.86	1.89
fupas	-0.85	0.88
led	-0.85	0.74
europe	-0.84	0.96
lived	-0.84	0.92
thousands	-0.84	0.84
racist	-0.84	1.05
soon	-0.84	1.47
bloated	-0.83	1.11
forget	-0.83	1.42
fuckers	-0.83	0.79
sweating	-0.83	0.80
convince	-0.83	1.18
argue	-0.83	1.40
ones	-0.83	1.42
fix	-0.82	1.06
simply	-0.82	1.00
exception	-0.82	0.96
encourage	-0.82	1.19
toilet	-0.82	0.77
seven	-0.82	0.87
help	-0.82	1.58
mocking	-0.82	0.90
willing	-0.82	1.76
18	-0.81	1.09
surface	-0.81	0.76
texas	-0.81	0.80
myself	-0.81	1.44
head	-0.81	1.06
allowed	-0.81	1.61
accept	-0.81	0.91
turd	-0.80	0.85
remember	-0.80	1.55
looks	-0.80	1.08
leaves	-0.80	0.70
west	-0.80	0.95
boobs	-0.80	1.16
garbage	-0.80	0.76
sue	-0.80	1.14
utterly	-0.79	1.64
southern	-0.79	0.89
trash	-0.79	0.85
behavior	-0.79	0.69
trust	-0.79	1.42
acting	-0.79	0.83
admitting	-0.79	1.24
complained	-0.79	1.21
retard	-0.79	0.90
rough	-0.79	1.66
15	-0.79	0.91
vanity	-0.79	0.76
each	-0.78	1.15
piercing	-0.78	0.75
begin	-0.78	1.09
genitals	-0.78	0.82
apply	-0.78	0.96
holy	-0.78	1.58
armpit	-0.78	0.74
some	-0.78	1.55
awhile	-0.78	1.03
usually	-0.78	1.17
acknowledge	-0.78	1.38
okay	-0.78	2.70
threads	-0.78	1.94
apparently	-0.78	1.25
north	-0.78	0.93
relate	-0.77	0.93
grasp	-0.77	1.35
breathe	-0.77	0.95
worse	-0.77	1.10
utter	-0.77	0.83
bitchy	-0.77	0.84
hambeasts	-0.77	1.18
13	-0.77	0.93
experience	-0.77	0.85
eyebrows	-0.77	0.84
slut	-0.77	0.79
state	-0.77	0.99
bags	-0.77	0.81
and/or	-0.77	1.18
united	-0.77	0.76
14	-0.76	0.90
proves	-0.76	1.17
necessarily	-0.76	1.31
balloon	-0.76	0.81
australia	-0.76	0.99
20	-0.76	0.90
seeing	-0.76	1.05
guide	-0.76	2.57
dead	-0.76	1.11
breasts	-0.75	1.14
bitches	-0.75	0.85
cover	-0.75	0.85
admitted	-0.75	1.23
fart	-0.75	0.68
obvious	-0.75	2.46
structure	-0.75	0.72
multiple	-0.75	0.84
item	-0.75	0.69
south	-0.74	0.95
flattering	-0.74	0.73
wrap	-0.74	0.96
16	-0.74	0.94
blob	-0.74	0.81
3-4	-0.74	0.89
leave	-0.74	1.45
whole	-0.74	1.93
r/fatpeoplehate/comments/2fo403/rules_posting_guide_user_conduct	-0.74	2.24
mentioned	-0.74	1.29
brag	-0.74	0.66
bs	-0.74	0.74
take	-0.73	1.48
victims	-0.73	0.70
11	-0.73	0.97
by	-0.73	1.37
live	-0.73	0.93
yellow	-0.73	0.69
silly	-0.73	0.86
anger	-0.73	1.92
dry	-0.73	0.88
burning	-0.73	0.74
fingers	-0.73	0.82
damn	-0.73	1.69
discussion	-0.73	1.11
countries	-0.73	0.93
end	-0.73	1.20
africa	-0.73	0.92
shut	-0.73	0.89
usa	-0.73	0.91
bone	-0.73	0.72
gon	-0.72	2.05
millions	-0.72	0.89
talk	-0.72	1.67
na	-0.72	1.81
control	-0.72	0.89
colors	-0.72	1.04
past	-0.72	1.22
lump	-0.72	0.75
fetish	-0.71	1.56
pretending	-0.71	1.65
city	-0.71	0.98
listen	-0.71	1.43
puberty	-0.71	0.89
lifting	-0.71	1.00
choke	-0.71	0.99
toes	-0.71	0.85
wont	-0.71	1.74
bathroom	-0.71	0.77
till	-0.70	1.46
put	-0.70	1.35
lost	-0.70	1.30
agree	-0.70	2.09
flat	-0.70	1.10
expect	-0.70	1.55
decades	-0.70	1.19
belly	-0.70	0.85
effort	-0.70	0.97
obnoxious	-0.70	0.92
check	-0.70	0.93
hundred	-0.70	0.91
basement	-0.70	1.92
change	-0.69	1.18
decisions	-0.69	0.87
enablers	-0.69	0.92
san	-0.69	0.97
claim	-0.69	1.20
midwest	-0.69	0.93
photoshop	-0.69	0.69
equal	-0.69	0.79
spot	-0.69	0.86
pc	-0.69	0.78
later	-0.69	1.23
define	-0.69	1.00
rings	-0.69	0.67
lack	-0.68	0.80
ive	-0.68	1.33
hundreds	-0.68	0.83
difference	-0.68	1.65
eyes	-0.68	0.77
noises	-0.68	0.86
whore	-0.68	0.78
scare	-0.68	0.91
working	-0.68	1.58
regular	-0.68	0.81
nose	-0.68	0.73
justify	-0.68	0.74
weird	-0.68	1.81
harder	-0.68	1.12
characters	-0.67	1.81
hidden	-0.67	0.80
internal	-0.67	0.85
voting	-0.67	1.46
m	-0.67	1.65
came	-0.67	1.55
population	-0.67	0.84
works	-0.67	1.52
changing	-0.67	0.72
hide	-0.67	0.82
clearly	-0.66	1.56
choice	-0.66	0.88
obese	-0.66	0.95
resting	-0.66	0.84
creature	-0.66	0.80
wheezing	-0.66	0.86
kinds	-0.66	0.93
lighting	-0.66	0.54
angles	-0.66	0.75
count	-0.66	1.45
society	-0.66	0.98
over	-0.66	1.31
center	-0.66	0.72
subs	-0.66	2.12
cherry	-0.66	0.83
thighs	-0.66	0.88
comics	-0.66	2.40
rates	-0.65	0.76
force	-0.65	0.92
scales	-0.65	0.71
hand	-0.65	1.03
leads	-0.65	0.71
talking	-0.65	1.96
harm	-0.65	1.14
within	-0.65	1.02
shopped	-0.65	0.96
canada	-0.65	0.94
attached	-0.65	0.71
chub	-0.65	0.80
stayed	-0.65	0.99
broken	-0.64	1.00
hopes	-0.64	1.61
took	-0.64	1.04
jerk	-0.64	0.80
reach	-0.64	1.05
fa	-0.64	1.16
statistics	-0.64	0.91
number	-0.64	0.98
gut	-0.64	0.92
hitting	-0.64	0.91
racism	-0.64	0.92
creative	-0.64	1.85
excuse	-0.64	1.25
hammies	-0.63	1.13
screenshot	-0.63	2.13
smokers	-0.63	0.63
shave	-0.63	0.87
longer	-0.63	1.29
miracle	-0.63	0.77
feed	-0.63	0.72
17	-0.63	0.89
leg	-0.63	0.83
wait	-0.63	2.06
serve	-0.63	0.80
pregnancy	-0.63	0.77
sun	-0.63	0.91
injury	-0.63	0.76
arms	-0.63	0.88
putting	-0.63	1.16
asia	-0.62	0.96
whatsoever	-0.62	0.91
ham	-0.62	1.10
recognize	-0.62	1.16
moving	-0.62	1.30
away	-0.62	1.24
hairy	-0.62	0.72
total	-0.62	0.77
esteem	-0.62	0.74
dealing	-0.62	0.94
weight	-0.62	1.12
edge	-0.62	0.92
question	-0.62	2.56
visit	-0.62	1.06
worthy	-0.62	0.85
stomachs	-0.61	0.87
tends	-0.61	0.97
lip	-0.61	0.76
weights	-0.61	1.04
pick	-0.61	1.12
looking	-0.61	1.76
articles	-0.61	1.23
waste	-0.61	0.80
ex	-0.61	2.06
lifestyle	-0.61	0.87
around	-0.61	1.19
says	-0.61	2.43
becomes	-0.60	0.89
kick	-0.60	0.96
dedicated	-0.60	1.59
california	-0.60	0.86
individual	-0.60	0.72
east	-0.60	0.95
reasons	-0.60	1.45
burden	-0.60	0.80
focus	-0.60	0.92
cant	-0.60	1.56
both	-0.60	1.01
corsets	-0.60	0.67
tissue	-0.59	0.82
hardly	-0.59	0.95
colored	-0.59	0.76
arm	-0.59	0.81
defend	-0.59	0.97
afford	-0.59	1.23
lips	-0.59	0.77
gagged	-0.59	0.89
dont	-0.59	1.75
nude	-0.59	0.92
across	-0.59	0.97
last	-0.59	1.13
worked	-0.59	1.39
terribly	-0.59	1.04
hire	-0.59	1.27
ago	-0.59	1.18
cleavage	-0.58	0.81
refused	-0.58	1.62
become	-0.58	1.14
titp	-0.58	1.37
bend	-0.58	1.05
vent	-0.58	1.89
felt	-0.58	1.98
kill	-0.58	1.26
kicked	-0.58	0.84
struggles	-0.58	0.79
completely	-0.58	1.15
bragging	-0.58	1.22
quickly	-0.58	0.85
95	-0.58	0.90
ads	-0.58	0.78
death	-0.57	0.87
haes	-0.57	1.14
consume	-0.57	0.88
bothered	-0.57	1.63
nonsense	-0.57	0.92
factors	-0.57	1.19
suffering	-0.57	0.75
explode	-0.57	0.92
thyroid	-0.57	1.07
boxes	-0.57	0.68
wish	-0.57	1.78
affect	-0.56	1.05
dirt	-0.56	0.79
visual	-0.56	0.77
chins	-0.56	0.84
months	-0.56	1.19
sexist	-0.56	1.08
standing	-0.56	0.89
pat	-0.56	0.97
gets	-0.56	2.12
conditions	-0.56	1.22
sooner	-0.56	1.29
landwhales	-0.56	0.94
satisfying	-0.56	1.75
stereotype	-0.56	0.94
herself	-0.56	1.43
slide	-0.56	0.97
sjws	-0.56	1.02
supporting	-0.56	0.94
turn	-0.56	1.29
motion	-0.55	0.82
reward	-0.55	0.75
kid	-0.55	0.70
arent	-0.55	1.00
pudding	-0.55	0.80
calf	-0.55	0.82
whine	-0.55	1.05
bastard	-0.55	0.82
faces	-0.55	0.83
call	-0.55	1.68
downvoting	-0.55	1.91
almost	-0.55	1.51
states	-0.55	0.91
condition	-0.55	1.28
actively	-0.55	0.94
proceeding	-0.55	2.32
bible	-0.55	0.94
react	-0.55	0.99
weighing	-0.55	1.05
giant	-0.55	0.99
times	-0.55	1.30
equipment	-0.55	0.76
pudgy	-0.55	0.90
affects	-0.54	0.88
decide	-0.54	1.40
images	-0.54	1.47
actions	-0.54	0.77
barely	-0.54	1.17
habit	-0.54	0.62
crash	-0.54	0.72
smoke	-0.54	0.65
struggling	-0.54	1.17
korea	-0.54	0.94
week	-0.54	1.15
30	-0.54	0.90
arguing	-0.54	1.18
pointing	-0.54	1.19
rag	-0.54	0.69
ego	-0.53	0.73
went	-0.53	1.26
easily	-0.53	1.15
fear	-0.53	0.91
strain	-0.53	0.82
chase	-0.53	0.99
whenever	-0.53	1.46
picture	-0.53	1.19
heart	-0.53	0.89
met	-0.53	1.49
insecure	-0.53	0.81
excess	-0.53	0.84
bites	-0.53	0.85
town	-0.53	1.06
cancer	-0.53	0.76
consider	-0.53	1.37
brain	-0.53	0.94
essentially	-0.53	0.85
years	-0.53	1.20
puke	-0.53	1.19
physique	-0.53	0.73
40	-0.52	0.87
closely	-0.52	1.00
cause	-0.52	1.22
breed	-0.52	1.05
broke	-0.52	0.84
shitting	-0.52	1.14
unattractive	-0.52	0.77
deserved	-0.52	0.87
appealing	-0.52	1.14
cardio	-0.52	1.05
glasses	-0.52	0.98
names	-0.51	1.84
conversation	-0.51	1.14
shallow	-0.51	0.75
starve	-0.51	1.18
air	-0.51	0.75
nerve	-0.51	0.83
spend	-0.51	0.96
behind	-0.51	0.80
steal	-0.51	1.14
dark	-0.51	0.67
nation	-0.51	0.88
27	-0.51	0.77
cry	-0.51	1.01
problems	-0.51	1.09
60	-0.51	0.89
heels	-0.51	0.82
dedication	-0.51	0.99
throughout	-0.51	0.74
absolutely	-0.51	1.11
activists	-0.51	1.07
food	-0.51	0.93
19	-0.50	0.87
he/she	-0.50	1.39
fps	-0.50	2.11
purple	-0.50	0.56
barf	-0.50	1.01
attack	-0.50	0.89
he	-0.50	1.89
feet	-0.50	1.01
duck	-0.50	0.87
per	-0.50	1.04
growing	-0.50	0.70
laziness	-0.50	0.89
sympathy	-0.49	1.18
users	-0.49	2.00
whereas	-0.49	0.84
christ	-0.49	1.48
somehow	-0.49	1.20
goes	-0.49	1.50
25	-0.49	0.88
thousand	-0.49	0.88
unless	-0.49	1.83
sand	-0.49	0.77
pair	-0.49	0.75
claimed	-0.49	1.07
easier	-0.49	1.17
occasion	-0.49	1.06
himself	-0.49	1.18
block	-0.49	1.29
unrelated	-0.49	0.93
angle	-0.49	0.82
awareness	-0.49	0.82
drop	-0.49	1.11
employees	-0.48	0.71
lift	-0.48	0.90
fatness	-0.48	1.00
colour	-0.48	0.75
traffic	-0.48	0.79
must	-0.48	1.96
scooters	-0.48	0.78
complete	-0.48	0.80
epidemic	-0.48	0.95
issue	-0.48	1.39
shameful	-0.48	0.73
bully	-0.48	1.09
wild	-0.48	0.89
appears	-0.48	0.85
whining	-0.48	1.01
tears	-0.48	0.85
elderly	-0.47	0.85
32	-0.47	0.82
1000	-0.47	0.98
attract	-0.47	0.93
respect	-0.47	0.91
near	-0.47	1.08
entertaining	-0.47	1.81
chest	-0.47	0.85
kfc	-0.47	0.89
unlike	-0.47	0.88
sight	-0.47	0.82
complaining	-0.47	1.13
obesity	-0.47	0.95
bitching	-0.47	1.15
lifts	-0.47	0.89
down	-0.47	1.00
carry	-0.47	0.88
paint	-0.47	0.83
mindset	-0.46	0.96
gunt	-0.46	0.87
moved	-0.46	0.98
knows	-0.46	3.28
distract	-0.46	0.77
weeks	-0.46	1.21
fails	-0.46	0.85
applies	-0.46	1.38
asked	-0.46	1.42
sat	-0.46	0.81
remotely	-0.46	1.45
100	-0.46	0.95
child	-0.46	0.73
limit	-0.46	0.98
banned	-0.46	1.96
million	-0.46	0.92
fail	-0.46	1.13
wants	-0.46	3.30
24	-0.46	0.84
killing	-0.46	1.12
buying	-0.46	0.74
calling	-0.46	1.24
clothes	-0.46	0.73
crap	-0.46	0.84
red	-0.46	0.71
mouth	-0.45	0.75
settle	-0.45	1.08
dying	-0.45	0.90
knees	-0.45	0.84
23	-0.45	0.85
continue	-0.45	0.94
comes	-0.45	1.35
animal	-0.45	0.71
cycle	-0.45	0.76
cheetos	-0.45	0.74
shoulder	-0.45	0.83
youre	-0.45	1.16
damage	-0.45	0.87
liver	-0.45	0.90
joy	-0.44	1.81
deal	-0.44	1.61
largest	-0.44	0.77
pcos	-0.44	1.16
appearance	-0.44	0.70
listed	-0.44	0.91
us	-0.44	1.60
improve	-0.44	1.07
less	-0.44	1.29
arse	-0.44	0.89
managed	-0.44	1.26
gain	-0.44	1.02
stupidity	-0.44	1.08
blue	-0.44	0.69
22	-0.44	0.85
bypass	-0.44	0.87
perspective	-0.44	0.98
placed	-0.44	0.79
failure	-0.44	0.87
punch	-0.44	1.05
material	-0.44	1.64
amount	-0.44	1.05
recently	-0.44	1.35
veins	-0.44	0.83
bright	-0.44	0.98
differently	-0.43	1.04
year	-0.43	1.17
entirely	-0.43	0.99
foot	-0.43	1.01
third	-0.43	1.38
ring	-0.43	0.71
pounds	-0.43	1.29
ourselves	-0.43	1.34
days	-0.43	1.17
believing	-0.43	1.48
soooo	-0.43	1.03
features	-0.43	0.84
minor	-0.43	0.88
ability	-0.43	1.15
shape	-0.43	1.40
kitchen	-0.43	0.74
socially	-0.43	0.84
toxic	-0.43	0.74
doll	-0.43	0.73
told	-0.43	1.58
outfit	-0.43	0.84
ankle	-0.43	0.83
save	-0.43	0.97
light	-0.43	0.72
90	-0.42	0.93
staring	-0.42	1.34
wrist	-0.42	0.80
grave	-0.42	1.00
dozen	-0.42	0.94
elsewhere	-0.42	1.75
kind	-0.42	1.58
into	-0.42	0.93
homeless	-0.42	0.78
fascinating	-0.42	1.69
grown	-0.42	0.70
species	-0.42	0.93
workouts	-0.42	0.81
hint	-0.42	0.97
fashion	-0.42	0.85
abuse	-0.42	0.78
pulling	-0.42	1.12
smoker	-0.42	0.69
intentionally	-0.42	1.01
clothing	-0.42	0.71
gained	-0.42	1.11
band	-0.42	0.75
accident	-0.42	0.81
growth	-0.41	0.86
50	-0.41	0.95
fatpeoplehate	-0.41	2.70
measurements	-0.41	0.80
diabetes	-0.41	0.88
solve	-0.41	1.29
lives	-0.41	0.89
sjw	-0.41	1.07
tries	-0.41	1.86
photo	-0.41	0.91
theres	-0.41	1.10
commenting	-0.41	1.63
melting	-0.41	1.04
determined	-0.41	0.94
tubs	-0.41	0.88
websites	-0.41	1.32
eat	-0.41	1.50
24/7	-0.41	0.77
hormones	-0.40	0.94
pic	-0.40	1.16
girl	-0.40	0.98
at	-0.40	1.67
beta	-0.40	0.90
children	-0.40	0.72
um	-0.40	0.94
pigs	-0.40	0.86
choose	-0.40	1.04
situations	-0.40	1.00
feminists	-0.40	1.04
cundishuns	-0.40	0.92
excessive	-0.40	0.88
issues	-0.40	1.09
bag	-0.40	0.77
understood	-0.40	1.01
therefore	-0.40	0.92
ultimately	-0.40	0.92
tight	-0.40	0.81
clear	-0.40	1.01
crushing	-0.40	0.74
particularly	-0.40	0.76
condishun	-0.40	1.05
constant	-0.40	0.73
knee	-0.40	0.82
diseases	-0.40	1.00
guy	-0.40	1.17
cankles	-0.39	0.76
hours	-0.39	1.18
toward	-0.39	0.93
spots	-0.39	0.80
desperation	-0.39	0.83
showing	-0.39	0.91
r/fatpeoplehate	-0.39	2.77
month	-0.39	1.17
refuse	-0.39	1.66
combined	-0.39	0.79
somebody	-0.39	1.42
doesnt	-0.39	1.60
oxygen	-0.39	0.79
chick	-0.39	1.10
supply	-0.39	0.77
26	-0.39	0.83
29	-0.39	0.82
publicly	-0.39	1.12
sorts	-0.38	0.81
concept	-0.38	1.08
pictured	-0.38	0.93
cares	-0.38	3.20
becoming	-0.38	0.99
claiming	-0.38	0.99
reaction	-0.38	0.93
fair	-0.38	1.40
escape	-0.38	0.97
rip	-0.38	0.73
consuming	-0.38	0.91
burn	-0.38	1.10
earlier	-0.38	1.25
posts	-0.38	1.85
personality	-0.38	0.96
stress	-0.38	0.83
complex	-0.38	0.71
sound	-0.38	1.16
70	-0.38	0.93
zoo	-0.38	1.03
thumb	-0.38	0.85
covering	-0.38	0.84
anywhere	-0.38	1.55
monsters	-0.38	0.85
snap	-0.38	0.89
diabetic	-0.38	0.89
rolled	-0.38	0.84
group	-0.37	1.26
brown	-0.37	0.71
losing	-0.37	1.12
fire	-0.37	1.06
loses	-0.37	2.13
smile	-0.37	1.06
periods	-0.37	0.93
feminism	-0.37	0.90
legs	-0.37	0.86
legally	-0.37	1.11
overall	-0.37	0.83
lifestyles	-0.37	0.74
shoving	-0.37	0.92
sore	-0.37	1.06
80	-0.37	0.92
line	-0.36	1.28
stick	-0.36	0.97
nudity	-0.36	1.67
side	-0.36	1.00
extreme	-0.36	0.91
overeating	-0.36	0.91
camera	-0.36	0.80
brought	-0.36	2.71
position	-0.36	0.99
volume	-0.36	0.93
crushed	-0.36	0.76
scum	-0.36	0.79
willpower	-0.36	0.89
hear	-0.36	1.15
stored	-0.36	0.88
causing	-0.36	0.82
cross	-0.35	0.89
yoga	-0.35	1.02
28	-0.35	0.81
support	-0.35	1.02
minutes	-0.35	1.20
forth	-0.35	0.97
move	-0.35	1.39
eating	-0.35	1.13
necessary	-0.35	0.99
equality	-0.35	0.90
hurt	-0.35	0.83
barrel	-0.35	0.73
mainly	-0.35	0.74
receive	-0.35	1.12
tells	-0.35	3.03
leaving	-0.35	0.98
very	-0.35	1.15
threw	-0.35	1.02
arguments	-0.35	1.31
admit	-0.35	1.59
poses	-0.35	0.95
smiling	-0.35	0.98
squats	-0.35	1.10
eye	-0.35	0.78
farm	-0.35	0.73
stuffing	-0.35	0.82
jawline	-0.35	0.82
called	-0.35	1.33
push	-0.34	1.16
balls	-0.34	0.83
rid	-0.34	0.86
resist	-0.34	1.04
flip	-0.34	0.85
45	-0.34	0.98
slowly	-0.34	1.04
sedentary	-0.34	0.77
personally	-0.34	1.62
read	-0.34	1.19
evolution	-0.34	1.05
impression	-0.34	1.38
brains	-0.34	0.83
explanation	-0.34	1.33
planets	-0.34	1.28
knife	-0.34	0.88
obeast	-0.34	0.98
flow	-0.34	0.83
blonde	-0.34	0.71
further	-0.34	0.92
literal	-0.34	0.85
lane	-0.34	0.70
allow	-0.34	1.41
your	-0.34	0.95
fewer	-0.33	1.03
effect	-0.33	0.89
thread	-0.33	1.93
eats	-0.33	3.13
machines	-0.33	1.18
somewhere	-0.33	1.43
gaining	-0.33	1.09
roughly	-0.33	1.08
commented	-0.33	1.17
heads	-0.33	0.80
34	-0.33	0.79
nearly	-0.33	1.21
chewing	-0.33	0.87
illnesses	-0.33	1.00
joints	-0.33	0.83
simple	-0.33	1.11
genetics	-0.33	1.16
tied	-0.33	0.86
incredibly	-0.33	1.03
taken	-0.33	1.25
inches	-0.32	0.96
green	-0.32	0.70
begging	-0.32	0.98
increased	-0.32	0.75
stated	-0.32	1.21
disease	-0.32	0.95
ears	-0.32	0.84
moron	-0.32	0.80
judge	-0.32	1.04
35	-0.32	0.86
overweight	-0.32	1.18
feeder	-0.32	0.78
ffs	-0.32	0.88
gastric	-0.32	0.91
dicks	-0.32	0.99
bride	-0.32	0.71
needing	-0.32	1.11
screams	-0.32	0.84
conclusion	-0.32	1.42
elevator	-0.32	0.89
isnt	-0.32	1.18
hopefully	-0.32	1.45
seconds	-0.32	1.13
next	-0.32	1.04
fitness	-0.32	0.75
row	-0.32	0.95
include	-0.32	0.81
800	-0.32	1.00
thankfully	-0.32	0.99
ends	-0.32	0.97
immobile	-0.31	0.92
motivate	-0.31	1.32
work	-0.31	1.60
object	-0.31	0.88
pink	-0.31	0.74
mouths	-0.31	0.77
land	-0.31	0.85
girls	-0.31	0.97
described	-0.31	0.99
picking	-0.31	0.99
wrapped	-0.31	0.81
workout	-0.31	1.08
regardless	-0.31	0.78
draw	-0.31	1.12
default	-0.31	1.30
roll	-0.31	0.88
system	-0.31	0.85
corner	-0.31	0.87
floor	-0.31	0.89
create	-0.31	0.86
penis	-0.31	0.91
photos	-0.31	1.04
genetic	-0.31	1.05
stare	-0.31	0.92
planet	-0.31	1.09
shovel	-0.31	0.91
became	-0.31	0.77
pocket	-0.31	0.93
screaming	-0.31	1.07
pushed	-0.30	0.91
deny	-0.30	1.26
women	-0.30	0.98
repeat	-0.30	1.25
3rd	-0.30	1.00
regularly	-0.30	0.88
everyday	-0.30	0.85
mentality	-0.30	1.02
wanting	-0.30	1.35
pictures	-0.30	1.14
wind	-0.30	0.74
pale	-0.30	0.77
counting	-0.30	0.85
benefits	-0.30	0.78
sausage	-0.30	0.84
thumbnail	-0.30	1.07
chin	-0.30	0.83
moves	-0.30	0.72
rate	-0.30	0.82
swear	-0.30	0.86
caused	-0.30	0.94
developed	-0.30	0.83
worth	-0.29	1.26
well	-0.29	2.27
comments	-0.29	1.80
advantage	-0.29	1.12
sea	-0.29	0.80
moments	-0.29	1.16
race	-0.29	0.80
zero	-0.29	0.88
drain	-0.29	0.81
responsible	-0.29	0.90
pound	-0.29	1.16
activist	-0.29	0.90
insults	-0.29	1.03
desperate	-0.29	1.00
truth	-0.29	1.42
alone	-0.29	1.58
posted	-0.29	1.39
heavier	-0.29	1.13
proven	-0.29	1.17
torso	-0.29	0.85
curve	-0.29	0.91
2nd	-0.29	0.86
ankles	-0.29	0.83
security	-0.29	0.90
layers	-0.29	0.90
catch	-0.29	1.20
through	-0.29	1.08
exercises	-0.29	1.14
ragen	-0.29	1.11
changes	-0.29	0.88
pushing	-0.29	0.98
shot	-0.29	0.90
legit	-0.29	1.11
old	-0.28	1.06
neck	-0.28	0.84
girth	-0.28	0.78
rare	-0.28	0.98
hip	-0.28	0.81
long	-0.28	1.43
machine	-0.28	0.92
promoting	-0.28	0.88
cattle	-0.28	0.75
downvote	-0.28	1.67
calories	-0.28	0.99
laying	-0.28	0.96
turning	-0.28	1.08
joking	-0.28	2.48
throat	-0.28	0.83
surgery	-0.28	0.94
herd	-0.28	1.00
stating	-0.28	1.21
spine	-0.28	0.85
layer	-0.28	0.84
tie	-0.28	0.77
age	-0.28	0.91
critical	-0.28	1.13
theory	-0.28	1.32
closet	-0.28	0.83
starving	-0.28	0.98
discipline	-0.28	0.91
overeat	-0.27	0.99
hit	-0.27	1.12
shots	-0.27	0.93
brigade	-0.27	1.72
thigh	-0.27	0.86
garden	-0.27	0.77
image	-0.27	0.95
closed	-0.27	0.82
known	-0.27	1.33
gas	-0.27	0.79
pointed	-0.27	1.03
ill	-0.27	1.17
immediate	-0.27	1.08
break	-0.27	0.94
items	-0.27	0.83
benefit	-0.27	0.89
drive	-0.27	0.85
septum	-0.27	0.90
labor	-0.27	1.20
walking	-0.27	0.95
piggy	-0.27	0.79
marilyn	-0.27	0.80
horse	-0.27	0.69
skinnier	-0.27	1.18
stranger	-0.27	0.75
bothers	-0.27	0.97
ages	-0.27	0.96
outright	-0.27	0.94
metabolism	-0.27	0.99
faster	-0.27	1.10
cases	-0.27	1.15
gap	-0.27	0.87
self	-0.27	0.86
attacks	-0.26	0.84
encouraged	-0.26	1.15
dick	-0.26	1.06
monstrosity	-0.26	0.86
shock	-0.26	0.84
pics	-0.26	1.15
used	-0.26	1.77
guys	-0.26	0.97
disorder	-0.26	1.07
chairs	-0.26	0.91
500	-0.26	1.00
written	-0.26	1.29
heavily	-0.26	0.76
solved	-0.26	1.10
without	-0.26	1.01
bucks	-0.26	1.11
inch	-0.26	0.88
cigarette	-0.26	0.80
price	-0.26	0.79
desire	-0.26	0.89
syndrome	-0.26	0.99
naked	-0.26	1.11
percent	-0.26	1.05
triple	-0.26	0.83
switch	-0.26	0.87
corset	-0.26	0.70
minds	-0.26	0.98
minimal	-0.26	0.99
areas	-0.25	0.86
square	-0.25	0.86
black	-0.25	0.75
keep	-0.25	1.22
cure	-0.25	1.06
200lbs	-0.25	1.02
after	-0.25	1.09
lesbians	-0.25	0.83
hormonal	-0.25	0.94
started	-0.25	1.06
front	-0.25	0.90
sidebar	-0.25	2.47
slower	-0.25	1.07
minute	-0.25	1.18
shoot	-0.25	0.96
jacked	-0.25	1.02
interest	-0.25	1.09
acceptance	-0.25	0.99
taller	-0.25	1.01
loudly	-0.25	0.96
facts	-0.25	1.29
needs	-0.25	1.91
pill	-0.25	0.91
maw	-0.25	0.81
gun	-0.25	0.86
random	-0.25	0.77
door	-0.25	0.91
self-control	-0.24	0.88
date	-0.24	0.95
jealousy	-0.24	1.15
surprise	-0.24	1.34
follow	-0.24	1.10
cupcake	-0.24	0.97
crush	-0.24	1.07
diets	-0.24	0.96
resources	-0.24	0.88
every	-0.24	1.28
beached	-0.24	0.77
impact	-0.24	0.97
knock	-0.24	1.04
lardass	-0.24	0.87
shove	-0.24	0.88
creep	-0.24	0.99
sees	-0.24	3.16
eww	-0.23	1.02
trolls	-0.23	1.48
men	-0.23	0.94
spaces	-0.23	0.80
size	-0.23	0.78
21	-0.23	0.86
activism	-0.23	0.89
bust	-0.23	0.86
measure	-0.23	0.92
consumed	-0.23	0.80
shoveling	-0.23	0.88
marry	-0.23	1.08
between	-0.23	0.98
joke	-0.23	1.85
insulting	-0.23	0.94
1200	-0.23	1.04
hut	-0.23	0.81
motherfucker	-0.23	0.86
sheer	-0.23	0.85
story	-0.23	1.07
adipose	-0.23	0.91
cut	-0.22	1.05
fatter	-0.22	1.11
entitlement	-0.22	0.97
suspect	-0.22	0.87
passed	-0.22	0.83
poop	-0.22	0.82
energy	-0.22	0.89
kcal	-0.22	0.97
gallon	-0.22	0.78
killed	-0.22	0.87
expensive	-0.22	0.98
dunno	-0.22	0.93
day	-0.22	1.12
sites	-0.22	1.25
dieting	-0.22	0.90
occasionally	-0.22	0.99
400	-0.22	1.01
sitting	-0.22	0.95
despise	-0.22	2.00
females	-0.21	1.00
frequently	-0.21	0.82
sleep	-0.21	1.10
losers	-0.21	0.92
chart	-0.21	0.84
reverse	-0.21	0.90
cheating	-0.21	1.06
1500	-0.21	1.04
hits	-0.21	0.83
resistance	-0.21	1.01
unbelievable	-0.21	0.95
pose	-0.21	0.84
easy	-0.21	1.14
inability	-0.21	1.13
self-esteem	-0.21	0.85
holes	-0.21	0.80
minimum	-0.21	0.82
levels	-0.21	0.81
dogs	-0.21	0.73
basis	-0.21	0.87
slightly	-0.21	1.15
movement	-0.20	1.01
backwards	-0.20	1.01
physical	-0.20	0.88
full	-0.20	1.05
science	-0.20	1.06
daily	-0.20	0.94
studies	-0.20	1.19
mistaken	-0.20	2.25
feeding	-0.20	0.74
via	-0.20	0.83
parent	-0.20	0.72
handle	-0.20	1.36
shaped	-0.20	0.99
carbs	-0.20	0.93
related	-0.20	1.00
fetishists	-0.20	0.89
car	-0.20	0.79
step	-0.20	1.22
war	-0.20	0.76
ground	-0.20	0.93
hour	-0.20	1.12
somewhat	-0.20	1.11
morbidly	-0.20	0.91
table	-0.20	1.04
manatee	-0.20	0.93
slip	-0.20	1.00
typical	-0.20	0.88
shed	-0.20	0.87
posing	-0.20	1.03
ew	-0.20	1.28
glance	-0.20	0.96
bench	-0.20	0.92
package	-0.20	0.83
solution	-0.19	1.13
aged	-0.19	0.85
gym	-0.19	1.18
counts	-0.19	1.03
takes	-0.19	1.17
fuel	-0.19	0.96
carrying	-0.19	0.89
evil	-0.19	0.82
attention	-0.19	0.97
feelings	-0.19	1.17
flying	-0.19	0.98
legitimate	-0.19	1.36
winner	-0.19	1.03
orange	-0.19	0.68
afterwards	-0.19	1.03
poster	-0.19	1.04
nor	-0.19	1.28
rest	-0.19	1.22
illness	-0.19	0.95
theirs	-0.19	1.11
abusive	-0.19	0.74
considered	-0.19	1.08
jogging	-0.19	1.16
chair	-0.19	0.87
downvoted	-0.19	1.73
apartment	-0.19	0.81
sit	-0.19	0.95
flash	-0.19	0.79
types	-0.18	1.14
inside	-0.18	0.97
jobs	-0.18	0.91
reduce	-0.18	0.98
nutrients	-0.18	0.97
social	-0.18	0.90
cells	-0.18	0.90
obsession	-0.18	0.72
cheaper	-0.18	0.94
breast	-0.18	0.79
loss	-0.18	0.94
preferences	-0.18	0.81
mixed	-0.18	0.79
bodies	-0.18	1.01
butthurt	-0.18	1.11
treating	-0.18	1.14
explained	-0.18	1.15
0	-0.18	1.12
died	-0.18	0.84
gear	-0.18	0.74
fluid	-0.18	0.89
offered	-0.18	0.91
options	-0.18	0.88
serious	-0.18	1.02
x	-0.18	0.96
2000	-0.18	1.02
tongue	-0.18	0.78
squat	-0.18	0.94
speed	-0.18	0.88
hole	-0.18	0.81
deficit	-0.18	0.97
parking	-0.17	0.81
weigh	-0.17	1.24
spread	-0.17	0.92
indeed	-0.17	0.96
market	-0.17	0.98
chronic	-0.17	0.91
falling	-0.17	0.96
selfie	-0.17	0.98
variety	-0.17	0.83
min	-0.17	1.15
real	-0.17	1.42
workers	-0.17	0.89
mental	-0.17	0.96
weighed	-0.17	1.16
service	-0.17	0.95
risk	-0.17	0.92
voice	-0.17	0.96
feminist	-0.17	1.00
carried	-0.17	0.94
couch	-0.17	0.88
early	-0.17	0.97
wears	-0.17	1.09
maintain	-0.17	1.05
suffer	-0.17	0.96
buy	-0.17	0.79
calorie	-0.17	0.98
moms	-0.17	0.80
collection	-0.17	0.86
replaced	-0.17	0.86
constantly	-0.16	1.02
cars	-0.16	0.86
followers	-0.16	1.15
ironic	-0.16	1.10
shorter	-0.16	1.02
mayonnaise	-0.16	0.73
linked	-0.16	1.21
animals	-0.16	0.75
such	-0.16	1.95
blow	-0.16	0.97
permanent	-0.16	0.82
mention	-0.16	1.50
hormone	-0.16	0.98
severe	-0.16	0.92
ignore	-0.16	1.30
sale	-0.16	0.73
certain	-0.16	1.19
empty	-0.16	0.80
situation	-0.16	1.39
kicking	-0.16	0.80
triggering	-0.16	1.06
beach	-0.16	0.96
100lbs	-0.16	1.09
sign	-0.16	0.93
discrimination	-0.16	0.88
teenager	-0.16	0.85
treadmill	-0.16	1.09
online	-0.16	1.03
seat	-0.16	0.85
disability	-0.15	0.92
cheekbones	-0.15	0.84
available	-0.15	1.12
depends	-0.15	1.16
approach	-0.15	1.09
surprisingly	-0.15	0.93
aggressive	-0.15	1.06
pressure	-0.15	0.89
chose	-0.15	1.03
breaking	-0.15	0.84
instead	-0.15	1.00
3000	-0.15	1.02
fabric	-0.15	0.92
200	-0.15	1.08
upper	-0.15	0.82
tone	-0.15	0.96
tons	-0.15	0.87
inner	-0.15	0.84
walked	-0.15	1.17
burned	-0.15	1.11
lb	-0.14	1.16
myspace	-0.14	0.87
waist	-0.14	0.83
freaks	-0.14	0.90
stains	-0.14	0.74
browse	-0.14	1.77
hammy	-0.14	0.88
cater	-0.14	1.06
goal	-0.14	1.11
fall	-0.14	1.13
everybody	-0.14	3.01
validation	-0.14	0.98
climb	-0.14	1.30
stroke	-0.14	0.98
bullet	-0.14	1.07
display	-0.14	0.85
decade	-0.14	1.08
based	-0.14	0.69
covers	-0.14	0.77
fill	-0.14	0.89
listening	-0.14	1.19
patient	-0.14	1.11
diet	-0.14	0.86
require	-0.14	1.09
believes	-0.14	1.98
physics	-0.14	0.91
ratio	-0.14	1.01
destroyed	-0.14	0.98
butt	-0.14	0.99
express	-0.14	1.11
wouldnt	-0.14	1.29
ocean	-0.14	0.91
36	-0.14	0.83
above	-0.13	1.07
apart	-0.13	1.02
slap	-0.13	0.99
fantasy	-0.13	0.76
lbs	-0.13	1.18
eatbeasts	-0.13	0.94
parents	-0.13	0.79
middle	-0.13	0.88
press	-0.13	0.94
stuck	-0.13	0.86
super	-0.13	1.11
cals	-0.13	1.01
muscle	-0.13	0.96
asks	-0.13	2.15
money	-0.13	1.03
than	-0.13	1.17
treat	-0.13	0.91
dumbass	-0.13	1.05
open	-0.13	0.87
tinder	-0.13	0.98
attempting	-0.13	1.13
steroids	-0.13	0.99
forcing	-0.13	1.19
king	-0.13	0.99
against	-0.13	1.03
injuries	-0.13	0.88
chicks	-0.13	0.90
lungs	-0.13	0.77
identify	-0.13	1.10
slow	-0.13	0.84
sort	-0.13	1.12
safety	-0.13	0.89
concern	-0.13	1.28
disorders	-0.13	1.01
feeders	-0.13	0.98
commit	-0.13	1.00
menu	-0.13	1.01
booty	-0.13	1.01
exposed	-0.13	0.78
forms	-0.13	1.00
shoes	-0.12	0.77
medical	-0.12	1.06
fired	-0.12	0.82
folks	-0.12	1.08
contest	-0.12	0.93
factor	-0.12	0.92
hers	-0.12	0.86
mentally	-0.12	1.12
taking	-0.12	1.20
socks	-0.12	0.78
talks	-0.12	2.95
theyre	-0.12	1.18
anytime	-0.12	1.55
proportions	-0.12	0.92
boy	-0.12	0.84
childhood	-0.12	1.11
150	-0.12	1.16
charged	-0.12	0.96
risks	-0.12	1.07
missing	-0.12	0.97
stores	-0.12	0.80
shoulders	-0.12	0.87
his	-0.12	1.00
loser	-0.12	0.92
300	-0.12	1.10
fork	-0.12	1.05
bath	-0.12	0.95
navy	-0.12	0.76
encouraging	-0.12	1.08
walk	-0.12	1.18
attempt	-0.12	1.12
rent	-0.11	0.96
ftfy	-0.11	0.90
defense	-0.11	0.85
clicking	-0.11	1.32
blaming	-0.11	1.03
skeleton	-0.11	0.80
humanity	-0.11	1.17
hold	-0.11	1.07
seats	-0.11	0.85
whose	-0.11	0.78
building	-0.11	0.90
window	-0.11	0.94
bra	-0.11	0.78
peoples	-0.11	0.83
site	-0.11	1.39
links	-0.11	1.41
wearing	-0.11	0.83
carts	-0.11	0.82
chunky	-0.11	0.85
meth	-0.11	0.76
handicap	-0.11	0.89
requires	-0.11	0.96
tub	-0.11	0.83
began	-0.11	0.80
voted	-0.11	1.32
cravings	-0.10	1.05
failed	-0.10	0.89
fast	-0.10	0.93
join	-0.10	1.15
mobility	-0.10	0.84
quarter	-0.10	1.00
sounded	-0.10	1.05
asking	-0.10	1.60
drawn	-0.10	0.90
caloric	-0.10	0.87
gains	-0.10	0.99
rarely	-0.10	0.97
pace	-0.10	1.14
tummy	-0.10	1.08
final	-0.10	0.93
permanently	-0.10	0.85
hurts	-0.10	0.98
terrifying	-0.10	1.81
due	-0.10	0.89
visible	-0.10	0.87
350	-0.10	1.08
sex	-0.10	0.98
bonus	-0.10	0.96
house	-0.10	0.95
jaw	-0.09	0.82
baggy	-0.09	0.86
1st	-0.09	1.19
holding	-0.09	1.10
feels	-0.09	1.28
drown	-0.09	0.85
persons	-0.09	0.90
wake	-0.09	1.19
patients	-0.09	1.09
kills	-0.09	1.05
bucket	-0.09	0.82
treated	-0.09	0.82
joint	-0.09	0.90
punishment	-0.09	0.75
reached	-0.09	1.09
according	-0.09	1.12
burns	-0.09	0.99
meme	-0.09	1.33
public	-0.09	1.13
blogs	-0.09	1.26
tumblr	-0.09	1.16
services	-0.09	1.02
effective	-0.09	1.14
physically	-0.09	1.21
raising	-0.09	0.75
percentage	-0.09	0.96
second	-0.09	1.32
seemed	-0.09	0.97
provided	-0.09	1.02
jeans	-0.09	0.75
clue	-0.09	1.48
fell	-0.09	0.98
earn	-0.09	1.00
walrus	-0.08	0.96
fucker	-0.08	0.92
intake	-0.08	0.96
local	-0.08	1.02
means	-0.08	2.27
opening	-0.08	0.97
stage	-0.08	0.92
wan	-0.08	1.45
99	-0.08	0.99
cops	-0.08	0.91
20s	-0.08	0.95
stamps	-0.08	0.90
diagnosed	-0.08	1.00
nowhere	-0.08	1.06
hiding	-0.08	0.84
dollars	-0.08	0.99
rights	-0.08	0.90
beings	-0.08	0.99
pets	-0.08	0.80
gratification	-0.08	0.97
nuts	-0.08	0.95
common	-0.08	1.17
hamburger	-0.08	0.76
consumption	-0.08	0.88
weighs	-0.08	1.14
outta	-0.08	0.86
groups	-0.08	1.05
bang	-0.08	0.92
fairly	-0.08	1.03
media	-0.08	1.00
crack	-0.08	0.81
nights	-0.07	1.03
earth	-0.07	0.99
welfare	-0.07	0.90
insulin	-0.07	1.00
range	-0.07	0.96
parody	-0.07	1.03
figure	-0.07	1.65
hypothyroidism	-0.07	1.08
twitter	-0.07	1.19
generally	-0.07	1.00
fridge	-0.07	0.81
stone	-0.07	0.93
bus	-0.07	0.90
replied	-0.07	1.16
insert	-0.07	1.00
individuals	-0.07	0.95
bridge	-0.07	0.81
bmi	-0.07	0.96
xs	-0.07	0.75
space	-0.07	0.87
appetite	-0.07	0.95
examples	-0.07	1.02
teens	-0.07	0.87
wrote	-0.07	1.33
desperately	-0.06	1.23
dairy	-0.06	0.74
besides	-0.06	1.15
complains	-0.06	1.94
120	-0.06	1.18
monster	-0.06	0.81
waddling	-0.06	0.94
positivity	-0.06	1.03
truck	-0.06	0.83
prior	-0.06	0.91
strangers	-0.06	0.97
kids	-0.06	0.80
monroe	-0.06	0.81
tape	-0.06	0.98
medication	-0.06	1.00
melted	-0.06	0.81
opened	-0.06	0.92
sizes	-0.06	0.77
knowledge	-0.06	1.12
bowl	-0.06	0.79
flight	-0.06	0.83
shelf	-0.06	0.99
older	-0.06	1.00
filter	-0.06	0.90
restaurants	-0.06	0.93
military	-0.06	0.86
doors	-0.06	0.84
beg	-0.06	1.02
sets	-0.06	0.96
possibility	-0.06	1.22
140	-0.06	1.24
train	-0.06	0.85
data	-0.06	0.98
except	-0.06	1.77
double	-0.06	0.83
throw	-0.05	1.19
la	-0.05	0.92
finish	-0.05	1.07
drug	-0.05	0.79
implying	-0.05	1.20
held	-0.05	0.98
goth	-0.05	0.73
crowd	-0.05	0.95
b	-0.05	0.88
raise	-0.05	0.81
gravitational	-0.05	0.83
skip	-0.05	0.98
pattern	-0.05	0.80
attitude	-0.05	0.87
scale	-0.05	0.89
grow	-0.05	0.84
lies	-0.05	1.09
letting	-0.05	1.36
lines	-0.05	1.03
increase	-0.05	0.89
slimming	-0.05	0.99
whether	-0.05	1.40
costs	-0.05	0.89
hambeast	-0.05	0.86
pay	-0.05	0.95
failing	-0.05	0.92
doctors	-0.05	1.15
allowing	-0.05	0.94
judging	-0.05	0.98
productive	-0.05	1.20
divorce	-0.05	0.98
cal	-0.05	1.01
hunt	-0.05	1.00
noise	-0.04	0.98
cost	-0.04	0.95
pulled	-0.04	0.93
healthcare	-0.04	0.96
neckbeards	-0.04	0.73
dip	-0.04	0.86
75	-0.04	0.92
argument	-0.04	1.65
yell	-0.04	1.12
pain	-0.04	1.01
results	-0.04	1.02
elephant	-0.04	0.87
living	-0.04	1.02
extra	-0.04	0.99
behaviour	-0.04	0.81
significantly	-0.04	1.09
anorexia	-0.04	0.97
filled	-0.04	0.93
genes	-0.04	0.95
maintaining	-0.04	1.00
starts	-0.04	0.98
opinion	-0.04	1.58
prison	-0.04	0.96
likes	-0.04	3.14
genetically	-0.04	1.00
evidence	-0.04	1.41
view	-0.04	0.80
dropped	-0.04	1.10
measurement	-0.03	0.89
ton	-0.03	1.05
act	-0.03	1.05
manner	-0.03	1.04
scream	-0.03	1.03
whom	-0.03	0.93
xl	-0.03	0.74
regret	-0.03	1.06
idea	-0.03	1.66
seeking	-0.03	1.09
breaks	-0.03	0.99
wear	-0.03	0.74
shorts	-0.03	0.78
veg	-0.03	0.79
swallow	-0.03	0.95
crime	-0.03	0.99
embarrassed	-0.03	2.18
max	-0.03	1.06
treatment	-0.03	1.00
teen	-0.03	0.72
desk	-0.03	0.94
boo	-0.03	0.89
street	-0.03	0.90
raped	-0.03	1.00
bed	-0.03	0.96
6'2	-0.03	1.11
falls	-0.02	0.97
drugs	-0.02	0.82
hook	-0.02	0.96
temporary	-0.02	1.02
otherwise	-0.02	1.29
donut	-0.02	0.83
stay	-0.02	1.26
prices	-0.02	0.87
often	-0.02	1.32
medium	-0.02	0.75
enter	-0.02	1.02
160	-0.02	1.13
opinions	-0.02	1.09
ups	-0.02	0.97
cheeks	-0.02	0.94
shown	-0.02	1.16
wasting	-0.02	1.08
limbs	-0.02	0.85
whoever	-0.02	1.19
ranch	-0.02	0.87
cheese	-0.02	0.81
thinks	-0.01	3.13
healthier	-0.01	1.01
comparison	-0.01	1.02
lighter	-0.01	1.16
method	-0.01	0.91
specifically	-0.01	0.98
5'8	-0.01	1.17
dating	-0.01	0.92
tl	-0.01	0.96
severely	-0.01	1.05
tops	-0.01	0.75
advertising	-0.01	0.86
carb	-0.01	0.82
stairs	-0.01	1.00
tax	-0.01	0.94
correlation	-0.01	1.04
cash	-0.01	0.99
cell	-0.01	0.91
demand	-0.01	1.20
training	-0.01	1.14
routine	-0.01	1.26
binge	-0.01	0.96
gymnastics	-0.01	1.11
accidentally	-0.01	1.04
puts	-0.01	1.10
lots	-0.01	1.04
organs	-0.00	0.87
coworkers	-0.00	1.13
panties	-0.00	0.79
experienced	-0.00	1.02
instance	-0.00	1.02
profile	-0.00	1.18
overcome	-0.00	0.99
organic	-0.00	0.85
combination	-0.00	0.83
bleach	-0.00	0.94
yelling	-0.00	1.13
load	-0.00	0.82
possibly	-0.00	1.01
gorge	-0.00	1.03
pun	-0.00	1.07
skinny	0.00	0.95
wore	0.00	0.74
180	0.00	1.18
whoa	0.00	1.01
600	0.00	0.98
pumpkin	0.00	0.85
shop	0.00	0.87
id	0.00	1.14
fattie	0.01	1.33
sloth	0.01	0.70
110	0.01	1.11
disabled	0.01	0.88
bras	0.01	0.75
crying	0.01	1.03
bar	0.01	0.81
cheat	0.01	1.09
location	0.01	1.08
distance	0.01	1.05
bc	0.01	1.00
fiber	0.01	0.91
office	0.01	1.03
capacity	0.01	0.90
130	0.01	1.23
top	0.01	0.87
ahead	0.01	1.24
grab	0.01	1.04
doughnuts	0.01	0.78
develop	0.01	0.94
bought	0.01	0.78
happily	0.02	0.81
poke	0.02	1.11
boots	0.02	0.88
grocery	0.02	0.87
condishuns	0.02	1.11
onto	0.02	1.06
costco	0.02	0.94
previous	0.02	1.08
5'5	0.02	1.18
bones	0.02	0.84
confirmed	0.02	0.97
directly	0.02	1.24
cat	0.02	0.81
5'11	0.02	1.07
stretching	0.02	0.96
worry	0.02	1.84
technically	0.02	1.36
start	0.02	1.25
discovered	0.02	1.59
assistance	0.02	0.99
close	0.02	1.31
fist	0.02	0.82
walmart	0.02	0.87
170	0.02	1.25
denial	0.02	1.05
function	0.02	1.19
ride	0.02	0.95
contact	0.02	1.09
odds	0.03	0.89
fallen	0.03	1.22
standards	0.03	0.89
scooter	0.03	0.83
bodyfat	0.03	1.00
creepy	0.03	1.05
deserves	0.03	1.34
iirc	0.03	0.86
promote	0.03	0.90
wal-mart	0.03	0.81
demanding	0.03	0.88
government	0.03	0.92
mama	0.03	0.93
claims	0.03	1.48
eatbeast	0.03	0.86
frame	0.03	0.86
jokes	0.03	1.23
popcorn	0.04	0.86
practice	0.04	0.79
membership	0.04	0.88
aka	0.04	1.00
rise	0.04	0.95
30s	0.04	0.93
mall	0.04	1.08
sizing	0.04	0.81
oreos	0.04	0.68
ate	0.04	1.04
nurses	0.04	1.06
trans	0.04	0.98
illegal	0.04	1.02
ran	0.04	1.22
highest	0.04	1.01
dresses	0.04	0.72
anyways	0.04	1.29
cast	0.04	0.83
involved	0.04	0.95
cheeseburgers	0.04	0.83
spreading	0.04	0.86
marine	0.04	0.84
emotional	0.04	1.00
buried	0.04	0.82
celery	0.04	0.99
dudes	0.04	0.92
cutting	0.05	1.06
gt	0.05	2.37
route	0.05	0.87
thinner	0.05	1.10
sexuality	0.05	1.17
innocent	0.05	0.84
jabba	0.05	0.79
bf	0.05	0.98
laid	0.05	0.99
weak	0.05	1.19
marathon	0.05	1.11
waiting	0.05	1.18
deep	0.05	0.95
spent	0.05	1.07
blubber	0.05	0.85
remain	0.05	0.97
5'2	0.05	1.15
married	0.05	1.02
pack	0.05	0.79
board	0.05	1.09
facebook	0.05	1.21
level	0.05	0.85
strict	0.05	1.03
fits	0.05	0.77
toddler	0.05	0.80
guilty	0.05	1.50
police	0.05	1.01
calves	0.05	0.88
exercising	0.05	1.00
careful	0.05	2.08
criticism	0.05	1.06
history	0.05	1.59
taxes	0.05	0.88
wut	0.05	1.18
genders	0.05	0.89
body	0.05	1.16
section	0.05	0.90
produce	0.06	0.93
form	0.06	1.00
ribs	0.06	0.84
cultural	0.06	0.93
path	0.06	0.92
delivery	0.06	0.84
fb	0.06	1.24
statement	0.06	1.40
junk	0.06	0.92
intelligence	0.06	1.05
bike	0.06	1.04
gender	0.06	0.96
direction	0.06	0.92
oppression	0.06	1.00
em	0.06	1.35
turned	0.06	1.16
ship	0.06	0.88
campaign	0.06	0.94
financial	0.06	0.72
driving	0.06	0.75
grows	0.06	1.06
instagram	0.06	1.20
research	0.06	1.20
squeeze	0.06	0.92
hike	0.07	1.14
reproduce	0.07	1.04
fph	0.07	2.32
grand	0.07	0.91
slight	0.07	1.07
white	0.07	0.82
belief	0.07	0.85
button	0.07	1.00
lifetime	0.07	0.79
5'9	0.07	1.13
oddly	0.07	0.92
fly	0.07	1.20
5'6	0.07	1.12
screen	0.07	0.99
addiction	0.07	0.86
accommodate	0.07	0.91
enabling	0.07	1.00
iq	0.07	0.89
combo	0.07	0.96
store	0.07	0.86
freaking	0.07	0.99
rape	0.08	0.88
dump	0.08	0.88
wave	0.08	0.90
woke	0.08	0.96
prove	0.08	1.25
equally	0.08	0.90
insult	0.08	1.21
blog	0.08	1.35
vote	0.08	1.61
5'10	0.08	1.06
low	0.08	0.95
fruits	0.08	0.79
upvotes	0.08	1.50
worker	0.08	1.00
5'4	0.08	1.17
legal	0.08	0.83
sexual	0.08	0.87
trend	0.08	0.99
diabeetus	0.08	0.82
special	0.08	1.02
gluttony	0.09	0.94
phone	0.09	0.95
restaurant	0.09	0.95
raw	0.09	0.89
straight	0.09	0.91
fully	0.09	1.04
park	0.09	0.99
miles	0.09	1.35
precious	0.09	0.93
emergency	0.09	0.98
movements	0.09	1.06
bell	0.09	0.86
properly	0.09	1.45
pump	0.09	0.96
thrown	0.09	0.99
value	0.09	1.11
nailed	0.09	1.09
5'7	0.09	1.13
island	0.09	0.93
late	0.09	1.06
deserve	0.09	0.92
originally	0.09	1.25
bring	0.10	1.56
run	0.10	1.36
shirts	0.10	0.77
cholesterol	0.10	0.92
ordering	0.10	0.95
provide	0.10	1.19
higher	0.10	1.00
bingo	0.10	0.98
short	0.10	0.92
dressing	0.10	0.83
smoking	0.10	0.69
exercise	0.10	1.27
morbid	0.10	0.93
biology	0.10	1.11
hearts	0.10	0.87
hippos	0.10	0.91
showed	0.10	1.17
mcdonalds	0.10	0.89
buffet	0.10	0.97
sucking	0.10	0.95
urge	0.10	1.06
frankly	0.10	1.18
bariatric	0.11	0.97
plate	0.11	0.86
peace	0.11	0.95
recovery	0.11	1.01
information	0.11	1.20
winded	0.11	0.96
plus	0.11	0.81
road	0.11	0.86
choosing	0.11	0.95
mayo	0.11	0.83
challenge	0.11	0.85
tank	0.11	0.79
offense	0.11	0.97
heroin	0.11	0.88
dense	0.11	1.09
collar	0.11	0.87
abs	0.11	0.88
bullying	0.11	0.96
cereal	0.11	0.76
nerd	0.11	0.87
won	0.11	0.82
artist	0.11	0.71
doritos	0.11	0.79
reminds	0.11	0.99
photoshopped	0.11	0.95
feminine	0.12	0.90
cup	0.12	0.85
appear	0.12	0.99
bigger	0.12	1.08
relative	0.12	0.91
income	0.12	0.83
mile	0.12	1.35
access	0.12	0.96
taco	0.12	0.89
lower	0.12	1.02
5'3	0.12	1.12
half	0.12	1.08
recovering	0.12	0.90
sexually	0.12	0.93
rush	0.12	0.88
mad	0.12	2.16
broad	0.12	0.97
bbw	0.12	1.03
shift	0.12	1.08
below	0.12	1.18
jog	0.12	1.28
jail	0.12	0.93
woman	0.12	1.12
guaranteed	0.12	1.27
basic	0.12	1.19
wheelchair	0.12	0.92
confidence	0.12	0.92
mass	0.12	0.92
delusion	0.13	1.14
legitimately	0.13	1.25
hunting	0.13	0.85
finger	0.13	0.95
an	0.13	1.18
option	0.13	1.23
manage	0.13	1.32
subway	0.13	1.00
cheesecake	0.13	0.93
typically	0.13	0.83
achieve	0.13	1.06
entire	0.13	1.26
companies	0.13	0.93
screw	0.13	1.01
lead	0.13	0.88
crossfit	0.13	1.03
illusion	0.13	0.98
vegetables	0.13	0.78
sucks	0.13	1.44
lettuce	0.13	0.88
addict	0.13	0.86
stock	0.14	0.87
app	0.14	0.95
presence	0.14	0.86
pride	0.14	0.88
shopping	0.14	0.80
campus	0.14	0.96
hips	0.14	1.02
sell	0.14	0.85
extremely	0.14	1.01
tags	0.14	1.00
treats	0.14	1.08
reddit	0.14	2.17
current	0.14	1.04
pear	0.14	0.91
dem	0.14	1.04
dough	0.14	0.91
better	0.14	1.39
following	0.14	1.01
numbers	0.14	1.00
learned	0.14	1.13
sink	0.14	0.92
xxl	0.14	0.78
mcbeetus	0.14	0.87
porn	0.14	1.07
complicated	0.14	1.21
meal	0.14	1.07
fight	0.14	0.99
aid	0.14	0.91
im	0.14	1.66
selling	0.14	0.95
cold	0.14	0.76
involves	0.15	0.83
mistake	0.15	1.15
smallfat	0.15	1.16
universe	0.15	1.17
ticket	0.15	0.98
cries	0.15	1.37
ol	0.15	0.94
bottom	0.15	1.04
onion	0.15	0.85
website	0.15	1.29
liquid	0.15	0.89
addicts	0.15	0.89
waddle	0.15	1.18
soul	0.15	0.86
victim	0.15	0.83
asian	0.15	0.83
5k	0.15	1.27
fans	0.15	0.91
effyourbeautystandards	0.15	0.96
tube	0.15	0.86
manager	0.15	1.11
horses	0.15	0.86
ending	0.16	1.13
chain	0.16	1.04
genuine	0.16	1.09
ed	0.16	0.90
vast	0.16	0.86
yeah	0.16	2.38
positive	0.16	1.22
computer	0.16	0.91
dreams	0.16	0.97
page	0.16	1.39
ways	0.16	1.37
metal	0.16	0.88
swimming	0.16	1.01
nowadays	0.16	0.93
forces	0.16	0.94
huge	0.16	1.12
effects	0.16	1.11
aisle	0.16	0.92
gay	0.16	0.93
hence	0.16	0.84
blah	0.16	1.01
adults	0.16	0.85
relationships	0.16	0.95
customers	0.16	1.19
bacon	0.16	0.82
oz	0.16	0.82
private	0.16	1.14
sugars	0.16	0.89
luckily	0.16	1.09
opposed	0.16	0.80
orbit	0.17	0.84
frequent	0.17	1.79
pet	0.17	0.81
counter	0.17	1.09
flag	0.17	0.85
hospital	0.17	1.19
required	0.17	1.25
partner	0.17	1.07
grew	0.17	0.74
record	0.17	0.93
privilege	0.17	1.01
team	0.17	0.84
protein	0.17	0.84
rides	0.17	0.89
considering	0.17	1.12
causes	0.17	0.99
thick	0.17	0.86
whats	0.17	1.15
unfortunately	0.18	1.15
fuckin	0.18	1.20
hired	0.18	1.03
pills	0.18	0.92
pass	0.18	1.14
wrists	0.18	0.92
category	0.18	1.10
plane	0.18	0.89
jumping	0.18	1.23
part	0.18	2.82
ignorance	0.18	1.16
beer	0.18	0.82
signs	0.18	0.99
pool	0.18	0.90
norm	0.18	0.85
culture	0.18	0.81
employee	0.18	1.02
shops	0.18	0.91
purpose	0.19	1.26
iron	0.19	0.93
compare	0.19	1.03
having	0.19	1.10
eh	0.19	1.19
box	0.19	0.76
sized	0.19	0.85
glass	0.19	0.88
males	0.19	0.78
meat	0.19	0.77
y	0.19	1.02
built	0.19	0.87
plates	0.19	0.90
toe	0.19	0.95
limited	0.20	0.94
moderation	0.20	1.16
process	0.20	1.13
dropping	0.20	1.07
burger	0.20	0.86
comfortably	0.20	0.95
asleep	0.20	1.08
quit	0.20	0.86
bitter	0.20	1.03
hoping	0.20	1.64
user	0.20	1.73
poison	0.20	0.80
tumblrina	0.20	0.90
honest	0.20	1.81
cans	0.20	0.87
steps	0.20	1.07
shadow	0.20	0.85
vitamin	0.20	1.09
forehead	0.20	1.03
hah	0.21	1.04
internet	0.21	0.97
6'1	0.21	1.07
posters	0.21	1.55
pop	0.21	0.79
jar	0.21	0.85
fit	0.21	0.95
sumo	0.21	0.89
associated	0.21	1.03
munster	0.21	0.91
blood	0.21	1.02
n	0.21	0.95
christian	0.21	1.02
humor	0.21	1.10
amounts	0.21	0.93
drag	0.21	0.89
marriage	0.21	0.86
<URL>	0.21	0.81
<SPECIAL>	0.21	0.81
drawing	0.21	0.83
ptsd	0.21	1.00
crop	0.21	0.88
lap	0.21	0.92
attraction	0.21	0.86
r	0.22	1.01
whale	0.22	0.90
wall	0.22	0.98
naturally	0.22	0.97
nsfw	0.22	1.05
serving	0.22	1.05
reality	0.22	1.00
tall	0.22	1.01
landwhale	0.22	1.03
preach	0.22	0.93
checking	0.22	0.91
underwear	0.22	0.79
suits	0.22	0.77
6'4	0.22	1.08
japan	0.22	0.75
comfort	0.22	0.83
coke	0.22	0.83
hill	0.22	0.95
alot	0.23	0.97
average	0.23	1.10
acceptable	0.23	0.93
activity	0.23	0.92
costumes	0.23	0.73
business	0.23	1.24
selfies	0.23	1.10
butter	0.23	0.84
keto	0.23	1.02
fresh	0.23	0.87
gravity	0.23	0.94
court	0.23	0.91
dancing	0.23	0.99
bipolar	0.23	1.02
boot	0.23	0.85
chubby	0.23	1.12
irony	0.23	1.11
order	0.23	1.14
apple	0.23	0.83
lean	0.23	0.80
dates	0.23	0.96
rolling	0.24	1.02
law	0.24	0.94
swim	0.24	1.16
pot	0.24	0.84
scene	0.24	0.78
implies	0.24	1.04
cop	0.24	1.04
teenage	0.24	0.85
freedom	0.24	0.74
print	0.24	0.90
our	0.24	1.73
degrees	0.24	1.03
sauce	0.24	0.84
surely	0.24	1.10
god	0.24	1.62
eater	0.24	0.99
jump	0.24	0.95
lay	0.24	1.01
carrots	0.24	0.82
high	0.24	1.00
paper	0.24	0.81
stronger	0.25	1.16
received	0.25	1.30
realistic	0.25	0.85
clicked	0.25	1.02
salt	0.25	0.92
dumpster	0.25	0.88
adult	0.25	0.89
300lbs	0.25	1.14
curiosity	0.25	1.22
normal	0.25	1.19
followed	0.25	0.92
psychological	0.25	1.00
running	0.25	1.28
questions	0.25	1.62
lingerie	0.25	0.80
played	0.25	0.81
seek	0.25	1.07
national	0.25	0.82
ketchup	0.25	0.82
symptoms	0.25	1.05
brands	0.25	0.91
alcoholic	0.25	0.82
appeal	0.25	1.06
pepper	0.25	0.90
tbh	0.25	1.17
blocking	0.25	1.07
passing	0.26	0.94
anorexic	0.26	1.07
wine	0.26	0.83
maintenance	0.26	1.06
reported	0.26	0.98
t-shirt	0.26	0.85
bottles	0.26	0.82
bits	0.26	1.01
guessed	0.26	1.16
confirm	0.26	1.03
compliments	0.26	1.10
rack	0.26	1.03
lemon	0.26	0.92
despite	0.26	0.99
thus	0.26	0.89
amen	0.26	0.87
sleeping	0.26	1.25
commercial	0.26	1.01
bloody	0.26	1.00
i.e	0.26	0.90
bound	0.26	0.93
jack	0.26	0.86
paid	0.26	1.08
highschool	0.26	1.06
feelz	0.26	0.99
balance	0.26	1.05
turns	0.27	0.89
smaller	0.27	1.06
hearing	0.27	1.31
pants	0.27	0.90
audience	0.27	0.91
set	0.27	0.96
closer	0.27	1.06
tomatoes	0.27	0.85
lied	0.27	1.09
zone	0.27	0.88
school	0.27	0.94
author	0.27	1.22
practically	0.27	1.19
adds	0.27	0.98
driver	0.28	0.97
remove	0.28	1.71
thoughts	0.28	1.22
blown	0.28	0.94
processed	0.28	0.89
return	0.28	0.85
borderline	0.28	1.06
loaded	0.28	0.95
pole	0.28	0.93
6'3	0.28	1.10
identity	0.28	0.85
female	0.28	1.08
danger	0.28	0.92
lacking	0.28	0.89
horror	0.28	1.08
spinach	0.28	0.82
drank	0.28	0.83
keeping	0.29	1.06
stop	0.29	0.98
hmmm	0.29	0.96
tarp	0.29	0.95
leggings	0.29	0.82
caring	0.29	1.10
snowflake	0.29	0.92
major	0.29	0.93
hurting	0.29	1.03
spoon	0.29	0.96
sane	0.29	0.91
til	0.29	1.02
larger	0.29	1.07
overly	0.29	0.85
cheap	0.29	0.96
needed	0.29	1.40
killer	0.29	0.99
sensitive	0.29	1.28
tess	0.29	0.91
church	0.29	0.96
rice	0.29	0.81
religion	0.29	0.90
privileged	0.29	0.90
underneath	0.29	0.92
slices	0.29	1.03
base	0.30	1.04
reaching	0.30	1.10
nature	0.30	0.96
promise	0.30	1.24
fitting	0.30	0.77
bear	0.30	0.86
bears	0.30	0.99
uk	0.30	0.87
imagining	0.30	1.43
tend	0.30	1.01
barbie	0.30	0.97
disagree	0.30	1.56
travel	0.30	0.88
products	0.30	0.90
cigarettes	0.30	0.82
nsfl	0.30	1.01
gtfo	0.30	1.02
bodybuilder	0.30	1.00
caught	0.30	1.03
runner	0.30	1.06
asians	0.31	0.99
lets	0.31	1.36
selection	0.31	1.14
note	0.31	1.11
wider	0.31	1.01
male	0.31	0.95
fatso	0.31	0.92
downvotes	0.31	1.47
10/10	0.31	1.17
neckbeard	0.31	1.11
steak	0.31	0.83
send	0.31	1.34
project	0.31	0.82
result	0.31	1.07
department	0.31	1.03
feeling	0.31	1.65
saved	0.31	0.94
instant	0.32	0.96
slice	0.32	0.91
defined	0.32	0.92
damned	0.32	1.06
beetus	0.32	0.93
orders	0.32	0.89
purely	0.32	1.11
costume	0.32	0.80
heaven	0.32	0.95
bikini	0.32	0.79
starvation	0.32	0.73
subject	0.32	1.00
satire	0.32	1.29
supermarket	0.32	0.93
insurance	0.32	1.03
stands	0.32	0.99
paying	0.32	1.05
pregnant	0.32	1.28
boring	0.33	2.37
avoid	0.33	0.92
unrealistic	0.33	1.04
factory	0.33	0.88
test	0.33	0.96
tomato	0.33	0.86
ball	0.33	0.92
drinking	0.33	0.83
mac	0.33	0.92
busy	0.33	1.02
normally	0.33	1.18
height	0.33	1.12
rich	0.33	0.92
bottle	0.33	0.85
trip	0.33	1.00
oppressing	0.34	1.34
spending	0.34	1.18
powder	0.34	0.76
suicide	0.34	0.96
included	0.34	0.89
round	0.34	0.98
peanut	0.34	0.84
add	0.34	0.98
salad	0.34	0.86
debate	0.34	1.22
e	0.34	0.96
shudder	0.34	1.07
trail	0.34	1.21
athletes	0.34	0.90
mark	0.34	0.89
pizzas	0.34	0.78
forbid	0.35	1.18
mcdonald	0.35	1.01
pizza	0.35	0.81
gigantic	0.35	0.90
pull	0.35	1.06
fruit	0.35	0.84
humans	0.35	0.92
spare	0.35	0.99
ice	0.35	0.75
track	0.35	1.00
wat	0.35	0.88
mask	0.35	0.91
accepted	0.35	1.19
ahh	0.35	1.03
nuggets	0.35	0.94
pork	0.35	0.88
bananas	0.35	0.85
skirt	0.36	0.88
mountains	0.36	1.15
golden	0.36	0.95
art	0.36	0.95
use	0.36	1.69
drama	0.36	0.94
give	0.36	1.64
currently	0.36	0.93
charge	0.36	0.97
trailer	0.36	0.72
sailor	0.36	0.77
unit	0.36	0.89
whip	0.36	0.89
survival	0.36	0.92
wheel	0.36	0.88
target	0.36	0.90
replace	0.36	0.89
cart	0.36	0.77
appropriate	0.36	1.05
caption	0.36	1.08
dr	0.36	1.03
elite	0.36	0.90
eggs	0.37	0.82
c	0.37	0.97
budget	0.37	1.00
fed	0.37	0.80
chance	0.37	1.22
favor	0.37	0.93
action	0.37	1.00
field	0.37	0.88
perhaps	0.37	1.30
heat	0.37	0.83
dress	0.37	0.85
attractive	0.37	1.08
candy	0.37	0.75
cheek	0.37	0.89
keeps	0.37	1.39
search	0.37	1.16
opposite	0.37	1.06
snacks	0.37	0.89
non	0.37	0.85
morning	0.38	1.00
mode	0.38	1.00
laughing	0.38	1.36
progress	0.38	1.11
f	0.38	0.98
preference	0.38	1.02
post	0.38	1.64
fries	0.38	0.84
water	0.38	0.86
baby	0.38	0.88
meh	0.39	1.27
negative	0.39	1.11
alcohol	0.39	0.90
capable	0.39	1.10
beans	0.39	0.82
leading	0.39	0.94
occasional	0.39	0.91
stopping	0.39	0.88
tear	0.39	1.02
recommend	0.39	0.99
offer	0.39	1.32
success	0.39	1.15
sticking	0.39	1.04
bulking	0.39	0.85
photographer	0.39	0.93
americans	0.39	1.11
alive	0.39	1.16
dew	0.39	0.88
nobody	0.39	3.25
focused	0.39	1.05
toss	0.40	1.06
professional	0.40	1.00
weed	0.40	0.89
memory	0.40	0.79
chances	0.40	0.95
cupcakes	0.40	0.74
thin	0.40	1.23
length	0.40	0.94
maximum	0.40	0.98
ridiculously	0.40	0.91
cookies	0.40	0.74
shaming	0.40	1.16
young	0.40	0.79
event	0.40	0.86
corn	0.40	0.84
retail	0.40	1.10
heck	0.41	1.00
twinkies	0.41	0.90
veggies	0.41	0.85
plays	0.41	0.92
born	0.41	0.97
potentially	0.41	0.87
suggesting	0.41	1.50
report	0.41	0.97
princess	0.41	0.81
moon	0.41	0.86
atleast	0.41	1.20
broccoli	0.41	0.85
news	0.41	1.02
destroy	0.41	1.02
sense	0.41	1.12
steel	0.41	1.01
perfectly	0.41	1.16
meanwhile	0.41	0.85
underweight	0.41	1.16
write	0.42	1.00
sucked	0.42	0.87
split	0.42	0.98
stuffed	0.42	0.84
muscles	0.42	0.95
warning	0.42	1.05
sudden	0.42	0.93
finding	0.42	1.05
donuts	0.42	0.80
label	0.42	1.12
narrow	0.42	1.03
medicine	0.42	1.04
comedy	0.42	1.03
battle	0.42	0.96
wide	0.42	1.00
drink	0.42	0.87
hippo	0.43	0.93
belt	0.43	0.86
popular	0.43	0.95
cats	0.43	0.84
macs	0.43	0.97
college	0.43	0.99
soda	0.43	0.86
shirt	0.43	0.91
lunch	0.43	0.96
pissed	0.43	1.75
gravy	0.43	0.83
throwing	0.43	1.17
finally	0.43	1.32
plot	0.43	1.06
cookie	0.43	0.77
dollar	0.43	0.95
yesterday	0.44	1.12
bread	0.44	0.91
proof	0.44	1.29
starbucks	0.44	0.88
understanding	0.44	1.03
agreed	0.44	1.05
thru	0.44	1.13
mountain	0.44	0.98
ad	0.44	0.85
muffin	0.44	0.93
granted	0.44	1.00
breakfast	0.44	0.92
useful	0.44	0.91
experiences	0.44	1.03
strength	0.44	0.96
sits	0.44	1.09
embrace	0.44	0.95
l	0.45	0.97
spectrum	0.45	1.05
woah	0.45	1.25
neither	0.45	1.21
genuinely	0.45	1.38
oil	0.45	1.06
power	0.45	0.95
today	0.45	1.32
struggle	0.45	1.03
stripes	0.45	0.94
plain	0.45	1.02
plastic	0.45	0.96
suppose	0.45	1.19
sugar	0.45	0.90
h	0.45	0.94
attracted	0.45	1.01
groceries	0.45	0.98
nutella	0.45	1.02
juice	0.46	0.90
k	0.46	0.94
degree	0.46	0.98
aw	0.46	1.14
soup	0.46	0.84
player	0.46	0.91
ordered	0.46	0.77
mermaid	0.46	0.94
responses	0.46	1.18
hashtags	0.46	1.09
whipped	0.46	0.94
birth	0.46	1.04
perform	0.47	1.31
station	0.47	0.96
equivalent	0.47	0.97
bars	0.47	0.79
mothers	0.47	0.88
oppressed	0.47	1.40
sigh	0.47	0.95
release	0.47	0.98
depending	0.47	1.04
fyi	0.47	0.87
served	0.47	0.87
industry	0.47	0.89
raised	0.47	0.81
role	0.47	0.85
cheeseburger	0.47	0.90
mid	0.47	0.95
pasta	0.48	0.87
soccer	0.48	0.88
grilled	0.48	0.95
earned	0.48	0.99
while	0.48	0.98
build	0.48	0.98
anxiety	0.48	1.16
click	0.48	1.26
pies	0.48	0.78
bite	0.48	0.95
suck	0.48	1.21
salads	0.48	0.98
hot	0.48	0.99
extent	0.48	1.31
mexican	0.48	0.87
backs	0.48	0.93
turkey	0.48	0.83
wings	0.48	1.03
imaginary	0.48	1.09
nursing	0.48	0.95
reading	0.49	1.18
trolling	0.49	1.03
dog	0.49	0.85
cosplay	0.49	0.82
browsing	0.49	1.62
famous	0.49	0.89
beard	0.49	1.03
members	0.49	1.12
enjoyed	0.49	0.80
religious	0.49	0.93
expecting	0.49	0.83
jeez	0.49	1.26
ok	0.49	2.81
during	0.49	0.99
hes	0.50	1.12
specific	0.50	1.03
sake	0.50	1.05
knowing	0.50	1.25
pan	0.50	0.99
shoe	0.50	0.91
trick	0.50	0.92
partners	0.50	0.93
tests	0.50	0.97
jealous	0.50	1.30
sold	0.50	0.90
dig	0.50	1.02
younger	0.50	0.95
holds	0.50	1.14
greater	0.50	0.96
pt	0.50	0.97
irl	0.50	1.00
gives	0.50	1.31
designed	0.51	1.06
ripped	0.51	0.96
convinced	0.51	1.65
depression	0.51	1.11
created	0.51	1.05
design	0.51	0.86
chocolate	0.51	0.79
sticks	0.51	0.93
prevent	0.51	0.96
meds	0.51	1.17
win	0.51	1.15
hmm	0.51	1.22
mix	0.51	0.97
babe	0.51	1.11
apples	0.51	0.94
drinks	0.51	0.87
gyms	0.52	1.12
totally	0.52	2.15
yogurt	0.52	0.87
setting	0.52	0.95
banana	0.52	0.84
coworker	0.52	1.34
troll	0.52	1.27
laws	0.52	1.13
reduced	0.52	1.05
uncle	0.52	1.20
hamplanet	0.52	1.27
delusions	0.52	1.14
o	0.52	1.00
referred	0.53	1.11
painful	0.53	2.27
sleeves	0.53	0.91
tire	0.53	0.90
sandwich	0.53	0.97
deleted	0.53	1.56
raging	0.53	0.85
although	0.53	1.59
families	0.53	0.81
portion	0.54	0.94
alien	0.54	2.03
chips	0.54	0.79
vegetable	0.54	1.02
man	0.54	1.38
generation	0.54	0.91
students	0.54	1.03
phrase	0.54	1.17
emotionally	0.54	1.04
goals	0.54	1.19
football	0.54	0.85
stealing	0.54	0.99
expected	0.54	1.22
home	0.55	1.16
response	0.55	1.60
bull	0.55	0.83
hiking	0.55	1.04
curves	0.55	1.03
hardest	0.55	2.86
ban	0.55	1.50
shared	0.56	1.12
checked	0.56	0.99
quote	0.56	1.07
lmfao	0.56	0.95
ended	0.56	1.05
moral	0.56	1.15
share	0.56	1.30
protect	0.56	1.00
guns	0.56	0.92
staying	0.56	1.17
link	0.56	1.69
dance	0.56	0.76
circus	0.56	0.81
checks	0.56	1.05
tag	0.57	1.10
babies	0.57	0.73
mine	0.57	1.32
sources	0.57	1.28
product	0.57	0.98
walks	0.57	1.35
net	0.57	1.00
trouble	0.57	0.96
forward	0.57	0.97
burgers	0.57	0.89
creating	0.57	0.92
envy	0.57	1.15
kidding	0.58	2.26
muscular	0.58	0.99
filling	0.58	1.05
miserable	0.58	2.59
relatively	0.58	1.10
european	0.58	0.79
staff	0.58	0.98
separate	0.58	1.08
ai	0.58	1.34
play	0.58	1.00
chicken	0.58	0.92
existing	0.58	1.01
sarcastic	0.59	1.38
sweater	0.59	0.95
significant	0.59	0.95
surrounded	0.59	1.18
relationship	0.59	1.00
career	0.59	0.96
prepare	0.59	1.02
praise	0.59	0.98
beauty	0.59	0.86
250	0.59	1.26
er	0.59	1.05
gosh	0.60	1.10
da	0.60	1.02
queen	0.60	0.83
none	0.60	2.09
ready	0.60	1.57
sport	0.61	0.85
source	0.61	1.25
beyond	0.61	1.14
sells	0.61	0.84
list	0.61	0.91
accurate	0.61	1.22
horrified	0.61	1.40
amp	0.62	1.07
boat	0.62	1.16
anime	0.62	0.81
intended	0.62	1.17
muh	0.62	1.06
fish	0.62	0.88
sick	0.62	2.67
quiet	0.62	1.19
nutritional	0.62	1.04
description	0.62	1.08
loads	0.63	0.99
slim	0.63	1.06
shooting	0.63	0.96
cuz	0.63	1.19
political	0.63	1.01
trained	0.63	0.86
frozen	0.63	0.94
john	0.63	0.91
spit	0.63	1.12
etc	0.63	1.08
olive	0.63	1.15
attractiveness	0.63	0.79
meals	0.64	1.08
named	0.64	0.85
alternative	0.64	0.98
highly	0.64	1.00
boner	0.64	1.10
magazine	0.64	0.83
core	0.64	0.95
am	0.64	1.67
regarding	0.64	1.00
unnecessary	0.64	0.95
boom	0.64	0.96
stole	0.65	0.73
pro	0.65	0.94
snack	0.65	1.04
program	0.65	1.04
rant	0.65	1.00
free	0.65	1.21
usual	0.66	1.05
sooo	0.66	1.14
mah	0.66	1.04
lmao	0.66	1.03
doctor	0.66	1.55
father	0.66	1.17
karma	0.67	1.44
exclusively	0.67	0.91
beef	0.67	0.88
portions	0.67	1.05
murder	0.67	1.00
homemade	0.67	0.84
ooh	0.68	1.05
mostly	0.68	0.93
name	0.68	1.47
army	0.68	0.94
sports	0.68	0.78
biggest	0.69	2.84
jelly	0.69	0.95
bills	0.69	1.02
dream	0.69	0.97
daughter	0.69	1.10
dear	0.69	1.64
solely	0.69	0.92
respond	0.69	1.61
honor	0.69	1.03
dude	0.69	1.52
kg	0.69	1.27
votes	0.70	1.38
allows	0.70	0.99
nevermind	0.70	1.08
heh	0.70	1.00
general	0.70	0.89
messages	0.70	1.19
accounts	0.71	1.33
plan	0.71	1.10
pussy	0.71	0.96
pie	0.71	0.93
finds	0.71	3.10
therapy	0.71	1.07
background	0.71	0.90
gf	0.71	1.37
hashtag	0.71	1.24
describe	0.71	1.67
reasonably	0.71	1.11
refuses	0.72	3.24
duh	0.72	1.00
angry	0.72	2.72
address	0.72	1.04
upvoted	0.72	1.60
assuming	0.72	1.79
controlled	0.72	1.14
mother	0.72	1.16
tent	0.72	0.99
large	0.72	1.01
sadly	0.72	0.99
stays	0.72	1.05
bass	0.73	1.01
student	0.73	1.00
cuts	0.73	0.95
burst	0.73	1.10
meeting	0.73	1.04
contribute	0.73	1.11
accepting	0.74	1.09
status	0.74	1.08
1/2	0.74	1.31
foods	0.74	1.04
scientific	0.74	1.23
trainer	0.74	1.00
hee	0.74	0.91
influence	0.74	0.98
actual	0.74	1.31
beat	0.75	0.98
snow	0.75	0.92
sending	0.75	1.27
lonely	0.75	2.62
watching	0.75	0.98
environment	0.75	0.96
twist	0.75	0.87
sour	0.75	0.93
haters	0.75	1.25
climbing	0.76	1.04
defensive	0.76	1.51
kale	0.76	0.99
hunger	0.76	1.08
shake	0.76	0.98
flavor	0.77	1.06
study	0.77	1.21
standard	0.77	1.02
calls	0.77	3.03
thats	0.77	1.54
explains	0.77	0.98
easiest	0.77	2.72
vegan	0.77	0.81
u	0.77	1.22
teehee	0.78	1.04
saving	0.78	0.93
adding	0.78	0.90
comic	0.78	0.82
playing	0.78	1.00
dancer	0.78	0.97
wedding	0.78	0.94
packed	0.79	1.12
lady	0.79	1.15
riding	0.79	1.02
blind	0.79	1.36
ur	0.79	1.18
gif	0.79	1.07
addicted	0.79	1.11
dressed	0.81	0.84
moderate	0.81	1.08
tough	0.81	1.13
husband	0.81	1.40
schools	0.81	1.26
compared	0.82	0.99
text	0.82	1.00
typing	0.82	1.15
nail	0.82	0.90
mail	0.82	1.29
cream	0.82	0.89
doc	0.82	1.29
ultimate	0.82	1.08
false	0.82	1.03
athletic	0.82	1.08
toned	0.82	1.03
youtube	0.83	1.08
eaters	0.83	0.87
healthy	0.83	1.22
fried	0.83	0.95
boyfriend	0.83	1.34
lowest	0.83	2.74
everytime	0.83	0.94
family	0.83	1.19
policy	0.83	1.12
sugary	0.83	0.98
additional	0.83	1.03
comment	0.83	1.65
added	0.84	1.07
dad	0.84	1.29
hug	0.84	0.99
obsessed	0.84	0.80
egg	0.84	0.91
yea	0.84	1.48
update	0.85	1.03
daddy	0.85	1.10
videos	0.85	1.05
brother	0.85	1.24
quick	0.85	1.05
recall	0.85	0.96
cousin	0.85	1.24
ruined	0.85	1.05
competition	0.86	1.01
survive	0.86	1.03
bulk	0.86	0.85
professor	0.86	1.25
camp	0.86	0.89
huh	0.86	1.03
together	0.86	1.33
taught	0.86	1.47
type	0.87	1.24
greek	0.87	0.93
potatoes	0.87	0.94
sent	0.87	1.26
chinese	0.87	0.94
tired	0.87	1.92
suit	0.87	0.96
character	0.87	0.98
acts	0.87	0.99
views	0.87	1.20
justice	0.88	1.05
tonight	0.88	1.14
sarcasm	0.88	1.25
limits	0.88	0.95
class	0.88	1.29
yes	0.88	2.28
fatshaming	0.88	1.05
drunk	0.88	1.52
fry	0.89	1.06
disappointed	0.89	2.53
uniform	0.89	0.92
y'all	0.89	1.15
goodness	0.89	1.12
grade	0.89	1.21
taste	0.89	1.16
greatest	0.90	2.68
destroying	0.90	0.88
strange	0.90	1.92
coffee	0.91	0.96
milk	0.91	0.97
lesson	0.91	1.24
patriarchy	0.91	1.06
movie	0.91	0.90
small	0.91	1.12
french	0.91	1.01
halloween	0.91	1.02
context	0.92	1.39
google	0.92	1.12
cake	0.92	0.88
prefer	0.92	1.07
annoyed	0.92	1.78
american	0.92	0.92
secret	0.92	0.85
version	0.92	0.97
nutrition	0.92	1.33
loving	0.93	0.99
weather	0.93	0.98
skills	0.94	1.19
account	0.94	1.63
triggered	0.94	1.74
ingredients	0.94	1.07
night	0.94	1.22
cook	0.94	1.03
brand	0.94	1.01
ignored	0.94	1.26
writing	0.94	1.09
amongst	0.95	1.02
marketing	0.95	1.09
involve	0.95	1.18
t	0.95	1.08
chris	0.95	0.97
competitive	0.95	0.94
triggers	0.95	1.04
fancy	0.96	1.00
club	0.96	0.98
superior	0.96	0.94
shall	0.96	1.11
enjoying	0.96	0.90
game	0.96	1.10
australian	0.97	1.00
british	0.97	0.94
sooooo	0.97	1.01
relevant	0.97	1.18
figures	0.97	0.96
surprised	0.97	2.07
terms	0.97	1.39
wondering	0.97	1.84
freak	0.97	0.84
models	0.97	1.07
card	0.98	0.91
song	0.98	1.09
games	0.98	0.81
cartoon	0.98	1.01
o_o	0.98	1.08
watched	0.98	1.05
helped	0.99	1.25
compliment	0.99	1.01
suggest	0.99	1.13
article	0.99	1.18
particular	0.99	1.10
petite	0.99	1.08
truly	0.99	2.02
latter	0.99	1.08
fighting	1.00	1.14
tea	1.00	1.05
fixed	1.00	1.13
cooking	1.00	1.05
activities	1.00	1.03
book	1.00	0.89
tho	1.01	1.16
hobby	1.01	1.13
brothers	1.01	1.17
tee	1.01	1.00
bank	1.01	1.19
math	1.01	1.67
c'mon	1.02	1.23
style	1.02	0.76
motivation	1.02	1.11
depressed	1.02	2.85
community	1.03	1.27
mom	1.03	1.26
classes	1.03	1.14
former	1.03	2.21
disney	1.03	1.06
uh	1.04	1.20
xd	1.04	1.28
teaching	1.04	1.29
album	1.04	1.40
unhappy	1.04	2.77
athlete	1.04	0.99
mini	1.04	1.00
duty	1.04	1.01
title	1.04	1.28
sweets	1.05	0.95
channel	1.05	0.92
evening	1.05	1.25
bout	1.05	1.22
star	1.05	0.92
credit	1.06	1.05
mobile	1.06	1.33
solid	1.06	0.89
sister	1.06	1.34
delete	1.06	1.53
boss	1.07	2.36
nope	1.07	1.53
whilst	1.07	0.97
hitler	1.07	1.30
planning	1.07	1.10
fat-shaming	1.07	1.27
explaining	1.08	1.26
education	1.08	1.06
cups	1.08	0.99
honey	1.08	0.98
son	1.09	1.15
tool	1.09	0.96
lock	1.09	1.05
suggested	1.09	1.05
university	1.09	1.13
ms	1.09	0.96
letter	1.10	1.05
music	1.10	0.85
unique	1.10	1.10
rational	1.10	1.07
sample	1.10	1.17
dinner	1.10	1.12
pleasure	1.11	0.96
generous	1.11	1.07
inspired	1.11	1.10
lol	1.12	2.07
advice	1.12	1.35
member	1.13	1.01
victoria	1.13	0.97
nurse	1.13	1.26
wife	1.13	1.29
master	1.14	1.15
learning	1.14	1.57
cooked	1.14	1.01
parties	1.14	1.10
sides	1.14	1.12
summer	1.14	0.90
learn	1.14	1.55
mod	1.14	1.96
plenty	1.15	2.15
speech	1.15	0.99
movies	1.15	0.84
idk	1.15	1.22
dish	1.16	1.14
hardcore	1.16	1.06
goddess	1.16	1.09
speaking	1.16	1.29
cards	1.16	1.00
soft	1.16	1.02
merely	1.17	1.05
swole	1.17	1.26
quirky	1.18	1.04
imgur	1.18	1.44
dat	1.18	1.15
fatshion	1.18	1.19
omg	1.18	1.41
yup	1.18	1.23
tv	1.18	0.93
mr	1.18	1.02
documentary	1.18	0.88
ps	1.19	0.95
syrup	1.20	1.13
typo	1.20	1.40
terrified	1.20	1.78
classy	1.20	0.98
cakes	1.21	0.89
using	1.21	1.53
pls	1.21	1.23
ideas	1.21	1.12
teacher	1.21	1.23
message	1.23	1.24
original	1.23	1.36
potato	1.23	0.95
disgusted	1.24	2.75
nightmare	1.24	2.32
pm	1.24	1.64
roommate	1.24	1.31
video	1.24	0.98
dare	1.24	1.16
props	1.24	1.17
film	1.25	0.94
shes	1.25	1.13
model	1.25	0.96
referring	1.25	1.59
aspect	1.25	1.09
fun	1.26	2.01
mum	1.27	1.27
liking	1.27	2.12
grandmother	1.27	1.07
powerful	1.28	1.01
yo	1.28	1.16
classic	1.29	0.92
successful	1.29	0.96
halfway	1.29	1.02
tomorrow	1.30	1.20
teach	1.30	1.50
korean	1.31	0.97
edgy	1.31	1.00
weekend	1.31	1.31
meet	1.32	1.15
conscious	1.32	2.20
winter	1.32	0.83
aww	1.32	1.27
sounds	1.32	2.01
trigger	1.33	1.23
watch	1.34	1.15
runs	1.34	3.03
miss	1.34	1.08
hahahaha	1.34	1.26
gave	1.35	1.20
annoys	1.35	2.06
reasonable	1.35	1.13
googled	1.35	1.29
episode	1.35	0.98
jimmies	1.35	1.05
yours	1.36	1.07
definition	1.36	1.25
various	1.36	2.16
spends	1.37	2.58
buddy	1.37	1.05
amazed	1.37	1.70
another	1.37	2.41
handsome	1.38	1.06
curvy	1.38	1.21
guessing	1.38	1.66
narcissism	1.38	2.43
shows	1.38	0.96
baked	1.39	1.11
edited	1.39	1.10
desirable	1.40	1.00
aunt	1.40	1.06
brings	1.40	2.71
includes	1.40	1.00
shocked	1.41	1.96
ruin	1.42	2.37
dessert	1.44	1.22
signed	1.44	1.04
sisters	1.44	1.27
job	1.45	1.47
tree	1.45	0.91
deliver	1.46	1.25
moment	1.46	2.19
mods	1.47	1.56
liked	1.47	2.38
life	1.48	2.02
disgusts	1.48	2.11
japanese	1.49	0.97
ladies	1.49	1.23
apologize	1.50	1.18
spring	1.51	0.86
opportunity	1.51	1.11
recipes	1.53	1.14
meaning	1.54	1.62
expert	1.54	1.23
scared	1.54	2.03
events	1.55	2.61
addition	1.56	1.04
answer	1.58	3.13
collarbones	1.58	1.17
alright	1.58	1.49
profit	1.59	2.74
offended	1.60	1.91
natural	1.61	1.06
hello	1.62	1.25
lesbian	1.62	1.25
key	1.64	1.32
oops	1.64	1.30
concerned	1.65	1.46
stopped	1.66	2.40
santa	1.66	1.16
bringing	1.66	2.55
womyn	1.66	1.21
owner	1.67	2.49
helping	1.67	2.58
vet	1.68	2.56
yep	1.69	1.52
independent	1.70	1.24
upvote	1.70	1.52
sentence	1.71	1.77
slender	1.72	1.07
journey	1.74	1.18
cock	1.75	2.36
laugh	1.75	2.02
worries	1.77	1.30
misery	1.77	2.37
bill	1.78	0.97
crazy	1.78	1.94
company	1.78	2.56
polite	1.78	2.32
hey	1.79	1.97
grotesque	1.79	1.78
nah	1.80	1.48
verified	1.80	1.68
changed	1.81	2.60
sassy	1.81	1.09
comfortable	1.82	2.46
starting	1.83	2.30
jesus	1.84	1.84
inspiration	1.85	1.43
reference	1.85	1.09
holiday	1.86	1.30
hungry	1.86	2.66
ya	1.87	1.66
single	1.88	2.41
sandwiches	1.89	2.80
incredible	1.90	1.83
gift	1.91	0.99
pure	1.91	2.61
meant	1.91	2.78
sexy	1.91	1.16
missed	1.91	1.30
horrifying	1.91	1.79
intelligent	1.92	1.10
damnit	1.92	1.28
reply	1.92	1.63
lords	1.93	1.26
dangerous	1.94	2.55
hourglass	1.96	1.14
loud	1.96	2.04
forgot	1.96	1.43
impressed	1.97	1.74
german	1.97	1.47
canadian	1.98	1.01
guilt	2.01	2.08
ha	2.01	1.41
sorry	2.02	1.79
motivated	2.02	2.32
happier	2.02	2.27
mate	2.03	1.27
fierce	2.03	1.17
kept	2.05	2.34
prime	2.06	0.96
lord	2.06	1.23
bless	2.06	1.13
ashamed	2.06	2.51
personalities	2.07	1.98
associate	2.09	2.18
aware	2.09	2.31
hi	2.10	1.22
ignoring	2.11	2.58
shitladies	2.14	1.51
wishes	2.14	2.14
r/punchablefaces	2.14	2.09
language	2.17	1.74
boys	2.17	2.12
active	2.18	2.24
bored	2.19	2.39
friends	2.22	2.24
closest	2.22	2.07
valid	2.22	2.47
code	2.24	1.03
rock	2.25	2.27
luck	2.25	1.45
happiness	2.25	2.05
logical	2.26	2.37
alert	2.26	1.81
girlfriend	2.28	2.28
yay	2.28	1.33
ruining	2.30	1.97
points	2.31	2.49
confident	2.33	2.26
cashier	2.34	2.17
outside	2.34	2.37
native	2.36	1.28
potential	2.36	2.11
safe	2.37	1.97
upset	2.37	2.42
given	2.37	2.21
fine	2.38	2.59
afraid	2.42	2.27
speak	2.44	2.75
familiar	2.46	1.75
massive	2.48	1.94
imo	2.49	1.90
didnt	2.51	1.96
sir	2.52	1.34
warm	2.55	2.09
hilarious	2.57	1.83
excited	2.57	2.22
kiss	2.58	2.05
correctly	2.59	2.74
username	2.59	1.30
oh	2.59	1.75
interview	2.60	1.87
apologies	2.61	2.15
hang	2.63	2.04
wow	2.66	1.79
spell	2.68	2.84
curious	2.68	2.21
friend	2.70	2.04
fake	2.71	1.81
main	2.72	1.81
ah	2.73	1.49
good	2.74	1.91
cute	2.74	1.64
tiny	2.75	1.99
big	2.77	1.88
worried	2.78	2.24
series	2.78	1.83
words	2.79	2.62
show	2.79	1.88
fan	2.80	2.05
term	2.80	2.52
future	2.80	1.82
magical	2.80	1.72
dammit	2.81	1.88
welcome	2.81	1.50
holidays	2.83	2.42
calm	2.83	1.84
celebrate	2.84	2.22
spelling	2.85	2.56
clever	2.87	1.61
educate	2.88	1.95
ideal	2.89	1.65
educated	2.90	2.00
party	2.90	2.34
p	2.92	1.53
giving	2.92	1.90
important	2.93	1.67
subtle	2.94	1.59
thanksgiving	2.94	2.34
season	2.95	1.85
friendly	2.98	1.70
tastes	2.98	1.78
favorite	2.98	1.85
english	2.98	2.59
grammar	2.98	2.61
epic	3.01	1.69
brave	3.02	1.79
strong	3.05	1.99
fedora	3.05	1.87
beautiful	3.07	1.81
tasty	3.08	1.86
adorable	3.09	1.67
congrats	3.11	1.33
ta	3.12	1.73
prepared	3.12	1.67
especially	3.13	1.83
gods	3.15	1.53
impressive	3.17	1.51
word	3.17	2.43
favourite	3.19	1.65
helpful	3.19	1.55
bro	3.23	1.71
confused	3.24	2.28
birthday	3.25	2.14
cheers	3.25	1.74
proper	3.27	2.19
example	3.28	1.59
recipe	3.29	2.07
smart	3.29	1.54
grandma	3.30	1.82
jacket	3.30	1.97
shitlording	3.33	1.60
wise	3.34	1.50
vs	3.35	1.67
nicely	3.36	1.61
congratulations	3.36	1.62
enjoy	3.38	1.59
coat	3.39	1.86
oven	3.40	2.06
edit	3.41	2.01
cool	3.41	1.88
hat	3.42	1.83
gold	3.44	1.77
sweet	3.46	1.74
op	3.48	1.80
christmas	3.50	1.88
casual	3.53	1.59
oversized	3.55	1.92
helps	3.56	1.74
match	3.57	1.43
tips	3.60	1.67
glorious	3.64	1.53
lucky	3.66	1.93
sharing	3.74	1.49
hero	3.75	1.54
books	3.78	1.68
btw	3.79	1.62
shitlords	3.83	1.82
wonderful	3.88	1.56
interested	3.90	1.75
decent	3.92	1.45
flair	3.97	1.54
hahaha	3.99	1.66
thanks	4.02	1.56
glad	4.03	1.80
fabulous	4.06	1.59
interesting	4.06	1.52
shitlord	4.13	1.54
shitlady	4.13	1.53
albums	4.15	1.64
lovely	4.16	1.33
proud	4.17	1.31
lt	4.20	1.49
tip	4.21	1.28
delicious	4.29	1.67
badass	4.32	1.11
brilliant	4.33	1.52
appreciate	4.37	1.23
new	4.39	1.67
gorgeous	4.46	1.48
therapist	4.49	1.41
present	4.50	1.33
haha	4.56	1.41
great	4.64	1.05
thank	4.66	1.28
fellow	4.67	1.21
perfect	5.13	1.10
excellent	5.14	0.88
