messed	-4.05	0.79
disgusting	-3.99	0.91
strange	-3.88	1.11
human	-3.87	1.44
imagine	-3.87	1.48
hateful	-3.83	0.91
horrid	-3.78	1.37
pathetic	-3.74	1.23
vile	-3.70	1.35
smelled	-3.69	1.26
bothers	-3.68	1.15
ugh	-3.66	0.85
beings	-3.54	1.58
bitchy	-3.50	0.90
gross	-3.49	0.94
smell	-3.47	1.11
such	-3.44	1.24
abusive	-3.42	1.43
toxic	-3.38	1.24
worthless	-3.37	1.29
useless	-3.37	1.28
miserable	-3.33	1.46
poor	-3.32	1.40
dirty	-3.31	1.21
hating	-3.27	1.26
horrific	-3.26	1.46
pisses	-3.17	1.10
mess	-3.14	1.22
ridiculous	-3.12	1.34
unpleasant	-3.03	1.36
cunt	-3.02	1.30
wet	-2.98	1.31
addictive	-2.95	1.25
infection	-2.93	1.66
greasy	-2.92	1.32
cleaning	-2.92	1.63
elementary	-2.92	1.87
monster	-2.91	1.46
bullied	-2.90	1.64
disrespectful	-2.89	1.11
whose	-2.88	1.60
moms	-2.87	1.70
happening	-2.87	2.43
sweat	-2.87	1.23
evil	-2.86	1.40
soap	-2.85	1.61
assholes	-2.84	1.34
complained	-2.84	1.80
touching	-2.83	1.59
growing	-2.82	1.72
grease	-2.80	1.77
stupid	-2.79	1.29
shitty	-2.76	1.58
bacteria	-2.73	1.46
bad	-2.72	1.61
hurt	-2.72	1.31
horrifying	-2.71	1.44
gag	-2.70	1.10
itself	-2.70	1.48
guilty	-2.70	1.44
bullshit	-2.70	1.32
fat	-2.69	1.82
cart	-2.67	1.94
tap	-2.66	1.66
drives	-2.65	1.35
sack	-2.64	1.05
shame	-2.63	1.79
wondering	-2.62	1.90
harsh	-2.60	1.38
wonder	-2.60	2.39
plenty	-2.58	2.19
bizarre	-2.57	1.51
dislike	-2.56	1.35
piece	-2.55	1.06
rotten	-2.52	0.74
many	-2.51	2.12
tasted	-2.51	1.39
people	-2.51	2.30
fucker	-2.50	1.54
fatties	-2.50	1.81
artificial	-2.49	1.74
smells	-2.49	0.89
cater	-2.46	1.75
experience	-2.46	2.01
negative	-2.45	1.47
experienced	-2.45	1.90
weird	-2.44	1.61
lazy	-2.43	0.92
manipulative	-2.41	0.97
fucked	-2.40	1.60
encountered	-2.38	2.14
selfish	-2.38	0.94
sweaty	-2.37	0.91
rude	-2.36	0.89
vicious	-2.36	1.53
damaging	-2.34	1.59
waste	-2.32	1.05
generation	-2.31	1.61
seen	-2.31	2.65
literally	-2.30	2.45
obnoxious	-2.29	0.92
jerks	-2.28	0.93
blah	-2.27	1.50
unaware	-2.26	1.61
feminist	-2.25	1.92
ruining	-2.23	1.68
swear	-2.23	1.78
most	-2.23	2.52
terrifying	-2.21	1.55
annoying	-2.21	1.52
heard	-2.19	2.59
excuse	-2.18	1.03
greedy	-2.16	0.97
poisoning	-2.15	1.68
feminism	-2.14	1.93
sticky	-2.13	1.82
desperate	-2.10	1.74
enabling	-2.10	1.54
secretly	-2.07	2.06
fattest	-2.07	2.30
sick	-2.05	1.76
cunts	-2.05	1.01
little	-2.04	2.06
petty	-2.04	0.93
painful	-2.03	1.97
entitled	-2.02	0.98
feminists	-2.02	2.06
embarrassing	-2.01	1.66
boring	-2.00	1.71
makes	-1.99	1.91
bitter	-1.98	1.63
lying	-1.96	2.37
opposite	-1.95	1.85
pile	-1.95	0.93
believes	-1.94	1.97
exists	-1.94	1.06
cringe	-1.94	1.75
fat-logic	-1.94	1.87
disgust	-1.93	1.76
largest	-1.91	2.09
oblivious	-1.90	1.86
automatically	-1.90	1.72
ignorant	-1.90	1.01
act	-1.87	1.00
odd	-1.86	1.43
surprising	-1.84	1.88
fascinating	-1.84	1.67
unbelievable	-1.83	1.53
uncomfortable	-1.82	1.85
hatred	-1.82	1.93
delusional	-1.80	1.01
brat	-1.80	0.98
directed	-1.77	1.89
sociopath	-1.77	1.08
narcissistic	-1.76	1.08
unattractive	-1.76	1.94
crappy	-1.75	1.06
described	-1.75	1.75
dealt	-1.74	1.44
homeless	-1.73	0.96
total	-1.73	0.99
exist	-1.73	2.21
sooooo	-1.73	1.76
pee	-1.73	1.06
grief	-1.73	1.65
kinds	-1.71	1.20
sucked	-1.71	1.74
cooks	-1.71	1.89
pms	-1.70	1.84
species	-1.70	0.97
deal	-1.70	2.12
clean	-1.70	1.11
memory	-1.70	1.75
bunch	-1.69	1.51
matters	-1.68	2.41
abused	-1.68	0.99
existence	-1.68	1.07
everywhere	-1.67	1.09
pity	-1.65	1.75
blob	-1.64	1.02
angry	-1.64	2.20
ill	-1.63	1.19
disturbing	-1.61	1.67
justify	-1.61	1.27
cruel	-1.61	1.09
frustrating	-1.61	1.90
interact	-1.60	1.46
tastes	-1.59	1.10
crap	-1.59	1.56
gigantic	-1.59	1.04
none	-1.59	1.45
bitch	-1.59	1.14
shocking	-1.59	1.76
sort	-1.58	1.48
laundry	-1.57	1.01
flow	-1.57	1.83
bastards	-1.56	0.97
damaged	-1.56	1.05
bitches	-1.56	1.18
behavior	-1.56	1.06
depressed	-1.55	1.97
attitude	-1.55	1.02
memories	-1.55	1.63
hundreds	-1.54	1.16
dumb	-1.54	1.11
asshole	-1.54	1.15
racist	-1.54	1.07
spoiled	-1.51	0.97
insensitive	-1.49	1.12
permission	-1.48	1.40
variety	-1.47	1.03
jar	-1.47	0.99
treated	-1.47	0.99
weak	-1.47	1.12
hurts	-1.45	1.04
planets	-1.45	1.10
especially	-1.44	1.67
addicts	-1.44	1.10
breath	-1.44	1.01
folds	-1.44	1.06
utter	-1.44	0.95
known	-1.43	2.33
unusual	-1.43	1.00
creatures	-1.43	0.97
avoided	-1.43	1.53
behaviour	-1.43	1.11
complete	-1.43	1.00
rage	-1.42	1.88
hard	-1.42	2.43
enable	-1.41	1.26
garbage	-1.41	1.11
offended	-1.41	2.17
dream	-1.41	1.89
wash	-1.40	1.25
dick	-1.40	1.95
unhealthy	-1.40	1.01
fault	-1.40	3.38
animal	-1.40	1.05
certain	-1.39	1.47
pig	-1.39	1.00
various	-1.39	1.60
giant	-1.38	1.11
decent	-1.38	1.90
several	-1.37	1.65
idiot	-1.37	1.12
parent	-1.37	1.14
absurd	-1.37	1.34
alert	-1.37	2.02
liar	-1.37	1.16
shower	-1.36	1.06
alot	-1.36	1.78
hams	-1.35	1.43
jerk	-1.34	0.94
creepy	-1.34	1.83
excuses	-1.34	1.29
emotionally	-1.33	1.15
attract	-1.32	1.20
geez	-1.32	1.61
their	-1.32	1.35
prove	-1.31	3.13
goddamn	-1.31	1.82
judged	-1.31	1.39
idiots	-1.31	1.20
cow	-1.31	1.08
humans	-1.31	1.06
numerous	-1.30	1.88
poop	-1.30	1.05
handle	-1.30	2.10
mentally	-1.29	1.26
wants	-1.29	2.65
display	-1.29	1.01
fathom	-1.29	2.19
mayo	-1.28	1.02
doesnt	-1.28	2.43
hamplanets	-1.28	1.44
choices	-1.28	1.19
bored	-1.28	2.08
mad	-1.28	2.17
fatass	-1.28	1.14
killing	-1.26	1.28
understand	-1.26	3.01
shamed	-1.26	1.38
logic	-1.26	1.31
moron	-1.26	1.51
huge	-1.26	1.25
sore	-1.25	1.18
basically	-1.25	3.13
fa	-1.25	1.20
oxygen	-1.25	1.10
badly	-1.25	1.24
difficult	-1.25	2.13
mayonnaise	-1.25	1.03
acting	-1.25	1.12
whining	-1.25	1.41
decisions	-1.25	1.24
wave	-1.25	1.24
tells	-1.25	2.60
pissed	-1.24	2.04
exhausted	-1.24	1.34
hand	-1.24	1.33
intention	-1.24	3.19
worse	-1.24	2.09
deluded	-1.24	1.20
delicious	-1.24	1.95
kid	-1.23	1.18
react	-1.23	1.62
ever	-1.22	3.15
doritos	-1.22	0.94
kids	-1.22	1.51
hungry	-1.22	1.52
retarded	-1.22	1.22
other	-1.21	2.08
register	-1.21	1.31
organs	-1.21	1.14
thankfully	-1.21	1.30
dangerous	-1.21	1.20
clear	-1.21	2.09
blow	-1.21	1.19
multiple	-1.21	1.58
bland	-1.21	1.07
tolerate	-1.21	1.67
truth	-1.20	1.93
harmful	-1.20	1.55
dressing	-1.20	1.04
lonely	-1.20	2.13
fortunately	-1.20	1.53
asks	-1.19	2.67
kinda	-1.19	1.93
hurting	-1.19	1.48
thinks	-1.19	2.45
an	-1.19	1.22
witnessed	-1.19	1.94
narcissist	-1.19	1.19
intentionally	-1.18	2.73
improved	-1.18	1.79
tired	-1.18	1.60
possibly	-1.18	1.84
normal	-1.18	1.27
lots	-1.18	1.57
obviously	-1.18	3.46
refuses	-1.18	2.66
adult	-1.18	1.13
said	-1.18	3.60
taste	-1.18	1.10
abusing	-1.18	1.16
important	-1.17	2.11
feelings	-1.17	1.29
dry	-1.17	1.10
twisted	-1.17	1.19
eaten	-1.16	1.79
violent	-1.16	1.08
catch	-1.16	1.86
guilt	-1.16	1.04
occur	-1.16	2.36
ptsd	-1.16	1.17
attacked	-1.16	1.16
sexist	-1.16	1.01
sees	-1.15	2.67
hands	-1.15	1.32
absolute	-1.15	2.27
existing	-1.15	1.32
comprehend	-1.15	2.02
scare	-1.15	1.04
felt	-1.15	1.79
via	-1.15	1.92
functioning	-1.15	1.07
being	-1.15	1.60
fucks	-1.14	1.26
punished	-1.14	1.30
creep	-1.14	1.06
brush	-1.14	1.10
addicted	-1.14	1.36
separate	-1.14	1.12
ew	-1.14	1.04
neglect	-1.13	1.21
severely	-1.13	1.15
parenting	-1.13	1.08
often	-1.13	1.72
believe	-1.13	3.16
yikes	-1.13	1.63
barely	-1.13	1.63
equal	-1.12	1.24
ankle	-1.12	1.23
behaviors	-1.12	1.20
touched	-1.12	1.37
ranch	-1.12	1.05
eats	-1.12	2.69
activists	-1.11	1.48
commonly	-1.11	1.44
cope	-1.11	1.71
fried	-1.11	1.01
mind	-1.11	3.77
starving	-1.11	1.46
actions	-1.11	1.42
manage	-1.10	1.97
satire	-1.10	3.40
infuriating	-1.10	1.79
common	-1.10	1.27
explain	-1.10	2.38
massive	-1.09	0.99
gravy	-1.09	0.98
remember	-1.09	2.81
physically	-1.09	1.24
island	-1.09	1.34
interested	-1.08	2.83
pain	-1.08	1.39
bully	-1.08	1.17
didnt	-1.08	1.85
those	-1.08	1.84
abuse	-1.08	1.20
matter	-1.07	3.97
relationship	-1.06	1.23
called	-1.06	1.96
acted	-1.06	1.24
dying	-1.06	1.27
explode	-1.06	1.35
wondered	-1.06	1.88
tons	-1.05	1.44
cared	-1.05	2.09
themselves	-1.05	1.88
starve	-1.05	1.85
warnings	-1.05	1.25
ve	-1.05	2.57
never	-1.05	2.88
calling	-1.05	1.40
washed	-1.04	1.43
created	-1.04	1.17
says	-1.04	2.33
understands	-1.04	1.71
decision	-1.04	1.47
talked	-1.04	2.10
addiction	-1.04	1.44
deserves	-1.03	1.46
failure	-1.03	1.30
pets	-1.03	1.21
chuckle	-1.03	2.07
encounter	-1.03	1.63
horribly	-1.03	1.37
complaints	-1.03	1.52
fatlogic	-1.02	1.53
unfair	-1.02	1.55
insecurities	-1.02	1.52
landwhale	-1.02	1.13
responded	-1.02	3.26
talks	-1.02	2.07
although	-1.02	3.55
couple	-1.02	1.70
stand	-1.01	2.30
completely	-1.01	1.69
survive	-1.01	1.25
done	-1.01	3.66
doubt	-1.01	2.73
injuries	-1.01	1.22
douche	-1.01	1.08
screw	-1.00	1.16
failing	-1.00	1.46
situation	-1.00	2.66
world	-1.00	2.15
lives	-1.00	1.22
touch	-1.00	1.85
unreasonable	-1.00	1.27
pure	-0.99	1.01
shaming	-0.99	1.46
without	-0.99	1.72
adopt	-0.99	1.43
some	-0.99	2.37
likes	-0.99	2.66
met	-0.99	2.13
ive	-0.99	2.06
bother	-0.99	2.57
knowing	-0.99	2.04
confused	-0.99	2.36
worrying	-0.98	1.74
dump	-0.98	1.34
justified	-0.98	1.34
texture	-0.98	1.72
reality	-0.98	1.54
feeling	-0.98	1.78
anybody	-0.98	2.40
however	-0.98	2.94
realize	-0.98	3.36
death	-0.97	1.54
drug	-0.97	1.18
blame	-0.97	2.02
convince	-0.97	1.99
general	-0.97	1.22
shitting	-0.97	0.96
feels	-0.97	1.87
rights	-0.97	1.29
stuff	-0.97	2.28
remotely	-0.97	2.11
serves	-0.97	1.12
figure	-0.97	2.83
enabler	-0.97	1.24
nature	-0.97	1.15
screwed	-0.97	1.23
where	-0.96	3.85
privileged	-0.96	1.36
yup	-0.96	1.14
had	-0.96	2.77
fact	-0.96	4.03
uncommon	-0.96	1.31
mean	-0.96	4.05
blatant	-0.96	1.18
utterly	-0.96	1.21
forces	-0.96	1.11
result	-0.95	1.27
shaking	-0.95	1.21
piss	-0.95	1.18
missing	-0.95	3.21
few	-0.95	1.88
unnecessary	-0.95	1.40
problem	-0.95	3.77
differently	-0.95	1.40
applied	-0.95	1.40
seem	-0.95	2.92
similar	-0.94	1.85
there	-0.94	3.80
told	-0.94	2.31
ton	-0.94	1.44
movement	-0.94	1.47
anyone	-0.94	2.95
dishes	-0.94	1.31
acceptance	-0.94	1.48
belief	-0.94	1.58
animals	-0.94	1.06
concept	-0.94	1.34
versus	-0.94	1.06
idk	-0.93	1.55
happened	-0.93	3.17
scooters	-0.93	1.33
rejected	-0.93	1.23
equality	-0.93	1.38
anna	-0.93	1.31
how	-0.93	3.31
dealing	-0.93	1.45
handful	-0.93	1.21
fupa	-0.93	1.10
tries	-0.93	2.18
offenders	-0.93	1.79
incredibly	-0.93	1.45
rarely	-0.93	1.18
witness	-0.93	1.15
teenagers	-0.92	1.40
ignorance	-0.92	1.19
wasted	-0.92	1.34
mistaken	-0.92	2.55
gotten	-0.92	2.31
contain	-0.92	1.42
question	-0.92	3.45
personality	-0.92	1.33
hambeasts	-0.91	1.11
smokers	-0.91	1.17
rolls	-0.91	1.12
others	-0.91	1.83
sjw	-0.91	1.46
nobody	-0.91	2.32
injury	-0.91	1.52
damage	-0.91	1.33
different	-0.91	1.39
lot	-0.91	2.61
breathe	-0.90	1.55
drugs	-0.90	1.25
cant	-0.90	2.15
lies	-0.90	1.46
scary	-0.90	1.62
what	-0.90	3.97
vary	-0.90	1.25
supposed	-0.90	4.02
mothers	-0.89	1.21
shit	-0.89	1.87
afford	-0.89	1.74
sheer	-0.89	1.28
existed	-0.89	2.12
annoyed	-0.89	1.79
happen	-0.89	3.25
toss	-0.89	1.29
obvious	-0.88	1.73
sausage	-0.88	1.15
own	-0.88	1.75
political	-0.88	1.37
tend	-0.88	1.62
claim	-0.87	1.75
means	-0.87	4.01
does	-0.87	3.23
dare	-0.87	1.65
basic	-0.87	1.35
express	-0.87	1.38
heroin	-0.87	1.23
flavor	-0.87	1.22
anything	-0.87	3.21
shudder	-0.87	1.06
necessarily	-0.87	2.19
grow	-0.86	1.59
proven	-0.86	2.09
things	-0.86	2.74
been	-0.86	2.75
flavors	-0.86	1.18
thousands	-0.86	1.51
stupidity	-0.86	1.33
exactly	-0.86	4.03
individual	-0.86	1.33
mock	-0.86	1.18
somebody	-0.86	2.07
smoke	-0.86	1.27
joints	-0.86	1.27
childhood	-0.85	1.23
himself	-0.85	1.81
believing	-0.85	1.55
die	-0.85	1.89
decides	-0.85	2.18
deadly	-0.85	1.12
friendship	-0.85	1.11
75	-0.85	1.31
autistic	-0.84	1.22
difficulty	-0.84	1.31
selection	-0.84	1.31
types	-0.84	1.51
seems	-0.84	2.08
assaulted	-0.84	1.36
bit	-0.84	2.43
vomit	-0.84	1.19
them	-0.84	3.01
any	-0.84	3.02
sounds	-0.84	1.79
gender	-0.84	1.41
including	-0.83	1.54
returned	-0.83	1.34
gives	-0.83	1.39
stretched	-0.83	1.18
afraid	-0.83	2.73
stress	-0.83	1.41
gone	-0.83	2.67
chemical	-0.83	1.37
needs	-0.83	2.10
addict	-0.83	1.22
difference	-0.83	2.82
clue	-0.83	2.15
expect	-0.83	2.42
21	-0.82	1.34
saying	-0.82	4.06
meth	-0.82	1.25
privilege	-0.82	1.43
etc	-0.82	1.35
rub	-0.82	1.28
bag	-0.82	1.16
european	-0.82	1.41
nonsense	-0.82	1.40
haes	-0.82	1.50
blaming	-0.82	1.51
kfc	-0.82	1.24
terribly	-0.82	1.83
learned	-0.81	1.75
properly	-0.81	1.85
depends	-0.81	1.86
demanding	-0.81	1.25
suffered	-0.81	1.38
else	-0.81	2.81
children	-0.81	1.42
going	-0.81	4.00
absolutely	-0.81	1.78
were	-0.81	2.94
shallow	-0.81	1.13
pretend	-0.80	2.83
destroy	-0.80	1.34
violence	-0.80	1.20
load	-0.80	1.29
fatness	-0.80	1.31
filled	-0.80	0.93
tried	-0.80	2.85
involved	-0.80	1.50
insisted	-0.80	1.96
relate	-0.80	1.62
trouble	-0.80	1.55
suffer	-0.80	1.38
bags	-0.80	1.11
whales	-0.79	1.21
forget	-0.79	2.81
awkward	-0.79	1.15
luckily	-0.79	1.49
cigarette	-0.79	1.20
spine	-0.79	1.31
lard	-0.79	1.06
salt	-0.79	1.28
entitlement	-0.79	1.29
shown	-0.79	1.54
dog	-0.79	1.16
sound	-0.79	1.78
happens	-0.79	2.34
responsible	-0.78	1.56
behave	-0.78	1.30
bathroom	-0.78	1.32
isnt	-0.78	1.83
thin	-0.78	1.45
majority	-0.78	1.50
alcoholic	-0.78	1.20
designed	-0.78	1.44
living	-0.78	1.54
biscuits	-0.78	1.03
ate	-0.78	1.63
re	-0.78	3.98
trying	-0.77	3.11
someone	-0.77	2.78
whether	-0.77	2.32
whenever	-0.77	1.78
controlling	-0.77	1.31
yet	-0.77	2.95
solve	-0.77	2.01
wrap	-0.77	1.32
curious	-0.77	2.39
bleeding	-0.77	1.36
complications	-0.77	1.47
ass	-0.77	1.32
coma	-0.77	1.38
dramatic	-0.77	1.58
reasoning	-0.76	1.59
anymore	-0.76	3.20
bodies	-0.76	1.17
point	-0.76	4.03
fatshaming	-0.76	1.45
bite	-0.76	1.39
make	-0.76	2.61
depressing	-0.76	1.82
no	-0.76	3.82
everyone	-0.76	2.78
upset	-0.76	1.76
has	-0.76	2.65
anorexic	-0.76	1.41
injured	-0.76	1.22
affected	-0.76	1.26
vomiting	-0.76	1.34
teenage	-0.76	1.27
because	-0.76	4.04
simply	-0.76	2.90
sense	-0.76	2.51
triggers	-0.76	1.44
narcissism	-0.76	1.36
recognize	-0.75	1.92
cleaned	-0.75	1.60
bitching	-0.75	1.88
responsibility	-0.75	1.75
crazy	-0.75	1.62
cows	-0.75	1.13
spoon	-0.75	1.28
save	-0.75	1.65
unless	-0.75	3.67
grasp	-0.75	1.47
ca	-0.75	3.16
wipe	-0.75	1.35
inability	-0.75	1.97
capable	-0.75	1.22
kill	-0.74	1.93
noticed	-0.74	2.28
cities	-0.74	1.67
issue	-0.74	2.79
normally	-0.74	1.69
safely	-0.74	1.98
relief	-0.74	1.66
wasting	-0.73	1.23
sink	-0.73	1.33
empathy	-0.73	1.30
taught	-0.73	1.29
bomb	-0.73	1.24
two	-0.73	1.68
relationships	-0.73	1.17
particularly	-0.73	1.72
fingers	-0.73	1.20
realise	-0.73	3.19
emotions	-0.73	1.74
danger	-0.73	1.33
tags	-0.73	1.59
earth	-0.73	1.48
complain	-0.73	1.95
feeding	-0.73	1.25
defensive	-0.73	1.44
dont	-0.73	2.43
drain	-0.72	1.36
false	-0.72	1.89
attack	-0.72	1.45
myth	-0.72	1.67
somewhat	-0.72	1.97
among	-0.72	1.40
whore	-0.72	1.27
affect	-0.72	1.63
why	-0.72	3.52
loud	-0.72	1.29
issues	-0.72	1.80
adults	-0.72	1.30
slut	-0.71	1.26
consider	-0.71	1.90
attention	-0.71	1.24
whatever	-0.71	3.24
regardless	-0.71	1.97
agree	-0.71	3.85
causing	-0.71	1.43
beyond	-0.71	1.21
expected	-0.71	2.22
problems	-0.71	1.84
dependent	-0.71	1.34
mcd	-0.71	1.32
consequences	-0.71	1.48
blind	-0.70	1.13
wanted	-0.70	2.87
seeking	-0.70	1.50
true	-0.70	4.08
remains	-0.70	1.02
sure	-0.70	4.07
oil	-0.70	1.30
treat	-0.70	1.23
overeat	-0.70	1.56
grew	-0.70	1.56
health	-0.70	1.50
talking	-0.70	3.64
hygiene	-0.70	1.07
six	-0.70	1.63
biggest	-0.70	2.61
did	-0.70	3.50
amounts	-0.69	1.24
chip	-0.69	1.24
usually	-0.69	2.83
can	-0.69	3.32
sadly	-0.69	1.99
deep	-0.69	1.56
biological	-0.69	1.36
cancer	-0.69	1.36
vanity	-0.69	1.34
folks	-0.69	1.55
choosing	-0.69	1.40
partially	-0.69	1.28
could	-0.69	3.33
judge	-0.69	2.34
thru	-0.69	1.23
sometimes	-0.69	2.52
everything	-0.69	3.32
knee	-0.69	1.38
6	-0.69	1.64
mostly	-0.68	1.41
argue	-0.68	2.86
fish	-0.68	1.16
quite	-0.68	2.67
trauma	-0.68	1.32
basement	-0.68	1.29
four	-0.68	1.66
sea	-0.68	1.25
nuts	-0.68	1.18
intent	-0.68	1.82
identify	-0.68	1.43
defend	-0.67	1.77
eat	-0.67	2.07
become	-0.67	1.81
anywhere	-0.67	2.13
raging	-0.67	1.31
accused	-0.67	1.36
attempting	-0.67	2.22
victim	-0.67	1.36
course	-0.67	4.10
five	-0.67	1.62
killed	-0.67	1.15
asked	-0.67	2.65
vinegar	-0.67	1.36
desperately	-0.66	1.78
plain	-0.66	1.25
pie	-0.66	1.11
three	-0.66	1.71
generally	-0.66	1.91
holds	-0.66	1.29
nerve	-0.66	1.29
tends	-0.66	1.50
4	-0.66	1.62
teach	-0.66	1.33
paranoid	-0.66	1.68
silence	-0.66	1.31
stereotypes	-0.66	1.49
ordered	-0.65	1.31
olive	-0.65	1.31
junk	-0.65	1.37
constantly	-0.65	1.52
know	-0.65	3.64
cat	-0.65	1.11
fry	-0.65	1.23
referring	-0.65	1.74
due	-0.65	1.54
even	-0.65	3.59
trust	-0.65	2.87
places	-0.65	1.76
suicide	-0.65	1.39
joking	-0.65	3.15
who	-0.65	1.98
ribs	-0.65	1.23
school	-0.65	1.36
lead	-0.64	1.46
connection	-0.64	1.44
shitlords	-0.64	1.41
lie	-0.64	2.84
ten	-0.64	1.61
insane	-0.64	1.42
avoid	-0.64	1.62
burning	-0.64	1.64
3	-0.64	1.65
unlikely	-0.63	1.42
visited	-0.63	1.83
commit	-0.63	1.38
life	-0.63	1.64
opinions	-0.63	1.75
male	-0.63	1.20
cause	-0.63	1.80
potentially	-0.63	1.47
managed	-0.63	2.23
function	-0.63	1.39
child	-0.63	1.43
motherfucker	-0.63	1.43
liver	-0.63	1.37
want	-0.63	3.31
insecure	-0.62	1.36
belly	-0.62	1.32
fear	-0.62	1.48
try	-0.62	3.24
ignored	-0.62	1.40
dicks	-0.62	1.35
7	-0.62	1.63
shits	-0.62	1.29
tools	-0.62	1.30
cigarettes	-0.62	1.31
wanting	-0.62	2.62
teen	-0.62	1.23
would	-0.62	3.41
thinking	-0.62	3.96
gluttony	-0.62	1.56
reward	-0.62	1.20
rudeness	-0.62	1.37
2	-0.62	1.64
pretty	-0.61	2.34
scared	-0.61	1.85
harm	-0.61	1.56
bones	-0.61	1.25
notice	-0.61	3.01
bullies	-0.61	1.41
teachers	-0.61	1.44
teenager	-0.61	1.28
students	-0.61	1.33
serious	-0.61	1.71
sorta	-0.61	1.67
attacks	-0.61	1.58
sexuality	-0.61	1.48
sedentary	-0.61	1.15
awake	-0.61	1.26
anxiety	-0.61	1.44
caused	-0.61	1.53
control	-0.61	1.56
extent	-0.60	1.94
nor	-0.60	1.78
grave	-0.60	1.59
panic	-0.60	1.46
aspect	-0.60	1.71
personal	-0.60	1.62
add	-0.60	1.47
let	-0.60	3.23
insult	-0.60	1.32
babies	-0.60	1.23
actual	-0.60	1.56
severe	-0.60	1.52
laziness	-0.60	1.26
sample	-0.60	1.38
bs	-0.60	1.23
equally	-0.60	1.27
these	-0.60	1.58
slice	-0.60	1.31
lied	-0.60	1.49
bits	-0.59	1.32
finds	-0.59	1.60
hes	-0.59	1.67
circumstances	-0.59	1.59
illness	-0.59	1.71
5	-0.59	1.65
somehow	-0.59	1.83
stomach	-0.59	1.33
shitlord	-0.59	1.50
find	-0.59	2.97
sweating	-0.59	1.22
urge	-0.59	2.01
stuffing	-0.59	1.23
fatty	-0.59	1.33
4-5	-0.59	1.70
certainly	-0.59	3.15
body	-0.59	1.76
spoke	-0.59	1.92
disabled	-0.58	1.35
corn	-0.58	1.21
tbh	-0.58	1.67
explained	-0.58	2.24
fat-shaming	-0.58	1.47
class	-0.58	1.34
something	-0.58	3.55
melt	-0.58	1.32
d	-0.58	3.54
involve	-0.58	1.62
born	-0.58	1.31
carts	-0.58	1.29
united	-0.58	1.42
lactose	-0.58	1.24
doctors	-0.58	1.66
8	-0.58	1.61
much	-0.57	2.86
will	-0.57	3.27
overall	-0.57	1.43
10	-0.57	1.62
chance	-0.57	2.70
lets	-0.57	1.65
destroyed	-0.57	1.31
hambeast	-0.57	1.13
assume	-0.57	3.31
imagined	-0.57	1.24
unhappy	-0.57	2.15
complicated	-0.57	1.61
recall	-0.57	1.95
cheese	-0.57	1.17
depression	-0.57	1.49
9	-0.57	1.61
stones	-0.57	1.34
him	-0.57	2.87
brain	-0.57	1.65
deserve	-0.57	1.19
alcohol	-0.57	1.28
decide	-0.57	2.63
eight	-0.57	1.66
warning	-0.56	1.42
arent	-0.56	1.62
referred	-0.56	1.52
passive	-0.56	1.17
million	-0.56	1.58
sexually	-0.56	1.50
treating	-0.56	1.25
ironic	-0.56	1.31
stressed	-0.56	1.62
heart	-0.56	1.49
solely	-0.56	1.42
hip	-0.56	1.35
fast	-0.56	1.59
stalking	-0.56	1.35
arguing	-0.56	2.11
effective	-0.56	1.25
harassment	-0.56	1.45
tub	-0.56	1.41
handicapped	-0.56	1.54
verbal	-0.56	1.32
flying	-0.56	1.21
refusing	-0.56	1.67
regularly	-0.56	1.37
ll	-0.56	3.26
insulting	-0.56	1.37
complaint	-0.56	1.57
grade	-0.56	1.38
decided	-0.55	2.56
go	-0.55	3.18
12	-0.55	1.58
complex	-0.55	1.29
determined	-0.55	2.08
appeal	-0.55	2.84
mentioned	-0.55	2.06
enough	-0.55	3.36
chase	-0.55	1.55
gets	-0.55	1.81
either	-0.55	3.73
becomes	-0.55	1.56
3-4	-0.55	1.72
dozen	-0.55	1.44
misery	-0.55	2.09
case	-0.55	3.20
call	-0.55	2.18
acts	-0.55	1.32
greens	-0.55	1.18
internal	-0.55	1.12
2-3	-0.55	1.65
ruin	-0.55	1.39
get	-0.54	3.26
victims	-0.54	1.34
air	-0.54	1.16
slices	-0.54	1.35
tuna	-0.54	1.20
singing	-0.54	1.38
wo	-0.54	3.15
cheap	-0.54	1.30
disclaimer	-0.54	1.92
shortly	-0.54	1.84
chronic	-0.54	1.57
suggested	-0.54	2.18
steal	-0.54	1.46
amongst	-0.54	1.27
ketchup	-0.54	1.27
food	-0.54	1.34
flour	-0.54	1.23
asses	-0.54	1.28
push	-0.54	1.77
number	-0.54	1.54
society	-0.54	1.53
easy	-0.54	1.74
leads	-0.53	1.31
live	-0.53	2.03
otherwise	-0.53	1.97
aggressive	-0.53	1.26
constant	-0.53	1.35
ones	-0.53	1.99
we	-0.53	3.47
apply	-0.53	1.69
nothing	-0.53	3.43
sam	-0.53	1.25
thousand	-0.53	1.44
salad	-0.53	1.21
condition	-0.53	1.90
schools	-0.53	1.34
boundaries	-0.53	1.36
discrimination	-0.53	1.47
personally	-0.53	3.17
complaining	-0.53	1.99
shes	-0.53	1.52
bacon	-0.53	1.19
mental	-0.53	1.60
cares	-0.53	2.13
acid	-0.53	1.31
feel	-0.53	1.83
combination	-0.53	1.28
mustard	-0.53	1.30
overly	-0.53	1.50
already	-0.52	3.20
yard	-0.52	1.17
suspect	-0.52	1.39
shouting	-0.52	1.68
childish	-0.52	1.05
found	-0.52	2.32
sexual	-0.52	1.29
caffeine	-0.52	1.28
nope	-0.52	2.71
triggering	-0.52	1.47
defending	-0.52	1.48
describe	-0.52	1.70
hunger	-0.52	1.46
easier	-0.52	2.06
major	-0.52	1.31
flesh	-0.52	1.21
sensitive	-0.52	1.32
borderline	-0.52	1.44
reads	-0.52	1.83
insulted	-0.51	1.43
wtf	-0.51	1.41
seven	-0.51	1.44
cis	-0.51	1.45
alone	-0.51	3.18
18	-0.51	1.57
ask	-0.51	3.08
denying	-0.51	1.93
hundred	-0.51	1.61
again	-0.51	3.39
might	-0.51	3.53
used	-0.51	3.02
left	-0.51	2.23
mobility	-0.51	1.32
opinion	-0.51	2.49
broken	-0.51	1.54
smoking	-0.51	1.36
able	-0.51	2.85
dip	-0.51	1.13
drove	-0.50	1.43
believed	-0.50	2.15
involving	-0.50	1.54
replacement	-0.50	1.41
bucket	-0.50	1.06
trash	-0.50	1.29
avoiding	-0.50	1.71
he	-0.50	2.90
tongue	-0.50	1.34
yelled	-0.50	1.56
stop	-0.50	1.94
broke	-0.50	1.47
insecurity	-0.50	1.52
groceries	-0.50	1.34
fats	-0.50	1.29
beliefs	-0.50	1.47
population	-0.50	1.40
hide	-0.50	1.68
lungs	-0.50	1.43
1-2	-0.50	1.70
symptom	-0.49	1.95
when	-0.49	3.29
satisfying	-0.49	1.78
claims	-0.49	1.70
salty	-0.49	1.07
almost	-0.49	2.50
about	-0.49	3.30
sorts	-0.49	1.40
think	-0.49	3.69
kidney	-0.49	1.50
probably	-0.49	3.72
funnier	-0.49	1.83
breathing	-0.49	1.60
should	-0.49	3.29
stating	-0.49	1.96
jealousy	-0.48	1.17
dense	-0.48	1.27
totally	-0.48	2.62
informed	-0.48	1.82
15	-0.48	1.61
rise	-0.48	1.41
disorders	-0.48	1.57
areas	-0.48	1.86
loser	-0.48	1.08
rescue	-0.48	1.12
twenty	-0.48	1.68
ended	-0.48	1.66
maybe	-0.48	3.70
grocery	-0.48	1.37
plate	-0.48	1.32
aware	-0.48	3.14
males	-0.47	1.37
leave	-0.47	2.87
carrots	-0.47	1.18
super	-0.47	1.77
lay	-0.47	1.55
habit	-0.47	1.55
imply	-0.47	2.27
deny	-0.47	1.88
cake	-0.47	1.12
concerns	-0.47	1.89
through	-0.47	2.14
13	-0.47	1.57
refused	-0.47	2.07
supporting	-0.47	1.26
contains	-0.47	1.13
mention	-0.47	3.03
sour	-0.47	1.12
assure	-0.47	2.51
preferences	-0.47	1.49
idea	-0.47	3.62
then	-0.47	3.42
stroke	-0.47	1.49
processed	-0.47	1.36
busy	-0.47	1.60
initial	-0.46	1.42
mentions	-0.46	1.81
bothered	-0.46	2.96
typical	-0.46	1.08
associated	-0.46	1.66
acknowledge	-0.46	2.18
thing	-0.46	3.11
hamburger	-0.46	1.46
vegetable	-0.46	1.27
head	-0.46	1.78
pork	-0.46	1.21
allowed	-0.46	2.80
became	-0.46	1.79
shake	-0.46	1.30
neither	-0.46	1.49
state	-0.46	2.11
lung	-0.46	1.36
quit	-0.45	1.45
pushed	-0.45	1.48
minority	-0.45	1.47
admitting	-0.45	2.26
foods	-0.45	1.45
signs	-0.45	1.55
environment	-0.45	1.38
sandwich	-0.45	1.26
turn	-0.45	2.44
latter	-0.45	1.44
area	-0.45	2.12
jesus	-0.45	1.48
occurred	-0.45	2.39
aka	-0.45	1.25
nowhere	-0.45	2.05
combat	-0.45	1.59
mildly	-0.45	1.69
14	-0.45	1.59
trigger	-0.45	1.44
specific	-0.45	1.43
limited	-0.45	1.41
choice	-0.45	1.88
move	-0.45	2.38
cuts	-0.44	1.28
autism	-0.44	1.57
which	-0.44	3.19
convinced	-0.44	1.61
hormones	-0.44	1.53
its	-0.44	2.65
triggered	-0.44	1.32
jam	-0.44	1.42
popcorn	-0.44	1.25
release	-0.44	1.50
by	-0.44	1.82
disappear	-0.44	2.37
causes	-0.44	1.57
teens	-0.44	1.44
spinach	-0.43	1.20
diagnosed	-0.43	1.63
sociofat	-0.43	1.12
circle	-0.43	1.23
legally	-0.43	1.52
lettuce	-0.43	1.20
accepted	-0.43	1.74
town	-0.43	2.14
claiming	-0.43	1.57
11	-0.43	1.59
middle	-0.43	1.51
countries	-0.43	1.65
bothering	-0.43	2.93
throws	-0.43	1.41
teaching	-0.43	1.33
laxatives	-0.43	1.39
country	-0.43	1.69
resting	-0.43	1.36
attracted	-0.43	1.62
chicken	-0.43	1.23
sodium	-0.43	1.35
come	-0.43	3.10
regard	-0.43	1.40
guess	-0.43	4.02
ridiculously	-0.43	1.61
butter	-0.43	1.23
younger	-0.43	1.57
lived	-0.43	1.81
disorder	-0.43	1.54
rape	-0.43	1.41
rush	-0.43	1.30
south	-0.43	2.07
mechanism	-0.43	1.57
grilled	-0.43	1.24
extremely	-0.43	1.68
accommodate	-0.43	1.53
product	-0.42	1.56
hold	-0.42	1.88
refuse	-0.42	2.23
change	-0.42	2.28
understood	-0.42	2.02
fucking	-0.42	1.34
strongly	-0.42	1.54
equipment	-0.42	1.41
punched	-0.42	1.44
actually	-0.42	3.60
ban	-0.42	1.42
far	-0.42	3.14
psychological	-0.42	1.50
doctor	-0.42	2.52
miracle	-0.42	1.35
myself	-0.42	2.33
honest	-0.42	3.62
admit	-0.42	2.84
back	-0.42	2.77
raw	-0.42	1.31
struggled	-0.42	1.84
sugar	-0.42	1.33
stole	-0.42	1.36
burden	-0.42	1.36
cheesecake	-0.42	1.24
vegetables	-0.42	1.35
once	-0.42	2.91
bullying	-0.42	1.33
slightly	-0.41	1.61
say	-0.41	3.51
way	-0.41	3.57
reported	-0.41	1.66
veggies	-0.41	1.33
professionals	-0.41	1.75
delusions	-0.41	1.44
chunk	-0.41	1.26
develop	-0.41	1.69
murder	-0.41	1.49
meanwhile	-0.41	1.41
ignoring	-0.41	1.53
scales	-0.41	1.35
physical	-0.41	1.61
irrelevant	-0.41	1.54
17	-0.41	1.66
1.5	-0.41	1.52
choose	-0.41	2.11
mentality	-0.41	1.18
threatened	-0.41	1.57
factor	-0.41	1.76
groups	-0.41	1.46
operate	-0.41	1.92
senior	-0.41	1.34
trapped	-0.41	1.24
jump	-0.41	1.62
spoken	-0.41	1.92
california	-0.41	2.14
24	-0.41	1.55
spit	-0.41	1.30
overeating	-0.41	1.46
drown	-0.40	1.55
wild	-0.40	1.18
sued	-0.40	2.02
bites	-0.40	1.46
immediate	-0.40	1.38
thought	-0.40	3.05
veg	-0.40	1.35
beaten	-0.40	1.34
candy	-0.40	1.23
divorce	-0.40	1.64
symptoms	-0.40	1.63
minds	-0.40	1.50
forced	-0.40	2.56
fries	-0.40	1.29
pussy	-0.40	1.38
age	-0.40	1.54
very	-0.40	2.06
cane	-0.40	1.28
yummy	-0.40	1.10
place	-0.40	3.09
20	-0.40	1.61
likely	-0.40	3.23
honestly	-0.40	3.56
rabbit	-0.40	1.28
related	-0.40	1.80
pack	-0.40	1.35
put	-0.40	2.49
skinny	-0.40	1.48
between	-0.40	1.58
crack	-0.40	1.43
need	-0.40	2.95
pasta	-0.39	1.27
talk	-0.39	2.84
rather	-0.39	2.64
bipolar	-0.39	1.51
enormous	-0.39	1.28
plates	-0.39	1.33
saving	-0.39	1.22
kiss	-0.39	1.25
pancakes	-0.39	1.52
emotional	-0.39	1.43
30	-0.39	1.63
weed	-0.39	1.31
risk	-0.39	1.60
23	-0.39	1.57
got	-0.39	2.75
19	-0.39	1.56
drive	-0.39	1.59
carried	-0.39	1.34
dirt	-0.39	1.32
burgers	-0.39	1.30
spectrum	-0.39	1.39
civil	-0.39	1.49
out	-0.39	2.65
chew	-0.39	1.35
pieces	-0.38	1.32
chips	-0.38	1.19
container	-0.38	1.35
really	-0.38	3.56
22	-0.38	1.57
heck	-0.38	1.53
relative	-0.38	1.34
large	-0.38	1.27
changed	-0.38	1.71
cousins	-0.38	1.53
walmart	-0.38	1.37
brownies	-0.38	0.99
concern	-0.38	1.98
orders	-0.38	1.32
denial	-0.38	1.44
allow	-0.38	2.22
cultural	-0.38	1.48
harder	-0.38	1.98
manners	-0.38	1.26
see	-0.38	3.28
convenience	-0.38	1.46
fork	-0.38	1.44
from	-0.38	2.65
harassing	-0.38	1.83
insanely	-0.38	1.74
advantage	-0.38	1.50
trans	-0.38	1.44
instantly	-0.38	1.36
wasnt	-0.38	1.75
obesity	-0.38	1.61
moment	-0.38	2.26
since	-0.38	2.54
died	-0.37	1.59
coconut	-0.37	1.20
lawsuit	-0.37	1.69
butt	-0.37	1.45
25	-0.37	1.57
punching	-0.37	1.71
surprise	-0.37	1.31
gymnastics	-0.37	1.43
sex	-0.37	1.37
fly	-0.37	1.49
tell	-0.37	3.07
care	-0.37	2.48
decade	-0.37	1.83
obese	-0.37	1.62
psych	-0.37	1.38
mac	-0.37	1.37
saved	-0.37	1.40
mood	-0.37	1.33
city	-0.37	1.97
pool	-0.37	1.36
shocked	-0.37	1.54
cases	-0.37	1.56
planet	-0.37	1.34
16	-0.37	1.56
ignore	-0.37	1.67
halloween	-0.37	1.25
attempted	-0.37	1.51
ourselves	-0.37	2.00
charge	-0.37	1.49
inevitable	-0.37	1.39
faced	-0.37	1.43
business	-0.37	1.70
swim	-0.37	1.43
easily	-0.37	2.07
laying	-0.37	1.63
protect	-0.36	1.59
box	-0.36	1.34
socially	-0.36	1.26
travel	-0.36	1.56
stock	-0.36	1.29
milkshake	-0.36	1.29
sandwiches	-0.36	1.27
sleep	-0.36	1.77
recognized	-0.36	1.96
melted	-0.36	1.21
suggesting	-0.36	1.85
leg	-0.36	1.56
stolen	-0.36	1.48
perfectly	-0.36	1.94
florida	-0.36	2.06
leftovers	-0.36	1.34
comes	-0.36	2.19
boil	-0.36	1.42
sarcastic	-0.35	2.66
reasons	-0.35	2.17
water	-0.35	1.24
arrested	-0.35	1.48
kind	-0.35	2.11
shopping	-0.35	1.36
puke	-0.35	1.43
still	-0.35	3.68
wont	-0.35	2.08
extra	-0.35	1.44
suffering	-0.35	1.48
cheeseburger	-0.35	1.34
hanging	-0.35	1.41
report	-0.35	1.58
pattern	-0.35	1.40
midwest	-0.35	2.20
bar	-0.35	1.47
northern	-0.35	1.88
break	-0.35	1.98
cholesterol	-0.35	1.45
burger	-0.35	1.35
quantities	-0.35	1.37
frequently	-0.35	1.46
off	-0.35	2.17
cops	-0.35	1.65
attraction	-0.35	1.38
saw	-0.35	2.16
side	-0.35	1.61
interaction	-0.34	1.25
moved	-0.34	2.06
forcing	-0.34	2.10
picked	-0.34	1.26
prime	-0.34	1.44
cheeseburgers	-0.34	1.33
right	-0.34	4.01
turkey	-0.34	1.28
diabetics	-0.34	1.58
taco	-0.34	1.42
vanilla	-0.34	1.17
meal	-0.34	1.53
admitted	-0.34	1.81
expensive	-0.34	1.41
onions	-0.34	1.27
dogs	-0.34	1.16
bat	-0.34	1.45
chewing	-0.34	1.33
adds	-0.34	1.30
before	-0.34	2.70
scenario	-0.34	2.46
uses	-0.34	1.84
crushed	-0.34	1.32
smoker	-0.34	1.34
habits	-0.34	1.41
theres	-0.33	1.77
situations	-0.33	1.71
states	-0.33	1.76
clever	-0.33	1.53
drill	-0.33	1.62
27	-0.33	1.52
coping	-0.33	1.47
threw	-0.33	1.52
western	-0.33	1.33
influence	-0.33	1.33
awhile	-0.33	2.13
patients	-0.33	1.65
ruined	-0.33	1.31
drops	-0.33	1.41
knocked	-0.33	1.67
anorexia	-0.33	1.52
mcdonald	-0.33	1.47
unsweetened	-0.33	1.16
decades	-0.33	1.77
perform	-0.33	1.60
bell	-0.33	1.22
disabilities	-0.33	1.49
assault	-0.33	1.48
intense	-0.33	1.37
spray	-0.33	1.26
flight	-0.33	1.36
quickly	-0.33	1.78
oppressed	-0.33	1.47
throw	-0.33	2.04
confusing	-0.33	1.70
fail	-0.32	1.28
nuggets	-0.32	1.31
slight	-0.32	1.70
mmm	-0.32	1.21
ball	-0.32	1.29
available	-0.32	1.60
ordering	-0.32	1.36
universe	-0.32	1.30
ugly	-0.32	1.07
smallest	-0.32	1.21
corner	-0.32	1.35
mouth	-0.32	1.61
steaks	-0.32	1.23
clearly	-0.32	2.41
trips	-0.32	1.53
seemed	-0.32	1.87
fairly	-0.32	1.92
contact	-0.32	1.50
restaurants	-0.32	1.58
may	-0.32	3.50
titp	-0.32	1.62
demanded	-0.32	1.77
person	-0.32	2.73
knees	-0.32	1.50
starvation	-0.32	1.60
lacking	-0.32	1.35
pulling	-0.32	1.57
hire	-0.32	1.77
made	-0.32	2.37
crave	-0.32	1.28
least	-0.32	3.48
largely	-0.31	1.40
around	-0.31	2.16
letting	-0.31	2.22
mainly	-0.31	1.23
rings	-0.31	1.32
beef	-0.31	1.23
effectively	-0.31	1.61
same	-0.31	3.63
knows	-0.31	2.69
whilst	-0.31	1.41
highschool	-0.31	1.42
determine	-0.31	1.90
cookies	-0.31	1.22
asking	-0.31	2.87
egg	-0.31	1.27
extreme	-0.31	1.45
steak	-0.31	1.21
genetics	-0.31	2.03
england	-0.31	1.99
wings	-0.31	1.31
toilet	-0.31	1.35
improve	-0.31	1.59
meats	-0.31	1.37
adopted	-0.31	1.33
pressure	-0.31	1.50
supply	-0.31	1.39
excessive	-0.31	1.40
sooner	-0.30	2.62
casually	-0.30	1.41
cop	-0.30	1.37
useful	-0.30	1.34
women	-0.30	1.59
her	-0.30	2.18
shakes	-0.30	1.33
mcdonalds	-0.30	1.38
substitute	-0.30	1.34
submission	-0.30	1.82
soy	-0.30	1.30
hunt	-0.30	1.32
snack	-0.30	1.42
warned	-0.30	1.86
seats	-0.30	1.41
cps	-0.30	1.57
garlic	-0.30	1.39
ex	-0.30	1.60
begin	-0.30	2.11
legal	-0.30	1.67
products	-0.30	1.40
gap	-0.30	1.46
deliberately	-0.30	1.66
airplane	-0.30	1.38
create	-0.30	1.46
strawberry	-0.30	1.23
openly	-0.30	1.21
pudding	-0.30	1.20
medication	-0.30	1.60
kitchen	-0.30	1.37
consumption	-0.29	1.45
runs	-0.29	1.60
families	-0.29	1.53
dish	-0.29	1.20
offensive	-0.29	1.36
honey	-0.29	1.25
based	-0.29	1.56
salads	-0.29	1.27
strike	-0.29	1.37
away	-0.29	2.41
depending	-0.29	1.75
mode	-0.29	1.40
occasionally	-0.29	1.49
pizza	-0.29	1.49
celery	-0.29	1.25
patriarchy	-0.29	1.41
anger	-0.29	1.35
tumblr	-0.29	1.46
glory	-0.29	1.36
claimed	-0.29	2.03
discussing	-0.29	2.11
insanity	-0.29	1.41
consumed	-0.29	1.38
pointed	-0.29	1.96
primarily	-0.29	1.48
settle	-0.29	1.62
needed	-0.29	2.42
crash	-0.29	1.43
moral	-0.29	1.43
toast	-0.29	1.34
bowl	-0.28	1.34
sounding	-0.28	1.30
pockets	-0.28	1.52
stopped	-0.28	1.71
partner	-0.28	1.47
until	-0.28	2.55
potatoes	-0.28	1.16
hypothyroidism	-0.28	1.81
dunno	-0.28	1.63
bars	-0.28	1.31
morbidly	-0.28	1.54
views	-0.28	1.36
according	-0.28	1.51
meat	-0.28	1.34
order	-0.28	1.51
squeeze	-0.28	1.51
amount	-0.28	1.70
leader	-0.28	1.48
mall	-0.28	1.44
cooked	-0.28	1.30
criminal	-0.28	1.46
frustrated	-0.28	2.35
donuts	-0.28	1.25
recovering	-0.28	1.38
came	-0.28	2.49
balloon	-0.28	1.42
potato	-0.28	1.09
needless	-0.28	1.51
charges	-0.28	1.59
40	-0.28	1.55
hotel	-0.28	1.50
ai	-0.28	2.17
degree	-0.28	1.22
police	-0.28	1.63
backs	-0.28	1.35
consuming	-0.28	1.51
room	-0.28	1.55
courtesy	-0.28	1.28
require	-0.28	1.75
help	-0.28	2.75
26	-0.28	1.54
mindset	-0.28	1.68
biology	-0.27	1.39
texas	-0.27	1.94
grains	-0.27	1.42
shove	-0.27	1.65
3rd	-0.27	1.47
wouldnt	-0.27	2.06
booze	-0.27	1.35
scooter	-0.27	1.37
boxes	-0.27	1.29
receiving	-0.27	1.55
joint	-0.27	1.49
oatmeal	-0.27	1.43
compare	-0.27	1.37
fully	-0.27	1.60
theirs	-0.27	1.55
home	-0.27	2.30
began	-0.27	1.66
cereal	-0.27	1.34
crush	-0.27	1.25
disease	-0.27	1.55
north	-0.27	1.88
eggs	-0.27	1.34
rat	-0.27	1.14
raped	-0.27	1.38
superior	-0.27	1.62
downvoted	-0.27	3.10
emergency	-0.27	1.57
20s	-0.27	1.50
minus	-0.27	1.11
slide	-0.27	1.71
lunches	-0.27	1.43
disability	-0.26	1.57
led	-0.26	1.49
respond	-0.26	2.28
expense	-0.26	1.65
stereotype	-0.26	1.32
york	-0.26	2.08
guarantee	-0.26	2.01
grand	-0.26	1.32
remind	-0.26	1.98
court	-0.26	1.71
territory	-0.26	1.65
covered	-0.26	1.26
powder	-0.26	1.30
given	-0.26	2.29
buffet	-0.26	1.59
yogurt	-0.26	1.32
struggling	-0.26	1.65
southern	-0.26	1.76
eating	-0.26	1.38
risks	-0.26	1.64
beat	-0.26	1.81
packed	-0.26	1.60
hits	-0.26	1.26
rice	-0.26	1.30
50	-0.26	1.63
dragging	-0.26	1.94
frankly	-0.26	1.39
pot	-0.25	1.37
earn	-0.25	1.61
allowing	-0.25	1.80
forgotten	-0.25	1.71
fedora	-0.25	1.12
entirely	-0.25	2.00
tomato	-0.25	1.28
incident	-0.25	1.76
bread	-0.25	1.36
forever	-0.25	1.63
laugh	-0.25	1.71
legit	-0.25	1.83
hunting	-0.25	1.20
tomatoes	-0.25	1.27
hidden	-0.25	1.60
cola	-0.25	1.53
dairy	-0.25	1.36
spirit	-0.25	1.19
serve	-0.25	1.60
delusion	-0.25	1.38
fruit	-0.25	1.34
spite	-0.25	1.29
named	-0.25	1.32
europe	-0.25	1.82
35	-0.25	1.58
dollar	-0.25	1.50
rapist	-0.25	1.19
slapped	-0.25	1.50
sue	-0.25	1.80
pick	-0.25	2.01
cinnamon	-0.25	1.30
arms	-0.25	1.44
alarm	-0.25	1.48
test	-0.25	1.72
encouraged	-0.25	1.56
inner	-0.25	1.43
consideration	-0.25	1.50
medications	-0.24	1.75
blew	-0.24	1.50
more	-0.24	2.93
floor	-0.24	1.48
worth	-0.24	2.96
cans	-0.24	1.44
oppression	-0.24	1.49
breakfast	-0.24	1.62
chocolate	-0.24	1.22
double	-0.24	1.36
beans	-0.24	1.27
therapy	-0.24	1.71
east	-0.24	1.81
lunch	-0.24	1.65
consent	-0.24	1.59
anyway	-0.24	3.91
hill	-0.24	1.62
peanuts	-0.24	1.31
recommended	-0.24	1.73
meds	-0.24	1.65
avocado	-0.24	1.27
trick	-0.24	1.30
funny	-0.24	2.11
remembered	-0.24	1.86
factors	-0.24	1.75
lab	-0.24	1.48
diabetes	-0.24	1.62
too	-0.24	3.27
loads	-0.24	1.39
contribute	-0.24	1.92
conscious	-0.24	1.50
attached	-0.24	1.40
definitely	-0.24	3.46
metabolic	-0.23	1.69
individuals	-0.23	1.47
effect	-0.23	1.41
received	-0.23	1.38
ham	-0.23	1.34
wound	-0.23	1.36
recently	-0.23	2.23
embarrassed	-0.23	1.65
unable	-0.23	2.24
ftfy	-0.23	1.37
laws	-0.23	1.67
leaves	-0.23	1.16
brands	-0.23	1.62
crime	-0.23	1.60
self	-0.23	1.42
overweight	-0.23	1.60
28	-0.23	1.51
destroying	-0.23	1.34
reduce	-0.23	1.41
fill	-0.23	1.62
parking	-0.23	1.50
considered	-0.23	1.70
university	-0.23	1.52
fresh	-0.23	1.30
literal	-0.23	1.24
refers	-0.23	1.62
tube	-0.23	1.34
asthma	-0.23	1.51
diseases	-0.22	1.68
press	-0.22	1.74
solid	-0.22	1.20
whine	-0.22	1.75
master	-0.22	1.38
elaborate	-0.22	1.73
teacher	-0.22	1.30
young	-0.22	1.47
developed	-0.22	1.51
realized	-0.22	2.34
effects	-0.22	1.54
onion	-0.22	1.31
against	-0.22	1.56
menu	-0.22	1.45
doing	-0.22	3.84
gyms	-0.22	1.63
grandparents	-0.22	1.65
heaviest	-0.22	1.51
hole	-0.22	1.50
consume	-0.22	1.59
each	-0.22	2.09
thigh	-0.22	1.31
coat	-0.22	1.45
compared	-0.22	1.43
nickname	-0.22	1.79
identity	-0.22	1.52
spot	-0.22	1.58
stealing	-0.22	1.47
donut	-0.22	1.35
cheating	-0.22	1.39
denmark	-0.22	1.88
threat	-0.21	1.57
deserved	-0.21	1.25
yelling	-0.21	1.54
hammies	-0.21	1.57
shooting	-0.21	1.39
hamplanet	-0.21	1.29
homemade	-0.21	1.14
bend	-0.21	1.64
usa	-0.21	1.98
package	-0.21	1.55
farm	-0.21	1.21
truck	-0.21	1.37
yell	-0.21	1.90
milk	-0.21	1.26
instructor	-0.21	1.24
frequent	-0.21	1.35
trap	-0.21	1.76
falls	-0.21	1.56
ease	-0.21	1.54
quietly	-0.21	1.71
previously	-0.21	1.94
freezer	-0.21	1.39
poorly	-0.21	1.46
uk	-0.21	1.78
popular	-0.21	1.18
wheat	-0.21	1.38
instead	-0.21	1.70
hell	-0.21	3.08
pass	-0.20	1.79
cream	-0.20	1.23
shops	-0.20	1.57
stamps	-0.20	1.58
park	-0.20	1.56
cups	-0.20	1.33
category	-0.20	1.55
driver	-0.20	1.50
coast	-0.20	1.92
well	-0.20	3.93
banned	-0.20	2.10
dropping	-0.20	1.56
relatively	-0.20	1.87
excess	-0.20	1.62
gluten	-0.20	1.39
pepper	-0.20	1.41
guts	-0.20	1.67
chicago	-0.20	1.91
kicks	-0.20	1.27
leaving	-0.20	1.76
complains	-0.20	2.41
brains	-0.20	1.38
tested	-0.20	1.91
kick	-0.20	1.75
ad	-0.20	1.29
stuck	-0.20	2.12
zombie	-0.20	1.58
oldest	-0.20	1.53
picking	-0.20	1.79
typically	-0.20	1.61
whoever	-0.20	1.48
pull	-0.19	1.93
level	-0.19	1.49
60	-0.19	1.62
pressed	-0.19	1.94
servings	-0.19	1.58
hang	-0.19	2.10
increases	-0.19	1.47
despite	-0.19	1.44
goes	-0.19	1.96
yourself	-0.19	2.59
property	-0.19	1.48
fruits	-0.19	1.36
torture	-0.19	1.47
removing	-0.19	1.45
ireland	-0.19	1.68
supermarket	-0.19	1.49
central	-0.19	1.83
na	-0.19	3.21
bone	-0.19	1.34
note	-0.19	1.85
specifically	-0.19	1.55
driving	-0.19	1.46
falling	-0.19	1.74
reason	-0.19	3.08
testing	-0.19	1.75
breaking	-0.19	1.49
packs	-0.19	1.56
traffic	-0.19	1.48
squats	-0.19	2.03
graduated	-0.19	1.53
pulled	-0.19	1.69
lower	-0.19	1.47
bloody	-0.19	1.29
outright	-0.19	1.55
cut	-0.19	2.12
went	-0.19	2.40
mexican	-0.19	1.43
australia	-0.19	1.84
morbid	-0.19	1.41
ice	-0.18	1.25
fall	-0.18	1.92
somewhere	-0.18	2.31
snacks	-0.18	1.32
moves	-0.18	1.74
glucose	-0.18	1.63
fiber	-0.18	1.64
approve	-0.18	1.54
give	-0.18	2.50
take	-0.18	2.86
ramen	-0.18	1.43
turns	-0.18	1.81
conditions	-0.18	1.82
dies	-0.18	1.40
proof	-0.18	1.52
applies	-0.18	1.34
allergies	-0.18	1.28
twig	-0.18	1.46
dead	-0.18	1.36
score	-0.18	1.60
france	-0.18	1.55
surely	-0.18	1.96
100	-0.18	1.59
females	-0.18	1.50
differences	-0.18	1.55
rely	-0.18	1.58
oreos	-0.18	1.27
significant	-0.18	1.57
allergy	-0.18	1.60
graduate	-0.18	1.47
pan	-0.18	1.38
rough	-0.18	1.44
cognitive	-0.18	1.49
races	-0.18	1.55
insulin	-0.18	1.72
mini	-0.17	1.38
mild	-0.17	1.52
college	-0.17	1.57
west	-0.17	1.94
succeed	-0.17	2.02
high	-0.17	1.46
authority	-0.17	1.46
remove	-0.17	1.59
affects	-0.17	1.49
sizing	-0.17	1.58
broccoli	-0.17	1.23
medical	-0.17	1.64
car	-0.17	1.65
balls	-0.17	1.36
disagree	-0.17	1.79
blown	-0.17	1.36
religion	-0.17	1.41
sell	-0.17	1.42
victory	-0.17	1.45
blubber	-0.17	1.29
together	-0.17	2.18
exercises	-0.17	2.13
4th	-0.17	1.62
frozen	-0.17	1.36
actively	-0.17	1.90
lean	-0.17	1.42
rooms	-0.17	1.44
dried	-0.17	1.38
1st	-0.17	1.55
peanut	-0.17	1.28
theory	-0.17	1.76
vagina	-0.17	1.21
underweight	-0.17	1.45
roughly	-0.17	1.80
freedom	-0.16	1.48
raise	-0.16	1.50
tipping	-0.16	1.34
tantrum	-0.16	1.35
background	-0.16	1.52
directly	-0.16	1.46
defense	-0.16	1.39
adjust	-0.16	1.51
fatter	-0.16	1.62
repeat	-0.16	1.66
apples	-0.16	1.20
science	-0.16	1.58
upon	-0.16	1.73
ground	-0.16	1.48
potential	-0.16	1.75
taxes	-0.16	1.52
highest	-0.16	1.66
bull	-0.16	1.33
screaming	-0.16	1.38
math	-0.16	1.32
always	-0.16	3.45
produce	-0.16	1.43
banana	-0.16	1.33
train	-0.16	1.46
peoples	-0.16	1.53
oddly	-0.16	1.42
brick	-0.16	1.26
knew	-0.16	3.02
tacos	-0.16	1.25
burst	-0.16	1.39
smack	-0.16	1.74
repeatedly	-0.16	1.56
buy	-0.16	1.64
filter	-0.15	1.40
tissue	-0.15	1.42
legitimately	-0.15	1.60
fewer	-0.15	1.61
subway	-0.15	1.34
into	-0.15	2.01
mouse	-0.15	1.18
illegal	-0.15	1.58
players	-0.15	1.37
90	-0.15	1.56
standard	-0.15	1.37
forms	-0.15	1.64
bulimia	-0.15	1.45
greater	-0.15	1.64
christian	-0.15	1.47
bastard	-0.15	1.09
apple	-0.15	1.30
and/or	-0.15	1.46
dates	-0.14	1.39
sneak	-0.14	1.60
charged	-0.14	1.61
theft	-0.14	1.63
space	-0.14	1.30
options	-0.14	1.64
plastic	-0.14	1.31
bible	-0.14	1.76
having	-0.14	2.35
prior	-0.14	1.90
nightmare	-0.14	2.03
roll	-0.14	1.52
knock	-0.14	1.85
prescription	-0.14	1.63
passenger	-0.14	1.43
punch	-0.14	1.36
classes	-0.14	1.43
form	-0.14	1.90
developing	-0.14	1.62
whipped	-0.14	1.29
spots	-0.14	1.52
station	-0.14	1.38
grams	-0.14	1.51
campus	-0.14	1.63
persons	-0.14	1.44
carbs	-0.14	1.46
hardly	-0.14	1.70
passed	-0.14	1.77
answers	-0.14	2.10
becoming	-0.14	1.70
increase	-0.14	1.48
studying	-0.13	1.50
public	-0.13	1.57
tree	-0.13	1.40
envy	-0.13	1.35
works	-0.13	2.32
arm	-0.13	1.48
desert	-0.13	1.68
stays	-0.13	1.64
grab	-0.13	1.64
mid	-0.13	1.63
pt	-0.13	1.60
increased	-0.13	1.65
cells	-0.13	1.62
welfare	-0.13	1.41
monitor	-0.13	1.46
eater	-0.13	1.30
sudden	-0.13	1.30
clients	-0.13	1.58
throwing	-0.13	1.63
neck	-0.13	1.45
judgement	-0.13	1.52
engaged	-0.13	1.72
ring	-0.13	1.64
denied	-0.13	1.75
healthcare	-0.13	1.50
phase	-0.13	1.83
bus	-0.13	1.48
inappropriate	-0.13	1.13
bmi	-0.13	1.53
29	-0.13	1.55
drag	-0.13	1.69
year	-0.13	1.90
panties	-0.13	1.17
penis	-0.13	1.49
baked	-0.13	1.24
mcbeetus	-0.13	1.50
bleach	-0.13	1.32
value	-0.12	1.64
implies	-0.12	1.94
making	-0.12	1.67
respect	-0.12	1.24
netflix	-0.12	1.21
shock	-0.12	1.45
regular	-0.12	1.47
full	-0.12	1.40
lack	-0.12	1.39
empty	-0.12	1.45
crowd	-0.12	1.41
africa	-0.12	1.87
commented	-0.12	2.12
medicine	-0.12	1.55
visible	-0.12	1.59
near	-0.12	2.07
times	-0.12	2.34
lowest	-0.12	1.79
primary	-0.12	1.36
genes	-0.12	1.67
lessons	-0.12	1.52
dreams	-0.12	1.38
shed	-0.12	1.51
tests	-0.12	1.61
picturing	-0.12	1.44
cherry	-0.12	1.32
stepped	-0.12	1.97
oven	-0.12	1.30
field	-0.12	1.63
ways	-0.12	2.00
lifts	-0.12	1.97
plane	-0.12	1.43
limits	-0.12	1.53
inside	-0.12	1.57
chose	-0.12	1.61
within	-0.12	1.88
soccer	-0.11	1.32
logical	-0.11	1.54
95	-0.11	1.37
ratio	-0.11	1.57
diabetic	-0.11	1.56
involves	-0.11	1.41
allergic	-0.11	1.34
ie	-0.11	1.38
understandable	-0.11	2.34
stretch	-0.11	1.41
beach	-0.11	1.63
protein	-0.11	1.44
puts	-0.11	1.75
immediately	-0.11	2.10
filling	-0.11	1.42
stood	-0.11	1.53
arrived	-0.11	2.11
suddenly	-0.11	1.88
grill	-0.11	1.35
unlike	-0.11	1.41
airline	-0.11	1.47
dollars	-0.11	1.76
snap	-0.11	1.63
workouts	-0.10	2.05
hypocrisy	-0.10	1.47
soup	-0.10	1.23
flip	-0.10	1.81
smoked	-0.10	1.41
money	-0.10	1.79
later	-0.10	2.48
peppers	-0.10	1.27
percent	-0.10	1.67
siblings	-0.10	1.81
highly	-0.10	1.88
breast	-0.10	1.31
lift	-0.10	1.86
file	-0.10	1.69
thighs	-0.10	1.45
throat	-0.10	1.51
schedule	-0.10	1.74
engineering	-0.10	1.46
thrown	-0.10	1.72
safety	-0.10	1.42
local	-0.10	1.70
turned	-0.10	2.21
bbq	-0.10	1.33
pizzas	-0.10	1.52
lifting	-0.10	2.10
noodles	-0.10	1.31
skip	-0.10	1.69
london	-0.10	1.80
princess	-0.10	1.16
preference	-0.10	1.51
father	-0.10	1.71
ensure	-0.10	1.62
cars	-0.10	1.46
encounters	-0.10	1.51
our	-0.10	1.65
beer	-0.10	1.37
odds	-0.10	1.78
private	-0.10	1.49
youre	-0.10	1.73
hook	-0.10	1.95
loudly	-0.10	1.52
pretending	-0.09	1.99
speaking	-0.09	1.68
encouraging	-0.09	1.15
upper	-0.09	1.56
unrelated	-0.09	1.87
exposed	-0.09	1.57
stone	-0.09	1.65
lifestyle	-0.09	1.41
law	-0.09	1.68
implying	-0.09	2.13
reporting	-0.09	1.53
cross	-0.09	1.44
small	-0.09	1.26
self-esteem	-0.09	1.38
cakes	-0.09	1.21
range	-0.09	1.52
chest	-0.09	1.47
heavily	-0.09	1.45
crackers	-0.09	1.25
weights	-0.09	2.06
type	-0.09	1.92
aisle	-0.09	1.45
toddler	-0.09	1.30
triple	-0.09	1.41
energy	-0.09	1.83
drunk	-0.09	1.57
supplement	-0.09	1.60
fine	-0.09	3.86
legitimate	-0.09	1.60
brings	-0.09	1.29
fabric	-0.09	1.33
flat	-0.09	1.47
paying	-0.08	1.87
45	-0.08	1.70
therapist	-0.08	1.96
puberty	-0.08	1.64
meals	-0.08	1.47
criticism	-0.08	1.47
option	-0.08	1.93
freak	-0.08	1.35
moments	-0.08	1.64
worry	-0.08	2.81
bare	-0.08	1.58
sushi	-0.08	1.50
refer	-0.08	1.78
board	-0.08	1.27
race	-0.08	1.51
bypass	-0.08	1.72
kicking	-0.08	1.56
window	-0.08	1.47
serving	-0.08	1.46
dissonance	-0.08	1.58
weighs	-0.08	1.64
1/2	-0.08	1.34
his	-0.08	1.87
reasonable	-0.08	1.26
root	-0.08	1.41
traits	-0.08	1.51
bariatric	-0.08	1.57
sounded	-0.08	1.75
defined	-0.08	1.48
escape	-0.08	1.62
replacing	-0.08	1.40
underneath	-0.08	1.48
tummy	-0.08	1.48
boost	-0.08	1.14
quitting	-0.08	1.63
promised	-0.08	1.40
dose	-0.08	1.46
baseball	-0.08	1.34
core	-0.07	1.93
threatening	-0.07	1.46
items	-0.07	1.45
spicy	-0.07	1.16
tied	-0.07	1.76
raised	-0.07	1.55
america	-0.07	1.79
sweets	-0.07	1.29
interest	-0.07	1.32
accident	-0.07	1.52
everytime	-0.07	1.62
watched	-0.07	1.54
gym	-0.07	2.00
hospitals	-0.07	1.57
view	-0.07	1.69
nut	-0.07	1.33
criteria	-0.07	1.63
feed	-0.07	1.52
quarter	-0.07	1.40
benefits	-0.07	1.38
square	-0.07	1.36
mmmm	-0.07	1.29
mine	-0.07	2.31
genuinely	-0.07	1.56
curve	-0.07	1.32
joke	-0.07	2.32
session	-0.07	1.88
clinic	-0.07	1.60
hall	-0.07	1.54
buying	-0.06	1.51
fuel	-0.06	1.53
pill	-0.06	1.67
placed	-0.06	1.37
past	-0.06	2.15
unit	-0.06	1.53
bed	-0.06	1.64
facing	-0.06	1.64
cheat	-0.06	1.72
door	-0.06	1.57
accidentally	-0.06	1.61
suck	-0.06	1.52
canada	-0.06	1.76
grandfather	-0.06	1.71
standards	-0.06	1.44
starbucks	-0.06	1.26
walks	-0.06	1.62
cheaper	-0.06	1.49
apart	-0.06	1.35
rid	-0.06	1.48
house	-0.06	1.72
slower	-0.06	1.84
unfortunately	-0.06	2.56
associate	-0.06	2.08
across	-0.06	1.76
keyboard	-0.06	1.42
gallon	-0.06	1.34
acceptable	-0.06	1.58
freshman	-0.06	1.56
cost	-0.06	1.54
heavy	-0.06	1.95
listen	-0.06	2.46
baking	-0.05	1.27
vegan	-0.05	1.47
ii	-0.05	1.58
record	-0.05	1.69
parents	-0.05	1.75
switch	-0.05	1.49
qualify	-0.05	1.70
invite	-0.05	2.19
daughter	-0.05	1.71
airlines	-0.05	1.46
critical	-0.05	1.48
thus	-0.05	1.31
educate	-0.05	1.78
kept	-0.05	1.80
couch	-0.05	1.35
passing	-0.05	1.44
soooo	-0.05	1.74
drinks	-0.05	1.31
ounce	-0.05	1.47
listed	-0.05	1.61
workout	-0.05	1.84
99	-0.05	1.76
cook	-0.05	1.31
muscles	-0.05	1.58
1	-0.05	1.61
horse	-0.05	1.36
measured	-0.05	1.55
surface	-0.05	1.46
edge	-0.05	1.57
overcome	-0.05	1.46
tank	-0.05	1.33
mother	-0.05	1.75
metabolism	-0.05	1.76
arguments	-0.05	1.49
portion	-0.05	1.47
apartment	-0.05	1.61
kale	-0.04	1.24
perhaps	-0.04	2.08
levels	-0.04	1.68
concerned	-0.04	1.77
over	-0.04	2.13
diagnosis	-0.04	1.58
restraining	-0.04	1.67
bottles	-0.04	1.37
argument	-0.04	1.82
pulls	-0.04	1.48
picky	-0.04	1.39
particular	-0.04	1.52
catholic	-0.04	1.62
psychology	-0.04	1.39
neckbeard	-0.04	1.22
cure	-0.04	1.73
equivalent	-0.04	1.37
social	-0.04	1.41
nurses	-0.04	1.57
smaller	-0.04	1.45
son	-0.04	1.69
market	-0.04	1.48
faster	-0.04	1.85
stairs	-0.04	1.62
rack	-0.03	1.45
old	-0.03	1.80
locked	-0.03	1.50
m'lady	-0.03	1.70
relatives	-0.03	1.39
week	-0.03	2.16
years	-0.03	2.06
larger	-0.03	1.50
meet	-0.03	2.14
chin	-0.03	1.46
genetic	-0.03	1.64
wonders	-0.03	1.75
giving	-0.03	2.18
stated	-0.03	2.24
prices	-0.03	1.49
yoga	-0.03	2.04
cals	-0.03	1.73
seat	-0.03	1.48
months	-0.03	2.12
asleep	-0.03	1.63
sold	-0.03	1.50
cats	-0.03	1.18
song	-0.03	1.59
church	-0.03	1.48
grandmother	-0.03	1.69
theme	-0.03	1.51
moderation	-0.03	1.36
googled	-0.03	1.40
flag	-0.03	1.40
dinner	-0.03	1.53
companies	-0.03	1.38
tooth	-0.03	1.81
cover	-0.03	1.47
plans	-0.03	1.59
neighborhood	-0.03	1.45
demands	-0.03	1.46
insults	-0.03	1.26
drinking	-0.03	1.34
grain	-0.03	1.34
sits	-0.03	1.52
fired	-0.02	1.77
study	-0.02	1.53
slept	-0.02	1.85
soda	-0.02	1.38
burns	-0.02	1.57
mistakes	-0.02	1.57
sauce	-0.02	1.26
70	-0.02	1.61
held	-0.02	1.58
ed	-0.02	1.52
speaks	-0.02	1.75
theater	-0.02	1.46
kcal	-0.02	1.70
pepsi	-0.02	1.35
elevator	-0.02	1.65
education	-0.02	1.37
legs	-0.02	1.50
bought	-0.02	1.46
gay	-0.02	1.47
carry	-0.02	1.44
female	-0.02	1.43
table	-0.02	1.57
veggie	-0.02	1.27
sized	-0.02	1.35
volume	-0.02	1.48
canned	-0.02	1.33
liquid	-0.02	1.24
shop	-0.02	1.53
household	-0.02	1.33
cents	-0.02	1.66
served	-0.02	1.50
pcos	-0.02	1.73
flavored	-0.02	1.21
loses	-0.01	1.53
supplements	-0.01	1.60
doors	-0.01	1.56
cundishun	-0.01	1.95
student	-0.01	1.44
cup	-0.01	1.36
bananas	-0.01	1.48
shut	-0.01	1.79
natural	-0.01	1.20
higher	-0.01	1.51
poison	-0.01	1.32
32	-0.01	1.54
budget	-0.01	1.54
fridge	-0.01	1.39
tasty	-0.01	1.20
pills	-0.01	1.50
evidence	-0.01	1.93
classic	-0.01	1.03
med	-0.01	1.50
tempted	-0.01	1.66
muffin	-0.01	1.24
gear	-0.00	1.39
wide	-0.00	1.48
pour	-0.00	1.44
philosophy	-0.00	1.73
lock	-0.00	1.53
feet	-0.00	1.74
wind	-0.00	1.40
caramel	-0.00	1.28
unfortunate	-0.00	1.70
hung	-0.00	1.34
calories	-0.00	1.72
tickets	-0.00	1.52
rational	-0.00	1.47
desserts	-0.00	1.33
increasing	-0.00	1.53
noises	-0.00	1.35
while	-0.00	1.84
burn	-0.00	1.74
chicks	-0.00	1.49
mix	-0.00	1.39
closed	-0.00	1.68
damned	-0.00	1.90
reminded	-0.00	1.30
practically	-0.00	1.45
germany	-0.00	1.75
walk	-0.00	1.90
procedure	-0.00	1.53
dough	-0.00	1.28
ago	-0.00	2.16
3000	-0.00	1.72
teeth	0.00	1.50
manner	0.00	1.35
violation	0.00	2.19
marines	0.00	1.54
treatment	0.00	1.55
costs	0.00	1.57
bound	0.00	2.01
carb	0.00	1.44
medium	0.00	1.36
fasting	0.00	1.51
fell	0.00	1.74
army	0.01	1.50
vehicle	0.01	1.44
shape	0.01	2.03
slowly	0.01	1.94
iron	0.01	1.54
third	0.01	1.75
lighter	0.01	1.80
walls	0.01	1.18
mum	0.01	1.75
consistently	0.01	1.88
ultimately	0.01	1.43
guard	0.01	1.59
freeze	0.01	1.54
facts	0.01	1.77
non	0.01	1.35
lecture	0.01	1.52
cards	0.01	1.40
ingredients	0.01	1.40
ego	0.01	1.51
duty	0.01	1.35
heavier	0.01	1.81
surgery	0.01	1.61
hospital	0.01	1.66
follow	0.01	1.91
starts	0.01	1.69
olds	0.01	1.76
learn	0.02	1.79
breaks	0.02	1.53
lady	0.02	1.34
gon	0.02	3.25
growth	0.02	1.43
count	0.02	1.91
innocent	0.02	1.16
facility	0.02	1.53
machine	0.02	1.71
maple	0.02	1.35
nutrition	0.02	1.49
getting	0.02	2.61
marks	0.02	1.36
doc	0.02	1.91
advance	0.02	1.94
sale	0.02	1.47
liters	0.02	1.54
slip	0.02	1.85
lose	0.02	2.55
switched	0.02	1.44
ride	0.02	1.49
month	0.02	2.23
walked	0.02	1.72
heads	0.02	1.50
per	0.02	1.73
activities	0.02	1.49
booty	0.02	1.65
1000	0.02	1.72
chain	0.02	1.75
religious	0.03	1.58
e.g	0.03	1.54
fights	0.03	1.59
impact	0.03	1.44
racism	0.03	1.45
invented	0.03	1.44
hammy	0.03	1.27
include	0.03	1.76
appearance	0.03	1.42
purpose	0.03	1.53
fighting	0.03	1.35
rent	0.03	1.66
thyroid	0.03	1.74
coke	0.03	1.35
herself	0.03	2.21
speech	0.03	1.39
duh	0.03	1.67
resistance	0.03	1.80
bears	0.03	1.34
roast	0.03	1.17
glass	0.03	1.35
pay	0.04	1.65
competitive	0.04	1.49
discussion	0.04	2.02
examples	0.04	1.48
pocket	0.04	1.50
patient	0.04	1.60
puppy	0.04	1.27
ups	0.04	1.64
800	0.04	1.83
percentage	0.04	1.58
average	0.04	1.52
after	0.04	2.34
gravity	0.04	1.42
row	0.04	1.51
drink	0.04	1.33
gas	0.04	1.44
lane	0.04	1.44
force	0.04	1.67
portions	0.04	1.43
regret	0.04	1.81
bench	0.04	1.73
figured	0.04	2.20
headed	0.04	1.42
though	0.04	3.56
silent	0.04	1.52
furniture	0.04	1.47
includes	0.04	1.70
shoulders	0.04	1.47
realizing	0.04	1.71
nervous	0.04	1.52
hitting	0.04	1.91
organic	0.04	1.39
mass	0.04	1.65
friends	0.04	2.07
guessing	0.04	2.33
behalf	0.05	1.44
bras	0.05	1.56
studies	0.05	1.61
recover	0.05	1.63
appear	0.05	1.66
price	0.05	1.50
fantasy	0.05	1.28
lemon	0.05	1.28
programs	0.05	1.40
amazon	0.05	1.36
chair	0.05	1.56
french	0.05	1.49
less	0.05	2.19
under	0.05	1.69
also	0.05	3.54
fair	0.05	3.25
inch	0.05	1.56
owners	0.05	1.52
crab	0.05	1.21
oz	0.05	1.46
sleeping	0.05	1.57
stops	0.05	1.59
moderate	0.05	1.63
tea	0.05	1.22
nearly	0.05	1.76
possibility	0.05	2.00
<URL>	0.05	1.35
<SPECIAL>	0.05	1.35
chris	0.05	1.41
holes	0.05	1.48
attacking	0.05	1.60
training	0.05	1.76
needing	0.05	2.07
attend	0.05	1.54
binge	0.05	1.41
center	0.06	1.52
scream	0.06	1.55
band	0.06	1.48
wine	0.06	1.36
method	0.06	1.91
sessions	0.06	1.81
action	0.06	1.55
36	0.06	1.52
sticking	0.06	1.56
handed	0.06	1.63
bucks	0.06	1.87
riding	0.06	1.46
inform	0.06	1.98
waist	0.06	1.51
boom	0.06	1.36
lights	0.06	1.60
impossible	0.06	2.02
fire	0.06	1.60
weeks	0.06	2.10
hardest	0.06	2.25
dessert	0.06	1.31
horrified	0.06	1.57
vitamin	0.06	1.62
permanent	0.06	1.64
early	0.06	1.87
days	0.06	2.31
amusing	0.06	1.95
nutrients	0.06	1.65
500	0.06	1.74
focused	0.06	1.22
goods	0.06	1.46
building	0.06	1.72
dropped	0.06	2.01
grandpa	0.06	1.71
carries	0.06	1.49
restaurant	0.06	1.66
sugary	0.06	1.25
nursing	0.06	1.52
lawyer	0.06	1.81
surgeries	0.06	1.77
block	0.06	1.49
boobs	0.06	1.46
realised	0.06	2.08
careful	0.07	1.86
grabbed	0.07	1.65
americans	0.07	1.54
build	0.07	1.77
beta	0.07	1.30
day	0.07	2.22
brought	0.07	1.79
assuming	0.07	3.34
zone	0.07	1.50
bottle	0.07	1.38
2000	0.07	1.71
considering	0.07	1.72
loaded	0.07	1.31
cardio	0.07	1.88
behind	0.07	1.75
casual	0.07	1.20
open	0.07	1.81
shaped	0.07	1.38
rolled	0.07	1.52
kg	0.08	1.66
cycle	0.08	1.20
sister	0.08	1.82
bullet	0.08	1.48
explains	0.08	1.98
stores	0.08	1.48
iced	0.08	1.23
vitamins	0.08	1.58
reduced	0.08	1.51
stayed	0.08	1.72
vet	0.08	1.48
understanding	0.08	1.27
carefully	0.08	1.59
invited	0.08	1.96
limit	0.08	1.54
iirc	0.08	1.54
mom	0.08	1.92
quantity	0.08	1.41
accomplish	0.08	1.95
fix	0.08	2.11
cousin	0.08	1.76
street	0.08	1.57
minutes	0.08	1.94
1500	0.08	1.67
required	0.08	1.90
road	0.08	1.70
horses	0.08	1.24
politely	0.08	1.97
bring	0.08	2.36
cal	0.08	1.64
34	0.08	1.53
400	0.08	1.67
bigger	0.09	1.59
cracked	0.09	1.37
closer	0.09	1.64
swimming	0.09	1.93
us	0.09	2.49
selling	0.09	1.45
allows	0.09	1.53
climb	0.09	1.69
randomly	0.09	1.52
dad	0.09	1.90
code	0.09	1.52
600	0.09	1.74
activity	0.09	1.63
pregnant	0.09	1.54
cash	0.09	1.57
intervention	0.09	1.57
grandma	0.09	1.70
pop	0.09	1.52
importantly	0.09	1.50
gut	0.09	1.38
checking	0.09	1.41
brother	0.09	1.80
hours	0.09	2.02
subtle	0.09	1.47
bulk	0.09	1.51
pint	0.09	1.30
storm	0.09	1.52
exceptions	0.09	1.77
interests	0.09	1.62
fun	0.09	2.12
elderly	0.09	1.31
pb	0.09	1.21
esteem	0.09	1.47
whale	0.10	1.21
wheel	0.10	1.53
thick	0.10	1.25
dorm	0.10	1.59
aunt	0.10	1.80
x	0.10	1.53
income	0.10	1.54
athlete	0.10	1.45
scientific	0.10	1.64
hiding	0.10	1.63
nail	0.10	1.53
spare	0.10	1.44
visit	0.10	1.97
insight	0.10	1.77
welp	0.10	1.67
essentially	0.10	1.47
rich	0.10	1.20
topic	0.10	1.91
laptop	0.10	1.57
jumped	0.10	1.73
strip	0.10	1.50
shoulder	0.10	1.47
snacking	0.10	1.37
discount	0.10	1.69
wife	0.10	1.93
older	0.10	1.59
project	0.10	1.46
fight	0.10	1.47
blogs	0.10	1.40
fist	0.11	1.47
sin	0.11	1.39
planning	0.11	2.06
cupcakes	0.11	1.24
sizes	0.11	1.45
spending	0.11	1.82
junior	0.11	1.47
2nd	0.11	1.72
minimal	0.11	1.40
brb	0.11	1.81
intake	0.11	1.59
seconds	0.11	1.94
funeral	0.11	1.58
nurse	0.11	1.63
coach	0.11	1.40
calves	0.11	1.45
everyday	0.11	1.41
league	0.11	1.41
bake	0.11	1.25
brand	0.11	1.45
above	0.11	1.82
o_o	0.11	1.30
nearby	0.11	1.50
punishment	0.11	1.23
jog	0.11	1.78
eventually	0.11	2.23
paleo	0.11	1.42
nearest	0.11	1.57
wherever	0.11	2.05
discovered	0.11	1.59
period	0.11	2.04
taken	0.11	2.40
strength	0.11	1.81
boob	0.11	1.44
coffee	0.12	1.24
started	0.12	1.93
hips	0.12	1.50
time	0.12	2.93
sets	0.12	1.78
regards	0.12	1.48
granted	0.12	1.42
fattyrikke	0.12	1.23
expecting	0.12	1.73
controlled	0.12	1.53
china	0.12	1.59
program	0.12	1.54
niece	0.12	1.73
dietary	0.12	1.42
houses	0.12	1.51
built	0.12	1.44
nose	0.12	1.64
merely	0.12	1.65
watch	0.12	1.53
shoot	0.12	1.78
desire	0.12	1.93
physics	0.12	1.40
camp	0.12	1.46
admittedly	0.12	1.58
hr	0.12	1.74
system	0.12	1.50
answered	0.12	2.68
questions	0.12	2.14
along	0.13	1.85
occasions	0.13	1.49
ward	0.13	1.57
korea	0.13	1.68
took	0.13	2.38
precious	0.13	1.25
metric	0.13	1.87
up	0.13	2.38
bringing	0.13	2.08
family	0.13	1.82
top	0.13	1.44
steps	0.13	1.75
pounds	0.13	1.81
semester	0.13	1.71
supervisor	0.13	1.81
group	0.13	1.82
combined	0.13	1.48
tape	0.13	1.61
measurement	0.13	1.66
chairs	0.13	1.55
sun	0.13	1.40
january	0.13	1.86
stronger	0.13	1.73
turning	0.14	1.88
addition	0.14	1.56
wake	0.14	1.60
solved	0.14	1.62
elsewhere	0.14	1.71
store	0.14	1.62
jogging	0.14	1.83
confusion	0.14	1.56
section	0.14	1.51
quiet	0.14	1.32
juice	0.14	1.37
trainer	0.14	1.80
bill	0.14	1.61
husband	0.14	1.95
expert	0.14	1.75
miles	0.14	1.88
belong	0.14	2.50
vodka	0.14	1.35
leading	0.14	1.63
h	0.14	1.49
dig	0.14	1.72
mature	0.14	1.35
cast	0.14	1.38
elliptical	0.14	1.82
distance	0.14	1.74
uncle	0.14	1.77
location	0.14	1.63
context	0.15	1.73
counts	0.15	1.57
industry	0.15	1.48
revenge	0.15	1.13
deeply	0.15	1.26
popped	0.15	1.70
marine	0.15	1.47
thoughts	0.15	1.53
purchase	0.15	1.54
australian	0.15	1.34
lap	0.15	1.44
grown	0.15	1.46
minute	0.15	1.81
u.s	0.15	1.59
periods	0.15	1.42
rules	0.15	1.77
deficit	0.15	1.67
foreign	0.15	1.45
waddle	0.15	1.60
bike	0.15	1.71
gently	0.15	1.48
systems	0.15	1.38
steel	0.15	1.28
ages	0.15	1.65
ultimate	0.15	1.28
speed	0.15	1.73
setting	0.15	1.64
fetish	0.15	1.49
seek	0.16	1.75
inches	0.16	1.71
run	0.16	1.87
socks	0.16	1.23
awareness	0.16	1.52
moon	0.16	1.44
suggest	0.16	2.12
terrified	0.16	1.71
round	0.16	1.50
quick	0.16	1.70
caloric	0.16	1.60
response	0.16	1.80
plus	0.16	1.45
surprisingly	0.16	1.88
maintenance	0.16	1.58
jail	0.16	1.43
thats	0.16	1.79
soft	0.16	1.26
whip	0.17	1.30
sit	0.17	1.62
laid	0.17	1.53
item	0.17	1.45
nicer	0.17	1.78
cell	0.17	1.51
example	0.17	1.79
discuss	0.17	1.81
comfort	0.17	1.37
added	0.17	1.32
profit	0.17	1.50
football	0.17	1.43
stopping	0.17	1.94
labor	0.17	1.48
delivery	0.17	1.39
members	0.17	1.40
waiter	0.17	2.03
genuine	0.17	1.40
joined	0.17	1.50
horror	0.17	1.16
walking	0.17	1.76
wider	0.17	1.62
access	0.18	1.50
lesson	0.18	1.39
ears	0.18	1.64
karma	0.18	1.55
bros	0.18	1.48
nerd	0.18	1.51
laughed	0.18	1.41
confirmed	0.18	1.53
than	0.18	1.92
buddies	0.18	2.10
committed	0.18	1.31
pride	0.18	1.38
dragon	0.18	1.44
use	0.18	1.86
except	0.18	2.67
jokes	0.18	1.42
wins	0.18	1.49
boy	0.18	1.31
plant	0.18	1.39
pump	0.18	1.50
therefore	0.18	1.65
golden	0.18	1.33
team	0.18	1.43
coworker	0.18	1.78
delivered	0.18	1.58
usual	0.18	1.48
ran	0.18	1.79
iv	0.18	1.42
lil	0.18	1.42
owner	0.18	1.59
athletes	0.19	1.47
size	0.19	1.43
play	0.19	1.50
italian	0.19	1.35
murica	0.19	1.30
down	0.19	2.13
hour	0.19	1.95
jelly	0.19	1.35
media	0.19	1.40
light	0.19	1.27
gift	0.19	1.36
breasts	0.19	1.44
exchange	0.19	1.48
gravitational	0.19	1.63
alternative	0.19	1.60
he/she	0.19	1.75
muscle	0.19	1.73
norm	0.19	1.61
neighbor	0.19	1.51
zero	0.19	1.37
membership	0.19	1.67
magically	0.19	1.70
scene	0.19	1.64
prone	0.19	1.55
trained	0.19	1.69
finger	0.20	1.79
sugars	0.20	1.71
daddy	0.20	1.28
orbit	0.20	1.40
tagged	0.20	1.23
burned	0.20	1.71
process	0.20	1.83
wise	0.20	1.48
r/raisedbynarcissists	0.20	1.75
checks	0.20	1.47
opening	0.20	1.62
microwave	0.20	1.42
blamed	0.20	2.38
alas	0.20	1.35
beers	0.20	1.46
laughing	0.20	1.65
indian	0.20	1.55
smash	0.20	1.44
direct	0.20	2.04
vs	0.20	1.39
replaced	0.20	1.41
half	0.20	1.59
rain	0.20	1.35
magical	0.20	1.17
twice	0.20	2.11
front	0.20	1.72
commenting	0.21	1.84
swing	0.21	1.47
military	0.21	1.44
label	0.21	1.53
gun	0.21	1.52
instance	0.21	1.50
satisfaction	0.21	1.42
jumping	0.21	1.60
bust	0.21	1.53
tracking	0.21	1.69
abs	0.21	1.57
appetite	0.21	1.69
layer	0.21	1.31
prevent	0.21	1.63
noticing	0.21	1.64
shapes	0.21	1.41
opened	0.21	1.91
definition	0.21	1.89
trolling	0.21	1.81
troll	0.21	1.72
belt	0.21	1.47
reach	0.22	1.73
syrup	0.22	1.31
drank	0.22	1.38
vegetarian	0.22	1.41
card	0.22	1.57
birth	0.22	1.40
snow	0.22	1.55
everybody	0.22	2.52
boyfriend	0.22	1.90
supposedly	0.22	1.36
daily	0.22	1.62
evening	0.22	1.77
sitting	0.22	1.63
government	0.22	1.54
professional	0.22	1.62
fits	0.22	1.47
conversation	0.22	1.75
irony	0.22	1.48
till	0.22	2.08
speak	0.22	1.98
rule	0.22	2.14
wreck	0.22	1.51
advocate	0.22	1.41
prefer	0.22	1.56
visiting	0.22	1.67
detail	0.22	1.77
perception	0.22	1.44
hit	0.22	1.93
narrow	0.22	1.62
1200	0.22	1.69
clubs	0.23	1.45
start	0.23	2.09
orange	0.23	1.36
sodas	0.23	1.34
strictly	0.23	1.79
sport	0.23	1.42
300lbs	0.23	1.51
show	0.23	2.07
angel	0.23	1.27
300	0.23	1.63
arse	0.23	1.42
eagle	0.23	1.20
fed	0.23	1.38
join	0.23	1.66
jack	0.23	1.68
dedicated	0.23	1.57
changing	0.23	1.57
big	0.23	1.89
custody	0.23	1.50
tattoos	0.23	1.36
gastric	0.23	1.60
split	0.23	1.50
button	0.23	1.54
clarify	0.23	2.20
tradition	0.23	1.60
hopes	0.23	1.54
motivate	0.23	2.22
men	0.24	1.60
continue	0.24	2.07
healthier	0.24	1.54
sat	0.24	1.59
further	0.24	1.97
terms	0.24	1.58
rant	0.24	1.86
korean	0.24	1.28
capacity	0.24	1.57
suppose	0.24	2.69
squat	0.24	1.81
boot	0.24	1.47
target	0.24	1.47
simple	0.24	1.97
skinnier	0.24	1.75
lost	0.24	2.02
national	0.24	1.51
hike	0.24	1.61
dang	0.24	1.79
vacation	0.24	1.82
k	0.24	1.64
fattie	0.24	1.59
running	0.24	1.74
unrealistic	0.24	1.46
350	0.24	1.59
credit	0.24	1.59
exercising	0.24	1.99
spell	0.24	1.77
requirement	0.25	1.49
blows	0.25	1.52
gained	0.25	2.03
sharp	0.25	1.60
perspective	0.25	1.63
sign	0.25	1.68
blog	0.25	1.52
pet	0.25	1.14
toes	0.25	1.40
figures	0.25	1.41
reminder	0.25	1.27
pregnancy	0.25	1.52
chubby	0.25	1.45
episode	0.25	1.82
key	0.25	1.46
dumped	0.25	1.50
treadmill	0.25	1.80
research	0.25	1.50
last	0.25	2.25
offering	0.26	1.80
cookie	0.26	1.30
services	0.26	1.55
drivers	0.26	1.51
tax	0.26	1.54
bedroom	0.26	1.57
real	0.26	2.45
conversations	0.26	1.59
appears	0.26	1.62
free	0.26	1.75
suggestion	0.26	1.79
date	0.26	1.58
ticket	0.26	1.46
sending	0.26	1.45
weakness	0.26	1.49
anytime	0.27	2.19
sports	0.27	1.44
janet	0.27	1.52
i.e	0.27	1.45
measurements	0.27	1.53
taller	0.27	1.66
imagining	0.27	1.30
vast	0.27	1.27
instant	0.27	1.49
base	0.27	1.38
low	0.27	1.63
insurance	0.27	1.60
garden	0.27	1.39
professor	0.27	1.72
accurate	0.27	1.52
mentioning	0.27	1.78
mile	0.27	1.78
policy	0.27	1.61
sane	0.27	1.33
strict	0.28	1.49
lesbian	0.28	1.56
bang	0.28	1.48
height	0.28	1.53
plays	0.28	1.37
y'know	0.28	1.56
nutritional	0.28	1.53
sooo	0.28	1.46
tonight	0.28	1.84
tables	0.28	1.64
youth	0.28	1.29
sunday	0.28	1.74
only	0.28	3.38
er	0.28	1.66
impression	0.28	1.88
grey	0.28	1.39
removed	0.28	2.25
assistance	0.28	1.60
pushing	0.28	1.57
must	0.28	2.61
weekends	0.28	1.75
accept	0.28	2.16
endless	0.28	1.41
condishun	0.28	2.00
proper	0.28	1.50
stars	0.28	1.24
flights	0.28	1.61
expectations	0.28	1.35
putting	0.29	2.41
bf	0.29	1.74
favor	0.29	1.49
breed	0.29	1.22
protective	0.29	1.46
navy	0.29	1.47
demand	0.29	1.77
trend	0.29	1.38
grounds	0.29	1.58
overnight	0.29	1.53
secret	0.29	1.44
routine	0.29	1.86
threads	0.29	1.69
significantly	0.29	1.88
taking	0.29	2.51
hint	0.29	1.56
opposed	0.30	1.49
bank	0.30	1.59
longer	0.30	2.30
stuffed	0.30	1.40
rides	0.30	1.42
attempt	0.30	1.71
chinese	0.30	1.56
basis	0.30	1.48
fitness	0.30	1.64
match	0.30	1.63
dew	0.30	1.42
here	0.30	3.05
0	0.30	1.39
uniform	0.30	1.20
gf	0.30	1.91
clothing	0.30	1.44
surgeon	0.30	1.39
hitler	0.31	1.35
confidence	0.31	1.52
woman	0.31	1.71
requirements	0.31	1.55
checked	0.31	1.69
raising	0.31	1.51
married	0.31	1.73
christ	0.31	1.26
choke	0.31	1.59
trip	0.31	1.80
planned	0.31	1.58
handling	0.31	1.43
learning	0.31	1.49
explanation	0.31	2.06
native	0.32	1.71
silly	0.32	1.59
amazed	0.32	1.76
linked	0.32	1.60
focus	0.32	1.51
spring	0.32	1.58
agreed	0.32	1.72
pleasure	0.32	1.41
playing	0.32	1.37
meeting	0.32	1.65
grows	0.32	1.58
fit	0.32	1.65
shorter	0.32	1.74
chunky	0.32	1.53
magic	0.33	1.59
showed	0.33	1.91
pace	0.33	1.79
failed	0.33	1.56
spanish	0.33	1.84
knife	0.33	1.57
tip	0.33	1.55
wheelchair	0.33	1.44
fad	0.33	1.58
educated	0.33	1.27
200	0.33	1.62
psycho	0.33	1.32
bra	0.33	1.43
enter	0.33	1.70
position	0.33	1.88
girlfriend	0.33	1.80
hamfucker	0.33	1.41
offered	0.33	1.80
quote	0.34	1.96
ok	0.34	3.52
towards	0.34	1.36
brown	0.34	1.26
generic	0.34	1.33
additional	0.34	1.53
extended	0.34	1.39
calls	0.34	2.30
meaning	0.34	1.78
crying	0.34	1.37
heaven	0.34	1.28
boys	0.34	1.35
120	0.34	1.57
club	0.34	1.26
practice	0.34	1.57
rates	0.34	1.59
faith	0.34	1.82
surrounded	0.34	1.56
gave	0.34	1.93
craving	0.34	1.26
night	0.34	1.87
drama	0.34	1.39
heels	0.34	1.45
reminds	0.34	1.41
bills	0.35	1.55
server	0.35	1.79
solution	0.35	1.83
scale	0.35	1.64
music	0.35	1.36
one	0.35	3.30
route	0.35	1.64
address	0.35	1.71
blood	0.35	1.61
spent	0.35	2.07
lifetime	0.35	1.21
experiences	0.35	1.28
fuck	0.35	2.04
default	0.35	1.45
permanently	0.35	1.50
apologize	0.35	1.70
wikipedia	0.35	1.57
sent	0.36	1.64
users	0.36	1.57
intended	0.36	1.93
r/fatpeoplehate	0.36	2.37
whom	0.36	1.28
lips	0.36	1.45
accepting	0.36	1.11
faint	0.36	1.65
heat	0.36	1.35
pro	0.36	1.66
aid	0.36	1.46
lbs	0.36	1.64
moving	0.36	2.42
volunteer	0.36	1.42
player	0.36	1.43
judging	0.36	1.56
followed	0.36	1.31
clothes	0.36	1.41
em	0.36	2.11
power	0.36	1.71
resist	0.36	1.64
career	0.37	1.42
scratch	0.37	1.30
pays	0.37	1.57
80	0.37	1.60
motion	0.37	1.55
reactions	0.37	1.49
marathon	0.37	1.71
nights	0.37	1.83
believable	0.37	1.50
star	0.37	1.40
spaghetti	0.37	1.43
morning	0.37	1.85
realizes	0.37	2.12
resources	0.37	1.41
boat	0.37	1.36
holiday	0.37	1.64
athletic	0.37	1.42
ambulance	0.37	1.56
soon	0.37	2.20
temporary	0.37	1.48
asian	0.37	1.47
short	0.38	1.41
offers	0.38	1.76
weekly	0.38	1.63
suited	0.38	2.34
ideas	0.38	1.44
lb	0.38	1.63
describing	0.38	1.79
object	0.38	1.53
runner	0.38	1.60
tv	0.38	1.47
mistake	0.38	2.31
beating	0.38	1.55
tp	0.38	1.92
tight	0.38	1.43
weighed	0.39	1.58
sticks	0.39	1.34
net	0.39	1.36
neat	0.39	1.41
receive	0.39	1.43
greatest	0.39	2.15
sells	0.39	1.39
110	0.39	1.58
pun	0.39	1.83
sight	0.39	1.46
meh	0.39	2.01
o.o	0.40	1.52
single	0.40	2.29
data	0.40	1.76
license	0.40	1.56
chances	0.40	1.52
game	0.40	1.36
brothers	0.40	1.81
watching	0.40	1.47
yep	0.40	1.43
stable	0.40	1.23
consistent	0.40	1.40
hers	0.40	1.85
blocked	0.40	1.50
150	0.40	1.58
exact	0.40	2.07
favorite	0.40	2.45
played	0.40	1.44
remain	0.40	1.60
yes	0.40	3.55
purposes	0.40	1.56
chili	0.41	1.32
member	0.41	1.44
final	0.41	1.67
airport	0.41	1.49
weapon	0.41	1.51
requires	0.41	1.75
toward	0.41	1.35
muscular	0.41	1.51
beauty	0.41	1.32
w	0.41	1.60
5k	0.41	1.71
250	0.41	1.59
tag	0.41	1.80
request	0.41	1.58
afternoon	0.41	1.79
straight	0.42	1.72
5'1	0.42	1.51
rate	0.42	1.53
party	0.42	1.46
folk	0.42	1.37
source	0.42	1.56
continuing	0.42	1.52
white	0.42	1.37
weighing	0.42	1.53
xl	0.42	1.42
pc	0.43	1.67
degrees	0.43	1.46
disgusted	0.43	1.62
sims	0.43	1.41
ripped	0.43	1.55
devil	0.43	1.64
bottom	0.43	1.51
hence	0.43	1.48
knowledge	0.43	1.58
results	0.43	1.65
amp	0.43	1.82
mod	0.43	1.99
below	0.43	1.57
syndrome	0.43	1.51
bc	0.43	1.68
uni	0.43	1.44
okay	0.43	3.58
plan	0.44	1.70
video	0.44	1.46
sisters	0.44	1.86
event	0.44	1.50
reasonably	0.44	1.58
customers	0.44	1.59
showing	0.44	1.58
meant	0.44	3.64
boots	0.44	1.37
slow	0.44	1.74
voice	0.44	1.53
colors	0.44	1.30
canadian	0.44	1.54
tops	0.44	1.45
stage	0.44	1.64
y	0.44	1.63
160	0.44	1.57
jacket	0.44	1.36
long	0.45	2.59
someday	0.45	1.95
kicked	0.45	1.58
attempts	0.45	1.65
t	0.45	1.59
encourage	0.45	1.61
war	0.45	1.26
130	0.45	1.55
officer	0.45	1.46
yesterday	0.45	1.84
computer	0.45	1.28
140	0.45	1.60
return	0.45	1.39
r/storywithafatpersoninit	0.45	2.21
king	0.46	1.54
fallen	0.46	1.55
hat	0.46	1.28
every	0.46	2.22
finally	0.46	2.41
trolls	0.46	1.56
calorie	0.46	1.66
mail	0.46	1.42
second	0.46	2.02
paint	0.46	1.23
weigh	0.46	1.55
possible	0.46	3.41
imo	0.46	1.40
nazi	0.46	1.80
frame	0.46	1.51
staff	0.46	1.60
parties	0.46	1.34
wall	0.46	1.43
asap	0.46	1.84
danish	0.46	1.73
recommend	0.46	2.03
f	0.46	1.57
replying	0.46	2.60
drop	0.46	1.81
bulking	0.47	1.59
yellow	0.47	1.29
diets	0.47	1.47
n	0.47	1.72
skin	0.47	1.40
american	0.47	1.57
holidays	0.47	1.87
begins	0.47	1.43
condishuns	0.47	1.87
search	0.47	1.71
boner	0.47	1.30
following	0.47	2.09
5'4	0.47	1.55
exercise	0.48	1.71
challenge	0.48	1.59
whatnot	0.48	1.54
cutting	0.48	1.50
forgive	0.48	1.78
strangers	0.48	1.41
numbers	0.48	1.60
offense	0.48	1.60
diet	0.48	1.49
sucks	0.48	1.99
gaining	0.48	1.94
spread	0.48	1.50
prepare	0.48	1.42
balanced	0.48	1.37
woke	0.48	1.81
outside	0.49	1.62
180	0.49	1.58
5'3	0.49	1.56
crossed	0.49	1.89
financial	0.49	1.54
baby	0.49	1.21
forth	0.49	1.46
subject	0.49	1.89
kills	0.49	2.20
replace	0.49	1.53
pound	0.49	1.71
management	0.49	1.68
telling	0.49	2.46
fitting	0.49	1.45
220	0.49	1.56
signed	0.49	1.52
g	0.49	1.64
words	0.49	1.94
debate	0.49	1.81
birthday	0.49	1.46
games	0.49	1.39
screen	0.49	1.55
set	0.49	1.60
included	0.49	1.43
tech	0.49	1.60
struggles	0.50	1.49
eh	0.50	2.04
pair	0.50	1.41
shorts	0.50	1.41
ideal	0.50	1.32
max	0.50	1.48
saturday	0.50	1.73
purple	0.50	1.36
gain	0.50	1.86
mountains	0.50	1.47
exception	0.50	1.41
humanity	0.50	1.30
counter	0.50	1.58
waited	0.50	1.74
wat	0.51	1.72
laughter	0.51	1.22
powerful	0.51	1.42
language	0.51	1.69
ella	0.51	1.26
suitable	0.51	2.20
minor	0.51	1.63
provide	0.51	1.81
green	0.51	1.30
late	0.51	1.84
introduced	0.51	1.65
starting	0.51	2.06
grabbing	0.51	1.60
5'9	0.51	1.53
r/badpeoplestories	0.52	2.17
worried	0.52	2.00
aim	0.52	1.56
sabotage	0.52	1.78
shifts	0.52	1.84
analogy	0.52	1.32
compliments	0.52	1.36
paid	0.52	1.73
duck	0.52	1.33
movies	0.52	1.45
cried	0.52	1.31
tattoo	0.52	1.25
mfp	0.52	1.76
worthy	0.52	1.37
english	0.52	1.72
lately	0.53	1.59
stay	0.53	2.03
girls	0.53	1.59
afterwards	0.53	1.49
shirts	0.53	1.44
mashed	0.53	1.11
handled	0.53	1.40
gt	0.53	3.05
ours	0.53	1.50
wedding	0.53	1.42
shows	0.53	1.51
responding	0.53	1.64
machines	0.53	1.65
black	0.53	1.40
5'8	0.54	1.52
atleast	0.54	1.96
prison	0.54	1.35
tent	0.54	1.39
carrying	0.54	1.54
measure	0.54	1.80
initially	0.54	1.38
cundishuns	0.54	1.85
pants	0.54	1.44
status	0.54	1.46
notes	0.54	1.49
24/7	0.54	1.47
thumb	0.54	1.47
paper	0.54	1.51
bonus	0.54	1.41
tie	0.55	1.46
competition	0.55	1.69
200lbs	0.55	1.58
reached	0.55	1.46
chat	0.55	1.61
5'6	0.55	1.52
whereas	0.55	1.50
obsessed	0.55	1.33
underwear	0.55	1.25
history	0.55	1.56
tall	0.55	1.52
current	0.55	1.56
lame	0.55	1.72
shift	0.55	1.97
besides	0.55	1.22
biking	0.56	1.50
suit	0.56	1.43
jeans	0.56	1.42
6'2	0.56	1.57
5'5	0.56	1.53
thursday	0.56	1.89
roommates	0.56	1.66
closing	0.56	1.85
tone	0.56	1.59
survived	0.56	1.30
documentary	0.56	1.52
guys	0.56	1.99
5'7	0.56	1.57
sword	0.56	1.44
movie	0.57	1.44
wear	0.57	1.42
fyi	0.57	1.68
roommate	0.57	1.67
stands	0.57	1.42
5'2	0.57	1.50
190	0.57	1.55
vote	0.57	1.54
regarding	0.57	1.43
min	0.57	1.79
sales	0.57	1.51
snowflake	0.57	1.33
posters	0.57	1.52
ear	0.57	1.43
interesting	0.58	1.75
workplace	0.58	1.62
5'10	0.58	1.53
covering	0.58	1.35
temperature	0.58	1.44
owned	0.58	1.54
pit	0.58	1.46
l	0.58	1.72
cold	0.58	1.34
youtube	0.58	1.53
joy	0.58	1.17
climbing	0.58	1.48
names	0.58	1.38
continues	0.58	1.67
messages	0.58	1.36
whats	0.58	1.50
covers	0.58	1.41
dark	0.58	1.22
approach	0.58	1.55
5'11	0.59	1.53
170	0.59	1.60
calm	0.59	1.67
famous	0.59	1.31
mods	0.59	1.82
follows	0.59	2.15
cuz	0.59	2.07
til	0.59	1.58
delete	0.60	1.63
curvy	0.60	1.70
phrase	0.60	1.74
points	0.60	1.90
whatsoever	0.60	1.78
german	0.60	1.72
sources	0.60	1.60
weather	0.60	1.47
forum	0.60	1.54
b	0.60	1.64
wrapped	0.60	1.26
posted	0.60	1.80
r/fatlogic	0.60	2.16
stick	0.60	1.83
dr	0.61	1.80
guns	0.61	1.47
effort	0.61	2.00
email	0.61	1.48
downvotes	0.61	1.73
direction	0.61	1.65
curiosity	0.61	1.41
metas	0.61	2.08
ms	0.61	1.31
department	0.62	1.58
maximum	0.62	1.36
ocean	0.62	1.50
opportunity	0.62	1.94
reverse	0.62	1.38
purely	0.62	1.44
improving	0.62	1.44
monday	0.62	2.00
wore	0.62	1.38
nowadays	0.62	1.37
175	0.62	1.54
deleted	0.62	1.87
independent	0.62	1.34
caught	0.62	1.57
entertainment	0.63	1.20
shirt	0.63	1.41
metal	0.63	1.33
wheels	0.63	1.43
modern	0.63	1.51
sometime	0.63	1.83
mary	0.63	1.17
trade	0.63	1.55
135	0.63	1.58
takes	0.63	2.25
library	0.63	1.51
articles	0.64	1.47
worn	0.64	1.39
honor	0.64	1.53
eye	0.64	1.60
im	0.64	2.04
broad	0.64	1.46
slang	0.64	1.51
tits	0.64	1.33
sarcasm	0.64	1.90
resort	0.64	1.48
ta	0.64	2.13
closet	0.64	1.43
excited	0.64	2.13
slap	0.64	1.35
reduction	0.64	1.60
red	0.65	1.34
shot	0.65	1.45
antagonist	0.65	1.51
prepared	0.66	1.52
subs	0.66	1.71
refreshing	0.66	1.93
poster	0.66	1.99
tomorrow	0.66	2.04
dudes	0.66	1.52
ol	0.66	1.59
material	0.66	1.54
fatpeoplehate	0.66	2.17
ahh	0.66	1.86
shoes	0.67	1.37
interview	0.67	1.55
presence	0.67	1.49
irish	0.67	1.56
id	0.67	1.48
during	0.67	1.88
chick	0.67	1.28
preferred	0.67	1.71
cooking	0.67	1.27
appropriate	0.67	1.52
meta	0.67	2.06
ashamed	0.68	1.86
using	0.68	2.29
film	0.68	1.42
minimum	0.68	1.63
hiking	0.68	1.49
upvotes	0.68	1.55
maintain	0.68	1.74
guests	0.68	1.58
clicked	0.68	1.97
friday	0.69	1.93
replied	0.69	2.52
expression	0.69	1.91
repost	0.69	2.03
dis	0.69	2.07
deliver	0.69	1.69
sincerely	0.69	1.43
trail	0.69	1.30
strong	0.69	1.62
tolerance	0.69	1.32
format	0.70	1.62
alpha	0.70	1.20
sigh	0.70	1.34
myfitnesspal	0.70	1.68
burrito	0.70	1.33
entry	0.70	1.45
mondays	0.70	2.06
combo	0.70	1.27
ladies	0.70	1.44
dating	0.70	1.57
dated	0.70	1.72
fool	0.70	1.36
guide	0.70	1.43
onto	0.70	1.66
official	0.71	1.39
hearing	0.71	1.78
benefit	0.71	1.65
r	0.71	1.63
standing	0.71	1.65
thread	0.71	1.92
comments	0.71	1.59
send	0.72	1.63
security	0.72	1.63
whole	0.72	2.11
cashier	0.72	1.57
measuring	0.72	1.69
officially	0.73	1.30
letters	0.73	1.48
path	0.73	1.41
emt	0.73	1.64
nicely	0.73	1.56
formatting	0.74	1.58
mountain	0.74	1.41
helped	0.74	1.94
today	0.74	2.07
mfw	0.74	1.47
giggle	0.74	1.55
gains	0.74	1.82
comment	0.74	2.27
e	0.74	1.58
counting	0.74	1.68
online	0.74	1.57
creating	0.74	1.33
tool	0.74	1.40
da	0.74	1.90
christmas	0.74	1.46
attractive	0.75	1.49
british	0.75	1.49
huh	0.75	1.85
details	0.75	1.76
helps	0.75	1.73
summer	0.75	1.64
freaked	0.75	1.79
currently	0.75	1.87
levi	0.75	1.41
aussie	0.76	1.34
ginger	0.76	1.33
hoping	0.76	2.20
downvote	0.76	1.79
provided	0.76	1.40
length	0.76	1.49
pink	0.77	1.33
employees	0.77	1.70
intelligence	0.77	1.41
tatu	0.78	1.50
anonymous	0.78	1.45
staying	0.78	1.69
realistic	0.78	1.69
finding	0.78	1.82
track	0.78	1.56
ninja	0.78	1.42
translation	0.78	1.39
blanket	0.78	1.48
information	0.78	1.67
reaching	0.79	1.44
episodes	0.79	1.46
plot	0.79	1.20
powers	0.79	1.33
r/fatpeoplestories	0.79	2.06
please	0.79	2.36
comparing	0.79	1.54
spend	0.79	1.70
working	0.80	2.30
disney	0.80	1.28
phone	0.80	1.52
subreddits	0.80	1.65
winter	0.80	1.48
belongs	0.80	2.03
promise	0.80	1.94
throughout	0.80	1.45
staring	0.81	1.76
tiny	0.81	1.31
hopefully	0.81	1.96
marriage	0.81	1.33
coming	0.81	2.71
website	0.81	1.52
hardcore	0.81	1.50
introduce	0.81	1.62
videos	0.81	1.41
subreddit	0.81	2.01
earned	0.82	1.38
former	0.82	1.49
another	0.82	2.04
coworkers	0.83	1.65
dressed	0.83	1.30
boss	0.83	1.65
win	0.83	1.44
struggle	0.83	1.41
pls	0.83	1.89
la	0.83	1.55
waitress	0.83	1.55
copy	0.84	1.50
o	0.84	1.66
events	0.84	1.34
land	0.84	1.39
upvoted	0.84	1.57
sugahs	0.84	1.86
treats	0.84	1.83
rolling	0.84	1.41
check	0.84	1.77
bright	0.84	1.36
shugahs	0.85	1.87
glasses	0.85	1.32
dieting	0.85	1.65
sidebar	0.85	1.94
news	0.85	1.64
user	0.85	1.64
answer	0.85	2.84
now	0.85	3.06
list	0.85	1.42
development	0.85	1.34
season	0.85	1.40
mah	0.85	1.88
greek	0.85	1.43
end	0.85	2.17
st	0.86	1.32
yeah	0.86	3.10
tee	0.86	1.55
recipe	0.86	1.21
hired	0.86	1.65
community	0.86	1.40
app	0.86	1.60
responses	0.86	1.47
surprised	0.86	2.32
captain	0.86	1.61
owe	0.86	1.89
hee	0.86	1.50
crew	0.87	1.42
muh	0.87	1.88
con	0.87	1.29
laughs	0.87	1.69
loose	0.87	1.58
confirm	0.87	1.59
fancy	0.87	1.36
ability	0.87	1.70
statement	0.87	2.61
porn	0.87	1.41
easiest	0.87	2.44
wears	0.88	1.40
v	0.88	1.59
wut	0.88	1.69
sides	0.88	1.28
chins	0.88	1.55
glorious	0.88	1.10
f2f	0.88	1.97
john	0.88	1.47
rustle	0.88	1.42
tips	0.89	1.46
model	0.89	1.41
smooth	0.89	1.41
typed	0.89	2.07
previous	0.89	2.05
account	0.89	1.71
cough	0.89	1.43
feature	0.89	1.37
keto	0.89	1.50
main	0.89	2.10
wiki	0.90	1.42
hurry	0.90	2.05
sympathy	0.90	1.37
wheelz	0.90	1.30
torn	0.90	1.25
google	0.90	1.51
post	0.90	1.87
rocks	0.91	1.34
forbid	0.91	1.57
fashion	0.91	1.38
balance	0.91	1.54
accent	0.91	1.48
russian	0.91	1.52
thinner	0.91	1.65
earlier	0.91	2.15
site	0.91	1.60
backwards	0.92	1.55
accounts	0.92	1.56
corporate	0.92	1.64
assumed	0.92	1.80
ouch	0.93	1.73
originally	0.93	1.47
thanksgiving	0.93	1.40
bet	0.93	2.17
nutritionist	0.93	2.49
oooh	0.93	1.84
reply	0.93	1.95
insert	0.93	1.56
worked	0.93	1.88
sucking	0.93	1.39
desk	0.93	1.74
occasion	0.93	1.33
weight	0.94	1.90
entire	0.94	1.73
helping	0.94	2.44
content	0.94	1.58
uh	0.94	2.14
recent	0.94	1.48
rustling	0.94	1.24
color	0.94	1.40
c	0.95	1.57
adding	0.95	1.55
jaw	0.95	1.46
miss	0.96	1.86
line	0.96	2.05
hmmm	0.96	1.67
girl	0.96	1.55
explaining	0.96	1.78
workers	0.96	1.67
foot	0.97	1.51
rare	0.97	1.72
steam	0.97	1.44
office	0.97	1.70
soul	0.97	1.20
first	0.97	2.73
mike	0.98	1.41
error	0.98	1.87
disappointed	0.98	1.87
moar	0.98	1.84
letter	0.98	1.42
whoa	0.99	1.50
ops	0.99	1.58
safe	0.99	1.45
cry	0.99	1.79
ah	0.99	2.39
freaking	0.99	1.16
looked	1.00	2.14
holding	1.00	1.76
submissions	1.00	1.60
noise	1.00	1.35
structure	1.00	1.33
tee^hee	1.00	1.42
ship	1.00	1.43
battle	1.00	1.32
wan	1.01	2.32
fake	1.01	1.55
tl	1.01	1.46
term	1.01	2.41
robbie	1.01	1.56
better	1.01	2.03
jobs	1.01	1.69
dem	1.01	1.80
technically	1.01	2.72
assumption	1.02	2.50
faces	1.02	1.45
ot	1.02	1.49
r/fitness	1.02	1.84
anyways	1.02	2.01
linking	1.03	1.66
wage	1.03	1.70
posts	1.03	1.71
manager	1.04	1.73
u	1.04	1.94
pole	1.04	1.23
apparently	1.04	2.52
rip	1.04	1.36
curves	1.04	1.57
beast	1.04	1.23
weekend	1.05	1.66
tear	1.05	1.16
pm	1.05	1.58
name	1.05	1.52
fatpeoplestories	1.05	1.40
present	1.05	1.53
reddit	1.06	1.62
honesty	1.06	1.27
text	1.06	1.37
version	1.06	1.38
p	1.06	2.22
estimate	1.06	1.46
queen	1.07	1.50
beard	1.07	1.43
yo	1.07	1.69
customer	1.07	1.59
truly	1.08	1.38
lines	1.08	1.49
vent	1.08	1.82
international	1.08	1.42
culture	1.08	1.42
typing	1.08	1.80
necessary	1.08	2.36
cravings	1.08	1.33
article	1.08	1.63
oops	1.09	2.00
sorry	1.09	2.98
ends	1.09	1.26
fridays	1.09	1.95
random	1.09	1.34
comparison	1.09	1.46
chosen	1.10	2.23
jeez	1.10	1.45
tho	1.11	1.57
blueeyes	1.11	1.34
1/4	1.11	1.30
employee	1.11	1.73
occasional	1.12	1.27
sites	1.12	1.43
immune	1.12	2.10
maintaining	1.12	1.47
bikini	1.12	1.46
ahead	1.12	1.76
willing	1.13	2.37
mr	1.13	1.54
role	1.13	1.34
hubby	1.13	1.36
title	1.14	1.72
dance	1.14	1.32
message	1.14	1.44
wearing	1.14	1.36
visual	1.14	1.49
won	1.14	1.43
word	1.14	2.50
fb	1.15	1.17
listening	1.15	1.44
hmm	1.15	1.72
log	1.15	1.63
retail	1.15	1.69
twin	1.16	2.02
facebook	1.16	1.54
discipline	1.16	1.37
links	1.17	1.62
justice	1.17	1.22
6'3	1.17	1.56
incorrect	1.17	2.49
sub	1.18	1.85
providing	1.18	1.72
skill	1.18	1.24
correctly	1.18	2.48
shall	1.18	1.79
gotcha	1.19	2.16
jimmy	1.19	1.23
sentence	1.19	1.74
unacceptable	1.19	1.98
smile	1.19	1.47
worker	1.19	1.61
reaction	1.19	1.49
valid	1.19	2.13
dat	1.19	1.74
firm	1.19	1.30
service	1.19	1.60
aside	1.20	1.73
goal	1.20	1.62
genius	1.21	1.11
naturally	1.21	1.35
costume	1.21	1.24
kindly	1.22	1.61
twist	1.22	1.27
apology	1.22	1.54
6'1	1.22	1.51
mrsir	1.22	1.50
friend	1.22	2.37
pleasant	1.22	1.47
images	1.23	1.46
arts	1.23	1.40
chef	1.23	1.97
de	1.23	1.41
6'4	1.24	1.49
relevant	1.24	1.49
dresses	1.24	1.32
submit	1.25	1.50
martial	1.25	1.39
new	1.25	1.38
parts	1.26	1.72
swole	1.26	1.67
mobile	1.26	1.83
typo	1.26	2.20
bout	1.26	1.95
paragraph	1.26	1.66
al	1.26	1.38
click	1.26	1.56
page	1.27	1.56
fiance	1.27	1.48
fiction	1.27	1.39
shared	1.27	1.32
stranger	1.27	1.46
forgot	1.28	2.18
profile	1.28	1.62
closest	1.28	2.22
models	1.28	1.43
pal	1.28	1.66
achieve	1.29	1.48
familiar	1.29	1.54
elephant	1.29	1.24
face	1.29	1.43
sake	1.30	1.32
seriousness	1.30	1.70
stats	1.30	1.54
camera	1.30	1.58
mommy	1.30	1.28
dammit	1.30	1.40
hahahaha	1.30	1.40
lmao	1.31	1.74
bb	1.31	1.60
waiting	1.31	1.62
steve	1.31	1.23
reserved	1.31	1.88
image	1.31	1.38
naked	1.31	1.51
part	1.32	2.62
teehee	1.32	1.73
bud	1.32	1.63
exaggerated	1.33	1.55
alright	1.33	2.35
dress	1.33	1.33
link	1.33	1.66
changes	1.33	1.49
keeps	1.33	1.85
conclusion	1.34	1.55
upvote	1.34	1.61
rustled	1.34	1.32
work	1.34	2.44
seeing	1.35	2.06
quality	1.36	1.21
info	1.36	1.52
step	1.36	1.62
fellow	1.37	1.55
posting	1.37	1.75
flair	1.38	1.49
finish	1.38	1.69
blue	1.38	1.36
jimmies	1.39	1.33
heh	1.39	1.70
peace	1.39	1.37
yea	1.39	2.16
bear	1.40	1.40
vick	1.40	1.19
dialogue	1.41	1.23
hah	1.41	1.41
shy	1.42	1.63
sis	1.43	1.52
brah	1.43	2.02
ha	1.43	2.13
update	1.43	1.79
indeed	1.43	1.61
fan	1.44	1.32
character	1.44	1.09
hammer	1.44	1.30
seriously	1.44	2.32
host	1.45	1.52
favourite	1.45	1.97
enemy	1.45	1.85
healthy	1.45	1.77
chill	1.45	1.58
pointing	1.45	2.31
anime	1.45	1.24
amazingly	1.46	1.50
humor	1.47	1.43
willpower	1.47	1.47
next	1.47	1.97
suggestions	1.48	1.41
steady	1.48	1.47
recipes	1.48	1.35
weeaboo	1.48	1.18
petite	1.48	1.25
4chan	1.49	1.25
books	1.51	1.34
auto	1.51	2.28
irl	1.51	1.84
traditional	1.51	1.34
ready	1.51	2.10
satisfy	1.51	1.78
handy	1.52	1.31
username	1.52	1.68
halfway	1.53	1.57
close	1.54	2.39
wrote	1.54	1.70
um	1.54	2.04
hi	1.54	1.35
kindness	1.54	1.25
whoops	1.55	2.16
apologies	1.55	2.13
company	1.55	1.86
shots	1.55	1.45
op	1.55	2.77
gold	1.58	1.32
lord	1.58	1.39
ahhh	1.58	1.80
pray	1.58	1.55
keeping	1.59	1.66
lucky	1.59	1.92
tears	1.59	1.26
goodness	1.60	1.22
bouncer	1.60	1.43
mark	1.61	1.48
updates	1.61	1.57
justapaddy	1.61	1.47
advice	1.62	1.69
dancing	1.63	1.22
active	1.63	1.69
woah	1.63	1.37
intro	1.63	1.20
xd	1.63	1.70
slim	1.63	1.33
hair	1.64	1.31
stare	1.64	1.53
guy	1.65	2.03
eyes	1.65	1.34
edited	1.66	2.46
kidding	1.66	1.84
reader	1.68	1.32
finishing	1.68	1.80
sagas	1.69	1.31
oliver	1.69	1.40
authors	1.69	1.36
momma	1.69	1.20
beginning	1.69	1.56
pigs	1.69	1.33
mirror	1.69	1.57
spelling	1.70	2.30
am	1.71	1.98
reference	1.71	1.55
grammar	1.72	2.23
descriptions	1.72	1.31
pleased	1.72	1.69
offer	1.72	1.95
comfortable	1.73	1.60
yours	1.73	1.74
alive	1.73	1.60
characters	1.73	1.28
losing	1.73	1.79
lol	1.74	2.44
r/keto	1.74	1.46
features	1.74	1.23
blonde	1.74	1.22
liked	1.75	1.51
jealous	1.76	1.20
original	1.76	2.08
patience	1.77	1.35
fans	1.77	1.29
r/loseit	1.78	1.61
satisfied	1.78	1.57
positive	1.78	1.19
guest	1.79	1.34
rest	1.80	2.04
nah	1.80	2.15
enjoyable	1.80	1.09
warm	1.81	1.70
support	1.81	1.43
killer	1.81	1.48
helpful	1.82	1.50
outfit	1.82	1.38
friendly	1.82	1.45
goals	1.83	1.39
share	1.83	1.76
generous	1.85	1.44
damn	1.86	2.01
artistic	1.86	1.63
favorites	1.87	1.75
gods	1.87	1.42
creative	1.87	1.16
impressed	1.88	1.50
fuckin	1.88	1.65
successful	1.88	1.45
mixed	1.88	1.32
angle	1.88	1.47
marry	1.89	1.41
moby	1.89	1.20
gentle	1.90	1.43
sweet	1.90	1.41
ooh	1.90	1.65
japanese	1.90	1.27
smart	1.90	1.41
finished	1.91	1.47
dear	1.91	1.35
catching	1.91	1.55
aw	1.91	1.71
polite	1.92	1.51
read	1.92	1.56
fixed	1.92	2.16
worries	1.92	1.90
damnit	1.93	1.55
insist	1.94	1.64
continued	1.95	1.51
mighty	1.95	1.26
celebrate	1.95	1.57
beetus	1.97	1.56
recovery	1.98	1.23
special	2.00	1.42
photos	2.00	1.44
facial	2.01	1.33
encouragement	2.02	1.32
blunt	2.04	1.46
pictures	2.04	1.45
skills	2.04	1.19
caring	2.06	1.18
perfect	2.06	1.22
updated	2.06	1.40
hilarious	2.06	1.38
happier	2.06	1.62
looks	2.07	1.49
readers	2.07	1.35
edit	2.08	2.17
gif	2.08	1.29
hello	2.09	1.38
tales	2.10	1.14
y'all	2.11	1.67
hope	2.11	1.69
compliment	2.12	1.43
tldr	2.13	1.65
lars	2.13	1.55
sexy	2.14	1.22
hehe	2.15	1.36
photo	2.16	1.42
darn	2.17	1.88
wonderful	2.18	1.19
ya	2.19	1.96
alistair	2.21	1.36
fps	2.22	1.30
dimples	2.22	1.17
installment	2.22	1.42
greentext	2.23	1.16
soothed	2.23	1.30
buddy	2.23	1.54
description	2.23	1.56
praise	2.24	1.25
happiness	2.24	1.24
caterham	2.25	1.17
holy	2.25	1.16
grateful	2.26	1.24
references	2.27	1.17
wait	2.28	2.05
oh	2.29	1.79
intelligent	2.29	1.29
japan	2.30	1.15
entertained	2.30	1.37
picture	2.30	1.43
rock	2.30	1.28
god	2.30	1.50
liking	2.31	1.29
hear	2.31	2.10
motivated	2.34	1.40
inspired	2.36	1.18
missed	2.37	1.71
paddy	2.38	1.26
saint	2.38	1.09
thoroughly	2.38	1.13
pic	2.39	1.30
makeup	2.40	1.17
awe	2.41	1.18
mate	2.42	1.71
writers	2.42	1.03
happily	2.44	1.35
bot	2.47	1.20
hot	2.47	1.47
comic	2.48	1.07
entertaining	2.53	1.01
book	2.54	0.99
cool	2.55	1.60
author	2.55	1.09
haha	2.56	1.95
man	2.57	1.77
beetusbot	2.58	1.35
sir	2.58	1.31
tough	2.60	1.35
supportive	2.60	1.14
hey	2.60	1.90
pics	2.60	1.28
both	2.61	1.57
cheers	2.61	1.28
improvement	2.61	1.28
greatly	2.63	1.21
unique	2.63	1.07
hail	2.63	1.19
hahaha	2.65	1.12
lovely	2.66	1.21
drawn	2.66	1.18
confident	2.68	1.19
p.s	2.70	1.26
reading	2.72	1.24
internet	2.75	1.31
artist	2.75	1.22
winning	2.76	1.34
thankful	2.77	1.43
wishes	2.78	1.31
gosh	2.81	1.26
loss	2.82	1.23
chapter	2.82	1.16
props	2.82	1.34
saga	2.83	1.05
weightloss	2.83	1.25
hug	2.85	1.22
badass	2.86	1.14
ps	2.86	1.28
motivation	2.86	1.18
written	2.88	1.02
dude	2.89	1.42
bro	2.90	1.58
tale	2.90	0.97
novel	2.92	0.95
future	2.94	1.28
story	2.97	1.22
adorable	2.98	1.08
appreciated	3.00	1.28
keep	3.00	1.27
bless	3.00	1.08
draw	3.01	1.26
subscribed	3.01	1.31
series	3.02	0.94
write	3.03	1.07
wow	3.04	1.21
omg	3.05	0.98
u/oliverthegreat91	3.05	1.27
epic	3.06	0.97
classy	3.06	1.19
art	3.07	0.89
aww	3.07	1.27
gifs	3.08	0.99
good	3.12	1.37
wish	3.13	1.48
efforts	3.14	1.16
lt	3.14	1.47
subscribe	3.15	1.28
woo	3.15	1.12
ending	3.16	0.98
hugs	3.16	1.26
brave	3.16	1.08
journey	3.17	1.08
hero	3.17	1.04
kudos	3.17	1.08
thanks	3.19	1.52
looking	3.20	1.40
rooting	3.22	1.32
stories	3.23	1.05
proud	3.27	1.05
job	3.27	1.28
success	3.29	1.08
appreciate	3.30	1.11
admire	3.32	0.94
bravo	3.35	0.88
welcome	3.36	1.38
impressive	3.43	0.94
glad	3.43	1.36
beautiful	3.44	0.85
10/10	3.44	0.90
enjoying	3.44	0.89
progress	3.51	0.98
look	3.52	1.13
dedication	3.52	0.99
cute	3.53	0.93
loving	3.54	0.72
handsome	3.65	0.87
enjoy	3.65	0.74
luck	3.67	0.98
chibi	3.67	0.71
yay	3.67	1.03
thank	3.68	1.07
enjoyed	3.69	0.77
u/paprikagirl	3.70	0.93
transformation	3.71	0.83
mama	3.73	0.74
gorgeous	3.77	0.77
drawing	3.77	0.78
incredible	3.81	0.76
juicy	3.87	0.63
forward	3.89	0.76
sharing	3.91	0.78
congratulations	3.91	0.77
style	3.93	0.60
congrats	3.93	0.81
brilliant	3.94	0.57
hooked	3.96	0.73
excellent	4.00	0.59
writer	4.00	0.67
inspiring	4.01	0.67
inspiration	4.01	0.75
chibiham	4.07	0.60
great	4.09	0.67
btw	4.11	0.66
paprika	4.13	0.60
fabulous	4.18	0.59
illustrations	4.18	0.55
writing	4.18	0.56
drawings	4.23	0.55
