broken	-4.20	1.06
breath	-4.13	1.55
poison	-4.04	1.75
cone	-3.83	1.73
unavoidable	-3.79	1.73
shitty	-3.79	1.43
crappy	-3.72	1.63
poor	-3.58	1.42
nightmare	-3.54	1.55
garbage	-3.46	1.62
badly	-3.41	1.64
bullshit	-3.38	1.61
tl	-3.33	1.60
mediocre	-3.29	1.73
grinds	-3.22	1.90
suffer	-3.18	1.77
worse	-3.11	1.71
itemization	-3.07	1.74
quitting	-2.93	1.88
lazy	-2.91	1.21
bc	-2.90	2.26
sucked	-2.87	1.36
sucks	-2.85	1.57
retarded	-2.85	1.58
pre	-2.77	2.38
stupid	-2.77	1.53
bad	-2.74	1.66
obnoxious	-2.73	1.47
design	-2.70	1.47
generation	-2.66	3.12
camping	-2.65	2.26
bash	-2.65	2.65
lob	-2.62	3.20
packs	-2.62	3.12
enmity	-2.61	3.26
flashes	-2.61	3.21
generates	-2.60	3.25
flashing	-2.60	3.21
ect	-2.59	2.09
generating	-2.59	3.21
emnity	-2.59	3.27
generate	-2.59	3.25
lead	-2.59	2.69
whole	-2.58	1.82
aoe	-2.57	1.68
typical	-2.57	1.68
threat	-2.57	3.29
blade	-2.56	3.07
provoke	-2.56	3.25
pissed	-2.56	1.53
deals	-2.55	1.54
agro	-2.55	3.29
roh	-2.55	3.11
rage	-2.55	3.11
flash	-2.55	3.15
spreading	-2.55	2.66
pulling	-2.54	3.21
initial	-2.54	3.20
generated	-2.54	3.21
scorn	-2.54	3.04
aggro	-2.54	3.31
mobs	-2.54	3.19
halone	-2.54	3.11
mob	-2.54	3.16
aoes	-2.53	1.67
undergeared	-2.52	1.62
pain	-2.51	1.74
pull	-2.51	3.29
loose	-2.51	2.93
dds	-2.51	1.36
spirits	-2.51	2.95
pack	-2.51	3.25
business	-2.50	1.83
marking	-2.50	3.19
quit	-2.50	2.34
riot	-2.49	3.09
screwed	-2.49	1.58
pulled	-2.49	3.16
cold	-2.49	1.80
tank	-2.49	3.07
pulls	-2.48	3.27
circle	-2.45	2.30
targets	-2.45	3.16
flight	-2.45	2.98
established	-2.44	2.83
tomahawk	-2.43	3.31
1-2-3	-2.43	3.12
grab	-2.43	3.21
grabbing	-2.43	3.20
lose	-2.42	3.04
dump	-2.40	1.21
swipe	-2.40	2.90
fast	-2.39	2.67
spiny	-2.38	3.15
combo	-2.37	3.10
shield	-2.36	3.03
sleeping	-2.36	2.97
oath	-2.34	3.04
stun	-2.34	1.54
steal	-2.33	3.16
maintain	-2.32	3.02
tanks	-2.32	2.93
part	-2.32	1.87
hold	-2.32	3.22
trouble	-2.31	2.51
trash	-2.31	3.10
uncommon	-2.31	1.70
fucked	-2.30	1.30
savage	-2.29	2.92
single-target	-2.29	1.47
idiot	-2.27	1.66
rotating	-2.27	2.86
combos	-2.26	3.04
holding	-2.26	3.15
overpower	-2.25	3.19
broke	-2.24	0.80
attacking	-2.24	2.74
enemies	-2.24	2.79
lacking	-2.23	1.59
debuffs	-2.22	1.70
encountered	-2.22	1.90
stunning	-2.22	1.51
meter	-2.20	3.19
overhealing	-2.19	2.65
table	-2.18	2.99
establish	-2.17	3.40
interrupt	-2.17	1.55
enemy	-2.17	2.69
insane	-2.17	1.92
breaking	-2.16	0.95
cleave	-2.15	1.37
sleep	-2.13	2.27
piss	-2.13	0.89
blind	-2.13	1.38
meters	-2.12	3.19
offtank	-2.12	2.72
attention	-2.12	2.92
debuff	-2.11	1.57
off	-2.10	2.93
engage	-2.10	3.09
monster	-2.08	2.27
spread	-2.07	2.79
rampart	-2.06	2.67
range	-2.06	2.20
bs	-2.05	0.93
sufficient	-2.04	3.17
dumb	-2.04	1.73
spamming	-2.03	2.52
pacification	-2.03	2.68
bulwark	-2.02	2.59
butcher	-2.02	2.98
cyclone	-2.02	2.97
break	-2.01	0.90
ot	-2.00	2.78
stealing	-2.00	3.18
brutal	-1.98	2.81
sunder	-1.98	2.93
skull	-1.98	2.93
mt	-1.97	2.72
interest	-1.97	2.60
avoidable	-1.96	1.22
potency	-1.96	2.32
blows	-1.96	2.28
worry	-1.96	2.55
silence	-1.95	1.55
cover	-1.94	2.69
adds	-1.94	2.61
swapping	-1.94	2.65
nonsense	-1.93	1.19
swing	-1.93	2.89
infuriate	-1.93	2.89
unchained	-1.93	2.89
berserk	-1.93	2.89
blaming	-1.92	0.79
maim	-1.91	2.89
block	-1.90	2.76
wrath	-1.89	2.79
spawned	-1.89	1.86
dr	-1.89	0.95
defiance	-1.89	2.79
worthless	-1.88	1.02
engaged	-1.88	2.68
intentionally	-1.88	1.46
storms	-1.87	2.71
killing	-1.87	2.31
fracture	-1.87	2.73
diminishing	-1.87	1.16
tempered	-1.87	2.49
spawn	-1.86	1.89
output	-1.86	2.16
focusing	-1.86	2.39
stunned	-1.85	1.63
marked	-1.85	2.31
plume	-1.85	2.32
mark	-1.85	2.59
resist	-1.85	1.77
cycling	-1.85	2.73
attacked	-1.85	2.33
holds	-1.84	2.72
tunnel	-1.84	1.12
cares	-1.83	2.07
vengeance	-1.83	2.66
dmg	-1.83	1.40
flawed	-1.82	2.37
stuns	-1.82	1.74
suparna	-1.82	2.64
struggle	-1.81	1.56
path	-1.81	2.64
overpowered	-1.81	0.92
esuna	-1.80	1.52
ground	-1.80	2.11
cycle	-1.80	2.67
ib	-1.79	2.67
drama	-1.79	0.79
storm	-1.78	2.67
dealt	-1.78	1.99
steel	-1.78	2.53
damage	-1.78	1.36
chasing	-1.78	1.67
chirada	-1.77	2.59
losing	-1.77	2.04
nearby	-1.77	2.20
smart	-1.77	0.95
rotate	-1.77	2.33
destroyed	-1.76	0.78
picks	-1.76	2.44
everybody	-1.76	2.25
swap	-1.76	2.53
immune	-1.76	1.23
d-pad	-1.75	2.67
internet	-1.75	0.91
target	-1.75	2.57
focus	-1.74	2.36
messing	-1.74	1.20
damaging	-1.74	1.88
wise	-1.74	1.78
monsters	-1.74	2.65
dead	-1.74	2.22
bloodbath	-1.73	2.56
hallowed	-1.73	2.31
auto-attack	-1.73	1.36
paired	-1.73	0.93
junk	-1.73	1.01
avoiding	-1.73	1.41
survivability	-1.72	2.04
holmgang	-1.71	2.24
sentinel	-1.71	2.30
boss	-1.71	2.34
disappointed	-1.70	2.05
wicked	-1.70	2.05
thrill	-1.70	2.44
crap	-1.70	1.76
poorly	-1.70	2.43
throws	-1.69	2.47
kite	-1.69	2.26
maintaining	-1.67	2.26
alive	-1.67	2.11
grinding	-1.67	1.10
warrior	-1.66	2.47
rip	-1.66	3.32
known	-1.66	1.89
gaining	-1.66	2.34
nuke	-1.65	1.83
worrying	-1.65	1.87
l1	-1.65	2.60
convalescence	-1.65	2.33
hg	-1.65	2.31
absurd	-1.65	1.60
foresight	-1.64	2.37
kill	-1.64	2.05
swaps	-1.64	2.20
annoying	-1.63	2.16
false	-1.63	2.63
re	-1.62	2.64
bosses	-1.61	2.22
absolute	-1.61	2.06
single	-1.61	2.57
painful	-1.61	2.22
idiots	-1.60	1.03
targeting	-1.60	2.50
burned	-1.60	1.62
healer	-1.59	1.85
correctly	-1.59	2.67
sorta	-1.59	2.06
tasks	-1.59	0.82
status	-1.58	1.42
spawns	-1.58	2.10
horribly	-1.58	1.25
confused	-1.58	2.36
keeping	-1.58	2.26
build	-1.58	2.21
ridiculous	-1.58	1.86
r1	-1.57	2.53
buffer	-1.57	2.27
building	-1.57	2.28
splitting	-1.57	2.26
keep	-1.56	1.97
fate	-1.56	1.27
dd	-1.56	2.06
decisions	-1.56	1.01
hassle	-1.56	1.06
blocking	-1.56	1.99
marks	-1.55	2.45
soft	-1.55	2.24
overheal	-1.54	2.19
dick	-1.54	1.07
dies	-1.54	1.98
wheel	-1.54	2.06
attack	-1.54	1.44
pressing	-1.54	2.53
pointless	-1.53	1.18
die	-1.53	1.87
tap	-1.53	2.46
killed	-1.53	2.10
mitigation	-1.53	1.95
pot	-1.52	1.32
sisters	-1.52	2.39
followed	-1.52	2.46
sight	-1.52	1.42
carried	-1.52	0.97
circles	-1.52	1.41
dying	-1.52	1.81
healers	-1.51	2.01
within	-1.51	2.34
hitting	-1.51	2.16
death	-1.51	1.27
managing	-1.50	2.12
devour	-1.49	1.18
ignorant	-1.49	1.27
kiting	-1.49	2.12
awareness	-1.48	2.09
tanking	-1.48	2.26
eats	-1.48	1.75
paladins	-1.48	2.36
pots	-1.48	1.27
rough	-1.48	1.56
ranged	-1.48	1.70
knockback	-1.47	1.56
ignore	-1.47	1.07
stomps	-1.46	1.24
frustrating	-1.46	2.35
survive	-1.46	1.28
surprised	-1.46	2.22
douche	-1.46	1.02
constantly	-1.45	1.51
due	-1.45	1.07
while	-1.45	1.78
pld	-1.45	2.07
attacks	-1.45	1.22
resistance	-1.45	1.57
blew	-1.44	1.01
dot	-1.44	2.01
led	-1.44	1.08
spawning	-1.44	1.95
motion	-1.43	2.33
eating	-1.43	1.27
l2	-1.42	2.51
choices	-1.42	1.14
slashing	-1.42	1.77
through	-1.42	1.50
orbs	-1.42	1.81
interrupted	-1.42	1.61
burn	-1.42	2.03
beast	-1.41	2.15
fates	-1.41	1.11
spam	-1.41	2.11
competent	-1.41	0.85
nerf	-1.41	0.92
experiences	-1.41	1.86
paladin	-1.41	2.21
burning	-1.40	1.39
causes	-1.40	1.12
weakness	-1.40	1.14
returns	-1.40	1.03
stances	-1.40	2.11
designed	-1.39	1.10
grow	-1.39	0.90
soldier	-1.39	2.21
intent	-1.39	2.92
double	-1.39	1.80
aura	-1.39	1.81
lagging	-1.38	0.98
dread	-1.38	1.87
dpsing	-1.38	1.86
fluid	-1.38	1.82
cooldowns	-1.38	1.95
dicks	-1.38	0.96
unnecessary	-1.38	1.01
slowing	-1.37	1.21
triggers	-1.37	2.34
down	-1.37	1.92
eat	-1.37	1.61
tired	-1.37	1.09
cds	-1.37	1.88
lying	-1.36	2.61
knocked	-1.36	1.31
r2	-1.36	2.50
trigger	-1.36	2.40
outdated	-1.36	0.93
yelled	-1.36	1.14
elite	-1.36	2.25
constant	-1.35	0.99
chests	-1.35	2.24
blow	-1.35	1.30
troll	-1.35	1.03
without	-1.35	1.63
selfish	-1.35	1.01
guilty	-1.35	2.29
manage	-1.35	1.97
loses	-1.35	1.57
oom	-1.35	2.35
bag	-1.34	0.91
blocks	-1.34	1.85
pad	-1.34	2.33
plds	-1.34	2.21
animations	-1.34	1.92
pally	-1.34	1.93
press	-1.34	2.41
gla	-1.34	2.17
explosion	-1.34	1.09
leads	-1.33	1.20
mass	-1.33	1.82
snake	-1.33	1.89
screwing	-1.32	1.36
wide	-1.32	1.08
driving	-1.32	1.12
severely	-1.32	0.95
effect	-1.32	1.33
cause	-1.32	1.22
melee	-1.31	1.66
hardware	-1.31	0.87
lame	-1.31	1.75
grind	-1.31	1.06
moves	-1.31	1.67
weak	-1.30	0.88
vice	-1.30	2.03
tables	-1.30	2.34
nails	-1.30	1.78
heavy	-1.29	2.10
pop	-1.29	1.87
bugs	-1.29	1.94
slow	-1.28	1.25
switches	-1.28	2.00
ranks	-1.28	2.07
farming	-1.28	1.09
threw	-1.28	1.23
gate	-1.27	2.08
rngesus	-1.27	1.65
lb	-1.27	1.76
ahead	-1.27	2.35
inefficient	-1.27	1.13
itself	-1.26	1.07
leading	-1.26	1.49
differently	-1.26	2.56
decision	-1.26	1.13
picking	-1.26	2.20
responsibility	-1.26	1.44
cd	-1.25	1.96
avoid	-1.25	1.32
ugh	-1.25	1.74
knock	-1.25	1.60
messed	-1.25	1.01
list	-1.25	2.31
calling	-1.24	1.09
ticks	-1.24	1.98
leaving	-1.24	1.06
refreshing	-1.24	1.74
whoever	-1.24	1.65
markers	-1.24	2.02
healed	-1.24	1.89
endless	-1.24	0.74
primary	-1.24	1.73
holy	-1.24	1.28
caused	-1.24	1.07
occasional	-1.23	1.69
stop	-1.23	1.39
topped	-1.23	1.79
bees	-1.23	1.40
annoyed	-1.23	1.45
fault	-1.23	1.31
reduction	-1.23	1.63
timed	-1.22	1.26
garuda	-1.22	2.18
weird	-1.22	1.90
mitigate	-1.22	1.58
speedruns	-1.22	2.23
dreads	-1.22	1.81
potion	-1.21	1.19
sentence	-1.20	1.59
phase	-1.20	1.75
piercing	-1.20	1.49
prove	-1.20	3.04
arrow	-1.20	1.33
explode	-1.20	1.38
plumes	-1.20	1.42
ads	-1.19	1.63
toss	-1.19	1.50
applies	-1.19	1.41
applying	-1.19	1.69
unless	-1.19	3.09
pushes	-1.19	1.15
died	-1.19	1.88
ds	-1.19	1.65
cc	-1.19	1.48
versa	-1.19	2.09
atmas	-1.18	1.10
popped	-1.18	1.63
heart	-1.18	1.28
switching	-1.18	1.92
120	-1.18	1.18
compensate	-1.18	0.99
lb3	-1.18	1.75
doom	-1.18	1.42
nerfed	-1.17	0.85
trivial	-1.17	1.05
unfair	-1.17	1.08
gl	-1.17	1.71
linear	-1.17	0.81
implying	-1.17	2.97
mercy	-1.17	1.91
instead	-1.17	1.62
eaten	-1.17	1.39
positionals	-1.17	1.57
war	-1.17	1.83
180	-1.17	1.24
stance	-1.17	1.84
useless	-1.17	0.92
featherfoot	-1.17	1.90
dodging	-1.16	1.37
preventing	-1.16	1.34
shocked	-1.16	2.15
doors	-1.16	1.94
respawn	-1.16	1.91
warriors	-1.16	1.99
scaling	-1.16	0.95
bb	-1.16	2.96
punished	-1.16	1.14
screw	-1.15	1.10
usually	-1.15	2.14
dealing	-1.15	1.59
process	-1.15	0.91
fear	-1.15	1.01
bone	-1.15	1.91
orange	-1.15	2.02
claiming	-1.15	1.76
repeating	-1.14	1.66
spike	-1.14	1.21
simply	-1.14	3.14
spec	-1.14	1.58
significantly	-1.14	1.08
liquid	-1.14	1.69
opening	-1.14	2.09
targeted	-1.14	1.63
management	-1.14	1.81
kept	-1.14	1.48
rid	-1.14	1.02
lb2	-1.14	1.57
burst	-1.13	1.44
opened	-1.13	0.86
positions	-1.13	1.63
lost	-1.13	1.89
potions	-1.13	1.16
greased	-1.13	1.74
mountain	-1.13	1.33
customer	-1.13	0.92
flares	-1.13	1.92
keeps	-1.12	1.45
cures	-1.12	1.77
arguing	-1.12	3.08
reapply	-1.12	1.80
lack	-1.12	0.87
zerg	-1.12	1.20
habit	-1.12	1.57
run	-1.11	1.99
facing	-1.11	1.34
missing	-1.11	2.66
claims	-1.11	2.10
causing	-1.11	1.13
prevent	-1.11	1.34
accordingly	-1.11	1.45
uptime	-1.11	1.92
typically	-1.11	1.86
tab	-1.11	2.12
indicator	-1.10	1.86
risk	-1.10	1.43
landslides	-1.10	1.33
healing	-1.10	1.67
charged	-1.10	2.04
150	-1.10	1.74
pushed	-1.09	1.29
fake	-1.09	0.86
optimized	-1.09	1.08
marker	-1.09	1.71
defense	-1.09	1.46
imply	-1.09	2.99
spin	-1.09	1.37
solid	-1.08	2.26
wasted	-1.08	1.20
limit	-1.08	1.52
amounts	-1.08	1.03
apply	-1.08	1.48
kills	-1.08	1.77
anxiety	-1.07	0.99
likes	-1.07	2.68
runs	-1.07	1.99
defensive	-1.07	1.61
potentially	-1.07	0.96
melees	-1.07	1.67
mains	-1.07	2.77
door	-1.07	1.69
upset	-1.07	1.37
appropriately	-1.07	1.62
meaningless	-1.07	0.92
fought	-1.07	1.84
vastly	-1.06	0.94
bars	-1.06	1.88
beginning	-1.06	1.97
sp	-1.06	1.36
clearly	-1.06	3.11
casted	-1.06	1.58
whilst	-1.06	1.49
stops	-1.06	1.37
predictable	-1.05	0.94
frustrated	-1.05	1.46
consuming	-1.05	1.36
avoided	-1.05	1.18
dodge	-1.05	1.30
popping	-1.05	1.63
jerks	-1.05	0.92
mess	-1.05	1.12
eye	-1.05	2.10
spit	-1.04	1.30
prevents	-1.04	1.27
buster	-1.04	1.27
mentality	-1.04	0.84
dear	-1.04	1.57
wild	-1.04	1.56
toggle	-1.04	2.00
asleep	-1.04	1.46
incoming	-1.04	1.29
cooldown	-1.03	1.67
stopping	-1.03	1.50
disappears	-1.03	1.66
ended	-1.03	1.34
wiping	-1.03	1.54
benediction	-1.03	1.65
asshole	-1.03	1.04
doing	-1.03	2.98
inner	-1.03	2.70
additionally	-1.03	1.18
bar	-1.02	1.79
solo	-1.02	1.66
overgeared	-1.02	1.10
impulse	-1.02	1.71
hunting	-1.02	1.41
left	-1.02	2.15
wiped	-1.02	1.61
performing	-1.02	1.29
ignored	-1.02	0.98
hits	-1.01	1.25
clipping	-1.01	1.62
sees	-1.01	2.55
magic	-1.01	1.25
switch	-1.01	1.85
fool	-1.01	1.22
produce	-1.01	1.54
falls	-1.01	1.60
fortunately	-1.01	1.88
stroke	-1.00	1.91
disembowel	-1.00	1.47
simple	-1.00	1.17
apart	-1.00	1.26
speculation	-1.00	2.05
whms	-1.00	1.59
nail	-1.00	1.57
buff	-1.00	1.37
drag	-0.99	1.99
wants	-0.99	2.60
crits	-0.99	1.60
filler	-0.99	1.21
slugs	-0.99	1.59
vertical	-0.99	0.84
refresh	-0.99	1.55
mindless	-0.99	1.00
regen	-0.99	1.57
clip	-0.99	1.52
whm	-0.99	1.50
blowing	-0.99	1.27
impatient	-0.99	1.03
implementation	-0.98	1.04
elitist	-0.98	1.01
capable	-0.98	1.41
parry	-0.98	1.49
internal	-0.98	1.77
arbitrary	-0.98	0.96
applied	-0.98	1.41
remaining	-0.98	1.62
phlebotomize	-0.98	1.73
preferred	-0.97	2.33
medica	-0.97	1.64
drg	-0.97	1.32
recover	-0.97	1.58
assholes	-0.97	0.97
hurt	-0.97	1.02
points	-0.97	1.46
hps	-0.97	1.59
wake	-0.97	1.94
tag	-0.97	2.24
biggest	-0.96	2.50
gcd	-0.96	1.19
affected	-0.96	0.96
front	-0.96	1.18
talent	-0.96	0.80
devs	-0.96	1.14
chaos	-0.96	1.72
dps	-0.96	1.38
saints	-0.96	1.55
filters	-0.96	1.96
landslide	-0.96	1.28
blm	-0.95	1.25
tanked	-0.95	1.76
tether	-0.95	1.48
strength	-0.95	1.37
priority	-0.95	1.84
weaving	-0.95	1.72
irrelevant	-0.95	1.11
precious	-0.95	1.29
intention	-0.95	1.61
auto	-0.95	1.40
obvious	-0.94	1.25
saying	-0.94	3.17
nervous	-0.94	1.58
leadership	-0.94	0.96
filter	-0.94	1.99
stays	-0.94	1.49
jerk	-0.94	1.02
potent	-0.94	1.05
stack	-0.94	1.60
presence	-0.94	1.51
golem	-0.94	1.88
degree	-0.94	0.98
ticking	-0.93	1.55
passive	-0.93	1.54
horizontal	-0.93	0.83
held	-0.93	2.16
health	-0.93	1.40
twin	-0.93	1.18
result	-0.93	1.25
rinse	-0.93	1.99
phases	-0.93	1.39
cleric	-0.93	1.61
attribute	-0.93	1.26
snakes	-0.93	1.36
sustained	-0.92	1.27
suck	-0.92	1.23
conflags	-0.92	1.51
claw	-0.92	1.76
fighting	-0.92	2.22
button	-0.92	1.96
conflag	-0.92	1.55
buffed	-0.91	1.22
magical	-0.91	1.37
moving	-0.91	1.53
pops	-0.91	1.58
wipe	-0.91	1.46
pure	-0.91	0.87
ruined	-0.91	1.56
standpoint	-0.90	1.19
thrust	-0.90	1.66
grindy	-0.90	1.41
forth	-0.90	1.65
aka	-0.90	1.11
sneak	-0.90	1.88
weaker	-0.90	1.15
animation	-0.90	1.27
paper	-0.89	1.12
bomb	-0.89	1.29
resetting	-0.89	1.29
push	-0.89	1.38
tedious	-0.89	1.46
boring	-0.89	1.40
alternatively	-0.89	1.63
overwhelming	-0.89	1.36
weave	-0.89	1.70
involves	-0.88	1.37
wasting	-0.88	1.44
haste	-0.88	1.03
dots	-0.88	1.59
symbol	-0.88	1.84
3x	-0.88	2.01
ensure	-0.88	1.40
asap	-0.88	1.73
direction	-0.88	1.21
shields	-0.87	1.76
dex	-0.87	1.30
bombs	-0.87	1.32
hunts	-0.87	1.53
stealth	-0.87	1.53
responsible	-0.87	1.32
goes	-0.86	1.56
int	-0.86	1.21
closest	-0.86	2.01
par	-0.86	0.88
pressed	-0.86	1.75
twisters	-0.86	1.41
stopped	-0.86	1.14
off-gcd	-0.86	1.39
honey	-0.86	1.29
offensive	-0.86	1.47
tod	-0.86	1.13
divebomb	-0.86	1.51
dry	-0.86	0.75
keen	-0.86	1.55
b4b	-0.85	1.30
mantra	-0.85	1.57
wind	-0.85	1.57
odd	-0.85	2.35
gain	-0.85	1.68
pushing	-0.85	1.44
disappointing	-0.84	1.93
mash	-0.84	1.74
howling	-0.84	1.20
onto	-0.84	1.93
hp	-0.84	1.32
locking	-0.84	1.56
severe	-0.84	0.96
flaming	-0.84	1.41
drgs	-0.84	1.38
spells	-0.84	1.38
stronger	-0.84	1.13
schs	-0.84	1.60
ignoring	-0.84	1.56
duration	-0.84	1.39
fact	-0.84	3.21
leaves	-0.84	1.63
trolling	-0.83	1.11
outright	-0.83	1.57
nm	-0.83	1.37
se	-0.83	0.83
divebombs	-0.83	1.47
busy	-0.83	1.32
between	-0.83	1.54
passing	-0.83	1.53
buttons	-0.83	1.90
frustration	-0.83	1.00
hot	-0.82	1.16
developer	-0.82	0.92
stacks	-0.82	1.85
floor	-0.82	1.21
silly	-0.82	2.08
expensive	-0.82	1.36
mudras	-0.82	1.13
slug	-0.82	1.52
divine	-0.82	1.51
cross	-0.82	1.69
effects	-0.82	0.94
position	-0.82	1.38
task	-0.82	0.98
twister	-0.82	1.35
stands	-0.82	1.23
rushing	-0.81	1.29
heal	-0.81	1.57
snap	-0.81	1.16
angry	-0.81	1.03
intelligence	-0.81	1.19
breaks	-0.81	1.15
understand	-0.81	3.17
blocked	-0.81	1.46
swapped	-0.81	1.08
blame	-0.81	1.09
spellspeed	-0.81	1.19
alternate	-0.81	2.18
dk	-0.81	1.09
shoulder	-0.80	1.31
decides	-0.80	1.60
geared	-0.80	0.99
buffs	-0.80	1.52
removes	-0.80	1.28
bed	-0.80	1.69
punishing	-0.80	1.07
dragoons	-0.79	1.38
sink	-0.79	0.89
monks	-0.79	1.36
heals	-0.79	1.55
stacking	-0.79	1.34
stoneskin	-0.79	1.51
bane	-0.79	1.88
handling	-0.78	1.33
tank/healer	-0.78	1.45
hopes	-0.78	1.30
repeat	-0.78	1.88
concern	-0.78	1.30
ir	-0.78	1.25
charge	-0.78	1.64
mnd	-0.78	1.30
auto-attacks	-0.78	1.27
crossbar	-0.78	1.80
trolls	-0.78	0.90
stages	-0.78	0.98
bubble	-0.78	1.39
30s	-0.78	1.33
monk	-0.77	1.23
pb	-0.77	1.12
mnk	-0.77	1.25
disappear	-0.77	1.50
dragoon	-0.77	1.38
resulting	-0.77	1.04
arrows	-0.77	1.68
bitching	-0.77	0.98
common	-0.77	1.04
point	-0.77	3.23
ruining	-0.77	0.58
elemental	-0.77	1.15
blood	-0.77	1.56
ivs	-0.77	1.16
gauge	-0.77	1.73
gained	-0.76	1.65
bat	-0.76	2.04
scholars	-0.76	1.58
tackle	-0.76	1.24
after	-0.76	1.14
complexity	-0.76	0.88
weight	-0.76	1.23
taken	-0.76	1.30
appears	-0.76	1.47
invigorate	-0.76	1.50
strike	-0.76	1.14
gl3	-0.76	1.28
enhanced	-0.76	1.20
excuse	-0.76	1.00
tick	-0.76	1.58
fireball	-0.76	1.34
rez	-0.76	1.53
seal	-0.76	1.48
vitality	-0.75	1.30
teleports	-0.75	1.33
marauder	-0.75	1.55
one-shot	-0.75	1.37
destroy	-0.75	1.29
impression	-0.75	1.08
drastically	-0.75	1.21
by	-0.75	1.26
fist	-0.75	1.24
mnks	-0.74	1.28
select	-0.74	2.02
counter	-0.74	1.37
clue	-0.74	1.35
angle	-0.74	1.17
properly	-0.74	1.63
sch	-0.74	1.37
stat	-0.74	1.27
towers	-0.74	1.22
materias	-0.74	1.11
elusive	-0.74	1.30
unforgiving	-0.74	1.13
demolish	-0.74	1.10
jumped	-0.73	1.34
acts	-0.73	1.01
questing	-0.73	0.91
bitch	-0.73	1.23
ninjutsu	-0.73	1.51
global	-0.73	1.31
sacrificing	-0.73	1.36
teammates	-0.73	1.09
selected	-0.73	2.13
respectively	-0.73	1.24
protect	-0.73	1.48
void	-0.73	0.78
throwing	-0.73	1.30
speed	-0.73	1.32
starts	-0.73	1.36
tools	-0.72	1.84
begins	-0.72	1.49
save	-0.72	1.45
ignorance	-0.72	1.17
speedrun	-0.72	1.77
mrd	-0.72	1.54
peak	-0.72	1.16
mind	-0.72	1.33
cure	-0.72	1.50
finishes	-0.72	1.45
missile	-0.72	1.15
hole	-0.72	0.97
consistently	-0.72	1.42
tough	-0.71	1.21
drives	-0.71	1.22
wipes	-0.71	1.43
skillspeed	-0.71	1.21
confusing	-0.71	1.65
bored	-0.71	1.30
repeatedly	-0.71	1.21
hunt	-0.71	1.67
mobility	-0.71	1.26
grants	-0.71	1.41
apparent	-0.71	0.98
sure	-0.71	3.13
stats	-0.71	1.25
casts	-0.71	1.26
into	-0.71	1.54
capacity	-0.71	1.04
positioning	-0.71	1.41
abilities	-0.71	1.33
2nd	-0.70	1.44
blms	-0.70	1.30
precast	-0.70	1.41
adlo	-0.70	1.51
secondary	-0.70	1.25
tower	-0.70	1.12
throw	-0.70	1.27
bootshine	-0.70	1.07
purpose	-0.70	1.78
pick	-0.70	2.00
dragon	-0.70	1.16
reverse	-0.70	1.10
finger	-0.70	1.44
punch	-0.70	1.08
true	-0.69	1.06
peoples	-0.69	0.72
jumps	-0.69	1.26
tricky	-0.69	1.42
start	-0.69	1.43
casting	-0.69	1.47
intentional	-0.69	1.09
pie	-0.69	1.23
fireballs	-0.69	1.35
negligible	-0.69	1.00
nerfs	-0.69	0.94
mp	-0.69	1.64
brayflox	-0.69	1.54
mudra	-0.69	1.35
taking	-0.69	1.78
fists	-0.69	1.36
turning	-0.69	1.50
spell	-0.69	1.29
gladiator	-0.69	1.50
jump	-0.69	1.28
line	-0.68	0.97
hurts	-0.68	0.80
blunt	-0.68	1.49
250	-0.68	1.27
stick	-0.68	1.66
pgl	-0.68	1.49
falling	-0.68	1.36
sake	-0.68	1.05
addons	-0.68	1.59
split	-0.68	1.69
easiest	-0.68	2.59
piety	-0.68	1.23
stress	-0.68	1.07
chase	-0.68	1.43
beyond	-0.68	1.03
skills	-0.68	1.38
flip	-0.68	1.63
justify	-0.68	1.50
smn	-0.68	1.23
customization	-0.68	0.93
second	-0.68	1.45
system	-0.68	0.78
opener	-0.68	1.39
det/crit	-0.67	1.11
and/or	-0.67	1.13
dive	-0.67	1.35
flat	-0.67	1.17
plays	-0.67	2.57
allied	-0.67	1.50
stand	-0.67	1.29
determination	-0.67	1.23
removing	-0.67	1.06
skilled	-0.67	0.86
gld	-0.67	1.48
invisible	-0.67	0.99
cancel	-0.67	1.46
leg	-0.66	1.44
ss	-0.66	1.21
gcds	-0.66	1.36
vision	-0.66	1.12
gains	-0.66	1.22
trait	-0.66	1.25
gap	-0.66	1.16
lnc	-0.66	1.48
20s	-0.66	1.39
sequence	-0.66	1.44
slower	-0.66	1.10
mines	-0.66	1.16
crit	-0.66	1.22
twintania	-0.66	1.32
follow	-0.66	1.52
balance	-0.65	1.19
daily	-0.65	1.39
str	-0.65	1.27
foot	-0.65	1.49
staying	-0.65	1.34
middle	-0.65	1.34
t11	-0.65	1.47
scared	-0.65	1.53
lustrates	-0.65	1.48
vit	-0.65	1.26
zoom	-0.65	1.55
massively	-0.65	1.04
during	-0.64	1.33
det	-0.64	1.22
av	-0.64	1.45
stone	-0.64	1.34
surge	-0.64	1.41
strikes	-0.64	1.37
titan	-0.64	1.29
optimally	-0.64	1.68
easy	-0.64	1.33
lock	-0.64	1.33
systems	-0.64	0.77
roulettes	-0.64	1.38
materia	-0.63	1.11
harm	-0.63	1.28
locked	-0.63	1.09
reduces	-0.63	1.15
lands	-0.63	1.24
dailies	-0.63	1.37
critical	-0.63	1.20
thinks	-0.63	1.53
immediate	-0.63	1.03
attributes	-0.63	1.26
strange	-0.63	1.98
restore	-0.63	1.41
intend	-0.63	1.50
fell	-0.63	1.03
potential	-0.63	1.26
speeds	-0.63	0.96
sec	-0.62	1.31
despite	-0.62	1.17
acting	-0.62	1.09
smns	-0.62	1.36
golems	-0.62	1.46
altogether	-0.62	1.14
demon	-0.62	1.14
claws	-0.62	1.59
frozen	-0.62	0.95
quelling	-0.62	1.46
200	-0.62	1.25
picked	-0.62	1.45
scholar	-0.62	1.34
function	-0.62	1.29
slowly	-0.62	1.28
infinite	-0.62	0.88
atma	-0.61	0.95
panic	-0.61	1.25
amusing	-0.61	2.36
saving	-0.61	1.31
seals	-0.61	1.48
unlucky	-0.61	1.33
randomly	-0.61	1.52
recast	-0.61	1.22
1k	-0.61	1.31
deaths	-0.61	1.36
tldr	-0.61	1.00
renauds	-0.61	1.49
number	-0.61	1.37
iv	-0.61	1.24
raging	-0.60	1.37
blown	-0.60	0.82
cry	-0.60	0.92
spikes	-0.60	0.95
venomous	-0.60	1.47
claimed	-0.60	1.76
evidence	-0.60	2.36
wears	-0.60	1.62
cnj	-0.60	1.41
worried	-0.60	1.59
defeat	-0.60	1.46
needless	-0.60	0.95
balancing	-0.60	0.91
dragons	-0.59	0.80
lowers	-0.59	1.19
nin	-0.59	1.09
lancer	-0.59	1.40
occasionally	-0.59	0.99
usual	-0.59	0.94
thm	-0.59	1.42
entitled	-0.59	0.91
heat	-0.59	1.37
development	-0.59	0.81
effectiveness	-0.59	1.26
instantly	-0.59	1.33
500k	-0.59	0.88
assumptions	-0.59	3.22
aurum	-0.59	1.32
darkhold	-0.59	1.33
feathers	-0.59	1.57
w/o	-0.59	1.13
yellow	-0.58	1.46
developers	-0.58	0.81
stay	-0.58	1.33
rating	-0.58	1.04
cast	-0.58	1.38
hotbar	-0.58	1.66
inferior	-0.58	1.31
pugilist	-0.58	1.39
claim	-0.58	2.51
failing	-0.58	1.09
vale	-0.58	1.32
move	-0.58	1.36
bfb	-0.58	1.45
acn	-0.58	1.40
cross-class	-0.58	1.32
abandon	-0.57	1.00
kick	-0.57	0.95
being	-0.57	1.11
lustrate	-0.57	1.46
aero	-0.57	1.48
charges	-0.57	1.36
faster	-0.57	1.27
utility	-0.57	1.19
occurs	-0.56	1.17
id	-0.56	1.48
began	-0.56	0.93
pool	-0.56	1.00
clicking	-0.56	1.69
surprise	-0.56	1.09
theory	-0.56	2.53
dives	-0.56	1.25
onion	-0.56	1.41
overcome	-0.56	0.93
context	-0.56	2.97
fall	-0.56	1.45
harder	-0.56	1.07
arc	-0.56	1.37
caster	-0.56	1.37
manawall	-0.56	1.39
renaud	-0.56	1.46
placement	-0.55	1.38
chains	-0.55	1.16
hawk	-0.55	1.42
repelling	-0.55	1.39
strat	-0.55	1.50
opens	-0.55	1.44
eg	-0.55	0.92
ak	-0.55	1.47
outer	-0.55	1.21
los	-0.55	1.29
buffing	-0.55	1.02
paying	-0.55	1.49
self	-0.55	1.18
built	-0.54	1.16
2k	-0.54	1.15
awkward	-0.54	1.46
inventory	-0.54	1.01
running	-0.54	1.75
heavensfall	-0.54	1.38
macros	-0.54	1.85
naturally	-0.54	1.13
incorrect	-0.54	3.24
fight	-0.53	0.99
proven	-0.53	2.40
quicker	-0.53	1.30
team	-0.53	0.99
rotation	-0.53	1.71
entire	-0.53	1.01
mages	-0.53	1.43
feed	-0.53	1.53
creates	-0.53	1.07
300	-0.53	1.28
penalty	-0.52	0.97
knight	-0.52	1.57
triangle	-0.52	2.31
trees	-0.52	0.82
thinking	-0.52	2.58
wp	-0.52	1.48
hotbars	-0.52	1.48
positional	-0.52	1.14
kicks	-0.52	0.92
boot	-0.52	1.01
timer	-0.52	1.29
cutter	-0.52	1.26
ghost	-0.52	1.47
similarly	-0.52	1.34
transition	-0.51	1.25
heck	-0.51	1.14
suddenly	-0.51	0.86
factor	-0.51	0.95
jumping	-0.51	1.14
assumption	-0.51	3.22
call	-0.51	0.99
soloing	-0.51	1.31
amdapor	-0.51	1.38
convert	-0.51	1.26
combine	-0.51	1.20
temple	-0.51	1.23
crowd	-0.51	1.31
summoners	-0.51	1.34
main	-0.51	0.97
calls	-0.51	1.40
avatar	-0.51	1.21
bloodletter	-0.51	1.39
effectively	-0.51	1.53
grouped	-0.51	1.00
lower	-0.51	1.07
dzemael	-0.51	1.29
shooting	-0.51	1.30
pay	-0.51	1.50
rank	-0.51	1.45
palace	-0.51	1.45
aim	-0.50	1.27
alliance	-0.50	1.10
frequently	-0.50	1.16
amount	-0.50	0.97
farmed	-0.50	0.99
3k	-0.50	1.11
surecast	-0.50	1.42
among	-0.50	1.43
wanderer	-0.50	1.45
away	-0.50	1.54
experiencing	-0.50	0.96
mega	-0.50	1.23
ninjas	-0.50	1.29
physical	-0.50	1.12
surprising	-0.50	1.71
dropping	-0.50	1.44
bothers	-0.50	0.76
role	-0.50	1.23
barrage	-0.50	1.37
roles	-0.50	1.27
joke	-0.49	2.02
filled	-0.49	0.85
appear	-0.49	1.46
complaining	-0.49	1.34
recovery	-0.49	1.33
800	-0.49	1.19
34	-0.49	1.38
conjurer	-0.49	1.31
improved	-0.49	0.97
activate	-0.49	1.49
tp	-0.49	1.53
pressure	-0.49	1.06
math	-0.49	3.24
ff11	-0.49	2.51
sides	-0.49	1.49
respec	-0.49	1.32
disadvantage	-0.49	0.98
transpose	-0.48	1.49
shriek	-0.48	1.33
fee	-0.48	1.41
placing	-0.48	1.41
difficult	-0.48	1.36
changed	-0.48	0.66
essentially	-0.48	1.06
water	-0.48	0.91
clock	-0.48	1.07
sacred	-0.48	1.41
actively	-0.48	1.39
hurting	-0.48	1.07
heaven	-0.48	1.31
immediately	-0.48	1.42
tight	-0.48	1.00
flare	-0.48	1.46
meteors	-0.48	1.38
value	-0.48	1.12
1st	-0.48	1.32
tribe	-0.48	1.29
extended	-0.48	1.38
kicked	-0.48	0.92
drive	-0.48	1.03
grant	-0.48	1.66
melusine	-0.48	1.35
brd	-0.47	1.24
power	-0.47	1.16
shot	-0.47	1.39
tam-tara	-0.47	1.22
reaction	-0.47	1.02
pharos	-0.47	1.33
qarn	-0.47	1.25
lich	-0.47	1.26
succor	-0.47	1.43
aetherflow	-0.47	1.43
shut	-0.47	1.05
extend	-0.47	1.12
hunter	-0.47	1.71
meteor	-0.47	1.37
plain	-0.47	1.14
buyers	-0.47	0.82
moot	-0.47	1.44
whining	-0.46	1.00
soil	-0.46	1.32
sword	-0.46	1.83
thrown	-0.46	1.02
charging	-0.46	1.38
praise	-0.46	1.77
directions	-0.46	1.22
halatali	-0.46	1.31
sastasha	-0.46	1.22
vigil	-0.46	1.26
desk	-0.46	1.20
rights	-0.46	0.73
feather	-0.46	1.46
freeze	-0.46	1.41
whenever	-0.46	1.28
manor	-0.46	1.31
actions	-0.46	1.28
replaced	-0.46	0.84
copperbell	-0.46	1.32
feelings	-0.46	1.09
controlling	-0.45	1.43
nobody	-0.45	1.30
sustain	-0.45	1.26
ice	-0.45	1.32
books	-0.45	0.94
logging	-0.45	1.00
parser	-0.45	1.60
api	-0.45	1.21
dungeon	-0.45	1.20
chain	-0.45	0.99
sirius	-0.45	1.32
tier	-0.45	1.19
thus	-0.45	1.19
600	-0.45	1.18
instant	-0.45	1.28
customers	-0.45	0.78
land	-0.45	1.02
1000	-0.45	1.15
archer	-0.45	1.26
directly	-0.45	1.11
camera	-0.45	1.31
f3	-0.45	1.43
argument	-0.45	2.58
complicated	-0.44	1.37
replacing	-0.44	1.15
follows	-0.44	1.33
binding	-0.44	1.34
bind	-0.44	1.46
frequent	-0.44	0.99
checks	-0.44	0.90
satasha	-0.44	1.16
prior	-0.44	1.01
mini	-0.44	1.52
2000	-0.44	1.15
occur	-0.44	1.17
locations	-0.44	1.46
snowcloak	-0.44	1.33
bare	-0.44	0.91
bank	-0.44	0.99
haukke	-0.43	1.32
effective	-0.43	1.19
downtime	-0.43	1.16
arguments	-0.43	2.13
curtana	-0.43	1.24
kicking	-0.43	0.93
spinning	-0.43	1.50
crit/det	-0.43	1.12
impossible	-0.43	1.06
scary	-0.43	2.12
proof	-0.43	2.02
portion	-0.43	0.79
increases	-0.43	1.04
hard	-0.43	1.09
enrage	-0.43	1.26
t2	-0.43	1.25
terribly	-0.43	1.28
whatnot	-0.43	0.98
alexandrite	-0.43	1.02
400	-0.43	1.18
regret	-0.43	1.24
empty	-0.43	1.00
shorter	-0.43	0.99
loss	-0.43	1.06
indicate	-0.43	1.42
4th	-0.43	1.24
500	-0.43	1.17
coordinate	-0.43	1.16
bite	-0.42	1.42
wall	-0.42	1.15
insult	-0.42	1.21
adloquium	-0.42	1.44
1/2	-0.42	1.28
person	-0.42	1.05
plant	-0.42	1.11
prioritize	-0.42	1.33
limits	-0.42	0.83
defend	-0.42	1.54
hullbreaker	-0.42	1.30
twice	-0.42	1.66
350	-0.42	1.17
echo	-0.42	1.03
26	-0.42	1.33
hardest	-0.42	0.99
halfway	-0.42	1.19
thunder	-0.42	1.37
soul	-0.42	0.72
meantime	-0.42	1.09
weekly	-0.42	1.25
wherever	-0.42	1.53
fire	-0.42	1.40
megaflare	-0.41	1.29
focused	-0.41	1.14
backwards	-0.41	1.39
movement	-0.41	1.29
sudden	-0.41	0.85
acc	-0.41	1.13
ts	-0.41	1.02
configuration	-0.41	1.37
thaumaturge	-0.41	1.25
third	-0.41	1.33
usage	-0.41	1.26
sister	-0.41	2.09
contagion	-0.41	1.39
bother	-0.41	1.54
theirs	-0.41	1.12
spammed	-0.41	1.24
bias	-0.41	2.16
1500	-0.41	1.12
perspective	-0.41	1.30
delay	-0.41	1.08
against	-0.41	1.60
enable	-0.41	1.51
leves	-0.41	1.04
handled	-0.41	1.53
loot	-0.41	1.31
remove	-0.41	1.11
difference	-0.40	1.05
micro	-0.40	1.37
seed	-0.40	1.10
dev	-0.40	1.02
alex	-0.40	1.08
field	-0.40	1.08
flame	-0.40	1.26
glitch	-0.40	1.24
expectations	-0.40	0.83
menu	-0.40	1.47
corner	-0.40	1.31
basis	-0.40	1.29
side	-0.40	1.17
easier	-0.40	1.24
rarely	-0.40	1.34
wd	-0.40	1.23
parsers	-0.40	1.73
leave	-0.40	0.94
energy	-0.39	1.36
click	-0.39	1.69
mixed	-0.39	0.89
scylla	-0.39	1.35
firestarter	-0.39	1.40
execute	-0.39	1.17
t6	-0.39	1.20
astral	-0.39	1.33
mechanic	-0.39	1.14
900	-0.39	1.16
commit	-0.39	0.82
handle	-0.39	1.34
earth	-0.39	1.07
gearing	-0.39	0.83
sigh	-0.39	2.28
nuts	-0.39	1.32
stood	-0.39	1.03
reaching	-0.39	1.13
plants	-0.39	1.04
everyday	-0.39	1.34
additional	-0.39	1.48
logic	-0.39	2.41
downing	-0.39	1.27
ability	-0.39	1.18
crazy	-0.39	1.48
spending	-0.39	0.98
lv	-0.39	1.32
pls	-0.39	1.76
paid	-0.39	1.42
levequests	-0.39	1.08
traits	-0.39	1.03
half	-0.39	0.94
primarily	-0.38	0.98
higher	-0.38	1.18
square	-0.38	1.18
t3	-0.38	1.33
guildhest	-0.38	1.11
walked	-0.38	1.33
reduced	-0.38	1.01
our	-0.38	0.97
hybrid	-0.38	0.97
shine	-0.38	1.19
slots	-0.38	1.03
tests	-0.38	2.15
timings	-0.38	1.10
toxic	-0.38	0.91
inside	-0.38	1.21
scales	-0.37	0.87
face	-0.37	1.28
top	-0.37	1.45
tuned	-0.37	0.93
rot	-0.37	1.17
variation	-0.37	0.96
facts	-0.37	2.51
impact	-0.37	0.94
ass	-0.37	1.36
difficulty	-0.37	0.95
packet	-0.37	0.92
withdraw	-0.37	1.00
raises	-0.37	1.14
ups	-0.37	0.91
accuracy	-0.37	1.07
rear	-0.37	1.00
reasoning	-0.37	2.31
execution	-0.37	0.90
filling	-0.36	0.97
chunk	-0.36	0.95
secondly	-0.36	1.45
questline	-0.36	0.87
seeds	-0.36	1.08
paths	-0.36	0.95
themselves	-0.36	1.28
lasts	-0.36	1.16
synergy	-0.36	0.98
huton	-0.36	1.36
arcanist	-0.36	1.21
space	-0.36	1.04
slightly	-0.36	1.02
youre	-0.36	1.37
guildhests	-0.36	1.09
massive	-0.36	1.04
gets	-0.36	1.28
shroud	-0.36	1.07
umbral	-0.36	1.26
icon	-0.36	1.45
planning	-0.36	1.62
rest	-0.36	1.04
concerned	-0.36	1.55
shadow	-0.35	1.40
hud	-0.35	1.34
expert	-0.35	1.17
managed	-0.35	1.59
stressful	-0.35	1.42
31	-0.35	1.14
t1	-0.35	1.24
total	-0.35	1.22
unfortunate	-0.35	2.17
beats	-0.35	0.81
necessary	-0.35	1.17
bray	-0.34	1.56
than	-0.34	1.17
physically	-0.34	1.34
disabled	-0.34	1.24
dancing	-0.34	1.39
treasure	-0.34	1.20
fios	-0.34	0.91
west	-0.34	0.98
stage	-0.34	0.92
ui	-0.34	1.15
arena	-0.34	1.18
tie	-0.34	1.30
caught	-0.34	0.83
pattern	-0.34	1.11
5k	-0.34	1.02
locks	-0.34	1.06
drain	-0.33	1.40
t8	-0.33	1.14
efficiently	-0.33	1.47
harsh	-0.33	1.20
raider	-0.33	0.82
maximizing	-0.33	1.47
entrance	-0.33	1.16
mechanically	-0.33	0.96
mindset	-0.33	0.87
increase	-0.33	1.03
5th	-0.33	1.20
straight	-0.33	1.38
budget	-0.33	0.88
fourth	-0.33	1.24
swift	-0.33	1.45
mana	-0.33	1.37
edge	-0.33	1.29
weights	-0.33	1.66
hm	-0.32	1.28
dummy	-0.32	1.26
maps	-0.32	1.06
hiding	-0.32	1.10
flank	-0.32	0.98
interface	-0.32	1.16
sprint	-0.32	1.43
right	-0.32	1.69
ranger	-0.32	0.96
merely	-0.32	2.14
balls	-0.32	1.09
ins	-0.32	1.09
timing	-0.32	1.24
pace	-0.32	1.07
rock	-0.32	1.09
sacrifice	-0.32	1.03
10k	-0.32	1.04
seconds	-0.32	1.20
continued	-0.32	0.95
barrier	-0.32	1.05
blanket	-0.32	1.67
before	-0.32	1.31
capping	-0.32	1.04
overall	-0.32	1.01
present	-0.32	2.00
valid	-0.32	1.77
zodiac	-0.31	0.89
fester	-0.31	1.38
harvest	-0.31	1.02
engine	-0.31	0.77
shortly	-0.31	1.04
ffxi	-0.31	2.64
maximum	-0.31	1.40
abuse	-0.31	0.98
dungeons	-0.31	1.14
cm	-0.31	1.34
ends	-0.31	1.13
exp	-0.31	1.13
lately	-0.31	1.16
debate	-0.31	1.95
member	-0.30	1.24
unlikely	-0.30	1.27
grade	-0.30	1.08
obsolete	-0.30	0.75
spare	-0.30	1.09
afk	-0.30	0.94
resource	-0.30	1.23
farm	-0.30	1.07
fights	-0.30	0.94
op	-0.30	2.95
450	-0.30	1.11
timers	-0.30	1.28
gc	-0.30	1.18
casters	-0.30	1.28
drink	-0.30	0.93
taste	-0.30	0.68
covers	-0.30	0.99
min	-0.30	1.13
core	-0.30	0.68
perform	-0.30	0.98
de	-0.30	1.36
walking	-0.30	1.19
display	-0.30	1.32
cutting	-0.30	1.06
standing	-0.30	1.14
logs	-0.29	1.06
bottom	-0.29	1.43
shadowflare	-0.29	1.42
low-level	-0.29	1.06
beastman	-0.29	1.14
pair	-0.29	1.27
bronze	-0.29	0.93
connection	-0.29	0.85
mouseover	-0.29	1.71
extra	-0.29	1.26
needs	-0.29	1.59
raiding	-0.29	0.84
queueing	-0.29	1.02
walls	-0.29	0.99
fairy	-0.29	1.31
44	-0.29	1.12
parsed	-0.29	1.20
fairies	-0.29	1.30
vpn	-0.29	0.90
rs	-0.29	1.35
elements	-0.29	0.70
1	-0.29	1.36
replacement	-0.29	0.95
boost	-0.29	1.10
red	-0.29	1.33
around	-0.28	1.13
t10	-0.28	1.15
demanding	-0.28	1.04
lockout	-0.28	1.09
boosts	-0.28	1.06
waits	-0.28	1.12
walk	-0.28	1.27
room	-0.28	1.12
short	-0.28	1.01
atleast	-0.28	1.31
vote	-0.28	0.97
opposed	-0.28	1.17
meaningful	-0.28	0.90
stacked	-0.28	1.24
plan	-0.28	1.21
length	-0.28	1.07
33	-0.28	1.16
dirty	-0.28	1.07
mode	-0.28	1.18
increased	-0.28	1.04
arent	-0.28	1.23
therefore	-0.28	1.18
suiton	-0.27	1.36
miasma	-0.27	1.36
continues	-0.27	0.76
costs	-0.27	0.99
reactive	-0.27	1.31
element	-0.27	1.04
less	-0.27	1.03
behavior	-0.27	0.90
rude	-0.27	0.99
config	-0.27	1.33
struggling	-0.27	1.28
skill	-0.27	1.03
natural	-0.27	1.04
summoner	-0.27	1.15
everytime	-0.27	0.90
levelling	-0.27	0.87
4k	-0.27	1.11
failed	-0.27	1.11
decrease	-0.27	1.01
roulette	-0.27	1.11
minute	-0.27	1.13
adjusted	-0.27	0.96
comcast	-0.27	0.84
problems	-0.26	1.24
tends	-0.26	0.99
road	-0.26	1.27
sea	-0.26	1.09
mouse	-0.26	1.38
placed	-0.26	1.21
tail	-0.26	1.01
box	-0.26	1.32
kb	-0.26	1.14
mainly	-0.26	0.92
parsing	-0.26	1.44
economy	-0.26	0.65
following	-0.26	1.36
2.1	-0.26	0.99
bring	-0.26	1.59
trick	-0.26	1.35
physick	-0.26	1.43
unreasonable	-0.26	1.00
state	-0.26	1.78
dummies	-0.26	1.31
raised	-0.26	1.01
percentage	-0.26	0.95
relics	-0.26	0.89
60	-0.26	1.04
cost	-0.26	0.94
average	-0.26	1.08
lights	-0.26	1.64
encounters	-0.25	0.93
quickly	-0.25	1.18
grand	-0.25	1.14
bot	-0.25	0.95
specs	-0.25	0.74
above	-0.25	1.18
quests	-0.25	1.03
subs	-0.25	1.26
associated	-0.25	0.89
replace	-0.25	1.16
desire	-0.25	0.97
xp	-0.25	1.14
iii	-0.25	1.26
syrcus	-0.25	1.08
rouse	-0.25	1.33
latency	-0.25	0.96
instance	-0.25	0.97
programs	-0.25	1.44
investment	-0.25	0.83
labyrinth	-0.25	1.10
model	-0.25	0.73
controls	-0.25	1.35
expectation	-0.25	1.14
strafe	-0.25	1.41
blizzard	-0.25	1.37
musketeer	-0.25	0.96
ct	-0.25	1.11
somehow	-0.25	1.27
confidence	-0.24	1.39
raiton	-0.24	1.35
complex	-0.24	1.21
oils	-0.24	1.10
functions	-0.24	1.07
failure	-0.24	1.08
behind	-0.24	1.10
spur	-0.24	1.33
class	-0.24	1.04
2.28	-0.24	0.92
limiting	-0.24	0.94
virus	-0.24	1.46
allowances	-0.24	1.07
2.2	-0.24	1.01
log	-0.24	1.05
margin	-0.24	0.90
results	-0.24	1.42
contribution	-0.24	1.41
center	-0.24	1.16
sitting	-0.24	1.11
branch	-0.24	1.06
comfortable	-0.24	1.47
northern	-0.24	0.96
closer	-0.23	1.34
myth	-0.23	1.10
accident	-0.23	1.59
enkindle	-0.23	1.30
backup	-0.23	1.15
achieve	-0.23	1.18
longer	-0.23	0.96
nowhere	-0.23	1.56
blacklist	-0.23	1.07
ixali	-0.23	1.12
bump	-0.23	0.95
frankly	-0.23	1.14
resets	-0.23	1.11
distribution	-0.23	1.37
scripted	-0.23	0.92
disable	-0.23	1.25
exploit	-0.23	0.96
brds	-0.23	1.22
delayed	-0.23	0.88
having	-0.23	1.53
ruin	-0.23	1.36
bio	-0.23	1.37
barely	-0.23	1.08
50k	-0.23	0.98
serves	-0.23	1.08
saved	-0.23	1.00
secs	-0.22	1.16
cap	-0.22	1.00
growing	-0.22	1.08
eos	-0.22	1.29
air	-0.22	0.74
garden	-0.22	0.97
job	-0.22	1.02
memorize	-0.22	1.09
refused	-0.22	0.91
mage	-0.22	1.06
wtfast	-0.22	0.93
deep	-0.22	0.74
mythology	-0.22	1.09
grasp	-0.22	1.18
involve	-0.22	0.98
costa	-0.22	0.91
ran	-0.22	1.32
challenge	-0.22	1.08
misses	-0.22	1.24
traffic	-0.21	0.87
20k	-0.21	0.96
iron	-0.21	1.17
issues	-0.21	1.15
e.g	-0.21	1.13
dalamud	-0.21	0.92
25	-0.21	1.17
fill	-0.21	0.96
scroll	-0.21	1.00
novus	-0.21	0.98
fucking	-0.21	1.73
ease	-0.21	0.82
window	-0.21	1.33
tend	-0.21	1.23
logical	-0.21	2.13
support	-0.21	0.85
convenient	-0.21	1.11
periods	-0.21	1.02
settings	-0.21	1.26
waiting	-0.21	1.12
ish	-0.20	1.06
credit	-0.20	1.56
lalafells	-0.20	1.71
tomestones	-0.20	1.09
cheating	-0.20	1.27
distance	-0.20	1.48
thanalan	-0.20	0.98
queued	-0.20	1.04
survival	-0.20	1.10
slash	-0.20	1.33
parts	-0.20	0.86
etc	-0.20	0.85
giant	-0.20	0.70
combinations	-0.20	1.04
network	-0.20	0.83
raids	-0.20	0.94
la	-0.20	0.95
modes	-0.20	1.00
assigned	-0.20	1.29
favor	-0.20	1.16
tries	-0.20	1.15
vanilla	-0.20	1.61
predict	-0.20	1.14
noob	-0.20	1.11
castrum	-0.20	1.30
tomes	-0.20	1.09
thru	-0.20	1.40
spent	-0.20	0.95
bringing	-0.19	1.34
noscea	-0.19	0.95
hide	-0.19	1.33
choice	-0.19	1.96
queue	-0.19	1.04
yield	-0.19	1.07
verizon	-0.19	0.87
levels	-0.19	1.11
exit	-0.19	1.13
challenges	-0.19	0.93
flag	-0.19	1.32
ping	-0.19	0.89
using	-0.19	1.35
extreme	-0.19	1.23
testing	-0.19	2.03
lockouts	-0.19	1.00
vs	-0.19	0.95
philo	-0.19	1.11
who	-0.19	1.12
about	-0.19	1.58
coordination	-0.19	0.88
food	-0.19	1.01
south	-0.19	1.02
invest	-0.19	0.97
rolls	-0.19	0.92
triple	-0.19	1.00
develop	-0.19	0.97
matched	-0.18	0.83
recommend	-0.18	1.29
hit	-0.18	1.08
st	-0.18	1.06
ht	-0.18	1.62
serve	-0.18	1.17
leve	-0.18	1.01
else	-0.18	1.40
turn	-0.18	1.17
t4	-0.18	1.17
rmt	-0.18	0.93
bug	-0.18	1.06
swiftcast	-0.18	1.38
removed	-0.18	1.00
release	-0.18	1.04
philosophy	-0.18	1.03
duty	-0.18	1.04
reach	-0.18	0.99
1.5	-0.18	1.02
fees	-0.18	1.12
spot	-0.18	1.25
reducing	-0.18	1.03
per	-0.17	1.05
harassment	-0.17	1.02
vague	-0.17	1.27
apple	-0.17	1.24
turned	-0.17	1.26
ex	-0.17	1.23
eggs	-0.17	1.17
advantages	-0.17	0.90
spiritbonding	-0.17	0.87
afford	-0.17	0.91
isp	-0.17	0.89
slight	-0.17	0.97
200k	-0.17	0.92
ilvls	-0.17	0.94
conclusion	-0.17	2.33
monthly	-0.17	1.14
blast	-0.17	0.90
visible	-0.17	1.14
under	-0.17	1.22
talks	-0.17	1.36
restriction	-0.17	0.98
argue	-0.17	2.40
possibility	-0.17	1.12
platform	-0.17	1.01
step	-0.17	1.02
reduce	-0.17	0.98
sphere	-0.17	0.94
functionality	-0.16	1.05
bards	-0.16	1.25
icons	-0.16	1.30
instances	-0.16	1.04
ultima	-0.16	1.22
mins	-0.16	1.14
meh	-0.16	1.10
prices	-0.16	0.76
ssd	-0.16	0.87
entry	-0.16	1.12
clicked	-0.16	1.00
raw	-0.16	1.01
capped	-0.16	1.03
duties	-0.16	1.06
rate	-0.16	1.01
selection	-0.16	1.14
resort	-0.16	1.08
soldiery	-0.16	1.07
300k	-0.16	0.91
sellers	-0.15	0.89
desert	-0.15	1.18
gp	-0.15	1.09
measure	-0.15	1.45
activated	-0.15	1.20
service	-0.15	0.92
carries	-0.15	0.85
prepare	-0.15	1.13
beds	-0.15	1.00
trend	-0.15	1.04
default	-0.15	1.29
rep	-0.15	1.04
major	-0.15	0.93
advantage	-0.15	0.96
missions	-0.15	1.00
existence	-0.15	0.91
drops	-0.15	0.98
converted	-0.15	0.99
sands	-0.15	1.08
maxing	-0.15	1.29
100k	-0.15	0.92
authenticator	-0.15	0.88
47	-0.15	1.22
15	-0.15	1.21
patterns	-0.15	1.03
botting	-0.15	1.11
ninja	-0.15	0.97
continue	-0.14	1.12
ifrit	-0.14	1.29
tokens	-0.14	1.05
mechanics	-0.14	1.01
unlock	-0.14	0.96
ban	-0.14	1.13
thumb	-0.14	1.41
20	-0.14	1.11
48	-0.14	1.09
22	-0.14	1.13
location	-0.14	1.18
manually	-0.14	1.21
comp	-0.14	1.00
caps	-0.14	0.99
report	-0.14	1.04
estimate	-0.14	1.51
relic	-0.14	0.92
reported	-0.14	1.07
shoot	-0.14	1.35
animus	-0.14	0.93
practicing	-0.14	1.07
12	-0.14	1.05
hop	-0.14	0.96
muscle	-0.14	1.08
resources	-0.14	0.94
react	-0.14	1.14
east	-0.14	0.96
unlocking	-0.14	0.94
t7	-0.14	1.21
pet	-0.14	1.23
token	-0.13	0.88
fail	-0.13	1.01
everyone	-0.13	1.23
ixal	-0.13	1.08
tome	-0.13	1.05
unsure	-0.13	1.74
benefit	-0.13	1.08
rooms	-0.13	0.95
28	-0.13	1.13
someone	-0.13	1.16
danger	-0.13	1.26
30	-0.13	1.10
360	-0.13	1.06
bard	-0.13	1.16
banned	-0.13	1.05
lesser	-0.13	0.85
spend	-0.13	0.98
ie	-0.13	1.14
restrictions	-0.13	0.98
queuing	-0.13	1.04
scathe	-0.13	1.28
saves	-0.13	1.02
niche	-0.13	0.69
purposes	-0.13	1.14
coil	-0.13	1.11
primals	-0.13	1.15
deal	-0.13	1.27
comparable	-0.13	0.87
mist	-0.13	0.99
manual	-0.13	1.23
roughly	-0.13	1.00
options	-0.13	1.11
mods	-0.13	1.58
furthermore	-0.13	1.26
27	-0.12	1.13
strict	-0.12	0.91
simultaneously	-0.12	1.03
takes	-0.12	1.05
spots	-0.12	1.00
pointing	-0.12	2.09
rain	-0.12	0.92
egi	-0.12	1.18
twist	-0.12	1.06
first	-0.12	1.30
t9	-0.12	1.15
normal	-0.12	1.07
accidentally	-0.12	1.48
foes	-0.12	1.31
2/3	-0.12	0.89
bonus	-0.12	1.19
crystals	-0.12	0.87
t5	-0.12	1.14
money	-0.12	0.96
tiers	-0.12	0.88
mouth	-0.12	0.90
map	-0.12	1.19
19	-0.12	1.11
jack	-0.12	1.20
t12	-0.12	1.06
29	-0.12	1.12
whereas	-0.12	0.82
green	-0.12	1.25
gated	-0.12	0.84
nael	-0.12	1.11
coils	-0.11	1.08
23	-0.11	1.12
himself	-0.11	1.14
setting	-0.11	1.30
21	-0.11	1.12
net	-0.11	1.08
round	-0.11	1.23
forces	-0.11	0.97
sand	-0.11	1.04
practically	-0.11	0.98
que	-0.11	1.03
says	-0.11	1.55
increasing	-0.11	1.04
strictly	-0.11	0.83
ward	-0.11	0.99
rested	-0.11	1.21
order	-0.11	1.50
leader	-0.11	0.82
sb	-0.11	0.85
hour	-0.11	1.09
crysta	-0.11	1.19
gil	-0.11	0.88
bots	-0.11	0.98
flow	-0.11	1.21
storage	-0.11	0.95
remind	-0.11	0.98
gardening	-0.11	0.90
lavender	-0.11	1.01
custom	-0.11	1.22
trials	-0.10	1.03
zenith	-0.10	0.93
sol	-0.10	1.00
upwards	-0.10	1.00
granted	-0.10	1.20
3rd	-0.10	1.25
outside	-0.10	1.03
6-9	-0.10	1.11
1300	-0.10	1.04
brings	-0.10	1.29
stock	-0.10	0.77
gun	-0.10	0.99
end	-0.10	0.92
suggest	-0.10	1.35
clears	-0.10	1.12
extremes	-0.10	1.13
mid	-0.10	1.01
subscription	-0.10	1.17
burden	-0.10	0.94
numbers	-0.10	1.62
ruins	-0.10	0.77
supply	-0.10	0.86
slot	-0.10	1.02
waited	-0.10	1.08
tops	-0.10	1.10
turns	-0.10	1.12
gms	-0.10	1.07
back	-0.10	1.20
progressing	-0.10	1.01
lvl	-0.09	1.16
wanting	-0.09	1.08
lag	-0.09	1.00
comes	-0.09	1.04
spiritbond	-0.09	0.85
24	-0.09	1.10
feeding	-0.09	1.19
reality	-0.09	1.23
category	-0.09	1.29
parse	-0.09	1.26
regularly	-0.09	1.09
encounter	-0.09	1.05
hydra	-0.09	1.20
cable	-0.09	0.82
tomestone	-0.09	1.00
month	-0.09	1.08
rogues	-0.09	0.85
hours	-0.09	1.01
alts	-0.09	0.82
mil	-0.09	0.93
obtain	-0.09	0.91
intensive	-0.09	1.13
thornmarch	-0.09	1.21
sub	-0.09	1.32
beating	-0.09	1.36
butt	-0.09	1.01
switched	-0.09	0.70
layout	-0.09	1.10
ramuh	-0.09	1.24
bridge	-0.09	1.12
every	-0.09	1.20
t13	-0.09	1.10
situational	-0.09	0.95
goblet	-0.09	0.96
sign	-0.09	1.12
flexibility	-0.08	0.81
april	-0.08	0.94
rotations	-0.08	1.34
he	-0.08	1.18
affects	-0.08	1.04
treated	-0.08	1.02
unlocked	-0.08	0.96
waking	-0.08	1.24
17	-0.08	1.10
excluding	-0.08	0.83
sheer	-0.08	0.88
letting	-0.08	1.28
chemist	-0.08	0.94
attempts	-0.08	1.05
attached	-0.08	1.05
password	-0.08	0.89
55	-0.08	1.02
entering	-0.08	0.97
rogue	-0.08	0.96
drk	-0.08	1.10
partially	-0.08	1.44
bothered	-0.08	1.01
alt	-0.08	1.01
guy	-0.08	1.02
purely	-0.08	1.28
dollars	-0.08	1.01
treat	-0.08	0.88
central	-0.08	0.93
instanced	-0.08	0.83
anytime	-0.08	1.23
coast	-0.08	0.88
option	-0.08	1.32
thief	-0.08	0.94
nodes	-0.07	1.01
era	-0.07	0.97
complained	-0.07	0.94
queues	-0.07	1.00
trust	-0.07	1.01
definition	-0.07	1.91
improvement	-0.07	0.87
shard	-0.07	0.94
contents	-0.07	0.82
crystal	-0.07	0.92
virtual	-0.07	1.06
benefits	-0.07	1.06
nexus	-0.07	0.96
router	-0.07	0.86
meld	-0.07	1.02
requirement	-0.07	0.88
teleport	-0.07	1.09
platforms	-0.07	0.99
whispering	-0.07	1.22
upper	-0.06	1.03
reset	-0.06	1.12
obey	-0.06	1.18
dawn	-0.06	1.22
worth	-0.06	1.07
requiem	-0.06	1.27
chimera	-0.06	1.09
10-20	-0.06	1.07
returned	-0.06	0.97
considerably	-0.06	0.93
clearing	-0.06	1.12
unidentified	-0.06	1.00
permanently	-0.06	0.98
lay	-0.06	1.20
open	-0.06	1.14
plot	-0.06	0.91
mistaken	-0.06	2.84
progression	-0.06	0.75
selene	-0.06	1.16
am	-0.06	1.65
18	-0.06	1.10
essential	-0.06	1.15
begin	-0.06	1.10
til	-0.06	1.21
influence	-0.06	0.95
embrace	-0.06	1.34
greatest	-0.06	1.86
disagree	-0.06	3.02
sic	-0.06	1.17
payment	-0.06	1.18
reputation	-0.06	0.92
row	-0.06	1.12
downside	-0.06	1.02
started	-0.06	0.93
reasons	-0.06	1.25
communication	-0.06	0.87
longest	-0.06	1.05
application	-0.06	1.00
till	-0.06	1.18
noticeable	-0.05	0.95
clear	-0.05	1.11
security	-0.05	0.88
require	-0.05	0.89
ratio	-0.05	1.09
lowering	-0.05	1.03
apples	-0.05	1.23
empire	-0.05	0.88
cleared	-0.05	1.13
use	-0.05	1.30
purple	-0.05	1.18
he/she	-0.05	1.03
leveling	-0.05	0.81
uat	-0.05	0.99
toward	-0.05	0.98
repeated	-0.05	1.01
foe	-0.05	1.31
jobs	-0.05	0.88
opposite	-0.05	1.15
hanging	-0.05	1.11
14	-0.05	1.09
10-15	-0.05	1.10
stating	-0.05	2.34
topaz	-0.05	1.09
dagger	-0.05	1.06
mechanical	-0.04	0.79
aswell	-0.04	1.35
weekends	-0.04	1.12
x2	-0.04	1.82
minutes	-0.04	1.04
11	-0.04	1.09
becoming	-0.04	0.99
melds	-0.04	1.02
successfully	-0.04	1.09
t6-9	-0.04	1.08
illumination	-0.04	1.21
noting	-0.04	0.98
fey	-0.04	1.21
selling	-0.04	0.81
fcob	-0.04	1.07
million	-0.04	0.90
repair	-0.04	1.13
performance	-0.04	0.95
commands	-0.04	1.14
superior	-0.04	1.38
necessarily	-0.04	1.65
affect	-0.04	1.02
offline	-0.04	0.83
levi	-0.04	1.20
approximately	-0.04	0.98
test	-0.04	1.78
app	-0.04	0.91
16	-0.04	1.09
creating	-0.04	0.93
ranking	-0.04	0.88
upgrading	-0.04	0.92
powerful	-0.04	1.14
1-5	-0.04	1.15
<URL>	-0.04	0.79
<SPECIAL>	-0.04	0.79
logitech	-0.03	1.12
took	-0.03	1.02
rdm	-0.03	1.45
clean	-0.03	0.97
keyboard	-0.03	1.13
13	-0.03	1.09
explicitly	-0.03	1.68
yoshi	-0.03	1.37
lightning	-0.03	1.06
gamepad	-0.03	1.12
memory	-0.03	0.95
covered	-0.03	0.98
100	-0.03	1.21
misery	-0.03	1.32
naga	-0.03	1.13
90	-0.03	0.93
shiva	-0.03	1.15
north	-0.03	0.96
scratch	-0.03	0.99
shards	-0.03	0.92
builds	-0.03	1.14
end-game	-0.03	0.84
scob	-0.03	1.08
continuing	-0.03	0.90
beastmen	-0.02	1.00
rowena	-0.02	1.00
rewards	-0.02	1.21
counts	-0.02	1.16
ilvl100	-0.02	0.98
terms	-0.02	0.87
est	-0.02	1.17
w/e	-0.02	0.79
especially	-0.02	1.14
primal	-0.02	1.09
berries	-0.02	1.21
armory	-0.02	0.90
somebody	-0.02	1.09
bait	-0.02	0.93
maxed	-0.02	1.02
poetics	-0.02	1.03
darkness	-0.02	0.75
requirements	-0.02	0.81
melding	-0.02	0.99
afraid	-0.02	1.53
profit	-0.02	0.84
playtime	-0.02	0.94
guessing	-0.02	1.77
singing	-0.02	1.27
wallet	-0.02	1.14
offense	-0.01	1.45
finds	-0.01	2.17
level	-0.01	0.99
rolled	-0.01	0.84
local	-0.01	0.84
2x	-0.01	1.33
greed	-0.01	1.07
practical	-0.01	0.93
aside	-0.01	0.99
unlike	-0.01	0.88
gm	-0.01	0.96
coerthas	-0.01	0.93
efficiency	-0.01	1.24
developed	-0.01	0.98
upgrades	-0.01	0.90
remain	-0.01	1.05
limitations	-0.01	0.84
stated	-0.01	1.77
simpler	-0.01	1.20
clusters	-0.01	0.93
reports	-0.01	1.21
oil	-0.01	0.99
sun	-0.01	0.82
ilv	-0.01	0.92
invested	-0.01	1.00
profitable	-0.01	0.92
consider	-0.01	1.51
opinion	-0.01	1.91
spirit	-0.01	0.88
laugh	-0.01	2.19
delivery	-0.01	1.00
stuck	-0.01	1.24
42	-0.00	1.13
port	-0.00	0.98
weeks	-0.00	1.02
feature	-0.00	0.87
radar	-0.00	1.22
participate	-0.00	1.15
9	-0.00	1.08
gameplay	-0.00	0.72
markets	-0.00	0.75
buying	-0.00	0.84
casuals	-0.00	0.65
afterwards	-0.00	1.06
tos	0.00	1.19
res	0.00	1.26
content	0.00	0.85
raising	0.00	1.05
45	0.00	1.04
deny	0.00	1.94
ballad	0.00	1.23
contact	0.00	0.90
command	0.00	1.16
tracking	0.00	1.02
40	0.00	1.03
node	0.00	0.95
couldnt	0.00	1.00
mistakes	0.00	1.10
sample	0.00	1.42
times	0.01	1.04
i100	0.01	0.98
downs	0.01	1.57
crucial	0.01	0.95
reads	0.01	0.95
apps	0.01	1.08
pro	0.01	0.88
scenario	0.01	0.86
thf	0.01	1.33
compete	0.01	0.93
objective	0.01	1.90
anybody	0.01	1.12
knights	0.01	1.26
130	0.01	1.02
thyrus	0.01	0.96
deliver	0.01	0.84
subjective	0.01	1.69
shouldnt	0.01	1.35
towards	0.01	0.98
mandatory	0.01	0.99
shell	0.01	0.99
squeeze	0.01	1.13
paeon	0.01	1.25
curve	0.01	0.91
weapon	0.02	0.92
recommended	0.02	0.99
doable	0.02	1.14
stones	0.02	0.90
safer	0.02	1.31
ram	0.02	0.76
sold	0.02	0.82
joy	0.02	1.20
crying	0.02	0.95
assuming	0.02	3.11
minimize	0.02	1.18
rocks	0.02	0.94
parses	0.02	1.30
efficient	0.02	1.33
ten	0.02	1.07
sell	0.02	0.80
keybinds	0.02	1.31
redo	0.02	0.93
days	0.02	1.00
getting	0.02	1.56
fruit	0.02	1.02
temporarily	0.02	1.03
bahamut	0.02	0.96
1-4	0.02	1.14
starter	0.02	1.15
fieldcraft	0.02	0.93
70	0.02	0.89
white	0.03	1.06
ready	0.03	1.34
solely	0.03	1.10
effort	0.03	0.82
rather	0.03	1.26
sing	0.03	1.28
minor	0.03	0.91
machine	0.03	0.80
care	0.03	1.44
bonuses	0.03	1.04
prime	0.03	1.09
49	0.03	0.96
eastern	0.03	0.97
ilevel	0.03	0.91
demand	0.03	0.81
intended	0.03	1.38
req	0.03	1.08
subscribers	0.03	0.89
fresh	0.03	0.97
variety	0.03	0.82
automatically	0.03	1.28
equivalent	0.03	0.78
controller	0.03	1.06
yelling	0.03	0.98
fraction	0.03	0.77
115	0.03	0.93
period	0.04	0.97
boat	0.04	0.92
plus	0.04	1.10
samurai	0.04	0.96
working	0.04	1.09
chances	0.04	0.96
high-level	0.04	0.95
software	0.04	1.09
songs	0.04	1.18
needing	0.04	1.08
assign	0.04	1.23
classes	0.04	0.87
place	0.04	1.44
army	0.04	1.25
ddos	0.04	0.95
school	0.04	0.62
beat	0.04	1.24
displayed	0.04	1.29
counting	0.04	0.99
beaten	0.04	1.06
dark	0.04	1.06
requiring	0.04	0.91
cheap	0.04	0.92
house	0.04	0.86
attitude	0.04	0.85
brown	0.04	1.15
ps	0.04	1.00
enix	0.04	0.85
black	0.04	1.00
differences	0.04	0.82
proceed	0.05	0.94
housing	0.05	0.82
sells	0.05	0.82
nowadays	0.05	0.66
ilvl	0.05	0.91
tears	0.05	0.87
contribute	0.05	1.47
safely	0.05	1.15
requires	0.05	0.92
praetorium	0.05	1.15
df	0.05	1.02
35	0.05	1.10
decided	0.05	0.75
undercut	0.05	0.80
attempted	0.05	1.08
specifically	0.05	1.82
rates	0.05	0.89
tara	0.05	1.32
challenging	0.05	1.28
enjoyment	0.05	0.94
upgrade	0.05	0.89
minimum	0.06	0.88
yoshida	0.06	1.20
genuinely	0.06	1.30
connected	0.06	0.82
activity	0.06	0.92
qol	0.06	0.76
gamer	0.06	0.55
plans	0.06	1.11
promise	0.06	1.13
acquire	0.06	0.82
casually	0.06	0.91
maximize	0.06	1.48
implemented	0.06	0.89
safe	0.06	1.19
wireless	0.06	0.91
program	0.06	1.08
closed	0.06	0.82
reasonable	0.06	1.03
pug	0.06	1.06
near	0.06	1.11
meet	0.06	0.77
judge	0.06	1.39
unlocks	0.06	0.85
material	0.06	0.88
millions	0.07	0.87
city	0.07	1.01
fails	0.07	1.04
remains	0.07	0.99
stable	0.07	0.89
lvl50	0.07	0.86
undercutting	0.07	0.77
alone	0.07	1.70
worthwhile	0.07	0.95
blue	0.07	1.12
attempt	0.07	1.14
accessories	0.07	1.01
brought	0.07	1.06
upgraded	0.07	0.92
set	0.07	1.16
agree	0.07	3.06
talking	0.07	1.93
thundercloud	0.07	1.19
interaction	0.07	0.77
early	0.07	1.00
limited	0.07	0.87
emergency	0.07	1.04
i80	0.08	0.93
market	0.08	0.77
stepping	0.08	1.05
montreal	0.08	0.89
del	0.08	0.89
75	0.08	1.30
mb	0.08	0.81
goad	0.08	1.20
expansions	0.08	0.97
bell	0.08	0.95
book	0.08	0.91
consideration	0.08	1.06
cpu	0.08	0.73
throughout	0.08	0.79
neither	0.08	1.68
accessible	0.08	0.77
30-40	0.08	0.99
proc	0.08	1.15
technical	0.08	0.85
ultimately	0.08	1.04
modern	0.08	0.80
leviathan	0.08	1.12
110	0.08	0.94
hardcore	0.09	0.67
ilvl90	0.09	0.93
gathered	0.09	0.89
premade	0.09	0.96
furniture	0.09	1.15
accounts	0.09	0.86
ip	0.09	0.87
controllers	0.09	0.95
skin	0.09	1.00
income	0.09	0.80
1-50	0.09	0.82
sat	0.09	1.02
7	0.09	1.05
changes	0.09	0.67
i115	0.09	0.86
fed	0.09	1.11
former	0.09	0.73
moggle	0.09	1.17
legitimately	0.09	1.26
told	0.09	1.19
southern	0.09	0.95
area	0.09	0.97
percent	0.09	0.96
bravura	0.09	0.93
weapons	0.09	0.94
85	0.09	0.82
currency	0.09	1.01
sync	0.09	0.90
unspoiled	0.09	0.93
gives	0.09	1.22
passed	0.09	0.98
messages	0.09	1.12
load	0.09	0.83
attempting	0.09	1.13
addition	0.09	0.94
price	0.09	0.81
regard	0.09	1.07
cheaper	0.10	1.12
accessory	0.10	1.02
optional	0.10	0.92
thousand	0.10	0.96
41	0.10	1.08
completed	0.10	0.90
procs	0.10	1.09
goods	0.10	0.78
threshold	0.10	0.93
has	0.10	1.17
5-10	0.10	1.01
regular	0.10	0.84
tam	0.10	1.38
6-8	0.10	1.03
private	0.10	0.88
route	0.10	1.39
camp	0.10	0.97
36	0.10	1.08
38	0.10	1.09
knowing	0.10	1.41
32	0.10	1.08
vast	0.10	0.82
heavily	0.10	0.98
fish	0.10	0.87
2.0	0.10	1.09
identical	0.10	0.84
week	0.10	1.01
i110	0.10	0.95
comparison	0.10	0.91
seller	0.11	0.83
usb	0.11	0.91
relevant	0.11	0.95
exists	0.11	1.23
gmt	0.11	1.08
equipping	0.11	0.83
yourself	0.11	1.64
class/job	0.11	0.76
session	0.11	1.03
shit	0.11	1.39
extent	0.11	0.99
personal	0.11	0.88
15-20	0.11	1.01
tribes	0.11	0.99
downed	0.11	1.20
tested	0.11	1.59
ruby	0.11	1.04
2.38	0.11	0.80
carry	0.11	0.90
computer	0.11	0.74
consistent	0.11	0.96
matters	0.11	1.15
entirely	0.12	1.93
gather	0.12	0.91
keybind	0.12	1.34
10	0.12	1.02
wards	0.12	0.82
staring	0.12	0.94
sony	0.12	0.83
smoothly	0.12	1.19
rich	0.12	0.93
permanent	0.12	0.92
ilvl110	0.12	0.94
wired	0.12	0.92
pdt	0.12	1.04
summon	0.12	1.02
dropped	0.12	0.94
their	0.12	0.87
card	0.12	0.96
formula	0.12	1.89
20-30	0.12	0.98
ore	0.12	0.89
royal	0.12	1.02
houses	0.12	0.82
became	0.12	0.81
standards	0.12	0.75
suspect	0.12	1.27
pugging	0.13	1.05
connections	0.13	0.73
plug	0.13	0.91
pugs	0.13	1.02
added	0.13	0.83
implies	0.13	1.41
aether	0.13	0.84
nature	0.13	0.71
carrying	0.13	0.83
group	0.13	0.88
95	0.13	0.82
collection	0.13	0.91
meeting	0.13	0.78
pst	0.13	1.06
another	0.13	1.27
completing	0.13	0.97
base	0.13	0.83
means	0.13	2.04
quest	0.13	0.82
convinced	0.13	1.24
science	0.13	1.18
non	0.13	0.79
midnight	0.13	1.11
mining	0.13	0.88
king	0.14	1.12
fully	0.14	0.98
forcing	0.14	0.98
disconnected	0.14	0.92
keys	0.14	1.31
practice	0.14	1.01
both	0.14	0.77
drawn	0.14	1.49
strategy	0.14	1.10
fps	0.14	0.92
needed	0.14	0.99
raise	0.14	1.49
connect	0.14	0.87
spectacles	0.14	1.02
aetheryte	0.14	0.98
dance	0.14	1.13
melded	0.14	0.98
endgame	0.14	0.78
sources	0.14	1.53
pets	0.14	1.06
besides	0.14	0.85
wave	0.14	0.98
priorities	0.14	1.02
accepted	0.14	0.92
recall	0.15	1.41
key	0.15	1.32
minimal	0.15	0.97
below	0.15	1.07
entertaining	0.15	1.51
unweathered	0.15	0.95
arguably	0.15	1.06
1-2	0.15	1.07
popular	0.15	0.90
control	0.15	1.08
ctrl	0.15	1.46
commonly	0.15	0.77
fingers	0.15	1.02
stretch	0.15	1.14
consoles	0.15	0.69
confident	0.15	1.35
turn-ins	0.15	0.96
adjustments	0.15	0.81
complain	0.15	1.08
completely	0.15	1.62
mog	0.15	1.14
moments	0.15	0.92
gathering	0.15	0.92
valuable	0.15	1.03
leeches	0.15	1.31
max	0.16	1.10
medium	0.16	0.81
shape	0.16	1.18
collect	0.16	0.90
via	0.16	0.95
matching	0.16	0.96
plots	0.16	0.81
patch	0.16	0.79
product	0.16	0.75
story	0.16	0.81
party	0.16	1.03
restricted	0.16	0.82
located	0.16	0.92
knowledge	0.16	0.86
removal	0.16	0.97
raiders	0.16	0.70
bow	0.16	0.97
dom	0.16	0.86
equally	0.16	1.04
organized	0.17	0.83
suggesting	0.17	1.90
own	0.17	0.94
crafting/gathering	0.17	0.81
skipping	0.17	1.01
combination	0.17	1.13
anyone	0.17	1.19
i70	0.17	1.00
8	0.17	1.05
fewer	0.17	0.89
changing	0.17	1.10
moon	0.17	0.93
structure	0.17	0.86
windows	0.17	0.87
introduced	0.17	0.79
company	0.17	0.93
versions	0.17	0.74
huge	0.17	0.99
2.5	0.17	0.87
bigger	0.17	1.04
surprisingly	0.17	1.05
put	0.17	1.16
kind	0.18	1.36
included	0.18	0.89
ticket	0.18	0.89
swords	0.18	1.16
tree	0.18	0.90
myself	0.18	1.35
ridiculously	0.18	1.08
teleporting	0.18	0.95
tool	0.18	1.51
gerolt	0.18	0.86
hq	0.18	0.97
5	0.18	1.01
retainer	0.18	1.02
freedom	0.18	0.82
full	0.18	1.06
big	0.18	0.98
virtually	0.18	1.03
across	0.18	1.07
dream	0.18	2.37
everywhere	0.18	0.90
finder	0.19	0.95
exception	0.19	1.05
dl	0.19	0.98
mad	0.19	1.37
dedicated	0.19	0.75
planned	0.19	0.86
email	0.19	0.90
quote	0.19	1.77
features	0.19	0.77
until	0.19	1.07
ingots	0.19	0.95
flexible	0.19	0.79
said	0.19	1.52
ball	0.19	0.83
i55	0.19	0.97
reliably	0.19	0.98
darklight	0.19	0.99
far	0.19	1.20
latter	0.20	1.83
registered	0.20	0.91
add	0.20	1.22
theoretically	0.20	0.98
dancer	0.20	1.02
bulk	0.20	0.79
dc	0.20	0.94
basically	0.20	1.49
precisely	0.20	1.44
march	0.20	0.85
confusion	0.20	1.29
rise	0.20	0.86
pretend	0.20	1.31
temporary	0.20	1.07
i130	0.20	0.96
convince	0.20	1.28
putting	0.20	1.33
dual	0.20	1.05
reasonably	0.20	1.15
legitimate	0.20	1.17
frame	0.20	0.98
users	0.20	0.81
calculated	0.21	1.85
bunch	0.21	0.91
dow	0.21	0.87
device	0.21	0.81
reporting	0.21	1.01
decently	0.21	1.25
months	0.21	0.87
board	0.21	0.80
ours	0.21	0.79
b	0.21	1.77
values	0.21	1.68
norm	0.21	0.78
i120	0.21	0.94
rolling	0.21	0.86
came	0.21	1.10
day	0.21	1.05
real	0.21	0.83
80	0.21	0.90
3	0.21	1.01
western	0.21	0.77
happens	0.21	1.30
i90	0.21	0.97
vendors	0.21	0.86
anywhere	0.21	1.25
i.e	0.21	0.94
available	0.21	0.80
appeal	0.21	0.73
hardly	0.22	1.15
drop	0.22	0.96
tidal	0.22	1.01
telling	0.22	1.51
generic	0.22	0.76
3-5	0.22	0.98
traded	0.22	0.92
guns	0.22	1.04
train	0.22	0.95
curious	0.22	1.75
retainers	0.22	1.00
useful	0.22	1.17
opportunities	0.22	0.96
trial	0.22	0.86
interact	0.22	1.02
warning	0.22	1.11
mostly	0.22	1.07
eyes	0.22	0.82
creation	0.22	0.88
smoother	0.22	0.99
pm	0.22	1.25
50s	0.23	0.87
i95	0.23	0.90
interview	0.23	1.25
panel	0.23	0.89
significant	0.23	1.01
urth	0.23	0.99
bound	0.23	1.40
out	0.23	1.58
moved	0.23	0.84
actual	0.23	1.30
making	0.23	1.50
over	0.23	0.96
rewarding	0.23	1.29
complete	0.23	0.91
lives	0.23	1.01
brain	0.23	1.06
materials	0.23	0.83
often	0.23	1.27
weathered	0.23	0.94
admit	0.24	1.29
xbox	0.24	0.83
casual	0.24	0.63
lines	0.24	1.11
ideally	0.24	1.36
likewise	0.24	0.88
released	0.24	0.81
interested	0.24	2.11
quantity	0.24	0.91
roll	0.24	0.85
schedule	0.24	0.80
adapt	0.24	1.08
mogstation	0.24	0.93
factors	0.24	1.01
launched	0.25	1.16
6	0.25	0.98
occasion	0.25	1.04
insanely	0.25	1.07
involved	0.25	1.03
jewelry	0.25	0.91
individually	0.25	0.90
customize	0.25	1.03
seven	0.25	0.85
competitive	0.25	0.72
patches	0.25	0.77
wait	0.25	1.07
happening	0.25	1.61
spear	0.25	1.03
tuesday	0.25	1.04
accomplish	0.25	1.04
late	0.25	0.94
zones	0.25	1.00
overly	0.25	1.06
lominsa	0.25	0.85
nights	0.26	0.95
gridania	0.26	0.95
bucks	0.26	1.00
crash	0.26	0.90
gpu	0.26	0.67
venture	0.26	1.03
satisfying	0.26	1.37
summoning	0.26	0.86
sometimes	0.26	1.27
account	0.26	0.90
wielding	0.26	1.06
overlay	0.26	1.01
why	0.26	1.98
succeed	0.26	0.93
synced	0.26	0.87
earn	0.26	1.18
gatherer	0.26	0.87
alongside	0.26	0.83
releases	0.26	0.79
mats	0.26	0.82
crafted	0.27	0.94
mastercraft	0.27	0.92
each	0.27	0.96
purchases	0.27	0.83
reached	0.27	0.92
hes	0.27	1.19
user	0.27	0.90
understanding	0.27	1.57
rod	0.27	0.89
vita	0.27	0.85
trading	0.27	0.99
cities	0.27	0.89
guaranteed	0.27	0.89
storyline	0.27	0.72
canada	0.27	0.85
tied	0.27	0.85
dol	0.27	0.88
releasing	0.28	0.86
classes/jobs	0.28	0.79
mix	0.28	0.90
ive	0.28	0.92
dow/dom	0.28	0.88
fending	0.28	0.97
take	0.28	1.28
daggers	0.28	1.04
act	0.28	1.08
force	0.28	1.12
fishing	0.28	0.86
marketboard	0.28	0.75
officially	0.28	1.07
iirc	0.28	1.18
next	0.28	1.03
leveled	0.28	0.82
truth	0.28	2.04
considering	0.28	1.50
99	0.28	0.78
2.3	0.28	0.82
gatherers	0.28	0.85
occasions	0.28	1.02
obtaining	0.28	1.00
datacenter	0.29	0.87
desktop	0.29	0.86
snow	0.29	0.78
combat	0.29	0.72
monday	0.29	1.03
demimateria	0.29	0.89
morale	0.29	0.86
laptop	0.29	0.75
static	0.29	0.94
morning	0.29	1.08
legacy	0.29	0.90
wins	0.29	0.75
4	0.29	0.97
ventures	0.29	1.00
notice	0.29	1.37
importantly	0.29	0.89
guarantee	0.29	1.16
phrase	0.30	1.10
2.45	0.30	0.78
unknown	0.30	0.92
2.4	0.30	0.84
town	0.30	0.93
honestly	0.30	1.67
knows	0.30	1.94
npcs	0.30	0.98
individuals	0.30	0.76
exchange	0.30	0.93
supporting	0.30	1.37
collecting	0.30	0.84
suited	0.30	2.22
realizing	0.30	1.13
ship	0.30	0.89
graphics	0.30	0.73
december	0.30	0.81
46	0.30	1.02
zero	0.30	0.87
comparing	0.31	0.85
engaging	0.31	1.15
presumably	0.31	0.87
lowest	0.31	1.18
tooltip	0.31	1.62
laughed	0.31	1.30
crafting	0.31	0.80
completion	0.31	0.98
recognize	0.31	1.33
plugin	0.31	0.97
areas	0.31	0.99
cater	0.31	0.57
randoms	0.31	0.87
bloody	0.31	1.21
horizon	0.31	0.90
1-3	0.31	1.03
toll	0.31	0.92
perfectly	0.31	1.76
seen	0.31	1.03
services	0.31	0.97
goal	0.32	0.89
login	0.32	0.90
minority	0.32	0.62
separately	0.32	1.11
letter	0.32	1.11
whose	0.32	0.92
lastly	0.32	1.12
mat	0.32	0.84
allowing	0.32	1.06
summoned	0.32	0.87
yoshi-p	0.32	1.07
region	0.32	0.87
largest	0.32	1.09
playerbase	0.32	0.61
purchase	0.32	0.82
rings	0.32	0.89
puts	0.32	1.99
then	0.32	1.35
buy	0.32	0.78
remotely	0.32	1.18
skip	0.32	0.91
compared	0.32	0.81
setup	0.33	1.12
revenant	0.33	0.92
ingame	0.33	0.94
witch	0.33	1.05
exceptions	0.33	1.09
saucer	0.33	0.95
thousands	0.33	0.86
dhona	0.33	0.91
rewarded	0.33	0.95
understood	0.33	1.64
required	0.33	0.91
size	0.33	0.78
cards	0.33	0.85
launch	0.33	1.19
hidden	0.33	0.93
rush	0.33	0.96
ingredients	0.33	0.81
boards	0.33	0.82
draw	0.33	2.66
glance	0.33	1.27
alexander	0.33	0.82
extremely	0.34	1.09
dreadwyrm	0.34	0.97
choco	0.34	0.95
appropriate	0.34	0.93
nvidia	0.34	0.71
reflect	0.34	1.15
trinity	0.34	0.66
becomes	0.34	0.97
become	0.34	1.01
adjust	0.34	0.95
obtained	0.34	0.92
updates	0.34	0.76
solve	0.34	1.22
mor	0.34	0.91
groups	0.34	0.94
macro	0.34	1.29
free	0.35	0.95
5-6	0.35	0.93
ugly	0.35	1.78
limsa	0.35	0.89
perception	0.35	0.92
confirmed	0.35	1.20
activities	0.35	0.89
ul'dah	0.35	0.91
chart	0.35	1.52
amd	0.35	0.69
opinions	0.35	1.57
fisher	0.35	0.87
shift	0.35	1.29
ago	0.35	0.84
methods	0.35	1.08
secret	0.35	0.93
thursday	0.35	0.99
psn	0.35	0.84
maintenance	0.35	0.98
show	0.35	1.31
example	0.35	1.02
situations	0.35	1.09
important	0.35	1.17
encourage	0.35	1.14
adding	0.35	0.95
honesty	0.35	1.04
freely	0.35	1.07
2014	0.36	0.85
bought	0.36	0.74
3-4	0.36	0.93
sale	0.36	0.72
hundred	0.36	0.89
maelstrom	0.36	0.87
calculate	0.36	1.69
dx11	0.36	0.83
entered	0.36	0.93
create	0.36	0.96
loaded	0.36	0.96
staff	0.36	0.94
dust	0.36	0.98
botany	0.36	0.83
pt	0.36	0.94
arms	0.36	1.00
4-5	0.36	0.93
dialogue	0.36	0.81
success	0.36	0.85
issue	0.36	1.17
carbuncle	0.36	1.16
rules	0.36	1.19
allows	0.36	1.02
equipped	0.36	0.96
2-3	0.36	0.93
form	0.36	0.91
pc	0.36	0.77
scale	0.37	0.91
article	0.37	1.67
further	0.37	1.04
incredibly	0.37	1.08
aetherial	0.37	1.19
register	0.37	0.87
talked	0.37	1.19
cloud	0.37	0.77
macroicon	0.37	1.33
rose	0.37	0.87
fuck	0.37	1.42
considered	0.37	1.11
how	0.37	1.83
him	0.37	0.96
screaming	0.37	0.95
country	0.37	0.75
station	0.37	0.92
silver	0.37	0.86
announced	0.37	0.93
miner	0.37	0.87
pve	0.37	0.71
gear	0.37	0.91
players	0.37	0.71
servers	0.37	0.86
scenarios	0.37	1.11
large	0.37	0.96
ancient	0.37	0.69
skipped	0.38	0.93
almost	0.38	1.18
crafters	0.38	0.76
leaders	0.38	0.84
provides	0.38	1.09
pvp	0.38	0.90
sort	0.38	1.26
worlds	0.38	0.87
goals	0.38	0.74
statement	0.38	2.70
done	0.38	1.39
introduce	0.38	0.80
lies	0.38	1.47
uldah	0.38	0.89
communicate	0.38	1.24
pray	0.38	0.85
enjoyable	0.38	1.20
stayed	0.38	0.95
majority	0.38	0.66
levelled	0.39	0.82
forms	0.39	0.94
player	0.39	0.58
recent	0.39	0.89
registration	0.39	0.84
easily	0.39	1.24
striking	0.39	0.92
healthy	0.39	1.06
colour	0.39	0.96
aggressive	0.39	1.01
eu	0.39	0.85
artisan	0.39	0.92
in-game	0.39	0.85
none	0.39	1.14
made	0.39	0.98
ways	0.39	1.39
alternatives	0.39	1.23
shame	0.39	1.93
24hrs	0.40	1.08
saturday	0.40	1.00
expecting	0.40	1.61
mention	0.40	1.57
parties	0.40	0.92
strongly	0.40	1.18
past	0.40	0.84
resolved	0.40	0.99
pieces	0.40	0.93
equipment	0.40	0.87
escape	0.40	0.83
visual	0.40	0.83
greater	0.40	0.86
indication	0.40	1.09
remote	0.40	0.84
purchased	0.40	0.84
finished	0.40	0.89
expansion	0.40	0.82
console	0.40	0.67
lv50	0.40	0.85
vendor	0.41	0.79
evening	0.41	1.01
friday	0.41	0.98
sometime	0.41	0.86
hype	0.41	1.05
mod	0.41	1.19
gamers	0.41	0.59
public	0.41	0.86
complaint	0.41	1.41
gift	0.41	0.75
gaming	0.41	0.61
chosen	0.41	1.08
desynthing	0.41	0.86
supra	0.41	0.94
premium	0.41	0.80
her	0.41	1.06
rely	0.41	0.99
serious	0.42	0.77
emote	0.42	1.07
newest	0.42	0.74
botanist	0.42	0.87
balanced	0.42	0.92
successful	0.42	0.68
statics	0.42	0.89
commendation	0.42	0.90
whether	0.42	1.60
transfer	0.42	0.86
pf	0.42	0.94
members	0.42	0.86
uk	0.42	0.84
fc	0.42	0.82
learn	0.42	1.31
date	0.42	0.82
relatively	0.42	1.07
bonding	0.43	0.70
sales	0.43	0.78
addressed	0.43	1.02
loads	0.43	0.86
forced	0.43	1.34
october	0.43	0.80
access	0.43	0.94
know	0.43	1.87
rpg	0.43	0.82
population	0.43	0.74
strategies	0.43	0.89
provided	0.43	1.41
dependent	0.43	0.97
def	0.43	1.64
bond	0.43	0.74
upon	0.44	0.86
idk	0.44	1.35
sunday	0.44	1.01
launcher	0.44	0.79
realistically	0.44	1.34
light	0.44	1.17
joined	0.44	0.88
include	0.44	1.10
chance	0.44	0.99
usable	0.44	0.83
forming	0.44	0.92
nq	0.44	0.84
message	0.44	1.08
because	0.44	1.87
playstation	0.44	0.78
e3	0.44	1.15
catch	0.44	0.95
companies	0.44	0.79
craftsmanship	0.44	0.85
flavor	0.44	0.69
improvements	0.44	0.82
method	0.44	1.41
honest	0.44	1.59
purchasing	0.45	0.76
conditions	0.45	1.08
term	0.45	1.24
laughing	0.45	1.33
luckily	0.45	0.76
coming	0.45	0.94
transfers	0.45	0.81
monitor	0.45	0.93
address	0.45	0.97
updating	0.45	0.90
american	0.45	0.84
five	0.45	0.90
insert	0.45	0.75
joining	0.45	0.93
stuff	0.45	1.08
teams	0.45	0.85
offhand	0.45	0.98
six	0.45	0.88
cases	0.45	1.22
numerous	0.45	0.87
screen	0.45	1.16
color	0.45	0.95
desired	0.46	1.21
item	0.46	0.83
whatsoever	0.46	1.17
mentioned	0.46	1.26
except	0.46	0.98
tried	0.46	1.00
client	0.46	0.75
letters	0.46	1.09
moogle	0.46	1.02
gold	0.46	0.79
latest	0.46	0.77
problem	0.46	1.51
vary	0.46	1.06
sending	0.46	0.97
shouting	0.46	0.95
wolf	0.46	0.94
trip	0.47	0.78
strong	0.47	0.89
currently	0.47	1.16
wow	0.47	1.68
forgiving	0.47	1.17
companion	0.47	0.87
received	0.47	1.05
somewhere	0.47	1.25
confirmation	0.47	1.34
transferring	0.47	0.82
contributing	0.47	1.09
announce	0.47	0.89
count	0.47	1.17
fanfest	0.47	0.87
rng	0.47	0.82
asks	0.48	1.90
blank	0.48	0.98
voices	0.48	0.95
generally	0.48	1.25
chat	0.48	0.94
announcement	0.48	0.87
2	0.48	0.94
cooking	0.48	0.78
supposedly	0.48	1.12
theres	0.48	1.20
gentle	0.48	1.23
larger	0.48	0.85
summons	0.48	0.82
fest	0.48	0.86
smaller	0.48	0.86
chocobo	0.48	0.87
yell	0.48	0.92
allagan	0.48	0.88
gotten	0.48	1.01
seperate	0.48	0.86
implement	0.48	0.93
matches	0.49	0.83
others	0.49	1.40
very	0.49	1.10
varies	0.49	1.05
text	0.49	0.99
nor	0.49	1.40
catching	0.49	0.82
exploration	0.49	0.88
weather	0.49	0.77
unable	0.49	1.08
ftw	0.49	0.90
calculator	0.49	1.63
describe	0.49	1.15
wanted	0.49	1.11
incentive	0.49	1.20
reliable	0.49	1.03
cut	0.49	0.97
character	0.49	0.79
aspect	0.49	0.67
warcraft	0.49	1.60
ones	0.50	1.05
been	0.50	0.95
hundreds	0.50	0.86
reveal	0.50	0.83
ending	0.50	0.89
training	0.50	1.01
least	0.50	1.70
gone	0.50	0.94
equal	0.50	1.05
league	0.50	1.18
last	0.50	1.00
graphic	0.50	0.76
delete	0.50	0.83
hell	0.50	1.21
such	0.50	0.96
ps3	0.50	0.76
goddamn	0.50	1.17
created	0.50	0.75
steam	0.50	0.75
sent	0.51	0.97
year	0.51	1.00
files	0.51	0.83
japan	0.51	0.80
rare	0.51	0.86
install	0.51	0.75
data	0.51	0.95
doh	0.51	0.81
travel	0.51	0.85
exclusively	0.51	0.72
frontlines	0.51	0.82
experience	0.51	0.69
later	0.51	0.98
wolves	0.51	0.81
relative	0.51	1.09
small	0.51	0.87
we	0.51	1.13
gears	0.51	0.89
cloth	0.51	0.92
long	0.51	1.17
den	0.51	0.80
evil	0.51	0.78
description	0.51	1.86
driver	0.51	0.83
translate	0.51	1.27
need	0.51	1.73
them	0.51	1.59
respective	0.52	0.88
store	0.52	0.79
explain	0.52	1.53
sets	0.52	0.96
live	0.52	1.00
frontline	0.52	0.81
bracelet	0.52	0.89
enter	0.52	0.96
installed	0.52	0.77
odds	0.52	0.87
differ	0.52	0.85
going	0.52	1.96
combined	0.52	0.71
choker	0.52	0.87
existing	0.52	0.83
restart	0.52	0.92
guilds	0.53	0.71
shows	0.53	1.11
brand	0.53	0.80
home	0.53	0.94
faces	0.53	0.95
legit	0.53	0.95
obtainable	0.53	0.81
years	0.53	1.46
3.0	0.53	0.86
horse	0.53	0.84
booted	0.53	0.91
london	0.53	0.84
mail	0.53	0.93
riding	0.53	0.85
web	0.53	0.90
called	0.53	0.71
fairly	0.53	1.08
minus	0.53	0.83
ps4	0.53	0.75
error	0.53	0.99
ride	0.53	0.90
license	0.53	0.77
bis	0.53	1.06
noticed	0.53	1.19
bright	0.53	1.23
teamspeak	0.53	0.88
imho	0.54	1.02
destination	0.54	1.01
sooner	0.54	1.04
perfect	0.54	1.26
depth	0.54	0.82
ve	0.54	0.96
plate	0.54	1.06
items	0.54	0.78
glow	0.54	0.99
something	0.54	1.75
boom	0.54	1.11
bit	0.54	1.08
sit	0.54	0.89
fly	0.54	0.79
places	0.54	0.86
go	0.54	1.42
anything	0.54	1.53
biased	0.54	2.05
server	0.54	0.83
formed	0.54	0.87
dedication	0.54	0.73
yugiri	0.54	0.74
course	0.54	1.97
normally	0.55	1.43
couple	0.55	0.86
tells	0.55	1.02
upcoming	0.55	0.87
admittedly	0.55	1.01
particularly	0.55	1.05
airships	0.55	0.82
mentioning	0.55	1.62
surely	0.55	1.03
experienced	0.55	0.73
downloading	0.55	0.78
code	0.55	0.79
populated	0.55	0.81
download	0.55	0.77
loading	0.55	0.84
vegas	0.55	0.85
boils	0.55	0.99
send	0.55	0.99
crafter	0.55	0.82
referred	0.55	0.80
ironworks	0.55	0.88
countless	0.55	0.85
bird	0.55	0.84
decide	0.55	1.25
went	0.55	0.91
written	0.55	1.25
even	0.55	1.77
mirror	0.55	0.86
tell	0.56	1.57
logged	0.56	0.91
thankfully	0.56	0.94
return	0.56	0.78
codes	0.56	0.79
four	0.56	0.88
believe	0.56	1.72
reward	0.56	0.98
dynamic	0.56	0.84
states	0.56	1.29
discovered	0.56	0.86
she	0.56	0.96
utilize	0.56	1.05
shouts	0.56	0.92
cash	0.56	0.81
transferred	0.56	0.83
eternal	0.56	0.80
general	0.57	0.65
quite	0.57	1.17
char	0.57	0.74
able	0.57	1.43
learning	0.57	0.98
remember	0.57	0.99
life	0.57	0.85
motivation	0.57	1.10
chocobos	0.57	0.82
spring	0.57	0.80
ls	0.57	0.88
fixes	0.57	0.96
drivers	0.57	0.78
shout	0.57	0.93
nearly	0.57	1.17
low	0.57	1.07
bits	0.57	0.86
receive	0.57	0.96
expect	0.57	1.31
touched	0.57	0.74
gods	0.57	0.81
yet	0.58	1.13
desynth	0.58	0.78
leather	0.58	0.95
folder	0.58	0.75
ever	0.58	1.33
viable	0.58	2.04
chest	0.58	0.96
children	0.58	0.84
case	0.58	1.93
offers	0.58	0.93
once	0.58	1.19
otherwise	0.58	1.81
ha	0.58	0.86
voted	0.58	1.36
linkshell	0.58	0.87
tbh	0.58	1.35
substantial	0.58	0.90
linkshells	0.58	0.86
phoenix	0.58	0.86
na	0.58	1.07
tt	0.59	1.43
deciding	0.59	1.02
en	0.59	0.82
never	0.59	1.19
few	0.59	0.86
odin	0.59	0.87
file	0.59	0.85
patched	0.59	0.88
jp	0.59	0.92
request	0.59	1.05
composition	0.59	1.08
playing	0.59	0.72
happen	0.60	1.52
greatly	0.60	1.00
either	0.60	1.82
starting	0.60	1.07
smooth	0.60	1.07
feeling	0.60	0.97
enough	0.60	1.43
according	0.60	1.48
direct	0.60	0.88
trying	0.60	1.64
including	0.60	0.72
arm	0.60	0.89
siren	0.60	0.87
intense	0.60	0.93
ca	0.60	1.44
lamia	0.60	0.87
personally	0.60	1.38
kinda	0.60	1.20
rule	0.60	0.89
midgardsormr	0.61	0.88
cerberus	0.61	0.86
heavensward	0.61	0.78
random	0.61	0.87
famfrit	0.61	0.88
feasible	0.61	1.04
jenova	0.61	0.86
downloaded	0.61	0.76
hint	0.61	0.90
initially	0.61	1.20
fastest	0.61	2.30
notes	0.61	1.05
seriously	0.61	1.31
no	0.61	1.32
lie	0.61	0.94
bear	0.62	0.72
head	0.62	0.89
brynhildr	0.62	0.86
chatting	0.62	0.89
negative	0.62	0.91
fcs	0.62	0.79
most	0.62	1.12
used	0.62	1.18
listed	0.62	1.00
anymore	0.62	1.50
experiment	0.62	0.93
garlean	0.62	0.94
shop	0.62	0.76
includes	0.62	0.84
little	0.62	1.08
where	0.62	1.59
excited	0.62	2.11
pink	0.62	1.09
join	0.62	0.89
competition	0.62	0.77
exodus	0.62	0.87
tonberry	0.63	0.85
allowed	0.63	1.21
night	0.63	1.01
moment	0.63	1.33
reason	0.63	1.74
seeing	0.63	1.60
resolution	0.63	0.85
patience	0.63	0.78
strangers	0.63	0.88
speaking	0.63	0.95
dozen	0.63	0.83
genre	0.63	0.72
exist	0.63	1.24
salt	0.63	1.00
zalera	0.63	0.87
unofficial	0.63	0.79
raid	0.63	0.94
af	0.63	0.96
prepared	0.63	1.09
tickets	0.63	0.85
lore	0.63	0.68
provide	0.63	1.26
copies	0.63	0.73
streams	0.63	0.99
audience	0.64	0.58
update	0.64	0.87
missed	0.64	2.26
better	0.64	1.89
an	0.64	0.97
expected	0.64	1.30
receiving	0.64	1.09
corrected	0.64	2.65
us	0.64	0.91
downvoting	0.64	1.64
faith	0.64	0.68
since	0.64	0.79
does	0.64	1.41
oddly	0.64	0.72
pass	0.65	0.84
although	0.65	1.53
sound	0.65	0.93
balmung	0.65	0.84
ala	0.65	0.82
ai	0.65	1.04
visit	0.65	0.94
enjoyed	0.65	2.22
highly	0.65	1.13
50	0.65	0.81
rant	0.65	1.31
closely	0.65	0.84
should	0.65	1.78
soon	0.65	1.12
veteran	0.65	0.72
also	0.65	1.79
makes	0.65	1.09
silent	0.66	1.06
weekend	0.66	0.90
dont	0.66	1.34
earrings	0.66	0.84
ourselves	0.66	1.00
somewhat	0.66	1.09
dozens	0.66	0.84
rl	0.66	0.69
situation	0.66	1.30
amazon	0.66	0.74
hero	0.66	0.80
strats	0.66	0.90
preference	0.66	0.96
strongest	0.66	1.85
language	0.66	1.20
gilgamesh	0.66	0.85
wars	0.66	1.42
say	0.66	1.76
recipes	0.66	0.76
supposed	0.66	1.81
environment	0.67	0.65
son	0.67	0.97
make	0.67	1.48
invites	0.67	0.96
game	0.67	0.66
helps	0.67	0.96
mo	0.67	1.42
crashed	0.67	0.94
active	0.67	0.78
colors	0.67	0.88
largely	0.67	1.07
exclusive	0.67	0.73
x	0.67	1.65
dig	0.67	0.93
guild	0.67	0.90
mmorpg	0.67	0.68
meaning	0.67	1.61
micon	0.67	1.20
profile	0.68	0.97
havent	0.68	0.97
inn	0.68	0.79
recruit	0.68	0.85
ragnarok	0.68	0.76
previously	0.68	0.87
floating	0.68	0.63
matter	0.68	1.68
assume	0.68	1.90
uses	0.68	1.81
doubt	0.68	1.27
too	0.68	1.30
npc	0.68	0.88
liking	0.68	0.80
two	0.68	0.82
new	0.68	0.79
excalibur	0.68	0.85
craft	0.68	0.78
hildebrand	0.68	0.80
unrelated	0.68	1.19
equip	0.68	0.88
forward	0.68	1.21
sargatanas	0.69	0.87
8-man	0.69	1.06
individual	0.69	0.95
really	0.69	1.45
behemoth	0.69	0.84
gt	0.69	1.34
ring	0.69	0.83
90k	0.69	0.95
diabolos	0.69	0.87
invite	0.70	0.90
three	0.70	0.83
faerie	0.70	0.86
only	0.70	1.61
copy	0.70	0.72
thing	0.70	1.67
discussing	0.70	1.44
curiosity	0.70	1.00
mean	0.70	1.76
downvote	0.70	1.71
hyperion	0.70	0.88
think	0.70	1.76
hildibrand	0.70	0.80
preferably	0.70	0.93
improving	0.70	0.97
writing	0.71	1.24
3-star	0.71	0.79
twelve	0.71	0.87
feels	0.71	0.95
em	0.71	1.21
ishgard	0.71	0.73
together	0.71	0.96
rp	0.71	0.69
likely	0.71	1.43
possibly	0.71	1.23
flying	0.71	0.69
compare	0.71	0.71
taught	0.71	0.90
topic	0.71	1.70
imagine	0.71	1.50
view	0.72	0.88
communities	0.72	0.66
prefer	0.72	0.93
seem	0.72	1.49
wo	0.72	1.53
aiming	0.72	0.87
noct	0.72	0.84
commendations	0.72	0.95
yesterday	0.72	0.97
determine	0.72	1.54
version	0.72	0.69
several	0.72	0.82
confirm	0.73	1.37
adamantoise	0.73	0.86
elsewhere	0.73	1.46
circumstances	0.73	1.10
liked	0.73	2.19
inbox	0.73	0.99
egg	0.73	0.91
obviously	0.73	1.71
wildstar	0.73	1.51
won	0.73	0.83
albeit	0.73	0.97
section	0.73	1.12
want	0.74	1.47
beneficial	0.74	1.08
high	0.74	0.98
flames	0.74	0.89
change	0.74	1.00
refer	0.74	1.14
things	0.74	1.45
relying	0.74	0.86
calamity	0.74	0.68
typing	0.74	0.95
seems	0.74	1.14
adventurer	0.74	0.79
mobile	0.74	0.98
star	0.74	0.69
already	0.74	1.04
dye	0.74	0.86
sticking	0.75	1.04
heard	0.75	0.92
see	0.75	1.59
desynthesis	0.75	0.77
lists	0.75	1.09
ff14	0.75	1.42
certainly	0.75	1.41
determined	0.75	1.22
may	0.76	1.58
concept	0.76	1.17
feel	0.76	1.16
netflix	0.76	0.82
shots	0.76	1.07
invited	0.76	0.85
varying	0.76	0.62
submit	0.76	0.93
much	0.76	1.18
aware	0.76	2.02
hang	0.76	0.91
phone	0.76	0.97
goblin	0.76	0.85
winning	0.77	0.74
belt	0.77	0.84
daystar	0.77	0.85
downvoted	0.77	1.77
legs	0.77	0.84
approach	0.77	0.84
got	0.77	0.91
types	0.77	0.75
inclined	0.77	1.30
figure	0.78	1.57
suggested	0.78	1.23
eve	0.78	1.58
find	0.78	1.33
0	0.78	0.89
discussed	0.78	1.21
advise	0.78	1.22
neck	0.78	0.83
fixing	0.78	1.03
write	0.78	1.12
listing	0.78	0.84
research	0.79	0.99
newbies	0.79	0.84
elder	0.79	1.04
spreadsheet	0.79	1.43
earlier	0.79	1.25
chose	0.79	0.85
mother	0.79	0.56
actually	0.79	1.61
ppl	0.79	1.16
old	0.79	1.07
child	0.79	0.74
described	0.80	1.10
wondering	0.80	1.62
related	0.80	0.81
young	0.80	0.86
dyes	0.80	0.79
airship	0.80	0.83
personality	0.80	0.60
glasses	0.80	0.77
emotes	0.80	1.02
mmorpgs	0.80	1.03
scheme	0.80	0.75
enjoying	0.80	0.89
ton	0.80	0.86
poster	0.80	1.66
baby	0.80	0.92
discuss	0.80	1.22
tomorrow	0.81	1.07
alternative	0.81	2.03
everything	0.81	1.35
cheapest	0.81	2.19
mumble	0.81	0.93
isnt	0.81	1.24
his	0.81	0.81
future	0.81	0.88
appeared	0.81	0.78
originally	0.81	0.96
recipe	0.81	0.76
had	0.81	0.87
along	0.82	1.00
lot	0.82	1.04
lets	0.82	1.16
multiple	0.82	0.77
super	0.82	1.09
cutscenes	0.82	0.77
beta	0.82	0.93
marriage	0.83	0.69
hence	0.83	1.47
still	0.83	1.69
armorer	0.83	0.78
social	0.83	0.65
sick	0.83	1.43
regards	0.83	0.73
figuring	0.83	1.06
talk	0.83	1.03
ce	0.83	0.68
translation	0.83	1.02
edition	0.83	0.68
playable	0.83	0.69
afaik	0.83	0.92
coeurl	0.83	0.78
let	0.84	1.29
souls	0.84	0.87
voice	0.84	0.99
word	0.84	1.43
always	0.84	1.33
reading	0.85	1.49
probably	0.85	1.66
ideal	0.85	2.01
database	0.85	1.02
japanese	0.85	0.95
asked	0.85	1.12
wonder	0.85	1.36
fan	0.86	0.75
any	0.86	1.30
shrug	0.86	1.08
feet	0.86	0.82
counted	0.86	0.90
culture	0.86	0.60
swear	0.86	1.02
cake	0.86	0.99
achievements	0.86	0.77
maybe	0.87	1.51
awhile	0.87	0.91
alchemist	0.87	0.76
note	0.87	1.63
refuse	0.87	0.99
boyfriend	0.87	1.00
whatever	0.87	1.36
af2	0.87	0.81
come	0.87	1.01
events	0.87	0.84
finding	0.87	1.03
name	0.88	0.72
lots	0.88	0.86
blacksmith	0.88	0.77
depend	0.88	1.15
expand	0.88	0.81
scenes	0.88	0.74
forever	0.88	1.06
optimal	0.88	1.95
aspects	0.88	0.76
concerns	0.88	1.15
beforehand	0.88	0.83
play	0.88	0.62
cutscene	0.88	0.72
nothing	0.89	1.28
cosmetic	0.89	0.67
mount	0.89	0.71
literally	0.89	1.23
channel	0.89	0.80
event	0.89	0.86
forget	0.89	1.18
which	0.89	1.68
tons	0.89	0.83
crafts	0.89	0.74
work	0.89	1.66
swtor	0.89	1.53
axe	0.89	1.00
met	0.90	0.54
depends	0.90	1.34
yours	0.90	1.09
goldsmith	0.90	0.76
culinarian	0.90	0.75
gsm	0.90	0.77
particular	0.90	1.15
slap	0.90	1.40
playstyle	0.90	0.73
happened	0.90	1.09
bsm	0.90	0.78
vanity	0.90	0.77
speak	0.91	1.26
tonight	0.91	1.06
basics	0.91	1.14
recruitment	0.91	1.04
dangerous	0.91	0.85
giving	0.91	1.10
damned	0.91	0.90
weaver	0.91	0.76
vanya	0.91	0.86
noticing	0.91	1.23
gw2	0.91	1.43
summer	0.91	0.65
f2p	0.91	1.29
fyi	0.92	0.95
living	0.92	0.62
native	0.92	0.92
older	0.92	0.72
now	0.92	1.65
mmos	0.92	1.27
characters	0.92	0.70
eventually	0.92	1.04
did	0.93	1.41
ltw	0.93	0.76
try	0.93	1.29
newer	0.93	0.85
club	0.93	0.74
age	0.93	1.19
however	0.93	1.71
here	0.93	1.48
choosing	0.93	1.80
might	0.93	1.54
handful	0.93	0.86
english	0.93	1.05
akin	0.94	0.70
styles	0.94	0.58
nicer	0.94	0.76
mmo	0.94	1.01
gf	0.94	0.92
discussion	0.94	1.45
lighting	0.94	0.79
shown	0.94	1.10
searching	0.94	1.10
formatting	0.94	1.17
french	0.94	1.00
piece	0.94	0.84
q	0.94	1.23
sorts	0.94	0.70
stars	0.94	0.68
creative	0.95	0.74
pose	0.95	1.04
fashion	0.95	0.91
various	0.95	0.78
funny	0.95	2.12
versus	0.95	0.78
loop	0.95	0.83
immensely	0.95	0.91
digital	0.95	0.72
thread	0.95	1.51
online	0.95	1.34
read	0.95	1.17
pretty	0.95	1.09
politely	0.95	0.92
girlfriend	0.96	0.90
boots	0.96	0.82
errors	0.96	1.23
subreddit	0.96	1.28
finish	0.96	0.89
stream	0.96	0.77
mounts	0.96	0.68
current	0.96	0.94
cuz	0.96	1.18
linked	0.96	1.07
disc	0.96	0.72
r/ffxiv	0.96	1.23
traditional	0.97	0.95
many	0.97	0.85
malboro	0.97	0.93
works	0.97	1.39
immersion	0.97	0.63
consensus	0.97	1.65
paste	0.97	0.89
master	0.97	0.73
rift	0.97	1.37
mine	0.97	0.79
asking	0.97	1.43
its	0.97	1.27
judging	0.98	1.18
examples	0.98	1.12
tv	0.98	0.69
belong	0.98	1.17
idea	0.98	1.42
complaints	0.98	1.02
wont	0.98	1.23
body	0.99	0.84
again	0.99	1.35
toon	0.99	0.65
certain	0.99	0.83
eso	0.99	1.34
whom	0.99	0.65
checked	0.99	0.98
friends	0.99	0.68
could	0.99	1.53
spoilers	0.99	0.63
gloves	0.99	0.81
ffxiv	0.99	1.19
hilarious	0.99	1.77
plenty	1.00	0.86
explained	1.00	1.18
these	1.00	0.82
appealing	1.00	0.81
l	1.00	1.42
accept	1.00	0.93
pants	1.00	0.81
match	1.00	0.65
karma	1.00	1.35
fix	1.01	1.04
hoping	1.01	1.34
atm	1.01	1.14
r/ffxivrecruitment	1.01	1.19
helm	1.01	0.82
steps	1.01	0.78
score	1.01	1.07
opportunity	1.01	0.96
other	1.01	0.79
depending	1.01	1.10
golden	1.01	0.63
action	1.01	0.98
t_t	1.02	0.82
seek	1.02	1.07
fans	1.02	0.90
history	1.02	0.63
subject	1.02	1.31
optimize	1.02	1.83
record	1.03	0.77
doesnt	1.03	1.22
gay	1.03	0.69
seemed	1.03	0.93
whichever	1.03	1.82
relationship	1.03	0.70
barding	1.04	0.70
conversation	1.04	1.32
fine	1.04	1.73
cant	1.04	1.18
ultros	1.04	0.92
xiv	1.04	1.06
exactly	1.04	1.68
artifact	1.04	0.76
highest	1.04	1.90
seasonal	1.04	0.80
cactuar	1.04	0.91
manner	1.04	0.96
proper	1.04	1.89
wouldnt	1.04	1.17
those	1.04	0.81
acceptable	1.05	1.66
elaborate	1.05	1.28
battles	1.05	0.72
forum	1.06	1.20
kids	1.06	0.58
source	1.06	1.08
perhaps	1.06	1.22
were	1.06	0.94
races	1.06	0.95
votes	1.06	1.30
universe	1.06	1.04
jokes	1.06	1.29
t	1.07	1.25
cs	1.07	0.87
loud	1.07	0.97
wasnt	1.07	1.13
recruiting	1.07	0.96
pages	1.07	1.04
games	1.08	1.10
coat	1.08	0.81
2002	1.08	0.95
responded	1.08	1.58
shared	1.08	0.96
partner	1.08	0.83
official	1.08	1.15
same	1.09	1.33
collectors	1.09	0.68
existed	1.09	0.80
upvoted	1.09	1.43
check	1.09	1.02
finishing	1.10	0.74
magitek	1.10	0.68
reddit	1.10	1.24
special	1.10	0.70
posts	1.10	1.33
choose	1.10	1.75
different	1.10	0.61
updated	1.11	0.94
gave	1.11	0.88
models	1.11	0.86
kinds	1.11	0.76
skirt	1.11	0.78
fits	1.11	0.68
providing	1.12	1.22
definitely	1.12	1.44
recently	1.12	0.83
cul	1.13	0.73
joking	1.13	1.36
tiny	1.13	0.70
type	1.13	0.67
shirt	1.14	0.64
suit	1.14	0.72
ask	1.14	1.08
hair	1.14	0.80
brief	1.14	0.91
flair	1.14	0.90
accurate	1.15	1.78
requests	1.15	0.98
page	1.15	1.09
returning	1.15	0.64
wedding	1.15	0.64
referring	1.15	1.84
fixed	1.15	1.11
downvotes	1.15	1.37
wondered	1.15	1.19
share	1.15	0.61
names	1.16	0.71
fair	1.16	1.18
shoes	1.16	0.70
husband	1.16	0.84
found	1.17	1.00
im	1.17	1.31
teach	1.17	1.04
collector	1.17	0.66
title	1.17	1.04
community	1.17	0.68
wiki	1.17	1.09
threads	1.17	1.23
posting	1.18	1.19
prob	1.18	1.00
irl	1.18	0.63
wearing	1.18	0.85
sex	1.18	0.59
quick	1.18	1.01
kid	1.18	0.58
wan	1.19	1.12
1.0	1.19	1.10
allow	1.19	0.90
watch	1.19	0.70
xi	1.19	1.80
though	1.20	1.54
forums	1.20	1.18
fit	1.20	0.66
sadly	1.20	1.34
tone	1.20	0.98
movie	1.20	0.59
shiny	1.21	0.75
website	1.21	0.98
words	1.21	1.24
respect	1.21	0.74
checking	1.21	1.01
commenting	1.21	1.42
possible	1.21	1.91
reborn	1.21	0.64
solved	1.21	0.91
god	1.21	1.51
human	1.21	0.77
v	1.22	1.15
learned	1.22	0.94
w	1.22	1.22
bet	1.22	1.67
dat	1.23	1.14
series	1.23	0.85
lord	1.23	0.73
eq	1.23	1.83
xivdb	1.23	0.95
worked	1.24	0.85
memories	1.24	0.91
deleted	1.24	1.12
assist	1.24	1.06
wvr	1.24	0.71
sites	1.24	1.02
ll	1.25	1.33
glamoured	1.25	0.81
spoiler	1.25	0.89
comments	1.25	1.45
unfortunately	1.25	1.33
details	1.25	0.86
clothes	1.25	0.84
necessity	1.26	0.79
ages	1.26	0.85
solution	1.26	1.71
deserve	1.26	0.88
search	1.27	1.07
forgetting	1.27	1.67
alc	1.28	0.70
imo	1.28	1.02
lesson	1.28	0.81
eight	1.28	0.97
ears	1.28	0.90
please	1.28	0.88
ultimate	1.29	0.63
progress	1.29	0.73
realm	1.29	0.60
named	1.29	0.46
fantasia	1.29	0.76
exciting	1.30	1.46
appearance	1.30	0.58
specific	1.30	0.88
google	1.30	1.01
lodestone	1.30	1.02
r	1.30	1.26
site	1.30	1.03
anyway	1.30	1.53
eorzea	1.30	0.51
shall	1.31	0.80
dunno	1.31	1.22
earned	1.32	0.92
saw	1.32	0.99
watched	1.32	0.66
explaining	1.32	1.22
based	1.32	1.84
accomplished	1.33	0.75
tactics	1.33	0.61
videos	1.33	0.72
helmet	1.33	0.98
battle	1.33	0.80
technically	1.33	1.85
gender	1.33	0.62
bam	1.34	0.85
previous	1.34	0.60
wings	1.34	0.62
relax	1.34	0.91
played	1.34	1.77
comment	1.35	1.54
jesus	1.35	1.18
post	1.35	1.45
ideas	1.35	0.79
lucky	1.35	1.43
amp	1.36	1.06
watching	1.36	0.63
pointed	1.36	1.94
close	1.37	1.24
given	1.37	0.85
posted	1.37	1.07
ta	1.37	1.14
hyur	1.37	0.88
miss	1.38	1.33
apologize	1.38	1.29
upvotes	1.38	1.24
gladly	1.38	1.00
moogles	1.38	0.80
teaching	1.38	0.87
e	1.39	1.20
mates	1.39	0.78
hopefully	1.39	0.99
unique	1.40	0.66
peace	1.40	0.62
wording	1.40	1.37
twitch	1.40	0.68
glamours	1.41	0.86
offered	1.41	0.86
upvote	1.41	1.45
way	1.41	1.79
friend	1.41	0.67
n	1.41	1.13
elezen	1.41	0.93
answered	1.41	1.32
adventurers	1.41	0.66
fun	1.42	1.38
separate	1.42	0.71
replying	1.42	1.51
minfilia	1.42	0.65
alot	1.42	0.91
similar	1.42	0.98
fantasy	1.43	0.81
sense	1.43	1.17
showing	1.43	0.97
incredible	1.43	1.15
guides	1.44	0.82
streaming	1.44	0.64
give	1.44	0.99
standard	1.44	0.67
question	1.44	1.34
helping	1.44	0.89
f	1.44	1.18
whats	1.44	1.15
final	1.44	0.65
race	1.44	0.81
respond	1.44	1.03
achievement	1.45	0.76
regarding	1.45	1.09
showed	1.45	0.89
gon	1.45	1.19
positive	1.45	0.74
realise	1.46	1.15
nostalgia	1.46	1.46
world	1.46	0.61
dyed	1.46	0.84
track	1.47	0.74
minions	1.47	0.64
dress	1.47	0.82
roe	1.47	0.92
c	1.47	1.05
arr	1.47	0.74
knew	1.47	1.04
carpenter	1.47	0.66
heads	1.48	1.03
sky	1.48	1.43
familiar	1.48	1.45
mistake	1.49	1.20
youtube	1.49	0.66
lalas	1.49	0.91
today	1.49	0.92
o.o	1.49	1.20
sounded	1.49	0.84
advance	1.50	0.95
married	1.50	1.22
naked	1.51	0.75
favorite	1.51	1.57
robe	1.51	0.86
wear	1.51	0.95
lalafell	1.51	0.88
scene	1.52	0.59
quality	1.52	0.66
ur	1.52	1.08
roegadyn	1.52	0.84
improve	1.53	0.86
meanwhile	1.53	0.69
contest	1.53	0.71
folks	1.53	0.82
lala	1.54	0.94
wrote	1.54	1.38
highlander	1.54	0.85
accepting	1.54	0.79
apparently	1.54	1.11
explains	1.54	1.03
fat	1.54	0.70
handed	1.54	0.69
women	1.55	0.64
crp	1.55	0.65
friendly	1.55	0.71
news	1.55	0.82
links	1.55	0.96
anime	1.55	0.49
hearing	1.56	0.70
synths	1.56	0.66
tera	1.56	1.55
impressed	1.56	1.34
trailer	1.57	0.62
fitting	1.57	0.62
wife	1.58	1.19
felt	1.58	1.14
men	1.58	0.65
wtf	1.58	1.11
male	1.58	0.81
format	1.59	1.03
responding	1.59	1.27
gorgeous	1.59	1.33
kidding	1.59	1.11
armor	1.60	0.83
minion	1.60	0.70
hat	1.60	0.81
nope	1.60	1.06
realistic	1.60	1.08
preview	1.60	0.73
girl	1.61	0.65
outfits	1.61	0.81
newbie	1.62	0.79
questions	1.62	1.10
laid	1.62	1.16
u	1.62	1.11
song	1.62	0.76
interesting	1.62	1.27
journey	1.63	0.54
mask	1.63	0.83
dislike	1.63	1.12
understandable	1.63	1.58
miqo'te	1.63	0.88
volume	1.64	0.64
titles	1.64	0.50
augmented	1.64	0.80
audio	1.64	0.66
fancy	1.64	0.82
project	1.65	0.61
hmmm	1.66	1.06
y	1.66	1.03
adventure	1.66	0.51
outfit	1.66	0.89
detail	1.66	0.62
nicely	1.66	1.15
miqote	1.66	0.89
sounds	1.66	0.98
tracks	1.67	0.65
explore	1.67	0.55
female	1.67	0.81
accomplishment	1.68	0.76
girls	1.69	0.79
represent	1.69	0.74
glamour	1.70	0.82
handy	1.70	1.23
hands	1.70	0.64
realized	1.70	0.92
realize	1.71	1.22
good	1.71	1.19
chill	1.71	0.73
o_o	1.71	1.09
exact	1.72	1.52
atmosphere	1.72	0.68
hmm	1.73	1.18
information	1.73	0.99
original	1.73	1.46
guide	1.73	0.89
yo	1.73	1.08
eorzean	1.73	0.53
absolutely	1.74	1.12
zone	1.74	0.63
didnt	1.74	1.07
iconic	1.74	0.65
males	1.74	0.80
armour	1.74	0.77
replied	1.75	1.29
cute	1.76	1.31
huh	1.76	1.23
looked	1.77	0.78
win	1.77	0.79
um	1.78	1.06
video	1.79	0.55
willing	1.79	0.91
lady	1.79	0.69
cat	1.79	0.83
truly	1.79	0.70
me	1.80	0.66
assumed	1.80	1.07
references	1.80	0.84
yea	1.80	1.10
ff	1.81	1.15
females	1.81	0.79
listen	1.82	0.72
woman	1.82	1.00
link	1.82	0.87
spelling	1.83	1.52
tho	1.83	1.07
calm	1.84	0.76
suggestion	1.84	1.02
ac	1.84	0.70
meant	1.86	1.25
creepy	1.86	1.17
family	1.87	0.40
reference	1.88	0.89
37	1.88	0.60
screens	1.88	0.64
image	1.89	0.77
boy	1.89	0.80
regardless	1.89	1.69
lt	1.89	0.73
listening	1.90	0.61
clarify	1.91	1.48
k	1.92	1.00
ii	1.92	0.68
decent	1.92	1.04
help	1.92	0.90
offering	1.92	0.85
mr	1.94	0.98
reminds	1.94	1.06
images	1.95	0.78
forgotten	1.96	0.65
criticism	1.96	0.87
noted	1.97	1.09
imgur	1.97	0.80
drawing	1.97	0.95
condition	1.97	0.61
enjoy	1.98	0.93
thought	1.98	1.12
lmao	1.99	0.98
polite	2.00	0.80
derp	2.00	1.09
suppose	2.02	1.07
apologies	2.02	1.43
response	2.02	1.10
bro	2.03	1.02
cents	2.03	0.93
edited	2.03	1.42
uh	2.03	0.99
waste	2.04	0.60
classic	2.04	0.95
thoughts	2.05	0.78
thats	2.06	1.11
eh	2.07	1.05
finally	2.07	0.79
trade	2.07	0.55
offer	2.08	0.82
ill	2.08	0.99
victory	2.08	0.65
touches	2.08	0.61
must	2.08	1.01
oops	2.08	1.05
synth	2.09	0.61
indeed	2.09	0.97
loving	2.10	0.81
christmas	2.10	1.02
anyways	2.11	1.01
typo	2.12	1.08
editing	2.13	0.67
cp	2.13	0.55
constructive	2.13	0.84
screenshot	2.14	0.68
totally	2.15	0.97
vid	2.16	0.63
bg	2.16	0.79
durability	2.17	0.55
manipulation	2.17	0.57
hah	2.17	1.03
damn	2.17	1.08
pictures	2.17	0.67
proud	2.17	1.03
well	2.18	1.10
guess	2.18	1.01
sarcasm	2.18	0.95
figured	2.18	0.94
nah	2.19	0.87
omg	2.19	0.83
answering	2.20	1.00
upload	2.20	0.63
answer	2.21	0.92
clever	2.22	1.15
quiet	2.23	0.56
dude	2.23	1.05
screenshots	2.25	0.64
soundtrack	2.25	0.80
yep	2.26	0.92
agreed	2.26	0.93
hasty	2.26	0.55
explanation	2.27	0.92
responses	2.27	0.92
style	2.28	1.03
rapid	2.28	0.52
reply	2.29	1.02
looking	2.29	1.12
basic	2.29	0.49
picture	2.29	0.57
answers	2.29	0.89
freaking	2.30	1.00
luck	2.30	0.84
ingenuity	2.30	0.51
synthesis	2.31	0.51
comfort	2.31	0.51
forgot	2.32	0.94
pics	2.32	0.66
glorious	2.32	0.82
tricks	2.34	0.50
welp	2.34	0.85
edit	2.34	1.19
feedback	2.35	0.84
some	2.35	0.97
yup	2.36	0.86
look	2.37	0.94
sorry	2.38	0.89
yes	2.38	1.09
replies	2.39	0.90
advanced	2.42	0.47
d	2.43	1.03
heh	2.44	0.86
jealous	2.45	0.84
badass	2.46	0.86
theme	2.47	0.74
p	2.48	0.82
neat	2.49	0.69
brilliant	2.49	1.04
sexy	2.51	0.78
impressive	2.51	0.59
man	2.51	0.94
strides	2.51	0.47
advice	2.51	0.75
innovation	2.51	0.48
buddy	2.52	0.58
input	2.53	0.76
clarification	2.53	0.86
suggestions	2.53	0.74
info	2.54	0.76
steady	2.55	0.44
hand	2.55	0.44
ya	2.55	0.84
hello	2.55	0.74
touch	2.56	0.45
careful	2.56	0.45
gotcha	2.56	0.83
brother	2.56	0.62
tips	2.56	0.74
ah	2.57	0.82
blessing	2.57	0.44
hahaha	2.57	0.67
patient	2.58	0.93
ahh	2.58	0.83
adorable	2.58	0.59
byregot	2.59	0.44
o	2.59	0.91
hehe	2.60	0.77
tip	2.60	0.75
helped	2.61	0.88
okay	2.62	0.77
ok	2.62	0.79
p.s	2.62	0.83
excellent	2.62	0.61
xd	2.66	0.86
insight	2.66	0.72
music	2.67	0.72
alright	2.67	0.76
mate	2.67	0.65
yeah	2.69	0.81
detailed	2.70	0.66
oh	2.70	0.80
stories	2.71	0.44
appreciated	2.71	0.71
lol	2.72	0.80
background	2.72	0.49
worries	2.75	0.72
looks	2.75	0.75
hope	2.77	0.74
haha	2.79	0.76
epic	2.79	0.52
hear	2.81	0.66
favourite	2.81	0.46
fellow	2.83	0.63
art	2.85	0.45
sir	2.85	0.68
ty	2.85	0.75
hey	2.85	0.70
hi	2.89	0.74
sweet	2.91	0.72
thx	2.91	0.71
appreciate	2.93	0.67
btw	2.93	0.68
thanks	2.95	0.68
thank	2.95	0.68
welcome	2.96	0.61
lovely	2.97	0.45
cheers	2.98	0.64
grats	2.99	0.66
cool	2.99	0.61
congratulations	3.01	0.58
beautiful	3.05	0.45
helpful	3.05	0.61
pic	3.05	0.58
glad	3.05	0.65
sharing	3.06	0.44
yay	3.07	0.53
wish	3.08	0.52
congrats	3.09	0.60
guys	3.10	0.61
wonderful	3.17	0.36
great	3.18	0.36
