retarded	-5.56	1.74
ruined	-5.55	2.01
shite	-5.38	2.44
crappy	-5.17	2.78
shitty	-5.00	2.61
terms	-4.96	2.50
hurts	-4.91	2.33
useless	-4.84	2.32
stupid	-4.78	1.93
shocking	-4.76	2.44
suck	-4.66	1.98
garbage	-4.62	2.65
rubbish	-4.60	2.67
refs	-4.54	2.16
laugh	-4.37	2.55
mates	-4.31	2.72
celebrating	-4.29	2.71
bad	-4.26	2.17
solely	-4.17	2.88
ruin	-4.16	2.30
annoy	-4.13	2.54
pre-patch	-4.10	2.80
hating	-4.04	2.72
everybody	-4.02	3.23
dumb	-4.00	1.91
inconsistent	-3.95	2.77
crap	-3.94	2.67
service	-3.94	2.93
annoying	-3.90	2.42
decisions	-3.89	2.34
sluggish	-3.89	2.98
everyone	-3.88	3.18
utter	-3.79	2.70
goalkeepers	-3.78	1.55
living	-3.77	3.07
aids	-3.76	2.69
cheating	-3.76	3.18
zero	-3.75	2.84
fucked	-3.74	2.10
skip	-3.68	2.82
pathetic	-3.68	2.36
customer	-3.67	2.96
annoys	-3.66	2.66
she	-3.64	3.00
killing	-3.62	2.27
shits	-3.57	2.50
destroys	-3.56	2.58
irrelevant	-3.50	2.63
girlfriend	-3.49	2.76
scenario	-3.48	2.58
destroy	-3.44	1.32
messed	-3.44	2.80
broken	-3.43	1.44
key	-3.42	2.41
company	-3.42	3.08
hardest	-3.42	2.87
touch	-3.42	2.99
rude	-3.42	2.29
pauleta	-3.40	4.33
hagi	-3.39	4.38
dominated	-3.38	3.32
aiming	-3.31	4.14
who	-3.31	3.30
controlled	-3.30	2.89
touches	-3.28	3.02
goalkeeping	-3.23	1.70
ignore	-3.22	2.96
ai	-3.20	1.44
assholes	-3.19	2.59
knows	-3.18	3.33
difficult	-3.18	2.84
sucking	-3.17	2.55
piss	-3.17	2.29
complain	-3.16	3.05
keepers	-3.16	1.39
actively	-3.16	2.61
butthurt	-3.16	2.52
pisses	-3.16	2.59
fear	-3.14	3.09
opposite	-3.14	4.16
referee	-3.13	1.42
alongside	-3.11	3.24
frustrating	-3.09	2.73
bothers	-3.08	2.61
complicated	-3.06	2.70
originally	-3.04	2.52
right	-3.01	4.17
trash	-2.99	2.61
hands	-2.97	2.95
goalies	-2.94	1.49
news	-2.93	2.92
scream	-2.93	2.79
lives	-2.91	3.01
downvoted	-2.91	3.05
clunky	-2.88	2.90
programming	-2.86	1.66
suspect	-2.86	2.92
biased	-2.85	3.00
angry	-2.83	3.05
part	-2.82	2.93
idiot	-2.82	1.43
context	-2.81	3.42
sucked	-2.77	2.21
gks	-2.74	1.71
ter	-2.73	1.75
stop	-2.72	3.21
case	-2.70	2.62
rui	-2.67	4.37
iirc	-2.65	3.24
cycle	-2.61	2.85
bull	-2.61	1.81
futre	-2.61	4.50
handicapped	-2.61	2.79
suker	-2.61	4.49
unrealistic	-2.59	1.58
complete	-2.59	1.79
complains	-2.58	3.59
pointless	-2.56	1.47
chosen	-2.56	3.13
foul	-2.55	1.30
nightmare	-2.53	2.69
racist	-2.51	1.49
directions	-2.51	1.98
truth	-2.51	3.34
raped	-2.50	1.20
rain	-2.49	2.64
confirmation	-2.49	2.69
umm	-2.48	3.74
zola	-2.48	4.47
wank	-2.47	2.64
overlooked	-2.47	2.69
lame	-2.46	2.50
thinks	-2.45	3.64
ruining	-2.45	1.41
dumbass	-2.43	1.40
ass	-2.43	1.68
act	-2.43	1.05
stating	-2.42	3.41
ruins	-2.41	1.33
direction	-2.41	2.24
trust	-2.40	3.21
flawed	-2.39	1.43
laggy	-2.39	1.59
horrendous	-2.39	2.76
scenes	-2.36	1.49
internet	-2.36	1.62
mistakes	-2.34	1.31
ad	-2.34	2.60
confusing	-2.33	2.72
stegen	-2.30	1.79
smarter	-2.29	1.17
celebrate	-2.27	1.43
effenberg	-2.26	4.02
crespo	-2.24	4.03
blame	-2.24	1.34
clearly	-2.24	3.56
destroyed	-2.24	1.29
skipped	-2.23	3.49
asshole	-2.23	1.46
mess	-2.22	1.61
poor	-2.22	2.71
buggy	-2.21	1.56
weah	-2.21	3.95
bullshit	-2.20	1.67
atrocious	-2.20	2.68
legend	-2.20	3.95
costa	-2.19	3.58
larsson	-2.19	3.88
intro	-2.18	1.39
brain	-2.18	1.12
pires	-2.17	3.83
salty	-2.17	2.96
analog	-2.17	2.22
rebounds	-2.16	1.44
gullit	-2.15	3.93
fowler	-2.14	3.80
inzaghi	-2.14	3.83
stick	-2.14	2.39
legends	-2.13	3.88
smart	-2.12	1.33
ignorant	-2.12	1.51
dick	-2.12	1.74
shit	-2.12	2.08
ugly	-2.12	2.74
screwed	-2.11	1.34
wants	-2.11	3.56
awkward	-2.10	1.48
owen	-2.09	3.58
blatant	-2.09	1.33
errors	-2.09	1.31
fouls	-2.09	1.35
words	-2.08	2.34
heavy	-2.06	1.75
replays	-2.06	1.36
destroying	-2.06	1.31
mediocre	-2.04	2.85
missing	-2.03	3.64
closest	-2.03	3.69
vieri	-2.03	3.80
replay	-2.02	1.36
movement	-2.02	1.92
calls	-2.02	1.32
else	-2.00	2.19
drives	-1.99	1.42
jerk	-1.99	0.95
nobody	-1.98	2.04
greedy	-1.98	1.43
rami	-1.98	1.61
worthless	-1.94	1.62
joe	-1.94	1.49
movements	-1.94	1.82
unplayable	-1.91	1.46
voted	-1.91	3.06
retard	-1.90	1.43
scene	-1.90	1.33
rs	-1.90	2.10
moreno	-1.89	1.68
infuriating	-1.89	1.59
idiots	-1.89	1.43
rainbow	-1.89	1.46
saying	-1.88	3.61
pissed	-1.88	3.20
goalkeeper	-1.87	1.27
predictable	-1.86	1.64
something	-1.85	3.77
obvious	-1.83	1.45
mistaken	-1.83	3.36
celebrations	-1.83	1.35
react	-1.83	1.68
whining	-1.82	1.41
jose	-1.82	1.31
takers	-1.81	3.07
moving	-1.80	2.34
scripted	-1.80	1.20
thumb	-1.79	1.57
offsides	-1.79	1.04
staff	-1.78	1.33
simple	-1.78	1.41
funny	-1.78	2.63
mad	-1.77	3.18
campbell	-1.77	3.28
dicks	-1.76	1.77
cutscenes	-1.76	1.35
meanwhile	-1.76	1.61
acting	-1.76	1.19
bitching	-1.75	1.35
biggest	-1.74	3.36
dodgy	-1.73	1.70
childish	-1.73	1.57
shitting	-1.72	1.54
unbalanced	-1.70	1.38
anybody	-1.70	1.70
dog	-1.69	1.68
quitting	-1.69	1.22
crack	-1.69	1.23
connections	-1.69	1.45
teammates	-1.69	1.30
afraid	-1.68	3.03
lazy	-1.67	1.67
offside	-1.67	1.12
blaming	-1.67	1.34
cry	-1.67	3.21
community	-1.66	1.23
someone	-1.66	1.78
bugs	-1.66	1.28
somebody	-1.66	1.56
repetitive	-1.66	1.69
sticks	-1.65	1.44
arguably	-1.65	3.65
incorrect	-1.64	3.17
hurt	-1.63	1.36
laughed	-1.63	1.53
screw	-1.62	1.50
motion	-1.61	1.40
menus	-1.61	1.23
flick	-1.61	1.63
live	-1.60	1.37
point	-1.60	3.31
aim	-1.60	2.30
sooooo	-1.60	2.80
sarcastic	-1.59	3.23
ignored	-1.59	1.66
angles	-1.58	1.42
left	-1.58	2.28
nonsense	-1.57	1.42
pure	-1.57	1.60
move	-1.57	1.78
strange	-1.56	1.96
ea	-1.56	1.58
butt	-1.55	1.52
facing	-1.55	2.21
keeper	-1.55	1.23
animations	-1.55	1.27
favorites	-1.55	2.74
mod	-1.55	1.32
boring	-1.54	1.86
pointing	-1.53	1.82
success	-1.53	3.27
kills	-1.53	1.43
overpowered	-1.52	1.42
celebration	-1.52	1.21
ref	-1.52	1.21
hide	-1.52	1.21
smashed	-1.51	1.34
prefer	-1.51	3.92
smashing	-1.50	1.27
what	-1.50	3.71
told	-1.50	1.31
talks	-1.50	1.63
calling	-1.50	1.28
outplayed	-1.49	1.45
entitled	-1.49	1.37
cunts	-1.49	1.35
product	-1.49	1.45
uses	-1.49	2.00
effective	-1.49	1.66
weird	-1.48	2.27
exactly	-1.48	3.68
agree	-1.48	3.43
maldini	-1.47	3.34
bronze	-1.47	1.58
gameplay	-1.47	1.29
exit	-1.47	1.59
upset	-1.47	3.38
cares	-1.46	1.52
tracks	-1.46	1.37
fuckin	-1.46	2.97
development	-1.45	1.36
cat	-1.45	1.08
unfair	-1.45	1.59
usual	-1.45	1.38
most	-1.45	3.42
beating	-1.44	1.11
talk	-1.43	1.02
easy	-1.43	1.71
tries	-1.43	1.19
anyone	-1.43	1.68
human	-1.43	1.19
unnecessary	-1.43	1.61
duplicates	-1.43	1.58
buttons	-1.43	1.29
hard	-1.43	1.69
toward	-1.43	1.96
finger	-1.42	1.32
noone	-1.42	1.51
fine	-1.42	3.07
load	-1.42	1.45
arcadey	-1.42	1.57
legal	-1.42	1.42
bronzes	-1.41	1.53
random	-1.41	1.64
sweatiest	-1.41	3.57
jack	-1.40	1.72
harder	-1.40	1.39
cheat	-1.40	1.25
pile	-1.39	1.62
call	-1.39	1.28
exploiting	-1.39	1.23
whoever	-1.39	1.56
julio	-1.39	1.31
pissing	-1.39	1.44
bs	-1.39	1.24
refund	-1.38	1.42
clarify	-1.38	3.01
complaining	-1.38	1.55
greatest	-1.37	3.51
easiest	-1.37	1.33
neville	-1.37	2.44
silly	-1.37	1.68
towards	-1.36	1.98
her	-1.36	1.37
satisfying	-1.36	1.63
person	-1.36	1.52
handicap	-1.36	1.30
model	-1.36	0.99
everything	-1.34	1.47
vast	-1.34	1.15
testing	-1.34	1.30
naive	-1.34	1.43
goalie	-1.33	1.14
slow	-1.33	1.95
loud	-1.33	1.65
scripting	-1.33	1.31
rep	-1.33	1.41
mechanics	-1.32	1.21
broke	-1.32	1.12
intercepted	-1.32	1.29
bitch	-1.32	1.60
acts	-1.31	0.91
handicapping	-1.31	1.27
kluivert	-1.31	4.07
companies	-1.31	1.39
breaks	-1.31	1.28
smoother	-1.31	1.79
chat	-1.30	1.41
flaws	-1.30	1.23
liking	-1.30	2.81
members	-1.29	1.12
brag	-1.28	1.82
bergkamp	-1.28	4.10
overpriced	-1.28	1.44
douche	-1.28	1.25
odd	-1.27	1.89
upgrading	-1.27	1.28
turning	-1.27	1.56
cheeky	-1.27	2.79
inflated	-1.26	1.31
marketing	-1.26	1.21
heart	-1.26	1.22
killed	-1.26	1.18
board	-1.26	1.25
laughing	-1.26	1.84
abused	-1.25	1.12
customers	-1.25	1.48
excuses	-1.25	1.53
twat	-1.24	1.24
annoyed	-1.24	2.37
hand	-1.24	1.22
raging	-1.23	1.65
crashed	-1.22	1.30
telling	-1.22	1.47
break	-1.22	1.15
jump	-1.22	1.28
excuse	-1.21	1.43
fake	-1.21	1.31
nerfed	-1.21	1.08
dominate	-1.21	1.27
strict	-1.20	1.07
lies	-1.20	1.25
enjoyable	-1.20	1.61
angle	-1.20	1.79
ksi	-1.20	1.54
superior	-1.19	2.60
immature	-1.19	1.60
across	-1.19	1.63
spin	-1.19	1.33
child	-1.19	1.22
controlling	-1.19	1.30
pushing	-1.19	1.66
likes	-1.18	1.58
ever	-1.18	3.59
consideration	-1.18	1.30
pacewhore	-1.18	1.33
missed	-1.18	3.58
himself	-1.17	1.32
outcome	-1.17	1.24
crying	-1.17	1.62
dependent	-1.17	1.28
exploits	-1.17	1.17
secondly	-1.16	1.09
professional	-1.16	1.15
smash	-1.16	1.08
whatever	-1.16	1.59
sound	-1.16	1.73
sub	-1.16	1.47
entertaining	-1.15	1.63
contacted	-1.15	1.44
exists	-1.15	1.34
fluid	-1.15	1.69
occurs	-1.15	1.34
difficulties	-1.15	1.13
glitches	-1.15	1.19
quicker	-1.15	1.74
mostly	-1.15	1.37
heel	-1.14	1.31
ball	-1.14	1.25
roulette	-1.13	1.29
improved	-1.13	1.38
computer	-1.13	1.18
pad	-1.13	1.52
signing	-1.12	1.37
prick	-1.12	1.52
beaten	-1.12	1.44
turns	-1.12	1.49
slower	-1.12	1.75
messing	-1.12	1.49
mourinho	-1.11	1.04
waste	-1.11	1.46
shift	-1.11	1.37
faster	-1.11	1.75
unpredictable	-1.11	1.39
throwing	-1.11	0.87
underwhelming	-1.11	1.73
roll	-1.10	1.26
story	-1.10	3.11
situation	-1.10	1.83
rewarding	-1.09	1.65
people	-1.09	1.53
efficient	-1.09	1.63
tier	-1.09	1.37
chop	-1.09	1.30
kicked	-1.09	1.25
punished	-1.09	1.34
impossible	-1.09	1.50
downvoting	-1.08	1.57
support	-1.08	1.55
deny	-1.08	1.52
kicking	-1.08	1.10
task	-1.08	1.27
piece	-1.08	1.40
disappointed	-1.08	3.06
pause	-1.08	1.16
bots	-1.08	1.23
drag	-1.07	1.28
soft	-1.07	1.28
11k	-1.07	1.34
zidane	-1.07	1.33
correctly	-1.07	3.77
quality	-1.07	1.31
franchise	-1.06	1.14
head	-1.06	1.13
andy	-1.06	1.39
control	-1.06	1.96
strongest	-1.06	3.18
shirt	-1.06	1.22
farming	-1.05	1.23
illegal	-1.05	1.20
berba	-1.05	1.29
conspiracy	-1.05	1.42
respect	-1.05	1.15
literally	-1.05	1.37
starter	-1.04	1.55
coinsellers	-1.04	1.25
law	-1.04	1.04
receiving	-1.04	1.36
function	-1.03	1.16
feels	-1.03	1.75
halfway	-1.03	1.12
dlc	-1.03	1.14
mom	-1.03	1.18
atleast	-1.03	1.24
sprints	-1.03	1.17
abusing	-1.02	1.17
talked	-1.02	1.14
anticipate	-1.02	1.11
challenging	-1.02	1.73
argue	-1.02	1.52
revenue	-1.02	1.20
flying	-1.02	1.30
important	-1.02	1.51
cheese	-1.01	0.98
breaking	-1.01	0.97
autobuyers	-1.01	1.22
forced	-1.01	1.48
own	-1.01	1.50
girl	-1.01	1.00
frustrated	-1.01	2.17
passes	-1.00	1.61
loser	-1.00	1.39
dangerous	-1.00	1.38
popular	-1.00	1.47
ticket	-1.00	1.47
pressuring	-0.99	1.13
trailer	-0.99	1.20
screaming	-0.99	1.40
hart	-0.99	1.14
clearance	-0.99	1.28
beat	-0.99	1.25
ins	-0.98	1.05
pushes	-0.98	1.10
net	-0.98	1.16
affected	-0.98	1.28
impression	-0.98	1.36
exploit	-0.98	1.16
yelling	-0.98	1.51
cut	-0.97	1.13
off	-0.97	1.07
happens	-0.97	1.52
clear	-0.97	1.62
risky	-0.97	1.49
forces	-0.97	1.14
mouth	-0.97	1.18
courtois	-0.97	1.07
about	-0.97	1.95
speculation	-0.97	1.38
affects	-0.96	1.34
useful	-0.96	1.74
dive	-0.96	1.25
kids	-0.95	1.09
type	-0.95	1.38
feint	-0.95	1.28
opponent	-0.95	1.10
contact	-0.95	1.51
statement	-0.94	1.64
theory	-0.94	1.54
argument	-0.94	1.55
theres	-0.94	1.21
legs	-0.94	1.05
sometimes	-0.94	1.63
bias	-0.93	1.46
legendary	-0.93	1.12
wife	-0.93	1.18
sort	-0.93	1.40
result	-0.93	1.11
body	-0.92	1.22
abusers	-0.92	0.92
resort	-0.92	1.37
bumped	-0.92	1.22
unlike	-0.92	1.13
except	-0.92	1.16
tight	-0.92	1.20
easier	-0.91	1.47
tos	-0.91	1.19
disappointing	-0.91	1.55
saves	-0.90	1.14
servers	-0.90	1.16
side	-0.90	2.04
gk	-0.90	1.08
acceptable	-0.90	1.42
punch	-0.90	1.00
relying	-0.90	1.16
completing	-0.89	1.24
dislike	-0.89	2.97
degree	-0.89	1.23
treat	-0.89	1.21
invisible	-0.89	1.22
ppl	-0.89	1.40
heck	-0.89	1.26
momentum	-0.89	1.15
fight	-0.89	1.11
being	-0.88	1.54
nothing	-0.88	1.95
turn	-0.88	1.20
dollar	-0.88	1.25
scoop	-0.88	1.27
staying	-0.88	1.12
blocking	-0.88	1.24
whistle	-0.88	1.09
loose	-0.88	1.14
hassle	-0.87	1.38
blows	-0.87	1.48
prove	-0.87	1.54
dribbles	-0.87	1.58
overrated	-0.87	1.22
bravo	-0.86	1.13
delayed	-0.86	1.40
rage	-0.86	1.28
desperate	-0.86	1.94
happening	-0.86	1.86
miles	-0.86	1.29
wise	-0.86	1.62
careful	-0.86	1.41
choosing	-0.86	1.17
trusted	-0.86	1.34
rule	-0.86	0.95
decision	-0.85	1.32
bug	-0.85	1.30
kid	-0.85	1.12
facts	-0.85	1.67
lloris	-0.85	1.08
running	-0.85	1.68
describe	-0.85	1.76
casillas	-0.84	1.09
beckham	-0.84	1.62
sleep	-0.84	1.18
minus	-0.84	1.21
concede	-0.84	1.14
cases	-0.84	1.31
threw	-0.84	1.09
sony	-0.83	1.20
rolls	-0.83	1.23
sky	-0.83	1.26
prepared	-0.83	1.29
report	-0.83	1.34
caught	-0.83	1.05
elo	-0.83	1.17
upfield	-0.83	1.19
nature	-0.82	1.23
misses	-0.82	1.36
scammed	-0.82	1.06
wonder	-0.82	1.51
disconnects	-0.82	1.09
mcgeady	-0.81	1.24
specifically	-0.81	1.80
tactical	-0.81	1.06
sat	-0.81	1.34
begging	-0.81	1.55
stood	-0.81	1.09
step	-0.81	1.29
class	-0.81	1.06
grind	-0.81	1.24
pricey	-0.81	1.73
arent	-0.81	1.28
provided	-0.81	1.46
microsoft	-0.81	1.16
along	-0.81	1.41
pass	-0.80	1.39
whether	-0.80	1.72
eder	-0.80	2.04
plain	-0.80	1.33
claim	-0.80	1.42
fixing	-0.80	1.23
cpu	-0.80	1.07
45th	-0.80	1.17
crashing	-0.80	1.28
defended	-0.80	1.30
rush	-0.79	1.09
connection	-0.79	1.17
charge	-0.79	1.08
felt	-0.79	1.62
glitch	-0.79	1.20
b/c	-0.79	0.88
fml	-0.79	1.32
closer	-0.79	1.44
decides	-0.79	1.34
sit	-0.79	1.12
stress	-0.79	1.25
understandable	-0.78	3.23
stable	-0.78	1.51
tl	-0.78	1.47
fat	-0.78	1.04
produce	-0.78	1.15
importantly	-0.78	1.15
car	-0.78	0.93
sole	-0.78	1.22
frankly	-0.78	1.08
face	-0.77	1.55
pain	-0.77	1.20
middle	-0.77	1.53
advanced	-0.77	1.25
directly	-0.77	1.10
achieve	-0.77	1.14
cunt	-0.77	1.76
tougher	-0.76	1.28
consistently	-0.76	1.05
hitting	-0.76	1.33
handy	-0.76	2.36
harsh	-0.76	1.61
arcade	-0.76	1.16
watches	-0.76	2.34
block	-0.76	1.25
fell	-0.75	1.31
speaking	-0.75	1.17
fix	-0.75	1.20
semi-pro	-0.75	1.04
room	-0.75	0.91
developers	-0.74	0.99
statistics	-0.74	1.46
solo	-0.74	1.03
eas	-0.74	1.13
shut	-0.74	1.45
marking	-0.74	1.67
affect	-0.74	1.27
watch	-0.74	1.25
wear	-0.74	1.00
based	-0.73	1.18
r2	-0.73	1.26
sure	-0.73	2.89
supporting	-0.73	1.20
rules	-0.73	1.04
assisted	-0.73	1.24
carlos	-0.73	1.68
blood	-0.73	1.31
downvote	-0.73	1.64
bounds	-0.73	0.85
arguing	-0.73	1.65
dance	-0.72	1.15
backwards	-0.72	1.29
consistent	-0.72	1.55
friend	-0.72	1.22
dnf	-0.72	1.07
combat	-0.72	1.11
george	-0.71	1.27
needs	-0.71	1.07
conceding	-0.71	1.12
intentionally	-0.71	1.28
challenge	-0.71	1.12
penalty	-0.71	1.14
fernando	-0.71	1.14
rid	-0.71	1.31
scammer	-0.70	1.16
78	-0.70	1.75
thru	-0.70	1.15
bans	-0.70	0.99
leno	-0.70	1.03
bottom	-0.70	1.76
watching	-0.70	1.26
whose	-0.70	1.34
banned	-0.70	1.25
intercept	-0.69	1.14
trigger	-0.69	1.26
gamers	-0.69	1.27
exist	-0.69	1.35
matters	-0.69	1.19
chose	-0.69	0.92
par	-0.69	1.30
puts	-0.69	0.95
connected	-0.69	1.20
convince	-0.69	1.26
circlejerk	-0.69	1.25
kickoff	-0.68	0.99
fed	-0.68	1.32
states	-0.68	1.01
confused	-0.68	2.93
cheaters	-0.68	1.29
rolling	-0.68	1.31
floor	-0.68	1.03
kick-off	-0.68	1.03
w2s	-0.68	1.41
sprinting	-0.68	1.27
humans	-0.68	1.12
parts	-0.68	1.12
burn	-0.68	1.48
technically	-0.67	1.20
media	-0.67	1.19
themselves	-0.67	1.14
ping	-0.67	1.19
charging	-0.67	1.18
logic	-0.67	1.54
varane	-0.67	1.12
abuse	-0.67	1.14
economy	-0.67	1.16
piero	-0.67	1.43
by	-0.67	1.42
earth	-0.67	1.28
lob	-0.67	1.19
idk	-0.67	3.16
tackles	-0.66	1.10
retired	-0.66	1.75
playable	-0.66	1.64
dominant	-0.66	1.46
canada	-0.66	1.02
nat	-0.66	1.34
runs	-0.66	1.18
falls	-0.66	1.03
rebound	-0.66	1.30
anger	-0.65	1.08
effects	-0.65	1.20
often	-0.65	1.36
eat	-0.65	1.20
exciting	-0.65	1.76
seedorf	-0.65	1.37
swing	-0.65	1.12
primarily	-0.65	1.43
flooded	-0.65	1.22
farm	-0.65	1.12
promote	-0.65	1.24
core	-0.65	1.12
providing	-0.65	1.32
chipped	-0.65	1.18
controller	-0.65	1.01
blind	-0.65	0.87
fact	-0.65	2.07
run	-0.64	1.27
dad	-0.64	0.95
arse	-0.64	1.14
teach	-0.64	1.02
lying	-0.64	1.27
lobbed	-0.64	1.17
struggle	-0.64	1.00
ground	-0.64	1.12
dominating	-0.64	1.52
favour	-0.64	1.16
roberto	-0.64	1.48
begovic	-0.64	1.09
disappear	-0.63	1.25
sales	-0.63	1.14
penalties	-0.63	1.23
autobuyer	-0.63	1.09
through	-0.63	1.16
goal	-0.63	0.98
lb+y	-0.63	1.15
clue	-0.63	1.88
public	-0.63	1.52
seemed	-0.62	1.40
spamming	-0.62	1.16
sliders	-0.62	1.03
realism	-0.62	1.18
slightest	-0.62	1.43
disappointment	-0.62	1.21
easily	-0.62	1.36
marcos	-0.62	1.08
fail	-0.62	1.36
sellers	-0.62	1.14
canadian	-0.62	1.17
heavily	-0.62	1.11
coin	-0.61	1.14
judge	-0.61	1.23
holding	-0.61	1.24
amazed	-0.61	2.96
rights	-0.61	1.15
photo	-0.61	1.31
r/fifa	-0.61	1.52
i.e	-0.61	1.03
tracking	-0.61	1.12
insert	-0.61	1.24
dare	-0.60	1.26
ronaldinho	-0.60	1.44
forget	-0.60	1.86
lobs	-0.60	1.13
conceded	-0.60	1.10
paced	-0.60	1.33
presentation	-0.60	1.00
slowed	-0.60	1.17
majority	-0.60	1.18
said	-0.60	1.73
claiming	-0.60	1.36
grabbing	-0.60	1.19
largely	-0.60	1.31
patch	-0.60	0.93
mignolet	-0.60	1.13
flip	-0.60	1.16
latency	-0.59	1.15
manual	-0.59	1.17
promoting	-0.59	1.15
buyers	-0.59	1.12
mods	-0.59	1.32
mathieu	-0.59	1.08
whenever	-0.59	1.17
sides	-0.59	1.46
whore	-0.59	1.38
henry	-0.59	1.39
instant	-0.59	1.21
disconnected	-0.58	1.06
purpose	-0.58	1.56
differently	-0.58	1.23
straight	-0.58	1.08
social	-0.58	1.25
pops	-0.58	1.07
witsel	-0.58	1.36
spam	-0.58	1.16
burned	-0.58	1.13
made	-0.58	1.23
imho	-0.58	1.34
disconnect	-0.58	1.07
flow	-0.58	1.23
involved	-0.58	0.89
sideline	-0.57	1.30
unpopular	-0.57	1.58
results	-0.57	1.08
events	-0.57	0.97
protect	-0.57	1.14
balls	-0.57	1.18
beside	-0.57	1.03
died	-0.57	1.11
believe	-0.57	1.63
familiar	-0.56	1.67
reputation	-0.56	1.28
tackled	-0.56	1.08
giggs	-0.56	1.29
design	-0.56	1.31
joy	-0.56	1.43
brought	-0.56	0.89
hold	-0.56	1.23
coentrao	-0.56	1.04
field	-0.55	1.24
amateur	-0.55	0.98
billion	-0.55	1.25
crosses	-0.55	1.19
lanes	-0.55	1.04
expensive	-0.55	1.56
path	-0.55	0.99
opponents	-0.55	1.10
into	-0.55	1.11
blatantly	-0.55	1.35
passed	-0.55	1.08
quicksell	-0.54	0.92
influence	-0.54	1.13
rely	-0.54	1.11
purely	-0.54	1.16
keane	-0.54	1.31
targets	-0.54	1.36
l2	-0.54	1.18
intelligent	-0.54	1.30
banning	-0.54	1.01
dunno	-0.54	1.47
controllers	-0.54	0.96
proves	-0.54	1.20
timed	-0.54	1.21
forward	-0.54	1.27
slide	-0.53	1.07
schwein	-0.53	1.43
circle	-0.53	1.08
error	-0.53	1.28
gea	-0.53	1.03
lopez	-0.53	1.05
steps	-0.53	1.19
mainly	-0.53	1.05
proof	-0.53	1.32
america	-0.53	1.20
ox	-0.53	1.05
opposing	-0.52	1.13
granted	-0.52	1.19
sentence	-0.52	1.67
push	-0.52	1.62
unlikely	-0.52	1.59
yellow	-0.52	1.07
forcing	-0.52	1.00
chip	-0.52	1.16
adds	-0.52	1.20
cross	-0.52	1.14
matching	-0.52	1.24
precise	-0.52	1.62
powered	-0.52	1.19
factor	-0.52	1.18
matt	-0.52	1.11
software	-0.52	1.12
physics	-0.52	1.23
mentioning	-0.52	1.27
manually	-0.52	1.37
worried	-0.51	2.31
subreddit	-0.51	1.52
ignoring	-0.51	1.59
frustration	-0.51	1.23
jockey	-0.51	1.11
regardless	-0.51	1.21
rushing	-0.51	1.12
downgraded	-0.51	1.04
split	-0.51	1.22
determine	-0.50	1.19
matched	-0.50	1.14
surprising	-0.50	2.14
cleared	-0.50	1.15
compensate	-0.50	1.11
evidence	-0.50	1.40
modifier	-0.50	1.10
blocked	-0.50	1.32
attempted	-0.50	1.00
street	-0.50	1.03
robbie	-0.50	1.14
difficulty	-0.50	1.02
developer	-0.49	1.43
breakaway	-0.49	1.12
scale	-0.49	1.14
rant	-0.49	1.43
cesar	-0.49	0.98
edge	-0.49	1.26
implying	-0.49	1.68
hacking	-0.49	1.36
bars	-0.49	1.12
advantage	-0.49	1.15
network	-0.49	1.13
viewers	-0.48	0.95
arena	-0.48	1.34
reina	-0.48	1.02
wasting	-0.48	1.18
business	-0.48	1.57
almost	-0.48	1.43
trolling	-0.48	1.54
corner	-0.48	1.16
line	-0.48	1.21
gaming	-0.48	1.10
contain	-0.48	1.11
catching	-0.48	1.12
camera	-0.48	1.20
teammate	-0.48	1.20
mic	-0.48	1.34
whoring	-0.48	1.11
adler	-0.48	0.99
land	-0.48	0.92
automatic	-0.48	1.27
allowed	-0.47	1.50
definately	-0.47	1.19
display	-0.47	1.07
controls	-0.47	1.07
actual	-0.47	1.01
enjoyment	-0.47	1.05
trend	-0.47	1.32
favor	-0.47	1.28
handling	-0.47	1.18
minor	-0.46	1.17
moron	-0.46	1.64
repeatedly	-0.46	1.04
besides	-0.46	1.00
choose	-0.46	1.22
finds	-0.46	2.40
prepare	-0.46	1.17
nerf	-0.46	1.06
realised	-0.46	1.60
exposed	-0.46	1.03
giant	-0.46	1.16
effectively	-0.46	1.23
their	-0.46	1.33
spencer	-0.46	1.11
r1	-0.46	1.13
thing	-0.46	2.11
plug	-0.45	1.24
sees	-0.45	2.52
lt	-0.45	1.13
maradona	-0.45	0.90
system	-0.45	1.17
drink	-0.45	1.12
nick	-0.45	1.35
bullied	-0.45	1.18
matchmaking	-0.45	1.08
server	-0.45	1.12
cech	-0.45	1.01
vary	-0.45	1.12
stuck	-0.44	1.38
essentially	-0.44	1.34
throws	-0.44	1.16
tear	-0.44	1.08
near	-0.44	1.44
catches	-0.44	1.07
dc	-0.44	1.08
deciding	-0.44	1.02
agreed	-0.44	1.73
pele	-0.44	2.13
fault	-0.44	1.54
anything	-0.44	1.76
red	-0.44	1.10
airjapes	-0.44	1.15
bc	-0.44	1.47
leave	-0.44	1.02
auto	-0.43	1.06
subbed	-0.43	1.24
vital	-0.43	1.55
inflation	-0.43	1.12
pressed	-0.43	1.15
liked	-0.43	3.15
shoots	-0.43	1.28
halftime	-0.43	1.24
complained	-0.43	1.04
headers	-0.43	1.16
conversation	-0.43	0.96
aspect	-0.43	1.25
described	-0.43	1.60
failed	-0.42	1.24
burst	-0.42	1.38
thrown	-0.42	1.00
scared	-0.42	2.24
pressing	-0.42	1.13
attempt	-0.42	1.01
buys	-0.42	2.65
button	-0.42	1.15
bar	-0.42	1.13
nepenthez	-0.42	1.22
stands	-0.42	0.94
miss	-0.42	1.51
pushed	-0.42	1.05
subbing	-0.42	0.90
green	-0.42	1.07
promising	-0.42	1.59
opposed	-0.42	1.04
opens	-0.42	1.09
wing	-0.41	1.30
header	-0.41	1.08
family	-0.41	0.87
allowing	-0.41	1.12
injured	-0.41	1.12
closing	-0.41	1.07
designed	-0.41	1.14
weidenfeller	-0.41	0.99
opposition	-0.41	1.09
crowd	-0.41	1.38
force	-0.41	1.02
platforms	-0.41	1.55
rt	-0.41	1.13
expert	-0.41	1.63
plays	-0.41	0.98
headed	-0.41	1.02
talking	-0.41	2.22
talent	-0.40	0.93
risk	-0.40	1.18
tell	-0.40	1.48
breaker	-0.40	1.28
tapping	-0.40	1.15
x	-0.40	1.15
marked	-0.40	1.26
l1	-0.40	1.15
timing	-0.40	1.34
tells	-0.40	1.15
adam	-0.40	1.00
bot	-0.40	1.00
doing	-0.40	2.24
landon	-0.40	1.17
defenders	-0.40	1.12
filled	-0.40	1.19
less	-0.40	1.35
mechanic	-0.40	1.23
parents	-0.40	0.96
simulation	-0.39	1.18
against	-0.39	0.99
bounces	-0.39	1.11
prevent	-0.39	1.23
asks	-0.39	1.38
ran	-0.39	1.04
typically	-0.39	1.25
noticeably	-0.39	1.41
moves	-0.39	1.20
arms	-0.39	0.98
weaknesses	-0.39	1.20
intelligence	-0.39	1.51
multiplier	-0.39	1.07
relevant	-0.39	1.32
reasons	-0.38	1.43
whores	-0.38	1.04
buyer	-0.38	1.15
underrated	-0.38	1.31
shorter	-0.38	1.38
put	-0.38	1.40
eyes	-0.38	1.20
chasing	-0.38	1.22
sooner	-0.38	1.18
basically	-0.38	1.64
ban	-0.38	1.10
pitch	-0.37	1.27
placed	-0.37	1.31
throw	-0.37	1.03
rarity	-0.37	1.18
content	-0.37	1.28
youtubers	-0.37	1.19
traders	-0.37	1.06
countered	-0.37	1.07
priced	-0.37	0.99
crossbar	-0.37	1.12
friends	-0.37	1.05
ex	-0.37	1.04
saved	-0.37	1.44
combine	-0.37	1.34
accident	-0.37	1.05
apart	-0.36	1.06
ahead	-0.36	1.22
items	-0.36	1.12
animation	-0.36	1.07
refuse	-0.36	1.06
bag	-0.36	0.94
exact	-0.36	1.86
press	-0.36	1.17
barely	-0.36	1.10
upvoted	-0.36	1.56
financial	-0.36	1.46
yourself	-0.36	1.49
square	-0.36	1.14
itani	-0.36	1.01
basis	-0.36	1.26
tears	-0.36	1.38
highlight	-0.36	1.03
tim	-0.36	0.99
park	-0.36	1.32
state	-0.36	1.22
walk	-0.36	1.15
trio	-0.36	1.08
followed	-0.36	0.91
maintain	-0.36	1.14
becomes	-0.35	1.32
called	-0.35	1.07
sponsors	-0.35	1.08
soul	-0.35	1.40
blown	-0.35	0.96
reaction	-0.35	1.44
hunt	-0.35	1.07
moved	-0.35	1.16
buffon	-0.35	0.99
corners	-0.35	1.13
active	-0.35	1.12
logical	-0.35	1.74
blowing	-0.35	0.96
containing	-0.35	1.05
fifaralle	-0.35	1.18
string	-0.35	1.31
pays	-0.35	0.98
stadiums	-0.35	1.34
issue	-0.34	1.37
successful	-0.34	1.13
unlocked	-0.34	0.91
piszcek	-0.34	1.46
figure	-0.34	1.54
clip	-0.34	1.13
issues	-0.34	1.23
stopping	-0.34	1.15
sweat	-0.34	1.22
activity	-0.34	1.07
respond	-0.34	1.53
injury	-0.34	1.02
router	-0.34	1.10
quit	-0.34	1.05
bed	-0.34	1.17
backline	-0.34	1.14
downvotes	-0.34	1.60
window	-0.34	0.86
situations	-0.34	1.24
double	-0.34	1.12
consistency	-0.34	0.91
ages	-0.34	1.17
suddenly	-0.34	1.26
hole	-0.33	1.09
younger	-0.33	1.01
automatically	-0.33	1.16
michael	-0.33	0.90
inverted	-0.33	1.43
martin	-0.33	1.08
flat	-0.33	1.08
japes	-0.33	1.10
peter	-0.33	1.32
scamming	-0.33	1.37
d-pad	-0.33	1.18
selection	-0.33	1.20
cents	-0.33	1.04
rosters	-0.32	0.94
program	-0.32	1.09
hacked	-0.32	1.17
diego	-0.32	1.11
profitable	-0.32	1.42
supposedly	-0.32	0.95
series	-0.32	1.30
quits	-0.32	1.02
than	-0.32	1.40
virtually	-0.32	1.18
feet	-0.32	1.17
particular	-0.32	1.00
hidden	-0.32	0.84
holes	-0.32	1.08
vice	-0.32	1.58
cuz	-0.32	1.83
cutting	-0.32	1.45
tap	-0.31	1.13
accepted	-0.31	1.25
commit	-0.31	1.06
decide	-0.31	1.20
wings	-0.31	1.17
intended	-0.31	1.62
slightly	-0.31	1.41
defender	-0.31	1.18
switch	-0.31	1.35
levels	-0.31	0.96
our	-0.31	1.48
empty	-0.31	1.10
transfers	-0.31	0.91
guaranteed	-0.31	1.63
sits	-0.31	0.91
messages	-0.31	1.42
tackle	-0.30	1.12
triangle	-0.30	1.11
realistic	-0.30	1.47
spaces	-0.30	1.11
tele	-0.30	1.10
badly	-0.30	1.40
attacker	-0.30	1.23
ensure	-0.30	1.25
getting	-0.30	1.60
italy	-0.30	1.05
r/fifacoins	-0.30	1.25
versa	-0.29	1.60
skill	-0.29	1.18
positioned	-0.29	1.21
constantly	-0.29	1.15
surprise	-0.29	1.22
loaned	-0.29	1.19
smooth	-0.29	1.80
focused	-0.29	1.10
happen	-0.29	1.78
track	-0.29	1.15
asking	-0.29	1.80
blew	-0.29	1.08
jokes	-0.29	1.60
ip	-0.29	1.05
understand	-0.29	2.10
akinfenwa	-0.29	1.14
blow	-0.28	1.20
area	-0.28	1.14
space	-0.28	1.05
fps	-0.28	0.97
forums	-0.28	1.29
typical	-0.28	0.92
clock	-0.28	1.06
criteria	-0.28	1.37
competitive	-0.28	1.09
yo	-0.28	1.68
depend	-0.28	1.30
10x	-0.28	1.35
graphics	-0.28	1.00
children	-0.28	1.08
loss	-0.28	1.05
agile	-0.28	1.86
fails	-0.28	1.15
triple	-0.28	1.09
remain	-0.28	1.05
challenges	-0.28	1.03
cristiano	-0.28	1.14
length	-0.28	1.22
entirely	-0.28	1.49
patient	-0.28	1.04
drive	-0.28	1.04
basic	-0.28	1.18
buck	-0.28	1.15
bigger	-0.28	1.35
aggressive	-0.28	1.09
stronger	-0.28	1.44
strengths	-0.28	1.44
bothered	-0.28	1.55
reduced	-0.28	1.10
worse	-0.27	1.35
where	-0.27	2.23
pk	-0.27	1.06
earning	-0.27	1.10
weaker	-0.27	1.32
perfectly	-0.27	1.33
outbid	-0.27	1.13
upvote	-0.27	1.62
suggesting	-0.27	1.91
forgetting	-0.27	1.89
nicely	-0.27	1.25
occasional	-0.27	1.21
separate	-0.27	1.26
sirigu	-0.27	0.99
nfl	-0.27	0.96
pop	-0.27	1.21
sign	-0.27	1.06
huge	-0.27	1.27
halves	-0.27	1.19
requires	-0.27	1.22
memory	-0.27	0.82
43	-0.27	0.99
completed	-0.27	1.00
forum	-0.27	1.36
shop	-0.27	0.94
quote	-0.27	1.58
speak	-0.27	1.24
fall	-0.26	1.17
nearly	-0.26	1.14
gif	-0.26	1.28
re	-0.26	1.47
port	-0.26	1.05
typo	-0.26	3.22
episode	-0.26	1.31
pants	-0.26	0.84
care	-0.26	1.72
snow	-0.26	1.18
possibility	-0.26	1.47
selected	-0.26	1.15
significant	-0.26	1.24
excel	-0.26	0.93
gaps	-0.26	1.06
conclusion	-0.26	1.11
minority	-0.26	1.49
bomb	-0.25	1.15
moments	-0.25	1.22
ports	-0.25	1.14
translate	-0.25	1.58
cancel	-0.25	1.13
sliding	-0.25	1.10
relatively	-0.25	1.40
mental	-0.25	1.28
list	-0.25	1.13
chances	-0.25	1.24
menu	-0.25	1.11
adriano	-0.25	0.94
switched	-0.25	1.38
bateson	-0.25	1.19
healing	-0.25	1.04
defend	-0.25	1.15
stickied	-0.25	1.58
level	-0.24	0.95
whatsoever	-0.24	1.12
contracts	-0.24	1.07
spot	-0.24	1.43
youtuber	-0.24	1.15
stat	-0.24	1.23
complaints	-0.24	1.47
puyol	-0.24	0.98
footage	-0.24	1.19
howard	-0.24	1.01
generate	-0.24	1.05
unfortunate	-0.24	3.05
order	-0.24	1.15
weather	-0.24	1.53
expired	-0.24	1.17
knocked	-0.24	1.02
shadow	-0.24	1.29
reddit	-0.24	1.38
patched	-0.23	1.18
del	-0.23	1.04
massive	-0.23	1.26
covering	-0.23	1.09
valuable	-0.23	1.55
9/10	-0.23	1.19
topic	-0.23	1.70
how	-0.23	2.13
generated	-0.23	0.85
tends	-0.23	1.23
flag	-0.23	1.34
tough	-0.23	1.95
overly	-0.23	1.30
dominates	-0.23	1.22
practically	-0.23	1.16
avoid	-0.23	1.19
advertising	-0.23	1.18
scoring	-0.23	1.08
entire	-0.23	1.31
reliable	-0.22	1.25
ditch	-0.22	0.77
gary	-0.22	1.10
fixes	-0.22	1.13
injuries	-0.22	1.11
throughout	-0.22	1.19
celtic	-0.22	1.26
common	-0.22	1.53
reflexes	-0.22	1.24
applies	-0.22	0.98
losing	-0.22	1.07
sticky	-0.22	1.41
xi	-0.22	0.90
videos	-0.22	1.20
viable	-0.22	1.47
vulnerable	-0.22	1.17
enjoyed	-0.22	3.05
effect	-0.22	1.26
chase	-0.22	1.13
folks	-0.22	1.20
college	-0.22	0.80
mean	-0.22	2.19
mark	-0.22	1.13
shine	-0.22	1.29
famous	-0.21	0.85
deal	-0.21	1.74
neuer	-0.21	0.94
ways	-0.21	1.17
handanovic	-0.21	1.02
glitched	-0.21	0.97
orange	-0.21	1.07
b	-0.21	1.13
lack	-0.21	1.48
counters	-0.21	1.09
develop	-0.21	1.09
know	-0.21	2.21
total	-0.21	1.20
item	-0.21	1.10
true	-0.21	3.13
major	-0.20	1.31
factors	-0.20	1.18
deleted	-0.20	1.50
needing	-0.20	1.07
magically	-0.20	1.19
sheets	-0.20	1.34
59th	-0.20	1.04
detail	-0.20	1.10
big	-0.20	1.32
proven	-0.20	1.39
why	-0.20	2.17
referring	-0.20	2.02
0	-0.20	1.08
dynamic	-0.20	1.49
non	-0.20	1.07
leaving	-0.20	1.05
rewarded	-0.20	1.05
weakness	-0.20	1.43
shiny	-0.20	1.06
generation	-0.19	0.87
slip	-0.19	1.09
naturally	-0.19	1.17
larger	-0.19	1.21
disappeared	-0.19	1.16
setting	-0.19	1.05
necessarily	-0.19	1.56
transactions	-0.19	1.09
shadows	-0.19	1.48
lone	-0.19	1.29
1v1	-0.19	1.05
leaves	-0.19	1.04
sponsor	-0.19	1.39
randomly	-0.19	1.16
born	-0.19	0.99
ram	-0.19	1.00
select	-0.19	1.12
management	-0.19	1.07
accounts	-0.18	1.12
grew	-0.18	1.16
generally	-0.18	1.29
dribble	-0.18	1.19
5-0	-0.18	1.06
swap	-0.18	1.80
rvp	-0.18	1.17
exclusive	-0.18	0.98
given	-0.18	1.47
ie	-0.18	1.01
stops	-0.18	1.12
frame	-0.18	1.03
alves	-0.18	0.94
consumables	-0.18	1.06
settings	-0.18	1.06
sets	-0.18	1.10
initially	-0.18	1.09
incoming	-0.18	1.33
led	-0.18	1.16
trap	-0.18	1.03
forth	-0.18	1.07
predict	-0.18	1.35
persie	-0.18	1.18
lacking	-0.18	1.82
convinced	-0.18	1.89
swapping	-0.18	1.50
seller	-0.18	1.18
lose	-0.18	1.39
contribute	-0.18	1.32
extent	-0.18	1.37
minimal	-0.18	1.23
neymar	-0.17	1.13
reset	-0.17	1.15
diving	-0.17	1.36
rooney	-0.17	1.18
donovan	-0.17	1.01
considerably	-0.17	1.35
message	-0.17	1.56
close	-0.17	1.36
primary	-0.17	1.24
focusing	-0.17	1.28
accurate	-0.17	1.35
nor	-0.17	1.29
farmers	-0.17	1.16
simply	-0.17	1.62
possibly	-0.17	1.17
bear	-0.17	1.05
lag	-0.16	1.33
technique	-0.16	0.99
currency	-0.16	1.05
pato	-0.16	1.12
<SPECIAL>	-0.16	1.00
<URL>	-0.16	1.00
numbers	-0.16	1.41
direct	-0.16	1.14
windows	-0.16	0.99
screen	-0.16	1.05
aguero	-0.16	1.17
training	-0.16	1.07
horribly	-0.16	1.40
fixed	-0.16	1.34
deserve	-0.16	1.44
scam	-0.16	1.43
instead	-0.16	1.57
amd	-0.16	1.04
wearing	-0.16	1.08
streaks	-0.16	1.05
auctions	-0.16	1.10
badges	-0.16	1.06
negative	-0.16	1.30
leg	-0.15	1.11
becoming	-0.15	1.24
default	-0.15	1.09
carvajal	-0.15	0.94
watched	-0.15	0.92
attempting	-0.15	1.10
sanctis	-0.15	1.00
similarly	-0.15	1.10
connect	-0.15	1.15
ofc	-0.15	1.54
markets	-0.15	1.12
preferred	-0.15	1.32
posts	-0.15	1.47
ibra	-0.15	1.19
cancer	-0.15	1.15
loving	-0.15	2.61
occasionally	-0.15	1.08
partner	-0.15	1.29
maintenance	-0.15	1.09
perform	-0.15	1.10
miranda	-0.15	0.95
manages	-0.15	1.15
wager	-0.15	1.21
more	-0.14	1.44
video	-0.14	1.13
permanently	-0.14	1.07
entertainment	-0.14	1.20
percent	-0.14	1.30
websites	-0.14	1.18
holds	-0.14	1.10
appropriate	-0.14	1.40
scammers	-0.14	1.44
slight	-0.14	1.25
supposed	-0.14	2.37
channel	-0.14	1.15
complaint	-0.14	1.40
falling	-0.14	1.12
dropping	-0.14	1.19
die	-0.14	1.20
patches	-0.14	1.06
growing	-0.14	1.16
youtube	-0.13	1.17
wijnaldum	-0.13	0.96
footballer	-0.13	1.27
glove	-0.13	1.04
giving	-0.13	1.39
bit	-0.13	1.44
bidding	-0.13	1.09
require	-0.13	1.05
fool	-0.13	1.06
90th	-0.13	1.10
selling	-0.13	1.22
suit	-0.13	1.14
absolute	-0.13	1.79
problems	-0.13	1.18
leaning	-0.13	1.92
hit	-0.13	1.18
versatile	-0.13	1.47
alba	-0.13	0.94
regularly	-0.13	1.11
traffic	-0.13	1.04
saving	-0.13	1.68
advertise	-0.13	1.15
removed	-0.13	1.17
coaches	-0.13	1.00
patience	-0.13	1.17
guy	-0.13	1.49
sending	-0.13	1.62
pepe	-0.13	0.93
sanchez	-0.13	1.07
pique	-0.12	0.93
ridiculously	-0.12	1.47
managers	-0.12	1.04
fraction	-0.12	1.18
occur	-0.12	1.21
little	-0.12	1.42
fish	-0.12	0.90
monitor	-0.12	0.95
house	-0.12	0.84
users	-0.12	1.20
rare	-0.12	1.05
pics	-0.12	1.33
oscar	-0.12	1.07
ask	-0.12	1.52
justify	-0.12	1.26
stuff	-0.12	1.54
streams	-0.12	1.09
picks	-0.12	0.85
reasoning	-0.12	1.81
tiny	-0.12	1.18
crouch	-0.12	1.49
nba	-0.12	0.90
grown	-0.12	1.14
process	-0.12	1.09
natural	-0.12	1.10
table	-0.12	1.08
lay	-0.12	1.16
resist	-0.12	1.18
youth	-0.12	0.93
2.5	-0.12	0.89
impact	-0.12	1.21
rares	-0.12	1.05
popularity	-0.12	1.08
recording	-0.12	1.10
stand	-0.11	1.02
lines	-0.11	1.32
assign	-0.11	1.13
nowadays	-0.11	1.09
working	-0.11	1.54
heskey	-0.11	1.16
receive	-0.11	1.24
gamer	-0.11	1.05
lie	-0.11	1.37
dark	-0.11	1.09
reality	-0.11	1.55
loading	-0.11	1.02
lampard	-0.11	1.03
fly	-0.11	1.07
matter	-0.11	1.78
king	-0.11	1.64
remotely	-0.11	1.41
trophy	-0.11	0.99
quickly	-0.11	1.23
dead	-0.11	1.06
explain	-0.11	1.92
unlock	-0.11	0.97
defenses	-0.10	1.09
collect	-0.10	1.11
freekick	-0.10	1.18
or	-0.10	1.39
focus	-0.10	1.17
comeback	-0.10	1.09
begin	-0.10	1.05
scheme	-0.10	1.21
covers	-0.10	1.15
picking	-0.10	1.19
suited	-0.10	1.05
now	-0.10	2.10
ebay	-0.10	1.09
potentially	-0.10	1.13
causes	-0.10	1.06
handle	-0.10	1.17
yours	-0.10	1.47
away	-0.10	1.08
refresh	-0.10	0.97
count	-0.10	1.20
58	-0.10	1.27
non-rare	-0.10	1.13
aware	-0.10	2.10
apply	-0.10	1.05
member	-0.09	1.09
olds	-0.09	0.90
shoot	-0.09	1.20
values	-0.09	1.11
mass	-0.09	1.02
sum	-0.09	1.33
hulk	-0.09	1.08
leads	-0.09	1.05
jordi	-0.09	0.93
easfc	-0.09	1.05
down	-0.09	1.28
sudden	-0.09	1.18
competition	-0.09	1.00
switches	-0.09	1.32
bite	-0.09	1.21
buildup	-0.09	1.20
debate	-0.09	1.25
somehow	-0.09	1.16
center	-0.09	1.20
reason	-0.09	2.15
benzema	-0.09	1.08
replaced	-0.09	1.26
consumable	-0.09	1.04
potential	-0.09	0.91
roles	-0.09	1.05
penny	-0.09	1.07
implement	-0.09	1.07
2k	-0.09	0.87
screenshot	-0.09	1.36
respective	-0.09	0.99
gap	-0.09	1.15
closely	-0.08	1.11
air	-0.08	1.08
realistically	-0.08	1.41
determined	-0.08	1.13
exception	-0.08	1.37
article	-0.08	1.50
sites	-0.08	1.18
nevermind	-0.08	1.69
prize	-0.08	1.39
ochoa	-0.08	1.02
benefits	-0.08	0.94
rafinha	-0.08	0.92
sprint	-0.08	1.24
removing	-0.08	1.26
tweeted	-0.08	1.19
van	-0.08	1.32
sergio	-0.08	0.93
back	-0.08	1.17
grinding	-0.08	1.14
inch	-0.08	1.05
50/50	-0.08	1.03
attention	-0.08	1.31
academy	-0.08	1.00
sports	-0.07	0.89
records	-0.07	1.03
set	-0.07	1.06
nvidia	-0.07	0.98
4-0	-0.07	1.08
semi	-0.07	0.97
restart	-0.07	1.11
identical	-0.07	1.17
seemingly	-0.07	1.10
buying	-0.07	1.20
white	-0.07	1.12
cheaper	-0.07	1.27
builder	-0.07	1.24
prime	-0.07	1.20
debuchy	-0.07	1.05
szczesny	-0.07	1.06
score	-0.07	1.07
counts	-0.07	1.18
see	-0.07	1.74
dirty	-0.07	1.20
dani	-0.07	0.93
boots	-0.07	0.96
afterwards	-0.07	1.42
young	-0.07	0.87
adjust	-0.07	1.11
record	-0.07	0.96
flaw	-0.07	1.23
mute	-0.07	1.21
delete	-0.06	1.17
steady	-0.06	1.18
ramos	-0.06	0.93
downgrade	-0.06	1.10
golds	-0.06	1.07
incentive	-0.06	1.00
raffael	-0.06	1.02
trick	-0.06	1.03
no	-0.06	1.79
roughly	-0.06	1.18
putting	-0.06	1.21
cover	-0.06	1.09
taller	-0.06	1.40
disabled	-0.06	1.41
learn	-0.06	1.17
general	-0.06	1.31
playstation	-0.06	1.06
ready	-0.06	1.48
disadvantage	-0.06	1.17
worth	-0.06	1.22
trades	-0.06	1.05
equivalent	-0.06	1.02
recall	-0.06	1.37
going	-0.06	2.20
resulting	-0.06	0.89
pirlo	-0.05	0.98
defence	-0.05	1.12
taking	-0.05	1.21
unbelievably	-0.05	1.42
streamers	-0.05	1.22
transfer	-0.05	1.14
kaka	-0.05	1.01
godin	-0.05	0.93
captain	-0.05	1.10
disc	-0.05	0.89
income	-0.05	1.15
custom	-0.05	1.07
grand	-0.05	1.00
sport	-0.05	1.01
bright	-0.05	1.17
stay	-0.05	1.07
tiki	-0.05	0.98
upvotes	-0.05	1.58
accomplishments	-0.05	0.94
multiplayer	-0.05	0.82
dudes	-0.05	0.99
discard	-0.05	0.97
listing	-0.05	1.13
book	-0.05	0.91
marchetti	-0.04	1.01
korean	-0.04	1.06
op	-0.04	1.55
limit	-0.04	1.00
counter	-0.04	1.10
ability	-0.04	1.70
african	-0.04	1.07
marcelo	-0.04	0.93
charm	-0.04	1.29
and/or	-0.04	0.94
standing	-0.04	1.19
pool	-0.04	1.10
audience	-0.04	0.86
votes	-0.04	1.37
stays	-0.04	1.05
strictly	-0.04	0.99
depending	-0.04	1.20
loses	-0.04	0.87
held	-0.04	1.02
r/soccer	-0.04	1.32
brilliant	-0.04	2.19
paying	-0.04	1.13
sim	-0.04	0.96
filipe	-0.04	0.94
confident	-0.04	1.71
taka	-0.04	0.99
covered	-0.04	1.46
percentage	-0.04	1.02
boateng	-0.04	0.94
tactics	-0.04	1.06
kick	-0.04	1.10
deserving	-0.04	1.08
creates	-0.03	1.08
auction	-0.03	1.03
possesion	-0.03	1.15
showing	-0.03	1.15
hits	-0.03	1.07
shane	-0.03	1.39
sitting	-0.03	1.16
transaction	-0.03	1.21
turned	-0.03	0.97
subotic	-0.03	0.94
santi	-0.03	0.98
contest	-0.03	1.35
related	-0.03	1.52
counted	-0.03	1.06
appear	-0.03	1.16
sends	-0.03	1.24
totti	-0.03	0.97
discussion	-0.03	1.45
zoom	-0.03	0.90
valid	-0.03	1.36
suffer	-0.03	1.04
rising	-0.03	1.21
become	-0.03	1.45
changed	-0.03	1.02
flipping	-0.03	1.09
posting	-0.02	1.42
click	-0.02	1.06
named	-0.02	0.78
while	-0.02	1.01
asked	-0.02	1.39
same	-0.02	1.78
millions	-0.02	1.00
defense	-0.02	1.11
pulling	-0.02	1.18
juanfran	-0.02	0.92
channels	-0.02	1.26
bins	-0.02	1.06
does	-0.02	1.73
boosts	-0.02	0.97
updates	-0.02	1.06
features	-0.02	0.98
outrun	-0.02	1.24
kits	-0.02	1.13
relist	-0.01	1.16
lennon	-0.01	1.40
front	-0.01	1.42
in-game	-0.01	1.01
feel	-0.01	1.77
possession	-0.01	1.05
regret	-0.01	1.27
fuck	-0.01	2.70
event	-0.01	1.06
jadson	-0.01	0.94
taken	-0.01	1.10
changing	-0.01	1.08
stacked	-0.01	1.29
fully	-0.01	1.07
vpn	-0.01	1.07
notice	-0.01	1.52
means	-0.01	1.50
chrome	-0.01	1.39
martinez	-0.01	0.98
expectations	-0.01	1.02
clips	-0.01	1.06
pros	-0.01	0.99
extreme	-0.01	1.10
around	-0.01	1.24
different	-0.01	1.36
arm	-0.01	1.07
non-rares	-0.01	1.06
keyboard	-0.00	1.18
knock	-0.00	1.24
tend	-0.00	1.16
present	-0.00	1.05
constant	-0.00	1.01
fits	-0.00	0.99
honesty	-0.00	1.37
properly	-0.00	1.49
gain	-0.00	1.09
tab	0.00	1.11
carried	0.00	1.08
tax	0.00	1.08
deeper	0.00	1.08
replace	0.00	1.75
resolution	0.00	1.03
swear	0.00	1.07
whereas	0.00	1.08
reward	0.00	1.01
bernard	0.00	1.01
adapt	0.00	1.16
pressure	0.00	1.07
terribly	0.00	1.29
deep	0.00	1.09
twitch	0.00	0.99
american	0.00	0.90
game	0.00	1.31
doesnt	0.00	1.51
mangala	0.00	1.10
tad	0.01	1.43
especially	0.01	1.52
sokratis	0.01	0.94
silvers	0.01	1.03
duplicate	0.01	1.12
danny	0.01	1.64
decline	0.01	1.11
partnership	0.01	1.32
warrant	0.01	1.30
stretch	0.01	1.13
thread	0.01	1.45
hattrick	0.01	1.00
legitimately	0.01	1.50
dealing	0.01	0.95
walking	0.01	0.94
rarely	0.01	1.14
jumps	0.01	1.06
profits	0.01	1.11
scouting	0.01	0.83
over	0.01	1.17
practicing	0.01	0.99
luis	0.01	0.94
jersey	0.02	1.09
silver	0.02	1.08
smaller	0.02	1.13
slot	0.02	1.11
upwards	0.02	1.11
grow	0.02	0.99
hows	0.02	2.55
wonderful	0.02	2.65
aogo	0.02	0.93
duo	0.02	1.13
making	0.02	1.33
swapped	0.02	1.50
spending	0.02	1.09
gta	0.02	1.19
garay	0.02	0.95
lcm	0.02	1.03
bastards	0.02	1.31
gold	0.02	1.02
therefore	0.02	1.17
crossing	0.02	1.25
openings	0.02	1.12
costs	0.02	1.14
3.5	0.02	0.87
contract	0.03	1.10
alaba	0.03	0.94
picture	0.03	1.16
stole	0.03	1.03
includes	0.03	0.98
amounts	0.03	1.09
generic	0.03	1.14
paired	0.03	1.42
world	0.03	0.87
stack	0.03	1.03
category	0.03	0.99
began	0.03	0.89
informs	0.03	0.93
bids	0.03	1.07
voice	0.03	1.16
discarded	0.03	1.07
shield	0.03	0.95
usd	0.03	1.05
between	0.03	1.06
individual	0.03	1.06
sagna	0.03	1.01
fahd	0.03	1.48
azpilicueta	0.03	1.00
beasts	0.03	1.66
crucial	0.03	1.72
instructions	0.03	1.09
hardly	0.03	1.20
opportunities	0.03	1.04
hummels	0.03	0.94
copies	0.03	0.91
jackson	0.03	0.97
amongst	0.04	1.17
bus	0.04	1.04
performance	0.04	1.08
catalogue	0.04	0.99
much	0.04	1.53
scores	0.04	1.04
spend	0.04	1.11
willing	0.04	1.56
enjoying	0.04	1.58
mascherano	0.04	0.91
roster	0.04	0.92
walker	0.04	0.99
differences	0.04	1.16
purchases	0.04	1.02
pairing	0.04	1.22
imagine	0.04	1.53
significantly	0.04	1.24
kinect	0.04	1.22
lahm	0.04	0.94
did	0.04	2.11
file	0.04	1.03
everytime	0.04	1.13
ending	0.04	0.96
closed	0.04	1.08
refreshing	0.04	1.03
strootman	0.04	0.91
ends	0.04	0.99
compete	0.04	0.97
douglas	0.04	0.96
bid	0.04	1.07
jansen	0.04	0.94
desired	0.04	1.18
dr	0.04	1.53
wilshere	0.04	1.02
threads	0.05	1.46
instantly	0.05	1.20
language	0.05	1.01
profit	0.05	1.12
horse	0.05	1.53
felipe	0.05	0.93
hyperlink	0.05	0.97
image	0.05	1.18
behind	0.05	1.09
knowing	0.05	1.33
understanding	0.05	1.11
register	0.05	1.42
aka	0.05	1.01
goes	0.05	1.11
stadium	0.05	1.47
w	0.05	0.99
link	0.05	1.11
open	0.05	1.03
baines	0.05	0.98
market	0.05	1.06
investing	0.05	1.06
cost	0.05	1.12
recent	0.05	0.94
comfortable	0.06	1.20
incorporate	0.06	1.16
paid	0.06	1.07
sold	0.06	1.16
particularly	0.06	1.39
meant	0.06	3.13
action	0.06	1.04
piszczek	0.06	0.93
kyle	0.06	0.98
initial	0.06	1.05
ozil	0.06	0.95
spread	0.06	1.17
pic	0.06	1.35
engine	0.06	0.97
caused	0.06	1.08
aspects	0.06	1.16
twitter	0.06	1.16
kompany	0.06	0.97
south	0.06	0.96
personal	0.06	1.32
positions	0.06	1.12
further	0.06	1.25
physically	0.06	1.22
real	0.06	1.08
praying	0.06	1.40
touched	0.06	1.39
9k	0.06	0.88
earlier	0.06	1.21
calm	0.06	1.50
ca	0.06	1.66
wondered	0.06	1.18
submit	0.06	1.26
deliver	0.06	1.00
database	0.06	1.11
rekt	0.06	1.22
countries	0.06	1.01
margin	0.07	1.08
massively	0.07	1.29
toprak	0.07	0.94
slots	0.07	1.03
defoe	0.07	0.91
rose	0.07	1.07
schmelzer	0.07	0.93
350	0.07	0.96
stated	0.07	1.52
light	0.07	1.32
spare	0.07	1.14
14k	0.07	0.88
stages	0.07	0.93
whichever	0.07	1.14
men	0.07	1.04
streaming	0.07	1.01
madden	0.07	0.91
performances	0.07	0.94
ifs	0.07	0.92
bin	0.07	1.15
13k	0.07	0.88
dante	0.07	0.94
change	0.07	1.26
tweet	0.07	1.40
driving	0.07	1.30
spent	0.07	1.08
addiction	0.07	1.22
lewandoski	0.07	0.94
pages	0.08	1.03
ps	0.08	1.08
pay	0.08	1.23
manage	0.08	1.29
65k	0.08	1.16
whole	0.08	1.46
ups	0.08	1.06
sturridge	0.08	1.11
david	0.08	0.95
approach	0.08	1.19
says	0.08	2.33
fingers	0.08	1.27
known	0.08	1.40
brand	0.08	1.25
desirable	0.08	1.34
maria	0.08	0.95
ultra	0.08	1.09
creating	0.08	1.07
glory	0.08	1.41
links	0.08	1.24
number	0.08	1.08
sweaty	0.08	1.16
bother	0.08	1.46
assumption	0.08	1.77
increases	0.08	1.11
necessary	0.08	1.31
etc	0.08	0.74
tasks	0.08	1.23
blue	0.08	1.34
risen	0.08	1.18
previously	0.08	1.18
post	0.08	1.61
slim	0.08	0.84
rating	0.08	1.05
pricing	0.08	1.38
sells	0.08	0.88
stupidly	0.09	1.37
o	0.09	1.19
concern	0.09	1.15
17k	0.09	0.89
allow	0.09	1.19
cards	0.09	0.96
clichy	0.09	0.98
seem	0.09	1.77
us	0.09	1.14
expire	0.09	1.09
jerseys	0.09	1.11
definition	0.09	1.24
schweinsteiger	0.09	0.91
sorts	0.09	1.40
pointed	0.09	1.26
ratings	0.09	1.05
keeps	0.09	1.13
rinse	0.09	1.35
ratio	0.09	1.06
became	0.09	1.23
alone	0.09	0.99
via	0.09	1.10
earn	0.09	1.06
mix	0.09	1.44
showed	0.09	1.11
club	0.09	1.14
lets	0.09	1.16
1-3	0.09	0.93
iniesta	0.09	0.90
platform	0.09	1.10
bastian	0.09	0.91
usually	0.09	1.38
winning	0.09	0.98
santana	0.09	0.95
cuts	0.09	1.30
jeez	0.09	1.31
karma	0.10	1.58
catalog	0.10	0.98
east	0.10	1.00
discuss	0.10	1.37
attacks	0.10	1.11
wasted	0.10	1.04
ect	0.10	1.03
6k	0.10	0.87
picked	0.10	1.07
causing	0.10	1.05
jonas	0.10	0.96
stayed	0.10	1.04
poorly	0.10	1.17
worthy	0.10	1.45
10k	0.10	0.88
schweini	0.10	0.92
coleman	0.10	1.11
mata	0.10	0.95
pro	0.10	0.85
berbatov	0.10	1.38
earned	0.10	1.11
rises	0.10	1.12
assist	0.10	1.02
uploaded	0.10	1.01
attribute	0.10	1.04
3k	0.10	0.88
international	0.10	0.92
counting	0.10	0.99
750	0.10	1.00
63	0.10	1.09
everywhere	0.10	1.25
invest	0.11	1.07
payed	0.11	1.11
dropped	0.11	1.09
opening	0.11	1.00
onto	0.11	1.14
names	0.11	1.11
victory	0.11	1.00
included	0.11	0.96
vastly	0.11	1.20
whilst	0.11	0.98
falcao	0.11	0.98
naldo	0.11	0.94
we	0.11	1.87
master	0.11	1.13
gamble	0.11	1.11
economics	0.11	1.33
shown	0.11	1.07
luiz	0.11	0.94
beta	0.11	0.91
mil	0.11	0.83
create	0.11	1.09
under	0.11	1.11
from	0.11	1.12
learning	0.11	1.21
schweiny	0.11	0.91
soccer	0.11	0.93
performed	0.11	1.08
status	0.11	1.20
mario	0.11	0.97
lb	0.11	0.97
methods	0.11	1.29
attributes	0.11	1.49
attempts	0.11	0.98
boosted	0.11	1.00
comparison	0.11	0.99
bounce	0.11	1.16
zabaleta	0.11	1.01
cahill	0.11	0.98
better	0.12	1.45
slowly	0.12	1.18
settle	0.12	1.20
search	0.12	1.05
20k	0.12	0.88
runner	0.12	1.16
bought	0.12	1.14
battlefield	0.12	0.93
forever	0.12	1.00
modes	0.12	0.87
suarez	0.12	0.94
updated	0.12	1.04
radar	0.12	1.14
richards	0.12	0.99
boost	0.12	1.02
cap	0.12	0.93
gone	0.12	1.24
school	0.12	0.88
muscle	0.12	1.09
thus	0.12	1.11
width	0.12	1.06
style	0.12	1.06
ease	0.12	0.95
country	0.12	0.97
instance	0.12	1.17
million	0.12	0.89
centre	0.12	1.09
invested	0.12	1.09
co	0.12	0.83
weight	0.12	1.03
when	0.12	1.39
toure	0.12	0.95
zusi	0.12	0.91
villa	0.12	1.01
vote	0.12	1.22
hack	0.12	1.10
coins	0.12	1.07
max	0.12	1.09
yaya	0.12	0.94
sarcasm	0.12	1.83
hat-trick	0.12	0.98
settled	0.12	1.03
base	0.13	0.94
wide	0.13	1.08
investments	0.13	1.02
1k	0.13	0.88
rb	0.13	0.97
3-0	0.13	1.06
implemented	0.13	1.10
say	0.13	2.10
happened	0.13	1.44
curiosity	0.13	1.46
promise	0.13	1.74
official	0.13	1.03
ish	0.13	1.11
following	0.13	0.92
applied	0.13	1.04
clint	0.13	0.90
fighting	0.13	0.96
kroos	0.13	0.90
tackling	0.13	1.29
creative	0.13	1.65
rewards	0.13	0.98
surprised	0.13	2.32
listed	0.13	1.11
purchasing	0.13	1.11
ddos	0.13	0.99
bump	0.13	1.09
continue	0.13	1.22
faces	0.13	1.23
intention	0.13	1.59
tello	0.14	0.93
went	0.14	1.13
anymore	0.14	1.77
reported	0.14	1.03
every	0.14	1.39
increasing	0.14	1.11
attack	0.14	1.09
150	0.14	0.96
tactic	0.14	1.08
der	0.14	1.04
setup	0.14	1.41
averages	0.14	0.99
sakho	0.14	1.08
accurately	0.14	1.35
reccomend	0.14	1.01
jumped	0.14	0.94
daily	0.14	1.18
australia	0.14	0.98
traditional	0.14	1.00
f	0.14	1.28
difference	0.14	1.18
ivanovic	0.14	1.00
expected	0.14	1.41
downloading	0.14	1.06
di	0.14	0.97
hilarious	0.14	2.36
bender	0.14	0.92
rcm	0.14	0.96
attackers	0.14	1.16
fit	0.14	1.30
gotze	0.14	0.92
jagielka	0.14	1.05
callejon	0.15	0.96
upload	0.15	1.09
rather	0.15	1.29
lineup	0.15	1.11
uche	0.15	0.99
color	0.15	1.41
4-1	0.15	1.07
lewandowski	0.15	0.93
onuoha	0.15	0.99
usa	0.15	0.96
posted	0.15	1.39
catch	0.15	1.23
evil	0.15	1.20
place	0.15	1.68
ideal	0.15	1.24
lesser	0.15	1.13
licensing	0.15	1.14
minimum	0.15	1.01
aubamayang	0.15	0.93
latest	0.15	1.03
1.3	0.15	0.86
football	0.15	0.95
mill	0.15	0.84
quintero	0.15	0.94
grab	0.15	1.24
wiel	0.15	0.89
gundogan	0.15	0.92
qpr	0.15	1.16
7k	0.15	0.87
loaded	0.15	0.97
convert	0.16	1.04
deserved	0.16	1.13
purchase	0.16	0.99
defending	0.16	1.27
styles	0.16	1.07
struggling	0.16	1.47
tops	0.16	1.04
highlights	0.16	1.20
martins	0.16	0.91
valero	0.16	0.97
jong	0.16	0.89
iturbe	0.16	1.12
concerned	0.16	2.44
take	0.16	1.40
khedira	0.16	0.90
gustavo	0.16	0.92
650	0.16	0.95
e	0.16	1.05
things	0.16	1.57
commentator	0.16	1.07
m	0.16	1.50
race	0.16	0.93
worry	0.16	1.48
tricky	0.16	2.18
bale	0.16	0.92
2m	0.16	0.87
gambling	0.16	1.03
xbl	0.16	1.19
brazilians	0.16	1.11
files	0.16	1.09
youll	0.16	1.31
jobson	0.16	0.87
shape	0.17	1.05
normal	0.17	0.89
scored	0.17	0.99
mc	0.17	1.05
bradley	0.17	0.91
cr7	0.17	0.91
vertonghen	0.17	1.06
method	0.17	1.18
resell	0.17	1.17
actions	0.17	0.94
xavi	0.17	0.89
starts	0.17	1.01
chemistry	0.17	1.03
warning	0.17	1.27
experiencing	0.17	1.05
8k	0.17	0.88
nation	0.17	1.03
offline	0.17	0.87
website	0.17	1.17
page	0.17	1.08
quaresma	0.17	0.94
co-op	0.17	0.84
drogba	0.17	0.94
musa	0.17	0.91
rakitic	0.17	0.89
increased	0.17	1.07
dollars	0.17	0.99
follow	0.18	1.16
mkhitaryan	0.18	0.92
doubled	0.18	1.06
adding	0.18	1.17
stream	0.18	1.17
robben	0.18	0.92
way	0.18	1.80
ribery	0.18	0.90
they	0.18	1.78
tourneys	0.18	0.86
casual	0.18	1.15
catalyst	0.18	1.05
kaboul	0.18	1.06
700k	0.18	0.85
keeping	0.18	1.28
silva	0.18	0.93
versus	0.18	0.91
400	0.18	0.95
doumbia	0.18	0.93
arteta	0.18	0.99
carry	0.18	1.43
subscribers	0.18	1.24
greater	0.18	1.14
willian	0.18	0.94
zlatan	0.18	0.85
reus	0.18	0.92
dempsey	0.18	0.91
choices	0.18	1.35
suicide	0.18	1.12
suggested	0.18	1.04
wagers	0.18	1.04
hang	0.18	1.32
6-0	0.18	1.03
finding	0.18	0.98
wingers	0.18	1.13
sorta	0.18	1.70
resources	0.18	1.12
de	0.18	0.90
5-1	0.18	1.05
reid	0.18	1.04
120k	0.18	0.87
road	0.18	1.08
upper	0.18	1.17
koscielny	0.18	1.06
prices	0.18	1.13
exceptional	0.19	2.42
javi	0.19	0.92
casemiro	0.19	0.89
building	0.19	1.23
ramires	0.19	0.93
trade	0.19	1.24
creation	0.19	1.03
reflect	0.19	1.06
euro	0.19	0.89
cazorla	0.19	0.94
guest	0.19	0.87
capable	0.19	1.31
aerial	0.19	1.20
section	0.19	1.00
battle	0.19	0.94
550k	0.19	0.85
hernanes	0.19	0.95
assume	0.19	2.00
decrease	0.19	1.11
honda	0.19	0.94
45k	0.19	0.87
fullback	0.19	1.16
ivory	0.19	1.05
unless	0.19	1.88
relative	0.19	1.25
xbox360	0.19	1.09
use	0.19	1.33
130k	0.19	0.88
1.5	0.19	0.87
800	0.19	0.93
ronaldo	0.19	0.87
stock	0.19	1.04
mentality	0.19	1.06
laptop	0.19	1.23
value	0.19	1.07
1.5m	0.19	0.85
still	0.19	1.94
fernandinho	0.19	0.93
600k	0.19	0.85
euros	0.19	0.92
900k	0.19	0.87
weekly	0.20	1.32
extremely	0.20	1.52
castro	0.20	0.97
fellaini	0.20	0.94
gibbs	0.20	1.04
1m	0.20	0.85
vela	0.20	0.92
7500	0.20	0.88
logging	0.20	1.41
emenike	0.20	0.92
well	0.20	1.56
browser	0.20	1.38
continent	0.20	1.04
1mil	0.20	0.85
500k	0.20	0.85
james	0.20	0.89
140k	0.20	0.87
lewa	0.20	0.92
match	0.20	0.90
increase	0.20	1.09
format	0.20	1.27
1-2	0.20	1.04
save	0.20	1.35
60k	0.20	0.87
up	0.20	1.39
very	0.20	1.51
90k	0.20	0.87
900	0.20	0.97
guarantee	0.20	1.53
bonuses	0.20	0.94
snap	0.20	1.41
160k	0.20	0.87
alternate	0.20	0.99
wild	0.20	0.80
genuinely	0.20	1.41
somewhat	0.20	1.42
kit	0.20	1.37
north	0.20	1.01
170k	0.20	0.87
rodrigo	0.20	0.93
chikhaoui	0.21	0.91
300	0.21	0.94
get	0.21	1.69
gerrard	0.21	0.95
noticeable	0.21	1.34
interest	0.21	0.97
melo	0.21	0.94
willems	0.21	0.88
backs	0.21	1.13
certain	0.21	1.07
performing	0.21	1.06
varela	0.21	1.34
garcia	0.21	0.91
itt	0.21	1.82
problem	0.21	1.65
600	0.21	0.93
joined	0.21	0.97
always	0.21	1.58
ta	0.21	1.54
serious	0.21	1.41
110k	0.21	0.87
250k	0.21	0.85
4.5	0.21	0.93
cheapest	0.21	1.16
card	0.21	0.95
800k	0.21	0.88
80k	0.21	0.87
70k	0.21	0.86
10,000	0.21	1.01
feed	0.21	1.24
frequently	0.21	1.18
super	0.21	1.52
hot	0.21	1.78
40k	0.21	0.87
fernandes	0.21	0.96
germans	0.21	1.04
modric	0.21	0.88
career	0.21	0.85
300k	0.21	0.85
mexico	0.21	0.92
fabian	0.21	1.05
200k	0.21	0.86
colombia	0.21	0.90
releasing	0.21	1.07
400k	0.21	0.86
forfeit	0.21	0.92
cole	0.21	0.96
panic	0.22	1.03
150k	0.22	0.86
350k	0.22	0.86
supply	0.22	1.07
750k	0.22	0.86
mariano	0.22	0.94
lima	0.22	1.01
excluding	0.22	0.95
even	0.22	1.84
d3	0.22	0.99
rated	0.22	1.09
lost	0.22	1.05
losses	0.22	0.91
pedro	0.22	0.89
vs	0.22	1.12
raise	0.22	1.16
ibarbo	0.22	0.94
drops	0.22	1.07
discount	0.22	0.93
fabregas	0.22	0.90
per	0.22	1.04
criscito	0.22	0.98
affordable	0.22	1.33
switching	0.22	1.14
cesc	0.22	0.89
firmino	0.22	0.92
250	0.22	0.94
recognize	0.22	1.32
lesson	0.22	1.15
79	0.22	1.11
apologies	0.22	1.99
below	0.22	1.09
youre	0.22	1.36
perfect	0.22	2.64
meaning	0.22	1.08
walcott	0.22	0.94
cups	0.22	0.87
ramsey	0.22	0.95
works	0.22	1.64
fk	0.22	1.19
central	0.22	1.02
makes	0.22	1.75
urge	0.23	1.15
hunter	0.23	1.03
450k	0.23	0.88
benefit	0.23	1.27
griezman	0.23	0.91
specific	0.23	1.18
goals	0.23	0.88
disable	0.23	1.01
anywhere	0.23	1.16
address	0.23	1.25
kagawa	0.23	0.93
water	0.23	0.99
eto	0.23	0.97
obviously	0.23	1.93
toni	0.23	1.19
experiment	0.23	1.56
test	0.23	1.31
insult	0.23	1.12
demand	0.23	1.08
streak	0.23	0.94
d4	0.23	0.97
somewhere	0.23	1.11
immediately	0.23	1.28
redeem	0.23	0.99
completely	0.23	1.60
nasri	0.23	0.95
santos	0.23	0.93
europe	0.23	1.00
hooked	0.23	0.87
install	0.23	1.03
4k	0.23	0.84
incredibly	0.23	1.52
trial	0.23	0.99
trying	0.23	1.90
allows	0.23	1.11
realized	0.23	1.69
fill	0.23	1.14
76	0.23	1.12
biabiany	0.23	0.93
rise	0.24	1.14
latter	0.24	1.41
expect	0.24	1.71
albeit	0.24	1.20
benatia	0.24	0.97
thiago	0.24	0.93
gifts	0.24	1.13
eriksen	0.24	0.92
replacing	0.24	1.08
pray	0.24	1.13
montolivo	0.24	0.93
pink	0.24	1.22
isco	0.24	0.88
black	0.24	1.00
compare	0.24	1.07
short	0.24	1.20
gabi	0.24	0.89
found	0.24	1.18
subject	0.24	1.41
swedish	0.24	0.86
searched	0.24	1.08
lock	0.24	1.01
radu	0.24	1.00
those	0.24	1.19
busquets	0.24	0.87
proceed	0.24	1.25
hazard	0.24	0.93
cod	0.24	0.85
clever	0.24	1.38
77	0.24	1.10
messi	0.24	0.90
local	0.24	0.85
odds	0.24	1.03
pretend	0.24	1.67
freedom	0.24	0.98
hawk	0.24	1.05
alternative	0.24	1.05
fp	0.24	0.96
m/l	0.24	1.09
konko	0.25	0.99
traded	0.25	1.15
progress	0.25	0.86
abate	0.25	0.98
cm	0.25	1.02
occasions	0.25	1.01
interceptions	0.25	1.34
wins	0.25	0.90
230k	0.25	0.95
ignite	0.25	0.90
paulinho	0.25	0.94
1500	0.25	0.93
12k	0.25	0.91
drop	0.25	1.15
investment	0.25	1.11
secret	0.25	1.36
kone	0.25	1.05
16k	0.25	0.90
fitness	0.25	1.14
script	0.25	1.18
itself	0.25	1.23
perez	0.25	0.94
30k	0.25	0.87
war	0.25	1.16
pjanic	0.25	0.93
having	0.25	1.22
min	0.25	1.00
clicking	0.25	0.94
sniper	0.25	1.03
rojo	0.25	1.05
dirt	0.25	1.10
england	0.25	0.95
alexis	0.25	0.93
2x	0.25	0.92
need	0.26	1.73
fan	0.26	1.47
meters	0.26	1.00
past	0.26	1.13
fans	0.26	1.19
eu	0.26	0.94
linked	0.26	1.21
mexican	0.26	1.02
win	0.26	0.99
outstanding	0.26	2.40
filter	0.26	1.02
perhaps	0.26	1.56
friendly	0.26	0.81
location	0.26	1.10
divisions	0.26	0.91
box	0.26	1.24
milner	0.26	1.03
sandro	0.26	0.93
reserve	0.26	0.98
nani	0.26	0.91
cold	0.26	1.20
feghouli	0.26	0.92
codes	0.26	1.00
alonso	0.26	0.88
thousands	0.26	1.01
bringing	0.26	1.17
fer	0.26	0.91
dembele	0.26	0.93
fullbacks	0.26	1.11
jese	0.26	0.87
likely	0.26	1.51
700	0.26	0.93
successfully	0.26	1.02
which	0.26	1.76
200	0.26	0.94
france	0.26	0.99
75	0.26	1.12
anytime	0.26	0.99
guarin	0.26	0.94
chicharito	0.26	0.91
keep	0.26	1.40
75k	0.26	0.87
shows	0.26	1.16
matic	0.27	0.94
xabi	0.27	0.88
coming	0.27	1.30
450	0.27	1.05
harm	0.27	1.35
am	0.27	1.50
650k	0.27	0.91
lethal	0.27	2.15
example	0.27	1.38
disagree	0.27	1.62
chem	0.27	1.00
european	0.27	0.93
thousand	0.27	0.98
utilize	0.27	0.99
schurrle	0.27	0.93
normally	0.27	1.29
winger	0.27	1.22
tott	0.27	0.85
at	0.27	1.06
bound	0.27	1.63
goddamn	0.27	1.26
final	0.27	0.94
pieces	0.27	1.24
d2	0.27	0.98
think	0.27	2.07
clubs	0.27	0.85
500	0.27	0.92
sounders	0.27	1.09
71	0.27	1.10
starters	0.27	1.17
currently	0.27	1.39
transferred	0.27	0.93
party	0.28	1.04
boy	0.28	1.32
combinations	0.28	1.19
hamsik	0.28	0.95
suits	0.28	1.15
koke	0.28	0.86
untradeable	0.28	1.02
bonus	0.28	0.97
shocked	0.28	2.24
such	0.28	1.49
join	0.28	1.27
loyalty	0.28	0.97
72	0.28	1.10
ashley	0.28	0.90
nainggolan	0.28	0.93
pre	0.28	0.85
gio	0.28	1.43
roma	0.28	1.18
sigh	0.28	1.30
guardado	0.28	0.90
finish	0.28	1.19
loan	0.28	1.09
irl	0.28	1.21
llorente	0.28	0.99
google	0.28	1.16
defeat	0.28	1.10
73	0.28	1.10
choupo-moting	0.28	0.93
ingame	0.28	1.07
regain	0.28	1.18
existing	0.28	1.11
cannon	0.28	2.36
reduce	0.28	1.14
armero	0.28	0.98
web	0.28	1.48
lf/rf	0.28	1.04
minute	0.28	1.01
access	0.28	1.09
eastern	0.28	1.04
profile	0.28	1.18
depends	0.28	1.50
1.2	0.28	1.14
74	0.28	1.13
forms	0.28	0.91
improvement	0.29	1.14
nonrare	0.29	1.14
lichtsteiner	0.29	0.97
beyond	0.29	1.34
standard	0.29	0.81
amount	0.29	1.13
brazil	0.29	0.93
meh	0.29	1.25
messaged	0.29	1.06
steadily	0.29	1.16
coach	0.29	1.01
lb/rb	0.29	1.03
gonzalez	0.29	0.95
82	0.29	1.15
position	0.29	1.25
log	0.29	1.17
preorder	0.29	0.89
neither	0.29	1.30
find	0.29	1.41
belgium	0.29	0.95
rodriguez	0.29	0.89
equally	0.29	1.22
lucas	0.29	0.93
confirmed	0.29	1.27
entered	0.29	1.13
experiences	0.29	1.01
besler	0.29	0.93
skilling	0.29	1.13
netherlands	0.29	0.90
49	0.29	1.43
mode	0.29	0.84
damage	0.29	1.36
however	0.29	1.93
pack	0.29	0.98
vidal	0.29	0.95
sheet	0.29	1.02
types	0.29	1.22
maxwell	0.29	0.94
regular	0.29	0.85
rafael	0.29	1.02
hernandez	0.29	0.92
troll	0.29	1.22
marchisio	0.30	0.95
searching	0.30	1.07
3/4	0.30	1.03
screamer	0.30	1.07
ultimately	0.30	1.19
update	0.30	0.94
math	0.30	1.61
might	0.30	1.89
y	0.30	1.23
jarvis	0.30	0.93
announce	0.30	1.06
remove	0.30	1.22
kelvin	0.30	0.88
dos	0.30	0.93
sau	0.30	0.95
54	0.30	0.90
tie	0.30	1.08
relegation	0.30	0.95
markovic	0.30	1.01
bored	0.30	2.32
v	0.30	1.12
make	0.30	1.56
note	0.30	1.57
remy	0.30	0.96
evra	0.30	0.99
scary	0.30	1.87
aside	0.30	1.20
saw	0.30	1.39
80	0.30	1.15
83	0.30	1.15
honestly	0.30	1.93
sciglio	0.30	1.00
tosic	0.30	0.96
xb1	0.30	1.05
reach	0.30	1.21
bucks	0.30	0.98
launch	0.30	0.93
1000	0.31	0.93
81	0.31	1.12
nowhere	0.31	1.17
100,000	0.31	0.91
original	0.31	1.63
84	0.31	1.13
xbox	0.31	1.06
mentioned	0.31	1.29
kept	0.31	1.21
attitude	0.31	1.22
n	0.31	1.12
stoke	0.31	1.10
shoulder	0.31	1.20
60	0.31	0.96
55k	0.31	0.87
lead	0.31	1.03
sell	0.31	1.38
mertesacker	0.31	1.00
c	0.31	1.05
forwards	0.31	1.17
habit	0.31	1.04
mertens	0.31	0.94
d1	0.31	0.98
group	0.31	0.95
5-4	0.31	1.06
nhl	0.31	0.94
facebook	0.31	1.08
ba	0.31	1.02
large	0.31	1.20
argentina	0.31	0.94
eddie	0.31	0.91
chance	0.31	1.33
rossi	0.32	0.95
benat	0.32	1.14
options	0.32	1.28
pre-order	0.32	0.86
diamanti	0.32	0.96
cerci	0.32	0.94
accept	0.32	1.38
deleting	0.32	1.21
diamond	0.32	1.00
ronny	0.32	0.86
traore	0.32	1.35
each	0.32	1.21
delay	0.32	1.29
without	0.32	1.26
johnson	0.32	0.93
sha	0.32	0.95
out	0.32	1.43
pogba	0.32	0.94
gervinho	0.32	0.89
yard	0.32	1.09
brooks	0.32	0.95
el	0.32	0.94
background	0.32	1.07
eg	0.32	1.06
noticed	0.32	1.58
everyday	0.32	1.29
gt	0.32	1.10
solve	0.32	1.24
relegated	0.32	0.97
wanting	0.32	1.16
end	0.32	1.03
griezmann	0.32	0.89
home	0.32	1.14
120	0.32	0.91
59	0.32	1.02
national	0.32	1.00
cdm	0.32	0.99
ben	0.32	0.95
cant	0.32	1.61
natale	0.32	0.97
tots	0.32	0.89
gives	0.32	1.08
fairly	0.32	1.40
sooo	0.32	1.25
nifs	0.33	0.93
1,000	0.33	0.92
cuadrado	0.33	0.92
shaarawy	0.33	0.93
tag	0.33	1.11
sacrifice	0.33	1.30
online	0.33	0.83
64	0.33	1.05
sent	0.33	1.52
rotating	0.33	0.90
linking	0.33	1.39
me	0.33	1.55
unlimited	0.33	0.85
confidence	0.33	1.12
badge	0.33	1.12
januzaj	0.33	1.04
brace	0.33	1.28
schurlle	0.33	0.95
x2	0.33	0.98
volley	0.33	1.16
yards	0.33	1.07
eto'o	0.33	0.97
additional	0.33	1.07
rm	0.33	0.96
unbelievable	0.33	2.46
muriel	0.33	0.96
bet	0.33	1.51
leiva	0.33	0.94
lm	0.33	0.98
word	0.33	1.77
android	0.33	1.45
buy	0.33	1.53
download	0.33	0.93
film	0.33	1.35
definitely	0.33	1.90
looking	0.33	1.95
higher	0.33	1.21
aurier	0.33	0.92
officially	0.34	1.05
asamoah	0.34	0.96
candreva	0.34	0.95
podolski	0.34	0.92
americans	0.34	1.10
lf	0.34	1.01
judging	0.34	1.00
because	0.34	1.94
fc	0.34	1.18
prince	0.34	0.94
digne	0.34	0.94
zone	0.34	1.06
won	0.34	0.95
depay	0.34	0.89
x1	0.34	0.96
converted	0.34	1.10
terry	0.34	1.02
adrian	0.34	1.01
aggression	0.34	1.29
offense	0.34	1.11
guessing	0.34	2.44
start	0.34	1.28
maker	0.34	0.91
admit	0.34	1.53
continues	0.34	1.16
68	0.34	1.05
creativity	0.34	1.19
k	0.34	0.91
deserves	0.35	1.01
quite	0.35	1.51
turkish	0.35	1.08
spain	0.35	0.90
digital	0.35	0.84
mls	0.35	0.93
commentary	0.35	1.09
henderson	0.35	1.03
upon	0.35	1.14
main	0.35	1.67
downloaded	0.35	0.86
code	0.35	1.00
lavezzi	0.35	0.92
narrow	0.35	1.07
rf	0.35	1.00
gamertag	0.35	1.16
zarate	0.35	0.95
marquinhos	0.35	0.94
dont	0.35	1.78
none	0.35	1.21
ajax	0.35	1.04
signed	0.35	1.11
53	0.35	0.97
f9	0.35	1.01
afford	0.35	1.28
preferences	0.35	1.22
small	0.35	1.24
benteke	0.35	0.99
above	0.35	1.14
70	0.35	1.03
sale	0.35	0.99
created	0.36	0.98
scroll	0.36	1.23
hundred	0.36	0.96
180k	0.36	0.86
edit	0.36	3.16
either	0.36	1.80
ig	0.36	1.08
deals	0.36	1.10
wonders	0.36	1.34
lichsteiner	0.36	0.96
death	0.36	1.05
promoted	0.36	0.93
safe	0.36	1.12
cb	0.36	1.06
ofcourse	0.36	1.38
upgraded	0.36	0.86
86	0.36	1.12
availability	0.36	1.04
4231	0.36	1.06
ordered	0.36	0.86
moutinho	0.36	0.92
replacement	0.36	0.90
gets	0.36	0.97
formations	0.36	1.09
tournaments	0.36	0.84
juan	0.36	1.05
clicked	0.36	1.39
futbin	0.36	1.12
kicks	0.36	1.17
views	0.36	1.39
myself	0.37	1.22
reserves	0.37	1.10
skrtel	0.37	1.08
finishes	0.37	1.21
mids	0.37	1.11
mistake	0.37	1.84
torres	0.37	0.95
valbuena	0.37	0.95
hat	0.37	1.18
budget	0.37	1.11
schneiderlin	0.37	0.91
west	0.37	1.10
57	0.37	1.01
full	0.37	1.27
lw	0.37	1.01
gomez	0.37	1.00
region	0.37	0.91
motm	0.37	0.86
lm/rm	0.37	1.05
psv	0.37	0.97
ibrahimovic	0.37	0.90
agbonlahor	0.37	0.73
unable	0.37	1.51
352	0.37	1.07
console	0.37	1.10
satisfied	0.37	2.32
music	0.37	1.13
lallana	0.37	1.03
technical	0.37	1.33
5k	0.37	0.88
quick	0.37	1.55
purposes	0.37	0.94
debating	0.37	1.68
4312	0.37	1.06
lower	0.38	1.20
centerbacks	0.38	1.14
single	0.38	0.86
galatasaray	0.38	1.10
playstyle	0.38	1.26
ho	0.38	0.92
gignac	0.38	1.42
dump	0.38	0.96
consider	0.38	1.39
higuain	0.38	0.98
store	0.38	0.83
cams	0.38	1.05
midfielders	0.38	1.10
manager	0.38	1.11
outside	0.38	1.21
volume	0.38	1.10
hyped	0.38	2.12
understood	0.38	1.39
godlike	0.38	2.44
needed	0.38	1.06
sticking	0.38	1.23
67	0.38	1.04
reactions	0.38	1.45
impressed	0.38	1.65
seasons	0.38	0.83
41	0.38	0.87
email	0.38	1.31
bedimo	0.39	0.94
friendlies	0.39	0.83
rw	0.39	1.02
bonucci	0.39	1.12
winter	0.39	0.88
ireland	0.39	0.96
trouble	0.39	1.24
pes	0.39	0.98
sorted	0.39	1.21
nvm	0.39	2.04
xbone	0.39	0.93
able	0.39	1.67
low	0.39	1.52
ps4	0.39	1.02
div1	0.39	0.93
hence	0.39	1.16
menez	0.39	0.97
milan	0.39	1.12
nine	0.39	1.00
starting	0.39	1.07
supporter	0.39	1.58
fewer	0.39	1.11
4222	0.39	1.06
56	0.39	0.97
curious	0.39	2.45
atm	0.39	1.29
rounded	0.39	1.63
lot	0.39	1.41
jones	0.39	0.98
compared	0.39	1.02
negredo	0.39	0.99
required	0.39	1.17
handful	0.39	1.37
maicon	0.39	0.98
including	0.39	1.06
vargas	0.39	0.94
equal	0.40	1.19
vision	0.40	1.49
wo	0.40	1.71
division	0.40	0.92
tired	0.40	1.50
imotm	0.40	0.86
tourney	0.40	0.92
vidic	0.40	1.09
48	0.40	0.93
4321	0.40	1.07
47	0.40	0.89
hype	0.40	0.98
noob	0.40	1.50
germany	0.40	0.94
couldnt	0.40	1.44
role	0.40	1.05
h2h	0.40	0.84
5000	0.40	0.87
shouldnt	0.40	1.32
toulalan	0.40	0.95
returned	0.40	1.01
reached	0.40	1.47
whom	0.40	0.95
positioning	0.40	1.49
worthwhile	0.40	1.32
newer	0.40	0.86
lacazette	0.40	0.93
100	0.40	0.97
amazon	0.40	0.88
forgot	0.40	2.96
taarabt	0.40	1.38
2/3	0.40	0.90
multiple	0.41	1.13
motta	0.41	0.95
diaby	0.41	1.05
diouf	0.41	0.97
100k	0.41	0.86
7.5k	0.41	0.96
maybe	0.41	1.97
lcb	0.41	0.99
rotation	0.41	1.09
div	0.41	0.92
arfa	0.41	0.98
cabaye	0.41	0.95
ranked	0.41	1.20
clean	0.41	1.12
46	0.41	0.87
here	0.41	1.57
weekends	0.41	1.03
systems	0.41	1.34
imgur	0.41	1.04
distance	0.41	1.24
confirm	0.41	1.29
cam	0.41	1.08
muller	0.41	0.90
view	0.41	1.31
learned	0.41	0.94
55	0.41	1.01
title	0.41	0.93
former	0.41	1.12
false	0.41	1.01
ogbonna	0.41	1.14
50k	0.41	0.86
spots	0.42	0.91
tried	0.42	1.41
brings	0.42	1.14
can	0.42	1.64
offence	0.42	1.25
offensively	0.42	1.29
reckon	0.42	1.36
realize	0.42	2.02
promotion	0.42	0.95
451	0.42	1.07
will	0.42	1.58
range	0.42	1.15
webapp	0.42	1.22
repeat	0.42	1.34
66	0.42	1.08
remembered	0.42	1.65
free	0.42	0.98
4-4-1-1	0.42	1.15
tool	0.42	1.25
practice	0.42	1.22
champions	0.42	0.92
gareth	0.42	1.34
immobile	0.42	0.94
scout	0.42	1.03
cisse	0.42	0.93
gem	0.42	1.10
variety	0.42	1.19
lukaku	0.42	0.95
klose	0.42	0.90
tournament	0.42	0.85
41212	0.42	1.08
futwc	0.42	0.85
read	0.42	1.44
history	0.42	1.05
lowest	0.42	1.18
commentators	0.42	1.03
bony	0.42	0.94
cabella	0.42	0.97
wayne	0.42	1.00
limits	0.42	1.00
juve	0.42	1.12
coast	0.42	0.92
amazingly	0.43	0.94
welbeck	0.43	0.96
giroud	0.43	0.97
creator	0.43	1.20
regards	0.43	1.67
4-3-1-2	0.43	1.12
source	0.43	1.29
paypal	0.43	1.06
origin	0.43	1.11
session	0.43	0.95
actually	0.43	2.00
tv	0.43	1.15
jp	0.43	1.12
playing	0.43	0.86
commented	0.43	1.52
auba	0.43	0.92
aubameyang	0.43	0.92
using	0.43	1.17
rcb	0.43	1.02
est	0.43	1.04
bruyne	0.43	0.92
fun	0.43	1.96
gift	0.43	0.91
maximum	0.43	1.05
finals	0.43	0.88
65	0.43	1.09
others	0.43	1.33
then	0.43	1.69
respectively	0.43	1.03
50	0.43	0.90
abilities	0.43	1.77
fifa13	0.43	1.36
positive	0.43	1.35
trading	0.43	1.20
once	0.43	1.30
im	0.44	1.60
62	0.44	1.05
consoles	0.44	0.88
inside	0.44	1.28
in-forms	0.44	0.88
wc	0.44	0.81
verratti	0.44	0.95
cos	0.44	1.32
drawing	0.44	0.98
may	0.44	1.71
mandzukic	0.44	0.97
packed	0.44	0.93
peak	0.44	1.10
4-1-2-1-2	0.44	1.13
j	0.44	1.07
navas	0.44	1.00
psn	0.44	1.14
owner	0.44	0.90
442	0.44	1.10
check	0.44	1.21
moment	0.44	1.66
packing	0.45	1.04
edition	0.45	0.83
3-4-3	0.45	1.13
baby	0.45	1.69
edited	0.45	2.03
matuidi	0.45	0.95
money	0.45	1.17
cbs	0.45	1.08
mobile	0.45	1.83
draws	0.45	0.88
chips	0.45	1.45
carroll	0.45	0.91
porto	0.45	1.12
lmao	0.45	1.72
42	0.45	0.87
data	0.45	1.20
priority	0.45	1.18
again	0.45	1.45
yedlin	0.45	0.98
wont	0.45	1.69
definite	0.45	1.14
wall	0.45	1.19
ps3	0.45	0.95
work	0.45	1.12
seattle	0.45	1.26
golden	0.45	1.07
preference	0.45	1.36
offensive	0.45	1.12
4-2-3-1	0.45	1.13
balanced	0.45	1.38
futwiz	0.46	1.15
premium	0.46	0.94
lottery	0.46	0.95
cup	0.46	0.83
gamestop	0.46	0.88
genuine	0.46	1.48
leagues	0.46	1.08
sneijder	0.46	0.89
na	0.46	1.82
cf	0.46	1.06
nationality	0.46	1.14
together	0.46	1.14
lamela	0.46	0.88
mind	0.46	1.46
ultimate	0.46	0.82
insanely	0.46	1.30
comparing	0.46	1.01
31	0.46	0.82
soldado	0.46	0.94
incredible	0.46	2.45
imo	0.46	1.59
smh	0.46	1.34
credit	0.46	1.10
dreams	0.46	1.23
accuracy	0.46	1.30
433	0.46	1.09
duh	0.46	1.41
requests	0.46	1.33
weights	0.46	1.11
4-2-2-2	0.46	1.14
accidentally	0.46	1.07
opened	0.46	0.96
checking	0.46	1.12
various	0.46	1.06
4-4-2	0.46	1.13
overall	0.47	1.17
upgrade	0.47	1.05
variation	0.47	1.13
korea	0.47	1.07
research	0.47	1.22
longshot	0.47	1.34
3-5-2	0.47	1.14
assumed	0.47	1.87
15k	0.47	0.91
formation	0.47	1.13
4-3-2-1	0.47	1.12
waited	0.47	1.04
fut15	0.47	1.03
variations	0.47	1.09
4-5-1	0.47	1.14
received	0.47	1.28
knowledge	0.47	1.07
titles	0.47	0.86
brutal	0.47	2.59
due	0.47	1.06
yes	0.47	1.37
balo	0.47	1.19
should	0.47	1.78
gen	0.47	0.85
bring	0.48	1.05
4-3-3	0.48	1.14
times	0.48	1.04
castan	0.48	1.03
phy	0.48	1.21
poacher	0.48	1.32
dm	0.48	1.01
longer	0.48	1.09
boys	0.48	1.04
45	0.48	0.90
cash	0.48	1.17
improving	0.48	1.32
techniques	0.48	1.24
sake	0.48	1.01
2010	0.48	1.14
joke	0.48	1.79
stamina	0.48	1.28
freekicks	0.48	1.14
leroy	0.48	0.99
gems	0.48	0.93
enough	0.49	1.43
mention	0.49	2.10
play	0.49	0.98
def	0.49	1.10
gaitan	0.49	0.98
waiting	0.49	1.40
sif	0.49	0.88
rate	0.49	1.08
danilo	0.49	1.02
doubt	0.49	1.50
52	0.49	0.88
87	0.49	1.13
cavani	0.49	1.07
steam	0.49	1.31
hair	0.49	1.48
comments	0.49	1.50
username	0.49	1.49
st	0.49	1.08
vucinic	0.49	1.12
40	0.49	0.89
an	0.50	1.13
entry	0.50	1.34
there	0.50	1.61
surely	0.50	1.47
eye	0.50	1.15
wondering	0.50	2.15
seeing	0.50	1.51
remaining	0.50	0.92
return	0.50	0.95
go	0.50	1.69
theyre	0.50	1.25
gon	0.50	1.82
dutch	0.50	0.99
37	0.50	0.81
matches	0.50	0.85
powerful	0.51	1.53
anchor	0.51	1.08
napoli	0.51	1.11
comparable	0.51	1.10
85	0.51	1.21
beauty	0.51	1.27
pc	0.51	0.88
beer	0.51	1.12
logged	0.51	1.18
stage	0.51	0.88
according	0.51	1.11
consecutive	0.51	0.92
medium	0.51	1.10
presence	0.51	1.37
attacking	0.51	1.10
ftfy	0.51	0.95
busy	0.51	2.39
20-30	0.51	0.91
subs	0.51	1.02
cms	0.52	1.10
dammit	0.52	1.32
pick	0.52	1.62
self	0.52	1.21
fifa15	0.52	0.83
balotelli	0.52	1.16
apparently	0.52	1.30
hundreds	0.52	1.07
yilmaz	0.52	1.18
physical	0.52	1.46
reasonably	0.52	1.19
38	0.52	0.82
acceleration	0.52	1.45
finesse	0.52	1.28
l	0.52	0.99
gunna	0.52	1.54
theirs	0.52	0.92
etoo	0.52	1.05
fire	0.52	1.24
realise	0.52	2.00
cdms	0.52	1.11
payet	0.53	0.92
rotate	0.53	0.83
experience	0.53	1.11
uk	0.53	1.02
soo	0.53	1.62
companion	0.53	1.24
jumping	0.53	1.41
yet	0.53	1.45
was	0.53	1.59
performs	0.53	1.10
l/h	0.53	1.04
anticipation	0.53	0.96
recently	0.53	1.22
route	0.53	1.36
cl	0.53	0.89
possible	0.53	1.69
88	0.53	1.12
upgrades	0.53	0.96
takes	0.53	1.16
wat	0.53	1.09
recover	0.53	1.05
teams	0.53	1.15
nights	0.53	1.05
poll	0.53	1.06
invite	0.53	1.22
defensive	0.53	1.13
also	0.54	1.66
fresh	0.54	1.15
phishing	0.54	1.33
want	0.54	1.67
ovr	0.54	0.95
giveaways	0.54	1.04
town	0.54	1.39
tif	0.54	0.89
35	0.54	0.93
commenting	0.54	1.50
ridiculous	0.54	2.21
yes/no	0.54	1.22
giovinco	0.54	1.10
in-form	0.54	0.92
app	0.54	1.24
pair	0.54	1.13
considered	0.54	1.06
comment	0.54	1.79
stopped	0.54	1.12
preferably	0.54	1.12
letting	0.54	1.29
gave	0.54	1.21
excited	0.54	2.47
replying	0.54	1.90
workrate	0.54	1.06
milito	0.55	1.10
reasonable	0.55	1.45
4-3	0.55	1.04
requirements	0.55	1.18
jovetic	0.55	1.12
wrote	0.55	1.68
tadic	0.55	0.93
midfield	0.55	1.36
caulker	0.55	1.69
build	0.55	1.19
footed	0.55	1.60
entering	0.55	1.13
caceres	0.55	1.09
never	0.55	1.50
boot	0.55	1.05
driven	0.55	1.36
15m	0.55	0.86
fund	0.55	1.09
include	0.55	1.38
barzagli	0.55	1.08
chiellini	0.55	1.09
draxler	0.55	0.92
tevez	0.55	1.14
coutinho	0.55	1.00
3-4-1-2	0.55	1.22
course	0.55	1.73
fif	0.56	0.87
would	0.56	1.67
checked	0.56	1.18
compliment	0.56	0.95
tutorials	0.56	1.26
mins	0.56	0.98
25k	0.56	0.90
skilled	0.56	1.33
draw	0.56	1.02
bunch	0.56	1.26
benfica	0.56	1.03
adebayor	0.56	0.91
site	0.56	1.14
passers	0.56	1.34
alive	0.56	1.15
peoples	0.57	1.26
sucks	0.57	2.92
pictures	0.57	1.28
half	0.57	1.28
funds	0.57	1.20
cassano	0.57	1.35
sts	0.57	1.10
request	0.57	1.36
give	0.57	1.64
1/2	0.57	0.91
send	0.57	1.38
insigne	0.57	0.99
alex	0.57	1.03
thinking	0.57	1.68
addicted	0.57	2.42
threat	0.57	1.42
user	0.57	1.28
ones	0.57	1.08
price	0.58	1.06
seconds	0.58	1.02
m/m	0.58	1.05
h/h	0.58	1.05
noticing	0.58	0.87
passing	0.58	1.44
altogether	0.58	1.11
name	0.58	1.17
text	0.58	1.28
midnight	0.58	1.04
points	0.58	0.88
m/h	0.58	1.05
bench	0.58	1.07
age	0.58	0.85
belgian	0.58	1.21
row	0.58	0.86
try	0.58	1.83
h/m	0.58	1.04
palacio	0.58	1.11
height	0.58	1.41
futhead	0.58	1.04
virtual	0.58	0.85
whoops	0.59	2.05
89	0.59	1.14
samuel	0.59	1.25
scratch	0.59	1.50
dip	0.59	1.00
payment	0.59	1.32
games	0.59	0.88
purchased	0.59	0.88
10-15	0.59	0.92
knew	0.59	1.81
available	0.59	0.93
add	0.59	1.46
grass	0.59	1.05
4411	0.59	1.17
united	0.59	1.29
elia	0.59	0.94
description	0.59	1.28
defensively	0.59	1.40
dedicated	0.59	1.14
jumbo	0.59	0.91
plenty	0.59	1.37
next-gen	0.59	0.88
seen	0.59	1.49
plan	0.59	1.32
current	0.59	1.05
explained	0.59	1.30
bicycle	0.59	1.12
probably	0.59	1.82
legitimate	0.59	1.36
tiote	0.60	1.03
areas	0.60	1.14
perspective	0.60	1.44
kalou	0.60	0.94
90	0.60	1.17
team	0.60	1.23
10/10	0.60	1.01
taste	0.60	1.27
already	0.60	1.22
magic	0.60	1.02
hopes	0.60	1.14
high/high	0.60	1.06
several	0.60	1.07
esswein	0.60	0.82
new	0.60	0.91
summer	0.60	0.86
places	0.60	1.29
trader	0.60	1.06
til	0.60	0.96
answered	0.60	1.43
examples	0.60	1.29
upfront	0.61	0.89
34	0.61	0.83
promo	0.61	0.92
awhile	0.61	1.09
superb	0.61	2.42
huntelaar	0.61	0.95
could	0.61	1.70
provide	0.61	1.19
average	0.61	1.32
minutes	0.61	0.99
championship	0.61	1.04
wr	0.61	1.07
quarter	0.61	0.97
everton	0.61	1.14
3-4	0.61	0.92
da	0.61	1.14
fernandez	0.62	0.92
shots	0.62	1.26
69	0.62	1.16
spell	0.62	1.39
pacey	0.62	1.32
them	0.62	1.60
eventually	0.62	1.41
impatient	0.62	2.40
other	0.62	1.35
copy	0.62	0.81
some	0.62	1.27
skiller	0.63	1.23
shall	0.63	1.36
achievement	0.63	1.42
concept	0.63	1.22
recommended	0.63	1.01
british	0.63	1.23
highly	0.63	1.04
predictions	0.63	1.30
3-2	0.63	1.09
30	0.63	0.87
fucker	0.63	1.36
russian	0.63	1.07
pacy	0.63	1.29
written	0.63	1.30
maestro	0.63	1.36
shaqiri	0.63	0.95
traits	0.63	1.57
eredivisie	0.63	0.99
swansea	0.63	1.09
stats	0.63	1.19
enter	0.63	1.22
countless	0.64	1.15
numerous	0.64	1.18
squads	0.64	1.17
many	0.64	1.16
english	0.64	1.06
next	0.64	0.89
italian	0.64	1.12
kinds	0.64	1.32
downside	0.64	1.25
2-3	0.64	0.90
experienced	0.64	1.42
really	0.64	1.74
writing	0.64	1.10
solution	0.64	1.56
barkley	0.64	1.00
built	0.64	1.22
al	0.65	1.23
volland	0.65	0.98
5-10	0.65	0.92
disgusting	0.65	2.18
iphone	0.65	1.17
colombian	0.65	1.17
perisic	0.65	0.96
write	0.65	1.27
mirallas	0.65	0.94
taker	0.65	1.41
shot	0.65	1.32
afternoon	0.65	1.07
dribblers	0.65	1.37
olic	0.65	1.04
argentinian	0.65	1.21
4-5	0.65	0.91
skillers	0.65	1.12
show	0.65	1.06
beginner	0.65	1.27
power	0.65	1.35
encourage	0.65	1.20
fyi	0.65	1.07
brazilian	0.65	1.17
91	0.65	1.24
let	0.66	1.70
4-2	0.66	1.07
speed	0.66	1.55
unsure	0.66	2.37
solved	0.66	1.38
optional	0.66	0.86
planning	0.66	1.55
irish	0.66	1.18
fancy	0.66	1.30
recorded	0.66	1.17
fucking	0.66	1.72
six	0.66	0.92
replied	0.66	1.88
offers	0.66	1.16
iv	0.66	1.46
as	0.66	1.26
33	0.66	0.87
gmt	0.66	1.05
93	0.66	1.25
pelle	0.67	0.86
92	0.67	1.25
favorite	0.67	2.60
tested	0.67	1.13
lately	0.67	1.12
stars	0.67	1.15
months	0.67	0.97
tottenham	0.67	1.17
leading	0.67	1.22
had	0.67	1.53
94	0.67	1.24
took	0.67	1.18
versions	0.67	0.86
favourite	0.67	2.65
sunday	0.67	1.06
come	0.67	1.44
time	0.67	1.52
mixed	0.67	1.15
prem	0.67	1.26
hopefully	0.68	1.54
german	0.68	1.16
sec	0.68	1.68
kind	0.68	1.82
fucks	0.68	1.76
mlapa	0.68	1.01
decided	0.68	1.35
rondon	0.68	1.13
minded	0.68	1.39
french	0.69	1.14
farfan	0.69	0.95
d	0.69	1.65
97	0.69	1.30
2	0.69	0.90
legit	0.69	1.65
shaking	0.69	2.21
vlaar	0.69	0.93
barcelona	0.69	1.13
meet	0.69	1.15
wanyama	0.69	1.11
remember	0.69	1.21
considering	0.69	1.42
login	0.69	1.26
older	0.69	0.90
monaco	0.69	0.95
spurs	0.69	1.18
weeks	0.69	1.06
ended	0.69	0.97
5-6	0.69	0.92
league/nationality	0.69	1.27
announced	0.69	0.85
period	0.70	0.88
listening	0.70	1.17
destiny	0.70	0.87
ideally	0.70	1.20
elite	0.70	1.05
wait	0.70	1.08
couple	0.70	0.94
all	0.70	1.58
apps	0.70	1.17
few	0.70	0.94
sterling	0.70	1.04
inform	0.70	0.98
hasnt	0.70	0.90
drunk	0.70	2.22
32	0.70	0.84
asap	0.70	1.39
hour	0.70	1.01
least	0.70	1.25
target	0.70	0.98
steal	0.70	1.26
phenomenal	0.70	1.99
alan	0.70	1.22
evening	0.70	1.07
comes	0.70	0.92
advise	0.70	1.22
boom	0.70	1.52
hybrid	0.70	1.26
bloody	0.71	1.26
6pm	0.71	1.02
hours	0.71	0.97
1	0.71	0.98
ac	0.71	1.17
spanish	0.71	1.20
option	0.71	1.58
newcastle	0.71	1.35
drew	0.71	0.96
midfielder	0.71	1.16
yesterday	0.71	1.18
twice	0.71	1.27
four	0.71	0.95
opinion	0.71	1.69
unbeatable	0.71	1.73
today	0.71	1.10
locked	0.71	1.11
demo	0.71	0.88
until	0.71	1.08
assaidi	0.72	1.15
days	0.72	0.99
soon	0.72	1.46
balance	0.72	1.54
strikers	0.72	1.18
version	0.72	0.85
saturday	0.72	1.05
three	0.72	0.95
3-1	0.72	1.08
wednesday	0.72	1.02
wouldnt	0.72	1.63
curve	0.72	1.34
ride	0.72	1.10
d'or	0.73	0.93
96	0.73	1.33
rip	0.73	1.03
0-0	0.73	1.09
pm	0.73	1.27
shortly	0.73	1.23
wake	0.73	1.29
ve	0.73	1.62
southampton	0.73	1.00
release	0.73	0.96
faced	0.73	1.29
totw	0.73	1.01
atletico	0.73	1.08
killer	0.73	2.03
dat	0.74	1.74
worked	0.74	1.32
ago	0.74	1.16
bendtner	0.74	1.33
tuesday	0.74	1.04
cause	0.74	1.55
bang	0.74	1.13
night	0.74	1.09
morning	0.74	1.09
share	0.74	1.38
tomorrow	0.74	1.06
sexy	0.74	2.92
loads	0.74	1.26
two	0.74	1.10
volleys	0.75	1.37
one	0.75	2.27
players	0.75	1.29
winners	0.75	1.05
h	0.75	1.04
extra	0.75	1.14
released	0.75	0.95
9	0.75	0.81
account	0.76	1.25
susaeta	0.76	0.89
were	0.76	1.10
strongly	0.76	1.19
1-0	0.76	1.12
monday	0.76	1.00
agility	0.76	1.53
2-0	0.76	1.13
pace	0.76	1.41
friday	0.76	0.99
compensation	0.76	1.55
shared	0.76	1.28
oops	0.77	2.11
psg	0.77	1.12
3	0.77	0.90
flair	0.77	1.30
2-1	0.77	1.13
ten	0.77	0.84
marco	0.77	1.07
20	0.77	0.82
bargain	0.77	1.07
thursday	0.77	1.02
heading	0.77	1.49
madrid	0.78	1.22
seems	0.78	1.56
within	0.78	1.10
soooo	0.78	1.38
prior	0.78	0.96
tutorial	0.78	1.33
regarding	0.78	1.51
ll	0.78	1.63
serie	0.79	1.27
wolfsburg	0.79	1.13
after	0.79	1.14
bout	0.79	1.68
chelsea	0.79	1.27
turan	0.79	0.82
altidore	0.79	0.95
beats	0.79	1.79
gladly	0.79	1.31
boat	0.79	1.53
heard	0.79	1.21
nif	0.79	0.93
speedy	0.80	1.41
barca	0.80	1.17
weekend	0.80	1.00
blast	0.80	1.40
munich	0.80	1.21
certainly	0.80	1.61
editing	0.80	1.21
6	0.80	0.82
eden	0.80	1.15
um	0.80	1.76
inter	0.80	1.16
bundes	0.80	1.31
gods	0.80	1.51
five	0.81	0.95
honest	0.81	2.03
crashes	0.81	0.96
squad	0.81	1.27
pre-ordered	0.81	0.95
him	0.81	1.35
strike	0.81	1.08
dortmund	0.81	1.25
combined	0.81	1.25
kuba	0.82	0.99
security	0.82	1.35
offered	0.82	1.10
h/l	0.82	1.14
finishing	0.82	1.51
changer	0.82	1.25
feature	0.82	0.96
grammar	0.82	2.00
nations	0.82	1.09
changes	0.82	1.30
25	0.83	0.82
7	0.83	0.79
classic	0.83	1.31
mr	0.83	1.22
ton	0.83	1.26
jermaine	0.83	1.16
special	0.83	0.91
4	0.83	1.11
coincidence	0.83	1.64
too	0.83	1.65
portuguese	0.83	1.22
shout	0.84	1.41
lots	0.84	1.23
29	0.84	0.81
packs	0.84	0.88
batch	0.84	0.98
bayern	0.84	1.21
paper	0.84	1.24
24	0.84	0.83
dem	0.84	1.28
playmaker	0.84	1.61
suggests	0.84	1.30
among	0.84	1.08
league	0.84	1.29
2if	0.85	1.11
provides	0.85	1.11
apologize	0.85	1.70
sadly	0.85	1.41
exchange	0.85	1.27
form	0.85	1.13
bank	0.85	1.33
finished	0.85	1.09
only	0.85	2.15
10	0.85	0.81
map	0.85	0.96
train	0.86	1.17
hybrids	0.86	1.25
assists	0.86	0.90
brick	0.86	1.56
guessed	0.86	1.89
rates	0.86	1.11
before	0.86	1.14
these	0.86	1.23
manchester	0.86	1.63
responding	0.86	1.85
seria	0.86	1.36
strength	0.86	1.55
pumped	0.86	2.38
arsenal	0.86	1.26
enjoy	0.87	2.39
61	0.87	1.11
crossed	0.87	1.14
juventus	0.87	1.15
weapon	0.87	1.13
il	0.87	1.55
weak	0.88	1.63
5	0.88	1.09
barclays	0.88	1.22
dribbling	0.88	1.58
portugal	0.88	1.00
ut	0.88	1.03
date	0.88	0.82
workrates	0.88	1.10
month	0.88	0.93
played	0.88	1.44
excellent	0.89	2.30
struggled	0.89	1.93
choupo	0.89	1.14
finisher	0.89	1.39
choice	0.89	1.36
em	0.89	1.76
8	0.89	0.79
wan	0.89	1.35
ligue	0.89	1.35
bbva	0.89	1.36
hoping	0.89	1.74
tons	0.90	1.25
2000	0.90	0.96
its	0.90	1.73
old	0.90	0.99
decently	0.91	1.33
got	0.91	1.26
otherwise	0.91	1.57
liga	0.91	1.36
heads	0.91	1.39
mini	0.91	1.06
alot	0.91	1.29
fut	0.91	1.05
eh	0.92	1.35
later	0.92	1.20
day	0.92	1.28
huh	0.92	1.85
foot	0.92	1.52
size	0.92	1.25
reading	0.92	1.26
vid	0.92	1.11
upcoming	0.92	0.93
last	0.93	1.09
fastest	0.93	2.15
36	0.93	0.91
boss	0.93	1.50
isnt	0.93	1.31
hell	0.93	1.87
ham	0.93	1.06
fifa14	0.93	1.00
sometime	0.93	1.15
wasnt	0.93	1.73
rocking	0.93	1.59
early	0.93	0.83
planned	0.93	0.91
epl	0.93	1.42
pleased	0.93	2.35
prob	0.94	1.50
26	0.94	0.83
bpl	0.94	1.43
song	0.94	1.24
tempted	0.94	2.24
fast	0.94	1.59
tonight	0.94	1.32
round	0.94	1.20
john	0.94	1.16
password	0.94	1.37
id	0.94	1.40
ios	0.95	1.23
explains	0.95	1.92
drastically	0.95	1.15
done	0.95	1.24
details	0.95	1.30
looked	0.95	1.35
despite	0.95	1.06
2012	0.96	0.77
19	0.96	0.88
assuming	0.96	2.12
been	0.96	1.26
22	0.96	0.87
lord	0.96	1.17
mid	0.96	0.75
ferdinand	0.96	1.11
t	0.96	1.20
rich	0.96	2.00
coz	0.97	1.34
07	0.97	1.39
fut14	0.97	0.89
lacks	0.97	1.49
till	0.97	0.99
tall	0.97	1.44
didnt	0.97	1.93
whats	0.97	1.54
combo	0.98	1.08
releases	0.98	0.89
player	0.98	2.33
premier	0.98	1.38
future	0.98	1.28
elsewhere	0.98	1.31
added	0.98	1.32
tricks	0.98	1.07
lightning	0.98	0.87
strategy	0.98	1.43
both	0.99	0.97
reminds	0.99	1.55
screamers	0.99	1.30
mood	0.99	1.99
introduced	0.99	2.00
long	0.99	1.46
expecting	0.99	2.22
clearing	0.99	1.33
week	0.99	1.09
2015	1.00	0.79
songs	1.00	0.97
shame	1.00	2.01
ffs	1.00	1.19
dream	1.00	1.00
rest	1.01	2.31
27	1.01	0.96
previous	1.01	0.97
question	1.01	1.89
pulled	1.01	1.14
season	1.01	1.24
backup	1.01	0.95
son	1.02	1.11
bundesliga	1.02	1.37
35k	1.02	0.90
far	1.02	2.20
proper	1.02	1.57
crosser	1.03	1.40
animal	1.03	1.94
95	1.03	1.40
absurd	1.03	1.94
rocket	1.03	1.51
existed	1.03	1.29
la	1.03	1.37
sunderland	1.03	1.43
star	1.03	1.30
28	1.03	0.95
movie	1.03	1.23
high	1.03	1.19
reviews	1.04	1.28
thankfully	1.04	1.03
kinda	1.04	1.81
strong	1.04	1.67
sporting	1.04	1.17
combination	1.04	1.25
havent	1.04	1.34
year	1.05	1.43
luckily	1.05	1.11
since	1.05	1.45
godly	1.05	2.16
during	1.05	0.92
ty	1.05	2.82
mother	1.05	1.50
srna	1.05	1.14
opinions	1.05	1.53
crash	1.05	0.96
shooting	1.05	1.52
15	1.06	0.98
g	1.06	0.98
mile	1.06	1.46
23	1.06	0.96
18	1.06	0.92
21	1.06	0.97
fav	1.06	1.73
appears	1.07	1.45
09	1.07	1.25
ronaldos	1.07	1.14
lovely	1.07	1.57
reference	1.07	1.36
absolutely	1.07	1.35
toty	1.07	0.93
unreal	1.07	2.25
ye	1.07	1.57
17	1.07	0.96
voting	1.08	1.66
98	1.08	1.50
cheap	1.08	1.48
fourth	1.09	1.37
january	1.09	0.79
aswell	1.09	1.36
heh	1.09	1.31
yay	1.09	1.13
tied	1.09	1.25
heres	1.09	1.21
logo	1.10	1.19
skillful	1.10	1.49
answer	1.10	1.79
appeal	1.10	1.46
improve	1.10	1.44
depth	1.10	0.96
thanksgiving	1.11	0.92
shaq	1.11	1.17
16	1.11	0.97
ugh	1.11	1.28
opportunity	1.12	1.27
striker	1.12	2.17
clinical	1.12	1.99
valencia	1.12	1.04
99	1.13	1.51
excitement	1.13	1.46
joking	1.13	1.89
proud	1.13	2.11
kevin	1.13	0.97
idea	1.13	2.04
skills	1.13	1.46
discovered	1.14	0.90
third	1.14	1.55
helps	1.14	1.65
november	1.14	0.77
years	1.14	1.02
indeed	1.14	1.64
u	1.14	1.71
thought	1.15	2.02
freaking	1.15	1.30
r	1.15	1.28
passer	1.15	1.67
unfortunately	1.16	1.63
although	1.16	1.88
rounds	1.16	0.89
2-2	1.16	1.19
jan	1.16	0.83
ive	1.16	2.14
wf	1.17	1.47
shaw	1.17	1.23
october	1.17	0.81
360	1.17	1.11
guides	1.17	1.44
trait	1.17	1.53
fellow	1.18	1.30
dribbler	1.18	1.58
good	1.18	2.00
2014	1.18	0.78
cyber	1.18	0.94
explaining	1.18	1.68
ouch	1.18	1.15
damnit	1.19	1.26
14	1.20	1.28
came	1.20	0.98
pretty	1.21	1.67
term	1.21	1.79
physicality	1.21	1.46
march	1.21	0.79
highest	1.21	2.01
11	1.22	1.16
cake	1.22	1.80
untradable	1.22	0.93
futmas	1.24	0.90
your	1.25	2.04
solid	1.25	2.01
truly	1.25	1.59
longshots	1.25	1.48
shooter	1.26	1.63
managed	1.26	1.11
aduriz	1.26	1.12
hero	1.27	1.18
gotten	1.27	2.06
responded	1.27	1.66
epic	1.28	1.66
jk	1.29	1.76
fifas	1.29	2.13
utd	1.29	1.45
weakfoot	1.29	1.49
2013	1.29	0.80
september	1.30	0.79
ross	1.30	1.37
though	1.30	1.85
december	1.30	0.79
started	1.31	1.65
met	1.32	1.34
wut	1.32	1.53
1-1	1.33	1.21
hello	1.33	1.40
god	1.33	1.92
any	1.33	1.57
12	1.33	1.27
february	1.33	0.79
beginning	1.34	0.84
alternatives	1.34	1.30
second	1.35	2.40
april	1.35	0.85
first	1.36	2.25
sidney	1.36	1.11
sorry	1.36	2.63
finally	1.36	1.08
plz	1.36	1.47
sam	1.37	1.12
r/fifacareers	1.37	1.52
scorer	1.37	2.28
tank	1.37	1.86
nuts	1.38	1.67
hes	1.38	1.21
owned	1.38	1.68
nonetheless	1.38	1.66
hahahaha	1.38	1.75
brother	1.39	1.42
great	1.39	2.04
phone	1.39	2.02
2nd	1.40	2.34
notch	1.40	1.87
pl	1.40	2.40
mine	1.41	1.37
bvb	1.41	1.24
buli	1.41	2.39
questions	1.41	1.60
aint	1.42	1.64
please	1.42	1.62
generous	1.43	1.90
information	1.44	1.47
winner	1.44	1.19
pls	1.45	1.56
happily	1.45	1.49
yeh	1.46	1.43
genius	1.46	1.55
motherfucker	1.46	1.32
substitute	1.47	1.95
soundtrack	1.47	1.93
plus	1.47	1.52
august	1.47	0.79
kidding	1.47	1.79
mccormack	1.47	1.16
album	1.47	1.41
vids	1.49	1.52
ur	1.50	1.61
life	1.50	1.43
unstoppable	1.50	1.84
dzeko	1.50	1.18
hear	1.51	1.39
christ	1.51	1.77
machine	1.51	1.82
unique	1.52	2.02
wtf	1.52	1.96
e.g	1.52	1.53
gg	1.54	1.49
08	1.54	1.96
kill	1.54	1.33
limited	1.54	1.79
mega	1.57	0.99
4th	1.58	2.09
feeling	1.58	1.61
aha	1.58	1.62
5th	1.58	2.07
personally	1.59	1.74
3rd	1.59	2.03
1st	1.60	1.35
dear	1.60	1.40
fifa	1.61	1.95
another	1.61	1.80
13	1.62	1.99
immense	1.63	1.86
his	1.63	1.90
listen	1.64	1.53
suggest	1.64	1.76
impressive	1.64	1.52
top	1.67	1.88
giveaway	1.67	1.39
recommend	1.67	1.79
hm	1.67	1.99
totally	1.69	2.00
amp	1.69	2.03
p.s	1.69	1.44
elaborate	1.70	1.69
deadly	1.70	1.84
answers	1.71	1.74
tbh	1.71	1.53
yep	1.71	1.97
bastard	1.71	1.73
uh	1.72	1.53
similar	1.73	1.41
insane	1.73	1.85
guide	1.73	1.41
jesus	1.74	1.77
doe	1.74	1.41
liverpool	1.75	1.49
spelling	1.75	1.71
bruh	1.76	1.98
tempting	1.76	1.52
city	1.77	1.49
effort	1.77	1.53
banter	1.79	1.59
seriously	1.80	1.78
surprisingly	1.80	1.67
props	1.82	1.40
guess	1.82	2.01
monster	1.83	1.78
offer	1.83	1.52
interested	1.84	1.79
aw	1.84	1.96
hmm	1.85	2.02
improvements	1.85	1.57
suppose	1.86	1.87
addition	1.86	1.74
lad	1.86	1.82
offering	1.86	1.59
rock	1.87	1.39
xd	1.88	1.89
lastly	1.88	1.52
used	1.90	1.79
late	1.90	1.93
beast	1.90	1.76
unlucky	1.91	1.74
chill	1.91	1.65
hmmm	1.91	1.80
greatly	1.92	1.57
replies	1.92	1.55
sense	1.93	2.03
jealous	1.93	2.01
look	1.93	1.79
pulls	1.95	1.15
review	1.95	1.40
m8	1.96	1.85
congratulations	1.97	1.84
has	1.99	1.69
wanted	1.99	1.28
responses	1.99	1.52
omg	2.00	1.61
beastly	2.00	1.71
hearing	2.01	1.23
crazy	2.02	1.48
birthday	2.02	1.32
xmas	2.03	1.13
must	2.04	1.81
dying	2.04	1.45
wicked	2.05	1.71
hah	2.07	1.59
exclusively	2.07	1.48
spectacular	2.08	1.44
hi	2.13	1.59
noted	2.14	1.32
lol	2.16	1.96
thats	2.17	1.96
recommendation	2.17	1.57
response	2.17	1.71
beautiful	2.18	1.31
fair	2.19	1.99
holy	2.23	1.72
pull	2.24	1.57
hope	2.25	1.66
coinage	2.25	1.76
interesting	2.26	2.07
relax	2.27	1.45
welp	2.27	1.51
explanation	2.27	1.75
ill	2.29	1.66
decent	2.29	1.41
p	2.30	1.87
outrageous	2.30	1.41
rough	2.31	1.64
answering	2.31	1.78
thoughts	2.32	1.46
helping	2.33	1.24
yea	2.33	1.94
christmas	2.35	1.80
nope	2.35	1.87
woah	2.35	1.47
tho	2.40	1.94
hahaha	2.42	1.70
neat	2.42	1.58
hehe	2.43	1.85
sir	2.43	1.51
oh	2.43	1.87
lucky	2.43	1.59
helpful	2.44	1.89
figured	2.44	1.66
advance	2.45	1.64
filthy	2.45	1.41
yeah	2.45	1.88
info	2.46	1.64
sounds	2.47	1.84
help	2.47	1.69
ohh	2.48	1.83
tips	2.51	1.64
dang	2.52	1.73
helped	2.52	1.54
ideas	2.53	1.55
gotcha	2.53	1.88
hahah	2.53	1.67
reply	2.54	1.70
ha	2.56	1.73
recommendations	2.59	1.60
ahhh	2.59	1.87
thx	2.62	1.88
guys	2.65	1.63
yup	2.65	1.78
dope	2.65	1.36
heaps	2.67	1.62
ahh	2.68	1.81
ah	2.69	1.80
nah	2.70	1.75
damn	2.71	1.86
ya	2.73	1.81
wish	2.74	1.44
insight	2.76	1.58
suggestions	2.78	1.62
okay	2.80	1.75
sick	2.84	1.33
feedback	2.85	1.63
np	2.85	1.67
haha	2.86	1.78
anyways	2.92	1.68
tip	2.92	1.63
input	2.93	1.65
job	2.95	1.54
pal	2.96	1.58
luck	2.98	1.56
welcome	3.01	1.60
cool	3.02	1.71
buddy	3.02	1.60
bro	3.02	1.63
looks	3.03	1.66
btw	3.03	1.56
appreciated	3.03	1.57
worries	3.05	1.64
congrats	3.06	1.51
ok	3.06	1.67
dude	3.06	1.69
anyway	3.08	1.64
suggestion	3.09	1.56
bud	3.11	1.64
advice	3.11	1.54
wow	3.11	1.62
glad	3.11	1.33
thank	3.11	1.66
merry	3.14	1.36
alright	3.14	1.65
sharing	3.15	1.59
sweet	3.18	1.59
man	3.20	1.61
mate	3.21	1.61
appreciate	3.22	1.56
hey	3.22	1.54
thanks	3.23	1.59
cheers	3.25	1.58
