cardboard	-8.43	1.75
crappy	-7.96	1.88
dirty	-7.65	2.25
shitty	-7.03	2.57
tough	-6.84	2.28
horribly	-6.74	2.12
worse	-6.26	2.41
crush	-6.20	3.70
none	-5.98	2.15
swear	-5.93	2.35
cry	-5.89	2.95
shame	-5.82	2.73
tasteless	-5.78	2.66
blown	-5.50	2.82
sugars	-5.45	3.92
garbage	-5.34	2.73
processed	-5.33	3.50
flavorless	-5.28	2.46
bland	-5.24	2.35
replace	-5.13	3.89
subway	-5.04	3.49
greasy	-5.04	2.94
mcdonalds	-5.03	3.86
fake	-4.93	3.37
angry	-4.90	3.28
smells	-4.88	2.09
conditions	-4.81	3.06
mcd	-4.78	3.76
employees	-4.74	3.40
kfc	-4.70	3.67
potential	-4.64	3.41
poor	-4.63	2.62
castle	-4.63	3.63
majority	-4.52	3.50
boring	-4.51	2.41
rude	-4.40	2.79
burnt	-4.39	2.97
child	-4.37	3.24
vomit	-4.33	3.28
essentially	-4.28	3.33
cafeteria	-4.26	3.10
wins	-4.24	2.93
sick	-4.15	3.28
smell	-4.11	2.39
crap	-4.08	2.75
earlier	-4.07	3.48
understood	-4.03	2.59
disappointed	-3.96	3.57
mostly	-3.94	2.73
luckily	-3.91	3.06
legit	-3.90	2.63
googled	-3.82	2.97
avoid	-3.76	3.30
diarrhea	-3.76	3.27
needed	-3.76	3.10
glue	-3.73	3.22
laughing	-3.71	3.42
tasted	-3.71	2.40
watery	-3.68	2.70
mental	-3.63	3.22
created	-3.54	3.27
vegans	-3.52	3.07
circlejerk	-3.48	3.91
assumption	-3.47	3.24
himself	-3.44	3.09
crave	-3.41	3.15
dragon	-3.39	3.31
liking	-3.37	3.57
tastes	-3.28	2.55
ignorant	-3.26	3.76
anymore	-3.24	3.55
lack	-3.20	3.10
mediocre	-3.20	2.73
unfortunately	-3.20	3.44
preferred	-3.15	2.76
hating	-3.10	3.76
whats	-3.06	3.19
dislike	-2.99	2.85
disagree	-2.99	3.32
completely	-2.98	3.65
parent	-2.98	4.01
unappetizing	-2.94	2.28
entire	-2.91	3.68
trust	-2.90	2.83
peoples	-2.88	2.76
kinda	-2.88	2.55
cringe	-2.87	3.14
stale	-2.87	1.62
weird	-2.86	2.38
pbr	-2.86	4.04
happens	-2.85	3.49
curious	-2.84	3.35
fondant	-2.84	3.06
fight	-2.84	3.80
tells	-2.84	3.33
ridiculous	-2.81	2.73
tries	-2.80	3.17
sugary	-2.79	1.99
parents	-2.76	3.49
overcooked	-2.76	1.73
artificial	-2.75	1.65
talking	-2.73	4.86
related	-2.73	2.96
inferior	-2.72	1.56
lacking	-2.72	2.82
recall	-2.70	4.50
upset	-2.69	2.83
wants	-2.67	3.30
talk	-2.66	3.44
disappointing	-2.65	2.48
nothing	-2.64	3.81
assuming	-2.64	4.94
dumb	-2.63	3.86
shared	-2.63	2.53
comfortable	-2.62	4.20
mcdonald	-2.62	2.28
mistaken	-2.62	4.65
disgusting	-2.61	2.17
bad	-2.60	3.37
produced	-2.59	1.33
working	-2.56	2.97
ignorance	-2.55	2.97
junk	-2.54	1.68
planet	-2.51	3.80
knows	-2.51	3.15
ideal	-2.49	2.75
confused	-2.49	4.20
seeing	-2.46	3.22
mushy	-2.45	1.82
hungover	-2.44	4.31
saying	-2.44	5.09
joking	-2.44	4.66
biggest	-2.43	3.50
eaten	-2.43	3.36
entirely	-2.42	4.10
redneck	-2.41	3.65
wonder	-2.41	3.32
ive	-2.41	3.68
odd	-2.39	2.57
hamburgers	-2.38	1.42
mess	-2.38	1.71
laugh	-2.38	2.98
uses	-2.37	3.00
fool	-2.36	4.53
offended	-2.36	3.01
hipsters	-2.33	3.39
liked	-2.33	2.50
ever	-2.32	3.59
basics	-2.27	4.63
puts	-2.25	3.06
smile	-2.23	3.23
part	-2.23	3.49
doing	-2.22	4.68
crying	-2.21	3.08
aware	-2.15	4.35
overpriced	-2.15	1.50
gave	-2.15	2.89
opposite	-2.14	4.45
exact	-2.14	4.52
missing	-2.14	4.76
gamey	-2.13	1.57
likes	-2.09	3.23
irrelevant	-2.09	3.97
unless	-2.08	5.03
chains	-2.07	1.99
absurd	-2.07	2.78
thinking	-2.06	4.40
sarcastic	-2.05	4.57
king	-2.05	2.11
ugh	-2.03	1.98
gross	-2.02	2.34
greatest	-2.02	3.47
rubbery	-2.01	1.71
re	-2.01	4.81
chain	-1.99	1.57
wash	-1.98	1.60
awkward	-1.98	2.63
environment	-1.98	1.68
supposed	-1.98	4.99
burger	-1.97	1.90
wendy	-1.97	2.11
sucks	-1.97	1.59
jimmy	-1.96	1.49
ashamed	-1.95	3.86
idiots	-1.93	3.22
point	-1.93	4.62
soggy	-1.93	1.69
easiest	-1.92	3.22
generic	-1.91	1.61
absolute	-1.90	3.03
obviously	-1.90	4.61
fishy	-1.90	1.66
referring	-1.88	4.32
substance	-1.88	1.77
prison	-1.85	1.50
arguing	-1.85	2.40
gag	-1.84	1.46
familiar	-1.83	2.46
cheeseburger	-1.82	1.58
soap	-1.82	1.69
same	-1.81	4.49
thinks	-1.81	2.96
infused	-1.80	1.51
asked	-1.80	2.81
believe	-1.77	4.78
hardest	-1.75	3.06
pedantic	-1.75	2.15
category	-1.73	1.31
ruins	-1.73	2.51
saturated	-1.71	1.70
where	-1.71	4.79
concerned	-1.71	2.80
haters	-1.70	3.39
yuck	-1.67	1.57
compared	-1.67	1.59
mean	-1.66	4.78
somehow	-1.63	2.01
frankly	-1.62	2.77
fingers	-1.62	1.52
mass	-1.61	1.50
hut	-1.60	1.70
correctly	-1.59	4.56
bored	-1.57	1.66
what	-1.55	4.78
oily	-1.55	1.65
incorrect	-1.55	4.42
halfway	-1.54	1.46
covering	-1.54	1.94
lazy	-1.53	2.77
pointing	-1.53	4.46
household	-1.51	1.10
wipe	-1.51	1.53
case	-1.51	4.80
sink	-1.49	1.51
college	-1.45	1.33
telling	-1.45	2.38
oils	-1.45	1.75
limited	-1.45	1.65
burgers	-1.43	1.60
offensive	-1.43	2.29
fan	-1.42	2.74
overrated	-1.42	1.47
johns	-1.42	1.64
assume	-1.42	4.73
inedible	-1.41	1.68
guessing	-1.40	3.44
camera	-1.40	1.56
there	-1.40	4.53
convenience	-1.40	1.63
fries	-1.39	1.44
pile	-1.39	1.70
clean	-1.38	1.55
sure	-1.38	4.46
gloves	-1.35	1.52
mainly	-1.34	1.82
scary	-1.34	2.41
meant	-1.34	4.68
tasting	-1.33	1.78
mush	-1.32	1.49
lunches	-1.32	1.35
among	-1.32	1.40
spelled	-1.31	4.71
desert	-1.31	1.42
whataburger	-1.30	1.58
taco	-1.30	1.67
venison	-1.30	1.42
soul	-1.29	2.91
children	-1.28	1.32
buying	-1.28	2.83
pointless	-1.27	2.08
undercooked	-1.27	1.49
frequent	-1.26	1.59
intrigued	-1.26	2.42
student	-1.26	1.62
burns	-1.25	1.53
poisoning	-1.25	1.69
products	-1.25	1.77
cane	-1.24	1.56
suddenly	-1.23	1.72
tall	-1.23	1.53
insult	-1.23	1.72
wondering	-1.23	3.13
boxes	-1.23	1.44
asking	-1.22	2.98
overdone	-1.22	1.44
crushed	-1.22	1.47
typical	-1.22	1.54
box	-1.22	1.41
suspect	-1.21	1.73
responsible	-1.20	2.75
station	-1.20	1.44
guilty	-1.19	2.07
acting	-1.19	1.93
felt	-1.19	1.61
students	-1.19	1.53
hotdogs	-1.19	1.42
imitation	-1.19	1.48
adventurous	-1.19	2.64
in-n-out	-1.19	1.55
hands	-1.18	1.45
downvoting	-1.17	2.54
attitude	-1.17	1.81
rough	-1.17	1.36
steaming	-1.17	1.68
phone	-1.17	1.70
stupid	-1.16	2.40
failed	-1.16	1.94
kraft	-1.16	1.70
complaining	-1.16	2.14
shack	-1.16	1.53
regret	-1.15	2.11
taste	-1.14	1.80
expected	-1.14	1.54
flavored	-1.14	1.38
staff	-1.14	1.44
toilet	-1.14	1.46
meh	-1.14	1.62
refined	-1.13	1.72
chipotle	-1.13	1.60
habit	-1.13	1.55
nuggets	-1.13	1.31
worried	-1.12	2.42
carbs	-1.12	1.77
running	-1.12	2.19
education	-1.11	1.60
primarily	-1.11	1.66
feeling	-1.11	2.61
shake	-1.10	1.51
delivery	-1.10	1.38
superior	-1.10	1.41
affordable	-1.08	2.43
thrown	-1.08	1.63
palm	-1.08	1.52
n	-1.08	1.51
surprised	-1.08	2.57
identical	-1.08	2.54
flavoring	-1.07	1.57
pissed	-1.07	2.21
writing	-1.07	1.63
runs	-1.06	1.02
chemicals	-1.06	1.66
overly	-1.06	1.70
clove	-1.05	1.44
guys	-1.05	1.57
feet	-1.05	1.51
pepsi	-1.05	1.43
zero	-1.05	1.40
ruined	-1.04	1.68
calling	-1.04	2.10
trash	-1.03	1.61
afraid	-1.03	2.85
starbucks	-1.02	1.61
subjective	-1.02	2.39
hair	-1.02	1.52
joint	-1.02	1.58
experienced	-1.02	1.93
gotten	-1.01	1.81
impress	-1.01	1.95
regards	-1.01	1.94
jerky	-1.00	1.38
impressed	-1.00	2.67
honest	-1.00	2.69
typo	-1.00	4.35
foam	-1.00	1.57
fats	-1.00	1.68
wraps	-1.00	1.29
no	-0.99	4.12
hipster	-0.99	1.87
killing	-0.99	1.88
john	-0.99	1.28
killed	-0.99	1.24
death	-0.99	1.37
preservatives	-0.98	1.67
customers	-0.98	1.49
national	-0.98	1.42
pricey	-0.98	2.65
schools	-0.98	1.46
action	-0.98	1.77
rid	-0.98	1.71
wondered	-0.98	2.05
essential	-0.98	1.81
moose	-0.97	1.38
system	-0.97	1.56
quicker	-0.97	1.63
missed	-0.97	4.23
abomination	-0.97	2.39
doesnt	-0.96	1.92
pretentious	-0.96	2.00
based	-0.96	2.01
reasons	-0.96	1.95
burning	-0.96	1.82
interested	-0.95	2.56
suggesting	-0.95	2.73
industrial	-0.95	1.60
power	-0.95	1.79
haggis	-0.95	1.46
stuck	-0.94	1.49
annoying	-0.94	1.59
tired	-0.94	2.21
tissue	-0.93	1.40
contains	-0.93	1.42
tank	-0.93	1.46
ruining	-0.93	1.98
noticed	-0.93	1.78
bugs	-0.93	1.71
bell	-0.93	1.54
extreme	-0.93	1.55
mad	-0.93	2.15
lean	-0.93	1.39
tap	-0.93	1.52
university	-0.93	1.50
ripped	-0.92	1.85
vagina	-0.92	1.59
watermelon	-0.92	1.41
measurements	-0.90	2.64
fiber	-0.90	1.67
public	-0.89	1.55
nutrients	-0.89	1.65
doritos	-0.88	1.51
stopped	-0.88	2.20
bullshit	-0.88	1.96
argument	-0.87	2.65
favorite	-0.87	2.91
leg	-0.87	1.50
obvious	-0.87	2.40
whether	-0.87	2.99
describing	-0.87	2.63
fault	-0.86	2.37
school	-0.86	1.37
jello	-0.86	1.40
belgian	-0.86	1.36
throwing	-0.86	2.19
sucked	-0.86	1.72
99	-0.86	1.69
opinion	-0.85	2.83
unnecessary	-0.85	1.91
feed	-0.85	1.63
downvoted	-0.85	2.66
hint	-0.84	1.55
record	-0.84	2.07
guess	-0.84	4.21
alive	-0.84	1.81
winning	-0.84	1.59
act	-0.84	1.79
protein	-0.84	1.64
claims	-0.84	1.48
buys	-0.83	1.73
dedicated	-0.83	1.60
contain	-0.82	1.78
burned	-0.82	1.44
fresher	-0.82	1.70
percentage	-0.82	1.61
house	-0.82	1.32
weak	-0.82	1.46
club	-0.80	1.41
getting	-0.80	2.80
hungry	-0.80	2.66
prefer	-0.80	1.68
eating	-0.80	2.86
tried	-0.79	1.90
jaw	-0.79	1.52
cocktail	-0.79	1.62
happening	-0.79	2.74
orders	-0.79	1.47
complete	-0.79	2.21
desire	-0.79	1.79
drunk	-0.79	2.61
0	-0.79	1.54
lead	-0.79	1.43
assumed	-0.79	1.87
caviar	-0.79	1.36
everywhere	-0.78	1.72
right	-0.78	4.05
beats	-0.78	1.72
soaking	-0.78	1.66
depends	-0.78	2.61
product	-0.78	1.83
envy	-0.77	1.41
than	-0.77	1.71
delivered	-0.77	1.19
hear	-0.77	2.26
risk	-0.77	1.87
calls	-0.76	2.05
against	-0.76	2.15
suppose	-0.76	2.86
tears	-0.76	1.50
parasites	-0.76	1.70
strictly	-0.76	1.97
without	-0.76	2.29
sleep	-0.76	1.84
feels	-0.76	1.68
expert	-0.76	2.24
nonsense	-0.75	1.83
double	-0.75	1.40
five	-0.75	1.52
ourselves	-0.75	2.16
women	-0.75	1.28
jerk	-0.75	2.12
specifically	-0.75	1.98
filter	-0.75	1.52
compare	-0.75	2.11
being	-0.75	2.80
tail	-0.75	1.42
despite	-0.74	1.92
packaged	-0.74	1.80
douche	-0.74	2.24
enjoying	-0.74	1.75
legal	-0.74	2.06
claim	-0.74	2.23
msg	-0.74	1.50
roots	-0.74	1.38
hospital	-0.74	1.50
proteins	-0.74	1.69
stand	-0.73	2.10
understand	-0.73	3.15
else	-0.73	2.25
debate	-0.73	2.22
hype	-0.73	1.71
starving	-0.73	1.68
judge	-0.73	2.28
cappuccino	-0.73	1.46
minus	-0.73	1.77
logic	-0.72	2.30
swedish	-0.72	1.40
moving	-0.72	1.25
joy	-0.72	1.51
heard	-0.72	2.00
clue	-0.72	2.94
listen	-0.72	2.13
stop	-0.72	2.54
eats	-0.72	1.68
adult	-0.72	1.46
portland	-0.71	1.79
picky	-0.71	1.83
neither	-0.71	2.13
crisps	-0.71	1.44
temperatures	-0.71	2.02
walk	-0.71	1.54
makers	-0.71	1.45
trend	-0.70	1.60
banned	-0.70	1.53
bear	-0.70	1.81
behind	-0.70	1.81
mood	-0.70	1.77
bothered	-0.70	2.68
screen	-0.70	1.59
soak	-0.70	1.70
ended	-0.69	2.25
needs	-0.69	1.57
using	-0.69	2.13
apartment	-0.69	1.37
naturally	-0.69	1.96
equipment	-0.68	1.63
partially	-0.68	1.96
joints	-0.68	1.49
exposed	-0.68	1.42
tastier	-0.68	1.66
treated	-0.68	1.40
pasteurized	-0.68	1.61
ends	-0.68	1.48
sex	-0.67	1.44
kc	-0.67	1.38
sort	-0.67	2.31
choose	-0.67	2.17
stops	-0.67	1.76
math	-0.67	2.27
intended	-0.67	2.64
agree	-0.67	3.96
described	-0.67	2.08
snob	-0.67	2.19
rarely	-0.67	1.54
everyday	-0.66	1.51
official	-0.66	1.40
coast	-0.66	1.53
excuse	-0.66	1.92
fad	-0.66	1.62
rain	-0.66	2.01
counts	-0.66	2.13
except	-0.66	2.21
suggests	-0.66	1.79
facts	-0.66	1.89
having	-0.66	2.80
describe	-0.66	2.70
waiter	-0.66	1.29
grains	-0.66	1.66
differently	-0.66	2.08
temps	-0.65	2.10
sets	-0.65	1.21
fast	-0.65	1.91
recommended	-0.65	1.61
smash	-0.65	1.46
complain	-0.65	2.81
jokes	-0.65	1.75
soaked	-0.65	1.64
spoons	-0.65	1.61
lame	-0.65	1.71
cheesesteak	-0.65	1.25
dietary	-0.64	1.66
clever	-0.64	2.51
previously	-0.64	1.81
supposedly	-0.64	1.46
employee	-0.64	1.46
insane	-0.64	2.18
nobody	-0.64	1.74
flavoured	-0.64	1.47
appeal	-0.64	2.09
hamburger	-0.64	1.32
moment	-0.63	1.78
argue	-0.63	2.61
court	-0.63	1.58
uni	-0.63	1.31
chances	-0.63	2.01
contents	-0.63	1.41
latter	-0.63	1.64
whereas	-0.62	1.61
closer	-0.62	1.53
primary	-0.62	1.92
nor	-0.62	1.93
eyes	-0.61	1.59
rural	-0.61	1.90
idk	-0.61	2.11
kills	-0.61	1.52
trim	-0.61	1.38
relationship	-0.61	1.34
adults	-0.61	1.89
salmonella	-0.61	1.70
department	-0.61	1.50
craving	-0.61	1.85
basically	-0.61	2.54
franklin	-0.61	1.42
whole	-0.60	2.01
serves	-0.60	1.57
bringing	-0.60	2.00
consider	-0.60	2.45
hanging	-0.60	1.76
absorb	-0.60	1.67
dunno	-0.60	1.83
animal	-0.60	1.47
liquor	-0.60	1.52
realize	-0.60	2.95
social	-0.59	1.36
foodie	-0.59	1.94
ftfy	-0.59	1.54
singapore	-0.59	1.44
smart	-0.59	1.95
removing	-0.59	1.68
private	-0.59	1.47
enjoyed	-0.59	2.09
patty	-0.59	1.33
pretend	-0.59	2.69
door	-0.59	1.47
expect	-0.59	2.59
brand	-0.59	1.74
crime	-0.59	1.46
health	-0.59	1.78
simply	-0.59	2.70
offense	-0.59	1.51
harm	-0.59	2.79
beer	-0.59	1.66
terms	-0.59	2.02
lately	-0.59	1.71
judging	-0.58	1.91
server	-0.58	1.47
single	-0.58	2.07
shits	-0.58	1.59
stomach	-0.58	1.57
rubber	-0.58	1.50
cares	-0.58	1.73
model	-0.57	1.97
appropriate	-0.57	1.76
fear	-0.57	2.32
nc	-0.57	1.35
dying	-0.57	2.10
squeeze	-0.57	1.53
mac	-0.57	1.35
companies	-0.57	1.55
preference	-0.56	1.78
upper	-0.56	1.57
force	-0.56	1.68
artisan	-0.56	1.52
affect	-0.56	1.53
misleading	-0.56	1.80
upvoted	-0.56	1.70
tricky	-0.56	1.83
competition	-0.56	1.39
harsh	-0.55	1.76
issues	-0.55	1.81
country	-0.55	2.06
ordinary	-0.55	1.57
leads	-0.55	1.89
valid	-0.55	2.18
vermont	-0.55	1.55
position	-0.55	2.27
war	-0.55	1.37
grease	-0.55	1.49
patties	-0.55	1.31
going	-0.55	3.39
massive	-0.54	1.98
sloppy	-0.54	1.33
families	-0.54	1.60
iirc	-0.54	1.26
instead	-0.54	1.94
decision	-0.54	1.77
conversation	-0.54	1.86
included	-0.54	1.51
prevent	-0.54	1.96
problems	-0.53	1.77
explains	-0.53	1.69
nation	-0.53	1.57
labeling	-0.53	2.19
bar	-0.53	1.45
better	-0.53	1.67
jobs	-0.53	1.70
vegetarians	-0.52	1.67
eater	-0.52	1.86
youre	-0.52	2.23
chunk	-0.52	1.49
craft	-0.52	1.63
shock	-0.52	1.63
fucks	-0.52	1.63
village	-0.52	1.87
hardly	-0.51	1.91
level	-0.51	1.91
lou	-0.51	1.35
wedge	-0.51	1.44
bother	-0.51	3.05
company	-0.51	1.41
creme	-0.51	1.10
washing	-0.51	1.61
grows	-0.51	1.35
cali	-0.51	1.55
poison	-0.51	1.59
sodium	-0.51	1.57
hide	-0.51	1.61
sells	-0.50	1.55
gum	-0.50	1.43
poured	-0.50	1.66
lies	-0.50	1.73
sorta	-0.50	1.41
notice	-0.50	2.79
switch	-0.50	1.72
papa	-0.50	1.57
genetic	-0.50	1.88
towards	-0.50	2.05
finishing	-0.50	1.80
sponge	-0.50	1.29
dew	-0.50	1.44
favor	-0.50	1.97
expecting	-0.50	1.75
suffer	-0.50	1.98
extent	-0.50	1.65
becoming	-0.50	1.46
crumbly	-0.50	1.70
changing	-0.49	2.14
locals	-0.49	1.76
sandwiches	-0.49	1.40
theres	-0.49	1.94
cunt	-0.49	2.15
typically	-0.49	1.93
solid	-0.49	1.45
quit	-0.49	2.29
keto	-0.49	2.18
drinking	-0.49	1.74
pointed	-0.49	1.96
favorites	-0.49	1.91
shocked	-0.49	1.92
due	-0.48	1.69
packet	-0.48	1.96
weather	-0.48	1.50
from	-0.48	1.82
metric	-0.48	1.88
die	-0.48	1.84
anyone	-0.48	2.24
customer	-0.48	1.55
people	-0.48	2.29
possibly	-0.48	2.05
nacho	-0.48	1.78
assholes	-0.48	2.03
deer	-0.48	1.48
key	-0.48	1.85
win	-0.47	1.57
shelf	-0.47	1.76
constant	-0.47	1.72
statement	-0.47	2.69
grade	-0.47	1.54
learning	-0.47	2.41
opinions	-0.47	2.05
pain	-0.47	1.78
ignore	-0.47	2.03
scrapple	-0.47	1.54
pulling	-0.47	1.78
farmed	-0.47	1.94
been	-0.47	2.07
keep	-0.47	2.27
preparing	-0.47	1.94
remember	-0.47	3.01
deserves	-0.47	1.53
drink	-0.47	1.69
philly	-0.46	1.40
maple	-0.46	1.53
drove	-0.46	1.23
policy	-0.46	2.08
rings	-0.46	1.32
hunting	-0.46	1.55
worry	-0.46	2.55
sweden	-0.46	1.51
shakes	-0.46	1.43
wrote	-0.46	1.57
young	-0.46	1.22
success	-0.46	1.45
issue	-0.46	2.37
chemical	-0.46	1.53
harmful	-0.46	2.01
plain	-0.45	1.58
substitute	-0.45	1.76
glasses	-0.45	1.59
never	-0.45	2.13
ride	-0.45	1.58
browsing	-0.45	2.07
wearing	-0.45	1.41
elk	-0.45	1.50
exist	-0.45	2.49
drown	-0.44	2.50
genuinely	-0.44	2.19
rated	-0.44	1.45
potentially	-0.44	1.85
practically	-0.44	2.07
controlled	-0.44	1.64
current	-0.44	1.49
imagine	-0.44	2.89
dump	-0.44	1.64
processing	-0.44	1.57
diego	-0.44	1.95
95	-0.44	1.58
illegal	-0.44	1.52
literally	-0.43	2.69
matter	-0.43	3.21
who	-0.43	2.08
agreed	-0.43	1.77
everybody	-0.43	1.88
breaks	-0.43	1.61
preferences	-0.43	1.61
value	-0.43	1.72
guac	-0.43	1.38
imho	-0.43	2.00
raw	-0.43	1.61
buttercream	-0.43	1.19
twice	-0.43	1.80
putting	-0.42	2.46
reach	-0.42	1.73
said	-0.42	2.35
themselves	-0.42	1.63
guarantee	-0.42	2.32
largest	-0.42	1.71
taiwan	-0.42	1.53
met	-0.42	1.60
blame	-0.42	1.97
growth	-0.42	1.45
sandwich	-0.42	1.38
asshole	-0.41	2.20
wear	-0.41	1.53
caught	-0.41	1.50
kitchen	-0.41	1.63
originated	-0.41	1.44
curds	-0.41	1.41
code	-0.41	1.61
has	-0.41	1.39
clicked	-0.41	2.07
end	-0.41	2.76
walked	-0.41	1.75
troll	-0.41	2.06
town	-0.40	1.48
impossible	-0.40	1.84
stands	-0.40	1.74
about	-0.40	2.80
midwest	-0.40	1.88
suit	-0.40	1.40
totally	-0.40	3.69
resist	-0.40	2.62
cat	-0.40	1.31
50/50	-0.40	1.47
stems	-0.40	1.51
claiming	-0.40	2.09
strict	-0.39	1.53
comparing	-0.39	1.57
tree	-0.39	1.33
changed	-0.39	1.65
id	-0.39	2.07
recognize	-0.39	2.33
forget	-0.39	3.03
bottle	-0.39	1.46
wing	-0.39	1.49
started	-0.39	2.16
receive	-0.38	1.67
hard	-0.38	2.25
named	-0.38	1.64
racist	-0.38	1.80
apparently	-0.38	1.93
pre-made	-0.38	1.56
taking	-0.38	2.14
vegan	-0.38	1.64
breakfasts	-0.38	1.50
beers	-0.38	1.61
waffle	-0.38	1.33
broken	-0.38	1.64
differ	-0.38	1.67
damage	-0.38	1.72
intolerant	-0.38	1.76
itself	-0.38	1.48
rinse	-0.38	1.51
pregnant	-0.38	1.32
given	-0.38	1.44
korea	-0.38	1.53
tooth	-0.37	1.88
cant	-0.37	2.34
reading	-0.37	2.25
explain	-0.37	2.64
anything	-0.37	2.91
lying	-0.37	2.28
lays	-0.37	1.25
voted	-0.37	1.89
spot	-0.37	1.77
survive	-0.37	2.34
packs	-0.37	1.50
opening	-0.37	1.46
myth	-0.36	2.26
production	-0.36	1.54
profit	-0.36	1.70
chips	-0.36	1.29
topic	-0.36	2.35
waiting	-0.36	2.10
food	-0.36	2.04
government	-0.36	1.63
basis	-0.36	1.76
pride	-0.36	1.45
wild	-0.36	1.56
selling	-0.36	2.04
fix	-0.36	2.30
perhaps	-0.36	2.45
dick	-0.36	2.04
baker	-0.36	2.05
u.s	-0.36	1.78
anywhere	-0.36	2.72
donuts	-0.36	1.29
cart	-0.35	1.42
dress	-0.35	1.37
cottage	-0.35	1.17
drinks	-0.35	1.54
pre	-0.35	1.59
forced	-0.35	1.96
scared	-0.35	2.17
everyone	-0.35	2.00
didnt	-0.35	2.39
ohio	-0.35	1.79
equivalent	-0.35	1.74
blew	-0.35	1.43
lines	-0.35	1.85
failure	-0.35	1.44
corporations	-0.35	1.66
afterwards	-0.35	1.56
served	-0.35	1.43
why	-0.35	3.28
store-bought	-0.35	1.58
crops	-0.35	2.03
broke	-0.35	1.23
lift	-0.35	1.82
zone	-0.35	1.64
m	-0.35	2.94
access	-0.34	1.90
includes	-0.34	1.49
upon	-0.34	1.59
badly	-0.34	2.23
net	-0.34	1.58
subject	-0.34	2.08
use	-0.34	2.36
fat	-0.34	1.44
colorado	-0.34	1.59
stories	-0.34	1.56
mr	-0.34	1.52
allows	-0.34	1.46
consumption	-0.34	1.75
gmos	-0.34	1.87
consumer	-0.34	1.71
surge	-0.34	1.42
imported	-0.34	1.53
dangerous	-0.34	1.65
group	-0.34	1.57
hurt	-0.34	2.06
subs	-0.33	1.55
afford	-0.33	2.57
limit	-0.33	1.71
obesity	-0.33	1.63
ours	-0.33	1.82
confirmed	-0.33	1.76
confusing	-0.33	1.76
and/or	-0.33	1.47
passed	-0.33	1.24
difference	-0.33	2.66
produces	-0.33	1.48
washed	-0.33	1.38
regulation	-0.33	1.69
allowing	-0.33	1.68
obese	-0.33	1.94
destroy	-0.33	2.31
adjust	-0.33	1.59
bottles	-0.33	1.50
kebab	-0.33	1.97
animals	-0.33	1.62
purely	-0.33	1.93
says	-0.33	2.07
belgium	-0.33	2.04
towel	-0.32	1.48
strongly	-0.32	1.82
cleaning	-0.32	1.70
income	-0.32	1.82
intake	-0.32	1.61
dicks	-0.32	1.87
otherwise	-0.32	2.22
spoiled	-0.32	1.79
reason	-0.32	3.11
sorts	-0.32	1.66
showed	-0.32	1.32
rush	-0.32	1.78
levels	-0.32	1.75
vide	-0.32	1.65
overcook	-0.31	1.89
canada	-0.31	2.13
willing	-0.31	2.85
factor	-0.31	1.97
unlike	-0.31	1.78
immigrants	-0.31	1.35
figure	-0.31	3.02
suggest	-0.31	2.36
syrup	-0.31	1.44
fish	-0.31	1.60
street	-0.31	1.57
studies	-0.31	1.64
careful	-0.31	1.63
practices	-0.31	1.54
anytime	-0.31	1.94
members	-0.31	1.63
volume	-0.31	1.72
head	-0.31	1.59
wage	-0.31	1.55
rudy	-0.31	1.55
loaded	-0.31	1.52
shoot	-0.31	1.56
item	-0.30	1.73
nachos	-0.30	1.36
steakhouse	-0.30	1.35
checking	-0.30	1.69
rancheros	-0.30	1.55
bed	-0.30	1.79
utensils	-0.30	1.61
alcohol	-0.30	1.67
prawn	-0.30	1.37
trader	-0.30	1.68
allowed	-0.30	2.41
blast	-0.30	1.29
apply	-0.30	2.16
falling	-0.30	1.47
clear	-0.30	2.44
lighting	-0.30	1.49
perspective	-0.30	1.93
helping	-0.30	1.38
kids	-0.30	1.30
snake	-0.30	2.13
kitchens	-0.30	1.77
sous	-0.30	1.62
owner	-0.30	1.50
beast	-0.30	1.56
goods	-0.29	1.48
awhile	-0.29	1.87
nature	-0.29	1.57
imo	-0.29	1.66
wont	-0.29	2.17
decide	-0.29	2.71
heavily	-0.29	1.62
trendy	-0.29	1.62
specialty	-0.29	1.56
hang	-0.29	1.77
dense	-0.29	1.40
fit	-0.29	1.98
gone	-0.29	1.60
associated	-0.29	1.61
arent	-0.29	2.17
contamination	-0.29	1.76
varies	-0.29	1.66
temperature	-0.29	2.03
paleo	-0.29	1.67
calories	-0.29	1.64
skinny	-0.29	1.56
bowls	-0.29	1.35
testing	-0.28	2.27
loud	-0.28	1.67
ability	-0.28	2.09
shooter	-0.28	1.49
passion	-0.28	1.53
oregon	-0.28	1.61
false	-0.28	1.89
gets	-0.28	1.36
lifestyle	-0.28	1.63
type	-0.28	2.69
crockpot	-0.28	1.93
seem	-0.28	2.24
safety	-0.28	1.72
care	-0.28	3.14
scotland	-0.28	1.85
aunt	-0.27	1.43
anybody	-0.27	2.04
playing	-0.27	1.45
cooking	-0.27	2.10
further	-0.27	1.59
heads	-0.27	1.90
question	-0.27	3.20
theme	-0.27	1.33
places	-0.27	2.04
trolling	-0.27	2.35
mention	-0.27	2.94
truck	-0.27	1.53
chip	-0.27	1.15
course	-0.27	2.81
admit	-0.27	2.51
experiences	-0.27	1.81
handle	-0.27	2.16
nose	-0.27	1.47
fail	-0.27	1.90
regulations	-0.27	1.63
button	-0.27	2.07
india	-0.27	1.53
teach	-0.27	1.91
publix	-0.27	1.59
jump	-0.27	2.04
laws	-0.27	1.69
proportions	-0.27	2.32
idiot	-0.27	2.40
designed	-0.27	1.62
wasting	-0.27	2.07
usda	-0.27	1.75
see	-0.27	3.11
differences	-0.26	1.92
hunt	-0.26	1.85
name	-0.26	2.92
kept	-0.26	2.17
walking	-0.26	1.71
farmers	-0.26	1.62
prove	-0.26	2.41
sticking	-0.26	1.83
tilapia	-0.26	1.54
body	-0.26	1.57
forever	-0.26	1.61
him	-0.26	1.61
lunch	-0.26	1.41
vancouver	-0.26	1.83
ordered	-0.26	1.36
candy	-0.26	1.36
prevents	-0.26	1.62
run	-0.26	1.71
local	-0.26	1.66
ale	-0.26	1.80
main	-0.26	2.03
costco	-0.26	1.72
sitting	-0.26	2.15
shaped	-0.26	1.43
peeling	-0.26	1.79
aspect	-0.26	1.73
rock	-0.25	1.67
agent	-0.25	1.77
comparable	-0.25	1.65
shops	-0.25	1.59
punch	-0.25	1.47
regional	-0.25	1.86
buds	-0.25	1.45
ensure	-0.25	1.63
foot	-0.25	1.57
nz	-0.25	2.07
big	-0.25	2.12
scientific	-0.25	1.92
cause	-0.25	1.90
gmo	-0.25	1.84
insects	-0.25	1.83
making	-0.25	2.68
restaurants	-0.25	1.53
temp	-0.25	2.04
happen	-0.25	2.89
measure	-0.25	2.32
terribly	-0.25	1.88
amounts	-0.25	1.82
wait	-0.25	2.74
near	-0.24	2.00
jersey	-0.24	1.39
wa	-0.24	2.02
empty	-0.24	1.46
burrito	-0.24	1.38
call	-0.24	2.56
human	-0.24	1.66
mentioned	-0.24	1.91
ruin	-0.24	2.28
i.e	-0.24	1.59
regarding	-0.24	2.01
machine	-0.24	1.52
socal	-0.24	1.64
somewhere	-0.24	2.39
marshmallow	-0.24	1.20
packets	-0.24	1.51
r/hailcorporate	-0.24	1.61
generations	-0.24	1.47
ex	-0.24	1.53
train	-0.24	1.57
nope	-0.24	2.02
full	-0.24	1.62
owns	-0.24	1.79
program	-0.24	1.52
meatloaf	-0.24	1.32
festival	-0.24	1.72
disease	-0.24	1.54
stores	-0.23	1.67
downvote	-0.23	1.90
amazed	-0.23	2.18
knowing	-0.23	2.44
curd	-0.23	1.33
vs	-0.23	1.70
virginia	-0.23	1.51
comparison	-0.23	1.50
hawaiian	-0.23	1.13
know	-0.23	3.33
coke	-0.23	1.44
<SPECIAL>	-0.23	1.47
<URL>	-0.23	1.47
happened	-0.23	1.84
store	-0.23	1.66
neighborhood	-0.23	1.56
dead	-0.23	1.51
norway	-0.23	1.70
encourage	-0.23	2.10
california	-0.23	1.59
businesses	-0.23	1.68
foodies	-0.23	1.72
required	-0.23	1.67
discovered	-0.23	1.38
poorly	-0.23	2.04
pantry	-0.23	1.64
am	-0.22	2.44
cancer	-0.22	1.63
pouring	-0.22	1.84
sashimi	-0.22	1.43
area	-0.22	1.85
huevos	-0.22	1.55
nearby	-0.22	1.73
fda	-0.22	1.64
wet	-0.22	1.34
became	-0.22	1.45
convinced	-0.22	1.89
cases	-0.22	1.70
bun	-0.22	1.31
butcher	-0.22	1.65
road	-0.22	1.51
tossing	-0.22	1.92
growing	-0.22	1.25
curiosity	-0.22	2.29
trying	-0.22	2.87
pun	-0.22	2.47
tortilla	-0.22	1.37
trouble	-0.22	2.15
picking	-0.22	1.97
humans	-0.22	1.86
owners	-0.22	1.60
teeth	-0.22	1.55
harder	-0.22	1.66
tuna	-0.22	1.44
laying	-0.21	1.87
random	-0.21	1.44
21	-0.21	1.50
burritos	-0.21	1.36
winner	-0.21	1.53
kong	-0.21	1.47
supermarkets	-0.21	1.62
joe	-0.21	1.48
veggie	-0.21	1.40
diner	-0.21	1.69
legs	-0.21	1.43
dont	-0.21	2.79
tortillas	-0.21	1.39
cooling	-0.21	1.48
wo	-0.21	2.66
apologies	-0.21	2.20
floating	-0.21	1.60
grandfather	-0.21	1.49
sits	-0.20	1.83
learned	-0.20	1.55
useless	-0.20	1.99
thus	-0.20	1.68
negative	-0.20	1.75
daily	-0.20	1.59
tbh	-0.20	1.76
hawaii	-0.20	1.25
keyboard	-0.20	1.72
bunch	-0.20	1.81
fond	-0.20	1.40
exactly	-0.20	3.83
refuse	-0.20	2.23
including	-0.20	1.71
before	-0.20	1.94
booze	-0.20	1.95
trade	-0.20	1.66
austin	-0.20	1.52
considering	-0.20	2.19
whoever	-0.20	1.53
our	-0.20	1.17
nuts	-0.19	1.19
feeding	-0.19	1.67
bbq	-0.19	1.47
grocery	-0.19	1.66
australian	-0.19	1.90
labels	-0.19	1.61
replicate	-0.19	2.21
person	-0.19	2.22
own	-0.19	1.48
consists	-0.19	1.52
home	-0.19	2.02
joes	-0.19	1.65
held	-0.19	1.48
grinding	-0.19	1.72
19	-0.19	1.67
impression	-0.19	1.50
likely	-0.19	2.15
poop	-0.19	1.45
seemed	-0.19	1.41
produce	-0.19	1.70
natural	-0.19	1.21
bagels	-0.19	1.49
charcuterie	-0.18	1.58
vast	-0.18	1.64
crowd	-0.18	1.71
tends	-0.18	1.59
organic	-0.18	1.55
diet	-0.18	1.71
muscle	-0.18	1.51
effects	-0.18	1.80
range	-0.18	1.49
locations	-0.18	1.66
corner	-0.18	1.64
figured	-0.18	1.65
purchased	-0.18	1.70
international	-0.18	1.51
united	-0.18	1.65
convince	-0.18	2.22
necessary	-0.18	1.78
purchase	-0.18	1.93
face	-0.17	1.49
sticks	-0.17	1.45
separated	-0.17	1.33
built	-0.17	1.42
discussion	-0.17	2.29
shop	-0.17	1.60
suggested	-0.17	1.79
eat	-0.17	2.85
counter	-0.17	1.71
bank	-0.17	1.57
ingredient	-0.17	1.85
high	-0.17	1.48
tag	-0.17	1.75
award	-0.17	1.50
definition	-0.17	2.27
yesterday	-0.17	1.71
excess	-0.17	1.54
starting	-0.17	2.09
houston	-0.17	1.56
upvote	-0.17	1.68
pass	-0.17	2.22
buck	-0.17	1.71
knew	-0.17	1.51
truth	-0.17	2.06
alone	-0.17	2.06
replacement	-0.17	1.75
according	-0.17	1.44
father	-0.16	1.61
expectations	-0.16	1.82
reference	-0.16	2.25
mexico	-0.16	1.57
sensitive	-0.16	1.58
feelings	-0.16	1.66
giordano	-0.16	1.39
buns	-0.16	1.27
walmart	-0.16	1.67
finding	-0.16	1.92
market	-0.16	1.66
blind	-0.16	1.94
chest	-0.16	1.54
border	-0.16	1.64
grandparents	-0.16	1.36
granted	-0.16	1.89
depending	-0.16	2.07
michigan	-0.16	1.64
traditionally	-0.16	2.04
cooks	-0.16	1.71
taxes	-0.16	1.62
rules	-0.16	1.68
isnt	-0.16	1.68
recent	-0.16	1.49
guacamole	-0.16	1.38
hunger	-0.16	1.65
uncle	-0.16	1.54
appetizer	-0.16	1.81
velveeta	-0.16	1.44
ugly	-0.16	2.22
retarded	-0.16	2.09
dad	-0.16	1.61
markets	-0.15	1.72
ask	-0.15	2.35
cafe	-0.15	1.51
stated	-0.15	2.07
bacteria	-0.15	1.70
seen	-0.15	2.33
dairy	-0.15	1.50
whilst	-0.15	1.79
waste	-0.15	1.74
say	-0.15	3.21
staying	-0.15	1.79
pairing	-0.15	1.54
supermarket	-0.15	1.67
beard	-0.15	1.59
cleaned	-0.15	1.54
bakery	-0.15	1.54
spaghetti	-0.15	1.63
mixes	-0.15	1.59
plants	-0.15	1.57
boards	-0.15	1.69
vacuum	-0.15	1.50
measuring	-0.15	1.85
grandmother	-0.15	1.60
plenty	-0.15	1.71
surely	-0.15	1.77
glass	-0.15	1.50
butchers	-0.15	1.65
significant	-0.15	2.01
new	-0.15	1.39
prawns	-0.15	1.38
gluten	-0.15	1.51
any	-0.15	2.65
mold	-0.14	1.46
greater	-0.14	1.59
palate	-0.14	1.73
itt	-0.14	1.79
between	-0.14	1.88
sources	-0.14	1.58
sorry	-0.14	3.67
lets	-0.14	1.69
kansas	-0.14	1.53
becomes	-0.14	1.42
reasonable	-0.14	1.55
england	-0.14	1.71
cooler	-0.14	1.64
feel	-0.14	2.67
maine	-0.14	1.43
eventually	-0.14	1.73
celiac	-0.14	1.55
he	-0.14	1.82
fed	-0.14	1.50
stack	-0.14	1.47
cold	-0.14	1.52
office	-0.14	1.56
deal	-0.14	3.05
appetite	-0.14	1.73
hearing	-0.14	2.14
exchange	-0.14	1.28
uk	-0.14	2.00
carnitas	-0.14	1.36
cholesterol	-0.14	1.56
hotter	-0.14	1.56
tx	-0.14	1.51
prepared	-0.13	1.54
locally	-0.13	1.73
leading	-0.13	1.65
serious	-0.13	1.74
stick	-0.13	2.04
former	-0.13	1.46
dallas	-0.13	1.53
movie	-0.13	1.32
bs	-0.13	1.41
farming	-0.13	1.56
runny	-0.13	1.38
brands	-0.13	1.82
decade	-0.13	1.51
sf	-0.13	1.64
2nd	-0.13	1.85
river	-0.13	1.49
touching	-0.13	1.52
seattle	-0.13	1.69
paying	-0.13	1.76
pig	-0.13	1.41
keeps	-0.13	1.58
hidden	-0.13	1.56
farms	-0.13	1.56
causing	-0.13	1.72
attack	-0.13	1.55
past	-0.13	1.46
label	-0.13	1.90
birds	-0.13	1.52
explained	-0.13	1.90
contest	-0.13	1.43
mile	-0.13	1.58
remembered	-0.13	1.73
gain	-0.13	1.55
farm	-0.13	1.55
barbecue	-0.12	1.45
metal	-0.12	1.68
pack	-0.12	1.59
distribution	-0.12	1.45
up	-0.12	2.22
hence	-0.12	1.51
oklahoma	-0.12	1.54
texas	-0.12	1.57
ca	-0.12	2.93
elsewhere	-0.12	1.84
quebec	-0.12	1.71
knife	-0.12	1.56
menu	-0.12	1.64
starch	-0.12	1.50
ran	-0.12	1.25
consume	-0.12	1.80
pigs	-0.12	1.57
world	-0.12	2.44
study	-0.12	1.66
usual	-0.12	1.40
gyros	-0.12	1.98
state	-0.12	1.63
cleveland	-0.12	1.65
salmon	-0.12	1.51
yield	-0.12	1.61
atlanta	-0.12	1.54
stem	-0.12	1.48
times	-0.12	1.94
necessarily	-0.12	2.63
exercise	-0.12	1.67
burn	-0.12	1.77
thousands	-0.12	1.91
dc	-0.12	1.59
consumed	-0.12	1.46
consuming	-0.12	1.70
wasted	-0.12	1.86
base	-0.12	1.26
raising	-0.12	1.51
appearance	-0.12	1.25
rabbit	-0.12	1.47
regular	-0.11	2.02
realized	-0.11	1.66
ok	-0.11	3.63
faster	-0.11	1.59
industry	-0.11	1.54
data	-0.11	1.86
supply	-0.11	1.42
owned	-0.11	1.54
condiments	-0.11	1.67
grandma	-0.11	1.59
turkish	-0.11	1.94
towels	-0.11	1.49
recommend	-0.11	2.19
tell	-0.11	2.81
freezing	-0.11	1.64
wanted	-0.11	2.08
regardless	-0.11	1.85
pizza	-0.11	1.27
content	-0.11	1.68
memphis	-0.11	1.45
line	-0.11	1.61
control	-0.11	1.62
sell	-0.11	1.79
labeled	-0.11	1.83
evidence	-0.11	1.96
matters	-0.11	2.26
ireland	-0.10	1.77
rate	-0.10	1.56
poutine	-0.10	1.59
holding	-0.10	1.63
prior	-0.10	1.68
brother	-0.10	1.64
roommate	-0.10	1.46
hog	-0.10	1.47
bottom	-0.10	1.38
older	-0.10	1.52
offered	-0.10	1.37
business	-0.10	1.49
germany	-0.10	1.74
cows	-0.10	1.52
generous	-0.10	1.45
greek	-0.10	1.98
pacific	-0.10	1.57
normal	-0.10	1.98
toxic	-0.10	1.57
ratatouille	-0.10	1.51
stainless	-0.10	1.68
version	-0.10	1.52
florida	-0.10	1.52
option	-0.10	1.83
city	-0.10	1.65
requires	-0.10	1.63
by	-0.09	2.11
ready	-0.09	2.40
sun	-0.09	1.62
minimum	-0.09	1.56
gordon	-0.09	1.35
laundry	-0.09	2.22
giving	-0.09	1.99
find	-0.09	2.86
crab	-0.09	1.31
consumers	-0.09	1.66
grand	-0.09	1.33
order	-0.09	2.23
review	-0.09	1.59
moisture	-0.09	1.79
dog	-0.09	1.30
section	-0.09	1.65
test	-0.09	1.73
pat	-0.09	1.47
leaving	-0.09	2.06
grow	-0.09	1.91
liver	-0.09	1.41
champagne	-0.09	1.53
mint	-0.09	1.24
message	-0.09	1.54
meatball	-0.09	1.36
japan	-0.09	1.69
catch	-0.09	1.80
write	-0.09	2.02
away	-0.09	1.74
purpose	-0.09	1.75
change	-0.09	1.94
field	-0.09	1.46
tzatziki	-0.09	1.53
decades	-0.09	1.60
thing	-0.09	2.40
frozen	-0.09	1.61
tad	-0.09	1.68
carb	-0.08	1.65
standards	-0.08	1.62
america	-0.08	2.03
downtown	-0.08	1.58
nutritional	-0.08	1.60
price	-0.08	1.93
space	-0.08	1.52
non-stick	-0.08	1.50
ve	-0.08	2.36
deserve	-0.08	1.98
states	-0.08	1.69
confusion	-0.08	2.01
load	-0.08	1.48
spit	-0.08	1.48
developed	-0.08	1.54
gut	-0.08	1.39
restaurant	-0.08	1.58
farmer	-0.08	1.55
friend	-0.08	1.62
universe	-0.08	1.74
replaced	-0.08	1.22
europe	-0.08	1.80
thailand	-0.08	1.55
delicacy	-0.08	1.50
san	-0.08	1.63
park	-0.08	1.55
butt	-0.08	1.57
lab	-0.08	1.64
lake	-0.08	1.52
carolina	-0.08	1.45
sent	-0.08	1.23
belongs	-0.08	1.56
africa	-0.08	1.58
location	-0.08	1.68
kettle	-0.08	1.42
invented	-0.08	1.47
googling	-0.08	1.69
african	-0.08	1.65
across	-0.08	1.65
coconut	-0.07	1.39
grass	-0.07	1.49
currently	-0.07	1.85
note	-0.07	1.99
drank	-0.07	1.44
third	-0.07	1.81
boston	-0.07	1.56
london	-0.07	1.30
drop	-0.07	1.52
region	-0.07	1.74
internet	-0.07	1.66
others	-0.07	2.20
cousin	-0.07	1.53
energy	-0.07	1.70
sign	-0.07	1.64
target	-0.07	1.72
highest	-0.07	1.55
chilled	-0.07	1.47
watch	-0.07	1.46
breeding	-0.07	1.73
realise	-0.07	2.94
anyways	-0.07	2.03
marrow	-0.07	1.45
greece	-0.07	1.83
ranch	-0.07	1.44
wrapping	-0.07	1.65
culinary	-0.07	1.51
peas	-0.07	1.33
car	-0.07	1.50
salsa	-0.07	1.35
benefit	-0.07	1.79
grab	-0.07	1.80
st	-0.07	1.43
cutting	-0.07	1.63
fermented	-0.07	1.53
mom	-0.07	1.58
knock	-0.07	1.73
slaughter	-0.07	1.54
coffee	-0.07	1.36
lobster	-0.07	1.39
ranchers	-0.06	1.56
netherlands	-0.06	1.86
opportunity	-0.06	1.65
ordering	-0.06	1.75
someone	-0.06	1.98
fishing	-0.06	1.48
means	-0.06	3.19
snap	-0.06	1.75
plant	-0.06	1.51
packages	-0.06	1.48
miles	-0.06	1.65
kill	-0.06	2.21
commercial	-0.06	1.50
replying	-0.06	2.64
become	-0.06	1.58
diets	-0.06	1.63
yard	-0.06	1.41
fatty	-0.06	1.56
safe	-0.06	2.13
selection	-0.06	1.68
taught	-0.06	1.82
class	-0.06	1.66
total	-0.06	1.73
digestive	-0.06	1.26
managed	-0.06	2.09
wasabi	-0.06	1.44
asada	-0.06	1.39
finally	-0.06	1.63
shown	-0.06	1.78
lamb	-0.06	1.49
toronto	-0.06	1.62
once	-0.06	1.96
gallon	-0.06	1.48
menus	-0.06	1.65
account	-0.06	1.68
existed	-0.06	1.84
whiskey	-0.06	1.54
melting	-0.06	1.65
steel	-0.05	1.64
seasoning	-0.05	1.46
actual	-0.05	1.87
usa	-0.05	1.64
dip	-0.05	1.43
thumbnail	-0.05	1.49
besides	-0.05	1.31
platter	-0.05	1.56
bags	-0.05	1.56
parts	-0.05	1.51
won	-0.05	1.09
cod	-0.05	1.44
grown	-0.05	1.43
screw	-0.05	1.64
caused	-0.05	1.53
surprise	-0.05	1.31
naan	-0.05	1.52
starter	-0.05	1.27
wooden	-0.05	1.60
canadians	-0.05	1.97
lard	-0.05	1.39
pastrami	-0.05	1.43
default	-0.05	1.59
modified	-0.05	1.69
hurts	-0.05	1.38
yoghurt	-0.05	1.57
general	-0.05	1.75
apart	-0.05	1.54
hoping	-0.05	2.24
modern	-0.05	1.57
real	-0.05	2.31
water	-0.05	1.47
scallops	-0.05	1.38
seafood	-0.05	1.40
yourself	-0.05	2.83
frosting	-0.05	1.16
population	-0.05	1.59
dollar	-0.05	1.68
china	-0.05	1.58
chowder	-0.05	1.52
pull	-0.04	1.77
blows	-0.04	1.26
left	-0.04	2.56
losing	-0.04	1.87
fuck	-0.04	2.60
help	-0.04	2.69
aioli	-0.04	1.44
examples	-0.04	1.96
confit	-0.04	1.37
cultural	-0.04	1.67
antonio	-0.04	1.62
around	-0.04	2.24
veal	-0.04	1.35
karma	-0.04	1.68
margarine	-0.04	1.49
attention	-0.04	1.76
marshmallows	-0.04	1.21
rum	-0.04	1.46
could	-0.04	2.94
urge	-0.04	2.09
want	-0.04	2.96
pita	-0.04	1.57
warmed	-0.04	1.47
sour	-0.04	1.37
surprising	-0.04	2.47
tube	-0.04	1.57
improve	-0.04	1.61
anise	-0.04	1.38
vegetarian	-0.04	1.60
package	-0.04	1.48
clarify	-0.03	2.49
lobsters	-0.03	1.48
their	-0.03	1.38
healthier	-0.03	1.66
dreams	-0.03	1.64
either	-0.03	3.13
cow	-0.03	1.52
gelatin	-0.03	1.36
usually	-0.03	2.97
self	-0.03	1.84
ramsey	-0.03	1.32
nyc	-0.03	1.48
shrimp	-0.03	1.40
strange	-0.03	1.56
taken	-0.03	1.73
producing	-0.03	1.64
soda	-0.03	1.40
instantly	-0.03	1.57
quesadilla	-0.03	1.33
france	-0.03	1.68
adding	-0.03	2.10
processor	-0.03	1.84
hand	-0.03	1.66
flash	-0.03	1.54
tools	-0.03	1.59
acid	-0.03	1.58
fork	-0.03	1.47
plans	-0.03	1.42
clam	-0.03	1.49
threw	-0.03	1.72
speak	-0.03	2.75
ontario	-0.03	1.64
how	-0.03	3.17
jolly	-0.03	1.55
scrape	-0.03	1.45
learn	-0.03	2.41
spain	-0.03	1.67
buy	-0.03	2.08
airport	-0.03	1.31
us	-0.03	2.64
traffic	-0.03	1.60
goal	-0.03	1.91
chickens	-0.02	1.50
bag	-0.02	1.48
arms	-0.02	1.75
justify	-0.02	2.16
harvest	-0.02	1.57
valley	-0.02	1.48
involves	-0.02	1.67
attached	-0.02	1.45
after	-0.02	1.78
grams	-0.02	1.66
wines	-0.02	1.51
gyro	-0.02	1.86
med	-0.02	1.54
since	-0.02	2.01
hotdog	-0.02	1.26
clams	-0.02	1.44
beets	-0.02	1.49
tacos	-0.02	1.41
hill	-0.02	1.72
calorie	-0.02	1.56
cloves	-0.02	1.35
cattle	-0.02	1.56
nj	-0.02	1.36
county	-0.02	1.54
drive	-0.01	1.56
trips	-0.01	1.59
similarly	-0.01	1.51
star	-0.01	1.61
push	-0.01	1.62
penis	-0.01	1.50
neck	-0.01	1.33
law	-0.01	1.48
tempted	-0.01	2.85
bay	-0.01	1.41
backyard	-0.01	1.46
or	-0.01	2.88
weigh	-0.01	2.17
northern	-0.01	1.50
uncooked	-0.01	1.46
century	-0.01	1.55
asia	-0.01	1.62
middle	-0.01	1.84
allergies	-0.01	1.52
allergy	-0.01	1.56
sat	-0.01	1.88
reasoning	-0.01	2.32
squid	-0.01	1.40
poland	-0.01	1.52
americans	-0.01	2.15
refried	-0.01	1.39
pico	-0.01	1.36
slide	-0.01	1.81
had	-0.01	2.28
garlic	-0.01	1.33
quantity	-0.01	1.76
foie	-0.01	1.36
meanwhile	-0.01	1.53
paella	-0.01	1.44
ocean	-0.01	1.52
culture	-0.01	1.59
canned	-0.01	1.42
doctor	-0.01	1.50
halal	-0.00	1.77
fully	-0.00	1.94
stealing	-0.00	2.25
sales	-0.00	1.70
finely	-0.00	1.30
hong	-0.00	1.50
your	-0.00	1.45
weight	-0.00	1.56
can	-0.00	2.91
shells	-0.00	1.48
translates	-0.00	2.06
cities	-0.00	1.66
crumbled	-0.00	1.34
michelin	-0.00	1.58
peppercorns	-0.00	1.37
manhattan	-0.00	1.47
beach	-0.00	1.42
satisfied	-0.00	1.95
truffles	-0.00	1.33
finger	-0.00	1.28
opened	-0.00	1.47
carry	-0.00	1.76
history	-0.00	1.56
truffle	-0.00	1.40
chili	0.00	1.33
knives	0.00	1.56
date	0.00	1.57
active	0.00	1.75
meringue	0.00	1.19
normally	0.00	2.39
chives	0.00	1.31
thoughts	0.00	1.86
off	0.00	1.70
popped	0.00	1.59
table	0.00	1.55
choice	0.00	1.87
whenever	0.00	2.10
dry	0.00	1.52
involved	0.00	1.41
update	0.00	2.01
salad	0.00	1.33
shark	0.00	1.51
chopsticks	0.01	1.50
picked	0.01	1.52
function	0.01	1.48
raise	0.01	1.47
sweeter	0.01	1.63
barely	0.01	1.61
horseradish	0.01	1.41
instant	0.01	1.47
direction	0.01	1.92
allergic	0.01	1.45
bought	0.01	1.84
concern	0.01	2.29
varieties	0.01	1.97
leaves	0.01	1.35
italy	0.01	1.68
sushi	0.01	1.47
oreos	0.01	1.16
angeles	0.01	1.56
paneer	0.01	1.46
staple	0.01	1.37
fillings	0.01	1.31
ban	0.01	1.57
sweetened	0.01	1.29
myself	0.01	2.28
jus	0.01	1.60
everytime	0.01	1.65
dropped	0.01	1.52
grain	0.01	1.41
ie	0.01	1.69
shipped	0.01	1.55
throw	0.01	1.99
asian	0.01	1.60
subreddit	0.01	1.60
steamed	0.01	1.37
tokyo	0.01	1.51
fraiche	0.01	1.51
block	0.01	1.44
chefs	0.01	1.56
devil	0.01	1.53
thermometer	0.01	1.63
triple	0.01	1.35
grocer	0.01	1.56
portillo	0.01	1.42
tongue	0.01	1.53
clearly	0.01	2.78
european	0.01	1.63
aging	0.01	1.70
fits	0.02	1.58
east	0.02	1.56
bonus	0.02	1.78
sage	0.02	1.35
thyme	0.02	1.35
board	0.02	1.53
rather	0.02	2.04
cracked	0.02	1.39
comfort	0.02	1.58
jar	0.02	1.48
copy	0.02	1.84
break	0.02	1.49
collection	0.02	1.48
sub	0.02	1.67
strain	0.02	1.52
made	0.02	1.60
warning	0.02	1.66
dipped	0.02	1.26
rub	0.02	1.46
fair	0.02	2.09
doughnut	0.02	1.32
brisket	0.02	1.42
south	0.02	1.48
pin	0.02	1.54
pizzas	0.02	1.32
constantly	0.02	1.83
worked	0.02	1.62
carne	0.02	1.37
process	0.02	1.71
shopping	0.02	1.58
research	0.02	1.78
oysters	0.02	1.42
seed	0.02	1.35
pad	0.02	1.52
pants	0.02	1.49
blood	0.02	1.47
ethnic	0.02	1.62
grilled	0.02	1.31
happily	0.03	1.89
drying	0.03	1.67
used	0.03	2.19
express	0.03	1.68
cilantro	0.03	1.31
cheese	0.03	1.37
spatula	0.03	1.53
which	0.03	2.94
facebook	0.03	1.67
confirm	0.03	1.43
silly	0.03	2.18
training	0.03	1.61
meet	0.03	1.67
mill	0.03	1.53
concept	0.03	1.80
oregano	0.03	1.35
placed	0.03	1.51
softer	0.03	1.42
upside	0.03	1.57
inches	0.03	1.56
positive	0.03	1.83
chew	0.03	1.65
wouldnt	0.03	2.47
containers	0.03	1.63
icing	0.03	1.16
free	0.03	1.61
fennel	0.03	1.36
report	0.03	2.25
reddit	0.03	1.69
conclusion	0.03	2.05
options	0.03	1.70
queso	0.03	1.39
rosemary	0.03	1.35
raised	0.03	1.41
veg	0.03	1.41
scallop	0.03	1.42
floor	0.03	1.68
does	0.03	2.72
seeds	0.03	1.36
pet	0.04	1.63
able	0.04	2.67
pulled	0.04	1.44
patience	0.04	1.76
items	0.04	1.76
film	0.04	1.34
cucumber	0.04	1.32
rubbed	0.04	1.44
washington	0.04	1.57
fashion	0.04	1.71
crawfish	0.04	1.50
australia	0.04	1.84
professional	0.04	1.71
resident	0.04	1.49
dinners	0.04	1.08
3rd	0.04	1.64
fyi	0.04	1.46
wine	0.04	1.46
stretch	0.04	1.60
nutmeg	0.04	1.37
hmm	0.04	2.00
toothpick	0.04	1.61
avocado	0.04	1.34
pit	0.04	1.45
wiki	0.04	2.01
her	0.04	1.98
schnitzel	0.04	1.41
thumb	0.04	1.37
mince	0.04	1.35
xd	0.04	1.75
took	0.04	1.48
scotch	0.04	1.39
following	0.04	1.80
wanting	0.04	2.40
skip	0.04	1.97
his	0.04	1.87
montreal	0.04	1.57
crabs	0.04	1.41
freezer	0.04	1.65
stalks	0.04	1.33
personal	0.05	2.21
buffalo	0.05	1.27
ahead	0.05	2.58
fill	0.05	1.48
york	0.05	1.42
enchiladas	0.05	1.38
window	0.05	1.55
opposed	0.05	1.53
ew	0.05	1.47
letting	0.05	1.88
under	0.05	1.58
length	0.05	1.53
vietnam	0.05	1.57
removed	0.05	1.52
mind	0.05	2.44
jack	0.05	1.36
attempting	0.05	2.25
hotel	0.05	1.49
bigger	0.05	1.66
ceramic	0.05	1.50
dropping	0.05	1.37
moderation	0.05	1.87
trays	0.05	1.43
busy	0.05	1.92
fact	0.05	3.03
gras	0.05	1.40
leaf	0.05	1.34
route	0.05	2.03
island	0.05	1.41
bc	0.05	1.67
francisco	0.05	1.63
exception	0.05	1.68
channel	0.05	1.37
think	0.05	3.19
wax	0.05	1.45
slicing	0.05	1.70
lady	0.05	1.54
mexican	0.06	1.48
pick	0.06	2.32
votes	0.06	1.92
nori	0.06	1.38
ribs	0.06	1.42
mum	0.06	1.50
pool	0.06	1.58
peanuts	0.06	1.27
trees	0.06	1.39
flakes	0.06	1.34
bamboo	0.06	1.43
ages	0.06	1.59
kidney	0.06	1.38
ginger	0.06	1.36
frequently	0.06	1.74
cardamom	0.06	1.38
vegas	0.06	1.45
orleans	0.06	1.44
wagyu	0.06	1.68
personally	0.06	2.06
pine	0.06	1.33
family	0.06	1.40
originally	0.06	1.72
iphone	0.06	1.56
coriander	0.06	1.36
fixed	0.06	2.61
central	0.06	1.47
generally	0.06	1.95
snow	0.06	1.39
desired	0.06	1.86
girls	0.06	1.51
pressing	0.06	1.61
proof	0.06	1.75
bourbon	0.06	1.42
ground	0.06	1.38
sausages	0.06	1.40
deli	0.06	1.40
north	0.06	1.44
stored	0.06	1.73
loss	0.06	1.55
located	0.06	1.77
hangover	0.06	1.63
wrappers	0.06	1.53
one	0.07	2.55
tub	0.07	1.60
listed	0.07	1.61
cinnamon	0.07	1.36
significantly	0.07	1.63
younger	0.07	1.41
initial	0.07	1.73
automatically	0.07	2.17
life	0.07	2.21
friendly	0.07	1.35
ad	0.07	1.80
sale	0.07	1.78
offers	0.07	1.24
chewy	0.07	1.64
bitter	0.07	1.39
media	0.07	1.35
cupcake	0.07	1.15
cone	0.07	1.62
chopped	0.07	1.31
speaking	0.07	2.58
tossed	0.07	1.60
she	0.07	1.64
down	0.07	1.72
we	0.07	2.94
air	0.07	1.57
masala	0.07	1.41
stole	0.07	1.33
showing	0.07	1.42
start	0.07	2.24
diabetes	0.07	1.53
cooled	0.07	1.71
closed	0.07	1.48
comes	0.07	1.88
slaw	0.07	1.37
pressed	0.07	1.43
american	0.08	1.67
reserve	0.08	1.52
budget	0.08	1.73
vodka	0.08	1.44
paper	0.08	1.49
theory	0.08	1.98
brush	0.08	1.38
mozz	0.08	1.40
heating	0.08	1.60
thaw	0.08	1.76
hits	0.08	1.64
talked	0.08	1.35
saffron	0.08	1.51
bob	0.08	1.20
courses	0.08	1.69
funny	0.08	2.41
fucked	0.08	1.92
crackers	0.08	1.29
parsley	0.08	1.35
higher	0.08	1.57
fly	0.08	1.63
wise	0.08	1.62
amazon	0.08	1.70
spending	0.08	1.88
quarter	0.08	1.55
canola	0.08	1.39
release	0.08	1.35
seasonings	0.08	1.73
ol	0.08	1.80
contact	0.08	1.51
books	0.08	1.72
lactose	0.08	1.50
countries	0.08	1.71
chile	0.08	1.32
promise	0.08	1.65
rule	0.08	1.69
wheat	0.08	1.42
spare	0.08	1.38
sometimes	0.09	2.73
medical	0.09	1.64
vegetables	0.09	1.54
90	0.09	1.58
focus	0.09	1.64
began	0.09	1.52
cans	0.09	1.39
tightly	0.09	1.60
waited	0.09	1.65
finished	0.09	1.62
age	0.09	1.45
chef	0.09	1.44
sealed	0.09	1.54
poke	0.09	1.39
lasagne	0.09	1.52
variation	0.09	1.52
cents	0.09	1.67
salads	0.09	1.36
interest	0.09	1.70
strong	0.09	1.35
e.g	0.09	1.61
pound	0.09	1.73
cookbook	0.09	1.54
sea	0.09	1.39
tails	0.09	1.46
pretzels	0.09	1.14
resting	0.09	1.60
almost	0.09	2.17
pub	0.09	1.54
breaking	0.09	1.52
shows	0.09	1.42
example	0.09	2.03
through	0.09	1.67
did	0.09	3.02
method	0.09	1.55
lbs	0.09	1.55
lower	0.10	1.65
show	0.10	1.51
forks	0.10	1.49
garden	0.10	1.43
plastic	0.10	1.54
shallot	0.10	1.33
guy	0.10	1.65
front	0.10	1.63
shredded	0.10	1.37
easier	0.10	1.79
worms	0.10	1.58
sold	0.10	1.63
quality	0.10	1.66
rolling	0.10	1.47
adobo	0.10	1.37
kid	0.10	1.52
cumin	0.10	1.37
throat	0.10	1.56
reduction	0.10	1.60
buttermilk	0.10	1.40
along	0.10	1.83
chickpeas	0.10	1.49
root	0.10	1.60
rose	0.10	1.44
upvotes	0.10	1.76
term	0.10	2.42
tax	0.10	1.88
17	0.10	1.59
manager	0.10	1.35
gained	0.10	1.58
corporate	0.10	1.40
components	0.10	1.80
snobs	0.10	1.62
lowest	0.10	1.50
posts	0.10	1.73
seal	0.10	1.44
husband	0.11	1.61
dining	0.11	1.74
weekly	0.11	1.42
smashed	0.11	1.40
boiling	0.11	1.48
early	0.11	1.67
crack	0.11	1.58
previous	0.11	1.89
gay	0.11	1.54
lb	0.11	1.46
goes	0.11	1.63
building	0.11	1.25
told	0.11	1.71
oats	0.11	1.41
herbs	0.11	1.40
minced	0.11	1.34
1lb	0.11	1.44
versions	0.11	1.79
second	0.11	2.30
exclusively	0.11	1.73
brine	0.11	1.53
breaded	0.11	1.27
travel	0.11	1.53
cayenne	0.11	1.38
chilies	0.11	1.33
port	0.11	1.44
pots	0.11	1.50
if	0.11	3.06
longer	0.11	1.86
impact	0.11	1.69
dream	0.11	1.51
sprinkles	0.11	1.07
marketing	0.11	1.37
mild	0.11	1.41
beef	0.11	1.41
alot	0.11	1.61
curing	0.11	1.54
drops	0.11	1.47
dish	0.11	1.85
lives	0.11	1.30
lie	0.11	2.44
trout	0.11	1.41
chicken	0.11	1.30
oyster	0.11	1.55
stronger	0.11	1.43
turmeric	0.11	1.37
basil	0.11	1.36
1000	0.11	1.63
died	0.12	1.39
fire	0.12	1.44
draw	0.12	1.91
deep	0.12	1.25
nowhere	0.12	1.80
corn	0.12	1.31
first	0.12	1.90
circle	0.12	1.42
kind	0.12	2.55
factory	0.12	1.48
lick	0.12	1.64
container	0.12	1.54
blow	0.12	1.81
covered	0.12	1.50
accept	0.12	1.75
risotto	0.12	1.42
go	0.12	2.74
advertising	0.12	1.60
fresh	0.12	1.38
boner	0.12	1.46
introduced	0.12	1.48
sayin	0.12	2.29
resources	0.12	1.64
science	0.12	1.64
udon	0.12	1.43
article	0.12	1.60
pint	0.12	1.36
book	0.12	1.45
regularly	0.12	1.52
eastern	0.12	1.57
experiment	0.12	2.32
lettuce	0.12	1.33
whatever	0.12	2.74
partner	0.12	1.39
spoon	0.12	1.51
redditors	0.12	1.62
tourist	0.12	1.51
material	0.12	2.04
reheat	0.12	2.00
celery	0.12	1.32
microwave	0.12	1.66
eye	0.13	1.39
ass	0.13	1.85
boneless	0.13	1.37
reviews	0.13	1.60
kobe	0.13	1.89
west	0.13	1.38
hummus	0.13	1.51
thicker	0.13	1.50
tend	0.13	1.91
steal	0.13	1.53
quart	0.13	1.50
brioche	0.13	1.27
canadian	0.13	1.66
seaweed	0.13	1.36
variations	0.13	2.01
wings	0.13	1.31
paprika	0.13	1.37
downvotes	0.13	2.09
oil	0.13	1.45
pounds	0.13	1.59
cheapest	0.13	1.57
80	0.13	1.65
shapes	0.13	1.60
squeezed	0.13	1.48
go-to	0.13	1.34
internal	0.13	1.63
brain	0.13	1.54
lot	0.13	2.12
aside	0.13	1.50
chuck	0.13	1.39
cheaper	0.13	1.73
joke	0.13	2.76
pork	0.13	1.40
parm	0.13	1.38
serve	0.13	1.47
meatballs	0.13	1.34
iced	0.13	1.38
wake	0.13	1.93
develop	0.13	1.31
repeat	0.13	1.59
reached	0.13	1.66
lost	0.13	1.37
fusion	0.13	1.50
paris	0.13	1.52
chart	0.13	1.62
loin	0.13	1.37
regions	0.13	1.78
timing	0.13	1.88
cloth	0.13	1.58
mozzarella	0.14	1.36
language	0.14	2.57
powder	0.14	1.38
get	0.14	2.84
invest	0.14	1.89
gumbo	0.14	1.31
choices	0.14	1.89
usd	0.14	1.67
louisiana	0.14	1.47
pronounced	0.14	2.19
track	0.14	1.85
rainbow	0.14	0.99
team	0.14	1.39
teacher	0.14	1.38
breadcrumbs	0.14	1.29
member	0.14	1.35
au	0.14	1.73
wisconsin	0.14	1.59
ny	0.14	1.47
spice	0.14	1.42
duck	0.14	1.28
refrigerated	0.14	1.61
shellfish	0.14	1.40
mango	0.14	1.27
component	0.14	1.54
years	0.14	1.58
hold	0.14	1.99
childhood	0.14	1.23
texan	0.14	1.52
condensed	0.14	1.27
difficult	0.14	1.51
takes	0.14	1.93
larger	0.14	1.64
per	0.14	1.77
r/food	0.14	1.68
manage	0.14	2.44
fryer	0.14	1.43
salt	0.14	1.37
herb	0.14	1.41
app	0.14	1.60
stuffed	0.14	1.32
problem	0.14	2.87
instance	0.14	1.90
g	0.14	1.54
origin	0.14	1.55
gon	0.14	2.85
netflix	0.14	1.40
shoulder	0.14	1.42
put	0.14	1.99
sides	0.14	1.34
mignon	0.15	1.57
solution	0.15	1.58
boils	0.15	1.49
reduced	0.15	1.54
vary	0.15	1.75
storage	0.15	1.67
prime	0.15	1.46
scallions	0.15	1.33
marinade	0.15	1.43
octopus	0.15	1.35
avocados	0.15	1.43
weed	0.15	1.48
foil	0.15	1.51
ounce	0.15	1.59
bucks	0.15	1.69
rip	0.15	1.47
flipping	0.15	1.60
yelp	0.15	1.65
feta	0.15	1.42
non	0.15	1.73
out	0.15	2.24
chinese	0.15	1.50
nutrition	0.15	1.63
pepper	0.15	1.33
source	0.15	1.57
chilli	0.15	1.31
toss	0.15	1.57
here	0.15	2.42
santa	0.15	1.53
individually	0.15	1.65
style	0.15	1.42
ramen	0.15	1.47
chance	0.15	2.10
curry	0.15	1.38
dissolve	0.15	1.49
yeast	0.15	1.50
spring	0.15	1.38
dill	0.15	1.37
bechamel	0.15	1.39
approximately	0.15	1.68
slightly	0.15	1.37
popcorn	0.15	1.37
gun	0.15	1.44
mushrooms	0.15	1.37
cheddar	0.15	1.32
grated	0.15	1.36
blade	0.15	1.43
pan	0.15	1.42
degree	0.15	1.63
less	0.15	1.83
wat	0.15	1.53
tempura	0.15	1.37
powdered	0.15	1.26
vegetable	0.15	1.39
120	0.15	1.63
parchment	0.16	1.46
groups	0.16	1.60
scoop	0.16	1.35
waffles	0.16	1.54
brave	0.16	1.82
them	0.16	2.48
sharp	0.16	1.36
degrees	0.16	1.71
starts	0.16	1.67
core	0.16	1.35
network	0.16	1.51
jars	0.16	1.49
dig	0.16	1.69
kosher	0.16	1.40
saw	0.16	1.71
enjoy	0.16	2.43
wrap	0.16	1.53
diced	0.16	1.28
ovens	0.16	1.46
espresso	0.16	1.36
dollars	0.16	1.73
whose	0.16	1.31
whipped	0.16	1.20
respond	0.16	2.14
late	0.16	1.62
lodge	0.16	1.60
view	0.16	1.47
marinara	0.16	1.39
distance	0.16	1.71
need	0.16	2.87
bone	0.16	1.38
pour	0.16	1.54
chicago	0.16	1.32
dessert	0.16	1.65
vinaigrette	0.16	1.41
rice	0.16	1.39
fall	0.16	1.61
reality	0.16	1.71
setup	0.16	1.36
stayed	0.16	1.40
relish	0.16	1.34
roasts	0.16	1.37
situation	0.16	1.66
spoonful	0.16	1.52
should	0.16	2.91
okonomiyaki	0.16	1.45
coat	0.16	1.38
pinch	0.17	1.37
watched	0.17	1.39
brooklyn	0.17	1.49
dust	0.17	1.42
within	0.17	1.60
scratch	0.17	1.59
neutral	0.17	1.53
premium	0.17	1.52
180	0.17	1.75
driving	0.17	1.62
low	0.17	1.50
purposes	0.17	2.01
bit	0.17	1.91
caramel	0.17	1.14
tables	0.17	1.49
tight	0.17	1.62
parmesan	0.17	1.36
lose	0.17	1.63
while	0.17	2.04
bites	0.17	1.52
marbling	0.17	1.40
freeze	0.17	1.83
falls	0.17	1.38
charge	0.17	1.63
cap	0.17	1.40
zealand	0.17	1.91
veggies	0.17	1.53
project	0.17	1.60
suck	0.17	1.83
mayo	0.17	1.35
ribeye	0.17	1.43
cornmeal	0.17	1.34
liquid	0.17	1.53
alfredo	0.17	1.40
particular	0.17	1.75
today	0.17	1.88
fillet	0.17	1.42
flag	0.17	1.30
mountain	0.17	1.23
girlfriend	0.17	1.58
come	0.17	2.54
beans	0.17	1.35
lined	0.17	1.49
frying	0.17	1.45
seconds	0.17	1.74
breed	0.17	1.60
cover	0.17	1.64
thicken	0.17	1.52
thousand	0.17	1.55
fahrenheit	0.17	1.72
pair	0.17	1.34
numbers	0.17	1.65
establishment	0.17	1.76
grate	0.17	1.43
grape	0.17	1.28
grinder	0.17	1.89
then	0.17	1.73
teriyaki	0.17	1.38
pans	0.18	1.47
irish	0.18	1.58
be	0.18	2.89
coleslaw	0.18	1.37
foods	0.18	1.66
points	0.18	1.67
mixed	0.18	1.77
tabasco	0.18	1.36
premade	0.18	1.51
garnish	0.18	1.37
gourmet	0.18	1.40
glazed	0.18	1.38
place	0.18	1.94
miami	0.18	1.60
70	0.18	1.60
greens	0.18	1.40
slow	0.18	1.51
paste	0.18	1.36
exciting	0.18	1.40
youtube	0.18	1.39
grilling	0.18	1.47
spam	0.18	1.35
sirloin	0.18	1.36
panko	0.18	1.27
jalapeno	0.18	1.27
gravy	0.18	1.31
smoke	0.18	1.72
british	0.18	1.67
meals	0.18	1.57
dumplings	0.18	1.46
pesto	0.18	1.41
carrots	0.18	1.31
portion	0.18	1.57
flour	0.18	1.39
smoking	0.18	1.51
35	0.18	1.76
indian	0.18	1.53
rib	0.18	1.42
assure	0.18	1.73
thai	0.18	1.45
gruyere	0.18	1.33
causes	0.19	1.53
375	0.19	1.73
reaches	0.19	1.58
born	0.19	1.21
pecan	0.19	1.35
dijon	0.19	1.44
japanese	0.19	1.53
settle	0.19	2.05
aluminum	0.19	1.51
hot	0.19	1.42
britain	0.19	1.71
final	0.19	1.47
loads	0.19	1.45
cookie	0.19	1.15
require	0.19	1.57
doughnuts	0.19	1.35
boat	0.19	1.50
exists	0.19	2.06
molasses	0.19	1.33
cure	0.19	1.73
because	0.19	3.09
wrapped	0.19	1.41
press	0.19	1.46
count	0.19	2.12
ladies	0.19	1.39
thighs	0.19	1.38
game	0.19	1.36
roux	0.19	1.60
bill	0.19	1.55
100g	0.19	1.48
baste	0.19	1.62
philadelphia	0.19	1.63
shallots	0.19	1.34
tray	0.19	1.47
mushroom	0.19	1.36
scale	0.19	1.51
tool	0.19	1.53
skewer	0.19	1.45
something	0.19	2.99
over	0.19	1.48
articles	0.19	1.64
standing	0.19	1.54
shred	0.19	1.48
onions	0.19	1.29
olive	0.19	1.45
100	0.19	1.65
freshly	0.19	1.39
250	0.19	1.66
worcestershire	0.19	1.38
traveling	0.19	1.38
will	0.20	2.74
sesame	0.20	1.36
stock	0.20	1.45
gf	0.20	1.93
pate	0.20	1.36
melt	0.20	1.52
stage	0.20	1.47
sauce	0.20	1.39
brownie	0.20	1.16
begins	0.20	1.79
cornstarch	0.20	1.41
tea	0.20	1.43
ultimate	0.20	1.62
pickles	0.20	1.37
period	0.20	1.68
oreo	0.20	1.06
log	0.20	1.58
baking	0.20	1.48
changes	0.20	1.66
drizzled	0.20	1.51
vote	0.20	1.81
dressing	0.20	1.37
noodles	0.20	1.46
bagel	0.20	1.31
simmering	0.20	1.54
400	0.20	1.74
brazil	0.20	1.62
soy	0.20	1.36
decided	0.20	2.20
knowledge	0.20	1.62
mustard	0.20	1.33
music	0.20	1.39
jelly	0.20	1.36
called	0.20	1.93
handful	0.20	1.36
salted	0.20	1.23
girl	0.20	1.44
roast	0.20	1.38
22	0.20	1.45
cuisine	0.20	1.55
spend	0.20	1.84
spin	0.20	1.33
korean	0.20	1.48
spots	0.20	1.44
shallow	0.20	1.39
coals	0.20	1.44
corned	0.20	1.39
braising	0.20	1.53
cheeses	0.20	1.56
cupcakes	0.20	1.04
kiwi	0.20	1.26
mobile	0.20	1.93
iron	0.20	1.49
tomato	0.20	1.35
tofu	0.20	1.36
75	0.20	1.54
miso	0.21	1.38
chilis	0.21	1.35
cast	0.21	1.49
when	0.21	2.28
co	0.21	1.39
another	0.21	1.73
spray	0.21	1.47
150	0.21	1.61
commenting	0.21	1.83
groceries	0.21	1.61
bath	0.21	1.44
cuts	0.21	1.43
ball	0.21	1.38
strip	0.21	1.35
aged	0.21	1.39
kimchi	0.21	1.43
preserve	0.21	1.71
sarcasm	0.21	2.41
shots	0.21	1.57
breasts	0.21	1.33
kale	0.21	1.35
drained	0.21	1.38
sourdough	0.21	1.37
weekends	0.21	1.55
piece	0.21	1.63
onion	0.21	1.27
episode	0.21	1.38
trucks	0.21	1.46
nowadays	0.21	1.52
cuisines	0.21	1.59
cube	0.21	1.44
topped	0.21	1.40
provided	0.21	1.53
broth	0.21	1.43
nonstick	0.22	1.47
marinate	0.22	1.57
belly	0.22	1.33
average	0.22	1.48
shell	0.22	1.34
flank	0.22	1.31
noodle	0.22	1.47
recently	0.22	1.60
glaze	0.22	1.36
mayonnaise	0.22	1.34
tv	0.22	1.37
salami	0.22	1.38
marinated	0.22	1.39
flatten	0.22	1.40
sigh	0.22	1.62
spent	0.22	1.53
piss	0.22	1.64
old	0.22	1.26
brussel	0.22	1.33
max	0.22	1.68
neighbor	0.22	1.31
amount	0.22	1.74
fell	0.22	1.47
tomatoes	0.22	1.32
macaroni	0.22	1.36
sweat	0.22	1.49
louis	0.22	1.37
oz	0.22	1.49
bulk	0.22	1.67
surface	0.22	1.43
swiss	0.22	1.41
asparagus	0.22	1.35
beaten	0.22	1.35
cabbage	0.22	1.33
dash	0.22	1.41
square	0.22	1.32
grind	0.22	1.89
toasted	0.22	1.29
homemade	0.22	1.53
heated	0.22	1.50
lemon	0.22	1.36
mail	0.22	1.73
roasting	0.22	1.56
chops	0.22	1.37
gas	0.22	1.45
chose	0.22	1.64
hi	0.22	1.63
providing	0.22	1.50
excited	0.22	1.93
boil	0.22	1.52
tourists	0.22	1.40
cooker	0.23	1.48
argentina	0.23	1.54
ketchup	0.23	1.37
room	0.23	1.78
provolone	0.23	1.35
sicilian	0.23	1.22
roughly	0.23	1.60
worth	0.23	2.16
cubes	0.23	1.32
build	0.23	1.65
beginning	0.23	1.32
begin	0.23	1.80
200	0.23	1.66
generation	0.23	1.31
tenderloin	0.23	1.33
sheet	0.23	1.47
specific	0.23	1.93
sprouts	0.23	1.36
bones	0.23	1.34
afternoon	0.23	1.64
monster	0.23	1.27
pancakes	0.23	1.53
at	0.23	1.87
unsalted	0.23	1.42
partial	0.23	1.97
lime	0.23	1.29
even	0.23	3.00
seared	0.23	1.42
dozens	0.23	1.85
bean	0.23	1.31
spinach	0.23	1.34
land	0.23	1.34
drizzle	0.23	1.49
ghost	0.23	1.37
servings	0.23	1.63
450	0.23	1.66
doubt	0.23	2.22
splash	0.23	1.64
sprinkled	0.23	1.53
bubble	0.23	1.50
ravioli	0.23	1.37
move	0.23	1.61
character	0.24	1.54
polish	0.24	1.53
pickle	0.24	1.31
offer	0.24	1.52
areas	0.24	1.50
cider	0.24	1.39
card	0.24	1.43
goat	0.24	1.35
gouda	0.24	1.31
referred	0.24	1.80
types	0.24	2.03
butter	0.24	1.34
dressed	0.24	1.49
match	0.24	1.45
cream	0.24	1.20
scramble	0.24	1.53
juices	0.24	1.68
lasts	0.24	1.67
wok	0.24	1.41
global	0.24	1.58
wood	0.24	1.45
broccoli	0.24	1.33
skillet	0.24	1.43
vinegar	0.24	1.37
lived	0.24	1.32
ll	0.24	2.62
reduce	0.24	1.52
tin	0.24	1.37
mousse	0.24	1.19
dumpling	0.24	1.58
2014	0.24	1.46
brie	0.24	1.29
leave	0.24	2.07
mid	0.24	1.49
min	0.24	1.75
continue	0.24	1.64
george	0.24	1.41
wide	0.24	1.51
millions	0.24	1.88
heinz	0.24	1.54
holes	0.24	1.45
w	0.24	1.56
black	0.24	1.33
techniques	0.25	1.72
german	0.25	1.74
stove	0.25	1.46
only	0.25	2.62
curries	0.25	1.44
methods	0.25	1.72
incorporate	0.25	1.57
50	0.25	1.72
carefully	0.25	1.53
videos	0.25	1.42
saucepan	0.25	1.49
chiles	0.25	1.41
explaining	0.25	1.80
honey	0.25	1.32
commonly	0.25	1.73
350	0.25	1.67
smaller	0.25	1.59
cuban	0.25	1.51
dipping	0.25	1.29
peach	0.25	1.29
pasta	0.25	1.41
slab	0.25	1.59
pronounce	0.25	3.13
chop	0.25	1.42
medium-high	0.25	1.45
render	0.25	1.42
pickled	0.25	1.33
thinner	0.25	1.46
10/10	0.25	1.37
wellington	0.25	1.48
stone	0.25	1.55
virgin	0.25	1.31
received	0.25	1.35
pot	0.25	1.48
try	0.25	2.64
sunny	0.25	1.33
crumbs	0.25	1.28
apologize	0.26	1.95
cultures	0.26	1.72
richer	0.26	1.52
cocoa	0.26	1.27
formatting	0.26	2.51
gnocchi	0.26	1.50
shipping	0.26	1.53
softened	0.26	1.37
carrot	0.26	1.27
milk	0.26	1.35
bake	0.26	1.63
pepperoni	0.26	1.31
lightly	0.26	1.42
flame	0.26	1.48
rocks	0.26	1.46
condiment	0.26	1.51
feast	0.26	1.34
sight	0.26	1.72
coarse	0.26	1.34
hit	0.26	1.50
mother	0.26	1.43
f	0.26	1.67
sister	0.26	1.87
all-purpose	0.26	1.40
breast	0.26	1.30
checked	0.26	1.66
griddle	0.26	1.41
grill	0.26	1.46
thoroughly	0.26	1.59
steaks	0.26	1.38
sample	0.26	1.56
vanilla	0.26	1.22
shaved	0.26	1.23
marsala	0.26	1.60
names	0.26	1.97
moved	0.26	1.34
styles	0.26	1.65
retain	0.26	1.73
quinoa	0.26	1.37
directly	0.26	1.53
benefits	0.26	1.55
vietnamese	0.26	1.48
ship	0.26	1.73
cereal	0.26	1.29
loose	0.26	1.39
stirring	0.26	1.57
cost	0.26	1.81
hours	0.26	1.67
tsp	0.27	1.37
spices	0.27	1.62
boiled	0.27	1.37
somewhat	0.27	1.64
lesson	0.27	1.68
filled	0.27	1.34
heat	0.27	1.49
immediately	0.27	1.65
sriracha	0.27	1.37
500	0.27	1.68
ones	0.27	1.94
peeled	0.27	1.33
saute	0.27	1.36
sautee	0.27	1.37
steak	0.27	1.37
slap	0.27	1.74
french	0.27	2.03
300	0.27	1.65
thickened	0.27	1.51
fudge	0.27	1.10
berries	0.27	1.35
back	0.27	1.91
15-20	0.27	1.60
coated	0.27	1.38
medium	0.27	1.43
services	0.27	1.36
switzerland	0.27	1.89
sizes	0.27	1.66
preheated	0.27	1.62
southern	0.27	1.36
months	0.27	1.62
meats	0.27	1.49
mins	0.27	1.74
outer	0.27	1.40
occasionally	0.27	1.65
cauliflower	0.27	1.31
peppers	0.27	1.26
italians	0.27	1.56
tots	0.28	1.19
edge	0.28	1.34
capers	0.28	1.37
drain	0.28	1.50
experience	0.28	1.76
boss	0.28	1.45
dice	0.28	1.33
prep	0.28	1.79
grammar	0.28	3.19
tbsp	0.28	1.40
often	0.28	2.32
effect	0.28	1.78
lid	0.28	1.44
grew	0.28	1.23
filipino	0.28	1.46
costs	0.28	1.68
seems	0.28	1.70
tablespoon	0.28	1.39
cookies	0.28	1.00
burner	0.28	1.45
arrange	0.28	1.49
mission	0.28	1.41
messed	0.28	1.44
spreading	0.28	1.63
pay	0.28	1.77
zest	0.28	1.32
sauces	0.28	1.56
ham	0.28	1.31
filet	0.28	1.39
brick	0.28	1.33
online	0.28	1.66
ago	0.28	1.49
italian	0.28	1.50
pressure	0.28	1.36
ricotta	0.28	1.32
notes	0.29	1.27
wife	0.29	1.86
applied	0.29	1.59
flower	0.29	1.53
slowly	0.29	1.61
teaspoon	0.29	1.37
monday	0.29	1.67
days	0.29	1.61
minute	0.29	1.63
sliced	0.29	1.30
stir	0.29	1.55
fold	0.29	1.41
boyfriend	0.29	1.89
pecans	0.29	1.26
worthy	0.29	1.57
finish	0.29	1.60
green	0.29	1.25
support	0.29	1.76
squash	0.29	1.33
bubbles	0.29	1.49
efficient	0.29	1.54
male	0.29	1.40
formed	0.29	1.23
sprinkle	0.29	1.38
brussels	0.29	1.33
houses	0.29	1.32
large	0.29	1.56
increase	0.29	1.48
teaspoons	0.29	1.37
tour	0.29	1.37
classy	0.29	1.54
soften	0.29	1.50
preferably	0.29	1.33
sites	0.29	1.59
pear	0.29	1.29
far	0.29	1.77
make	0.29	2.67
capital	0.29	2.02
paid	0.30	1.61
simmer	0.30	1.58
pancake	0.30	1.48
russian	0.30	1.52
oddly	0.30	1.56
add	0.30	1.57
scrambled	0.30	1.28
jalapenos	0.30	1.27
strawberry	0.30	1.22
pictured	0.30	1.59
swirl	0.30	1.29
overnight	0.30	1.71
technically	0.30	2.94
marbled	0.30	1.40
dried	0.30	1.28
hole	0.30	1.48
skins	0.30	1.46
equal	0.30	1.58
tear	0.30	1.49
optional	0.30	1.41
zucchini	0.30	1.29
batches	0.30	1.58
batch	0.30	1.76
im	0.30	2.41
western	0.30	1.54
more	0.30	1.86
pineapple	0.30	1.27
tablespoons	0.30	1.39
dirt	0.30	1.51
friday	0.30	1.67
offering	0.30	1.61
onto	0.30	1.43
knead	0.30	1.46
ways	0.30	2.12
least	0.30	1.85
sauerkraut	0.31	1.43
c	0.31	1.55
stews	0.31	1.26
side	0.31	1.59
recreate	0.31	2.36
open	0.31	1.42
lentils	0.31	1.39
p.s	0.31	1.52
hobby	0.31	1.59
lasagna	0.31	1.44
kenji	0.31	1.32
okra	0.31	1.26
peanut	0.31	1.20
quickly	0.31	1.63
peaches	0.31	1.31
roasted	0.31	1.31
visiting	0.31	1.28
later	0.31	1.78
walnuts	0.31	1.28
news	0.31	1.58
balsamic	0.31	1.39
pretzel	0.31	1.26
series	0.31	1.35
franks	0.31	1.16
puree	0.31	1.39
tbs	0.31	1.42
reaction	0.31	1.38
accidentally	0.31	1.76
touch	0.31	1.61
peel	0.31	1.47
already	0.31	2.00
gyoza	0.31	1.38
criticism	0.32	1.88
steam	0.32	1.37
refers	0.32	2.57
nigiri	0.32	1.42
gently	0.32	1.46
extract	0.32	1.32
flying	0.32	1.29
cured	0.32	1.33
wall	0.32	1.49
browns	0.32	1.31
beet	0.32	1.42
include	0.32	1.78
me	0.32	1.96
omelette	0.32	1.45
sugar	0.32	1.30
blocks	0.32	1.30
poached	0.32	1.30
murder	0.32	1.62
dishes	0.32	1.66
snacks	0.32	1.33
creating	0.32	1.51
limes	0.32	1.32
size	0.32	1.52
split	0.32	1.29
oven	0.32	1.61
cheat	0.32	1.69
sized	0.32	1.56
wedges	0.32	1.31
cash	0.32	1.69
1/3	0.32	1.38
diabeetus	0.32	1.34
ramsay	0.32	1.37
shift	0.32	1.65
maybe	0.32	2.93
remaining	0.33	1.50
list	0.33	1.69
relative	0.33	1.48
ounces	0.33	1.47
theirs	0.33	1.64
blueberry	0.33	1.27
easily	0.33	1.63
cubed	0.33	1.34
heart	0.33	1.44
na	0.33	2.58
available	0.33	1.61
short	0.33	1.55
pure	0.33	1.44
simmered	0.33	1.62
25	0.33	1.61
apples	0.33	1.36
expand	0.33	1.52
take	0.33	2.31
goose	0.33	1.16
huh	0.33	2.31
apple	0.33	1.28
secret	0.33	1.61
morning	0.33	1.66
repost	0.33	1.67
dare	0.33	2.25
page	0.33	1.69
technique	0.33	1.57
hook	0.33	1.70
chunks	0.33	1.33
helped	0.33	1.27
recommendations	0.33	1.89
minutes	0.33	1.67
saturday	0.33	1.62
roll	0.33	1.38
balls	0.33	1.36
casual	0.33	1.51
known	0.34	1.94
folks	0.34	1.77
turning	0.34	1.46
cups	0.34	1.43
x	0.34	1.60
poultry	0.34	1.55
live	0.34	1.33
picture	0.34	1.62
hash	0.34	1.29
shove	0.34	1.55
egg	0.34	1.31
beyond	0.34	1.45
reverse	0.34	1.59
pho	0.34	1.67
jiro	0.34	1.66
season	0.34	1.37
sausage	0.34	1.35
wire	0.34	1.50
arugula	0.34	1.35
chocolate	0.34	1.04
stovetop	0.34	1.51
packed	0.34	1.27
closest	0.34	1.93
melted	0.34	1.28
cup	0.34	1.39
replied	0.34	1.75
umami	0.34	1.27
instagram	0.34	1.62
deglaze	0.34	1.36
last	0.34	1.51
turf	0.35	1.63
flowers	0.35	1.44
brings	0.35	1.13
visit	0.35	1.46
pa	0.35	1.28
pancetta	0.35	1.36
each	0.35	1.65
search	0.35	1.68
ice	0.35	1.14
ops	0.35	1.69
3/4	0.35	1.39
shot	0.35	1.90
18	0.35	1.41
pumpkin	0.35	1.28
spell	0.35	3.06
preheat	0.35	1.58
eh	0.35	1.63
aka	0.35	1.55
approach	0.35	1.53
true	0.35	3.32
result	0.35	1.38
leftover	0.35	1.35
cracker	0.35	1.18
45	0.35	1.65
searching	0.35	1.64
dutch	0.35	1.87
some	0.35	2.48
60	0.35	1.61
sounded	0.36	1.54
stew	0.36	1.28
next	0.36	2.25
11	0.36	1.54
always	0.36	2.04
would	0.36	2.70
novelty	0.36	1.43
voice	0.36	1.57
lighter	0.36	1.49
hour	0.36	1.74
seasoned	0.36	1.50
thinly	0.36	1.31
combine	0.36	1.53
sheets	0.36	1.35
24	0.36	1.59
month	0.36	1.46
nut	0.36	1.28
money	0.36	1.74
donut	0.36	1.32
again	0.36	2.56
meaning	0.36	2.57
angle	0.36	1.61
oranges	0.36	1.31
heck	0.36	2.36
went	0.36	1.31
ill	0.37	2.36
appears	0.37	1.51
sauteed	0.37	1.34
juice	0.37	1.31
trip	0.37	1.31
whisk	0.37	1.50
fruits	0.37	1.34
omelet	0.37	1.32
lucky	0.37	1.39
cutter	0.37	1.40
row	0.37	1.51
belong	0.37	1.73
might	0.37	2.69
sit	0.37	1.80
1/4	0.37	1.39
cherry	0.37	1.27
portillos	0.37	1.30
improved	0.37	1.45
respect	0.37	1.48
band	0.37	1.41
packaging	0.37	1.78
guest	0.37	1.61
oatmeal	0.37	1.44
serrano	0.37	1.39
spiced	0.37	1.32
searing	0.37	1.42
video	0.37	1.36
carbonara	0.37	1.39
eggs	0.38	1.29
may	0.38	2.73
time	0.38	2.08
casserole	0.38	1.24
return	0.38	1.53
pop	0.38	1.49
banh	0.38	1.57
meal	0.38	1.75
raspberries	0.38	1.30
neighbors	0.38	1.40
results	0.38	1.55
mix	0.38	1.51
fl	0.38	1.39
maintain	0.38	1.63
episodes	0.38	1.46
consistently	0.38	1.65
jam	0.38	1.29
doneness	0.38	1.46
pieces	0.39	1.37
potato	0.39	1.21
huge	0.39	1.58
wikipedia	0.39	1.86
below	0.39	1.80
plan	0.39	1.96
cook	0.39	1.64
grits	0.39	1.29
electric	0.39	1.45
bucket	0.39	1.34
steps	0.39	1.60
drooling	0.39	1.86
jim	0.39	1.46
crumble	0.39	1.30
someday	0.39	2.42
d	0.39	2.65
charcoal	0.39	1.38
living	0.39	1.28
baked	0.39	1.29
tomorrow	0.39	2.09
turns	0.39	1.28
plum	0.39	1.31
quantities	0.39	1.62
night	0.39	1.57
plated	0.39	1.66
click	0.39	1.79
play	0.39	1.40
1	0.39	1.39
drippings	0.40	1.36
story	0.40	1.58
somebody	0.40	1.64
minor	0.40	1.80
evenly	0.40	1.23
buffet	0.40	1.41
mixture	0.40	1.47
alton	0.40	1.33
strawberries	0.40	1.29
probably	0.40	2.73
catering	0.40	1.27
chick	0.40	1.36
40	0.40	1.61
mixing	0.40	1.54
ron	0.40	1.67
messy	0.40	1.34
candied	0.40	1.30
def	0.40	1.98
bring	0.40	1.52
16	0.40	1.47
nights	0.40	1.44
bread	0.40	1.25
round	0.40	1.30
savoury	0.40	1.25
direct	0.40	1.36
almonds	0.40	1.25
give	0.40	2.10
done	0.40	2.11
helps	0.40	1.52
form	0.40	1.37
little	0.40	2.01
brownies	0.40	1.03
halves	0.40	1.33
presented	0.40	1.47
posted	0.40	1.76
rye	0.41	1.26
title	0.41	2.05
yet	0.41	1.93
understanding	0.41	2.27
granulated	0.41	1.35
blender	0.41	1.48
fridge	0.41	1.73
breads	0.41	1.17
basic	0.41	1.43
chunky	0.41	1.34
hashbrowns	0.41	1.22
rest	0.41	1.70
mash	0.41	1.33
pocket	0.41	1.39
30	0.41	1.64
1/2	0.41	1.40
r/keto	0.41	1.93
every	0.41	1.54
yogurt	0.41	1.30
works	0.41	2.22
panini	0.41	1.42
highly	0.41	1.76
hundreds	0.41	1.87
bowl	0.41	1.42
allow	0.42	1.73
mascarpone	0.42	1.11
things	0.42	2.26
advantage	0.42	2.10
vacation	0.42	1.31
ikea	0.42	1.58
20-30	0.42	1.63
planning	0.42	1.81
weeks	0.42	1.44
abroad	0.42	1.61
sentence	0.42	2.88
read	0.42	1.69
chorizo	0.42	1.44
remain	0.42	1.70
context	0.42	1.79
nicer	0.42	1.35
r/foodporn	0.42	1.59
breakfast	0.42	1.47
asap	0.42	2.15
experimenting	0.42	2.22
blended	0.42	1.46
5-10	0.42	1.66
bomb	0.42	1.56
prosciutto	0.42	1.34
words	0.42	3.02
sear	0.42	1.38
bite	0.42	1.55
top	0.42	1.44
ripe	0.42	1.25
maker	0.42	1.39
major	0.42	1.47
word	0.42	3.05
pudding	0.43	1.50
13	0.43	1.58
snack	0.43	1.43
week	0.43	1.54
save	0.43	1.84
day	0.43	1.56
bacon	0.43	1.26
comments	0.43	1.80
wan	0.43	2.33
loaf	0.43	1.24
translate	0.43	3.01
unlikely	0.43	1.69
toast	0.43	1.38
pic	0.43	1.59
los	0.43	1.42
15	0.43	1.62
welcome	0.43	1.20
lump	0.43	1.42
10-15	0.43	1.62
gladly	0.43	2.17
friends	0.43	1.23
amateur	0.43	1.51
uncommon	0.44	1.61
forms	0.44	1.36
warm	0.44	1.44
imgur	0.44	1.69
native	0.44	1.37
portions	0.44	1.53
foreign	0.44	1.75
loosely	0.44	1.59
ftw	0.44	1.26
step	0.44	1.59
photos	0.44	1.44
bento	0.44	1.51
14	0.44	1.48
flat	0.44	1.31
aint	0.44	1.95
fruit	0.45	1.24
phrase	0.45	1.87
dogs	0.45	1.24
written	0.45	1.58
batter	0.45	1.22
refrigerator	0.45	1.68
turkey	0.45	1.15
edited	0.45	2.68
computer	0.45	1.56
number	0.45	1.84
prices	0.45	1.54
send	0.45	1.72
divide	0.45	1.46
hickory	0.45	1.31
alternative	0.45	1.65
hundred	0.45	1.62
stranger	0.45	1.31
stuffing	0.45	1.21
chill	0.46	1.64
2/3	0.46	1.35
salivating	0.46	1.97
poster	0.46	1.97
insert	0.46	1.64
20	0.46	1.60
refrigerate	0.46	1.70
baguette	0.46	1.25
blueberries	0.46	1.23
cuz	0.46	1.92
assemble	0.46	1.46
played	0.46	1.58
woman	0.46	1.36
miracle	0.46	1.44
refer	0.46	1.56
fried	0.46	1.22
brought	0.46	1.36
pastries	0.46	1.24
keeping	0.46	1.74
traditional	0.46	1.46
duh	0.46	1.90
create	0.46	1.38
almond	0.46	1.34
soup	0.47	1.40
combined	0.47	1.48
enough	0.47	2.75
post	0.47	1.72
laughed	0.47	1.25
quote	0.47	1.81
tamales	0.47	1.18
trick	0.47	1.55
firm	0.47	1.39
grey	0.47	1.17
rendered	0.47	1.30
watching	0.47	1.38
half	0.47	1.43
skills	0.47	1.69
sticky	0.47	1.28
smoked	0.47	1.31
porn	0.47	1.38
reminded	0.47	1.05
cranberry	0.47	1.22
graham	0.47	1.23
rise	0.47	1.67
topping	0.47	1.22
flip	0.47	1.44
error	0.47	2.62
struggle	0.48	1.53
sin	0.48	1.56
thread	0.48	1.78
pathetic	0.48	1.61
text	0.48	2.00
holds	0.48	1.46
grapes	0.48	1.22
yeah	0.48	3.20
tater	0.48	1.21
rack	0.48	1.52
blend	0.48	1.49
buttered	0.48	1.23
unusual	0.48	1.40
yolk	0.48	1.27
le	0.48	1.55
raspberry	0.49	1.13
skill	0.49	1.64
translation	0.49	2.67
1.5	0.49	1.44
toaster	0.49	1.38
subreddits	0.49	1.65
bolognese	0.49	1.40
em	0.49	1.81
serving	0.49	1.51
represent	0.49	1.58
host	0.49	1.18
taiwanese	0.49	1.40
until	0.49	1.47
way	0.49	2.51
freedom	0.49	1.63
considered	0.49	1.76
toppings	0.49	1.46
lay	0.50	1.35
cooked	0.50	1.47
potatoes	0.50	1.23
el	0.50	1.32
stuff	0.50	2.25
dough	0.50	1.30
let	0.50	1.77
accepted	0.50	1.89
dates	0.50	1.25
ingredients	0.50	1.93
danish	0.50	1.55
priced	0.50	1.46
stars	0.50	1.51
meat	0.50	1.32
community	0.50	1.32
banana	0.50	1.25
image	0.50	1.67
sunday	0.51	1.50
habanero	0.51	1.19
barrel	0.51	1.33
b	0.51	1.51
million	0.51	1.74
weber	0.51	1.36
daughter	0.51	1.54
lemons	0.51	1.28
cherries	0.51	1.20
raisins	0.51	1.32
soups	0.51	1.40
rolled	0.51	1.29
croissants	0.51	1.39
paired	0.52	1.45
custard	0.52	1.17
possible	0.52	2.30
event	0.52	1.25
mashed	0.52	1.18
remove	0.52	1.53
spread	0.52	1.29
aroma	0.52	1.33
browning	0.52	1.38
long	0.52	2.34
bananas	0.52	1.26
8-10	0.52	1.56
lil	0.52	1.53
everything	0.52	2.62
giant	0.52	1.45
smoker	0.52	1.32
con	0.52	1.41
added	0.53	1.67
braised	0.53	1.41
melts	0.53	1.35
broiler	0.53	1.36
during	0.53	1.39
squares	0.53	1.27
thought	0.53	1.95
therefore	0.53	1.58
twist	0.53	1.27
bark	0.53	1.18
leftovers	0.53	1.46
summer	0.53	1.28
velvet	0.54	1.00
epic	0.54	1.39
strips	0.54	1.26
followed	0.54	1.31
spelling	0.54	3.07
circles	0.54	1.31
sweets	0.54	1.38
transfer	0.54	1.44
bologna	0.54	1.42
9	0.54	1.51
olives	0.54	1.24
bars	0.54	1.25
speed	0.54	1.39
comment	0.54	2.10
set	0.54	1.58
se	0.54	1.44
user	0.54	1.70
uncovered	0.54	1.68
camping	0.54	1.43
practice	0.55	1.51
crock	0.55	1.36
peace	0.55	1.37
ratio	0.55	1.49
crepes	0.55	1.31
1st	0.55	1.59
seven	0.55	1.45
an	0.55	1.78
was	0.55	2.13
desserts	0.55	1.19
crepe	0.56	1.38
rolls	0.56	1.23
mediterranean	0.56	1.49
soon	0.56	2.18
linked	0.56	1.63
muffin	0.56	1.37
straight	0.56	1.56
torch	0.56	1.37
slice	0.56	1.30
hopefully	0.56	1.72
lover	0.56	1.55
eggplant	0.56	1.26
attempt	0.56	1.72
famous	0.56	1.82
evening	0.56	1.49
mistake	0.56	2.55
berry	0.57	1.35
muffins	0.57	1.31
translucent	0.57	1.37
into	0.57	1.36
decent	0.57	1.42
plate	0.57	1.39
10	0.57	1.56
cut	0.57	1.29
address	0.57	1.96
laid	0.57	1.47
ate	0.57	1.35
evil	0.58	1.34
mixer	0.58	1.42
al	0.58	1.39
slices	0.58	1.25
jewish	0.58	1.21
tl	0.58	1.50
directions	0.58	1.46
inch	0.58	1.30
cheesecake	0.58	1.06
flipped	0.58	1.44
whites	0.58	1.28
tradition	0.59	1.23
pears	0.59	1.22
came	0.59	1.72
year	0.59	1.27
minimal	0.59	1.70
tons	0.59	1.73
found	0.59	1.61
google	0.59	1.74
til	0.59	1.60
much	0.59	2.11
relax	0.59	1.49
dente	0.60	1.30
images	0.60	1.62
challenge	0.60	1.40
kick	0.60	1.52
widely	0.60	1.77
de	0.60	1.41
check	0.60	1.98
questions	0.60	1.94
thickness	0.61	1.40
site	0.61	1.63
2.5	0.61	1.51
hung	0.61	1.55
bitch	0.61	1.81
bang	0.61	1.49
1/8	0.61	1.28
follow	0.61	1.66
complex	0.61	1.28
ring	0.61	1.22
gt	0.61	1.95
nutella	0.62	1.15
melon	0.62	1.29
all	0.62	2.62
intense	0.62	1.38
coating	0.62	1.25
horse	0.62	1.49
six	0.62	1.46
tart	0.62	1.27
closely	0.62	1.56
georgia	0.62	1.46
via	0.62	1.52
y'all	0.62	1.61
amp	0.62	1.50
profile	0.62	1.30
del	0.62	1.35
underneath	0.63	1.34
definitely	0.63	2.63
yorkshire	0.63	1.58
gelato	0.63	1.10
hat	0.63	1.44
yolks	0.63	1.26
website	0.63	1.63
society	0.63	1.56
yams	0.63	1.21
pm	0.63	1.88
coloring	0.63	1.18
eight	0.63	1.52
buddy	0.63	1.56
throughout	0.63	1.14
pussy	0.64	1.76
heavy	0.64	1.27
favourite	0.64	1.83
married	0.64	1.33
crusts	0.64	1.21
although	0.64	2.27
l	0.64	1.46
prepare	0.64	1.72
authentic	0.64	2.04
separately	0.64	1.58
effort	0.64	1.65
bleu	0.64	1.21
blue	0.64	1.19
string	0.65	1.36
mussels	0.65	1.33
appear	0.65	1.59
stay	0.65	1.90
sense	0.65	2.68
pleasure	0.65	1.65
beat	0.65	1.35
pierogi	0.65	2.43
score	0.65	1.24
biscuits	0.66	1.24
sheep	0.66	1.43
properly	0.66	2.06
er	0.66	1.35
layered	0.66	1.13
piping	0.66	1.17
hilarious	0.66	1.99
special	0.66	1.34
service	0.67	1.30
winter	0.67	1.40
oops	0.67	2.31
balanced	0.67	1.62
shape	0.67	1.28
occasions	0.67	1.31
accent	0.67	1.71
ai	0.67	1.90
games	0.68	1.38
filling	0.68	1.19
sometime	0.68	2.22
got	0.68	2.25
guide	0.68	1.44
planned	0.68	1.56
fine	0.68	3.02
fry	0.68	1.24
folded	0.68	1.26
hahaha	0.69	2.16
12	0.69	1.51
cornbread	0.69	1.16
ten	0.69	1.52
5	0.69	1.51
nailed	0.69	1.37
present	0.69	1.32
accurate	0.69	2.17
lmao	0.69	1.99
bf	0.69	1.45
commented	0.70	1.68
recommendation	0.70	1.71
background	0.70	1.35
dr	0.70	1.34
enjoyable	0.70	1.18
edges	0.70	1.45
mi	0.70	1.40
2	0.70	1.46
r	0.71	1.64
whip	0.71	1.25
variety	0.71	1.66
en	0.71	1.48
center	0.71	1.30
3-5	0.71	1.54
classic	0.71	1.31
crazy	0.71	2.26
successful	0.72	1.35
t	0.72	1.53
album	0.72	1.57
ma	0.72	1.45
football	0.72	1.39
citrus	0.72	1.20
turn	0.72	1.42
genuine	0.72	1.69
species	0.72	2.24
ton	0.72	1.68
un	0.73	1.47
visited	0.73	1.25
dinner	0.73	1.38
men	0.73	1.33
bits	0.73	1.41
username	0.73	1.92
la	0.73	1.46
pro	0.73	1.38
baby	0.73	1.27
broil	0.73	1.28
link	0.73	1.71
1-2	0.73	1.47
english	0.74	2.71
few	0.74	1.55
honestly	0.74	2.60
cucumbers	0.74	1.26
benedict	0.74	1.30
weekend	0.74	1.51
preparation	0.74	1.55
bird	0.74	1.26
8	0.74	1.51
cats	0.74	1.19
shall	0.74	2.02
woah	0.74	1.83
original	0.74	1.80
deliver	0.74	1.60
spicy	0.75	1.20
close	0.75	2.21
small	0.75	1.42
separate	0.75	1.65
spanish	0.75	2.72
whipping	0.75	1.18
flesh	0.75	1.24
alright	0.75	1.81
nearly	0.76	1.66
treat	0.76	1.40
however	0.76	2.71
setting	0.76	1.41
sum	0.76	1.47
tender	0.76	1.22
anyway	0.76	2.57
brb	0.76	1.71
recipes	0.76	1.79
popular	0.77	1.30
plates	0.77	1.38
hmmm	0.77	2.21
couple	0.77	1.52
mug	0.77	1.37
tonight	0.77	2.04
e	0.77	1.58
finest	0.77	1.71
certainly	0.77	2.33
easter	0.77	1.17
hah	0.78	1.69
join	0.78	1.48
pistachio	0.78	1.07
brunch	0.78	1.42
additional	0.78	1.39
basket	0.78	1.39
7	0.78	1.51
gold	0.79	1.19
y	0.79	1.39
bam	0.79	1.44
salty	0.79	1.45
links	0.79	1.58
biscuit	0.79	1.17
murica	0.79	1.71
rare	0.79	1.16
moon	0.80	1.34
edible	0.80	1.92
miss	0.80	2.01
female	0.80	1.31
blog	0.81	1.54
thin	0.81	1.26
3-4	0.81	1.50
5-6	0.81	1.51
cheesy	0.81	1.37
ants	0.81	1.52
atmosphere	0.81	1.28
6	0.81	1.50
caramelize	0.81	1.29
yep	0.81	1.99
pb	0.82	1.36
hitting	0.82	1.36
4-5	0.82	1.51
proud	0.82	1.39
bastard	0.82	1.42
credit	0.82	1.34
cross	0.82	1.45
delicate	0.82	1.25
acceptable	0.82	1.96
together	0.82	1.68
pie	0.82	1.13
hollandaise	0.82	1.16
di	0.83	1.55
instructions	0.83	1.50
crescent	0.83	1.22
occasion	0.83	1.17
they	0.83	2.57
labor	0.83	1.45
mine	0.83	2.04
plus	0.84	1.46
achieve	0.84	1.57
memory	0.84	1.17
standard	0.84	1.28
multiple	0.84	1.63
4	0.84	1.49
effective	0.84	1.44
redditor	0.84	1.41
red	0.84	1.16
bastards	0.84	1.53
white	0.85	1.19
pies	0.85	1.18
2-3	0.85	1.51
ta	0.85	2.26
scene	0.85	1.23
guests	0.85	1.23
boom	0.85	1.33
manner	0.85	1.57
breading	0.86	1.20
son	0.86	1.33
kit	0.86	1.19
pleased	0.86	1.58
3	0.86	1.50
darker	0.86	1.32
forgot	0.86	2.57
puff	0.87	1.19
coming	0.87	1.85
layers	0.87	1.15
tahini	0.87	1.39
bud	0.88	1.69
crumb	0.88	1.15
subtle	0.88	1.27
r/trees	0.88	1.62
glad	0.88	1.85
swanson	0.88	1.57
j	0.89	1.30
approve	0.89	1.41
frank	0.89	1.52
till	0.89	1.36
pink	0.89	1.23
beforehand	0.90	1.50
pastry	0.90	1.17
most	0.90	1.76
several	0.90	1.64
inspired	0.90	1.44
other	0.91	1.92
pictures	0.91	1.54
orange	0.92	1.20
description	0.92	1.59
consistency	0.92	1.35
cajun	0.92	1.34
kinds	0.92	1.88
mark	0.93	1.36
provide	0.93	1.35
o	0.93	1.42
hell	0.93	2.42
memories	0.93	1.25
wtf	0.93	1.50
etc	0.93	1.49
u	0.93	1.90
par	0.93	1.38
notch	0.94	1.33
stays	0.95	1.23
fellow	0.95	1.44
yo	0.95	1.72
lots	0.95	1.83
holidays	0.95	1.05
invite	0.95	1.54
gotcha	0.95	2.14
important	0.95	1.41
forward	0.95	1.64
insides	0.95	1.20
smooth	0.96	1.29
element	0.96	1.19
thanksgiving	0.96	1.08
eve	0.96	1.11
overall	0.96	1.32
colored	0.96	1.14
relevant	0.96	1.46
loving	0.96	0.83
pinterest	0.96	1.43
depth	0.97	1.24
advance	0.97	1.39
k	0.98	1.94
parties	0.98	1.07
deviled	0.98	1.19
ya	0.98	2.01
its	0.98	2.12
master	0.98	1.38
layer	0.99	1.13
many	0.99	1.85
acidic	0.99	1.17
different	0.99	1.83
exotic	1.00	1.40
yup	1.00	1.50
flavours	1.00	1.29
actually	1.00	2.46
purple	1.00	1.19
handy	1.00	1.48
edit	1.00	2.61
information	1.00	1.57
remotely	1.00	1.79
song	1.01	1.15
flavors	1.01	1.31
balance	1.01	1.25
whoa	1.02	1.53
work	1.02	2.21
pale	1.02	1.18
obsessed	1.02	1.35
boy	1.02	1.50
tom	1.03	1.24
shut	1.04	1.44
treats	1.04	1.21
fabulous	1.04	1.69
common	1.04	1.42
above	1.05	2.01
browned	1.05	1.27
answer	1.05	2.19
um	1.05	1.62
posting	1.06	1.57
tops	1.06	1.36
particularly	1.06	1.63
response	1.07	1.68
reply	1.07	1.85
skin	1.07	1.29
sweetness	1.07	1.29
babies	1.07	1.32
healthy	1.07	1.37
slight	1.08	1.30
smokey	1.08	1.27
boys	1.08	1.31
pics	1.09	1.50
marry	1.09	1.20
fancy	1.09	1.31
also	1.09	2.37
magic	1.09	1.26
arteries	1.09	1.36
certain	1.09	1.60
race	1.10	1.26
too	1.10	2.31
dark	1.10	1.10
acidity	1.10	1.26
various	1.11	1.59
elaborate	1.11	1.44
uh	1.11	1.67
proper	1.11	2.04
hearts	1.11	1.22
yea	1.11	2.02
individual	1.11	1.38
greatly	1.12	1.34
halloween	1.12	1.01
cakes	1.12	1.05
complicated	1.12	1.33
yellow	1.12	1.19
soft	1.12	1.32
equally	1.12	1.39
dammit	1.12	1.61
savory	1.12	1.24
future	1.13	1.49
outta	1.13	1.81
distinct	1.14	1.25
photography	1.15	1.26
invited	1.15	1.17
ahh	1.15	1.95
earth	1.15	1.39
saved	1.15	1.43
sadly	1.15	1.47
nutritious	1.16	1.19
combo	1.16	1.20
unhealthy	1.16	1.25
mini	1.17	1.12
breathing	1.17	1.33
expensive	1.17	1.30
quick	1.17	1.42
were	1.17	2.05
photo	1.17	1.36
display	1.18	1.34
tiny	1.18	1.34
dem	1.18	1.54
as	1.19	2.13
hello	1.19	1.27
ps	1.19	1.42
combinations	1.19	1.39
mmmmmm	1.19	1.31
tits	1.20	1.59
sake	1.20	1.20
party	1.20	1.08
looked	1.20	1.32
cake	1.21	1.22
lol	1.21	2.11
r/shittyfoodporn	1.21	1.44
provides	1.21	1.03
four	1.22	1.42
dozen	1.22	1.52
importantly	1.22	1.37
gooey	1.22	1.26
sound	1.22	1.44
extremely	1.22	1.63
nah	1.22	1.73
bro	1.22	1.69
nom	1.23	1.45
ha	1.23	2.04
heh	1.23	1.57
ideas	1.23	1.49
demand	1.23	1.38
damnit	1.23	1.45
details	1.24	1.51
convenient	1.24	1.39
fairly	1.24	1.57
golden	1.24	1.27
both	1.25	1.86
croissant	1.25	1.06
umm	1.25	1.53
nsfw	1.25	1.44
jealous	1.26	1.78
calm	1.27	1.59
yay	1.27	1.39
now	1.28	2.01
lt	1.28	1.30
tip	1.29	1.20
shit	1.29	1.83
similar	1.30	1.52
textures	1.30	1.15
nutty	1.31	1.50
surprisingly	1.32	1.40
sweet	1.32	1.16
ridiculously	1.32	1.36
saving	1.32	1.50
brown	1.32	1.25
consistent	1.33	1.31
mate	1.33	1.71
combination	1.33	1.16
reasonably	1.33	1.39
appealing	1.34	1.22
crunch	1.34	1.47
explanation	1.34	1.67
incredibly	1.36	1.41
useful	1.37	1.24
still	1.37	2.10
mighty	1.38	1.66
thats	1.38	1.65
design	1.38	1.17
pops	1.39	1.27
appreciate	1.39	1.24
gives	1.39	1.22
request	1.39	1.01
relatively	1.40	1.41
p	1.40	1.63
celebrate	1.40	1.26
beauty	1.40	1.18
suggestions	1.41	1.47
three	1.41	1.42
addition	1.41	1.18
ahhh	1.41	1.53
inspiration	1.41	1.50
quiche	1.41	1.05
bless	1.41	1.17
quite	1.42	1.68
versatile	1.42	1.22
colors	1.44	0.94
hey	1.44	1.90
cheap	1.44	1.26
two	1.44	1.46
really	1.44	2.06
hero	1.46	1.64
wedding	1.47	1.13
okay	1.47	2.16
da	1.48	1.38
dat	1.50	1.40
advice	1.50	1.40
magical	1.50	1.31
christ	1.51	1.40
inside	1.51	1.24
feedback	1.51	1.33
birthday	1.52	1.28
holiday	1.52	1.22
detail	1.53	1.32
gift	1.53	0.85
worries	1.53	1.52
so	1.53	2.17
remind	1.53	1.19
smoothie	1.54	1.17
charred	1.54	1.47
christmas	1.54	1.19
unique	1.54	1.06
ah	1.55	1.99
texture	1.55	1.43
helpful	1.55	1.02
makes	1.55	1.36
mouth	1.56	1.29
congratulations	1.57	1.17
reminds	1.57	0.88
que	1.57	1.13
plz	1.58	1.48
marks	1.58	1.14
moist	1.58	1.03
caprese	1.58	1.12
caramelized	1.60	1.00
detailed	1.61	1.32
very	1.62	1.51
pls	1.62	1.41
please	1.63	1.62
kidding	1.63	1.58
crispy	1.63	1.51
crisp	1.63	1.52
rich	1.64	1.10
tips	1.66	1.30
drool	1.67	1.37
uniform	1.68	1.14
fuckin	1.70	1.47
hehe	1.70	1.35
info	1.71	1.39
inexpensive	1.71	1.09
flavor	1.72	1.30
super	1.73	1.40
pleasant	1.74	1.25
soooo	1.76	1.31
compliment	1.76	1.05
props	1.77	1.15
incredible	1.77	1.45
extra	1.77	1.31
crunchy	1.78	1.39
indeed	1.78	1.25
crusty	1.79	1.38
looking	1.79	1.64
appreciated	1.79	0.99
dude	1.79	1.74
flavour	1.79	1.27
haha	1.81	1.88
excellent	1.82	1.35
meaty	1.82	1.36
creates	1.83	1.15
perfectly	1.85	1.43
easy	1.85	1.18
art	1.86	1.07
gim	1.88	1.32
thick	1.89	1.30
plating	1.90	1.10
darn	1.91	1.46
interior	1.91	1.29
goddamn	1.92	1.11
fucking	1.92	1.27
sexy	1.92	1.15
creative	1.94	1.04
appetizing	1.94	1.11
must	1.95	1.56
tangy	1.95	1.27
mmmmm	1.95	1.01
such	1.96	1.21
damned	1.96	1.41
jesus	1.96	1.29
fluffy	1.98	1.30
aw	1.99	1.41
luck	1.99	1.26
insanely	1.99	1.24
figs	1.99	1.23
aww	2.00	1.31
gosh	2.00	1.30
cool	2.00	1.59
devour	2.01	1.05
outside	2.01	1.23
op	2.02	1.49
crust	2.03	1.26
flaky	2.03	1.27
buttery	2.05	1.28
adds	2.06	1.19
creamy	2.07	1.25
char	2.07	1.26
idea	2.08	1.61
creation	2.08	0.90
share	2.09	1.30
colour	2.10	1.22
juicy	2.10	1.05
contrast	2.11	1.18
deliciousness	2.11	0.89
goodness	2.12	1.00
gods	2.12	1.09
suggestion	2.13	1.22
mmmm	2.13	0.98
color	2.14	1.21
blasphemy	2.14	1.00
nicely	2.14	0.97
bright	2.16	1.17
especially	2.16	1.09
kudos	2.16	0.97
turned	2.16	1.07
heaven	2.18	1.06
recipe	2.21	1.26
pretty	2.22	1.28
simple	2.22	1.04
dear	2.22	0.95
light	2.22	1.24
tho	2.23	1.06
spectacular	2.24	1.10
heavenly	2.25	0.94
these	2.27	1.31
oooh	2.27	1.21
smoky	2.27	1.05
hearty	2.27	0.95
satisfying	2.27	0.84
well	2.28	1.53
killer	2.29	1.00
flavorful	2.29	0.96
thanks	2.30	1.35
bravo	2.31	0.98
though	2.32	1.50
brilliant	2.32	1.06
interesting	2.33	1.10
dang	2.33	1.23
watering	2.34	1.00
lord	2.34	1.03
man	2.34	1.35
cheers	2.34	1.15
yes	2.35	1.46
hope	2.35	1.03
sir	2.37	1.21
truly	2.39	0.95
oh	2.40	1.26
outstanding	2.42	0.99
bloody	2.43	1.07
perfection	2.43	0.88
neat	2.44	1.02
sounds	2.44	0.99
divine	2.44	0.94
refreshing	2.46	0.90
seriously	2.49	1.21
fun	2.49	0.94
soo	2.50	1.06
holy	2.52	1.06
mmm	2.54	0.85
wish	2.56	1.05
sooo	2.56	0.96
bet	2.59	1.02
presentation	2.63	0.83
yours	2.64	0.87
btw	2.65	1.04
glorious	2.65	0.76
beautifully	2.66	0.84
impressive	2.67	0.93
friggin	2.69	0.78
amazingly	2.70	0.89
congrats	2.72	0.93
good	2.72	1.01
god	2.73	0.89
sooooo	2.74	0.97
genius	2.75	0.86
nonetheless	2.76	0.92
perfect	2.77	0.70
delicious	2.77	0.79
phenomenal	2.79	0.74
cute	2.83	0.76
wow	2.88	0.93
ooh	2.89	0.87
omg	2.89	0.76
thank	2.90	0.77
yummy	2.90	0.66
those	2.90	0.82
look	2.91	0.86
damn	2.91	0.86
freakin	2.94	0.79
sharing	2.95	0.81
delish	2.96	0.75
delightful	2.97	0.65
gorgeous	2.99	0.62
absolutely	3.00	0.73
freaking	3.00	0.71
tasty	3.01	0.74
job	3.01	0.77
yum	3.01	0.75
looks	3.03	0.73
adorable	3.04	0.71
wonderful	3.06	0.62
great	3.14	0.66
lovely	3.14	0.60
beautiful	3.19	0.56
