hating	-4.13	0.98
sucks	-3.85	0.82
controls	-3.83	1.04
ss	-3.83	1.11
shitty	-3.80	1.17
disgusting	-3.76	0.78
unfinished	-3.72	1.35
dislike	-3.66	1.09
bashing	-3.65	1.24
disliked	-3.63	1.13
complained	-3.62	1.16
boom	-3.62	1.26
skyward	-3.61	1.22
hateful	-3.61	1.08
mess	-3.56	1.23
sword	-3.50	1.29
empty	-3.49	1.01
hotline	-3.45	1.14
filled	-3.43	1.10
naughty	-3.41	1.14
dislikes	-3.36	1.21
garbage	-3.31	1.45
broken	-3.30	1.48
glitches	-3.28	1.49
worse	-3.28	1.16
idiotic	-3.22	1.30
destroyed	-3.22	1.33
glover	-3.22	1.13
sucked	-3.19	1.04
sexist	-3.14	1.11
bear	-3.13	1.15
miami	-3.10	1.21
mediocre	-3.09	1.40
etc	-2.99	1.47
rushed	-2.96	1.38
bothers	-2.89	1.24
death	-2.84	1.40
horribly	-2.83	1.56
insults	-2.81	1.38
downright	-2.79	1.44
hostile	-2.76	1.32
autotune	-2.74	1.35
shitting	-2.73	1.14
ocarina	-2.70	0.95
ugly	-2.66	1.60
angry	-2.63	1.67
pit	-2.62	1.52
sonic	-2.60	1.47
causes	-2.59	1.36
suck	-2.57	1.15
bad	-2.56	1.76
liking	-2.55	1.31
dull	-2.54	1.55
smosh	-2.54	1.45
assumed	-2.50	1.59
extent	-2.49	1.14
hedgehog	-2.49	1.50
complains	-2.49	1.73
plain	-2.48	1.31
graphics	-2.46	1.65
threats	-2.46	1.47
aged	-2.45	1.52
taught	-2.44	1.65
compared	-2.43	1.28
heroes	-2.42	1.55
poorly	-2.42	1.46
bash	-2.41	1.32
talked	-2.40	1.44
blind	-2.40	1.93
objectively	-2.40	1.67
equal	-2.39	1.30
negativity	-2.39	1.58
terribly	-2.39	1.54
oot	-2.39	0.88
lttp	-2.38	0.86
unreasonable	-2.38	1.35
flawed	-2.36	1.38
suddenly	-2.36	1.63
culture	-2.35	1.29
towards	-2.35	1.40
tells	-2.35	1.90
badly	-2.33	1.44
understood	-2.32	1.66
reputation	-2.32	1.42
upset	-2.32	1.78
applies	-2.30	1.48
pig	-2.30	1.45
uses	-2.30	1.67
criticism	-2.29	1.68
alttp	-2.28	0.87
disappointed	-2.27	2.31
habit	-2.26	1.82
asks	-2.26	2.00
everyone	-2.26	2.02
finishing	-2.25	1.63
zeldas	-2.24	0.84
flaws	-2.24	0.97
complain	-2.23	1.82
except	-2.20	1.38
zelda	-2.20	0.88
butthurt	-2.20	1.58
twilight	-2.18	0.86
causing	-2.18	1.56
tries	-2.18	1.94
people	-2.17	1.82
ww	-2.16	0.87
talks	-2.15	2.02
explaining	-2.15	1.44
hatred	-2.15	1.71
helps	-2.14	1.52
acting	-2.14	1.53
sa2	-2.13	1.09
troll	-2.13	1.46
raging	-2.13	1.34
backlash	-2.12	1.78
considered	-2.11	1.68
likes	-2.10	2.35
anybody	-2.10	2.09
slow	-2.10	1.45
fault	-2.10	1.82
4chan	-2.08	1.72
design	-2.07	1.38
mad	-2.06	1.65
calls	-2.06	1.80
stupid	-2.06	1.68
bugs	-2.05	1.56
low	-2.05	1.62
needs	-2.05	1.98
tumblr	-2.04	1.59
worlds	-2.03	0.77
bothered	-2.03	2.04
called	-2.01	1.36
agreed	-2.01	1.71
human	-2.01	1.34
says	-1.99	2.16
shocked	-1.98	1.85
criticized	-1.97	1.82
inherently	-1.96	1.91
worthy	-1.96	1.49
pr	-1.95	1.57
weird	-1.94	2.12
ugh	-1.94	1.56
me	-1.93	2.20
lied	-1.92	2.25
complaints	-1.91	1.14
majora	-1.91	0.74
passionate	-1.91	1.52
shits	-1.90	1.32
felt	-1.90	1.91
racist	-1.89	1.59
candy	-1.89	1.73
system	-1.88	1.58
wars	-1.87	1.67
deserves	-1.87	1.73
pisses	-1.87	1.40
almost	-1.87	2.14
little	-1.87	2.23
sugar	-1.86	1.81
uncomfortable	-1.85	2.02
loz	-1.84	0.83
worded	-1.84	2.10
combat	-1.84	0.79
disappointing	-1.84	1.53
depressing	-1.83	1.63
surprised	-1.83	2.23
criticizing	-1.82	1.15
mask	-1.82	0.72
motion	-1.81	0.83
electric	-1.81	1.83
mm	-1.80	0.82
disagree	-1.80	2.45
misleading	-1.79	2.09
scenario	-1.79	1.86
choice	-1.79	1.65
offended	-1.79	1.08
blame	-1.79	2.03
bunch	-1.78	1.75
depressed	-1.78	1.98
logic	-1.78	2.10
lying	-1.78	2.24
feeling	-1.78	2.18
defending	-1.78	1.13
nervous	-1.77	2.03
anger	-1.77	1.73
normalboots	-1.77	1.95
frankly	-1.76	1.17
equivalent	-1.76	1.66
credit	-1.76	1.75
pissed	-1.75	2.03
trade	-1.75	1.69
bland	-1.74	1.03
clean	-1.74	1.87
dungeons	-1.74	0.77
glitch	-1.74	1.04
breaking	-1.73	1.04
unleashed	-1.73	1.16
exploration	-1.73	0.80
praise	-1.71	1.72
bitching	-1.71	1.24
sequelitis	-1.70	0.91
dumb	-1.69	1.68
familiar	-1.68	2.18
platforming	-1.68	0.99
makes	-1.67	2.24
remind	-1.66	1.83
complaining	-1.66	1.41
dungeon	-1.65	0.84
ignorant	-1.62	1.02
hyrule	-1.61	0.82
idiot	-1.59	1.85
stretch	-1.58	1.58
lesser	-1.58	0.80
disrespectful	-1.58	0.85
laughing	-1.57	1.86
franchise	-1.56	1.78
sega	-1.55	1.10
intentionally	-1.55	1.21
false	-1.54	2.42
mechanics	-1.54	1.04
stating	-1.53	2.49
impressions	-1.53	1.42
assumptions	-1.53	2.20
despite	-1.52	1.02
itt	-1.52	1.02
believes	-1.52	2.57
cause	-1.52	2.53
awkward	-1.52	1.60
crappy	-1.52	0.88
designed	-1.51	1.16
shoes	-1.50	1.96
sucking	-1.50	0.95
thinks	-1.49	2.59
first	-1.49	2.32
insulting	-1.49	1.02
about	-1.49	1.74
shadow	-1.48	1.06
knows	-1.48	2.52
cringe	-1.48	1.56
rant	-1.47	0.84
defensive	-1.47	0.97
nobody	-1.46	2.03
arguments	-1.46	1.31
petty	-1.45	0.91
childish	-1.44	0.94
dick	-1.44	0.82
whining	-1.44	1.15
annoyed	-1.43	1.41
sections	-1.43	1.00
obvious	-1.43	2.22
joking	-1.42	2.68
calling	-1.42	1.12
referencing	-1.42	2.38
toward	-1.42	0.92
traditional	-1.40	1.64
ignore	-1.40	1.31
pathetic	-1.40	1.63
watches	-1.40	2.59
treated	-1.39	0.85
criticisms	-1.39	1.31
linear	-1.39	0.77
looked	-1.39	1.70
adventure	-1.38	1.12
insult	-1.38	1.07
06	-1.38	1.06
else	-1.37	2.03
everybody	-1.37	2.41
knuckles	-1.37	1.11
toxic	-1.37	0.89
sheep	-1.37	1.66
treat	-1.37	0.90
agrees	-1.36	2.47
poopy	-1.36	0.80
exploring	-1.36	0.80
areas	-1.35	0.89
hardly	-1.35	1.06
worried	-1.34	1.78
points	-1.34	1.69
mainstream	-1.33	0.93
hilariously	-1.32	1.59
warriors	-1.32	0.82
legend	-1.32	0.80
ironic	-1.32	1.04
ruining	-1.32	1.55
haters	-1.31	1.87
immature	-1.31	1.13
cough	-1.31	0.87
woke	-1.30	1.96
sanic	-1.30	1.02
mentions	-1.30	2.38
argument	-1.30	1.74
gets	-1.30	1.20
directed	-1.30	1.03
retarded	-1.29	1.12
nigger	-1.29	0.97
concerned	-1.28	1.44
clearly	-1.28	2.83
lonely	-1.27	1.99
express	-1.27	1.42
painfully	-1.27	1.21
silly	-1.27	1.19
acts	-1.27	1.03
rape	-1.27	0.90
mentality	-1.27	0.97
lie	-1.26	2.83
skipping	-1.26	1.15
cameo	-1.26	1.86
correctly	-1.26	2.43
finds	-1.26	1.91
cares	-1.25	2.39
modern	-1.25	0.67
lazy	-1.25	1.05
thrown	-1.25	0.88
part	-1.25	2.04
in-game	-1.24	1.00
sending	-1.24	1.07
retard	-1.24	1.08
confused	-1.24	1.64
offensive	-1.24	1.03
blaming	-1.24	1.59
inevitable	-1.23	1.03
basic	-1.23	1.12
previous	-1.22	0.97
triggered	-1.22	1.10
obnoxious	-1.22	1.09
rude	-1.22	1.02
pumbloom	-1.21	1.94
meh	-1.21	0.90
messages	-1.21	1.01
stages	-1.21	1.00
bitter	-1.20	0.99
yelled	-1.20	1.14
tutorials	-1.19	1.10
blatantly	-1.19	1.60
lost	-1.19	1.17
colors	-1.19	1.09
missing	-1.18	2.80
decent	-1.18	1.53
sickness	-1.18	1.08
genuinely	-1.17	1.40
levels	-1.16	0.98
address	-1.16	1.10
reasoning	-1.16	1.57
bored	-1.15	1.39
tommy	-1.15	1.86
drop	-1.15	0.97
concepts	-1.15	1.04
objective	-1.14	1.23
addressed	-1.14	1.35
frustrated	-1.14	1.41
afraid	-1.14	1.72
choosing	-1.14	1.23
bassist	-1.14	2.02
slightly	-1.14	1.21
mistaken	-1.12	2.76
forgetting	-1.12	2.71
closer	-1.12	1.06
screwed	-1.12	2.30
wording	-1.12	2.36
trigger	-1.12	1.03
who	-1.12	1.86
barely	-1.12	1.31
skittles	-1.11	0.76
criticize	-1.11	1.24
circlejerk	-1.11	1.25
beings	-1.11	0.86
nowadays	-1.11	1.01
sensitive	-1.11	1.16
critique	-1.11	1.17
terms	-1.10	1.07
spelled	-1.10	2.39
arguing	-1.10	1.78
unfunny	-1.10	1.13
valid	-1.10	1.52
constructive	-1.10	1.18
tutorial	-1.10	1.11
pronounced	-1.10	2.20
raped	-1.10	0.99
grasp	-1.09	1.00
significantly	-1.09	1.11
interested	-1.09	1.72
incorrect	-1.09	2.40
reasons	-1.08	1.43
generations	-1.08	1.17
outright	-1.08	1.23
entitled	-1.08	1.08
confusing	-1.08	1.33
aware	-1.08	2.72
intentional	-1.08	2.43
warning	-1.08	1.04
justified	-1.08	1.49
issues	-1.08	1.10
brings	-1.08	1.18
general	-1.06	0.90
negative	-1.05	1.23
basically	-1.05	1.95
consensus	-1.05	0.95
blank	-1.05	2.35
puzzles	-1.04	0.94
forced	-1.04	1.23
boring	-1.04	1.11
sent	-1.03	1.04
assumption	-1.03	1.51
vague	-1.03	1.30
fights	-1.03	0.91
blatant	-1.02	1.16
ignoring	-1.02	1.42
hypocritical	-1.02	1.25
trash	-1.02	0.85
higher	-1.02	1.04
fanboy	-1.02	1.19
spoke	-1.02	1.31
blowing	-1.01	1.12
quality	-1.01	1.02
matters	-1.01	1.44
irritating	-1.01	1.51
original	-1.01	0.87
formula	-1.01	0.88
biased	-1.01	1.74
streaming	-1.01	0.93
paying	-1.01	1.65
fps	-1.01	0.93
downvotes	-1.01	1.51
environment	-1.00	1.08
contains	-1.00	0.93
reacting	-1.00	1.19
send	-1.00	1.10
claiming	-0.99	1.41
zoe	-0.99	1.07
better	-0.99	1.80
standpoint	-0.99	1.19
warnings	-0.98	1.13
nothing	-0.98	3.28
told	-0.98	1.68
destiny	-0.98	0.83
lame	-0.98	1.16
supporting	-0.98	1.23
explains	-0.97	1.94
used	-0.97	1.49
passion	-0.97	1.80
bosses	-0.97	0.84
downvoted	-0.97	1.55
cared	-0.97	1.62
statements	-0.97	1.50
enemies	-0.97	0.91
aspects	-0.96	0.96
than	-0.96	1.37
handled	-0.96	1.26
anyone	-0.96	2.09
opinions	-0.95	1.56
mentioning	-0.95	1.68
understands	-0.95	2.37
career	-0.95	1.92
implies	-0.95	1.08
discussed	-0.94	1.56
silver	-0.94	0.87
someone	-0.94	1.74
happening	-0.94	3.06
happens	-0.94	2.02
wondering	-0.94	1.94
stood	-0.94	1.11
triggers	-0.94	1.10
insert	-0.94	0.86
re	-0.93	3.17
repetitive	-0.93	1.09
including	-0.93	0.89
decides	-0.93	1.57
stick	-0.93	0.94
believed	-0.93	1.40
legitimate	-0.93	1.26
tweeted	-0.93	1.19
2d	-0.93	0.78
necessarily	-0.93	2.03
distracted	-0.92	1.52
control	-0.92	1.04
strength	-0.92	0.94
ultimately	-0.92	1.24
mistakes	-0.92	1.53
attacking	-0.92	1.19
doing	-0.92	3.16
saying	-0.92	3.33
tbh	-0.92	1.18
faggot	-0.92	1.06
assholes	-0.92	1.04
discussing	-0.92	1.58
talking	-0.92	2.22
infuriating	-0.91	1.04
by	-0.91	1.30
therefore	-0.91	1.00
telling	-0.91	1.92
facts	-0.91	1.76
systems	-0.91	0.89
turned	-0.91	1.03
harder	-0.91	1.25
jumps	-0.91	0.78
patience	-0.91	1.04
satisfied	-0.90	1.88
faster	-0.90	1.12
strongly	-0.90	1.46
trials	-0.90	0.84
dicks	-0.90	0.89
statement	-0.90	1.98
pile	-0.89	1.02
gameplay	-0.89	0.97
platformer	-0.89	1.03
south	-0.89	0.84
word	-0.89	1.21
jak	-0.89	0.88
convinced	-0.88	1.85
follows	-0.88	1.59
less	-0.88	1.45
properly	-0.88	1.53
everywhere	-0.88	1.01
pressure	-0.88	1.06
stated	-0.88	1.48
noticing	-0.88	1.43
mentioned	-0.88	1.55
thinking	-0.88	2.98
unfair	-0.87	1.04
nearly	-0.87	1.37
bar	-0.87	0.91
breaks	-0.87	0.96
farts	-0.87	0.92
failing	-0.87	1.12
cracked	-0.87	1.16
ignorance	-0.87	1.53
rate	-0.87	1.07
fat	-0.87	0.91
core	-0.87	0.95
acted	-0.87	1.11
somehow	-0.86	1.69
emotions	-0.86	1.32
censorship	-0.86	1.16
opinion	-0.86	1.84
fact	-0.86	3.42
falls	-0.86	1.04
lacking	-0.86	1.02
reacted	-0.86	1.46
acceptable	-0.85	1.33
eggman	-0.85	1.05
pain	-0.85	1.01
castle	-0.85	0.96
covered	-0.85	0.98
stale	-0.85	1.10
there	-0.85	3.13
comments	-0.85	1.34
avoiding	-0.85	1.15
truth	-0.85	1.75
intention	-0.85	1.72
offend	-0.85	1.70
sjw	-0.85	1.06
teaching	-0.85	1.23
honest	-0.84	3.08
pointless	-0.84	1.10
quinn	-0.84	1.16
ridiculous	-0.84	1.75
what	-0.84	3.43
receive	-0.84	1.35
asking	-0.84	1.92
throws	-0.84	1.11
liked	-0.84	1.92
stops	-0.84	0.98
appeal	-0.84	1.02
spreading	-0.84	1.48
knowing	-0.83	2.18
forces	-0.83	1.24
fusion	-0.83	0.89
counter	-0.83	1.15
downvoting	-0.83	1.37
differently	-0.83	1.46
aruba	-0.82	2.01
treatment	-0.82	1.10
simply	-0.82	2.07
somebody	-0.82	1.59
harsh	-0.82	1.06
egg	-0.82	0.80
skipped	-0.82	1.14
evidence	-0.82	1.68
nippon	-0.82	0.98
continuing	-0.82	1.14
theory	-0.81	1.44
using	-0.81	1.64
stuck	-0.81	1.38
following	-0.81	1.11
regarding	-0.81	1.11
apply	-0.81	1.29
gamergate	-0.81	1.18
explore	-0.81	1.00
compliment	-0.81	1.55
controversial	-0.80	1.13
victims	-0.80	1.13
asked	-0.80	1.53
pushed	-0.80	1.10
fill	-0.80	0.93
explained	-0.80	1.36
rational	-0.80	1.31
accepted	-0.80	1.31
wasting	-0.80	1.26
bs	-0.80	1.13
ignored	-0.79	1.48
literally	-0.79	1.60
princess	-0.79	0.77
unpopular	-0.79	1.58
refer	-0.79	1.18
responsibility	-0.79	1.32
discussion	-0.79	1.31
stomach	-0.79	1.02
joked	-0.78	1.12
received	-0.78	1.29
tedious	-0.78	1.02
mental	-0.78	1.12
ptsd	-0.78	1.03
offense	-0.78	1.12
thoroughly	-0.78	1.40
feels	-0.78	1.63
perspective	-0.77	1.07
crazy	-0.77	2.13
standards	-0.77	1.18
piss	-0.77	1.13
wants	-0.77	2.50
term	-0.77	1.21
triple	-0.77	0.99
everything	-0.77	2.25
comfortable	-0.77	1.48
brought	-0.77	1.22
cricket	-0.77	1.71
necessary	-0.77	1.54
openly	-0.76	1.39
bringing	-0.76	1.48
constantly	-0.76	1.55
attacked	-0.76	1.09
civ	-0.76	1.09
loses	-0.76	1.02
speed	-0.76	1.12
bothering	-0.76	1.49
words	-0.76	1.22
spoiled	-0.76	1.11
price	-0.76	1.10
unnecessary	-0.76	1.20
butt	-0.76	0.88
ganon	-0.76	0.76
loading	-0.76	0.96
curious	-0.76	2.22
showed	-0.76	1.23
expected	-0.75	1.69
realizing	-0.75	1.77
act	-0.75	1.12
means	-0.75	2.41
frustrating	-0.75	1.12
threads	-0.75	1.41
loser	-0.75	1.05
greater	-0.75	1.03
ashamed	-0.75	1.85
bigger	-0.75	1.19
presented	-0.75	1.69
caused	-0.75	1.13
idiots	-0.75	1.17
promotion	-0.75	0.98
stream	-0.74	0.92
guessing	-0.74	1.94
elements	-0.74	0.98
suicide	-0.74	1.11
hurt	-0.74	1.35
bears	-0.74	0.96
slightest	-0.74	1.33
conflict	-0.74	1.16
attempt	-0.74	1.28
argue	-0.74	2.25
rumors	-0.74	1.58
partially	-0.73	1.25
requests	-0.73	1.23
justify	-0.73	1.52
reviews	-0.73	0.78
observation	-0.73	1.37
enter	-0.73	1.01
sub	-0.73	1.42
forum	-0.73	1.18
importantly	-0.73	1.10
script	-0.73	0.97
legal	-0.73	1.40
infinite	-0.73	1.00
held	-0.73	1.04
proper	-0.73	1.15
fucks	-0.73	0.99
sure	-0.72	3.32
shield	-0.72	0.89
bug	-0.72	1.03
treating	-0.72	1.22
nostalgia	-0.72	0.85
platform	-0.72	0.97
trolls	-0.72	0.92
high	-0.72	1.03
constant	-0.72	1.21
condition	-0.71	1.19
touched	-0.71	1.10
aggressive	-0.71	1.12
ocd	-0.71	0.99
cycle	-0.71	1.07
behavior	-0.71	1.14
par	-0.71	1.10
expecting	-0.71	2.08
hoshi	-0.71	2.19
concert	-0.71	0.97
logical	-0.71	1.45
harm	-0.71	1.35
don	-0.71	1.73
progression	-0.71	1.06
being	-0.71	1.49
bit	-0.71	1.77
avoid	-0.71	1.46
which	-0.70	3.39
kids	-0.70	1.03
theories	-0.70	1.42
kicking	-0.70	1.15
speech	-0.70	1.11
earth	-0.70	0.94
nor	-0.70	1.44
downvote	-0.69	1.42
discuss	-0.69	1.52
crashers	-0.69	1.02
education	-0.69	0.99
proves	-0.69	1.29
applied	-0.69	1.12
explicitly	-0.69	1.58
privacy	-0.69	1.25
answered	-0.69	1.52
believe	-0.69	3.46
actively	-0.69	1.28
scheme	-0.69	0.94
3d	-0.69	0.76
goes	-0.69	1.51
replaced	-0.68	1.11
tails	-0.68	1.12
pretending	-0.68	1.57
sites	-0.68	1.11
weed	-0.68	0.95
mail	-0.68	1.12
likely	-0.68	2.07
intent	-0.68	1.50
mocking	-0.68	1.39
universe	-0.68	0.95
stronger	-0.68	1.11
shown	-0.68	1.46
drama	-0.68	1.34
subreddits	-0.68	1.32
inappropriate	-0.67	0.97
meaning	-0.67	1.30
expectations	-0.67	1.15
hyped	-0.67	1.49
immediately	-0.67	1.33
complaint	-0.67	1.58
suffer	-0.67	1.12
lots	-0.67	1.21
newer	-0.67	0.95
fast	-0.66	1.05
decisions	-0.66	1.01
subjective	-0.66	1.68
claims	-0.66	1.26
said	-0.66	2.05
abuse	-0.66	1.07
whenever	-0.66	1.71
apparent	-0.66	1.42
actions	-0.66	1.18
reddit	-0.66	1.28
practically	-0.66	0.90
shall	-0.66	1.26
themselves	-0.66	1.63
developers	-0.65	1.01
memes	-0.65	1.06
spoken	-0.65	1.19
health	-0.65	1.18
him	-0.65	2.00
incredibly	-0.65	1.47
capable	-0.65	1.51
pops	-0.65	1.13
mentally	-0.65	1.12
previously	-0.65	1.59
revealed	-0.65	1.48
merely	-0.65	1.32
agreeing	-0.65	1.87
miiverse	-0.64	1.20
run	-0.64	1.29
tweets	-0.64	1.19
blast	-0.64	1.06
whether	-0.64	2.12
learned	-0.64	1.43
describe	-0.64	1.28
jerk	-0.64	1.08
lies	-0.64	1.58
elaborate	-0.64	1.31
comparison	-0.63	1.07
completely	-0.63	3.05
deals	-0.63	0.95
backwards	-0.63	1.15
finished	-0.63	1.14
becomes	-0.63	1.17
equally	-0.63	1.30
changes	-0.63	1.17
sarcastic	-0.63	1.50
goal	-0.63	1.36
titles	-0.63	0.97
understandable	-0.63	1.82
creates	-0.63	1.24
meaningless	-0.63	1.19
reads	-0.63	1.76
others	-0.63	1.84
requires	-0.63	1.12
during	-0.63	1.16
choices	-0.63	0.99
doubt	-0.63	2.12
sees	-0.62	2.44
ass	-0.62	0.98
existence	-0.62	1.30
cock	-0.62	0.88
leads	-0.62	1.00
although	-0.62	1.96
analysis	-0.62	1.18
religion	-0.62	1.28
ever	-0.62	2.85
clear	-0.62	2.85
range	-0.62	1.04
respectful	-0.62	1.04
exactly	-0.62	3.49
cunt	-0.62	1.21
throwing	-0.61	1.20
situations	-0.61	1.20
wacky	-0.61	1.34
understanding	-0.61	1.16
aside	-0.61	1.00
ways	-0.61	1.46
excited	-0.61	2.21
deserve	-0.61	1.60
email	-0.61	1.18
state	-0.61	1.30
increase	-0.61	1.09
places	-0.61	1.30
response	-0.61	1.47
douche	-0.60	1.03
responsible	-0.60	1.36
subscribe	-0.60	1.01
chocolate	-0.60	0.78
due	-0.60	1.38
getting	-0.60	1.89
obsessive	-0.60	1.00
attention	-0.60	1.41
puzzle	-0.59	1.06
highly	-0.59	1.39
referred	-0.59	1.14
posts	-0.59	1.38
affected	-0.59	1.04
child	-0.59	1.05
aspect	-0.59	1.02
legitimately	-0.59	1.31
near	-0.59	1.22
starts	-0.59	1.27
naturally	-0.59	1.15
stands	-0.59	1.09
excuse	-0.58	1.12
seemed	-0.58	1.61
amy	-0.58	1.02
promise	-0.58	1.11
publicly	-0.58	1.41
e3	-0.58	1.04
controller	-0.58	0.92
suggestions	-0.58	1.31
premise	-0.58	1.47
waiting	-0.58	1.56
matter	-0.58	2.56
n64	-0.58	1.03
victim	-0.58	1.16
completion	-0.58	1.02
censored	-0.58	1.65
made	-0.58	1.82
thumbnails	-0.58	1.07
unless	-0.58	2.47
wonder	-0.58	2.37
intended	-0.58	1.47
gives	-0.58	1.26
closest	-0.57	2.68
tb	-0.57	1.20
judge	-0.57	1.81
advantage	-0.57	1.17
duke	-0.57	0.95
various	-0.57	1.16
knew	-0.57	2.08
use	-0.57	1.33
voting	-0.57	1.11
community	-0.57	1.07
unsubscribe	-0.57	1.33
competent	-0.56	0.96
extremely	-0.56	1.39
standard	-0.56	1.02
wall	-0.56	1.02
rooms	-0.56	1.09
define	-0.56	1.27
innocent	-0.56	1.32
chances	-0.56	1.60
story	-0.56	0.96
stance	-0.56	1.24
brothers	-0.56	0.84
comparing	-0.56	0.91
function	-0.56	1.27
far	-0.56	1.88
fart	-0.56	1.10
plays	-0.56	1.40
commented	-0.56	1.33
responded	-0.56	1.42
pointed	-0.56	1.30
count	-0.56	1.17
exposure	-0.56	1.20
visible	-0.56	1.56
gross	-0.56	1.15
sakura	-0.56	0.95
learning	-0.56	1.34
imply	-0.56	1.73
buttons	-0.56	0.98
presents	-0.56	1.23
point	-0.55	3.36
answers	-0.55	1.57
preference	-0.55	1.16
rings	-0.55	1.06
exist	-0.55	2.17
gain	-0.55	1.17
drag	-0.55	1.27
lot	-0.55	1.79
complete	-0.55	1.21
circumstances	-0.55	1.36
established	-0.55	1.34
claim	-0.55	1.27
tension	-0.55	1.19
expressing	-0.55	1.63
illegal	-0.55	1.19
legacy	-0.55	1.06
vocal	-0.55	0.98
trying	-0.54	2.20
speculation	-0.54	1.48
responding	-0.54	1.37
racism	-0.54	1.03
bag	-0.54	0.79
none	-0.54	1.52
messing	-0.54	1.75
dies	-0.54	1.10
proceed	-0.54	1.17
claimed	-0.54	1.32
view	-0.54	1.26
context	-0.54	1.45
linking	-0.54	2.07
course	-0.54	2.50
annoys	-0.54	0.91
suggesting	-0.54	1.94
right	-0.54	3.51
acknowledged	-0.54	1.62
reaching	-0.54	1.30
anxiety	-0.54	1.07
benefit	-0.54	1.26
totalbiscuit	-0.54	0.97
souls	-0.54	0.96
laughter	-0.53	1.09
recall	-0.53	1.98
shortly	-0.53	1.28
instructions	-0.53	1.25
segments	-0.53	0.99
making	-0.53	1.91
autism	-0.53	1.06
cried	-0.53	1.22
gay	-0.53	1.03
jumping	-0.53	1.06
positive	-0.53	1.23
specifically	-0.53	1.50
fanbase	-0.52	1.04
element	-0.52	1.20
initial	-0.52	1.36
hm	-0.52	1.59
prior	-0.52	1.11
reading	-0.52	1.63
backstory	-0.52	1.04
fans	-0.52	1.23
numbers	-0.52	0.99
creating	-0.52	1.20
subject	-0.52	1.64
interest	-0.52	1.39
flying	-0.52	0.94
shock	-0.52	1.15
depression	-0.52	1.10
sexual	-0.52	1.07
theyre	-0.51	1.51
quickly	-0.51	1.27
assume	-0.51	2.75
debacle	-0.51	1.18
world	-0.51	0.81
overly	-0.51	1.19
tear	-0.51	1.31
serious	-0.51	1.42
nukem	-0.51	0.96
required	-0.51	1.55
viewer	-0.51	1.00
paths	-0.51	1.01
question	-0.51	2.02
data	-0.51	1.24
rogue	-0.51	1.08
sign	-0.51	1.51
ring	-0.51	0.94
recognize	-0.51	1.62
prepared	-0.51	1.63
painful	-0.51	1.05
rules	-0.50	1.10
clickbait	-0.50	1.05
expressed	-0.50	1.45
science	-0.50	1.05
boxes	-0.50	1.13
results	-0.50	1.13
coming	-0.50	2.32
among	-0.50	1.11
reflect	-0.50	1.32
sleeping	-0.50	1.25
medical	-0.50	1.17
understand	-0.50	2.52
score	-0.50	1.16
sometimes	-0.50	1.87
spread	-0.50	1.32
user	-0.49	1.05
kept	-0.49	1.61
nonsense	-0.49	0.98
upvotes	-0.49	1.35
walking	-0.49	1.22
stare	-0.49	1.07
running	-0.49	1.58
falling	-0.49	1.25
paid	-0.49	1.22
enemy	-0.49	0.98
responses	-0.49	1.30
ideas	-0.49	1.21
lower	-0.49	1.09
appeared	-0.49	0.99
realised	-0.49	1.40
moral	-0.49	1.28
destroy	-0.49	0.98
wasted	-0.49	1.47
ride	-0.49	1.05
call	-0.49	1.58
guarantee	-0.49	1.50
99	-0.49	1.11
stir	-0.49	1.42
rarely	-0.49	1.55
nostalgic	-0.49	1.97
lore	-0.48	1.03
am	-0.48	2.07
shout	-0.48	1.17
therapy	-0.48	1.12
puns	-0.48	1.08
cap	-0.48	0.94
poop	-0.48	1.02
complicated	-0.48	1.20
magfest	-0.48	1.28
developed	-0.48	1.02
becoming	-0.48	1.17
path	-0.48	1.16
forcing	-0.48	1.53
items	-0.48	1.04
tried	-0.48	1.71
feelings	-0.48	1.41
twitch	-0.47	1.01
completed	-0.47	0.91
technical	-0.47	1.19
now	-0.47	3.45
began	-0.47	1.25
follow	-0.47	1.34
physics	-0.47	1.02
iirc	-0.47	1.05
catching	-0.47	1.19
message	-0.47	1.24
intelligent	-0.47	1.11
contract	-0.47	1.53
level	-0.47	1.05
set	-0.47	1.22
solution	-0.47	1.20
directions	-0.47	1.27
display	-0.47	1.08
contact	-0.46	1.26
grand	-0.46	0.98
involves	-0.46	1.26
load	-0.46	1.10
doesnt	-0.46	1.63
absolute	-0.46	2.45
without	-0.46	1.72
picking	-0.46	1.34
knight	-0.46	0.89
fashion	-0.46	1.14
beaten	-0.46	1.29
laughed	-0.46	1.60
easiest	-0.46	2.62
placed	-0.46	1.10
suffering	-0.46	1.16
figured	-0.46	1.73
disease	-0.46	1.20
item	-0.46	0.93
easily	-0.46	2.79
caring	-0.46	1.37
mainly	-0.46	0.89
built	-0.46	1.14
subjects	-0.45	1.23
remotely	-0.45	1.61
actual	-0.45	1.26
happened	-0.45	2.58
agree	-0.45	3.46
movies	-0.45	0.88
business	-0.45	1.46
satire	-0.45	1.16
repeat	-0.45	1.33
math	-0.45	1.10
strikes	-0.45	1.03
trainer	-0.45	1.05
attempts	-0.45	1.21
via	-0.45	1.20
killing	-0.45	0.96
panel	-0.45	1.21
copies	-0.45	1.02
loss	-0.44	1.11
trolling	-0.44	1.07
speaks	-0.44	1.07
celebrities	-0.44	1.10
threw	-0.44	1.02
needed	-0.44	1.82
indie	-0.44	0.95
silence	-0.44	1.08
mention	-0.44	2.29
i.e	-0.44	0.93
popping	-0.44	1.19
hardest	-0.44	2.70
dying	-0.44	1.43
speak	-0.44	1.36
spam	-0.44	1.18
encounter	-0.44	1.06
admittedly	-0.44	1.12
american	-0.44	1.00
definition	-0.44	1.24
penis	-0.44	0.94
anywhere	-0.44	1.51
topics	-0.44	1.29
camera	-0.44	1.16
entertained	-0.44	1.62
theirs	-0.44	1.22
journalism	-0.44	1.06
collecting	-0.43	0.93
before	-0.43	1.85
begins	-0.43	1.20
drug	-0.43	1.20
guns	-0.43	1.10
ball	-0.43	0.90
brock	-0.43	1.19
challenging	-0.43	0.99
produced	-0.43	1.14
enjoying	-0.43	1.41
overall	-0.43	1.01
allowed	-0.43	2.21
rights	-0.43	1.13
collection	-0.43	1.07
here	-0.43	2.69
ruins	-0.43	1.00
drunk	-0.43	1.29
topic	-0.43	1.39
instead	-0.43	1.69
producing	-0.43	1.39
duty	-0.43	0.99
stop	-0.43	1.81
lyric	-0.43	1.00
livestream	-0.43	1.07
deeper	-0.43	1.32
enjoyed	-0.43	1.95
sick	-0.43	1.15
runs	-0.43	1.11
noticed	-0.42	1.78
galaxy	-0.42	0.81
mechanic	-0.42	0.97
comes	-0.42	1.34
basis	-0.42	1.45
conspiracy	-0.42	1.47
vibe	-0.42	1.30
rumor	-0.42	1.37
reached	-0.42	1.30
obsessed	-0.42	1.04
genuine	-0.42	1.31
shame	-0.42	1.72
locked	-0.42	1.33
crying	-0.42	1.10
figuring	-0.42	1.36
against	-0.42	1.11
burning	-0.42	1.12
more	-0.42	1.91
apology	-0.42	1.24
disorder	-0.42	1.11
shiny	-0.42	0.95
reach	-0.42	1.40
us	-0.42	1.69
legally	-0.42	2.06
flashbacks	-0.41	1.09
entirely	-0.41	2.27
once	-0.41	1.87
section	-0.41	1.20
bonus	-0.41	0.99
incident	-0.41	1.23
entire	-0.41	2.65
main	-0.41	1.38
when	-0.41	2.12
pays	-0.41	1.26
rid	-0.41	1.29
supposed	-0.41	2.93
messed	-0.41	1.36
decide	-0.41	1.68
angle	-0.41	1.10
zam	-0.41	1.98
risk	-0.41	1.35
larger	-0.41	1.06
replied	-0.41	1.37
temple	-0.41	0.96
realized	-0.41	1.66
frustration	-0.41	1.24
freedom	-0.41	1.15
integrity	-0.41	1.35
feel	-0.41	2.26
motivation	-0.41	1.46
read	-0.41	1.15
implied	-0.41	1.38
already	-0.40	2.12
meat	-0.40	0.88
repeatedly	-0.40	1.24
disregard	-0.40	1.64
secrets	-0.40	1.08
examples	-0.40	1.66
crap	-0.40	1.04
relatively	-0.40	1.21
64	-0.40	0.83
school	-0.40	1.08
slowly	-0.40	1.27
accounts	-0.40	1.19
total	-0.40	1.14
communities	-0.40	1.20
amount	-0.40	1.22
arent	-0.40	1.73
into	-0.40	1.25
gone	-0.40	1.82
severe	-0.40	1.09
apologize	-0.40	1.55
require	-0.39	1.28
lack	-0.39	1.37
massive	-0.39	1.09
playable	-0.39	0.87
focusing	-0.39	1.39
significant	-0.39	1.18
agreement	-0.39	1.68
gotten	-0.39	1.72
upvoted	-0.39	1.40
broke	-0.39	1.13
somewhat	-0.39	1.49
nickelodeon	-0.39	0.96
spanish	-0.39	1.05
weight	-0.39	1.01
complex	-0.39	1.08
platformers	-0.39	0.92
accident	-0.39	1.23
went	-0.39	1.54
tester	-0.39	1.05
jumped	-0.39	1.21
explain	-0.39	1.92
internet	-0.39	1.17
wanting	-0.38	1.93
group	-0.38	1.10
extra	-0.38	1.16
hurting	-0.38	1.30
bet	-0.38	2.19
progress	-0.38	1.52
society	-0.38	1.01
heard	-0.38	1.87
fond	-0.38	1.36
guts	-0.38	0.95
taken	-0.38	1.60
fails	-0.38	1.31
melee	-0.38	1.02
censoring	-0.38	1.29
anything	-0.38	2.69
information	-0.38	1.49
controversy	-0.38	1.30
provided	-0.38	1.21
network	-0.37	1.22
defend	-0.37	1.53
critical	-0.37	1.16
dare	-0.37	1.19
site	-0.37	1.17
lighting	-0.37	1.04
smaller	-0.37	1.14
exact	-0.37	1.75
solve	-0.37	1.29
women	-0.37	0.96
extreme	-0.37	1.06
perception	-0.37	1.08
improved	-0.37	1.06
protect	-0.37	1.20
fucked	-0.37	2.20
came	-0.37	1.70
updated	-0.37	1.13
cutting	-0.37	1.43
popped	-0.37	1.18
biggest	-0.37	2.61
copyright	-0.37	1.20
voted	-0.37	1.25
respect	-0.36	1.45
huge	-0.36	1.18
twitter	-0.36	1.19
any	-0.36	2.22
has	-0.36	1.88
happiness	-0.36	1.08
rolling	-0.36	1.14
chess	-0.36	1.09
answer	-0.36	2.15
saw	-0.36	1.56
letter	-0.36	0.99
after	-0.36	1.57
done	-0.36	2.29
learn	-0.36	1.77
difference	-0.36	1.66
noises	-0.36	1.17
streams	-0.36	0.94
polaris	-0.36	1.39
annoying	-0.36	1.13
teach	-0.36	1.22
account	-0.36	1.17
details	-0.36	1.38
picked	-0.36	1.20
defeat	-0.36	1.08
road	-0.35	1.02
questions	-0.35	1.41
direct	-0.35	1.10
departure	-0.35	1.28
value	-0.35	1.46
fall	-0.35	1.22
public	-0.35	1.10
hints	-0.35	1.28
apart	-0.35	1.07
damage	-0.35	1.14
particular	-0.35	1.47
numerous	-0.35	1.70
fits	-0.35	1.22
chaos	-0.35	1.01
law	-0.35	1.28
lawyer	-0.35	1.50
according	-0.35	1.15
review	-0.35	0.96
hidden	-0.35	1.32
puts	-0.35	1.12
notable	-0.35	1.15
confusion	-0.34	1.24
instagram	-0.34	1.16
easier	-0.34	1.62
wild	-0.34	1.39
prevent	-0.34	1.45
link	-0.34	1.12
ship	-0.34	0.98
users	-0.34	1.14
page	-0.34	1.22
dry	-0.34	1.13
dialogue	-0.34	1.06
deny	-0.34	2.59
feedback	-0.34	1.29
subreddit	-0.34	1.45
college	-0.34	1.08
deserved	-0.34	1.33
mind	-0.34	2.30
nightmares	-0.34	1.29
slide	-0.34	1.01
wind	-0.33	0.79
acknowledge	-0.33	1.79
test	-0.33	1.36
tiny	-0.33	1.16
normal	-0.33	1.13
cutscenes	-0.33	1.09
intentions	-0.33	1.38
starting	-0.33	1.50
reasonable	-0.33	1.29
sexuality	-0.33	1.28
strike	-0.33	1.10
based	-0.33	1.54
cases	-0.33	1.20
anyway	-0.33	3.47
software	-0.33	1.16
became	-0.33	1.22
grinding	-0.33	1.10
partners	-0.33	1.24
had	-0.33	1.96
boots	-0.33	0.93
debate	-0.33	1.40
played	-0.33	1.49
same	-0.33	2.40
kind	-0.33	2.08
keeps	-0.33	1.48
cancer	-0.33	1.02
halo	-0.33	0.96
process	-0.33	1.13
marketing	-0.33	1.18
existed	-0.33	1.60
sorta	-0.33	1.32
karma	-0.33	1.31
waker	-0.32	0.80
rule	-0.32	1.20
sheer	-0.32	1.15
boss	-0.32	1.01
issue	-0.32	1.94
playstation	-0.32	0.91
neutral	-0.32	1.02
physically	-0.32	1.25
something	-0.32	2.75
whore	-0.32	1.06
fandom	-0.32	1.04
decision	-0.32	1.14
available	-0.32	1.38
selling	-0.32	1.55
technology	-0.32	1.15
portion	-0.32	1.09
patterns	-0.32	1.20
difficulty	-0.32	1.29
jump	-0.32	0.98
spinnakers	-0.32	1.81
research	-0.32	1.26
result	-0.32	1.04
buying	-0.32	1.36
videogames	-0.32	1.41
yourself	-0.32	1.89
folks	-0.31	1.31
ended	-0.31	1.40
yet	-0.31	1.99
times	-0.31	1.64
cry	-0.31	1.27
repeating	-0.31	1.44
patch	-0.31	1.26
pulling	-0.31	1.79
slight	-0.31	1.24
imagining	-0.31	1.81
pewdiepie	-0.31	0.95
keyboard	-0.31	0.96
deaths	-0.31	1.01
fair	-0.31	2.33
involved	-0.31	1.38
only	-0.31	2.56
stress	-0.31	1.15
japanese	-0.31	1.12
adding	-0.31	1.22
wiki	-0.31	1.07
weekend	-0.31	1.23
funnier	-0.30	1.39
cash	-0.30	1.19
strategy	-0.30	1.14
associated	-0.30	1.16
helped	-0.30	1.08
technically	-0.30	1.60
salt	-0.30	1.05
throughout	-0.30	1.22
mission	-0.30	1.05
experience	-0.30	1.35
become	-0.30	1.29
because	-0.30	3.05
start	-0.30	1.81
itself	-0.30	1.23
speaking	-0.30	1.23
twice	-0.30	1.57
manual	-0.30	1.01
facebook	-0.30	1.17
vote	-0.30	1.22
showing	-0.30	1.37
every	-0.30	1.82
roosterteeth	-0.30	0.96
talk	-0.30	2.08
growing	-0.29	1.07
edge	-0.29	1.21
surely	-0.29	1.47
developer	-0.29	1.16
concept	-0.29	1.26
stats	-0.29	1.18
never	-0.29	2.14
does	-0.29	2.48
coincidence	-0.29	1.59
been	-0.29	1.82
posting	-0.29	1.54
going	-0.29	2.88
granted	-0.29	1.07
bot	-0.29	1.22
proven	-0.29	1.51
product	-0.29	1.25
decided	-0.29	1.95
guilt	-0.29	1.06
panels	-0.29	1.17
depth	-0.29	1.09
approach	-0.29	1.35
replies	-0.29	1.33
fly	-0.29	1.24
instantly	-0.29	1.38
awhile	-0.29	1.67
generally	-0.29	1.06
rush	-0.28	1.02
babies	-0.28	0.99
laugh	-0.28	1.44
hitting	-0.28	1.25
ridiculously	-0.28	1.25
missions	-0.28	0.99
audience	-0.28	1.10
majority	-0.28	1.16
collect	-0.28	1.12
counting	-0.28	1.10
ears	-0.28	1.03
owe	-0.28	1.53
charity	-0.28	1.08
custom	-0.28	1.07
wilson	-0.28	1.97
conversation	-0.28	1.47
minor	-0.28	1.15
challenge	-0.28	1.28
forth	-0.28	1.22
finding	-0.28	1.28
panic	-0.28	0.91
sort	-0.28	2.09
guide	-0.28	1.28
kicked	-0.28	1.01
remembers	-0.28	2.21
further	-0.28	1.39
suspect	-0.28	1.33
chapter	-0.28	1.02
owned	-0.28	1.30
dead	-0.28	0.98
coin	-0.28	1.02
poison	-0.28	1.04
movement	-0.28	0.99
regard	-0.28	0.95
jesse	-0.27	1.03
donate	-0.27	1.48
ahead	-0.27	1.78
myself	-0.27	1.93
joy	-0.27	1.01
takes	-0.27	1.41
identify	-0.27	1.90
then	-0.27	2.31
chat	-0.27	1.18
website	-0.27	1.13
met	-0.27	1.39
obscure	-0.27	1.10
manage	-0.27	1.43
perhaps	-0.27	1.68
rest	-0.27	2.63
resolution	-0.27	1.10
discovered	-0.27	1.43
platforms	-0.27	1.10
were	-0.27	2.22
fighting	-0.27	1.07
moves	-0.27	1.04
largely	-0.27	1.23
supposedly	-0.27	1.26
duck	-0.27	1.02
secret	-0.27	1.18
opposite	-0.27	1.73
joke	-0.27	1.74
class	-0.27	1.06
viewers	-0.27	1.16
fail	-0.27	1.35
curiosity	-0.27	1.39
mix	-0.27	1.10
junk	-0.27	1.10
pay	-0.27	1.57
fought	-0.27	0.96
social	-0.27	0.89
related	-0.27	1.17
zero	-0.27	1.32
appear	-0.27	1.10
dealing	-0.27	1.42
sounded	-0.27	1.40
designs	-0.26	1.03
sat	-0.26	1.08
disney	-0.26	1.11
vaguely	-0.26	1.20
artistic	-0.26	1.23
losing	-0.26	1.14
clone	-0.26	1.06
advertising	-0.26	1.19
led	-0.26	1.25
begging	-0.26	1.26
develop	-0.26	1.21
above	-0.26	1.37
switch	-0.26	1.17
alcohol	-0.26	1.07
base	-0.26	1.05
longer	-0.26	1.57
admitted	-0.26	1.44
heh	-0.26	0.97
lately	-0.26	1.38
forever	-0.26	1.61
pun	-0.26	1.07
forget	-0.26	2.47
loud	-0.26	1.18
things	-0.26	1.99
target	-0.26	1.37
drops	-0.26	0.99
bottle	-0.26	0.94
jokes	-0.26	1.14
stopping	-0.26	1.28
ve	-0.26	1.91
created	-0.26	1.02
windwaker	-0.25	0.78
access	-0.25	1.07
longest	-0.25	2.58
limited	-0.25	0.93
managed	-0.25	1.69
given	-0.25	1.58
caught	-0.25	1.47
clicking	-0.25	1.35
possibly	-0.25	1.74
posted	-0.25	1.35
turning	-0.25	1.05
manner	-0.25	1.19
campaign	-0.25	1.01
poor	-0.25	1.52
care	-0.25	2.53
attracted	-0.25	0.99
neither	-0.25	1.47
explanation	-0.25	1.57
out	-0.25	1.85
normally	-0.25	1.46
started	-0.25	1.54
close	-0.25	1.41
decline	-0.25	1.05
alive	-0.25	1.03
true	-0.25	3.12
park	-0.25	0.93
crash	-0.25	0.92
whatsoever	-0.25	1.72
latest	-0.25	1.07
asshole	-0.25	1.34
found	-0.25	1.38
fire	-0.24	1.02
classes	-0.24	1.14
havent	-0.24	1.67
conclusion	-0.24	1.37
experienced	-0.24	1.30
spoilers	-0.24	1.19
spell	-0.24	1.33
cd	-0.24	1.04
media	-0.24	0.96
skip	-0.24	1.35
revenue	-0.24	1.18
where	-0.24	2.81
potato	-0.24	1.22
small	-0.24	1.14
exclusively	-0.24	1.11
whole	-0.24	1.77
kills	-0.24	1.02
saturday	-0.24	1.15
worked	-0.24	1.33
charm	-0.24	1.33
endslate	-0.24	1.01
tend	-0.24	1.24
maker	-0.23	1.36
danger	-0.23	1.11
large	-0.23	1.11
interact	-0.23	1.31
sense	-0.23	2.22
floor	-0.23	1.07
company	-0.23	1.34
middle	-0.23	1.17
nicely	-0.23	0.98
particularly	-0.23	1.69
randomly	-0.23	1.27
depends	-0.23	1.44
linked	-0.23	1.15
gamers	-0.23	1.04
below	-0.23	1.30
hole	-0.23	1.10
bucket	-0.23	1.07
fear	-0.23	1.10
evolve	-0.23	1.30
gender	-0.23	1.22
yt	-0.23	1.18
notice	-0.23	2.35
station	-0.23	1.16
salty	-0.23	0.97
releases	-0.23	1.09
advice	-0.23	1.38
ear	-0.23	1.07
gaming	-0.23	0.93
ability	-0.23	1.28
recently	-0.23	1.72
break	-0.23	1.72
whilst	-0.22	1.08
didnt	-0.22	1.88
dash	-0.22	0.97
whiny	-0.22	1.16
factor	-0.22	1.18
y'know	-0.22	1.13
method	-0.22	1.10
guard	-0.22	0.97
random	-0.22	1.28
described	-0.22	1.43
food	-0.22	1.04
cox	-0.22	1.00
grind	-0.22	1.32
changing	-0.22	1.52
surprising	-0.22	1.25
tweet	-0.22	1.22
states	-0.22	1.19
mostly	-0.22	1.41
imo	-0.22	2.42
dropped	-0.22	1.09
shitstorm	-0.22	1.31
beedrill	-0.22	1.01
murder	-0.22	1.13
accurate	-0.22	1.53
doors	-0.22	1.05
potentially	-0.22	0.98
whatever	-0.22	2.47
box	-0.22	1.04
situation	-0.21	1.88
watched	-0.21	1.44
however	-0.21	2.68
tons	-0.21	1.40
ama	-0.21	1.30
full	-0.21	1.26
votes	-0.21	1.18
goofy	-0.21	1.18
attacks	-0.21	0.97
shipping	-0.21	1.18
popularity	-0.21	1.11
tastes	-0.21	0.88
field	-0.21	1.08
another	-0.21	1.81
seen	-0.21	1.96
later	-0.21	1.65
hoping	-0.21	2.03
potential	-0.21	1.22
major	-0.21	1.28
ruin	-0.21	1.17
throw	-0.21	1.47
attempting	-0.21	1.70
throat	-0.21	1.18
service	-0.21	1.21
filming	-0.21	1.34
unable	-0.21	1.72
ebay	-0.21	1.10
genesis	-0.21	0.98
official	-0.21	1.20
differences	-0.21	1.23
narrative	-0.20	1.03
block	-0.20	1.24
guess	-0.20	3.46
order	-0.20	1.59
banjo	-0.20	0.88
refuse	-0.20	1.97
pokemon	-0.20	1.02
allows	-0.20	1.20
weak	-0.20	1.00
hopes	-0.20	1.30
subscriber	-0.20	1.23
purely	-0.20	1.26
introduce	-0.20	1.14
subscription	-0.20	1.06
sake	-0.20	1.10
atmosphere	-0.20	1.09
discussions	-0.20	1.26
anytime	-0.20	1.71
sadly	-0.20	1.40
subtle	-0.20	1.28
odds	-0.20	1.28
cons	-0.20	1.17
countless	-0.20	1.54
events	-0.20	1.23
dodge	-0.20	1.11
left	-0.20	2.04
written	-0.20	1.28
private	-0.20	1.29
industry	-0.19	1.03
interaction	-0.19	1.11
raised	-0.19	1.19
tower	-0.19	0.97
100	-0.19	1.80
holding	-0.19	1.22
terrified	-0.19	1.30
automatically	-0.19	1.17
pulled	-0.19	1.28
forest	-0.19	0.98
sudden	-0.19	1.03
agro	-0.19	1.05
code	-0.19	1.10
mixed	-0.19	0.99
absurd	-0.19	0.97
area	-0.19	1.14
dbz	-0.19	0.92
justice	-0.19	0.98
meta	-0.19	1.08
meant	-0.19	3.29
strange	-0.19	1.43
tool	-0.19	0.94
thumbs	-0.19	0.97
consider	-0.19	1.57
french	-0.19	1.14
hard	-0.19	1.52
kazooie	-0.19	0.89
ruined	-0.19	0.95
groups	-0.19	1.24
dudes	-0.18	1.28
phrase	-0.18	1.22
event	-0.18	1.12
taking	-0.18	1.90
market	-0.18	1.15
suggestion	-0.18	1.38
americans	-0.18	1.14
replay	-0.18	1.08
raise	-0.18	1.17
tl	-0.18	1.24
steps	-0.18	1.29
them	-0.18	2.17
even	-0.18	2.88
under	-0.18	1.33
hitler	-0.18	0.97
pax	-0.18	1.20
struggle	-0.18	1.19
pages	-0.18	1.17
ran	-0.18	1.35
income	-0.18	1.39
retro	-0.18	0.90
why	-0.18	2.84
eventually	-0.18	1.89
sometime	-0.18	1.47
implying	-0.18	1.91
pretend	-0.18	2.65
youtubers	-0.18	1.19
chunk	-0.18	1.14
position	-0.18	1.43
canon	-0.18	1.22
appearances	-0.18	0.92
children	-0.18	1.08
butts	-0.18	1.08
back	-0.18	1.97
occasionally	-0.18	1.18
known	-0.18	1.23
summer	-0.18	1.10
fish	-0.17	0.96
demand	-0.17	1.11
feature	-0.17	1.10
rpgs	-0.17	1.11
beat	-0.17	1.37
convention	-0.17	1.26
typically	-0.17	1.34
dedicated	-0.17	1.17
yoko	-0.17	1.09
medium	-0.17	1.23
gate	-0.17	1.04
profit	-0.17	1.34
optional	-0.17	1.06
tale	-0.17	1.17
rpg	-0.17	0.96
within	-0.17	1.37
removed	-0.17	1.17
travel	-0.17	1.25
attitude	-0.17	1.08
ask	-0.17	2.13
step	-0.17	1.31
fitting	-0.17	1.27
weapon	-0.17	1.05
emotional	-0.17	1.05
reverse	-0.17	1.43
contest	-0.17	1.21
proof	-0.17	1.62
putting	-0.17	1.62
obligated	-0.17	2.28
living	-0.16	1.10
healthy	-0.16	1.21
knowledge	-0.16	1.24
powerful	-0.16	1.11
followed	-0.16	1.15
planning	-0.16	1.57
apologies	-0.16	1.40
beforehand	-0.16	1.27
mountain	-0.16	1.02
nature	-0.16	1.13
shorter	-0.16	1.12
keys	-0.16	1.00
wise	-0.16	1.03
props	-0.16	1.07
personally	-0.16	2.13
versions	-0.16	1.07
loop	-0.16	1.23
trouble	-0.16	1.55
effects	-0.16	1.09
actors	-0.16	1.17
twin	-0.16	0.91
survive	-0.16	1.72
leaves	-0.16	1.06
analogy	-0.16	1.29
invested	-0.16	1.30
forgive	-0.16	1.78
away	-0.16	1.43
hint	-0.16	1.21
fake	-0.15	1.38
forward	-0.15	1.32
touching	-0.15	1.21
kinds	-0.15	1.44
tends	-0.15	1.18
breathing	-0.15	1.18
yogscast	-0.15	1.00
from	-0.15	1.91
very	-0.15	1.71
interests	-0.15	1.26
ice	-0.15	0.95
spikes	-0.15	1.09
push	-0.15	1.29
fine	-0.15	3.42
heavily	-0.15	1.19
respond	-0.15	1.72
difficult	-0.15	1.21
leaf	-0.15	1.01
pot	-0.15	1.38
healing	-0.15	1.17
creation	-0.15	0.99
change	-0.15	1.99
articles	-0.15	1.09
know	-0.15	2.92
plan	-0.15	1.59
sorts	-0.15	1.35
air	-0.15	1.12
stopped	-0.15	1.55
department	-0.15	1.12
keeping	-0.15	1.52
either	-0.15	2.88
chest	-0.15	1.01
surprise	-0.15	0.98
rooster	-0.15	1.06
inside	-0.15	1.07
exciting	-0.14	1.06
refers	-0.14	1.14
wont	-0.14	1.99
tim	-0.14	1.11
surgery	-0.14	1.05
donkey	-0.14	0.84
ii	-0.14	0.81
afterwards	-0.14	1.10
language	-0.14	1.23
listening	-0.14	1.50
chinese	-0.14	1.11
helping	-0.14	1.22
arcade	-0.14	1.21
companies	-0.14	1.20
having	-0.14	2.01
cave	-0.14	1.00
outside	-0.14	0.99
behind	-0.14	1.34
asleep	-0.14	1.03
crush	-0.14	1.07
rtx	-0.14	1.14
manga	-0.14	1.17
repeated	-0.14	1.32
older	-0.14	0.98
radio	-0.14	1.12
experiences	-0.14	1.26
unlike	-0.14	0.96
specific	-0.14	1.60
average	-0.14	1.22
censor	-0.14	1.37
physical	-0.14	1.28
try	-0.13	2.11
confirmation	-0.13	1.30
beyond	-0.13	1.19
sponsored	-0.13	1.13
or	-0.13	2.79
primarily	-0.13	1.04
at	-0.13	1.62
ton	-0.13	1.36
begin	-0.13	1.32
around	-0.13	1.44
case	-0.13	2.90
hype	-0.13	1.01
spoil	-0.13	2.36
structure	-0.13	1.15
race	-0.13	0.91
setting	-0.13	1.20
soon	-0.13	1.95
patient	-0.13	1.04
prove	-0.13	1.80
are	-0.12	1.92
apologized	-0.12	1.59
yelling	-0.12	1.21
appearing	-0.12	1.05
add	-0.12	1.68
subscribers	-0.12	1.26
realize	-0.12	2.60
wander	-0.12	1.00
operation	-0.12	1.08
announced	-0.12	1.25
apple	-0.12	1.05
passing	-0.12	1.17
co-host	-0.12	0.99
handed	-0.12	1.10
adult	-0.12	1.19
screaming	-0.12	1.15
off	-0.12	1.47
move	-0.12	1.65
favor	-0.12	1.16
max	-0.12	1.02
trust	-0.12	1.52
did	-0.12	2.70
lock	-0.12	0.98
need	-0.12	2.42
regret	-0.11	1.82
since	-0.11	1.75
views	-0.11	1.26
70	-0.11	1.20
superior	-0.11	0.95
unfortunate	-0.11	1.01
literal	-0.11	1.20
reason	-0.11	2.69
scroll	-0.11	1.28
profile	-0.11	1.21
monetized	-0.11	1.25
anymore	-0.11	2.62
tonight	-0.11	1.38
chance	-0.11	1.78
ghosts	-0.11	0.97
an	-0.11	1.62
consoles	-0.11	1.07
worth	-0.11	1.61
ca	-0.11	2.58
spent	-0.11	1.48
blown	-0.11	1.17
ace	-0.11	0.88
originally	-0.11	1.60
alien	-0.11	0.99
alternative	-0.11	1.07
shooting	-0.11	1.18
slip	-0.11	1.42
bought	-0.11	1.10
eachother	-0.11	1.44
uploading	-0.11	1.54
single	-0.11	1.81
common	-0.11	1.34
mildly	-0.11	1.29
bullshit	-0.10	1.31
standing	-0.10	1.48
odd	-0.10	1.50
unfortunately	-0.10	1.57
saved	-0.10	1.15
horse	-0.10	1.09
emulator	-0.10	1.15
prime	-0.10	1.11
visual	-0.10	1.03
parody	-0.10	1.49
interview	-0.10	1.05
abilities	-0.10	1.14
useless	-0.10	1.14
freak	-0.10	1.12
stayed	-0.10	1.42
searched	-0.10	1.15
mood	-0.10	1.04
gained	-0.10	1.16
judging	-0.10	1.09
sotc	-0.10	0.98
journey	-0.10	0.91
offer	-0.10	1.29
contain	-0.10	1.28
shouting	-0.10	1.29
note	-0.10	1.16
grass	-0.10	1.06
variety	-0.10	1.29
seems	-0.10	1.91
least	-0.09	1.81
spinning	-0.09	1.07
president	-0.09	0.98
article	-0.09	1.17
surprisingly	-0.09	1.24
canada	-0.09	1.10
smoke	-0.09	0.97
hd	-0.09	0.79
battles	-0.09	0.97
walkthrough	-0.09	1.27
frequently	-0.09	1.14
opened	-0.09	1.10
circles	-0.09	1.21
viewing	-0.09	1.22
training	-0.09	1.05
web	-0.09	1.17
announce	-0.09	1.35
trailer	-0.09	1.01
poke	-0.09	1.26
multiplayer	-0.09	1.08
hardware	-0.09	1.21
performance	-0.09	1.05
past	-0.09	1.54
able	-0.09	2.36
connection	-0.09	1.16
dollar	-0.09	1.41
features	-0.09	1.00
free	-0.09	1.40
pushing	-0.08	1.36
space	-0.08	0.88
store	-0.08	1.14
wreck	-0.08	0.94
beatboxing	-0.08	1.08
mean	-0.08	2.96
scale	-0.08	1.00
opens	-0.08	1.10
money	-0.08	1.45
side	-0.08	1.82
promote	-0.08	1.22
links	-0.08	1.25
took	-0.08	1.59
spend	-0.08	1.48
cup	-0.08	1.11
meeting	-0.08	1.10
until	-0.08	1.86
think	-0.08	2.95
players	-0.08	1.25
pace	-0.08	0.91
app	-0.08	1.13
lives	-0.08	1.27
bread	-0.08	0.97
carry	-0.08	1.08
asmr	-0.08	1.14
wikipedia	-0.08	1.12
bother	-0.08	2.09
loads	-0.08	1.21
we	-0.08	2.70
tied	-0.08	1.16
deleted	-0.08	1.43
split	-0.08	1.31
bound	-0.08	1.73
enjoys	-0.08	2.21
cue	-0.08	0.91
rely	-0.08	1.09
waste	-0.08	1.23
regards	-0.07	1.11
themes	-0.07	1.06
pattern	-0.07	1.25
bowl	-0.07	0.99
minority	-0.07	1.02
polite	-0.07	1.27
walls	-0.07	1.05
miles	-0.07	1.35
all	-0.07	2.50
joined	-0.07	1.38
last	-0.07	1.58
allow	-0.07	1.56
effort	-0.07	1.48
scared	-0.07	1.15
changed	-0.07	1.43
beginning	-0.07	1.22
orph	-0.07	1.77
sales	-0.07	1.19
aired	-0.07	1.41
insanely	-0.07	1.37
notch	-0.07	1.24
strong	-0.07	0.99
seek	-0.07	1.35
gamecube	-0.07	1.01
clue	-0.07	2.09
youtube	-0.07	1.28
react	-0.07	1.51
triforce	-0.07	1.01
essentially	-0.07	1.17
walk	-0.07	1.34
ps4	-0.06	1.01
impressed	-0.06	2.01
certainly	-0.06	2.26
brain	-0.06	1.04
choo	-0.06	0.90
sold	-0.06	1.23
bat	-0.06	1.17
pee	-0.06	1.17
la	-0.06	1.01
batman	-0.06	0.95
closely	-0.06	1.10
rise	-0.06	1.13
aliens	-0.06	0.92
leg	-0.06	0.98
thus	-0.06	1.18
admit	-0.06	2.43
war	-0.06	0.90
say	-0.06	2.84
kong	-0.05	0.85
gon	-0.05	2.80
permission	-0.05	1.31
noise	-0.05	1.22
realistic	-0.05	1.01
switching	-0.05	1.11
screens	-0.05	1.08
wo	-0.05	2.51
sarcasm	-0.05	1.32
treasure	-0.05	1.00
novel	-0.05	0.93
eggs	-0.05	0.94
report	-0.05	1.30
type	-0.05	1.11
seem	-0.05	2.44
affects	-0.05	1.06
exclusive	-0.05	1.16
location	-0.05	1.28
happen	-0.05	2.62
over	-0.05	1.69
period	-0.05	1.29
degree	-0.05	1.05
simon	-0.05	0.98
jim	-0.05	1.14
excitement	-0.05	1.29
volume	-0.05	1.03
hundreds	-0.05	1.42
halfway	-0.05	1.27
nowhere	-0.05	1.36
perform	-0.04	1.11
study	-0.04	0.99
turns	-0.04	1.13
nonetheless	-0.04	1.84
length	-0.04	1.16
tie	-0.04	0.97
freeze	-0.04	0.84
million	-0.04	1.33
dlc	-0.04	1.25
actually	-0.04	2.83
novels	-0.04	1.02
and/or	-0.04	0.97
continues	-0.04	1.05
signs	-0.04	1.28
sources	-0.04	1.27
slate	-0.04	1.23
upgrade	-0.04	1.15
graphic	-0.04	1.01
sidebar	-0.04	1.27
otherwise	-0.04	2.16
ironically	-0.04	1.09
rodeo	-0.04	1.27
dog	-0.04	0.78
life	-0.03	1.60
passed	-0.03	1.25
obviously	-0.03	3.25
text	-0.03	1.14
place	-0.03	2.19
remembering	-0.03	2.84
crowd	-0.03	1.09
360	-0.03	1.02
encourage	-0.03	1.41
hopefully	-0.03	1.96
skill	-0.03	1.21
sm3dw	-0.03	0.99
consistently	-0.03	1.43
awareness	-0.03	1.17
figure	-0.03	2.15
gba	-0.03	1.08
dream	-0.03	1.43
instant	-0.03	1.26
whoever	-0.03	1.10
naked	-0.03	1.31
figures	-0.03	1.23
shared	-0.03	1.14
hand	-0.03	1.53
killed	-0.03	1.08
english	-0.03	1.23
serve	-0.03	1.19
stand	-0.03	2.45
ads	-0.03	1.22
plane	-0.03	1.11
34	-0.03	1.20
grade	-0.03	1.00
everyday	-0.03	1.20
purposes	-0.03	1.20
irish	-0.03	1.15
mature	-0.02	1.26
afford	-0.02	1.78
save	-0.02	1.12
affect	-0.02	1.61
quite	-0.02	1.97
adults	-0.02	1.24
moon	-0.02	1.02
recorded	-0.02	1.27
finally	-0.02	1.82
object	-0.02	1.09
onto	-0.02	1.23
bucks	-0.02	1.37
con	-0.02	1.22
initially	-0.02	1.20
cross	-0.02	1.16
till	-0.02	1.77
live	-0.02	1.25
checked	-0.02	1.35
bed	-0.02	1.16
highest	-0.02	1.09
checking	-0.02	1.46
regardless	-0.02	1.38
heavy	-0.02	1.11
taste	-0.02	1.02
competitive	-0.02	1.14
if	-0.02	2.82
land	-0.02	0.98
version	-0.02	1.00
sound	-0.02	1.55
ready	-0.02	1.79
purchase	-0.02	1.37
cost	-0.02	1.31
expert	-0.02	1.72
uploaded	-0.01	1.33
too	-0.01	2.31
screen	-0.01	1.34
route	-0.01	1.24
dollars	-0.01	1.36
while	-0.01	1.94
moving	-0.01	1.39
bones	-0.01	1.03
click	-0.01	1.11
fairly	-0.01	1.64
depending	-0.01	1.33
discover	-0.01	1.08
grumping	-0.01	1.48
pause	-0.01	1.04
died	-0.01	1.19
double	-0.01	1.04
instance	-0.01	1.06
hooked	-0.01	1.28
forgotten	-0.00	1.62
xbox	-0.00	1.02
rough	-0.00	1.21
zone	-0.00	1.00
opportunity	-0.00	1.26
walked	-0.00	1.30
deal	-0.00	2.18
firered	-0.00	0.94
identity	-0.00	1.42
useful	-0.00	1.13
banned	-0.00	1.26
ourselves	-0.00	1.50
failed	0.00	1.26
bottom	0.00	1.43
exists	0.00	1.25
important	0.00	1.65
earlier	0.00	1.35
planet	0.00	1.06
subs	0.00	1.23
accepting	0.00	1.23
spinnaker	0.00	1.01
friday	0.00	1.24
options	0.00	1.06
google	0.00	1.14
burned	0.00	1.10
downloaded	0.00	1.13
includes	0.01	1.18
gym	0.01	1.02
kill	0.01	1.43
compare	0.01	1.38
update	0.01	1.38
lps	0.01	1.17
dozens	0.01	1.29
finish	0.01	1.78
<SPECIAL>	0.01	1.02
<URL>	0.01	1.02
expect	0.01	2.17
effective	0.01	1.23
shadows	0.01	0.99
girls	0.01	1.03
how	0.01	2.66
bathroom	0.01	1.10
types	0.01	1.14
knife	0.01	1.09
civil	0.01	1.28
concern	0.01	1.79
visit	0.01	1.38
through	0.01	1.39
shop	0.01	1.30
check	0.01	1.73
anime	0.01	0.96
per	0.01	1.38
monkey	0.01	0.98
possibility	0.01	1.48
years	0.01	1.43
milk	0.01	0.93
demo	0.02	0.99
engine	0.02	1.07
cutscene	0.02	1.01
q	0.02	1.24
villain	0.02	1.17
honestly	0.02	2.83
eye	0.02	1.00
plants	0.02	1.00
chick	0.02	1.04
tree	0.02	1.10
remember	0.02	2.66
will	0.02	2.36
represent	0.02	1.10
cheap	0.02	1.07
pm	0.02	1.28
parts	0.02	1.10
sports	0.02	1.10
find	0.02	2.26
own	0.02	1.53
budget	0.02	0.98
listed	0.02	1.25
wouldnt	0.02	2.20
opponent	0.02	1.29
pull	0.02	1.61
ds	0.02	1.05
frequent	0.02	1.19
recommended	0.02	0.96
pick	0.02	1.90
playing	0.02	2.05
designers	0.02	1.06
microphone	0.02	1.18
body	0.03	0.99
connect	0.03	1.35
nintendo	0.03	1.02
sequence	0.03	1.27
knock	0.03	1.21
recording	0.03	1.23
size	0.03	1.10
typing	0.03	1.67
searching	0.03	1.38
peoples	0.03	1.29
seemingly	0.03	1.11
m	0.03	2.42
long	0.03	1.69
comedians	0.03	1.17
description	0.03	1.14
drugs	0.03	1.02
door	0.03	1.16
next	0.03	1.56
beta	0.03	0.98
owns	0.03	1.22
toad	0.03	0.99
res	0.03	1.07
yesterday	0.03	1.35
segment	0.03	1.10
elsewhere	0.03	1.30
blocks	0.03	1.20
chicken	0.03	1.16
kinda	0.03	1.88
thread	0.03	1.50
west	0.03	1.16
podcast	0.03	1.06
taco	0.03	1.16
cars	0.03	1.10
willing	0.04	2.29
voices	0.04	1.10
eat	0.04	0.91
reveal	0.04	1.38
boxing	0.04	1.05
trend	0.04	1.16
tell	0.04	2.36
player	0.04	1.23
curse	0.04	0.89
somewhere	0.04	1.46
come	0.04	2.26
maybe	0.04	2.82
isnt	0.04	1.24
japan	0.04	1.04
attached	0.04	1.30
wrote	0.04	1.07
ps3	0.04	1.01
clicked	0.04	1.38
winning	0.04	1.18
theater	0.04	0.88
friendship	0.04	1.30
billion	0.04	1.38
sell	0.04	1.72
kid	0.04	1.07
rather	0.04	1.59
relationships	0.05	1.40
suppose	0.05	2.36
stole	0.05	1.09
blog	0.05	1.13
grab	0.05	1.19
pants	0.05	1.03
cooler	0.05	1.21
considering	0.05	1.65
adds	0.05	1.20
pc	0.05	1.03
existing	0.05	1.26
buried	0.05	1.36
mode	0.05	1.04
additional	0.05	1.16
political	0.05	1.21
19	0.05	0.97
release	0.05	1.31
active	0.05	1.21
devs	0.05	1.13
commenting	0.05	1.47
orange	0.05	1.00
finger	0.05	1.17
williams	0.06	1.02
dunno	0.06	1.89
pink	0.06	0.97
cumfaggots	0.06	1.01
trial	0.06	1.30
relative	0.06	1.35
balls	0.06	0.94
thousand	0.06	1.43
port	0.06	1.02
yours	0.06	1.39
referenced	0.06	1.41
clock	0.06	0.96
grape	0.06	1.06
room	0.06	1.25
wide	0.06	1.11
references	0.06	1.18
usually	0.06	1.74
critic	0.06	1.10
america	0.06	1.07
create	0.06	1.28
engaging	0.06	1.04
filter	0.06	1.31
tv	0.06	1.14
star	0.06	0.90
unlock	0.06	1.02
d-club	0.06	1.06
banner	0.06	1.23
stanley	0.06	0.98
again	0.06	2.46
apparently	0.06	2.18
thoughts	0.07	1.38
sessions	0.07	1.38
make	0.07	2.07
suggested	0.07	1.23
buy	0.07	1.55
clarify	0.07	2.39
time	0.07	2.11
godzilla	0.07	0.98
brief	0.07	1.08
button	0.07	1.15
big	0.07	1.17
breath	0.07	1.18
breathe	0.07	1.07
countries	0.07	1.16
foxy	0.07	1.18
bridge	0.07	1.26
front	0.07	1.53
pass	0.07	1.78
stays	0.07	1.23
bell	0.07	1.17
banter	0.07	1.48
australia	0.07	1.12
center	0.07	0.90
foot	0.07	1.28
also	0.07	2.78
tongue	0.07	1.07
filmed	0.07	1.26
hands	0.07	1.23
schedule	0.07	1.24
practice	0.07	1.07
team	0.07	0.94
want	0.07	2.60
glasses	0.07	1.01
black	0.07	0.93
books	0.07	1.12
unlikely	0.08	1.46
comic	0.08	1.16
grow	0.08	1.45
nerd	0.08	1.02
sounding	0.08	1.18
ago	0.08	1.51
no	0.08	2.71
checkers	0.08	1.12
appearance	0.08	0.98
al	0.08	1.19
1000	0.08	1.32
wasnt	0.08	1.61
cant	0.08	2.15
confirm	0.08	1.53
arrows	0.08	1.03
sunshine	0.08	0.88
stab	0.08	1.17
runner	0.08	1.04
must	0.08	2.03
map	0.08	1.12
happier	0.08	2.24
half	0.08	1.56
house	0.08	1.17
released	0.08	1.29
probably	0.08	2.77
spike	0.08	1.09
guests	0.08	1.04
rewatching	0.08	0.97
whom	0.09	1.01
chose	0.09	1.28
popular	0.09	1.09
skeleton	0.09	1.11
suggest	0.09	1.37
quoting	0.09	1.46
accent	0.09	1.13
winner	0.09	1.07
bombs	0.09	1.08
sings	0.09	0.91
ray	0.09	1.06
dreams	0.09	1.18
night	0.09	1.24
r/jontron	0.09	1.38
hmm	0.09	1.91
humanity	0.09	1.16
light	0.09	1.07
catch	0.09	2.00
notes	0.09	1.13
youtuber	0.09	1.09
build	0.09	1.24
file	0.09	1.19
impossible	0.09	1.41
parties	0.09	1.18
open	0.09	1.10
recent	0.09	1.39
reminder	0.09	1.29
racing	0.09	1.03
herself	0.09	1.31
different	0.09	1.68
3ds	0.09	1.10
giving	0.09	1.54
accept	0.10	2.05
purpose	0.10	1.46
morning	0.10	1.32
line	0.10	1.69
game	0.10	2.16
80	0.10	1.06
mansion	0.10	0.91
connected	0.10	1.04
special	0.10	1.05
really	0.10	2.60
non	0.10	1.14
floating	0.10	0.96
consistent	0.10	1.27
dinner	0.10	1.09
magic	0.10	1.12
emerald	0.10	1.00
advance	0.10	1.23
months	0.10	1.52
feed	0.10	1.15
amusing	0.10	1.09
appears	0.10	1.29
bass	0.10	1.08
directly	0.10	1.33
lived	0.10	1.19
ive	0.10	1.68
unknown	0.10	1.16
wake	0.10	1.26
rewatched	0.11	1.04
sticks	0.11	1.05
burst	0.11	1.03
idk	0.11	1.41
up	0.11	1.71
home	0.11	1.24
enjoyment	0.11	1.20
hit	0.11	1.17
himself	0.11	1.58
across	0.11	1.25
doom	0.11	0.92
poker	0.11	1.27
other	0.11	1.75
boner	0.11	1.11
dozen	0.11	1.48
mirror	0.11	1.22
paul	0.11	1.02
wins	0.11	1.01
enough	0.11	2.47
hundred	0.11	1.46
british	0.11	1.11
download	0.11	1.20
bite	0.11	1.08
objects	0.11	1.11
trauma	0.11	0.89
queen	0.11	1.03
jeez	0.11	1.87
identical	0.11	1.23
self	0.11	1.10
focused	0.11	1.11
50	0.11	1.41
wiiu	0.11	0.93
entertainment	0.11	1.27
color	0.12	0.99
sim	0.12	0.91
peach	0.12	1.00
lay	0.12	1.26
monitor	0.12	1.21
reality	0.12	1.28
closure	0.12	1.67
200	0.12	1.35
hold	0.12	1.47
gave	0.12	1.14
pressing	0.12	1.17
action	0.12	1.13
pool	0.12	1.04
whose	0.12	1.15
feet	0.12	1.15
mobile	0.12	1.28
lights	0.12	1.19
exaggerated	0.12	1.04
vvvvvv	0.12	1.04
bust	0.12	1.18
ryan	0.12	0.99
blows	0.13	1.10
comment	0.13	1.50
zombies	0.13	0.88
wondered	0.13	1.73
balance	0.13	1.25
shows	0.13	1.19
share	0.13	1.58
opposed	0.13	1.14
ends	0.13	1.18
channels	0.13	1.14
devil	0.13	1.13
smell	0.13	0.96
ate	0.13	0.91
those	0.13	1.62
thought	0.13	2.25
secretly	0.13	1.12
legs	0.13	1.26
super	0.13	0.82
convenient	0.13	1.22
fruit	0.13	1.13
key	0.13	1.14
e.g	0.13	1.11
content	0.14	1.35
hours	0.14	1.52
browser	0.14	1.35
mods	0.14	1.31
week	0.14	1.55
tears	0.14	1.06
regularly	0.14	1.32
officially	0.14	1.24
search	0.14	1.22
ordered	0.14	1.21
equipment	0.14	1.22
cream	0.14	0.81
amazon	0.14	1.17
inb4	0.14	1.21
signing	0.14	1.21
belong	0.14	1.47
plenty	0.14	1.54
basement	0.14	1.26
each	0.14	1.44
mic	0.14	1.20
pirate	0.14	1.21
bring	0.14	1.82
down	0.14	1.75
shenanigans	0.14	1.16
thick	0.14	1.13
support	0.14	1.39
may	0.14	2.65
upload	0.14	1.37
beating	0.14	1.12
pics	0.14	1.31
trip	0.14	1.20
giant	0.14	0.96
show	0.14	2.23
much	0.14	2.18
90	0.14	1.13
studio	0.14	1.15
unrelated	0.15	1.31
problem	0.15	2.45
month	0.15	1.52
spin	0.15	1.02
url	0.15	1.14
favourite	0.15	2.72
hall	0.15	1.35
can	0.15	2.42
native	0.15	1.12
whereas	0.15	1.11
personal	0.15	1.39
california	0.15	1.16
mouth	0.15	1.07
circle	0.15	1.20
generation	0.15	1.16
counts	0.15	1.21
fully	0.15	1.60
current	0.15	1.29
vast	0.15	1.04
everytime	0.15	1.37
device	0.15	1.22
images	0.15	1.21
ground	0.15	1.19
keep	0.15	1.90
minds	0.15	1.31
humans	0.15	1.10
ps2	0.16	1.01
get	0.16	2.33
effectively	0.16	1.29
skills	0.16	1.11
spending	0.16	1.36
harry	0.16	0.87
epic	0.16	0.91
way	0.16	2.58
polygrumps	0.16	1.09
history	0.16	1.20
england	0.16	1.11
studios	0.16	1.41
should	0.16	2.53
wii	0.16	0.95
kart	0.16	0.92
copy	0.16	1.10
grown	0.16	1.22
ages	0.16	1.23
juice	0.16	1.04
take	0.16	2.06
imagine	0.16	2.43
remove	0.16	1.22
record	0.16	1.27
dont	0.16	2.53
blow	0.16	1.27
delete	0.16	1.57
1	0.16	1.05
gen	0.16	0.96
staying	0.16	1.34
online	0.16	1.15
short	0.17	1.52
tomorrow	0.17	1.77
files	0.17	1.20
shift	0.17	1.11
bump	0.17	1.15
chrome	0.17	1.32
weapons	0.17	1.09
fox	0.17	1.06
lego	0.17	0.98
latter	0.17	1.21
young	0.17	1.08
busy	0.17	1.61
cameras	0.17	1.30
capture	0.17	1.17
console	0.17	1.04
hide	0.17	1.28
stuff	0.17	1.86
sprites	0.17	1.03
select	0.17	1.24
defense	0.17	1.05
bait	0.17	1.02
attack	0.17	1.11
currently	0.17	1.45
window	0.17	1.19
robin	0.17	0.94
crew	0.17	1.08
rage	0.17	1.07
hour	0.17	1.53
brawl	0.18	0.87
summon	0.18	1.00
seconds	0.18	1.47
realise	0.18	2.49
could	0.18	2.58
female	0.18	1.05
minutes	0.18	1.51
dark	0.18	1.00
roughly	0.18	1.41
sticker	0.18	1.07
planned	0.18	1.31
weeks	0.18	1.50
go	0.18	2.17
mario	0.18	0.84
clown	0.18	1.19
newest	0.18	1.08
murdered	0.18	0.98
crossed	0.18	1.10
r/gamegrumps	0.18	1.32
games	0.18	1.26
white	0.18	1.06
fell	0.18	1.15
contribute	0.18	1.66
genre	0.19	1.04
amounts	0.19	1.21
staring	0.19	1.39
merch	0.19	1.17
separate	0.19	1.39
uploads	0.19	1.12
blood	0.19	1.10
sentence	0.19	1.36
wears	0.19	0.98
project	0.19	1.24
alpha	0.19	1.07
cards	0.19	1.17
legit	0.19	1.48
casual	0.19	1.16
hits	0.19	1.16
yellow	0.19	1.00
oops	0.19	2.60
material	0.19	1.31
creative	0.19	1.24
colossi	0.19	1.10
famous	0.19	1.04
alongside	0.19	1.00
leave	0.19	2.15
theres	0.19	1.36
ll	0.19	2.41
toy	0.19	1.08
she	0.19	1.40
multiple	0.20	1.53
sooner	0.20	1.69
rust	0.20	1.15
several	0.20	1.53
handle	0.20	1.83
men	0.20	1.11
lets	0.20	1.30
hmmm	0.20	1.54
40	0.20	1.39
couple	0.20	1.50
hence	0.20	1.15
nicole	0.20	1.21
60	0.20	1.23
teacher	0.20	1.03
audio	0.20	1.18
tad	0.20	1.49
these	0.20	1.61
minute	0.20	1.50
bang	0.20	1.24
days	0.20	1.47
25	0.20	1.34
staff	0.21	1.08
pleasure	0.21	1.13
millions	0.21	1.20
competition	0.21	1.13
few	0.21	1.54
setup	0.21	1.33
scenes	0.21	1.08
server	0.21	0.92
freddy	0.21	1.10
o.o	0.21	1.53
limit	0.21	1.01
remembered	0.21	1.22
minus	0.21	1.00
neck	0.21	1.04
error	0.21	1.32
captain	0.21	0.99
laid	0.21	1.15
arins	0.21	1.26
fo	0.21	1.07
trick	0.21	1.38
certain	0.21	1.56
letters	0.22	1.11
stage	0.22	1.04
kiss	0.22	0.99
relate	0.22	1.61
mid	0.22	1.17
development	0.22	1.07
tab	0.22	1.15
episode	0.22	1.32
water	0.22	0.95
damned	0.22	1.76
robot	0.22	0.87
arin	0.22	1.78
samus	0.22	1.11
featured	0.22	1.08
30	0.22	1.39
watching	0.22	1.87
pack	0.22	1.19
flipped	0.22	1.23
hunting	0.22	0.94
male	0.23	1.13
cheating	0.23	1.06
peter	0.23	1.13
hearing	0.23	1.51
country	0.23	1.01
shovel	0.23	0.87
red	0.23	0.96
similar	0.23	1.47
might	0.23	2.66
mac	0.23	1.09
na	0.23	2.57
handley	0.23	1.07
commercial	0.23	1.12
put	0.23	1.48
signed	0.23	1.25
purple	0.23	0.97
weirdly	0.23	1.69
prepare	0.23	1.26
direction	0.23	1.40
releasing	0.24	1.32
third	0.24	1.22
killer	0.24	1.09
raw	0.24	1.19
as	0.24	2.64
flag	0.24	1.18
production	0.24	1.18
post	0.24	1.47
meme	0.24	1.03
escape	0.24	1.08
ones	0.24	1.46
animals	0.24	0.96
jews	0.24	0.98
roll	0.24	1.26
providing	0.24	1.33
square	0.24	1.11
subscribed	0.24	1.37
lil	0.24	1.18
younger	0.24	1.08
misses	0.24	1.25
screenshot	0.24	1.51
ad	0.24	1.21
youre	0.25	1.47
quotes	0.25	1.17
drinking	0.25	0.93
wanted	0.25	2.19
closed	0.25	1.14
desire	0.25	1.29
bus	0.25	1.10
problems	0.25	1.31
ghost	0.25	1.10
rt	0.25	1.17
provide	0.25	1.41
along	0.25	1.25
office	0.25	1.26
thumbnail	0.25	1.13
cold	0.25	1.00
dodger	0.25	1.12
moved	0.25	1.26
hack	0.25	0.98
status	0.25	1.18
bill	0.25	1.00
metroid	0.25	0.86
battleblock	0.25	0.94
choose	0.26	1.40
gag	0.26	1.14
tail	0.26	1.23
footage	0.26	1.21
title	0.26	1.30
submit	0.26	1.27
plus	0.26	1.24
name	0.26	1.18
21	0.26	1.11
zealand	0.26	1.26
continue	0.26	1.57
kick	0.26	1.26
computer	0.26	1.20
future	0.26	1.68
android	0.26	1.19
blue	0.27	0.98
ps	0.27	1.05
number	0.27	1.23
photos	0.27	1.20
rip	0.27	0.98
stranger	0.27	1.03
gamegrumps	0.27	1.43
alternate	0.27	1.14
fresh	0.27	1.22
seat	0.27	1.42
local	0.27	1.13
menu	0.27	1.12
dr	0.27	1.29
demon	0.28	0.91
creators	0.28	1.21
steal	0.28	1.15
wave	0.28	1.02
between	0.28	1.31
couch	0.28	1.47
plans	0.28	1.23
nes	0.28	0.91
their	0.28	1.40
protagonist	0.28	0.91
slap	0.28	1.02
effect	0.28	0.99
stars	0.28	1.00
snow	0.28	1.05
thousands	0.28	1.42
adventures	0.28	0.87
building	0.28	1.05
grew	0.28	1.13
rain	0.28	1.19
meanwhile	0.28	1.86
continued	0.28	1.03
bias	0.28	1.80
chain	0.28	1.12
crossing	0.28	1.10
lines	0.29	1.26
tag	0.29	1.09
quit	0.29	1.65
talent	0.29	1.01
pieces	0.29	1.01
achievement	0.29	1.15
dropping	0.29	0.92
switched	0.29	1.27
tf2	0.29	1.20
four	0.29	1.40
mana	0.29	0.91
york	0.29	1.24
damacy	0.29	0.89
fnaf	0.29	1.00
hallway	0.29	1.34
23	0.29	1.15
creator	0.29	1.10
leisure	0.29	1.01
darkness	0.29	0.87
twenty	0.29	1.40
impression	0.30	1.05
fame	0.30	1.05
many	0.30	1.67
relationship	0.30	1.22
calendar	0.30	1.21
remain	0.30	1.47
punch	0.30	0.94
sea	0.30	1.04
early	0.30	1.18
won	0.30	1.08
option	0.30	1.24
chinigan	0.30	1.34
nick	0.30	1.00
force	0.30	1.52
offered	0.30	1.26
walks	0.30	1.19
weather	0.30	1.12
car	0.30	1.02
parent	0.30	1.20
crack	0.30	1.13
inspiration	0.30	1.06
provides	0.31	1.24
scare	0.31	1.15
default	0.31	1.02
safe	0.31	1.60
someday	0.31	2.09
fight	0.31	1.02
simultaneously	0.31	1.08
would	0.31	2.57
relevant	0.31	1.35
colossus	0.31	0.84
arrow	0.31	1.04
expensive	0.31	1.19
league	0.31	1.21
pepper	0.31	1.01
ill	0.31	1.69
grey	0.31	1.08
die	0.31	1.70
boat	0.31	1.24
corner	0.32	1.52
news	0.32	1.25
translate	0.32	1.34
jons	0.32	1.15
scream	0.32	1.14
id	0.32	1.50
riding	0.32	1.13
program	0.32	1.09
p.s	0.32	1.27
dramatic	0.32	1.04
poster	0.32	1.21
leading	0.32	1.23
projared	0.32	1.07
mindset	0.32	1.54
row	0.32	1.33
write	0.32	1.52
energy	0.32	1.26
subbed	0.32	1.32
green	0.32	0.95
reply	0.32	1.60
head	0.32	1.36
humorous	0.32	1.14
halloween	0.32	1.00
look	0.32	2.07
monsters	0.32	0.93
scripted	0.33	1.13
ireland	0.33	1.09
jacket	0.33	0.99
ico	0.33	1.01
santa	0.33	1.29
mistake	0.33	1.73
imagined	0.33	1.44
inspired	0.33	1.01
usual	0.33	1.11
source	0.33	1.35
ep	0.33	0.89
animal	0.33	0.98
train	0.33	1.05
person	0.33	1.65
eyes	0.33	0.97
birds	0.33	1.10
fate	0.33	0.98
lava	0.34	1.11
kirby	0.34	0.95
tight	0.34	1.08
welp	0.34	1.15
laptop	0.34	1.22
sims	0.34	0.88
request	0.34	1.17
sauce	0.34	1.01
parents	0.34	1.25
john	0.34	1.02
bubble	0.34	1.12
pictures	0.34	1.37
spirit	0.34	1.58
beer	0.34	1.00
announcement	0.34	1.24
machine	0.34	0.97
14	0.34	1.20
mii	0.34	1.13
focus	0.34	1.30
let	0.34	2.18
plug	0.35	1.17
irl	0.35	1.20
sketch	0.35	1.12
teeth	0.35	1.05
year	0.35	1.39
insight	0.35	1.40
end	0.35	1.30
greatest	0.35	2.53
north	0.35	1.04
five	0.35	1.38
session	0.35	1.42
funniest	0.35	2.55
tired	0.35	1.73
brand	0.35	1.09
22	0.35	1.23
failure	0.35	1.00
katamari	0.35	0.92
fun	0.35	1.87
successful	0.35	1.02
tall	0.35	1.09
trap	0.35	1.17
phase	0.36	1.17
screw	0.36	1.19
video	0.36	1.38
sticking	0.36	1.44
stone	0.36	1.18
works	0.36	1.23
fan	0.36	1.23
entertain	0.36	1.49
suit	0.36	1.01
shoot	0.36	1.11
fix	0.36	1.85
stories	0.36	1.29
included	0.36	1.09
season	0.36	1.12
drink	0.36	0.97
not-so-grump	0.36	1.12
sleep	0.36	1.19
typical	0.36	1.10
fourth	0.36	1.03
lose	0.36	1.39
sun	0.36	1.07
town	0.36	1.12
avgn	0.37	0.88
fancy	0.37	1.26
characters	0.37	1.14
minecraft	0.37	1.08
spoiler	0.37	1.17
daily	0.37	1.33
font	0.37	1.06
coins	0.37	1.15
stealing	0.37	1.19
quote	0.37	1.46
prince	0.37	0.98
draws	0.37	1.09
18	0.38	1.19
repost	0.38	1.51
card	0.38	1.14
cents	0.38	1.09
list	0.38	1.48
fingers	0.38	1.20
shirts	0.38	1.13
bits	0.38	1.12
round	0.38	1.16
digging	0.38	1.50
explode	0.38	1.35
transition	0.38	0.94
sale	0.38	1.21
mp3	0.38	1.04
model	0.38	1.08
featuring	0.38	1.03
windows	0.38	1.13
evolved	0.38	1.14
give	0.38	1.80
blew	0.38	1.02
cut	0.38	1.33
chin	0.39	1.10
late	0.39	1.36
date	0.39	1.17
often	0.39	1.58
march	0.39	1.43
hanging	0.39	1.53
grumps	0.39	1.70
tips	0.39	1.07
pussy	0.39	1.11
handful	0.39	1.34
pop	0.39	1.02
sitting	0.39	1.51
reactions	0.39	1.05
mine	0.39	1.38
city	0.39	1.15
tyson	0.39	1.00
fairy	0.40	0.99
90s	0.40	1.07
victory	0.40	1.22
six	0.40	1.37
power	0.40	1.12
reaction	0.40	1.23
perfectly	0.40	1.68
press	0.40	1.15
boys	0.40	1.06
12	0.40	1.18
13	0.40	1.18
jontron	0.40	1.26
0	0.40	1.21
natural	0.40	1.14
names	0.40	1.26
20	0.40	1.23
digital	0.40	1.15
guilty	0.40	1.19
ps1	0.40	1.05
celebrity	0.41	0.92
imgur	0.41	1.23
professor	0.41	1.07
powers	0.41	1.06
pizza	0.41	0.97
r/conspiracygrumps	0.41	1.17
together	0.41	1.77
ghoul	0.41	1.37
handling	0.41	1.29
return	0.42	1.41
turn	0.42	1.44
cousin	0.42	1.03
channel	0.42	1.30
heck	0.42	1.04
kickstarter	0.42	1.16
spore	0.42	0.98
clever	0.42	1.12
z	0.42	0.95
deliver	0.42	1.23
nips	0.42	1.16
lead	0.42	1.19
snes	0.42	0.94
clothes	0.42	0.98
punch-out	0.42	0.81
sky	0.42	1.06
iv	0.42	0.96
opening	0.43	1.04
student	0.43	1.15
deep	0.43	1.20
always	0.43	2.36
daughter	0.43	1.08
smash	0.43	1.01
movie	0.43	1.07
voiced	0.43	1.10
gun	0.43	1.13
10	0.43	1.31
uk	0.43	1.18
abrupt	0.44	1.04
impact	0.44	1.43
amongst	0.44	1.18
superstar	0.44	0.95
friends	0.44	1.86
coast	0.44	1.12
yarn	0.44	0.88
fyi	0.44	1.35
15	0.44	1.27
missed	0.44	2.87
cranberries	0.44	1.14
professional	0.44	1.03
memorable	0.44	1.11
reference	0.45	2.14
detail	0.45	1.18
castlevania	0.45	0.87
island	0.45	0.87
2013	0.45	1.23
irony	0.45	1.28
hes	0.45	1.29
hosts	0.45	1.16
quest	0.45	0.98
replace	0.45	1.08
pitch	0.45	1.00
mycaruba	0.45	1.29
bizarre	0.45	1.11
persona	0.45	1.11
colored	0.45	1.08
hunter	0.45	1.09
ten	0.46	1.45
thin	0.46	1.08
wear	0.46	1.06
hook	0.46	1.20
extension	0.46	1.21
leaving	0.46	1.36
horror	0.46	1.08
truck	0.46	1.05
chair	0.46	1.25
iron	0.46	1.05
police	0.46	1.01
answering	0.46	1.62
string	0.46	1.13
yoshi	0.47	0.90
wolfjob	0.47	1.16
bodies	0.47	1.19
april	0.47	1.18
samurai	0.47	0.89
intensifies	0.47	1.25
larry	0.47	0.96
thumb	0.48	1.05
credits	0.48	1.02
replacement	0.48	1.20
hang	0.48	2.06
dressed	0.48	1.10
playthrough	0.48	0.94
easy	0.48	1.42
occasional	0.48	1.06
pic	0.48	1.25
wait	0.48	2.46
hat	0.48	0.99
steve	0.48	1.03
belongs	0.48	1.41
hiding	0.48	1.20
porn	0.49	1.08
new	0.49	1.29
sit	0.49	1.83
bros	0.49	0.87
idea	0.49	2.55
24	0.49	1.23
gamer	0.49	1.03
hope	0.49	2.31
dev	0.49	1.19
casually	0.50	1.27
three	0.50	1.47
flat	0.50	1.16
fuel	0.50	1.15
gifs	0.50	1.18
grandma	0.50	1.03
fiction	0.50	1.10
friendzone	0.51	1.06
east	0.51	1.20
bomb	0.51	1.11
rich	0.51	1.02
photo	0.51	1.23
win	0.51	1.21
holiday	0.51	1.17
burger	0.51	1.06
please	0.51	1.70
solely	0.51	1.22
til	0.51	1.32
finale	0.52	0.86
wearing	0.52	0.99
age	0.52	1.10
bundle	0.52	1.20
joe	0.52	1.15
soft	0.52	0.98
sides	0.52	1.23
bullet	0.52	1.16
sequel	0.52	0.88
though	0.52	2.76
host	0.53	1.22
two	0.53	1.70
suits	0.53	1.12
atleast	0.53	0.93
distance	0.53	1.22
ups	0.53	1.26
working	0.54	1.93
golf	0.54	1.06
added	0.54	1.10
burn	0.54	1.01
table	0.54	1.07
v	0.54	1.01
former	0.54	1.11
dragon	0.54	1.05
today	0.54	1.59
albums	0.54	1.27
book	0.54	1.19
beej	0.54	1.01
grumpcade	0.55	1.15
day	0.55	1.53
members	0.55	1.14
dress	0.55	1.04
introduced	0.55	1.23
pbg	0.55	1.08
17	0.55	1.22
its	0.55	2.18
2nd	0.55	1.06
t-shirt	0.55	1.06
n	0.55	1.06
spooky	0.55	1.09
pikachu	0.55	1.11
rainbow	0.55	1.03
lp	0.55	1.14
iii	0.55	0.89
nuts	0.55	1.00
jon	0.55	1.62
honesty	0.55	1.05
rocket	0.56	0.99
got	0.56	1.79
colour	0.56	0.98
army	0.56	1.11
heads	0.56	1.20
jafari	0.56	1.08
careful	0.56	1.13
image	0.56	1.18
raptor	0.56	1.01
eating	0.56	0.96
bitches	0.56	1.24
guest	0.56	1.01
chase	0.57	0.89
member	0.57	1.11
hug	0.57	1.18
include	0.57	1.15
childhood	0.57	1.20
canadian	0.57	1.08
heart	0.57	1.00
still	0.57	2.52
themed	0.57	1.11
guitar	0.57	1.03
scares	0.58	0.97
flip	0.58	1.06
kings	0.58	0.97
helpful	0.58	1.37
sam	0.58	1.21
watch	0.58	1.85
ultimate	0.58	1.01
co-op	0.58	1.07
help	0.58	2.05
humor	0.59	1.24
tour	0.59	1.25
listen	0.59	1.63
creatures	0.59	1.01
replying	0.59	1.79
rapping	0.59	1.16
makeup	0.59	1.07
lips	0.59	0.98
satisfying	0.59	1.36
robots	0.59	1.17
format	0.59	1.12
exchange	0.60	1.13
dinosaur	0.60	1.08
seven	0.60	1.39
faith	0.60	1.13
laser	0.60	1.07
generic	0.60	1.13
45	0.61	1.09
skin	0.61	1.08
driving	0.61	1.19
king	0.61	0.92
markiplier	0.61	1.02
role	0.61	1.12
zombie	0.61	1.04
voice	0.61	1.18
vi	0.61	0.99
nose	0.62	1.05
cuts	0.62	0.97
her	0.62	1.15
charge	0.62	1.20
phone	0.62	1.11
paint	0.62	1.09
straight	0.62	1.27
slayer	0.62	1.11
george	0.62	1.07
scene	0.62	0.93
eh	0.63	1.91
partner	0.63	1.02
wedding	0.63	1.11
september	0.63	1.21
example	0.63	1.79
listened	0.63	1.28
adam	0.63	1.06
bird	0.63	1.02
dating	0.63	0.95
spaghetti	0.63	1.16
yell	0.64	1.24
addition	0.64	1.09
sincerely	0.64	1.25
dance	0.64	1.24
fantasy	0.64	1.11
paper	0.64	1.07
eyebrows	0.64	1.07
butter	0.64	0.99
outlast	0.64	0.92
cheese	0.64	0.89
forms	0.64	1.21
flow	0.64	1.16
saving	0.64	1.33
character	0.65	1.17
grammar	0.65	1.53
thing	0.65	2.61
9	0.65	1.14
8	0.65	1.15
mother	0.65	1.05
peace	0.65	0.98
australian	0.65	1.15
boobs	0.65	0.92
referring	0.65	2.48
rocks	0.66	1.01
involve	0.66	1.21
shots	0.66	1.06
possible	0.66	2.25
coffee	0.66	0.98
relax	0.66	1.40
username	0.66	1.16
loose	0.66	0.97
hero	0.66	1.13
hardcore	0.66	1.15
beans	0.67	0.98
recognized	0.67	1.11
oooh	0.67	1.14
commentary	0.67	1.23
twist	0.67	0.91
storm	0.67	1.02
underrated	0.67	2.05
solo	0.67	1.04
invited	0.67	1.10
our	0.67	1.34
conversations	0.67	1.24
nights	0.67	1.08
josh	0.67	1.06
g	0.68	1.16
jobs	0.68	1.14
ode	0.68	1.24
videos	0.68	1.27
disturbing	0.68	1.00
chulip	0.68	1.01
2	0.68	1.06
completionist	0.69	1.00
allowing	0.69	1.21
clip	0.69	0.98
scary	0.69	0.99
unexpected	0.69	1.30
scribey	0.69	1.14
loving	0.69	1.15
memory	0.69	1.13
translation	0.70	1.19
seriously	0.70	2.52
clips	0.70	1.28
old	0.70	1.12
ex	0.70	1.02
improve	0.70	1.46
greatly	0.71	1.17
pet	0.71	1.15
cheer	0.71	1.37
models	0.71	0.86
pro	0.71	0.97
mike	0.71	1.11
silent	0.71	0.83
nsp	0.71	1.15
james	0.71	1.03
fools	0.71	1.18
spare	0.72	1.05
kirkhope	0.72	1.13
buttball	0.72	1.07
tracks	0.72	1.10
sister	0.72	1.04
wizard	0.72	1.07
december	0.72	1.22
brown	0.72	1.02
asian	0.72	1.11
obama	0.72	0.83
creature	0.73	0.99
4th	0.73	1.21
5	0.73	1.24
michael	0.73	1.03
11	0.73	1.10
smile	0.73	1.98
compilation	0.73	1.16
hunt	0.73	1.12
hill	0.73	0.86
face	0.73	1.25
jacques	0.73	1.12
edited	0.73	1.27
uncle	0.73	1.02
alot	0.74	1.17
endings	0.74	1.06
holds	0.74	1.08
projects	0.74	1.21
hurts	0.74	1.07
born	0.75	1.19
laughs	0.75	0.89
one	0.75	2.56
wan	0.75	2.23
mystery	0.75	0.93
unicorn	0.75	1.06
presence	0.75	1.21
dad	0.75	1.10
promo	0.75	1.06
pure	0.75	1.70
girlfriend	0.76	1.20
1st	0.76	1.23
cowboy	0.76	1.18
magical	0.76	0.88
steam	0.76	1.05
furry	0.76	1.03
pin	0.76	1.19
unique	0.77	1.06
pixel	0.77	1.01
produce	0.77	1.22
background	0.77	1.17
mod	0.77	1.09
funny	0.77	1.49
donion	0.77	1.33
woman	0.77	1.15
wat	0.77	1.18
album	0.77	1.18
enjoyable	0.77	1.20
remake	0.77	1.04
quiet	0.77	1.15
street	0.78	0.94
arms	0.78	1.04
shirt	0.78	1.08
matt	0.78	1.17
dogs	0.78	1.11
skyhill	0.78	1.16
mini	0.78	0.98
alone	0.78	1.32
sets	0.78	1.12
6	0.79	1.22
moment	0.79	2.14
sand	0.79	1.37
writer	0.79	1.29
personalities	0.79	1.28
pew	0.79	1.03
artists	0.79	1.09
typo	0.79	1.58
grant	0.79	1.12
truly	0.79	1.61
tough	0.80	1.18
grapes	0.80	1.34
seriousness	0.80	1.59
appropriate	0.80	1.24
painting	0.80	1.12
photoshop	0.80	1.12
regular	0.80	1.09
punched	0.81	1.15
track	0.81	1.13
tone	0.81	1.21
edits	0.81	1.07
shoulda	0.81	1.06
troop	0.81	1.05
tip	0.81	1.00
punk	0.81	1.06
jon-era	0.82	1.12
rock	0.82	1.14
improv	0.82	1.05
dis	0.82	1.28
dans	0.82	1.13
mr	0.83	1.14
grep	0.83	1.02
asses	0.83	1.16
sex	0.83	1.07
band	0.83	1.09
bands	0.83	1.07
armor	0.84	0.93
oddly	0.84	1.39
june	0.84	1.23
editing	0.85	1.19
feud	0.85	0.95
january	0.85	1.22
upon	0.85	1.27
christmas	0.85	1.02
convince	0.85	2.23
costume	0.85	1.03
some	0.85	1.76
individual	0.86	1.05
upvote	0.86	1.40
luigi	0.86	1.15
crystals	0.86	1.28
fool	0.86	1.13
brother	0.86	1.05
monopoly	0.86	0.98
success	0.86	1.06
vs	0.86	0.92
insane	0.87	1.10
soooo	0.87	1.15
widdle	0.87	1.14
mom	0.87	1.04
hair	0.87	1.08
gang	0.87	0.91
cast	0.88	1.09
ai	0.88	1.38
jack	0.88	1.27
avi	0.88	1.10
personality	0.88	1.22
sing	0.88	1.20
final	0.88	1.00
bee	0.88	1.13
okay	0.88	3.01
y	0.88	1.15
styles	0.89	1.23
shape	0.89	1.17
iphone	0.89	1.22
simple	0.89	1.27
swear	0.89	1.17
accidentally	0.89	1.73
letting	0.89	1.56
film	0.89	1.05
second	0.90	2.23
involving	0.90	1.05
singing	0.90	1.19
m8	0.90	1.50
evolution	0.90	1.12
club	0.90	1.12
nail	0.90	1.31
goof	0.90	1.03
starbomb	0.90	1.19
highlight	0.91	2.03
info	0.91	1.41
sierra	0.91	1.04
r	0.91	1.20
stay	0.91	1.46
nightmare	0.91	1.22
blacks	0.91	1.20
k	0.91	1.55
grumpy	0.91	1.11
whatnot	0.91	1.09
arm	0.91	1.16
vocals	0.92	1.17
rhythm	0.92	1.18
logo	0.92	1.07
ladies	0.92	1.10
boo	0.92	1.26
besides	0.92	1.67
paparaptor	0.93	1.20
remix	0.93	1.04
crasher-vania	0.93	1.19
mass	0.93	0.94
wolf	0.93	1.03
removing	0.93	1.92
im	0.93	2.10
bananas	0.93	0.99
musician	0.94	0.99
episodes	0.94	1.43
top	0.94	2.22
icon	0.94	1.14
his	0.94	1.25
mark	0.94	0.95
goose	0.94	1.06
humour	0.94	1.08
fighter	0.95	0.96
combination	0.95	1.02
naruto	0.95	1.14
imho	0.95	1.72
l	0.95	1.19
songs	0.95	1.15
plot	0.95	1.16
family	0.96	1.03
irrelevant	0.96	1.83
gift	0.96	1.79
misunderstanding	0.96	1.62
b	0.96	1.19
2012	0.96	1.24
dangerous	0.96	1.21
screams	0.97	0.98
sigh	0.97	1.21
recommend	0.97	1.35
lion	0.97	1.01
cuz	0.98	1.40
crystal	0.98	1.27
definitely	0.98	2.35
soul	0.98	1.04
real	0.98	2.13
stamper	0.98	0.97
vid	0.98	1.11
pointing	0.98	2.06
pt	0.99	0.88
gg	0.99	1.46
doctor	0.99	0.93
megaman	0.99	0.89
bitch	1.00	1.26
jewish	1.00	1.10
outro	1.00	1.25
nevermind	1.00	1.34
lucky	1.00	1.15
comics	1.00	1.10
trains	1.01	1.66
rolled	1.01	1.04
eric	1.01	1.00
comedian	1.01	1.13
ripped	1.01	1.21
well	1.01	2.64
sorry	1.01	2.68
fixed	1.02	1.65
edition	1.02	1.50
dandy	1.02	0.94
regretroid	1.03	1.22
expression	1.03	1.17
macho	1.03	1.23
bob	1.03	0.91
vacation	1.04	1.15
o'donovan	1.04	1.29
july	1.04	1.21
assuming	1.04	2.58
bye	1.04	1.23
nsfw	1.04	1.10
creepy	1.04	1.22
chins	1.04	1.01
timing	1.05	1.06
e	1.05	1.24
my	1.06	2.01
monster	1.06	1.62
palpatine	1.06	1.02
graham	1.06	1.13
proud	1.06	1.64
sandwich	1.06	0.95
picture	1.06	1.38
husband	1.06	1.04
co	1.07	1.35
glass	1.08	1.22
playlists	1.08	1.19
vids	1.08	1.18
um	1.08	1.71
pat	1.08	1.16
cosplay	1.08	0.91
coolest	1.08	2.01
pal	1.09	1.27
f	1.09	1.32
animate	1.09	1.35
ninja	1.09	1.18
yo	1.09	1.31
earthbound	1.09	0.93
rhyme	1.09	1.22
football	1.10	1.14
board	1.10	1.12
entertaining	1.10	1.07
ballad	1.10	1.21
earned	1.11	1.03
snap	1.11	1.16
transformers	1.11	1.00
leigh	1.11	1.26
ego	1.11	1.08
party	1.11	0.97
match	1.11	1.00
pose	1.12	1.19
7	1.12	1.12
grump	1.12	2.08
boy	1.12	1.15
amazed	1.12	1.84
ash	1.13	1.24
ken	1.13	1.13
favorite	1.13	2.42
mimi	1.13	1.13
your	1.13	1.91
friend	1.13	1.21
fit	1.14	1.22
lovelies	1.14	1.26
skyrim	1.14	1.81
ta	1.14	1.70
father	1.14	1.08
chosen	1.14	1.00
beats	1.15	0.93
4	1.15	1.19
y'all	1.15	1.27
aka	1.15	1.14
oney	1.15	1.01
most	1.16	2.01
ol	1.16	1.10
desk	1.16	1.18
glad	1.17	2.14
mortal	1.17	1.15
fired	1.17	1.18
versus	1.17	0.98
rewatch	1.19	1.19
dirty	1.19	1.05
cat	1.20	1.04
t	1.20	1.22
nope	1.20	1.63
chris	1.20	1.14
comedic	1.21	1.00
girl	1.21	1.11
drawn	1.21	1.21
gold	1.22	1.07
bright	1.22	0.91
x	1.22	1.10
uhh	1.23	1.68
wet	1.23	1.13
beard	1.23	1.04
flash	1.23	1.12
lyrics	1.23	1.16
outta	1.24	1.69
introduction	1.24	1.15
amp	1.24	1.05
sue	1.24	1.16
musical	1.24	0.94
sleepy	1.24	1.45
song	1.25	1.11
dynamic	1.25	1.21
arin/ross	1.25	1.60
w	1.25	1.20
jo	1.26	1.32
combo	1.26	1.54
named	1.26	1.49
da	1.26	1.28
jam	1.26	1.07
tune	1.26	1.20
faces	1.27	1.06
outfit	1.27	1.00
evil	1.27	0.99
wtf	1.28	1.40
jirard	1.28	1.02
facial	1.28	1.07
seeing	1.28	2.14
battle	1.28	1.04
dem	1.29	1.15
goddamnit	1.30	1.09
pleasant	1.30	1.98
daniel	1.30	1.16
hanson	1.30	1.11
playlist	1.31	1.30
newgrounds	1.31	1.10
theme	1.31	0.96
animators	1.31	1.03
attractive	1.32	1.15
aboard	1.32	1.07
u	1.32	1.18
frames	1.32	1.06
era	1.32	1.01
boyfriend	1.32	0.92
avidan	1.32	1.12
rap	1.32	0.99
banana	1.32	1.11
duo	1.33	1.15
brian	1.33	1.24
em-one	1.33	0.92
master	1.33	0.87
gud	1.33	1.18
actor	1.33	1.05
married	1.34	0.96
mega	1.34	1.10
pretty	1.34	1.91
chorus	1.34	1.07
expressions	1.34	1.04
david	1.34	1.17
writing	1.34	1.15
de	1.35	1.25
em	1.35	1.61
dancing	1.35	0.94
looking	1.35	2.19
2014	1.35	1.08
chemistry	1.36	1.29
hearts	1.36	0.98
golden	1.36	1.62
sang	1.37	1.04
shit	1.37	1.94
goonies	1.38	0.97
tho	1.38	1.21
legends	1.39	0.98
resident	1.39	1.08
anyways	1.39	1.37
exception	1.40	1.56
work	1.41	2.04
shut	1.41	1.39
tom	1.41	1.13
auto	1.42	1.05
badass	1.42	1.05
frame	1.43	1.01
spelling	1.43	1.81
series	1.43	1.79
especially	1.43	1.49
spoofy	1.44	1.32
beast	1.44	0.87
mochi	1.44	1.07
duh	1.45	1.19
moments	1.46	1.78
bloody	1.46	1.05
motherfucker	1.46	1.28
cartoon	1.46	1.03
cats	1.46	1.03
kingdom	1.47	0.98
confirmed	1.47	1.14
input	1.47	1.25
hell	1.48	2.18
spazkid	1.48	0.89
sooo	1.49	1.29
egoraptor	1.49	1.13
friendly	1.49	1.54
suzy	1.49	1.15
remixes	1.50	1.12
pls	1.51	1.29
whoops	1.52	1.79
yup	1.52	1.19
animator	1.52	1.06
totally	1.52	2.39
singer	1.52	0.95
editor	1.53	1.12
bout	1.53	1.33
sprite	1.54	1.00
16	1.54	1.01
wrestling	1.54	0.98
whats	1.55	1.65
satan	1.55	1.05
animating	1.55	1.14
son	1.58	1.11
brah	1.58	1.38
combined	1.59	1.44
drive	1.59	1.12
bud	1.59	1.78
remains	1.59	1.61
gt	1.60	1.80
present	1.60	1.52
appreciated	1.60	1.10
form	1.60	1.22
see	1.60	2.31
ech	1.61	1.17
goddammit	1.61	1.06
comedy	1.61	1.06
reminded	1.62	1.08
wife	1.62	1.42
music	1.63	1.12
jollo	1.63	1.07
draw	1.63	1.15
sexbang	1.64	1.10
masterpiece	1.64	1.17
hear	1.64	1.96
madness	1.65	1.26
influence	1.65	1.58
sesh	1.67	1.38
lady	1.67	1.06
play	1.67	1.94
touch	1.67	1.47
dat	1.68	0.98
yea	1.69	1.90
shattered	1.69	1.29
crashervania	1.70	1.68
tea	1.70	1.42
baby	1.71	0.93
worry	1.71	1.91
jacked	1.71	1.51
c	1.71	1.27
cartoons	1.72	0.97
mary	1.73	1.02
mouse	1.74	1.24
alex	1.74	1.39
cake	1.74	1.39
gods	1.75	1.01
both	1.77	1.74
intro	1.78	0.94
drawings	1.78	1.19
contrast	1.81	1.32
kramer	1.81	1.11
st	1.82	1.43
preferred	1.83	1.14
dig	1.84	1.66
p	1.84	1.91
3rd	1.85	1.36
ya	1.86	1.89
interesting	1.86	1.29
quick	1.86	1.43
ahh	1.88	1.61
ross	1.89	1.64
congrats	1.89	1.02
favorites	1.90	1.60
ok	1.91	2.12
memories	1.91	1.20
le	1.91	1.27
jealous	1.92	1.76
d	1.93	2.17
uh	1.93	1.82
tenouttaten	1.95	1.44
jared	1.95	1.45
drawing	1.95	1.07
such	1.96	1.40
yep	1.96	1.39
crown	1.97	1.30
piece	1.97	1.24
lmao	1.97	1.15
drew	1.97	1.01
cynical	1.97	1.26
guys	1.98	1.83
animated	2.00	1.50
plz	2.00	1.19
terrifying	2.00	0.86
covers	2.01	1.35
majestic	2.01	0.79
worries	2.01	1.53
jew	2.02	1.32
rare	2.02	1.13
hey	2.02	1.65
dan	2.02	1.74
yay	2.03	1.05
humble	2.03	1.33
join	2.04	1.51
gif	2.04	1.09
simulator	2.04	1.32
guy	2.07	1.74
warm	2.07	1.51
steel	2.08	1.46
o	2.08	1.17
spot	2.08	1.00
meet	2.09	1.49
flair	2.10	1.21
yes	2.10	2.06
intense	2.10	1.17
enjoy	2.11	1.50
edit	2.11	1.82
lord	2.11	1.00
anniversary	2.12	1.30
huh	2.13	1.69
artist	2.13	0.93
smart	2.14	1.15
shot	2.14	1.24
delicious	2.14	1.22
ha	2.15	1.36
reminds	2.15	0.96
fanart	2.15	0.99
yeah	2.16	2.21
joining	2.16	1.43
barry	2.17	1.39
c'mon	2.17	1.37
ftfy	2.17	0.98
kate	2.18	1.01
solid	2.18	1.44
alright	2.18	1.88
sounds	2.18	1.64
playthroughs	2.18	1.06
refreshing	2.19	1.18
fortune	2.19	1.11
entirety	2.22	1.38
impressive	2.23	1.08
sharing	2.24	1.39
titan	2.25	1.15
tits	2.26	0.81
geez	2.26	1.22
pair	2.27	1.21
hot	2.27	1.21
congratulations	2.27	1.29
snake	2.28	1.36
damnit	2.28	1.08
classic	2.29	1.12
forgot	2.29	1.87
ashley	2.29	1.05
buddy	2.30	1.58
miss	2.30	1.43
wishes	2.30	1.28
goat	2.31	1.34
ooh	2.33	1.28
christ	2.34	1.14
portal	2.34	1.31
whoa	2.34	1.25
smiling	2.35	1.14
mustache	2.35	1.12
baps	2.36	1.10
prefer	2.37	1.22
heaven	2.38	1.22
hello	2.41	1.12
dan-era	2.41	1.30
goddamn	2.42	1.03
ah	2.43	1.79
incredible	2.44	1.14
nah	2.44	1.76
thats	2.45	1.55
calm	2.46	1.24
holly	2.48	1.17
darn	2.49	1.09
wish	2.51	1.88
dear	2.52	1.03
hah	2.52	1.41
gear	2.54	1.35
wallpaper	2.54	1.25
looks	2.54	1.39
horrifying	2.54	0.89
danny	2.55	1.62
op	2.57	1.52
cover	2.57	1.15
metal	2.58	1.34
luck	2.58	1.15
omg	2.58	1.22
catchy	2.59	1.18
smooth	2.59	1.13
chill	2.59	1.31
sir	2.60	0.97
indeed	2.61	0.93
spice	2.61	1.18
delivery	2.61	1.04
gundam	2.61	1.21
jesus	2.64	1.23
fellow	2.67	1.28
dammit	2.68	1.09
teletubbies	2.69	1.28
neat	2.70	1.23
fuck	2.72	1.60
appreciate	2.72	1.19
one-off	2.73	1.33
good	2.76	1.41
wheel	2.76	1.30
hahaha	2.78	1.20
one-offs	2.80	1.27
gosh	2.81	1.02
3	2.81	1.19
absolutely	2.81	1.25
ninjabread	2.81	1.29
mate	2.82	1.42
gregzilla	2.83	1.02
kevin	2.83	1.27
genius	2.84	0.81
bro	2.84	1.34
menace	2.85	1.29
birthday	2.85	1.19
offs	2.85	1.27
bless	2.86	0.85
dennis	2.87	1.27
goodness	2.87	1.02
hi	2.87	1.29
mousecapade	2.89	1.29
mickey	2.91	1.28
lol	2.91	1.61
woah	2.91	1.20
rly	2.92	1.08
sexy	2.94	0.96
ocean	2.94	1.16
10/10	2.96	0.95
btw	2.96	1.03
bastard	2.97	0.91
ending	2.97	0.84
cheers	2.97	1.28
endless	2.98	1.17
frog	2.99	1.27
hehe	3.00	1.21
drakkhen	3.00	1.17
dang	3.04	0.88
animation	3.05	1.00
cute	3.06	1.09
kidding	3.09	1.28
aw	3.11	1.15
hilarious	3.14	1.02
aww	3.17	0.96
fuckin	3.21	1.20
lovely	3.21	0.96
handsome	3.22	0.94
animations	3.22	0.75
cool	3.23	1.36
welcome	3.23	1.22
oh	3.24	1.34
fucking	3.25	1.08
damn	3.25	1.07
haha	3.31	1.39
thanks	3.42	1.29
man	3.44	1.19
talented	3.45	0.66
sweet	3.46	0.94
art	3.46	0.77
swood	3.48	1.10
excellent	3.48	0.64
nailed	3.50	0.69
wow	3.52	1.09
brilliant	3.53	0.55
style	3.54	0.85
soundtrack	3.57	0.51
holy	3.59	0.85
dude	3.59	1.07
glorious	3.60	0.57
god	3.62	0.91
magnificent	3.63	0.69
lt	3.65	1.04
xd	3.66	0.99
thank	3.72	1.06
job	3.73	0.87
great	3.75	0.77
gorgeous	3.76	0.60
artwork	3.78	0.75
freaking	3.81	0.61
perfect	3.91	0.55
adorable	3.92	0.58
rad	3.95	0.56
wonderful	3.95	0.41
beautiful	4.11	0.40
