shitty	-5.38	1.48
unplayable	-5.20	1.87
painful	-5.18	1.60
crappy	-5.17	1.82
trash	-5.16	1.40
broken	-5.14	1.89
garbage	-5.12	1.66
disgusting	-5.06	1.03
mess	-5.05	1.83
unacceptable	-5.04	1.71
abysmal	-4.93	1.59
atrocious	-4.90	1.75
idiotic	-4.69	1.53
excuse	-4.66	1.53
bad	-4.66	0.92
awkward	-4.51	1.99
suffered	-4.50	1.70
pathetic	-4.48	1.45
clusterfuck	-4.47	1.62
ui	-4.40	2.08
poor	-4.31	1.93
crap	-4.26	1.50
suffers	-4.24	1.74
disaster	-4.21	1.41
hating	-4.20	1.26
suffer	-4.18	1.95
mediocre	-4.15	2.00
victim	-4.11	1.40
clunky	-3.99	2.09
bullshit	-3.96	1.08
pile	-3.90	1.35
rushed	-3.89	1.57
buggy	-3.79	1.64
ugly	-3.76	2.19
ruined	-3.73	1.49
weak	-3.73	1.87
lackluster	-3.69	1.87
bugged	-3.67	1.45
excuses	-3.67	0.81
questionable	-3.59	1.56
lazy	-3.42	1.26
unfinished	-3.39	1.43
bland	-3.33	1.94
lame	-3.32	2.03
incomplete	-3.30	1.50
jerk	-3.28	1.96
circlejerk	-3.25	2.18
underwhelming	-3.23	1.83
utter	-3.23	1.12
unbalanced	-3.22	1.54
hatred	-3.21	1.82
stupid	-3.20	1.47
mentality	-3.18	1.86
mobile	-3.14	1.26
junk	-3.09	1.19
complete	-3.08	1.11
fanboys	-3.07	2.05
da2	-3.06	2.25
bs	-3.05	0.95
meh	-3.04	1.70
ac3	-3.03	2.47
shady	-3.03	0.94
circle	-2.99	2.16
introduced	-2.99	2.17
greedy	-2.99	0.79
ports	-2.92	1.24
uninteresting	-2.91	1.64
ghosts	-2.91	2.28
slow	-2.90	1.46
blind	-2.90	2.10
whining	-2.88	1.99
practices	-2.88	0.90
skyward	-2.87	2.58
praise	-2.86	2.26
boring	-2.86	1.60
insulting	-2.86	1.01
piece	-2.86	1.23
shallow	-2.85	1.57
dull	-2.83	1.60
criticized	-2.83	1.79
repetitive	-2.82	1.58
confusing	-2.81	1.40
attention	-2.81	2.35
shits	-2.81	1.38
tedious	-2.79	1.44
anti	-2.78	2.30
understood	-2.78	1.91
netcode	-2.76	1.25
menus	-2.76	1.42
practice	-2.76	1.01
navigate	-2.75	1.29
initially	-2.75	1.99
horribly	-2.74	1.44
dirty	-2.74	1.68
generic	-2.73	1.46
train	-2.70	2.36
nonsense	-2.70	0.95
deserve	-2.69	2.35
predictable	-2.69	1.59
bait	-2.68	0.99
outdated	-2.68	2.12
sucked	-2.68	1.80
state	-2.67	1.19
annoying	-2.67	1.77
chore	-2.66	1.39
pr	-2.66	0.86
deserved	-2.65	2.41
ignorant	-2.64	0.98
naive	-2.63	1.79
complained	-2.62	1.82
cheesy	-2.59	1.93
insult	-2.58	0.98
port	-2.57	1.32
dislike	-2.55	1.76
grain	-2.54	2.21
lacking	-2.52	1.50
tired	-2.52	1.91
parts	-2.48	2.09
blaming	-2.48	1.09
business	-2.45	0.93
absolute	-2.44	1.94
regards	-2.44	1.77
disliked	-2.41	2.04
controls	-2.40	1.43
depressing	-2.39	1.90
desperate	-2.39	2.44
worthless	-2.38	1.11
writing	-2.36	2.33
childish	-2.36	1.03
sick	-2.36	2.43
interface	-2.34	1.47
stale	-2.34	1.40
says	-2.33	2.99
filler	-2.32	1.37
calling	-2.31	0.83
clones	-2.30	0.94
useless	-2.30	1.23
due	-2.29	1.20
wasnt	-2.29	1.82
agreed	-2.29	1.82
grindy	-2.28	1.43
fanboy	-2.27	2.12
causes	-2.26	1.24
abuse	-2.24	0.75
severe	-2.24	1.22
reads	-2.23	2.91
decides	-2.23	3.08
inventory	-2.22	1.25
trolling	-2.18	0.93
entitled	-2.16	1.08
shipped	-2.16	1.06
crashes	-2.16	1.26
plain	-2.14	1.08
lag	-2.13	1.21
bugs	-2.13	1.13
shit	-2.12	1.21
general	-2.12	0.73
detection	-2.11	1.06
pointless	-2.11	1.30
causing	-2.08	1.17
crashing	-2.06	1.25
acceptable	-2.06	1.13
fetch	-2.06	1.32
messed	-2.02	1.22
laptop	-2.01	1.16
caused	-2.01	1.13
dry	-1.99	1.16
cause	-1.97	1.19
dumb	-1.97	1.20
idiots	-1.96	0.96
bitching	-1.96	1.57
obnoxious	-1.95	1.02
simplistic	-1.95	1.58
breaking	-1.94	1.09
product	-1.93	1.12
rough	-1.93	1.34
defending	-1.91	1.30
experiencing	-1.91	1.31
pissed	-1.90	2.91
tears	-1.89	2.49
behavior	-1.89	0.83
decent	-1.88	1.85
toxic	-1.86	0.92
among	-1.84	2.08
widely	-1.83	1.81
tearing	-1.83	1.14
menu	-1.83	1.14
piss	-1.82	1.13
depression	-1.81	1.09
disappointment	-1.81	1.19
poorly	-1.81	1.27
treatment	-1.80	1.00
offensive	-1.80	1.09
patched	-1.80	1.02
assholes	-1.80	1.07
pure	-1.78	0.83
ruining	-1.78	0.59
stuttering	-1.76	1.17
fucked	-1.76	1.18
crashed	-1.76	1.18
mindless	-1.76	1.07
releasing	-1.75	1.08
blatant	-1.75	1.16
lack	-1.74	1.14
failure	-1.73	1.06
tab	-1.72	1.05
management	-1.72	1.07
troll	-1.71	1.02
attitude	-1.71	0.94
kind	-1.70	2.62
strange	-1.69	2.48
ignorance	-1.69	1.36
rushing	-1.69	0.93
felt	-1.68	1.28
rid	-1.67	0.90
usual	-1.67	0.94
bf4	-1.67	0.76
broke	-1.67	0.84
wonder	-1.64	3.13
bag	-1.63	0.94
violent	-1.62	0.84
confused	-1.60	3.18
unreasonable	-1.60	1.28
justified	-1.60	1.44
ruin	-1.60	0.99
affected	-1.59	1.17
waste	-1.59	1.13
sucks	-1.59	2.50
reputation	-1.59	0.68
coding	-1.58	1.16
brutal	-1.58	0.86
opposite	-1.58	3.00
destroyed	-1.58	0.72
ridiculous	-1.58	1.34
sees	-1.57	3.50
thinks	-1.56	3.46
talks	-1.56	3.17
justification	-1.56	1.64
likes	-1.56	3.51
trolls	-1.56	1.07
destroying	-1.56	0.70
overpriced	-1.55	1.11
blindly	-1.55	1.41
hurt	-1.55	1.42
jarring	-1.54	1.35
unfortunate	-1.54	2.71
marketing	-1.54	1.12
buys	-1.54	3.49
hud	-1.54	1.08
gets	-1.54	1.67
sentiment	-1.53	1.59
wants	-1.53	3.44
meaningless	-1.52	1.20
considering	-1.52	2.74
cares	-1.52	3.25
finds	-1.52	3.41
trivial	-1.52	1.21
prove	-1.50	3.46
lies	-1.50	1.43
issues	-1.50	1.06
justify	-1.50	1.28
bare	-1.49	1.19
knows	-1.49	3.31
absurd	-1.48	1.33
accepting	-1.48	1.30
scheme	-1.48	1.10
browser	-1.48	0.98
destroy	-1.48	0.72
acts	-1.48	1.13
tells	-1.47	3.34
blame	-1.47	1.37
critics	-1.46	1.03
idiot	-1.46	1.24
simply	-1.46	3.60
plays	-1.46	3.43
sadly	-1.45	3.02
grind	-1.45	1.09
publicity	-1.45	1.11
reviewed	-1.43	1.15
terribly	-1.43	1.22
incident	-1.42	1.05
fucks	-1.41	2.56
flat	-1.41	1.32
unless	-1.41	3.50
flawed	-1.41	1.33
intuitive	-1.40	1.30
everyone	-1.40	3.31
alpha	-1.39	1.04
criticizing	-1.39	1.42
lacked	-1.38	1.11
criticize	-1.38	1.49
ethics	-1.38	0.83
silly	-1.38	1.46
point	-1.38	3.38
frustrating	-1.37	1.28
abandoned	-1.37	0.78
act	-1.37	0.83
otherwise	-1.37	3.57
write	-1.36	1.10
asshole	-1.36	1.05
layout	-1.36	1.14
re	-1.35	3.43
missing	-1.35	2.85
drama	-1.35	1.17
deserves	-1.34	1.50
mobs	-1.34	0.82
screw	-1.33	1.38
outrage	-1.33	1.21
rape	-1.33	0.89
avoided	-1.33	0.90
4chan	-1.32	1.19
complaining	-1.32	1.93
consuming	-1.31	1.16
voting	-1.31	1.62
smart	-1.31	1.06
suicide	-1.31	0.90
optimization	-1.31	1.18
unfair	-1.31	1.24
fixed	-1.31	1.00
dealing	-1.31	1.14
fish	-1.30	1.07
scam	-1.30	1.16
consensus	-1.30	1.12
received	-1.29	1.49
functional	-1.28	1.20
grinding	-1.28	1.04
disappointing	-1.28	2.07
decisions	-1.27	1.09
recognition	-1.27	1.26
launches	-1.27	0.88
implementation	-1.27	1.09
hot	-1.26	1.06
lying	-1.26	1.80
bizarre	-1.26	1.33
gt	-1.25	3.58
delays	-1.25	0.96
moment	-1.25	2.68
controversy	-1.25	1.20
result	-1.24	1.09
threats	-1.24	1.14
contrary	-1.24	1.95
loses	-1.23	2.39
mean	-1.23	3.58
pays	-1.23	2.70
loot	-1.23	0.86
unnecessary	-1.23	1.12
empty	-1.23	1.32
ruins	-1.22	0.70
mental	-1.22	1.17
glitches	-1.22	1.00
demands	-1.20	1.08
written	-1.20	1.07
bug	-1.20	1.02
backlash	-1.20	1.20
system	-1.20	1.04
universal	-1.19	1.19
compared	-1.18	1.28
ios	-1.18	0.86
picks	-1.18	2.63
dismiss	-1.17	1.94
unfortunately	-1.17	2.78
changed	-1.16	0.79
glitch	-1.16	1.06
saying	-1.16	3.51
complain	-1.16	1.85
controversial	-1.16	1.20
condition	-1.16	1.02
virtually	-1.16	1.25
random	-1.15	0.87
sometimes	-1.15	1.43
overpowered	-1.15	1.11
irrelevant	-1.15	1.53
policies	-1.15	0.89
shut	-1.15	0.99
exposure	-1.15	1.16
patching	-1.14	0.95
fixing	-1.14	0.97
occasional	-1.14	1.01
occur	-1.13	1.15
fix	-1.13	1.03
products	-1.13	0.89
breaks	-1.13	0.97
movement	-1.13	1.18
corporate	-1.12	0.83
crime	-1.12	0.74
anybody	-1.12	2.64
perceived	-1.12	0.98
commit	-1.12	1.10
enjoys	-1.12	3.35
stop	-1.11	1.79
scores	-1.11	1.27
treat	-1.11	1.26
screwed	-1.11	1.72
stable	-1.11	1.11
advertising	-1.11	1.47
flop	-1.11	0.98
critical	-1.11	1.30
fault	-1.10	1.27
clicking	-1.10	1.28
calls	-1.10	2.26
voted	-1.10	1.52
agree	-1.10	3.66
explains	-1.10	1.82
repeating	-1.09	1.69
removal	-1.09	0.66
reasoning	-1.09	1.98
regarding	-1.08	0.99
problems	-1.08	1.10
treating	-1.08	1.29
quinn	-1.08	1.10
frankly	-1.07	1.22
avoid	-1.07	1.16
zoe	-1.07	1.12
reddit	-1.07	1.79
destruction	-1.07	0.79
tasks	-1.07	1.05
being	-1.06	1.58
delayed	-1.06	1.09
brought	-1.06	1.31
cynical	-1.05	1.51
ignored	-1.05	1.50
else	-1.05	2.49
aggressive	-1.05	0.98
conspiracy	-1.05	1.22
fool	-1.05	1.65
nobody	-1.05	2.72
extreme	-1.05	1.01
complaints	-1.05	1.45
rage	-1.04	1.10
sub	-1.04	1.58
defensive	-1.04	1.04
friendly	-1.03	1.04
defend	-1.03	1.34
understandable	-1.03	1.87
addressed	-1.03	1.16
functionality	-1.02	1.02
launch	-1.02	1.03
r/gaming	-1.02	1.83
phil	-1.02	1.24
happens	-1.02	2.06
mention	-1.02	2.24
criticism	-1.02	1.58
hype	-1.01	1.11
true	-1.01	3.55
blatantly	-1.01	1.91
subreddit	-1.01	1.74
pretending	-1.01	1.79
worse	-1.00	1.01
sake	-1.00	1.15
fundamentally	-1.00	1.16
mindset	-1.00	1.07
dated	-1.00	2.48
states	-0.99	1.38
r/games	-0.99	1.81
mentions	-0.99	2.04
turned	-0.99	1.00
99	-0.99	0.96
total	-0.98	0.86
lie	-0.98	1.98
he	-0.98	2.67
right	-0.98	3.64
needs	-0.98	1.94
stronger	-0.97	1.02
playable	-0.97	1.15
receive	-0.97	1.39
dick	-0.97	1.34
threads	-0.97	1.77
betas	-0.97	0.95
df	-0.97	1.04
morality	-0.96	1.01
cared	-0.96	1.77
sells	-0.96	1.78
companies	-0.96	0.81
moral	-0.95	0.95
natural	-0.95	1.15
attacked	-0.95	1.52
vocal	-0.95	1.48
warrant	-0.95	1.27
told	-0.94	2.02
solved	-0.94	1.16
gave	-0.94	1.30
subreddits	-0.94	1.66
corporations	-0.94	0.85
talked	-0.94	1.76
vote	-0.94	1.66
1.0	-0.94	0.94
encountered	-0.94	0.98
joy	-0.94	0.81
dealt	-0.94	1.05
prevent	-0.93	1.30
commands	-0.93	0.92
led	-0.93	1.08
discussed	-0.93	1.37
wrote	-0.93	1.77
outright	-0.93	2.03
quickly	-0.93	1.11
early	-0.92	0.97
script	-0.92	1.37
android	-0.92	0.84
tablet	-0.91	0.86
journalism	-0.91	0.91
balancing	-0.91	0.97
ranged	-0.91	0.97
arbitrary	-0.91	1.16
pushed	-0.91	1.07
apps	-0.91	0.84
burn	-0.91	1.02
read	-0.90	1.72
resolved	-0.90	1.19
pad	-0.90	0.85
complicated	-0.90	1.15
short	-0.90	1.09
gigantic	-0.90	1.03
removed	-0.90	1.11
anger	-0.89	1.05
phone	-0.89	0.84
forgive	-0.89	2.21
app	-0.89	0.84
leads	-0.89	1.03
optimized	-0.89	1.06
trust	-0.89	1.53
goes	-0.89	1.82
possibly	-0.89	2.57
2.0	-0.89	0.89
repeated	-0.89	0.98
score	-0.89	1.17
pulling	-0.88	1.12
spread	-0.88	1.27
scroll	-0.88	0.98
tries	-0.88	1.99
screaming	-0.88	1.15
questing	-0.87	0.96
access	-0.87	0.95
execution	-0.87	1.21
harsh	-0.87	1.14
quests	-0.87	1.03
loading	-0.87	0.99
tablets	-0.87	0.85
pressure	-0.87	0.97
trend	-0.86	0.95
begins	-0.86	1.50
disadvantage	-0.86	1.00
given	-0.86	1.61
badly	-0.86	1.16
ass	-0.86	1.39
lose	-0.86	1.17
phones	-0.85	0.84
explained	-0.85	1.66
weird	-0.85	1.53
criticisms	-0.85	1.85
issue	-0.85	1.65
angry	-0.85	1.82
policy	-0.85	0.96
devices	-0.85	0.84
bitch	-0.85	1.43
reaction	-0.85	1.19
affects	-0.84	1.26
pricing	-0.84	0.85
window	-0.84	1.01
claiming	-0.84	2.40
call	-0.84	1.12
process	-0.84	0.99
becomes	-0.83	1.09
kicking	-0.83	0.92
proper	-0.83	1.14
accepted	-0.83	1.12
businesses	-0.83	0.85
preventing	-0.83	1.32
powerful	-0.83	1.02
deliberately	-0.83	1.57
caring	-0.83	1.59
whoever	-0.82	2.36
fixes	-0.82	0.97
anyone	-0.82	2.42
simcity	-0.82	0.70
porting	-0.82	0.84
apple	-0.82	0.81
sign	-0.82	1.16
according	-0.82	1.73
suck	-0.82	2.23
intentionally	-0.82	1.49
patch	-0.81	1.01
report	-0.81	1.11
lacks	-0.81	1.08
claimed	-0.81	2.06
bothers	-0.81	2.11
exploit	-0.81	0.95
surrounding	-0.81	0.99
puts	-0.81	2.19
part	-0.81	2.66
folks	-0.81	1.34
sell	-0.81	1.51
discussing	-0.81	1.83
negative	-0.81	1.19
understand	-0.81	2.54
beta	-0.81	0.97
reported	-0.81	1.08
positive	-0.80	1.09
attacking	-0.80	0.93
said	-0.80	2.26
overhaul	-0.80	0.95
weaker	-0.80	0.90
explanation	-0.80	1.77
iphone	-0.80	0.84
articles	-0.80	1.22
stated	-0.80	1.91
ipad	-0.79	0.84
ported	-0.79	0.83
polygon	-0.79	1.07
client	-0.79	0.87
treated	-0.79	1.10
select	-0.79	1.04
reduce	-0.79	0.92
tl	-0.79	1.52
laughing	-0.79	1.28
twitter	-0.79	1.37
reviews	-0.78	1.12
matters	-0.78	2.03
hostile	-0.78	1.01
clicks	-0.78	1.03
norm	-0.78	1.27
errors	-0.78	1.39
himself	-0.78	2.03
blog	-0.78	1.68
dump	-0.78	0.94
valid	-0.78	2.21
repeat	-0.78	1.10
harm	-0.78	1.21
hurting	-0.78	1.60
desktop	-0.78	0.86
proves	-0.77	2.23
truth	-0.77	2.31
nerfed	-0.77	0.94
impossible	-0.77	1.29
pieces	-0.77	0.85
polish	-0.77	1.02
severely	-0.77	1.00
violence	-0.76	0.98
burned	-0.76	1.73
pretend	-0.76	2.36
mob	-0.76	0.79
somehow	-0.76	1.94
hurts	-0.76	1.38
stance	-0.75	1.49
article	-0.75	1.99
outlets	-0.75	1.02
give	-0.74	1.77
balls	-0.74	1.14
review	-0.74	1.12
proof	-0.74	2.31
reviewers	-0.74	1.10
kotaku	-0.74	1.12
yahtzee	-0.74	1.83
court	-0.74	1.79
experienced	-0.74	1.01
wave	-0.74	0.77
wins	-0.73	1.51
click	-0.73	1.40
magazine	-0.73	1.24
ignore	-0.73	1.76
skipped	-0.73	2.54
tactic	-0.73	0.97
forums	-0.73	1.52
reporting	-0.73	1.04
writer	-0.73	1.07
linked	-0.73	1.78
customer	-0.73	0.90
affect	-0.73	1.37
occasionally	-0.73	1.15
protection	-0.73	1.07
cheat	-0.73	0.88
downvoted	-0.72	2.16
offense	-0.72	1.51
misleading	-0.72	3.63
realize	-0.72	2.65
downvotes	-0.72	2.14
topic	-0.72	1.71
reviewing	-0.72	1.14
appears	-0.71	1.57
false	-0.71	2.63
reduced	-0.71	0.95
knew	-0.71	1.96
mentioned	-0.71	1.96
luckily	-0.71	1.38
topics	-0.71	1.68
remembering	-0.71	2.78
input	-0.71	0.97
critic	-0.71	1.14
sheer	-0.71	0.84
illegal	-0.70	1.23
discussions	-0.70	1.69
innocent	-0.70	1.03
simplified	-0.70	1.21
continues	-0.70	1.60
speculation	-0.70	2.36
p2w	-0.70	0.83
someone	-0.70	2.45
journalists	-0.70	0.96
standalone	-0.70	0.90
happen	-0.70	2.61
public	-0.70	0.91
ultimately	-0.69	1.30
whole	-0.69	1.58
reasonable	-0.69	1.42
web	-0.69	0.92
vac	-0.69	0.98
dumbed	-0.69	0.90
colonial	-0.69	0.93
bored	-0.69	1.51
feel	-0.69	2.04
stick	-0.69	1.40
bias	-0.68	1.50
predict	-0.68	1.82
pause	-0.68	1.03
chaos	-0.68	0.72
rant	-0.68	1.44
implemented	-0.68	1.11
forum	-0.68	1.63
tropes	-0.68	0.88
user	-0.68	0.95
journalist	-0.68	1.03
commenting	-0.68	2.10
explain	-0.68	2.44
stress	-0.68	0.97
ubisoft	-0.67	1.00
respect	-0.67	1.30
patches	-0.67	0.99
marines	-0.67	0.93
ign	-0.67	1.11
task	-0.67	1.04
metacritic	-0.67	1.04
better	-0.67	1.05
awards	-0.67	1.34
discuss	-0.67	1.58
reviewer	-0.67	1.23
lied	-0.67	1.60
ubi	-0.67	1.10
thing	-0.66	2.22
discussion	-0.66	1.73
feedback	-0.66	1.37
cases	-0.66	1.42
drm	-0.66	0.85
activities	-0.66	1.07
happening	-0.66	2.57
clearly	-0.66	2.32
relying	-0.66	1.16
heavy	-0.66	0.96
suggests	-0.66	2.37
cheating	-0.66	0.91
feels	-0.66	1.28
coverage	-0.66	1.09
deny	-0.65	2.18
news	-0.65	1.18
balance	-0.65	0.94
explicitly	-0.65	1.94
principle	-0.65	1.54
desperately	-0.65	1.71
piracy	-0.65	0.97
posting	-0.65	1.76
testing	-0.65	0.98
posts	-0.65	1.82
acted	-0.65	1.03
replaced	-0.65	0.88
lines	-0.65	1.34
site	-0.64	1.30
lesser	-0.64	2.81
figure	-0.64	2.20
linear	-0.64	1.15
rule	-0.64	1.29
notice	-0.64	1.68
stack	-0.64	0.81
speeds	-0.64	0.93
steep	-0.64	1.10
lost	-0.64	0.96
culture	-0.64	0.87
necessarily	-0.64	2.61
anything	-0.64	2.31
spawning	-0.64	0.82
sites	-0.64	1.13
jokes	-0.64	1.23
problem	-0.63	1.89
mouse	-0.63	1.00
advertisement	-0.63	1.46
noting	-0.63	1.66
influenced	-0.63	1.07
dialog	-0.63	1.17
mac	-0.63	0.83
consumers	-0.63	1.07
accomplish	-0.63	1.42
downvote	-0.63	2.14
intentional	-0.63	1.64
waves	-0.63	0.80
patterns	-0.63	1.02
punish	-0.63	1.18
seemed	-0.62	1.47
screens	-0.62	0.91
wikipedia	-0.62	1.63
receiving	-0.62	1.37
case	-0.62	2.84
updated	-0.62	0.97
pirate	-0.62	0.93
websites	-0.62	1.11
cheaters	-0.62	1.00
here	-0.62	2.36
scrapped	-0.62	1.27
tear	-0.62	1.10
reverse	-0.62	0.88
leading	-0.62	1.03
related	-0.62	1.45
laws	-0.62	1.17
ratings	-0.62	1.10
platforms	-0.62	0.79
removing	-0.62	1.24
industry	-0.62	0.82
dialogue	-0.61	1.31
text	-0.61	1.31
effort	-0.61	1.26
believe	-0.61	2.74
grey	-0.61	1.06
altogether	-0.61	1.30
guess	-0.61	3.69
standard	-0.61	0.86
imagine	-0.61	2.71
evidence	-0.61	2.32
rules	-0.61	1.34
pirates	-0.61	0.91
suggested	-0.61	1.93
towards	-0.61	1.24
logical	-0.60	1.90
practically	-0.60	1.27
ever	-0.60	2.66
schedule	-0.60	1.15
serve	-0.60	1.19
control	-0.60	0.99
killing	-0.60	0.82
handled	-0.60	1.08
embargo	-0.60	1.12
mouth	-0.60	1.28
nightmare	-0.60	0.77
claim	-0.60	2.52
attempt	-0.60	1.48
debate	-0.60	1.93
rush	-0.59	0.76
dies	-0.59	1.95
yes	-0.59	3.74
proven	-0.59	2.32
carrying	-0.59	0.97
fat	-0.59	1.11
notion	-0.59	1.98
reading	-0.59	1.48
circumstances	-0.59	1.54
subjective	-0.58	1.97
remove	-0.58	1.22
decide	-0.58	2.02
tweet	-0.58	1.90
surprise	-0.58	2.51
segments	-0.58	0.68
faster	-0.58	1.05
inherently	-0.58	1.25
corporation	-0.58	0.88
why	-0.58	2.69
promise	-0.58	1.10
whatever	-0.58	2.47
motivation	-0.58	1.11
reports	-0.58	1.40
stood	-0.58	1.11
crying	-0.58	1.36
throw	-0.58	1.12
care	-0.58	2.29
judge	-0.58	2.05
abandon	-0.58	1.33
fails	-0.58	1.39
extent	-0.58	2.63
subs	-0.58	1.34
problematic	-0.58	1.01
assumptions	-0.58	2.43
bits	-0.58	1.01
argument	-0.57	2.52
legitimate	-0.57	1.60
carry	-0.57	1.11
ac4	-0.57	1.22
dayz	-0.57	0.89
bar	-0.57	1.00
ignoring	-0.57	1.72
does	-0.57	2.65
net	-0.57	0.97
comments	-0.57	1.94
depends	-0.57	2.12
ceo	-0.57	1.11
suddenly	-0.57	1.52
ease	-0.57	0.96
gamespot	-0.56	1.08
sticks	-0.56	1.04
frequent	-0.56	1.15
missions	-0.56	0.96
speed	-0.56	0.95
gaming	-0.56	0.92
stability	-0.56	0.97
praised	-0.56	0.94
chose	-0.56	1.80
fail	-0.56	1.42
disagree	-0.56	3.42
entirely	-0.56	2.09
initial	-0.56	1.07
law	-0.56	1.25
upset	-0.55	3.34
analog	-0.55	1.04
communities	-0.55	1.08
murder	-0.55	1.02
know	-0.55	2.63
believed	-0.55	1.85
matter	-0.55	2.60
left	-0.55	1.60
phase	-0.55	1.03
device	-0.55	0.83
conditions	-0.55	1.17
earned	-0.55	0.94
slower	-0.55	1.00
struggling	-0.55	1.76
somebody	-0.55	2.30
see	-0.55	2.71
implied	-0.55	2.33
mw2	-0.55	0.98
delay	-0.54	1.11
flag	-0.54	1.22
sexist	-0.54	0.92
pc	-0.54	0.79
today	-0.54	1.85
course	-0.54	2.94
points	-0.54	1.58
fact	-0.54	2.81
obviously	-0.54	2.83
except	-0.54	2.08
posted	-0.54	1.77
biggest	-0.54	2.74
controlling	-0.54	1.03
companion	-0.54	0.80
boot	-0.54	0.90
advertise	-0.54	1.56
jim	-0.54	1.59
shareholders	-0.54	0.93
argue	-0.54	2.84
constant	-0.53	1.07
removes	-0.53	0.94
assume	-0.53	2.85
say	-0.53	2.75
everybody	-0.53	3.19
selling	-0.53	1.07
arguments	-0.53	2.32
avoiding	-0.53	1.23
concerns	-0.53	1.62
present	-0.53	1.27
deciding	-0.53	1.71
pointed	-0.53	1.99
starts	-0.53	1.47
massively	-0.53	0.95
website	-0.53	1.35
did	-0.53	2.54
lesson	-0.52	1.08
leaves	-0.52	1.75
chrome	-0.52	0.86
sources	-0.52	1.60
statements	-0.52	2.62
grab	-0.52	1.37
figures	-0.52	1.66
impression	-0.52	1.55
load	-0.52	0.97
honestly	-0.52	2.58
situation	-0.52	1.85
individuals	-0.52	1.04
writers	-0.52	1.01
government	-0.52	0.97
gained	-0.52	0.94
cod4	-0.52	0.93
without	-0.52	1.89
acknowledge	-0.52	1.87
exist	-0.52	2.36
any	-0.52	2.14
instead	-0.52	2.00
claims	-0.52	2.52
gripe	-0.52	1.03
partially	-0.51	1.26
civilians	-0.51	0.91
frustration	-0.51	1.00
overly	-0.51	1.17
current	-0.51	0.92
retail	-0.51	0.99
consumer	-0.51	1.05
knowing	-0.51	2.37
minority	-0.51	1.22
sue	-0.51	1.86
actions	-0.51	1.20
clue	-0.51	2.28
cod	-0.51	0.88
ingame	-0.51	0.92
pattern	-0.51	1.13
anymore	-0.51	2.59
speaks	-0.51	1.76
elsewhere	-0.51	1.78
curious	-0.51	3.40
signed	-0.51	1.18
either	-0.51	2.75
loose	-0.51	1.00
retailers	-0.50	0.99
described	-0.50	1.96
doesnt	-0.50	2.48
grasp	-0.50	1.55
asks	-0.50	3.21
responsibility	-0.50	1.32
zombie	-0.50	0.88
slot	-0.50	0.93
basically	-0.50	2.36
outcome	-0.50	1.29
and/or	-0.50	0.91
manages	-0.50	1.64
stops	-0.50	1.65
responsible	-0.50	1.57
pirating	-0.50	1.15
means	-0.50	2.76
against	-0.50	1.13
react	-0.50	1.38
met	-0.49	1.25
thus	-0.49	1.38
users	-0.49	1.14
surely	-0.49	2.65
admittedly	-0.49	1.34
begin	-0.49	2.21
indication	-0.49	1.98
punished	-0.49	1.44
mentioning	-0.49	2.05
should	-0.49	2.70
interview	-0.49	1.71
directx	-0.49	0.84
sections	-0.49	0.77
acting	-0.49	2.44
through	-0.49	1.15
overwhelming	-0.49	0.88
disappear	-0.48	1.37
frequently	-0.48	1.17
nothing	-0.48	2.40
critique	-0.48	1.40
goods	-0.48	0.97
update	-0.48	0.96
streamlined	-0.48	1.06
expect	-0.48	2.53
unrelated	-0.48	1.37
thread	-0.48	2.01
talking	-0.48	2.44
hand	-0.48	1.63
everytime	-0.48	1.43
anyway	-0.48	2.89
others	-0.48	2.48
forever	-0.48	1.85
promotion	-0.48	1.24
prevalent	-0.48	1.04
something	-0.48	2.63
mop	-0.48	0.85
forget	-0.48	2.61
touch	-0.47	0.90
copies	-0.47	0.98
leveling	-0.47	0.87
held	-0.47	1.18
furthermore	-0.47	1.39
worked	-0.47	1.74
them	-0.47	2.46
previously	-0.47	1.56
bit	-0.47	1.65
application	-0.47	0.95
links	-0.47	1.53
factor	-0.47	1.17
reactions	-0.47	1.06
actively	-0.47	1.42
works	-0.47	1.68
down	-0.47	1.62
make	-0.47	2.40
little	-0.47	1.72
flaw	-0.47	1.35
provided	-0.47	1.59
figured	-0.47	2.08
bf3	-0.47	0.72
failing	-0.47	1.30
fc3	-0.47	1.13
who	-0.47	3.18
stopping	-0.47	1.84
objective	-0.47	1.37
happened	-0.47	2.08
fill	-0.47	0.93
joe	-0.46	1.71
pull	-0.46	1.57
opinions	-0.46	1.83
api	-0.46	0.85
attempted	-0.46	1.58
throwing	-0.46	0.97
meet	-0.46	1.22
odd	-0.46	2.43
ads	-0.46	1.10
surprising	-0.46	2.75
assassins	-0.46	1.24
mind	-0.46	2.79
facts	-0.46	2.55
start	-0.46	1.90
became	-0.46	1.12
training	-0.46	0.92
comes	-0.46	1.68
delete	-0.46	1.56
perception	-0.46	1.06
reason	-0.46	2.56
microtransactions	-0.46	0.87
sudden	-0.45	1.37
leave	-0.45	1.83
supporting	-0.45	1.07
subject	-0.45	1.57
we	-0.45	2.67
skip	-0.45	0.90
components	-0.45	0.81
address	-0.45	1.52
launching	-0.45	1.01
applied	-0.45	1.34
doubt	-0.45	2.66
theory	-0.45	1.59
applications	-0.45	0.85
struggle	-0.45	1.28
brotherhood	-0.45	1.06
latency	-0.45	0.93
influence	-0.45	1.10
layer	-0.45	0.81
shocked	-0.45	3.22
computers	-0.45	0.83
agenda	-0.45	1.40
defense	-0.45	0.93
accept	-0.45	2.11
introduce	-0.45	1.14
success	-0.45	1.04
preferred	-0.44	2.54
thin	-0.44	0.92
delivery	-0.44	1.10
discovered	-0.44	1.22
irrational	-0.44	1.03
assumption	-0.44	2.63
stores	-0.44	0.98
whenever	-0.44	1.64
where	-0.44	2.55
fingers	-0.44	1.49
spare	-0.44	1.28
store	-0.44	0.98
buttons	-0.44	1.15
penny	-0.44	1.24
based	-0.44	1.56
internet	-0.44	0.90
steamos	-0.44	0.85
eventually	-0.44	1.84
whats	-0.44	2.25
owns	-0.44	1.64
dont	-0.44	2.63
drag	-0.44	1.10
manage	-0.44	1.57
profit	-0.44	0.99
protect	-0.43	1.19
agreement	-0.43	1.17
anyways	-0.43	2.63
buck	-0.43	1.29
monthly	-0.43	1.14
opengl	-0.43	0.86
updates	-0.43	1.04
linux	-0.43	0.84
inputs	-0.43	0.97
conclusion	-0.43	2.07
dunno	-0.43	2.58
holes	-0.43	0.97
laugh	-0.43	1.47
server	-0.43	0.89
loss	-0.43	1.00
loud	-0.43	1.09
shipping	-0.43	0.96
change	-0.43	1.78
placement	-0.43	1.00
goty	-0.42	1.13
optimize	-0.42	1.01
somewhere	-0.42	1.64
disappointed	-0.42	3.23
worry	-0.42	2.56
bl2	-0.42	1.07
pick	-0.42	2.13
metric	-0.42	1.38
whether	-0.42	1.90
customers	-0.42	0.93
nor	-0.42	2.11
wanted	-0.42	2.11
strongly	-0.42	1.44
ad	-0.42	1.14
contracts	-0.42	1.15
unrealistic	-0.42	1.21
acceleration	-0.42	1.03
literally	-0.42	2.00
barely	-0.41	1.57
closed	-0.41	0.94
tends	-0.41	1.17
complaint	-0.41	1.96
seem	-0.41	2.43
sink	-0.41	1.23
windows	-0.41	0.84
loyalty	-0.41	0.90
switching	-0.41	1.02
dependent	-0.41	1.40
going	-0.41	2.68
overcome	-0.41	0.87
translate	-0.41	1.27
exactly	-0.41	2.86
hassle	-0.41	1.36
rather	-0.41	1.66
mantle	-0.41	0.87
seems	-0.41	1.88
ourselves	-0.41	1.73
decided	-0.41	1.93
hacks	-0.41	0.89
awareness	-0.41	1.01
arguing	-0.41	3.75
minus	-0.41	1.15
non	-0.41	1.04
joke	-0.41	1.62
entirety	-0.41	2.77
noticed	-0.41	1.51
implement	-0.41	1.30
much	-0.41	1.94
opinion	-0.41	1.89
buying	-0.41	1.66
refunds	-0.41	1.06
won	-0.40	1.07
birds	-0.40	0.86
bc2	-0.40	0.72
now	-0.40	2.79
status	-0.40	0.94
wo	-0.40	2.55
depend	-0.40	1.46
8.1	-0.40	0.82
duty	-0.40	0.93
sole	-0.40	1.37
whatsoever	-0.40	1.29
necessary	-0.40	1.50
slap	-0.40	0.98
profits	-0.40	0.96
adam	-0.40	1.33
minds	-0.40	1.01
qa	-0.40	1.06
note	-0.40	2.13
measure	-0.40	1.03
incorrect	-0.40	3.94
contract	-0.40	1.11
toward	-0.40	1.08
guarantee	-0.40	1.96
totalbiscuit	-0.40	1.57
restart	-0.39	1.21
finger	-0.39	1.62
internal	-0.39	0.93
romance	-0.39	0.82
upgrading	-0.39	0.82
button	-0.39	1.24
presumably	-0.39	1.57
fees	-0.39	1.21
benefit	-0.39	1.46
noticeable	-0.39	0.98
afterwards	-0.39	1.56
tell	-0.39	2.54
anywhere	-0.39	2.41
increasingly	-0.39	1.11
expected	-0.39	2.54
swap	-0.39	1.08
go	-0.39	2.32
managing	-0.39	1.03
ca	-0.39	2.47
learned	-0.39	1.43
apart	-0.39	1.26
consequences	-0.39	1.10
bring	-0.39	1.97
stands	-0.39	1.92
metro	-0.38	1.08
changes	-0.38	1.09
ends	-0.38	1.28
google	-0.38	0.91
may	-0.38	2.74
farm	-0.38	0.93
duke	-0.38	0.75
ops	-0.38	0.95
realized	-0.38	1.69
cuts	-0.38	0.94
tanks	-0.38	0.78
disable	-0.38	0.99
hackers	-0.38	0.92
stock	-0.38	0.98
installing	-0.38	0.93
regardless	-0.38	2.25
releases	-0.38	0.94
bodies	-0.38	0.86
end-game	-0.38	0.84
restrictions	-0.38	1.08
exp	-0.38	0.89
decision	-0.38	1.32
how	-0.38	2.53
disabled	-0.37	1.03
presented	-0.37	1.38
along	-0.37	1.31
standards	-0.37	0.98
infrastructure	-0.37	0.91
wont	-0.37	2.57
banned	-0.37	1.11
apparently	-0.37	2.84
functions	-0.37	0.90
knowledge	-0.37	1.26
hint	-0.37	1.80
albeit	-0.37	1.23
dice	-0.37	0.74
self	-0.37	1.62
normally	-0.37	2.22
humor	-0.37	1.16
exists	-0.37	1.82
holding	-0.37	1.65
zombies	-0.37	0.77
endgame	-0.37	0.83
buy	-0.37	1.94
consistent	-0.37	1.02
physical	-0.37	0.97
log	-0.37	1.08
cracked	-0.37	0.87
cutting	-0.37	1.32
quarter	-0.37	1.10
rumor	-0.37	1.98
facing	-0.37	1.10
money	-0.37	1.36
sort	-0.36	1.89
code	-0.36	0.91
preorders	-0.36	1.11
ban	-0.36	1.12
censorship	-0.36	1.17
person	-0.36	2.09
recognize	-0.36	1.73
gamers	-0.36	1.22
tricks	-0.36	0.91
results	-0.36	1.25
rip	-0.36	0.86
concern	-0.36	1.89
trouble	-0.36	2.29
capture	-0.36	0.89
financial	-0.36	1.00
unlike	-0.36	2.54
enter	-0.36	1.12
provides	-0.36	1.02
crash	-0.36	1.03
depth	-0.36	0.98
surprised	-0.36	3.39
fee	-0.36	1.20
meta	-0.36	0.85
than	-0.36	1.13
wrath	-0.36	0.88
pcs	-0.36	0.83
magically	-0.36	1.87
legit	-0.36	1.04
involve	-0.36	1.41
dates	-0.35	1.20
relative	-0.35	0.83
downright	-0.35	1.17
quote	-0.35	2.24
turns	-0.35	1.67
uplay	-0.35	0.92
thinking	-0.35	2.79
inevitable	-0.35	1.65
applies	-0.35	1.66
pace	-0.35	1.02
okay	-0.35	3.74
try	-0.35	2.18
expectations	-0.35	1.15
found	-0.35	1.23
copied	-0.35	0.81
gathering	-0.35	0.91
pulled	-0.35	1.11
slightest	-0.35	2.01
constantly	-0.35	1.54
convince	-0.35	2.03
opens	-0.35	1.05
reminded	-0.35	2.47
mainstream	-0.35	0.80
minor	-0.35	0.91
implementing	-0.35	1.04
determined	-0.35	1.43
support	-0.35	0.95
assassin	-0.35	1.25
inevitably	-0.35	1.85
partly	-0.35	1.07
logic	-0.35	2.15
release	-0.35	1.47
watch_dogs	-0.35	1.13
come	-0.34	2.32
slightly	-0.34	1.28
bf	-0.34	0.70
mistakes	-0.34	1.54
os	-0.34	0.84
serves	-0.34	1.16
giving	-0.34	1.50
rumors	-0.34	1.84
updating	-0.34	1.14
handles	-0.34	1.33
yourself	-0.34	2.34
operating	-0.34	0.89
programs	-0.34	0.89
reasons	-0.34	1.53
determine	-0.34	1.67
creed	-0.34	1.26
d	-0.34	2.60
machines	-0.34	0.83
average	-0.34	1.05
community	-0.34	1.01
warfare	-0.34	0.92
wasting	-0.34	1.74
less	-0.34	1.46
collectibles	-0.34	0.96
flaws	-0.34	1.22
limited	-0.34	0.92
merit	-0.34	1.70
talk	-0.33	1.79
die	-0.33	1.30
grown	-0.33	0.90
granted	-0.33	1.66
messing	-0.33	1.18
put	-0.33	1.55
stating	-0.33	2.52
improve	-0.33	1.22
implying	-0.33	3.82
nukem	-0.33	0.75
subscribe	-0.33	1.17
might	-0.33	2.69
choice	-0.33	1.38
owning	-0.33	1.38
things	-0.33	2.48
bf2	-0.33	0.93
failed	-0.33	1.16
downloading	-0.33	0.99
regularly	-0.33	1.26
seemingly	-0.33	1.40
manually	-0.33	1.05
work	-0.33	2.30
model	-0.33	0.81
refused	-0.33	1.71
limitations	-0.33	1.08
cheaper	-0.33	0.98
replace	-0.32	1.14
ok	-0.32	3.74
charges	-0.32	1.15
reflect	-0.32	1.19
responded	-0.32	1.99
tweaks	-0.32	1.00
taken	-0.32	1.63
farcry	-0.32	1.19
tweak	-0.32	1.02
low	-0.32	1.02
impressions	-0.32	1.30
fraction	-0.32	0.79
follow	-0.32	1.35
watchdogs	-0.32	1.10
wasted	-0.32	1.38
quicker	-0.32	1.10
made	-0.32	2.08
revenue	-0.32	1.08
keyboard	-0.32	0.94
solve	-0.32	1.43
black	-0.32	1.08
charge	-0.32	1.16
find	-0.32	1.88
mostly	-0.32	1.46
follows	-0.32	1.43
xp	-0.32	0.90
distribution	-0.32	0.93
pre-ordering	-0.32	1.20
ping	-0.32	0.97
gains	-0.32	0.96
involved	-0.31	2.13
charged	-0.31	1.18
marketplace	-0.31	0.89
origin	-0.31	0.99
beginning	-0.31	1.37
driver	-0.31	0.87
eh	-0.31	2.41
cut	-0.31	1.19
break	-0.31	1.05
enough	-0.31	2.40
chosen	-0.31	1.38
then	-0.31	2.29
bother	-0.31	2.36
full	-0.31	1.06
paid	-0.31	1.21
existed	-0.31	1.60
pocket	-0.31	0.81
gain	-0.31	0.97
impact	-0.31	1.22
pre-orders	-0.31	1.11
unable	-0.31	1.98
fair	-0.31	2.69
introducing	-0.31	1.07
therefore	-0.31	1.58
relies	-0.31	1.17
movements	-0.31	1.04
daily	-0.31	1.03
dime	-0.31	1.00
ebay	-0.31	1.08
confirmation	-0.31	1.73
brain	-0.31	1.37
relevant	-0.31	1.87
needing	-0.31	1.73
maybe	-0.31	2.60
hacked	-0.31	1.03
forgetting	-0.31	2.17
choices	-0.31	1.07
attempting	-0.31	1.67
funny	-0.31	1.45
rarely	-0.31	1.49
manufacturers	-0.30	0.83
crafting	-0.30	0.88
off	-0.30	1.45
login	-0.30	1.05
pirated	-0.30	0.90
by	-0.30	1.55
beyond	-0.30	1.31
payed	-0.30	1.25
personally	-0.30	1.82
conversation	-0.30	2.02
crack	-0.30	0.97
increase	-0.30	0.95
factors	-0.30	1.24
drops	-0.30	0.97
spending	-0.30	1.28
rent	-0.30	1.16
probably	-0.30	2.64
description	-0.30	2.00
trading	-0.30	0.89
deaths	-0.30	0.99
earn	-0.30	0.90
preordering	-0.30	1.17
confusion	-0.30	2.16
costs	-0.30	1.12
particular	-0.30	1.69
wouldnt	-0.30	2.33
manager	-0.30	0.84
intention	-0.30	2.17
greater	-0.30	0.71
decline	-0.30	0.93
connection	-0.30	0.88
sides	-0.30	1.56
strict	-0.30	1.14
gives	-0.30	1.28
unity	-0.30	1.09
quick	-0.30	1.04
sensitive	-0.30	1.31
digital	-0.30	1.01
losses	-0.29	1.02
amazon	-0.29	1.04
laid	-0.29	1.15
doing	-0.29	2.49
spoil	-0.29	2.03
opened	-0.29	1.05
consequence	-0.29	1.11
move	-0.29	1.53
drivers	-0.29	0.86
mods	-0.29	0.92
warning	-0.29	1.41
saves	-0.29	1.02
denying	-0.29	1.37
take	-0.29	2.11
attempts	-0.29	1.42
register	-0.29	1.16
utterly	-0.29	1.24
return	-0.29	1.31
permanently	-0.29	1.22
ll	-0.29	2.53
trick	-0.29	1.30
heck	-0.29	1.30
investors	-0.28	0.97
largely	-0.28	1.32
battery	-0.28	0.83
merits	-0.28	1.54
popping	-0.28	1.01
obscure	-0.28	1.15
minimal	-0.28	0.94
increasing	-0.28	0.95
judgement	-0.28	1.62
generate	-0.28	1.02
society	-0.28	1.10
switch	-0.28	1.21
catch	-0.28	2.14
again	-0.28	2.28
worried	-0.28	3.40
yet	-0.28	2.11
line	-0.28	1.31
disc	-0.28	0.90
activity	-0.28	0.89
currency	-0.28	0.90
mainly	-0.28	0.96
compatibility	-0.28	0.84
spend	-0.28	1.31
numbers	-0.28	1.26
flip	-0.28	1.46
supports	-0.28	0.92
publishers	-0.28	0.95
learning	-0.28	1.16
income	-0.28	1.05
convenience	-0.28	0.97
biased	-0.28	1.91
masses	-0.27	1.12
perhaps	-0.27	2.21
progression	-0.27	0.91
offended	-0.27	2.26
free-to-play	-0.27	0.79
cant	-0.27	2.51
caught	-0.27	1.15
weakest	-0.27	1.84
bots	-0.27	0.81
author	-0.27	1.79
hold	-0.27	1.63
inherent	-0.27	0.92
sold	-0.27	0.93
besides	-0.27	1.90
install	-0.27	0.91
political	-0.27	1.08
0	-0.27	1.06
supported	-0.27	0.94
competitors	-0.27	0.77
mini	-0.27	0.84
skipping	-0.27	0.93
tb	-0.27	1.45
downloads	-0.27	0.93
certainly	-0.27	2.52
swords	-0.27	0.81
immediately	-0.27	1.61
themselves	-0.27	1.93
atleast	-0.27	2.02
which	-0.27	2.68
proprietary	-0.27	0.89
completely	-0.27	1.66
worth	-0.27	1.48
somewhat	-0.27	1.38
cost	-0.27	1.12
refund	-0.27	1.32
development	-0.26	1.00
downloaded	-0.26	0.99
reset	-0.26	1.04
represent	-0.26	1.19
loaded	-0.26	0.96
replacing	-0.26	0.91
meeting	-0.26	1.11
followed	-0.26	1.15
helps	-0.26	1.41
awakening	-0.26	1.10
confirmed	-0.26	1.56
discs	-0.26	0.90
forced	-0.26	1.98
enable	-0.26	1.03
afford	-0.26	1.58
advertised	-0.26	1.29
equal	-0.26	0.83
camera	-0.26	1.01
cancer	-0.26	1.53
need	-0.26	2.36
increases	-0.26	0.93
handle	-0.26	1.56
survive	-0.26	1.28
encourage	-0.26	1.35
way	-0.26	2.50
section	-0.26	1.29
sellers	-0.26	0.99
feed	-0.26	1.04
paywall	-0.26	0.97
installed	-0.26	0.92
enabled	-0.26	0.97
test	-0.25	1.10
randomly	-0.25	1.01
spawns	-0.25	0.92
noted	-0.25	1.89
account	-0.25	1.17
real	-0.25	1.54
wait	-0.25	2.21
services	-0.25	0.93
learn	-0.25	1.33
replacement	-0.25	1.00
paper	-0.25	0.88
password	-0.25	1.15
pages	-0.25	1.07
continued	-0.25	1.21
covering	-0.25	1.24
becoming	-0.25	1.24
admit	-0.25	2.44
covered	-0.25	1.39
lock	-0.25	1.03
tested	-0.25	1.23
ripped	-0.25	1.35
digitally	-0.25	1.10
glad	-0.25	3.34
youtubers	-0.25	1.15
handhelds	-0.25	0.77
connections	-0.25	0.88
limiting	-0.25	0.98
extension	-0.25	0.88
supply	-0.25	1.01
sexual	-0.25	0.90
optional	-0.25	1.03
turn	-0.25	1.25
requires	-0.25	1.23
gog	-0.25	1.03
relation	-0.25	1.16
operate	-0.25	1.60
sword	-0.25	0.98
gen	-0.25	0.81
offer	-0.25	1.16
will	-0.25	2.48
expectation	-0.24	1.40
spam	-0.24	0.99
improves	-0.24	0.95
basis	-0.24	2.14
editing	-0.24	1.08
understanding	-0.24	1.58
perform	-0.24	1.09
automatically	-0.24	1.22
subscription	-0.24	1.06
download	-0.24	0.94
rating	-0.24	1.02
despite	-0.24	1.15
relate	-0.24	1.82
slight	-0.24	0.92
gfwl	-0.24	0.96
comedy	-0.24	1.10
potentially	-0.24	1.26
opponents	-0.24	0.92
though	-0.24	2.63
company	-0.24	0.91
makes	-0.24	1.66
slowly	-0.24	1.40
codes	-0.24	1.04
stand	-0.24	2.11
didnt	-0.24	2.54
subscribers	-0.24	1.05
preference	-0.24	2.00
fast	-0.24	1.01
nowadays	-0.24	1.48
scenario	-0.24	1.78
returning	-0.24	1.08
losing	-0.24	1.18
continue	-0.24	1.79
statistics	-0.23	2.03
stealing	-0.23	0.90
involves	-0.23	1.36
farming	-0.23	0.85
brick	-0.23	0.99
views	-0.23	1.32
official	-0.23	1.29
visit	-0.23	1.32
titanfall	-0.23	0.86
faith	-0.23	1.44
service	-0.23	0.98
market	-0.23	0.78
turning	-0.23	1.06
weight	-0.23	1.09
artificial	-0.23	1.07
simpler	-0.23	1.05
requirements	-0.23	1.03
trying	-0.23	1.99
forcing	-0.23	1.85
hands	-0.23	1.39
bank	-0.23	1.04
serious	-0.23	1.15
throws	-0.23	1.13
guy	-0.23	2.03
gamestop	-0.23	1.04
hence	-0.23	1.93
analysis	-0.23	1.49
considerably	-0.23	1.04
associated	-0.23	1.15
locking	-0.23	1.03
transactions	-0.23	0.93
steam	-0.23	1.01
charging	-0.23	1.12
panel	-0.23	0.91
videogames	-0.23	0.95
directly	-0.23	1.60
gamer	-0.23	1.80
heat	-0.23	0.88
shops	-0.23	1.00
rest	-0.22	1.51
payment	-0.22	1.09
ended	-0.22	1.59
rational	-0.22	1.75
planned	-0.22	1.43
software	-0.22	0.87
directed	-0.22	1.04
sales	-0.22	1.08
parties	-0.22	0.97
adapt	-0.22	1.19
prior	-0.22	1.21
side	-0.22	1.48
hell	-0.22	2.43
servers	-0.22	0.84
us	-0.22	1.32
paragraph	-0.22	2.17
easier	-0.22	1.13
closing	-0.22	1.14
ghost	-0.22	0.90
par	-0.22	1.03
deals	-0.22	1.24
additionally	-0.22	1.09
cash	-0.22	0.97
entire	-0.22	1.43
activate	-0.22	1.09
time	-0.21	1.59
integrity	-0.21	0.94
monopoly	-0.21	0.90
ensure	-0.21	1.20
million	-0.21	1.02
media	-0.21	0.90
suggesting	-0.21	2.71
economy	-0.21	0.89
use	-0.21	1.17
conflict	-0.21	1.08
refuse	-0.21	2.02
intend	-0.21	2.18
refresh	-0.21	0.91
infinity	-0.21	0.96
sync	-0.21	0.89
tax	-0.21	1.08
typical	-0.21	0.70
timing	-0.21	1.03
repeatedly	-0.21	1.26
choose	-0.21	1.62
bloody	-0.21	1.07
setup	-0.21	0.90
gamepad	-0.21	0.88
stayed	-0.21	1.23
ai	-0.21	0.89
actually	-0.21	2.46
ball	-0.21	0.96
assist	-0.21	1.07
pressing	-0.21	1.34
confirm	-0.20	2.02
let	-0.20	2.36
likely	-0.20	2.63
help	-0.20	2.08
civil	-0.20	1.43
flash	-0.20	0.91
offering	-0.20	1.06
keys	-0.20	1.06
requiring	-0.20	1.30
execute	-0.20	1.11
bigger	-0.20	1.04
purchasing	-0.20	1.39
producing	-0.20	1.25
email	-0.20	1.42
percent	-0.20	1.01
plane	-0.20	0.84
legal	-0.20	1.53
xiii	-0.20	1.13
priced	-0.20	1.01
consider	-0.20	2.30
strong	-0.20	1.07
progress	-0.20	0.99
copyright	-0.20	1.46
key	-0.20	1.16
hosting	-0.20	0.89
below	-0.20	0.99
signs	-0.20	1.31
neutral	-0.20	1.48
overhead	-0.20	0.93
quest	-0.20	0.92
lets	-0.20	2.04
bases	-0.20	0.87
offered	-0.19	1.12
gold	-0.19	0.95
cheap	-0.19	0.99
often	-0.19	1.57
shop	-0.19	0.97
tied	-0.19	1.13
spawn	-0.19	0.99
premium	-0.19	1.10
want	-0.19	2.38
identify	-0.19	1.69
host	-0.19	0.87
lower	-0.19	0.92
resources	-0.19	1.05
hope	-0.19	2.55
handheld	-0.19	0.77
could	-0.19	2.46
gap	-0.19	0.97
shorter	-0.19	1.06
eu	-0.19	1.28
participate	-0.19	1.27
twitch	-0.19	1.39
frames	-0.19	0.98
theres	-0.19	2.36
radar	-0.19	1.40
exchange	-0.19	0.97
communication	-0.19	1.02
frame	-0.19	0.98
computer	-0.19	0.89
link	-0.19	1.19
deleted	-0.19	2.18
requirement	-0.19	1.05
smoother	-0.19	1.05
precision	-0.19	1.14
blur	-0.19	0.79
valve	-0.19	1.27
making	-0.19	2.08
him	-0.19	2.29
planning	-0.19	1.36
boat	-0.18	0.86
lot	-0.18	2.15
gaining	-0.18	1.06
improving	-0.18	1.14
mandatory	-0.18	1.15
dlcs	-0.18	0.91
produce	-0.18	1.28
realizing	-0.18	1.77
always	-0.18	2.24
towers	-0.18	0.83
responses	-0.18	2.02
promote	-0.18	1.31
imply	-0.18	3.88
middle	-0.18	1.61
npc	-0.18	0.87
kick	-0.18	1.10
also	-0.18	2.67
ssd	-0.18	0.90
anytime	-0.18	2.24
rust	-0.18	0.84
wallet	-0.18	1.23
zero	-0.18	1.16
riding	-0.18	0.95
patience	-0.18	1.16
mage	-0.18	0.81
maintaining	-0.18	1.08
dropping	-0.18	1.00
providing	-0.18	1.32
solely	-0.18	1.23
machine	-0.18	0.89
in-game	-0.18	0.95
sure	-0.18	3.15
tastes	-0.18	1.38
post	-0.18	2.21
commercial	-0.18	0.95
price	-0.18	1.08
usd	-0.18	1.06
once	-0.18	1.63
handed	-0.18	1.05
tag	-0.18	1.18
bot	-0.18	0.88
existence	-0.18	1.56
plan	-0.18	1.81
starting	-0.17	1.77
battlefield	-0.17	0.74
traded	-0.17	0.95
95	-0.17	1.29
hide	-0.17	1.09
function	-0.17	1.14
heavily	-0.17	1.11
managed	-0.17	1.63
caps	-0.17	0.96
delivering	-0.17	1.07
rely	-0.17	1.17
network	-0.17	0.89
everything	-0.17	1.94
mages	-0.17	0.82
ones	-0.17	1.50
john	-0.17	1.28
xbl	-0.17	1.02
sooner	-0.17	2.31
versions	-0.17	0.82
bandwidth	-0.17	0.92
wiki	-0.17	1.44
compatible	-0.17	0.81
personal	-0.17	1.55
efforts	-0.16	1.32
search	-0.16	1.24
unlimited	-0.16	0.96
sorta	-0.16	1.57
salt	-0.16	1.58
integration	-0.16	0.91
however	-0.16	2.67
platform	-0.16	0.79
accounts	-0.16	1.09
active	-0.16	1.19
moved	-0.16	1.28
content	-0.16	1.07
coins	-0.16	0.95
same	-0.16	2.36
bothered	-0.16	2.41
far	-0.16	1.79
prices	-0.16	1.00
require	-0.16	1.32
stays	-0.16	1.30
wanting	-0.16	1.96
order	-0.16	1.79
limit	-0.16	0.98
professional	-0.16	0.89
discounted	-0.16	1.14
enemy	-0.15	0.94
seek	-0.15	1.36
discounts	-0.15	1.08
cycle	-0.15	1.14
indeed	-0.15	2.23
shelf	-0.15	1.01
changing	-0.15	1.21
developing	-0.15	1.13
<SPECIAL>	-0.15	0.89
<URL>	-0.15	0.89
done	-0.15	2.23
communicate	-0.15	1.56
dodging	-0.15	0.99
combat	-0.15	1.12
investment	-0.15	1.06
specifically	-0.15	2.02
police	-0.15	0.88
purchased	-0.15	1.14
save	-0.15	1.03
politics	-0.15	0.99
label	-0.15	1.43
already	-0.15	1.80
truck	-0.15	0.87
rated	-0.15	1.04
maximum	-0.15	0.92
option	-0.15	1.29
opening	-0.14	0.92
yearly	-0.14	0.71
press	-0.14	1.29
cutscene	-0.14	0.99
proved	-0.14	1.36
production	-0.14	0.97
free	-0.14	1.02
high	-0.14	0.99
assuming	-0.14	3.48
units	-0.14	0.79
idea	-0.14	2.46
horse	-0.14	0.89
finally	-0.14	1.73
hair	-0.14	0.96
slots	-0.14	0.89
consideration	-0.14	1.52
curiosity	-0.14	1.81
minimum	-0.14	0.98
locked	-0.14	0.95
censored	-0.14	1.05
officially	-0.14	1.41
spoiled	-0.14	1.69
ask	-0.14	2.15
bars	-0.14	0.86
popularity	-0.14	0.89
forgotten	-0.14	1.81
remote	-0.14	0.85
steal	-0.13	0.97
curse	-0.13	1.04
na	-0.13	2.80
deliver	-0.13	1.23
paying	-0.13	1.37
suppose	-0.13	2.84
apply	-0.13	1.62
performing	-0.13	1.06
notable	-0.13	1.00
shortly	-0.13	1.50
lead	-0.13	1.06
boosts	-0.13	0.90
australian	-0.13	1.05
kinda	-0.13	1.96
raised	-0.13	1.14
bunch	-0.13	1.05
choosing	-0.13	1.34
allowed	-0.13	1.87
developed	-0.13	1.17
crush	-0.13	1.11
orders	-0.13	0.95
isnt	-0.13	2.27
pain	-0.13	0.93
dual	-0.13	0.89
respawn	-0.13	0.89
wod	-0.13	0.88
bomb	-0.13	1.16
cents	-0.13	1.15
went	-0.13	1.46
provide	-0.13	1.41
data	-0.13	1.05
become	-0.13	1.16
immediate	-0.13	1.08
billion	-0.13	0.95
cd	-0.13	0.93
me1	-0.13	0.97
next	-0.13	1.80
introduction	-0.13	0.93
runescape	-0.13	0.86
soon	-0.13	2.09
information	-0.13	1.59
heists	-0.13	1.11
dollar	-0.13	1.14
legs	-0.13	1.20
until	-0.13	1.79
adjust	-0.12	1.05
request	-0.12	1.69
develop	-0.12	1.32
pay	-0.12	1.38
gem	-0.12	0.92
needed	-0.12	1.81
greenlight	-0.12	0.99
barrier	-0.12	0.96
holiday	-0.12	1.25
expansion	-0.12	0.91
improvement	-0.12	0.87
discount	-0.12	1.14
file	-0.12	0.98
moving	-0.12	1.20
boost	-0.12	0.96
bundles	-0.12	1.08
countries	-0.12	1.07
fuck	-0.12	2.20
ridiculously	-0.12	1.20
resource	-0.12	0.91
straight	-0.12	1.61
yours	-0.12	2.14
margin	-0.12	0.98
asked	-0.12	2.03
definitely	-0.12	2.40
month	-0.12	1.28
majority	-0.12	1.09
released	-0.12	1.28
nvidia	-0.12	0.87
pve	-0.12	0.82
trade	-0.12	0.96
import	-0.12	0.99
multiplatform	-0.12	0.79
although	-0.12	2.34
uk	-0.12	1.06
objectives	-0.12	1.00
end	-0.12	1.64
demand	-0.12	1.22
mistaken	-0.11	3.43
expensive	-0.11	0.97
building	-0.11	0.83
awhile	-0.11	1.69
theirs	-0.11	1.40
added	-0.11	1.19
motion	-0.11	0.93
usually	-0.11	1.61
upon	-0.11	1.07
alot	-0.11	1.91
collecting	-0.11	0.91
ammo	-0.11	0.89
publish	-0.11	0.94
sum	-0.11	1.15
preorder	-0.11	1.16
their	-0.11	1.26
warframe	-0.11	0.78
pre-order	-0.11	1.17
scene	-0.11	1.04
instance	-0.11	1.12
messages	-0.11	1.45
devs	-0.11	1.08
permanent	-0.11	1.00
during	-0.11	1.08
involving	-0.11	0.98
potential	-0.11	1.16
spamming	-0.11	1.01
developers	-0.11	1.10
balanced	-0.11	1.09
hop	-0.11	1.17
page	-0.11	1.22
bc	-0.11	0.83
effectively	-0.11	1.48
precise	-0.11	1.11
sometime	-0.11	1.73
controlled	-0.11	1.03
were	-0.11	1.87
advantage	-0.11	1.01
interest	-0.11	1.32
pre-ordered	-0.11	1.24
stopped	-0.11	1.53
especially	-0.11	1.48
belong	-0.11	1.47
cheats	-0.11	0.87
never	-0.11	1.71
worrying	-0.10	2.21
after	-0.10	1.56
aiming	-0.10	1.15
earlier	-0.10	1.57
encourages	-0.10	1.13
objectively	-0.10	1.49
purpose	-0.10	1.76
x86	-0.10	0.85
im	-0.10	2.79
passes	-0.10	0.97
discover	-0.10	1.20
view	-0.10	1.07
smarter	-0.10	1.19
dollars	-0.10	1.22
cosmetics	-0.10	0.91
hdd	-0.10	0.90
sticking	-0.10	1.32
suspect	-0.10	2.52
charity	-0.10	1.18
using	-0.10	1.04
utilize	-0.10	1.27
acquire	-0.10	1.12
humble	-0.10	1.08
kill	-0.10	0.91
portion	-0.10	0.86
canada	-0.10	1.08
realised	-0.10	1.87
hopefully	-0.10	2.19
dropped	-0.10	1.08
promises	-0.10	1.13
disk	-0.10	0.91
remains	-0.10	1.27
your	-0.10	1.59
edges	-0.10	1.29
i.e	-0.10	1.12
extra	-0.10	1.07
credits	-0.09	0.91
clock	-0.09	0.94
candy	-0.09	1.20
eyes	-0.09	1.08
manual	-0.09	1.08
default	-0.09	0.91
ride	-0.09	1.04
spent	-0.09	1.38
thankfully	-0.09	1.53
maintain	-0.09	1.11
hack	-0.09	0.92
aside	-0.09	0.95
study	-0.09	1.66
references	-0.09	1.12
region	-0.09	1.04
vehicles	-0.09	0.74
pass	-0.09	1.10
hardline	-0.09	1.09
letting	-0.09	1.87
indies	-0.09	0.87
ea	-0.09	0.76
buyers	-0.09	1.23
completion	-0.09	0.89
growth	-0.09	0.98
date	-0.09	1.44
interests	-0.08	1.23
another	-0.08	2.02
periods	-0.08	1.09
taste	-0.08	1.49
got	-0.08	1.52
later	-0.08	1.89
fundamental	-0.08	0.97
increased	-0.08	0.91
responding	-0.08	2.30
stage	-0.08	1.10
originally	-0.08	1.87
sent	-0.08	1.54
runs	-0.08	1.14
gabe	-0.08	1.76
controller	-0.08	0.90
favor	-0.08	1.20
featured	-0.08	1.16
regret	-0.08	1.66
shares	-0.08	0.98
markets	-0.08	0.89
punishing	-0.08	0.96
australia	-0.08	1.07
joking	-0.08	2.59
sale	-0.08	1.32
micro	-0.08	0.84
waited	-0.08	1.57
round	-0.07	0.99
regions	-0.07	1.03
cap	-0.07	0.94
viewers	-0.07	1.09
d3	-0.07	0.95
built	-0.07	0.93
editor	-0.07	0.82
before	-0.07	1.61
sunk	-0.07	1.23
germany	-0.07	1.16
punch	-0.07	1.11
blocked	-0.07	1.07
distinction	-0.07	1.99
limits	-0.07	1.01
timer	-0.07	1.17
growing	-0.07	0.94
quit	-0.07	1.29
bucks	-0.07	1.24
wired	-0.07	0.86
whom	-0.07	1.01
seriously	-0.07	2.60
cup	-0.07	0.80
offers	-0.07	1.02
launched	-0.07	1.27
rig	-0.07	0.90
ending	-0.07	0.88
takes	-0.07	1.62
da	-0.06	1.11
peak	-0.06	0.99
organization	-0.06	0.89
legitimately	-0.06	1.73
face	-0.06	1.20
analogy	-0.06	2.11
segment	-0.06	0.84
structure	-0.06	0.86
difficult	-0.06	1.13
incentive	-0.06	1.60
liked	-0.06	2.41
netflix	-0.06	0.95
gearbox	-0.06	0.85
teammates	-0.06	1.10
usa	-0.06	1.08
physically	-0.06	1.28
logged	-0.06	1.27
supposedly	-0.06	1.54
plug	-0.06	0.91
transfer	-0.06	1.01
recall	-0.06	2.11
instant	-0.06	1.03
cosmetic	-0.06	0.91
uses	-0.06	1.01
activision	-0.06	0.79
siege	-0.06	0.84
wireless	-0.06	0.86
continuing	-0.06	1.41
into	-0.06	1.43
oot	-0.06	1.00
actor	-0.05	1.10
f2p	-0.05	0.82
express	-0.05	1.31
benefits	-0.05	1.04
private	-0.05	0.94
o	-0.05	1.13
seconds	-0.05	1.47
exclusivity	-0.05	1.07
copy	-0.05	1.01
blood	-0.05	0.88
till	-0.05	1.69
gon	-0.05	2.87
difference	-0.05	1.20
via	-0.05	1.07
teamwork	-0.05	1.01
stuck	-0.05	2.10
grow	-0.05	1.00
weekly	-0.05	1.15
currently	-0.05	1.89
momentum	-0.05	1.00
arm	-0.05	1.06
perspective	-0.05	1.25
unlock	-0.05	0.89
gems	-0.05	0.97
healthy	-0.05	1.00
stolen	-0.05	1.11
contribute	-0.05	1.66
philosophy	-0.05	0.90
sli	-0.05	0.88
pushing	-0.05	1.25
suggestion	-0.05	1.86
tvs	-0.05	0.87
consoles	-0.05	0.81
downside	-0.04	1.17
credit	-0.04	1.21
further	-0.04	1.38
external	-0.04	0.94
ps	-0.04	0.93
instantly	-0.04	1.47
throughout	-0.04	1.14
known	-0.04	1.12
packs	-0.04	0.97
role	-0.04	1.14
drastically	-0.04	1.01
able	-0.04	2.19
examples	-0.04	1.51
fairly	-0.04	1.33
basic	-0.04	1.22
none	-0.04	1.54
degree	-0.04	0.93
too	-0.04	1.92
timeline	-0.04	0.88
hours	-0.04	1.42
purely	-0.04	1.19
guilty	-0.04	1.57
limitation	-0.04	0.92
totally	-0.04	2.47
head	-0.04	1.16
thats	-0.04	2.89
dreams	-0.04	0.94
opponent	-0.04	1.03
connected	-0.04	0.91
mmos	-0.04	0.78
program	-0.04	0.95
alternatives	-0.04	1.18
speech	-0.04	1.39
push	-0.04	1.32
strength	-0.04	0.94
pre	-0.03	1.19
comparison	-0.03	0.92
massive	-0.03	0.96
dirt	-0.03	0.82
75	-0.03	1.02
indicate	-0.03	2.14
steady	-0.03	0.95
screen	-0.03	0.93
tomorrow	-0.03	1.86
armor	-0.03	0.83
fewer	-0.03	1.11
forth	-0.03	1.29
triple	-0.03	0.83
she	-0.03	2.26
began	-0.03	1.33
ready	-0.03	2.12
death	-0.03	1.28
competitor	-0.03	0.79
peoples	-0.03	1.27
dlc	-0.03	0.96
details	-0.03	1.34
strikes	-0.03	0.87
thoughts	-0.03	1.72
situations	-0.03	1.35
october	-0.03	1.36
usage	-0.03	1.02
board	-0.03	1.01
happily	-0.03	1.85
flow	-0.03	0.98
bridge	-0.03	0.84
steps	-0.03	1.40
largest	-0.03	1.29
shields	-0.03	0.88
maps	-0.03	0.74
specs	-0.03	0.82
portable	-0.02	0.78
goal	-0.02	1.21
clone	-0.02	0.82
frustrated	-0.02	2.90
loads	-0.02	1.15
getting	-0.02	2.05
tricky	-0.02	1.04
interviews	-0.02	1.25
chance	-0.02	1.80
extremely	-0.02	1.24
storage	-0.02	0.90
latest	-0.02	0.82
podcast	-0.02	1.37
south	-0.02	1.12
engage	-0.02	1.37
took	-0.02	1.67
town	-0.02	1.10
incredibly	-0.02	1.23
values	-0.02	0.97
remaining	-0.02	1.24
simulator	-0.02	0.97
gotten	-0.02	1.55
houses	-0.02	0.90
channels	-0.02	1.14
helped	-0.02	1.68
capital	-0.01	0.99
traffic	-0.01	0.86
channel	-0.01	1.26
america	-0.01	1.09
figuring	-0.01	1.24
garden	-0.01	0.73
back	-0.01	1.62
career	-0.01	0.81
10/10	-0.01	1.22
auction	-0.01	1.02
tactical	-0.01	0.76
purchase	-0.01	1.35
makers	-0.01	0.98
waiting	-0.01	2.09
c	-0.01	1.40
common	-0.01	1.18
blocking	-0.01	1.00
months	-0.01	1.64
hitting	-0.01	1.06
me3	-0.01	0.95
sending	-0.01	1.49
intel	-0.01	0.86
companions	-0.01	0.80
psn	-0.01	0.95
sequences	-0.01	0.81
saving	-0.01	1.09
hour	-0.01	1.56
december	-0.01	1.37
fake	-0.01	1.37
population	-0.01	0.88
winter	-0.01	1.41
brand	-0.01	0.93
employee	-0.01	1.01
me2	-0.01	0.95
tribes	-0.01	0.78
behind	-0.01	1.27
contact	-0.01	1.75
2014	-0.01	1.34
away	-0.01	1.59
wow	-0.01	0.81
rate	-0.01	0.95
significant	-0.01	0.97
interpretation	-0.01	2.40
social	-0.01	0.92
send	-0.01	1.59
directions	-0.01	1.20
walk	-0.00	1.35
fired	-0.00	1.09
global	-0.00	0.93
cores	-0.00	0.89
korean	-0.00	0.93
curve	-0.00	1.12
matchmaking	-0.00	0.84
escape	-0.00	1.00
minutes	-0.00	1.57
vanilla	-0.00	0.83
tiny	-0.00	0.90
entertainment	-0.00	0.84
wild	-0.00	1.39
streaming	-0.00	0.96
collect	-0.00	0.93
options	-0.00	1.09
roughly	-0.00	1.09
succeed	-0.00	1.32
designed	0.00	1.36
sense	0.00	1.88
backers	0.00	1.03
minute	0.00	1.32
standing	0.00	1.35
describe	0.00	2.34
til	0.00	2.03
playerbase	0.00	0.88
build	0.00	0.94
heads	0.00	1.30
europe	0.00	1.06
infantry	0.00	0.77
blacklist	0.00	0.89
architecture	0.00	0.86
whose	0.00	1.36
relatively	0.00	1.25
allowing	0.00	1.73
heard	0.00	1.53
guard	0.00	1.03
i5	0.00	0.89
intro	0.00	0.81
path	0.00	1.25
chunk	0.00	0.93
legally	0.01	1.37
confidence	0.01	1.39
percentage	0.01	0.96
viewing	0.01	0.92
gladly	0.01	1.67
profile	0.01	1.10
significantly	0.01	1.00
ago	0.01	1.74
years	0.01	1.72
per	0.01	1.10
bioware	0.01	1.12
remember	0.01	2.06
spirit	0.01	0.95
supposed	0.01	2.65
enemies	0.01	0.87
responsive	0.01	1.17
cover	0.01	1.09
tags	0.01	1.19
inclined	0.01	2.37
worries	0.01	2.69
small	0.01	0.86
generation	0.01	0.90
excitement	0.01	1.09
year	0.01	1.43
executed	0.01	1.11
shift	0.01	1.32
hiding	0.01	1.08
unlocks	0.01	0.89
wildstar	0.01	0.79
lobby	0.01	0.93
memory	0.01	0.93
answer	0.01	2.49
longer	0.01	1.52
gb	0.01	0.89
items	0.01	0.88
march	0.01	1.40
publicly	0.02	1.18
component	0.02	1.09
bundle	0.02	1.11
brings	0.02	1.08
attract	0.02	0.95
advantages	0.02	0.94
rolling	0.02	1.01
npcs	0.02	0.87
explaining	0.02	2.18
allow	0.02	1.63
ability	0.02	1.73
pack	0.02	0.98
hardware	0.02	0.85
season	0.02	0.84
2015	0.02	1.41
recent	0.02	0.92
saved	0.02	1.10
cloud	0.02	0.90
women	0.02	0.97
gather	0.02	1.00
nature	0.02	1.02
run	0.02	1.08
long	0.02	1.67
days	0.02	1.73
shooters	0.02	0.71
hook	0.02	0.98
friday	0.02	1.61
cutscenes	0.02	1.02
surface	0.02	0.85
rotation	0.02	0.93
guards	0.02	0.95
raiding	0.02	0.84
solution	0.02	1.54
expanding	0.03	1.13
amd	0.03	0.87
funds	0.03	1.08
card	0.03	0.94
pvp	0.03	0.81
competition	0.03	0.86
dungeons	0.03	0.85
still	0.03	2.45
threat	0.03	1.05
november	0.03	1.38
goat	0.03	1.19
having	0.03	1.96
developer	0.03	1.05
attack	0.03	0.96
guaranteed	0.03	1.54
annoyed	0.03	3.01
dolphin	0.03	0.81
winning	0.03	0.99
hdmi	0.03	0.87
office	0.03	1.02
actors	0.03	1.13
controllers	0.03	0.89
evolved	0.03	0.82
successfully	0.03	1.33
lives	0.03	1.09
russia	0.03	1.07
typically	0.03	1.36
combo	0.03	1.02
potions	0.03	0.92
y	0.03	1.52
research	0.03	1.45
hints	0.03	1.25
jumps	0.03	0.97
funding	0.03	1.02
workshop	0.03	0.91
connect	0.03	0.99
towns	0.03	0.85
smaller	0.03	0.96
80	0.03	0.96
package	0.03	0.92
convenient	0.03	1.08
competing	0.03	0.78
french	0.04	0.97
lifetime	0.04	0.99
used	0.04	1.75
foot	0.04	1.11
watch	0.04	1.37
voice	0.04	1.22
january	0.04	1.38
position	0.04	1.33
our	0.04	1.24
summer	0.04	1.44
players	0.04	1.02
delivered	0.04	1.19
instances	0.04	0.88
suggest	0.04	1.98
outside	0.04	1.53
obvious	0.04	1.23
capacity	0.04	0.99
exclusively	0.04	0.99
china	0.04	1.04
appeared	0.04	1.19
april	0.04	1.34
day	0.04	1.60
shield	0.04	0.89
merely	0.04	2.48
june	0.04	1.39
youtube	0.04	1.22
focusing	0.04	1.27
under	0.04	1.11
4gb	0.04	0.90
achieved	0.04	1.16
tutorial	0.04	1.26
answered	0.04	2.15
streams	0.04	1.27
bottom	0.04	1.15
files	0.04	0.95
cops	0.04	0.89
dr	0.04	1.95
dramatically	0.04	0.96
essentially	0.04	1.72
e.g	0.04	1.20
question	0.05	2.41
taking	0.05	1.79
titles	0.05	0.79
buff	0.05	0.88
titan	0.05	0.88
plot	0.05	1.11
fps	0.05	0.92
aa	0.05	0.87
shape	0.05	1.02
places	0.05	1.33
door	0.05	1.11
90	0.05	0.92
counter	0.05	0.90
harder	0.05	1.10
fell	0.05	1.07
ship	0.05	0.77
goals	0.05	1.12
entering	0.05	1.24
brief	0.05	0.98
late	0.05	1.32
weeks	0.05	1.57
cultural	0.05	0.97
insanely	0.05	1.22
bay	0.05	0.80
match	0.05	0.92
usb	0.05	0.86
monitors	0.05	0.87
upload	0.05	0.99
passive	0.05	0.95
wan	0.05	2.49
sprint	0.06	1.08
poster	0.06	2.47
least	0.06	2.36
twilight	0.06	1.09
champion	0.06	1.00
rome	0.06	0.85
win	0.06	1.01
cancel	0.06	0.98
ac	0.06	1.26
higher	0.06	0.91
kickstarter	0.06	1.03
location	0.06	1.25
promised	0.06	1.16
period	0.06	1.21
profitable	0.06	1.03
above	0.06	1.66
drive	0.06	0.91
solutions	0.06	1.21
hp	0.06	0.89
clarify	0.06	3.84
possibility	0.06	1.84
unlocking	0.06	0.89
floor	0.06	1.05
apparent	0.06	1.17
remotely	0.06	1.73
mid	0.06	1.19
heart	0.06	0.92
agent	0.06	0.85
underground	0.06	0.83
miles	0.06	1.33
own	0.06	1.56
allows	0.06	1.38
describing	0.06	2.35
dvd	0.06	0.89
essential	0.06	1.15
fate	0.06	1.10
commentary	0.06	1.12
respond	0.06	2.02
burning	0.06	0.89
vague	0.06	2.46
feature	0.07	1.23
i7	0.07	0.90
been	0.07	1.61
b	0.07	1.61
millions	0.07	1.11
reload	0.07	0.98
degrees	0.07	1.06
dare	0.07	1.98
gw2	0.07	0.79
boxes	0.07	0.97
leader	0.07	0.96
checked	0.07	2.00
primary	0.07	1.07
invest	0.07	1.39
eg	0.07	0.90
encouraged	0.07	1.28
z	0.07	1.25
teleport	0.07	1.17
min	0.07	1.15
ways	0.07	1.50
response	0.07	2.22
crowd	0.07	1.02
corner	0.07	1.28
appropriate	0.07	1.19
princess	0.07	1.07
major	0.07	1.03
purchases	0.07	1.21
playtime	0.07	1.32
conversations	0.07	1.06
health	0.07	0.93
victory	0.07	0.88
newer	0.07	0.78
kinect	0.07	0.80
shoot	0.07	1.05
add	0.07	1.28
soldiers	0.07	1.05
finding	0.07	1.37
pa	0.07	1.00
property	0.07	1.09
mask	0.07	0.94
chase	0.07	0.82
leaving	0.08	1.52
quite	0.08	1.92
block	0.08	0.99
questions	0.08	2.04
pools	0.08	0.99
swing	0.08	1.06
presence	0.08	1.11
wipe	0.08	0.84
400	0.08	1.06
called	0.08	1.76
north	0.08	1.09
vehicle	0.08	0.79
employees	0.08	1.04
only	0.08	2.10
rounds	0.08	1.05
separately	0.08	1.09
sized	0.08	0.86
licensing	0.08	1.08
shepard	0.08	0.79
kills	0.08	1.00
feet	0.08	1.36
cop	0.08	0.84
around	0.08	1.37
fashion	0.08	1.19
gay	0.08	0.89
cable	0.08	0.88
share	0.09	1.32
budgets	0.09	0.92
raise	0.09	1.28
west	0.09	1.16
ill	0.09	2.45
mad	0.09	2.69
intended	0.09	2.04
70	0.09	0.97
ram	0.09	0.91
reached	0.09	1.07
japan	0.09	1.04
lately	0.09	1.57
reality	0.09	1.31
lt	0.09	2.20
squad	0.09	0.86
streamers	0.09	1.06
east	0.09	1.06
defeat	0.09	0.86
covers	0.09	1.10
important	0.09	1.29
roll	0.09	1.11
naturally	0.09	1.25
w	0.09	1.54
interact	0.09	1.43
required	0.09	1.27
gtx	0.09	0.90
aim	0.09	1.19
studios	0.09	0.88
creators	0.09	1.10
blocks	0.09	0.87
hard	0.09	1.62
4th	0.09	0.97
interacting	0.09	1.03
chris	0.09	1.39
2007	0.09	1.30
nowhere	0.09	1.68
sport	0.10	0.81
area	0.10	1.22
2006	0.10	1.30
draw	0.10	0.86
rights	0.10	1.08
forces	0.10	1.13
2011	0.10	1.33
chest	0.10	0.93
2010	0.10	1.32
arguably	0.10	2.32
very	0.10	1.37
carried	0.10	0.96
times	0.10	1.47
cards	0.10	0.89
huge	0.10	1.03
skins	0.10	0.86
had	0.10	1.60
60	0.10	0.95
2009	0.10	1.31
handling	0.10	0.86
lasted	0.10	1.59
investing	0.10	1.15
ocarina	0.10	1.02
tbh	0.10	2.30
korea	0.10	0.99
casual	0.10	0.95
cater	0.10	1.03
rewards	0.10	0.97
deal	0.10	2.26
depending	0.11	1.46
dodge	0.11	0.99
modded	0.11	0.79
cell	0.11	0.86
staff	0.11	1.05
ownership	0.11	1.07
lists	0.11	1.09
fund	0.11	1.06
modders	0.11	0.91
2005	0.11	1.24
vastly	0.11	0.87
publisher	0.11	0.87
falling	0.11	1.04
buildings	0.11	0.84
future	0.11	2.23
shooting	0.11	0.87
documentary	0.11	0.97
basics	0.11	1.21
tonight	0.11	1.97
intent	0.11	2.02
melee	0.11	0.86
horde	0.11	0.79
r	0.11	1.56
searching	0.11	1.26
raids	0.11	0.85
sp	0.11	0.91
pistol	0.11	0.93
reliable	0.11	1.41
splinter	0.11	0.88
2008	0.11	1.33
walked	0.11	1.25
dogs	0.11	1.02
letter	0.11	1.62
expansions	0.12	0.89
ms	0.12	0.80
ffxiv	0.12	0.76
angle	0.12	1.01
microsoft	0.12	0.81
hugely	0.12	1.00
raid	0.12	0.85
missed	0.12	2.93
t	0.12	1.70
dedicated	0.12	0.88
trial	0.12	1.23
european	0.12	1.08
week	0.12	1.54
hardcore	0.12	1.17
doors	0.12	1.01
modding	0.12	0.90
600	0.12	1.06
bonus	0.12	1.01
identity	0.12	1.06
purposes	0.12	1.11
contains	0.12	1.03
level	0.12	0.89
chasing	0.12	0.96
achievements	0.12	0.91
license	0.12	1.00
positions	0.12	1.03
department	0.12	0.95
fyi	0.12	1.61
guilds	0.13	0.90
military	0.13	0.77
1st	0.13	1.22
2013	0.13	1.30
materials	0.13	0.92
tank	0.13	0.77
ti	0.13	0.88
switched	0.13	1.04
coming	0.13	1.70
titans	0.13	0.82
tree	0.13	0.91
translation	0.13	1.29
grenades	0.13	0.93
ceiling	0.13	0.91
fov	0.13	0.91
skill	0.13	1.04
cold	0.13	0.93
jumping	0.13	0.97
sony	0.13	0.83
targets	0.13	1.00
camp	0.13	1.24
past	0.13	1.62
trademark	0.13	1.62
operation	0.13	0.82
focuses	0.13	1.04
500	0.13	1.05
pm	0.13	1.88
launcher	0.13	0.89
plans	0.13	1.61
sit	0.13	1.52
running	0.14	1.10
2k	0.14	0.82
hl3	0.14	1.38
animals	0.14	0.86
size	0.14	0.90
mod	0.14	0.81
f	0.14	1.56
scratch	0.14	0.84
atm	0.14	1.96
programmers	0.14	1.09
place	0.14	1.71
live	0.14	1.08
bonuses	0.14	0.96
available	0.14	0.95
tool	0.14	1.03
jet	0.14	0.85
jack	0.14	1.21
wildly	0.14	1.16
desire	0.14	1.49
gta5	0.14	0.84
matches	0.14	0.92
bullets	0.14	0.94
mr	0.14	1.53
eso	0.14	0.75
hardly	0.14	1.89
leveled	0.14	0.84
christmas	0.14	1.37
yesterday	0.14	1.56
inside	0.14	1.19
sequence	0.14	0.86
events	0.14	1.06
hired	0.14	1.10
pros	0.15	0.99
helping	0.15	1.72
witch	0.15	1.06
teams	0.15	0.90
body	0.15	0.96
bear	0.15	0.89
bow	0.15	0.88
manner	0.15	1.38
rockstar	0.15	0.84
hire	0.15	1.12
consistently	0.15	1.03
budget	0.15	0.98
big	0.15	1.30
100	0.15	0.97
thrown	0.15	1.13
direct	0.15	1.03
morning	0.15	1.51
d2	0.15	0.78
working	0.15	1.37
announce	0.15	1.68
revelations	0.15	1.39
completing	0.15	0.92
ama	0.15	2.17
seen	0.15	1.50
adding	0.15	1.30
team	0.15	1.05
remind	0.15	1.49
financially	0.15	1.10
jump	0.15	1.08
gc	0.15	0.81
e	0.15	1.84
army	0.15	0.82
vram	0.15	0.90
systems	0.15	0.86
paced	0.15	0.96
gift	0.15	1.32
sight	0.15	1.19
listed	0.16	1.32
30fps	0.16	0.94
keep	0.16	1.99
deck	0.16	0.95
judging	0.16	1.46
generally	0.16	1.43
check	0.16	1.72
stretch	0.16	1.05
zone	0.16	1.03
realise	0.16	2.84
achieve	0.16	1.03
runes	0.16	0.89
arent	0.16	1.85
groups	0.16	0.94
food	0.16	1.09
hidden	0.16	1.11
mechs	0.16	0.77
queue	0.16	0.95
2000	0.16	1.10
starter	0.16	1.06
security	0.16	1.06
campaigns	0.16	0.90
accessible	0.16	0.85
eat	0.16	1.03
reaching	0.16	1.02
capable	0.16	1.36
careful	0.16	1.51
convincing	0.16	1.76
visible	0.16	1.20
dying	0.16	1.14
putting	0.16	1.56
guild	0.16	0.84
hanging	0.16	1.29
csgo	0.16	0.81
substantial	0.16	0.89
transition	0.16	0.95
passing	0.16	1.07
traps	0.16	0.98
emphasis	0.17	0.96
champions	0.17	0.89
last	0.17	1.49
rifles	0.17	0.93
bungie	0.17	0.83
dash	0.17	0.98
watching	0.17	1.29
answers	0.17	2.14
info	0.17	1.69
lvl	0.17	1.02
hole	0.17	1.06
fifa	0.17	0.77
genuine	0.17	1.23
international	0.17	0.94
damage	0.17	0.95
recently	0.17	1.58
next-gen	0.17	0.81
robots	0.17	0.83
over	0.17	1.48
appeal	0.17	1.02
spec	0.17	0.89
amongst	0.17	0.77
desert	0.17	0.85
monitor	0.17	0.87
focus	0.17	1.05
luck	0.17	1.98
filled	0.17	0.91
hunting	0.17	0.91
targeting	0.18	1.07
120	0.18	0.92
programmer	0.18	1.06
center	0.18	1.10
alliance	0.18	0.88
studio	0.18	0.93
event	0.18	1.20
reward	0.18	1.00
men	0.18	0.96
feeling	0.18	1.43
jeff	0.18	1.15
named	0.18	1.34
ve	0.18	1.51
modified	0.18	0.83
stream	0.18	1.05
backing	0.18	1.06
restricted	0.18	1.06
programming	0.18	1.15
opposed	0.18	1.02
gpu	0.18	0.86
aw	0.18	0.92
competent	0.18	1.16
ships	0.18	0.79
large	0.18	0.89
independent	0.18	0.97
fuel	0.18	0.91
mp	0.18	0.93
collector	0.18	0.89
arrows	0.18	1.09
framerates	0.18	0.95
300	0.19	1.06
improved	0.19	0.91
box	0.19	0.95
processor	0.19	0.87
unit	0.19	0.81
pilot	0.19	0.82
context	0.19	2.38
method	0.19	1.09
must	0.19	2.80
adapter	0.19	0.83
acquired	0.19	0.90
seller	0.19	0.92
ups	0.19	1.08
owned	0.19	0.94
attacks	0.19	0.93
implies	0.19	2.73
poe	0.19	0.76
water	0.19	0.87
guide	0.19	1.47
drives	0.19	0.87
sneaking	0.19	0.92
upgrade	0.19	0.97
1000	0.19	1.06
chess	0.19	0.88
magical	0.19	1.08
sex	0.19	1.11
chat	0.20	1.03
sim	0.20	0.78
videos	0.20	1.21
funded	0.20	0.95
refer	0.20	2.21
hobby	0.20	0.80
features	0.20	1.27
scaling	0.20	0.90
exclusives	0.20	0.78
michael	0.20	1.08
publishing	0.20	0.88
passed	0.20	1.24
hiring	0.20	1.08
decks	0.20	0.97
seeing	0.20	2.36
360	0.20	0.76
realistically	0.20	1.81
mana	0.20	0.86
feelings	0.20	1.12
walking	0.20	0.86
across	0.20	1.04
sneak	0.20	1.01
tiers	0.20	0.91
decade	0.20	1.54
accidentally	0.20	1.66
shared	0.20	1.10
ut	0.20	0.78
pool	0.20	0.87
shooter	0.20	0.72
format	0.21	0.83
ww2	0.21	0.75
swear	0.21	1.94
parkour	0.21	0.79
trigger	0.21	1.05
force	0.21	1.27
matched	0.21	1.00
expand	0.21	1.16
decently	0.21	1.15
audience	0.21	1.00
forms	0.21	0.93
tools	0.21	0.89
chip	0.21	0.84
sizes	0.21	0.86
representative	0.21	0.96
almost	0.21	1.63
gun	0.21	0.93
tried	0.21	1.50
jobs	0.21	1.09
encounter	0.21	0.89
forest	0.21	0.82
esports	0.21	0.86
explored	0.21	1.23
announced	0.21	1.35
id	0.21	0.97
map	0.22	0.94
crew	0.22	0.96
x	0.22	1.15
sitting	0.22	1.35
trophies	0.22	0.88
eq	0.22	0.78
2nd	0.22	1.19
imagination	0.22	0.92
suggestions	0.22	1.86
owners	0.22	0.83
mining	0.22	0.90
shots	0.22	1.00
published	0.22	0.83
strategic	0.22	0.88
relationship	0.22	1.28
sniper	0.22	0.94
cross	0.22	1.03
vary	0.22	1.24
english	0.22	1.33
prison	0.22	0.85
shot	0.22	0.98
oblivion	0.22	0.75
group	0.22	0.96
walls	0.22	1.00
episodes	0.22	0.96
territory	0.22	1.06
omg	0.22	1.93
secret	0.22	1.05
cities	0.22	0.86
opportunity	0.23	1.64
tournament	0.23	0.84
hub	0.23	0.90
counting	0.23	0.93
included	0.23	1.31
editions	0.23	0.90
temple	0.23	0.80
comparable	0.23	1.07
cancelled	0.23	1.11
simultaneously	0.23	1.22
gender	0.23	0.98
grenade	0.23	0.90
leagues	0.23	0.82
tournaments	0.23	0.88
paths	0.23	1.06
stealth	0.23	0.78
preordered	0.23	1.19
odds	0.23	1.40
2012	0.23	1.28
suited	0.23	0.88
myself	0.23	2.09
xbox	0.23	0.78
arrow	0.23	1.17
weapon	0.23	0.88
guides	0.23	1.43
stay	0.23	1.53
invested	0.23	1.52
audiences	0.23	0.96
unlocked	0.24	0.88
4k	0.24	0.91
fall	0.24	1.18
everyday	0.24	1.32
dungeon	0.24	0.82
direction	0.24	1.61
started	0.24	1.43
rng	0.24	1.11
target	0.24	1.03
q	0.24	1.30
mine	0.24	1.62
compete	0.24	0.90
sports	0.24	0.76
endless	0.24	0.85
produced	0.24	1.06
adds	0.24	0.99
teach	0.24	1.51
realm	0.24	0.85
air	0.24	0.92
arms	0.24	1.08
equipment	0.24	0.87
chief	0.24	1.03
item	0.24	0.89
extensive	0.24	1.07
healing	0.24	0.84
marketed	0.24	1.08
source	0.24	0.90
afaik	0.24	1.42
60fps	0.24	0.93
firing	0.24	0.98
differences	0.24	1.00
aka	0.24	1.46
comment	0.24	2.53
tv	0.24	0.92
travel	0.24	1.17
approach	0.24	1.15
appear	0.24	1.44
stat	0.24	0.93
remakes	0.24	0.73
near	0.24	1.64
console	0.25	0.79
efficient	0.25	1.13
freely	0.25	1.44
3rd	0.25	0.97
emulators	0.25	0.76
challenges	0.25	0.90
ps4	0.25	0.79
sea	0.25	0.80
kicked	0.25	1.00
32	0.25	0.87
russian	0.25	1.25
larger	0.25	0.87
rifle	0.25	0.94
200	0.25	1.04
blizzard	0.25	0.80
upgrades	0.25	0.89
strictly	0.25	1.44
demographic	0.25	1.11
uncomfortable	0.25	2.42
sam	0.25	0.76
shotgun	0.25	0.94
decades	0.25	1.33
director	0.25	0.96
spot	0.25	1.73
watched	0.25	1.18
hyped	0.25	2.47
define	0.25	1.85
focused	0.25	1.02
150	0.25	1.03
ancient	0.25	0.79
keeper	0.25	0.74
campaign	0.25	0.90
methods	0.25	1.03
boom	0.25	1.06
monkey	0.26	0.76
projects	0.26	0.99
bullet	0.26	0.95
former	0.26	1.12
designers	0.26	1.07
assault	0.26	0.91
op	0.26	2.49
zenimax	0.26	0.94
stars	0.26	0.90
gtav	0.26	0.84
fights	0.26	0.94
premise	0.26	1.47
power	0.26	0.95
timed	0.26	0.87
joining	0.26	1.05
veteran	0.26	0.85
regular	0.26	1.04
magic	0.26	0.83
flying	0.26	0.88
strike	0.26	0.81
giant	0.26	1.03
wondering	0.26	3.10
tough	0.26	1.08
dev	0.26	1.18
speak	0.26	1.46
german	0.26	1.24
properly	0.26	1.62
lowest	0.26	0.87
solving	0.26	1.01
trees	0.27	0.91
1440p	0.27	0.88
storm	0.27	0.78
energy	0.27	0.94
designing	0.27	1.07
cpu	0.27	0.89
room	0.27	1.23
individually	0.27	1.31
pro	0.27	0.78
spots	0.27	1.08
aimed	0.27	1.09
taught	0.27	1.18
extend	0.27	1.10
western	0.27	0.86
pitch	0.27	1.05
language	0.27	1.51
ice	0.27	0.84
aoe	0.27	0.86
bought	0.27	1.19
bump	0.27	0.89
hoped	0.27	2.12
revealed	0.27	1.24
gta	0.27	0.90
emulator	0.27	0.76
planetside	0.27	0.75
riot	0.27	0.85
healer	0.27	0.79
2004	0.27	1.17
highest	0.27	0.93
chances	0.27	1.33
importance	0.27	1.12
yep	0.27	2.80
250	0.27	1.03
sounded	0.27	1.24
edition	0.27	0.89
spell	0.28	0.88
drop	0.28	1.06
swtor	0.28	0.78
representation	0.28	0.96
primarily	0.28	1.00
7	0.28	0.90
maker	0.28	1.03
heist	0.28	1.19
alternative	0.28	1.10
every	0.28	1.55
branch	0.28	0.90
ticket	0.28	1.50
include	0.28	1.39
number	0.28	1.02
madden	0.28	0.70
session	0.28	1.29
eye	0.28	0.99
while	0.28	2.07
framerate	0.28	0.95
mech	0.28	0.82
library	0.28	0.93
settings	0.28	0.91
cave	0.28	0.94
chinese	0.28	1.23
partner	0.28	1.42
xb1	0.28	0.77
video	0.28	1.19
concerned	0.28	2.99
targeted	0.28	1.10
owner	0.28	0.97
rooms	0.29	0.99
casually	0.29	1.44
chapter	0.29	0.98
shell	0.29	1.02
touched	0.29	1.17
replied	0.29	2.65
filter	0.29	0.88
generations	0.29	1.10
front	0.29	1.25
max	0.29	0.80
previous	0.29	0.88
members	0.29	1.16
additions	0.29	0.96
encounters	0.29	0.92
car	0.29	0.88
faction	0.29	0.84
prize	0.29	0.92
seasons	0.29	0.87
joined	0.29	1.07
competitive	0.29	0.85
kept	0.29	1.60
tip	0.29	2.36
creation	0.29	0.96
bound	0.29	1.30
yogscast	0.29	1.16
count	0.29	1.45
puzzles	0.29	1.02
expense	0.29	1.05
rates	0.29	0.92
replying	0.29	2.69
country	0.29	1.03
prepare	0.29	1.39
exclusive	0.29	0.85
third	0.29	0.90
armour	0.29	0.84
placed	0.29	1.07
backwards	0.29	1.02
techniques	0.30	0.95
stuff	0.30	2.23
monsters	0.30	0.80
familiar	0.30	2.61
rocket	0.30	0.86
step	0.30	1.34
remembered	0.30	1.29
inferior	0.30	0.92
trap	0.30	1.02
creates	0.30	0.99
automatic	0.30	1.16
knock	0.30	1.17
accurately	0.30	1.68
stats	0.30	0.93
threw	0.30	0.92
xbone	0.30	0.76
indie	0.30	0.92
clan	0.30	1.05
fly	0.30	1.01
greatly	0.30	0.95
hi	0.30	2.31
fighting	0.30	0.85
sc	0.30	0.85
moves	0.31	0.97
endings	0.31	1.07
engines	0.31	0.80
50	0.31	0.99
aspects	0.31	0.96
definition	0.31	2.12
aliens	0.31	0.82
enix	0.31	0.72
mmo	0.31	0.75
comparisons	0.31	1.08
hang	0.31	1.31
tutorials	0.31	1.35
danger	0.31	1.07
personality	0.31	0.87
scared	0.31	1.82
30	0.31	0.93
dps	0.31	0.80
legend	0.31	1.06
tactics	0.31	0.75
road	0.31	0.96
mature	0.31	1.15
scenarios	0.31	1.11
maxed	0.31	0.89
advice	0.31	1.90
spoilers	0.31	0.93
improvements	0.31	0.97
hey	0.31	2.87
within	0.31	1.43
ran	0.32	1.11
completed	0.32	0.89
idk	0.32	2.87
secondary	0.32	0.96
bird	0.32	0.92
oriented	0.32	0.83
modern	0.32	0.77
ac2	0.32	1.14
customize	0.32	1.01
bringing	0.32	1.56
deeply	0.32	1.08
secrets	0.32	1.08
term	0.32	2.01
hearthstone	0.32	0.91
competitively	0.32	0.92
permission	0.32	1.08
field	0.32	0.91
ksp	0.32	0.86
quake	0.32	0.76
meanwhile	0.33	1.09
phrase	0.33	2.42
arma	0.33	0.77
mmorpg	0.33	0.75
twd	0.33	0.91
fire	0.33	0.88
falls	0.33	0.91
agency	0.33	1.02
equally	0.33	1.26
feasible	0.33	1.51
aaa	0.33	0.95
superior	0.33	1.07
twice	0.33	1.35
combos	0.33	0.99
comfortable	0.33	1.22
project	0.33	1.07
hunt	0.33	0.91
amounts	0.33	1.00
second	0.33	1.15
zones	0.33	0.89
perks	0.33	0.89
niche	0.33	0.86
fight	0.33	0.89
highly	0.33	1.12
ahead	0.33	1.63
alert	0.33	0.89
picked	0.33	1.37
science	0.33	1.16
american	0.33	1.16
hunters	0.33	0.91
emulate	0.33	0.78
halfway	0.33	1.35
morrowind	0.33	0.76
telltale	0.34	0.78
glasses	0.34	1.20
hitman	0.34	0.88
porn	0.34	1.07
ratio	0.34	0.86
chain	0.34	1.32
forward	0.34	2.37
720p	0.34	0.93
created	0.34	1.23
display	0.34	0.89
city	0.34	0.80
p	0.34	3.03
corners	0.34	1.36
route	0.34	1.38
since	0.34	1.38
45	0.34	1.02
x1	0.34	0.77
la	0.34	1.02
human	0.34	0.85
cry	0.35	1.30
humanity	0.35	0.91
open	0.35	0.92
creator	0.35	1.25
remain	0.35	1.57
loop	0.35	0.99
scope	0.35	0.95
crytek	0.35	0.81
rift	0.35	0.94
identical	0.35	1.09
fluid	0.35	1.20
amazed	0.35	2.31
division	0.35	1.15
relationships	0.35	0.91
nah	0.35	2.76
mission	0.35	0.92
alone	0.35	1.83
yea	0.35	2.96
enjoyment	0.35	1.03
fourth	0.35	1.02
crystal	0.35	0.71
hits	0.35	1.00
died	0.35	1.30
ton	0.35	1.21
names	0.35	1.40
reference	0.35	1.34
btw	0.35	2.88
join	0.36	1.09
value	0.36	1.02
invite	0.36	1.28
job	0.36	1.07
vice	0.36	0.85
ha	0.36	3.01
chapters	0.36	1.05
em	0.36	1.96
24	0.36	0.94
acquisition	0.36	1.01
exception	0.36	1.05
gimmick	0.36	1.16
hit	0.36	1.26
yup	0.36	2.79
900p	0.36	0.90
strategies	0.36	1.04
arena	0.36	0.76
adult	0.36	1.25
fought	0.37	0.85
leak	0.37	1.35
sc2	0.37	0.81
americans	0.37	1.24
modes	0.37	0.87
practical	0.37	1.27
version	0.37	0.81
smite	0.37	0.78
honor	0.37	0.75
40	0.37	1.00
forgot	0.37	3.04
satisfaction	0.37	1.07
normal	0.37	0.96
raw	0.37	0.84
considered	0.37	1.20
processing	0.37	0.93
onto	0.37	1.27
everquest	0.37	0.77
playstation	0.37	0.77
emulation	0.37	0.76
park	0.38	0.85
1080	0.38	0.92
vast	0.38	0.81
mic	0.38	0.99
night	0.38	1.40
thrones	0.38	0.77
came	0.38	1.34
command	0.38	0.87
length	0.38	0.95
carmack	0.38	1.22
narrow	0.38	0.95
doom	0.38	0.80
nv	0.38	0.78
expert	0.38	1.04
technology	0.38	1.17
exile	0.38	0.79
spells	0.38	0.88
knife	0.38	0.94
guys	0.38	2.73
1080p	0.39	0.91
episode	0.39	0.90
meaning	0.39	2.29
spin	0.39	0.98
dragons	0.39	0.78
custom	0.39	0.91
eating	0.39	1.06
beforehand	0.39	1.65
film	0.39	0.80
hmm	0.39	3.09
iirc	0.39	1.79
element	0.39	0.90
ocean	0.39	0.82
fortress	0.39	0.79
keeps	0.39	1.49
message	0.40	1.58
additional	0.40	1.12
risk	0.40	1.17
pixels	0.40	0.92
play	0.40	1.92
sharing	0.40	1.29
unknown	0.40	0.85
emotions	0.40	1.07
climbing	0.40	0.98
hilarious	0.40	2.45
closely	0.40	0.97
engine	0.40	0.80
member	0.40	1.18
11	0.40	1.03
designer	0.40	1.11
toys	0.40	1.17
ps3	0.40	0.76
ie	0.40	0.89
hundreds	0.40	1.11
upgraded	0.40	0.84
warcraft	0.40	0.79
vertical	0.40	0.95
differently	0.40	1.43
tend	0.40	1.20
thousands	0.40	1.11
lol	0.40	0.81
tech	0.41	0.97
mixed	0.41	0.82
contain	0.41	1.05
picking	0.41	1.72
bat	0.41	1.24
gone	0.41	1.34
rolls	0.41	1.23
ages	0.41	1.30
invisible	0.41	1.15
35	0.41	0.97
am	0.41	3.09
soft	0.41	0.83
subtle	0.41	1.09
guns	0.41	0.89
expanded	0.42	1.06
weapons	0.42	0.87
eve	0.42	0.77
humans	0.42	0.86
scripted	0.42	0.89
wc3	0.42	0.79
brawl	0.42	0.89
reply	0.42	2.58
wolfenstein	0.42	0.83
auto	0.42	0.83
tf2	0.42	0.78
25	0.42	0.98
league	0.42	0.80
heal	0.42	0.89
ultra	0.42	0.88
staying	0.42	1.49
mark	0.42	1.45
advance	0.42	0.87
thousand	0.42	1.13
opportunities	0.42	1.19
ranking	0.42	0.86
talented	0.43	1.12
captured	0.43	1.02
reach	0.43	0.87
dota2	0.43	0.79
armies	0.43	0.80
puzzle	0.43	0.99
table	0.43	1.17
fantasy	0.43	0.69
wall	0.43	1.25
name	0.43	1.33
voices	0.44	1.11
dog	0.44	1.10
talent	0.44	1.04
evolve	0.44	1.29
secondly	0.44	1.71
storyline	0.44	1.05
bundled	0.44	0.90
counter-strike	0.44	0.77
college	0.44	1.12
object	0.44	1.02
please	0.44	2.58
moba	0.44	0.77
dota	0.44	0.80
videogame	0.44	0.81
between	0.44	0.99
highlight	0.44	1.12
fully	0.44	1.50
engineer	0.44	0.91
plus	0.44	1.06
successful	0.45	0.83
japanese	0.45	1.13
ive	0.45	1.34
14	0.45	0.94
recommended	0.45	1.10
343	0.45	0.77
precisely	0.45	1.82
dudes	0.45	1.30
routes	0.45	1.13
difficulties	0.45	1.00
bethesda	0.45	0.79
tracking	0.45	1.02
rewarded	0.45	1.32
huh	0.45	3.07
orcs	0.45	0.84
scenes	0.46	0.87
floating	0.46	1.01
rank	0.46	0.92
uh	0.46	3.09
ta	0.46	2.74
entry	0.46	0.93
smoke	0.46	0.98
strategy	0.46	0.79
paint	0.46	0.82
word	0.46	2.14
theft	0.46	0.92
cat	0.46	1.12
challenge	0.46	0.99
set	0.46	1.02
carefully	0.47	1.34
historically	0.47	1.65
legendaries	0.47	0.85
flight	0.47	0.81
13	0.47	0.83
18	0.47	0.94
distance	0.47	0.93
craft	0.47	0.94
priority	0.47	1.01
fighters	0.47	0.83
resolutions	0.47	0.90
established	0.47	0.92
hats	0.47	0.84
appreciate	0.47	2.32
mode	0.48	0.87
extended	0.48	0.98
psp	0.48	0.72
hm	0.48	2.73
heroic	0.48	1.09
calm	0.48	1.95
its	0.48	1.65
living	0.48	1.07
actual	0.48	1.26
popular	0.48	0.86
sigh	0.48	2.60
zelda	0.48	1.12
ds2	0.48	0.97
insight	0.48	1.58
whatnot	0.48	1.22
six	0.48	1.14
tips	0.48	1.69
origins	0.48	1.14
breath	0.49	1.28
male	0.49	0.97
dwarf	0.49	0.81
dozens	0.49	1.24
mobas	0.49	0.78
skills	0.49	0.97
female	0.49	0.93
square	0.49	0.71
aspect	0.49	1.03
skilled	0.49	0.97
yeah	0.49	2.97
lots	0.49	1.28
ranks	0.49	0.94
crossed	0.49	1.35
counts	0.49	0.98
finish	0.49	1.34
sat	0.49	1.45
prime	0.50	1.04
16	0.50	0.99
15	0.50	1.03
blow	0.50	0.99
wizard	0.50	0.77
cs	0.50	0.78
gpus	0.50	0.87
sega	0.50	0.78
class	0.50	0.87
inquisition	0.50	1.33
native	0.50	1.12
killed	0.50	1.43
following	0.50	0.98
ideal	0.50	1.06
checking	0.50	1.50
wheel	0.50	0.87
double	0.50	1.07
avatar	0.50	0.96
bosses	0.50	0.88
woman	0.50	1.23
complexity	0.50	0.89
screenshot	0.50	1.27
existing	0.51	1.08
hundred	0.51	1.11
miss	0.51	2.39
12	0.51	1.02
literal	0.51	1.77
ties	0.51	0.87
hat	0.51	0.94
girls	0.51	1.17
paradox	0.51	0.81
mechanical	0.51	0.89
similarly	0.51	1.10
gba	0.51	0.73
laser	0.51	1.13
expecting	0.51	2.99
17	0.52	0.95
pit	0.52	0.95
digging	0.52	1.18
killer	0.52	0.83
facebook	0.52	1.02
life	0.52	1.32
definitive	0.52	0.75
saga	0.52	1.33
10-15	0.52	1.19
clip	0.52	1.01
xl	0.52	0.82
optimal	0.52	1.01
hots	0.52	0.78
student	0.52	1.16
fine	0.52	2.36
scale	0.52	1.00
lived	0.52	1.28
difficulty	0.52	0.98
equivalent	0.53	0.88
integrated	0.53	0.91
slash	0.53	0.84
sleep	0.53	1.22
edited	0.53	2.78
20	0.53	1.03
club	0.53	0.78
born	0.53	1.41
interested	0.53	3.05
silver	0.53	0.77
helpful	0.53	1.64
amount	0.53	1.01
ah	0.53	3.09
telling	0.53	2.55
older	0.53	0.91
genuinely	0.53	1.64
headset	0.53	0.93
television	0.54	0.87
backstory	0.54	0.92
accuracy	0.54	1.15
ranked	0.54	0.91
island	0.54	0.80
sleeping	0.54	0.89
easy	0.54	1.12
honest	0.54	2.78
dishonored	0.54	0.94
n	0.54	1.28
keeping	0.54	1.31
ya	0.54	2.97
welcome	0.54	2.30
tier	0.54	0.92
evolution	0.54	0.81
afraid	0.54	3.08
image	0.54	0.92
appealing	0.54	0.98
core	0.54	0.94
ds	0.55	0.75
notes	0.55	1.08
worthy	0.55	0.90
roles	0.55	0.90
animations	0.55	1.42
films	0.55	0.78
thank	0.55	3.02
first	0.55	1.32
announcement	0.55	1.55
battlefront	0.55	0.94
bro	0.55	2.73
seven	0.55	1.28
tho	0.55	2.88
shows	0.55	1.10
viable	0.56	1.10
rainbow	0.56	0.81
spoiler	0.56	1.35
interactions	0.56	0.93
reasonably	0.56	1.26
suit	0.56	1.04
toy	0.56	1.13
mc	0.56	0.80
adults	0.56	1.28
handful	0.56	1.25
populated	0.56	0.85
material	0.56	0.86
freedom	0.56	1.02
prototype	0.56	0.99
climb	0.56	1.07
heroes	0.56	0.79
shake	0.56	1.19
simulation	0.56	0.87
ps2	0.57	0.72
alongside	0.57	0.85
book	0.57	0.82
render	0.57	0.93
output	0.57	0.90
ce	0.57	0.78
4x	0.57	0.77
enjoyed	0.57	2.39
main	0.57	0.89
player	0.57	1.02
pretty	0.57	1.71
roster	0.57	0.81
2.5	0.57	0.88
space	0.57	0.80
mojang	0.58	1.09
broad	0.58	1.43
driven	0.58	0.88
comparing	0.58	1.09
disney	0.58	0.81
levels	0.58	0.90
hacking	0.58	0.94
split	0.58	0.91
destiny	0.58	1.30
heh	0.58	3.04
9	0.58	1.02
wider	0.58	0.82
mate	0.58	3.00
ladder	0.58	0.86
useful	0.58	1.16
liking	0.58	1.71
tower	0.59	0.86
movies	0.59	0.84
children	0.59	1.46
example	0.59	1.42
offline	0.59	0.99
aware	0.59	2.90
se	0.59	0.70
haha	0.59	3.00
nostalgia	0.59	1.16
bed	0.59	1.37
skeptical	0.59	3.05
statement	0.60	3.28
kit	0.60	0.89
dude	0.60	2.55
countless	0.60	1.22
faces	0.60	1.01
fanbase	0.60	0.93
mystery	0.60	1.12
backlog	0.60	1.20
arcade	0.60	0.85
his	0.60	2.09
lightning	0.60	0.75
engineers	0.60	0.97
kidding	0.60	2.59
valuable	0.60	1.11
picture	0.60	0.99
10	0.60	1.04
ring	0.61	0.80
infinitely	0.61	1.04
football	0.61	1.04
vita	0.61	0.75
achievement	0.61	1.03
everywhere	0.61	1.12
forza	0.61	0.80
payne	0.61	0.92
images	0.61	1.02
physics	0.61	0.91
ck2	0.62	0.87
sunset	0.62	0.84
entries	0.62	0.99
overdrive	0.62	0.84
glass	0.62	0.87
citizen	0.62	0.97
intelligent	0.62	1.22
gamecube	0.63	0.75
preview	0.63	1.06
wear	0.63	0.89
robot	0.63	0.93
tons	0.63	1.24
thanks	0.63	2.96
undead	0.63	0.79
wtf	0.63	1.98
includes	0.63	1.00
havent	0.63	1.58
justice	0.63	0.88
bet	0.63	2.88
particularly	0.63	1.35
dragon	0.64	1.18
playstyle	0.64	1.09
adventures	0.64	0.82
remastered	0.64	0.76
weekend	0.64	1.41
rendering	0.64	0.89
range	0.64	1.17
versus	0.64	0.78
history	0.64	0.86
multi	0.64	1.12
alternate	0.64	1.05
blowing	0.65	0.90
5-10	0.65	1.15
regard	0.65	1.22
2-3	0.65	1.21
beating	0.65	0.90
finishing	0.65	1.27
payday	0.65	1.05
earth	0.65	0.85
movie	0.65	0.82
exploring	0.65	0.98
revolution	0.65	0.93
logo	0.65	1.03
demons	0.66	0.79
vault	0.66	0.88
resolution	0.66	0.90
hardest	0.66	0.95
interaction	0.66	0.95
finished	0.66	1.25
4-5	0.66	1.20
backed	0.66	0.98
form	0.66	1.06
hammer	0.66	0.98
flood	0.66	1.04
ugh	0.66	2.06
school	0.66	1.18
virtual	0.66	0.94
creativity	0.66	0.90
arc	0.66	0.82
oculus	0.67	1.06
3-4	0.67	1.19
satisfied	0.67	3.02
revenge	0.67	1.40
stages	0.67	0.87
creatures	0.67	0.85
horizon	0.67	0.88
dangerous	0.67	0.89
upcoming	0.67	1.70
ten	0.67	1.16
deeper	0.67	0.99
green	0.67	0.79
tomb	0.67	0.86
rts	0.67	0.74
thief	0.67	0.97
ps1	0.68	0.70
illusion	0.68	1.00
king	0.68	1.20
story	0.68	1.19
immensely	0.68	0.92
kerbal	0.68	0.86
pointing	0.68	2.72
anniversary	0.68	0.77
gear	0.68	0.89
numerous	0.68	1.17
elite	0.68	0.85
customization	0.68	0.89
driving	0.68	0.82
dozen	0.69	1.17
whilst	0.69	1.29
saints	0.69	1.09
crucial	0.69	1.10
naughty	0.69	1.08
younger	0.69	1.46
commander	0.69	0.79
raider	0.69	0.87
smoothly	0.69	1.16
remake	0.69	0.84
mcc	0.69	0.80
twist	0.69	1.10
eshop	0.69	0.82
hr	0.69	0.90
san	0.69	0.84
ff	0.69	0.71
builds	0.70	0.90
those	0.70	1.36
couple	0.70	1.19
title	0.70	1.50
jumped	0.70	0.98
infinite	0.70	0.84
pax	0.70	1.06
capcom	0.70	0.79
mortal	0.70	0.80
young	0.71	1.30
old	0.71	0.97
installment	0.71	1.02
void	0.71	0.87
genres	0.71	0.92
arpg	0.71	0.72
gravity	0.71	0.83
enhanced	0.71	0.89
excited	0.71	3.05
white	0.72	0.92
simple	0.72	1.14
locations	0.72	0.94
gods	0.72	0.96
well	0.72	1.87
mountain	0.72	0.92
creepy	0.72	1.15
drawn	0.72	1.01
central	0.72	0.92
wolf	0.73	0.85
together	0.73	1.06
rise	0.73	0.84
exploration	0.73	0.91
cars	0.73	0.83
few	0.73	1.19
ryse	0.73	0.81
tempted	0.73	2.16
row	0.73	1.10
pokemon	0.73	0.83
many	0.73	1.35
volume	0.73	0.96
vs	0.74	0.94
aged	0.74	1.15
beat	0.74	0.97
grid	0.74	0.84
civ	0.74	0.91
assumed	0.74	2.98
rendered	0.74	0.91
type	0.74	1.03
appearance	0.74	0.91
five	0.75	1.15
sets	0.75	0.85
saw	0.75	1.38
phantom	0.75	0.85
genesis	0.75	0.76
these	0.75	1.35
fighter	0.75	0.83
clear	0.75	2.76
thought	0.75	2.64
era	0.76	0.99
other	0.76	1.40
show	0.76	1.05
character	0.76	0.85
terrain	0.76	0.88
bill	0.76	1.03
hoping	0.76	2.93
soldier	0.76	0.89
mechanics	0.76	0.95
galaxy	0.76	0.88
arkham	0.76	0.78
downgrade	0.76	0.88
multiplayer	0.77	1.00
books	0.77	0.75
civilization	0.77	0.92
effect	0.77	1.38
sims	0.77	0.81
shadows	0.77	0.81
leaked	0.77	1.23
wearing	0.77	0.84
obsidian	0.77	0.79
street	0.77	0.82
halo	0.78	0.76
touching	0.78	1.01
formula	0.78	0.70
leap	0.78	1.01
starbound	0.78	0.86
dust	0.78	0.82
referring	0.78	3.10
skin	0.78	0.82
elder	0.78	0.72
n64	0.78	0.75
trials	0.79	0.85
risks	0.79	1.17
looking	0.79	2.15
cannon	0.79	0.85
similarities	0.79	0.95
plenty	0.79	1.29
polished	0.79	1.09
objects	0.79	0.93
separate	0.79	1.18
evil	0.79	0.85
sky	0.79	0.85
mount	0.79	0.81
ds1	0.79	0.91
party	0.80	0.90
possibilities	0.80	1.04
inspiration	0.80	1.34
ex	0.80	1.03
pacing	0.80	1.19
vision	0.80	1.05
ip	0.80	0.82
fallen	0.81	0.92
textures	0.81	1.09
kojima	0.81	1.00
glory	0.81	1.07
borderlands	0.81	1.29
planet	0.81	0.84
classes	0.82	0.88
sandbox	0.82	0.80
stone	0.82	0.98
race	0.82	0.96
edge	0.82	0.96
mass	0.82	1.52
deus	0.83	1.00
half	0.83	1.20
asking	0.83	2.51
action	0.83	0.74
master	0.83	0.94
iv	0.83	1.12
solo	0.83	0.96
diablo	0.83	1.12
sequels	0.83	0.84
technical	0.84	0.89
blade	0.84	0.86
performance	0.84	0.92
four	0.84	1.12
list	0.84	1.06
cinematic	0.84	0.88
kingdom	0.84	0.75
individual	0.84	1.15
warrior	0.84	0.81
survival	0.84	0.78
imho	0.85	1.27
roots	0.85	0.81
fans	0.85	0.92
open-world	0.85	0.75
emotional	0.85	1.02
tlou	0.85	0.86
starcraft	0.85	0.88
both	0.85	0.95
noise	0.85	0.99
several	0.85	1.17
alien	0.85	0.93
redemption	0.85	1.02
demos	0.86	1.03
iterations	0.86	0.83
newest	0.86	0.85
online	0.86	0.93
areas	0.86	0.94
6	0.86	1.06
child	0.86	1.81
fox	0.86	0.91
attractive	0.86	0.90
closer	0.87	0.99
racing	0.87	0.82
base	0.87	0.76
complex	0.87	1.04
optimistic	0.87	2.96
genre	0.87	0.72
historical	0.87	0.90
protagonist	0.87	0.87
snes	0.87	0.71
asylum	0.88	0.76
grand	0.88	0.98
quiet	0.88	1.11
mechanic	0.88	0.99
minecraft	0.88	0.88
risky	0.89	1.05
iteration	0.89	0.81
category	0.89	1.19
categories	0.89	0.99
playthrough	0.89	1.06
defined	0.89	1.44
thoroughly	0.89	1.22
ground	0.89	0.98
concepts	0.89	1.19
easily	0.89	2.44
elements	0.89	0.80
vr	0.89	0.99
award	0.89	2.20
soul	0.90	0.77
wind	0.90	1.14
unlikely	0.90	2.77
iron	0.90	1.04
resistance	0.90	1.04
peace	0.90	0.89
gameboy	0.90	0.82
novels	0.90	0.76
dc	0.91	0.74
3ds	0.91	0.76
bioshock	0.91	1.12
error	0.91	2.76
fiction	0.91	0.82
conference	0.91	1.08
sorry	0.91	3.24
demon	0.91	0.80
jrpgs	0.92	0.69
scrolls	0.92	0.73
baby	0.92	1.49
cast	0.92	0.99
including	0.92	1.14
dig	0.92	1.22
singleplayer	0.92	0.94
v	0.92	1.09
kids	0.92	1.58
lan	0.93	0.99
crusader	0.93	0.94
8	0.93	0.85
trip	0.93	1.09
traditional	0.93	0.72
empires	0.93	0.95
single-player	0.93	0.93
her	0.93	1.94
meant	0.93	3.23
attached	0.94	1.01
mechanically	0.94	0.99
mirror	0.94	1.06
planets	0.95	0.84
moon	0.95	0.92
elaborate	0.95	2.00
texture	0.95	0.90
beast	0.95	1.11
villain	0.95	0.83
half-life	0.95	1.03
surprisingly	0.95	1.23
dream	0.95	1.26
itself	0.96	1.51
playing	0.96	1.66
creating	0.96	1.11
red	0.96	0.73
respective	0.96	1.12
waker	0.96	1.15
tie	0.96	0.85
medieval	0.96	0.79
suits	0.97	0.92
contrast	0.97	0.92
dead	0.97	1.07
wake	0.97	0.91
vegas	0.97	0.83
experiment	0.97	1.05
in-depth	0.97	1.06
1.5	0.97	1.07
nintendo	0.98	0.81
platforming	0.98	0.85
convinced	0.98	2.70
ips	0.98	0.78
adventure	0.98	0.80
parent	0.98	1.77
lights	0.98	0.88
three	0.98	1.12
bloodborne	0.98	1.40
sacrifice	0.98	0.79
nes	0.98	0.76
station	0.99	0.86
static	0.99	0.91
kings	0.99	0.91
lore	0.99	0.82
comics	0.99	0.74
blue	0.99	0.79
drawing	0.99	0.84
reveal	0.99	1.18
hooked	1.00	1.14
sentence	1.00	3.19
franchises	1.00	0.76
anime	1.00	0.84
meaningful	1.00	1.08
bravely	1.00	0.73
replayability	1.00	0.93
nope	1.00	3.11
confident	1.00	2.93
medium	1.00	0.92
father	1.01	2.09
snake	1.01	0.89
battle	1.01	0.78
hopes	1.01	1.66
rpgs	1.01	0.74
animal	1.01	0.85
marvel	1.02	0.77
90s	1.02	1.00
mistake	1.02	3.19
res	1.02	0.93
walker	1.02	0.92
trailers	1.02	1.13
clever	1.02	1.15
golden	1.02	0.73
combine	1.03	0.86
playthroughs	1.03	1.07
possible	1.03	2.35
zeroes	1.03	0.91
age	1.03	1.44
two	1.03	1.08
weather	1.04	0.95
artists	1.04	1.01
prepared	1.04	2.73
skyrim	1.04	0.76
immersion	1.04	0.97
generated	1.05	0.86
hearts	1.05	0.81
enormous	1.05	0.95
detail	1.05	0.87
banner	1.05	1.20
girl	1.05	1.82
edit	1.05	3.26
darkness	1.05	0.79
imo	1.05	1.95
battles	1.05	0.87
willing	1.05	2.70
co	1.06	0.98
hear	1.06	1.32
longest	1.06	1.09
ultima	1.07	0.88
races	1.07	0.85
technically	1.07	2.78
knights	1.07	0.90
house	1.07	1.66
jesus	1.08	2.35
rings	1.08	0.79
crysis	1.08	1.06
star	1.08	0.87
boss	1.09	0.85
design	1.09	1.27
shiny	1.09	0.84
batman	1.09	0.79
gears	1.09	0.84
tales	1.09	0.81
mgs4	1.09	0.87
narrative	1.09	1.07
mordor	1.10	0.82
mega	1.10	1.04
neither	1.10	2.33
hearing	1.10	1.22
christ	1.10	2.26
showing	1.10	1.19
unreal	1.10	0.78
lucky	1.10	2.35
fear	1.11	0.97
teaser	1.11	1.11
dmc	1.11	0.99
exceptions	1.11	1.11
amp	1.11	1.36
deep	1.11	1.00
buddy	1.11	1.93
holds	1.11	0.93
multiple	1.11	1.15
powers	1.12	1.03
nuts	1.12	1.50
e3	1.12	1.07
persistent	1.12	0.84
perfectly	1.12	1.21
patient	1.13	2.64
various	1.13	1.15
killzone	1.13	0.98
republic	1.13	1.00
sci-fi	1.14	0.75
footage	1.15	1.08
dramatic	1.15	0.98
recording	1.15	0.95
kinds	1.15	1.17
informed	1.15	2.63
local	1.15	1.07
worthwhile	1.15	1.16
fence	1.15	2.86
animated	1.15	0.85
dawn	1.15	0.90
wii	1.15	0.83
turn-based	1.16	0.73
classic	1.16	0.72
landscape	1.16	1.03
advanced	1.17	0.81
couch	1.17	1.24
castle	1.17	0.86
collection	1.17	0.80
fit	1.17	1.02
infamous	1.18	1.00
showed	1.18	1.08
journey	1.18	1.00
mix	1.18	0.74
sun	1.18	0.78
selection	1.18	0.91
hl2	1.19	0.81
mom	1.19	2.04
tight	1.19	1.06
empire	1.19	0.92
correctly	1.19	2.51
pictures	1.19	1.03
words	1.19	2.88
ninja	1.20	1.15
shown	1.20	1.09
hd	1.20	0.80
chronicles	1.20	0.78
terms	1.20	0.98
re4	1.20	0.80
sorts	1.20	1.21
varying	1.20	1.13
legendary	1.21	0.93
tension	1.21	0.99
fable	1.21	1.01
eternity	1.21	0.92
rpg	1.21	0.68
shadow	1.21	0.82
enjoying	1.21	2.23
war	1.21	0.92
record	1.21	0.90
charm	1.21	0.93
promising	1.21	1.72
scares	1.21	0.96
rare	1.22	0.99
wars	1.22	0.96
procedural	1.22	0.85
coop	1.22	1.05
exact	1.23	2.31
etc	1.23	0.89
home	1.23	1.23
grew	1.23	1.00
jedi	1.23	0.95
pop	1.23	1.02
lotr	1.23	0.77
shock	1.23	0.85
light	1.24	0.77
demo	1.24	1.01
gunplay	1.24	1.00
jrpg	1.24	0.78
universe	1.24	0.78
parents	1.24	1.90
intensive	1.24	0.97
close	1.25	2.15
witcher	1.25	1.24
isometric	1.25	0.74
wide	1.25	0.95
roguelike	1.25	0.77
kotor	1.25	1.25
nearly	1.25	1.53
terrifying	1.26	1.04
portal	1.26	1.17
famous	1.26	0.83
create	1.26	1.14
standpoint	1.27	0.98
scare	1.28	0.94
uncharted	1.28	0.96
shame	1.28	2.43
xcom	1.28	0.89
kid	1.29	1.76
goddamn	1.29	1.85
listened	1.29	0.94
crossing	1.29	0.82
personalities	1.29	0.91
busy	1.30	2.31
demanding	1.30	0.91
rogue	1.30	0.82
lord	1.31	0.94
realistic	1.31	0.97
guessing	1.31	2.86
dynamic	1.31	0.87
ambitious	1.31	1.11
whereas	1.31	1.90
souls	1.31	0.93
son	1.32	1.69
math	1.32	2.69
dear	1.32	1.20
platformers	1.32	0.78
isolation	1.32	0.93
assets	1.32	0.92
family	1.32	1.93
canon	1.33	0.78
metroid	1.33	0.88
combined	1.33	0.76
castlevania	1.33	0.78
final	1.34	0.75
cake	1.34	1.94
hybrid	1.34	0.71
easiest	1.34	1.96
grim	1.35	0.81
fallout	1.35	0.96
mother	1.35	2.53
sonic	1.36	0.83
reboot	1.36	1.04
5	1.36	1.22
latter	1.36	2.34
speaking	1.36	2.63
iii	1.37	1.42
compromise	1.37	0.91
protagonists	1.37	0.88
effective	1.37	1.04
friends	1.37	1.40
stories	1.38	0.98
tes	1.38	0.72
interactive	1.38	0.86
ratchet	1.38	0.94
captain	1.38	0.89
hyrule	1.39	1.08
friend	1.39	1.66
rewarding	1.40	1.02
comic	1.40	0.79
alright	1.40	2.48
strengths	1.40	1.06
themes	1.40	0.90
baldur	1.40	1.12
returns	1.41	0.81
proud	1.41	2.58
64	1.41	0.88
silent	1.41	0.90
gate	1.42	1.12
specific	1.42	1.25
co-op	1.42	1.02
resident	1.42	0.75
emblem	1.43	0.76
single	1.43	2.22
most	1.43	2.03
buddies	1.44	1.37
stalker	1.44	0.75
horror	1.45	0.92
passionate	1.45	2.33
audio	1.45	0.97
childhood	1.46	0.93
hill	1.47	0.89
memories	1.47	0.99
sister	1.47	2.54
cryengine	1.47	0.79
wife	1.47	2.52
rising	1.47	0.89
1-2	1.47	1.31
persona	1.48	0.77
classics	1.48	0.70
hero	1.49	0.80
wish	1.49	2.42
amnesia	1.49	0.88
artist	1.50	1.02
beats	1.50	0.69
franchise	1.50	0.85
platformer	1.50	0.77
platinum	1.51	0.96
accurate	1.51	2.44
intense	1.51	0.99
safe	1.51	2.34
chrono	1.51	0.85
torment	1.52	1.06
devil	1.52	0.89
licensed	1.52	0.91
pixel	1.52	0.90
knight	1.52	0.85
compare	1.53	1.74
yoshi	1.53	0.84
explore	1.53	1.05
moments	1.53	1.06
diversity	1.54	0.89
defining	1.54	1.01
smash	1.55	0.87
vibe	1.55	0.82
beaten	1.55	1.00
dad	1.55	2.49
ideas	1.55	1.16
mgs	1.55	0.77
innovation	1.56	0.91
brother	1.56	2.49
meat	1.56	0.89
villains	1.56	0.79
satisfying	1.56	0.99
scary	1.56	0.94
terraria	1.57	0.84
creative	1.57	0.89
experience	1.57	1.12
models	1.57	1.05
factions	1.57	0.93
animation	1.58	1.11
abilities	1.58	0.92
greatest	1.59	1.98
fucking	1.59	1.89
entertaining	1.60	1.09
wasteland	1.60	0.91
oh	1.60	2.75
trailer	1.62	1.03
certain	1.63	1.22
screenshots	1.63	1.09
metal	1.63	0.88
prefer	1.64	1.55
similar	1.64	1.43
wiiu	1.64	0.90
divinity	1.65	0.90
traits	1.65	0.92
novel	1.66	0.80
blows	1.67	1.40
immersed	1.67	1.32
tense	1.67	0.92
nights	1.68	1.40
concept	1.69	1.20
challenging	1.69	0.97
ultimate	1.69	0.81
smooth	1.70	0.99
rain	1.70	0.82
tone	1.71	0.91
reminds	1.71	1.77
crazy	1.71	1.78
enjoy	1.71	1.89
such	1.71	1.14
perfect	1.71	1.65
inspired	1.71	0.91
sin	1.72	0.91
lego	1.72	0.78
man	1.72	2.63
alive	1.73	2.08
odst	1.73	0.76
realism	1.74	0.86
clean	1.75	1.69
played	1.76	1.72
each	1.76	1.10
holy	1.77	2.31
quality	1.77	0.91
fleshed	1.77	0.90
listen	1.78	0.99
blew	1.78	1.38
monster	1.78	0.85
binding	1.79	0.90
legends	1.79	0.88
overall	1.79	1.01
dynasty	1.80	0.79
spiritual	1.82	1.18
2d	1.82	0.83
dark	1.82	0.79
boy	1.82	0.88
new	1.84	0.98
graphical	1.84	0.88
top	1.84	2.09
4	1.86	1.46
successor	1.86	1.26
land	1.86	0.92
starve	1.86	0.86
shadowrun	1.87	0.83
capabilities	1.87	0.90
hunter	1.88	0.85
xenoblade	1.88	0.83
u	1.88	0.93
variation	1.89	0.93
color	1.89	0.77
enjoyable	1.90	1.10
sounds	1.90	1.87
experiences	1.91	1.03
retro	1.91	0.72
artistic	1.92	0.90
damn	1.93	2.37
characters	1.93	0.85
appreciated	1.95	1.88
rebirth	1.95	0.85
replay	1.96	1.73
warriors	1.96	0.90
effects	1.97	0.85
akin	1.97	1.52
isaac	1.97	0.87
2	1.98	2.14
impressed	1.99	1.96
combinations	2.00	0.93
graphic	2.00	0.92
listening	2.01	0.98
lighting	2.01	0.85
3d	2.01	0.90
damned	2.01	2.07
mk8	2.01	0.95
legacy	2.01	0.85
tale	2.02	0.86
ftl	2.02	0.86
rayman	2.02	0.89
variety	2.02	0.95
brothers	2.02	1.04
mario	2.03	0.94
sound	2.03	0.97
sweet	2.03	2.39
storytelling	2.03	1.15
stellar	2.03	1.52
spelunky	2.03	0.85
pumped	2.03	2.09
insane	2.04	1.41
girlfriend	2.04	2.03
dance	2.04	0.82
good	2.04	1.70
believable	2.06	0.94
different	2.07	0.93
fond	2.07	1.55
vein	2.08	1.82
super	2.08	0.89
types	2.09	0.98
sequel	2.11	1.54
bayonetta	2.11	0.90
bros	2.11	0.93
god	2.12	2.25
replaying	2.12	1.69
donkey	2.12	0.92
kart	2.13	0.93
kong	2.13	0.91
nemesis	2.15	0.87
packed	2.15	0.94
tune	2.15	0.95
world	2.15	0.89
special	2.16	1.02
setting	2.16	0.82
freeze	2.17	0.93
pikmin	2.19	0.95
recommend	2.19	1.35
distinct	2.19	0.88
3	2.20	2.01
1	2.21	2.01
background	2.21	0.90
101	2.22	0.95
environment	2.22	0.93
worlds	2.22	0.88
guitar	2.23	0.89
compelling	2.23	0.93
shovel	2.24	0.82
nail	2.26	1.14
favorite	2.28	1.78
genius	2.29	0.92
track	2.29	0.93
closest	2.30	1.28
radio	2.31	0.85
presentation	2.31	1.04
ii	2.33	1.96
diverse	2.34	0.89
passion	2.36	1.47
fidelity	2.38	0.85
trilogy	2.39	1.70
nicely	2.40	1.35
gameplay	2.40	0.90
excellent	2.41	1.55
original	2.41	1.80
blown	2.42	1.19
miami	2.43	0.90
hotline	2.43	0.90
1/2	2.45	1.91
crafted	2.48	0.93
favourite	2.51	1.60
styles	2.51	0.89
rich	2.53	0.89
importantly	2.54	0.92
visual	2.58	0.85
tracks	2.58	0.84
fun	2.60	1.43
combination	2.63	0.77
band	2.64	0.73
rock	2.64	0.80
engaging	2.66	0.89
addition	2.69	1.46
solid	2.71	1.10
looked	2.71	1.00
graphically	2.74	0.82
wise	2.75	1.03
theme	2.75	0.76
style	2.77	0.74
colors	2.79	0.77
series	2.80	1.41
songs	2.81	0.71
glorious	2.82	1.29
amazingly	2.86	1.14
bright	2.88	0.73
exciting	2.88	0.89
badass	2.89	1.51
mood	2.91	0.75
loving	2.92	1.01
fits	2.96	0.99
notch	2.97	1.06
graphics	2.98	0.91
innovative	3.00	0.81
varied	3.01	0.83
blast	3.01	1.22
environments	3.02	0.87
look	3.03	1.06
fresh	3.05	1.16
addictive	3.07	1.07
itch	3.08	1.15
fancy	3.08	1.26
detailed	3.09	0.81
bastion	3.09	1.12
fan	3.09	1.04
nailed	3.11	0.83
neat	3.13	1.44
favorites	3.13	1.16
freaking	3.18	1.54
designs	3.19	0.79
refreshing	3.25	1.03
song	3.31	0.89
visually	3.33	0.78
truly	3.38	1.07
cool	3.45	1.49
interesting	3.47	0.99
transistor	3.50	0.91
immersive	3.61	0.89
looks	3.66	0.91
masterpiece	3.67	0.83
absolutely	3.69	0.93
revolutionary	3.70	0.83
atmosphere	3.72	0.74
great	3.72	0.75
aesthetic	3.83	0.75
epic	3.86	1.00
art	3.89	0.82
memorable	3.93	0.72
music	4.01	0.80
brilliant	4.02	0.64
wonderful	4.05	0.92
impressive	4.09	0.65
aesthetics	4.12	0.63
phenomenal	4.15	0.60
beautiful	4.22	0.67
soundtrack	4.30	0.66
incredible	4.35	0.56
unique	4.40	0.59
visuals	4.40	0.56
gorgeous	4.49	0.49
