everywhere	-5.97	1.13
smell	-5.88	0.99
smells	-5.20	1.79
vomit	-5.10	1.56
hating	-4.96	1.47
shitty	-4.70	1.81
dying	-4.62	1.86
death	-4.62	2.07
blame	-4.52	2.06
wound	-4.20	2.52
disease	-4.20	2.23
bacteria	-4.12	2.51
and/or	-4.10	2.03
practically	-4.10	2.03
complain	-3.84	2.18
piss	-3.74	1.15
poop	-3.71	1.12
crappy	-3.65	2.30
disgusting	-3.61	1.80
sometimes	-3.61	2.82
pee	-3.60	1.09
sucked	-3.57	2.53
bugs	-3.45	2.75
unlike	-3.40	2.14
quality	-3.40	2.34
sweat	-3.37	1.28
poor	-3.34	2.28
ama	-3.33	2.31
introduced	-3.32	2.51
doctors	-3.30	2.49
possibly	-3.27	2.99
bunch	-3.26	2.49
marks	-3.26	2.88
breath	-3.06	1.27
fans	-3.04	2.93
pussies	-3.02	2.80
wipe	-3.02	1.28
fart	-3.01	1.29
spray	-3.00	1.21
blood	-2.98	1.22
bug	-2.96	2.74
cares	-2.96	2.73
arent	-2.95	2.42
tastes	-2.94	2.07
meanwhile	-2.94	2.49
burning	-2.93	1.21
bush	-2.92	2.68
farts	-2.92	1.32
itt	-2.91	2.37
stereotype	-2.90	2.36
majority	-2.90	2.65
talked	-2.88	2.37
99	-2.86	2.74
fan	-2.86	2.99
cum	-2.86	1.37
feel	-2.83	3.71
treat	-2.78	2.49
cruel	-2.75	2.38
rats	-2.67	2.71
unfortunate	-2.64	2.45
eats	-2.62	2.59
mainly	-2.60	2.67
despite	-2.55	2.51
complaining	-2.50	1.42
breathe	-2.45	1.33
die	-2.43	2.73
dust	-2.43	1.22
obnoxious	-2.43	2.27
experienced	-2.41	2.94
choice	-2.41	2.49
pepper	-2.38	1.32
clean	-2.36	1.22
dream	-2.36	2.48
smoke	-2.34	1.19
shitting	-2.33	1.35
wash	-2.32	1.13
are	-2.31	2.66
infection	-2.31	1.51
bothered	-2.30	4.09
bothers	-2.30	3.13
hurry	-2.30	3.64
bad	-2.29	2.39
assholes	-2.28	2.54
cigarette	-2.24	1.17
felt	-2.24	3.35
worthless	-2.24	2.35
bleeding	-2.22	1.32
ugh	-2.21	2.63
ending	-2.19	2.28
cry	-2.19	3.40
feeling	-2.17	3.40
painful	-2.14	2.46
ruins	-2.14	1.97
suffering	-2.13	1.51
uses	-2.13	2.66
cancer	-2.13	1.39
sexist	-2.13	2.72
third	-2.12	3.40
makes	-2.12	3.43
forced	-2.11	1.87
believes	-2.09	2.54
gross	-2.06	2.46
hard	-2.05	3.48
permanent	-2.05	1.44
nightmare	-2.04	2.30
pisses	-2.03	2.70
fault	-2.03	1.83
suck	-2.03	2.55
fuckers	-2.01	2.75
known	-1.99	3.03
covered	-1.97	1.18
lots	-1.97	1.76
knowing	-1.95	3.28
aids	-1.93	1.39
witnessed	-1.93	3.39
killing	-1.92	1.47
cigarettes	-1.91	1.19
spit	-1.90	1.27
deaths	-1.89	1.42
treatment	-1.88	1.38
talking	-1.85	4.77
feels	-1.85	3.13
judge	-1.82	2.38
burn	-1.82	1.41
sounds	-1.80	2.61
motherfuckers	-1.78	2.69
doing	-1.78	4.72
crap	-1.77	2.39
injury	-1.76	1.51
stomach	-1.76	1.29
aware	-1.76	3.17
pain	-1.75	1.99
cure	-1.75	1.43
going	-1.73	5.01
filled	-1.73	1.21
fact	-1.71	4.60
tooth	-1.71	1.46
millions	-1.71	1.47
knows	-1.71	3.21
better	-1.70	2.29
re	-1.70	4.93
toilet	-1.70	1.26
rid	-1.67	2.03
saying	-1.67	5.04
annoying	-1.67	2.81
considering	-1.67	2.54
cells	-1.66	1.63
suffer	-1.66	1.50
afraid	-1.65	3.02
hurt	-1.64	3.45
crotch	-1.64	1.34
make	-1.64	3.45
either	-1.63	5.05
result	-1.63	1.64
single	-1.63	3.63
tissue	-1.63	1.58
worse	-1.62	2.17
were	-1.62	3.35
follow	-1.62	1.85
injured	-1.60	1.83
etc	-1.60	1.64
nerve	-1.59	1.53
patient	-1.59	1.37
bastards	-1.59	2.56
thousands	-1.58	1.83
ebola	-1.57	1.58
experience	-1.57	2.30
surgery	-1.56	1.45
dead	-1.56	2.37
have	-1.56	3.51
evil	-1.56	2.43
stating	-1.55	4.26
condition	-1.55	1.54
likely	-1.55	2.58
none	-1.55	2.37
cleaning	-1.54	1.31
wants	-1.53	3.27
about	-1.53	3.96
severe	-1.53	1.59
miserable	-1.52	2.92
usually	-1.52	2.39
dentist	-1.52	1.50
just	-1.52	4.76
picks	-1.51	3.30
relate	-1.51	2.73
doesnt	-1.51	2.86
medicine	-1.50	1.38
happens	-1.50	3.43
ashamed	-1.50	3.77
forcing	-1.50	1.99
safe	-1.50	3.86
sure	-1.49	4.94
taste	-1.49	1.57
spreading	-1.49	1.60
many	-1.49	1.98
handful	-1.49	1.97
nobody	-1.48	2.94
notice	-1.48	3.47
dozens	-1.48	1.91
ca	-1.47	3.70
way	-1.47	3.07
drowning	-1.47	1.39
me	-1.46	3.32
else	-1.46	3.46
only	-1.46	3.63
imagine	-1.45	3.68
cared	-1.45	3.19
lungs	-1.45	1.29
believed	-1.45	2.28
disagree	-1.45	4.79
suicide	-1.45	1.45
avoided	-1.44	1.68
never	-1.44	3.39
implying	-1.44	4.05
leads	-1.43	1.52
e.g	-1.43	1.29
canal	-1.43	1.52
lead	-1.43	1.63
root	-1.42	1.55
depression	-1.42	1.65
kinds	-1.42	1.99
killed	-1.42	1.96
does	-1.42	3.71
hurts	-1.41	2.10
seem	-1.41	3.42
worried	-1.41	3.39
carpet	-1.41	1.22
herpes	-1.40	1.54
damage	-1.40	1.62
bats	-1.40	1.71
hundreds	-1.40	1.82
happened	-1.40	3.49
procedure	-1.39	1.54
afterwards	-1.39	2.03
bother	-1.39	4.06
done	-1.39	3.32
dies	-1.39	1.73
myself	-1.39	3.07
wanted	-1.39	3.32
shocked	-1.38	3.82
butthurt	-1.38	1.95
tired	-1.38	3.52
resist	-1.38	2.36
defending	-1.37	1.65
worry	-1.37	4.16
thinks	-1.37	3.05
burned	-1.36	1.38
potentially	-1.36	1.68
forget	-1.36	3.73
happen	-1.36	3.83
could	-1.36	3.92
redditors	-1.36	1.88
mentality	-1.36	1.47
anyone	-1.35	3.69
tripping	-1.35	1.69
responsible	-1.35	1.51
falling	-1.35	1.61
largely	-1.35	1.53
kill	-1.35	2.44
burns	-1.35	1.39
dental	-1.35	1.55
always	-1.34	3.55
absurd	-1.34	2.50
alive	-1.34	2.85
multiple	-1.34	1.92
tried	-1.34	2.78
causing	-1.33	1.69
plenty	-1.33	1.99
possible	-1.33	3.59
responsibility	-1.33	1.57
harm	-1.33	1.77
expect	-1.33	3.75
wonder	-1.32	3.57
involve	-1.32	1.75
chances	-1.32	1.67
besides	-1.32	2.13
thing	-1.32	3.98
yet	-1.31	3.19
consider	-1.31	3.01
both	-1.31	2.19
anything	-1.30	4.07
talks	-1.30	3.15
more	-1.30	2.45
say	-1.30	4.33
can	-1.30	3.94
curious	-1.30	3.40
looking	-1.30	3.84
guarantee	-1.30	2.97
everyone	-1.30	2.92
trouble	-1.29	2.21
stand	-1.29	3.87
we	-1.29	4.03
go	-1.29	4.01
pissed	-1.29	3.72
hurting	-1.29	2.35
anywhere	-1.29	3.78
had	-1.29	3.08
should	-1.28	4.15
unfair	-1.28	1.93
has	-1.28	2.97
care	-1.28	4.16
embarrassed	-1.28	3.84
assume	-1.28	4.52
wondered	-1.28	3.10
assumed	-1.28	4.52
help	-1.27	4.00
them	-1.27	3.87
everything	-1.27	3.71
r/shittytumblrgifs	-1.27	2.52
annoyed	-1.27	3.83
matters	-1.27	2.93
heard	-1.27	2.96
heart	-1.27	1.60
filling	-1.27	1.46
incident	-1.27	1.50
decide	-1.27	3.52
again	-1.26	3.75
knew	-1.26	3.52
get	-1.26	3.72
would	-1.25	4.08
been	-1.25	3.27
tell	-1.25	4.18
want	-1.25	4.01
oxygen	-1.25	1.28
tons	-1.25	1.91
they	-1.25	4.31
agree	-1.25	5.06
identify	-1.25	2.39
far	-1.25	2.57
come	-1.24	3.61
ve	-1.24	4.00
doctor	-1.24	1.78
probably	-1.24	4.24
who	-1.24	2.64
nothing	-1.24	3.96
pretend	-1.24	4.12
did	-1.24	4.05
other	-1.24	1.98
point	-1.24	3.92
sound	-1.24	2.00
do	-1.24	4.21
jews	-1.24	1.51
dislike	-1.24	2.15
cause	-1.24	1.74
ultimately	-1.23	1.72
didnt	-1.23	3.53
less	-1.23	2.31
doubt	-1.23	4.03
possibility	-1.23	2.33
see	-1.23	3.95
wondering	-1.23	3.60
crown	-1.23	1.51
then	-1.22	3.40
coming	-1.22	3.25
pick	-1.22	2.66
chance	-1.22	2.39
avoid	-1.22	2.10
maybe	-1.22	4.35
think	-1.22	4.33
trying	-1.21	3.38
much	-1.21	2.37
will	-1.21	3.73
try	-1.21	3.75
reason	-1.21	3.80
convince	-1.21	3.27
unless	-1.21	4.45
education	-1.21	1.46
wo	-1.21	3.81
teeth	-1.21	1.47
noises	-1.21	1.96
know	-1.21	4.31
something	-1.20	4.26
ll	-1.20	3.91
be	-1.20	4.19
poison	-1.20	1.65
argue	-1.20	3.98
with	-1.20	3.32
if	-1.20	4.42
or	-1.20	4.16
because	-1.20	4.46
wanting	-1.20	2.69
take	-1.20	3.50
d	-1.19	4.20
scared	-1.19	3.63
kills	-1.19	1.34
explain	-1.19	3.95
concern	-1.19	2.24
problems	-1.19	1.89
butthole	-1.19	1.33
talk	-1.19	3.80
bubble	-1.19	1.32
since	-1.19	3.03
not	-1.19	4.45
out	-1.19	2.77
loss	-1.18	1.52
drink	-1.18	1.21
place	-1.18	3.14
whatever	-1.18	4.38
odds	-1.18	1.59
countless	-1.18	1.84
gone	-1.18	3.04
mostly	-1.17	2.20
pissing	-1.17	1.51
even	-1.17	4.28
why	-1.17	4.39
endless	-1.17	1.35
o.o	-1.17	2.69
letting	-1.17	2.84
whether	-1.17	3.67
keep	-1.17	3.10
seeing	-1.17	3.03
prevent	-1.17	2.02
pretending	-1.17	3.39
person	-1.17	2.81
medical	-1.17	1.48
anymore	-1.16	4.21
matter	-1.16	4.27
need	-1.16	3.89
risk	-1.16	1.88
barely	-1.16	2.65
realize	-1.16	4.14
yourself	-1.16	3.28
ask	-1.16	3.83
internal	-1.16	1.46
obvious	-1.16	2.53
ton	-1.16	1.89
survived	-1.16	2.08
brain	-1.15	1.53
someone	-1.15	3.39
might	-1.15	4.26
health	-1.14	1.59
wouldnt	-1.14	3.17
injuries	-1.14	1.59
fall	-1.14	2.65
surprised	-1.14	3.28
anybody	-1.14	3.49
call	-1.14	3.54
occurred	-1.14	2.07
surely	-1.14	2.88
really	-1.14	3.89
how	-1.14	4.07
whenever	-1.13	2.52
various	-1.13	1.87
gotten	-1.13	2.79
telling	-1.13	3.36
freak	-1.13	2.35
believe	-1.13	4.17
honestly	-1.13	4.16
leave	-1.12	3.54
figure	-1.12	3.81
convinced	-1.12	3.21
humanity	-1.12	2.90
refused	-1.12	2.02
remember	-1.12	3.51
all	-1.12	3.00
ignore	-1.12	2.63
gives	-1.12	1.97
already	-1.11	3.06
where	-1.11	3.84
getting	-1.11	2.99
anytime	-1.11	2.39
problem	-1.11	3.32
types	-1.11	1.92
others	-1.11	2.38
true	-1.11	5.00
concerned	-1.11	3.22
catch	-1.10	2.36
figured	-1.10	3.52
except	-1.10	3.37
anxiety	-1.10	2.14
suspect	-1.09	2.43
arguing	-1.09	3.05
easiest	-1.09	3.66
idea	-1.09	3.64
drivers	-1.09	1.72
most	-1.09	3.59
let	-1.09	3.77
am	-1.09	3.32
supposed	-1.09	4.45
assuming	-1.09	4.85
flinch	-1.09	3.25
catches	-1.09	2.07
admit	-1.09	4.07
also	-1.09	4.29
taking	-1.09	2.85
understand	-1.08	4.03
able	-1.08	3.28
expert	-1.08	3.30
wont	-1.08	3.09
circlejerk	-1.08	1.56
regularly	-1.08	1.90
attempting	-1.08	2.51
right	-1.08	4.67
lot	-1.08	2.16
harder	-1.07	2.29
walking	-1.07	2.61
realizes	-1.07	2.32
guessing	-1.07	3.58
rate	-1.07	1.57
discovered	-1.06	2.42
refuse	-1.06	2.96
claiming	-1.06	2.55
accident	-1.06	1.83
tend	-1.06	1.89
willing	-1.06	3.07
percent	-1.06	1.69
when	-1.06	3.06
dont	-1.06	3.94
stop	-1.06	2.98
deny	-1.06	2.77
any	-1.06	3.35
actually	-1.05	4.30
fire	-1.05	1.33
bubbles	-1.05	1.37
victim	-1.05	1.54
as	-1.05	3.59
several	-1.05	1.87
honest	-1.05	4.88
still	-1.05	4.13
constantly	-1.04	2.08
stretch	-1.04	1.50
bikers	-1.04	1.82
anyways	-1.04	3.99
pile	-1.04	1.53
standard	-1.04	1.56
before	-1.04	2.89
helping	-1.04	2.50
first	-1.04	3.28
case	-1.04	3.94
suggesting	-1.04	3.50
numerous	-1.04	2.17
catching	-1.03	1.52
existed	-1.03	2.78
hospital	-1.03	1.47
kinda	-1.03	3.28
cant	-1.03	3.55
time	-1.03	3.33
impressed	-1.03	3.64
dozen	-1.03	1.86
slightly	-1.03	2.37
mars	-1.03	1.37
works	-1.03	2.83
choose	-1.03	2.61
serious	-1.03	2.04
sucks	-1.03	2.47
run	-1.02	2.83
twice	-1.02	2.97
noticed	-1.02	2.89
violent	-1.02	1.50
disappointed	-1.02	3.56
causes	-1.02	1.65
bitter	-1.01	3.14
people	-1.01	2.89
baseball	-1.01	1.85
seen	-1.01	3.97
without	-1.01	2.47
treats	-1.01	2.99
swallow	-1.01	1.34
eventually	-1.01	2.85
basically	-1.00	2.72
give	-1.00	3.06
said	-1.00	3.69
things	-1.00	3.09
managed	-1.00	2.95
m	-1.00	3.57
than	-1.00	2.20
washing	-0.99	1.24
choices	-0.99	1.78
kept	-0.99	2.58
cloud	-0.99	1.37
lie	-0.99	3.80
scientists	-0.99	1.97
imagined	-0.99	1.84
lsd	-0.99	1.93
importantly	-0.99	1.67
instantly	-0.99	2.15
sand	-0.99	1.30
often	-0.99	2.16
caused	-0.98	1.66
fine	-0.98	4.81
ever	-0.98	3.99
air	-0.98	1.37
junk	-0.98	1.35
guess	-0.98	4.93
ive	-0.98	3.94
nor	-0.98	3.60
dare	-0.98	3.17
walk	-0.97	2.69
harmful	-0.97	1.68
at	-0.97	3.19
what	-0.97	4.41
spot	-0.97	2.52
up	-0.97	2.95
accomplish	-0.97	3.25
end	-0.97	1.89
necessarily	-0.97	3.59
messing	-0.97	2.60
once	-0.96	2.83
spread	-0.96	1.39
brush	-0.96	1.32
uncomfortable	-0.96	3.54
easily	-0.96	2.60
defend	-0.96	2.36
may	-0.96	4.17
ends	-0.96	1.74
team	-0.96	1.87
ferret	-0.96	1.11
waking	-0.96	1.72
start	-0.96	2.48
instead	-0.96	2.54
led	-0.96	1.65
mess	-0.95	1.94
minority	-0.95	1.82
otherwise	-0.95	3.77
sooner	-0.95	2.58
mention	-0.95	3.64
wish	-0.95	3.67
clue	-0.95	4.10
goes	-0.95	2.41
came	-0.95	2.81
although	-0.95	4.08
mean	-0.95	4.37
spaghetti	-0.95	1.09
blowing	-0.95	1.57
exactly	-0.94	4.03
fallen	-0.94	2.53
danger	-0.94	1.95
comfort	-0.94	1.92
went	-0.94	2.57
loud	-0.94	1.95
alone	-0.94	2.72
bit	-0.94	2.51
blow	-0.94	1.70
flesh	-0.94	1.36
regardless	-0.94	2.33
saw	-0.94	2.72
damaged	-0.94	1.82
continued	-0.93	1.76
soon	-0.93	2.61
normally	-0.93	2.60
somehow	-0.93	2.72
lately	-0.93	2.15
noise	-0.92	1.86
raped	-0.92	1.67
sense	-0.92	3.49
obviously	-0.92	4.17
prepared	-0.92	2.62
fear	-0.92	2.24
thinking	-0.92	4.08
themselves	-0.92	2.61
among	-0.92	1.83
enough	-0.92	3.27
rather	-0.92	2.76
supposedly	-0.91	1.52
quite	-0.91	2.64
typical	-0.91	1.53
yelling	-0.91	2.15
terminal	-0.91	1.69
billions	-0.91	1.76
save	-0.91	2.40
easier	-0.90	2.34
sit	-0.90	2.76
implied	-0.90	4.45
regret	-0.90	2.25
running	-0.90	2.45
realise	-0.90	3.51
suppose	-0.90	4.23
until	-0.90	2.91
seek	-0.90	2.07
riders	-0.90	1.67
manage	-0.89	2.84
lighter	-0.89	2.06
involved	-0.89	1.96
trap	-0.89	1.53
dealing	-0.89	1.77
concussion	-0.89	1.65
here	-0.89	3.58
justify	-0.89	2.67
part	-0.89	3.74
favor	-0.89	2.29
boring	-0.89	2.88
percentage	-0.89	1.71
certainly	-0.89	3.65
situation	-0.88	2.40
asking	-0.88	4.00
but	-0.88	4.35
especially	-0.88	1.93
touch	-0.88	2.78
somebody	-0.88	2.99
thought	-0.88	3.59
struggle	-0.88	1.69
teams	-0.88	1.90
wet	-0.88	1.33
become	-0.88	2.24
deal	-0.88	3.11
heck	-0.88	3.39
exhaust	-0.88	1.32
exit	-0.88	1.80
work	-0.88	3.80
killer	-0.88	1.28
destruction	-0.88	1.53
number	-0.88	1.78
coke	-0.88	1.24
juice	-0.88	1.15
begin	-0.87	2.78
scenario	-0.87	2.54
dragged	-0.87	2.01
gene	-0.87	1.54
happening	-0.87	4.14
earthquake	-0.87	1.78
fewer	-0.87	1.96
co2	-0.87	1.36
fresh	-0.86	1.47
gut	-0.86	1.68
turn	-0.86	2.76
joking	-0.86	4.61
outcome	-0.86	2.27
reposts	-0.86	1.72
circumstances	-0.86	1.87
allowed	-0.86	2.96
starting	-0.86	2.02
everyday	-0.86	1.94
mercury	-0.86	1.66
heading	-0.86	2.50
yelled	-0.86	2.45
prove	-0.86	3.36
nfl	-0.85	1.87
depends	-0.85	2.22
throws	-0.85	1.74
keeps	-0.85	2.09
hungry	-0.85	1.97
potential	-0.85	2.04
tries	-0.85	2.43
masturbate	-0.85	3.03
him	-0.84	3.01
puts	-0.84	2.15
low	-0.84	1.53
significantly	-0.84	1.97
tripped	-0.84	1.95
highest	-0.84	3.80
busy	-0.84	2.01
around	-0.84	2.43
crash	-0.84	1.84
crawl	-0.83	1.96
impossible	-0.83	2.64
allowing	-0.83	2.36
having	-0.83	2.47
flame	-0.83	1.40
gas	-0.83	1.35
standing	-0.83	2.66
dry	-0.83	1.20
longer	-0.83	2.13
perhaps	-0.83	3.28
attacking	-0.83	1.81
severely	-0.83	2.10
told	-0.83	2.04
screaming	-0.82	2.01
trapped	-0.82	2.09
plus	-0.82	2.08
hardest	-0.82	3.94
decided	-0.82	2.65
anus	-0.82	1.39
today	-0.82	2.74
ran	-0.82	2.16
unable	-0.82	2.81
collision	-0.82	1.66
closest	-0.82	3.95
eaten	-0.82	1.35
breaks	-0.82	1.75
safely	-0.82	2.52
question	-0.82	3.89
guilty	-0.81	1.94
move	-0.81	2.98
pull	-0.81	2.49
genuinely	-0.81	3.13
popping	-0.81	1.53
cups	-0.81	1.06
hang	-0.81	2.85
by	-0.81	2.32
protecting	-0.81	1.77
actively	-0.81	2.37
those	-0.81	2.09
safer	-0.81	2.16
same	-0.81	2.77
surprising	-0.81	3.19
smoking	-0.81	1.34
distracted	-0.81	3.07
idk	-0.81	3.89
threatened	-0.80	2.19
two	-0.80	1.86
jersey	-0.80	1.63
no	-0.80	4.07
flopping	-0.80	1.69
immediately	-0.80	2.41
freaked	-0.80	3.18
recognize	-0.80	3.12
event	-0.80	2.05
clearly	-0.80	4.03
left	-0.80	2.56
issues	-0.80	1.93
blew	-0.80	1.48
habit	-0.80	1.60
dicks	-0.80	1.99
sober	-0.80	2.03
hear	-0.80	1.86
becomes	-0.79	2.12
ourselves	-0.79	2.71
express	-0.79	2.43
sink	-0.79	1.32
bitten	-0.79	1.79
weed	-0.79	1.44
terribly	-0.79	2.41
ended	-0.79	1.94
split	-0.79	1.98
lower	-0.78	1.67
ahead	-0.78	2.92
beaten	-0.78	1.97
hopefully	-0.78	3.04
chose	-0.78	2.36
alcohol	-0.78	1.35
runner	-0.78	1.82
stress	-0.78	1.78
ratio	-0.78	1.61
bring	-0.78	2.78
three	-0.78	1.75
asks	-0.77	2.56
grabs	-0.77	1.89
course	-0.77	4.05
recently	-0.77	2.68
offended	-0.77	3.21
positive	-0.77	1.84
incredibly	-0.77	2.22
rates	-0.77	1.61
hold	-0.77	2.24
started	-0.77	2.24
gum	-0.77	1.27
which	-0.77	3.92
hoping	-0.77	2.90
snakes	-0.76	1.67
these	-0.76	2.03
bills	-0.76	1.51
passed	-0.76	2.30
rarely	-0.76	2.17
struggling	-0.76	2.97
torture	-0.76	1.70
2nd	-0.76	2.64
cyclist	-0.76	1.77
putting	-0.76	2.17
americans	-0.76	1.96
stereotypes	-0.76	1.99
explained	-0.76	2.84
trips	-0.75	1.85
cocaine	-0.75	1.53
failing	-0.75	2.25
flames	-0.75	1.39
liquid	-0.75	1.29
couldnt	-0.75	3.25
sued	-0.75	2.16
underwear	-0.75	1.29
quicker	-0.75	2.19
mind	-0.75	3.55
intentionally	-0.75	1.85
hundred	-0.75	1.71
familiar	-0.75	3.35
murder	-0.75	1.66
generally	-0.74	2.27
owns	-0.74	3.06
including	-0.74	1.77
faking	-0.74	1.68
pads	-0.74	1.51
realized	-0.74	2.77
runs	-0.74	2.12
mentioned	-0.74	2.64
feelings	-0.74	2.18
turned	-0.74	2.31
stronger	-0.74	2.05
unusual	-0.74	2.13
died	-0.74	1.62
second	-0.74	2.80
stopped	-0.74	2.25
base	-0.74	1.94
back	-0.73	2.43
stuck	-0.73	1.81
vodka	-0.73	1.21
pathetic	-0.73	2.23
dirty	-0.73	1.91
comes	-0.73	2.37
precisely	-0.73	2.42
farther	-0.73	2.10
picking	-0.73	1.89
handle	-0.73	2.97
accidents	-0.73	1.84
separate	-0.73	1.79
so	-0.73	4.08
occur	-0.73	1.91
determine	-0.73	2.47
himself	-0.73	2.52
addition	-0.73	1.72
long	-0.73	2.59
away	-0.73	2.45
drops	-0.73	1.77
gang	-0.73	1.56
trip	-0.73	1.93
anyway	-0.72	4.29
drinking	-0.72	1.24
put	-0.72	2.30
emotion	-0.72	2.24
expected	-0.72	2.64
looked	-0.72	2.77
ignored	-0.72	2.16
involving	-0.72	1.76
world	-0.72	4.05
picked	-0.72	1.84
worlds	-0.72	4.04
heavier	-0.72	2.06
fuel	-0.72	1.38
shower	-0.72	1.24
shorter	-0.72	2.06
ways	-0.72	2.30
stops	-0.71	2.19
suddenly	-0.71	2.27
appear	-0.71	2.33
imagining	-0.71	2.23
fires	-0.71	1.43
cover	-0.71	1.47
closer	-0.71	2.10
walked	-0.71	2.23
react	-0.71	2.64
finish	-0.71	2.71
whole	-0.70	3.83
lies	-0.70	1.71
whiskey	-0.70	1.27
shock	-0.70	2.02
innocent	-0.70	1.66
driver	-0.70	1.74
shoe	-0.70	1.54
little	-0.70	2.87
overly	-0.70	1.94
victims	-0.70	1.59
yell	-0.70	2.14
starts	-0.70	2.08
remembered	-0.70	2.45
garbage	-0.69	1.40
pleasure	-0.69	2.05
lay	-0.69	2.25
very	-0.69	2.36
definitely	-0.69	4.07
longest	-0.69	4.07
few	-0.69	1.75
neither	-0.69	3.65
attempted	-0.69	1.82
crime	-0.69	1.60
pressure	-0.69	1.44
scream	-0.69	2.09
lethal	-0.69	1.71
stepped	-0.69	1.94
thankfully	-0.68	1.80
heavily	-0.68	2.01
thousand	-0.68	1.65
flies	-0.68	1.50
reasons	-0.68	2.16
further	-0.68	2.35
balloon	-0.68	1.41
least	-0.68	2.66
insanely	-0.68	2.20
hose	-0.68	1.34
down	-0.68	2.32
straight	-0.68	2.47
encourage	-0.68	2.11
asked	-0.68	2.48
pulled	-0.68	2.00
lit	-0.68	1.49
faster	-0.68	2.10
realizing	-0.68	2.75
intent	-0.67	2.25
making	-0.67	2.81
remove	-0.67	2.19
stadium	-0.67	1.67
alot	-0.67	2.06
particularly	-0.67	2.27
attempt	-0.67	2.14
till	-0.67	2.45
forest	-0.67	1.43
soap	-0.67	1.23
regular	-0.67	1.89
physically	-0.66	2.00
awhile	-0.66	2.76
imply	-0.66	3.68
everytime	-0.66	2.00
pass	-0.66	2.00
mental	-0.66	1.78
allow	-0.66	2.84
advance	-0.66	1.90
webm	-0.66	1.58
impact	-0.66	1.74
vacuum	-0.66	1.43
claimed	-0.66	2.87
hazard	-0.66	1.82
affected	-0.66	2.20
wake	-0.66	1.59
seemed	-0.66	2.47
boston	-0.66	1.62
slapped	-0.66	1.70
fold	-0.65	1.54
cried	-0.65	2.38
interest	-0.65	1.39
moving	-0.65	2.48
usual	-0.65	2.00
water	-0.65	1.31
flavor	-0.65	1.45
throw	-0.65	1.81
individual	-0.65	1.85
spiders	-0.65	1.99
population	-0.65	1.60
soccer	-0.65	1.76
behind	-0.65	2.54
committed	-0.65	1.72
develop	-0.65	1.76
break	-0.65	2.09
decisions	-0.65	2.03
instant	-0.65	1.82
side	-0.65	2.40
underwater	-0.65	1.33
events	-0.65	1.35
screwed	-0.65	2.49
thus	-0.65	2.13
walks	-0.65	2.08
opinion	-0.65	3.06
biggest	-0.64	3.80
desire	-0.64	2.18
emergency	-0.64	1.65
throwing	-0.64	1.65
pulling	-0.64	2.13
count	-0.64	3.33
group	-0.64	1.59
someday	-0.64	2.47
fastest	-0.64	4.01
somewhere	-0.64	2.74
crowd	-0.64	1.59
learned	-0.64	2.44
generate	-0.64	1.74
dunk	-0.64	2.08
pushing	-0.64	2.05
line	-0.63	2.26
gets	-0.63	2.41
fucks	-0.63	1.83
previously	-0.63	2.42
extremely	-0.63	2.19
seemingly	-0.63	1.77
cuts	-0.63	1.52
says	-0.63	2.46
legally	-0.63	2.13
ambulance	-0.63	1.80
worm	-0.63	1.68
chew	-0.63	1.14
different	-0.63	1.82
pants	-0.63	1.31
timing	-0.63	2.46
emotional	-0.63	2.07
content	-0.63	1.68
powder	-0.63	1.24
dump	-0.62	1.31
tends	-0.62	2.05
seems	-0.62	2.56
inherently	-0.62	1.86
fell	-0.62	1.91
leading	-0.62	1.70
club	-0.62	1.61
corner	-0.62	2.39
commit	-0.62	1.65
degree	-0.62	1.85
look	-0.62	3.75
signed	-0.62	1.80
into	-0.62	2.15
risks	-0.62	1.74
turning	-0.62	2.22
remotely	-0.62	2.71
relative	-0.62	2.20
bites	-0.62	1.35
proven	-0.62	2.74
ripped	-0.62	1.74
resulting	-0.62	1.62
broken	-0.62	1.81
together	-0.62	1.87
cyclists	-0.61	1.81
knocking	-0.61	1.84
hits	-0.61	1.79
ball	-0.61	1.50
unfortunately	-0.61	3.41
politics	-0.61	1.91
wasnt	-0.61	2.79
biker	-0.61	1.81
finally	-0.61	2.67
mice	-0.61	1.67
higher	-0.61	1.82
drown	-0.61	1.57
blows	-0.61	1.62
cell	-0.61	1.43
jumped	-0.61	1.95
bullshit	-0.61	2.29
entirely	-0.61	2.59
places	-0.61	2.10
slower	-0.61	2.07
touches	-0.60	1.81
comparing	-0.60	1.61
drill	-0.60	1.50
legitimately	-0.60	2.79
screw	-0.60	1.73
shove	-0.60	1.60
he	-0.60	3.29
followed	-0.60	1.95
zone	-0.60	1.80
bat	-0.60	1.50
fluid	-0.60	1.36
football	-0.60	1.76
idiotic	-0.60	2.15
twenty	-0.60	1.72
sleep	-0.60	2.06
becoming	-0.60	2.05
fill	-0.60	1.46
stepping	-0.60	1.85
caught	-0.59	1.94
version	-0.59	1.55
halfway	-0.59	2.03
bone	-0.59	1.56
sue	-0.59	2.22
pigs	-0.59	1.42
filthy	-0.59	1.89
acid	-0.59	1.67
escape	-0.59	1.91
chosen	-0.59	1.65
overall	-0.59	1.54
mild	-0.59	2.02
decades	-0.59	2.38
over	-0.59	2.22
every	-0.59	2.77
due	-0.59	1.65
four	-0.59	1.74
portion	-0.59	2.00
sack	-0.59	1.45
fourth	-0.58	2.76
survive	-0.58	2.15
robbery	-0.58	1.67
smaller	-0.58	1.94
ants	-0.58	1.74
parts	-0.58	2.01
decision	-0.58	2.12
chemical	-0.58	1.56
unsafe	-0.58	2.17
destroying	-0.58	1.47
destroy	-0.58	1.90
cycling	-0.58	1.78
progress	-0.58	1.95
thrown	-0.58	1.77
passing	-0.57	1.80
pushed	-0.57	1.95
dig	-0.57	1.92
seizure	-0.57	1.70
falls	-0.57	1.90
lane	-0.57	1.82
after	-0.57	2.40
pedestrian	-0.57	1.80
asses	-0.57	1.60
truth	-0.57	2.98
flipped	-0.57	1.92
fairly	-0.57	2.38
pitch	-0.57	1.51
policy	-0.57	1.45
off	-0.57	2.19
dirt	-0.57	1.46
insulting	-0.57	2.10
frequently	-0.57	1.92
therefore	-0.57	2.26
entire	-0.57	3.84
travelling	-0.57	2.24
offensive	-0.57	2.20
compression	-0.56	1.37
largest	-0.56	3.85
threw	-0.56	1.77
litter	-0.56	1.14
beating	-0.56	1.76
loses	-0.56	1.90
pedestrians	-0.56	1.80
day	-0.56	2.61
laid	-0.56	2.20
exist	-0.56	3.12
dumb	-0.56	2.88
pulls	-0.56	1.89
somewhat	-0.56	2.37
helps	-0.56	2.17
threatening	-0.55	1.81
harsh	-0.55	2.09
float	-0.55	1.69
through	-0.55	1.96
adrenaline	-0.55	2.24
stopping	-0.55	2.01
staying	-0.55	2.41
lanes	-0.55	1.77
treated	-0.55	1.53
pops	-0.55	1.71
soda	-0.55	1.18
ones	-0.55	2.30
push	-0.55	2.15
couple	-0.55	1.72
comparable	-0.55	1.65
across	-0.54	2.16
drop	-0.54	1.97
began	-0.54	2.07
texting	-0.54	1.76
traffic	-0.54	1.80
motorcycle	-0.54	1.70
boner	-0.54	2.14
affect	-0.54	1.99
removing	-0.54	1.68
ten	-0.54	1.70
create	-0.54	1.76
experiences	-0.54	2.56
continues	-0.54	2.30
idiots	-0.54	2.20
riot	-0.54	1.49
finds	-0.54	1.67
cases	-0.54	2.13
crimes	-0.54	1.71
sidewalk	-0.54	1.86
bicycle	-0.54	1.73
vet	-0.54	1.40
defender	-0.54	1.56
glove	-0.53	1.46
embarrassing	-0.53	3.29
intention	-0.53	2.56
protect	-0.53	1.85
hope	-0.53	3.87
moment	-0.53	2.23
almost	-0.53	2.75
murdered	-0.53	1.60
breathing	-0.53	1.61
losing	-0.53	1.80
leaning	-0.53	2.06
sick	-0.53	3.29
grade	-0.53	1.93
follows	-0.53	1.49
vehicles	-0.53	1.74
five	-0.53	1.71
knock	-0.53	1.99
penguins	-0.53	1.61
hanging	-0.53	2.11
rings	-0.53	1.38
ridiculously	-0.53	2.15
bottle	-0.53	1.20
beer	-0.53	1.22
contain	-0.53	1.49
remains	-0.53	1.98
balloons	-0.53	1.39
breaking	-0.53	1.77
slip	-0.53	2.03
weirdest	-0.53	3.39
tossed	-0.53	1.82
resolution	-0.53	1.39
deeper	-0.52	1.83
climate	-0.52	2.24
perry	-0.52	1.11
enjoying	-0.52	2.64
find	-0.52	2.97
casually	-0.52	1.87
rolling	-0.52	2.09
selfish	-0.52	2.03
sorts	-0.52	1.96
solely	-0.52	1.82
standards	-0.52	1.61
strange	-0.52	3.21
skin	-0.52	1.36
order	-0.52	2.59
ribs	-0.52	1.58
opposing	-0.52	1.55
test	-0.51	1.98
saved	-0.51	1.48
dreams	-0.51	1.83
sucking	-0.51	1.35
bias	-0.51	2.02
ignoring	-0.51	2.68
needs	-0.51	2.32
areas	-0.51	1.84
guaranteed	-0.51	1.89
audio	-0.51	1.44
disappear	-0.51	2.17
repeatedly	-0.51	1.92
popped	-0.51	1.76
bathroom	-0.51	1.73
handed	-0.51	2.09
riding	-0.51	1.73
reasonably	-0.51	2.31
bike	-0.51	1.68
peel	-0.51	1.11
rely	-0.51	1.56
stood	-0.51	2.26
dropped	-0.51	1.84
hearing	-0.51	1.77
comfortable	-0.50	2.41
us	-0.50	2.32
pushes	-0.50	1.78
vehicle	-0.50	1.69
puns	-0.50	1.77
fps	-0.50	1.38
empty	-0.50	1.47
failure	-0.50	1.82
boat	-0.50	1.69
attacked	-0.50	1.85
league	-0.50	1.73
false	-0.50	2.57
stay	-0.50	2.81
prices	-0.50	1.35
variety	-0.50	1.66
tackle	-0.50	1.59
successfully	-0.50	2.18
slightest	-0.50	2.32
lying	-0.50	2.23
decade	-0.50	2.23
filming	-0.50	1.74
drug	-0.50	1.69
offense	-0.50	1.72
glance	-0.50	2.50
cars	-0.50	1.69
2-3	-0.49	1.80
drinks	-0.49	1.19
driving	-0.49	1.60
watermelon	-0.49	1.19
bits	-0.49	1.25
dropping	-0.49	1.76
passes	-0.49	1.85
judgement	-0.49	2.27
non	-0.49	1.54
statistics	-0.49	2.02
travel	-0.49	2.13
prison	-0.49	1.74
scare	-0.49	2.23
applies	-0.49	3.03
sitting	-0.49	2.13
speeding	-0.49	1.78
hockey	-0.49	1.72
half	-0.49	2.28
global	-0.49	1.84
floor	-0.49	1.70
horn	-0.49	1.69
pool	-0.49	1.45
partially	-0.49	1.94
tattoo	-0.49	1.55
fails	-0.49	1.88
clothes	-0.49	1.31
rider	-0.49	1.69
significant	-0.49	1.95
plants	-0.48	1.38
format	-0.48	1.51
salt	-0.48	1.25
dae	-0.48	2.69
intersection	-0.48	1.94
given	-0.48	2.25
major	-0.48	1.87
assault	-0.48	1.75
defensive	-0.48	1.61
creating	-0.48	1.66
morons	-0.48	2.05
finding	-0.48	2.32
wine	-0.48	1.25
blocking	-0.48	1.86
working	-0.48	2.70
slipped	-0.48	1.86
crosswalk	-0.48	1.93
road	-0.48	1.79
creates	-0.48	1.58
meet	-0.48	2.33
ride	-0.48	1.73
increase	-0.48	1.76
hardly	-0.48	2.74
gave	-0.48	1.86
emotions	-0.48	2.02
larger	-0.48	1.85
conclusion	-0.48	2.79
crashing	-0.48	1.78
charged	-0.48	1.80
toss	-0.48	1.60
seat	-0.47	1.79
threat	-0.47	1.85
feeding	-0.47	1.27
nonsense	-0.47	1.90
interested	-0.47	3.01
backwards	-0.47	2.10
cop	-0.47	2.18
rape	-0.47	1.59
attempts	-0.47	2.23
confusing	-0.47	3.34
amounts	-0.47	1.70
jumping	-0.47	1.86
anger	-0.47	2.18
stated	-0.47	3.08
sports	-0.47	1.72
solved	-0.47	2.35
charges	-0.47	1.80
waves	-0.47	1.60
judging	-0.47	2.27
six	-0.47	1.70
placed	-0.47	1.74
boats	-0.47	1.54
drugs	-0.47	1.70
hitting	-0.47	1.79
yours	-0.47	2.92
parked	-0.46	1.82
rules	-0.46	1.75
dive	-0.46	1.49
snap	-0.46	1.81
options	-0.46	2.03
subjective	-0.46	2.59
knocked	-0.46	2.15
bet	-0.46	3.93
snapped	-0.46	1.78
reach	-0.46	2.10
collapse	-0.46	1.72
own	-0.46	1.86
seven	-0.46	1.73
ankle	-0.46	1.69
being	-0.46	2.30
panic	-0.46	2.10
while	-0.46	2.05
badly	-0.46	2.34
ups	-0.45	2.13
remain	-0.45	2.50
slowly	-0.45	2.25
last	-0.45	2.32
jail	-0.45	1.79
rude	-0.45	2.19
diving	-0.45	1.50
reacted	-0.45	2.07
towel	-0.45	1.51
include	-0.45	1.79
refs	-0.45	1.53
criminals	-0.45	1.71
set	-0.45	1.71
needing	-0.45	1.89
carbon	-0.45	1.43
counts	-0.45	2.03
pour	-0.45	1.25
waiting	-0.45	2.51
responded	-0.45	3.29
destroyed	-0.45	1.73
stairs	-0.45	1.88
jokes	-0.45	1.75
commenting	-0.45	2.61
rob	-0.45	1.35
plain	-0.45	1.99
explosion	-0.45	1.59
cheaper	-0.44	1.96
drove	-0.44	1.70
hit	-0.44	1.98
bikes	-0.44	1.68
dickbutt	-0.44	2.41
each	-0.44	2.05
onto	-0.44	1.97
slowing	-0.44	1.96
hook	-0.44	2.01
bottles	-0.44	1.24
eight	-0.44	1.71
exposure	-0.44	1.60
implies	-0.44	2.32
political	-0.44	1.63
95	-0.44	1.73
arrest	-0.44	1.77
confused	-0.44	3.77
bastard	-0.44	2.19
street	-0.44	1.85
ferrets	-0.44	1.45
change	-0.44	2.30
step	-0.44	2.07
entitled	-0.44	2.12
granted	-0.44	2.68
contact	-0.43	1.56
bones	-0.43	1.63
ensure	-0.43	2.11
reduce	-0.43	1.77
proves	-0.43	2.89
feed	-0.43	1.24
join	-0.43	2.23
rocks	-0.43	1.46
solve	-0.43	2.40
hide	-0.43	2.21
rat	-0.43	1.64
increased	-0.43	1.73
taller	-0.43	1.86
there	-0.43	3.62
broke	-0.43	1.70
benefits	-0.43	1.67
curb	-0.43	1.90
arrested	-0.43	1.85
unknown	-0.43	1.74
prior	-0.43	1.95
normal	-0.43	2.29
highway	-0.43	1.72
conditions	-0.42	1.70
near	-0.42	2.14
subject	-0.42	2.59
reaches	-0.42	1.86
now	-0.42	4.12
lifetime	-0.42	1.70
achieve	-0.42	2.21
drives	-0.42	1.91
equally	-0.42	2.12
trail	-0.42	1.43
insurance	-0.42	1.53
sarcastic	-0.42	3.25
crossing	-0.42	1.87
asleep	-0.42	1.87
chair	-0.42	1.95
volume	-0.42	1.62
intended	-0.42	2.69
bent	-0.42	1.76
busted	-0.42	1.73
squirrels	-0.42	1.61
combined	-0.42	1.50
pointless	-0.42	2.31
foul	-0.42	1.57
theory	-0.42	2.79
bend	-0.42	1.92
saves	-0.42	1.27
charge	-0.42	1.76
ruining	-0.42	1.10
nine	-0.41	1.75
conversation	-0.41	2.92
parking	-0.41	1.90
turns	-0.41	2.07
plant	-0.41	1.28
anti	-0.41	1.52
smoked	-0.41	1.40
grabbed	-0.41	1.78
jump	-0.41	1.96
max	-0.41	1.74
cricket	-0.41	1.77
reached	-0.41	1.93
drunk	-0.41	2.69
magically	-0.41	2.03
struck	-0.41	1.75
inside	-0.41	1.75
nascar	-0.41	1.43
mud	-0.41	1.45
3rd	-0.41	2.47
cab	-0.41	1.80
tank	-0.41	1.46
steam	-0.40	1.50
selfie	-0.40	1.53
shore	-0.40	1.57
consequences	-0.40	1.90
reposted	-0.40	2.20
signals	-0.40	1.48
crush	-0.40	1.77
wherever	-0.40	2.17
criminal	-0.40	1.71
socks	-0.40	1.37
dolphin	-0.40	1.42
ground	-0.40	1.81
intentional	-0.40	2.23
nba	-0.40	1.58
included	-0.40	1.71
drive	-0.40	1.58
wise	-0.40	1.77
per	-0.40	1.60
laying	-0.40	1.97
garden	-0.40	1.19
birds	-0.40	1.54
relatively	-0.40	2.20
lake	-0.40	1.47
lose	-0.40	2.01
excitement	-0.40	2.25
tested	-0.39	2.06
eat	-0.39	1.10
essentially	-0.39	1.90
engines	-0.39	1.44
highly	-0.39	2.16
typically	-0.39	2.09
medium	-0.39	1.55
stole	-0.39	1.41
apparent	-0.39	1.78
claim	-0.39	3.06
skip	-0.39	2.10
blink	-0.39	2.50
conspiracy	-0.39	1.90
deadly	-0.39	1.70
court	-0.39	2.06
alarm	-0.39	1.60
determined	-0.39	2.12
swimming	-0.39	1.44
responses	-0.39	2.23
type	-0.39	1.99
comparison	-0.39	2.22
upset	-0.39	3.77
coach	-0.39	1.58
machines	-0.39	1.37
depending	-0.39	1.97
signal	-0.38	1.75
joy	-0.38	2.27
taken	-0.38	2.44
flow	-0.38	1.54
belong	-0.38	1.82
benefit	-0.38	2.06
snake	-0.38	1.61
held	-0.38	2.06
topic	-0.38	2.59
lifts	-0.38	2.18
holding	-0.38	1.83
room	-0.38	2.03
influence	-0.38	1.74
surprisingly	-0.38	2.05
opinions	-0.38	2.24
sudden	-0.38	1.77
rich	-0.38	1.80
kitchen	-0.38	1.68
setting	-0.38	1.68
explode	-0.38	1.95
whatsoever	-0.38	2.24
gay	-0.38	2.73
towards	-0.38	1.96
produce	-0.38	1.57
approaching	-0.38	1.88
issue	-0.38	2.55
clicked	-0.38	2.51
electric	-0.37	1.36
nowhere	-0.37	2.34
oil	-0.37	1.22
blind	-0.37	2.18
cracked	-0.37	1.76
total	-0.37	1.86
cringe	-0.37	2.39
defeat	-0.37	1.63
fed	-0.37	1.49
sounded	-0.37	2.31
position	-0.37	2.15
flipping	-0.37	1.89
car	-0.37	1.78
lifted	-0.37	1.80
butt	-0.37	1.48
beside	-0.37	1.97
simply	-0.37	3.55
sat	-0.37	2.04
barrier	-0.37	1.86
container	-0.37	1.36
player	-0.37	1.51
primarily	-0.37	1.67
specifically	-0.36	2.58
terrified	-0.36	3.79
roads	-0.36	1.69
became	-0.36	2.08
throat	-0.36	1.58
treadmill	-0.36	1.95
routine	-0.36	2.06
front	-0.36	1.99
souls	-0.36	1.39
dick	-0.36	1.68
resistance	-0.36	1.72
grab	-0.36	1.90
entered	-0.36	2.01
rule	-0.36	2.51
vote	-0.36	1.80
foot	-0.36	1.86
coffee	-0.36	1.19
associated	-0.36	2.00
bigger	-0.36	1.91
laws	-0.36	2.06
designed	-0.36	2.59
spots	-0.36	1.93
center	-0.36	1.99
couch	-0.36	1.83
answer	-0.36	3.80
basketball	-0.36	1.57
jerk	-0.35	1.71
clouds	-0.35	1.49
ankles	-0.35	1.63
hole	-0.35	1.58
beat	-0.35	1.95
swing	-0.35	1.78
racism	-0.35	1.73
rides	-0.35	1.55
meth	-0.35	1.56
sideways	-0.35	1.95
billion	-0.35	1.68
jupiter	-0.35	1.96
landed	-0.35	1.82
signs	-0.35	1.84
aspect	-0.35	1.11
expecting	-0.35	2.60
wave	-0.35	1.64
leaving	-0.35	2.34
permission	-0.35	1.96
ref	-0.35	1.63
he/she	-0.35	2.72
lean	-0.35	2.02
speeds	-0.35	1.99
gon	-0.35	3.52
responding	-0.35	2.88
debate	-0.35	2.63
bucket	-0.35	1.37
gender	-0.35	2.01
glue	-0.35	1.37
rolled	-0.35	1.78
knees	-0.35	1.52
smashed	-0.35	1.78
bus	-0.35	1.68
track	-0.35	1.95
glass	-0.35	1.34
based	-0.35	2.21
hooked	-0.35	1.81
randomly	-0.34	2.01
took	-0.34	2.22
instance	-0.34	2.19
community	-0.34	1.63
situations	-0.34	1.97
price	-0.34	1.43
equivalent	-0.34	2.11
peak	-0.34	1.91
abuse	-0.34	1.42
referee	-0.34	1.51
earth	-0.34	1.97
cup	-0.34	1.53
reaching	-0.34	1.97
fifa	-0.34	1.68
vast	-0.34	1.78
penalty	-0.34	1.52
spine	-0.34	1.65
slides	-0.34	1.71
3	-0.34	1.68
knee	-0.34	1.63
crashed	-0.34	1.68
table	-0.33	1.85
traveling	-0.33	2.04
rage	-0.33	2.23
stationary	-0.33	2.16
bed	-0.33	1.79
maintenance	-0.33	1.53
bar	-0.33	1.71
roughly	-0.33	1.84
pot	-0.33	1.28
whoever	-0.33	1.90
calls	-0.33	2.07
argument	-0.33	2.91
planets	-0.33	1.97
eating	-0.33	1.08
ocean	-0.33	1.44
removed	-0.33	1.95
speed	-0.33	1.99
one	-0.33	3.86
tied	-0.33	1.76
fully	-0.33	2.42
orbit	-0.33	1.96
stayed	-0.33	2.14
whilst	-0.33	2.02
sometime	-0.33	2.12
space	-0.33	1.86
climb	-0.33	1.75
tension	-0.33	1.60
nearly	-0.33	2.33
outside	-0.33	2.04
nervous	-0.32	3.80
effectively	-0.32	1.84
dollars	-0.32	1.61
irrelevant	-0.32	2.54
bottom	-0.32	1.79
washington	-0.32	1.26
quickly	-0.32	2.44
lava	-0.32	1.47
swim	-0.32	1.47
direction	-0.32	1.96
chase	-0.32	1.69
fish	-0.32	1.37
lame	-0.32	2.26
nearby	-0.32	1.73
interview	-0.32	1.35
id	-0.32	3.05
safety	-0.32	1.90
heat	-0.32	1.36
deep	-0.32	1.58
slammed	-0.32	1.80
attached	-0.32	1.81
shortly	-0.32	2.16
accept	-0.32	2.81
factors	-0.32	1.91
4	-0.32	1.67
chairs	-0.32	1.81
1st	-0.31	2.28
bomb	-0.31	1.57
black	-0.31	1.62
spoon	-0.31	1.04
distance	-0.31	1.89
carrying	-0.31	1.53
proof	-0.31	2.79
its	-0.31	3.26
workout	-0.31	2.06
zoom	-0.31	1.27
product	-0.31	1.27
extent	-0.31	2.32
300	-0.31	1.62
toronto	-0.31	1.47
ceiling	-0.31	1.85
gif	-0.31	1.57
super	-0.31	2.23
repeat	-0.31	1.66
blank	-0.31	1.69
personally	-0.31	2.44
score	-0.31	1.51
posted	-0.31	2.19
week	-0.31	2.18
officer	-0.31	1.83
scares	-0.31	2.00
sales	-0.31	1.31
depressed	-0.31	3.69
pace	-0.31	1.99
waste	-0.31	2.01
large	-0.31	1.68
listen	-0.31	1.96
net	-0.31	1.65
lawn	-0.31	1.64
cliff	-0.31	1.81
mirrors	-0.31	1.76
matches	-0.31	1.53
money	-0.30	1.63
route	-0.30	2.02
wall	-0.30	1.79
lights	-0.30	1.81
mentally	-0.30	2.22
deserve	-0.30	1.85
streets	-0.30	1.75
logical	-0.30	2.48
keeping	-0.30	2.20
western	-0.30	1.60
rotating	-0.30	1.84
within	-0.30	1.82
stick	-0.30	1.77
earlier	-0.30	2.37
food	-0.30	1.16
frankly	-0.30	2.37
initially	-0.30	2.97
actions	-0.30	1.83
steal	-0.30	1.78
attention	-0.30	2.02
atmosphere	-0.30	1.55
blast	-0.30	1.52
along	-0.29	1.97
height	-0.29	1.77
terror	-0.29	1.96
drag	-0.29	1.75
lifting	-0.29	2.13
pencil	-0.29	1.48
ramp	-0.29	1.82
joint	-0.29	1.46
kicking	-0.29	1.70
collar	-0.29	1.61
passenger	-0.29	1.75
poster	-0.29	2.99
grenade	-0.29	1.55
factor	-0.29	2.00
mile	-0.29	1.81
moon	-0.29	1.93
immediate	-0.29	1.91
settle	-0.29	2.77
shoes	-0.29	1.41
adjust	-0.29	1.73
taxes	-0.29	1.46
unclear	-0.29	1.68
trash	-0.29	1.37
players	-0.29	1.60
velocity	-0.29	1.81
wind	-0.29	1.66
under	-0.29	1.92
jaw	-0.29	1.57
exists	-0.29	2.29
toward	-0.29	1.92
counter	-0.29	2.41
whale	-0.29	1.43
pay	-0.29	1.57
host	-0.29	1.33
races	-0.28	1.52
genuine	-0.28	2.35
changing	-0.28	1.89
fit	-0.28	2.13
crying	-0.28	2.10
kicked	-0.28	2.09
leaves	-0.28	1.70
describing	-0.28	2.42
limit	-0.28	1.78
5	-0.28	1.66
shoots	-0.28	1.70
record	-0.28	2.71
purely	-0.28	1.78
plug	-0.28	1.38
package	-0.28	1.50
questions	-0.28	2.83
roll	-0.28	1.91
downhill	-0.28	1.69
2	-0.28	1.67
path	-0.28	1.78
i.e	-0.28	1.76
meal	-0.28	1.03
bending	-0.28	1.73
violence	-0.28	1.66
smashing	-0.28	1.75
apply	-0.27	2.71
economy	-0.27	1.77
horribly	-0.27	2.17
eagles	-0.27	1.52
daily	-0.27	1.60
campaign	-0.27	1.32
climbing	-0.27	1.71
capable	-0.27	1.84
fridge	-0.27	1.81
worth	-0.27	1.71
shallow	-0.27	1.89
passengers	-0.27	1.70
offer	-0.27	2.05
gym	-0.27	2.08
spinning	-0.27	1.91
slide	-0.27	1.84
self	-0.27	1.99
plate	-0.27	1.46
mistaken	-0.27	4.86
maximum	-0.27	1.78
armed	-0.27	1.66
comprehend	-0.27	3.04
ignorant	-0.27	2.27
puck	-0.27	1.48
goalie	-0.27	1.46
license	-0.27	1.78
facing	-0.26	2.14
increasing	-0.26	1.68
shooting	-0.26	1.60
organization	-0.26	1.52
conscious	-0.26	1.88
sticking	-0.26	1.75
operation	-0.26	1.48
weighs	-0.26	1.73
4th	-0.26	2.51
solution	-0.26	2.23
opposite	-0.26	2.01
evolution	-0.26	2.04
downvoting	-0.26	2.11
random	-0.26	1.84
pounds	-0.26	1.70
field	-0.26	1.46
horizontal	-0.26	1.79
bs	-0.26	2.19
angry	-0.26	3.81
greater	-0.26	1.71
rotate	-0.26	1.95
compare	-0.26	2.27
6	-0.26	1.65
pride	-0.26	2.04
next	-0.26	2.05
general	-0.26	1.84
filter	-0.26	1.61
acted	-0.25	1.97
moms	-0.25	1.27
lbs	-0.25	1.73
rise	-0.25	1.77
seats	-0.25	1.67
yesterday	-0.25	2.04
previous	-0.25	2.37
assumption	-0.25	2.48
views	-0.25	1.88
nights	-0.25	1.86
crossfit	-0.25	2.07
setup	-0.25	1.53
ladder	-0.25	1.76
punching	-0.25	1.72
spend	-0.25	1.90
bridge	-0.25	1.74
groups	-0.25	1.69
increases	-0.25	1.68
chain	-0.25	1.77
neutral	-0.25	1.77
existing	-0.25	1.55
skull	-0.25	1.57
following	-0.25	2.23
forth	-0.25	2.02
stared	-0.25	2.04
strangers	-0.25	1.75
10	-0.25	1.65
chased	-0.25	1.66
motor	-0.25	1.60
30	-0.25	1.63
syndrome	-0.24	1.47
math	-0.24	1.95
fruit	-0.24	0.94
limits	-0.24	1.75
mountain	-0.24	1.57
trains	-0.24	1.72
spin	-0.24	1.91
swinging	-0.24	1.76
forward	-0.24	2.08
bedroom	-0.24	1.91
suspended	-0.24	1.74
loser	-0.24	2.12
waited	-0.24	2.19
holes	-0.24	1.57
20	-0.24	1.63
supporting	-0.24	2.24
explosive	-0.24	1.53
reported	-0.24	1.54
law	-0.24	1.94
replaced	-0.24	1.63
neck	-0.24	1.63
sea	-0.24	1.42
income	-0.24	1.44
reverse	-0.24	2.14
pipe	-0.24	1.44
exposed	-0.24	1.68
fishing	-0.24	1.48
bowling	-0.24	1.52
programs	-0.24	1.48
lb	-0.24	1.69
pays	-0.24	1.34
night	-0.24	1.74
million	-0.24	1.71
reduced	-0.24	1.69
tunnel	-0.24	1.58
month	-0.24	1.98
an	-0.24	1.84
roller	-0.24	1.77
bars	-0.24	1.65
chasing	-0.24	1.63
though	-0.24	4.03
appeal	-0.23	1.28
wins	-0.23	1.48
assumptions	-0.23	2.75
shoot	-0.23	1.71
keeper	-0.23	1.45
morning	-0.23	1.70
someones	-0.23	1.75
helmets	-0.23	1.55
golf	-0.23	1.46
fly	-0.23	1.77
illusion	-0.23	1.41
scoring	-0.23	1.43
choke	-0.23	1.49
engineer	-0.23	2.02
sleeping	-0.23	1.84
15	-0.23	1.62
diet	-0.23	1.38
class	-0.23	1.78
serves	-0.23	1.85
basis	-0.23	2.45
f1	-0.23	1.68
squeeze	-0.22	1.64
police	-0.22	1.76
college	-0.22	1.69
iraq	-0.22	1.26
request	-0.22	1.95
40	-0.22	1.62
approach	-0.22	1.94
lawyer	-0.22	1.89
scooter	-0.22	1.63
video	-0.22	1.50
body	-0.22	1.67
arguments	-0.22	2.69
laughter	-0.22	2.10
goal	-0.22	1.44
parachute	-0.22	1.74
appears	-0.22	1.97
wide	-0.22	1.67
whales	-0.22	1.42
7	-0.22	1.64
wooden	-0.22	1.64
lives	-0.22	1.84
60	-0.22	1.64
cops	-0.22	1.98
business	-0.22	1.56
pavement	-0.22	1.65
burst	-0.22	1.82
bark	-0.22	1.54
pause	-0.22	1.89
desk	-0.22	1.88
holds	-0.21	1.84
surrounding	-0.21	1.66
counted	-0.21	1.81
covering	-0.21	1.49
fence	-0.21	1.73
12	-0.21	1.62
200	-0.21	1.62
radiation	-0.21	1.56
improve	-0.21	1.99
highschool	-0.21	1.72
particular	-0.21	1.97
homeless	-0.21	1.89
attacks	-0.21	1.57
torn	-0.21	1.96
vertical	-0.21	1.76
ny	-0.21	1.53
mmmm	-0.21	1.50
douche	-0.21	2.08
24	-0.21	1.62
evening	-0.21	1.75
newer	-0.21	1.36
coolest	-0.21	3.67
rope	-0.21	1.67
loose	-0.21	1.61
land	-0.21	1.73
flew	-0.21	1.66
rugby	-0.21	1.60
whereas	-0.21	1.86
roof	-0.21	1.77
trolls	-0.21	1.91
120	-0.21	1.60
initial	-0.21	1.86
peoples	-0.21	1.57
tie	-0.21	1.57
lighting	-0.21	1.47
rotation	-0.21	1.80
certain	-0.21	1.76
board	-0.21	1.78
too	-0.21	3.51
school	-0.20	1.80
punched	-0.20	1.84
public	-0.20	1.71
driven	-0.20	1.52
property	-0.20	1.47
idiot	-0.20	2.39
russia	-0.20	1.39
engineers	-0.20	1.81
spending	-0.20	1.68
teacher	-0.20	1.79
afternoon	-0.20	1.87
upwards	-0.20	1.94
8	-0.20	1.63
pieces	-0.20	1.47
hamster	-0.20	1.34
obama	-0.20	1.39
150	-0.20	1.61
wrist	-0.20	1.61
75	-0.20	1.65
weigh	-0.20	1.63
nhl	-0.20	1.51
officers	-0.19	1.79
game	-0.19	1.47
bench	-0.19	1.80
moral	-0.19	1.92
colorado	-0.19	1.49
race	-0.19	1.61
sharks	-0.19	1.37
cutest	-0.19	3.47
quarter	-0.19	1.64
full	-0.19	1.76
window	-0.19	1.80
deck	-0.19	1.71
tournament	-0.19	1.66
tire	-0.19	1.66
counting	-0.19	1.74
meeting	-0.19	1.36
flashing	-0.19	1.82
crushed	-0.19	1.80
energy	-0.19	1.71
threads	-0.19	1.82
spent	-0.19	2.04
object	-0.19	1.78
amazingly	-0.19	2.07
heels	-0.19	1.49
shits	-0.19	1.75
stats	-0.19	1.78
reckless	-0.19	1.86
differently	-0.19	2.31
past	-0.18	2.01
regarding	-0.18	2.30
50	-0.18	1.61
contract	-0.18	1.51
shaped	-0.18	1.78
illegal	-0.18	2.56
elbow	-0.18	1.53
friction	-0.18	1.69
described	-0.18	2.17
students	-0.18	1.75
believing	-0.18	2.38
flop	-0.18	1.65
platform	-0.18	1.77
guns	-0.18	1.69
impression	-0.18	1.89
balls	-0.18	1.49
box	-0.18	1.40
upside	-0.18	1.74
length	-0.18	1.72
considered	-0.18	2.57
bucks	-0.18	1.80
opponent	-0.18	1.57
existence	-0.18	2.13
parallel	-0.18	1.88
70	-0.18	1.65
400	-0.18	1.64
underneath	-0.18	1.64
cans	-0.18	1.25
pound	-0.18	1.67
meters	-0.18	1.83
engine	-0.18	1.50
ft	-0.18	1.75
define	-0.17	2.61
cap	-0.17	1.39
international	-0.17	1.94
launched	-0.17	1.59
appeared	-0.17	1.21
cycle	-0.17	1.73
fired	-0.17	1.61
utterly	-0.17	2.18
carried	-0.17	1.72
trend	-0.17	1.84
block	-0.17	1.65
180	-0.17	1.79
on	-0.17	2.07
leg	-0.17	1.61
miles	-0.17	1.85
worked	-0.17	2.33
yards	-0.17	1.81
citizens	-0.17	1.66
merely	-0.17	3.02
wheels	-0.17	1.72
inch	-0.17	1.68
bullets	-0.17	1.59
earn	-0.17	1.71
giving	-0.17	2.44
scored	-0.16	1.42
asians	-0.16	1.71
cannon	-0.16	1.55
firing	-0.16	1.63
drew	-0.16	1.37
steering	-0.16	1.72
round	-0.16	1.60
wear	-0.16	1.37
wasting	-0.16	1.96
studying	-0.16	1.93
circles	-0.16	1.78
25	-0.16	1.61
behave	-0.16	1.72
katy	-0.16	1.12
100	-0.16	1.61
detroit	-0.16	1.37
odd	-0.16	3.23
attitude	-0.16	1.91
worn	-0.16	1.39
45	-0.16	1.70
itself	-0.16	2.06
tires	-0.16	1.63
weapon	-0.16	1.65
compared	-0.16	1.79
frustrating	-0.16	3.15
technology	-0.15	1.88
vs	-0.15	1.41
authority	-0.15	2.11
measure	-0.15	1.76
ban	-0.15	1.94
feet	-0.15	1.85
intense	-0.15	2.52
efficient	-0.15	2.04
cube	-0.15	1.80
area	-0.15	1.62
momentum	-0.15	1.76
35	-0.15	1.61
countries	-0.15	1.96
analogy	-0.15	2.34
trucks	-0.15	1.43
mouth	-0.15	1.52
whose	-0.15	1.43
spider	-0.15	1.83
gate	-0.15	1.84
strike	-0.15	1.72
saturday	-0.15	1.74
tracks	-0.15	1.66
airport	-0.15	1.82
transport	-0.15	1.73
logic	-0.14	2.78
charity	-0.14	1.76
directions	-0.14	1.83
reactions	-0.14	1.83
presumably	-0.14	2.24
fireball	-0.14	1.32
minute	-0.14	2.05
friday	-0.14	1.69
paying	-0.14	1.60
dollar	-0.14	1.60
strict	-0.14	1.94
value	-0.14	1.74
9	-0.14	1.64
happiness	-0.14	2.20
jet	-0.14	1.49
degrees	-0.14	1.73
shoulder	-0.14	1.63
student	-0.14	1.70
misleading	-0.14	2.56
independent	-0.14	1.47
tax	-0.14	1.45
pockets	-0.14	1.44
trolling	-0.14	2.31
brakes	-0.14	1.70
gloves	-0.14	1.38
completely	-0.14	2.57
society	-0.14	1.72
biology	-0.14	1.77
ticket	-0.14	1.69
bullet	-0.14	1.62
racing	-0.14	1.53
offered	-0.14	1.98
acceleration	-0.14	1.80
mass	-0.14	1.74
opportunity	-0.14	2.42
force	-0.14	1.74
moved	-0.14	1.82
salad	-0.14	1.03
lift	-0.14	1.79
covers	-0.14	1.49
involves	-0.13	1.86
wrapped	-0.13	1.59
hour	-0.13	1.96
22	-0.13	1.59
levels	-0.13	1.69
equal	-0.13	1.83
concrete	-0.13	1.59
tea	-0.13	1.18
extra	-0.13	2.13
prick	-0.13	2.23
wears	-0.13	1.39
sun	-0.13	1.75
luckily	-0.13	2.03
attack	-0.13	1.64
real	-0.13	3.60
physics	-0.13	2.05
walls	-0.13	1.68
average	-0.13	1.77
string	-0.13	1.58
support	-0.13	2.36
2010	-0.13	1.74
excited	-0.13	3.84
focus	-0.13	1.85
smug	-0.13	2.30
focused	-0.13	1.72
against	-0.13	1.57
traction	-0.13	1.70
unnecessary	-0.13	2.21
myth	-0.13	2.28
entering	-0.13	1.91
posting	-0.13	1.91
alternate	-0.13	1.53
statement	-0.13	3.40
shirts	-0.12	1.42
gravity	-0.12	1.75
ships	-0.12	1.57
spins	-0.12	1.80
match	-0.12	1.46
answered	-0.12	3.15
beach	-0.12	1.49
shark	-0.12	1.37
crossed	-0.12	1.95
brings	-0.12	1.97
directly	-0.12	2.08
clothing	-0.12	1.38
jumps	-0.12	1.81
elevator	-0.12	1.74
crashes	-0.12	1.85
voting	-0.12	2.15
objects	-0.12	1.71
hips	-0.12	1.65
pedantic	-0.12	2.44
sits	-0.12	1.97
play	-0.12	1.46
torque	-0.12	1.72
brake	-0.12	1.74
lonely	-0.12	3.60
awkward	-0.12	3.37
city	-0.12	1.57
bodies	-0.12	1.60
surfing	-0.12	1.48
swat	-0.12	1.95
unit	-0.12	1.66
citizen	-0.12	1.93
weight	-0.12	1.76
carrier	-0.12	1.55
tight	-0.12	1.57
justified	-0.12	1.99
density	-0.11	1.63
construction	-0.11	1.82
lands	-0.11	1.72
woods	-0.11	1.65
performed	-0.11	1.92
balance	-0.11	1.77
dolphins	-0.11	1.51
later	-0.11	2.02
sucker	-0.11	1.95
radius	-0.11	1.71
states	-0.11	1.82
capacity	-0.11	1.93
infinite	-0.11	1.58
floating	-0.11	1.65
uncommon	-0.11	2.28
inches	-0.11	1.81
paid	-0.11	1.57
wearing	-0.11	1.39
wheel	-0.11	1.75
presented	-0.11	2.57
gears	-0.11	1.78
claims	-0.11	2.65
solar	-0.11	1.83
putin	-0.11	1.48
banned	-0.11	2.10
windshield	-0.11	1.66
main	-0.11	1.57
slam	-0.11	1.88
agent	-0.11	1.50
weak	-0.11	1.93
garage	-0.11	1.88
built	-0.11	1.77
individuals	-0.11	1.80
kick	-0.10	1.66
cities	-0.10	1.58
carry	-0.10	1.86
connected	-0.10	1.68
prize	-0.10	1.44
tongue	-0.10	1.56
hours	-0.10	1.99
middle	-0.10	2.04
united	-0.10	1.91
project	-0.10	1.73
facts	-0.10	3.02
funnier	-0.10	2.33
bin	-0.10	1.69
square	-0.10	1.63
mirror	-0.10	1.64
island	-0.10	1.62
russians	-0.10	1.60
shotgun	-0.10	1.66
response	-0.10	2.43
rifle	-0.10	1.66
2014	-0.10	1.82
cooking	-0.10	1.16
bust	-0.10	2.03
propaganda	-0.10	1.72
shirt	-0.10	1.44
life	-0.10	2.35
cost	-0.10	1.59
row	-0.10	1.74
shoulders	-0.10	1.55
downvotes	-0.10	2.02
subreddit	-0.10	2.06
upon	-0.10	1.98
light	-0.10	1.62
visible	-0.10	1.64
rain	-0.10	1.51
poles	-0.10	1.65
exploded	-0.10	1.77
purpose	-0.10	2.78
min	-0.10	1.99
angel	-0.09	1.37
truck	-0.09	1.62
arrived	-0.09	1.76
ski	-0.09	1.68
rounds	-0.09	1.61
flips	-0.09	1.86
weights	-0.09	1.83
act	-0.09	1.79
brains	-0.09	1.77
grass	-0.09	1.42
pig	-0.09	1.53
locked	-0.09	2.08
classes	-0.09	1.76
blown	-0.09	1.92
success	-0.09	1.64
dominant	-0.09	1.99
tennis	-0.09	1.49
mph	-0.09	1.85
reflection	-0.09	1.72
saving	-0.09	1.59
respond	-0.09	2.67
reddit	-0.09	1.83
bully	-0.09	1.86
engineering	-0.09	1.77
made	-0.09	2.50
backed	-0.09	2.38
rational	-0.09	2.20
everybody	-0.09	2.88
loaded	-0.09	1.69
360	-0.09	1.79
ear	-0.09	1.58
mammals	-0.08	1.46
robber	-0.08	1.66
racist	-0.08	2.22
angle	-0.08	1.73
range	-0.08	1.62
hd	-0.08	1.36
gifs	-0.08	1.64
university	-0.08	1.73
goals	-0.08	1.36
ours	-0.08	1.94
backing	-0.08	2.54
needed	-0.08	2.38
submit	-0.08	1.90
upper	-0.08	1.65
skate	-0.08	1.79
orange	-0.08	1.52
weeks	-0.08	2.00
lazy	-0.08	2.30
launch	-0.08	1.61
learn	-0.08	2.95
ink	-0.08	1.44
view	-0.08	1.71
upvoting	-0.08	2.08
acts	-0.08	1.49
pin	-0.08	1.74
negative	-0.08	1.91
secure	-0.08	2.22
experiment	-0.08	1.98
process	-0.08	2.35
mins	-0.08	1.94
touched	-0.08	1.72
dodge	-0.08	1.79
11	-0.08	1.60
freeze	-0.07	1.59
properly	-0.07	2.89
electricity	-0.07	1.55
corners	-0.07	1.76
subs	-0.07	1.87
subreddits	-0.07	1.87
posts	-0.07	1.94
beliefs	-0.07	2.16
boots	-0.07	1.40
r/videos	-0.07	1.89
olympics	-0.07	1.53
17	-0.07	1.60
hiding	-0.07	1.79
our	-0.07	1.99
weapons	-0.07	1.61
occasionally	-0.07	1.60
submission	-0.07	1.90
helmet	-0.07	1.46
sunglasses	-0.07	1.41
19	-0.07	1.60
live	-0.07	1.77
town	-0.07	1.79
evidence	-0.07	2.80
michigan	-0.07	1.49
jacket	-0.07	1.43
months	-0.07	1.98
downvoted	-0.07	2.82
punch	-0.07	1.74
alien	-0.07	1.46
mountains	-0.07	1.51
skating	-0.07	1.74
bumper	-0.07	1.63
users	-0.07	1.73
hotel	-0.07	1.69
ruin	-0.06	1.40
flip	-0.06	1.87
some	-0.06	2.53
operate	-0.06	1.85
cock	-0.06	1.65
slowed	-0.06	1.84
exception	-0.06	2.55
leash	-0.06	1.61
specific	-0.06	1.80
switch	-0.06	1.93
staring	-0.06	2.00
frog	-0.06	1.53
mildly	-0.06	2.66
red	-0.06	1.64
contribute	-0.06	2.64
river	-0.06	1.53
2012	-0.06	1.69
glasses	-0.06	1.40
pm	-0.06	2.59
airplane	-0.06	1.60
supply	-0.06	1.39
replying	-0.06	3.38
privacy	-0.06	1.79
developed	-0.06	1.76
patterns	-0.06	1.77
novelty	-0.06	1.89
plans	-0.05	1.32
trial	-0.05	2.16
demand	-0.05	1.33
fields	-0.05	1.47
plates	-0.05	1.61
nation	-0.05	2.49
defense	-0.05	1.73
rocket	-0.05	1.43
paint	-0.05	1.37
above	-0.05	2.42
recorded	-0.05	2.00
protection	-0.05	1.65
21	-0.05	1.58
ironic	-0.05	2.41
reaction	-0.05	2.24
constant	-0.05	1.75
harmless	-0.05	1.91
rockets	-0.05	1.52
colors	-0.05	1.59
sorta	-0.05	2.62
dominance	-0.05	1.76
smarter	-0.05	1.89
imaginary	-0.05	1.81
disturbing	-0.05	3.12
scale	-0.05	1.65
phenomenon	-0.05	1.90
trunk	-0.05	1.77
brief	-0.05	1.77
steps	-0.05	1.80
flying	-0.05	1.52
r/funny	-0.05	2.07
zombie	-0.05	1.73
rapidly	-0.05	1.62
pistol	-0.05	1.71
tower	-0.05	1.58
color	-0.05	1.62
sky	-0.05	1.52
combine	-0.04	1.66
their	-0.04	1.68
perspective	-0.04	1.95
grip	-0.04	1.77
america	-0.04	1.86
build	-0.04	1.68
tech	-0.04	1.74
advantage	-0.04	1.79
wore	-0.04	1.43
tests	-0.04	1.82
ukraine	-0.04	1.64
machine	-0.04	1.74
planning	-0.04	1.65
minutes	-0.04	1.97
strap	-0.04	1.57
lick	-0.04	1.52
apart	-0.04	1.97
rail	-0.04	1.62
poke	-0.04	1.75
shift	-0.04	1.96
region	-0.04	1.66
cash	-0.04	1.56
shaking	-0.04	1.94
system	-0.04	1.71
hitler	-0.04	1.45
chunk	-0.04	1.36
sec	-0.04	1.86
gymnastics	-0.04	2.02
testing	-0.04	1.79
apartment	-0.04	1.69
stream	-0.04	1.27
high	-0.04	1.74
14	-0.04	1.60
robots	-0.04	1.51
battery	-0.03	1.56
asshole	-0.03	2.21
hill	-0.03	1.70
storm	-0.03	1.59
yard	-0.03	1.49
profit	-0.03	1.43
linking	-0.03	1.69
gained	-0.03	1.70
costs	-0.03	1.55
edge	-0.03	1.75
close	-0.03	2.80
gain	-0.03	1.71
r/gifs	-0.03	1.91
sub	-0.03	1.89
nuclear	-0.03	1.55
teaching	-0.03	1.98
location	-0.03	1.75
elsewhere	-0.03	2.52
like	-0.03	3.30
research	-0.03	2.13
principle	-0.03	2.05
arms	-0.03	1.62
basement	-0.03	1.65
opened	-0.03	2.01
replies	-0.03	2.61
target	-0.03	1.70
5th	-0.03	1.98
13	-0.03	1.61
page	-0.03	1.84
cage	-0.03	1.34
cooler	-0.03	2.17
gun	-0.03	1.71
confident	-0.03	3.52
html5	-0.03	1.59
closing	-0.03	1.83
complete	-0.03	1.82
backflip	-0.03	1.83
hats	-0.03	1.39
sugar	-0.02	1.22
perfectly	-0.02	2.45
ridiculous	-0.02	2.58
enemy	-0.02	1.63
marine	-0.02	1.60
barrel	-0.02	1.58
consistently	-0.02	1.72
guards	-0.02	1.62
head	-0.02	1.64
factory	-0.02	1.31
bare	-0.02	1.60
difference	-0.02	2.73
charging	-0.02	1.63
downtown	-0.02	1.55
electrical	-0.02	1.58
tomorrow	-0.02	1.84
sets	-0.02	1.58
please	-0.02	3.06
teachers	-0.02	1.76
load	-0.02	1.66
ring	-0.02	1.31
science	-0.02	2.10
pose	-0.02	1.75
source	-0.02	2.51
woke	-0.02	1.80
check	-0.02	2.57
lightning	-0.02	1.46
limbs	-0.02	1.58
chemistry	-0.02	1.66
pictures	-0.02	1.57
penis	-0.02	1.52
reasonable	-0.02	2.41
tbh	-0.02	2.63
massive	-0.02	1.67
brazil	-0.02	1.81
buildings	-0.02	1.67
jeans	-0.02	1.44
years	-0.02	1.89
rush	-0.02	1.83
your	-0.01	1.95
zero	-0.01	1.94
temperature	-0.01	1.58
huge	-0.01	1.79
link	-0.01	1.79
vision	-0.01	1.66
2013	-0.01	1.70
country	-0.01	2.15
cheat	-0.01	1.64
seconds	-0.01	1.93
teach	-0.01	2.10
winning	-0.01	1.44
gfycat	-0.01	1.59
buzz	-0.01	1.87
browse	-0.01	1.80
shorts	-0.01	1.45
manner	-0.01	2.01
lunch	-0.01	1.22
small	-0.01	1.71
angles	-0.01	1.64
tanks	-0.01	1.57
studies	-0.01	2.17
cold	-0.01	1.45
blocks	-0.01	1.61
planet	-0.01	1.68
cross	-0.01	1.92
reposting	-0.00	1.86
ago	-0.00	1.95
green	-0.00	1.64
communicate	-0.00	2.55
checking	-0.00	1.86
semi	-0.00	1.65
warning	-0.00	1.79
yellow	-0.00	1.60
surrounded	-0.00	1.78
referred	-0.00	2.29
culture	-0.00	1.46
additional	-0.00	1.94
represent	-0.00	1.75
winter	-0.00	1.47
direct	0.00	1.76
elementary	0.00	1.76
during	0.00	1.79
piece	0.00	1.66
industry	0.00	1.45
plan	0.00	1.63
whom	0.00	1.61
handling	0.00	1.50
visit	0.00	1.62
pocket	0.00	1.50
sticks	0.00	1.62
trigger	0.00	1.61
90	0.00	1.62
helped	0.00	2.17
pixels	0.01	1.53
hoop	0.01	1.60
brick	0.01	1.58
discussion	0.01	2.82
funniest	0.01	3.62
cheating	0.01	1.53
belt	0.01	1.50
wire	0.01	1.53
purple	0.01	1.68
comments	0.01	2.24
state	0.01	1.70
microwave	0.01	1.35
18	0.01	1.57
23	0.01	1.57
from	0.01	2.17
ship	0.01	1.48
waist	0.01	1.62
plane	0.01	1.56
lied	0.01	1.93
accurately	0.01	2.38
heavy	0.01	1.68
transportation	0.01	1.74
clutch	0.01	1.71
late	0.01	1.90
encounter	0.01	1.75
taught	0.01	1.89
rally	0.01	1.61
lost	0.01	1.80
disappointing	0.01	3.28
nyc	0.01	1.50
painted	0.01	1.45
skateboard	0.02	1.73
bolt	0.02	1.63
rear	0.02	1.63
foam	0.02	1.49
company	0.02	1.38
top	0.02	1.88
private	0.02	1.45
weather	0.02	1.46
ant	0.02	1.70
effect	0.02	1.88
resources	0.02	1.75
professor	0.02	1.65
president	0.02	1.38
transfer	0.02	1.74
note	0.02	2.17
wait	0.02	3.80
enter	0.02	2.01
absolute	0.02	2.94
open	0.02	1.97
fireworks	0.02	1.55
mask	0.02	1.47
allows	0.02	2.11
aka	0.02	1.31
afford	0.02	1.62
awareness	0.02	1.68
digital	0.02	1.28
control	0.02	1.70
<SPECIAL>	0.03	1.52
<URL>	0.03	1.52
nsa	0.03	1.54
forces	0.03	1.73
schools	0.03	1.70
calling	0.03	2.32
loads	0.03	1.67
flight	0.03	1.65
beam	0.03	1.60
recognized	0.03	1.97
reasoning	0.03	2.47
bright	0.03	1.60
sort	0.03	2.32
apples	0.03	1.22
tumblr	0.03	1.76
tour	0.03	1.43
blocked	0.03	1.59
messed	0.03	2.33
imgur	0.03	1.60
nut	0.03	1.53
cultural	0.03	1.62
whore	0.03	1.99
lets	0.03	2.75
anal	0.03	1.27
silly	0.04	3.11
folks	0.04	2.10
16	0.04	1.57
current	0.04	1.49
recall	0.04	2.39
hunt	0.04	1.44
insult	0.04	2.34
twat	0.04	2.21
camp	0.04	1.65
jealous	0.04	3.67
headed	0.04	1.90
protective	0.04	1.46
muscles	0.04	1.81
maintain	0.04	2.01
double	0.04	1.78
connect	0.04	2.17
positions	0.04	1.80
nose	0.04	1.53
eggs	0.04	1.01
pair	0.04	1.38
door	0.04	1.91
instructions	0.04	1.80
behaviour	0.04	1.73
laughing	0.04	2.13
viral	0.04	1.59
replied	0.05	3.43
repost	0.05	1.89
bank	0.05	1.62
stable	0.05	2.27
tone	0.05	2.04
tall	0.05	1.65
blue	0.05	1.60
suspension	0.05	1.53
materials	0.05	1.59
begins	0.05	1.82
trained	0.05	1.49
coast	0.05	1.54
government	0.05	1.59
coat	0.05	1.40
colour	0.05	1.57
legal	0.05	2.67
hands	0.05	1.71
delivery	0.05	1.42
natural	0.05	1.85
shadow	0.05	1.76
hip	0.06	1.55
mechanical	0.06	1.81
his	0.06	1.63
activity	0.06	1.62
pole	0.06	1.63
exercise	0.06	2.17
scientific	0.06	2.45
upload	0.06	1.57
compete	0.06	1.54
apparently	0.06	3.47
arm	0.06	1.59
witness	0.06	1.93
pattern	0.06	1.79
penguin	0.06	1.81
study	0.06	2.11
tickets	0.06	1.58
pacific	0.06	1.51
shooter	0.06	1.57
dress	0.06	1.39
seals	0.06	1.38
superior	0.07	1.65
dot	0.07	1.71
douchebag	0.07	2.13
buried	0.07	1.97
moron	0.07	2.37
installed	0.07	1.75
changes	0.07	1.77
voice	0.07	1.59
viewing	0.07	1.66
crow	0.07	2.01
results	0.07	2.05
creation	0.07	2.03
sweden	0.07	1.59
lived	0.07	1.62
doors	0.07	1.86
blanket	0.07	1.67
u.s	0.07	1.60
days	0.07	1.91
method	0.07	2.10
amusing	0.07	3.28
thumb	0.07	1.57
dumbass	0.07	2.23
personality	0.07	1.70
accidentally	0.07	2.13
phase	0.07	1.85
plastic	0.07	1.40
grabbing	0.07	1.60
sized	0.08	1.54
bag	0.08	1.32
size	0.08	1.61
legs	0.08	1.59
human	0.08	1.69
mechanics	0.08	1.86
pop	0.08	1.51
closed	0.08	1.95
jackdaw	0.08	2.33
automatically	0.08	1.78
na	0.08	3.17
links	0.08	1.70
drift	0.08	2.21
biting	0.08	1.54
mechanism	0.08	1.85
pump	0.08	1.59
pilots	0.08	1.57
physical	0.08	1.85
sport	0.08	1.51
sight	0.08	1.78
colored	0.08	1.55
hall	0.08	1.74
white	0.08	1.66
instinct	0.08	1.66
nerd	0.08	1.98
shown	0.09	2.01
expression	0.09	2.26
chickens	0.09	1.35
tap	0.09	1.48
generations	0.09	1.49
poorly	0.09	2.32
laugh	0.09	2.40
provide	0.09	2.43
wings	0.09	1.45
quiet	0.09	1.93
california	0.09	1.62
continue	0.09	2.31
laser	0.09	1.54
central	0.09	1.56
ghost	0.09	1.58
germany	0.09	1.52
magnetic	0.09	1.49
milk	0.09	1.14
market	0.09	1.38
default	0.09	1.76
return	0.09	2.10
depth	0.09	1.70
sold	0.09	1.20
opens	0.09	1.85
members	0.09	1.56
europe	0.09	1.59
ie	0.09	1.77
thoroughly	0.09	2.51
audience	0.09	1.50
eastern	0.09	1.55
decides	0.09	2.99
grow	0.09	1.51
minor	0.09	2.07
amount	0.09	1.84
post	0.09	2.06
competition	0.09	1.55
dramatic	0.09	1.65
thoughts	0.09	1.96
locks	0.10	1.80
aim	0.10	1.61
win	0.10	1.52
identical	0.10	1.57
between	0.10	1.90
office	0.10	1.91
thin	0.10	1.49
ohio	0.10	1.55
tree	0.10	1.46
failed	0.10	2.16
teenager	0.10	2.12
summer	0.10	1.59
tagged	0.10	1.79
hung	0.10	1.89
opposed	0.10	1.78
lasers	0.10	1.53
tonight	0.10	1.79
attracted	0.10	1.66
building	0.10	1.72
arrow	0.10	1.75
url	0.10	1.63
asia	0.10	1.57
hawk	0.10	1.51
navy	0.10	1.54
op	0.11	1.99
application	0.11	2.12
disappoint	0.11	2.70
forgotten	0.11	2.27
skater	0.11	1.74
serve	0.11	1.31
reality	0.11	2.35
fucker	0.11	2.26
protected	0.11	1.79
fair	0.11	3.85
sliding	0.11	1.72
cheetah	0.11	1.53
year	0.11	1.80
mall	0.11	1.60
meant	0.11	4.84
environment	0.11	1.71
sheet	0.11	1.47
france	0.11	1.57
suits	0.11	1.39
africa	0.11	1.59
ops	0.11	1.79
shot	0.11	1.81
1000	0.11	1.62
ate	0.11	1.08
shield	0.11	1.44
hand	0.11	1.64
purchase	0.11	1.44
raising	0.11	1.46
tab	0.11	1.81
mexico	0.12	1.60
union	0.12	1.54
champion	0.12	2.14
mods	0.12	2.03
living	0.12	1.80
minus	0.12	1.61
nail	0.12	1.65
rubber	0.12	1.44
elaborate	0.12	2.10
products	0.12	1.37
northern	0.12	1.51
punches	0.12	1.61
bell	0.12	1.16
wood	0.12	1.50
guard	0.12	1.64
literally	0.12	2.33
raise	0.12	1.55
shell	0.12	1.40
east	0.12	1.54
texas	0.12	1.56
prepare	0.12	1.91
wasted	0.12	1.70
thread	0.13	2.34
likes	0.13	2.96
predators	0.13	1.41
religious	0.13	1.96
hopes	0.13	1.73
examples	0.13	2.30
development	0.13	1.56
rock	0.13	1.47
reflex	0.13	1.81
grows	0.13	1.55
scroll	0.13	1.86
sexual	0.13	1.78
trees	0.13	1.35
houses	0.13	1.57
behavior	0.13	1.74
apple	0.13	1.35
stance	0.13	1.79
oc	0.13	1.89
applied	0.13	2.15
unidan	0.14	2.11
frames	0.14	1.70
evolve	0.14	1.71
retard	0.14	2.38
recent	0.14	1.70
clicking	0.14	2.20
careful	0.14	2.51
limited	0.14	1.80
background	0.14	1.56
differ	0.14	1.87
usa	0.14	1.56
bombs	0.14	1.72
circle	0.14	1.49
votes	0.14	2.16
stolen	0.14	1.67
genetic	0.14	1.57
tear	0.14	1.80
incorrect	0.14	4.34
times	0.14	1.84
quick	0.14	2.24
southern	0.14	1.53
layer	0.14	1.51
deaf	0.14	1.67
backyard	0.14	1.50
bulls	0.14	1.42
x-post	0.14	2.06
florida	0.14	1.56
lines	0.15	1.60
alaska	0.15	1.45
original	0.15	2.29
stock	0.15	1.47
mixed	0.15	1.39
primary	0.15	1.83
magnet	0.15	1.52
lens	0.15	1.57
snow	0.15	1.43
tape	0.15	1.57
missing	0.15	4.22
won	0.15	1.48
frame	0.15	1.51
versus	0.15	1.56
strip	0.15	1.38
subscribed	0.15	1.93
picture	0.15	1.69
redditor	0.15	1.76
er	0.15	2.11
flash	0.15	1.36
pilot	0.15	1.57
breakfast	0.15	1.02
canada	0.15	1.59
london	0.15	1.52
interaction	0.15	1.67
cheer	0.15	1.69
accounts	0.15	2.04
useless	0.15	2.18
recording	0.15	1.46
prime	0.15	1.67
egg	0.16	1.00
toes	0.16	1.55
strategy	0.16	1.66
boxes	0.16	1.27
early	0.16	1.82
atleast	0.16	1.95
winner	0.16	1.69
legitimate	0.16	2.15
bought	0.16	1.26
upvoted	0.16	2.12
sent	0.16	2.01
companies	0.16	1.42
youre	0.16	2.42
pink	0.16	1.57
males	0.16	1.66
cod	0.16	1.41
triple	0.16	1.91
file	0.16	1.54
thief	0.16	1.65
opponents	0.16	1.59
controls	0.16	1.54
loading	0.16	1.66
fashion	0.16	1.51
home	0.16	1.90
hover	0.16	1.66
originally	0.16	3.09
missile	0.16	1.58
kicks	0.16	1.56
invented	0.16	1.99
meat	0.16	1.07
service	0.16	1.80
downvote	0.16	2.11
south	0.17	1.53
mission	0.17	1.46
bot	0.17	2.29
narrow	0.17	1.80
tl	0.17	1.50
staff	0.17	1.61
helicopter	0.17	1.56
80	0.17	1.57
r/aww	0.17	1.93
theres	0.17	1.94
belief	0.17	2.11
neckbeard	0.17	1.84
sam	0.17	1.26
customers	0.17	1.43
sees	0.17	2.95
material	0.17	1.57
advertising	0.17	1.46
goats	0.17	1.41
shape	0.17	1.75
similar	0.17	2.09
bound	0.17	1.72
north	0.17	1.53
octopus	0.17	1.37
bacon	0.18	1.16
missiles	0.18	1.58
houston	0.18	1.44
reward	0.18	1.63
european	0.18	1.63
mid	0.18	1.71
prey	0.18	1.44
hunting	0.18	1.44
commented	0.18	2.78
delete	0.18	2.37
press	0.18	1.86
upvotes	0.18	1.99
weekend	0.18	1.72
finger	0.18	1.55
ages	0.18	1.91
robot	0.18	1.71
healthy	0.18	2.18
cheek	0.18	1.52
imagination	0.18	1.70
desert	0.18	1.59
records	0.18	2.03
karma	0.18	1.90
function	0.18	1.90
bump	0.19	1.68
fingers	0.19	1.54
netherlands	0.19	1.53
duty	0.19	1.60
click	0.19	1.76
category	0.19	1.48
nye	0.19	2.25
purposes	0.19	1.92
tells	0.19	2.95
proud	0.19	3.49
san	0.19	1.48
generation	0.19	2.17
crab	0.19	1.49
york	0.19	1.42
sunday	0.19	1.73
points	0.19	1.65
male	0.19	1.83
cut	0.19	1.55
ham	0.19	2.32
basic	0.19	2.09
olympic	0.19	1.64
pro	0.19	1.48
2000	0.19	1.73
horse	0.20	1.41
england	0.20	1.57
jam	0.20	1.43
soldier	0.20	1.57
voted	0.20	2.32
landing	0.20	1.62
military	0.20	1.65
bass	0.20	1.53
extension	0.20	1.63
photos	0.20	1.71
corn	0.20	1.10
versions	0.20	1.49
500	0.20	1.55
blades	0.20	1.49
neighborhood	0.20	1.57
joke	0.20	2.25
button	0.20	1.73
bringing	0.20	2.04
cart	0.21	1.48
wwe	0.21	1.55
systems	0.21	1.59
buying	0.21	1.46
steady	0.21	1.81
necessary	0.21	2.39
clarify	0.21	4.78
list	0.21	2.17
freedom	0.21	1.73
stare	0.21	2.02
provided	0.21	2.46
core	0.21	1.67
ability	0.21	2.34
personal	0.21	1.85
growth	0.21	1.49
vagina	0.21	1.45
van	0.21	1.67
browsing	0.21	1.81
receiving	0.21	1.93
touching	0.21	1.60
deserved	0.21	1.89
clown	0.21	1.76
planes	0.21	1.53
chicago	0.21	1.43
using	0.21	2.06
r/wtf	0.22	1.95
eli5	0.22	2.44
example	0.22	2.78
social	0.22	1.68
aluminum	0.22	1.39
selection	0.22	1.58
jpg	0.22	1.50
address	0.22	2.40
regards	0.22	1.74
devices	0.22	1.56
murica	0.22	1.85
leap	0.22	1.80
workers	0.22	1.82
theyre	0.22	1.93
punishment	0.22	1.67
fight	0.23	1.58
beginning	0.23	1.47
hidden	0.23	1.88
aircraft	0.23	1.54
playing	0.23	1.33
ears	0.23	1.50
knife	0.23	1.58
australia	0.23	1.56
toe	0.23	1.52
revenge	0.23	1.34
changed	0.23	1.91
seriously	0.23	3.78
melt	0.23	1.30
slap	0.23	1.72
heads	0.23	1.66
pillow	0.23	1.49
mouse	0.23	1.48
ducks	0.23	1.40
titles	0.23	1.78
evolved	0.23	1.59
concept	0.23	2.45
hardware	0.23	1.46
report	0.23	2.02
effects	0.23	1.51
switched	0.24	1.91
faked	0.24	2.42
ram	0.24	1.41
methods	0.24	1.96
tracking	0.24	1.57
hunter	0.24	1.49
created	0.24	1.83
jar	0.24	1.26
opening	0.24	1.75
aggression	0.24	1.44
formula	0.24	1.66
educated	0.24	1.86
stays	0.24	2.16
curiosity	0.24	2.16
served	0.24	1.34
services	0.24	1.67
fights	0.25	1.60
fail	0.25	1.97
surprise	0.25	1.61
photo	0.25	1.54
member	0.25	1.63
house	0.25	1.80
lock	0.25	1.84
receive	0.25	1.81
account	0.25	1.98
bloody	0.25	1.85
analysis	0.25	2.22
pun	0.25	1.76
men	0.25	1.95
isnt	0.25	2.14
strong	0.26	1.87
image	0.26	1.51
appearance	0.26	1.55
tasty	0.26	1.15
xbox	0.26	1.36
computers	0.26	1.60
mod	0.26	1.78
suit	0.26	1.32
trainer	0.26	1.55
another	0.26	3.54
buy	0.26	1.46
naturally	0.26	1.55
christian	0.26	1.97
depressing	0.26	3.20
scientist	0.26	2.17
strikes	0.27	1.70
must	0.27	2.87
got	0.27	2.45
label	0.27	1.95
nails	0.27	1.50
capture	0.27	1.49
humans	0.27	1.51
gopro	0.27	1.45
medal	0.27	1.65
operating	0.27	1.79
magazine	0.27	1.68
console	0.27	1.42
survival	0.27	1.64
web	0.27	1.62
sped	0.27	1.78
powered	0.27	1.66
1/2	0.27	1.73
wreck	0.28	2.04
draw	0.28	1.67
ideas	0.28	1.89
blade	0.28	1.47
manager	0.28	1.87
burger	0.28	1.08
tune	0.28	1.47
looping	0.28	1.73
fist	0.28	1.52
sell	0.28	1.37
local	0.28	1.57
retired	0.28	1.40
phone	0.28	1.53
bowl	0.28	1.10
aside	0.28	2.05
accepted	0.28	2.28
metal	0.28	1.43
liar	0.29	2.11
future	0.29	2.00
darwin	0.29	1.72
inner	0.29	1.47
japan	0.29	1.55
internet	0.29	1.71
clock	0.29	1.45
perform	0.29	1.97
handled	0.29	1.88
lips	0.29	1.52
deer	0.29	1.42
buttons	0.29	1.73
monday	0.29	1.73
earned	0.29	1.79
bite	0.29	1.49
sums	0.29	1.53
controlled	0.29	1.58
soviet	0.29	1.52
sign	0.29	2.38
controller	0.29	1.40
sonic	0.29	1.55
extended	0.29	1.66
chest	0.29	1.52
im	0.30	3.13
moves	0.30	1.82
deliver	0.30	1.95
gaming	0.30	1.39
steel	0.30	1.44
well	0.30	3.79
wrap	0.30	1.51
china	0.30	1.55
predator	0.30	1.41
oculus	0.30	1.42
power	0.30	1.63
device	0.30	1.60
alternative	0.30	2.04
armor	0.30	1.48
referencing	0.30	2.46
mobile	0.30	1.67
curve	0.30	1.69
territory	0.30	1.49
okay	0.30	4.24
persons	0.30	1.90
windows	0.30	1.63
difficulty	0.30	1.70
replace	0.31	1.82
task	0.31	1.90
giant	0.31	1.49
guide	0.31	1.64
contest	0.31	1.46
religion	0.31	2.03
tricks	0.31	2.21
log	0.31	1.79
delivered	0.31	1.90
sword	0.31	1.48
women	0.31	1.85
cook	0.31	1.06
brown	0.31	1.47
steak	0.31	1.10
alpha	0.32	1.70
muscle	0.32	1.72
cutting	0.32	1.49
uniform	0.32	1.48
available	0.32	1.61
knowledge	0.32	1.96
dash	0.32	1.41
perception	0.32	1.65
pack	0.32	1.37
carefully	0.32	2.30
below	0.32	2.03
vine	0.32	1.61
history	0.32	2.41
cameraman	0.32	1.69
convenient	0.32	2.12
music	0.32	1.48
wrestler	0.32	1.65
media	0.32	1.48
army	0.32	1.61
section	0.32	2.10
practicing	0.32	2.18
shots	0.32	1.59
received	0.32	1.82
jobs	0.32	1.80
pic	0.33	1.73
mad	0.33	2.86
animal	0.33	1.42
soldiers	0.33	1.56
candy	0.33	1.18
store	0.33	1.40
deserves	0.33	1.76
hippo	0.33	1.46
takes	0.33	1.89
rubbing	0.33	1.59
mount	0.33	1.87
greatly	0.33	1.67
site	0.33	1.63
forms	0.33	1.55
credit	0.33	1.84
flat	0.33	1.83
national	0.33	1.50
flag	0.33	1.59
games	0.33	1.49
knives	0.33	1.62
faith	0.33	2.09
walmart	0.33	1.36
visual	0.33	1.60
unlikely	0.34	1.94
forever	0.34	2.35
automatic	0.34	1.83
pc	0.34	1.40
restaurant	0.34	1.49
chicken	0.34	1.04
obligatory	0.34	1.69
res	0.34	1.68
stone	0.34	1.46
fool	0.34	2.20
train	0.34	1.81
simultaneously	0.34	1.92
realised	0.34	2.78
notes	0.34	1.66
watches	0.35	2.80
closely	0.35	1.92
excessive	0.35	1.85
asian	0.35	1.68
practical	0.35	2.00
manual	0.35	1.78
hmmm	0.35	1.94
lions	0.35	1.41
equipment	0.35	1.70
linked	0.35	2.04
backs	0.35	1.55
lessons	0.35	1.83
song	0.35	1.45
stars	0.35	1.54
surface	0.35	1.56
aiming	0.35	1.65
breeding	0.36	1.40
century	0.36	1.90
claw	0.36	1.43
peace	0.36	1.71
spring	0.36	1.56
laptop	0.36	1.55
smack	0.36	1.81
suggested	0.36	2.56
add	0.36	2.32
rainbow	0.36	1.55
reliable	0.36	2.08
meme	0.36	1.72
planned	0.36	1.90
phones	0.36	1.51
static	0.36	1.60
brb	0.36	1.93
beyond	0.36	1.95
includes	0.36	2.13
chrome	0.36	1.81
tyson	0.36	1.88
hood	0.37	1.64
loops	0.37	1.66
grocery	0.37	1.38
actual	0.37	2.15
bananas	0.37	1.06
dangerous	0.37	2.31
facebook	0.37	1.71
cow	0.37	1.38
photoshop	0.37	1.89
adding	0.37	1.94
solo	0.37	1.38
connection	0.37	1.66
mini	0.37	1.40
learning	0.37	2.49
bouncing	0.37	1.63
wrestling	0.37	1.57
cam	0.37	1.57
monsters	0.37	1.76
bears	0.37	1.41
faggot	0.37	2.25
simulator	0.37	1.52
dr	0.37	1.30
produced	0.37	1.21
fries	0.37	1.10
update	0.37	1.98
rolls	0.37	1.47
hat	0.37	1.48
bow	0.38	1.61
eye	0.38	1.72
boom	0.38	1.88
station	0.38	1.45
thick	0.38	1.60
stores	0.38	1.30
dinosaurs	0.38	1.43
invisible	0.38	1.63
punk	0.38	1.53
licking	0.38	1.45
pi	0.38	1.80
aliens	0.38	1.56
vacation	0.38	1.51
al	0.39	1.90
employees	0.39	1.76
selling	0.39	1.24
buffalo	0.39	1.35
twitter	0.39	1.73
images	0.39	1.45
fighting	0.39	1.47
rift	0.39	1.45
operator	0.39	1.64
browser	0.39	1.63
party	0.39	1.38
wan	0.39	2.64
exchange	0.39	1.90
figures	0.39	1.61
palm	0.39	1.43
paper	0.39	1.56
foreign	0.39	2.08
twist	0.39	1.40
upgrade	0.39	1.65
sources	0.39	2.31
played	0.40	1.35
sheep	0.40	1.65
ass	0.40	1.83
minimum	0.40	1.70
found	0.40	2.33
comnts	0.40	1.77
stroke	0.40	1.46
kingdom	0.40	2.05
pranks	0.40	1.73
animals	0.40	1.39
program	0.40	1.64
radio	0.40	1.50
presence	0.40	1.85
crows	0.40	1.65
quit	0.40	1.46
sayin	0.41	2.68
item	0.41	1.26
stabilized	0.41	1.69
maneuver	0.41	1.81
advice	0.41	2.20
seal	0.41	1.50
mac	0.41	1.49
department	0.41	1.65
entertainment	0.41	1.34
iphone	0.41	1.52
reversed	0.41	2.57
software	0.41	1.59
tears	0.42	2.14
boxing	0.42	1.61
map	0.42	1.62
popcorn	0.42	1.13
west	0.42	1.53
screen	0.42	1.52
award	0.42	1.65
android	0.42	1.58
hair	0.42	1.46
input	0.42	1.86
numbers	0.42	1.89
adds	0.42	1.71
promise	0.42	2.29
bird	0.42	1.44
website	0.42	1.63
pointing	0.42	3.42
polar	0.43	1.41
ali	0.43	1.90
tables	0.43	1.53
potato	0.43	1.02
trade	0.43	1.58
species	0.43	1.52
added	0.43	2.35
comment	0.43	2.69
prefer	0.43	1.25
boxer	0.43	1.91
customer	0.43	1.57
search	0.43	1.86
troll	0.43	2.03
cunt	0.43	2.31
boxers	0.44	1.88
olds	0.44	1.62
called	0.44	2.17
status	0.44	1.63
aggressive	0.44	1.56
fat	0.44	1.89
champ	0.44	1.63
simple	0.44	2.07
females	0.44	1.71
period	0.44	2.01
security	0.44	1.75
evolutionary	0.44	1.75
bags	0.44	1.31
monkey	0.45	1.42
pics	0.45	1.61
caring	0.45	1.01
exact	0.45	2.88
em	0.45	2.73
fake	0.45	2.65
beats	0.45	1.76
stands	0.45	2.28
parks	0.45	1.47
families	0.45	1.41
elephant	0.45	1.55
desktop	0.45	1.60
turtles	0.45	1.36
lizard	0.45	1.49
improved	0.45	1.50
mma	0.45	1.59
lion	0.45	1.43
mexican	0.45	1.72
dressed	0.45	1.52
rim	0.45	1.38
design	0.46	1.83
required	0.46	2.12
korea	0.46	1.49
combat	0.46	1.57
shop	0.46	1.54
jedi	0.46	1.35
computer	0.46	1.62
kangaroo	0.46	1.60
fought	0.46	1.48
access	0.46	1.84
hence	0.46	2.21
wallet	0.46	1.55
final	0.46	1.47
edgy	0.46	2.09
fools	0.46	1.70
remote	0.47	1.55
laughs	0.47	1.66
crack	0.47	1.54
ford	0.47	1.24
editing	0.47	1.47
bible	0.47	2.05
birth	0.47	1.40
retarded	0.47	3.02
acting	0.47	1.82
transition	0.47	1.41
smiling	0.47	3.21
raw	0.47	1.18
challenge	0.47	1.56
career	0.47	1.84
tool	0.47	2.04
unrelated	0.47	2.18
confusion	0.48	2.52
keys	0.48	1.82
fitness	0.48	1.74
grasp	0.48	2.45
bear	0.48	1.46
war	0.48	1.44
story	0.48	1.51
humor	0.48	1.84
enemies	0.48	1.43
banana	0.48	0.98
stage	0.48	1.57
accuracy	0.48	1.68
taco	0.48	1.22
mike	0.48	1.84
stuff	0.48	2.88
jackass	0.48	1.89
approve	0.48	1.78
cheap	0.48	1.43
refer	0.48	2.56
print	0.48	1.59
partner	0.48	1.54
pan	0.49	1.22
ancient	0.49	1.59
ok	0.49	4.08
alert	0.49	1.85
eagle	0.49	1.40
squirrel	0.49	1.45
app	0.50	1.65
shed	0.50	1.51
instincts	0.50	1.52
rice	0.50	0.99
plot	0.50	2.36
marketing	0.50	1.40
ouch	0.50	2.30
gap	0.50	1.81
brand	0.50	1.39
commonly	0.50	2.51
she	0.50	2.13
christians	0.50	2.10
bra	0.50	1.46
eyes	0.51	1.86
church	0.51	1.77
victory	0.51	1.51
lamp	0.51	1.72
logo	0.51	1.56
ad	0.51	1.51
form	0.51	1.98
turkey	0.51	1.16
apes	0.52	1.66
beings	0.52	1.61
ipad	0.52	1.65
pointed	0.52	2.80
hipster	0.52	2.05
card	0.52	1.28
training	0.52	1.87
deleted	0.52	2.68
via	0.52	1.84
cameras	0.52	1.40
thunder	0.52	1.54
competitive	0.52	1.51
claws	0.52	1.47
painting	0.52	1.42
dip	0.53	1.29
reading	0.53	2.74
install	0.53	1.87
motion	0.53	1.61
turtle	0.53	1.39
face	0.53	1.61
latest	0.53	1.48
understood	0.53	2.79
confirm	0.53	1.94
bounce	0.53	1.69
kid	0.53	2.10
stupid	0.53	2.39
gear	0.53	1.87
watched	0.53	2.03
galaxy	0.53	1.41
farm	0.53	1.25
drake	0.53	1.73
chin	0.53	1.52
rabbit	0.54	1.38
command	0.54	1.69
chips	0.54	1.09
y'all	0.54	2.28
periods	0.54	2.06
howard	0.54	1.43
monkeys	0.54	1.62
ads	0.54	1.52
pen	0.54	1.50
features	0.54	1.49
zoo	0.54	1.37
cue	0.54	1.53
falcon	0.54	1.61
ease	0.55	1.65
combination	0.55	1.65
movement	0.55	1.73
complex	0.55	1.95
trick	0.55	2.27
drum	0.55	1.42
crew	0.55	1.41
female	0.55	1.70
uk	0.55	1.52
refers	0.55	2.77
brought	0.56	1.72
camera	0.56	1.47
review	0.56	1.86
referring	0.56	4.19
vicious	0.56	1.58
dancing	0.56	1.54
spare	0.56	1.76
tail	0.57	1.61
latter	0.57	2.48
confirmed	0.57	1.92
fry	0.57	1.18
sharp	0.57	1.54
memory	0.57	1.54
sites	0.57	1.65
border	0.57	1.42
former	0.57	1.45
sex	0.57	1.69
lap	0.57	1.86
monitor	0.58	1.39
dinner	0.58	1.18
4chan	0.58	1.67
apps	0.58	1.67
interpretation	0.58	2.34
pussy	0.58	2.19
dinosaur	0.59	1.32
rc	0.59	1.42
celebrity	0.59	1.45
edges	0.59	1.56
cruise	0.59	1.45
modern	0.59	1.56
keyboard	0.59	1.69
singing	0.59	1.46
bang	0.59	1.97
details	0.59	2.51
respect	0.59	1.58
urban	0.59	1.67
lip	0.60	1.51
slight	0.60	1.80
model	0.60	1.35
funny	0.60	3.25
strength	0.60	1.77
sauce	0.60	1.34
thumbs	0.60	1.53
download	0.60	1.79
era	0.60	1.77
understanding	0.60	2.30
brutal	0.60	2.75
representation	0.60	1.52
aww	0.60	2.85
stealing	0.61	1.74
squad	0.61	1.63
iirc	0.61	2.06
daddy	0.61	1.78
r/oddlysatisfying	0.61	2.05
bald	0.61	1.47
copy	0.61	1.97
whip	0.61	1.59
sadly	0.61	2.28
popular	0.61	1.51
toddler	0.61	1.75
mascot	0.62	1.51
graphics	0.62	1.35
naw	0.62	1.96
sides	0.62	1.73
dildo	0.62	1.40
insert	0.62	1.60
hardcore	0.62	1.35
practice	0.62	1.74
grey	0.62	1.66
lightsaber	0.62	1.37
nuts	0.62	1.55
dudes	0.62	1.98
movements	0.62	1.70
tiny	0.62	1.79
references	0.63	1.57
cable	0.63	1.43
germans	0.63	2.09
share	0.63	1.82
wolves	0.63	1.36
reporting	0.63	1.39
bitch	0.63	2.38
herself	0.63	1.83
sale	0.63	1.24
wallpaper	0.63	1.52
owls	0.63	1.41
performing	0.63	1.87
rest	0.64	3.39
tigers	0.64	1.35
wing	0.64	1.38
jordan	0.64	1.64
difficult	0.64	2.26
vid	0.64	1.72
mature	0.64	1.55
element	0.64	1.21
shared	0.65	1.69
george	0.65	1.20
however	0.65	4.31
bored	0.65	3.30
hammer	0.65	1.49
looped	0.65	1.83
sending	0.65	1.85
intelligence	0.65	1.78
coin	0.65	1.55
knight	0.66	1.40
videos	0.66	1.52
moose	0.66	1.71
fighter	0.66	1.61
related	0.66	2.07
data	0.67	2.20
consistent	0.67	1.49
axe	0.67	1.74
suggest	0.67	2.14
chuckle	0.67	2.25
porn	0.67	1.97
old	0.67	1.63
commercial	0.67	1.39
splash	0.67	1.46
sing	0.67	1.25
observation	0.67	2.49
bouncer	0.68	2.08
beard	0.68	1.44
release	0.68	1.55
title	0.68	1.94
creator	0.68	1.93
hell	0.68	3.31
congratulations	0.68	1.76
amateur	0.68	1.58
mode	0.68	1.58
listening	0.68	1.36
complicated	0.68	2.26
purse	0.68	1.52
edition	0.68	1.61
owned	0.69	1.34
waving	0.69	1.76
satisfied	0.69	3.06
st	0.69	1.42
ill	0.69	2.62
fighters	0.69	1.61
tiger	0.69	1.43
grown	0.69	1.43
key	0.69	2.28
drones	0.69	1.60
googled	0.69	2.04
r/woahdude	0.69	2.17
combo	0.70	1.46
r/unexpected	0.70	2.15
mail	0.70	2.02
nowadays	0.70	1.70
nightmares	0.70	1.94
drone	0.70	1.78
skinny	0.70	1.70
stoned	0.70	3.18
cheese	0.71	1.12
glad	0.71	3.22
sandwich	0.71	1.11
defined	0.71	2.39
canadians	0.71	1.79
jungle	0.71	1.39
domestic	0.71	1.26
horses	0.71	1.35
bred	0.71	1.34
slow	0.71	1.93
showed	0.71	1.66
manly	0.71	2.06
hint	0.71	2.02
casual	0.71	1.72
unexpected	0.71	2.34
park	0.72	1.47
trust	0.72	2.72
officially	0.72	1.78
user	0.72	1.85
amazed	0.72	2.79
bands	0.72	1.48
adult	0.72	1.51
commentary	0.72	1.43
makeup	0.72	1.52
rights	0.72	1.35
profile	0.72	1.88
glory	0.72	1.48
3d	0.72	1.40
karate	0.72	1.46
free	0.72	1.45
google	0.72	1.86
escalated	0.72	2.39
universal	0.73	1.79
bonus	0.73	1.78
leaking	0.73	1.97
production	0.73	1.17
peanut	0.73	1.36
tools	0.73	1.75
differences	0.73	2.22
concert	0.73	1.35
band	0.73	1.44
1	0.73	1.95
effort	0.74	1.85
goddammit	0.74	1.84
extreme	0.74	1.73
bing	0.74	1.76
ye	0.74	2.18
laughed	0.74	2.35
parent	0.74	1.73
advanced	0.74	1.72
dance	0.74	1.52
grand	0.74	1.57
wiggle	0.74	1.63
secret	0.74	1.77
kids	0.75	1.73
ape	0.75	1.94
pets	0.75	1.57
mine	0.75	2.14
wild	0.75	1.34
sarcasm	0.75	2.95
weird	0.75	3.16
outta	0.75	2.46
rough	0.75	2.02
prank	0.76	1.91
r/perfectloops	0.76	1.96
season	0.76	1.40
according	0.76	2.14
kim	0.76	1.22
exciting	0.76	2.26
activities	0.76	1.42
breasts	0.76	1.55
oscar	0.76	1.38
w	0.76	1.96
youtube	0.76	1.53
amazon	0.77	1.26
fitting	0.77	1.94
nsfw	0.77	2.17
bitches	0.77	2.22
techniques	0.77	1.76
album	0.77	1.44
baby	0.77	1.88
smash	0.77	1.68
hot	0.77	1.51
belongs	0.78	2.02
throughout	0.78	2.08
bam	0.78	1.88
dan	0.78	1.95
creatures	0.78	1.48
fits	0.78	1.81
ed	0.78	1.67
african	0.78	1.88
magical	0.78	2.05
honor	0.79	1.54
aid	0.79	1.55
guy	0.79	2.38
cows	0.79	1.45
risky	0.80	2.07
currently	0.80	1.82
robert	0.80	1.23
means	0.80	3.53
solid	0.80	1.38
wikipedia	0.80	2.18
active	0.80	1.70
chicks	0.80	1.78
scratch	0.80	1.47
released	0.80	1.39
fetish	0.80	2.04
cereal	0.80	0.95
luck	0.81	2.16
heaven	0.81	1.74
teenage	0.81	1.75
option	0.81	3.02
staged	0.81	2.58
cookie	0.81	1.07
guitar	0.81	1.40
leader	0.81	1.45
monster	0.81	1.77
facial	0.81	1.80
rub	0.81	1.58
domesticated	0.82	1.33
plays	0.82	1.14
wolf	0.82	1.34
mark	0.82	1.73
ii	0.82	1.32
silver	0.82	1.44
shall	0.82	1.93
minds	0.82	1.78
mythbusters	0.83	1.63
precise	0.83	1.98
powers	0.83	1.32
wayne	0.83	1.51
naked	0.83	1.68
dark	0.83	1.78
caps	0.83	1.98
joe	0.84	1.64
bros	0.84	1.49
items	0.84	1.13
kiss	0.84	1.60
fedora	0.84	1.78
special	0.85	2.03
stories	0.85	1.53
battle	0.85	1.33
describe	0.85	2.69
ftw	0.85	1.58
parties	0.85	1.49
adults	0.85	1.58
drawing	0.85	1.34
commercials	0.85	1.38
bunny	0.85	1.41
reply	0.85	2.83
welp	0.86	2.10
listed	0.86	1.55
sake	0.86	1.89
woman	0.86	1.76
performance	0.86	1.46
uncle	0.86	1.70
hobby	0.86	1.64
adam	0.86	1.46
tim	0.87	1.42
magnets	0.87	1.67
lil	0.87	2.36
ignorance	0.87	2.63
gt	0.87	2.84
shake	0.87	1.78
sorry	0.87	4.22
gently	0.87	1.57
bull	0.88	1.40
soft	0.88	1.59
moments	0.88	2.00
devil	0.88	1.73
tails	0.88	1.40
faces	0.88	1.54
ta	0.88	2.68
reads	0.88	2.30
lack	0.88	1.75
boobs	0.89	1.58
explosions	0.89	1.41
traditional	0.89	1.62
lab	0.89	1.42
ron	0.89	1.45
read	0.89	2.46
technique	0.89	1.79
ice	0.89	1.22
explains	0.90	2.21
present	0.90	1.95
basket	0.90	1.43
excuse	0.90	2.40
theme	0.90	1.33
duck	0.90	1.70
pretty	0.90	2.45
date	0.90	1.46
arts	0.90	1.48
giggle	0.90	2.27
ruined	0.90	1.25
chuck	0.90	1.54
un	0.90	1.75
shame	0.91	1.81
used	0.91	3.27
american	0.91	2.14
fyi	0.91	2.03
delicious	0.91	1.33
damned	0.91	1.91
gorilla	0.91	1.52
la	0.91	1.66
mum	0.91	2.31
hop	0.92	1.47
code	0.92	2.20
fucked	0.92	2.87
creepy	0.92	3.12
bath	0.92	2.27
bill	0.92	1.60
article	0.92	2.10
grew	0.92	1.38
detail	0.92	2.03
oddly	0.92	2.26
india	0.92	1.27
description	0.93	1.98
neighbors	0.93	1.53
models	0.93	1.36
totally	0.93	3.03
drama	0.93	1.26
require	0.93	1.80
pages	0.93	1.86
critical	0.93	1.92
pizza	0.93	1.09
handy	0.93	1.69
age	0.94	1.50
parody	0.94	1.26
goofy	0.94	2.51
magic	0.94	1.81
entry	0.94	1.79
fur	0.94	1.28
goat	0.94	1.65
network	0.95	1.39
elephants	0.95	1.58
wiki	0.95	2.13
checked	0.95	2.28
child	0.95	1.62
greatest	0.95	3.24
witch	0.95	1.71
ray	0.95	1.38
born	0.96	1.48
intelligent	0.96	1.74
send	0.96	1.97
fancy	0.96	1.93
technically	0.96	3.99
mario	0.96	1.29
confidence	0.96	1.70
boy	0.97	1.89
booty	0.97	2.00
tough	0.97	2.31
tony	0.97	1.42
girls	0.97	1.76
married	0.97	1.54
finished	0.97	1.89
loop	0.97	1.73
lesson	0.97	2.12
bread	0.97	1.09
martial	0.98	1.47
young	0.98	1.51
slice	0.98	1.17
pat	0.98	1.39
nonetheless	0.99	2.02
gta	0.99	1.36
chip	0.99	1.16
family	0.99	1.58
official	0.99	2.04
news	0.99	1.37
civil	0.99	1.45
searching	0.99	1.84
drawn	0.99	1.37
hes	1.00	2.32
neighbor	1.00	1.55
expensive	1.00	2.09
lego	1.00	1.25
clap	1.00	1.67
youth	1.00	1.33
breeds	1.00	1.36
boys	1.00	1.69
worthy	1.00	1.68
ted	1.00	1.42
friend	1.00	1.76
nigga	1.01	2.42
filmed	1.01	1.48
gods	1.01	1.72
unique	1.01	1.79
enjoyable	1.01	2.20
seasons	1.01	1.65
vice	1.01	1.49
athletes	1.01	1.65
typed	1.01	3.30
ps	1.02	2.62
sheer	1.02	1.65
fix	1.02	3.34
accurate	1.02	2.29
showing	1.02	1.83
sensitive	1.02	1.95
yes	1.02	3.93
channel	1.02	1.64
jr	1.02	1.46
songs	1.02	1.45
breed	1.02	1.33
tits	1.02	1.54
meta	1.03	2.27
online	1.03	1.57
easy	1.03	2.28
spoiler	1.03	1.45
rap	1.03	1.34
roommate	1.03	1.68
relevant	1.03	2.43
new	1.03	1.51
abilities	1.04	1.74
theater	1.04	1.40
articles	1.04	1.97
twin	1.04	1.34
recommended	1.04	1.63
explanation	1.04	2.57
professional	1.05	1.60
mmm	1.05	1.62
mother	1.05	1.68
sandstorm	1.06	1.82
valuable	1.06	1.86
grandpa	1.06	1.55
tube	1.06	1.58
my	1.06	1.71
swear	1.06	2.14
butter	1.06	1.18
realistic	1.06	1.87
destination	1.06	1.37
footage	1.07	1.34
spirit	1.07	1.46
dunno	1.07	2.71
buddies	1.07	1.74
her	1.07	1.64
pregnant	1.07	1.60
dogs	1.07	1.34
effective	1.07	2.02
dis	1.07	2.51
satan	1.07	1.80
nazi	1.07	2.44
explaining	1.08	2.42
0	1.08	2.15
abandoned	1.08	1.50
aint	1.08	2.49
information	1.08	2.36
raised	1.08	1.29
canadian	1.08	2.54
bout	1.08	2.54
tag	1.08	2.00
jackson	1.09	1.35
boot	1.09	1.30
irish	1.09	2.53
gag	1.09	1.34
terms	1.09	2.24
c'mon	1.09	2.23
brave	1.09	1.61
short	1.09	1.37
dense	1.10	2.00
powerful	1.10	1.92
irl	1.10	1.72
important	1.10	2.15
congrats	1.10	1.80
boop	1.10	2.02
structure	1.10	2.45
athlete	1.10	1.68
owners	1.10	1.36
owner	1.10	1.40
father	1.11	1.65
dedicated	1.11	1.46
dad	1.11	1.68
son	1.11	1.75
queen	1.11	1.35
shopping	1.11	1.30
de	1.11	2.05
jennifer	1.11	1.57
raccoon	1.11	1.26
pure	1.11	1.66
clips	1.11	1.45
rescue	1.11	1.38
definition	1.12	2.96
children	1.12	1.53
yo	1.12	2.47
agreed	1.12	2.89
sequence	1.13	1.31
dog	1.13	1.32
mom	1.14	1.70
boo	1.14	2.02
met	1.14	2.38
universe	1.14	1.47
priceless	1.15	2.15
lucky	1.15	2.68
fast	1.15	2.05
fellow	1.15	1.39
girl	1.15	1.71
pokemon	1.15	1.19
relax	1.15	2.92
owl	1.16	1.46
valid	1.16	3.48
dancer	1.16	1.44
parents	1.16	1.65
hire	1.16	1.59
ugly	1.16	2.15
successful	1.16	1.76
ben	1.17	1.44
pit	1.17	1.39
bond	1.17	1.21
furry	1.17	1.56
stupidity	1.18	1.78
husband	1.18	1.68
p	1.18	2.42
ma	1.18	2.36
da	1.18	2.40
ya	1.18	2.55
ex	1.19	1.67
john	1.19	1.40
seeking	1.19	2.04
toy	1.19	1.27
decent	1.19	1.95
scott	1.19	1.38
johnson	1.19	1.33
warrior	1.19	1.35
clip	1.20	1.50
duh	1.20	2.16
accent	1.20	2.70
kong	1.20	1.16
onions	1.20	1.77
gf	1.20	1.70
ai	1.20	2.51
calm	1.21	2.50
dating	1.21	1.47
fun	1.21	2.80
level	1.21	1.62
wife	1.21	1.67
x	1.22	2.20
prince	1.22	1.24
wot	1.22	2.35
boyfriend	1.22	1.66
dat	1.22	2.02
origin	1.23	2.15
daughter	1.23	1.64
reference	1.23	1.71
babies	1.23	1.74
australian	1.24	1.96
dave	1.24	1.42
parkour	1.24	1.68
r	1.24	2.13
teen	1.24	1.46
answers	1.24	2.45
entertaining	1.24	2.48
motherfucker	1.25	2.13
90s	1.25	1.52
brother	1.25	1.59
edited	1.25	3.38
indian	1.26	2.43
message	1.26	2.67
intensifies	1.26	1.87
richard	1.26	1.41
v	1.27	2.17
smith	1.27	1.30
chris	1.27	1.32
shit	1.27	2.46
halloween	1.27	1.28
polish	1.27	2.52
relationship	1.28	1.35
intro	1.28	1.24
ultimate	1.28	1.22
james	1.28	1.31
chick	1.28	1.78
80s	1.28	1.43
shes	1.28	1.63
lady	1.28	1.77
collection	1.28	1.29
wrote	1.28	2.80
michael	1.28	1.38
russian	1.29	2.57
upvote	1.29	2.04
billy	1.29	1.73
literal	1.29	2.75
mix	1.29	1.37
santa	1.29	1.33
ideal	1.30	2.57
dragon	1.30	1.52
pie	1.30	1.26
blonde	1.30	1.66
y	1.30	2.19
pet	1.30	1.46
perfect	1.30	2.25
wedding	1.30	1.26
dem	1.30	2.17
attractive	1.31	1.84
reflexes	1.32	1.68
proper	1.32	3.09
liking	1.32	1.66
cards	1.32	1.26
phrase	1.32	3.24
master	1.32	1.39
kevin	1.32	1.46
paw	1.33	1.53
big	1.33	2.08
f	1.33	2.26
jones	1.33	1.31
jimmy	1.33	1.35
gosh	1.33	3.03
paul	1.34	1.36
watch	1.34	1.62
titties	1.34	1.72
beauty	1.34	1.53
david	1.35	1.30
bruce	1.35	1.21
insane	1.35	2.53
ryan	1.35	1.44
harry	1.35	1.38
guys	1.35	2.77
acceptable	1.35	3.29
chinese	1.35	2.44
useful	1.36	2.18
mvp	1.36	2.40
famous	1.36	1.52
shut	1.36	2.25
mighty	1.36	1.48
stunt	1.36	1.48
m8	1.36	2.38
rare	1.37	1.98
gentlemen	1.37	1.49
wizard	1.37	1.66
plz	1.37	2.05
amp	1.37	2.19
boss	1.37	1.84
meaning	1.37	3.14
doe	1.37	1.84
til	1.37	2.05
lt	1.37	2.18
o	1.37	2.26
n	1.38	2.26
z	1.38	2.26
providing	1.38	2.20
c	1.38	2.26
speaker	1.38	2.86
l	1.38	2.20
b	1.38	2.26
u	1.38	2.41
mo	1.38	1.71
jerry	1.38	1.48
caption	1.38	2.11
friends	1.38	1.54
rick	1.39	1.35
pls	1.39	2.27
rated	1.40	1.49
g	1.40	2.32
steve	1.40	1.67
jim	1.40	1.56
sister	1.40	1.58
justice	1.41	1.21
native	1.41	2.71
props	1.41	1.56
t	1.42	2.29
robin	1.42	1.26
hail	1.42	1.61
e	1.42	2.28
use	1.42	3.33
korean	1.43	2.53
name	1.43	1.60
spanish	1.43	2.87
role	1.43	1.24
darude	1.43	1.81
shows	1.43	1.72
write	1.44	2.26
speak	1.45	2.98
text	1.45	2.46
sisters	1.46	1.48
rip	1.46	1.69
worries	1.46	2.38
younger	1.46	1.48
h	1.46	2.36
horrifying	1.46	2.82
italian	1.46	2.69
frank	1.46	1.66
demonstration	1.46	1.64
stray	1.46	1.39
info	1.47	2.33
cousin	1.47	1.62
correctly	1.47	3.53
patrick	1.48	1.54
coincidence	1.48	2.54
show	1.48	1.73
chocolate	1.48	1.24
frozen	1.48	1.21
bob	1.48	1.69
cuz	1.48	2.58
grandma	1.48	1.49
artists	1.48	1.40
wonderful	1.49	1.69
lee	1.49	1.24
silent	1.49	1.10
feature	1.49	1.31
letters	1.49	2.85
japanese	1.49	2.37
looks	1.49	2.61
typing	1.50	3.26
directed	1.50	1.28
appropriate	1.50	2.49
term	1.50	3.43
speech	1.51	2.56
sooo	1.51	2.17
williams	1.51	1.27
ow	1.51	2.33
soo	1.51	2.37
context	1.52	3.44
u/dogetipbot	1.52	1.76
translate	1.53	3.25
dutch	1.53	2.91
gold	1.53	1.96
british	1.54	2.18
yay	1.55	1.88
ready	1.55	2.66
swedish	1.55	2.93
puppies	1.56	1.69
german	1.56	2.79
budget	1.56	1.21
captain	1.56	1.24
bay	1.56	1.23
paws	1.56	1.40
television	1.57	1.47
ladies	1.57	1.59
sorcery	1.57	1.82
creature	1.57	1.52
soooo	1.57	2.33
warm	1.57	1.17
speaking	1.58	3.01
k	1.58	2.36
le	1.58	1.82
legit	1.58	2.54
johnny	1.58	1.46
languages	1.58	3.04
charlie	1.59	1.46
spoken	1.59	3.08
unbelievable	1.59	2.18
tv	1.60	1.45
j	1.60	2.33
king	1.60	1.26
spell	1.60	3.81
ur	1.60	2.36
adventure	1.61	1.27
episodes	1.62	1.53
panda	1.62	1.34
cream	1.62	1.24
quote	1.62	1.81
missed	1.62	2.57
doge	1.63	1.77
french	1.63	3.05
irony	1.63	2.03
spoilers	1.63	1.85
costume	1.63	1.25
tips	1.63	1.81
nah	1.64	2.70
whats	1.64	2.38
shelter	1.64	1.31
3232	1.64	2.03
scene	1.64	1.42
artist	1.65	1.33
requires	1.65	1.68
honey	1.65	1.67
mistake	1.65	3.72
umm	1.65	2.52
names	1.66	2.40
precious	1.66	1.43
amirite	1.66	1.89
pronounce	1.66	2.95
tom	1.66	1.36
praise	1.67	1.56
glorious	1.67	1.62
animation	1.67	1.20
fantasy	1.67	1.27
writing	1.67	2.27
meh	1.68	2.17
kind	1.68	2.58
documentary	1.68	1.30
display	1.69	1.73
sexy	1.69	1.97
ninja	1.69	2.27
wars	1.69	1.19
language	1.69	3.26
common	1.69	2.50
studio	1.70	1.22
kung	1.70	1.20
nailed	1.70	1.74
clear	1.71	2.71
peter	1.71	1.39
o_o	1.71	1.92
netflix	1.71	1.36
fu	1.72	1.19
episode	1.73	1.54
strangely	1.74	2.15
usage	1.75	3.69
hi	1.75	1.91
book	1.75	1.46
eh	1.75	2.77
pronounced	1.76	2.76
apologize	1.77	3.69
chill	1.77	2.47
sentence	1.77	3.84
precision	1.77	1.78
horror	1.78	1.23
written	1.78	2.45
kittens	1.78	1.51
hey	1.78	2.74
uhh	1.78	2.53
thrones	1.78	1.27
actor	1.78	1.14
brah	1.79	2.41
forgot	1.79	2.82
nostalgia	1.79	1.67
comedy	1.80	1.46
jack	1.80	1.48
cgi	1.80	1.30
meow	1.80	1.93
skills	1.81	1.77
mistakes	1.81	3.63
terrifying	1.82	2.75
wut	1.83	2.48
legend	1.83	1.26
stranger	1.83	1.92
inspired	1.83	1.27
letter	1.84	2.87
style	1.84	1.22
remind	1.84	1.75
checks	1.85	1.89
nsfl	1.85	2.11
fap	1.85	2.04
matrix	1.85	1.18
scary	1.86	2.87
fuck	1.86	2.70
error	1.87	3.74
girlfriend	1.87	2.26
puppy	1.87	1.55
badass	1.88	2.83
damnit	1.88	2.22
satisfying	1.88	2.86
action	1.88	1.34
trailer	1.88	1.19
hulk	1.89	1.16
character	1.89	1.21
bud	1.89	2.42
jeez	1.89	2.22
flick	1.89	1.20
word	1.90	3.67
hello	1.90	1.92
ooh	1.90	2.53
excellent	1.90	2.08
mate	1.91	2.31
polite	1.91	2.20
nature	1.91	1.75
fixed	1.91	3.72
mood	1.91	1.75
sigh	1.91	2.49
10/10	1.91	1.46
kanye	1.91	2.01
star	1.91	1.24
simpsons	1.91	1.42
art	1.92	1.47
soul	1.92	1.49
belly	1.92	1.93
alright	1.93	2.76
skill	1.93	1.76
mr	1.94	1.67
pal	1.94	2.54
creative	1.94	1.79
superman	1.95	1.13
translation	1.95	3.56
grammar	1.95	3.80
tip	1.96	1.67
kidding	1.96	2.97
cute	1.96	2.50
whoosh	1.96	2.37
yeah	1.97	3.16
thor	1.97	1.12
heh	1.97	2.36
english	1.98	3.62
uh	1.98	2.73
buddy	1.98	2.66
bro	1.98	2.49
hmm	1.99	2.32
um	2.00	2.73
spelling	2.00	3.82
dc	2.01	1.14
cat	2.01	1.88
dam	2.01	1.79
huh	2.01	2.75
dictionary	2.01	3.34
gentleman	2.02	1.45
appreciated	2.03	1.76
words	2.04	3.56
toys	2.04	1.82
sentences	2.04	3.58
clearing	2.05	2.24
cartoons	2.05	1.34
cast	2.05	1.11
named	2.05	1.79
corrected	2.06	3.67
classy	2.06	1.55
actors	2.07	1.17
wat	2.09	2.46
books	2.10	1.32
beast	2.10	1.48
cartoon	2.10	1.40
job	2.11	2.12
auto	2.11	3.07
jackie	2.11	1.13
oops	2.12	3.07
hero	2.12	1.18
scenes	2.12	1.37
director	2.12	1.13
batman	2.12	1.16
hah	2.13	2.33
comic	2.15	1.24
gotcha	2.16	2.60
lord	2.17	1.77
hug	2.17	1.90
golden	2.17	1.79
comics	2.18	1.24
chan	2.18	1.10
nevermind	2.19	2.71
ohh	2.19	2.41
typo	2.19	3.49
iron	2.20	1.05
woah	2.20	2.40
watching	2.20	1.82
anime	2.21	1.34
edit	2.22	3.47
spiderman	2.22	1.09
hollywood	2.23	1.17
hahahaha	2.23	2.05
characters	2.25	1.20
technical	2.25	1.69
christ	2.25	1.95
animated	2.25	1.25
adorable	2.25	2.36
correction	2.27	3.36
older	2.28	2.04
cats	2.28	1.66
childhood	2.28	1.81
spelled	2.29	3.38
whoa	2.29	2.18
subtle	2.29	1.96
adopted	2.30	1.71
helpful	2.30	2.25
ohhh	2.30	2.41
kitten	2.32	1.73
bravo	2.32	1.73
majestic	2.34	1.76
forgive	2.34	2.94
friendly	2.34	1.88
rekt	2.36	2.23
growing	2.37	1.96
dang	2.37	1.92
btw	2.37	2.41
apologies	2.38	3.27
films	2.38	1.26
fuckin	2.39	2.11
fascinating	2.39	2.38
nicely	2.39	2.09
aw	2.39	1.98
favorite	2.40	2.35
reminded	2.40	1.48
smile	2.41	1.83
imo	2.41	1.87
jesus	2.41	1.95
welcome	2.41	1.91
oh	2.42	2.53
ahhh	2.42	2.02
nope	2.43	2.48
dear	2.43	1.59
absolutely	2.43	2.04
interesting	2.44	2.46
smooth	2.44	2.08
skilled	2.44	1.88
username	2.45	2.09
stunts	2.46	1.82
crazy	2.47	2.32
movie	2.50	1.71
ol	2.52	1.66
truly	2.52	1.72
tradition	2.53	1.68
sir	2.54	1.95
goodness	2.54	1.97
ftfy	2.54	1.87
ha	2.54	2.25
yea	2.56	2.71
such	2.56	1.60
clever	2.59	2.17
bless	2.59	1.65
hilarious	2.59	2.23
ah	2.59	2.20
lmao	2.59	1.96
ahh	2.59	2.09
dammit	2.60	1.75
boob	2.60	2.08
reminds	2.62	1.49
memories	2.64	1.51
brilliant	2.65	1.72
epic	2.66	1.61
kitty	2.67	1.45
christmas	2.70	2.12
god	2.70	1.90
birthday	2.70	1.97
brothers	2.71	1.89
favourite	2.72	2.06
smart	2.73	2.09
freaking	2.73	2.08
wtf	2.74	2.49
gift	2.75	2.00
fucking	2.75	2.19
good	2.76	2.18
lol	2.78	2.44
disney	2.79	1.60
fox	2.82	1.38
series	2.82	1.73
toast	2.82	1.70
thats	2.82	2.40
recommend	2.84	1.32
omg	2.85	2.15
impressive	2.85	2.12
dope	2.86	2.14
cake	2.88	1.85
movies	2.90	1.65
indeed	2.91	2.01
athletic	2.92	1.80
talented	2.94	1.72
dude	2.95	2.30
xd	2.95	1.99
mesmerizing	2.96	2.10
lovely	2.98	1.68
great	3.00	1.34
yep	3.00	2.32
appreciate	3.01	1.65
yup	3.04	2.19
talent	3.05	1.68
tho	3.06	2.09
goddamn	3.08	1.42
classic	3.09	1.22
hehe	3.11	2.00
cheers	3.11	1.83
film	3.13	1.28
hahaha	3.13	2.06
liked	3.13	1.22
marvel	3.19	1.29
gentle	3.24	1.35
neat	3.25	2.17
gorgeous	3.27	1.62
holy	3.28	2.04
cool	3.30	2.12
haha	3.38	2.16
thanks	3.44	2.13
miss	3.50	1.19
man	3.51	2.02
enjoyed	3.54	0.85
thank	3.55	1.97
damn	3.56	1.60
incredible	3.62	1.30
genius	3.63	1.25
sharing	3.67	1.63
enjoy	3.68	0.98
loving	3.79	0.75
beautiful	3.83	1.19
wow	3.86	1.79
sweet	3.92	1.37
