sucks	-10.61	1.92
shitty	-8.90	2.83
unspeakable	-7.70	2.46
insecure	-6.98	3.46
worse	-6.89	2.81
built	-6.45	3.29
news	-6.41	3.16
bad	-6.12	2.33
regret	-6.11	2.68
mistake	-6.06	3.22
lame	-5.93	2.79
illegal	-5.92	2.99
disgusting	-5.74	2.74
filthy	-5.68	4.36
traffic	-5.64	3.32
fault	-5.62	3.08
occasionally	-5.60	3.24
sorts	-5.53	3.84
thoughts	-5.44	3.90
accident	-5.43	3.22
dirty	-5.42	4.34
downvoted	-5.37	3.53
whore	-5.34	4.13
recommend	-5.32	3.38
involving	-5.31	3.33
ruin	-5.22	3.38
joke	-5.22	3.31
pity	-5.20	2.88
singing	-5.18	3.06
jokes	-5.18	3.75
arch	-5.18	3.62
desperate	-5.11	4.09
improve	-5.10	3.10
ignore	-5.07	4.62
downvote	-5.05	4.61
trolls	-5.03	4.49
puns	-4.96	3.32
bother	-4.88	3.95
whisper	-4.88	3.87
haters	-4.85	4.45
freaky	-4.79	3.79
book	-4.79	3.60
frustrated	-4.78	3.49
sex	-4.74	3.08
search	-4.72	3.16
pun	-4.71	3.38
creepy	-4.70	3.83
hahahaha	-4.68	3.35
assholes	-4.67	4.01
guilty	-4.61	3.39
gasp	-4.60	3.79
respond	-4.54	4.48
ai	-4.45	3.77
pathetic	-4.44	3.94
difficult	-4.44	2.91
net	-4.44	3.66
lonely	-4.41	3.75
rude	-4.41	3.30
scared	-4.38	3.30
poor	-4.38	2.96
security	-4.36	3.71
disappointed	-4.35	3.44
slut	-4.30	3.95
record	-4.30	3.11
worry	-4.26	3.72
things	-4.24	3.41
concerned	-4.23	3.39
fear	-4.22	2.98
opens	-4.20	3.70
instead	-4.19	4.58
kink	-4.17	3.75
picky	-4.16	3.83
retarded	-4.14	3.64
gross	-4.12	3.35
kinky	-4.09	3.35
normally	-4.07	4.21
alone	-4.07	3.57
noooo	-4.06	2.98
military	-4.06	3.49
sing	-3.95	3.19
bullshit	-3.93	3.00
eventually	-3.90	3.42
jobs	-3.88	3.12
aint	-3.86	3.61
rug	-3.85	3.93
sometimes	-3.84	3.73
cumshot	-3.81	3.03
attempt	-3.81	3.55
confused	-3.81	3.53
anyways	-3.80	3.80
laugh	-3.79	3.75
nickname	-3.78	3.57
nothing	-3.76	4.09
rough	-3.74	3.35
funny	-3.74	3.32
ashamed	-3.67	1.96
nothin	-3.66	4.02
tv	-3.66	3.81
national	-3.65	3.83
encore	-3.64	3.37
actual	-3.63	3.01
nervous	-3.63	3.46
square	-3.63	3.14
gear	-3.63	3.98
apologize	-3.62	3.12
except	-3.61	3.48
cameras	-3.59	3.56
personally	-3.59	4.06
suppose	-3.58	3.13
wallpaper	-3.57	3.57
disagree	-3.56	3.75
minus	-3.54	3.71
tired	-3.53	3.57
chill	-3.52	3.05
happens	-3.50	3.95
lmfao	-3.49	3.36
sound	-3.47	3.52
shes	-3.46	3.31
shirts	-3.46	4.27
pc	-3.44	3.52
usually	-3.43	3.68
risk	-3.41	3.30
lie	-3.41	2.91
hardest	-3.39	3.14
understand	-3.39	3.68
their	-3.38	3.79
no	-3.38	3.65
remember	-3.36	3.66
troll	-3.33	2.43
dunno	-3.32	3.07
lately	-3.32	3.18
stopping	-3.31	3.86
tear	-3.31	4.09
about	-3.29	3.65
sigh	-3.29	3.37
desert	-3.28	3.14
goodbye	-3.27	3.36
bothered	-3.26	3.27
alot	-3.25	2.97
theyre	-3.21	3.60
likely	-3.19	3.06
smells	-3.16	3.12
hug	-3.16	3.46
cheer	-3.15	3.48
flavor	-3.05	3.51
go	-3.02	3.84
wild	-2.98	3.53
woo	-2.98	2.77
noice	-2.95	3.29
forgiven	-2.93	3.29
weird	-2.91	3.19
mondays	-2.90	3.58
fake	-2.89	3.80
joking	-2.87	3.59
hells	-2.84	3.15
arent	-2.82	3.37
shy	-2.81	1.98
either	-2.80	3.62
ugh	-2.79	3.04
correctly	-2.77	3.32
kidding	-2.71	3.01
embarrassed	-2.69	1.81
horny	-2.69	3.12
report	-2.66	2.54
wowzers	-2.64	2.86
means	-2.62	3.33
blush	-2.61	3.20
greatest	-2.59	3.37
negative	-2.54	1.86
p.s	-2.53	2.80
kinda	-2.51	3.01
threads	-2.48	1.80
conscious	-2.47	1.49
doing	-2.37	3.43
naughty	-2.31	1.83
kinds	-2.30	2.09
feelings	-2.25	0.99
complaints	-2.24	1.13
upset	-2.20	1.39
prefer	-2.19	3.12
comments	-2.18	1.34
worried	-2.15	1.58
tl	-2.11	1.82
there	-2.05	3.20
downvotes	-2.04	1.32
guess	-2.01	3.07
written	-1.97	0.77
cheesy	-1.94	1.03
stupid	-1.91	1.45
titles	-1.89	1.03
reply	-1.88	1.14
right	-1.86	3.06
downvoting	-1.86	1.45
feed	-1.85	2.10
bitch	-1.83	0.88
treated	-1.83	1.67
potato	-1.83	0.67
aww	-1.82	2.66
tend	-1.77	1.20
blurry	-1.75	0.81
witty	-1.74	1.01
crappy	-1.74	0.68
positive	-1.72	1.26
afraid	-1.70	1.53
particular	-1.65	0.71
phone	-1.65	0.80
sick	-1.65	0.60
tricks	-1.65	1.03
voting	-1.60	1.26
listen	-1.60	1.34
comment	-1.59	0.71
cell	-1.58	0.62
uncomfortable	-1.55	1.10
read	-1.53	0.68
offended	-1.52	1.11
ideas	-1.52	1.45
scary	-1.51	0.78
quit	-1.50	1.15
annoying	-1.49	1.17
punished	-1.49	0.86
proud	-1.48	1.16
change	-1.46	0.89
complaining	-1.44	1.62
expecting	-1.44	0.81
responses	-1.43	0.95
argue	-1.42	1.24
punish	-1.42	0.99
confident	-1.41	1.37
otherwise	-1.40	0.70
dom	-1.38	1.15
problems	-1.38	0.92
pervert	-1.37	1.07
ruined	-1.37	0.62
compliments	-1.35	1.12
reading	-1.33	0.80
quick	-1.33	0.70
strange	-1.32	1.06
complain	-1.32	1.34
thread	-1.31	0.68
parties	-1.29	0.82
dumb	-1.29	0.97
voice	-1.29	0.76
damage	-1.28	0.70
clever	-1.28	0.81
sports	-1.27	0.70
drunk	-1.26	1.06
selfish	-1.25	1.17
shouldnt	-1.24	0.89
surprised	-1.24	1.15
replies	-1.24	0.79
slutty	-1.24	1.30
section	-1.23	0.84
messy	-1.23	1.17
lyrics	-1.23	0.61
mind	-1.23	1.06
dr	-1.22	0.80
sadly	-1.22	0.70
dating	-1.21	0.97
minds	-1.21	0.85
wrote	-1.21	0.65
lots	-1.19	0.81
decisions	-1.19	0.58
apologies	-1.19	0.77
flaunt	-1.15	1.54
zipper	-1.15	0.68
variety	-1.14	0.70
luckily	-1.14	0.66
jeez	-1.14	0.72
alas	-1.14	0.70
feedback	-1.12	0.95
middle	-1.12	0.74
necessary	-1.12	0.68
inspire	-1.10	0.94
obvious	-1.09	0.69
generally	-1.09	1.32
trouble	-1.09	0.94
offense	-1.08	1.04
gay	-1.08	1.07
stop	-1.07	0.98
awkward	-1.07	0.91
lack	-1.06	0.65
pervy	-1.06	0.97
unfortunately	-1.06	1.07
mainly	-1.05	0.77
ways	-1.05	1.19
orgasms	-1.05	0.65
xd	-1.04	1.03
ear	-1.04	0.86
loser	-1.04	0.86
intended	-1.03	0.89
greedy	-1.03	0.77
responsible	-1.03	0.71
song	-1.03	0.62
frisky	-1.03	0.87
soldier	-1.02	0.89
sleeping	-1.02	0.91
activities	-1.02	1.05
laundry	-1.02	0.75
hear	-1.01	0.77
thousands	-1.01	0.77
besides	-1.01	0.84
sluts	-1.00	1.08
bulge	-1.00	0.68
books	-1.00	0.59
guard	-1.00	0.68
replied	-1.00	0.83
ouch	-0.99	0.64
health	-0.98	0.62
insert	-0.98	0.95
sweaty	-0.98	0.84
screw	-0.97	1.28
upvotes	-0.97	0.83
fishing	-0.97	0.59
involved	-0.97	0.79
obligatory	-0.96	0.71
loud	-0.96	0.78
bears	-0.96	0.54
modest	-0.96	0.90
nor	-0.96	0.97
being	-0.95	1.00
mild	-0.95	0.91
bored	-0.95	1.00
positions	-0.95	1.17
reference	-0.95	0.62
douche	-0.94	0.63
pirate	-0.94	0.61
self	-0.94	0.98
librarian	-0.94	0.95
crash	-0.94	0.64
submissive	-0.94	0.83
commenting	-0.94	0.81
places	-0.93	1.09
cuddles	-0.93	0.62
fired	-0.93	0.70
deny	-0.93	1.18
avoid	-0.93	0.66
hilarious	-0.92	0.87
angry	-0.92	1.02
improved	-0.92	0.57
police	-0.92	0.62
disappoint	-0.91	0.73
excited	-0.91	0.94
attracted	-0.91	1.01
embrace	-0.91	0.87
low	-0.90	0.68
messages	-0.90	0.79
moron	-0.90	0.91
crowd	-0.90	0.66
mad	-0.89	1.02
respect	-0.89	0.77
aroused	-0.89	1.10
write	-0.89	0.57
upvote	-0.88	0.83
pleasures	-0.88	0.95
response	-0.88	0.69
ton	-0.88	0.69
lesbian	-0.88	0.73
dirtier	-0.87	0.74
stories	-0.87	0.95
edit	-0.87	0.85
slave	-0.87	1.09
non	-0.86	0.60
caught	-0.86	0.70
typo	-0.86	0.78
guarantee	-0.86	0.74
quality	-0.86	0.57
moaning	-0.86	0.79
grammar	-0.86	1.01
lmao	-0.85	0.78
people	-0.85	0.93
boys	-0.85	0.77
hmmm	-0.85	0.87
songs	-0.85	0.59
honest	-0.85	0.98
passion	-0.84	0.54
danger	-0.84	0.67
numbers	-0.83	0.91
shut	-0.83	0.84
fish	-0.82	0.77
however	-0.82	1.08
lesson	-0.82	0.59
room	-0.82	0.89
lying	-0.82	1.14
punishment	-0.81	0.60
sexier	-0.81	0.85
moves	-0.81	0.67
less	-0.81	0.82
music	-0.81	0.73
perform	-0.81	0.62
typical	-0.80	0.86
leads	-0.80	0.69
impressed	-0.80	0.93
aware	-0.79	1.00
hotel	-0.79	0.82
foreplay	-0.79	0.62
note	-0.79	0.53
idk	-0.79	0.95
promises	-0.79	0.62
intense	-0.79	0.59
during	-0.78	0.59
coworker	-0.78	0.53
torture	-0.78	0.57
distracted	-0.78	0.78
pms	-0.77	0.78
cry	-0.77	0.83
forget	-0.77	1.00
flaws	-0.77	1.02
cooking	-0.77	0.68
fantasies	-0.77	1.00
voted	-0.77	0.72
sense	-0.77	0.75
fool	-0.77	0.74
adventurous	-0.77	0.94
plays	-0.76	0.47
title	-0.76	0.58
genuinely	-0.76	0.85
theres	-0.76	1.10
worries	-0.76	1.00
various	-0.75	0.84
freak	-0.75	0.73
manner	-0.75	0.87
humor	-0.74	0.70
mods	-0.74	1.16
leaving	-0.74	0.70
dope	-0.73	0.66
nobody	-0.73	1.32
types	-0.72	0.69
social	-0.72	0.74
bunch	-0.72	0.65
wouldnt	-0.72	0.74
rich	-0.72	0.75
session	-0.72	0.57
damnit	-0.72	0.59
laughing	-0.72	0.79
karma	-0.72	0.66
users	-0.71	0.92
explain	-0.71	0.69
rooms	-0.71	0.76
passionate	-0.71	0.67
blind	-0.71	1.03
snake	-0.71	0.97
wo	-0.71	1.14
dreaming	-0.71	1.21
anyway	-0.71	0.85
prob	-0.71	0.69
comfort	-0.70	0.58
whoops	-0.70	0.53
settle	-0.70	0.75
deck	-0.70	0.66
purchase	-0.70	0.49
oops	-0.70	0.53
conference	-0.70	0.61
act	-0.69	0.71
due	-0.69	0.69
overrated	-0.69	0.79
steam	-0.69	0.80
obsessed	-0.69	0.80
although	-0.69	0.97
many	-0.69	0.81
included	-0.69	0.64
ppl	-0.68	0.70
stranger	-0.68	0.59
creep	-0.68	0.71
wont	-0.67	1.10
ditch	-0.67	0.59
states	-0.67	0.49
unless	-0.67	0.92
score	-0.67	0.66
expect	-0.67	0.83
others	-0.67	0.85
performance	-0.67	0.51
encourage	-0.66	1.31
silly	-0.66	0.77
adventure	-0.66	0.56
spooning	-0.66	0.48
sorry	-0.66	0.74
wetter	-0.66	0.66
mixed	-0.65	0.68
sort	-0.65	0.74
overly	-0.65	0.85
oral	-0.65	0.51
earn	-0.65	0.87
preference	-0.65	0.84
running	-0.65	0.91
specifically	-0.65	1.07
sites	-0.65	0.56
society	-0.65	0.74
amazon	-0.65	0.47
cheap	-0.65	0.59
iphone	-0.65	0.76
seemed	-0.64	0.43
superman	-0.64	0.45
caused	-0.64	0.49
c'mon	-0.64	0.58
department	-0.64	0.85
flannel	-0.64	0.94
local	-0.64	0.73
hurt	-0.64	1.06
laughed	-0.63	0.77
atm	-0.63	0.72
noises	-0.63	0.57
click	-0.63	0.56
stripes	-0.63	0.95
cancer	-0.63	0.55
17	-0.63	0.50
forgive	-0.63	0.61
dominate	-0.62	0.63
cleaning	-0.62	0.82
thinking	-0.62	1.21
tom	-0.62	0.56
decision	-0.62	0.52
link	-0.62	0.76
hardcore	-0.62	0.65
workout	-0.62	0.76
dudes	-0.61	0.70
listening	-0.61	0.68
somewhat	-0.61	0.63
theory	-0.61	0.49
naughtier	-0.61	0.67
impossible	-0.60	0.66
plenty	-0.60	0.75
upvoted	-0.60	0.62
racing	-0.60	0.86
hotter	-0.60	0.79
secrets	-0.60	0.87
burns	-0.60	0.53
oddly	-0.60	0.75
fixed	-0.60	0.54
visual	-0.59	0.46
nerdy	-0.59	0.78
causing	-0.59	0.49
exhibitionist	-0.59	0.84
om	-0.59	0.69
lock	-0.59	0.63
dorm	-0.59	0.60
trend	-0.59	0.40
stands	-0.59	0.52
90	-0.59	0.72
obviously	-0.59	0.86
terms	-0.59	0.54
control	-0.59	0.53
mood	-0.58	0.52
posters	-0.58	0.78
ugly	-0.58	0.60
necessarily	-0.58	0.82
odds	-0.58	0.58
laptop	-0.57	0.58
dont	-0.57	1.31
focus	-0.57	0.70
r/all	-0.57	0.59
recognize	-0.57	0.86
dumbass	-0.57	0.72
spelling	-0.57	0.77
reasons	-0.57	0.71
zone	-0.57	0.53
diet	-0.57	0.48
elaborate	-0.56	0.61
oiled	-0.56	0.54
routine	-0.56	0.66
failed	-0.56	0.62
redditors	-0.56	0.69
grand	-0.56	0.59
story	-0.56	0.49
trust	-0.56	0.65
speed	-0.55	0.58
polite	-0.55	0.75
volunteers	-0.55	0.73
definately	-0.55	0.50
buying	-0.55	0.63
hundreds	-0.55	0.64
bruises	-0.55	0.74
mate	-0.55	0.65
tighter	-0.54	0.60
subreddits	-0.54	0.75
or	-0.54	0.94
allowed	-0.54	0.78
hes	-0.54	0.83
op	-0.54	0.85
relaxing	-0.54	0.65
secretary	-0.54	0.82
car	-0.54	0.50
laid	-0.54	0.52
promise	-0.54	0.84
accounts	-0.54	0.53
porn	-0.54	0.55
masturbate	-0.54	0.63
imagination	-0.54	0.78
adventures	-0.53	0.81
liar	-0.53	0.65
shower	-0.53	0.81
google	-0.53	0.47
biggest	-0.53	0.98
cares	-0.53	1.11
supposed	-0.53	1.18
sexuality	-0.53	0.80
movies	-0.53	0.59
copy	-0.53	0.47
chose	-0.53	0.72
secretly	-0.53	0.72
throwaway	-0.53	0.44
camera	-0.53	0.56
online	-0.53	0.67
website	-0.53	0.58
experienced	-0.52	0.58
masturbation	-0.52	0.50
presence	-0.52	0.51
schedule	-0.52	0.42
latter	-0.52	0.61
hurts	-0.52	0.60
blood	-0.52	0.65
wave	-0.52	0.66
fond	-0.52	0.70
knowing	-0.52	0.55
shelf	-0.52	0.48
merci	-0.52	0.56
result	-0.52	0.59
experiment	-0.51	0.67
burned	-0.51	0.45
cleaned	-0.51	0.84
wash	-0.51	0.81
fucks	-0.51	0.49
king	-0.51	0.47
treasure	-0.51	0.51
random	-0.50	0.55
mess	-0.50	0.85
painful	-0.50	0.55
everywhere	-0.50	0.76
neither	-0.50	0.94
ecstasy	-0.50	0.64
burn	-0.50	0.57
removing	-0.50	0.62
sudden	-0.50	0.45
expected	-0.49	0.63
problem	-0.49	1.20
app	-0.49	0.56
writing	-0.49	0.43
skip	-0.49	0.65
ordered	-0.49	0.48
dozen	-0.49	0.75
bath	-0.49	0.75
beats	-0.48	0.86
intrigued	-0.48	0.87
moans	-0.48	0.77
perv	-0.47	0.64
minx	-0.47	0.96
term	-0.47	0.72
major	-0.47	0.46
turned	-0.47	0.85
nudes	-0.47	0.57
options	-0.47	0.72
careful	-0.47	0.58
attack	-0.47	0.52
anonymous	-0.47	0.73
chilly	-0.46	0.73
showers	-0.46	0.53
ease	-0.46	0.60
referring	-0.46	0.52
huh	-0.46	0.75
therefore	-0.46	0.54
spin	-0.46	0.60
potential	-0.46	0.62
brush	-0.46	0.92
whether	-0.46	0.89
community	-0.46	0.54
timer	-0.46	0.54
tough	-0.46	0.48
capture	-0.46	0.54
hd	-0.46	0.58
naked	-0.45	0.69
somewhere	-0.45	0.47
majority	-0.45	0.78
broncos	-0.45	0.66
army	-0.45	0.54
idiot	-0.45	0.68
clicked	-0.45	0.53
clearly	-0.45	0.76
rush	-0.45	0.46
washing	-0.45	0.73
system	-0.45	0.51
hung	-0.45	0.53
info	-0.45	0.80
received	-0.45	0.70
fans	-0.45	0.63
interests	-0.44	0.52
cuddling	-0.44	0.48
tons	-0.44	0.53
points	-0.44	0.46
movie	-0.44	0.49
moan	-0.44	0.63
y'all	-0.44	0.68
fantasize	-0.44	0.47
sleep	-0.44	0.80
steps	-0.44	0.67
clue	-0.44	0.96
support	-0.44	0.47
gained	-0.44	0.68
text	-0.44	0.45
changes	-0.44	0.62
release	-0.44	0.54
jersey	-0.44	0.72
girlfriends	-0.44	0.79
clean	-0.44	0.87
risky	-0.43	0.76
dressing	-0.43	0.54
other	-0.43	0.71
broken	-0.43	0.54
related	-0.43	0.49
apartment	-0.43	0.64
wasnt	-0.43	0.55
fella	-0.43	0.71
mostly	-0.43	0.59
princess	-0.43	0.74
gonewild	-0.43	1.06
recall	-0.43	0.73
false	-0.43	0.63
swear	-0.42	0.62
pretend	-0.42	0.78
hide	-0.42	0.73
house	-0.42	0.58
satisfaction	-0.42	0.43
changed	-0.42	0.52
tbh	-0.42	0.58
encouragement	-0.41	0.69
certain	-0.41	0.71
walking	-0.41	0.75
wings	-0.41	0.67
details	-0.41	0.66
reminds	-0.41	0.52
key	-0.41	0.45
ex	-0.41	0.76
messed	-0.41	0.47
allow	-0.41	0.58
legal	-0.41	0.46
specific	-0.41	0.38
torn	-0.41	0.81
choke	-0.41	0.60
alcohol	-0.41	0.55
slapped	-0.41	0.60
spankings	-0.40	0.56
burst	-0.40	0.46
ohhh	-0.40	0.63
considered	-0.40	0.51
reaction	-0.40	0.44
accidentally	-0.40	0.54
photoshopped	-0.40	0.52
sorta	-0.40	0.60
scale	-0.40	0.51
anal	-0.40	0.50
different	-0.40	0.61
issues	-0.40	0.56
build	-0.40	0.55
located	-0.40	0.46
milfs	-0.40	0.64
judge	-0.39	0.63
24/7	-0.39	0.63
empty	-0.39	0.57
animal	-0.39	0.65
flirt	-0.39	0.65
removed	-0.39	0.60
needed	-0.39	0.83
depends	-0.39	0.77
none	-0.39	0.52
pain	-0.39	0.54
safety	-0.39	0.60
relationship	-0.39	0.57
congratulations	-0.38	0.41
ta	-0.38	0.93
crave	-0.38	0.59
assume	-0.38	0.81
insult	-0.38	0.67
kept	-0.38	0.59
known	-0.38	0.54
curious	-0.38	0.76
suggest	-0.38	0.52
important	-0.38	0.47
fave	-0.38	0.97
called	-0.38	0.66
math	-0.38	0.54
convenient	-0.38	0.46
reason	-0.38	1.14
hmmmm	-0.38	0.52
matter	-0.38	1.18
hawks	-0.38	0.66
law	-0.37	0.50
insist	-0.37	0.75
doctor	-0.37	0.58
killed	-0.37	0.52
target	-0.37	0.61
doesnt	-0.37	0.74
cuz	-0.37	0.70
argument	-0.37	0.47
easy	-0.37	0.51
bondage	-0.37	0.62
drinking	-0.37	0.58
purposes	-0.37	0.47
floors	-0.37	0.63
inbox	-0.37	0.55
easier	-0.37	0.47
safe	-0.37	0.56
suddenly	-0.37	0.70
son	-0.36	0.72
fiance	-0.36	0.63
understood	-0.36	0.76
scrolling	-0.36	0.52
yer	-0.36	0.73
et	-0.36	0.58
telling	-0.36	1.07
heat	-0.36	0.43
parents	-0.36	0.57
crime	-0.36	0.67
endless	-0.36	0.66
flirty	-0.36	0.53
pumping	-0.36	0.66
ability	-0.36	0.50
detention	-0.36	0.54
faith	-0.36	0.57
anymore	-0.36	0.96
zero	-0.36	0.77
addicted	-0.35	0.61
secret	-0.35	0.60
realized	-0.35	0.55
seek	-0.35	0.56
warmed	-0.35	0.60
noise	-0.35	0.55
oil	-0.35	0.42
dump	-0.35	0.58
gals	-0.35	0.41
giggle	-0.35	0.65
reported	-0.35	0.65
sub	-0.35	0.71
friction	-0.35	0.48
benefit	-0.35	0.46
stuffing	-0.35	0.48
chris	-0.35	0.55
directly	-0.35	0.41
je	-0.35	0.58
higher	-0.35	0.43
decent	-0.35	0.45
talk	-0.34	0.84
warming	-0.34	0.56
le	-0.34	0.52
votes	-0.34	0.55
married	-0.34	0.75
boring	-0.34	0.55
blunt	-0.34	0.51
couldnt	-0.34	0.60
r/ladybonersgw	-0.34	0.71
items	-0.34	0.59
angles	-0.34	0.67
poetry	-0.34	0.58
film	-0.34	0.50
drive	-0.34	0.88
dressed	-0.34	0.54
matters	-0.33	0.83
cure	-0.33	0.53
forgotten	-0.33	0.72
eh	-0.33	0.44
image	-0.33	0.44
frankly	-0.33	0.48
hers	-0.33	0.36
un	-0.33	0.56
cam	-0.33	0.40
limit	-0.33	0.63
interested	-0.33	0.71
pregnant	-0.32	0.64
cost	-0.32	0.57
computer	-0.32	0.66
boost	-0.32	0.49
compared	-0.32	0.62
isnt	-0.32	0.69
blame	-0.32	0.78
memory	-0.32	0.59
alert	-0.32	0.53
elsewhere	-0.32	0.53
breaks	-0.32	0.51
yikes	-0.32	0.47
cats	-0.32	0.50
alright	-0.32	0.85
confidence	-0.32	0.56
ran	-0.32	0.76
exchange	-0.32	0.55
la	-0.31	0.48
soapy	-0.31	0.69
cuter	-0.31	0.56
pissed	-0.31	0.63
movement	-0.31	0.41
modeling	-0.31	0.40
hehehe	-0.31	0.51
habit	-0.31	0.45
entirely	-0.31	0.58
according	-0.31	0.52
space	-0.31	0.45
own	-0.31	0.59
knowledge	-0.31	0.47
led	-0.31	0.39
boners	-0.31	0.56
context	-0.31	0.69
ego	-0.31	0.53
furniture	-0.31	0.54
blowjob	-0.30	0.41
building	-0.30	0.49
fantasy	-0.30	0.68
gain	-0.30	0.63
interest	-0.30	0.60
drag	-0.30	0.71
driving	-0.30	0.78
gym	-0.30	0.74
sexual	-0.30	0.43
discuss	-0.30	0.65
club	-0.30	0.44
apparently	-0.30	0.55
games	-0.30	0.57
evil	-0.30	0.56
quiet	-0.30	0.44
closed	-0.30	0.48
fast	-0.29	0.51
conversation	-0.29	0.54
xbox	-0.29	0.48
trying	-0.29	0.72
possibility	-0.29	0.53
guessed	-0.29	0.78
active	-0.29	0.48
board	-0.29	0.43
unable	-0.29	0.54
experience	-0.29	0.40
coworkers	-0.29	0.57
jk	-0.29	0.59
gracias	-0.29	0.69
webcam	-0.29	0.38
feeling	-0.29	0.85
worn	-0.29	0.55
headed	-0.29	0.66
purr	-0.29	0.55
tripod	-0.29	0.55
group	-0.29	0.53
dogs	-0.28	0.64
aka	-0.28	0.39
username	-0.28	0.44
attention	-0.28	0.47
favorite	-0.28	1.09
steamy	-0.28	0.66
nah	-0.28	0.82
distract	-0.28	0.57
doors	-0.28	0.40
cheating	-0.28	0.70
lost	-0.28	0.50
missy	-0.28	0.64
dammit	-0.28	0.50
opened	-0.28	0.49
rewarded	-0.28	0.52
receiving	-0.28	0.41
pearl	-0.28	0.39
exact	-0.28	0.63
heavy	-0.28	0.37
mile	-0.28	0.43
hahaha	-0.28	0.93
refreshing	-0.28	0.64
island	-0.28	0.54
hence	-0.28	0.48
comparison	-0.28	0.43
netflix	-0.28	0.50
role	-0.27	0.63
shop	-0.27	0.44
gone	-0.27	0.99
market	-0.27	0.63
flashing	-0.27	0.40
learn	-0.27	0.45
terribly	-0.27	0.67
several	-0.27	0.53
popular	-0.27	0.53
throughout	-0.27	0.39
counts	-0.27	0.50
helps	-0.27	0.56
save	-0.27	0.39
statement	-0.27	0.45
gon	-0.27	0.87
teacher	-0.27	0.50
selfies	-0.27	0.62
ding	-0.26	0.43
involves	-0.26	0.46
favourite	-0.26	1.05
admit	-0.26	0.76
bold	-0.26	0.59
properly	-0.26	0.67
quote	-0.26	0.44
lens	-0.26	0.40
internet	-0.26	0.58
breathing	-0.26	0.55
spoil	-0.26	0.59
choices	-0.26	0.49
page	-0.26	0.53
wine	-0.26	0.44
brb	-0.26	0.51
stayed	-0.26	0.46
learning	-0.26	0.52
hottest	-0.26	1.36
enjoyment	-0.26	0.56
blur	-0.25	0.49
mode	-0.25	0.49
dance	-0.25	0.43
busy	-0.25	0.72
studying	-0.25	0.45
screaming	-0.25	0.46
themselves	-0.25	0.56
lust	-0.25	0.57
remove	-0.25	0.67
tame	-0.25	0.64
explode	-0.25	0.61
turdcutter	-0.25	0.40
inspired	-0.25	0.40
thirsty	-0.25	0.54
plan	-0.25	0.51
typing	-0.25	0.54
scream	-0.24	0.59
hiking	-0.24	0.61
satisfied	-0.24	0.66
message	-0.24	0.54
ha	-0.24	0.63
picking	-0.24	0.47
review	-0.24	0.39
slightly	-0.24	0.45
hairless	-0.24	0.90
hmm	-0.24	0.65
cringe	-0.24	0.63
jerk	-0.24	0.57
mirrors	-0.24	0.60
talking	-0.24	1.08
bathtub	-0.24	0.41
flight	-0.24	0.51
among	-0.24	0.58
carpet	-0.23	0.57
single	-0.23	0.69
earth	-0.23	0.75
battle	-0.23	0.40
ticket	-0.23	0.43
gettin	-0.23	0.65
odd	-0.23	0.73
legit	-0.23	0.72
guys	-0.23	0.50
bedtime	-0.23	0.39
audio	-0.23	0.52
and/or	-0.23	0.40
bee	-0.23	0.41
despite	-0.23	0.49
town	-0.23	0.68
excitement	-0.23	0.51
toe	-0.23	0.50
snow	-0.23	0.43
direct	-0.23	0.50
loss	-0.23	0.59
promised	-0.23	0.49
topic	-0.23	0.38
upvoting	-0.22	0.49
tad	-0.22	0.43
etc	-0.22	0.45
changing	-0.22	0.43
europe	-0.22	0.53
neighbors	-0.22	0.46
increase	-0.22	0.48
crying	-0.22	0.47
queen	-0.22	0.60
mobile	-0.22	0.39
jerking	-0.22	0.68
exist	-0.22	0.49
sidebar	-0.22	0.57
nsfw	-0.22	0.44
dancing	-0.22	0.40
clothed	-0.22	0.52
approach	-0.22	0.68
happening	-0.22	0.78
zombie	-0.22	0.42
los	-0.22	0.70
solution	-0.22	0.52
based	-0.22	0.42
personal	-0.22	0.51
honesty	-0.21	0.57
country	-0.21	0.48
account	-0.21	0.53
ryan	-0.21	0.49
theme	-0.21	0.39
closet	-0.21	0.45
remote	-0.21	0.47
exhibitionism	-0.21	0.52
amazed	-0.21	0.75
deleted	-0.21	0.54
seahawks	-0.21	0.57
money	-0.21	0.56
cheat	-0.21	0.58
imagined	-0.21	0.72
outfits	-0.21	0.72
doubt	-0.21	0.97
fetish	-0.21	0.56
sticky	-0.21	0.71
opinion	-0.21	0.66
site	-0.21	0.44
sexiest	-0.21	1.32
ahead	-0.21	0.59
exhausted	-0.21	0.50
swimming	-0.21	0.57
warning	-0.21	0.48
squats	-0.21	0.76
living	-0.21	0.57
picks	-0.21	0.38
screen	-0.20	0.53
magic	-0.20	0.40
r/gonewild	-0.20	0.64
outdoors	-0.20	0.44
comin	-0.20	0.58
dad	-0.20	0.55
cause	-0.20	0.57
hearing	-0.20	0.55
downstairs	-0.20	0.83
seem	-0.20	0.72
thankfully	-0.20	0.47
unfortunate	-0.20	0.55
closely	-0.20	0.49
line	-0.20	0.46
hoping	-0.20	0.71
bastard	-0.20	0.55
common	-0.20	0.47
mentioned	-0.20	0.57
bodies	-0.20	1.23
vote	-0.19	0.47
calories	-0.19	0.47
vs	-0.19	0.52
keeping	-0.19	0.81
spice	-0.19	0.44
reward	-0.19	0.47
horse	-0.19	0.50
basis	-0.19	0.61
excuse	-0.19	0.40
reverse	-0.19	0.38
kick	-0.19	0.52
training	-0.19	0.67
hidden	-0.19	0.45
hospital	-0.19	0.66
step	-0.19	0.38
1000	-0.19	0.45
nurses	-0.19	0.52
grass	-0.19	0.39
subs	-0.19	0.52
something	-0.19	1.11
doin	-0.19	0.96
guessing	-0.19	0.89
gentle	-0.19	0.68
whichever	-0.19	0.60
bus	-0.18	0.42
pulls	-0.18	0.55
pour	-0.18	0.41
hammer	-0.18	0.56
limits	-0.18	0.63
finished	-0.18	0.52
meant	-0.18	0.87
went	-0.18	0.70
office	-0.18	0.48
daddy	-0.18	0.65
family	-0.18	0.40
than	-0.18	0.69
park	-0.18	0.50
number	-0.18	0.45
fighting	-0.18	0.52
learned	-0.18	0.59
reminded	-0.18	0.48
physical	-0.18	0.39
curiosity	-0.18	0.53
costume	-0.18	0.36
bell	-0.18	0.43
surely	-0.18	0.61
paying	-0.18	0.68
chicks	-0.18	0.66
prettiest	-0.18	1.29
saying	-0.17	1.17
former	-0.17	0.44
alike	-0.17	0.45
heading	-0.17	0.71
rarely	-0.17	0.56
flattered	-0.17	0.87
scientific	-0.17	0.50
tequila	-0.17	0.52
awake	-0.17	0.68
race	-0.17	0.43
knight	-0.17	0.49
surgery	-0.17	0.37
<SPECIAL>	-0.17	0.37
<URL>	-0.17	0.37
test	-0.17	0.58
thang	-0.17	1.01
pounding	-0.17	0.51
walls	-0.17	0.61
resist	-0.17	0.72
cut	-0.17	0.38
started	-0.17	0.55
ca	-0.17	0.91
technique	-0.17	0.40
claim	-0.17	0.47
seen	-0.17	1.25
qualify	-0.17	0.53
underboob	-0.17	0.49
hiring	-0.17	0.69
bone	-0.16	0.45
buddies	-0.16	0.81
relaxed	-0.16	0.49
involve	-0.16	0.45
bike	-0.16	0.43
salad	-0.16	0.38
charge	-0.16	0.47
new	-0.16	0.60
peace	-0.16	0.47
working	-0.16	0.92
invented	-0.16	0.53
drown	-0.16	0.79
familiar	-0.16	0.70
use	-0.16	0.64
gas	-0.16	0.49
direction	-0.16	0.52
bout	-0.16	0.80
task	-0.16	0.46
balance	-0.16	0.39
concept	-0.16	0.44
gold	-0.16	0.41
duck	-0.16	0.38
depending	-0.16	0.56
nine	-0.16	0.37
lover	-0.16	0.57
geez	-0.16	0.37
vaginas	-0.16	0.72
orgasm	-0.16	0.38
energy	-0.15	0.45
sheet	-0.15	0.48
main	-0.15	0.40
wiener	-0.15	0.43
concentrate	-0.15	0.64
swing	-0.15	0.47
life	-0.15	0.53
toss	-0.15	0.60
pay	-0.15	0.45
home	-0.15	0.66
pieces	-0.15	0.53
able	-0.15	0.62
our	-0.15	0.54
spell	-0.15	0.69
represent	-0.15	0.43
subreddit	-0.15	0.55
expensive	-0.15	0.42
store	-0.15	0.45
beast	-0.15	0.69
brain	-0.15	0.40
creampie	-0.15	0.37
towel	-0.15	0.55
mention	-0.15	0.44
appeal	-0.15	0.47
sunlight	-0.15	0.68
edition	-0.15	0.44
rape	-0.15	0.40
tee	-0.15	0.52
happiness	-0.15	0.52
motivation	-0.15	0.52
hearts	-0.14	0.67
te	-0.14	0.66
myself	-0.14	0.64
speaking	-0.14	0.50
ive	-0.14	1.22
far	-0.14	1.14
stopped	-0.14	0.48
swim	-0.14	0.62
bathroom	-0.14	0.46
going	-0.14	1.17
hitting	-0.14	0.42
reddit	-0.14	0.99
nurse	-0.14	0.49
winner	-0.14	0.44
naw	-0.14	0.56
ocean	-0.14	0.52
english	-0.14	0.45
without	-0.14	0.50
using	-0.14	0.61
boxers	-0.14	0.37
ever	-0.14	1.22
effect	-0.13	0.50
curtains	-0.13	0.64
asking	-0.13	0.91
hah	-0.13	0.66
atleast	-0.13	0.40
truth	-0.13	0.69
salute	-0.13	0.45
aussie	-0.13	0.52
relevant	-0.13	0.39
spelled	-0.13	0.49
currently	-0.13	0.50
user	-0.13	0.45
satisfy	-0.13	0.38
belle	-0.13	0.43
coconut	-0.13	0.49
bird	-0.13	0.39
crossed	-0.13	0.49
evidence	-0.13	0.54
brave	-0.13	0.55
gw	-0.13	1.10
league	-0.13	0.40
productive	-0.13	0.66
lube	-0.13	0.40
grade	-0.13	0.42
wilder	-0.13	0.73
ovation	-0.12	0.40
warmer	-0.12	0.50
assure	-0.12	0.65
oo	-0.12	0.46
count	-0.12	0.65
professor	-0.12	0.47
swelling	-0.12	0.41
remain	-0.12	0.47
breath	-0.12	0.45
beer	-0.12	0.40
cowboy	-0.12	0.59
purpose	-0.12	0.41
scroll	-0.12	0.40
res	-0.12	0.34
inclined	-0.12	0.60
browse	-0.12	0.41
blows	-0.12	0.36
profile	-0.12	0.40
names	-0.12	0.39
happen	-0.12	0.82
treat	-0.12	0.80
found	-0.12	0.53
rising	-0.12	0.39
submissions	-0.12	0.41
talked	-0.12	0.49
study	-0.12	0.40
tears	-0.12	0.49
content	-0.12	0.40
exercise	-0.12	0.50
planned	-0.12	0.57
por	-0.12	0.67
throwing	-0.12	0.46
buttholes	-0.12	0.85
delivered	-0.12	0.57
steal	-0.12	0.50
windows	-0.12	0.35
bedroom	-0.11	0.44
possibilities	-0.11	0.59
rules	-0.11	0.46
climax	-0.11	0.39
significant	-0.11	0.45
bumps	-0.11	0.46
stars	-0.11	0.39
clicking	-0.11	0.42
thicker	-0.11	0.66
walk	-0.11	0.53
bottle	-0.11	0.39
humanity	-0.11	0.47
exception	-0.11	0.45
didnt	-0.11	0.62
sentence	-0.11	0.69
level	-0.11	0.45
drink	-0.11	0.40
concern	-0.11	0.52
six	-0.11	0.60
donate	-0.11	0.48
rule	-0.11	0.38
original	-0.11	0.36
fix	-0.11	0.50
bj	-0.11	0.35
option	-0.11	0.41
practically	-0.11	0.38
vegas	-0.10	0.50
begin	-0.10	0.67
banned	-0.10	0.56
deliver	-0.10	0.56
ours	-0.10	0.52
pro	-0.10	0.33
death	-0.10	0.33
school	-0.10	0.47
issue	-0.10	0.49
southern	-0.10	0.60
squirting	-0.10	0.46
preferably	-0.10	0.46
technically	-0.10	0.49
become	-0.10	0.57
spider	-0.10	0.49
died	-0.10	0.42
virgin	-0.10	0.59
sayin	-0.10	0.64
fold	-0.10	0.50
forced	-0.10	0.43
entering	-0.10	0.40
vid	-0.10	0.42
gentleman	-0.10	0.44
base	-0.10	0.55
university	-0.10	0.40
checks	-0.10	0.44
multiple	-0.10	0.46
stripper	-0.10	0.45
ethnicity	-0.10	0.68
grew	-0.10	0.41
hall	-0.10	0.40
glass	-0.10	0.42
shortly	-0.10	0.37
abuse	-0.10	0.63
private	-0.10	0.45
easily	-0.10	1.06
shopping	-0.10	0.59
tumblr	-0.10	0.44
whiskey	-0.09	0.39
video	-0.09	0.46
exam	-0.09	0.37
process	-0.09	0.39
situation	-0.09	0.48
pointed	-0.09	0.38
tub	-0.09	0.42
credit	-0.09	0.37
penetration	-0.09	0.47
assuming	-0.09	0.64
outside	-0.09	0.38
mental	-0.09	0.39
fantasizing	-0.09	0.76
cash	-0.09	0.41
luckiest	-0.09	0.88
fire	-0.09	0.45
meh	-0.09	0.41
restaurant	-0.09	0.42
vanilla	-0.09	0.46
word	-0.09	0.84
miles	-0.09	0.42
envy	-0.09	0.50
crack	-0.09	0.36
pillow	-0.08	0.51
tattooed	-0.08	0.51
de	-0.08	0.44
popped	-0.08	0.42
awaiting	-0.08	0.50
neighbor	-0.08	0.60
lifting	-0.08	0.45
general	-0.08	0.47
sent	-0.08	0.44
dicks	-0.08	0.58
scratch	-0.08	0.52
force	-0.08	0.46
church	-0.08	0.44
fwb	-0.08	0.41
achieved	-0.08	0.56
fav	-0.08	0.89
deal	-0.08	0.60
assistant	-0.08	0.43
favorites	-0.08	0.57
gender	-0.08	0.37
tu	-0.08	0.42
basically	-0.08	0.54
hugs	-0.08	0.60
inspection	-0.08	0.39
understanding	-0.08	0.59
heard	-0.08	0.82
thumbnail	-0.08	0.35
fapping	-0.08	0.63
dollars	-0.08	0.43
gonemild	-0.07	0.61
wreck	-0.07	0.49
hockey	-0.07	0.37
thorough	-0.07	0.36
sore	-0.07	0.47
passing	-0.07	0.40
prize	-0.07	0.47
flying	-0.07	0.38
searching	-0.07	0.55
library	-0.07	0.43
gim	-0.07	0.48
earned	-0.07	0.45
memories	-0.07	0.47
ikea	-0.07	0.47
ftfy	-0.07	0.37
pass	-0.07	0.54
drapes	-0.07	0.50
oooo	-0.07	0.46
i.e	-0.07	0.39
created	-0.07	0.40
anything	-0.07	1.02
harley	-0.07	0.55
public	-0.07	0.40
required	-0.07	0.39
mins	-0.07	0.37
field	-0.07	0.35
pipe	-0.07	0.50
moms	-0.07	0.46
crush	-0.07	0.38
luck	-0.07	0.42
boyfriend	-0.07	0.58
demand	-0.07	0.42
better	-0.07	0.53
bar	-0.07	0.38
dos	-0.07	0.63
barely	-0.07	0.37
toward	-0.07	0.50
alive	-0.06	0.46
tag	-0.06	0.37
ends	-0.06	0.34
ninja	-0.06	0.37
ghost	-0.06	0.45
trip	-0.06	0.47
york	-0.06	0.38
gtfo	-0.06	0.42
email	-0.06	0.41
location	-0.06	0.37
convinced	-0.06	0.69
difference	-0.06	0.37
squirm	-0.06	0.51
optional	-0.06	0.47
blanket	-0.06	0.46
favor	-0.06	0.45
ahem	-0.06	0.45
else	-0.06	1.00
genius	-0.06	0.42
chances	-0.06	0.46
reflection	-0.06	0.41
getting	-0.06	0.75
en	-0.06	0.42
run	-0.06	0.70
riding	-0.06	0.49
standards	-0.06	0.40
pleased	-0.06	0.48
roommate	-0.06	0.50
horror	-0.06	0.34
few	-0.06	0.43
times	-0.06	0.42
plastic	-0.06	0.66
lower	-0.06	0.45
fyi	-0.06	0.41
air	-0.06	0.51
weight	-0.06	0.43
case	-0.06	0.57
master	-0.06	0.46
blushing	-0.06	0.63
imgur	-0.06	0.34
ready	-0.06	0.59
fever	-0.06	0.44
notice	-0.06	0.74
dildos	-0.06	0.37
equipment	-0.06	0.39
expert	-0.05	0.43
stolen	-0.05	0.53
teach	-0.05	0.40
must	-0.05	0.67
drinks	-0.05	0.40
pleasure	-0.05	0.40
partial	-0.05	0.51
meaning	-0.05	0.39
hundred	-0.05	0.43
afterwards	-0.05	0.42
carry	-0.05	0.62
bf	-0.05	0.56
finals	-0.05	0.36
quickly	-0.05	0.52
strangers	-0.05	0.41
amateur	-0.05	0.34
stand	-0.05	0.60
bless	-0.05	0.45
move	-0.05	0.68
lit	-0.05	0.38
plane	-0.05	0.40
buy	-0.05	0.40
hardly	-0.05	0.57
calling	-0.05	0.48
football	-0.05	0.40
bc	-0.05	0.54
within	-0.05	0.39
he	-0.05	0.59
background	-0.05	0.40
chicken	-0.04	0.38
es	-0.04	0.42
du	-0.04	0.39
host	-0.04	0.35
r/r4r	-0.04	0.46
student	-0.04	0.39
practice	-0.04	0.42
pairs	-0.04	0.61
iron	-0.04	0.36
mountain	-0.04	0.34
oui	-0.04	0.45
sword	-0.04	0.42
trick	-0.04	0.40
schoolgirl	-0.04	0.50
medical	-0.04	0.37
counting	-0.04	0.39
range	-0.04	0.46
passed	-0.04	0.40
thousand	-0.04	0.44
pounded	-0.04	0.47
threw	-0.04	0.41
focused	-0.04	0.61
shadow	-0.04	0.52
browsing	-0.04	0.39
stimulation	-0.04	0.36
stood	-0.04	0.38
follow	-0.04	0.44
youll	-0.04	0.57
homework	-0.04	0.37
web	-0.04	0.38
itself	-0.04	0.39
tagged	-0.04	0.39
reporting	-0.04	0.46
men	-0.04	0.44
desires	-0.04	0.54
door	-0.04	0.39
boredom	-0.03	0.40
where	-0.03	1.08
contain	-0.03	0.63
leak	-0.03	0.52
mouse	-0.03	0.36
france	-0.03	0.39
makes	-0.03	0.60
compliment	-0.03	0.53
words	-0.03	0.66
busted	-0.03	0.40
here	-0.03	0.83
classes	-0.03	0.37
dong	-0.03	0.39
si	-0.03	0.43
devil	-0.03	0.39
n't	-0.03	0.93
skill	-0.03	0.52
price	-0.03	0.37
peaks	-0.03	0.52
heart	-0.03	0.34
bras	-0.03	0.54
describe	-0.03	0.63
recognized	-0.03	0.47
cold	-0.03	0.39
spanks	-0.03	0.45
guaranteed	-0.03	0.33
jack	-0.03	0.42
ending	-0.03	0.37
sauce	-0.03	0.47
road	-0.03	0.40
il	-0.03	0.42
whomever	-0.03	0.64
helpful	-0.03	0.38
generating	-0.03	0.46
pressure	-0.03	0.35
tributes	-0.03	0.49
threesome	-0.03	0.38
props	-0.03	0.35
birth	-0.03	0.54
resume	-0.03	0.37
dinner	-0.03	0.38
street	-0.02	0.38
couple	-0.02	0.41
extreme	-0.02	0.39
importantly	-0.02	0.39
swell	-0.02	0.45
dresser	-0.02	0.46
desire	-0.02	0.42
refuse	-0.02	0.70
ups	-0.02	0.37
kudos	-0.02	0.38
kind	-0.02	0.56
trash	-0.02	0.40
skills	-0.02	0.41
whatever	-0.02	0.91
patience	-0.02	0.42
felt	-0.02	0.51
joined	-0.02	0.42
finishing	-0.02	0.40
truck	-0.02	0.55
stays	-0.02	0.49
creativity	-0.02	0.40
stress	-0.02	0.40
guitar	-0.02	0.33
somebody	-0.02	0.56
wonders	-0.02	0.61
pulse	-0.02	0.36
including	-0.02	0.39
pussies	-0.02	1.07
se	-0.02	0.47
million	-0.02	0.42
spanking	-0.02	0.47
pleasurable	-0.02	0.46
curl	-0.02	0.39
worlds	-0.02	0.87
impression	-0.02	0.42
redditor	-0.02	0.52
possibly	-0.01	0.97
models	-0.01	0.34
keyboard	-0.01	0.31
version	-0.01	0.44
waves	-0.01	0.40
british	-0.01	0.37
ahhhh	-0.01	0.47
moly	-0.01	0.36
sec	-0.01	0.49
himself	-0.01	0.47
current	-0.01	0.36
immediately	-0.01	0.43
anybody	-0.01	0.74
casual	-0.01	0.49
glory	-0.01	0.57
screams	-0.01	0.50
nicest	-0.01	1.14
tour	-0.01	0.53
success	-0.01	0.36
resolution	-0.01	0.41
dildo	-0.01	0.57
class	-0.01	0.40
advantage	-0.01	0.40
fapped	-0.01	0.45
journey	-0.01	0.35
bare	-0.01	0.47
60	-0.01	0.40
appear	-0.01	0.49
humble	-0.01	0.59
champ	-0.01	0.40
satisfying	-0.01	0.33
boss	-0.01	0.50
language	-0.01	0.44
uses	-0.01	0.41
requires	-0.01	0.38
lives	-0.01	0.39
monitor	-0.01	0.34
advertise	-0.01	0.45
rate	-0.00	0.37
oooh	-0.00	0.39
arched	-0.00	0.43
questions	-0.00	0.47
history	-0.00	0.39
swap	-0.00	0.40
sexually	-0.00	0.46
sacrifice	-0.00	0.41
name	-0.00	0.35
him	-0.00	0.55
mystery	-0.00	0.43
mean	-0.00	0.82
missionary	-0.00	0.49
areas	-0.00	0.47
create	-0.00	0.49
team	0.00	0.38
trap	0.00	0.43
cars	0.00	0.39
express	0.00	0.48
ages	0.00	0.60
extra	0.00	0.38
partner	0.00	0.50
hired	0.00	0.37
clear	0.00	0.37
walked	0.00	0.41
information	0.00	0.43
teased	0.00	0.42
keeps	0.00	0.45
ultimate	0.00	0.42
contact	0.00	0.40
lazy	0.00	0.55
famous	0.00	0.59
lose	0.00	0.43
leave	0.00	0.48
attire	0.00	0.53
sand	0.00	0.42
fucked	0.01	0.44
spanked	0.01	0.45
joy	0.01	0.46
links	0.01	0.36
asses	0.01	1.07
harder	0.01	0.44
remind	0.01	0.47
playboy	0.01	0.38
pile	0.01	0.44
walks	0.01	0.43
heck	0.01	0.52
rid	0.01	0.37
woke	0.01	0.48
via	0.01	0.40
alien	0.01	0.41
became	0.01	0.38
rolling	0.01	0.35
sending	0.01	0.46
noticing	0.01	0.61
exilevilify	0.01	0.33
solo	0.01	0.40
mass	0.01	0.33
smell	0.01	0.62
virginity	0.01	0.38
sat	0.01	0.46
plus	0.01	0.47
won	0.01	0.37
deserve	0.01	0.39
wise	0.01	0.36
harry	0.01	0.36
cheers	0.01	0.59
dated	0.01	0.43
handy	0.01	0.37
hooked	0.01	0.46
38	0.02	0.66
suspect	0.02	0.38
lead	0.02	0.34
appreciation	0.02	0.40
gem	0.02	0.38
suggestions	0.02	0.38
award	0.02	0.83
somehow	0.02	0.44
havent	0.02	0.53
satan	0.02	0.43
switch	0.02	0.40
poster	0.02	0.63
latin	0.02	0.52
flag	0.02	0.45
shorter	0.02	0.43
ooo	0.02	0.48
granted	0.02	0.42
kissed	0.02	0.43
born	0.02	0.40
believe	0.02	0.82
boston	0.02	0.40
fucker	0.02	0.46
500	0.02	0.38
state	0.02	0.41
piss	0.02	0.47
teddy	0.02	0.35
require	0.02	0.40
wider	0.02	0.38
which	0.02	0.67
available	0.02	0.40
facial	0.02	0.37
entertained	0.02	0.49
sarcasm	0.02	0.48
basic	0.02	0.36
filter	0.02	0.37
player	0.02	0.36
cocks	0.02	0.41
broke	0.02	0.35
hike	0.02	0.38
game	0.02	0.39
done	0.02	0.80
t-shirt	0.02	0.58
coach	0.02	0.41
reports	0.02	0.47
testing	0.02	0.36
females	0.02	0.38
runs	0.02	0.47
pride	0.03	0.45
rubber	0.03	0.42
friends	0.03	0.44
holds	0.03	0.40
powers	0.03	0.34
gentlemen	0.03	0.41
wtf	0.03	0.50
slow	0.03	0.45
rise	0.03	0.35
adult	0.03	0.37
weed	0.03	0.60
include	0.03	0.36
relief	0.03	0.38
freedom	0.03	0.39
putting	0.03	0.64
constantly	0.03	0.46
member	0.03	0.48
his	0.03	0.52
features	0.03	0.55
exile	0.03	0.33
city	0.03	0.44
raised	0.03	0.37
faces	0.03	0.59
pizza	0.03	0.35
starts	0.03	0.37
prettier	0.03	0.47
cardio	0.03	0.44
similar	0.03	0.38
whose	0.03	0.36
que	0.03	0.45
sets	0.03	0.65
seattle	0.04	0.45
season	0.04	0.31
realize	0.04	0.56
beating	0.04	0.37
parts	0.04	0.54
invited	0.04	0.48
faster	0.04	0.40
college	0.04	0.38
brightened	0.04	0.58
finding	0.04	0.48
sensation	0.04	0.43
becoming	0.04	0.56
commando	0.04	0.51
upper	0.04	0.38
ten	0.04	0.37
animals	0.04	0.34
moved	0.04	0.47
shaking	0.04	0.37
asleep	0.04	0.46
conclusion	0.04	0.42
yard	0.04	0.38
views	0.04	0.52
fulfilled	0.04	0.41
13	0.04	0.37
commented	0.04	0.51
soap	0.04	0.41
occasion	0.04	0.37
dibs	0.04	0.37
degrees	0.04	0.33
rated	0.04	0.49
pardon	0.04	0.37
me	0.04	0.62
ve	0.05	0.94
losing	0.05	0.41
stiff	0.05	0.53
bites	0.05	0.46
quickie	0.05	0.36
remembered	0.05	0.50
shout	0.05	0.36
accepted	0.05	0.39
selfie	0.05	0.33
goes	0.05	0.68
planning	0.05	0.43
travel	0.05	0.41
worked	0.05	0.50
corner	0.05	0.37
sell	0.05	0.37
jam	0.05	0.37
five	0.05	0.35
42	0.05	0.43
chinese	0.05	0.32
austin	0.05	0.43
victoria	0.05	0.40
calm	0.05	0.44
anticipation	0.05	0.44
dollar	0.05	0.36
plot	0.05	0.43
braless	0.05	0.50
50	0.05	0.38
snap	0.05	0.35
sunny	0.05	0.35
hire	0.05	0.42
bay	0.05	0.40
students	0.05	0.37
sticks	0.05	0.45
neighborhood	0.05	0.43
window	0.05	0.36
birds	0.05	0.37
snuggle	0.05	0.45
pinky	0.05	0.38
forest	0.05	0.41
imo	0.05	0.53
giant	0.05	0.35
east	0.05	0.41
grabbed	0.05	0.43
brand	0.05	0.37
seven	0.05	0.34
whenever	0.05	0.32
assist	0.06	0.49
begging	0.06	0.45
escalated	0.06	0.33
towards	0.06	0.43
bi	0.06	0.40
submission	0.06	0.32
imagining	0.06	0.58
everytime	0.06	0.64
achieve	0.06	0.36
introduce	0.06	0.42
through	0.06	0.38
tooth	0.06	0.42
flow	0.06	0.39
blowing	0.06	0.36
exposed	0.06	0.33
missing	0.06	0.80
junk	0.06	0.35
weather	0.06	0.34
playmate	0.06	0.44
meal	0.06	0.38
suggestion	0.06	0.40
list	0.06	0.35
break	0.06	0.37
moments	0.06	0.38
covers	0.06	0.37
san	0.06	0.42
speak	0.06	0.66
jump	0.06	0.57
weak	0.06	0.44
james	0.06	0.40
used	0.06	0.55
highest	0.06	0.34
double	0.06	0.36
bank	0.06	0.33
dessert	0.06	0.40
replace	0.06	0.57
pool	0.06	0.36
ma	0.07	0.44
ripping	0.07	0.57
pokemon	0.07	0.36
hairs	0.07	0.35
daring	0.07	0.41
calls	0.07	0.35
wind	0.07	0.34
thru	0.07	0.39
coast	0.07	0.38
universe	0.07	0.38
romantic	0.07	0.36
length	0.07	0.35
compare	0.07	0.47
sniff	0.07	0.41
water	0.07	0.37
begs	0.07	0.45
midwest	0.07	0.40
outdoor	0.07	0.37
physics	0.07	0.37
each	0.07	0.45
images	0.07	0.31
condition	0.07	0.40
helped	0.07	0.40
taken	0.07	0.33
watching	0.07	0.43
viewing	0.07	0.37
officially	0.07	0.42
audience	0.07	0.37
uploading	0.07	0.40
comfortable	0.07	0.39
45	0.07	0.36
uhhh	0.07	0.39
forgot	0.07	0.51
further	0.07	0.37
fitness	0.07	0.36
past	0.07	0.38
30	0.07	0.38
scars	0.07	0.60
sob	0.08	0.44
gun	0.08	0.36
brings	0.08	0.38
goal	0.08	0.37
fully	0.08	0.38
hahah	0.08	0.63
waste	0.08	0.36
69	0.08	0.31
track	0.08	0.39
bottoms	0.08	0.60
maid	0.08	0.40
comes	0.08	0.64
scrub	0.08	0.42
ended	0.08	0.33
rainbow	0.08	0.31
submit	0.08	0.37
object	0.08	0.38
source	0.08	0.42
toilet	0.08	0.37
fashion	0.08	0.33
protein	0.08	0.34
albums	0.08	0.59
lunch	0.08	0.37
research	0.08	0.38
anyone	0.08	0.72
professional	0.08	0.32
toronto	0.08	0.44
wanting	0.08	0.49
boy	0.08	0.46
texas	0.08	0.40
moving	0.08	0.51
hubby	0.08	0.49
accept	0.08	0.41
frustration	0.08	0.38
meet	0.08	0.61
cook	0.08	0.30
climb	0.08	0.48
pounds	0.08	0.35
hero	0.08	0.38
eaten	0.08	0.40
girlfriend	0.08	0.47
noticed	0.08	0.53
waters	0.08	0.44
beg	0.08	0.46
marriage	0.08	0.36
gf	0.08	0.49
loose	0.08	0.38
heh	0.08	0.51
bags	0.08	0.47
shenanigans	0.08	0.37
20	0.08	0.37
tried	0.08	0.45
undies	0.09	0.63
gallery	0.09	0.28
answers	0.09	0.45
borrow	0.09	0.36
35	0.09	0.42
1-on-1	0.09	0.41
slight	0.09	0.36
method	0.09	0.38
paid	0.09	0.40
sincerely	0.09	0.37
yellow	0.09	0.47
gunna	0.09	0.65
lift	0.09	0.44
decide	0.09	0.78
hm	0.09	0.42
peel	0.09	0.57
photographer	0.09	0.36
kid	0.09	0.32
cotton	0.09	0.44
guns	0.09	0.50
tags	0.09	0.48
model	0.09	0.31
choose	0.09	0.49
requests	0.09	0.45
metal	0.09	0.43
scenario	0.09	0.39
power	0.09	0.35
order	0.09	0.52
draw	0.09	0.34
ny	0.09	0.41
twin	0.09	0.45
licked	0.09	0.43
any	0.09	0.67
forever	0.09	0.39
paddle	0.09	0.50
date	0.09	0.37
spam	0.09	0.46
paper	0.09	0.34
factor	0.09	0.34
happened	0.09	0.53
mirror	0.09	0.33
nearby	0.09	0.44
floyd	0.09	0.31
msg	0.09	0.42
younger	0.09	0.41
wipe	0.09	0.40
ought	0.09	0.44
recently	0.09	0.41
degree	0.09	0.36
nailed	0.09	0.39
noted	0.10	0.30
advance	0.10	0.46
candle	0.10	0.44
american	0.10	0.35
impress	0.10	0.41
open	0.10	0.43
soccer	0.10	0.35
tea	0.10	0.29
lamp	0.10	0.32
invite	0.10	0.44
train	0.10	0.46
pm	0.10	0.42
food	0.10	0.29
winning	0.10	0.34
squeezed	0.10	0.42
posing	0.10	0.41
tent	0.10	0.37
closer	0.10	0.41
tasted	0.10	0.43
california	0.10	0.41
nap	0.10	0.33
neck	0.10	0.54
bake	0.10	0.45
dangerous	0.10	0.36
desperately	0.10	0.42
rose	0.10	0.51
fly	0.10	0.41
mid	0.10	0.30
supply	0.10	0.36
plugs	0.10	0.46
cali	0.10	0.41
erection	0.10	0.36
spot	0.10	0.54
phrase	0.10	0.54
vancouver	0.10	0.40
knock	0.10	0.34
dry	0.10	0.42
bill	0.10	0.35
dying	0.10	0.50
lottery	0.10	0.31
results	0.10	0.41
string	0.10	0.50
access	0.10	0.34
im	0.10	0.67
belong	0.10	0.49
scene	0.10	0.32
assistance	0.10	0.41
planet	0.10	0.69
shirt	0.10	0.60
lies	0.10	0.38
ahhh	0.11	0.44
warn	0.11	0.67
war	0.11	0.31
father	0.11	0.43
skype	0.11	0.40
temperature	0.11	0.32
husband	0.11	0.48
brother	0.11	0.44
address	0.11	0.40
area	0.11	0.41
honor	0.11	0.35
11/10	0.11	0.33
wasted	0.11	0.36
submitted	0.11	0.37
spent	0.11	0.40
clap	0.11	0.42
shame	0.11	0.56
mhm	0.11	0.43
fail	0.11	0.43
tank	0.11	0.61
send	0.11	0.42
intimate	0.11	0.40
reality	0.11	0.35
sock	0.11	0.39
by	0.11	0.45
nyc	0.11	0.42
kitchen	0.11	0.37
benefits	0.11	0.49
mail	0.11	0.37
lashing	0.11	0.33
bliss	0.11	0.37
dreams	0.11	0.56
ohio	0.11	0.38
quiver	0.11	0.38
played	0.11	0.39
15	0.11	0.33
solve	0.11	0.41
woohoo	0.11	0.40
undressed	0.11	0.39
12	0.11	0.34
detail	0.11	0.47
gotten	0.11	0.48
smart	0.12	0.43
tonight	0.12	0.46
sold	0.12	0.40
most	0.12	1.00
behalf	0.12	0.39
sister	0.12	0.40
below	0.12	0.51
thus	0.12	0.45
thrown	0.12	0.36
blew	0.12	0.35
friend	0.12	0.49
nerd	0.12	0.30
canadian	0.12	0.37
bring	0.12	0.38
inspiration	0.12	0.35
making	0.12	0.66
business	0.12	0.35
wank	0.12	0.42
34c	0.12	0.37
four	0.12	0.35
in	0.12	0.61
services	0.12	0.40
consent	0.12	0.36
stuck	0.12	0.38
soak	0.12	0.39
longer	0.12	0.47
everybody	0.12	0.55
someday	0.12	0.40
receive	0.12	0.35
competition	0.12	0.36
socal	0.12	0.42
nom	0.12	0.44
florida	0.12	0.40
coffee	0.12	0.30
halfway	0.12	0.53
breakfast	0.12	0.37
exploded	0.12	0.35
aloe	0.12	0.34
drawing	0.12	0.34
card	0.12	0.29
been	0.12	0.51
character	0.12	0.33
relax	0.12	0.41
stole	0.12	0.43
welp	0.12	0.36
discovered	0.12	0.37
banjo	0.13	0.36
sunshine	0.13	0.32
resubmit	0.13	0.37
science	0.13	0.40
caring	0.13	0.34
anywhere	0.13	0.58
sheets	0.13	0.37
two	0.13	0.37
aswell	0.13	0.30
bars	0.13	0.41
nature	0.13	0.40
sausage	0.13	0.28
warmth	0.13	0.34
live	0.13	0.45
sucked	0.13	0.41
ache	0.13	0.47
tire	0.13	0.43
34	0.13	0.61
machine	0.13	0.39
data	0.13	0.34
cards	0.13	0.29
setting	0.13	0.41
rain	0.13	0.33
poses	0.13	0.54
germany	0.13	0.37
intelligent	0.13	0.43
bs	0.13	0.48
after	0.13	0.33
flattering	0.13	0.50
herself	0.13	0.42
bud	0.13	0.39
olds	0.13	0.36
underrated	0.13	0.45
lucky	0.13	0.45
wondering	0.13	0.72
even	0.13	0.60
clock	0.13	0.37
applications	0.13	0.39
drooling	0.13	0.61
smoke	0.13	0.51
flash	0.13	0.29
locked	0.13	0.35
physically	0.13	0.34
carried	0.13	0.33
backwards	0.13	0.34
okay	0.13	0.75
depth	0.14	0.33
shoe	0.14	0.33
australia	0.14	0.38
tension	0.14	0.34
england	0.14	0.38
alice	0.14	0.32
delete	0.14	0.42
fist	0.14	0.33
patch	0.14	0.35
stuffed	0.14	0.33
anatomy	0.14	0.33
followed	0.14	0.32
touched	0.14	0.40
welcomed	0.14	0.31
sweetest	0.14	0.97
boing	0.14	0.31
topless	0.14	0.35
prepare	0.14	0.41
aside	0.14	0.42
mornings	0.14	0.49
upload	0.14	0.30
bye	0.14	0.38
shell	0.14	0.32
dare	0.14	0.46
standard	0.14	0.37
previous	0.14	0.32
thrill	0.14	0.33
period	0.14	0.61
raging	0.14	0.43
escape	0.14	0.40
bought	0.14	0.38
proof	0.14	0.40
grind	0.14	0.36
undressing	0.14	0.33
camel	0.14	0.35
pencil	0.14	0.35
proper	0.14	0.53
needing	0.14	0.38
considering	0.14	0.28
man	0.14	0.44
event	0.14	0.26
spending	0.14	0.42
buddy	0.14	0.39
final	0.14	0.33
washington	0.14	0.40
check	0.15	0.37
map	0.15	0.32
spoon	0.15	0.38
photoshop	0.15	0.31
opposite	0.15	0.33
personality	0.15	0.41
ohh	0.15	0.41
wherever	0.15	0.47
brought	0.15	0.33
near	0.15	0.45
raise	0.15	0.32
accent	0.15	0.36
meeting	0.15	0.31
nearly	0.15	0.36
filtered	0.15	0.45
appearance	0.15	0.33
relieve	0.15	0.36
strength	0.15	0.35
away	0.15	0.41
hurry	0.15	0.43
cutest	0.15	0.98
nudity	0.15	0.39
dude	0.15	0.50
fancy	0.15	0.39
betting	0.15	0.65
checked	0.15	0.34
lighting	0.15	0.33
interview	0.15	0.33
motherfucker	0.15	0.36
lotion	0.15	0.32
logic	0.15	0.31
enjoys	0.15	0.57
children	0.15	0.36
bubbles	0.15	0.34
starting	0.15	0.41
bass	0.15	0.34
monkey	0.15	0.38
wink	0.15	0.32
presentation	0.15	0.34
given	0.15	0.37
horniness	0.15	0.38
distracting	0.15	0.36
diggitydank	0.15	0.29
shift	0.15	0.32
met	0.15	0.46
came	0.15	0.41
west	0.15	0.38
john	0.15	0.32
midnight	0.15	0.29
precious	0.15	0.37
throb	0.15	0.52
decided	0.15	0.38
condom	0.16	0.31
joining	0.16	0.37
cant	0.16	0.72
vacation	0.16	0.36
helping	0.16	0.46
bread	0.16	0.27
spots	0.16	0.40
career	0.16	0.32
advice	0.16	0.34
irish	0.16	0.34
drawn	0.16	0.41
legend	0.16	0.30
south	0.16	0.38
23	0.16	0.43
ice	0.16	0.32
place	0.16	0.74
repost	0.16	0.34
loop	0.16	0.34
stone	0.16	0.32
print	0.16	0.48
bows	0.16	0.35
raising	0.16	0.33
saving	0.16	0.35
awe	0.16	0.49
tiger	0.16	0.35
offering	0.16	0.39
nuts	0.16	0.53
spring	0.16	0.31
patient	0.16	0.33
18	0.16	0.35
chew	0.16	0.44
videos	0.16	0.27
bear	0.16	0.39
women	0.16	0.45
toes	0.16	0.39
manage	0.16	0.43
height	0.16	0.53
reasonable	0.16	0.51
beach	0.16	0.34
taller	0.16	0.43
vibrator	0.16	0.35
sure	0.17	0.93
10	0.17	0.32
hits	0.17	0.32
activity	0.17	0.28
grace	0.17	0.70
jelly	0.17	0.32
sloppy	0.17	0.31
probably	0.17	0.59
cozy	0.17	0.46
material	0.17	0.32
hopes	0.17	0.33
25	0.17	0.38
40	0.17	0.38
sale	0.17	0.31
min	0.17	0.31
craving	0.17	0.47
24	0.17	0.37
shoutout	0.17	0.35
on	0.17	0.67
laying	0.17	0.33
m	0.17	0.65
hobby	0.17	0.37
interesting	0.17	0.37
sassy	0.17	0.49
indian	0.17	0.34
strong	0.17	0.36
cuddle	0.17	0.39
11	0.17	0.30
lived	0.17	0.44
stripping	0.17	0.35
turns	0.17	0.51
exciting	0.17	0.42
36	0.17	0.59
folks	0.17	0.36
naughtiness	0.17	0.37
uniform	0.17	0.38
fight	0.17	0.32
sploosh	0.17	0.38
halloween	0.17	0.52
regular	0.17	0.32
handcuffs	0.18	0.35
clothes	0.18	0.56
guy	0.18	0.45
er	0.18	0.38
classic	0.18	0.31
undress	0.18	0.36
call	0.18	0.46
turning	0.18	0.34
thing	0.18	0.85
staying	0.18	0.40
official	0.18	0.32
shooting	0.18	0.35
tribute	0.18	0.39
preview	0.18	0.35
auto	0.18	0.46
high	0.18	0.29
enthusiasm	0.18	0.35
figured	0.18	0.46
shows	0.18	0.39
apply	0.18	0.34
half	0.18	0.32
26	0.18	0.40
melted	0.18	0.29
tied	0.18	0.35
three	0.18	0.34
menu	0.18	0.30
gloves	0.18	0.37
delivery	0.18	0.32
contest	0.18	0.34
moment	0.18	0.43
same	0.18	0.36
talent	0.18	0.32
golden	0.19	0.36
yoga	0.19	0.36
canada	0.19	0.36
cucumber	0.19	0.35
distance	0.19	0.34
shucks	0.19	0.63
understandable	0.19	0.44
ah	0.19	0.46
feels	0.19	0.50
o.o	0.19	0.37
aaaand	0.19	0.35
served	0.19	0.35
steel	0.19	0.32
becomes	0.19	0.36
winter	0.19	0.33
catching	0.19	0.33
mami	0.19	0.59
bigger	0.19	0.45
22	0.19	0.36
whats	0.19	0.40
ask	0.19	0.70
added	0.19	0.28
add	0.19	0.35
plate	0.19	0.29
ourselves	0.19	0.35
entry	0.19	0.31
timing	0.19	0.32
earlier	0.19	0.37
type	0.19	0.39
goods	0.19	0.33
roses	0.19	0.36
wars	0.19	0.29
win	0.19	0.33
amount	0.19	0.35
years	0.19	0.31
bump	0.20	0.28
sizes	0.20	0.39
ahh	0.20	0.35
sweeter	0.20	0.34
stunned	0.20	0.45
judging	0.20	0.35
prove	0.20	0.48
child	0.20	0.32
why	0.20	0.68
catch	0.20	0.40
minutes	0.20	0.31
ceiling	0.20	0.32
pee	0.20	0.38
pocket	0.20	0.31
snapchat	0.20	0.37
squat	0.20	0.37
bat	0.20	0.36
fulfill	0.20	0.41
queue	0.20	0.36
australian	0.20	0.35
dog	0.20	0.32
33	0.20	0.41
ooooh	0.20	0.41
band	0.20	0.32
14	0.20	0.31
bound	0.20	0.33
100	0.20	0.38
provide	0.20	0.38
9	0.20	0.29
beef	0.20	0.30
19	0.20	0.34
mount	0.20	0.42
guide	0.20	0.32
deserved	0.20	0.35
cave	0.20	0.32
mission	0.20	0.33
powerful	0.20	0.35
whilst	0.20	0.41
crop	0.20	0.33
mutual	0.20	0.34
code	0.20	0.34
sky	0.20	0.28
21	0.20	0.34
heel	0.20	0.28
tuck	0.20	0.32
28	0.20	0.40
service	0.21	0.35
sweat	0.21	0.34
subway	0.21	0.31
cowgirl	0.21	0.31
seconds	0.21	0.30
waiting	0.21	0.56
masturbating	0.21	0.35
unique	0.21	0.37
bucket	0.21	0.32
awhile	0.21	0.49
daily	0.21	0.34
shorts	0.21	0.55
2	0.21	0.32
scarf	0.21	0.35
tool	0.21	0.30
one	0.21	0.74
toys	0.21	0.32
following	0.21	0.38
6	0.21	0.31
say	0.21	0.87
crawl	0.21	0.37
table	0.21	0.29
per	0.21	0.39
separate	0.21	0.34
32	0.21	0.42
youve	0.21	0.45
log	0.21	0.30
fitting	0.21	0.34
taco	0.21	0.28
kids	0.21	0.36
rip	0.21	0.53
squirt	0.21	0.34
gag	0.21	0.33
wishing	0.21	0.49
hard-on	0.21	0.29
storm	0.21	0.31
pack	0.21	0.34
brighten	0.21	0.46
effective	0.21	0.33
distraction	0.21	0.35
blow	0.21	0.35
mom	0.21	0.38
beat	0.21	0.36
7	0.21	0.30
drives	0.21	0.50
sydney	0.21	0.32
hungry	0.22	0.44
opening	0.22	0.33
who	0.22	0.52
genetics	0.22	0.29
turtle	0.22	0.31
zelda	0.22	0.29
wedding	0.22	0.33
boner	0.22	0.32
complete	0.22	0.33
29	0.22	0.38
owe	0.22	0.28
ooh	0.22	0.31
hitachi	0.22	0.30
french	0.22	0.33
fresh	0.22	0.38
make	0.22	0.40
german	0.22	0.35
4	0.22	0.30
5	0.22	0.31
couch	0.22	0.30
shoulder	0.22	0.38
everyone	0.22	0.55
approval	0.22	0.35
rod	0.22	0.40
wishes	0.22	0.51
she	0.22	0.52
references	0.22	0.28
rubbed	0.22	0.38
yourself	0.22	0.41
deserves	0.22	0.35
cameltoe	0.22	0.33
giggity	0.22	0.45
dang	0.22	0.35
colors	0.22	0.38
sneak	0.22	0.35
approved	0.22	0.31
special	0.22	0.31
row	0.22	0.30
warm	0.22	0.36
evening	0.22	0.48
handed	0.22	0.42
serve	0.22	0.27
perhaps	0.22	0.35
fell	0.23	0.31
2014	0.23	0.56
colorado	0.23	0.38
staring	0.23	0.56
yess	0.23	0.31
sandwich	0.23	0.27
smother	0.23	0.41
puppy	0.23	0.31
peanut	0.23	0.27
successful	0.23	0.32
showed	0.23	0.42
end	0.23	0.33
managed	0.23	0.40
goosebumps	0.23	0.39
orders	0.23	0.33
visit	0.23	0.43
episode	0.23	0.29
thumbs	0.23	0.29
honestly	0.23	0.67
hoodie	0.23	0.33
couples	0.23	0.32
friendly	0.23	0.35
burning	0.23	0.34
application	0.23	0.32
upside	0.23	0.30
shared	0.23	0.32
tidy	0.23	0.40
seed	0.23	0.29
fair	0.23	0.64
usa	0.23	0.32
comfy	0.23	0.34
made	0.23	0.55
someone	0.23	0.53
freshly	0.23	0.37
invitation	0.23	0.44
chicago	0.23	0.38
posted	0.23	0.42
bruise	0.23	0.37
greater	0.23	0.33
spare	0.23	0.38
vibe	0.23	0.32
ladies	0.23	0.36
party	0.23	0.29
assumed	0.23	0.44
age	0.23	0.37
repeat	0.23	0.33
beneath	0.23	0.37
cough	0.24	0.32
under	0.24	0.36
knocked	0.24	0.32
stuff	0.24	0.53
mix	0.24	0.32
sport	0.24	0.31
seems	0.24	0.53
27	0.24	0.40
offer	0.24	0.37
wore	0.24	0.35
nude	0.24	0.32
pearls	0.24	0.33
dp	0.24	0.31
named	0.24	0.32
tape	0.24	0.33
pole	0.24	0.32
cat	0.24	0.32
nope	0.24	0.67
floor	0.24	0.32
trade	0.24	0.39
seat	0.24	0.33
fan	0.24	0.38
vids	0.24	0.26
bacon	0.24	0.26
watch	0.24	0.42
accomplished	0.24	0.30
having	0.24	0.43
stay	0.24	0.45
falls	0.24	0.32
1	0.24	0.31
gusta	0.24	0.53
foot	0.24	0.30
top	0.24	0.29
uhm	0.24	0.46
defiantly	0.24	0.36
mhmm	0.24	0.39
curtain	0.24	0.34
photograph	0.24	0.39
particularly	0.24	0.53
4th	0.24	0.31
coincidence	0.24	0.45
block	0.24	0.34
old	0.25	0.36
struggle	0.25	0.36
enough	0.25	0.64
insertion	0.25	0.28
ftw	0.25	0.55
genuine	0.25	0.39
pray	0.25	0.42
spirit	0.25	0.28
split	0.25	0.41
wait	0.25	0.56
consider	0.25	0.29
brazilian	0.25	0.30
glad	0.25	0.56
told	0.25	0.52
male	0.25	0.33
ground	0.25	0.31
pig	0.25	0.43
sneaking	0.25	0.36
cube	0.25	0.29
bag	0.25	0.31
return	0.25	0.36
held	0.25	0.34
north	0.25	0.37
finest	0.25	0.87
effort	0.25	0.37
arrow	0.25	0.33
snack	0.25	0.31
breaking	0.25	0.31
additional	0.25	0.35
loaded	0.25	0.29
jumping	0.25	0.31
handle	0.25	0.60
command	0.25	0.42
summer	0.25	0.29
feature	0.25	0.38
appropriate	0.26	0.44
flair	0.26	0.61
until	0.26	0.36
ball	0.26	0.32
hang	0.26	0.52
hesitation	0.26	0.33
dropped	0.26	0.29
whoever	0.26	0.41
lend	0.26	0.39
ropes	0.26	0.31
gt	0.26	0.48
define	0.26	0.31
average	0.26	0.40
year	0.26	0.32
description	0.26	0.31
hiding	0.26	0.51
cosplay	0.26	0.33
fall	0.26	0.36
instantly	0.26	0.35
pants	0.26	0.32
beginning	0.26	0.41
ate	0.26	0.25
nowhere	0.26	0.29
if	0.26	0.78
lessons	0.26	0.31
did	0.26	0.67
how	0.26	0.76
filled	0.26	0.34
creative	0.26	0.34
starters	0.26	0.30
wax	0.26	0.32
taught	0.27	0.34
perspective	0.27	0.34
asians	0.27	0.41
pet	0.27	0.33
checking	0.27	0.32
pancakes	0.27	0.26
challenge	0.27	0.35
leaves	0.27	0.34
desk	0.27	0.33
plugged	0.27	0.33
umm	0.27	0.50
cheese	0.27	0.26
growing	0.27	0.29
mistress	0.27	0.35
throw	0.27	0.36
doggie	0.27	0.29
answered	0.27	0.38
rainy	0.27	0.35
generous	0.27	0.34
ago	0.27	0.30
pleases	0.27	0.42
purely	0.27	0.33
serious	0.27	0.41
woods	0.27	0.32
sitting	0.27	0.32
together	0.27	0.38
hat	0.27	0.30
yr	0.27	0.34
fairly	0.27	0.35
unzip	0.27	0.33
acceptable	0.27	0.43
weeks	0.27	0.29
wand	0.27	0.30
uploaded	0.27	0.28
shaved	0.27	0.43
inches	0.27	0.28
banner	0.27	0.25
wood	0.28	0.34
inch	0.28	0.35
tell	0.28	0.62
hours	0.28	0.27
crotch	0.28	0.31
wee	0.28	0.46
irl	0.28	0.44
hour	0.28	0.27
since	0.28	0.42
pandora	0.28	0.35
lap	0.28	0.32
proceed	0.28	0.43
diamond	0.28	0.39
pot	0.28	0.35
clothing	0.28	0.35
unicorn	0.28	0.31
find	0.28	0.55
flowers	0.28	0.27
older	0.28	0.34
milk	0.28	0.28
bravo	0.28	0.28
cast	0.28	0.30
thought	0.28	0.49
get	0.28	0.69
rope	0.28	0.32
glance	0.28	0.33
world	0.28	0.57
strap	0.28	0.32
cums	0.28	0.35
saw	0.28	0.38
youd	0.28	0.47
disappointment	0.28	0.32
def	0.28	0.40
cage	0.28	0.29
be	0.28	0.52
nibbled	0.28	0.36
wife	0.28	0.52
left	0.28	0.48
sharp	0.29	0.33
asian	0.29	0.38
moon	0.29	0.28
falling	0.29	0.32
finally	0.29	0.34
erect	0.29	0.44
sneaky	0.29	0.29
charm	0.29	0.30
says	0.29	0.50
sign	0.29	0.36
massage	0.29	0.34
beside	0.29	0.30
toast	0.29	0.26
least	0.29	0.31
raises	0.29	0.31
gosh	0.29	0.41
permission	0.29	0.33
because	0.29	0.52
rabbit	0.29	0.29
u/thediggitydank	0.29	0.36
deeper	0.29	0.31
dedicated	0.29	0.31
muscle	0.29	0.31
minute	0.29	0.25
pulled	0.29	0.32
willing	0.29	0.47
status	0.29	0.32
straight	0.29	0.34
wished	0.29	0.42
shown	0.29	0.37
snaps	0.29	0.29
gracious	0.29	0.48
patiently	0.29	0.36
finds	0.30	0.55
disappear	0.30	0.31
tops	0.30	0.31
popping	0.30	0.36
liquid	0.30	0.28
but	0.30	0.82
approve	0.30	0.32
normal	0.30	0.32
shaving	0.30	0.28
fap	0.30	0.40
sweater	0.30	0.32
thongs	0.30	0.29
wednesday	0.30	0.56
twice	0.30	0.36
likey	0.30	0.36
cookies	0.30	0.26
meat	0.30	0.28
part	0.30	0.53
tanning	0.30	0.28
tis	0.30	0.43
ye	0.30	0.31
asked	0.30	0.53
hehe	0.30	0.62
lovers	0.30	0.29
once	0.30	0.40
8	0.30	0.28
was	0.30	0.48
update	0.30	0.33
mod	0.30	0.44
exists	0.30	0.34
steak	0.30	0.25
ride	0.30	0.45
flowing	0.30	0.33
til	0.30	0.36
cruel	0.30	0.32
accepting	0.30	0.33
grey	0.30	0.30
hard	0.30	0.48
rawr	0.30	0.29
boo	0.30	0.37
buttplug	0.30	0.29
standing	0.31	0.28
neat	0.31	0.39
butter	0.31	0.27
america	0.31	0.32
london	0.31	0.34
land	0.31	0.28
zoom	0.31	0.30
lay	0.31	0.35
amongst	0.31	0.30
center	0.31	0.29
pick	0.31	0.32
sees	0.31	0.61
months	0.31	0.27
style	0.31	0.28
arranged	0.31	0.38
sooner	0.31	0.33
verified	0.31	0.61
underneath	0.31	0.36
fallen	0.31	0.37
star	0.31	0.26
mini	0.31	0.31
enter	0.31	0.31
roll	0.31	0.33
asks	0.31	0.56
her	0.31	0.46
scrubs	0.31	0.33
never	0.31	0.45
thanx	0.31	0.33
syrup	0.31	0.29
duty	0.31	0.29
ears	0.32	0.30
healthy	0.32	0.31
wins	0.32	0.39
only	0.32	0.67
prepared	0.32	0.32
tongues	0.32	0.29
stairs	0.32	0.31
hesitate	0.32	0.48
imagine	0.32	0.54
said	0.32	0.50
wondered	0.32	0.44
starving	0.32	0.30
sun	0.32	0.27
wear	0.32	0.33
captions	0.32	0.31
of	0.32	0.48
thursday	0.32	0.61
glimpse	0.32	0.30
coat	0.32	0.30
sideways	0.32	0.30
hop	0.32	0.32
buttons	0.32	0.31
giving	0.32	0.27
saved	0.32	0.29
wit	0.32	0.40
hand	0.32	0.34
t	0.32	0.38
girls	0.32	0.34
bean	0.32	0.33
knew	0.32	0.52
praise	0.32	0.30
posts	0.32	0.29
quarter	0.33	0.28
robe	0.33	0.33
literally	0.33	0.47
cuffs	0.33	0.31
priceless	0.33	0.32
doggy	0.33	0.27
16	0.33	0.28
speaks	0.33	0.41
every	0.33	0.33
drool	0.33	0.29
these	0.33	0.32
hose	0.33	0.32
mary	0.33	0.40
pleasant	0.33	0.35
mask	0.33	0.29
marks	0.33	0.34
reposting	0.33	0.33
thx	0.33	0.32
urge	0.33	0.34
convince	0.33	0.49
plaid	0.33	0.33
gives	0.33	0.30
larger	0.33	0.33
entire	0.33	0.28
know	0.33	0.72
sounds	0.33	0.58
appealing	0.33	0.29
counter	0.33	0.28
mr	0.33	0.28
repeatedly	0.33	0.32
playing	0.33	0.30
straddle	0.33	0.29
chat	0.34	0.36
garden	0.34	0.28
breathe	0.34	0.37
kik	0.34	0.35
ripped	0.34	0.46
insomnia	0.34	0.32
appears	0.34	0.31
question	0.34	0.51
squirter	0.34	0.32
knickers	0.34	0.33
fellow	0.34	0.31
sake	0.34	0.30
daughter	0.34	0.36
rather	0.34	0.52
prints	0.34	0.33
across	0.34	0.30
bunk	0.34	0.33
watched	0.34	0.25
finish	0.34	0.32
month	0.34	0.25
regularly	0.34	0.34
blues	0.34	0.27
hubba	0.34	0.34
now	0.34	0.67
aw	0.34	0.63
works	0.34	0.50
waited	0.34	0.29
sides	0.35	0.28
bed	0.35	0.29
leash	0.35	0.30
start	0.35	0.34
mi	0.35	0.37
inner	0.35	0.52
mustache	0.35	0.30
directions	0.35	0.40
bringing	0.35	0.30
oblige	0.35	0.37
celebration	0.35	0.25
hit	0.35	0.31
had	0.35	0.40
beads	0.35	0.28
exactly	0.35	0.70
selection	0.35	0.30
pooper	0.35	0.40
aye	0.35	0.40
ok	0.35	0.71
short	0.35	0.40
lot	0.35	0.40
grin	0.35	0.31
salivating	0.35	0.55
loads	0.35	0.29
trail	0.35	0.29
core	0.35	0.30
equally	0.35	0.37
little	0.35	0.61
yeh	0.36	0.41
bowl	0.36	0.32
edge	0.36	0.26
rolled	0.36	0.30
feel	0.36	0.44
belongs	0.36	0.34
grinding	0.36	0.26
pump	0.36	0.29
till	0.36	0.36
grow	0.36	0.28
pubes	0.36	0.28
does	0.36	0.60
eagerly	0.36	0.33
uhh	0.36	0.37
smiling	0.36	0.34
sea	0.36	0.30
hooray	0.36	0.37
sugar	0.36	0.27
picked	0.36	0.28
ankle	0.36	0.30
wonder	0.36	0.55
grown	0.36	0.30
f	0.36	0.28
wat	0.36	0.35
instructions	0.36	0.30
buffet	0.36	0.25
nut	0.36	0.30
late	0.36	0.34
poop	0.36	0.31
possible	0.36	0.42
expose	0.36	0.31
nip	0.36	0.37
already	0.37	0.46
candy	0.37	0.48
kill	0.37	0.34
not	0.37	0.71
shine	0.37	0.25
existed	0.37	0.37
leaning	0.37	0.26
eye	0.37	0.31
keeper	0.37	0.47
darn	0.37	0.32
convincing	0.37	0.37
penis	0.37	0.29
days	0.37	0.25
fourth	0.37	0.25
fulfilling	0.37	0.33
action	0.37	0.26
yowza	0.37	0.44
fart	0.37	0.30
choice	0.37	0.33
whipped	0.38	0.26
wrist	0.38	0.29
blown	0.38	0.29
meow	0.38	0.35
lights	0.38	0.24
thanking	0.38	0.57
shakes	0.38	0.29
gingers	0.38	0.37
egg	0.38	0.26
nakedness	0.38	0.26
backdoor	0.38	0.28
polka	0.38	0.31
turn	0.38	0.33
measure	0.38	0.31
happier	0.38	0.40
subject	0.38	0.26
holiday	0.38	0.47
bathing	0.38	0.27
panties	0.38	0.34
am	0.38	0.47
smash	0.38	0.38
kisses	0.38	0.29
sharpies	0.38	0.28
point	0.38	0.59
flower	0.38	0.35
licks	0.38	0.31
bit	0.38	0.33
bums	0.39	0.66
person	0.39	0.38
fuzzy	0.39	0.29
melt	0.39	0.29
plug	0.39	0.27
leather	0.39	0.29
surprise	0.39	0.27
gave	0.39	0.28
aha	0.39	0.30
ps	0.39	0.31
nights	0.39	0.30
wall	0.39	0.27
sexiness	0.39	0.28
bro	0.39	0.41
stretched	0.39	0.30
captain	0.39	0.28
later	0.39	0.32
recent	0.39	0.23
seconded	0.39	0.28
looked	0.39	0.32
thinks	0.39	0.56
pushed	0.39	0.27
letting	0.39	0.36
ditto	0.39	0.29
definite	0.39	0.29
afternoon	0.39	0.35
whip	0.39	0.26
chocolate	0.39	0.26
honored	0.39	0.35
boat	0.40	0.30
tails	0.40	0.28
fedora	0.40	0.29
hook	0.40	0.31
pop	0.40	0.29
tuned	0.40	0.40
tempted	0.40	0.35
addiction	0.40	0.29
chubby	0.40	0.30
dot	0.40	0.31
peak	0.40	0.31
playtime	0.40	0.28
visible	0.40	0.31
doc	0.40	0.31
sunday	0.40	0.39
cross	0.40	0.31
latina	0.40	0.32
yet	0.40	0.43
accurate	0.40	0.37
kneel	0.40	0.29
mans	0.40	0.32
before	0.40	0.39
fun	0.40	0.45
while	0.41	0.31
wanted	0.41	0.45
duh	0.41	0.38
chair	0.41	0.27
volunteer	0.41	0.33
delight	0.41	0.35
takes	0.41	0.40
aim	0.41	0.30
at	0.41	0.49
bunny	0.41	0.24
makeup	0.41	0.29
frequently	0.41	0.33
concur	0.41	0.26
trees	0.41	0.27
gets	0.41	0.43
sample	0.41	0.36
dank	0.41	0.25
teaser	0.41	0.28
lean	0.41	0.40
sometime	0.41	0.35
letter	0.41	0.27
were	0.41	0.50
reveal	0.41	0.29
requested	0.41	0.32
monday	0.41	0.53
nonpareil	0.41	0.34
worth	0.41	0.40
doggystyle	0.41	0.25
dream	0.41	0.42
fours	0.41	0.25
kneeling	0.41	0.25
adds	0.41	0.26
holding	0.41	0.26
pleasing	0.41	0.27
valley	0.41	0.30
thong	0.41	0.32
preferred	0.41	0.30
haha	0.41	0.54
cherry	0.42	0.33
facing	0.42	0.25
yesssss	0.42	0.29
verification	0.42	0.36
easter	0.42	0.47
jackpot	0.42	0.28
display	0.42	0.30
entertaining	0.42	0.36
tube	0.42	0.25
hint	0.42	0.25
drip	0.42	0.29
bust	0.42	0.28
flesh	0.42	0.27
circle	0.42	0.27
needs	0.42	0.42
cease	0.42	0.29
forth	0.42	0.26
do	0.42	0.59
painted	0.42	0.25
bending	0.42	0.25
rhetorical	0.42	0.35
fifth	0.42	0.26
cream	0.42	0.25
mountains	0.42	0.25
paint	0.42	0.28
dead	0.42	0.39
lollipop	0.42	0.34
pony	0.42	0.27
soaked	0.42	0.30
bob	0.43	0.29
pattern	0.43	0.27
heads	0.43	0.26
reach	0.43	0.31
pinched	0.43	0.30
bottom	0.43	0.26
anyday	0.43	0.25
9/10	0.43	0.28
admiring	0.43	0.35
thankful	0.43	0.35
adding	0.43	0.25
mature	0.43	0.33
shall	0.43	0.33
tomorrow	0.43	0.31
shapes	0.43	0.30
friday	0.43	0.53
fur	0.43	0.28
simple	0.43	0.35
mommy	0.43	0.30
v	0.43	0.37
when	0.43	0.48
off	0.43	0.32
downward	0.43	0.26
motion	0.43	0.29
connect	0.44	0.30
behind	0.44	0.26
painting	0.44	0.27
could	0.44	0.55
tells	0.44	0.51
dragon	0.44	0.28
pointing	0.44	0.35
likes	0.44	0.54
cunt	0.44	0.48
jizz	0.44	0.30
reaching	0.44	0.27
witch	0.44	0.28
dynamite	0.44	0.38
eagle	0.44	0.24
out	0.44	0.36
spray	0.44	0.28
jeans	0.44	0.31
thrust	0.44	0.27
stroking	0.44	0.35
beard	0.44	0.25
shave	0.44	0.28
sink	0.44	0.27
hump	0.44	0.53
true	0.44	0.55
highly	0.44	0.25
dedication	0.44	0.26
brighter	0.44	0.35
pantyhose	0.44	0.30
apart	0.44	0.24
bent	0.44	0.24
butterfly	0.44	0.27
swallow	0.44	0.28
press	0.44	0.26
bonus	0.44	0.26
from	0.44	0.32
some	0.44	0.33
toy	0.44	0.27
dictionary	0.44	0.32
outta	0.44	0.26
load	0.44	0.28
entertain	0.44	0.34
playful	0.45	0.41
wide	0.45	0.26
underwear	0.45	0.32
spend	0.45	0.25
bong	0.45	0.29
has	0.45	0.44
uk	0.45	0.28
frontal	0.45	0.26
rare	0.45	0.29
santa	0.45	0.29
hi	0.45	0.40
pressed	0.45	0.26
almost	0.45	0.33
leggings	0.45	0.29
um	0.45	0.43
bella	0.45	0.31
heartbeat	0.45	0.31
worthy	0.45	0.26
give	0.45	0.33
bend	0.45	0.28
courage	0.45	0.29
taking	0.45	0.42
lacy	0.45	0.31
collar	0.45	0.26
furry	0.45	0.27
triple	0.45	0.28
design	0.45	0.25
muffin	0.45	0.24
wants	0.45	0.53
silver	0.45	0.25
pin	0.45	0.26
prime	0.45	0.26
tail	0.45	0.26
need	0.46	0.43
knows	0.46	0.53
revealing	0.46	0.27
ow	0.46	0.30
knee	0.46	0.27
teeth	0.46	0.30
weekend	0.46	0.29
upskirt	0.46	0.24
covered	0.46	0.27
ya	0.46	0.59
genes	0.46	0.26
got	0.46	0.48
mouthful	0.46	0.45
night	0.46	0.30
cheeky	0.46	0.27
drops	0.46	0.27
useful	0.46	0.32
completely	0.46	0.33
come	0.46	0.42
polish	0.46	0.24
dress	0.46	0.32
hopefully	0.46	0.38
ill	0.46	0.42
awesomeness	0.46	0.35
company	0.46	0.38
week	0.46	0.27
head	0.46	0.24
thoughtful	0.46	0.38
y	0.46	0.31
ankles	0.46	0.26
attitude	0.46	0.36
pubic	0.46	0.25
way	0.46	0.60
wig	0.47	0.26
punch	0.47	0.35
monster	0.47	0.33
mark	0.47	0.29
slipping	0.47	0.32
match	0.47	0.27
wrists	0.47	0.26
2nd	0.47	0.24
ad	0.47	0.27
goodies	0.47	0.28
work	0.47	0.55
eager	0.47	0.27
penetrate	0.47	0.26
landing	0.47	0.26
buns	0.47	0.24
dd	0.47	0.44
placed	0.47	0.41
tights	0.47	0.29
combined	0.47	0.26
chance	0.47	0.35
waking	0.47	0.26
magical	0.47	0.26
close	0.47	0.34
knees	0.47	0.24
greek	0.47	0.29
gladly	0.47	0.37
saturday	0.47	0.35
on/off	0.47	0.24
puts	0.47	0.35
yay	0.47	0.37
fabric	0.47	0.28
shoot	0.47	0.26
jealous	0.47	0.37
belt	0.47	0.26
pulling	0.47	0.27
jaw	0.47	0.25
cover	0.47	0.42
maybe	0.47	0.38
answer	0.47	0.51
goodnight	0.48	0.27
3	0.48	0.37
peek	0.48	0.28
unfair	0.48	0.35
pen	0.48	0.28
cookie	0.48	0.21
up	0.48	0.30
tie	0.48	0.26
holidays	0.48	0.49
balls	0.48	0.28
suits	0.48	0.26
congrats	0.48	0.24
slice	0.48	0.19
boots	0.48	0.27
regardless	0.48	0.34
italian	0.48	0.25
nail	0.48	0.24
can	0.48	0.53
soul	0.48	0.28
wears	0.48	0.40
dancer	0.48	0.27
charming	0.48	0.36
plans	0.48	0.34
flexibility	0.48	0.26
banana	0.48	0.24
mine	0.48	0.56
bikini	0.49	0.27
sir	0.49	0.41
pov	0.49	0.24
thy	0.49	0.26
kindly	0.49	0.30
attached	0.49	0.29
agree	0.49	0.48
r/gifsgonewild	0.49	0.31
wearing	0.49	0.27
female	0.49	0.26
shake	0.49	0.26
chin	0.49	0.27
0	0.49	0.29
pressing	0.49	0.26
caressing	0.49	0.28
muff	0.49	0.25
chick	0.49	0.40
licking	0.49	0.27
thee	0.49	0.26
triangle	0.49	0.26
amaze	0.49	0.29
into	0.49	0.27
overall	0.49	0.26
muscles	0.50	0.27
fact	0.50	0.45
happily	0.50	0.33
r/gonemild	0.50	0.31
3rd	0.50	0.24
sin	0.50	0.27
feet	0.50	0.23
lovin	0.50	0.37
skirt	0.50	0.29
necklace	0.50	0.23
jacket	0.50	0.26
touching	0.50	0.31
ooooo	0.50	0.24
appreciates	0.50	0.45
redheads	0.50	0.27
position	0.50	0.29
equal	0.50	0.25
bow	0.50	0.22
swoon	0.50	0.24
another	0.50	0.27
ll	0.50	0.46
viewed	0.50	0.25
panty	0.50	0.23
ho	0.50	0.33
occupied	0.50	0.44
orange	0.50	0.25
squatting	0.50	0.26
bald	0.50	0.26
yah	0.50	0.34
uh	0.50	0.37
blondes	0.50	0.24
boom	0.51	0.27
actually	0.51	0.60
gal	0.51	0.27
approves	0.51	0.36
kissing	0.51	0.28
justice	0.51	0.42
leopard	0.51	0.26
stretching	0.51	0.25
raw	0.51	0.28
katie	0.51	0.28
fingering	0.51	0.26
teen	0.51	0.25
mam	0.51	0.23
slapping	0.51	0.26
pushing	0.51	0.26
sticking	0.51	0.27
above	0.51	0.27
st	0.51	0.27
rings	0.51	0.25
ribs	0.51	0.26
cum	0.51	0.29
course	0.51	0.40
surprisingly	0.51	0.30
rubbing	0.51	0.28
motor	0.51	0.25
striptease	0.51	0.23
r/underarms	0.51	0.30
request	0.52	0.27
highlight	0.52	0.23
photography	0.52	0.23
full	0.52	0.24
will	0.52	0.45
down	0.52	0.24
front	0.52	0.23
next	0.52	0.30
slowly	0.52	0.26
over	0.52	0.27
turkey	0.52	0.24
spreading	0.52	0.22
intriguing	0.52	0.29
asap	0.52	0.29
busty	0.52	0.26
ummmm	0.52	0.34
hooters	0.52	0.29
killing	0.52	0.35
semen	0.52	0.26
grabbing	0.52	0.26
fantasstic	0.52	0.26
wolf	0.52	0.24
stockings	0.52	0.25
solid	0.52	0.24
side	0.52	0.23
against	0.53	0.25
today	0.53	0.28
series	0.53	0.24
innocent	0.53	0.37
kitten	0.53	0.28
bam	0.53	0.22
spy	0.53	0.25
third	0.53	0.23
cup	0.53	0.28
thigh	0.53	0.25
we	0.53	0.40
lets	0.53	0.33
darlin	0.53	0.42
skirts	0.53	0.25
spit	0.53	0.25
gif	0.53	0.22
drop	0.53	0.25
clam	0.53	0.23
freckle	0.53	0.25
bush	0.53	0.25
r/workoutgonewild	0.53	0.31
job	0.53	0.35
onto	0.53	0.24
fox	0.53	0.23
ginger	0.53	0.23
biting	0.53	0.25
collection	0.53	0.23
greatly	0.53	0.26
eggs	0.53	0.20
sharpie	0.53	0.26
often	0.53	0.33
tastes	0.53	0.42
chain	0.53	0.24
flip	0.53	0.25
wish	0.54	0.52
colored	0.54	0.22
fishnet	0.54	0.25
lace	0.54	0.27
garter	0.54	0.25
button	0.54	0.27
highs	0.54	0.25
may	0.54	0.43
thumb	0.54	0.24
j	0.54	0.25
x-post	0.54	0.28
dresses	0.54	0.25
softly	0.54	0.27
aboard	0.54	0.25
human	0.54	0.25
fuzz	0.54	0.24
sack	0.54	0.25
help	0.54	0.40
fishnets	0.54	0.26
exploring	0.54	0.22
5th	0.54	0.23
filling	0.54	0.26
gifts	0.54	0.23
addition	0.54	0.25
hail	0.54	0.25
shoots	0.54	0.25
swimsuit	0.54	0.23
tree	0.54	0.24
cumming	0.55	0.35
morning	0.55	0.28
plow	0.55	0.25
spunk	0.55	0.25
liked	0.55	0.25
r/tributeme	0.55	0.30
redhead	0.55	0.26
bra	0.55	0.29
slippery	0.55	0.26
ones	0.55	0.32
ole	0.55	0.24
vag	0.55	0.23
yea	0.55	0.39
grateful	0.55	0.36
wiggle	0.55	0.20
g	0.55	0.28
treats	0.55	0.27
tuesday	0.55	0.38
hood	0.55	0.24
eve	0.55	0.33
care	0.55	0.42
beaver	0.55	0.25
along	0.55	0.25
teasing	0.55	0.27
verify	0.55	0.35
r/asstastic	0.55	0.30
tips	0.55	0.24
clamps	0.55	0.24
total	0.55	0.23
anytime	0.55	0.32
trimmed	0.56	0.24
devour	0.56	0.35
lightly	0.56	0.27
dots	0.56	0.26
lil	0.56	0.44
throat	0.56	0.25
r/gonewildcurvy	0.56	0.30
flexible	0.56	0.30
googly	0.56	0.25
future	0.56	0.26
yesterday	0.56	0.21
firmly	0.56	0.24
think	0.56	0.57
hoped	0.56	0.36
arms	0.56	0.22
lingerie	0.56	0.26
fappy	0.56	0.39
sleeve	0.56	0.27
instant	0.57	0.26
sliding	0.57	0.26
talented	0.57	0.26
shoes	0.57	0.22
expressions	0.57	0.24
jewelry	0.57	0.24
goin	0.57	0.33
cheek	0.57	0.25
everyday	0.57	0.36
k	0.57	0.26
gripping	0.57	0.24
dripping	0.57	0.25
wake	0.57	0.25
r/leggingsgonewild	0.58	0.29
levels	0.58	0.27
day	0.58	0.38
r/treesgonewild	0.58	0.28
r/petitegonewild	0.58	0.28
bright	0.58	0.22
haircut	0.58	0.24
ummm	0.58	0.30
twat	0.58	0.24
lass	0.58	0.26
hairy	0.58	0.23
purple	0.58	0.23
trim	0.58	0.23
naturally	0.58	0.24
push	0.58	0.24
r/artgw	0.58	0.30
poke	0.58	0.27
put	0.58	0.27
e	0.58	0.29
aching	0.58	0.27
esp	0.58	0.25
scar	0.58	0.26
r/thatrearview	0.58	0.29
closeup	0.58	0.24
r/workgonewild	0.59	0.29
xmas	0.59	0.29
wetness	0.59	0.26
lip	0.59	0.27
nibbling	0.59	0.25
temple	0.59	0.21
heaven	0.59	0.28
corset	0.59	0.24
slip	0.59	0.24
crotchless	0.59	0.25
hands	0.59	0.23
begged	0.59	0.29
hold	0.59	0.23
artist	0.59	0.23
this	0.59	0.31
sweetness	0.59	0.23
fo	0.59	0.23
continue	0.59	0.33
nails	0.59	0.21
puppies	0.59	0.25
opportunity	0.59	0.25
buried	0.59	0.25
spread	0.59	0.21
amen	0.59	0.25
r/labiagw	0.59	0.29
torso	0.59	0.26
massive	0.59	0.20
gamer	0.59	0.27
socks	0.59	0.23
second	0.59	0.24
amp	0.59	0.25
inside	0.59	0.24
green	0.59	0.22
shaven	0.59	0.25
blue	0.60	0.23
dive	0.60	0.28
leg	0.60	0.22
might	0.60	0.40
yummm	0.60	0.23
r/feet	0.60	0.29
pull	0.60	0.25
wana	0.60	0.28
whole	0.60	0.27
c	0.60	0.28
blast	0.60	0.25
light	0.60	0.20
slam	0.60	0.23
black	0.60	0.23
liking	0.60	0.28
loooove	0.60	0.30
white	0.60	0.25
cane	0.60	0.21
burying	0.60	0.26
requesting	0.60	0.20
rub	0.60	0.26
dropping	0.61	0.23
badass	0.61	0.23
shaft	0.61	0.24
piece	0.61	0.22
eating	0.61	0.19
missed	0.61	0.24
squeezing	0.61	0.24
first	0.61	0.33
let	0.61	0.39
dip	0.61	0.25
should	0.61	0.28
hanging	0.61	0.23
wowza	0.61	0.25
xpost	0.61	0.28
tip	0.61	0.23
unwrap	0.61	0.28
glow	0.61	0.21
dime	0.62	0.29
r/grool	0.62	0.28
plz	0.62	0.35
matches	0.62	0.22
shots	0.62	0.23
tap	0.62	0.22
weakness	0.62	0.21
deeply	0.62	0.21
smaller	0.62	0.29
soon	0.62	0.32
asstastic	0.62	0.26
anus	0.62	0.23
back	0.62	0.21
mrs	0.62	0.21
gently	0.62	0.26
deep	0.62	0.23
diggity	0.62	0.23
silk	0.62	0.21
pls	0.62	0.34
time	0.62	0.25
cheered	0.63	0.24
shade	0.63	0.21
poking	0.63	0.24
ohhhh	0.63	0.26
yup	0.63	0.36
thanksgiving	0.63	0.29
sit	0.63	0.25
rad	0.63	0.29
w	0.63	0.26
artsy	0.63	0.22
twist	0.63	0.22
handprint	0.63	0.24
bones	0.63	0.22
stick	0.63	0.23
yo	0.63	0.32
darker	0.63	0.22
r/gwcouples	0.63	0.28
wrapping	0.63	0.22
sucking	0.63	0.23
r/gonewildsmiles	0.63	0.27
slide	0.63	0.24
ay	0.64	0.29
r/gwnerdy	0.64	0.27
plunge	0.64	0.23
implants	0.64	0.35
stocking	0.64	0.22
yep	0.64	0.43
soles	0.64	0.21
throbbing	0.64	0.24
xo	0.64	0.36
cock	0.64	0.23
thou	0.64	0.24
pigtails	0.64	0.22
suit	0.64	0.22
corsets	0.64	0.20
ty	0.64	0.34
agreed	0.65	0.35
specially	0.65	0.28
sweety	0.65	0.23
around	0.65	0.21
sculpted	0.65	0.28
fruit	0.65	0.20
bits	0.65	0.24
shove	0.65	0.23
still	0.65	0.49
thoroughly	0.65	0.22
box	0.65	0.23
grip	0.65	0.20
mesmerized	0.65	0.27
apple	0.65	0.19
idea	0.65	0.43
unf	0.65	0.24
early	0.65	0.33
subtle	0.65	0.22
promising	0.66	0.23
colour	0.66	0.21
bubble	0.66	0.21
l	0.66	0.23
took	0.66	0.20
try	0.66	0.36
icing	0.66	0.22
color	0.66	0.21
xoxo	0.66	0.40
celebrate	0.66	0.32
again	0.66	0.33
butts	0.66	0.23
skinny	0.66	0.20
pinching	0.66	0.21
hows	0.66	0.23
free	0.66	0.23
progress	0.66	0.20
dick	0.66	0.22
workoutgw	0.66	0.27
yessss	0.67	0.34
ram	0.67	0.23
1st	0.67	0.18
bridge	0.67	0.21
strawberry	0.67	0.19
greetings	0.67	0.22
shiny	0.67	0.21
my	0.67	0.25
shoulders	0.67	0.21
garters	0.67	0.21
appreciated	0.67	0.28
feast	0.67	0.20
last	0.67	0.20
rim	0.67	0.22
stroke	0.67	0.23
red	0.67	0.21
juice	0.67	0.21
thankyou	0.67	0.35
peeking	0.67	0.22
arm	0.67	0.22
matching	0.67	0.20
tasting	0.67	0.21
strip	0.67	0.21
r/asiansgonewild	0.67	0.27
mole	0.67	0.20
presents	0.68	0.32
smiles	0.68	0.20
grool	0.68	0.21
bang	0.68	0.20
blond	0.68	0.20
christmas	0.68	0.34
motorboat	0.68	0.21
enjoyable	0.68	0.20
valentines	0.68	0.34
b	0.68	0.24
fingers	0.68	0.22
nose	0.68	0.19
blonde	0.68	0.20
enjoying	0.68	0.28
merry	0.68	0.29
legs	0.69	0.18
absolute	0.69	0.28
well	0.69	0.49
its	0.69	0.42
photos	0.69	0.19
just	0.69	0.51
valentine	0.69	0.30
burry	0.69	0.23
applaud	0.69	0.21
hope	0.69	0.42
bday	0.69	0.35
ms	0.69	0.20
unleash	0.69	0.23
join	0.69	0.34
wrapped	0.70	0.20
post	0.70	0.25
soaking	0.70	0.22
sucker	0.70	0.20
thin	0.70	0.21
madam	0.70	0.25
sweetheart	0.70	0.36
senseless	0.70	0.22
awfully	0.70	0.32
crazy	0.70	0.36
clit	0.70	0.22
cool	0.70	0.38
canvas	0.70	0.20
bomb	0.70	0.21
woman	0.70	0.25
shadows	0.70	0.19
all	0.70	0.41
brunette	0.71	0.19
cakeday	0.71	0.27
cuming	0.71	0.22
badly	0.71	0.26
milf	0.71	0.22
holly	0.71	0.22
h	0.71	0.22
girl	0.71	0.31
yumm	0.71	0.20
holes	0.71	0.23
angel	0.71	0.22
realy	0.71	0.29
sheer	0.71	0.21
yeah	0.71	0.40
lordy	0.71	0.20
grab	0.71	0.21
ol	0.71	0.21
destroy	0.72	0.20
brains	0.72	0.20
chest	0.72	0.19
vixen	0.72	0.20
pillows	0.72	0.21
juices	0.72	0.21
appreciate	0.72	0.22
artwork	0.72	0.21
lipstick	0.72	0.19
present	0.72	0.31
sweetie	0.73	0.37
notch	0.73	0.15
tongue	0.73	0.21
mercy	0.73	0.22
mega	0.73	0.20
sensitive	0.73	0.21
honey	0.73	0.30
girly	0.73	0.22
placement	0.73	0.20
lem	0.73	0.25
long	0.73	0.22
vagina	0.73	0.22
upon	0.74	0.18
ravage	0.74	0.22
cups	0.74	0.21
play	0.74	0.28
hip	0.74	0.19
expression	0.74	0.20
young	0.74	0.21
fits	0.74	0.22
envious	0.74	0.26
tickle	0.74	0.21
cake	0.74	0.23
o_o	0.74	0.20
desirable	0.74	0.18
finger	0.74	0.20
birthday	0.74	0.32
jiggle	0.74	0.18
nicer	0.74	0.23
woah	0.74	0.24
coming	0.75	0.35
gifs	0.75	0.15
momma	0.75	0.24
thick	0.75	0.19
wet	0.75	0.20
lol	0.75	0.40
then	0.75	0.27
gape	0.75	0.19
tounge	0.76	0.20
dark	0.76	0.18
sum	0.76	0.22
shot	0.76	0.19
mouth	0.76	0.20
hole	0.76	0.21
helluva	0.76	0.19
wrap	0.76	0.19
plain	0.76	0.20
tall	0.76	0.20
cleavage	0.77	0.21
picture	0.77	0.20
hey	0.77	0.31
ring	0.77	0.17
milky	0.77	0.19
caress	0.77	0.22
what	0.77	0.45
showing	0.78	0.30
heels	0.78	0.18
delicate	0.78	0.17
thighs	0.78	0.19
certainly	0.78	0.29
stretch	0.78	0.20
cow	0.78	0.18
lawd	0.78	0.25
mama	0.78	0.22
confirmed	0.78	0.19
take	0.78	0.27
swollen	0.78	0.19
vision	0.78	0.19
miss	0.78	0.27
between	0.78	0.20
pie	0.78	0.17
exotic	0.79	0.21
m'lady	0.79	0.19
definition	0.79	0.20
kiss	0.79	0.23
cheeks	0.79	0.17
na	0.79	0.27
tittie	0.79	0.16
tit	0.79	0.16
snatch	0.79	0.17
contrast	0.79	0.17
kitty	0.79	0.19
gift	0.79	0.26
artistic	0.80	0.18
flat	0.80	0.23
enjoyed	0.80	0.17
flick	0.80	0.20
gurl	0.80	0.22
twins	0.80	0.28
keep	0.80	0.25
belated	0.80	0.25
posting	0.80	0.23
admire	0.80	0.17
nectar	0.81	0.16
composition	0.81	0.16
calves	0.81	0.16
bounce	0.81	0.17
boob	0.81	0.17
combination	0.81	0.19
gods	0.81	0.17
babies	0.81	0.20
batman	0.81	0.18
combo	0.81	0.17
attractive	0.81	0.18
s	0.81	0.38
usual	0.81	0.23
erotic	0.81	0.18
pictures	0.81	0.17
petite	0.82	0.15
curly	0.82	0.16
plant	0.82	0.21
classy	0.82	0.20
bite	0.82	0.20
pale	0.82	0.16
pic	0.82	0.17
us	0.82	0.24
smirk	0.82	0.16
nonetheless	0.82	0.18
bewbs	0.83	0.17
slap	0.83	0.21
for	0.83	0.22
pound	0.83	0.17
em	0.83	0.23
eat	0.83	0.14
tug	0.83	0.17
wan	0.83	0.25
da	0.83	0.18
hiney	0.83	0.25
pics	0.83	0.18
rump	0.83	0.16
speechless	0.83	0.23
butthole	0.83	0.16
fondle	0.83	0.22
spank	0.84	0.21
show	0.84	0.29
insane	0.84	0.27
nicely	0.84	0.23
explore	0.84	0.21
hotness	0.84	0.17
venus	0.84	0.15
photo	0.84	0.16
tat	0.84	0.17
both	0.84	0.21
provocative	0.84	0.19
peaches	0.84	0.16
eyebrows	0.84	0.15
heavens	0.84	0.18
large	0.84	0.27
forward	0.84	0.20
tender	0.84	0.17
pierce	0.84	0.18
curve	0.84	0.15
mhhh	0.85	0.19
covering	0.85	0.18
digging	0.85	0.15
peach	0.85	0.16
angle	0.85	0.21
pix	0.85	0.16
worship	0.85	0.20
tattoo	0.85	0.17
athletic	0.85	0.15
bb	0.85	0.20
bouncing	0.85	0.16
diggin	0.86	0.16
nipple	0.86	0.15
pure	0.86	0.16
want	0.86	0.30
tasteful	0.86	0.16
dimples	0.86	0.19
nibble	0.86	0.19
voluptuous	0.86	0.17
whoa	0.86	0.18
inspiring	0.86	0.24
creature	0.86	0.16
form	0.86	0.16
much	0.87	0.23
lt	0.87	0.29
tush	0.87	0.22
brown	0.87	0.16
slit	0.87	0.18
them	0.87	0.22
please	0.87	0.24
everything	0.87	0.40
fill	0.87	0.22
medium	0.87	0.17
asset	0.87	0.16
example	0.87	0.16
frame	0.87	0.16
understatement	0.87	0.16
pinch	0.87	0.17
o	0.88	0.18
brilliant	0.88	0.16
thank	0.88	0.30
fuk	0.88	0.20
rear	0.88	0.16
foxy	0.88	0.18
youre	0.88	0.25
confirm	0.89	0.25
see	0.89	0.29
stare	0.89	0.21
slender	0.89	0.15
meaty	0.89	0.14
cutie	0.89	0.25
share	0.89	0.21
marry	0.89	0.22
art	0.89	0.16
sultry	0.89	0.16
bitty	0.89	0.14
piercing	0.89	0.16
af	0.90	0.20
titty	0.90	0.12
skin	0.90	0.14
more	0.90	0.23
yesss	0.90	0.16
natural	0.90	0.22
hair	0.90	0.15
squeeze	0.90	0.18
face	0.91	0.18
bury	0.91	0.21
welcum	0.91	0.16
ravish	0.91	0.20
hips	0.91	0.14
pose	0.91	0.15
creamy	0.91	0.14
waist	0.91	0.14
thanks	0.92	0.27
have	0.92	0.19
porcelain	0.92	0.15
xxxx	0.92	0.17
id	0.92	0.24
trace	0.92	0.19
smack	0.92	0.17
tanlines	0.92	0.14
bitties	0.92	0.14
hmu	0.92	0.16
fat	0.92	0.15
doll	0.92	0.28
fit	0.93	0.17
hawt	0.93	0.16
pierced	0.93	0.14
friggin	0.93	0.18
mound	0.94	0.15
handful	0.94	0.16
masterpiece	0.94	0.15
ripe	0.94	0.13
epitome	0.94	0.14
dsl	0.94	0.13
gravity	0.94	0.15
blessed	0.94	0.16
with	0.94	0.21
gah	0.94	0.16
pink	0.94	0.14
awesomely	0.95	0.16
huge	0.95	0.14
munch	0.95	0.13
boot	0.95	0.14
belly	0.95	0.12
moist	0.95	0.13
d	0.96	0.24
album	0.96	0.13
hottie	0.96	0.16
touch	0.96	0.20
puss	0.96	0.13
itty	0.96	0.13
arousing	0.96	0.15
enjoy	0.96	0.15
p	0.97	0.25
definitely	0.97	0.23
almighty	0.97	0.14
quite	0.97	0.17
silky	0.97	0.13
curls	0.97	0.13
enticing	0.97	0.13
ratio	0.97	0.13
elegant	0.98	0.13
dem	0.98	0.13
asshole	0.98	0.13
r	0.98	0.15
absolutly	0.98	0.16
urs	0.98	0.14
beauties	0.98	0.13
dat	0.98	0.13
u	0.98	0.17
delish	0.98	0.12
golly	0.98	0.13
lick	0.98	0.18
bloody	0.99	0.14
donk	0.99	0.12
vary	0.99	0.16
mother	0.99	0.15
rocks	0.99	0.13
ideal	0.99	0.12
would	0.99	0.22
utterly	0.99	0.16
damned	0.99	0.14
mmmmmmm	0.99	0.12
tho	0.99	0.15
downright	0.99	0.14
mouthwatering	0.99	0.11
complexion	0.99	0.12
x	0.99	0.23
tantalizing	1.00	0.14
doe	1.00	0.12
tone	1.00	0.12
labia	1.01	0.11
arse	1.01	0.17
sized	1.01	0.13
proportions	1.01	0.12
melons	1.01	0.12
curved	1.01	0.12
curvy	1.01	0.12
suck	1.01	0.16
sensual	1.01	0.13
dig	1.01	0.10
edible	1.02	0.14
slim	1.02	0.12
soft	1.02	0.12
stomach	1.02	0.11
abs	1.02	0.11
outfit	1.02	0.13
banging	1.03	0.15
ma'am	1.03	0.15
smashing	1.03	0.11
dayum	1.03	0.12
tummy	1.03	0.11
adore	1.03	0.14
hella	1.03	0.13
pointy	1.03	0.11
toned	1.04	0.11
though	1.04	0.22
smooth	1.04	0.12
formed	1.04	0.12
tht	1.04	0.11
glasses	1.04	0.11
rest	1.04	0.16
fantastically	1.04	0.19
die	1.04	0.12
package	1.04	0.11
backside	1.04	0.12
omfg	1.04	0.13
alluring	1.05	0.12
goddess	1.05	0.12
tities	1.05	0.11
phat	1.05	0.12
butt	1.05	0.11
lookin	1.05	0.16
bouncy	1.06	0.11
ridiculous	1.06	0.16
beauty	1.06	0.11
n	1.06	0.12
moar	1.06	0.15
whew	1.06	0.12
good	1.06	0.14
xxx	1.06	0.12
size	1.07	0.13
breast	1.07	0.11
watering	1.07	0.12
proportioned	1.07	0.11
behold	1.07	0.10
feminine	1.07	0.10
smokes	1.07	0.11
tight	1.07	0.12
yes	1.07	0.16
seductive	1.07	0.11
tatas	1.08	0.10
exceptionally	1.08	0.11
rock	1.08	0.17
10/10	1.08	0.11
bellybutton	1.08	0.11
specimen	1.08	0.10
shapely	1.08	0.10
physique	1.08	0.10
seeing	1.09	0.11
really	1.09	0.19
gawd	1.09	0.11
tease	1.09	0.13
always	1.09	0.14
pussy	1.09	0.09
handfuls	1.09	0.10
gap	1.09	0.09
fuck	1.09	0.13
bodacious	1.09	0.09
sublime	1.09	0.09
crap	1.10	0.12
delightfully	1.10	0.10
hun	1.10	0.14
stacked	1.10	0.11
pouty	1.10	0.09
damm	1.10	0.10
bet	1.10	0.12
sweet	1.10	0.09
is	1.10	0.13
also	1.11	0.15
xx	1.11	0.15
puffy	1.11	0.09
daim	1.11	0.11
totally	1.11	0.13
stunner	1.11	0.11
they	1.11	0.15
extremely	1.11	0.10
areola	1.11	0.09
shaped	1.11	0.09
beautifully	1.11	0.09
assets	1.11	0.10
wicked	1.12	0.09
mm	1.12	0.11
too	1.12	0.16
taste	1.12	0.10
nips	1.12	0.08
hourglass	1.13	0.09
braces	1.13	0.08
tan	1.13	0.08
lines	1.13	0.07
perfectly	1.13	0.09
round	1.13	0.08
daaaamn	1.13	0.09
mighty	1.14	0.08
plump	1.14	0.08
hello	1.14	0.11
darling	1.14	0.12
supple	1.14	0.08
leegs	1.14	0.10
freckles	1.14	0.08
view	1.14	0.10
firm	1.14	0.08
tempting	1.14	0.09
real	1.15	0.14
sight	1.15	0.09
small	1.15	0.08
tiny	1.15	0.08
goodness	1.15	0.10
succulent	1.15	0.08
wonderfully	1.15	0.08
piercings	1.15	0.08
booty	1.15	0.08
tattoos	1.16	0.09
fucken	1.16	0.13
juicy	1.16	0.08
pair	1.16	0.07
deliciously	1.16	0.08
pert	1.16	0.08
awsome	1.17	0.09
luscious	1.17	0.07
nipples	1.17	0.07
scrumptious	1.17	0.08
ur	1.17	0.09
goddamn	1.17	0.14
oh	1.17	0.11
tremendous	1.17	0.08
positively	1.17	0.07
irresistible	1.17	0.08
big	1.18	0.07
areolas	1.18	0.07
lips	1.18	0.07
like	1.18	0.10
mmmmmmmm	1.19	0.07
hypnotic	1.19	0.08
bum	1.19	0.07
indeed	1.19	0.09
spankable	1.19	0.07
hottt	1.19	0.08
thats	1.19	0.10
shit	1.19	0.10
bangin	1.20	0.08
mmmmmm	1.20	0.07
suckable	1.20	0.06
smoke'n	1.20	0.08
splendid	1.20	0.06
kissable	1.20	0.06
lord	1.21	0.08
perky	1.21	0.06
jesus	1.21	0.07
baby	1.21	0.08
figure	1.21	0.06
christ	1.21	0.07
inviting	1.21	0.06
delightful	1.22	0.06
lickable	1.22	0.06
titties	1.22	0.06
perfection	1.22	0.06
titts	1.22	0.06
looks	1.22	0.07
sharing	1.22	0.08
breasts	1.22	0.06
beyond	1.22	0.07
truly	1.22	0.06
sooooooo	1.22	0.06
rock'n	1.22	0.06
sexxxy	1.22	0.07
hon	1.23	0.07
dam	1.23	0.07
ass	1.23	0.06
excellent	1.23	0.05
welcome	1.23	0.08
adorably	1.23	0.06
delectable	1.23	0.06
as	1.23	0.09
tasty	1.23	0.06
yum	1.23	0.06
fuckable	1.23	0.06
lady	1.23	0.06
tats	1.23	0.06
hott	1.23	0.06
curves	1.23	0.05
squeezable	1.23	0.06
boobies	1.24	0.06
mmmmm	1.24	0.05
marvelous	1.24	0.06
look	1.24	0.07
eyes	1.24	0.06
ink	1.24	0.05
soooooo	1.24	0.06
babe	1.24	0.07
mesmerizing	1.24	0.06
impeccable	1.24	0.05
re	1.24	0.07
luv	1.24	0.05
an	1.25	0.06
set	1.25	0.05
dear	1.25	0.06
mmmm	1.25	0.06
freakin	1.25	0.06
especially	1.25	0.04
shape	1.25	0.05
knockout	1.25	0.06
very	1.25	0.06
hell	1.25	0.07
so	1.26	0.06
heavenly	1.26	0.05
soo	1.26	0.06
prefect	1.26	0.05
divine	1.26	0.05
ridiculously	1.26	0.05
fuckin	1.26	0.06
rockin	1.26	0.05
mmm	1.26	0.05
fukn	1.26	0.05
sooo	1.26	0.06
yummy	1.26	0.05
holy	1.26	0.06
incredibly	1.26	0.05
smokin	1.26	0.06
soooo	1.26	0.05
bod	1.26	0.05
seriously	1.27	0.07
loving	1.27	0.04
rack	1.27	0.04
fab	1.27	0.04
ravishing	1.27	0.05
sooooo	1.27	0.05
astonishing	1.27	0.04
impressive	1.27	0.05
unreal	1.27	0.05
rocking	1.27	0.05
insanely	1.27	0.05
god	1.27	0.05
boobs	1.27	0.04
freaking	1.27	0.05
superb	1.27	0.04
immaculate	1.27	0.04
sensational	1.28	0.04
those	1.28	0.04
adorable	1.28	0.05
exquisite	1.28	0.04
stunningly	1.28	0.05
hmmmmmm	1.28	0.04
looking	1.28	0.05
super	1.28	0.05
pretty	1.28	0.05
cracking	1.28	0.04
terrific	1.29	0.04
body	1.29	0.04
tits	1.29	0.04
delicious	1.29	0.04
majestic	1.29	0.04
remarkable	1.29	0.04
unbelievable	1.29	0.04
flawless	1.29	0.04
epic	1.29	0.04
killer	1.29	0.04
fine	1.29	0.04
damn	1.29	0.05
simply	1.29	0.04
stellar	1.29	0.03
fucking	1.29	0.05
breathtaking	1.29	0.04
unbelievably	1.29	0.04
smoking	1.29	0.04
amazingly	1.29	0.04
exceptional	1.29	0.03
devine	1.30	0.04
beautifull	1.30	0.04
absolutely	1.30	0.04
hot	1.30	0.04
smile	1.30	0.03
yours	1.30	0.03
beatiful	1.30	0.03
captivating	1.30	0.03
omg	1.31	0.04
fanfuckingtastic	1.31	0.03
wow	1.31	0.04
great	1.31	0.03
such	1.31	0.03
magnificent	1.31	0.03
are	1.31	0.03
phenomenal	1.31	0.03
fabulous	1.31	0.03
wonderful	1.31	0.03
sexy	1.31	0.03
stunning	1.31	0.03
outstanding	1.31	0.03
glorious	1.32	0.03
btw	1.32	0.03
cute	1.32	0.03
perfect	1.32	0.03
gorgeous	1.32	0.03
incredible	1.32	0.03
beautiful	1.32	0.03
spectacular	1.32	0.03
lovely	1.32	0.02
