crappy	-5.30	1.07
netcode	-5.23	2.01
unplayable	-5.06	1.96
disaster	-4.98	1.89
objectively	-4.97	1.45
detection	-4.91	2.07
worse	-4.86	1.67
ruined	-4.78	1.42
inconsistent	-4.72	1.95
miles	-4.70	1.85
hating	-4.62	1.46
registration	-4.61	2.21
net	-4.51	2.09
garbage	-4.40	1.98
grew	-4.40	1.77
messed	-4.19	1.26
laggy	-4.18	2.00
bloom	-4.12	2.28
shitty	-4.03	2.00
ruining	-3.92	1.87
complex	-3.86	2.20
introduced	-3.85	2.32
poor	-3.83	2.09
everyday	-3.75	2.20
atrocious	-3.67	2.15
rid	-3.66	2.01
pathetic	-3.58	1.93
abuse	-3.56	2.24
cared	-3.56	1.84
flawed	-3.55	1.77
abandoned	-3.54	1.82
lag	-3.48	1.55
bothers	-3.46	2.01
downright	-3.46	2.01
fucked	-3.44	1.78
isolation	-3.41	2.83
flaws	-3.40	1.96
p2p	-3.39	1.57
leaves	-3.38	2.21
hitscan	-3.35	1.26
shits	-3.32	1.42
mess	-3.32	1.86
client	-3.29	1.48
flawless	-3.28	2.11
hitler	-3.28	1.67
infuriating	-3.26	1.81
turned	-3.25	2.12
ugly	-3.24	1.76
dae	-3.23	2.07
exile	-3.22	2.70
bash	-3.21	2.00
dislike	-3.21	1.94
latency	-3.20	1.50
vast	-3.18	2.19
blows	-3.17	1.80
abandon	-3.15	2.60
h2c	-3.13	1.32
likes	-3.11	2.96
nightmare	-3.10	1.84
who	-3.08	2.53
sucked	-3.07	1.43
finds	-3.07	2.74
mainly	-3.05	2.28
pisses	-3.04	1.94
host	-3.04	1.48
bf4	-3.03	1.21
adrift	-3.02	2.57
bitching	-3.02	2.33
buggy	-3.01	1.34
prefer	-3.00	2.04
realizing	-2.98	2.00
broken	-2.98	1.23
zealot	-2.95	2.84
backlash	-2.95	2.23
misleading	-2.95	2.57
tu	-2.95	2.58
magnetism	-2.95	1.13
whining	-2.93	2.39
countdown	-2.93	2.78
circlejerk	-2.93	2.31
connections	-2.92	1.44
halsey	-2.91	2.43
negativity	-2.89	2.57
hatred	-2.89	2.11
sub	-2.88	2.50
plans	-2.88	2.26
rant	-2.84	1.96
cares	-2.82	2.42
laughable	-2.81	2.21
pre-patch	-2.81	1.19
haven	-2.79	2.65
hce	-2.78	1.24
spire	-2.75	2.66
directed	-2.71	2.31
bashing	-2.71	2.27
launches	-2.70	1.13
involve	-2.67	2.21
aside	-2.64	1.73
park	-2.61	2.01
complain	-2.60	2.35
h4	-2.59	2.51
liking	-2.59	1.84
unacceptable	-2.57	1.16
dr	-2.57	2.10
complaints	-2.55	2.45
diablo	-2.55	1.13
perspective	-2.51	2.02
h1	-2.50	1.23
connection	-2.48	1.30
besides	-2.48	2.04
jetpacks	-2.47	1.03
melees	-2.43	1.26
hosts	-2.42	1.36
ping	-2.41	1.33
scan	-2.41	1.00
bullet	-2.41	1.01
ragnarok	-2.41	2.18
thinks	-2.35	3.20
register	-2.35	1.23
sums	-2.31	2.00
launch	-2.30	1.16
dedis	-2.28	1.27
passion	-2.28	2.53
lines	-2.27	2.06
design	-2.27	2.03
skyline	-2.27	3.00
server	-2.26	1.19
broke	-2.26	1.02
proved	-2.26	2.62
sees	-2.25	3.21
bad	-2.25	2.19
bugged	-2.25	1.17
proves	-2.24	2.72
state	-2.23	1.18
unbalanced	-2.23	1.11
retarded	-2.22	2.06
hit	-2.22	1.48
lagging	-2.20	1.35
impact	-2.20	1.79
wants	-2.18	3.20
voted	-2.17	2.26
projectile	-2.17	0.89
disliked	-2.17	2.44
h2v	-2.14	1.18
driven	-2.14	2.07
knows	-2.13	3.08
votes	-2.12	2.79
business	-2.11	1.08
disappointing	-2.10	2.71
inaccurate	-2.05	1.38
h3	-2.05	1.33
weak	-2.05	2.02
enjoys	-2.04	3.07
xbc	-2.03	1.14
crap	-2.03	1.79
dedicated	-2.03	1.17
owns	-2.02	3.07
code	-2.01	1.12
hmmm	-1.98	2.25
plays	-1.98	3.00
aas	-1.98	1.03
disconnects	-1.97	1.10
praise	-1.96	2.15
rare	-1.96	2.68
comparing	-1.94	0.89
reads	-1.93	3.14
spread	-1.92	0.94
ea	-1.92	0.87
confusing	-1.92	1.23
versus	-1.90	0.99
valhalla	-1.89	1.91
lock	-1.88	1.03
gta	-1.87	1.00
changed	-1.87	0.92
servers	-1.85	1.12
sake	-1.83	0.84
gaming	-1.83	2.94
decisions	-1.81	1.25
pile	-1.81	1.28
beast	-1.81	1.15
unfinished	-1.80	1.06
boxes	-1.79	1.06
decision	-1.76	1.31
excuse	-1.76	1.33
hosting	-1.75	1.12
snowbound	-1.75	1.38
uneven	-1.74	1.12
split	-1.74	1.04
failure	-1.74	1.04
ridiculous	-1.74	2.21
construct	-1.73	1.75
equipment	-1.73	1.15
trash	-1.70	1.24
useless	-1.69	1.45
hosted	-1.69	1.09
hits	-1.68	1.04
city	-1.68	1.01
sucking	-1.67	1.14
haters	-1.66	2.49
pointless	-1.65	1.30
inferior	-1.64	0.92
minus	-1.64	0.79
complaining	-1.63	1.99
hard	-1.62	2.80
cancer	-1.62	2.73
accurate	-1.61	1.01
nonsense	-1.61	1.07
crashing	-1.61	1.05
zoomed	-1.61	0.93
sim	-1.60	1.24
blaming	-1.60	1.05
reticle	-1.60	0.88
false	-1.60	3.47
worthless	-1.60	1.31
virtually	-1.59	0.72
ruins	-1.59	0.77
networking	-1.58	1.08
assholes	-1.58	2.16
interface	-1.58	0.99
criticism	-1.58	2.60
sometimes	-1.57	1.26
epitaph	-1.57	1.77
clusterfuck	-1.57	1.10
proven	-1.56	3.15
bitches	-1.56	1.38
dice	-1.56	1.00
complained	-1.55	2.58
reticule	-1.55	0.90
aa	-1.55	1.04
disgusting	-1.55	1.82
younger	-1.55	0.88
ui	-1.55	1.14
occasionally	-1.54	1.12
cheesy	-1.54	1.92
flinch	-1.54	1.02
randomness	-1.54	0.94
cough	-1.53	0.94
recoil	-1.53	0.93
biased	-1.53	2.49
pit	-1.53	1.45
abilities	-1.53	1.03
freezes	-1.53	1.10
crashes	-1.52	1.03
rely	-1.52	0.78
management	-1.52	0.99
freezing	-1.52	1.03
toxic	-1.51	1.24
incomplete	-1.51	1.07
controversial	-1.50	2.75
vanilla	-1.50	1.06
frustrating	-1.50	2.56
freeze	-1.49	1.09
annoying	-1.49	2.46
leading	-1.49	1.01
connect	-1.49	1.04
bs	-1.48	1.05
inclusion	-1.47	1.01
call	-1.47	1.06
azure	-1.46	1.01
vocal	-1.46	1.49
splitscreen	-1.46	1.00
solace	-1.46	3.13
bullets	-1.46	0.97
utter	-1.45	1.29
narrows	-1.45	1.57
3v4	-1.45	0.98
jet	-1.45	0.89
fucks	-1.45	0.99
excuses	-1.45	1.25
shipped	-1.44	1.12
blank	-1.44	1.06
gimmicky	-1.43	1.02
ordinance	-1.43	1.02
releasing	-1.43	1.02
removes	-1.43	0.90
orbital	-1.42	1.36
town	-1.42	1.50
nest	-1.42	1.52
sorta	-1.41	2.62
blackout	-1.41	1.50
horribly	-1.41	1.21
flight	-1.40	0.79
weaker	-1.40	0.98
complete	-1.39	1.36
random	-1.39	0.89
meaningless	-1.39	1.03
etc	-1.39	0.83
nobody	-1.39	1.73
forged	-1.39	1.22
condition	-1.39	1.09
island	-1.38	1.48
downvoted	-1.38	3.04
absolute	-1.38	2.50
older	-1.37	0.87
posts	-1.37	1.95
unlikely	-1.37	3.02
avalanche	-1.37	1.53
occasional	-1.36	1.09
removed	-1.35	0.98
products	-1.35	0.99
connected	-1.35	0.97
coding	-1.35	0.97
wifi	-1.35	1.02
recent	-1.33	1.07
piss	-1.33	1.02
stupid	-1.33	2.29
unity	-1.32	0.92
guardian	-1.32	1.57
descope	-1.32	1.05
rough	-1.32	2.38
assumption	-1.32	3.62
generation	-1.32	0.77
american	-1.32	1.11
unnecessary	-1.32	1.38
forgive	-1.30	2.96
uses	-1.30	1.03
port	-1.30	0.98
network	-1.30	1.00
improvement	-1.30	0.98
connecting	-1.29	1.09
added	-1.28	1.06
turning	-1.28	0.91
outs	-1.28	0.92
majority	-1.28	1.07
minority	-1.27	1.54
fed	-1.27	3.10
clunky	-1.27	1.21
whatever	-1.27	3.48
frequent	-1.27	1.20
ruin	-1.26	0.99
choices	-1.26	0.96
physics	-1.26	1.12
noob	-1.25	1.16
fault	-1.25	1.00
confidence	-1.25	1.13
favor	-1.25	0.91
split-screen	-1.25	1.02
seller	-1.24	1.08
battlefield	-1.24	0.88
moment	-1.24	2.18
heretic	-1.23	1.50
perks	-1.23	0.99
resort	-1.23	1.37
sits	-1.22	0.88
ubisoft	-1.22	0.88
product	-1.22	1.11
subs	-1.22	1.49
choice	-1.22	1.10
assumptions	-1.22	3.62
halo3	-1.21	1.03
starts	-1.21	0.90
menus	-1.21	1.05
voting	-1.21	0.92
direction	-1.20	2.91
justify	-1.20	1.31
essentially	-1.20	1.24
demanding	-1.20	1.37
ordnance	-1.20	1.01
quality	-1.20	1.25
due	-1.19	1.05
framerate	-1.19	1.01
sandtrap	-1.19	1.48
bullshit	-1.18	1.46
programming	-1.18	1.05
vote	-1.18	1.07
threads	-1.18	1.89
dmr	-1.18	0.93
unfair	-1.18	0.96
gamers	-1.18	0.92
informed	-1.18	1.02
wielding	-1.18	0.94
nature	-1.18	0.99
subreddit	-1.17	1.92
foundry	-1.17	1.41
suffered	-1.17	2.74
loadouts	-1.17	1.01
storage	-1.17	1.36
improving	-1.17	0.89
stronger	-1.16	1.01
improved	-1.16	0.95
indeed	-1.16	2.31
ground	-1.16	0.92
jarring	-1.16	2.79
industry	-1.16	0.89
casuals	-1.15	0.92
incompetent	-1.15	1.12
counts	-1.15	0.94
gets	-1.15	1.53
defending	-1.15	1.29
causing	-1.14	1.15
upvotes	-1.14	1.87
launching	-1.14	1.09
sprint	-1.14	0.90
replace	-1.14	1.00
subjective	-1.14	3.43
removal	-1.13	1.05
she	-1.13	1.06
load	-1.13	0.84
reddit	-1.13	1.65
else	-1.13	2.04
internet	-1.13	0.98
r/halo	-1.12	1.87
addition	-1.12	1.03
disadvantage	-1.12	0.99
mentioning	-1.12	1.92
tear	-1.11	2.40
accommodate	-1.11	0.82
vastly	-1.11	0.93
betas	-1.11	1.00
overpowered	-1.11	1.06
flash	-1.11	0.93
veto	-1.11	1.08
downvoting	-1.11	1.80
ars	-1.11	0.87
chose	-1.10	0.89
consistent	-1.10	1.05
guaranteed	-1.10	1.00
destiny	-1.10	0.87
consistency	-1.10	1.07
lan	-1.10	0.96
surprise	-1.10	0.87
stat	-1.09	0.83
punishment	-1.09	0.93
companies	-1.09	0.87
appeal	-1.09	0.82
casual	-1.09	0.89
gone	-1.09	1.19
tries	-1.09	1.50
precision	-1.08	0.89
replaced	-1.08	1.05
sandbox	-1.08	1.56
remove	-1.07	1.06
vista	-1.07	0.92
expert	-1.07	2.84
acting	-1.07	1.07
breaks	-1.07	0.93
infinitely	-1.06	1.04
ac	-1.06	0.94
matters	-1.06	1.26
circle	-1.05	1.10
standoff	-1.05	1.80
exclusively	-1.05	1.00
nerfed	-1.05	1.37
users	-1.05	1.38
h2	-1.05	1.24
removing	-1.05	1.09
stop	-1.05	1.49
shitting	-1.05	1.58
quits	-1.05	0.76
suffer	-1.05	0.95
issues	-1.04	1.17
hip	-1.04	0.91
jetpack	-1.04	0.87
vision	-1.04	1.00
consumers	-1.04	1.00
lack	-1.04	0.97
fallout	-1.04	1.86
aw	-1.04	0.83
aim	-1.04	0.92
daily	-1.03	1.01
cater	-1.03	0.93
aaa	-1.03	0.91
longevity	-1.03	0.95
entertainment	-1.03	0.74
disconnected	-1.03	1.00
drops	-1.03	0.93
granted	-1.02	1.03
rushed	-1.02	0.93
clock	-1.02	1.10
generations	-1.02	0.84
disabled	-1.01	1.03
target	-1.01	0.93
acceptable	-1.01	1.12
break	-1.01	0.96
complaint	-1.00	1.53
forza	-1.00	0.84
disconnect	-1.00	0.92
problems	-1.00	1.21
dogs	-1.00	0.88
inherently	-1.00	1.25
router	-1.00	0.96
million	-1.00	0.99
slide	-0.99	0.91
anger	-0.99	1.29
tells	-0.99	1.58
constant	-0.99	1.41
australian	-0.99	1.05
standpoint	-0.99	0.90
talks	-0.99	1.25
additions	-0.99	1.04
unless	-0.99	3.91
cheap	-0.99	1.39
affects	-0.99	0.90
4s	-0.99	2.60
introduction	-0.98	1.03
wired	-0.98	0.91
accuracy	-0.98	0.90
naive	-0.98	2.84
differences	-0.98	1.03
brs	-0.97	0.89
negative	-0.97	1.57
nat	-0.97	0.93
releases	-0.96	0.94
completely	-0.96	3.48
frequently	-0.96	1.35
kicks	-0.96	0.87
moron	-0.96	1.37
ignorant	-0.96	1.51
scoped	-0.96	0.89
whose	-0.96	0.94
land	-0.95	0.97
wreck	-0.95	0.82
non	-0.95	0.86
met	-0.95	1.05
communities	-0.95	1.08
timers	-0.95	0.85
trend	-0.94	0.94
charge	-0.94	0.92
generally	-0.94	0.88
fails	-0.94	0.99
publisher	-0.94	0.79
unlike	-0.94	0.85
release	-0.93	0.94
quitters	-0.93	0.89
exposed	-0.93	0.97
identical	-0.93	1.02
severely	-0.93	0.88
upvoted	-0.93	1.88
hot	-0.93	0.98
punished	-0.93	1.25
players	-0.93	0.95
scoping	-0.93	0.91
damage	-0.92	0.87
re	-0.92	3.35
liked	-0.92	2.52
moved	-0.92	0.93
crash	-0.92	0.96
titanfall	-0.92	0.85
rights	-0.92	0.93
shocked	-0.92	3.23
writing	-0.92	0.80
present	-0.92	0.98
developers	-0.92	0.88
clearly	-0.92	3.80
decides	-0.92	1.43
everyone	-0.92	1.85
offered	-0.92	1.00
taller	-0.92	0.94
poll	-0.91	1.59
boltshot	-0.91	0.86
balancing	-0.91	1.06
kids	-0.91	0.92
thrown	-0.91	1.11
mostly	-0.91	1.04
publishers	-0.91	0.89
fans	-0.90	1.05
caring	-0.90	1.13
begins	-0.90	0.85
log	-0.90	1.04
bugs	-0.90	1.23
5v4	-0.90	0.89
crowd	-0.90	0.86
mentality	-0.90	1.10
active	-0.90	1.11
says	-0.89	1.63
forum	-0.89	1.67
community	-0.89	1.15
discussions	-0.89	1.86
appealing	-0.89	0.79
defend	-0.89	1.40
noticeable	-0.89	1.11
advertised	-0.89	1.27
disappointment	-0.89	1.05
outcome	-0.88	1.26
smaller	-0.88	1.01
otherwise	-0.88	3.83
hole	-0.88	0.92
opposing	-0.88	0.96
forums	-0.88	1.64
crying	-0.88	1.51
reputation	-0.88	0.89
norm	-0.88	0.94
burst	-0.88	0.86
group	-0.87	0.94
thrusters	-0.87	0.84
market	-0.87	0.83
picks	-0.87	1.06
iconic	-0.87	1.94
growing	-0.87	0.82
asks	-0.87	2.83
ip	-0.87	0.63
errors	-0.86	1.03
traviss	-0.86	1.00
whatsoever	-0.86	1.05
evade	-0.86	1.01
obnoxious	-0.85	1.32
standards	-0.85	0.92
soul	-0.85	0.84
access	-0.85	0.99
teams	-0.85	0.95
hurt	-0.85	0.96
billion	-0.85	1.02
raging	-0.84	1.53
scope	-0.84	0.91
wireless	-0.84	0.91
bigger	-0.84	1.12
brain	-0.84	0.92
practically	-0.84	1.03
noobs	-0.84	0.94
hardcore	-0.84	0.65
comments	-0.83	1.87
lame	-0.83	1.74
mindset	-0.83	1.22
toned	-0.83	1.03
loading	-0.83	0.98
suggesting	-0.83	3.56
adding	-0.83	1.02
automatic	-0.83	0.87
strafing	-0.83	1.09
dirty	-0.83	1.13
browse	-0.82	1.53
children	-0.82	1.05
microsoft	-0.82	0.81
timer	-0.82	0.89
closest	-0.82	3.23
consumer	-0.81	0.97
sword	-0.81	0.93
weird	-0.81	2.25
related	-0.81	1.24
competent	-0.81	1.06
dependent	-0.81	1.13
childish	-0.81	1.42
343i	-0.81	0.95
cold	-0.81	1.00
shot	-0.81	0.88
represent	-0.81	1.05
her	-0.81	1.10
failed	-0.80	1.06
selected	-0.80	1.01
compared	-0.80	0.84
influence	-0.80	0.89
acts	-0.80	0.90
consensus	-0.80	1.23
towards	-0.80	1.27
bf	-0.79	0.88
counting	-0.79	1.13
planned	-0.79	1.26
delusional	-0.79	1.41
gfwl	-0.79	0.66
24/7	-0.79	0.79
butthurt	-0.79	1.65
zoom	-0.78	0.92
referencing	-0.78	3.49
343s	-0.78	0.89
strict	-0.78	0.88
picked	-0.78	1.02
entirely	-0.78	3.79
spoiled	-0.78	1.10
wield	-0.77	0.89
5v5	-0.77	0.89
belong	-0.77	1.25
dates	-0.77	0.91
gray	-0.77	0.99
playable	-0.77	1.10
kinda	-0.77	2.64
ts	-0.77	0.90
laptop	-0.77	0.83
zooming	-0.77	0.91
flawlessly	-0.76	1.25
advertising	-0.76	1.46
complicated	-0.76	1.15
kicked	-0.76	1.06
ie	-0.76	0.91
pack	-0.76	0.86
act	-0.76	1.16
supporting	-0.76	1.30
3v3	-0.76	0.89
often	-0.76	1.42
solely	-0.76	1.14
setup	-0.76	0.97
pickups	-0.76	0.95
fest	-0.76	0.82
shipping	-0.76	1.15
he	-0.76	1.61
smg	-0.76	0.84
ads	-0.76	0.91
horizon	-0.76	0.85
pushing	-0.76	0.97
penalty	-0.75	0.91
services	-0.75	0.98
fire	-0.75	0.87
karen	-0.75	0.85
screwed	-0.75	2.37
reached	-0.75	0.99
glitched	-0.75	1.05
expensive	-0.75	1.69
largely	-0.75	1.37
pressure	-0.75	0.99
adult	-0.75	0.99
implying	-0.75	3.19
thruster	-0.75	0.85
codes	-0.75	1.12
creates	-0.75	0.93
entitled	-0.75	1.39
defeat	-0.75	0.91
semi	-0.75	0.92
gears	-0.74	0.83
spawning	-0.74	0.84
primarily	-0.74	0.73
ar	-0.74	0.87
amongst	-0.74	0.88
flow	-0.74	0.83
pound	-0.74	0.86
subject	-0.74	1.68
immature	-0.74	1.30
lead	-0.74	1.12
ever	-0.74	3.11
dull	-0.74	1.24
nailed	-0.73	1.84
dual	-0.73	0.84
paired	-0.73	1.14
harder	-0.73	1.10
lazy	-0.73	1.22
headshots	-0.73	0.96
2s	-0.73	0.84
screaming	-0.73	1.19
weapon	-0.73	0.85
tweaked	-0.73	0.90
fundamentally	-0.73	1.18
gotten	-0.73	1.31
assassins	-0.73	0.86
ceiling	-0.73	0.98
reflection	-0.72	1.34
sniping	-0.72	1.01
jack	-0.72	1.22
devs	-0.72	0.95
grown	-0.72	0.95
than	-0.72	1.13
functional	-0.72	1.19
avoiding	-0.71	1.09
ugh	-0.71	0.97
activision	-0.71	0.85
narrow	-0.71	0.94
scopes	-0.71	0.93
bland	-0.71	1.19
spamming	-0.71	0.99
rage	-0.71	1.17
angry	-0.71	3.26
amounts	-0.71	0.91
idiots	-0.70	1.31
trolling	-0.70	1.45
skyrim	-0.70	0.82
blame	-0.70	1.03
magnum	-0.70	0.86
messing	-0.70	0.97
implemented	-0.70	1.12
trap	-0.70	1.15
regardless	-0.70	1.32
ms	-0.70	0.83
lacking	-0.70	1.00
deadlines	-0.70	0.93
camo	-0.70	0.86
warfare	-0.69	0.83
deadline	-0.69	0.94
speeds	-0.69	0.96
australia	-0.69	1.01
movements	-0.69	1.00
mediocre	-0.69	2.01
calls	-0.69	1.44
titan	-0.69	0.83
travel	-0.69	0.99
journal	-0.69	1.04
general	-0.69	0.87
believe	-0.69	3.85
aiming	-0.68	0.95
helped	-0.68	1.06
sided	-0.68	0.89
loadout	-0.68	0.77
cable	-0.68	0.87
contract	-0.68	0.81
knife	-0.68	1.04
ran	-0.68	0.87
disable	-0.68	0.95
pops	-0.68	0.90
obviously	-0.68	4.04
pattern	-0.68	1.00
clamber	-0.68	0.87
hallway	-0.67	0.97
attitude	-0.67	1.19
creed	-0.67	0.82
implementing	-0.67	1.27
qa	-0.67	1.26
heavy	-0.67	0.90
oblivion	-0.67	1.66
theres	-0.67	1.00
treated	-0.67	1.04
constantly	-0.67	1.31
except	-0.67	2.27
backwards	-0.67	1.29
audience	-0.67	0.87
randoms	-0.67	1.16
page	-0.67	1.62
minded	-0.66	0.98
against	-0.66	0.77
bandwidth	-0.66	1.19
duel	-0.66	0.86
90	-0.66	0.92
pushed	-0.66	1.01
standby	-0.66	1.03
hitting	-0.66	1.00
stonetown	-0.65	0.85
logic	-0.65	1.79
mechanic	-0.65	0.91
dog	-0.65	1.06
respawn	-0.65	0.96
admit	-0.65	3.56
veterans	-0.65	0.99
date	-0.65	0.94
weapons	-0.65	0.88
push	-0.65	0.95
insert	-0.65	1.09
responsible	-0.65	1.18
cod	-0.65	0.83
og	-0.64	0.89
promised	-0.64	1.55
somebody	-0.64	1.58
pistol	-0.64	0.85
chosen	-0.64	1.06
gripe	-0.64	1.41
fake	-0.64	1.33
competitively	-0.64	0.89
remains	-0.64	0.94
opposite	-0.64	3.48
cloud	-0.64	0.93
smoothly	-0.64	1.28
tl	-0.64	1.17
frame	-0.64	0.92
development	-0.64	0.87
changing	-0.64	0.98
behavior	-0.63	1.05
advantage	-0.63	1.03
insulting	-0.63	1.31
player	-0.63	0.83
company	-0.63	0.80
owners	-0.63	0.91
almost	-0.63	1.26
4v4	-0.63	0.87
software	-0.63	0.94
smart	-0.63	1.15
leaving	-0.63	0.96
lied	-0.63	1.60
meh	-0.63	1.04
br	-0.63	0.88
altered	-0.63	0.97
dominate	-0.62	0.86
br/dmr	-0.62	0.87
ar/smg	-0.62	0.88
match	-0.62	1.10
fact	-0.62	3.98
launched	-0.62	1.03
badly	-0.62	1.31
customers	-0.62	1.06
purely	-0.62	1.22
about	-0.62	2.30
silence	-0.62	0.85
shoots	-0.62	0.76
accurately	-0.62	0.97
spawns	-0.62	0.95
superior	-0.61	0.83
what	-0.61	3.80
affected	-0.61	0.86
crashed	-0.61	1.01
owned	-0.61	0.84
toss	-0.61	1.07
sights	-0.61	0.93
lackluster	-0.61	1.12
flat	-0.60	1.86
presence	-0.60	0.95
flagship	-0.60	0.85
pr	-0.60	1.00
tends	-0.60	1.09
enabled	-0.60	0.92
scoreboard	-0.59	0.87
fixing	-0.59	1.22
sight	-0.59	1.03
discussion	-0.59	1.84
functioning	-0.59	1.36
grinding	-0.59	0.88
plug	-0.59	0.97
douche	-0.59	0.90
ups	-0.59	0.94
thrust	-0.59	0.88
head	-0.59	0.89
led	-0.59	0.86
person	-0.59	1.41
ignoring	-0.59	1.34
unreasonable	-0.58	1.37
reloading	-0.58	0.98
pistols	-0.58	0.85
stickied	-0.58	1.70
hcs	-0.58	0.84
patching	-0.58	1.23
testing	-0.58	1.03
express	-0.58	1.21
overdrive	-0.58	0.84
style	-0.58	0.72
dare	-0.57	1.02
carbine	-0.57	0.85
developer	-0.57	0.83
anyone	-0.57	1.96
unrealistic	-0.57	0.95
killer	-0.57	0.69
herself	-0.57	0.99
cars	-0.57	1.13
wider	-0.57	0.81
fanbase	-0.57	0.95
sprinting	-0.57	0.91
choosing	-0.57	0.86
posting	-0.57	1.77
pop	-0.57	0.92
nights	-0.57	1.05
quitting	-0.57	1.00
pickup	-0.57	0.91
everybody	-0.57	2.64
screw	-0.57	1.23
talking	-0.57	3.57
woman	-0.57	0.85
session	-0.56	1.14
apparent	-0.56	0.92
shields	-0.56	0.88
forced	-0.56	1.11
bursts	-0.56	0.90
halo2	-0.56	0.90
opinions	-0.56	1.90
architecture	-0.56	0.74
lately	-0.56	1.05
utilize	-0.56	0.98
overwhelming	-0.56	1.20
parties	-0.56	1.13
loads	-0.56	0.80
competitive	-0.55	0.82
destroy	-0.55	0.77
assassin	-0.55	0.86
rushing	-0.55	1.06
wins	-0.55	0.89
sunset	-0.55	0.85
entire	-0.55	3.15
dev	-0.55	0.88
froze	-0.55	1.00
mm	-0.55	1.38
booted	-0.55	0.99
needler	-0.54	0.86
vibration	-0.54	1.02
holes	-0.54	0.94
guy	-0.54	1.82
argue	-0.54	3.68
bunch	-0.54	0.95
production	-0.54	0.82
customs	-0.54	1.03
pc	-0.54	0.82
selection	-0.54	0.79
fanboys	-0.54	1.44
bane	-0.54	0.89
evil	-0.54	0.98
randomly	-0.54	1.17
reboot	-0.53	1.20
someone	-0.53	1.72
history	-0.53	3.41
grasp	-0.53	1.87
working	-0.53	1.76
math	-0.53	1.18
starting	-0.53	0.94
reach	-0.53	2.91
similarities	-0.53	1.10
handled	-0.53	1.21
seat	-0.53	0.91
profit	-0.53	1.06
itself	-0.53	1.39
compensate	-0.53	0.92
toward	-0.53	1.35
classic	-0.53	1.04
limitations	-0.53	1.38
restarted	-0.52	1.26
regen	-0.52	0.88
lives	-0.52	0.94
equal	-0.52	0.90
alter	-0.52	1.08
olds	-0.52	0.96
sniper	-0.52	0.90
pink	-0.52	0.94
smgs	-0.52	0.84
zenith	-0.52	0.91
3s	-0.52	1.34
side	-0.52	1.58
means	-0.52	3.95
introducing	-0.52	0.97
packs	-0.51	0.86
decade	-0.51	1.02
competitiveness	-0.51	0.89
usual	-0.51	0.90
finished	-0.51	1.17
restarting	-0.51	1.31
contrary	-0.51	1.32
key	-0.51	0.79
considerably	-0.50	1.00
masses	-0.50	0.99
meet	-0.50	0.96
needlers	-0.50	0.86
rumble	-0.50	0.85
communicating	-0.50	1.55
dot	-0.50	0.92
restart	-0.50	1.35
determine	-0.50	1.21
conflict	-0.50	0.97
firing	-0.50	0.87
lights	-0.50	0.82
child	-0.50	1.06
importantly	-0.50	0.88
matched	-0.50	1.05
modding	-0.50	0.92
weekends	-0.50	1.06
consistently	-0.50	1.12
dash	-0.49	0.87
splitting	-0.49	1.24
plain	-0.49	1.24
surprising	-0.49	2.39
landing	-0.49	0.93
attacks	-0.49	0.98
dropping	-0.49	1.06
frustration	-0.48	1.12
backing	-0.48	1.10
dodge	-0.48	0.98
field	-0.48	0.83
reverse	-0.48	0.93
trolls	-0.48	1.20
del	-0.48	0.96
classes	-0.48	0.88
counted	-0.48	0.84
aimed	-0.48	0.97
utility	-0.48	0.88
rifles	-0.48	0.83
choose	-0.48	1.22
status	-0.48	1.01
nowhere	-0.47	1.06
internal	-0.47	1.17
claimed	-0.47	1.27
combo	-0.47	0.93
browser	-0.47	0.92
borderlands	-0.47	0.82
selfish	-0.47	1.50
shoot	-0.47	1.07
turn	-0.47	1.19
anybody	-0.46	1.95
matchmaking	-0.46	1.29
plasma	-0.46	0.88
fancy	-0.46	0.99
discussing	-0.46	2.05
static	-0.46	0.86
utterly	-0.46	1.42
stole	-0.46	1.14
combination	-0.46	1.01
prevalent	-0.46	0.97
boost	-0.46	0.87
assist	-0.46	0.96
members	-0.46	0.99
kart	-0.46	0.91
pissed	-0.46	3.55
ranges	-0.46	0.91
throws	-0.46	1.02
ports	-0.46	0.85
author	-0.46	1.37
total	-0.46	0.89
oni	-0.46	0.99
charged	-0.46	1.02
doubles	-0.46	0.84
designs	-0.46	1.03
shotgun	-0.46	0.86
regularly	-0.46	0.96
fires	-0.45	0.86
foot	-0.45	0.97
tweaks	-0.45	0.98
accessible	-0.45	0.85
stable	-0.45	1.12
titles	-0.45	0.93
glasses	-0.45	0.91
thread	-0.45	1.90
diversity	-0.45	0.89
powerups	-0.45	0.96
nerf	-0.45	1.12
auto	-0.45	0.96
bay	-0.45	0.92
prove	-0.45	2.69
designed	-0.45	1.27
program	-0.45	0.95
crysis	-0.45	0.82
entertaining	-0.45	2.86
caused	-0.45	1.07
biggest	-0.45	3.19
power	-0.45	0.96
staple	-0.45	1.51
supposedly	-0.45	0.87
test	-0.44	1.04
region	-0.44	1.03
mics	-0.44	1.33
minimal	-0.44	1.00
respawns	-0.44	0.97
hover	-0.44	0.92
shots	-0.44	1.08
matching	-0.44	1.02
block	-0.44	0.91
spin	-0.44	0.93
live	-0.44	0.99
osman	-0.44	0.96
cloak	-0.43	0.87
deliver	-0.43	1.32
function	-0.43	1.16
sun	-0.43	0.82
rifle	-0.43	0.86
modified	-0.43	0.88
attacking	-0.43	1.06
changes	-0.43	1.00
delay	-0.43	1.03
fps	-0.43	0.92
preferred	-0.43	1.46
discuss	-0.43	1.85
resolved	-0.43	1.27
terribly	-0.43	1.26
technical	-0.43	0.94
3rd	-0.43	0.96
naturally	-0.43	1.07
doing	-0.43	3.60
spoke	-0.43	0.89
point	-0.43	3.68
awhile	-0.43	1.27
whoever	-0.43	1.03
worrying	-0.42	2.10
dealt	-0.42	1.25
exactly	-0.42	3.72
telling	-0.42	1.93
bounces	-0.42	0.91
shield	-0.42	0.89
shoulder	-0.42	0.92
stood	-0.42	1.18
integrated	-0.42	0.93
sizes	-0.42	0.87
separated	-0.42	1.17
vulnerable	-0.42	0.99
lies	-0.42	1.11
quit	-0.42	1.17
bubble	-0.42	0.91
forcing	-0.41	1.17
sides	-0.41	1.11
fell	-0.41	0.88
remembering	-0.41	2.99
cams	-0.41	1.59
tvs	-0.41	0.95
current	-0.41	0.99
silenced	-0.41	0.86
checkpoints	-0.41	0.86
goes	-0.41	1.42
luckily	-0.41	1.32
charging	-0.41	1.01
iteration	-0.41	0.94
rude	-0.41	1.48
loaded	-0.41	0.97
patches	-0.41	1.25
experiment	-0.41	1.31
jackal	-0.41	1.08
downvote	-0.41	1.96
unlimited	-0.41	0.85
afk	-0.41	1.12
glitches	-0.41	1.07
severe	-0.41	1.11
groups	-0.40	0.93
rush	-0.40	1.05
markers	-0.40	0.97
experienced	-0.40	1.31
peak	-0.40	0.84
improvements	-0.40	1.03
gamer	-0.40	0.91
facing	-0.40	1.50
importance	-0.40	1.00
swords	-0.40	0.81
guests	-0.40	0.92
playlist	-0.40	0.86
meta	-0.40	0.86
unpopular	-0.40	1.73
including	-0.40	0.95
instant	-0.40	0.99
joking	-0.40	2.72
crouching	-0.39	1.08
fastest	-0.39	3.31
yelling	-0.39	1.28
jumping	-0.39	1.05
basically	-0.39	2.18
killed	-0.39	1.11
wolves	-0.39	0.82
domain	-0.39	0.88
range	-0.39	0.90
gun	-0.39	0.85
switches	-0.39	0.87
largest	-0.39	2.01
launchers	-0.39	0.82
threw	-0.39	1.03
hardly	-0.39	1.54
claim	-0.39	2.21
requirements	-0.39	0.87
demand	-0.39	1.23
populated	-0.39	1.10
distances	-0.39	1.01
pulls	-0.39	0.94
killcam	-0.38	1.04
wake	-0.38	1.24
orders	-0.38	0.99
camping	-0.38	1.03
rounds	-0.38	0.88
spam	-0.38	1.01
rising	-0.38	0.82
intentionally	-0.38	1.31
rat	-0.38	1.02
competition	-0.38	1.09
lying	-0.38	1.98
local	-0.38	0.89
powerful	-0.38	1.05
regards	-0.38	0.84
spartan-ii	-0.38	0.98
alot	-0.38	1.10
effective	-0.38	0.97
office	-0.38	0.89
causes	-0.38	1.06
actions	-0.38	0.98
guest	-0.38	0.94
relationship	-0.38	0.93
round	-0.38	0.84
e.g	-0.37	0.91
343	-0.37	0.92
copying	-0.37	0.85
next-gen	-0.37	0.80
cheating	-0.37	1.01
reported	-0.37	1.13
coop	-0.37	0.86
joining	-0.37	1.16
rockets	-0.37	0.87
fashion	-0.37	0.95
army	-0.37	0.81
traffic	-0.37	0.99
train	-0.37	1.03
typical	-0.37	0.81
clue	-0.37	2.17
received	-0.37	1.05
vertical	-0.37	1.10
lasky	-0.37	0.95
body	-0.36	0.89
hardest	-0.36	3.32
playerbase	-0.36	0.88
resets	-0.36	1.19
pages	-0.36	1.26
co	-0.36	0.90
headshot	-0.36	0.98
existence	-0.36	1.22
visit	-0.36	1.33
addressed	-0.36	1.32
strictly	-0.36	0.89
slows	-0.36	0.96
told	-0.36	1.70
has	-0.36	1.50
legal	-0.36	1.36
trapped	-0.36	1.52
found	-0.36	1.18
hammer	-0.36	0.86
employees	-0.36	0.88
party	-0.36	1.13
square	-0.36	1.00
explode	-0.36	0.93
aboard	-0.36	0.77
millions	-0.36	1.10
xbl	-0.36	1.03
replacement	-0.36	0.92
recharge	-0.36	0.96
spawn	-0.35	1.10
attempted	-0.35	1.06
usa	-0.35	1.18
scores	-0.35	0.86
tedious	-0.35	1.43
taken	-0.35	1.23
backs	-0.35	1.18
33	-0.35	1.09
learning	-0.35	1.49
taste	-0.35	1.01
corners	-0.35	1.06
stale	-0.35	1.45
shooting	-0.35	1.05
neutral	-0.35	1.17
sensitivity	-0.35	1.01
calling	-0.35	1.34
released	-0.35	1.04
sticky	-0.35	0.99
force	-0.35	1.12
division	-0.35	1.18
aesthetic	-0.35	0.89
tested	-0.35	1.50
2v2	-0.35	0.87
messages	-0.35	1.21
achievement	-0.35	1.04
accepting	-0.35	1.59
cd	-0.35	0.93
completed	-0.35	1.34
saving	-0.35	1.19
immersion	-0.35	1.08
killcams	-0.35	1.07
react	-0.35	1.42
functionality	-0.35	0.94
sony	-0.35	0.91
health	-0.35	0.87
window	-0.35	0.99
balance	-0.34	0.87
month	-0.34	1.13
easier	-0.34	1.12
xboxes	-0.34	0.92
pray	-0.34	1.07
location	-0.34	1.01
empty	-0.34	0.96
porting	-0.34	0.87
fill	-0.34	0.99
navigate	-0.34	1.22
needing	-0.34	1.30
duty	-0.34	0.91
weeks	-0.34	1.18
callouts	-0.34	1.10
needle	-0.34	0.90
change	-0.34	1.48
running	-0.34	1.18
support	-0.34	1.02
noted	-0.34	1.33
competing	-0.34	1.25
iii	-0.34	0.83
unrelated	-0.34	1.41
co-op	-0.34	0.85
service	-0.34	0.99
backwash	-0.34	1.08
disappeared	-0.34	1.00
wide	-0.34	0.89
snipe	-0.34	0.98
viable	-0.34	0.96
legendary	-0.34	1.33
grenades	-0.33	0.95
envy	-0.33	0.88
dominated	-0.33	0.88
downvotes	-0.33	1.95
innovation	-0.33	0.86
located	-0.33	1.17
post	-0.33	1.87
flesh	-0.33	0.89
overshield	-0.33	0.97
bummer	-0.33	2.49
equipped	-0.33	1.39
ranked	-0.33	0.80
acknowledge	-0.33	2.18
grind	-0.33	1.02
nail	-0.33	1.01
arguments	-0.33	1.92
class	-0.33	1.16
outright	-0.33	1.78
decided	-0.33	1.67
ammo	-0.33	0.88
barely	-0.33	1.72
heroic	-0.33	1.38
swap	-0.33	1.11
draw	-0.33	0.89
frags	-0.33	0.94
itt	-0.33	1.49
beat	-0.33	1.41
scenario	-0.33	1.82
belief	-0.33	1.64
left	-0.33	1.47
suggested	-0.32	1.21
cheat	-0.32	1.09
waypoint	-0.32	1.36
rarely	-0.32	1.38
jul	-0.32	0.88
cortana	-0.32	0.97
compete	-0.32	1.58
differently	-0.32	1.35
here	-0.32	2.13
ass	-0.32	1.09
beating	-0.32	1.34
social	-0.32	0.76
maps	-0.32	0.99
consoles	-0.32	0.89
melee	-0.32	0.99
desire	-0.32	1.09
pointing	-0.32	1.62
progress	-0.32	0.86
moving	-0.32	1.53
annoyed	-0.32	3.61
tactical	-0.32	0.94
surrounding	-0.32	1.09
patched	-0.32	1.29
falls	-0.32	0.86
base	-0.32	0.91
off	-0.32	1.32
popped	-0.32	1.02
slow	-0.32	1.10
cam	-0.32	1.46
positive	-0.32	1.53
h2a	-0.31	1.14
references	-0.31	0.96
being	-0.31	1.80
areas	-0.31	1.02
par	-0.31	1.10
speed	-0.31	0.91
matches	-0.31	1.16
completing	-0.31	1.09
solo	-0.31	1.28
signs	-0.31	1.22
care	-0.31	2.10
team	-0.31	0.83
sold	-0.31	1.02
country	-0.31	1.04
mods	-0.31	1.39
5th	-0.31	1.11
delayed	-0.31	1.23
topic	-0.31	1.92
disappointed	-0.31	3.62
bouncing	-0.31	1.00
attack	-0.31	0.86
priority	-0.31	1.26
beam	-0.31	0.87
mobility	-0.31	0.89
significant	-0.30	1.00
skilled	-0.30	0.87
hooked	-0.30	0.91
infinite	-0.30	0.83
filled	-0.30	1.06
rolling	-0.30	1.41
lunge	-0.30	0.93
ironed	-0.30	1.45
loses	-0.30	0.93
focusing	-0.30	1.06
moral	-0.30	1.16
license	-0.30	0.81
vary	-0.30	1.63
challenge	-0.30	1.11
wheel	-0.30	0.96
struggle	-0.30	0.96
fov	-0.30	0.85
radius	-0.30	0.94
solid	-0.30	2.04
customer	-0.30	1.06
canada	-0.30	1.19
repetitive	-0.30	1.59
sport	-0.30	1.14
newer	-0.30	0.95
depends	-0.30	1.37
landed	-0.30	0.92
momentum	-0.30	1.38
gen	-0.29	0.83
newest	-0.29	1.04
unsc	-0.29	0.86
leader	-0.29	0.94
slowed	-0.29	0.92
dying	-0.29	1.34
tactics	-0.29	0.93
loss	-0.29	0.95
fixes	-0.29	1.35
mistakes	-0.29	1.38
appropriate	-0.29	0.97
engineer	-0.29	1.09
machine	-0.29	0.76
beyond	-0.29	1.09
headed	-0.29	1.65
whole	-0.29	3.02
library	-0.29	1.29
secondly	-0.29	0.96
affect	-0.29	1.09
script	-0.29	0.89
practice	-0.29	0.96
throw	-0.29	1.05
reward	-0.29	1.01
car	-0.29	1.03
launcher	-0.29	0.86
strafe	-0.29	1.03
preference	-0.29	1.89
backed	-0.29	1.39
ghost	-0.28	0.92
succeed	-0.28	1.37
via	-0.28	1.03
arguably	-0.28	3.25
using	-0.28	1.33
knowing	-0.28	1.80
blew	-0.28	0.93
spray	-0.28	0.92
chunk	-0.28	0.97
cqc	-0.28	0.92
losses	-0.28	0.94
locations	-0.28	0.99
cheaters	-0.28	1.00
esport	-0.28	1.16
twice	-0.28	1.47
ce	-0.28	1.16
mid	-0.28	0.96
boosting	-0.28	0.96
odds	-0.28	1.21
timed	-0.28	0.96
talked	-0.28	1.33
prepare	-0.28	0.83
betrayals	-0.28	1.15
offline	-0.27	0.99
kat	-0.27	0.90
professional	-0.27	0.87
sign	-0.27	1.14
skill	-0.27	0.92
rewarded	-0.27	0.98
replacing	-0.27	0.82
thousands	-0.27	1.17
amount	-0.27	1.01
shooters	-0.27	0.86
ignore	-0.27	1.47
josh	-0.27	1.14
device	-0.27	0.93
system	-0.27	0.91
exclusive	-0.27	0.90
difficulty	-0.27	1.33
impossible	-0.27	1.45
forever	-0.27	1.66
states	-0.27	1.07
ps	-0.27	0.92
minecraft	-0.27	0.83
somehow	-0.27	1.40
doom	-0.27	0.86
shotty	-0.27	0.86
6v6	-0.27	0.84
banned	-0.27	1.06
rewards	-0.27	0.92
start	-0.27	1.56
runs	-0.27	0.77
circumstances	-0.26	1.19
reset	-0.26	1.30
intention	-0.26	1.60
slower	-0.26	1.03
trust	-0.26	1.38
member	-0.26	1.02
level	-0.26	0.99
covie	-0.26	0.94
exclusives	-0.26	0.92
laso	-0.26	1.26
popularity	-0.26	0.85
playstation	-0.26	0.87
ttk	-0.26	0.95
holiday	-0.26	1.07
manner	-0.26	1.15
lobby	-0.26	1.13
purpose	-0.26	1.29
tunnel	-0.26	0.94
sales	-0.26	0.98
went	-0.26	1.22
reach/4	-0.26	1.19
disappear	-0.26	1.04
dies	-0.25	0.91
insult	-0.25	1.43
weekly	-0.25	0.99
intend	-0.25	1.72
50s	-0.25	0.99
bars	-0.25	0.97
front	-0.25	1.26
i.e	-0.25	0.93
defense	-0.25	0.95
purchasing	-0.25	1.26
phil	-0.25	1.13
developed	-0.25	1.00
medium	-0.25	0.88
external	-0.25	0.90
boring	-0.25	1.55
glitching	-0.25	1.08
instance	-0.25	0.96
slayer	-0.25	0.86
searching	-0.25	1.28
east	-0.25	1.22
kid	-0.25	0.96
curve	-0.25	1.03
exploits	-0.25	1.08
enter	-0.25	0.84
factors	-0.25	1.25
nintendo	-0.25	0.96
energy	-0.25	0.86
attempts	-0.25	1.16
achievements	-0.25	0.98
joined	-0.25	1.01
count	-0.25	1.16
orion	-0.25	1.20
redundant	-0.25	1.15
latest	-0.25	1.02
require	-0.25	0.98
iron	-0.24	0.96
exists	-0.24	1.04
compare	-0.24	1.71
rocket	-0.24	0.87
mlg	-0.24	0.78
afford	-0.24	1.67
monitor	-0.24	0.93
completion	-0.24	1.00
straight	-0.24	1.40
standard	-0.24	0.97
challenges	-0.24	0.87
trial	-0.24	1.08
paying	-0.24	1.31
enjoyment	-0.24	0.92
tried	-0.24	1.44
unranked	-0.24	0.82
physically	-0.24	0.86
points	-0.24	1.21
circuit	-0.24	0.95
ddos	-0.24	0.93
distance	-0.24	1.00
logged	-0.24	1.03
handling	-0.24	1.14
assassinate	-0.24	1.01
forgetting	-0.24	2.09
title	-0.24	1.55
season	-0.24	0.84
sell	-0.24	0.99
console	-0.24	1.17
positions	-0.23	1.07
grab	-0.23	1.01
accounts	-0.23	1.02
dust	-0.23	1.01
stopped	-0.23	1.35
riding	-0.23	0.94
discussed	-0.23	1.41
wrote	-0.23	1.36
movement	-0.23	0.97
built	-0.23	1.08
akin	-0.23	0.97
betrayed	-0.23	1.22
brand	-0.23	0.91
bug	-0.23	1.34
0	-0.23	0.92
concerns	-0.23	1.73
functions	-0.23	1.10
moderate	-0.23	1.03
ripped	-0.23	0.87
smarter	-0.23	1.27
pre-orders	-0.23	1.08
degree	-0.23	0.92
capabilities	-0.23	0.92
hostile	-0.23	1.56
floor	-0.23	1.05
upcoming	-0.23	1.04
determined	-0.23	1.11
sale	-0.23	1.04
iterations	-0.23	1.01
genetic	-0.23	1.06
palmer	-0.23	0.87
mountain	-0.23	1.18
stress	-0.23	1.09
ice	-0.23	0.89
checkpoint	-0.23	0.95
rate	-0.23	0.99
rod	-0.23	0.86
winning	-0.23	1.01
line	-0.23	1.50
gap	-0.23	0.97
naomi	-0.23	0.95
input	-0.23	1.25
owe	-0.23	1.53
barrel	-0.23	1.17
everywhere	-0.22	0.91
age	-0.22	0.84
suck	-0.22	1.87
cheaper	-0.22	1.07
cap	-0.22	0.86
weaponry	-0.22	0.81
eric	-0.22	0.82
jump	-0.22	1.01
automatically	-0.22	1.01
encourage	-0.22	1.25
kick	-0.22	1.17
bloodline	-0.22	0.86
elite	-0.22	0.95
sized	-0.22	0.93
mother	-0.22	1.00
incorrect	-0.22	3.52
usage	-0.22	1.01
skirmish	-0.22	0.83
successfully	-0.22	1.20
zero	-0.22	1.16
targets	-0.22	1.19
scoring	-0.22	0.88
detailed	-0.22	1.11
lobbies	-0.22	1.19
max	-0.22	0.89
called	-0.22	1.58
unlocking	-0.22	0.86
clone	-0.22	0.86
tactic	-0.22	1.20
portion	-0.22	1.01
promote	-0.22	1.10
dunno	-0.22	1.33
marketing	-0.22	0.91
ability	-0.22	1.14
kd	-0.22	0.88
compatible	-0.22	0.89
trueskill	-0.22	0.95
comparable	-0.22	1.05
nades	-0.22	1.01
population	-0.21	0.86
solved	-0.21	1.28
numbers	-0.21	0.86
explained	-0.21	1.16
losing	-0.21	1.10
hint	-0.21	1.39
mission	-0.21	1.13
screens	-0.21	0.98
copy	-0.21	1.03
career	-0.21	1.01
multiplier	-0.21	0.91
clan	-0.21	1.10
search	-0.21	1.27
normal	-0.21	1.00
private	-0.21	1.07
without	-0.21	1.61
angle	-0.21	1.16
feelings	-0.21	1.08
k/d	-0.21	0.87
posted	-0.21	1.63
underneath	-0.21	1.03
variety	-0.21	0.90
usually	-0.21	1.51
missions	-0.21	1.00
whether	-0.20	2.83
pre-ordering	-0.20	1.17
exp	-0.20	0.93
sells	-0.20	0.92
note	-0.20	1.45
wasted	-0.20	1.24
desperate	-0.20	1.53
fragment	-0.20	0.87
escape	-0.20	1.09
combos	-0.20	1.02
snipers	-0.20	0.82
cycle	-0.20	1.07
stealing	-0.20	1.25
score	-0.20	0.89
fix	-0.20	1.56
fusion	-0.20	1.03
making	-0.20	1.90
brute	-0.20	0.85
cannons	-0.20	0.90
uk	-0.20	1.08
mechanics	-0.20	0.96
snipes	-0.20	0.82
repeat	-0.20	1.25
aggressive	-0.20	1.61
evolve	-0.20	1.14
advanced	-0.20	0.91
reflect	-0.20	1.05
light	-0.20	0.88
earned	-0.20	0.98
account	-0.20	1.07
usable	-0.20	1.08
process	-0.19	1.16
blind	-0.19	1.34
reconciliation	-0.19	1.22
element	-0.19	1.00
dated	-0.19	1.24
along	-0.19	1.41
reviews	-0.19	1.20
noise	-0.19	1.16
series	-0.19	3.23
explicitly	-0.19	1.83
aka	-0.19	0.72
copied	-0.19	0.89
scratch	-0.19	0.88
reasons	-0.19	1.75
spawned	-0.19	0.98
while	-0.19	1.72
bundle	-0.19	0.97
notice	-0.19	1.98
faster	-0.19	1.05
throwing	-0.19	1.06
sand	-0.19	0.79
gear	-0.19	0.97
queue	-0.19	1.32
armor	-0.19	0.89
activation	-0.19	0.84
ranks	-0.19	0.94
tend	-0.19	1.27
platform	-0.19	0.88
street	-0.19	1.10
sample	-0.19	0.98
hurts	-0.19	0.98
painful	-0.19	2.62
contribute	-0.19	1.66
bxb	-0.19	1.00
opened	-0.19	0.85
website	-0.19	1.24
beats	-0.19	0.89
dicks	-0.19	1.12
dead	-0.19	1.27
bitch	-0.19	1.50
linked	-0.19	1.29
shortly	-0.18	1.08
skull	-0.18	1.00
levels	-0.18	1.08
empire	-0.18	0.94
sudden	-0.18	1.04
implementation	-0.18	0.96
loyal	-0.18	1.10
ppl	-0.18	1.47
extent	-0.18	1.01
boot	-0.18	1.00
open	-0.18	0.84
cosmetic	-0.18	0.88
ported	-0.18	0.85
planning	-0.18	2.01
drop	-0.18	0.92
purchases	-0.18	1.02
literally	-0.18	1.97
actor	-0.18	0.95
reviewers	-0.18	1.24
librarian	-0.18	0.97
stealth	-0.18	0.92
yell	-0.18	0.91
message	-0.18	1.21
pointed	-0.18	1.36
permanent	-0.18	0.82
valve	-0.18	0.92
set	-0.18	1.03
knew	-0.18	1.98
resolve	-0.18	1.40
nade	-0.18	1.04
read	-0.18	0.98
csr	-0.18	0.92
worried	-0.18	3.62
instead	-0.18	1.63
version	-0.18	0.88
radar	-0.17	0.92
previous	-0.17	0.90
larger	-0.17	0.91
asshole	-0.17	1.29
screen	-0.17	0.99
around	-0.17	1.19
precise	-0.17	0.99
programs	-0.17	1.05
floating	-0.17	1.04
strategies	-0.17	0.96
claims	-0.17	1.99
years	-0.17	1.18
online	-0.17	0.93
la	-0.17	0.88
deserve	-0.17	1.29
expectations	-0.17	0.98
rank	-0.17	0.90
controlling	-0.17	1.02
before	-0.17	1.38
multi-player	-0.17	1.01
fuel	-0.17	0.88
keeps	-0.17	1.12
reasoning	-0.17	1.90
camp	-0.17	0.96
available	-0.17	0.98
climb	-0.17	0.95
copies	-0.17	1.02
modern	-0.17	0.86
area	-0.17	0.93
noble	-0.17	0.96
grav	-0.17	0.97
controllers	-0.16	0.92
monster	-0.16	0.94
magazine	-0.16	1.03
hardware	-0.16	0.90
cannon	-0.16	0.86
50	-0.16	0.96
kill	-0.16	1.04
downloads	-0.16	1.03
america	-0.16	1.11
phase	-0.16	1.39
carnage	-0.16	1.06
old	-0.16	0.86
thin	-0.16	0.89
carry	-0.16	1.23
campaigns	-0.16	0.94
jumps	-0.16	1.04
thousand	-0.16	1.13
anywhere	-0.16	2.19
purchased	-0.16	1.17
claiming	-0.16	2.04
augmentations	-0.16	0.94
structure	-0.16	1.02
young	-0.16	0.99
betraying	-0.16	1.11
destroying	-0.16	0.99
bounce	-0.16	0.93
modders	-0.16	1.12
death	-0.15	1.01
v	-0.15	0.83
teamwork	-0.15	1.00
up	-0.15	1.60
refunds	-0.15	1.27
dropped	-0.15	0.84
stats	-0.15	0.96
frames	-0.15	0.94
stability	-0.15	0.99
invisible	-0.15	1.04
nearby	-0.15	1.24
heavily	-0.15	0.95
xp	-0.15	0.94
lost	-0.15	1.06
lists	-0.15	0.86
indicators	-0.15	1.01
stopping	-0.15	1.25
opens	-0.15	0.92
perform	-0.15	1.17
position	-0.15	1.27
grenade	-0.15	0.98
disagree	-0.15	3.51
statistics	-0.15	1.42
recognize	-0.15	2.14
harm	-0.15	1.51
touched	-0.15	1.39
sex	-0.15	1.17
air	-0.15	0.89
unreal	-0.15	0.80
extreme	-0.15	1.17
formula	-0.15	0.94
sends	-0.15	0.91
control	-0.15	1.01
payed	-0.15	1.34
europe	-0.15	1.25
top	-0.15	1.10
12:01	-0.15	1.09
bxr	-0.15	1.01
bringing	-0.15	1.25
lots	-0.15	1.06
customizable	-0.15	0.88
awareness	-0.15	1.00
1-50	-0.15	0.91
catch	-0.15	1.21
beaten	-0.14	1.29
john	-0.14	1.00
boom	-0.14	1.03
drunk	-0.14	1.33
unlock	-0.14	0.90
report	-0.14	1.18
holidays	-0.14	1.12
people	-0.14	1.68
poorly	-0.14	1.26
data	-0.14	1.04
size	-0.14	0.87
evolution	-0.14	0.91
describe	-0.14	1.73
web	-0.14	0.94
dick	-0.14	1.12
min	-0.14	1.30
spartan	-0.14	0.91
argument	-0.14	2.27
20gb	-0.14	1.04
early	-0.14	1.09
wiped	-0.14	1.05
updates	-0.14	1.12
roster	-0.14	1.08
steam	-0.14	0.92
review	-0.14	1.13
lockout	-0.14	0.87
lose	-0.14	1.04
pacing	-0.14	1.01
ii	-0.14	0.90
coolest	-0.14	2.98
8v8	-0.14	0.84
initial	-0.13	1.55
platforms	-0.13	0.89
buildings	-0.13	0.87
nylund	-0.13	0.82
15gb	-0.13	1.05
hdd	-0.13	0.95
traded	-0.13	1.08
h	-0.13	1.04
opposed	-0.13	0.98
created	-0.13	1.13
asses	-0.13	1.13
irritating	-0.13	1.64
clans	-0.13	1.05
essential	-0.13	0.92
error	-0.13	1.58
ffa	-0.13	0.85
steal	-0.13	1.14
move	-0.13	1.17
speaking	-0.13	1.71
women	-0.13	0.93
dumb	-0.13	2.21
issue	-0.13	1.73
communication	-0.13	1.10
paid	-0.13	1.33
united	-0.13	1.02
metropolis	-0.12	0.95
glassing	-0.12	1.19
glassed	-0.12	0.92
frankly	-0.12	1.17
particular	-0.12	1.10
alpha	-0.12	0.91
closed	-0.12	0.89
spartan-iis	-0.12	0.91
frag	-0.12	0.98
dragon	-0.12	0.88
ramp	-0.12	1.03
slip	-0.12	0.91
close	-0.12	0.93
destroyed	-0.12	0.90
keyboard	-0.12	0.83
college	-0.12	1.02
implement	-0.12	1.25
heading	-0.12	1.70
adapt	-0.12	1.49
update	-0.12	1.19
single	-0.12	1.65
behind	-0.12	1.11
requires	-0.12	1.06
admittedly	-0.12	1.35
store	-0.12	1.04
differ	-0.12	1.65
ram	-0.12	0.94
science	-0.12	0.94
email	-0.12	1.21
idiot	-0.12	1.48
searched	-0.12	1.25
iiis	-0.12	0.91
fixed	-0.12	1.56
tournaments	-0.11	0.88
join	-0.11	1.24
mention	-0.11	1.98
minutes	-0.11	1.28
bandana	-0.11	0.88
center	-0.11	1.17
sat	-0.11	1.28
doors	-0.11	0.90
refund	-0.11	1.15
crouch	-0.11	1.07
emile	-0.11	1.03
public	-0.11	0.96
ledge	-0.11	1.02
selling	-0.11	1.14
write	-0.11	0.93
retcon	-0.11	0.86
eastern	-0.11	1.18
gulch	-0.11	0.90
minor	-0.11	1.11
attention	-0.11	1.22
sorted	-0.11	1.52
strength	-0.11	0.91
resume	-0.11	1.24
instantly	-0.11	1.40
map	-0.11	0.94
subscription	-0.11	1.07
blood	-0.11	0.90
controller	-0.11	1.02
difficult	-0.10	1.60
mins	-0.10	1.33
patch	-0.10	1.24
ban	-0.10	1.05
cairo	-0.10	1.29
grade	-0.10	0.92
unlocked	-0.10	0.90
widely	-0.10	1.90
bottom	-0.10	1.38
nameplate	-0.10	0.93
football	-0.10	0.88
playlists	-0.10	0.83
explosion	-0.10	0.95
friends	-0.10	1.10
component	-0.10	1.16
failing	-0.10	1.46
christmas	-0.10	1.22
legitimate	-0.10	1.40
dictata	-0.10	0.84
shooter	-0.10	0.87
option	-0.10	1.17
limited	-0.10	0.91
bank	-0.10	1.44
stone	-0.10	0.87
binary	-0.10	0.93
aswell	-0.10	1.06
gigs	-0.10	1.05
percent	-0.10	1.10
genre	-0.10	1.23
ships	-0.10	0.89
maw	-0.10	1.02
task	-0.10	1.08
minute	-0.10	1.27
onto	-0.10	0.91
serves	-0.10	0.87
pull	-0.10	1.30
valid	-0.10	1.82
lift	-0.10	0.98
notes	-0.10	1.32
tweak	-0.10	1.04
predictable	-0.10	1.13
recently	-0.10	1.39
statements	-0.10	2.23
thanksgiving	-0.10	1.23
midnight	-0.10	1.17
difficulties	-0.10	0.88
sticking	-0.10	1.57
monitors	-0.10	1.00
specifically	-0.10	1.48
stores	-0.09	1.05
free	-0.09	1.10
earn	-0.09	1.05
bases	-0.09	1.15
setting	-0.09	1.01
coast	-0.09	1.36
feature	-0.09	1.24
matter	-0.09	2.66
quarters	-0.09	0.93
trading	-0.09	1.19
hours	-0.09	1.24
path	-0.09	1.37
over	-0.09	1.44
fundamental	-0.09	1.07
delivered	-0.09	1.34
project	-0.09	0.92
updating	-0.09	1.49
special	-0.09	1.09
together	-0.09	1.25
room	-0.09	1.02
written	-0.09	0.92
wolf	-0.09	0.99
sources	-0.09	1.56
innovative	-0.09	1.14
allowing	-0.09	1.20
fully	-0.09	1.53
sarah	-0.09	0.83
couch	-0.09	1.00
reaction	-0.09	0.96
longer	-0.09	1.16
playthrough	-0.09	1.37
include	-0.09	1.04
surely	-0.09	1.36
silly	-0.09	1.71
chasing	-0.09	1.25
use	-0.09	1.15
acknowledged	-0.09	1.31
leveling	-0.09	0.92
reaches	-0.09	0.95
comfortable	-0.09	1.26
versions	-0.09	0.87
cod4	-0.09	0.86
kilo	-0.08	0.83
continues	-0.08	0.98
polish	-0.08	1.02
keys	-0.08	0.85
listed	-0.08	1.09
pre-order	-0.08	1.06
year	-0.08	1.04
cash	-0.08	1.11
expected	-0.08	1.64
command	-0.08	1.10
protect	-0.08	1.06
installed	-0.08	1.01
dashboard	-0.08	1.21
outskirts	-0.08	0.98
pillar	-0.08	0.81
section	-0.08	1.07
ordered	-0.08	1.06
install	-0.08	1.04
popping	-0.08	1.12
concern	-0.08	1.59
bonuses	-0.08	1.00
traditional	-0.08	0.88
large	-0.08	0.84
benefits	-0.08	1.04
remaining	-0.08	1.02
wiki	-0.08	1.31
tricks	-0.08	0.94
limits	-0.08	0.93
massively	-0.08	1.03
gold	-0.08	1.01
reaching	-0.08	1.24
week	-0.08	1.30
door	-0.08	0.99
articles	-0.08	1.34
fleet	-0.08	0.85
hook	-0.08	1.27
depressing	-0.08	2.64
beta	-0.08	1.16
digital	-0.08	1.07
seconds	-0.08	1.29
suited	-0.08	0.85
raid	-0.08	0.83
gate	-0.08	0.88
reporting	-0.07	1.27
alone	-0.07	3.20
focus	-0.07	1.12
gain	-0.07	1.05
laser	-0.07	0.89
commander	-0.07	0.89
ect	-0.07	1.04
spark	-0.07	0.90
shrine	-0.07	1.15
pulse	-0.07	0.95
gift	-0.07	1.10
majestic	-0.07	0.86
high	-0.07	0.86
bummed	-0.07	3.46
preorder	-0.07	1.07
deals	-0.07	1.05
transfer	-0.07	1.52
drastically	-0.07	0.92
outdated	-0.07	1.12
manager	-0.07	1.07
training	-0.07	0.90
projects	-0.07	0.90
inspired	-0.07	0.85
preload	-0.07	1.07
studio	-0.07	0.82
designers	-0.07	0.92
becoming	-0.07	1.16
sites	-0.07	1.31
facebook	-0.07	1.31
after	-0.07	1.25
physical	-0.07	1.06
disk	-0.07	1.02
features	-0.07	1.06
guilty	-0.07	0.92
places	-0.07	1.19
tired	-0.07	2.58
disc	-0.07	0.99
legacy	-0.07	1.30
arcade	-0.07	0.85
opponents	-0.07	1.01
skulls	-0.07	0.93
shotguns	-0.07	0.86
department	-0.07	0.97
bonus	-0.07	0.95
seemingly	-0.07	0.94
win	-0.07	1.06
pain	-0.07	1.20
middle	-0.07	1.33
waited	-0.07	1.32
lone	-0.07	0.82
grunt	-0.07	0.92
limit	-0.06	0.92
described	-0.06	1.13
amazon	-0.06	1.09
download	-0.06	1.05
14	-0.06	0.90
corner	-0.06	1.39
slowly	-0.06	1.21
covered	-0.06	1.03
ago	-0.06	1.22
layout	-0.06	1.08
retail	-0.06	1.01
ivs	-0.06	0.86
spots	-0.06	1.05
girl	-0.06	0.82
find	-0.06	2.03
rotational	-0.06	0.85
btb	-0.06	0.86
took	-0.06	1.41
45	-0.06	1.10
situation	-0.06	1.85
gaps	-0.06	0.93
xb1	-0.06	1.02
banshees	-0.06	0.85
grabbing	-0.06	1.04
discs	-0.06	0.98
unlocks	-0.06	0.89
pants	-0.06	1.03
activated	-0.06	0.97
views	-0.06	1.30
2552	-0.06	0.97
adapter	-0.06	0.95
captain	-0.06	0.90
kills	-0.06	0.95
wear	-0.05	0.90
halo4	-0.05	0.98
positioning	-0.05	1.01
assets	-0.05	1.08
bear	-0.05	0.91
iis	-0.05	0.92
decrease	-0.05	0.97
turret	-0.05	0.85
stance	-0.05	1.68
marketplace	-0.05	0.96
48	-0.05	1.25
pulling	-0.05	1.07
born	-0.05	0.94
across	-0.05	1.03
by	-0.05	1.10
die	-0.05	1.62
industries	-0.05	0.91
staff	-0.05	0.98
strategy	-0.05	1.04
orbit	-0.05	0.85
allow	-0.05	1.44
warlock	-0.05	0.87
digitally	-0.05	1.09
legit	-0.05	1.00
awkward	-0.05	1.54
emphasis	-0.05	0.97
locked	-0.05	0.85
entirety	-0.05	1.21
responsibility	-0.05	0.97
hour	-0.05	1.28
pre-ordered	-0.05	1.08
guns	-0.05	0.93
re-release	-0.05	1.24
maximum	-0.05	0.90
pick	-0.05	1.62
him	-0.05	1.29
quickly	-0.05	1.52
check	-0.05	1.36
lasted	-0.05	1.33
ranking	-0.05	0.95
planet	-0.05	0.89
2014	-0.05	0.98
pre	-0.05	1.08
mjolnir	-0.05	0.85
closer	-0.04	1.02
arena	-0.04	0.83
editor	-0.04	0.86
infected	-0.04	1.00
saves	-0.04	0.95
manually	-0.04	1.25
downloading	-0.04	1.12
item	-0.04	0.98
goal	-0.04	1.05
ring	-0.04	0.87
overhaul	-0.04	0.97
twitter	-0.04	1.35
new	-0.04	1.04
signed	-0.04	1.03
switching	-0.04	1.07
shorter	-0.04	1.07
necessary	-0.04	0.95
into	-0.04	1.49
gameplay	-0.04	0.90
apology	-0.04	1.14
fanboy	-0.04	1.20
enhanced	-0.04	0.89
speaks	-0.04	1.13
row	-0.04	1.23
earth	-0.04	0.86
bar	-0.04	1.13
opinion	-0.04	2.55
risk	-0.04	1.21
turns	-0.04	1.01
within	-0.04	1.28
height	-0.04	0.95
35	-0.04	1.01
assists	-0.04	0.87
revenge	-0.04	1.15
mp	-0.04	1.12
checked	-0.04	1.24
through	-0.04	1.07
tied	-0.04	1.28
days	-0.04	1.38
bag	-0.04	1.02
satisfying	-0.03	1.80
additional	-0.03	1.04
30fps	-0.03	0.93
away	-0.03	1.54
arrived	-0.03	1.00
ended	-0.03	1.21
months	-0.03	1.43
rankings	-0.03	0.93
slight	-0.03	0.96
symmetrical	-0.03	1.21
eye	-0.03	1.00
twist	-0.03	0.94
employee	-0.03	1.06
period	-0.03	1.22
excited	-0.03	3.67
profile	-0.03	1.07
preview	-0.03	1.11
emp	-0.03	0.93
100,000	-0.03	0.95
29th	-0.03	1.17
adjust	-0.03	1.02
installing	-0.03	1.11
got	-0.03	1.43
comparison	-0.03	1.22
imply	-0.03	2.14
forces	-0.03	0.85
handed	-0.03	1.23
times	-0.03	1.46
timing	-0.03	1.10
bump	-0.03	0.95
episodes	-0.03	0.96
average	-0.03	1.02
lastly	-0.03	1.41
build	-0.03	0.97
intended	-0.03	2.05
required	-0.03	1.02
regular	-0.03	0.79
sheer	-0.03	0.92
powered	-0.02	0.87
afterwards	-0.02	1.25
day	-0.02	1.28
surface	-0.02	0.87
preordered	-0.02	1.13
picking	-0.02	1.39
elements	-0.02	0.96
teleport	-0.02	1.11
solve	-0.02	1.15
armour	-0.02	0.88
gb	-0.02	1.07
site	-0.02	1.33
appear	-0.02	1.36
kilo-five	-0.02	0.82
options	-0.02	0.91
statement	-0.02	3.66
os	-0.02	0.96
hundred	-0.02	1.11
layer	-0.02	0.99
visible	-0.02	0.90
fred	-0.02	0.99
busy	-0.02	1.85
equivalent	-0.02	0.94
hence	-0.02	1.22
loose	-0.02	1.03
reality	-0.02	1.42
dollar	-0.02	1.14
editions	-0.02	0.92
credit	-0.02	1.08
knights	-0.02	1.03
x1	-0.02	1.00
exist	-0.02	2.18
under	-0.02	1.17
invites	-0.02	1.19
when	-0.02	2.21
grow	-0.02	1.16
40	-0.02	1.02
learn	-0.02	1.15
steel	-0.02	1.01
bodies	-0.02	1.02
based	-0.02	1.00
radio	-0.02	1.11
bulletin	-0.02	1.16
nearly	-0.02	1.24
glass	-0.02	0.92
pool	-0.02	0.87
fall	-0.01	0.94
exciting	-0.01	2.53
survive	-0.01	1.24
applies	-0.01	1.26
opponent	-0.01	1.14
every	-0.01	1.63
core	-0.01	0.99
vacation	-0.01	1.25
walk	-0.01	1.21
november	-0.01	1.06
trilogy	-0.01	0.84
father	-0.01	1.07
friday	-0.01	1.21
eg	-0.01	1.00
run	-0.01	1.23
talk	-0.01	1.83
wii	-0.01	0.91
mentions	-0.01	1.15
spring	-0.01	1.17
kelly	-0.01	0.98
comes	-0.01	1.32
ai	-0.01	0.98
47	-0.01	1.09
ignored	-0.01	1.29
objective	-0.01	0.90
past	-0.01	1.28
walls	-0.01	0.97
sports	-0.01	1.03
west	-0.01	1.34
collectors	-0.01	1.01
iv	-0.00	0.82
1th	-0.00	1.02
gamestop	-0.00	1.07
serve	-0.00	1.14
remotely	-0.00	1.77
4th	-0.00	0.91
thursday	-0.00	0.94
fantasy	-0.00	0.87
progression	-0.00	0.87
avatar	-0.00	0.95
building	-0.00	0.95
beforehand	-0.00	1.27
colonies	-0.00	0.93
weekend	-0.00	1.22
bonnie	-0.00	1.46
january	-0.00	1.08
long	-0.00	1.36
wizard	0.00	0.86
caught	0.00	0.98
focused	0.00	1.00
creation	0.00	0.87
exit	0.00	1.19
trained	0.00	0.89
accepted	0.00	1.39
le	0.00	1.15
7th	0.00	0.98
faction	0.00	0.87
burn	0.00	1.06
deadly	0.00	1.31
anymore	0.00	2.46
hud	0.00	1.05
drastic	0.00	1.00
percentage	0.00	0.95
afternoon	0.00	1.24
edition	0.00	0.94
midship	0.00	0.88
<SPECIAL>	0.00	0.95
<URL>	0.00	0.95
neogaf	0.00	1.43
scroll	0.00	1.12
computer	0.00	0.97
debate	0.01	1.97
reduce	0.01	0.93
11th	0.01	1.18
ages	0.01	1.35
grand	0.01	0.97
december	0.01	1.19
curious	0.01	3.33
entry	0.01	1.02
success	0.01	0.96
merely	0.01	1.51
em	0.01	0.83
tad	0.01	1.68
preordering	0.01	1.19
scenarios	0.01	1.06
saga	0.01	0.84
takes	0.01	1.44
metal	0.01	0.97
rest	0.01	1.27
downloaded	0.01	1.08
aspects	0.01	1.41
attempting	0.01	2.08
edge	0.01	1.06
later	0.01	1.35
thus	0.01	1.06
ship	0.01	0.81
difference	0.01	1.35
modded	0.01	0.91
yesterday	0.01	1.26
promethean	0.01	0.86
treat	0.01	1.24
wanting	0.01	1.70
hundreds	0.01	1.22
inch	0.01	1.01
policy	0.01	1.15
elevator	0.01	1.05
laid	0.01	1.02
select	0.01	1.22
warthogs	0.01	0.86
purchase	0.01	1.12
tag	0.01	1.37
swat	0.01	1.02
last	0.02	1.24
relevant	0.02	1.43
pay	0.02	1.26
parents	0.02	0.90
sitting	0.02	1.84
5-10	0.02	1.27
unified	0.02	0.99
18	0.02	0.96
provided	0.02	1.10
chief	0.02	0.92
saturday	0.02	1.27
ve	0.02	1.60
club	0.02	1.07
grey	0.02	0.95
encountered	0.02	1.30
countless	0.02	1.29
cryo	0.02	0.85
harsh	0.02	1.09
card	0.02	1.02
1000	0.02	1.03
mw2	0.02	1.02
installation	0.02	0.88
bored	0.02	2.58
toggle	0.02	0.96
results	0.02	1.14
headphones	0.02	0.97
waiting	0.02	1.53
anything	0.02	2.60
transition	0.02	1.10
sections	0.02	1.03
10th	0.02	0.99
delete	0.02	1.24
measure	0.02	1.16
cases	0.02	1.36
experiences	0.02	3.10
spending	0.02	1.27
evening	0.02	1.27
mortal	0.02	0.84
night	0.02	1.24
ebay	0.03	1.05
yet	0.03	1.87
ratio	0.03	0.85
pulled	0.03	0.91
mentioned	0.03	1.40
activate	0.03	0.90
covenant	0.03	0.86
central	0.03	1.30
pilot	0.03	0.84
buried	0.03	1.10
settings	0.03	1.00
referred	0.03	1.03
ps4	0.03	1.08
stays	0.03	1.18
therefore	0.03	1.12
increased	0.03	0.90
per	0.03	1.18
spartans	0.03	0.89
war	0.03	0.85
suit	0.03	0.89
waste	0.03	1.24
stayed	0.03	1.20
customization	0.03	0.87
betray	0.03	1.14
exploit	0.03	1.01
fallen	0.03	0.96
nov	0.03	1.01
prior	0.03	1.12
price	0.03	1.12
enemy	0.03	1.25
roles	0.03	0.97
died	0.03	1.14
another	0.03	1.65
already	0.03	1.90
tool	0.03	1.00
depending	0.03	1.32
30	0.03	1.14
cheated	0.03	2.14
3-5	0.03	1.29
storm	0.03	0.90
dramatic	0.03	1.85
benefit	0.03	1.38
23	0.03	0.95
sacred	0.03	0.87
shadows	0.03	0.89
sniped	0.03	1.19
life	0.03	1.49
hunter	0.03	0.89
hints	0.03	1.19
list	0.04	1.19
discovered	0.04	0.99
2015	0.04	1.27
typically	0.04	1.20
nostalgic	0.04	2.50
full	0.04	1.01
seen	0.04	1.58
drove	0.04	0.97
successful	0.04	1.00
leaderboards	0.04	0.96
legs	0.04	0.91
killing	0.04	1.13
sangheili	0.04	0.86
presented	0.04	1.32
chatter	0.04	1.19
cover	0.04	0.98
colour	0.04	0.97
roll	0.04	1.07
avoid	0.04	1.27
down	0.04	1.29
dew	0.04	1.06
lie	0.04	2.41
sidewinder	0.04	0.88
augmentation	0.04	0.93
according	0.04	1.35
seven	0.04	1.03
steady	0.04	0.91
water	0.04	0.91
magically	0.04	1.46
offensive	0.04	0.97
blocks	0.04	0.94
jorge	0.04	0.90
systems	0.04	0.91
greater	0.04	0.96
number	0.04	1.13
effect	0.04	1.12
compensation	0.04	1.30
red	0.04	0.98
continuing	0.04	1.55
adds	0.04	1.04
pst	0.04	1.28
double	0.04	1.01
21	0.04	0.95
supported	0.04	0.98
teabag	0.04	1.08
living	0.04	0.91
handle	0.04	1.55
writer	0.04	0.95
kicking	0.04	1.20
ranged	0.04	0.92
splatter	0.04	0.97
accomplished	0.04	1.42
dollars	0.05	1.19
morning	0.05	1.27
blue	0.05	0.95
engagement	0.05	0.91
360	0.05	1.00
technology	0.05	0.91
kurt	0.05	0.93
walking	0.05	1.23
cryptum	0.05	0.82
judge	0.05	1.70
xbox	0.05	1.13
resetting	0.05	1.29
himself	0.05	1.12
requiem	0.05	0.80
tuesday	0.05	1.29
souls	0.05	0.92
ais	0.05	1.03
partner	0.05	0.89
charity	0.05	0.85
next	0.05	1.43
road	0.05	1.40
nor	0.05	2.11
windows	0.05	0.93
currently	0.05	1.63
chat	0.05	1.13
hologram	0.05	0.86
themselves	0.05	1.11
advantages	0.05	1.10
definitive	0.05	0.97
scale	0.05	0.92
uprising	0.05	0.90
latter	0.05	1.27
28	0.05	1.22
believed	0.05	1.64
mic	0.05	1.06
monday	0.05	1.29
scared	0.05	2.48
taking	0.05	2.18
drawn	0.05	0.94
below	0.05	1.09
planets	0.05	0.96
content	0.06	1.15
excellent	0.06	2.04
expect	0.06	2.23
butt	0.06	1.20
writers	0.06	0.92
triggers	0.06	1.08
glasslands	0.06	0.81
situations	0.06	1.20
16	0.06	0.91
screwing	0.06	1.10
march	0.06	1.10
worked	0.06	1.60
returned	0.06	1.14
apart	0.06	0.96
pros	0.06	0.91
creating	0.06	1.18
1-2	0.06	1.26
simulation	0.06	1.20
cross	0.06	0.80
wall	0.06	1.10
04	0.06	0.91
upper	0.06	1.01
sidebar	0.06	1.50
17	0.06	0.99
mouse	0.06	0.91
hood	0.06	0.89
layouts	0.06	0.99
quake	0.06	0.86
keyes	0.06	0.78
included	0.06	0.86
carrying	0.06	1.04
lay	0.06	1.19
explains	0.06	1.03
gamertags	0.06	1.02
judgement	0.06	1.42
evidence	0.06	1.84
friendly	0.06	0.98
today	0.06	1.36
space	0.06	0.87
sooner	0.06	1.47
occur	0.06	1.54
additionally	0.06	1.18
novels	0.06	0.92
ordering	0.06	1.58
insurrectionists	0.06	0.91
stating	0.06	2.46
ps3	0.07	0.96
primordium	0.07	0.85
glitch	0.07	1.01
world	0.07	1.35
held	0.07	1.00
tier	0.07	0.97
mass	0.07	0.83
human	0.07	1.01
hog	0.07	0.88
attached	0.07	1.22
fate	0.07	0.95
hiding	0.07	1.11
maintain	0.07	1.03
raise	0.07	0.94
boarding	0.07	0.85
default	0.07	1.15
containment	0.07	0.86
needs	0.07	1.62
wednesday	0.07	1.37
rating	0.07	0.99
jackals	0.07	0.90
manage	0.07	1.24
13	0.07	1.00
rooms	0.07	1.05
forward	0.07	1.13
silentium	0.07	0.87
refresh	0.07	0.94
individuals	0.07	1.01
ends	0.07	0.86
jerk	0.07	1.98
pro	0.07	0.87
been	0.07	1.64
3-4	0.07	1.18
faq	0.08	1.68
comics	0.08	1.00
checking	0.08	1.82
24	0.08	1.01
11	0.08	0.98
wild	0.08	1.16
discount	0.08	1.12
pm	0.08	1.24
esports	0.08	0.83
drives	0.08	0.90
infantry	0.08	0.85
ride	0.08	1.00
saying	0.08	3.42
properly	0.08	1.62
halopedia	0.08	1.18
enemies	0.08	0.96
delta	0.08	0.89
retconned	0.08	0.88
admitted	0.08	1.54
rules	0.08	1.50
combine	0.08	0.94
spent	0.08	1.27
secret	0.08	1.02
package	0.08	0.90
creek	0.08	0.87
arby	0.08	0.96
jun	0.08	0.92
deny	0.08	2.38
wait	0.08	1.60
720p	0.08	0.92
gauss	0.08	0.84
us	0.08	1.56
3/4	0.08	0.91
20	0.08	1.07
mantle	0.08	1.03
12	0.08	1.00
attacked	0.08	0.89
rampant	0.08	0.92
tough	0.09	1.59
lockdown	0.09	1.13
headset	0.09	1.02
primary	0.09	0.98
colors	0.09	0.94
nowadays	0.09	0.96
1-4	0.09	0.86
shift	0.09	1.17
late	0.09	1.18
user	0.09	1.13
lekgolo	0.09	1.18
book	0.09	0.81
bat	0.09	1.37
ascension	0.09	0.85
better	0.09	1.32
infinity	0.09	0.79
tbh	0.09	1.29
05	0.09	0.91
25	0.09	1.03
ancient	0.09	0.99
tmcc	0.09	1.47
pod	0.09	0.90
pixels	0.09	0.97
est	0.09	1.37
smoother	0.09	1.06
popular	0.09	1.08
2004	0.09	1.01
ur-didact	0.09	0.95
computers	0.09	1.01
xbone	0.09	1.16
invite	0.09	1.25
receiving	0.09	1.31
needless	0.09	1.16
experiencing	0.09	2.12
neck	0.09	1.05
communicate	0.09	1.27
laughing	0.09	1.40
cutting	0.09	1.02
hang	0.09	0.83
array	0.09	0.86
combined	0.09	1.03
used	0.09	1.70
farther	0.09	1.16
former	0.09	0.92
ghosts	0.09	0.81
truth	0.09	0.85
quicker	0.09	1.14
combat	0.09	0.91
giving	0.10	1.58
won	0.10	0.98
slap	0.10	1.04
waterworks	0.10	0.86
pokemon	0.10	0.98
purposes	0.10	1.17
stick	0.10	1.56
role	0.10	0.92
placement	0.10	1.10
hop	0.10	1.20
discover	0.10	1.20
havent	0.10	1.45
operation	0.10	0.96
among	0.10	0.95
providing	0.10	1.20
spot	0.10	1.15
2001	0.10	0.93
championship	0.10	0.85
accept	0.10	1.51
necessarily	0.10	2.71
leave	0.10	1.62
wasting	0.10	1.52
headlong	0.10	0.85
carrier	0.10	0.87
learned	0.10	1.58
meanwhile	0.10	1.13
highest	0.10	1.07
ease	0.10	0.98
mixed	0.10	0.84
includes	0.10	0.81
tournament	0.10	0.87
forerunner	0.10	0.85
receive	0.10	1.20
2008	0.10	0.99
summer	0.10	1.00
efficient	0.10	1.16
fat	0.10	0.94
mistaken	0.10	3.30
raised	0.10	0.96
rocks	0.10	1.26
harvest	0.10	0.90
deaths	0.10	0.91
september	0.10	1.00
2/3	0.11	1.06
emblems	0.11	1.02
increases	0.11	0.92
since	0.11	1.23
offers	0.11	1.16
tight	0.11	1.00
skipped	0.11	1.03
immediately	0.11	1.46
paper	0.11	1.10
sneak	0.11	1.05
family	0.11	0.93
expecting	0.11	2.24
specific	0.11	1.19
finishing	0.11	1.26
scheme	0.11	1.08
rings	0.11	0.89
agreed	0.11	2.54
major	0.11	1.24
zanzibar	0.11	0.85
click	0.11	1.27
studios	0.11	0.90
mario	0.11	0.94
freedom	0.11	1.06
conversation	0.11	1.89
once	0.11	1.76
vs	0.11	0.84
appeared	0.11	0.99
controls	0.11	1.10
gravemind	0.11	0.99
escalation	0.11	0.94
chiron	0.11	0.85
whenever	0.11	1.97
victory	0.11	1.02
object	0.11	0.86
precursor	0.11	0.89
mcc	0.12	1.53
niche	0.12	0.90
military	0.12	0.89
manual	0.12	1.28
fourth	0.12	1.15
result	0.12	1.28
jumped	0.12	1.00
threats	0.12	1.26
separately	0.12	0.99
books	0.12	0.82
knowledge	0.12	1.20
started	0.12	1.34
emblem	0.12	1.05
accomplish	0.12	1.50
duck	0.12	0.95
knight	0.12	0.97
75	0.12	1.08
250	0.12	1.07
pause	0.12	1.18
natural	0.12	1.24
appears	0.12	0.88
playing	0.12	1.55
sack	0.12	0.92
novel	0.12	0.80
links	0.12	1.35
sunday	0.12	1.28
sole	0.12	1.55
plate	0.12	1.18
defensive	0.12	1.33
somewhere	0.12	1.78
universal	0.12	1.12
punch	0.12	1.05
exception	0.12	1.05
halfway	0.12	0.94
cartographer	0.12	0.92
drive	0.12	1.02
third	0.12	1.17
aspect	0.12	1.40
rep	0.12	1.28
albeit	0.12	1.31
visor	0.12	0.94
tracking	0.12	0.91
bungie	0.12	0.94
heard	0.12	1.54
getting	0.12	2.33
99	0.12	1.24
crucial	0.12	1.11
trade	0.12	1.10
15	0.12	1.05
tab	0.12	1.19
birthday	0.12	1.07
name	0.12	1.63
80	0.12	1.12
tower	0.13	0.83
1st	0.13	0.97
giant	0.13	0.95
display	0.13	1.00
appearance	0.13	1.02
actively	0.13	1.12
orange	0.13	0.93
putting	0.13	1.71
polished	0.13	1.05
ways	0.13	1.41
till	0.13	1.43
dawn	0.13	0.90
remind	0.13	1.02
outside	0.13	1.30
salty	0.13	2.67
hired	0.13	0.93
until	0.13	1.52
nothing	0.13	2.61
weight	0.13	1.13
resolution	0.13	0.90
enjoyed	0.13	2.48
populations	0.13	0.94
prophet	0.13	0.86
ultimate	0.13	1.00
episode	0.13	0.94
unable	0.13	1.63
arms	0.13	0.90
items	0.13	0.92
shelf	0.13	1.02
humanity	0.13	0.90
precursors	0.13	0.88
standing	0.13	1.77
minimum	0.13	1.01
300	0.13	1.04
student	0.14	1.18
pace	0.14	0.91
beaver	0.14	0.84
analogy	0.14	1.37
cancel	0.14	1.04
colossus	0.14	0.84
prophets	0.14	0.88
directions	0.14	1.27
strange	0.14	2.69
from	0.14	1.56
arguing	0.14	3.75
begin	0.14	1.14
nicely	0.14	1.31
speculation	0.14	1.78
displayed	0.14	1.39
simply	0.14	3.00
chase	0.14	1.17
2-3	0.14	1.18
2006	0.14	1.02
decline	0.14	0.82
zombie	0.14	1.03
upgrade	0.14	0.87
ark	0.14	0.95
sanctuary	0.14	0.85
castle	0.14	1.07
officer	0.14	0.90
commenting	0.14	1.68
controlled	0.14	1.01
medals	0.14	1.17
stated	0.14	1.52
wallet	0.14	1.07
prisoner	0.14	0.86
elites	0.14	0.89
forerunners	0.14	0.88
2010	0.14	1.02
casually	0.14	1.07
warthog	0.15	0.86
dozens	0.15	1.23
betrayal	0.15	1.03
secondary	0.15	0.92
said	0.15	1.88
claw	0.15	1.19
spike	0.15	0.99
terminal	0.15	0.83
stand	0.15	2.00
cruiser	0.15	0.83
whilst	0.15	1.27
quarantine	0.15	0.90
belongs	0.15	1.12
assassination	0.15	0.95
evolutions	0.15	0.80
1080p	0.15	0.89
rational	0.15	1.44
engage	0.15	1.01
saved	0.15	0.99
buying	0.15	1.33
law	0.15	1.11
flair	0.15	1.09
ton	0.15	1.17
permanently	0.15	1.00
asked	0.15	1.62
gigantic	0.15	1.00
reliable	0.15	1.03
survived	0.15	0.93
responses	0.15	1.82
tech	0.15	0.97
22	0.15	1.00
schemes	0.16	1.05
fud	0.16	0.79
emotions	0.16	1.08
ex	0.16	0.98
multi	0.16	0.94
weather	0.16	0.92
9	0.16	1.01
played	0.16	1.33
announce	0.16	1.07
overkill	0.16	1.00
damnation	0.16	0.85
blocked	0.16	1.08
known	0.16	1.36
passing	0.16	1.05
4-5	0.16	1.16
sentient	0.16	0.89
2012	0.16	0.99
cried	0.16	0.93
bright	0.16	0.94
tartarus	0.16	0.87
encounter	0.16	1.12
32	0.16	0.85
ivory	0.16	0.85
turf	0.16	0.85
invited	0.16	1.13
mythic	0.16	1.06
humans	0.16	0.89
stage	0.16	1.01
arm	0.16	0.92
simultaneously	0.16	1.16
bumper	0.16	1.13
tv	0.16	1.02
helmet	0.16	0.90
rogue	0.16	0.95
timeline	0.16	0.91
worlds	0.16	0.90
coagulation	0.16	0.84
realism	0.16	0.98
alternative	0.16	1.16
intact	0.16	1.24
numerous	0.16	1.31
skin	0.17	0.90
200	0.17	1.12
spirit	0.17	0.82
zone	0.17	0.98
research	0.17	1.58
significantly	0.17	1.06
speedrun	0.17	1.21
buy	0.17	1.24
order	0.17	1.17
out	0.17	1.75
followed	0.17	0.95
10	0.17	1.07
recon	0.17	0.96
lowered	0.17	0.94
span	0.17	1.27
five	0.17	1.05
zones	0.17	0.85
small	0.17	0.93
contact	0.17	0.86
scarab	0.17	0.92
shame	0.17	2.49
ten	0.17	1.09
managed	0.17	1.44
unfortunate	0.17	2.60
bought	0.17	1.24
committed	0.17	1.15
jumper	0.17	1.11
become	0.17	1.36
developing	0.17	1.28
somewhat	0.17	1.74
games	0.17	1.27
immune	0.17	1.00
cea	0.17	1.09
inspiration	0.17	1.02
money	0.17	1.36
surviving	0.17	0.96
slightly	0.17	1.15
gained	0.18	1.01
reduced	0.18	1.00
crew	0.18	0.87
19	0.18	1.11
proof	0.18	1.87
hidden	0.18	1.08
sentinel	0.18	0.84
native	0.18	0.92
60fps	0.18	0.90
optional	0.18	0.94
units	0.18	0.92
coag	0.18	0.85
fired	0.18	0.87
sorts	0.18	1.21
burial	0.18	0.84
promise	0.18	1.59
mini	0.18	1.28
anti	0.18	0.97
overly	0.18	1.70
couple	0.18	1.14
critical	0.18	1.20
original	0.18	0.95
official	0.18	1.19
save	0.18	1.03
began	0.18	1.15
endless	0.18	1.07
2011	0.18	0.95
destruction	0.18	1.00
ensure	0.18	1.01
capable	0.18	1.58
involved	0.18	0.95
apps	0.18	1.04
franchise	0.18	1.55
mongoose	0.18	0.86
tweeted	0.18	1.46
turrets	0.18	0.90
index	0.18	1.44
our	0.18	1.28
didact	0.18	0.93
smooth	0.18	1.10
vehicles	0.18	0.83
self	0.18	1.32
details	0.19	1.30
presumably	0.19	1.19
noticed	0.19	1.60
ones	0.19	1.52
sent	0.19	1.34
doubt	0.19	2.10
fly	0.19	0.90
station	0.19	0.95
wraiths	0.19	0.88
schism	0.19	0.87
does	0.19	2.51
machines	0.19	1.22
filter	0.19	1.07
individually	0.19	1.27
hunt	0.19	0.94
2.5	0.19	0.95
outsourced	0.19	0.93
navy	0.19	0.87
blowing	0.19	1.07
yellow	0.19	0.92
narrative	0.19	0.75
becomes	0.19	1.25
interest	0.19	1.19
several	0.19	1.17
thumb	0.19	1.56
resources	0.19	1.27
desert	0.19	0.86
mean	0.19	2.79
commentary	0.19	0.73
pretend	0.19	2.27
rather	0.19	1.48
trigger	0.19	1.20
horse	0.19	1.11
gunplay	0.19	0.83
associated	0.19	1.05
upgraded	0.19	0.82
tons	0.19	1.20
relic	0.19	0.85
flying	0.20	0.87
pieces	0.20	0.94
enjoyable	0.20	1.03
sticks	0.20	1.15
autumn	0.20	0.78
happen	0.20	2.38
frankie	0.20	1.42
tags	0.20	1.39
tiny	0.20	0.99
factor	0.20	1.31
named	0.20	1.02
first	0.20	1.20
soon	0.20	1.74
variant	0.20	0.85
deciding	0.20	1.46
meaning	0.20	1.45
shock	0.20	1.18
doesnt	0.20	1.78
pelican	0.20	0.83
button	0.20	1.11
understand	0.20	2.69
bothered	0.20	1.84
everything	0.20	2.21
massive	0.20	1.17
yourself	0.20	2.10
loop	0.20	1.01
develop	0.20	1.21
pelicans	0.20	0.87
multiplayers	0.21	0.84
shut	0.21	1.37
board	0.21	0.90
geometry	0.21	0.88
onyx	0.21	0.83
remake	0.21	0.87
galaxy	0.21	0.89
guardians	0.21	1.03
collection	0.21	0.89
elsewhere	0.21	1.40
oddly	0.21	1.31
pair	0.21	1.08
driver	0.21	0.89
greatest	0.21	3.20
puts	0.21	1.06
term	0.21	1.70
despite	0.21	1.01
restricted	0.21	1.07
established	0.21	0.85
likely	0.21	2.54
snap	0.21	1.06
seek	0.21	0.97
view	0.21	1.06
fewer	0.21	1.13
race	0.21	0.84
originals	0.21	0.78
their	0.21	1.14
never	0.21	2.06
karma	0.21	1.69
feet	0.21	1.13
portal	0.21	0.95
nuke	0.21	0.98
wearing	0.21	0.84
announcer	0.21	1.17
remained	0.21	1.04
limiting	0.21	1.00
put	0.21	1.66
incentive	0.21	1.21
know	0.21	2.81
occurred	0.21	1.38
confused	0.22	3.17
mercy	0.22	0.89
entering	0.22	1.06
dozen	0.22	1.18
driving	0.22	0.92
global	0.22	0.96
civil	0.22	0.98
warlord	0.22	1.17
solution	0.22	1.40
half	0.22	1.47
teach	0.22	1.33
submit	0.22	1.59
tank	0.22	0.90
mark	0.22	0.86
happens	0.22	1.63
intelligence	0.22	1.02
hide	0.22	1.02
treatment	0.22	1.03
500	0.22	1.15
longest	0.23	0.88
foundation	0.23	0.84
format	0.23	0.94
rolled	0.23	1.33
placeholder	0.23	1.00
six	0.23	0.89
tap	0.23	1.10
any	0.23	1.97
crack	0.23	1.02
symbol	0.23	1.08
events	0.23	0.86
many	0.23	1.22
viewers	0.23	0.95
increase	0.23	0.87
leads	0.23	0.91
coming	0.23	1.81
allows	0.23	1.22
directly	0.23	1.31
buddies	0.23	1.08
mature	0.23	1.35
marathon	0.23	0.96
cringe	0.23	1.51
bridge	0.23	1.06
dark	0.23	0.94
did	0.23	2.65
unto	0.23	0.88
buttons	0.23	1.18
wraith	0.23	0.85
covers	0.24	0.89
soldiers	0.24	0.87
battle	0.24	0.85
stay	0.24	1.69
species	0.24	0.89
intelligent	0.24	1.15
chest	0.24	0.92
affinity	0.24	0.93
and/or	0.24	1.33
steps	0.24	1.31
shoulders	0.24	0.90
follows	0.24	0.89
anniversary	0.24	0.95
home	0.24	1.28
gas	0.24	0.94
upset	0.24	3.17
prevent	0.24	1.29
existing	0.24	0.90
whatnot	0.24	1.10
races	0.24	0.97
elephant	0.24	0.83
clicking	0.24	1.59
bros	0.24	0.94
various	0.24	1.12
sets	0.24	0.93
between	0.24	0.98
fast	0.24	1.33
separate	0.25	0.94
table	0.25	1.03
feasible	0.25	1.91
voice	0.25	1.12
engineers	0.25	1.00
eating	0.25	1.29
skills	0.25	1.06
mk	0.25	0.85
different	0.25	1.16
saber	0.25	0.90
flamethrower	0.25	1.04
shape	0.25	0.97
speak	0.25	1.51
ad	0.25	1.18
cave	0.25	1.10
smash	0.25	0.95
teabagging	0.25	1.02
suddenly	0.25	1.15
proper	0.25	1.01
grunts	0.25	1.07
switched	0.25	1.12
indication	0.25	1.44
asking	0.25	2.25
rewarding	0.25	1.43
even	0.25	2.64
food	0.25	0.97
respective	0.25	0.88
shows	0.25	1.08
holding	0.25	1.54
few	0.25	1.19
mom	0.25	0.94
8	0.25	0.93
worthy	0.25	0.96
felt	0.25	1.18
finger	0.25	1.57
phantom	0.25	0.81
tonight	0.26	1.51
stars	0.26	1.17
rain	0.26	0.96
highlight	0.26	1.34
wondered	0.26	1.91
actual	0.26	1.06
mental	0.26	1.21
protocol	0.26	0.82
purple	0.26	0.92
journey	0.26	0.95
chip	0.26	1.02
forging	0.26	0.89
flag	0.26	0.91
pressing	0.26	1.15
assumed	0.26	1.83
pass	0.26	0.95
effectively	0.26	1.08
statue	0.26	1.12
deserves	0.26	0.98
works	0.26	1.69
roughly	0.26	1.05
films	0.26	1.04
falling	0.26	0.98
color	0.26	0.98
anytime	0.26	1.55
2007	0.26	0.99
going	0.26	3.45
literal	0.26	1.25
strategic	0.26	0.99
hoped	0.26	1.78
extras	0.27	1.14
rotation	0.27	1.01
helping	0.27	1.32
three	0.27	1.13
fiesta	0.27	0.89
id	0.27	1.46
covies	0.27	0.92
these	0.27	1.22
security	0.27	0.95
me	0.27	2.31
tell	0.27	2.57
take	0.27	2.04
admiral	0.27	0.85
convince	0.27	1.97
hopefully	0.27	1.72
bound	0.27	1.57
tomorrow	0.27	1.46
add	0.27	1.57
reports	0.27	1.26
27	0.27	1.10
thel	0.27	0.93
effort	0.27	1.21
sometime	0.27	1.50
understanding	0.27	1.33
engines	0.27	0.79
reclaimer	0.27	1.16
unknown	0.27	0.99
press	0.28	1.21
proving	0.28	1.16
how	0.28	2.64
allowed	0.28	1.65
fiction	0.28	0.83
face	0.28	1.05
ball	0.28	0.91
touching	0.28	1.20
silent	0.28	0.85
mendicant	0.28	1.04
grabbed	0.28	1.16
regarding	0.28	1.62
gave	0.28	1.35
flaming	0.28	0.94
existed	0.28	1.32
introduce	0.28	1.03
type	0.28	0.98
his	0.28	1.03
needed	0.28	1.48
were	0.28	1.66
gravity	0.28	0.89
contain	0.28	0.86
sky	0.28	0.68
vehicle	0.28	0.82
colony	0.28	0.85
logical	0.28	1.34
chiefs	0.28	1.03
spare	0.28	1.29
decide	0.28	2.16
names	0.28	1.36
slipspace	0.28	0.88
budget	0.29	0.83
channel	0.29	1.00
sanghelios	0.29	0.89
remaking	0.29	1.09
wanted	0.29	1.90
rock	0.29	0.94
send	0.29	1.40
vi	0.29	0.87
keeping	0.29	1.37
sync	0.29	1.13
peoples	0.29	1.44
interview	0.29	1.32
repeatedly	0.29	1.21
obvious	0.29	1.63
heat	0.29	0.93
motivation	0.29	1.17
banshee	0.29	0.83
teammates	0.29	1.24
same	0.29	2.59
wipe	0.29	0.94
tall	0.29	1.19
captured	0.29	0.98
four	0.29	1.02
common	0.29	1.27
reproduce	0.29	1.14
expand	0.29	1.08
guide	0.29	1.12
rumor	0.29	1.83
became	0.29	1.08
hand	0.29	1.53
roommate	0.29	1.06
little	0.29	1.62
try	0.30	2.02
leak	0.30	1.20
prometheans	0.30	1.07
danger	0.30	0.90
remain	0.30	1.21
realistically	0.30	1.79
sp	0.30	0.91
carried	0.30	1.07
finding	0.30	1.48
why	0.30	2.74
bit	0.30	1.63
cast	0.30	1.02
recover	0.30	1.14
burned	0.30	1.13
eliminate	0.30	1.22
teeth	0.30	1.05
sending	0.30	1.34
article	0.30	1.63
event	0.30	0.95
something	0.30	2.66
thoughts	0.30	1.40
sci-fi	0.30	1.29
create	0.30	1.22
fresh	0.31	1.12
mc	0.31	0.95
costs	0.31	1.14
link	0.31	1.42
produce	0.31	1.25
respect	0.31	1.22
2013	0.31	1.00
terrain	0.31	0.88
we	0.31	2.55
minds	0.31	1.07
switch	0.31	0.96
unsure	0.31	3.33
comic	0.31	0.97
black	0.31	0.90
useful	0.31	1.26
shit	0.31	1.57
an	0.31	1.33
fighting	0.31	0.91
mouth	0.31	1.08
sit	0.31	1.73
sucks	0.31	2.14
temporary	0.32	1.00
recall	0.32	1.85
rampancy	0.32	1.00
fool	0.32	1.37
previously	0.32	1.23
brutes	0.32	1.10
define	0.32	1.49
school	0.32	1.03
movies	0.32	1.18
staying	0.32	1.54
missing	0.32	3.66
implied	0.32	1.70
upon	0.32	1.11
scripting	0.32	0.91
spend	0.32	1.41
drones	0.32	1.08
eyes	0.32	1.11
cry	0.32	0.91
realize	0.32	2.68
altogether	0.32	1.50
language	0.32	1.16
95	0.32	1.23
sure	0.33	3.32
veteran	0.33	0.97
announced	0.33	1.18
future	0.33	1.39
safely	0.33	1.33
prime	0.33	0.90
texture	0.33	0.88
human-covenant	0.33	1.01
peace	0.33	0.95
evolved	0.33	0.97
everytime	0.33	1.20
action	0.33	0.85
nightfall	0.33	0.97
troops	0.33	0.98
low	0.33	1.04
arbiter	0.33	0.90
winner	0.33	1.09
paced	0.33	1.11
refer	0.33	1.40
easy	0.34	1.49
chain	0.34	1.05
earlier	0.34	1.54
holds	0.34	0.76
objects	0.34	0.85
rumors	0.34	1.37
halos	0.34	1.01
netflix	0.34	0.92
say	0.34	2.82
strike	0.34	0.84
produced	0.34	0.98
where	0.34	2.62
sergeant	0.34	0.95
them	0.34	2.24
method	0.34	1.19
similarly	0.34	1.02
files	0.35	0.99
ahead	0.35	1.62
course	0.35	2.96
apologize	0.35	1.56
scarabs	0.35	1.04
hat	0.35	1.17
director	0.35	0.89
chronological	0.35	0.83
ca	0.35	2.37
careful	0.35	1.11
carefully	0.35	1.27
bomb	0.35	0.94
placed	0.35	1.22
news	0.35	1.38
shadow	0.35	1.02
lesser	0.35	0.89
regret	0.35	0.86
then	0.35	2.22
hunters	0.36	1.11
media	0.36	0.86
correctly	0.36	1.56
value	0.36	1.11
environment	0.36	0.97
ignorance	0.36	1.80
teammate	0.36	1.28
helmets	0.36	0.96
faces	0.36	0.95
mysterious	0.36	1.14
structures	0.36	1.00
less	0.36	1.36
came	0.36	1.19
carbon	0.36	0.91
multiple	0.36	1.13
hold	0.36	1.29
description	0.36	1.09
step	0.36	1.61
allies	0.37	0.98
go	0.37	2.06
get	0.37	2.25
cards	0.37	1.10
1	0.37	1.05
theatre	0.37	0.92
film	0.37	1.00
canyon	0.37	0.91
shiny	0.37	1.05
panel	0.37	1.01
examples	0.37	1.54
category	0.37	0.97
seasons	0.37	1.00
come	0.37	2.07
am	0.37	2.70
normally	0.37	1.39
time	0.37	1.91
famous	0.37	1.01
mates	0.37	1.19
inside	0.38	1.02
rendering	0.38	0.95
toys	0.38	0.97
reasonable	0.38	1.34
questions	0.38	1.70
show	0.38	1.85
handful	0.38	1.29
scorpion	0.38	0.84
demo	0.38	0.96
supposed	0.38	3.00
green	0.38	0.97
suspect	0.38	1.78
linda	0.38	0.96
app	0.38	1.11
kinect	0.38	1.01
medal	0.38	1.13
loud	0.38	1.08
personality	0.38	0.88
winter	0.38	1.33
officially	0.38	1.59
pinnacle	0.38	3.08
whereas	0.38	0.86
furthermore	0.38	1.00
seemed	0.38	1.50
realised	0.38	1.52
instances	0.39	1.67
mmo	0.39	0.88
capture	0.39	0.90
ign	0.39	1.21
types	0.39	0.92
yours	0.39	1.88
menu	0.39	1.08
certain	0.39	1.03
individual	0.39	0.91
eventually	0.39	1.95
file	0.39	0.92
m	0.39	2.58
had	0.39	1.81
records	0.39	1.09
gritty	0.39	1.04
made	0.39	1.36
bother	0.39	2.34
hornet	0.39	0.86
struggling	0.39	2.85
valuable	0.40	1.20
ive	0.40	1.46
confirmed	0.40	1.35
64	0.40	0.93
fail	0.40	1.43
60	0.40	1.11
400	0.40	1.14
stuck	0.40	1.53
having	0.40	2.37
follow	0.40	1.19
plan	0.40	1.57
dont	0.40	2.34
seem	0.40	2.20
again	0.40	2.29
twitch	0.40	1.03
mega	0.40	1.17
make	0.40	2.19
r/haloplayers	0.40	1.77
piece	0.40	1.12
work	0.40	2.37
society	0.40	0.95
icon	0.41	0.89
two	0.41	1.13
second	0.41	1.44
blow	0.41	0.95
parts	0.41	1.47
atm	0.41	1.58
exploring	0.41	0.98
mounds	0.41	0.88
intent	0.41	1.08
play	0.41	1.74
campaign	0.41	1.00
collect	0.41	1.20
mod	0.41	0.90
perfection	0.41	1.17
cause	0.41	1.88
speech	0.42	0.98
following	0.42	1.17
stops	0.42	1.09
legitimately	0.42	1.55
dvr	0.42	0.94
chance	0.42	1.85
multiplayer	0.42	1.07
2009	0.42	1.20
frustrated	0.42	3.31
nervous	0.42	1.96
huge	0.42	1.06
example	0.42	1.82
horror	0.42	0.90
done	0.42	1.85
brothers	0.42	0.93
leaks	0.42	1.17
request	0.42	1.45
because	0.42	2.77
big	0.42	1.12
please	0.42	1.53
2	0.42	1.36
keep	0.42	1.83
suits	0.42	0.96
deleted	0.42	2.05
worth	0.42	1.20
heck	0.42	1.09
plenty	0.42	1.36
explain	0.42	2.35
above	0.42	1.51
iirc	0.43	1.03
7	0.43	0.96
share	0.43	1.20
streaming	0.43	1.00
variants	0.43	0.84
engine	0.43	0.98
wave	0.43	0.98
possibility	0.43	1.87
lighting	0.43	0.86
ask	0.43	2.11
lower	0.43	1.00
feel	0.43	2.17
egg	0.43	1.17
thinking	0.43	3.32
gives	0.43	1.09
contained	0.43	1.30
sacrifice	0.43	1.02
mystery	0.43	0.84
trick	0.43	1.13
challenging	0.44	1.60
need	0.44	2.36
hopes	0.44	1.88
important	0.44	1.18
5	0.44	1.25
chances	0.44	1.18
70	0.44	1.12
skins	0.44	0.84
troll	0.44	1.39
problem	0.44	2.03
will	0.44	2.36
slightest	0.44	1.59
finally	0.44	1.77
knocked	0.44	1.08
give	0.44	1.64
o'connor	0.44	1.25
independent	0.44	1.09
meeting	0.44	0.96
easily	0.44	1.75
carter	0.44	0.97
render	0.44	0.94
bots	0.45	0.88
strongly	0.45	1.68
brother	0.45	0.96
dota	0.45	0.99
own	0.45	1.39
sort	0.45	1.49
which	0.45	2.76
paste	0.45	1.27
revealed	0.45	1.01
customize	0.45	1.30
either	0.45	2.71
stream	0.45	1.03
skillful	0.45	1.18
male	0.45	1.05
scary	0.45	2.64
potential	0.45	1.00
survival	0.45	0.99
cents	0.45	1.60
context	0.45	1.51
spectator	0.46	0.87
right	0.46	3.38
finish	0.46	1.26
cost	0.46	1.12
relatively	0.46	1.24
lot	0.46	1.65
canon	0.46	0.83
tie	0.46	0.88
house	0.46	1.10
forms	0.46	0.95
kept	0.46	1.38
staten	0.46	0.89
happening	0.46	2.48
hassle	0.46	1.24
chapter	0.46	0.91
encounters	0.46	1.13
material	0.46	1.04
thing	0.46	2.33
friend	0.46	1.24
clever	0.47	1.45
cliff	0.47	1.00
ears	0.47	1.02
suggest	0.47	1.45
fight	0.47	1.07
refuse	0.47	1.89
each	0.47	1.08
shell	0.47	0.98
designer	0.47	1.01
sins	0.47	1.00
impression	0.47	1.36
increasing	0.47	0.97
expanded	0.48	0.86
bucks	0.48	1.20
extra	0.48	1.18
camera	0.48	0.86
can	0.48	2.34
tea	0.48	1.65
lesson	0.48	1.28
beach	0.48	0.94
feels	0.48	1.22
reading	0.48	1.09
announcement	0.48	1.20
petty	0.48	1.09
makes	0.48	1.57
think	0.48	2.83
recorded	0.48	0.96
wife	0.48	1.08
guarantee	0.48	2.36
leg	0.48	1.10
mobile	0.49	1.43
master	0.49	0.99
salt	0.49	1.44
tweet	0.49	1.53
able	0.49	2.12
eggs	0.49	1.39
see	0.49	2.53
throughout	0.49	1.13
or	0.49	2.42
facts	0.49	3.04
spoilers	0.49	1.23
lived	0.49	0.95
h5	0.49	1.67
indicator	0.49	1.15
ideas	0.50	1.27
moves	0.50	1.02
wo	0.50	2.46
threat	0.50	1.11
realized	0.50	1.73
easter	0.50	1.35
chopper	0.50	0.94
provides	0.50	1.23
continue	0.50	1.39
performance	0.50	0.89
may	0.50	2.68
racing	0.50	0.99
regard	0.50	0.95
quiet	0.50	1.21
gamescom	0.50	1.07
volume	0.50	1.00
commented	0.50	1.83
initially	0.50	1.24
desperately	0.50	1.31
too	0.50	1.77
source	0.50	1.50
showing	0.50	1.22
upgrades	0.50	1.04
terms	0.51	0.97
audio	0.51	1.08
men	0.51	1.09
recording	0.51	0.91
higher	0.51	1.00
trying	0.51	2.43
form	0.51	0.93
definition	0.51	2.55
backstory	0.51	0.89
amp	0.51	1.09
150	0.51	1.15
trouble	0.51	1.65
roots	0.51	1.19
linear	0.51	0.94
schedule	0.51	1.09
elaborate	0.51	1.76
bias	0.51	1.10
graphic	0.51	0.77
suicide	0.52	1.01
address	0.52	1.25
100	0.52	1.82
could	0.52	2.42
clips	0.52	0.94
sarcastic	0.52	1.91
plot	0.52	0.88
juggernaut	0.52	1.14
box	0.52	1.10
culture	0.52	0.98
other	0.52	1.36
neither	0.53	1.35
couldnt	0.53	1.50
only	0.53	2.26
honestly	0.53	2.70
folks	0.53	1.34
way	0.53	2.43
heads	0.53	1.23
fought	0.53	0.90
spree	0.53	1.16
none	0.54	1.53
consider	0.54	2.00
justified	0.54	1.36
variation	0.54	1.21
falcon	0.54	0.85
artist	0.54	0.93
riot	0.54	1.09
sharing	0.54	1.07
ridiculously	0.54	1.35
damaged	0.54	0.96
rise	0.54	0.99
ctf	0.54	1.06
others	0.54	2.21
hunting	0.54	1.02
confirmation	0.54	1.71
imho	0.54	1.23
excitement	0.54	1.01
conclusion	0.54	1.32
shall	0.54	1.47
achieve	0.54	1.22
jokes	0.54	1.28
mute	0.54	1.07
pax	0.54	1.00
short	0.55	0.94
forge	0.55	0.94
considering	0.55	1.85
tldr	0.55	1.39
cs	0.55	0.99
cole	0.55	0.80
boy	0.55	1.01
sleep	0.55	1.42
bare	0.55	1.07
kinds	0.55	1.36
arent	0.55	1.46
white	0.55	0.97
relative	0.55	1.02
given	0.55	1.42
pure	0.55	1.01
remastered	0.55	1.01
shop	0.56	1.17
frank	0.56	1.29
should	0.56	2.56
those	0.56	1.25
happened	0.56	2.22
warrior	0.56	1.36
mac	0.56	1.07
b	0.56	1.18
youtube	0.56	1.10
faith	0.56	1.52
direct	0.56	1.14
streams	0.56	0.99
naded	0.56	1.05
clip	0.56	0.93
survey	0.56	1.33
deserved	0.56	1.26
brief	0.56	0.97
alien	0.56	0.94
hanging	0.57	1.30
detail	0.57	1.01
drink	0.57	1.09
themed	0.57	0.91
cousin	0.57	1.13
closely	0.57	1.15
flood	0.57	1.12
figure	0.57	2.34
fear	0.57	0.95
wrecked	0.57	1.39
cuts	0.57	0.97
attempt	0.57	1.22
returns	0.58	1.04
reveal	0.58	1.11
dlc	0.58	0.91
concerned	0.58	3.23
fights	0.58	0.96
montage	0.58	1.02
spectre	0.58	0.99
gamertag	0.59	1.36
joe	0.59	1.00
heart	0.59	1.10
probably	0.59	2.38
super	0.59	1.20
mad	0.59	2.93
t	0.59	0.98
voices	0.59	1.05
considered	0.59	1.54
rule	0.59	1.27
stock	0.59	0.96
fairly	0.59	1.63
w	0.59	1.10
feed	0.59	1.12
afraid	0.59	3.04
1/2	0.59	0.98
star	0.59	0.85
theyre	0.59	1.53
untouched	0.59	0.87
referring	0.60	3.64
eat	0.60	1.28
want	0.60	2.33
rtx	0.60	1.03
2a	0.60	1.01
dynamic	0.60	0.99
graphical	0.60	0.85
remakes	0.60	0.96
9/10	0.60	1.28
fuck	0.60	2.16
guessing	0.60	2.85
assault	0.60	1.09
perfectly	0.60	1.56
satisfied	0.60	3.10
more	0.60	1.57
hear	0.60	1.34
mines	0.61	1.23
originally	0.61	1.73
deep	0.61	1.03
case	0.61	2.80
model	0.61	0.99
possible	0.61	2.02
legends	0.61	0.95
unit	0.61	0.92
dudes	0.61	1.08
sgt	0.61	0.94
asap	0.62	1.69
x	0.62	1.17
fitting	0.62	1.04
e3	0.62	1.05
saw	0.62	1.51
safe	0.62	1.60
incredibly	0.62	1.39
study	0.62	1.22
ultimately	0.62	0.93
actually	0.62	2.65
wording	0.62	3.63
quite	0.62	1.80
reason	0.62	2.30
justice	0.63	1.05
beneficial	0.63	1.14
tools	0.63	1.01
extremely	0.63	1.40
pvp	0.63	0.87
fingers	0.63	1.39
honor	0.63	0.96
rts	0.63	1.10
surprised	0.63	3.09
myself	0.63	1.78
guess	0.63	3.44
textures	0.63	0.94
isnt	0.63	1.36
maybe	0.63	2.65
csgo	0.63	1.01
ourselves	0.63	1.57
comment	0.63	2.35
dealing	0.63	1.62
recommend	0.64	1.23
realise	0.64	2.26
swear	0.64	1.25
certainly	0.64	2.25
tanks	0.64	0.89
watched	0.64	0.99
english	0.64	1.26
however	0.64	2.72
inevitable	0.65	1.30
hd	0.65	0.88
theater	0.65	0.88
remade	0.65	0.99
looked	0.65	1.15
animation	0.65	1.03
provide	0.65	1.43
alternate	0.65	1.29
kind	0.65	1.63
seems	0.65	1.72
similar	0.65	1.28
dialogue	0.65	1.08
steve	0.65	1.26
assume	0.65	2.88
worry	0.65	1.93
fits	0.66	0.96
upload	0.66	1.00
johnson	0.66	0.97
mombasa	0.66	0.86
shouldnt	0.66	1.60
least	0.66	2.29
boys	0.66	1.19
near	0.66	1.36
gladly	0.66	1.86
wonder	0.66	2.31
absurd	0.66	1.88
still	0.66	2.50
redo	0.67	1.00
perhaps	0.67	2.00
might	0.67	2.62
league	0.67	1.02
sooo	0.67	1.19
honesty	0.67	1.56
skeptical	0.67	3.27
information	0.67	1.46
squad	0.67	0.80
grifball	0.67	1.11
although	0.67	2.63
responded	0.67	1.79
vibe	0.67	1.21
route	0.67	1.59
remember	0.67	2.39
approach	0.67	1.23
now	0.68	2.81
starcraft	0.68	1.03
interactive	0.68	0.92
clicked	0.68	1.96
accidentally	0.68	1.76
warning	0.68	1.19
soldier	0.68	0.91
leaked	0.68	1.04
2nd	0.68	1.02
whoops	0.68	3.30
possibilities	0.69	1.01
scream	0.69	1.26
some	0.69	1.44
magical	0.69	1.20
dad	0.69	0.92
watch	0.69	1.00
realistic	0.69	1.18
record	0.69	0.94
tone	0.69	1.18
jobs	0.70	0.94
environments	0.70	0.93
google	0.70	1.48
female	0.70	0.92
showed	0.70	1.18
balanced	0.70	1.19
counter	0.70	1.12
era	0.70	0.94
res	0.70	0.99
screenshots	0.70	1.02
ll	0.70	2.34
custom	0.70	0.99
thumbs	0.70	1.53
irrelevant	0.70	2.57
standalone	0.70	0.88
hyped	0.71	3.14
3d	0.71	0.90
enough	0.71	2.00
arc	0.71	0.79
understood	0.71	1.61
watching	0.71	1.04
zombies	0.71	0.95
emotion	0.71	0.85
shown	0.71	1.08
bed	0.71	1.54
hair	0.71	0.94
very	0.72	1.53
noticing	0.72	2.06
apply	0.72	1.17
bastards	0.73	1.13
franchises	0.73	2.78
brought	0.73	1.06
quote	0.73	1.63
wont	0.73	2.15
featured	0.73	0.89
walked	0.73	1.08
gametype	0.73	1.12
explanation	0.73	1.39
ninja	0.73	1.25
infection	0.73	1.01
forth	0.73	0.98
gametypes	0.73	1.16
skip	0.73	0.97
cant	0.74	2.17
decently	0.74	1.21
things	0.74	1.88
atleast	0.74	1.20
remembered	0.74	1.52
print	0.74	1.06
also	0.74	2.57
waves	0.74	1.05
fileshare	0.74	1.01
agent	0.74	0.90
darker	0.75	1.04
credits	0.75	0.86
contrast	0.75	1.10
bits	0.75	1.04
cat	0.75	1.02
remaster	0.75	1.05
models	0.75	0.91
honest	0.75	2.31
covering	0.76	1.10
drawing	0.76	1.51
6	0.76	0.98
seeing	0.76	2.78
1v1	0.76	1.08
videos	0.76	1.03
hearing	0.76	1.07
paragraph	0.76	2.01
touch	0.76	1.98
reload	0.76	1.15
implies	0.76	2.26
motion	0.76	0.93
let	0.77	2.23
constructive	0.77	1.81
especially	0.77	1.29
hes	0.77	1.60
gungoose	0.77	1.19
objectives	0.77	0.99
replies	0.77	1.86
scene	0.77	0.95
deal	0.77	2.02
phones	0.77	1.27
healthy	0.77	1.00
surprisingly	0.77	1.22
posters	0.77	1.13
extended	0.78	0.87
legend	0.78	1.04
koth	0.78	1.18
potato	0.78	1.17
possibly	0.78	1.72
familiar	0.78	2.03
describing	0.78	1.43
sound	0.78	1.12
mode	0.78	1.00
til	0.79	1.37
cake	0.79	1.03
returning	0.79	1.14
marines	0.79	0.82
applied	0.79	1.16
sequence	0.80	0.97
op	0.80	3.12
machinima	0.80	1.09
depth	0.80	0.99
word	0.80	2.17
sequel	0.81	1.12
updated	0.81	1.03
hype	0.81	1.56
improve	0.81	1.18
ricochet	0.81	1.19
equally	0.82	1.13
dangerous	0.82	1.25
plausible	0.82	1.71
stories	0.82	1.30
particularly	0.82	1.42
moon	0.82	1.07
upvote	0.82	1.88
really	0.82	2.24
d	0.83	2.44
king	0.83	1.20
lore	0.83	0.81
text	0.83	1.17
brutal	0.83	1.05
uploaded	0.83	1.07
enjoying	0.83	2.32
breaking	0.84	0.94
highly	0.84	1.75
such	0.84	1.31
agree	0.84	3.66
offense	0.84	1.06
miranda	0.84	1.02
optimistic	0.85	3.14
video	0.85	1.07
thoroughly	0.85	1.79
rvb	0.85	1.11
modes	0.85	1.22
spoiler	0.85	1.10
totally	0.85	3.13
rb	0.85	1.23
tears	0.85	1.05
respond	0.86	1.67
1-3	0.86	0.70
aliens	0.86	1.05
skybox	0.86	0.89
silver	0.86	1.13
embarrassing	0.86	1.79
str8	0.86	1.02
knock	0.87	1.24
pics	0.87	1.26
locke	0.87	0.98
back	0.87	1.41
armors	0.87	1.03
much	0.87	1.71
laughed	0.88	1.41
flip	0.88	1.00
styles	0.88	0.91
deeper	0.88	1.14
temporarily	0.88	1.06
mine	0.88	1.50
ogre	0.89	1.07
accident	0.89	1.29
immensely	0.89	1.22
logo	0.90	1.02
wondering	0.90	2.85
montages	0.90	0.91
creative	0.90	0.93
hope	0.90	2.13
offering	0.90	1.31
generic	0.90	1.04
blast	0.90	1.57
oddball	0.90	1.19
joy	0.91	0.93
damned	0.91	1.34
fyi	0.91	1.35
batman	0.91	1.00
convinced	0.91	2.38
explaining	0.91	1.77
mapping	0.91	1.12
there	0.92	2.11
hoping	0.92	2.99
potentially	0.92	1.30
graphically	0.92	1.03
engaging	0.92	1.06
angles	0.92	1.02
no	0.93	1.92
tune	0.93	1.13
judging	0.93	2.24
walshy	0.93	1.10
sense	0.93	2.18
its	0.93	2.06
caps	0.93	1.11
character	0.93	0.93
reminds	0.94	1.00
always	0.94	2.07
balls	0.94	1.33
movie	0.94	0.95
confident	0.94	3.14
reference	0.94	1.22
forget	0.94	2.12
personal	0.95	1.97
mind	0.95	2.18
responding	0.95	1.89
r/halo/wiki/rules	0.95	1.57
interested	0.95	2.84
meant	0.95	3.25
thankfully	0.95	1.24
return	0.95	1.23
technically	0.96	2.00
visual	0.96	0.79
capacity	0.96	1.00
alongside	0.96	0.93
chaos	0.97	1.14
favorites	0.97	3.08
mirror	0.97	1.25
partially	0.97	2.22
invincible	0.97	1.15
greatly	0.98	1.09
aware	0.98	3.13
talented	0.98	0.95
hill	0.98	1.12
bring	0.99	1.38
marine	0.99	0.84
footage	0.99	0.99
figures	0.99	1.07
genuinely	1.00	1.99
impressed	1.00	2.97
bastard	1.01	1.24
replied	1.01	2.18
phrase	1.01	1.27
classics	1.01	0.94
versa	1.02	2.02
meantime	1.03	1.09
feedback	1.03	1.69
fit	1.03	1.02
wouldnt	1.03	1.76
stoked	1.03	3.03
f	1.03	1.17
varied	1.03	0.95
perfect	1.03	2.00
comeback	1.03	1.08
ingame	1.04	0.87
nuts	1.04	1.24
sounding	1.04	1.08
letting	1.04	1.55
theory	1.04	2.02
plastic	1.04	1.16
distinct	1.05	1.13
place	1.05	1.74
in-game	1.05	1.01
definitely	1.05	2.23
amazed	1.05	2.81
assuming	1.05	3.32
understandable	1.05	1.53
feeling	1.05	1.67
2.0	1.06	1.61
trip	1.06	1.29
hopeful	1.06	2.97
hybrid	1.06	1.03
fine	1.06	2.01
composer	1.07	0.91
n	1.07	1.16
sadly	1.07	1.68
far	1.07	1.86
opportunity	1.07	1.44
bc	1.07	1.29
vice	1.07	2.06
sigh	1.07	1.36
defined	1.08	2.30
vague	1.08	2.58
basis	1.09	0.96
part	1.09	2.34
poster	1.09	1.36
proximity	1.09	1.09
childhood	1.09	2.02
advance	1.09	1.36
hell	1.09	2.00
odsts	1.09	0.86
stretch	1.10	1.45
sounded	1.10	1.23
cooler	1.10	1.31
beginning	1.10	1.16
fleshed	1.10	0.95
simplicity	1.11	1.08
dream	1.11	1.43
sentence	1.11	2.12
response	1.11	1.67
breath	1.11	1.19
answered	1.11	1.75
proud	1.11	2.56
y	1.11	1.23
coincidence	1.11	2.26
serious	1.11	1.68
lacked	1.11	0.77
patient	1.11	2.32
phone	1.12	1.51
snow	1.12	0.98
terrifying	1.13	2.40
apparently	1.13	1.93
girlfriend	1.13	0.94
fluid	1.13	1.11
end	1.14	1.01
universe	1.14	0.84
unique	1.14	1.11
passed	1.15	1.94
story	1.15	0.71
bravo	1.15	1.48
funny	1.15	2.33
hero	1.15	0.92
hire	1.16	0.94
unfortunately	1.16	2.40
storyline	1.16	0.81
toy	1.17	1.05
documentary	1.17	0.97
rich	1.17	1.06
dreams	1.17	1.08
supports	1.18	1.15
lucky	1.18	2.53
youre	1.18	1.74
chill	1.19	1.07
emotional	1.19	0.81
insight	1.19	1.40
buck	1.20	0.76
quotes	1.20	1.07
replying	1.20	2.54
golden	1.21	1.00
exact	1.22	2.52
well	1.22	2.17
lowest	1.22	1.93
8.1	1.22	1.20
blown	1.22	0.87
battles	1.22	0.89
characters	1.23	0.94
protagonist	1.23	0.94
pumped	1.23	2.78
strong	1.23	1.25
photo	1.23	1.16
theirs	1.24	1.39
imgur	1.24	1.24
favorite	1.24	2.66
didnt	1.25	2.00
triple	1.25	1.09
ready	1.25	2.76
creator	1.26	0.98
gg	1.26	1.35
most	1.26	2.27
pictures	1.27	1.17
anyway	1.27	2.60
assassinations	1.28	1.04
l	1.28	1.21
glory	1.28	0.87
repost	1.29	1.71
gods	1.29	1.23
ops	1.29	1.08
kidding	1.29	1.86
gt	1.29	1.18
listened	1.30	1.19
boss	1.30	0.87
paint	1.30	1.12
length	1.30	1.00
further	1.31	1.51
absolutely	1.32	1.79
looking	1.32	2.52
missed	1.32	2.94
ftw	1.32	1.16
tips	1.32	1.18
intentional	1.33	1.78
futuristic	1.33	1.03
answers	1.33	1.81
one	1.33	2.37
odd	1.33	1.81
fond	1.33	1.27
lego	1.33	1.06
graphics	1.34	1.08
rookie	1.34	0.93
fan	1.34	2.08
commercial	1.34	0.88
eu	1.34	0.79
desktop	1.35	1.16
humor	1.35	1.56
guard	1.35	0.85
expansion	1.35	0.97
clarify	1.35	2.32
imo	1.35	1.34
explosions	1.36	0.92
r	1.36	1.21
heh	1.36	1.38
tip	1.37	1.20
settle	1.37	1.64
patience	1.37	1.38
continued	1.37	1.26
spelling	1.37	2.37
terminals	1.37	1.08
screenshot	1.38	1.17
effects	1.38	0.93
though	1.38	2.28
moments	1.38	1.31
e	1.38	1.24
wasnt	1.39	1.46
mistake	1.39	1.96
lets	1.39	1.88
memory	1.39	2.25
cuz	1.40	1.56
concept	1.40	1.15
umm	1.41	1.59
repeating	1.41	2.41
promising	1.41	1.16
easiest	1.42	2.12
joke	1.42	1.68
tree	1.42	1.26
crossed	1.42	1.39
pic	1.42	1.20
teaser	1.43	1.03
im	1.43	1.97
look	1.43	1.61
insanely	1.44	1.31
simple	1.44	1.67
experience	1.44	1.99
main	1.45	2.05
crazy	1.45	2.35
sexy	1.45	1.14
ftfy	1.45	1.31
oops	1.46	2.00
shared	1.46	2.09
magic	1.46	1.15
nerd	1.46	1.28
rekt	1.47	1.31
band	1.47	0.85
wan	1.48	1.83
decent	1.48	1.86
final	1.49	0.87
animations	1.49	1.09
c	1.49	1.23
stuff	1.50	1.66
willing	1.50	2.55
epilogue	1.51	1.15
prepared	1.51	1.78
help	1.52	1.86
forgotten	1.52	1.67
during	1.52	0.90
trailers	1.53	0.93
trailer	1.53	1.02
tattoo	1.53	1.05
wat	1.54	1.46
stands	1.55	1.79
your	1.55	2.49
brilliant	1.56	1.90
dig	1.56	1.59
cgi	1.57	1.11
soooo	1.58	1.06
bet	1.58	2.44
convenient	1.58	1.82
editing	1.58	1.02
explore	1.59	0.92
sorry	1.59	2.89
plz	1.60	1.49
sounds	1.60	1.39
visually	1.60	1.02
both	1.60	2.11
words	1.60	2.50
weback	1.60	1.63
thought	1.60	2.21
offer	1.61	1.45
mantis	1.62	0.87
jealous	1.62	2.76
grammar	1.62	2.22
boat	1.62	2.41
alive	1.63	1.96
mood	1.63	0.94
recreate	1.63	1.96
true	1.63	3.23
aesthetics	1.64	1.45
rendered	1.65	1.22
relax	1.65	1.53
composed	1.65	0.94
subtle	1.65	1.63
figured	1.65	1.92
truly	1.66	1.19
picture	1.66	1.13
3	1.67	1.92
pretty	1.67	1.63
edit	1.68	3.04
gon	1.68	2.52
hands	1.68	1.98
ur	1.68	1.27
images	1.69	1.09
da	1.69	1.40
corrected	1.70	1.81
ill	1.70	1.77
question	1.70	2.50
wort	1.72	1.40
ol	1.73	0.97
insane	1.74	1.84
unbelievable	1.74	1.78
na	1.74	2.44
info	1.76	1.56
wut	1.76	1.41
intense	1.77	1.00
vids	1.79	1.22
idk	1.79	1.94
confusion	1.81	1.72
replay	1.81	1.49
suggestions	1.82	1.58
listening	1.82	1.00
image	1.83	1.12
goddamn	1.83	1.27
suppose	1.83	2.31
invasion	1.83	1.99
u	1.84	1.41
soft	1.84	1.47
confirm	1.85	2.28
calm	1.85	1.46
brings	1.86	0.99
o	1.86	1.35
rip	1.87	1.19
bloody	1.88	1.26
listen	1.88	1.01
relive	1.89	1.61
welp	1.89	1.55
whats	1.90	1.74
answer	1.90	2.43
baby	1.90	1.41
answering	1.91	2.03
favourite	1.91	2.15
overall	1.91	1.01
mix	1.91	0.87
lord	1.91	1.10
basic	1.92	1.63
hm	1.92	1.72
talent	1.92	1.15
anyways	1.93	1.88
rated	1.93	1.62
gif	1.93	1.70
um	1.94	1.63
guitar	1.94	0.96
omg	1.95	1.41
cut	1.95	1.09
cutscene	1.95	1.07
wtf	1.95	1.59
opening	1.96	0.84
prologue	1.96	1.13
tho	1.96	1.63
4	1.97	1.75
genius	1.98	1.42
username	1.98	1.61
edited	1.98	1.91
themes	1.98	0.92
hello	1.99	1.30
hmm	1.99	1.86
amazingly	2.00	1.53
pls	2.01	1.43
laugh	2.02	1.39
apologies	2.03	1.89
invested	2.03	1.94
uh	2.03	1.65
dammit	2.05	1.51
10/10	2.05	1.20
scenes	2.05	1.11
son	2.06	1.26
enjoy	2.06	1.66
vid	2.06	1.35
memories	2.06	0.99
typing	2.06	2.14
intro	2.08	0.95
nonetheless	2.08	1.21
personally	2.08	1.68
christ	2.10	1.48
good	2.10	1.81
nostalgia	2.10	1.01
yo	2.11	1.45
idea	2.12	2.20
gorgeous	2.12	1.96
clean	2.12	1.53
helpful	2.13	1.80
k	2.13	1.44
eh	2.14	1.63
refreshing	2.15	1.46
advice	2.15	1.54
firefight	2.15	1.71
song	2.17	0.83
reply	2.17	2.09
nevermind	2.18	1.80
hi	2.19	1.41
beloved	2.19	1.65
glad	2.20	2.28
quick	2.21	1.65
glorious	2.22	1.22
typo	2.22	2.18
117	2.22	0.97
loving	2.23	1.56
floos	2.23	1.29
clear	2.23	1.67
fellow	2.24	1.42
amen	2.25	1.18
mr	2.27	1.31
dominion	2.28	1.91
sick	2.28	1.68
track	2.30	1.02
art	2.30	1.20
album	2.31	0.92
songs	2.35	0.95
helps	2.36	1.38
atmosphere	2.36	0.80
seriously	2.37	1.61
must	2.37	1.83
dear	2.37	1.14
whoa	2.43	1.50
ideal	2.46	1.47
yay	2.47	1.48
phenomenal	2.47	1.72
odst	2.48	1.76
sarcasm	2.49	1.91
buddy	2.50	1.68
real	2.52	1.42
compromise	2.53	1.86
yep	2.54	1.76
dat	2.56	1.34
congratulations	2.57	1.60
beauty	2.57	1.26
lmao	2.59	1.48
appreciated	2.60	1.43
fun	2.62	1.27
yup	2.63	1.78
welcome	2.63	1.46
yea	2.66	1.82
thats	2.66	1.73
imagine	2.67	2.03
neat	2.67	1.49
uhh	2.68	1.71
god	2.69	1.71
wise	2.71	1.10
huh	2.72	1.73
theme	2.73	0.88
luck	2.74	1.71
jesus	2.75	1.38
plus	2.76	1.34
p	2.76	1.67
reminded	2.77	1.15
marty	2.77	0.86
nah	2.81	1.70
lol	2.81	1.74
forgot	2.83	1.90
ending	2.84	1.24
redone	2.85	1.51
music	2.85	1.20
hah	2.87	1.58
wars	2.87	1.68
fucking	2.88	1.50
ta	2.88	1.50
dang	2.89	1.71
clearing	2.93	1.71
correction	2.95	1.78
blur	2.95	1.44
m8	2.96	1.66
xd	2.96	1.63
yeah	2.98	1.79
background	2.99	1.31
cinematic	3.00	1.46
tracks	3.01	1.13
suggestion	3.02	1.58
memorable	3.03	1.16
cutscenes	3.03	1.42
badass	3.05	1.42
hilarious	3.05	1.16
miss	3.07	1.33
ahhh	3.07	1.69
yes	3.07	1.78
mate	3.09	1.67
photoshop	3.09	1.39
nope	3.09	1.67
ha	3.10	1.63
ahh	3.11	1.66
sir	3.13	1.57
ok	3.14	1.74
clarification	3.15	1.75
interesting	3.17	1.39
cinematics	3.17	1.36
damnit	3.18	1.24
fair	3.20	1.75
worries	3.25	1.72
visuals	3.26	1.16
ah	3.27	1.72
bud	3.30	1.68
looks	3.31	1.31
appreciate	3.31	1.54
gotcha	3.32	1.65
fuckin	3.34	1.49
props	3.36	1.33
congrats	3.36	1.46
okay	3.37	1.75
soundtrack	3.37	0.98
chills	3.38	1.05
holy	3.40	1.45
ya	3.40	1.67
soundtracks	3.40	1.04
hahaha	3.46	1.50
lt	3.50	1.31
wish	3.50	1.36
bro	3.51	1.60
haha	3.55	1.68
btw	3.58	1.56
freaking	3.59	0.96
oh	3.59	1.58
guys	3.61	1.53
impressive	3.62	0.95
woah	3.63	1.45
cool	3.63	1.05
wonderful	3.66	0.80
cheers	3.70	1.55
wallpaper	3.70	1.28
great	3.76	0.82
dude	3.79	1.52
job	3.82	0.93
epic	3.84	0.87
alright	3.86	1.55
thank	3.86	1.52
incredible	3.89	0.95
damn	3.91	1.28
wow	3.91	1.44
thanks	3.92	1.55
seriousness	3.93	1.19
man	3.96	1.48
hey	3.99	1.46
beautiful	4.08	0.86
sweet	4.30	0.87
