smell	-4.82	0.29
gross	-4.77	0.32
smells	-4.71	0.29
brutal	-4.51	0.72
disgusting	-4.39	0.50
bad	-4.34	0.52
cruel	-4.21	0.67
dirty	-4.20	0.72
tastes	-4.17	0.66
bloody	-4.14	0.64
blame	-4.11	0.70
poop	-4.11	0.64
dislike	-4.07	0.78
shitty	-4.06	0.94
painful	-4.05	0.99
crappy	-4.00	0.96
worse	-3.97	1.02
taste	-3.94	0.85
ugh	-3.88	0.99
harsh	-3.85	0.95
unfortunate	-3.80	1.08
torture	-3.72	1.10
conditions	-3.60	1.17
nightmare	-3.56	1.20
hatred	-3.55	1.16
death	-3.48	1.15
evil	-3.44	0.95
breath	-3.41	0.92
suffered	-3.41	1.27
wbc	-3.34	1.61
sweat	-3.33	0.50
sin	-3.32	1.52
ugly	-3.24	1.06
annoying	-3.23	1.35
mess	-3.21	0.98
garbage	-3.19	0.98
dirt	-3.15	1.30
complain	-3.10	1.14
rid	-3.04	1.36
ridiculous	-3.04	1.08
wash	-3.01	0.56
burns	-2.96	1.28
messed	-2.94	1.10
unfair	-2.93	1.10
pee	-2.90	0.52
racist	-2.90	1.10
sucked	-2.90	0.95
kills	-2.89	1.21
screwed	-2.88	1.18
bugs	-2.86	1.41
liking	-2.84	1.05
poor	-2.83	1.24
believed	-2.80	1.04
jews	-2.77	1.56
missing	-2.73	2.04
survived	-2.72	1.45
trash	-2.69	0.63
depressing	-2.68	1.47
sucks	-2.65	1.22
racism	-2.63	1.46
imo	-2.61	1.11
crap	-2.60	1.19
shame	-2.60	1.44
fucks	-2.53	1.19
piss	-2.53	0.56
swear	-2.48	1.04
against	-2.47	1.59
leaves	-2.47	0.87
bug	-2.43	1.61
works	-2.41	1.80
burning	-2.40	0.51
invented	-2.39	1.49
wet	-2.39	0.69
desperate	-2.38	2.00
cum	-2.37	0.55
sometimes	-2.37	1.85
bitter	-2.37	1.53
supports	-2.37	1.88
clean	-2.35	0.68
disappointing	-2.34	1.54
severe	-2.34	1.04
intentions	-2.34	1.43
excuse	-2.33	1.91
justified	-2.33	1.77
root	-2.33	1.45
uncomfortable	-2.32	1.95
rough	-2.31	1.58
feeling	-2.30	2.09
toilet	-2.30	0.64
selfish	-2.29	0.58
hurts	-2.28	0.77
lying	-2.27	1.75
except	-2.26	1.80
pathetic	-2.26	0.63
stomach	-2.25	0.79
angry	-2.25	2.19
lonely	-2.24	2.29
liar	-2.24	0.56
secretly	-2.23	1.47
unnecessary	-2.22	0.63
injury	-2.21	0.82
cleaning	-2.20	0.71
dying	-2.20	1.92
injuries	-2.19	0.83
pain	-2.18	0.90
offensive	-2.18	1.49
makes	-2.16	1.85
felt	-2.16	2.21
ignorant	-2.16	0.58
acts	-2.15	0.42
sounds	-2.12	1.32
little	-2.12	2.07
depressed	-2.12	2.41
rude	-2.12	0.80
corrupt	-2.10	0.56
stupid	-2.08	0.63
showed	-2.08	1.49
decent	-2.08	1.38
decides	-2.07	2.20
dealt	-2.06	2.10
suffering	-2.06	0.89
impossible	-2.03	1.74
guilt	-2.01	1.03
sadly	-2.01	1.82
dust	-2.01	0.55
experienced	-2.00	2.26
boring	-2.00	1.72
extreme	-2.00	0.91
frustrated	-2.00	2.48
hurt	-1.98	0.69
annoyed	-1.97	2.44
irrelevant	-1.97	1.84
fear	-1.96	1.13
suffer	-1.95	1.14
bathroom	-1.94	0.65
soap	-1.94	0.60
lazy	-1.93	0.93
escape	-1.93	0.76
knee	-1.91	0.68
cheap	-1.91	0.81
frustrating	-1.91	1.67
bullshit	-1.91	0.58
believes	-1.89	2.30
responsible	-1.89	0.76
upset	-1.89	2.56
counts	-1.86	2.27
confusing	-1.86	1.65
everywhere	-1.86	0.51
accident	-1.85	0.92
depression	-1.85	1.04
violent	-1.85	0.45
true	-1.85	2.34
complaining	-1.84	1.43
wipe	-1.84	0.59
kinda	-1.84	1.83
thinks	-1.83	2.39
sees	-1.83	2.42
deaths	-1.83	0.83
punishment	-1.83	0.85
cares	-1.82	2.38
shower	-1.82	0.72
naive	-1.82	0.73
silly	-1.82	0.87
either	-1.81	2.31
feels	-1.81	1.23
screw	-1.80	0.51
occur	-1.80	1.32
knows	-1.80	2.39
tells	-1.79	2.43
regime	-1.79	0.60
experiencing	-1.78	1.16
happened	-1.77	2.26
assholes	-1.77	0.67
anger	-1.77	1.07
ashamed	-1.77	2.52
sick	-1.76	2.38
customer	-1.76	2.11
talks	-1.76	2.02
bored	-1.76	2.55
scared	-1.76	2.59
mean	-1.75	2.32
blows	-1.75	0.85
afraid	-1.75	2.43
asks	-1.75	2.39
feelings	-1.74	1.08
cried	-1.73	2.23
wants	-1.73	2.43
total	-1.73	0.79
nonsense	-1.73	0.69
agree	-1.72	2.38
bones	-1.72	0.70
opposite	-1.71	2.06
feel	-1.71	1.44
rage	-1.71	1.14
intense	-1.70	1.36
pointless	-1.70	0.75
tears	-1.70	2.02
nervous	-1.69	2.53
entitled	-1.69	0.75
says	-1.69	2.36
everybody	-1.69	2.35
ptsd	-1.69	0.91
asshole	-1.69	0.72
christians	-1.68	0.99
scary	-1.68	1.70
useless	-1.68	0.75
calling	-1.67	0.76
violence	-1.67	0.69
injured	-1.67	0.70
trauma	-1.67	1.04
had	-1.67	2.10
cared	-1.67	0.92
confused	-1.67	2.52
inherently	-1.67	0.64
tired	-1.66	2.31
fault	-1.66	0.97
terrifying	-1.66	1.84
fresh	-1.66	0.66
bizarre	-1.65	1.98
dumb	-1.65	0.63
fortunately	-1.65	0.82
ours	-1.65	0.74
occurred	-1.65	1.40
circumstances	-1.64	0.90
killing	-1.64	0.64
stress	-1.63	0.92
unlikely	-1.62	1.02
cry	-1.62	2.20
disagree	-1.61	2.38
blood	-1.61	0.60
dry	-1.61	0.78
panic	-1.60	1.05
pissed	-1.60	2.59
causes	-1.59	0.94
surgeries	-1.59	0.84
fine	-1.59	2.19
treat	-1.58	0.97
backwards	-1.58	2.09
worried	-1.58	2.57
crying	-1.58	2.21
implying	-1.58	2.26
worry	-1.58	1.48
lied	-1.58	0.84
imply	-1.58	2.39
expensive	-1.58	0.93
hungry	-1.57	2.07
symptoms	-1.57	0.88
happens	-1.57	1.12
bothered	-1.57	1.55
anxiety	-1.56	0.94
right	-1.56	2.36
douche	-1.56	0.69
retarded	-1.56	0.66
tongue	-1.56	0.59
causing	-1.56	0.93
sight	-1.56	0.73
damaged	-1.56	0.80
destruction	-1.55	0.70
outright	-1.55	1.05
dies	-1.55	1.70
better	-1.54	0.83
ve	-1.54	2.38
broken	-1.54	0.73
loss	-1.54	0.83
treating	-1.54	1.00
surgery	-1.54	0.80
cause	-1.53	0.96
dangerous	-1.53	1.12
mouth	-1.53	0.55
offended	-1.53	1.93
spiders	-1.53	1.19
soda	-1.53	0.62
embarrassed	-1.52	2.59
clearly	-1.52	2.20
believe	-1.52	0.92
prisoners	-1.52	0.76
harder	-1.52	0.87
terrified	-1.52	2.50
cheaper	-1.51	0.82
commercials	-1.51	1.66
acceptable	-1.50	0.74
bit	-1.50	1.32
illness	-1.50	0.91
caused	-1.50	0.97
witnessed	-1.50	2.62
stressful	-1.50	1.40
than	-1.50	0.93
claiming	-1.49	1.00
encounter	-1.49	2.59
result	-1.49	1.01
strongly	-1.49	0.63
concerned	-1.48	2.52
easier	-1.48	1.00
revenue	-1.48	0.60
satan	-1.48	0.73
condition	-1.48	0.90
church	-1.48	0.98
much	-1.48	0.85
jerk	-1.48	0.56
uses	-1.48	2.18
incident	-1.48	1.87
cope	-1.47	1.25
killed	-1.47	0.76
cold	-1.47	0.78
behavior	-1.47	0.61
mixed	-1.47	0.58
suggesting	-1.47	2.15
encountered	-1.47	2.64
syndrome	-1.46	0.93
permanent	-1.46	0.81
recognize	-1.46	0.70
lies	-1.45	0.79
overwhelming	-1.45	1.35
disorder	-1.45	0.92
shock	-1.45	1.04
familiar	-1.45	2.03
forgotten	-1.45	0.81
diseases	-1.45	0.90
walks	-1.44	1.98
christian	-1.44	0.93
suicide	-1.44	0.67
lie	-1.44	1.17
literally	-1.44	1.18
leg	-1.43	0.72
believing	-1.43	0.80
justify	-1.43	0.64
theirs	-1.43	1.73
survive	-1.43	0.79
murder	-1.43	0.62
quality	-1.42	0.70
isis	-1.42	0.54
religion	-1.42	0.97
junk	-1.42	0.66
camps	-1.42	0.76
likely	-1.42	0.82
scare	-1.41	1.15
gets	-1.41	1.17
coke	-1.40	0.60
disease	-1.40	0.85
faster	-1.40	0.89
flavor	-1.40	0.74
diagnosed	-1.40	0.95
emotional	-1.40	1.20
throat	-1.40	0.61
idiot	-1.40	0.68
chocolate	-1.39	0.70
drink	-1.39	0.62
comes	-1.39	1.42
risky	-1.38	1.08
responsibility	-1.38	0.58
ignorance	-1.38	0.95
prevent	-1.37	0.92
mental	-1.37	0.98
lame	-1.36	0.94
emotion	-1.36	1.15
tries	-1.36	1.87
mad	-1.36	2.38
admitted	-1.36	0.81
situations	-1.35	1.29
knowing	-1.35	1.26
awkward	-1.35	1.80
weird	-1.35	1.13
emotions	-1.35	1.06
goes	-1.35	1.59
false	-1.35	1.12
experience	-1.35	2.55
idiots	-1.34	0.60
christianity	-1.34	0.88
must	-1.34	1.90
situation	-1.34	1.43
confusion	-1.33	1.08
gotten	-1.33	1.56
fool	-1.33	0.78
procedure	-1.33	0.76
safer	-1.32	0.86
diagnosis	-1.32	0.86
bigger	-1.32	0.83
coffee	-1.32	0.66
almost	-1.32	1.03
sudden	-1.32	0.97
wine	-1.32	0.61
disaster	-1.31	1.03
hole	-1.31	0.47
treatment	-1.31	0.81
embarrassing	-1.31	2.35
ease	-1.31	1.10
slow	-1.30	1.02
likes	-1.30	2.31
hardly	-1.30	0.85
abuse	-1.30	0.75
threatened	-1.30	1.10
hitler	-1.30	0.59
spider	-1.29	1.05
due	-1.29	0.96
puts	-1.29	1.69
neck	-1.29	0.63
expected	-1.29	0.79
else	-1.29	1.55
damage	-1.28	0.79
dealing	-1.28	1.67
shocked	-1.28	2.32
tea	-1.28	0.72
sounding	-1.27	0.95
nobody	-1.27	1.84
openly	-1.27	0.82
orange	-1.26	0.59
alone	-1.26	1.63
yes	-1.26	2.40
innocent	-1.26	0.68
basically	-1.26	1.20
strange	-1.26	1.32
sounded	-1.25	1.01
freak	-1.25	1.24
regret	-1.25	2.21
told	-1.25	1.56
pretending	-1.25	0.94
psychological	-1.24	0.95
attacked	-1.24	1.00
compared	-1.24	0.71
shoulder	-1.24	0.64
danger	-1.24	1.21
serious	-1.24	1.28
faith	-1.24	0.94
relief	-1.23	1.17
doesnt	-1.23	1.14
event	-1.23	1.07
nothing	-1.23	1.08
disappointed	-1.22	2.55
badly	-1.22	0.87
convince	-1.21	0.64
murdered	-1.21	0.84
tactics	-1.21	0.59
admit	-1.21	1.44
leads	-1.21	0.99
delicious	-1.21	0.75
finds	-1.21	2.26
patch	-1.21	0.57
yell	-1.20	0.98
lot	-1.20	0.86
more	-1.20	1.10
knew	-1.20	1.10
slightly	-1.20	1.14
truth	-1.20	0.98
jewish	-1.19	0.78
supported	-1.19	0.66
avoid	-1.19	1.17
holds	-1.19	1.41
whenever	-1.19	1.22
absurd	-1.19	0.90
unusual	-1.19	1.59
unexpected	-1.19	1.96
bags	-1.19	0.61
difficult	-1.18	1.31
nazis	-1.18	0.74
odd	-1.18	1.23
strangest	-1.17	2.72
weirdest	-1.17	2.73
deal	-1.17	1.49
treated	-1.17	0.82
seems	-1.17	1.02
threat	-1.17	0.87
balls	-1.16	0.46
protests	-1.16	0.65
instances	-1.16	1.53
somehow	-1.16	1.06
where	-1.16	2.37
die	-1.16	0.83
acknowledge	-1.16	0.86
seemed	-1.16	1.15
poverty	-1.16	0.58
stunt	-1.16	2.64
craziest	-1.16	2.76
waste	-1.16	0.69
therefore	-1.15	0.84
overcome	-1.15	1.80
preference	-1.15	0.59
satisfying	-1.15	1.28
prank	-1.15	2.60
said	-1.15	1.19
replace	-1.15	0.72
commit	-1.15	0.58
events	-1.14	1.01
cooler	-1.14	0.80
lead	-1.14	1.05
practices	-1.14	0.56
ever	-1.14	2.73
stronger	-1.14	0.90
fraud	-1.14	0.74
its	-1.14	1.12
thing	-1.14	2.74
creepy	-1.14	1.72
muslim	-1.13	0.72
bottles	-1.13	0.56
pile	-1.13	0.68
hands	-1.13	0.56
never	-1.13	1.58
immune	-1.13	0.69
rarely	-1.13	0.99
nazi	-1.13	0.74
most	-1.13	2.40
happen	-1.13	1.15
liquid	-1.12	0.54
associate	-1.12	0.70
latter	-1.12	1.02
holocaust	-1.12	0.83
catholic	-1.12	0.94
argue	-1.12	1.32
brush	-1.12	0.60
count	-1.11	1.09
beers	-1.11	0.66
claimed	-1.11	0.87
unlike	-1.11	0.57
yet	-1.11	1.27
chest	-1.10	0.66
luckily	-1.10	1.02
bottle	-1.10	0.55
palestinians	-1.10	0.72
does	-1.10	1.21
faced	-1.10	2.00
committed	-1.10	0.60
stops	-1.09	1.42
suspect	-1.09	0.86
done	-1.09	1.70
too	-1.09	1.22
witness	-1.09	1.27
teeth	-1.09	0.56
hint	-1.09	0.62
defending	-1.09	0.67
remember	-1.09	1.19
medication	-1.09	0.81
stands	-1.09	1.38
ebola	-1.09	1.00
breathing	-1.09	0.76
infection	-1.09	0.91
facing	-1.09	1.68
israeli	-1.08	0.70
bunch	-1.08	0.67
particular	-1.08	2.19
practically	-1.08	0.83
left	-1.08	0.96
reported	-1.08	1.50
ignore	-1.08	0.93
constant	-1.08	1.03
describe	-1.08	1.82
juice	-1.08	0.69
were	-1.08	0.91
whatever	-1.08	1.25
call	-1.08	0.78
heard	-1.08	2.00
intentionally	-1.07	1.42
everyone	-1.07	1.77
guards	-1.07	0.67
deny	-1.07	0.99
struck	-1.07	1.23
place	-1.07	2.59
doubt	-1.07	1.23
turns	-1.07	1.28
wonder	-1.06	1.14
less	-1.06	0.98
saying	-1.06	2.19
periods	-1.06	0.99
personally	-1.06	1.11
heaven	-1.06	0.82
thankfully	-1.05	1.20
surprised	-1.05	2.37
kicked	-1.05	0.79
hardest	-1.05	2.61
loud	-1.05	1.30
white	-1.05	0.51
virtually	-1.05	0.81
plain	-1.05	0.66
fact	-1.05	1.28
minority	-1.05	0.68
palestinian	-1.05	0.74
suggested	-1.04	0.97
concern	-1.04	1.17
crime	-1.04	0.63
no	-1.04	1.28
quite	-1.04	1.04
frankly	-1.04	0.93
proven	-1.04	0.78
cure	-1.04	0.83
idea	-1.04	1.29
risk	-1.03	1.05
afterwards	-1.03	1.11
leading	-1.03	1.01
filled	-1.03	0.76
bag	-1.03	0.58
although	-1.03	1.31
anybody	-1.03	1.24
has	-1.03	1.55
sound	-1.03	0.88
mostly	-1.02	0.84
considering	-1.02	0.98
anyone	-1.02	1.24
garden	-1.02	0.70
because	-1.02	1.23
complete	-1.02	0.70
demanding	-1.02	1.12
addiction	-1.02	0.86
farming	-1.02	0.59
brain	-1.02	1.01
weak	-1.02	1.04
scream	-1.02	1.36
inform	-1.02	0.59
seen	-1.01	2.65
telling	-1.01	1.05
refused	-1.01	1.17
harm	-1.01	0.76
stole	-1.01	0.90
charged	-1.01	0.78
runs	-1.01	1.40
threats	-1.01	0.81
yelling	-1.01	1.22
religions	-1.00	0.74
matter	-1.00	1.28
pride	-1.00	0.87
jesus	-1.00	0.86
arab	-1.00	0.74
anything	-1.00	1.17
crimes	-1.00	0.64
obviously	-0.99	1.33
millions	-0.99	0.91
fancy	-0.99	0.57
myth	-0.99	1.15
drinks	-0.99	0.57
israel	-0.99	0.73
protest	-0.99	0.62
hurting	-0.99	0.82
wished	-0.99	1.41
skin	-0.99	0.60
covered	-0.98	0.58
himself	-0.98	1.66
otherwise	-0.98	1.28
handle	-0.98	1.13
none	-0.98	0.88
already	-0.98	1.43
often	-0.98	0.95
mass	-0.98	0.62
palestine	-0.97	0.73
notice	-0.97	0.92
bother	-0.97	1.15
screaming	-0.97	1.49
gives	-0.97	1.01
atheist	-0.97	0.85
legs	-0.96	0.62
scenario	-0.96	0.87
bible	-0.96	1.14
biggest	-0.96	2.67
enemy	-0.96	0.58
anymore	-0.96	1.21
bone	-0.96	0.66
meds	-0.96	0.79
unless	-0.96	1.32
even	-0.96	1.25
lowest	-0.96	2.46
surprising	-0.96	1.66
ive	-0.96	2.13
overly	-0.96	1.08
challenge	-0.96	1.67
fighters	-0.95	0.60
needs	-0.95	2.22
apparently	-0.95	0.90
easiest	-0.95	2.62
defend	-0.95	0.67
criminals	-0.95	0.58
associated	-0.95	1.07
criminal	-0.95	0.62
way	-0.95	1.34
guilty	-0.95	0.67
challenges	-0.95	1.76
unfortunately	-0.95	1.07
gone	-0.95	1.34
fails	-0.95	1.12
exactly	-0.95	1.38
belief	-0.94	0.76
jealous	-0.94	2.47
exposed	-0.94	0.96
revenge	-0.94	0.61
arrested	-0.94	0.67
pretend	-0.94	1.22
aggressive	-0.94	0.79
trigger	-0.94	0.92
difficulty	-0.94	1.45
civilians	-0.94	0.61
thought	-0.94	1.08
arguing	-0.94	1.16
corruption	-0.94	0.71
prove	-0.94	1.00
discussed	-0.93	1.24
convincing	-0.93	0.56
mood	-0.93	1.27
honestly	-0.93	1.26
terrorists	-0.93	0.55
realizing	-0.93	1.01
asked	-0.93	1.27
gaza	-0.93	0.72
tell	-0.93	1.08
ignoring	-0.93	1.19
skeptical	-0.92	1.99
actions	-0.92	0.72
caught	-0.92	0.94
suck	-0.92	0.69
imagine	-0.92	1.24
exists	-0.92	0.85
accused	-0.92	0.79
arm	-0.92	0.62
sort	-0.92	1.04
burden	-0.92	0.73
kind	-0.92	1.36
realize	-0.92	1.22
nose	-0.92	0.59
convenient	-0.92	1.15
beliefs	-0.92	0.74
counter	-0.92	0.62
disability	-0.92	0.80
offense	-0.92	1.02
advocate	-0.91	0.80
found	-0.91	1.35
understand	-0.91	1.29
terribly	-0.91	1.00
actually	-0.91	1.23
attacks	-0.91	0.65
exclusively	-0.91	0.59
reason	-0.91	1.24
arms	-0.90	0.67
religious	-0.90	0.72
patients	-0.90	0.78
smoke	-0.90	0.62
they	-0.90	1.35
treatments	-0.90	0.76
christ	-0.90	0.86
ripped	-0.90	0.88
frequent	-0.89	0.80
dick	-0.89	0.56
isnt	-0.89	1.03
severely	-0.89	0.97
whole	-0.89	2.41
civilian	-0.89	0.60
memorable	-0.89	2.74
everytime	-0.89	1.39
imagined	-0.89	0.87
closest	-0.89	2.60
yard	-0.89	0.81
paint	-0.88	0.61
potentially	-0.88	0.85
there	-0.88	1.22
clue	-0.88	1.25
contacted	-0.88	0.80
color	-0.88	0.53
substance	-0.88	0.74
floor	-0.88	0.58
emotionally	-0.88	1.23
falls	-0.88	0.91
know	-0.88	1.26
stuck	-0.88	0.78
ignored	-0.88	0.93
probably	-0.88	1.36
tiny	-0.88	0.79
god	-0.88	0.79
something	-0.87	1.22
complicated	-0.87	1.22
instantly	-0.87	0.95
cream	-0.87	0.66
simply	-0.87	1.31
favor	-0.87	0.64
comparison	-0.87	0.79
partially	-0.87	0.84
bucket	-0.87	1.01
occasionally	-0.87	0.98
ruined	-0.87	0.65
reverse	-0.87	0.86
involving	-0.87	1.41
propaganda	-0.87	0.54
handling	-0.86	1.09
attempted	-0.86	0.69
oxygen	-0.86	0.58
talk	-0.86	0.88
barely	-0.86	0.86
improved	-0.86	0.86
stood	-0.86	1.10
longer	-0.86	1.03
one	-0.86	2.70
absolute	-0.86	2.58
coolest	-0.86	2.75
however	-0.86	1.21
surprise	-0.85	1.25
spiritual	-0.85	0.70
hamas	-0.85	0.58
shorter	-0.85	0.90
single	-0.85	2.70
existed	-0.85	0.71
restrictions	-0.85	0.56
calls	-0.85	0.90
obvious	-0.85	0.80
claims	-0.85	0.92
moment	-0.85	2.74
realized	-0.85	0.98
becomes	-0.85	0.97
make	-0.84	1.05
head	-0.84	0.62
longest	-0.84	2.22
denied	-0.84	0.59
got	-0.84	1.00
fingers	-0.84	0.59
concerns	-0.84	1.05
reasoning	-0.84	0.91
weather	-0.84	0.73
hide	-0.84	0.73
reaction	-0.84	1.39
ground	-0.84	0.62
generic	-0.84	0.79
consequences	-0.84	0.89
health	-0.84	1.00
insult	-0.84	1.04
recipe	-0.84	0.58
tricky	-0.83	1.24
usual	-0.83	0.89
filter	-0.83	0.62
significantly	-0.83	0.89
homeless	-0.83	0.86
possible	-0.83	1.01
burned	-0.83	0.82
smaller	-0.83	0.81
judgement	-0.83	0.84
conflict	-0.82	0.71
bee	-0.82	0.76
may	-0.82	1.27
signs	-0.82	0.63
task	-0.82	1.40
threw	-0.82	0.61
occasional	-0.82	0.77
consensus	-0.82	0.92
brown	-0.82	0.60
struggle	-0.82	1.36
trust	-0.82	0.99
somebody	-0.82	1.44
think	-0.82	1.30
tree	-0.82	0.61
noticed	-0.82	1.27
part	-0.82	2.62
charges	-0.82	0.69
finger	-0.82	0.59
sides	-0.82	0.94
surrounded	-0.81	1.19
find	-0.81	1.02
drunk	-0.81	1.49
get	-0.81	1.00
environmental	-0.81	1.05
problem	-0.81	1.01
air	-0.81	0.59
water	-0.81	0.55
hits	-0.81	0.84
ran	-0.81	0.66
virus	-0.80	0.92
wouldnt	-0.80	0.99
land	-0.80	0.71
sake	-0.80	0.67
claim	-0.80	1.04
fewer	-0.80	0.82
physical	-0.80	0.89
world	-0.80	2.61
bite	-0.80	0.79
challenging	-0.80	1.57
labor	-0.80	0.71
certainly	-0.80	1.09
minor	-0.80	0.95
pretty	-0.80	0.97
why	-0.79	1.31
addicted	-0.79	1.13
bright	-0.79	0.52
enemies	-0.79	0.63
everything	-0.79	1.03
itself	-0.79	0.96
factors	-0.79	0.77
under	-0.79	0.59
attack	-0.79	0.65
putin	-0.79	0.90
necessarily	-0.79	1.43
side	-0.79	0.91
larger	-0.79	0.87
theft	-0.79	0.80
deciding	-0.79	0.86
broke	-0.79	0.72
anti	-0.79	0.58
alcohol	-0.78	0.58
crisis	-0.78	0.99
perhaps	-0.78	1.10
aware	-0.78	1.49
yellow	-0.78	0.51
vagina	-0.78	0.59
possibly	-0.78	1.01
brought	-0.78	0.81
dicks	-0.78	0.48
also	-0.77	1.28
cases	-0.77	0.71
he	-0.77	1.42
carpet	-0.77	0.65
somewhat	-0.77	1.01
butt	-0.77	0.53
grass	-0.77	0.65
assume	-0.77	1.53
case	-0.77	0.82
whats	-0.77	2.72
evidence	-0.76	0.93
assault	-0.76	0.61
unknown	-0.76	1.30
ridiculously	-0.76	1.00
nearly	-0.76	0.90
welfare	-0.76	0.66
requested	-0.76	1.66
follows	-0.76	1.50
merely	-0.76	1.41
issues	-0.76	1.03
whether	-0.76	1.09
devil	-0.75	0.46
things	-0.75	1.18
plants	-0.75	0.62
tends	-0.75	0.84
did	-0.75	1.17
risks	-0.75	0.93
sure	-0.75	1.43
conspiracy	-0.75	0.65
pulled	-0.75	1.01
beer	-0.75	0.56
affects	-0.75	0.84
combined	-0.75	0.71
once	-0.75	1.27
involved	-0.75	1.23
maybe	-0.75	1.25
mistaken	-0.75	1.72
slight	-0.75	0.87
victim	-0.75	0.68
sooner	-0.75	0.84
forced	-0.75	0.65
someone	-0.75	1.36
fucked	-0.75	0.92
red	-0.74	0.51
arrest	-0.74	0.66
resistance	-0.74	0.64
gave	-0.74	1.03
consider	-0.74	1.21
only	-0.74	1.21
exist	-0.74	0.85
convinced	-0.74	1.13
nor	-0.74	1.07
easily	-0.74	0.88
environment	-0.74	0.76
cells	-0.74	0.71
solve	-0.74	0.85
chair	-0.74	0.74
empty	-0.74	0.58
9/11	-0.73	1.02
pills	-0.73	0.70
blow	-0.73	0.50
supporting	-0.73	0.59
kill	-0.73	0.62
walked	-0.73	0.77
colour	-0.73	0.95
laughter	-0.73	1.35
harmful	-0.73	0.72
opinion	-0.73	1.54
regrets	-0.73	1.91
pressure	-0.73	0.63
always	-0.73	1.13
cock	-0.73	0.53
drops	-0.73	0.63
justice	-0.73	0.63
reads	-0.72	1.77
guarantee	-0.72	1.00
defense	-0.72	0.63
terrorist	-0.72	0.59
bias	-0.72	0.69
dead	-0.72	0.91
valid	-0.72	1.12
protect	-0.72	0.70
effectively	-0.72	0.83
flat	-0.72	0.76
trick	-0.72	2.11
wasting	-0.72	0.77
kidney	-0.72	0.85
whoever	-0.72	1.43
bully	-0.71	0.80
unable	-0.71	0.85
leave	-0.71	0.99
ear	-0.71	0.70
colors	-0.71	0.53
tried	-0.71	0.88
both	-0.71	0.85
patient	-0.71	0.74
analogy	-0.71	0.82
died	-0.71	1.72
should	-0.71	1.17
willing	-0.71	0.97
dare	-0.71	0.73
crash	-0.71	0.84
we	-0.70	1.16
kitchen	-0.70	0.57
ca	-0.70	1.10
trees	-0.70	0.63
tend	-0.70	0.95
moral	-0.70	0.85
fruit	-0.70	0.56
russians	-0.70	0.59
wwii	-0.70	0.74
everyday	-0.70	1.10
remove	-0.70	0.69
refuse	-0.70	0.87
thick	-0.70	0.63
highly	-0.70	1.02
attacking	-0.70	0.60
equivalent	-0.70	0.58
turned	-0.69	0.81
wanting	-0.69	0.95
full	-0.69	0.82
unrelated	-0.69	0.93
insanely	-0.69	1.02
heads	-0.69	0.59
thrown	-0.69	0.66
realise	-0.69	1.18
black	-0.69	0.48
reduce	-0.69	0.91
mainly	-0.69	0.91
definitely	-0.69	1.37
alot	-0.69	0.91
managed	-0.69	0.85
could	-0.69	1.11
happening	-0.68	1.03
point	-0.68	1.32
thousands	-0.68	0.79
regarding	-0.68	1.03
drug	-0.68	0.61
brings	-0.68	1.13
argument	-0.68	1.09
mention	-0.68	0.82
coincidence	-0.68	1.05
prices	-0.68	0.71
glass	-0.68	0.54
recall	-0.68	1.36
eye	-0.68	0.64
suddenly	-0.68	0.86
opinions	-0.68	0.93
hand	-0.68	0.64
stance	-0.68	0.76
essentially	-0.68	0.90
attempts	-0.67	0.69
buy	-0.67	0.67
exception	-0.67	0.93
might	-0.67	1.20
body	-0.67	0.66
creates	-0.67	0.76
fired	-0.67	1.00
convicted	-0.67	0.88
rockets	-0.67	0.60
afford	-0.67	0.63
spot	-0.67	0.84
penis	-0.67	0.50
bees	-0.67	0.75
physically	-0.67	0.91
regardless	-0.67	0.90
facts	-0.67	1.11
explain	-0.67	1.00
plastic	-0.66	0.67
interaction	-0.66	2.17
figure	-0.66	1.02
problems	-0.66	0.95
borders	-0.66	0.73
corner	-0.66	0.70
price	-0.66	0.70
burn	-0.66	0.63
trouble	-0.66	1.24
jail	-0.66	0.90
react	-0.66	0.92
civil	-0.66	0.63
interested	-0.66	1.73
existence	-0.66	0.78
touched	-0.66	1.11
wo	-0.66	1.09
arguments	-0.66	1.02
radiation	-0.65	0.72
subjective	-0.65	1.30
reactions	-0.65	1.00
stick	-0.65	0.60
view	-0.65	1.12
taken	-0.65	1.36
prison	-0.65	0.86
funniest	-0.65	2.68
removing	-0.65	0.65
intent	-0.65	1.15
incorrect	-0.65	2.63
troll	-0.64	0.61
asleep	-0.64	1.37
fire	-0.64	0.63
comparing	-0.64	0.78
choose	-0.64	1.00
figured	-0.64	1.17
when	-0.64	1.04
efficient	-0.64	0.81
advantage	-0.64	0.89
mix	-0.64	0.59
dont	-0.64	1.14
mistake	-0.64	2.49
affordable	-0.64	0.67
far	-0.64	1.89
fixing	-0.64	1.33
quickly	-0.64	0.81
hundreds	-0.64	0.81
jumping	-0.64	0.96
manage	-0.64	0.86
candy	-0.63	0.57
extremely	-0.63	1.05
clothes	-0.63	0.55
revolution	-0.63	0.71
ultimately	-0.63	0.79
sugar	-0.63	0.56
green	-0.63	0.50
very	-0.63	1.05
dose	-0.63	0.75
sense	-0.63	1.14
became	-0.63	1.01
been	-0.63	1.75
mindset	-0.63	1.10
eyes	-0.62	0.58
item	-0.62	1.64
joint	-0.62	0.64
regard	-0.62	1.00
bound	-0.62	0.89
looked	-0.62	0.81
decide	-0.62	0.98
understood	-0.62	1.23
protection	-0.62	0.68
talked	-0.62	0.98
mentally	-0.62	1.02
significant	-0.62	1.08
buying	-0.62	0.67
cutting	-0.62	0.77
supposed	-0.62	1.40
notion	-0.62	0.77
meth	-0.61	0.66
statements	-0.61	1.22
super	-0.61	0.99
normally	-0.61	0.84
largely	-0.61	0.84
ruin	-0.61	0.80
who	-0.61	1.57
estimate	-0.61	0.63
low	-0.61	1.01
seemingly	-0.61	0.90
interact	-0.61	1.11
can	-0.61	1.04
yourself	-0.61	0.87
sells	-0.61	0.70
frequently	-0.61	0.94
down	-0.60	0.76
drugs	-0.60	0.68
choices	-0.60	0.77
go	-0.60	1.03
issue	-0.60	1.01
specifically	-0.60	1.04
fix	-0.60	1.37
heavily	-0.60	0.78
eaten	-0.60	1.03
atmosphere	-0.60	0.61
vacuum	-0.60	0.62
potential	-0.60	1.10
surgeon	-0.60	0.69
temperature	-0.60	0.68
previously	-0.60	1.14
doctor	-0.60	0.70
wont	-0.60	0.96
prepared	-0.60	0.86
hit	-0.60	0.75
muscles	-0.60	0.66
fell	-0.60	0.76
express	-0.59	1.18
entirely	-0.59	0.94
global	-0.59	0.85
window	-0.59	0.63
sales	-0.59	0.94
hiding	-0.59	0.75
tough	-0.59	1.19
apparent	-0.59	0.77
therapy	-0.59	0.73
jumped	-0.59	0.74
climate	-0.59	0.80
contributing	-0.59	0.80
still	-0.59	1.29
primarily	-0.59	0.79
ears	-0.59	0.69
heavy	-0.59	0.68
mind	-0.59	1.13
wasted	-0.59	0.74
use	-0.59	0.85
genetic	-0.59	0.78
need	-0.58	1.08
races	-0.58	0.64
winter	-0.58	0.70
breaks	-0.58	0.78
see	-0.58	1.10
dependent	-0.58	0.84
thinking	-0.58	1.41
went	-0.58	0.94
typical	-0.58	0.83
differently	-0.58	0.97
memory	-0.58	2.55
handled	-0.58	1.24
emergency	-0.58	0.65
rooms	-0.58	0.60
fairly	-0.58	0.94
aspect	-0.58	1.54
knock	-0.58	0.72
conclusion	-0.58	0.92
doctors	-0.58	0.72
foot	-0.58	0.63
tap	-0.58	0.54
referred	-0.58	0.83
recommended	-0.58	0.59
closer	-0.57	1.12
surely	-0.57	1.16
light	-0.57	0.55
warming	-0.57	0.80
sticks	-0.57	0.84
purchase	-0.57	0.73
muscle	-0.57	0.66
police	-0.57	0.61
allowed	-0.57	0.92
views	-0.57	0.87
ethical	-0.57	0.67
directly	-0.57	0.95
relative	-0.57	1.12
sell	-0.57	0.70
cost	-0.56	0.70
throw	-0.56	0.62
assumption	-0.56	1.23
extent	-0.56	0.79
aside	-0.56	1.12
destroy	-0.56	0.68
holes	-0.56	0.57
them	-0.56	0.99
moments	-0.56	2.31
let	-0.56	1.09
carbon	-0.56	0.61
strain	-0.56	0.64
turn	-0.56	0.72
hospital	-0.56	0.71
intention	-0.56	1.00
put	-0.56	0.67
soviet	-0.56	0.55
continues	-0.56	0.80
m	-0.56	1.72
anywhere	-0.56	0.94
angle	-0.56	0.88
ones	-0.56	1.11
cultural	-0.56	0.73
trying	-0.56	0.87
apart	-0.56	0.83
benefit	-0.56	0.81
humanity	-0.56	0.96
ordinary	-0.56	0.95
rocks	-0.56	0.60
african	-0.56	0.52
grey	-0.55	0.52
fully	-0.55	1.08
held	-0.55	0.65
exciting	-0.55	1.34
destroying	-0.55	0.71
experiments	-0.55	0.60
investigation	-0.55	0.85
guessing	-0.55	1.54
evolution	-0.55	0.64
initially	-0.55	0.98
try	-0.54	0.98
theories	-0.54	0.58
surprisingly	-0.54	1.03
attempting	-0.54	0.82
box	-0.54	0.68
steal	-0.54	0.65
ways	-0.54	0.85
falling	-0.54	0.81
instant	-0.54	0.85
leaving	-0.54	0.84
usually	-0.54	0.99
safety	-0.54	1.01
joking	-0.54	1.33
face	-0.54	0.70
room	-0.53	0.72
privacy	-0.53	0.97
thin	-0.53	0.60
tattoos	-0.53	0.64
blue	-0.53	0.52
medical	-0.53	0.71
medicine	-0.53	0.73
recognized	-0.53	0.87
toward	-0.53	0.65
damned	-0.53	0.78
rates	-0.53	0.97
before	-0.53	1.16
closely	-0.53	0.99
bomb	-0.53	0.62
walls	-0.52	0.57
stating	-0.52	1.33
spread	-0.52	0.84
dream	-0.52	2.35
starts	-0.52	0.85
involves	-0.52	0.90
d	-0.52	1.18
americans	-0.52	0.66
help	-0.52	0.94
ongoing	-0.52	0.92
me	-0.52	0.97
naturally	-0.52	0.73
cops	-0.52	0.61
lots	-0.52	0.82
ukrainian	-0.52	0.56
animals	-0.52	0.78
roof	-0.52	0.64
break	-0.52	0.70
boss	-0.52	1.83
heart	-0.52	0.84
spectrum	-0.52	0.80
lay	-0.51	0.73
spots	-0.51	0.65
door	-0.51	0.62
save	-0.51	0.76
mentioned	-0.51	1.04
surveillance	-0.51	0.63
million	-0.51	0.78
off	-0.51	0.74
hard	-0.51	1.20
lawyer	-0.51	0.71
followed	-0.51	0.69
decisions	-0.51	0.75
pull	-0.51	0.72
agenda	-0.51	0.61
operation	-0.51	0.79
rather	-0.51	1.08
non	-0.51	0.73
decided	-0.50	0.90
dropped	-0.50	0.79
prior	-0.50	0.92
meet	-0.50	0.89
speaks	-0.50	1.62
accidentally	-0.50	0.86
ton	-0.50	0.80
stated	-0.50	1.06
opposed	-0.50	0.80
desk	-0.50	0.68
locked	-0.50	0.58
forget	-0.50	1.02
territory	-0.50	0.62
charge	-0.50	0.66
upon	-0.50	0.68
addition	-0.50	0.70
relatively	-0.50	0.89
applies	-0.49	1.10
fuel	-0.49	0.58
deeper	-0.49	0.78
trial	-0.49	0.82
drinking	-0.49	0.52
plenty	-0.49	0.84
prescription	-0.49	0.68
tons	-0.49	0.82
sand	-0.49	0.64
solution	-0.49	0.79
solved	-0.49	1.01
came	-0.49	0.96
guaranteed	-0.49	0.62
solely	-0.49	0.76
judge	-0.49	0.68
others	-0.49	0.86
tube	-0.49	0.60
edge	-0.49	0.70
levels	-0.49	0.86
hold	-0.49	0.68
selling	-0.49	0.66
made	-0.49	1.31
basement	-0.49	0.62
pushed	-0.49	0.74
mentality	-0.49	0.80
settle	-0.49	0.87
sitting	-0.48	0.85
practicing	-0.48	0.74
logical	-0.48	1.09
zero	-0.48	0.77
talking	-0.48	1.11
instead	-0.48	0.97
court	-0.48	0.69
instance	-0.48	0.94
eating	-0.48	0.75
lenses	-0.48	0.63
invasion	-0.48	0.59
statement	-0.48	1.28
collect	-0.48	0.60
known	-0.48	0.97
lights	-0.48	0.57
attempt	-0.48	0.76
tear	-0.48	1.29
considered	-0.48	0.95
milk	-0.48	0.55
picking	-0.48	0.60
glasses	-0.48	0.60
camp	-0.48	0.65
stolen	-0.47	0.74
heroin	-0.47	0.69
avoiding	-0.47	0.80
acid	-0.47	0.60
expect	-0.47	1.02
inside	-0.47	0.63
effects	-0.47	0.79
boxes	-0.47	0.68
explained	-0.47	0.91
protected	-0.47	0.68
handful	-0.47	0.83
bs	-0.47	0.68
importance	-0.47	1.02
recover	-0.47	0.95
then	-0.47	0.95
cycle	-0.47	0.79
results	-0.47	0.57
slap	-0.47	0.56
cancer	-0.47	0.89
destroyed	-0.47	0.73
really	-0.46	1.16
hospitals	-0.46	0.69
facility	-0.46	0.70
double	-0.46	0.50
seat	-0.46	0.63
particularly	-0.46	1.14
led	-0.46	0.94
slowly	-0.46	0.77
purple	-0.46	0.53
able	-0.46	0.88
plant	-0.46	0.61
soldiers	-0.46	0.60
allows	-0.46	0.73
eventually	-0.46	0.83
rate	-0.46	0.96
heat	-0.46	0.64
government	-0.46	0.58
fill	-0.46	0.61
wherever	-0.46	0.91
pick	-0.46	0.99
repeatedly	-0.46	0.85
walk	-0.46	0.73
sit	-0.46	0.79
activity	-0.46	0.80
wondered	-0.46	1.09
volume	-0.45	0.72
governments	-0.45	0.63
va	-0.45	0.71
race	-0.45	0.66
vacuums	-0.45	0.61
adds	-0.45	0.69
pr	-0.45	1.17
reasons	-0.45	0.86
experiences	-0.45	1.85
purely	-0.45	0.79
eat	-0.45	0.75
socially	-0.45	0.82
random	-0.45	1.08
illegal	-0.45	0.68
protecting	-0.45	0.86
normal	-0.45	0.72
decline	-0.45	0.79
incredibly	-0.45	1.00
financial	-0.45	1.20
cannabis	-0.44	0.60
sue	-0.44	0.77
rep	-0.44	0.92
system	-0.44	0.77
chemical	-0.44	0.70
attorney	-0.44	0.69
logic	-0.44	0.91
depends	-0.44	0.95
onto	-0.44	0.66
typically	-0.44	0.81
reasonable	-0.44	0.72
bare	-0.44	0.63
fall	-0.44	0.73
him	-0.44	1.10
correctly	-0.44	2.53
shit	-0.44	0.88
randomly	-0.44	0.85
now	-0.44	1.28
developed	-0.44	0.73
failing	-0.44	0.73
spin	-0.44	0.74
rumor	-0.44	1.61
war	-0.44	0.60
crack	-0.43	0.76
standing	-0.43	0.79
premise	-0.43	0.86
distance	-0.43	1.19
meant	-0.43	2.59
during	-0.43	1.46
increases	-0.43	1.07
decision	-0.43	0.77
similar	-0.43	1.16
noise	-0.43	0.98
out	-0.43	0.87
legitimate	-0.43	0.84
awhile	-0.43	1.22
and/or	-0.43	1.21
quit	-0.43	0.76
strikes	-0.43	0.65
walking	-0.43	0.74
corporate	-0.43	0.79
billions	-0.43	0.83
forth	-0.43	0.73
scale	-0.42	0.70
difference	-0.42	0.98
increased	-0.42	1.05
salt	-0.42	0.53
utterly	-0.42	0.92
behind	-0.42	0.70
block	-0.42	0.79
flip	-0.42	0.59
impact	-0.42	0.88
related	-0.42	1.00
change	-0.42	0.88
benefits	-0.42	0.75
presented	-0.42	0.81
gmos	-0.42	0.69
take	-0.42	0.88
riding	-0.42	0.74
marijuana	-0.42	0.59
sufficient	-0.42	0.66
increasing	-0.42	1.06
thus	-0.42	0.85
without	-0.41	0.95
cut	-0.41	0.60
vague	-0.41	1.37
loads	-0.41	0.73
cigarettes	-0.41	0.60
dozens	-0.41	0.83
immediate	-0.41	0.98
saving	-0.41	0.82
fallen	-0.41	1.05
countless	-0.41	0.85
ratio	-0.41	1.02
chance	-0.41	1.15
average	-0.41	0.81
upper	-0.41	0.66
general	-0.41	0.98
cereal	-0.41	1.25
option	-0.41	0.81
safe	-0.41	0.90
rape	-0.41	0.70
rewarding	-0.41	1.51
costs	-0.41	0.69
replaced	-0.41	0.79
laughed	-0.41	1.44
values	-0.41	0.81
rule	-0.41	0.87
easy	-0.40	1.10
desire	-0.40	0.75
rely	-0.40	0.69
deals	-0.40	1.07
target	-0.40	0.68
which	-0.40	2.16
laughing	-0.40	1.39
holding	-0.40	0.64
product	-0.40	0.94
sleeping	-0.40	0.72
rain	-0.40	0.60
remotely	-0.40	0.82
matters	-0.40	0.93
needing	-0.40	0.81
branch	-0.40	0.60
major	-0.40	1.21
differences	-0.40	0.92
cocaine	-0.40	0.67
supply	-0.40	0.66
percent	-0.40	0.78
fucking	-0.40	0.90
unlimited	-0.40	0.67
policies	-0.40	0.63
majority	-0.40	0.72
drop	-0.39	0.73
bastard	-0.39	0.63
conservative	-0.39	0.62
worked	-0.39	1.30
factor	-0.39	0.94
pure	-0.39	0.77
wave	-0.39	0.79
replacement	-0.39	0.74
bullet	-0.39	0.68
chances	-0.39	0.94
victims	-0.39	0.75
somewhere	-0.39	1.15
higher	-0.39	1.08
remind	-0.39	0.81
contacting	-0.39	0.75
increase	-0.39	1.07
greatest	-0.39	2.63
lawyers	-0.39	0.72
function	-0.39	0.83
secrets	-0.39	1.05
crimea	-0.39	0.59
hear	-0.39	0.90
taxes	-0.39	0.66
number	-0.39	0.81
processing	-0.39	1.12
immediately	-0.39	0.88
stuff	-0.38	0.92
miele	-0.38	0.61
by	-0.38	0.88
lower	-0.38	1.09
front	-0.38	0.72
socks	-0.38	0.50
domestic	-0.38	0.69
changes	-0.38	0.83
belong	-0.38	0.83
dozen	-0.38	0.83
profits	-0.38	0.70
constantly	-0.38	0.99
suppose	-0.38	1.37
duck	-0.38	1.16
subject	-0.38	1.01
stealing	-0.38	0.72
blowing	-0.38	0.50
carried	-0.38	0.64
reduced	-0.38	1.01
varies	-0.38	0.84
storm	-0.38	0.58
wind	-0.38	0.59
compare	-0.38	0.81
lens	-0.37	0.63
diet	-0.37	0.60
brand	-0.37	0.60
initial	-0.37	0.96
armed	-0.37	0.62
billion	-0.37	0.82
will	-0.37	0.99
outcome	-0.37	0.82
transportation	-0.37	0.69
based	-0.37	0.82
profit	-0.37	0.69
through	-0.37	0.86
syria	-0.37	0.58
knife	-0.37	0.63
gene	-0.37	1.05
discuss	-0.37	0.83
helps	-0.37	0.73
maintenance	-0.36	0.67
ends	-0.36	0.85
am	-0.36	1.76
essential	-0.36	0.86
sold	-0.36	0.68
sensitive	-0.36	1.02
appeal	-0.36	0.74
employer	-0.36	0.79
remains	-0.36	0.80
depend	-0.36	0.96
gmo	-0.36	0.67
internal	-0.36	0.78
grab	-0.36	0.61
touch	-0.36	0.73
percentage	-0.36	0.72
contacts	-0.36	0.71
habit	-0.36	0.78
objective	-0.36	0.79
repair	-0.36	0.81
concerning	-0.36	1.04
many	-0.36	0.85
artificial	-0.36	0.60
communities	-0.36	0.63
rare	-0.36	0.93
consume	-0.36	0.63
wasnt	-0.36	1.06
largest	-0.36	1.70
frame	-0.35	0.67
jump	-0.35	0.71
allow	-0.35	0.78
electricity	-0.35	0.67
marketing	-0.35	1.16
life	-0.35	1.81
affected	-0.35	0.88
touching	-0.35	1.28
throwing	-0.35	0.66
addressed	-0.35	0.99
wall	-0.35	0.57
employee	-0.35	1.02
leaders	-0.35	0.59
publicly	-0.35	0.80
legal	-0.35	0.65
order	-0.35	0.69
bodies	-0.35	0.71
employees	-0.35	1.04
manager	-0.35	1.05
failure	-0.35	0.84
hence	-0.35	0.79
zone	-0.35	0.82
heck	-0.35	1.29
electric	-0.35	0.61
daily	-0.35	0.81
healthcare	-0.35	0.67
commercial	-0.35	0.66
ourselves	-0.35	0.80
included	-0.34	0.90
per	-0.34	0.75
economic	-0.34	0.80
viable	-0.34	0.79
beforehand	-0.34	0.86
urban	-0.34	0.63
nurses	-0.34	0.71
intend	-0.34	0.85
whatsoever	-0.34	0.80
ban	-0.34	0.59
act	-0.34	0.60
visible	-0.34	0.67
areas	-0.34	0.79
table	-0.34	0.64
offered	-0.34	0.65
tax	-0.34	0.66
into	-0.33	0.75
sized	-0.33	1.03
cooked	-0.33	0.57
jordan	-0.33	0.70
chemicals	-0.33	0.70
themselves	-0.33	0.86
effect	-0.33	1.01
combination	-0.33	0.83
saved	-0.33	0.75
pot	-0.33	0.60
persons	-0.33	0.76
vegan	-0.33	0.60
population	-0.33	0.65
wages	-0.33	0.75
orders	-0.33	0.89
1	-0.33	1.50
means	-0.33	1.63
swim	-0.33	0.57
nuclear	-0.33	0.66
towards	-0.33	0.65
buildings	-0.33	0.62
tl	-0.33	0.87
scientific	-0.33	0.78
officially	-0.33	0.82
retail	-0.33	0.83
favorite	-0.33	2.64
accept	-0.33	0.69
size	-0.33	0.75
priority	-0.32	1.17
fail	-0.32	0.82
communicate	-0.32	0.83
trained	-0.32	0.99
care	-0.32	0.65
theres	-0.32	0.86
sale	-0.32	0.77
ll	-0.32	1.05
thousand	-0.32	0.84
managers	-0.32	1.07
management	-0.32	1.07
doors	-0.32	0.59
minds	-0.32	0.95
pulling	-0.32	0.89
force	-0.32	0.63
stopped	-0.32	0.83
shake	-0.32	0.50
safely	-0.32	0.85
stock	-0.32	0.76
pussy	-0.32	0.61
spending	-0.32	0.71
position	-0.32	0.93
shut	-0.32	0.61
guess	-0.32	1.35
sat	-0.32	0.81
wheel	-0.32	0.70
tests	-0.32	0.55
biased	-0.31	0.86
procedures	-0.31	0.73
happiness	-0.31	1.12
foods	-0.31	0.63
etc	-0.31	0.78
though	-0.31	1.33
additionally	-0.31	0.79
numerous	-0.31	0.84
fees	-0.31	0.65
pie	-0.31	0.57
minimal	-0.31	0.74
sky	-0.31	0.60
personal	-0.31	1.02
speed	-0.31	0.76
hell	-0.31	0.96
ate	-0.31	0.72
own	-0.31	0.97
troops	-0.31	0.58
pink	-0.31	0.53
described	-0.31	1.03
operate	-0.31	0.64
bar	-0.31	0.59
massage	-0.31	0.69
policy	-0.31	0.75
form	-0.31	0.81
purposes	-0.31	0.82
raw	-0.31	0.64
including	-0.31	0.84
hidden	-0.30	0.75
focusing	-0.30	0.83
island	-0.30	1.04
ukraine	-0.30	0.61
honey	-0.30	0.57
wage	-0.30	0.79
sun	-0.30	0.62
contact	-0.30	0.78
chose	-0.30	0.74
couch	-0.30	0.79
roughly	-0.30	0.77
ups	-0.30	0.92
forcing	-0.30	0.75
officials	-0.30	0.61
beings	-0.30	0.62
dish	-0.30	0.52
demand	-0.30	0.71
hearts	-0.30	0.71
regular	-0.30	0.69
forms	-0.30	0.85
horse	-0.30	1.07
provides	-0.30	0.71
officers	-0.30	0.63
energy	-0.30	0.68
society	-0.30	0.92
cant	-0.30	0.94
farmers	-0.30	0.62
generally	-0.30	0.89
expense	-0.30	0.72
fought	-0.29	0.67
snow	-0.29	0.59
determined	-0.29	0.75
nearby	-0.29	1.05
failed	-0.29	0.70
purpose	-0.29	0.92
social	-0.29	0.79
adapt	-0.29	0.88
legalization	-0.29	0.66
nk	-0.29	0.53
income	-0.29	0.65
serve	-0.29	0.58
corporations	-0.29	0.65
worth	-0.29	0.75
hundred	-0.29	0.98
budget	-0.29	0.71
vision	-0.29	0.73
enforcement	-0.29	0.64
resource	-0.29	0.68
ass	-0.29	0.65
store	-0.29	0.84
decade	-0.29	0.98
bring	-0.29	0.76
financially	-0.29	0.89
enter	-0.29	0.63
blew	-0.29	0.66
i.e	-0.29	0.84
walmart	-0.29	0.82
stop	-0.29	0.81
activities	-0.29	0.65
away	-0.28	0.84
stores	-0.28	0.77
forces	-0.28	0.59
housing	-0.28	0.68
nuts	-0.28	0.60
political	-0.28	0.75
driver	-0.28	0.66
placed	-0.28	0.70
abused	-0.28	1.07
consumer	-0.28	0.87
habits	-0.28	0.74
giant	-0.28	0.67
weapons	-0.28	0.66
want	-0.28	1.09
measures	-0.28	0.70
originally	-0.28	1.09
twice	-0.28	1.34
up	-0.28	0.83
sorts	-0.28	0.88
ask	-0.28	1.13
practical	-0.28	0.77
granted	-0.28	0.70
wish	-0.28	1.06
surrounding	-0.28	0.88
learned	-0.28	1.30
expenses	-0.28	0.67
several	-0.28	0.86
streets	-0.28	0.57
10,000	-0.28	0.81
peace	-0.27	0.60
methods	-0.27	0.73
widely	-0.27	0.80
test	-0.27	0.54
story	-0.27	1.73
certain	-0.27	1.10
alternative	-0.27	0.80
interactions	-0.27	1.25
kick	-0.27	0.60
bank	-0.27	0.60
designed	-0.27	0.93
multiple	-0.27	0.88
calories	-0.27	0.63
protein	-0.27	0.62
fee	-0.27	0.67
look	-0.27	0.98
say	-0.27	1.21
determine	-0.27	0.78
client	-0.27	0.89
various	-0.27	0.91
those	-0.27	0.91
paid	-0.27	0.69
retire	-0.27	0.85
pocket	-0.27	0.66
set	-0.27	2.53
least	-0.27	1.36
handed	-0.27	0.63
organic	-0.27	0.62
explains	-0.26	0.96
machine	-0.26	0.56
eggs	-0.26	0.58
pays	-0.26	0.68
sticking	-0.26	0.65
shop	-0.26	0.67
shaped	-0.26	0.72
self	-0.26	0.62
qualify	-0.26	0.65
pay	-0.26	0.67
met	-0.26	1.47
method	-0.26	1.03
labeling	-0.26	0.67
humans	-0.26	0.65
debate	-0.26	0.85
successfully	-0.26	0.90
contain	-0.26	0.71
investment	-0.26	0.78
trolling	-0.26	0.72
entire	-0.26	1.73
differ	-0.26	0.88
value	-0.26	0.72
capitalism	-0.26	0.77
seats	-0.26	0.61
ice	-0.25	0.60
process	-0.25	1.15
peoples	-0.25	0.92
begin	-0.25	0.83
us	-0.25	0.87
portion	-0.25	1.17
seek	-0.25	0.69
choice	-0.25	0.94
additional	-0.25	0.65
items	-0.25	0.76
2-3	-0.25	0.89
location	-0.25	1.21
grocery	-0.25	0.79
banks	-0.25	0.74
similarly	-0.25	0.80
principle	-0.25	0.74
filling	-0.25	0.52
lock	-0.25	0.66
shortly	-0.25	0.90
two	-0.25	0.85
disabled	-0.25	1.03
meh	-0.25	1.15
around	-0.25	0.81
wealth	-0.25	0.72
rational	-0.25	0.81
conscious	-0.25	1.13
kinds	-0.25	0.89
job	-0.25	1.37
basis	-0.25	0.88
greater	-0.25	0.90
involve	-0.25	0.96
thru	-0.24	0.68
poorly	-0.24	0.96
rise	-0.24	0.85
measure	-0.24	0.80
killer	-0.24	0.81
discussing	-0.24	0.80
chosen	-0.24	0.86
weed	-0.24	0.60
called	-0.24	0.80
define	-0.24	1.18
favourite	-0.24	2.62
hair	-0.24	0.55
adjust	-0.24	1.08
dollars	-0.24	0.80
separate	-0.24	0.86
tits	-0.24	0.64
enjoyable	-0.24	1.51
rent	-0.24	0.66
faces	-0.24	1.06
citizens	-0.24	0.67
invest	-0.24	0.75
discount	-0.24	0.89
being	-0.24	0.77
people	-0.24	0.82
facilities	-0.24	0.65
democracy	-0.24	0.65
politicians	-0.24	0.63
parts	-0.24	1.52
money	-0.24	0.75
assistance	-0.24	0.70
bed	-0.23	0.67
bitch	-0.23	0.78
ball	-0.23	0.66
economy	-0.23	1.04
discovered	-0.23	1.14
idk	-0.23	1.22
contains	-0.23	0.62
possibility	-0.23	0.89
shown	-0.23	0.88
shops	-0.23	0.71
strictly	-0.23	0.78
smoked	-0.23	0.61
deserves	-0.23	1.01
ingredients	-0.23	0.64
lets	-0.23	0.88
finally	-0.23	0.88
yup	-0.23	1.18
outside	-0.23	0.73
guns	-0.23	0.67
going	-0.23	1.27
regulation	-0.23	0.66
tuition	-0.23	0.69
carry	-0.23	0.64
cuts	-0.23	0.76
consciousness	-0.23	0.71
mob	-0.23	0.78
supplies	-0.23	0.67
over	-0.23	0.85
soft	-0.23	0.79
obtain	-0.23	0.69
crops	-0.23	0.63
culture	-0.23	0.67
farms	-0.23	0.66
e.g	-0.23	0.83
sustainable	-0.22	0.68
paying	-0.22	0.66
transport	-0.22	0.69
shipping	-0.22	0.80
fat	-0.22	0.65
nurse	-0.22	0.74
cookies	-0.22	0.55
letting	-0.22	0.76
fried	-0.22	0.56
99	-0.22	0.90
commonly	-0.22	0.96
soul	-0.22	0.59
enough	-0.22	0.90
limit	-0.22	0.75
struggling	-0.22	1.04
includes	-0.22	0.77
authority	-0.22	0.66
nowhere	-0.22	0.79
discover	-0.22	0.93
regularly	-0.22	0.80
minimum	-0.22	0.74
necessary	-0.22	0.89
trading	-0.22	0.77
roads	-0.22	0.65
stays	-0.22	0.89
corn	-0.22	0.58
completely	-0.21	0.88
insurance	-0.21	0.66
aspects	-0.21	1.05
standard	-0.21	0.74
high	-0.21	1.12
airline	-0.21	0.75
tied	-0.21	0.73
error	-0.21	2.28
reform	-0.21	0.72
plan	-0.21	0.98
travels	-0.21	1.98
superior	-0.21	0.72
period	-0.21	1.09
mirror	-0.21	0.64
brains	-0.21	0.75
package	-0.21	0.76
getting	-0.21	0.97
despite	-0.21	0.91
losing	-0.21	0.81
apartment	-0.21	0.83
dna	-0.21	0.75
regulations	-0.21	0.69
hitting	-0.21	0.69
packages	-0.21	0.77
satisfied	-0.20	2.00
employment	-0.20	0.81
vast	-0.20	0.87
whereas	-0.20	0.66
amount	-0.20	0.77
preferred	-0.20	1.33
gas	-0.20	0.61
these	-0.20	0.93
mandatory	-0.20	0.68
ensure	-0.20	0.93
connection	-0.20	1.08
meat	-0.20	0.62
dropping	-0.20	0.69
blind	-0.20	0.98
common	-0.20	0.97
planet	-0.20	0.93
selection	-0.20	0.75
therapist	-0.20	0.74
duty	-0.20	0.63
liberal	-0.20	0.66
dark	-0.20	0.58
fundamental	-0.20	0.80
needed	-0.20	0.85
primary	-0.20	0.83
loaded	-0.20	0.69
incentive	-0.19	0.67
include	-0.19	0.83
compensation	-0.19	0.69
warehouse	-0.19	0.85
security	-0.19	0.69
didnt	-0.19	1.03
spreading	-0.19	0.70
connections	-0.19	1.28
100	-0.19	0.96
brands	-0.19	0.62
terms	-0.19	0.94
length	-0.19	0.85
pack	-0.19	0.64
employers	-0.19	0.83
object	-0.19	0.73
vary	-0.19	0.90
solutions	-0.19	0.84
factory	-0.19	0.68
shopping	-0.19	0.66
broad	-0.19	1.10
requirements	-0.19	0.74
groups	-0.19	0.58
myself	-0.19	0.91
curious	-0.19	1.55
tested	-0.19	0.88
expansion	-0.19	0.70
after	-0.19	0.96
fbi	-0.19	0.70
1000	-0.19	0.79
business	-0.19	0.82
potatoes	-0.19	0.55
mile	-0.19	0.76
controversial	-0.18	0.90
height	-0.18	0.74
changed	-0.18	0.97
gun	-0.18	0.68
describing	-0.18	1.04
deep	-0.18	0.71
participate	-0.18	0.72
time	-0.18	1.61
run	-0.18	0.64
airplane	-0.18	0.67
offers	-0.18	0.71
smoking	-0.18	0.63
reliable	-0.18	0.72
aid	-0.18	0.70
chip	-0.18	0.87
strike	-0.18	0.68
jet	-0.18	0.64
opportunities	-0.18	0.89
lacking	-0.18	1.03
picked	-0.18	0.80
plane	-0.18	0.67
rich	-0.18	0.77
contribute	-0.18	0.74
created	-0.18	0.72
iran	-0.17	0.58
concrete	-0.17	0.55
approved	-0.17	0.67
any	-0.17	1.16
fighting	-0.17	0.61
profitable	-0.17	0.77
controlled	-0.17	0.73
shed	-0.17	1.13
select	-0.17	1.07
gt	-0.17	2.50
natural	-0.17	0.75
highest	-0.17	1.28
control	-0.17	0.70
free	-0.17	0.66
shall	-0.17	0.61
opened	-0.17	0.75
other	-0.17	0.94
officer	-0.17	0.64
advertising	-0.17	0.74
philosophy	-0.17	0.69
recent	-0.17	0.91
according	-0.17	0.83
dealer	-0.17	0.62
comfort	-0.17	0.79
three	-0.17	0.87
businesses	-0.17	0.70
few	-0.17	0.87
examples	-0.17	0.73
dollar	-0.17	0.75
bills	-0.17	0.65
guard	-0.17	0.69
military	-0.17	0.62
operations	-0.17	0.78
weapon	-0.17	0.67
homes	-0.17	0.86
remembered	-0.17	0.84
hung	-0.17	0.81
legally	-0.17	0.86
proud	-0.16	2.38
consumers	-0.16	0.64
actively	-0.16	0.73
attached	-0.16	0.66
pipe	-0.16	0.59
shape	-0.16	0.67
cooking	-0.16	0.56
exposure	-0.16	0.77
salad	-0.16	0.56
pattern	-0.16	0.79
miles	-0.16	0.83
elaborate	-0.16	0.88
course	-0.16	0.91
identity	-0.16	0.73
feet	-0.16	0.69
changing	-0.16	0.83
looks	-0.16	1.06
rice	-0.16	0.55
pointed	-0.16	1.22
gap	-0.16	0.89
joy	-0.16	1.21
movement	-0.16	0.61
worker	-0.16	0.87
law	-0.16	0.69
lifestyle	-0.16	0.78
doc	-0.15	0.69
accomplish	-0.15	1.07
goods	-0.15	0.77
monsters	-0.15	0.84
firm	-0.15	0.82
silence	-0.15	0.91
workers	-0.15	0.78
bars	-0.15	0.58
meals	-0.15	0.64
plate	-0.15	0.58
rocket	-0.15	0.59
consideration	-0.15	0.74
owe	-0.15	0.69
mcdonalds	-0.15	0.80
laugh	-0.15	1.31
banana	-0.15	0.53
beyond	-0.15	0.76
local	-0.15	0.71
cook	-0.15	0.57
jackass	-0.15	2.39
finding	-0.15	0.78
reports	-0.15	0.72
topic	-0.15	0.90
ready	-0.15	0.95
iraq	-0.15	0.59
supposedly	-0.15	0.78
cell	-0.15	0.70
amounts	-0.15	0.71
reality	-0.15	0.83
soup	-0.14	0.56
wrap	-0.14	0.54
funeral	-0.14	1.59
pizza	-0.14	0.59
license	-0.14	0.66
square	-0.14	0.65
vegetarian	-0.14	0.65
politics	-0.14	0.73
spend	-0.14	0.89
deeply	-0.14	1.02
receiving	-0.14	0.72
rights	-0.14	0.69
scratch	-0.14	0.65
counting	-0.14	0.73
industries	-0.14	0.71
houses	-0.14	0.70
gang	-0.14	0.57
hire	-0.14	0.87
carrying	-0.14	0.66
perception	-0.14	0.96
identify	-0.14	0.89
maximum	-0.14	0.84
interests	-0.14	0.90
sleep	-0.13	0.97
present	-0.13	0.89
ten	-0.13	0.88
routine	-0.13	0.70
options	-0.13	0.74
400	-0.13	0.78
laid	-0.13	1.12
association	-0.13	0.65
five	-0.13	0.88
eight	-0.13	0.88
cultures	-0.13	0.64
same	-0.13	1.82
payments	-0.13	0.65
meeting	-0.13	0.86
lives	-0.13	1.01
invested	-0.13	0.73
every	-0.13	1.57
ethics	-0.13	0.68
passengers	-0.13	0.71
democratic	-0.13	0.63
hanging	-0.13	0.68
defined	-0.13	1.01
capital	-0.13	0.73
audience	-0.13	0.79
requirement	-0.13	0.69
status	-0.13	0.73
products	-0.13	0.66
planes	-0.13	0.68
delivered	-0.13	0.73
gate	-0.13	0.65
loans	-0.13	0.66
ordered	-0.13	0.61
500	-0.13	0.79
understanding	-0.12	0.80
repeat	-0.12	0.85
sentences	-0.12	1.61
meetings	-0.12	0.77
note	-0.12	0.96
dairy	-0.12	0.66
salary	-0.12	0.75
statistics	-0.12	0.77
depending	-0.12	0.86
promise	-0.12	0.74
add	-0.12	0.55
human	-0.12	0.65
food	-0.12	0.64
oil	-0.12	0.60
savings	-0.12	0.67
beans	-0.12	0.53
debt	-0.12	0.66
extra	-0.12	0.58
neutrality	-0.12	0.68
individuals	-0.12	0.74
earn	-0.12	0.66
types	-0.12	1.01
complex	-0.12	0.96
raped	-0.12	0.86
chicken	-0.12	0.54
switch	-0.12	0.68
twenty	-0.12	0.88
perspective	-0.12	1.12
supreme	-0.12	0.63
small	-0.12	0.73
rural	-0.12	0.69
catch	-0.12	0.74
scope	-0.12	0.78
generate	-0.12	0.67
operating	-0.12	0.61
helicopter	-0.11	0.66
pass	-0.11	0.74
commission	-0.11	0.73
army	-0.11	0.64
wealthy	-0.11	0.68
level	-0.11	0.98
tsa	-0.11	0.68
chips	-0.11	0.57
pilots	-0.11	0.71
power	-0.11	0.67
studies	-0.11	0.68
pants	-0.11	0.55
storage	-0.11	1.04
4	-0.11	0.92
covering	-0.11	0.85
refer	-0.11	1.34
premium	-0.11	0.67
highlight	-0.11	1.91
rules	-0.11	0.75
support	-0.11	0.62
practice	-0.11	0.68
mask	-0.11	0.55
lose	-0.11	0.68
keeps	-0.11	0.78
federal	-0.11	0.65
bought	-0.11	0.67
private	-0.11	0.71
remote	-0.11	0.91
standards	-0.10	0.71
pounds	-0.10	0.71
contract	-0.10	0.70
200	-0.10	0.82
revealed	-0.10	0.74
resources	-0.10	0.71
reflect	-0.10	0.86
testing	-0.10	0.67
nation	-0.10	1.08
start	-0.10	0.86
flying	-0.10	0.66
finance	-0.10	0.84
stem	-0.10	0.80
steak	-0.10	0.55
meal	-0.10	0.65
nail	-0.10	0.68
given	-0.10	0.83
properly	-0.10	0.95
intended	-0.10	1.18
educate	-0.10	0.69
monthly	-0.10	0.65
sector	-0.10	0.80
driving	-0.10	0.67
moves	-0.10	0.74
crowd	-0.10	0.99
direction	-0.10	0.82
marriage	-0.10	0.85
anal	-0.10	0.64
technical	-0.09	1.15
street	-0.09	0.63
engines	-0.09	0.65
couple	-0.09	0.88
approach	-0.09	0.85
fuck	-0.09	0.88
libertarian	-0.09	0.71
steps	-0.09	0.84
range	-0.09	0.80
hmmm	-0.09	1.18
concept	-0.09	0.92
grow	-0.09	0.61
nations	-0.09	0.98
representation	-0.09	0.74
<SPECIAL>	-0.09	0.60
<URL>	-0.09	0.60
limits	-0.09	0.69
seven	-0.09	0.88
began	-0.09	0.87
universal	-0.09	0.73
5	-0.09	0.87
fly	-0.09	0.66
bacon	-0.09	0.51
markets	-0.09	0.73
nope	-0.09	1.24
reporting	-0.09	0.80
agencies	-0.09	0.66
dinosaur	-0.09	1.04
afghanistan	-0.09	0.58
label	-0.09	0.66
implement	-0.09	0.75
exercise	-0.08	0.65
property	-0.08	0.76
glory	-0.08	0.63
collection	-0.08	0.65
individual	-0.08	0.97
aircraft	-0.08	0.66
customers	-0.08	0.96
lesser	-0.08	1.18
entry	-0.08	0.79
follow	-0.08	0.70
improve	-0.08	0.82
four	-0.08	0.88
150	-0.08	0.81
nature	-0.08	0.76
details	-0.08	0.86
passing	-0.08	0.78
organized	-0.08	0.60
topics	-0.08	0.84
engage	-0.08	0.81
well	-0.08	1.11
freedom	-0.08	0.71
required	-0.08	0.75
ownership	-0.08	0.72
beneficial	-0.08	0.99
laws	-0.07	0.68
dunno	-0.07	1.21
300	-0.07	0.81
report	-0.07	0.73
pair	-0.07	0.55
seeking	-0.07	0.68
offer	-0.07	0.70
awareness	-0.07	0.71
ill	-0.07	1.00
hired	-0.07	0.90
reach	-0.07	0.83
fries	-0.07	0.55
variety	-0.07	0.88
fascinated	-0.07	1.80
cop	-0.07	0.80
endless	-0.07	0.81
materials	-0.07	0.68
limited	-0.07	0.81
appears	-0.07	0.75
conference	-0.07	0.77
serves	-0.07	0.66
paperwork	-0.07	0.77
shoe	-0.07	0.52
closed	-0.06	0.65
back	-0.06	0.83
pilot	-0.06	0.71
provide	-0.06	0.68
thoughts	-0.06	0.91
some	-0.06	0.89
hotel	-0.06	0.60
pawn	-0.06	0.74
ancient	-0.06	0.62
allowing	-0.06	0.68
desert	-0.06	0.59
represent	-0.06	0.84
switched	-0.06	0.77
gain	-0.06	0.76
current	-0.06	0.83
soldier	-0.06	0.69
thats	-0.06	1.14
6	-0.06	0.87
reached	-0.06	0.85
scientists	-0.06	0.81
breakfast	-0.06	0.65
feeding	-0.06	0.89
promote	-0.06	0.70
consumption	-0.06	0.63
units	-0.06	0.62
give	-0.06	0.83
10	-0.06	0.86
publicity	-0.06	1.22
capable	-0.06	0.76
healthy	-0.06	0.66
restaurants	-0.06	0.65
cents	-0.06	0.84
department	-0.06	0.79
whilst	-0.05	1.04
market	-0.05	0.73
reveal	-0.05	0.78
accepted	-0.05	0.66
tank	-0.05	0.59
evolved	-0.05	0.67
drives	-0.05	0.67
choosing	-0.05	0.76
comcast	-0.05	0.96
parking	-0.05	0.65
legislation	-0.05	0.70
built	-0.05	0.64
weight	-0.05	0.65
gods	-0.05	0.53
yep	-0.05	1.08
data	-0.05	0.96
expand	-0.05	0.72
50	-0.05	0.84
company	-0.05	0.86
companies	-0.05	0.72
digging	-0.05	0.65
holy	-0.05	0.88
secret	-0.04	0.71
farm	-0.04	0.70
mistakes	-0.04	2.22
machines	-0.04	0.59
bread	-0.04	0.47
unit	-0.04	0.65
agency	-0.04	0.69
six	-0.04	0.88
trade	-0.04	0.72
3	-0.04	0.95
egg	-0.04	0.53
objects	-0.04	0.71
public	-0.04	0.70
plus	-0.04	0.67
hiring	-0.04	0.87
drivers	-0.04	0.70
require	-0.04	0.79
putting	-0.04	0.67
stretch	-0.04	0.70
critical	-0.04	0.82
referring	-0.04	1.88
sandwiches	-0.04	0.51
aim	-0.04	0.79
road	-0.04	0.69
75	-0.04	0.81
agreement	-0.04	0.67
lift	-0.03	0.63
menu	-0.03	0.67
navy	-0.03	0.64
biological	-0.03	0.79
joining	-0.03	0.76
offering	-0.03	0.68
combat	-0.03	0.63
drive	-0.03	0.69
history	-0.03	1.15
research	-0.03	0.71
7	-0.03	0.86
gender	-0.03	0.77
secure	-0.03	0.72
20	-0.03	0.85
actual	-0.03	0.83
our	-0.03	1.15
vehicles	-0.03	0.64
month	-0.03	0.81
flight	-0.03	0.71
improving	-0.03	0.80
used	-0.03	1.26
crossed	-0.03	0.78
join	-0.03	0.67
source	-0.03	0.68
car	-0.03	0.64
subway	-0.03	0.67
bucks	-0.03	0.86
23	-0.03	0.87
ended	-0.02	1.00
experiment	-0.02	0.71
8	-0.02	0.86
19	-0.02	0.87
specific	-0.02	1.07
provided	-0.02	0.70
service	-0.02	0.99
dive	-0.02	0.65
historical	-0.02	0.71
load	-0.02	0.73
ad	-0.02	0.65
battery	-0.02	0.63
clients	-0.02	0.93
amongst	-0.02	0.81
expecting	-0.02	1.43
constitution	-0.02	0.67
flights	-0.02	0.72
earth	-0.02	0.98
net	-0.02	0.67
cap	-0.02	0.51
apply	-0.02	0.70
deaf	-0.02	1.25
long-term	-0.02	0.81
russia	-0.02	0.62
celebrity	-0.02	2.36
industrial	-0.02	0.65
cheese	-0.02	0.51
powers	-0.02	0.76
study	-0.02	0.74
punch	-0.02	0.57
wings	-0.02	0.58
vehicle	-0.02	0.65
spare	-0.02	0.72
equal	-0.01	0.72
sexuality	-0.01	0.72
running	-0.01	0.62
ghost	-0.01	1.36
backed	-0.01	0.62
lab	-0.01	0.69
viewed	-0.01	0.72
coworkers	-0.01	1.48
effective	-0.01	0.76
sources	-0.01	0.67
9	-0.01	0.86
bike	-0.01	0.70
60	-0.01	0.83
excited	-0.01	2.29
corps	-0.01	0.66
neighbor	-0.01	1.91
70	-0.01	0.82
nsa	-0.01	0.68
requires	-0.01	0.79
negative	-0.01	0.78
affect	-0.01	0.82
restaurant	-0.01	0.61
elected	-0.01	0.60
guidelines	-0.01	0.65
using	-0.01	0.84
switching	-0.00	0.71
capacity	-0.00	0.73
return	-0.00	0.74
expanding	-0.00	0.72
house	-0.00	1.19
key	-0.00	0.89
chain	-0.00	0.79
places	-0.00	1.15
hoping	-0.00	1.06
15	-0.00	0.85
established	-0.00	0.69
gay	-0.00	0.83
30	0.00	0.84
interest	0.00	0.78
proposed	0.00	0.76
among	0.00	0.83
move	0.00	0.73
families	0.00	1.12
beef	0.01	0.57
peanut	0.01	0.56
serving	0.01	0.66
visa	0.01	0.66
solar	0.01	0.70
applications	0.01	0.73
species	0.01	0.66
administration	0.01	0.64
served	0.01	0.72
12	0.01	0.85
each	0.01	0.87
loose	0.01	0.66
focus	0.01	0.87
mouse	0.01	0.68
spoke	0.01	1.07
butter	0.01	0.56
automatically	0.01	0.73
surface	0.01	0.62
main	0.01	1.37
trend	0.01	0.77
arrived	0.01	0.76
35	0.01	0.83
strategy	0.02	0.79
marine	0.02	0.71
blocks	0.02	0.75
definition	0.02	1.32
analysis	0.02	0.69
40	0.02	0.84
promotion	0.02	1.09
lost	0.02	1.33
receive	0.02	0.70
started	0.02	0.92
application	0.02	0.70
2	0.02	0.92
interpretation	0.02	1.21
sample	0.02	0.66
grandfather	0.02	1.80
25	0.02	0.84
external	0.02	0.71
criticism	0.02	0.63
kept	0.02	0.82
route	0.02	0.96
pepper	0.02	0.55
degrees	0.02	0.73
spent	0.02	0.96
empire	0.03	0.66
opportunity	0.03	0.86
inch	0.03	0.72
24	0.03	0.84
tie	0.03	0.53
checks	0.03	0.67
later	0.03	0.93
politician	0.03	0.69
core	0.03	1.00
internship	0.03	0.83
contracts	0.03	0.72
45	0.03	0.84
donate	0.03	0.67
bus	0.03	0.68
bridge	0.03	0.79
organizations	0.03	0.67
horses	0.03	1.12
village	0.03	0.98
explore	0.03	0.77
pursuing	0.03	0.96
wing	0.03	0.70
produce	0.03	0.63
jobs	0.04	0.82
seem	0.04	1.02
building	0.04	0.62
studying	0.04	0.86
casino	0.04	0.62
raise	0.04	0.72
inches	0.04	0.75
traffic	0.04	0.66
their	0.04	1.00
updates	0.04	0.65
reputation	0.04	0.74
suggest	0.04	0.80
split	0.04	0.78
balance	0.04	0.75
bottom	0.04	0.88
construction	0.04	0.64
systems	0.04	0.72
funds	0.04	0.66
knowledge	0.04	1.02
across	0.04	0.87
someday	0.05	0.93
ai	0.05	0.94
turning	0.05	0.69
chipotle	0.05	0.59
joined	0.05	0.75
border	0.05	0.65
communication	0.05	0.90
fit	0.05	0.60
frozen	0.05	0.52
encourage	0.05	0.69
fake	0.05	0.58
amazon	0.05	0.84
region	0.05	0.67
access	0.05	0.76
lettuce	0.05	0.51
checked	0.05	0.65
techniques	0.05	0.72
payment	0.05	0.61
develop	0.05	0.69
11	0.05	0.86
sharks	0.05	0.67
shirt	0.05	0.51
subjects	0.05	0.78
confirm	0.05	0.82
congress	0.05	0.64
ol	0.05	0.69
outlook	0.05	0.94
pointing	0.05	2.05
positions	0.05	0.85
manner	0.06	0.85
14	0.06	0.86
type	0.06	2.03
13	0.06	0.86
yea	0.06	1.10
introduce	0.06	0.78
union	0.06	0.69
fields	0.06	0.90
infrastructure	0.06	0.78
sandwich	0.06	0.49
ticket	0.06	0.68
woods	0.06	0.61
command	0.06	0.67
adding	0.06	0.64
push	0.06	0.69
korea	0.06	0.57
agreed	0.06	0.69
landed	0.07	0.68
long	0.07	0.97
cross	0.07	0.80
hat	0.07	0.52
seriously	0.07	1.24
background	0.07	0.84
craft	0.07	0.56
funded	0.07	0.64
throughout	0.07	1.15
helping	0.07	0.69
within	0.07	0.91
controls	0.07	0.65
field	0.07	0.91
concepts	0.07	0.78
took	0.07	0.92
since	0.07	1.17
shirts	0.07	0.51
international	0.07	0.69
owned	0.07	0.79
she	0.07	1.91
owns	0.07	1.79
conversations	0.08	1.09
mechanics	0.08	0.85
parties	0.08	0.70
numbers	0.08	0.76
russian	0.08	0.84
cash	0.08	0.64
totally	0.08	0.89
neither	0.08	1.87
carefully	0.08	0.81
strip	0.08	0.56
donated	0.08	0.69
huh	0.08	1.20
16	0.08	0.86
ago	0.08	0.94
simple	0.08	0.98
18	0.08	0.86
representative	0.08	0.65
17	0.08	0.86
fair	0.08	0.86
purchased	0.08	0.71
21	0.09	0.86
28	0.09	0.86
22	0.09	0.86
animal	0.09	0.79
applied	0.09	0.72
27	0.09	0.86
creation	0.09	0.60
airport	0.09	0.69
chef	0.09	0.57
tone	0.09	0.81
boom	0.09	0.71
psychology	0.09	0.79
rumors	0.09	0.94
minutes	0.09	0.93
papers	0.09	0.78
adequate	0.09	0.80
continue	0.09	0.78
minute	0.09	0.92
professionals	0.09	0.74
hour	0.09	0.88
cars	0.09	0.62
organization	0.09	0.67
piece	0.10	1.53
circle	0.10	0.63
older	0.10	1.39
implemented	0.10	0.85
decades	0.10	0.93
wide	0.10	0.81
biology	0.10	0.79
gained	0.10	0.81
transfer	0.10	0.67
staff	0.10	0.82
vote	0.10	0.63
beat	0.10	0.84
secondary	0.10	0.74
warning	0.10	0.72
robot	0.10	0.79
invited	0.10	0.78
file	0.11	0.69
hearing	0.11	0.74
equally	0.11	0.93
seconds	0.11	0.93
qualified	0.11	0.72
step	0.11	0.78
subtle	0.11	0.75
programs	0.11	0.69
vibe	0.11	0.94
wood	0.11	0.56
chemistry	0.11	0.78
attention	0.11	0.71
fed	0.11	0.80
information	0.11	0.73
upgrade	0.11	0.73
expertise	0.11	0.82
interviewed	0.11	0.99
childhood	0.11	1.82
another	0.12	2.04
iirc	0.12	0.74
consistently	0.12	1.07
display	0.12	0.64
boot	0.12	0.64
curiosity	0.12	0.78
shots	0.12	0.81
learn	0.12	1.05
republican	0.12	0.62
carrier	0.12	0.75
aliens	0.12	0.59
card	0.12	0.76
train	0.12	0.75
flash	0.12	1.07
sexual	0.13	0.75
equipment	0.13	0.67
burger	0.13	0.57
driven	0.13	0.68
shared	0.13	1.23
moving	0.13	0.70
formed	0.13	0.77
consent	0.13	0.72
path	0.13	1.04
potato	0.13	0.56
mcdonald	0.13	0.72
bet	0.13	0.94
verify	0.13	0.71
cows	0.13	0.78
delivery	0.13	0.87
theory	0.13	0.66
fighter	0.13	0.60
half	0.13	1.27
growth	0.13	0.74
strict	0.13	0.69
foreign	0.13	0.68
fight	0.13	0.67
line	0.13	2.03
taco	0.13	0.60
large	0.13	0.76
colorado	0.13	0.58
efforts	0.13	0.71
ocean	0.13	0.62
education	0.14	0.75
venture	0.14	0.73
open	0.14	0.68
showing	0.14	0.59
grown	0.14	0.71
explaining	0.14	0.94
sentence	0.14	2.16
pump	0.14	0.64
while	0.14	0.86
fish	0.14	0.62
science	0.14	0.75
united	0.14	0.96
cities	0.14	0.68
president	0.14	0.61
progressive	0.14	0.63
coverage	0.14	0.69
phd	0.14	0.78
create	0.14	0.70
cup	0.14	0.66
mechanical	0.14	0.78
economics	0.14	0.76
skip	0.14	0.81
sea	0.14	0.64
dreams	0.14	1.34
mexican	0.14	0.52
connect	0.14	0.80
fixed	0.14	2.07
address	0.14	0.73
hopes	0.15	0.98
goal	0.15	1.07
korean	0.15	0.72
woke	0.15	0.94
versus	0.15	0.77
pool	0.15	0.59
focused	0.15	0.82
indeed	0.15	0.92
folks	0.15	0.71
returned	0.15	0.78
pushing	0.15	0.65
expert	0.15	0.86
gravity	0.15	0.68
hmm	0.16	1.28
worthy	0.16	0.57
basic	0.16	0.80
again	0.16	1.00
members	0.16	0.82
different	0.16	0.90
flag	0.16	0.59
currently	0.16	0.98
uh	0.16	1.27
sessions	0.16	0.79
cards	0.16	0.61
degree	0.16	0.80
engineering	0.16	0.79
added	0.16	0.76
exchange	0.16	0.63
western	0.16	0.66
currency	0.16	0.64
peak	0.16	0.79
happier	0.16	1.39
tradition	0.16	0.63
phase	0.16	0.85
experts	0.16	0.74
applying	0.17	0.73
neighborhood	0.17	0.84
voting	0.17	0.65
important	0.17	1.58
independence	0.17	0.60
prefer	0.17	0.50
along	0.17	0.81
workout	0.17	0.65
academic	0.17	0.77
cow	0.17	0.82
masters	0.17	0.81
developing	0.17	0.69
drove	0.17	0.73
deliver	0.17	0.69
arrive	0.17	0.71
hours	0.17	0.90
ahead	0.17	0.82
session	0.17	0.78
universities	0.18	0.71
further	0.18	0.74
mail	0.18	0.68
sign	0.18	0.62
perfectly	0.18	0.80
west	0.18	0.61
funding	0.18	0.65
charity	0.18	0.67
kenny	0.18	0.76
material	0.18	0.72
fund	0.18	0.68
spoken	0.18	1.25
bat	0.18	0.60
donation	0.18	0.64
industry	0.18	0.79
kidding	0.18	1.22
his	0.18	1.64
valuable	0.18	0.98
wear	0.18	0.56
bell	0.18	0.66
listed	0.18	0.89
deserve	0.18	0.61
existing	0.19	0.69
samples	0.19	0.65
insane	0.19	1.36
roll	0.19	0.57
labels	0.19	0.65
computer	0.19	0.82
snowden	0.19	0.72
cuz	0.19	1.00
wore	0.19	0.52
brief	0.19	1.04
fast	0.19	0.72
lord	0.19	0.68
eastern	0.19	0.59
row	0.19	0.78
anyway	0.19	1.19
fcc	0.19	0.69
element	0.19	0.86
between	0.19	0.89
button	0.20	0.67
countries	0.20	1.03
improvement	0.20	0.79
living	0.20	0.69
stories	0.20	1.26
share	0.20	0.96
bitcoin	0.20	0.63
26	0.20	0.82
formal	0.20	0.77
flew	0.20	0.68
assumed	0.20	1.85
chat	0.20	0.83
modern	0.20	0.98
covers	0.20	0.59
week	0.20	0.93
locations	0.20	0.88
student	0.20	0.76
clock	0.20	0.80
turkey	0.20	0.52
dig	0.20	0.59
tacos	0.20	0.56
twist	0.21	0.56
article	0.21	0.79
career	0.21	1.54
reminded	0.21	1.72
studied	0.21	0.74
gon	0.21	0.92
sacrifice	0.21	0.54
genuinely	0.21	1.18
available	0.21	0.71
um	0.21	1.27
times	0.21	0.94
magic	0.21	0.76
id	0.21	0.65
funny	0.21	1.61
pros	0.21	0.83
requesting	0.21	0.72
traditional	0.21	0.70
educational	0.21	0.78
shoes	0.21	0.55
shark	0.22	0.64
yeah	0.22	1.14
retired	0.22	0.82
hopefully	0.22	0.90
eu	0.22	0.62
undergrad	0.22	0.77
install	0.22	0.61
received	0.22	0.66
goals	0.22	1.03
reaching	0.22	0.80
cancelled	0.22	1.19
survivor	0.22	0.73
popularity	0.23	0.83
racing	0.23	0.65
bonus	0.23	0.66
maintaining	0.23	0.76
discussions	0.23	0.78
mountain	0.23	0.56
wearing	0.23	0.54
lifting	0.23	0.62
graduated	0.23	0.79
newer	0.23	0.76
engine	0.23	0.62
list	0.23	1.40
apple	0.23	0.54
expression	0.23	0.94
attend	0.23	0.73
feed	0.23	0.77
grad	0.23	0.76
detail	0.23	0.84
dinosaurs	0.23	0.63
lunch	0.23	0.84
volunteer	0.23	0.69
owners	0.24	0.86
campaign	0.24	0.67
weekly	0.24	0.76
u.s	0.24	0.68
elections	0.24	0.63
party	0.24	0.66
waiting	0.24	1.03
professionally	0.24	0.92
okay	0.24	1.25
ties	0.24	0.71
motion	0.24	0.77
spelling	0.24	2.23
swimming	0.24	0.61
ah	0.24	1.25
graduate	0.24	0.78
hype	0.24	0.65
points	0.24	0.72
relevant	0.24	0.84
alternate	0.24	0.75
toy	0.24	0.89
attending	0.24	0.73
sexually	0.24	0.85
angel	0.24	0.63
grammar	0.24	2.22
voted	0.25	0.61
explanation	0.25	0.75
kim	0.25	0.46
encouraged	0.25	0.68
silver	0.25	0.63
official	0.25	0.68
program	0.25	0.75
permission	0.25	0.69
indian	0.25	0.58
monster	0.25	0.58
candidate	0.25	0.62
reward	0.25	0.66
leader	0.25	0.53
raising	0.25	0.81
citizen	0.25	0.61
candidates	0.25	0.67
burrito	0.26	0.57
fav	0.26	2.25
irish	0.26	0.54
vietnam	0.26	0.65
years	0.26	0.94
profession	0.26	0.94
donations	0.26	0.61
forgive	0.26	1.86
raised	0.26	1.10
setting	0.26	1.01
election	0.26	0.62
votes	0.26	0.61
trans	0.26	0.79
technically	0.26	1.78
ads	0.26	0.74
build	0.27	0.61
signal	0.27	0.76
year	0.27	0.85
loan	0.27	0.68
shot	0.27	1.00
pacific	0.27	0.63
amendment	0.27	0.77
via	0.27	0.70
involvement	0.27	0.68
ip	0.27	0.68
burgers	0.27	0.61
rig	0.27	0.73
assistant	0.27	0.77
clothing	0.27	0.56
services	0.27	0.75
relationships	0.27	0.99
forest	0.27	0.56
chinese	0.27	0.93
keys	0.27	0.63
waited	0.28	0.85
hunt	0.28	0.76
entering	0.28	0.69
survival	0.28	0.65
district	0.28	0.65
german	0.28	1.02
copyright	0.28	0.68
helped	0.28	0.71
fiber	0.28	0.84
travel	0.28	0.88
crow	0.28	0.77
stats	0.28	0.71
structure	0.28	0.76
liked	0.28	1.37
lake	0.28	0.57
80	0.28	0.83
rank	0.28	1.23
asking	0.28	1.07
states	0.28	0.71
until	0.28	0.77
nah	0.28	1.08
tight	0.28	0.76
invite	0.28	0.70
native	0.28	0.86
pipeline	0.29	0.68
chief	0.29	0.74
catching	0.29	0.67
nicely	0.29	0.78
speech	0.29	0.85
ceo	0.29	0.73
relations	0.29	0.75
age	0.29	0.91
campus	0.29	0.72
cs	0.29	0.76
sauce	0.29	0.54
ability	0.29	0.73
gym	0.29	0.64
schools	0.29	0.75
fascinating	0.30	1.59
ultimate	0.30	1.07
shorts	0.30	0.61
semester	0.30	0.78
hats	0.30	0.50
aged	0.30	0.88
impression	0.30	1.04
tech	0.30	0.71
eh	0.30	1.11
active	0.30	0.72
paper	0.30	0.69
depth	0.30	0.75
physics	0.30	0.72
sex	0.30	0.72
person	0.30	1.13
country	0.31	1.02
math	0.31	0.77
assuming	0.31	1.75
un	0.31	0.55
aw	0.31	1.22
mystery	0.31	0.95
models	0.31	0.63
senior	0.31	0.78
em	0.31	0.83
college	0.31	0.77
peppers	0.31	0.51
regards	0.31	0.87
hunting	0.31	0.66
technique	0.31	0.82
expectations	0.31	0.70
credit	0.31	0.65
maintain	0.31	0.71
mum	0.31	1.95
documents	0.31	0.71
timing	0.31	0.78
ideas	0.31	0.85
technologies	0.31	0.67
stable	0.31	0.75
home	0.32	1.38
example	0.32	0.81
days	0.32	0.94
ship	0.32	0.74
signing	0.32	0.64
earlier	0.32	0.84
phone	0.32	0.64
distribution	0.32	0.73
lil	0.32	0.82
lack	0.32	0.77
reasonably	0.32	0.83
intellectual	0.32	0.65
school	0.32	0.79
figures	0.32	0.68
ok	0.32	1.24
former	0.32	0.80
sigh	0.32	1.09
boat	0.32	0.69
joke	0.32	0.90
review	0.32	0.69
popular	0.33	0.98
custom	0.33	0.57
closing	0.33	0.65
ahh	0.33	1.24
library	0.33	0.71
university	0.33	0.72
pieces	0.33	0.84
online	0.33	0.68
plug	0.33	0.69
tho	0.33	0.99
launch	0.33	0.61
tricks	0.33	0.85
tattoo	0.34	0.59
africa	0.34	0.76
accessible	0.34	0.87
performed	0.34	1.04
sending	0.34	0.66
mom	0.34	2.14
internet	0.34	0.82
courses	0.34	0.76
weeks	0.34	0.96
round	0.34	1.20
ideal	0.34	1.63
signed	0.34	0.61
achieve	0.34	1.06
neighbors	0.34	1.44
suits	0.34	0.52
goddamn	0.34	0.79
alright	0.34	1.21
ride	0.34	0.75
hah	0.35	1.19
exact	0.35	1.46
mentioning	0.35	0.87
oh	0.35	1.24
mode	0.35	0.63
babies	0.35	1.39
memories	0.35	1.70
suit	0.35	0.54
all	0.35	1.01
spanish	0.35	1.10
crows	0.35	0.73
taking	0.35	0.73
pursue	0.35	1.04
alien	0.35	0.70
hahaha	0.35	1.20
months	0.35	0.95
grandmother	0.35	1.92
friend	0.35	1.94
rest	0.35	1.78
wake	0.35	0.81
universe	0.35	0.67
old	0.35	1.04
mother	0.36	1.92
recommendations	0.36	0.76
fitness	0.36	0.64
90	0.36	0.78
project	0.36	0.85
resume	0.36	0.76
meaning	0.36	1.98
father	0.36	1.88
american	0.36	0.70
having	0.36	0.75
searching	0.36	0.68
max	0.36	0.72
ex	0.36	1.89
headed	0.36	0.65
ring	0.36	0.56
providing	0.37	0.67
china	0.37	0.67
sum	0.37	0.69
child	0.37	1.36
students	0.37	0.77
professors	0.37	0.76
master	0.37	0.88
solid	0.37	0.55
tool	0.37	0.70
swing	0.37	0.65
worlds	0.37	0.96
river	0.37	0.57
wan	0.37	0.79
past	0.37	0.96
italian	0.37	1.01
overseas	0.37	0.60
husband	0.37	2.13
95	0.37	0.87
hot	0.37	0.67
stayed	0.37	0.70
office	0.37	0.64
dammit	0.38	1.19
anonymous	0.38	0.64
interview	0.38	0.94
mars	0.38	0.64
medium	0.38	0.69
below	0.38	0.81
remain	0.38	0.79
advanced	0.38	0.72
log	0.38	0.65
trucks	0.38	0.72
comfortable	0.38	1.63
press	0.38	0.68
infinite	0.38	0.69
files	0.38	0.69
capture	0.38	0.81
attracted	0.38	0.80
remaining	0.39	0.63
speaker	0.39	1.21
french	0.39	1.09
server	0.39	0.72
relate	0.39	0.78
speaking	0.39	1.21
japanese	0.39	0.84
email	0.39	0.65
her	0.39	1.87
group	0.39	0.71
europa	0.39	0.72
obama	0.39	0.56
takes	0.39	0.90
grandma	0.39	1.88
buried	0.39	0.69
america	0.39	0.94
media	0.39	0.74
pen	0.39	0.62
speak	0.40	1.17
quarter	0.40	0.91
classes	0.40	0.77
staying	0.40	0.74
spell	0.40	1.92
languages	0.40	1.15
wild	0.40	0.74
fame	0.40	0.99
sent	0.40	0.64
lol	0.40	1.20
birds	0.40	0.74
learning	0.40	0.82
toys	0.40	1.50
ta	0.40	0.92
belt	0.40	0.51
teach	0.40	0.81
hes	0.40	0.73
passed	0.40	1.44
steel	0.40	0.59
continuing	0.40	0.70
realistic	0.40	0.76
rolling	0.41	0.75
giving	0.41	0.66
schedule	0.41	0.77
roommate	0.41	2.05
alive	0.41	1.11
agents	0.41	0.75
inner	0.41	0.70
training	0.41	0.69
located	0.41	0.77
context	0.41	1.95
boobs	0.41	0.68
nowadays	0.41	0.79
answer	0.41	1.11
keeping	0.41	0.72
features	0.41	0.66
family	0.41	1.78
peers	0.41	0.85
taught	0.41	0.82
planning	0.41	0.80
0	0.42	0.83
discussion	0.42	0.72
fits	0.42	0.65
wife	0.42	2.09
lately	0.42	0.98
narrative	0.42	0.77
valley	0.42	0.61
ham	0.42	0.50
overall	0.42	0.80
map	0.42	0.67
cube	0.42	1.12
screen	0.42	0.64
pornhub	0.42	0.56
bird	0.42	0.71
ships	0.42	0.70
teachers	0.42	0.86
stay	0.42	0.79
teaching	0.42	0.81
center	0.42	0.67
real	0.42	1.43
haha	0.42	1.19
damn	0.43	1.02
fights	0.43	0.58
development	0.43	0.71
suitable	0.43	0.68
ages	0.43	0.95
yourselves	0.43	0.69
uncle	0.43	1.81
asian	0.43	0.55
fuckin	0.43	0.87
heh	0.43	1.17
engineers	0.43	0.76
messages	0.43	0.66
landing	0.43	0.64
virtual	0.43	0.64
cousin	0.43	1.92
info	0.43	0.69
partners	0.43	0.79
truck	0.43	0.71
model	0.43	0.70
dad	0.43	1.89
stand	0.44	0.78
connected	0.44	0.79
sister	0.44	2.06
draft	0.44	0.73
central	0.44	0.71
na	0.44	0.88
forgot	0.44	1.16
lesson	0.44	0.79
whose	0.44	1.43
journalism	0.44	0.70
interviews	0.44	0.96
language	0.44	1.23
close	0.44	0.96
device	0.45	0.64
recognition	0.45	0.66
owner	0.45	0.96
recently	0.45	1.22
national	0.45	0.71
tools	0.45	0.69
fishing	0.45	0.61
english	0.45	1.33
designs	0.45	0.65
cable	0.45	1.07
clear	0.45	1.50
er	0.45	0.59
planned	0.45	0.78
bush	0.45	0.57
alaska	0.45	0.64
bud	0.45	0.64
phrase	0.45	2.04
servers	0.45	0.71
translate	0.45	1.35
shy	0.45	1.91
appear	0.45	0.85
wolf	0.45	0.83
draw	0.45	0.71
middle	0.45	0.84
short	0.46	0.81
east	0.46	0.67
redditors	0.46	0.60
boyfriend	0.46	2.05
shoot	0.46	1.09
users	0.46	0.64
dinner	0.46	0.66
north	0.46	0.60
ha	0.46	1.15
trips	0.46	0.88
mountains	0.47	0.56
highschool	0.47	0.82
exclusive	0.47	0.66
class	0.47	0.77
image	0.47	0.66
attended	0.47	0.68
first	0.47	1.32
beach	0.47	0.61
vet	0.47	0.94
relax	0.47	0.72
elsewhere	0.47	0.75
coding	0.47	0.76
foundation	0.47	0.64
opening	0.47	0.71
programming	0.47	0.77
moon	0.47	0.63
proper	0.47	1.86
day	0.48	0.86
starting	0.48	0.74
museum	0.48	0.66
executive	0.48	0.71
bc	0.48	0.63
document	0.48	0.66
useful	0.48	0.89
usage	0.48	1.94
clarify	0.48	1.85
emails	0.48	0.65
parent	0.48	1.56
hardware	0.48	0.65
especially	0.48	1.38
powerful	0.48	0.83
cloud	0.48	0.67
pa	0.48	0.65
wtf	0.48	1.03
chase	0.48	0.63
2000	0.48	0.76
send	0.48	0.64
requests	0.48	0.70
state	0.49	0.64
youth	0.49	0.93
coast	0.49	0.64
brother	0.49	1.79
pages	0.49	0.69
becoming	0.49	0.92
adults	0.49	1.05
niche	0.49	0.72
laptop	0.49	0.61
board	0.49	0.70
da	0.49	0.80
vocal	0.49	0.72
news	0.49	0.80
printing	0.49	0.65
term	0.49	1.86
transition	0.49	0.84
proof	0.49	0.66
straight	0.49	0.59
shooting	0.50	1.11
removed	0.50	0.73
gf	0.50	1.98
bears	0.50	0.65
guide	0.50	0.71
flow	0.50	0.61
daughter	0.50	2.00
plans	0.50	0.76
son	0.50	1.95
ya	0.50	0.91
third	0.50	1.54
prime	0.50	0.58
swedish	0.50	0.99
top	0.51	2.07
word	0.51	2.07
last	0.51	1.01
parents	0.51	1.71
colleagues	0.51	1.03
productive	0.51	0.86
foster	0.51	1.49
discovery	0.51	0.82
code	0.51	0.70
meaningful	0.51	0.91
pun	0.51	0.90
chrome	0.52	0.63
elementary	0.52	0.84
above	0.52	0.76
answered	0.52	0.79
south	0.52	0.66
skate	0.52	1.11
articles	0.52	0.68
boys	0.52	0.65
string	0.52	0.62
cover	0.53	0.66
galaxy	0.53	0.68
children	0.53	1.35
hang	0.53	0.68
linked	0.53	0.64
massive	0.53	0.87
become	0.53	0.91
intelligence	0.53	0.68
origin	0.54	0.73
iphone	0.54	0.61
presence	0.54	0.76
missed	0.54	1.11
twin	0.54	1.57
generations	0.54	0.83
mine	0.54	1.51
text	0.54	0.90
inbox	0.54	0.63
default	0.54	0.67
camera	0.54	0.82
mini	0.54	0.66
quote	0.54	0.80
returns	0.54	0.77
hook	0.54	0.65
ontario	0.55	0.60
message	0.55	0.64
roots	0.55	0.66
space	0.55	0.66
together	0.55	0.71
town	0.55	0.65
ftfy	0.55	0.78
texas	0.55	0.63
ipad	0.55	0.60
wire	0.56	0.73
submit	0.56	0.68
effort	0.56	0.71
southern	0.56	0.64
bowl	0.56	0.57
q	0.56	1.00
shelter	0.56	0.98
asia	0.56	0.70
generation	0.56	1.12
progress	0.56	0.73
devices	0.56	0.61
dat	0.56	0.83
wikipedia	0.56	0.63
advise	0.56	0.72
monitor	0.57	0.70
extended	0.57	0.85
co	0.57	0.60
recommendation	0.57	0.56
teenager	0.57	1.01
downtown	0.57	0.61
spring	0.57	0.63
click	0.57	0.62
youre	0.57	0.87
odds	0.57	0.64
accounts	0.57	0.59
panel	0.57	0.74
missions	0.57	0.64
tip	0.57	0.76
northern	0.58	0.60
clubs	0.58	0.66
extension	0.58	0.63
locals	0.58	0.75
pitch	0.58	0.83
lessons	0.58	0.73
keep	0.58	0.75
mma	0.58	0.59
journalists	0.58	0.68
near	0.58	0.64
heading	0.58	0.68
area	0.58	0.64
agent	0.58	0.72
bits	0.58	1.35
magazine	0.58	0.75
traveling	0.59	0.88
notes	0.59	0.64
dragon	0.59	0.74
friends	0.59	1.65
completed	0.59	0.79
software	0.59	0.67
responded	0.59	0.72
compete	0.59	0.62
teacher	0.59	0.77
trip	0.59	0.86
facial	0.59	0.60
stranger	0.59	0.75
med	0.59	0.60
check	0.59	0.64
praise	0.59	0.50
gear	0.59	0.74
peaceful	0.59	0.76
following	0.59	0.71
california	0.60	0.63
vice	0.60	0.82
woah	0.60	1.08
competing	0.60	0.65
respond	0.60	0.81
apps	0.60	0.61
grades	0.60	0.76
kids	0.60	1.31
new	0.60	0.87
enormous	0.60	0.91
dress	0.60	0.50
os	0.60	0.61
british	0.60	0.60
images	0.60	0.65
males	0.60	0.70
apologize	0.60	1.76
looking	0.60	1.05
names	0.60	1.00
birth	0.60	1.28
windows	0.60	0.60
grant	0.60	0.63
technology	0.60	0.65
linux	0.60	0.63
exploration	0.60	0.66
browser	0.60	0.62
early	0.61	0.82
younger	0.61	1.35
michigan	0.61	0.64
county	0.61	0.65
nasa	0.61	0.64
porn	0.61	0.62
autograph	0.61	0.59
promoting	0.61	0.58
google	0.61	0.60
era	0.61	0.74
till	0.61	0.72
making	0.61	0.81
translation	0.61	1.95
xd	0.61	1.03
finishing	0.61	0.84
station	0.62	0.74
girlfriend	0.62	1.91
letter	0.62	0.72
desktop	0.62	0.61
leadership	0.62	0.66
rush	0.62	0.67
search	0.62	0.59
picture	0.62	0.58
keyboard	0.62	0.62
painting	0.62	0.62
chili	0.62	0.52
hall	0.63	0.64
android	0.63	0.60
letters	0.63	0.97
reviews	0.63	0.59
chicks	0.63	0.66
stations	0.63	0.79
strangers	0.63	0.84
app	0.63	0.61
city	0.63	0.63
web	0.64	0.65
competition	0.64	0.63
second	0.64	2.01
canadian	0.64	0.57
moved	0.64	0.66
scenes	0.64	1.70
bay	0.64	0.64
end	0.64	0.87
ohio	0.64	0.66
born	0.64	1.23
yo	0.64	0.88
romantic	0.64	0.85
growing	0.64	1.13
adopted	0.64	1.45
bro	0.64	0.93
gameplay	0.64	0.90
appropriate	0.64	1.56
governor	0.64	0.62
ed	0.65	0.66
mobile	0.65	0.59
typing	0.65	1.38
design	0.65	0.71
im	0.65	1.01
cameras	0.65	0.76
al	0.65	0.57
crazy	0.65	1.15
male	0.65	0.73
careers	0.65	0.96
worries	0.66	1.13
kicking	0.66	0.69
all-time	0.66	2.03
section	0.66	0.62
previous	0.66	0.67
update	0.66	0.61
teens	0.66	1.02
words	0.66	1.92
versions	0.66	0.63
adult	0.66	0.95
night	0.66	0.76
community	0.66	0.57
golf	0.66	0.62
morning	0.66	0.76
network	0.66	0.93
setup	0.67	0.69
pictures	0.67	0.60
banned	0.67	0.61
grand	0.67	0.79
please	0.67	0.79
legacy	0.67	0.77
rivers	0.67	0.48
projects	0.67	0.75
teenage	0.67	0.96
travelling	0.67	0.89
interesting	0.68	1.22
nights	0.68	0.74
mac	0.68	0.59
adopt	0.68	1.18
skills	0.68	0.78
washington	0.68	0.63
ie	0.68	0.62
user	0.68	0.61
op	0.68	0.82
photo	0.68	0.57
dates	0.68	0.84
ios	0.69	0.60
whoa	0.69	1.06
ufc	0.69	0.56
print	0.69	0.66
feature	0.69	0.68
grade	0.69	0.92
copies	0.69	0.69
summer	0.69	0.67
beta	0.69	0.61
category	0.69	0.63
pregnant	0.69	1.53
steve-o	0.69	1.18
fyi	0.69	0.89
careful	0.69	1.56
future	0.70	0.71
elements	0.70	0.83
website	0.70	0.60
convention	0.70	0.71
shift	0.70	0.80
2008	0.70	0.70
at	0.70	0.75
pics	0.70	0.54
replied	0.70	0.74
lived	0.70	0.64
florida	0.71	0.64
politically	0.71	1.39
imagination	0.71	0.84
mission	0.71	0.71
twitter	0.71	0.60
next	0.71	0.85
celebrities	0.71	0.93
port	0.71	0.65
e	0.71	0.69
jersey	0.71	0.63
computers	0.71	0.62
european	0.71	0.59
intel	0.71	0.95
behalf	0.71	0.52
posted	0.71	0.61
mid	0.71	0.75
facebook	0.71	0.60
midnight	0.72	0.73
nfl	0.72	0.61
entertainment	0.72	0.80
succeed	0.72	0.78
produced	0.72	0.68
neutral	0.72	0.65
platform	0.72	0.63
academy	0.72	0.57
page	0.72	0.60
tweet	0.73	0.60
finish	0.73	0.80
lifetime	0.73	1.67
recommend	0.73	0.61
literature	0.73	0.77
2007	0.73	0.74
site	0.73	0.60
phones	0.73	0.59
conversation	0.73	0.81
profile	0.74	0.59
2009	0.74	0.75
alert	0.74	0.62
websites	0.74	0.65
battle	0.74	0.60
importantly	0.74	0.93
approached	0.74	0.99
de	0.74	0.60
instagram	0.74	0.59
wrestling	0.74	0.60
sites	0.74	0.66
visual	0.74	0.73
dev	0.74	0.64
besides	0.74	1.14
stars	0.74	0.77
forums	0.75	0.61
hunter	0.75	0.74
females	0.75	0.68
japan	0.75	0.63
men	0.75	0.65
women	0.75	0.68
sets	0.75	1.04
verified	0.75	0.66
magical	0.75	0.94
abilities	0.75	0.74
acted	0.75	1.24
instruments	0.75	0.67
poster	0.76	0.59
member	0.76	0.73
buddies	0.76	1.26
india	0.76	0.70
f	0.76	0.69
2010	0.76	0.71
female	0.76	0.66
networks	0.76	0.95
zombie	0.76	0.69
resident	0.76	0.61
lucky	0.76	2.01
sony	0.76	0.64
mainstream	0.77	0.75
influence	0.77	0.79
boy	0.77	1.11
late	0.77	0.80
dynamic	0.77	0.86
engineer	0.77	0.77
casual	0.77	0.66
tumblr	0.77	0.60
links	0.77	0.60
copy	0.77	0.65
checking	0.77	0.62
live	0.77	0.63
hobbies	0.77	0.87
dialogue	0.78	1.06
photos	0.78	0.59
poker	0.78	0.59
informed	0.78	0.77
account	0.78	0.59
herself	0.78	1.28
digital	0.78	0.69
h	0.78	0.72
match	0.78	0.57
pic	0.78	0.56
breed	0.78	0.90
drum	0.78	0.64
skill	0.78	0.77
tape	0.78	0.72
teams	0.79	0.66
athletes	0.79	0.64
pirate	0.79	0.62
wiki	0.79	0.79
sport	0.79	0.63
request	0.79	0.67
c	0.79	0.70
audio	0.79	0.75
park	0.79	0.73
junior	0.79	0.71
sports	0.79	0.63
redditor	0.79	0.74
sub	0.79	0.57
van	0.79	0.61
viewers	0.79	0.73
se	0.80	0.59
baseball	0.80	0.63
bean	0.80	0.58
attitude	0.80	0.66
auto	0.80	1.83
nba	0.80	0.66
sorry	0.80	1.23
snoop	0.80	0.66
sober	0.80	0.76
arts	0.80	0.68
3d	0.80	0.69
blog	0.80	0.59
download	0.80	0.70
cam	0.80	0.61
upvotes	0.80	0.62
title	0.81	1.26
sometime	0.81	0.66
kid	0.81	1.14
n	0.81	0.70
pm	0.81	0.65
updated	0.81	0.63
read	0.81	0.69
engaged	0.81	0.73
weekends	0.81	0.76
fortunate	0.81	1.36
el	0.81	0.60
wait	0.81	0.84
whom	0.82	1.04
jokes	0.82	0.88
judging	0.82	0.65
prepare	0.82	0.82
production	0.82	0.73
teen	0.82	1.00
tickets	0.82	0.61
journalist	0.82	0.71
styles	0.83	0.76
recorded	0.83	0.83
appeared	0.83	1.27
vegas	0.83	0.61
re	0.83	1.43
fourth	0.83	0.96
football	0.83	0.63
description	0.83	0.74
screening	0.83	0.75
guests	0.83	0.84
continued	0.83	0.68
p	0.83	0.92
input	0.83	0.68
v	0.83	0.78
twitch	0.84	0.80
professor	0.84	0.65
link	0.84	0.60
york	0.84	0.64
basketball	0.84	0.65
suggestion	0.84	0.71
w	0.84	0.71
australian	0.84	0.54
hockey	0.84	0.63
diverse	0.84	0.81
team	0.84	0.63
naked	0.84	0.59
saturday	0.84	0.72
format	0.84	0.67
rapper	0.84	1.08
published	0.84	0.70
fred	0.85	0.66
soccer	0.85	0.63
wwe	0.85	0.80
crew	0.85	1.21
wrote	0.85	0.74
reference	0.85	0.77
baby	0.85	1.22
monday	0.85	0.73
shadow	0.85	0.70
impressed	0.85	1.43
sunday	0.85	0.73
coach	0.85	0.62
detailed	0.85	0.68
records	0.86	0.69
independent	0.86	0.71
traveled	0.86	0.86
usa	0.86	0.68
pro	0.86	0.63
developers	0.86	0.67
featured	0.86	1.67
educated	0.86	0.81
track	0.87	0.65
book	0.87	0.78
publish	0.87	0.71
direct	0.87	0.80
vacation	0.87	0.66
club	0.87	0.60
stern	0.87	0.93
wise	0.87	0.66
tomorrow	0.87	0.68
shaq	0.87	1.04
forum	0.87	0.60
cruise	0.87	0.71
competitive	0.87	0.64
developer	0.88	0.68
instrument	0.88	0.64
release	0.88	0.67
century	0.88	0.71
publishing	0.88	0.71
tag	0.88	0.58
karma	0.88	0.60
professional	0.88	0.79
content	0.88	0.78
folk	0.88	0.62
ny	0.89	0.64
written	0.89	0.68
upload	0.89	0.67
microsoft	0.89	0.59
astronaut	0.89	0.72
chick	0.89	0.75
lines	0.90	0.91
y	0.90	0.64
drums	0.90	0.63
pc	0.90	0.60
announced	0.90	0.81
dramatic	0.90	1.09
downvote	0.90	0.63
edited	0.90	1.75
beats	0.90	0.68
hobby	0.90	0.73
recording	0.90	0.70
record	0.91	0.69
vinyl	0.91	0.69
write	0.91	0.77
bass	0.91	0.63
kingdom	0.91	0.59
dogs	0.91	0.86
90s	0.91	0.83
hosting	0.91	0.84
u	0.91	0.72
la	0.91	0.57
l	0.91	0.73
suggestions	0.91	0.64
b	0.91	0.82
edition	0.91	0.70
angeles	0.91	0.62
2013	0.92	0.69
edit	0.92	1.76
tours	0.92	0.70
famous	0.92	1.28
singing	0.92	0.70
busy	0.92	1.61
fox	0.92	0.85
chess	0.93	0.65
tracks	0.93	0.68
scotland	0.93	0.61
snl	0.93	1.22
september	0.93	0.69
80s	0.93	0.94
fashion	0.93	0.62
2011	0.93	0.68
cage	0.93	0.58
base	0.93	0.65
tune	0.93	0.65
con	0.93	0.61
achievement	0.93	1.14
miami	0.94	0.63
pets	0.94	0.85
visited	0.94	0.74
mods	0.94	0.62
version	0.94	0.63
detroit	0.94	0.65
neat	0.94	1.16
dayz	0.95	0.62
hawk	0.95	0.81
les	0.95	0.52
references	0.95	0.66
europe	0.95	0.67
germany	0.95	0.61
soon	0.95	0.69
anytime	0.95	0.64
releasing	0.95	0.67
portland	0.95	0.64
boston	0.95	0.64
releases	0.95	0.65
cake	0.95	1.22
achieved	0.95	0.93
austin	0.96	0.63
league	0.96	0.64
released	0.96	0.67
seattle	0.96	0.63
adventures	0.96	0.95
intro	0.96	0.85
married	0.96	1.35
houston	0.96	0.63
grew	0.96	0.86
underground	0.96	0.67
collab	0.97	0.82
abroad	0.97	0.68
question	0.97	0.96
phoenix	0.97	0.63
player	0.97	0.64
delete	0.97	0.62
players	0.97	0.64
dedicated	0.97	0.66
friday	0.97	0.69
hill	0.97	0.57
san	0.98	0.60
francisco	0.98	0.61
diego	0.98	0.60
beating	0.98	0.60
nyc	0.98	0.64
cd	0.98	0.68
chicago	0.98	0.64
sf	0.98	0.64
laughs	0.98	0.90
april	0.98	0.68
sidebar	0.99	0.62
los	0.99	0.58
hope	0.99	0.82
scripts	0.99	0.81
post	0.99	0.62
rescue	0.99	0.80
r/iama	0.99	0.62
4th	0.99	0.87
subreddit	0.99	0.61
december	0.99	0.69
reddit	1.00	0.62
steam	1.00	0.60
quotes	1.00	0.70
5th	1.00	0.85
tournament	1.00	0.58
bbc	1.00	0.89
2015	1.01	0.64
june	1.01	0.67
valve	1.01	0.61
ur	1.01	0.86
t	1.01	0.70
accent	1.01	0.72
sketch	1.01	1.03
posting	1.01	0.61
rip	1.01	0.60
jam	1.01	0.59
january	1.01	0.70
metal	1.01	0.62
consistent	1.01	1.26
accepting	1.02	0.70
readers	1.02	0.67
scene	1.02	1.76
k	1.02	0.71
posts	1.02	0.62
grace	1.02	0.53
snake	1.02	0.68
cat	1.02	1.29
directed	1.02	0.82
listen	1.02	0.79
fun	1.02	1.05
improv	1.02	1.08
radio	1.03	0.85
dope	1.03	0.66
play	1.03	0.63
girls	1.03	0.64
vancouver	1.03	0.61
relationship	1.03	0.81
confidence	1.03	0.71
r	1.03	0.70
drawn	1.03	0.84
g	1.03	0.70
chapter	1.03	0.73
1st	1.04	0.89
dota	1.04	0.61
gaming	1.04	0.65
insight	1.04	0.68
today	1.04	1.15
entertaining	1.04	0.96
style	1.04	0.74
young	1.04	0.76
downvotes	1.04	0.64
amas	1.04	0.72
played	1.04	0.67
editor	1.04	0.71
partner	1.04	0.98
lastly	1.05	1.01
2nd	1.05	0.94
podcasts	1.05	0.75
submission	1.05	0.62
podcast	1.05	0.76
3rd	1.05	0.91
commenting	1.05	0.66
j	1.05	0.66
o	1.05	0.68
spirit	1.05	0.55
august	1.05	0.67
comedians	1.06	1.03
programmer	1.06	0.71
cats	1.06	1.21
feedback	1.06	0.68
breaking	1.06	0.99
thread	1.06	0.64
subs	1.06	0.58
visiting	1.06	0.68
london	1.06	0.59
guitar	1.07	0.61
howard	1.07	0.81
creator	1.07	0.64
pet	1.07	0.81
stopping	1.07	0.72
console	1.07	0.60
march	1.07	0.69
r/casualiama	1.07	0.64
x	1.07	0.69
mod	1.07	0.58
threads	1.07	0.62
iama	1.07	0.62
humor	1.08	0.81
2014	1.08	0.68
legends	1.08	0.68
voices	1.08	0.77
deserved	1.09	0.54
upvoted	1.09	0.69
amp	1.09	0.68
recovery	1.09	0.59
drew	1.09	0.66
hip	1.09	0.73
greatly	1.09	0.73
electronic	1.10	0.70
yesterday	1.10	0.74
tips	1.10	0.71
gold	1.10	0.52
photography	1.10	0.63
comedian	1.10	1.01
upcoming	1.10	0.85
canada	1.10	0.62
weekend	1.11	0.70
come	1.11	0.67
rap	1.11	0.73
host	1.11	0.90
drag	1.11	0.57
deleted	1.11	0.75
videos	1.11	0.84
brothers	1.11	1.12
uk	1.11	0.62
2012	1.11	0.66
apologies	1.11	1.49
titles	1.12	0.61
scientist	1.12	0.74
guy	1.12	1.06
respected	1.12	0.67
mate	1.12	0.83
warm	1.12	1.08
july	1.12	0.67
special	1.13	0.78
personality	1.13	0.79
fiction	1.13	0.78
castle	1.13	0.70
footage	1.13	1.03
atlanta	1.13	0.71
successful	1.13	0.83
credits	1.13	0.90
upvote	1.13	0.70
youtube	1.14	0.81
dating	1.14	1.04
ken	1.14	0.56
beginning	1.14	1.08
downvoted	1.14	0.68
streaming	1.14	0.86
tall	1.14	0.64
producing	1.14	0.63
october	1.14	0.64
jeopardy	1.14	0.80
forever	1.15	0.69
stream	1.15	0.79
smooth	1.15	1.13
mature	1.15	0.80
comment	1.15	0.68
hero	1.16	1.01
st	1.16	0.59
respect	1.16	0.66
dudes	1.16	0.55
woman	1.16	0.77
buddy	1.16	0.74
game	1.16	0.62
work	1.16	0.68
games	1.16	0.62
stone	1.17	0.61
november	1.17	0.63
date	1.17	0.61
dog	1.17	1.13
passionate	1.17	1.20
martha	1.17	0.74
vs	1.17	0.56
journey	1.17	1.02
books	1.17	0.78
alongside	1.18	0.66
toronto	1.18	0.68
accurate	1.18	1.08
pokemon	1.18	0.75
guest	1.19	1.00
authors	1.19	0.71
influential	1.19	1.20
plays	1.19	1.04
from	1.19	0.80
lyrics	1.19	0.64
heroes	1.19	1.17
channels	1.20	0.94
hop	1.20	0.73
documentaries	1.20	1.06
edm	1.20	0.71
plot	1.20	0.99
comments	1.20	0.61
novel	1.20	0.74
pleasure	1.21	0.82
philly	1.21	0.67
author	1.21	0.70
mexico	1.21	0.67
piano	1.21	0.63
motivated	1.21	0.65
editing	1.21	0.82
playing	1.21	0.68
fantasy	1.21	0.77
album	1.21	0.66
clip	1.22	1.27
amazingly	1.22	0.81
creating	1.22	0.61
script	1.22	0.93
television	1.22	0.97
yay	1.22	0.76
smile	1.22	0.81
inconvenience	1.23	0.88
ireland	1.23	0.59
dressed	1.23	0.54
jamie	1.23	0.85
filming	1.23	1.75
anyways	1.24	0.79
dvd	1.24	0.85
novels	1.24	0.79
comedy	1.24	0.83
motivation	1.24	0.71
studio	1.25	0.71
girl	1.25	1.01
adventure	1.25	0.79
albums	1.26	0.67
dallas	1.26	0.66
visit	1.26	0.68
grateful	1.26	1.33
unique	1.27	1.02
drawing	1.27	0.65
relation	1.27	0.60
appearance	1.27	0.93
le	1.27	0.54
beard	1.27	0.48
punk	1.27	0.68
makeup	1.27	0.50
solo	1.27	0.65
chuck	1.27	0.53
remix	1.28	0.69
genre	1.28	0.76
commentary	1.28	0.82
calm	1.28	0.82
friendship	1.28	0.60
genres	1.28	0.72
pop	1.28	0.70
returning	1.29	0.70
julian	1.29	0.57
holiday	1.29	0.55
norm	1.29	0.75
jazz	1.30	0.68
bear	1.30	0.58
dj	1.30	0.71
graphic	1.30	0.70
costume	1.30	0.55
wow	1.30	1.17
scores	1.31	0.78
fond	1.31	1.08
final	1.31	1.04
coming	1.31	0.60
don	1.32	0.56
kickstarter	1.32	0.59
original	1.32	0.67
bros	1.32	0.70
tim	1.32	0.60
drake	1.32	0.71
favorites	1.32	1.41
drama	1.33	0.83
amazed	1.33	1.15
sing	1.33	0.61
reminds	1.33	0.86
ep	1.34	0.77
jerry	1.34	0.77
ninja	1.34	0.67
art	1.34	0.63
victoria	1.34	0.60
replies	1.35	0.63
designer	1.35	0.71
zealand	1.35	0.66
working	1.35	0.75
collaboration	1.35	0.64
bringing	1.36	0.56
writing	1.36	0.69
australia	1.36	0.65
classic	1.36	0.92
latest	1.36	0.69
sunny	1.36	0.83
hardcore	1.36	0.64
rock	1.37	0.65
video	1.37	0.80
indie	1.37	0.69
dc	1.37	0.77
stage	1.38	0.66
dance	1.38	0.66
influenced	1.38	0.74
tracy	1.38	0.72
response	1.39	0.61
channel	1.39	0.95
touring	1.39	0.60
england	1.39	0.59
song	1.39	0.63
drummer	1.39	0.59
mary	1.39	0.70
inspired	1.40	0.73
captain	1.40	0.87
intelligent	1.40	0.78
band	1.40	0.60
animation	1.40	0.70
advice	1.40	1.08
perfect	1.40	1.06
positive	1.40	0.65
quick	1.41	0.63
adam	1.41	0.65
rainbow	1.41	0.95
jay	1.41	0.72
dancing	1.42	0.58
tv	1.42	1.03
legit	1.42	1.00
responses	1.42	0.59
earned	1.42	0.52
horror	1.42	0.89
impressive	1.43	0.93
superman	1.43	0.78
musical	1.43	0.89
jimmy	1.44	0.72
introduced	1.44	1.20
sci-fi	1.44	0.86
ii	1.44	0.72
amateur	1.45	0.74
shout	1.45	0.57
pumped	1.46	1.14
louis	1.46	0.75
listened	1.46	0.77
reader	1.46	0.63
tour	1.46	0.59
wisdom	1.46	0.62
gig	1.47	0.63
tonight	1.47	0.86
honesty	1.47	0.71
good	1.47	0.94
tyson	1.47	0.57
morgan	1.47	0.57
rick	1.48	0.68
seinfeld	1.48	0.85
sweet	1.48	0.73
helpful	1.48	1.08
disney	1.48	0.77
action	1.48	0.86
luke	1.48	0.75
dude	1.48	1.03
donald	1.49	0.64
reading	1.49	0.60
rampart	1.49	0.61
quiet	1.49	1.17
comic	1.49	0.81
joe	1.49	0.62
blast	1.49	0.84
superhero	1.50	1.03
parody	1.50	0.78
blade	1.50	0.86
success	1.50	0.70
thoroughly	1.50	0.83
comedic	1.50	0.87
score	1.50	0.66
filmed	1.51	1.48
encouraging	1.51	0.59
spike	1.51	0.82
songs	1.51	0.63
xbox	1.51	0.52
collaborate	1.51	0.65
evening	1.51	0.63
win	1.52	0.51
ted	1.52	0.66
writer	1.52	0.74
venue	1.52	0.63
studios	1.52	0.73
danny	1.52	0.60
username	1.52	0.61
here	1.53	0.74
comics	1.53	0.82
festival	1.53	0.60
justin	1.53	0.51
glad	1.53	1.26
halloween	1.53	0.51
strength	1.53	0.64
award	1.53	0.50
princess	1.54	0.59
writers	1.54	0.72
eddie	1.54	0.70
listening	1.54	0.66
hbo	1.55	1.01
winning	1.55	0.48
shows	1.55	0.91
seth	1.55	0.68
damon	1.55	0.57
aspiring	1.55	0.73
concert	1.55	0.59
dave	1.55	0.64
blown	1.56	0.92
anime	1.56	0.89
pat	1.56	0.53
performing	1.56	0.69
nerd	1.56	0.64
sweden	1.56	0.63
show	1.56	0.97
concerts	1.56	0.59
legend	1.56	0.82
bang	1.56	0.58
gamer	1.56	0.61
kevin	1.56	0.59
terminator	1.56	0.83
norway	1.57	0.63
france	1.57	0.65
anthony	1.57	0.59
silent	1.57	0.62
won	1.58	0.50
beauty	1.58	0.69
larry	1.58	0.73
answers	1.58	0.59
idol	1.58	1.05
influences	1.58	0.76
theme	1.58	0.68
rings	1.58	0.62
arnold	1.58	0.59
producer	1.59	0.74
netflix	1.59	1.03
accomplished	1.59	0.93
chris	1.59	0.61
name	1.59	0.77
replying	1.59	0.72
italy	1.59	0.65
contest	1.59	0.51
responding	1.59	0.62
role	1.59	1.03
bruce	1.60	0.57
queen	1.60	0.49
metallica	1.60	0.55
ross	1.60	0.58
simpsons	1.60	0.88
clever	1.60	0.77
brazil	1.60	0.64
tom	1.60	0.58
named	1.60	0.81
scrubs	1.61	1.14
jesse	1.61	0.53
glorious	1.61	0.38
artists	1.61	0.67
jake	1.61	0.53
theatre	1.61	0.73
reunion	1.61	0.96
clooney	1.61	0.75
franchise	1.61	0.91
indiana	1.61	0.79
bands	1.61	0.59
smith	1.62	0.57
cartoon	1.62	0.82
neil	1.62	0.57
zach	1.62	0.56
steven	1.62	0.58
aired	1.62	1.04
buzz	1.62	0.52
ferrell	1.62	0.65
fellow	1.63	0.67
tommy	1.63	0.56
musician	1.63	0.73
creativity	1.63	0.64
inspire	1.63	0.61
anderson	1.63	0.62
andy	1.63	0.56
producers	1.63	0.66
strong	1.64	0.85
hollywood	1.64	0.88
aaron	1.64	0.54
jim	1.64	0.56
wins	1.64	0.49
phil	1.64	0.54
avatar	1.64	0.83
singer	1.64	0.70
nickname	1.64	0.86
chad	1.64	0.54
ben	1.64	0.60
thomas	1.64	0.53
eric	1.64	0.57
questions	1.64	0.65
jack	1.64	0.52
marvel	1.64	0.83
robin	1.65	0.64
alex	1.65	0.54
cosby	1.65	0.61
musicians	1.65	0.74
batman	1.66	0.79
greg	1.66	0.57
smart	1.66	1.04
passion	1.66	0.65
polite	1.66	1.09
bless	1.66	0.41
gary	1.66	0.55
theater	1.66	0.70
stewart	1.66	0.56
audition	1.66	0.88
music	1.67	0.64
animated	1.67	0.84
jones	1.67	0.63
gift	1.67	0.43
confirmed	1.67	0.63
directing	1.67	0.80
stephen	1.68	0.54
ryan	1.68	0.55
reply	1.68	0.62
seasons	1.68	1.06
cinema	1.68	0.77
paul	1.68	0.56
jason	1.68	0.56
ron	1.68	0.59
steve	1.68	0.56
johnny	1.68	0.56
artist	1.68	0.71
documentary	1.69	0.91
lee	1.69	0.51
broadway	1.69	0.69
dean	1.70	0.54
perform	1.70	0.63
archer	1.70	0.86
ray	1.70	0.55
spoiler	1.70	0.62
george	1.70	0.56
jon	1.70	0.56
remake	1.70	0.96
king	1.70	0.57
billy	1.70	0.55
beast	1.71	0.47
hug	1.71	0.55
omg	1.71	0.63
pete	1.71	0.55
scott	1.71	0.55
yours	1.72	0.71
film	1.72	0.90
saw	1.72	1.00
aka	1.72	0.55
man	1.72	0.89
santa	1.72	0.41
underrated	1.72	1.12
parks	1.72	0.90
ending	1.73	1.01
sam	1.73	0.51
alan	1.73	0.51
bob	1.73	0.56
knight	1.73	0.71
jackson	1.73	0.50
charles	1.73	0.50
films	1.73	0.88
wars	1.73	0.79
trilogy	1.73	0.92
caring	1.73	0.88
john	1.74	0.54
cute	1.74	0.84
voice	1.74	0.69
brian	1.74	0.54
villain	1.74	0.77
cameron	1.74	0.61
matt	1.74	0.55
honest	1.74	0.90
johnson	1.74	0.51
frank	1.75	0.55
confident	1.75	1.16
director	1.75	0.66
williams	1.76	0.54
episodes	1.76	1.02
martin	1.76	0.52
simon	1.76	0.53
pam	1.77	0.65
til	1.77	0.72
watched	1.77	1.16
directors	1.78	0.67
jeff	1.78	0.52
lars	1.78	0.51
kaku	1.78	0.50
spoilers	1.78	0.72
seeing	1.78	0.66
star	1.78	0.83
iron	1.79	0.64
birthday	1.79	1.05
elijah	1.79	0.53
andrew	1.79	0.50
cosmos	1.79	0.80
cool	1.79	0.98
finished	1.80	1.00
hooked	1.81	0.94
golden	1.81	0.39
rec	1.81	0.89
ama	1.81	0.61
ford	1.81	0.54
y'all	1.81	0.49
finale	1.81	0.95
characters	1.81	0.80
honor	1.81	0.47
mike	1.82	0.49
bond	1.82	0.69
avengers	1.82	0.78
genuine	1.83	0.78
wedding	1.83	0.95
courage	1.83	0.63
lady	1.83	0.66
arin	1.83	0.54
joel	1.83	0.52
season	1.84	0.97
nye	1.84	0.52
charlie	1.85	0.53
nick	1.85	0.49
attractive	1.85	0.51
friendly	1.85	0.94
prince	1.85	0.58
michael	1.86	0.50
james	1.86	0.52
flea	1.86	0.51
terry	1.86	0.50
richard	1.86	0.49
creative	1.87	0.56
gabe	1.88	0.51
david	1.88	0.50
character	1.88	0.91
portray	1.89	0.72
potter	1.89	0.87
harrison	1.89	0.57
murray	1.89	0.49
obsessed	1.89	0.97
freaking	1.89	0.68
harry	1.91	0.84
joker	1.91	0.68
humble	1.92	0.83
brave	1.92	0.69
portrayed	1.93	0.76
hannibal	1.94	0.76
an	1.94	0.81
dan	1.94	0.50
christmas	1.94	0.75
daniel	1.94	0.53
cast	1.94	0.99
tony	1.94	0.60
keanu	1.94	0.59
afternoon	1.95	0.55
sequel	1.95	0.96
stark	1.96	0.60
rob	1.96	0.49
props	1.96	0.70
appreciate	1.97	0.53
such	1.97	0.74
watch	1.97	1.02
movies	1.97	1.02
sarah	1.97	0.48
buffy	1.97	1.00
hugh	1.97	0.51
fans	1.98	0.47
episode	1.98	1.03
bill	1.98	0.48
mark	1.99	0.51
actors	2.00	0.68
enjoy	2.00	0.64
josh	2.00	0.51
movie	2.00	0.99
roles	2.00	0.68
cameo	2.00	1.01
jeremy	2.01	0.49
truly	2.01	0.71
appreciated	2.02	0.53
amy	2.02	0.48
supportive	2.02	0.89
talent	2.02	0.72
patrick	2.02	0.46
ms	2.02	0.45
marry	2.03	0.48
sexy	2.04	0.65
genius	2.04	0.60
sean	2.04	0.50
aldrin	2.04	0.48
ladies	2.05	0.63
badass	2.06	0.62
advance	2.06	0.50
watching	2.06	0.96
forward	2.07	0.57
adorable	2.07	0.52
trek	2.08	0.94
wondering	2.08	0.77
wanted	2.08	0.72
jr	2.08	0.50
miss	2.09	0.60
tyrion	2.11	0.55
answering	2.12	0.68
chill	2.13	0.86
inspirational	2.13	0.64
dr	2.13	0.44
pls	2.13	0.51
dexter	2.15	0.84
kiss	2.17	0.40
series	2.17	0.87
enjoying	2.18	0.43
gaga	2.18	0.36
hilarious	2.18	0.64
handsome	2.20	0.73
casting	2.21	0.62
admire	2.21	0.61
sharing	2.21	0.56
thrones	2.24	0.76
trailer	2.24	0.68
gates	2.24	0.45
robert	2.25	0.42
betty	2.26	0.34
doing	2.26	0.64
wishes	2.26	0.41
acting	2.26	0.58
dinklage	2.27	0.41
downey	2.28	0.43
talented	2.29	0.55
misha	2.29	0.42
inspiring	2.30	0.58
sincerely	2.32	0.43
karen	2.34	0.30
actor	2.35	0.59
crush	2.36	0.53
troy	2.38	0.53
secondly	2.38	0.51
stoked	2.39	0.54
lt	2.40	0.51
big	2.40	0.59
luck	2.42	0.43
sir	2.43	0.36
compliment	2.43	0.43
loving	2.44	0.41
peter	2.46	0.45
actress	2.46	0.48
epic	2.47	0.48
inspiration	2.49	0.51
mr	2.49	0.43
sherlock	2.50	0.56
performances	2.51	0.50
guys	2.52	0.47
inspires	2.53	0.47
portrayal	2.55	0.48
enjoyed	2.55	0.39
greetings	2.57	0.53
hey	2.57	0.51
great	2.58	0.39
dear	2.58	0.46
incredible	2.59	0.43
beautiful	2.59	0.34
fan	2.62	0.49
absolutely	2.63	0.37
kudos	2.64	0.38
thanks	2.66	0.42
excellent	2.66	0.30
hello	2.67	0.41
cheers	2.67	0.36
lovely	2.67	0.26
performance	2.68	0.36
norman	2.68	0.32
brilliant	2.68	0.34
thank	2.70	0.34
firstly	2.70	0.38
welcome	2.71	0.33
huge	2.71	0.43
soundtrack	2.72	0.37
congrats	2.74	0.31
hi	2.74	0.39
gorgeous	2.76	0.24
congratulations	2.82	0.25
wonderful	2.82	0.24
ps	2.82	0.23
p.s	2.83	0.23
phenomenal	2.86	0.28
btw	2.92	0.18
adore	2.93	0.17
