asians	-4.38	1.03
minorities	-3.91	1.85
disgusting	-3.89	1.18
majority	-3.80	1.85
countless	-3.71	1.69
involve	-3.43	1.78
marks	-3.39	1.83
racists	-3.33	1.89
heinous	-3.29	1.78
barbaric	-3.25	1.62
latter	-3.25	1.88
blacks	-3.24	1.84
tragedy	-3.23	1.49
percentage	-3.22	2.07
soft	-3.19	1.68
planning	-3.17	1.81
whites	-3.16	1.83
identify	-3.14	2.27
suffer	-3.13	1.88
connected	-3.12	2.65
irrational	-3.10	1.60
whom	-3.07	1.99
request	-2.98	2.35
gays	-2.91	2.02
liberals	-2.89	1.54
racism	-2.88	2.12
owned	-2.87	2.16
knows	-2.86	2.78
separate	-2.85	2.27
racist	-2.81	1.86
slut	-2.79	2.59
landed	-2.78	2.71
london	-2.78	2.56
vast	-2.76	2.20
terribly	-2.76	1.89
tells	-2.74	2.51
hateful	-2.71	1.67
against	-2.68	2.30
dirty	-2.60	2.57
circlejerk	-2.53	1.77
bunch	-2.48	2.43
believes	-2.48	2.22
whore	-2.47	2.64
e.g	-2.45	2.53
thinks	-2.43	2.43
interest	-2.42	2.50
cowards	-2.41	2.32
scenario	-2.41	3.06
often	-2.40	2.45
decision	-2.39	2.24
treat	-2.37	2.71
hidden	-2.35	2.01
offenders	-2.33	2.53
beforehand	-2.32	2.51
names	-2.31	2.66
bigoted	-2.31	1.95
talks	-2.30	2.30
blamed	-2.30	2.46
pussies	-2.28	2.21
handful	-2.27	1.91
freedom	-2.27	2.22
irish	-2.26	2.25
moment	-2.25	3.08
general	-2.23	2.55
douchebags	-2.21	1.91
kudos	-2.20	2.07
cancer	-2.18	2.47
known	-2.17	2.95
decisions	-2.16	2.32
dirt	-2.15	2.71
crimes	-2.14	1.69
minority	-2.13	1.56
poor	-2.12	2.15
earth	-2.11	2.55
judgement	-2.06	2.46
jews	-2.03	1.65
name	-2.02	2.84
plenty	-2.00	2.59
n	-1.99	2.81
hatred	-1.99	2.28
races	-1.99	2.03
full	-1.97	2.45
americans	-1.96	1.72
president	-1.96	2.31
uses	-1.95	2.14
involves	-1.94	2.28
population	-1.92	1.83
til	-1.91	2.49
tattoo	-1.89	2.61
indian	-1.87	2.32
cheap	-1.85	2.91
garbage	-1.85	2.63
sentencing	-1.85	1.84
fucked	-1.84	3.64
many	-1.82	2.52
several	-1.81	2.31
jordan	-1.80	2.78
scum	-1.77	2.62
labeled	-1.76	1.42
else	-1.76	3.73
discrimination	-1.75	1.98
who	-1.73	3.32
hundreds	-1.73	2.37
lost	-1.73	3.05
number	-1.71	2.03
racial	-1.71	1.90
little	-1.71	3.14
kinds	-1.71	2.48
harsher	-1.70	2.21
lots	-1.70	2.29
equate	-1.68	2.36
riot	-1.68	1.67
multiple	-1.67	2.46
committed	-1.65	1.87
two	-1.64	2.72
stupid	-1.62	2.53
reached	-1.62	1.92
race	-1.62	2.23
other	-1.61	3.09
ugly	-1.61	2.74
dozen	-1.60	2.38
met	-1.59	3.32
those	-1.59	2.78
harassment	-1.58	1.87
assholes	-1.58	2.27
these	-1.57	2.82
suck	-1.56	2.14
odd	-1.55	2.51
monsters	-1.53	2.50
acts	-1.53	1.80
bigot	-1.51	1.95
muslims	-1.50	1.70
sometimes	-1.50	3.39
tons	-1.48	2.18
toy	-1.48	2.48
she	-1.48	3.56
excuse	-1.47	2.71
towards	-1.47	2.00
mostly	-1.46	2.08
guys	-1.45	2.98
rise	-1.45	2.31
knew	-1.45	3.91
immigrants	-1.44	2.09
canadians	-1.44	2.21
everyone	-1.43	3.58
sexist	-1.43	2.01
committing	-1.43	1.97
animal	-1.43	1.70
sorta	-1.42	2.86
dislike	-1.41	2.81
has	-1.41	3.85
literally	-1.40	3.92
scumbags	-1.40	2.25
crime	-1.40	2.02
were	-1.40	3.94
civilized	-1.39	1.91
some	-1.39	3.58
percent	-1.39	2.24
commit	-1.38	2.05
pathetic	-1.38	2.48
thousands	-1.38	2.48
hispanic	-1.37	1.80
both	-1.37	2.73
most	-1.37	2.87
human	-1.37	1.60
behavior	-1.36	2.40
flat	-1.36	3.55
asian	-1.36	1.76
makes	-1.35	3.08
selfish	-1.35	1.72
deserves	-1.34	2.94
thugs	-1.34	2.12
especially	-1.34	2.88
happens	-1.33	3.69
ton	-1.33	2.58
lying	-1.32	3.76
lot	-1.32	3.32
behaviour	-1.31	1.94
dozens	-1.31	2.53
incidents	-1.31	2.39
few	-1.30	2.61
tend	-1.30	2.32
choice	-1.29	2.60
usually	-1.29	3.15
decide	-1.29	3.23
speculation	-1.29	2.48
done	-1.28	4.64
outcome	-1.28	2.47
half	-1.28	2.86
owns	-1.28	1.95
couple	-1.27	2.61
yet	-1.25	4.52
opposite	-1.25	3.48
three	-1.25	2.68
idiots	-1.25	2.28
sense	-1.25	3.63
judgment	-1.25	2.05
supporting	-1.24	1.88
color	-1.24	2.26
nobody	-1.24	3.56
same	-1.23	4.57
bound	-1.23	2.71
poverty	-1.22	1.82
slavery	-1.22	2.21
numerous	-1.21	2.76
murders	-1.21	2.03
petty	-1.20	1.87
perhaps	-1.20	3.41
calling	-1.19	2.21
offense	-1.19	1.97
all	-1.18	4.36
hire	-1.18	2.17
rich	-1.18	1.77
criminals	-1.18	2.58
five	-1.18	2.72
wild	-1.18	1.74
mile	-1.18	2.48
95	-1.16	2.41
pointless	-1.16	3.04
except	-1.16	3.40
rough	-1.16	2.01
robbers	-1.16	2.12
various	-1.15	2.55
anyone	-1.15	4.22
large	-1.15	1.93
ones	-1.15	3.03
decides	-1.14	2.70
bias	-1.14	2.17
needs	-1.14	3.36
whether	-1.13	4.18
violent	-1.13	1.83
african	-1.13	1.91
neighborhoods	-1.13	1.75
painful	-1.12	1.98
admitting	-1.12	3.46
case	-1.12	3.66
choices	-1.11	2.27
psychological	-1.11	2.49
gender	-1.11	2.50
knowingly	-1.11	2.29
ny	-1.10	2.06
messed	-1.10	2.67
treated	-1.10	2.93
disturbing	-1.10	2.60
daddy	-1.10	2.36
protected	-1.10	2.39
economic	-1.10	1.90
precedent	-1.10	1.93
offence	-1.10	2.15
basically	-1.09	4.04
type	-1.09	2.73
millions	-1.09	2.38
judge	-1.09	2.70
generally	-1.09	2.81
gf	-1.09	2.57
wants	-1.09	3.48
or	-1.08	4.78
obligation	-1.08	3.39
ultimately	-1.08	2.30
act	-1.08	2.67
four	-1.08	2.73
ghetto	-1.08	2.01
indication	-1.07	3.64
threatens	-1.07	2.96
everything	-1.07	4.47
2-3	-1.07	2.71
magically	-1.06	2.80
since	-1.06	4.52
dealing	-1.06	2.64
overwhelming	-1.06	2.23
inform	-1.06	3.06
rural	-1.06	2.02
make	-1.06	3.42
minded	-1.06	1.74
beings	-1.06	1.66
easily	-1.06	3.63
hits	-1.05	2.38
factors	-1.05	2.85
corrupt	-1.05	2.33
kids	-1.05	2.07
ten	-1.05	2.73
determine	-1.05	2.97
murderers	-1.05	2.29
die	-1.05	3.37
circumstances	-1.05	3.16
told	-1.05	3.31
cowardly	-1.05	2.35
convictions	-1.04	2.44
which	-1.04	4.67
otherwise	-1.04	4.30
things	-1.04	4.26
as	-1.04	4.26
teenagers	-1.03	2.20
where	-1.03	4.38
comparable	-1.03	3.77
blame	-1.03	3.38
influence	-1.03	2.36
appeal	-1.03	2.54
etc	-1.03	2.36
alot	-1.03	3.11
coast	-1.03	2.03
disease	-1.03	2.11
badly	-1.02	2.89
claiming	-1.02	2.80
said	-1.02	4.84
much	-1.02	3.86
deserve	-1.02	3.84
rarely	-1.02	2.60
2	-1.02	2.80
involved	-1.01	2.72
exclusive	-1.01	2.75
bouncers	-1.01	2.33
3	-1.01	2.80
shitty	-1.01	2.35
nothing	-1.01	4.89
had	-1.01	4.25
intentions	-1.01	4.10
thieves	-1.00	2.44
react	-1.00	3.44
something	-0.99	4.96
wrongs	-0.99	3.36
comparing	-0.99	2.72
happen	-0.99	4.49
seven	-0.99	2.87
charging	-0.99	2.33
emotions	-0.99	2.30
dicks	-0.99	2.12
incapable	-0.99	3.55
square	-0.99	2.34
ignorant	-0.99	1.87
never	-0.99	4.31
agrees	-0.98	2.47
offender	-0.98	2.22
grew	-0.98	1.97
look	-0.98	4.17
shoulders	-0.98	2.25
terrorists	-0.98	2.00
already	-0.98	4.11
torture	-0.97	2.30
seem	-0.97	4.26
imply	-0.97	3.36
illegal	-0.97	4.07
communities	-0.97	2.10
justifying	-0.97	3.23
areas	-0.97	2.19
4	-0.97	2.80
private	-0.96	2.25
deserving	-0.96	2.62
5	-0.96	2.80
pedophiles	-0.96	2.36
iraq	-0.96	2.30
consequences	-0.96	3.01
ruled	-0.96	2.77
cheat	-0.96	2.64
anywhere	-0.96	4.26
penalties	-0.96	2.35
clearly	-0.95	4.80
punish	-0.95	2.99
ex	-0.95	2.50
thrown	-0.95	2.65
responsible	-0.95	3.31
situations	-0.95	3.26
person	-0.95	3.81
six	-0.95	2.86
wonder	-0.95	3.49
rapists	-0.95	2.34
stuff	-0.95	3.44
been	-0.94	4.15
neighborhood	-0.94	2.10
bag	-0.94	2.02
solely	-0.94	2.27
called	-0.94	2.29
whatever	-0.94	4.46
hating	-0.94	2.15
each	-0.94	2.97
one	-0.94	4.42
cops	-0.94	3.74
supreme	-0.94	2.56
pose	-0.94	2.79
fill	-0.94	2.39
10	-0.94	2.80
guarantee	-0.94	3.99
hundred	-0.93	2.73
unless	-0.93	4.95
circumstance	-0.93	3.12
employment	-0.93	2.31
wealthy	-0.93	2.07
suffered	-0.93	2.41
effect	-0.93	2.44
assumption	-0.93	3.27
cheated	-0.93	2.60
someone	-0.93	3.86
prevent	-0.93	2.79
prisons	-0.92	2.49
trash	-0.92	2.00
criminal	-0.92	2.44
6	-0.92	2.83
misdemeanor	-0.92	2.22
entitled	-0.92	1.97
hired	-0.92	2.16
sorts	-0.91	2.23
owner	-0.91	2.11
seems	-0.91	3.61
when	-0.91	4.45
punishments	-0.91	2.48
scale	-0.91	2.39
actions	-0.91	2.65
thing	-0.91	4.50
defending	-0.91	3.12
asked	-0.91	3.40
decades	-0.91	2.53
parties	-0.91	2.64
least	-0.91	4.34
remind	-0.91	3.37
lesser	-0.91	2.16
intent	-0.91	3.28
shootings	-0.90	2.38
trauma	-0.90	2.43
handling	-0.90	2.48
doing	-0.90	5.07
call	-0.90	3.62
described	-0.90	3.10
directed	-0.90	2.05
animals	-0.90	2.00
sex	-0.90	2.20
file	-0.90	2.36
its	-0.90	3.72
happened	-0.90	4.49
fighting	-0.90	2.96
rights	-0.90	2.49
land	-0.90	2.17
whatsoever	-0.90	3.64
fines	-0.90	2.87
pursue	-0.89	2.44
telling	-0.89	3.87
types	-0.89	2.87
anything	-0.89	4.76
defenseless	-0.89	2.41
should	-0.89	4.55
trusted	-0.89	2.97
brain	-0.89	2.48
filled	-0.89	2.03
hurt	-0.89	4.09
amendment	-0.88	2.84
intend	-0.88	4.10
99	-0.88	2.34
assure	-0.88	4.74
absolutely	-0.88	4.80
trespassing	-0.88	2.41
only	-0.88	5.05
thousand	-0.88	2.81
situation	-0.88	3.57
completely	-0.88	4.17
civil	-0.88	2.52
discriminate	-0.88	2.13
government	-0.88	2.60
gotten	-0.87	3.82
lawsuits	-0.87	2.57
taken	-0.87	3.46
groups	-0.87	2.24
direct	-0.87	2.36
punishing	-0.87	2.59
handle	-0.87	3.46
violence	-0.87	2.46
shame	-0.87	2.54
killers	-0.87	2.44
always	-0.87	4.69
almost	-0.87	3.98
connect	-0.86	2.91
different	-0.86	3.18
filed	-0.86	2.20
mother	-0.86	2.29
arguing	-0.86	4.75
felony	-0.86	2.44
choose	-0.86	3.47
disability	-0.86	2.62
lawsuit	-0.86	2.45
safety	-0.86	2.48
7	-0.86	2.82
domestic	-0.86	2.34
cause	-0.86	3.28
split	-0.85	2.41
count	-0.85	3.46
retards	-0.85	2.41
before	-0.85	3.91
burglary	-0.85	2.43
roughly	-0.85	2.92
their	-0.85	2.50
covering	-0.85	2.22
cultural	-0.85	2.68
gone	-0.85	3.84
numbers	-0.84	2.33
conduct	-0.84	2.30
chose	-0.84	3.43
deal	-0.84	4.02
8	-0.84	2.84
remotely	-0.84	3.58
messing	-0.84	2.58
comprehend	-0.84	3.53
among	-0.84	2.49
realizes	-0.84	2.81
anyways	-0.83	2.80
invasion	-0.83	2.33
bags	-0.83	2.18
does	-0.83	4.69
speech	-0.83	2.64
theft	-0.83	2.41
deserved	-0.83	3.27
court	-0.83	2.85
once	-0.83	4.02
parents	-0.83	1.90
plain	-0.83	2.00
observation	-0.83	2.91
emotion	-0.83	2.38
regardless	-0.82	3.03
somehow	-0.82	3.01
doubt	-0.82	4.63
looking	-0.82	4.52
worse	-0.82	3.79
9	-0.82	2.84
excuses	-0.82	2.57
matter	-0.82	4.78
business	-0.82	2.08
black	-0.82	1.79
obviously	-0.82	5.12
cunts	-0.82	2.15
lived	-0.82	2.63
punishment	-0.82	2.85
cases	-0.82	2.95
either	-0.82	5.14
made	-0.82	2.62
win	-0.82	2.52
mean	-0.82	5.11
third	-0.82	2.36
idea	-0.81	4.77
publicly	-0.81	2.44
thinking	-0.81	5.07
redneck	-0.81	1.99
molesters	-0.81	2.42
amount	-0.81	2.25
defendant	-0.81	3.04
up	-0.81	3.60
workers	-0.81	2.38
believed	-0.81	3.07
bars	-0.81	2.28
repeating	-0.81	3.37
female	-0.81	2.31
supposed	-0.81	4.99
judicial	-0.81	2.61
arrogant	-0.81	1.91
lose	-0.81	3.08
gangs	-0.81	2.08
social	-0.81	2.22
meet	-0.81	2.81
equal	-0.81	3.03
robbery	-0.81	2.41
illness	-0.81	2.47
100	-0.81	3.58
brutality	-0.81	2.41
young	-0.81	2.35
lied	-0.80	3.28
20	-0.80	2.85
witness	-0.80	2.47
sexual	-0.80	2.43
claimed	-0.80	3.19
spoiled	-0.80	2.15
worthless	-0.80	2.19
charged	-0.80	2.55
realise	-0.80	4.65
charge	-0.80	2.47
living	-0.80	2.36
change	-0.80	4.28
us	-0.80	3.69
reason	-0.80	4.73
necessarily	-0.80	4.05
kid	-0.80	2.87
dare	-0.80	3.24
require	-0.80	2.77
cheer	-0.80	2.61
group	-0.80	2.53
size	-0.79	2.32
coming	-0.79	4.60
christians	-0.79	2.05
dating	-0.79	2.29
verdict	-0.79	2.95
shoots	-0.79	2.65
cheating	-0.79	2.40
sack	-0.79	2.78
death	-0.79	3.13
resulting	-0.79	2.43
30	-0.79	2.91
breaks	-0.79	2.58
pays	-0.78	2.71
dealt	-0.78	3.25
kind	-0.78	3.80
treating	-0.78	2.72
differences	-0.78	2.68
murder	-0.78	2.48
buildings	-0.78	1.98
design	-0.78	1.97
screw	-0.78	2.27
non	-0.77	2.27
evil	-0.77	1.71
eye	-0.77	2.23
fact	-0.77	4.91
control	-0.77	3.15
felon	-0.77	2.29
pretend	-0.77	4.48
public	-0.77	2.19
credit	-0.77	2.59
defend	-0.77	3.26
bullies	-0.77	2.58
hiring	-0.76	2.29
myth	-0.76	2.45
asks	-0.76	2.85
chamber	-0.76	2.30
relative	-0.76	2.47
discussed	-0.76	3.27
chance	-0.76	4.03
girl	-0.76	2.87
asses	-0.76	2.71
feminist	-0.76	2.17
assumptions	-0.76	2.76
anybody	-0.76	4.00
frequently	-0.76	2.09
did	-0.76	4.84
grocery	-0.76	2.31
maybe	-0.76	5.18
lawful	-0.76	2.49
describe	-0.76	2.52
60	-0.76	2.98
consequence	-0.75	3.01
probably	-0.75	4.84
advocate	-0.75	2.46
morons	-0.75	2.23
because	-0.75	5.19
silver	-0.75	2.65
escape	-0.75	3.09
place	-0.75	4.36
risks	-0.75	2.37
piece	-0.75	2.27
together	-0.75	2.94
burn	-0.75	2.53
serious	-0.75	3.06
heck	-0.75	3.15
somebody	-0.75	3.62
then	-0.75	4.59
guilt	-0.75	2.87
may	-0.75	4.78
judges	-0.75	2.70
difference	-0.75	3.53
ladies	-0.75	2.10
more	-0.75	3.87
possibly	-0.75	3.51
option	-0.75	3.49
get	-0.75	4.35
exactly	-0.75	5.09
keeps	-0.75	2.64
feminists	-0.75	2.29
saying	-0.75	5.20
accusation	-0.75	2.99
thus	-0.74	2.86
12	-0.74	2.75
cruel	-0.74	2.56
working	-0.74	2.52
includes	-0.74	2.38
violation	-0.74	2.62
childhood	-0.74	1.97
ve	-0.74	4.05
damaging	-0.74	2.52
handled	-0.74	3.14
feminism	-0.74	2.40
might	-0.74	4.86
come	-0.74	4.37
attempted	-0.74	2.61
throw	-0.74	2.91
we	-0.74	4.85
constitutional	-0.74	2.63
elderly	-0.73	2.60
even	-0.73	4.95
within	-0.73	2.99
result	-0.73	2.43
horribly	-0.73	2.23
urban	-0.73	2.22
deterrent	-0.73	2.70
forcing	-0.73	2.70
gt	-0.73	5.15
compare	-0.73	3.32
trained	-0.73	2.93
wanting	-0.73	3.61
spare	-0.73	2.77
actually	-0.73	4.99
beats	-0.72	2.51
palestinians	-0.72	2.23
punished	-0.72	3.27
seriously	-0.72	4.55
tries	-0.72	3.67
sentence	-0.72	2.72
places	-0.72	3.27
goes	-0.72	3.50
homeless	-0.72	2.45
systems	-0.72	2.54
11	-0.72	2.80
owe	-0.72	3.86
list	-0.72	2.72
75	-0.71	3.42
mindset	-0.71	2.83
statistically	-0.71	2.54
going	-0.71	5.08
70	-0.71	3.39
bodily	-0.71	3.20
help	-0.71	4.38
resulted	-0.71	2.64
signed	-0.71	2.72
peace	-0.71	2.11
targeted	-0.71	2.34
till	-0.71	3.08
convince	-0.71	3.72
how	-0.71	4.88
faced	-0.71	2.39
lands	-0.71	2.39
stereotypes	-0.71	2.42
holes	-0.71	2.24
any	-0.71	4.46
mind	-0.71	3.72
pressed	-0.71	2.93
1000	-0.71	3.04
slide	-0.71	2.58
pieces	-0.71	2.28
skin	-0.71	2.06
so	-0.71	5.18
need	-0.71	4.64
unable	-0.71	3.63
instances	-0.71	2.90
bothered	-0.71	4.09
far	-0.70	4.03
picks	-0.70	2.74
plea	-0.70	3.02
courts	-0.70	2.87
d	-0.70	4.83
abuse	-0.70	2.53
pick	-0.70	3.34
unfortunate	-0.70	2.90
sympathy	-0.70	3.00
women	-0.70	2.62
about	-0.70	4.81
robberies	-0.70	2.57
simply	-0.70	4.86
proven	-0.70	3.69
mental	-0.70	2.88
aggravated	-0.70	2.57
area	-0.70	2.51
orientation	-0.70	2.57
fined	-0.70	3.25
heroin	-0.70	2.19
harsh	-0.69	2.89
attitude	-0.69	2.54
ensure	-0.69	2.83
no	-0.69	4.62
describing	-0.69	3.26
idiot	-0.69	2.94
still	-0.69	5.22
harass	-0.69	3.20
them	-0.69	4.38
40	-0.69	2.91
15	-0.69	2.76
irresponsible	-0.69	2.36
basis	-0.69	2.48
expect	-0.69	4.43
desperate	-0.69	2.44
redditors	-0.69	1.89
memory	-0.68	2.29
boy	-0.68	2.45
inherently	-0.68	2.68
mention	-0.68	3.73
problems	-0.68	3.13
blade	-0.68	2.51
her	-0.68	2.72
pointed	-0.68	2.89
want	-0.68	4.75
ca	-0.68	4.61
here	-0.68	4.91
direction	-0.68	2.87
plead	-0.68	2.95
deemed	-0.68	3.30
dudes	-0.68	2.62
slight	-0.68	2.61
douche	-0.68	2.21
others	-0.68	3.35
gets	-0.68	3.61
assaults	-0.68	2.33
between	-0.68	2.85
stretch	-0.68	2.65
towed	-0.68	3.36
could	-0.68	4.66
beat	-0.68	3.32
pedestrians	-0.67	2.63
will	-0.67	4.57
thug	-0.67	2.58
nearly	-0.67	3.03
prosecuted	-0.67	2.86
threaten	-0.67	3.66
specifically	-0.67	3.07
likely	-0.67	3.69
fed	-0.67	2.40
scenarios	-0.67	3.04
willingly	-0.67	3.14
reasonably	-0.67	2.88
goal	-0.67	2.64
contribute	-0.67	3.30
liberal	-0.67	1.85
injury	-0.67	3.06
evidence	-0.67	3.53
guilty	-0.67	3.08
process	-0.67	2.70
clue	-0.67	4.10
fake	-0.67	3.57
engage	-0.67	2.68
approached	-0.67	2.56
allowed	-0.67	4.19
companies	-0.67	2.36
right	-0.67	5.19
males	-0.67	2.39
14	-0.66	2.71
intention	-0.66	3.70
decided	-0.66	3.92
solution	-0.66	3.14
stick	-0.66	2.60
issues	-0.66	3.15
prove	-0.66	4.16
50	-0.66	3.05
didnt	-0.66	4.17
time	-0.66	3.71
protests	-0.66	2.27
acting	-0.66	2.26
driving	-0.66	3.49
themselves	-0.66	3.68
jury	-0.66	2.99
maximum	-0.66	2.75
able	-0.66	4.42
re	-0.66	4.98
liquor	-0.66	2.25
travel	-0.65	3.27
assistance	-0.65	2.61
hopes	-0.65	2.84
rapes	-0.65	2.54
assault	-0.65	2.62
welfare	-0.65	2.51
ever	-0.65	4.29
becomes	-0.65	2.97
mexican	-0.65	2.12
say	-0.65	5.01
cyclists	-0.65	2.49
talking	-0.65	4.98
also	-0.65	5.05
rot	-0.65	3.06
simple	-0.65	3.28
realizing	-0.65	2.22
refusing	-0.65	2.43
portion	-0.65	2.15
lawn	-0.65	2.62
cop	-0.65	3.52
jaw	-0.65	2.51
trial	-0.65	2.94
arrested	-0.65	3.20
deaths	-0.65	2.59
know	-0.65	5.00
take	-0.65	4.01
harm	-0.65	3.35
length	-0.65	2.28
back	-0.64	3.68
old	-0.64	2.90
affected	-0.64	2.44
courtroom	-0.64	2.58
pity	-0.64	2.67
mph	-0.64	3.43
constitution	-0.64	2.69
prepared	-0.64	4.14
failing	-0.64	3.64
lbs	-0.64	2.72
everyday	-0.64	2.05
minute	-0.64	2.95
parks	-0.64	2.45
justifies	-0.64	2.79
badge	-0.64	2.48
equally	-0.64	3.03
values	-0.64	2.46
fourth	-0.64	3.03
point	-0.64	5.00
guy	-0.64	3.45
handicapped	-0.63	2.52
sucker	-0.63	2.96
dunno	-0.63	3.18
anymore	-0.63	4.67
lead	-0.63	2.82
dies	-0.63	2.89
why	-0.63	5.02
including	-0.63	2.72
limit	-0.63	3.64
won	-0.63	2.67
thought	-0.63	4.83
lawyer	-0.63	3.08
behave	-0.63	2.97
encourage	-0.63	2.86
plastic	-0.63	2.32
relationship	-0.63	2.46
over	-0.63	3.69
got	-0.63	3.58
asshole	-0.63	2.20
function	-0.63	2.59
give	-0.63	4.17
really	-0.63	4.97
base	-0.63	2.56
owners	-0.63	2.18
touch	-0.63	3.34
significant	-0.63	2.71
treatment	-0.63	2.93
first	-0.62	3.86
woman	-0.62	3.03
300	-0.62	2.87
falsely	-0.62	2.81
think	-0.62	5.06
severe	-0.62	2.87
foolish	-0.62	2.38
ride	-0.62	2.55
bikes	-0.62	2.39
smaller	-0.62	2.81
movement	-0.62	2.24
matters	-0.62	3.24
society	-0.62	2.81
120	-0.62	2.98
penalty	-0.62	2.73
legally	-0.62	3.25
convict	-0.62	3.12
hungry	-0.62	3.08
1	-0.62	3.11
age	-0.62	2.62
says	-0.62	3.04
justify	-0.62	3.36
failed	-0.62	2.91
acted	-0.61	2.82
tortured	-0.61	2.77
protect	-0.61	3.16
lifestyle	-0.61	2.46
citizen	-0.61	2.72
puts	-0.61	2.61
manslaughter	-0.61	2.63
data	-0.61	2.45
rape	-0.61	2.83
procedure	-0.61	2.44
cant	-0.61	4.35
across	-0.61	2.74
implying	-0.61	3.96
away	-0.61	3.73
families	-0.61	2.47
israel	-0.61	2.32
husband	-0.61	2.64
damage	-0.61	2.92
pounds	-0.60	3.08
random	-0.60	2.86
innocence	-0.60	3.08
way	-0.60	4.83
corporate	-0.60	2.65
bigger	-0.60	2.84
again	-0.60	4.54
lawyers	-0.60	2.83
released	-0.60	2.99
morally	-0.60	4.50
his	-0.60	2.72
rate	-0.60	2.59
possibility	-0.60	3.25
comes	-0.60	3.50
ko	-0.60	2.64
accountable	-0.60	2.77
danger	-0.60	3.26
protection	-0.60	2.71
flying	-0.60	2.35
naive	-0.60	2.25
internal	-0.60	2.83
under	-0.60	3.00
steal	-0.60	3.12
limb	-0.60	3.68
pull	-0.60	3.63
nor	-0.60	3.86
dumb	-0.60	2.39
accused	-0.60	2.88
affect	-0.60	2.47
context	-0.60	4.30
counts	-0.59	2.69
gap	-0.59	2.66
caught	-0.59	3.48
men	-0.59	2.68
finds	-0.59	2.83
religious	-0.59	2.17
loads	-0.59	2.15
ohio	-0.59	2.62
elbow	-0.59	2.58
permanently	-0.59	3.41
boyfriend	-0.59	2.60
past	-0.59	3.32
bully	-0.59	3.16
put	-0.59	3.32
humans	-0.59	2.37
punch	-0.59	2.69
exceptions	-0.59	3.35
id	-0.59	3.15
notice	-0.59	3.94
can	-0.59	4.58
hurting	-0.59	3.30
tell	-0.58	4.81
girls	-0.58	2.59
accusations	-0.58	2.90
year	-0.58	2.87
speeds	-0.58	3.45
wo	-0.58	4.58
rob	-0.58	2.97
plus	-0.58	2.82
dui	-0.58	2.67
bit	-0.58	3.64
gives	-0.58	2.81
family	-0.58	2.40
realize	-0.58	4.80
despite	-0.58	2.70
intentionally	-0.58	2.77
negative	-0.58	2.31
throws	-0.58	2.65
gut	-0.58	2.32
shouldnt	-0.58	3.88
typically	-0.58	2.41
degree	-0.58	2.65
arab	-0.58	2.35
begging	-0.58	3.43
jail	-0.58	3.15
wind	-0.58	2.57
generalization	-0.58	2.48
order	-0.57	3.70
out	-0.57	3.78
privacy	-0.57	2.58
fraud	-0.57	2.78
threw	-0.57	2.75
apples	-0.57	2.91
months	-0.57	3.20
children	-0.57	2.45
bullying	-0.57	2.69
commission	-0.57	2.64
become	-0.57	2.75
go	-0.57	4.40
tactics	-0.57	2.51
remains	-0.57	2.86
unusual	-0.57	2.76
continued	-0.57	3.18
another	-0.57	3.61
picking	-0.57	2.67
peers	-0.57	2.47
yourself	-0.57	3.84
24	-0.57	2.81
means	-0.57	4.55
waste	-0.57	2.62
use	-0.57	2.92
willing	-0.57	4.56
friends	-0.57	2.50
years	-0.57	3.11
theirs	-0.56	2.60
led	-0.56	2.56
cute	-0.56	3.19
feel	-0.56	4.09
pit	-0.56	2.43
200	-0.56	2.87
addressed	-0.56	3.41
victims	-0.56	2.66
form	-0.56	2.95
refused	-0.56	2.44
instinct	-0.56	2.53
twat	-0.56	2.37
commonly	-0.56	2.31
per	-0.56	2.93
entry	-0.56	2.51
power	-0.56	2.93
dollars	-0.56	2.87
wanted	-0.56	4.43
heads	-0.56	2.51
truth	-0.56	3.02
second	-0.56	3.31
town	-0.56	2.56
16	-0.56	2.72
indicate	-0.56	3.62
likes	-0.56	3.31
speed	-0.56	3.43
him	-0.56	3.66
live	-0.55	2.77
later	-0.55	3.45
plan	-0.55	2.66
an	-0.55	2.57
client	-0.55	3.03
demanding	-0.55	2.88
riding	-0.55	2.49
slower	-0.55	3.47
passing	-0.55	3.54
detective	-0.55	2.25
twice	-0.55	3.71
proof	-0.55	3.90
bullied	-0.55	2.82
ability	-0.55	3.76
fool	-0.55	2.71
shaming	-0.55	2.41
register	-0.55	2.61
parole	-0.55	2.82
instigated	-0.55	2.72
programs	-0.55	2.78
education	-0.55	2.47
accidents	-0.55	2.91
last	-0.55	3.40
stand	-0.55	4.04
trust	-0.55	3.90
brother	-0.55	2.50
younger	-0.55	2.49
punches	-0.55	2.60
highways	-0.54	3.41
move	-0.54	3.80
shoot	-0.54	3.52
entirely	-0.54	3.82
doctors	-0.54	2.52
less	-0.54	3.61
dad	-0.54	2.52
student	-0.54	2.53
stereotype	-0.54	2.10
chick	-0.54	2.72
loses	-0.54	2.77
repercussions	-0.54	3.16
sword	-0.54	2.63
rehabilitate	-0.54	2.88
there	-0.54	5.03
comparison	-0.54	3.09
after	-0.54	3.69
fucks	-0.54	2.24
highway	-0.54	3.16
run	-0.54	3.77
causing	-0.54	2.98
went	-0.54	3.66
days	-0.54	3.22
citizens	-0.54	2.98
mentioning	-0.54	3.57
single	-0.54	3.38
free	-0.54	2.91
bike	-0.54	2.55
feet	-0.54	3.12
contempt	-0.54	2.69
sentenced	-0.54	2.90
company	-0.54	2.57
species	-0.54	2.61
heart	-0.54	2.25
based	-0.54	2.81
understanding	-0.53	3.07
exists	-0.53	2.72
violate	-0.53	2.85
child	-0.53	2.51
douchebag	-0.53	2.26
18	-0.53	2.70
nigger	-0.53	2.24
moved	-0.53	3.14
convicted	-0.53	2.66
bones	-0.53	2.64
attempts	-0.53	3.62
ironic	-0.53	2.91
prison	-0.53	2.83
israeli	-0.53	2.43
significantly	-0.53	3.20
left	-0.53	3.53
role	-0.53	2.35
minutes	-0.53	3.26
prosecution	-0.53	2.93
jailed	-0.53	3.14
miles	-0.53	3.09
potential	-0.53	2.93
ago	-0.53	3.22
cover	-0.53	2.67
property	-0.53	2.60
daily	-0.53	2.51
billion	-0.53	2.73
million	-0.53	2.93
pedophile	-0.53	2.75
thief	-0.53	2.68
certainly	-0.52	4.61
policies	-0.52	3.11
burden	-0.52	3.15
weaker	-0.52	3.09
son	-0.52	2.49
threat	-0.52	3.38
ready	-0.52	3.88
teenager	-0.52	2.71
80	-0.52	2.97
picked	-0.52	2.87
fate	-0.52	2.56
jewish	-0.52	2.41
coward	-0.52	2.42
meeting	-0.52	2.39
stab	-0.52	3.15
retreat	-0.52	3.33
weak	-0.52	2.54
kill	-0.52	3.96
associated	-0.52	2.41
older	-0.52	2.56
tried	-0.52	4.14
weeks	-0.52	3.18
pulls	-0.51	2.82
complete	-0.51	2.25
runs	-0.51	3.12
caused	-0.51	2.84
laying	-0.51	2.75
suspended	-0.51	3.23
beating	-0.51	3.04
giant	-0.51	2.35
male	-0.51	2.50
seconds	-0.51	3.30
folks	-0.51	2.59
sovereign	-0.51	2.47
psychopath	-0.51	2.81
causes	-0.51	2.71
visit	-0.51	2.86
cunt	-0.51	2.34
freeway	-0.51	3.25
profession	-0.51	3.13
blatant	-0.51	2.47
injustice	-0.51	2.42
35	-0.51	2.85
17	-0.51	2.72
fear	-0.51	2.35
holds	-0.51	2.57
trying	-0.51	4.39
came	-0.51	3.65
your	-0.51	2.83
avoided	-0.51	3.37
involving	-0.50	2.72
testing	-0.50	2.98
palestinian	-0.50	2.38
lady	-0.50	2.81
korean	-0.50	2.08
asking	-0.50	4.13
blonde	-0.50	2.45
starts	-0.50	2.91
corruption	-0.50	2.69
conditions	-0.50	2.91
permanent	-0.50	2.80
operate	-0.50	2.77
traveling	-0.50	3.32
birth	-0.50	2.31
massive	-0.50	2.60
lesson	-0.50	3.40
fires	-0.50	2.63
forced	-0.50	3.48
sleeping	-0.50	2.44
represent	-0.50	2.43
protesting	-0.50	3.29
accuse	-0.50	2.98
compared	-0.50	2.43
lie	-0.50	3.36
jobs	-0.50	2.78
quite	-0.50	3.76
cashier	-0.50	2.96
growing	-0.50	2.61
immature	-0.50	2.16
present	-0.50	3.22
accidentally	-0.50	3.19
ways	-0.50	3.36
victim	-0.50	2.68
teeth	-0.49	2.56
saving	-0.49	2.71
particular	-0.49	2.76
itself	-0.49	2.87
partially	-0.49	3.53
health	-0.49	3.08
nations	-0.49	2.66
lane	-0.49	3.53
restrain	-0.49	3.09
bitches	-0.49	2.44
reaction	-0.49	2.87
nature	-0.49	2.29
sued	-0.49	2.78
authority	-0.49	3.08
houses	-0.49	2.50
attempting	-0.49	3.98
therapy	-0.49	2.76
fee	-0.49	2.87
condition	-0.49	2.82
than	-0.49	3.39
himself	-0.48	3.34
central	-0.48	2.46
needed	-0.48	3.71
sign	-0.48	3.07
admitted	-0.48	3.31
executed	-0.48	2.63
horse	-0.48	2.64
ass	-0.48	3.20
abiding	-0.48	2.84
sticking	-0.48	2.62
barely	-0.48	3.24
faggot	-0.48	2.50
fewer	-0.48	3.41
understand	-0.48	4.92
perform	-0.48	2.65
month	-0.48	3.07
though	-0.48	5.04
father	-0.48	2.51
support	-0.47	3.43
false	-0.47	3.08
policeman	-0.47	2.37
bucks	-0.47	2.96
neighbors	-0.47	2.39
repeatedly	-0.47	3.09
united	-0.47	2.81
america	-0.47	3.25
assuming	-0.47	5.05
hitler	-0.47	2.45
held	-0.47	2.78
herself	-0.47	3.04
greater	-0.47	2.87
larger	-0.47	2.66
yield	-0.47	2.96
road	-0.47	2.87
slightest	-0.47	3.25
jurisdictions	-0.47	3.24
drive	-0.47	3.25
convenience	-0.47	2.65
store	-0.47	2.72
risk	-0.47	3.01
sue	-0.47	2.97
events	-0.47	2.81
teen	-0.46	2.48
conclusion	-0.46	2.97
contract	-0.46	2.92
wins	-0.46	2.54
donuts	-0.46	2.42
encounter	-0.46	2.73
steals	-0.46	2.58
imagine	-0.46	4.64
country	-0.46	3.07
uneducated	-0.46	2.19
expert	-0.46	2.56
at	-0.46	4.25
certain	-0.46	2.83
impact	-0.46	2.95
trolls	-0.46	1.96
toward	-0.46	2.83
requires	-0.46	2.56
island	-0.46	2.49
turn	-0.46	3.48
unlawful	-0.46	2.92
rednecks	-0.46	1.73
testimony	-0.46	2.52
creepy	-0.46	2.98
robbing	-0.46	2.73
stop	-0.46	3.79
mentally	-0.46	3.25
parent	-0.46	2.39
disorder	-0.46	2.89
defended	-0.46	2.87
hurts	-0.46	2.77
fatal	-0.46	2.99
riots	-0.46	2.72
immediately	-0.45	3.59
medical	-0.45	2.91
probation	-0.45	2.90
trade	-0.45	2.68
western	-0.45	2.76
putting	-0.45	3.12
kinda	-0.45	3.46
homes	-0.45	2.49
allow	-0.45	3.36
paid	-0.45	3.25
gang	-0.45	2.14
inmates	-0.45	2.59
took	-0.45	3.47
blatantly	-0.45	2.24
whenever	-0.45	3.27
turned	-0.45	3.51
wherever	-0.45	2.76
1st	-0.45	2.79
bleeding	-0.45	2.36
prevention	-0.45	2.77
choking	-0.45	3.11
waving	-0.44	2.54
times	-0.44	3.32
attorney	-0.44	2.70
pile	-0.44	2.28
without	-0.44	3.32
steps	-0.44	3.14
couldnt	-0.44	3.92
license	-0.44	3.16
definitely	-0.44	4.99
likelihood	-0.44	2.88
mom	-0.44	2.63
debt	-0.44	3.06
inch	-0.44	2.84
knocks	-0.44	2.90
care	-0.44	4.68
outright	-0.44	3.09
meaningless	-0.44	2.70
provoked	-0.44	2.69
swings	-0.44	2.73
toddler	-0.44	2.60
boston	-0.44	2.51
commute	-0.44	2.79
moving	-0.44	3.33
insurance	-0.44	2.89
shit	-0.44	3.69
states	-0.44	2.99
miserable	-0.44	2.46
pin	-0.44	2.72
bridge	-0.44	2.72
white	-0.44	1.93
ownership	-0.44	2.81
hours	-0.43	3.23
exist	-0.43	3.44
daughter	-0.43	2.54
fight	-0.43	3.09
deny	-0.43	3.42
homicide	-0.43	2.70
illegally	-0.43	3.00
unsafe	-0.43	2.78
off	-0.43	3.49
ll	-0.43	4.65
bad	-0.43	3.01
texas	-0.43	2.84
courtesy	-0.43	2.88
claims	-0.43	3.01
forms	-0.43	2.51
harming	-0.43	3.35
solve	-0.43	3.48
fees	-0.43	3.05
supported	-0.43	2.53
reacting	-0.43	2.91
brand	-0.43	2.38
vehicles	-0.43	3.10
current	-0.43	2.64
suicide	-0.43	2.58
generation	-0.43	2.37
armed	-0.43	2.53
cocaine	-0.43	2.48
sheriff	-0.43	2.47
required	-0.43	3.64
reasons	-0.43	3.65
dragged	-0.43	3.23
uk	-0.42	3.10
couldn't	-0.42	4.42
clerk	-0.42	2.86
religion	-0.42	2.27
hopefully	-0.42	3.67
females	-0.42	2.60
abusive	-0.42	2.50
summary	-0.42	2.56
pulled	-0.42	3.16
pay	-0.42	3.15
walking	-0.42	3.55
liability	-0.42	2.77
intimidate	-0.42	3.39
responded	-0.42	3.37
inches	-0.42	2.91
region	-0.42	2.79
near	-0.42	2.90
small	-0.42	2.24
u.s	-0.42	2.85
bank	-0.42	2.59
down	-0.42	3.51
policy	-0.42	3.03
molested	-0.42	2.55
itt	-0.42	1.78
enforce	-0.42	2.86
essentially	-0.42	2.90
potentially	-0.42	3.08
drives	-0.41	2.60
slow	-0.41	3.36
beach	-0.41	2.67
injuries	-0.41	2.84
particularly	-0.41	2.72
neighbor	-0.41	2.57
admit	-0.41	4.90
pumping	-0.41	2.84
psychology	-0.41	2.41
benefits	-0.41	2.79
experiences	-0.41	2.53
dogs	-0.41	2.28
pound	-0.41	2.90
25	-0.41	2.88
teens	-0.41	2.66
turning	-0.41	3.40
try	-0.41	4.40
bone	-0.41	2.58
sentences	-0.41	2.70
owning	-0.41	2.73
risky	-0.41	2.29
protecting	-0.41	2.77
losing	-0.41	2.63
responsibility	-0.41	2.83
schools	-0.41	2.48
avoid	-0.41	3.26
raping	-0.40	2.66
grasp	-0.40	3.46
actively	-0.40	3.29
figure	-0.40	4.33
karate	-0.40	2.62
islam	-0.40	1.98
club	-0.40	2.64
investigation	-0.40	3.20
mans	-0.40	2.58
weapon	-0.40	3.07
grown	-0.40	2.73
ignorance	-0.40	2.16
school	-0.40	2.63
cultures	-0.40	2.67
repeat	-0.40	2.55
rolled	-0.40	2.92
coke	-0.40	2.34
hour	-0.40	3.11
consent	-0.40	2.81
tased	-0.40	3.20
moves	-0.40	3.18
awhile	-0.40	2.73
consider	-0.40	4.41
france	-0.40	2.96
bitch	-0.40	2.51
fought	-0.40	2.72
passes	-0.40	3.28
police	-0.40	2.90
foot	-0.40	2.97
bills	-0.40	2.95
manage	-0.40	3.68
drunk	-0.39	2.39
countries	-0.39	2.92
poorly	-0.39	3.10
drunken	-0.39	2.32
ignored	-0.39	3.16
endangering	-0.39	2.93
paying	-0.39	3.44
loss	-0.39	2.62
course	-0.39	5.03
find	-0.39	4.39
teachers	-0.39	2.64
blocking	-0.39	2.97
carries	-0.39	2.84
hypocritical	-0.39	1.96
serial	-0.39	2.59
fly	-0.39	3.22
exit	-0.39	3.19
safely	-0.39	3.36
realized	-0.39	3.79
every	-0.39	3.57
charges	-0.39	2.78
dont	-0.39	4.78
mentality	-0.39	2.45
spot	-0.39	2.72
execute	-0.39	2.69
prick	-0.39	2.21
walk	-0.39	3.69
bs	-0.39	2.37
block	-0.39	2.99
drawn	-0.39	3.11
day	-0.39	3.37
19	-0.39	2.64
fail	-0.39	3.46
nation	-0.39	2.72
longer	-0.39	3.92
creates	-0.39	2.61
reckless	-0.38	2.55
ran	-0.38	3.41
knowing	-0.38	2.91
law	-0.38	2.88
rapist	-0.38	2.59
skull	-0.38	2.83
traffic	-0.38	3.20
important	-0.38	3.15
europe	-0.38	2.84
ground	-0.38	3.14
facing	-0.38	2.58
wave	-0.38	2.22
rule	-0.38	3.01
wreck	-0.38	3.37
officers	-0.38	3.07
start	-0.38	3.61
resist	-0.38	3.09
coverage	-0.38	2.76
abused	-0.38	2.67
tiny	-0.38	2.22
prosecute	-0.38	2.99
cuffs	-0.38	3.22
driveway	-0.38	2.78
naturally	-0.38	2.99
guns	-0.37	2.98
brains	-0.37	2.62
911	-0.37	2.76
federal	-0.37	2.77
ends	-0.37	2.93
let	-0.37	4.55
usa	-0.37	2.89
christmas	-0.37	2.58
fantasy	-0.37	2.54
applied	-0.37	3.11
subject	-0.37	2.66
harassing	-0.37	2.89
face	-0.37	3.05
exclusively	-0.37	2.48
enough	-0.37	4.65
stuck	-0.37	2.78
signs	-0.37	2.94
legs	-0.37	2.74
hit	-0.37	3.21
battery	-0.37	2.58
parking	-0.37	2.83
aggressor	-0.37	3.15
dog	-0.37	2.49
southern	-0.37	2.63
orders	-0.37	2.65
banks	-0.37	2.56
imminent	-0.37	3.11
unconscious	-0.37	3.21
canada	-0.37	3.11
date	-0.37	2.68
blow	-0.37	2.80
businesses	-0.37	2.48
refuse	-0.37	2.71
condescending	-0.37	2.09
guaranteed	-0.37	3.31
dumbass	-0.37	2.45
inconvenience	-0.37	3.26
see	-0.36	4.88
now	-0.36	5.27
instead	-0.36	3.45
arrest	-0.36	2.89
vehicle	-0.36	3.13
puppy	-0.36	2.28
rounds	-0.36	2.92
carry	-0.36	3.19
kicked	-0.36	3.23
disrespectful	-0.36	2.19
furthermore	-0.36	2.90
olds	-0.36	2.78
head	-0.36	2.93
burning	-0.36	2.75
shotgun	-0.36	2.75
bouncer	-0.36	2.96
streets	-0.36	2.63
rehabilitation	-0.36	2.67
anger	-0.36	2.15
isis	-0.36	2.43
gun	-0.36	3.07
neither	-0.36	3.46
assume	-0.36	5.18
week	-0.36	3.22
sufficient	-0.36	3.62
label	-0.36	2.35
motor	-0.36	3.08
robbed	-0.36	2.77
proceeded	-0.36	3.53
pass	-0.36	3.41
discretion	-0.36	2.79
doctor	-0.36	2.58
explicitly	-0.36	3.68
warrant	-0.36	2.93
cyclist	-0.35	2.73
lay	-0.35	3.28
apparent	-0.35	3.22
murdering	-0.35	2.79
claim	-0.35	3.51
tragic	-0.35	2.94
hide	-0.35	2.82
slowly	-0.35	3.02
stores	-0.35	2.57
upper	-0.35	2.61
developed	-0.35	2.78
fast	-0.35	3.35
scratch	-0.35	2.44
handcuffs	-0.35	2.81
running	-0.35	3.54
determined	-0.35	2.97
designed	-0.35	2.60
waited	-0.35	3.30
concealed	-0.35	3.11
into	-0.35	3.21
participate	-0.35	3.31
nj	-0.35	2.64
giving	-0.35	3.24
possession	-0.35	2.61
injure	-0.35	3.55
believe	-0.35	5.18
shoulder	-0.35	3.22
fall	-0.35	3.25
explain	-0.35	4.76
address	-0.35	2.84
cars	-0.35	3.02
principle	-0.35	3.08
neck	-0.35	2.75
grass	-0.35	2.65
broken	-0.35	2.69
settlement	-0.35	2.68
anyway	-0.35	5.29
cycle	-0.34	2.64
spots	-0.34	2.88
officer	-0.34	3.05
accusing	-0.34	3.09
system	-0.34	2.97
identity	-0.34	2.85
mistakes	-0.34	2.69
choked	-0.34	3.10
proving	-0.34	3.45
decade	-0.34	3.04
middle	-0.34	2.55
allegedly	-0.34	2.86
teach	-0.34	2.95
crash	-0.34	3.21
factor	-0.34	2.98
work	-0.34	4.46
hands	-0.34	2.85
parked	-0.34	2.89
civilian	-0.34	2.72
lies	-0.34	2.93
bill	-0.34	2.47
violations	-0.34	2.63
official	-0.34	2.90
sidewalk	-0.34	2.70
until	-0.34	3.86
rely	-0.34	2.76
jackass	-0.34	2.51
whose	-0.34	2.62
nerve	-0.34	2.41
carrying	-0.34	3.01
raped	-0.34	2.74
knocked	-0.34	3.18
minimum	-0.34	2.80
reaching	-0.34	3.02
fell	-0.34	3.05
employees	-0.34	2.70
location	-0.34	2.57
turns	-0.34	3.23
merging	-0.34	3.24
passed	-0.34	3.33
judged	-0.34	2.86
organization	-0.34	2.60
roads	-0.33	2.97
pistol	-0.33	2.91
morality	-0.33	3.12
shop	-0.33	2.56
unloaded	-0.33	2.97
concussion	-0.33	2.88
beaten	-0.33	3.08
tire	-0.33	2.61
arm	-0.33	2.88
statistics	-0.33	3.08
powerful	-0.33	2.06
dollar	-0.33	2.79
trucks	-0.33	3.06
survival	-0.33	2.88
bother	-0.33	4.11
round	-0.33	2.88
seemingly	-0.33	2.68
drivers	-0.33	2.93
joined	-0.33	2.90
bulls	-0.33	2.52
fbi	-0.33	2.63
throwing	-0.33	2.79
asshat	-0.33	2.22
england	-0.33	3.12
attention	-0.33	3.52
accept	-0.33	4.16
knowledge	-0.33	2.58
closing	-0.33	2.69
starting	-0.33	2.52
blocks	-0.33	2.90
harmed	-0.33	3.34
preventing	-0.33	3.04
stray	-0.33	2.40
fired	-0.33	3.03
auto	-0.33	2.52
big	-0.33	3.10
grabs	-0.32	2.85
drug	-0.32	2.50
differently	-0.32	3.71
lock	-0.32	2.72
blocked	-0.32	3.05
conviction	-0.32	2.69
purposefully	-0.32	3.19
draw	-0.32	3.10
end	-0.32	3.83
grabbed	-0.32	3.08
permission	-0.32	2.93
albeit	-0.32	2.33
highschool	-0.32	2.77
lazy	-0.32	2.24
nyc	-0.32	2.47
capital	-0.32	2.87
mouth	-0.32	2.45
attacks	-0.32	2.75
dismiss	-0.32	2.80
permit	-0.32	3.20
500	-0.32	2.89
taught	-0.32	3.01
swung	-0.32	3.04
anti	-0.32	2.10
45	-0.32	2.89
firefighters	-0.32	2.99
reach	-0.32	3.16
nazis	-0.32	2.34
grow	-0.32	3.06
pushed	-0.32	3.05
amounts	-0.32	2.49
beliefs	-0.31	2.42
drawing	-0.31	2.90
survive	-0.31	3.07
kick	-0.31	2.72
hold	-0.31	3.14
downtown	-0.31	2.57
laws	-0.31	2.97
sooner	-0.31	3.71
drugs	-0.31	2.61
sentiment	-0.31	2.86
honestly	-0.31	4.59
firearms	-0.31	2.87
bait	-0.31	2.08
locking	-0.31	2.69
ego	-0.31	2.34
helped	-0.31	3.29
speeding	-0.31	3.14
tazer	-0.31	2.92
duty	-0.31	2.93
problem	-0.31	4.51
bend	-0.31	3.22
east	-0.31	2.67
pretending	-0.31	2.75
instigating	-0.31	2.76
increased	-0.31	2.74
malicious	-0.31	2.69
invite	-0.31	3.05
sister	-0.31	2.56
negligent	-0.31	2.57
wife	-0.31	2.62
acknowledge	-0.31	4.20
sprayed	-0.31	3.08
obama	-0.31	2.32
ourselves	-0.31	3.28
managed	-0.31	3.78
justification	-0.31	3.36
hand	-0.31	2.90
competition	-0.30	2.35
toss	-0.30	2.77
granted	-0.30	2.64
side	-0.30	3.11
chased	-0.30	3.10
depressing	-0.30	2.75
emotional	-0.30	2.41
hospital	-0.30	2.83
intervene	-0.30	3.15
lanes	-0.30	3.31
college	-0.30	2.61
forward	-0.30	2.96
empathy	-0.30	2.62
ribs	-0.30	2.71
merge	-0.30	3.26
lines	-0.30	3.13
around	-0.30	3.44
conscious	-0.30	2.56
long	-0.30	3.60
knockout	-0.30	2.50
pocket	-0.30	2.78
intersection	-0.30	3.08
adults	-0.30	2.43
damages	-0.30	2.79
paper	-0.30	2.14
california	-0.30	2.67
failure	-0.30	3.10
house	-0.30	2.80
south	-0.30	2.69
injured	-0.30	3.20
issue	-0.30	3.62
grade	-0.29	2.78
sociopath	-0.29	2.69
pedestrian	-0.29	2.79
india	-0.29	2.80
brazil	-0.29	3.07
punched	-0.29	3.18
pack	-0.29	2.23
falling	-0.29	3.18
oncoming	-0.29	3.12
special	-0.29	2.94
district	-0.29	2.63
average	-0.29	3.04
strikes	-0.29	2.20
shithead	-0.29	2.53
therefore	-0.29	3.04
ahead	-0.29	3.74
occurred	-0.29	3.00
extent	-0.29	2.45
dropped	-0.29	3.10
calls	-0.29	2.51
smacked	-0.29	3.02
editing	-0.29	2.38
unstable	-0.29	3.03
ages	-0.29	2.17
utter	-0.29	2.38
discuss	-0.29	3.20
hypothetical	-0.29	3.02
stabbed	-0.29	3.12
protest	-0.29	2.77
friend	-0.29	2.85
reasoning	-0.29	3.15
struggling	-0.29	3.66
enter	-0.29	3.00
rates	-0.29	2.67
broke	-0.29	2.82
viewpoint	-0.29	2.96
bite	-0.29	2.44
loaded	-0.29	2.93
qualified	-0.29	2.18
cock	-0.29	2.27
strangers	-0.29	2.56
truly	-0.29	2.54
push	-0.29	3.35
spending	-0.29	2.99
early	-0.29	3.15
cities	-0.29	2.64
bring	-0.29	3.42
attack	-0.29	3.18
due	-0.29	2.61
questioning	-0.28	3.26
hole	-0.28	2.51
bodies	-0.28	2.53
search	-0.28	3.06
crosswalk	-0.28	3.02
save	-0.28	3.24
australia	-0.28	3.11
imo	-0.28	3.02
value	-0.28	2.95
became	-0.28	2.80
warrants	-0.28	2.79
firearm	-0.28	3.01
busy	-0.28	2.69
event	-0.28	2.76
tall	-0.28	2.80
pulling	-0.28	3.18
capacity	-0.28	3.00
cheek	-0.28	2.58
greatly	-0.28	2.59
girlfriend	-0.28	2.77
soon	-0.28	3.76
flow	-0.28	3.27
entered	-0.28	3.09
tackled	-0.28	3.14
expected	-0.28	3.42
cleared	-0.28	3.55
escalating	-0.28	2.95
too	-0.28	4.52
avoiding	-0.28	2.95
continuing	-0.27	3.37
aiming	-0.27	3.16
weather	-0.27	2.22
lethal	-0.27	3.26
changed	-0.27	3.72
opens	-0.27	2.96
category	-0.27	2.51
bikers	-0.27	2.40
shes	-0.27	2.77
banning	-0.27	2.48
obey	-0.27	2.87
building	-0.27	2.67
stealing	-0.27	2.74
open	-0.27	2.81
ended	-0.27	3.24
22	-0.27	2.79
closed	-0.27	2.80
abortion	-0.27	2.20
complaints	-0.27	2.37
tool	-0.27	2.65
privilege	-0.27	2.51
michigan	-0.27	2.72
along	-0.27	3.26
sick	-0.27	2.62
slowing	-0.27	3.24
kills	-0.27	2.71
nose	-0.26	2.45
defense	-0.26	3.36
money	-0.26	3.03
waiting	-0.26	3.05
fists	-0.26	2.80
seats	-0.26	2.80
teaching	-0.26	2.57
while	-0.26	3.42
pavement	-0.26	2.90
becoming	-0.26	2.57
ie	-0.26	2.97
explained	-0.26	3.84
resort	-0.26	2.89
florida	-0.26	2.81
locked	-0.26	3.06
stronger	-0.26	3.22
students	-0.26	2.42
challenged	-0.26	2.99
murdered	-0.26	2.78
yard	-0.26	2.72
breaking	-0.26	2.84
views	-0.26	2.64
mexico	-0.26	2.70
necessary	-0.26	3.68
comply	-0.26	3.02
recover	-0.26	3.10
north	-0.26	2.66
weapons	-0.26	2.90
bullet	-0.26	2.88
entertainment	-0.26	2.58
further	-0.26	3.35
fine	-0.26	5.14
bullets	-0.25	2.89
beside	-0.25	3.02
solved	-0.25	2.75
mass	-0.25	2.73
david	-0.25	2.44
robber	-0.25	2.88
stomped	-0.25	3.03
ive	-0.25	3.57
code	-0.25	2.85
blaming	-0.25	3.03
remove	-0.25	2.90
bmw	-0.25	2.53
enforcement	-0.25	2.91
abusing	-0.25	2.95
verbal	-0.25	2.74
prosecutor	-0.25	2.98
jerk	-0.25	1.75
arms	-0.25	2.89
own	-0.25	2.91
blank	-0.25	3.03
creating	-0.25	2.91
wounds	-0.25	2.94
alcohol	-0.25	2.60
office	-0.25	2.81
inability	-0.25	3.27
state	-0.25	2.85
throat	-0.25	2.71
defined	-0.25	2.98
breed	-0.25	2.51
county	-0.25	2.68
prosecutors	-0.25	3.03
recognize	-0.25	3.85
follow	-0.25	3.15
apply	-0.25	3.19
damaged	-0.24	2.91
sort	-0.24	3.39
pockets	-0.24	2.70
13	-0.24	2.75
someones	-0.24	3.01
self	-0.24	3.16
taser	-0.24	3.10
gunpoint	-0.24	2.64
sure	-0.24	5.28
hanging	-0.24	2.56
worth	-0.24	3.01
however	-0.24	5.28
pinned	-0.24	2.96
tumblr	-0.24	2.17
exact	-0.24	3.90
conclusions	-0.24	2.73
break	-0.24	2.86
alleged	-0.24	2.81
department	-0.24	2.77
fingers	-0.24	2.65
adult	-0.24	2.81
90	-0.24	2.94
muslim	-0.24	2.22
argument	-0.24	3.66
buddies	-0.24	2.35
pickup	-0.24	2.86
slaps	-0.24	2.82
harmful	-0.24	2.69
received	-0.24	3.02
abuser	-0.24	2.51
stance	-0.24	2.98
mark	-0.24	2.63
stood	-0.24	3.16
conspiracy	-0.24	2.52
non-lethal	-0.23	3.19
mcdonalds	-0.23	2.58
snapped	-0.23	2.94
21	-0.23	2.75
party	-0.23	2.72
backing	-0.23	3.27
ethics	-0.23	3.23
gas	-0.23	2.66
available	-0.23	2.82
killing	-0.23	2.87
create	-0.23	3.11
truck	-0.23	2.95
doctrine	-0.23	3.14
2012	-0.23	2.72
home	-0.23	2.96
homeowner	-0.23	2.93
he/she	-0.23	2.73
fallen	-0.23	2.93
redditor	-0.23	2.43
employer	-0.23	2.74
skinny	-0.23	2.60
rubber	-0.23	2.87
experience	-0.23	3.03
worked	-0.23	3.10
folk	-0.23	2.40
buses	-0.23	2.57
american	-0.23	2.24
position	-0.23	3.42
smashed	-0.23	2.97
secondly	-0.22	2.55
faster	-0.22	3.57
wallet	-0.22	2.76
i.e	-0.22	2.70
tends	-0.22	2.34
focus	-0.22	2.35
onto	-0.22	3.08
employee	-0.22	2.78
purse	-0.22	2.86
grab	-0.22	2.98
conservative	-0.22	2.21
fist	-0.22	2.80
next	-0.22	3.39
castle	-0.22	3.27
liar	-0.22	2.68
handgun	-0.22	2.89
apartment	-0.22	2.80
border	-0.22	2.48
remember	-0.22	4.52
slammed	-0.22	2.98
tazed	-0.22	3.18
blind	-0.22	2.68
san	-0.22	2.61
moral	-0.22	2.88
shock	-0.22	2.74
incredibly	-0.22	2.80
drove	-0.22	3.16
pet	-0.22	2.46
probable	-0.22	3.29
taxes	-0.22	2.92
transportation	-0.22	2.45
entering	-0.22	2.92
fights	-0.22	2.91
chest	-0.22	2.89
european	-0.21	2.47
tolerance	-0.21	3.11
purpose	-0.21	3.52
operating	-0.21	3.01
knocking	-0.21	3.07
complaint	-0.21	2.85
possible	-0.21	3.85
window	-0.21	2.90
attacking	-0.21	2.93
firing	-0.21	2.97
informed	-0.21	3.23
cost	-0.21	2.86
peoples	-0.21	2.96
stopped	-0.21	3.23
environment	-0.21	2.88
superior	-0.21	2.89
violating	-0.21	2.74
burned	-0.21	2.87
seen	-0.21	4.12
protesters	-0.21	2.58
gay	-0.21	2.17
chin	-0.21	2.60
opponent	-0.21	2.93
shots	-0.21	3.24
armchair	-0.21	2.38
purposely	-0.21	3.01
flag	-0.21	2.54
attackers	-0.21	3.16
doors	-0.21	2.88
provide	-0.21	3.50
trigger	-0.21	2.94
flight	-0.21	2.63
deadly	-0.21	3.29
aim	-0.21	3.03
concept	-0.21	3.26
talked	-0.21	3.46
max	-0.21	2.95
belong	-0.21	3.42
city	-0.21	2.60
gunman	-0.21	2.80
provoke	-0.21	3.37
tail	-0.21	2.56
attempt	-0.21	3.41
offensive	-0.21	2.06
utterly	-0.20	3.31
physical	-0.20	2.73
path	-0.20	2.80
agent	-0.20	2.68
stabbing	-0.20	2.80
former	-0.20	2.58
catching	-0.20	2.90
combined	-0.20	2.77
socially	-0.20	3.19
responding	-0.20	3.77
pressure	-0.20	2.72
university	-0.20	2.63
moron	-0.20	2.58
curb	-0.20	2.94
lift	-0.20	3.23
healthcare	-0.20	3.00
rip	-0.20	2.95
being	-0.20	2.81
built	-0.20	2.64
capable	-0.20	2.95
stopping	-0.20	3.20
receiving	-0.20	2.92
arrests	-0.20	2.50
fair	-0.20	4.54
searching	-0.20	3.04
fire	-0.20	2.92
suspension	-0.20	3.20
questions	-0.20	3.21
leo	-0.20	2.80
respect	-0.20	2.90
routine	-0.20	2.52
press	-0.20	2.88
argue	-0.19	4.60
stops	-0.19	3.00
space	-0.19	2.92
through	-0.19	3.12
arguments	-0.19	3.18
argued	-0.19	3.79
valuable	-0.19	2.75
demand	-0.19	2.86
marine	-0.19	2.65
minor	-0.19	2.66
emotionally	-0.19	2.66
jumped	-0.19	2.94
opinions	-0.19	2.95
jurisdiction	-0.19	2.91
knee	-0.19	2.75
century	-0.19	2.91
logic	-0.19	3.26
repeated	-0.19	2.65
door	-0.19	3.00
meth	-0.19	2.43
perceived	-0.19	2.96
self-defense	-0.19	3.45
combination	-0.19	2.46
reporting	-0.19	2.84
glass	-0.19	2.68
shoplifting	-0.19	2.61
detain	-0.18	3.13
authorities	-0.18	3.04
muscles	-0.18	2.62
key	-0.18	2.52
intimidation	-0.18	2.71
crossing	-0.18	2.83
conflict	-0.18	2.93
slowed	-0.18	3.22
dealer	-0.18	2.49
knife	-0.18	2.85
activity	-0.18	2.65
boat	-0.18	2.49
spend	-0.18	3.17
bat	-0.18	2.82
perpetrator	-0.18	2.99
incident	-0.18	3.26
sweden	-0.18	3.24
chicago	-0.18	2.56
scare	-0.18	3.33
thru	-0.18	2.73
threatening	-0.18	3.25
hitting	-0.18	2.97
options	-0.18	3.39
hydrant	-0.18	2.84
detroit	-0.18	2.36
tasers	-0.18	3.04
touched	-0.18	2.85
roll	-0.18	2.98
biker	-0.18	2.75
vary	-0.18	2.87
step	-0.18	3.36
shove	-0.17	2.97
parts	-0.17	3.02
stepping	-0.17	3.20
garage	-0.17	2.84
teenage	-0.17	2.42
stepped	-0.17	3.20
providing	-0.17	3.28
picture	-0.17	2.79
park	-0.17	2.86
war	-0.17	2.74
bricks	-0.17	2.73
minimal	-0.17	2.48
nonsense	-0.17	2.19
plane	-0.17	2.61
forth	-0.17	2.95
strong	-0.17	2.89
smashing	-0.17	2.80
baton	-0.17	2.99
learned	-0.17	3.53
gate	-0.17	2.86
status	-0.17	2.75
smug	-0.17	2.10
join	-0.17	2.75
winning	-0.16	2.74
wrist	-0.16	2.85
car	-0.16	2.97
slapped	-0.16	3.00
room	-0.16	3.21
mentioned	-0.16	3.68
facts	-0.16	3.55
politicians	-0.16	2.85
dick	-0.16	2.25
restricted	-0.16	2.81
stated	-0.16	3.74
during	-0.16	2.98
doesnt	-0.16	3.77
my	-0.16	2.61
varies	-0.16	3.05
totally	-0.16	4.26
zone	-0.16	2.90
holding	-0.16	2.98
harder	-0.16	3.23
access	-0.16	2.55
unnecessary	-0.16	3.34
jumps	-0.16	3.07
carried	-0.16	3.03
stress	-0.16	2.59
west	-0.16	2.42
retired	-0.16	2.59
cross	-0.16	2.93
york	-0.15	2.56
tailgating	-0.15	3.14
flee	-0.15	3.14
falls	-0.15	3.01
vagina	-0.15	3.23
drew	-0.15	2.93
smoking	-0.15	2.60
campus	-0.15	2.64
walks	-0.15	3.15
manager	-0.15	2.72
jumping	-0.15	3.25
methods	-0.15	3.21
popped	-0.15	2.69
driven	-0.15	3.26
spine	-0.15	2.67
bus	-0.15	2.78
chicks	-0.15	2.60
reacted	-0.15	3.11
prisoners	-0.15	2.36
caliber	-0.15	2.66
community	-0.15	2.42
idiocy	-0.15	2.30
goods	-0.15	2.75
housing	-0.15	2.66
entrapment	-0.15	3.32
figures	-0.15	2.89
officials	-0.15	2.72
bet	-0.15	5.11
casually	-0.15	3.05
agenda	-0.14	2.53
oregon	-0.14	2.55
services	-0.14	2.67
thai	-0.14	2.64
pepper	-0.14	2.91
tow	-0.14	2.56
rid	-0.14	2.99
typical	-0.14	2.30
candy	-0.14	2.83
user	-0.14	2.12
photo	-0.14	2.65
properly	-0.14	3.67
weight	-0.14	2.65
destroy	-0.14	3.31
swing	-0.14	2.78
advocating	-0.14	3.81
our	-0.14	3.14
leave	-0.14	4.10
by	-0.14	3.37
gather	-0.14	2.68
reduce	-0.14	2.70
somewhere	-0.14	3.82
brake	-0.14	2.98
studies	-0.14	2.99
culture	-0.14	2.63
chase	-0.14	3.12
intelligence	-0.14	2.67
alive	-0.14	3.05
barrel	-0.14	2.83
pushing	-0.14	3.21
slamming	-0.14	2.90
member	-0.13	2.65
associate	-0.13	2.57
rifle	-0.13	2.82
confrontation	-0.13	2.75
beyond	-0.13	3.50
ambulance	-0.13	2.94
class	-0.13	2.46
rage	-0.13	2.47
amp	-0.13	2.63
threats	-0.13	2.82
bringing	-0.13	3.10
talk	-0.13	4.30
security	-0.13	3.11
innocent	-0.13	3.13
skateboard	-0.13	3.03
forever	-0.13	3.52
genius	-0.13	2.08
labor	-0.13	2.73
4th	-0.13	3.08
buying	-0.13	2.54
card	-0.13	2.70
handguns	-0.13	2.88
distance	-0.13	3.18
needing	-0.13	3.11
9mm	-0.13	2.79
classes	-0.13	2.74
body	-0.13	2.70
agency	-0.13	2.72
concrete	-0.13	2.87
knock	-0.13	3.35
late	-0.13	3.32
opened	-0.13	2.96
backstory	-0.13	3.41
rather	-0.13	3.79
total	-0.13	2.36
feed	-0.13	2.55
lack	-0.12	2.71
signal	-0.12	3.18
fat	-0.12	2.58
seal	-0.12	2.67
strength	-0.12	2.54
cousin	-0.12	2.64
fuckers	-0.12	2.77
occur	-0.12	3.10
manual	-0.12	2.43
similar	-0.12	2.69
nail	-0.12	2.66
sped	-0.12	3.15
resources	-0.12	2.90
presence	-0.12	2.35
getting	-0.12	3.63
spray	-0.12	2.84
fortunately	-0.12	2.58
motorcycle	-0.12	2.87
grip	-0.12	2.83
sane	-0.12	2.91
opportunity	-0.12	3.12
scumbag	-0.12	2.63
tongue	-0.12	2.64
operator	-0.12	2.43
nowadays	-0.12	2.80
progress	-0.12	2.44
seeking	-0.12	2.65
hers	-0.12	3.14
stats	-0.12	3.08
test	-0.12	2.83
dying	-0.11	2.63
wide	-0.11	2.79
suv	-0.11	2.85
drinking	-0.11	2.61
bystanders	-0.11	3.20
condone	-0.11	3.79
escalation	-0.11	3.16
punk	-0.11	2.56
happening	-0.11	4.39
battle	-0.11	2.64
recently	-0.11	3.34
sit	-0.11	3.50
lucky	-0.11	3.19
inside	-0.11	3.06
crack	-0.11	2.57
randomly	-0.11	3.04
legal	-0.11	3.67
narrative	-0.11	2.82
staff	-0.11	2.49
writing	-0.11	2.86
nicely	-0.11	3.37
bail	-0.11	2.93
smarter	-0.11	3.43
walked	-0.11	3.32
wall	-0.11	2.79
ordered	-0.11	2.69
vacation	-0.11	2.80
listed	-0.11	2.99
witnesses	-0.11	3.24
guard	-0.10	2.77
training	-0.10	3.00
thin	-0.10	2.34
rocks	-0.10	2.56
germany	-0.10	2.85
ruined	-0.10	2.99
behind	-0.10	3.11
babies	-0.10	2.66
noticed	-0.10	3.28
punching	-0.10	2.95
approve	-0.10	3.05
train	-0.10	2.76
panic	-0.10	2.31
fleeing	-0.10	2.93
severely	-0.10	3.14
machine	-0.10	2.70
bar	-0.10	2.65
2014	-0.10	2.30
automatic	-0.10	2.66
feelings	-0.10	2.98
lights	-0.10	2.96
empty	-0.10	2.89
chasing	-0.10	2.96
previously	-0.10	3.21
vague	-0.10	2.53
normally	-0.10	3.53
sides	-0.10	2.85
and/or	-0.10	2.82
sounding	-0.10	2.34
passengers	-0.10	2.82
advantage	-0.10	2.64
light	-0.09	3.01
native	-0.09	2.28
sexually	-0.09	2.76
planet	-0.09	2.73
action	-0.09	3.20
reputation	-0.09	3.00
suspect	-0.09	3.11
biting	-0.09	2.81
400	-0.09	2.69
unarmed	-0.09	2.85
justified	-0.09	4.51
higher	-0.09	2.80
saw	-0.09	3.81
retard	-0.09	2.63
firefighter	-0.09	2.79
maintain	-0.09	2.94
attacker	-0.09	3.35
presumably	-0.09	2.71
altercation	-0.09	3.03
positions	-0.09	3.06
details	-0.09	3.48
drops	-0.09	2.74
reported	-0.08	2.83
using	-0.08	3.06
swinging	-0.08	2.93
joining	-0.08	2.62
covered	-0.08	2.55
tax	-0.08	2.85
undercover	-0.08	2.85
rest	-0.08	3.09
keep	-0.08	3.71
basic	-0.08	3.04
leg	-0.08	2.78
immediate	-0.08	3.13
stomach	-0.08	2.30
kicking	-0.08	3.02
frankly	-0.08	3.41
dumbest	-0.08	4.03
targets	-0.08	2.50
earn	-0.08	3.15
found	-0.08	3.72
guess	-0.07	5.40
dangerous	-0.07	2.70
knees	-0.07	2.66
brakes	-0.07	2.83
raise	-0.07	2.76
corner	-0.07	3.01
finger	-0.07	2.73
powers	-0.07	2.89
pole	-0.07	2.89
sent	-0.07	3.01
established	-0.07	2.96
bathroom	-0.07	2.32
continue	-0.07	3.43
violated	-0.07	3.07
personal	-0.07	2.98
inner	-0.07	2.59
costs	-0.07	2.93
shot	-0.07	3.07
line	-0.07	3.08
navy	-0.07	2.65
notion	-0.07	2.92
wait	-0.07	4.15
slapping	-0.07	2.87
weed	-0.07	2.50
hell	-0.07	4.75
send	-0.07	3.31
receive	-0.07	3.04
hypocrisy	-0.07	2.84
depending	-0.07	2.76
hammer	-0.07	2.81
deep	-0.06	2.84
fails	-0.06	2.90
success	-0.06	2.59
died	-0.06	3.11
industry	-0.06	2.73
2nd	-0.06	3.05
opinion	-0.06	3.69
visible	-0.06	2.73
terrorist	-0.06	2.59
harassed	-0.06	2.73
arts	-0.06	2.79
me	-0.06	4.19
largely	-0.06	2.61
afford	-0.06	3.47
suggested	-0.06	3.32
constant	-0.06	2.53
reports	-0.06	2.95
center	-0.06	2.97
trouble	-0.06	3.87
windows	-0.05	2.79
strongly	-0.05	3.17
knives	-0.05	2.74
issued	-0.05	2.83
screwed	-0.05	2.99
natural	-0.05	2.46
bystander	-0.05	3.03
detail	-0.05	3.40
dodge	-0.05	2.97
hose	-0.05	2.88
collision	-0.05	3.32
wont	-0.05	3.98
stomp	-0.05	2.76
gain	-0.05	2.85
instructor	-0.05	2.83
cutting	-0.05	2.88
cut	-0.05	3.01
convenient	-0.05	2.93
shooter	-0.05	3.00
outside	-0.05	3.12
specific	-0.05	2.72
lightly	-0.05	2.77
openly	-0.05	3.44
st	-0.05	2.43
partner	-0.05	2.55
weird	-0.05	3.12
ruin	-0.05	3.27
smoke	-0.04	2.57
sadly	-0.04	2.89
kicks	-0.04	2.46
grounds	-0.04	3.17
commented	-0.04	3.56
planned	-0.04	3.38
surrounding	-0.04	2.47
metal	-0.04	2.63
accident	-0.04	3.27
cat	-0.04	2.52
subdue	-0.04	3.33
regularly	-0.04	2.83
eyes	-0.04	2.66
objects	-0.04	2.46
tl	-0.04	2.64
magazine	-0.04	2.73
view	-0.04	2.84
caring	-0.03	2.85
mid	-0.03	2.85
tyson	-0.03	2.42
consideration	-0.03	3.07
appears	-0.03	2.62
wealth	-0.03	2.34
childish	-0.03	2.23
front	-0.03	3.03
whilst	-0.03	2.59
norway	-0.03	3.10
rider	-0.03	2.64
refer	-0.03	2.60
japan	-0.03	2.90
motorcyclist	-0.03	2.85
zero	-0.03	3.45
cringe	-0.03	2.82
enemy	-0.03	2.60
disregard	-0.03	3.02
mall	-0.03	2.78
medicine	-0.03	3.01
aid	-0.03	2.67
clear	-0.02	4.46
well	-0.02	5.05
leaves	-0.02	2.82
hostage	-0.02	3.02
eventually	-0.02	3.82
profile	-0.02	2.50
marines	-0.02	2.71
ticket	-0.02	3.10
trend	-0.02	2.99
fuel	-0.02	2.90
bumper	-0.02	2.90
precious	-0.02	2.86
stories	-0.02	3.09
useless	-0.02	2.43
attached	-0.02	2.40
response	-0.02	3.38
loser	-0.02	2.58
hung	-0.02	2.90
mma	-0.02	2.71
subway	-0.01	2.34
roof	-0.01	2.71
provided	-0.01	3.25
thumb	-0.01	2.96
helping	-0.01	3.42
common	-0.01	2.37
unit	-0.01	2.79
equality	-0.01	2.70
cage	-0.01	2.74
execution	-0.01	2.13
denying	-0.01	3.29
box	-0.01	2.68
model	-0.01	2.42
taxi	-0.01	2.77
report	-0.01	2.95
walmart	-0.01	2.74
vet	-0.01	2.44
minds	-0.01	2.40
statement	-0.01	3.69
used	-0.01	3.08
mcdonald	-0.01	2.75
camp	-0.01	2.58
fairly	-0.01	3.48
opportunities	-0.01	2.96
steel	-0.01	2.59
washington	-0.00	2.70
aimed	-0.00	3.18
life	-0.00	3.09
making	-0.00	2.62
shall	-0.00	2.98
agreement	-0.00	2.90
forgotten	-0.00	2.75
engine	-0.00	2.71
cells	-0.00	2.72
marijuana	-0.00	2.50
surrounded	-0.00	2.62
patient	-0.00	2.54
forces	-0.00	2.74
grand	-0.00	2.76
denied	-0.00	2.93
propaganda	-0.00	2.45
quickly	-0.00	3.33
email	-0.00	2.76
bothers	-0.00	2.99
insulting	-0.00	2.15
strike	-0.00	2.74
pisses	-0.00	2.56
murderer	-0.00	2.56
wake	0.00	3.48
choke	0.00	2.85
reduced	0.00	2.84
lower	0.00	2.68
finally	0.00	3.42
close	0.00	3.18
purposes	0.00	2.94
confront	0.00	3.11
muscle	0.00	2.67
station	0.00	2.84
slam	0.01	2.91
witnessed	0.01	3.90
proved	0.01	3.37
balls	0.01	2.36
king	0.01	2.38
world	0.01	3.15
deliberately	0.01	3.01
srs	0.01	2.85
challenge	0.01	2.54
trains	0.01	2.41
retarded	0.01	3.13
wouldnt	0.01	3.79
instantly	0.01	3.29
physics	0.01	2.72
martial	0.02	2.74
directly	0.02	3.36
successfully	0.02	2.83
written	0.02	3.28
physically	0.02	3.04
slip	0.02	3.38
interpretation	0.02	2.81
sales	0.02	2.70
limits	0.02	2.90
pool	0.02	2.59
strict	0.02	2.81
rude	0.02	2.05
lives	0.02	3.03
piss	0.02	2.82
desire	0.02	3.43
appear	0.02	3.37
retail	0.02	2.77
whereas	0.02	2.72
restraining	0.02	2.95
unexpected	0.02	3.04
unacceptable	0.02	3.63
allowing	0.02	3.78
mix	0.03	2.63
bottle	0.03	2.61
gave	0.03	3.25
removing	0.03	3.12
rightfully	0.03	3.08
killed	0.03	3.16
expression	0.03	2.62
row	0.03	2.91
stating	0.03	4.08
yep	0.03	2.40
wet	0.03	2.47
hunt	0.03	2.71
shooting	0.03	3.22
fence	0.03	2.93
information	0.03	3.31
breath	0.03	2.86
retaliate	0.03	4.08
combat	0.03	2.67
spitting	0.03	2.83
seat	0.03	2.85
defence	0.03	3.26
suspicion	0.04	3.24
escalate	0.04	2.90
pig	0.04	2.35
desk	0.04	2.66
earlier	0.04	3.38
scientific	0.04	3.04
resisting	0.04	2.86
analogy	0.04	3.11
checking	0.04	3.07
rear	0.04	2.92
construction	0.04	3.01
tap	0.04	2.85
instance	0.04	2.62
reactions	0.04	2.31
supports	0.04	2.75
crashed	0.04	2.95
worded	0.04	3.35
marriage	0.04	2.25
ask	0.04	4.37
legitimately	0.04	3.88
period	0.04	3.30
controlled	0.04	2.72
delusional	0.04	2.90
mandatory	0.04	2.79
income	0.04	2.85
surface	0.04	2.52
nowhere	0.04	3.17
versus	0.05	2.56
motherfuckers	0.05	2.62
resistance	0.05	3.02
active	0.05	2.70
depends	0.05	3.21
dr	0.05	2.56
regard	0.05	2.79
offered	0.05	2.92
requirement	0.05	3.55
0	0.05	3.08
silence	0.05	2.37
molester	0.05	2.60
pot	0.05	2.58
mountain	0.05	2.28
serving	0.05	2.60
wrecked	0.05	2.70
serve	0.05	2.52
street	0.05	2.79
blowing	0.05	2.96
23	0.05	2.49
takes	0.05	3.18
practice	0.05	2.58
teacher	0.05	2.83
leaving	0.05	3.14
soldier	0.05	2.67
ban	0.05	2.89
magic	0.05	2.16
intended	0.05	3.45
aww	0.05	3.31
paint	0.05	2.81
military	0.06	2.82
meal	0.06	2.69
chances	0.06	3.24
modern	0.06	2.52
force	0.06	3.44
artist	0.06	2.43
everywhere	0.06	2.45
brick	0.06	2.67
artists	0.06	2.71
taking	0.06	3.33
checked	0.06	3.01
activities	0.06	2.77
referred	0.06	2.83
negligence	0.06	3.14
letting	0.06	3.81
spent	0.06	3.12
driver	0.06	3.13
risking	0.06	3.06
salt	0.06	1.87
persons	0.06	3.04
eastern	0.06	2.61
highest	0.06	2.64
sometime	0.06	3.24
approaching	0.07	2.94
filming	0.07	3.35
reward	0.07	2.52
rant	0.07	2.17
ignore	0.07	3.34
stole	0.07	2.76
verbally	0.07	2.98
syndrome	0.07	2.34
pro	0.07	2.35
grey	0.07	2.83
implied	0.07	3.79
hypocrite	0.07	3.37
lessons	0.07	3.37
sand	0.07	2.89
bullshit	0.07	2.55
emergency	0.07	2.88
vs	0.07	2.20
boxing	0.07	2.74
prevented	0.07	3.29
kept	0.07	3.24
interaction	0.07	3.01
sold	0.07	2.67
guards	0.07	2.83
pizza	0.07	2.82
born	0.07	2.09
army	0.08	2.54
dipshit	0.08	2.53
cards	0.08	2.50
wheelchair	0.08	3.00
choosing	0.08	2.98
slightly	0.08	3.27
ferguson	0.08	2.59
handed	0.08	2.77
green	0.08	2.77
sale	0.08	2.64
sudden	0.08	3.00
engaged	0.08	2.62
tires	0.08	2.57
heavy	0.08	2.66
puncher	0.08	2.91
from	0.08	3.96
forget	0.08	4.22
ancient	0.08	3.00
positive	0.08	2.73
wasted	0.08	2.88
lately	0.08	2.77
rent	0.08	2.95
huge	0.08	2.31
master	0.08	2.52
perception	0.09	2.81
bull	0.09	2.52
defensive	0.09	2.54
gear	0.09	2.48
straw	0.09	2.91
accepting	0.09	2.73
belongs	0.09	2.47
disabled	0.09	2.92
boys	0.09	2.82
service	0.09	2.61
norm	0.09	2.66
cheaper	0.09	3.35
aggressively	0.09	2.77
blew	0.09	3.24
cash	0.09	2.90
judo	0.09	2.80
begins	0.09	2.75
apology	0.09	2.72
arrived	0.09	3.40
wrestling	0.09	2.70
backs	0.09	2.56
degrees	0.10	2.75
politely	0.10	3.45
destroying	0.10	3.06
bird	0.10	2.80
tests	0.10	2.84
skills	0.10	2.80
overall	0.10	2.60
backed	0.10	3.31
personality	0.10	2.99
true	0.10	5.01
existence	0.10	2.54
soldiers	0.10	2.74
crew	0.10	2.62
disagreeing	0.10	4.90
crowded	0.11	2.65
secure	0.11	2.51
intoxicated	0.11	3.02
windshield	0.11	2.48
calmly	0.11	3.38
enforced	0.11	2.74
fyi	0.11	2.98
friday	0.11	3.28
faces	0.11	2.75
prior	0.11	3.07
payment	0.11	2.92
ratio	0.11	2.55
overly	0.11	2.37
story	0.11	4.31
customers	0.11	2.38
ill	0.11	3.30
loose	0.11	2.34
opening	0.12	2.87
via	0.12	2.88
awareness	0.12	2.96
hood	0.12	2.73
wheel	0.12	2.96
biggest	0.12	3.64
<SPECIAL>	0.12	2.49
<URL>	0.12	2.49
nut	0.12	2.87
nuts	0.12	2.39
hiding	0.12	2.80
increase	0.12	2.73
monster	0.12	2.75
voting	0.12	2.89
gtfo	0.12	3.18
circle	0.12	1.88
axe	0.12	2.56
whole	0.12	3.60
ideas	0.12	2.77
tools	0.12	2.83
applies	0.12	3.24
occurs	0.13	2.74
serves	0.13	2.67
sell	0.13	2.49
deciding	0.13	2.89
v	0.13	2.80
job	0.13	2.82
began	0.13	3.05
suffering	0.13	2.43
breathing	0.13	2.53
account	0.13	2.58
wage	0.13	2.71
sits	0.13	2.84
arresting	0.13	2.87
regret	0.13	3.58
texting	0.13	3.33
drink	0.13	2.54
suit	0.13	2.38
opposed	0.13	3.19
regarding	0.13	2.51
drunks	0.14	3.80
images	0.14	2.82
definitions	0.14	3.33
appeared	0.14	2.68
considered	0.14	3.71
stayed	0.14	3.24
individuals	0.14	2.72
blood	0.14	2.63
bought	0.14	2.58
chair	0.14	2.88
mine	0.14	3.23
height	0.14	2.88
crossed	0.14	2.85
bomb	0.14	2.71
reality	0.14	3.44
sources	0.14	3.33
item	0.14	2.95
purely	0.14	2.83
grabbing	0.14	2.92
shopping	0.14	2.65
civilians	0.14	2.96
iron	0.14	2.69
return	0.14	2.96
detained	0.14	3.08
plans	0.15	3.38
nearby	0.15	2.59
plates	0.15	2.85
major	0.15	2.94
africa	0.15	2.75
science	0.15	2.78
range	0.15	3.23
quick	0.15	2.77
struggle	0.15	3.07
shift	0.15	2.81
jump	0.15	3.40
stalking	0.15	3.01
sticks	0.15	2.42
exposed	0.15	2.71
unique	0.15	2.43
arent	0.15	2.66
harmless	0.15	2.24
hardly	0.16	3.22
impression	0.16	3.15
main	0.16	2.90
very	0.16	3.62
complex	0.16	2.48
veteran	0.16	2.60
basement	0.16	2.88
toronto	0.16	2.62
flipped	0.16	2.97
members	0.16	2.54
confusion	0.16	2.50
rush	0.16	2.82
unlikely	0.16	2.61
supposedly	0.16	3.11
today	0.16	3.13
trailer	0.16	2.60
statements	0.16	2.87
dropping	0.16	2.82
arrive	0.16	3.29
debate	0.16	3.22
insults	0.16	2.85
finished	0.16	2.87
complain	0.16	3.93
mask	0.16	2.50
ref	0.16	2.86
research	0.16	3.28
stomping	0.16	2.88
implies	0.16	3.24
morals	0.17	2.96
passenger	0.17	2.89
stands	0.17	3.33
career	0.17	2.72
shut	0.17	3.25
product	0.17	2.71
ultimate	0.17	2.47
warning	0.17	2.71
match	0.17	2.71
stolen	0.17	2.69
sun	0.17	2.88
john	0.17	2.31
peaceful	0.17	2.54
dc	0.17	2.51
perfectly	0.17	3.60
merely	0.17	3.13
brothers	0.17	2.54
eat	0.17	2.49
attractive	0.17	2.47
tea	0.17	2.22
started	0.17	3.21
route	0.17	3.32
cared	0.18	3.68
elsewhere	0.18	2.86
floor	0.18	2.91
patrol	0.18	2.61
suits	0.18	2.40
although	0.18	3.62
korea	0.18	2.83
prepare	0.18	3.05
highly	0.18	3.00
e	0.18	2.63
homosexuality	0.18	2.42
confirmed	0.18	2.55
works	0.18	3.62
tear	0.18	2.80
blows	0.18	2.87
whoever	0.18	3.40
tantrum	0.18	2.50
wonderful	0.18	2.34
liable	0.18	2.81
importantly	0.18	2.55
believing	0.18	2.91
coach	0.19	2.89
commercial	0.19	2.10
accounts	0.19	2.69
results	0.19	2.82
clothing	0.19	2.32
letter	0.19	2.83
exception	0.19	3.02
ignoring	0.19	3.06
photos	0.19	2.80
submit	0.19	3.22
successful	0.19	2.49
local	0.19	2.66
busted	0.19	3.07
fancy	0.20	2.53
proves	0.20	3.27
respond	0.20	3.60
fully	0.20	2.93
educate	0.20	3.23
pissing	0.20	2.46
national	0.20	2.71
financial	0.20	2.90
brazilian	0.20	2.47
high	0.20	2.56
method	0.20	3.01
sideways	0.20	2.73
custody	0.20	2.94
naked	0.20	2.82
assaulted	0.20	2.90
drag	0.20	3.01
hotel	0.21	2.82
china	0.21	2.85
profit	0.21	2.84
professional	0.21	2.61
3rd	0.21	3.01
extremely	0.21	3.46
night	0.21	3.08
standing	0.21	3.42
setting	0.21	2.78
international	0.21	2.50
water	0.21	2.45
following	0.21	3.14
motherfucker	0.21	2.55
provides	0.21	2.90
regular	0.21	2.50
meanwhile	0.21	2.72
hope	0.21	4.16
rules	0.21	2.97
brought	0.21	3.31
mail	0.21	2.79
bicycle	0.21	2.75
food	0.21	2.50
wasting	0.21	3.80
hill	0.22	2.62
plate	0.22	2.83
jack	0.22	3.16
unfair	0.22	2.71
ship	0.22	2.87
cowboy	0.22	2.56
somewhat	0.22	3.09
pat	0.22	3.39
chain	0.22	2.68
experienced	0.23	3.84
political	0.23	2.72
threatened	0.23	3.25
changing	0.23	3.46
elaborate	0.23	3.79
mob	0.23	2.27
assaulting	0.23	2.81
explains	0.23	3.13
uncle	0.24	2.36
seattle	0.24	2.54
unrelated	0.24	3.51
cats	0.24	2.32
dressed	0.24	2.83
departments	0.24	2.88
thankfully	0.24	2.61
mercy	0.24	3.02
follows	0.24	3.02
crazy	0.24	2.63
board	0.24	3.02
tradition	0.24	2.61
difficult	0.24	3.05
brutally	0.24	2.77
idk	0.24	2.90
red	0.24	2.82
closer	0.24	3.04
brown	0.25	2.45
question	0.25	4.20
trip	0.25	2.91
tackle	0.25	2.82
forgive	0.25	3.98
yellow	0.25	2.64
bonus	0.25	2.18
mirrors	0.25	2.93
originally	0.25	3.72
shared	0.25	2.70
halfway	0.25	2.74
items	0.25	2.81
examples	0.25	3.43
core	0.25	2.71
paralyzed	0.25	2.66
ford	0.25	2.81
youth	0.25	2.47
distinction	0.26	3.58
share	0.26	3.19
baseball	0.26	2.66
target	0.26	3.00
excessive	0.26	3.29
ruining	0.26	3.15
wing	0.26	2.44
fucker	0.27	2.79
quoted	0.27	3.76
cleaning	0.27	2.53
consistent	0.27	2.53
quit	0.27	3.11
accepted	0.27	3.13
drinks	0.27	2.55
worry	0.27	4.61
everytime	0.27	2.92
sets	0.27	3.01
wise	0.27	2.75
load	0.27	2.36
coffee	0.27	2.58
knights	0.27	2.51
air	0.27	2.67
favor	0.27	2.93
standard	0.27	2.82
shitting	0.27	2.60
shape	0.28	3.36
raised	0.28	2.57
golden	0.28	2.41
final	0.28	2.60
focused	0.28	2.88
boxer	0.28	2.39
reads	0.28	3.07
price	0.28	2.84
union	0.28	2.81
level	0.28	2.70
track	0.29	2.48
pics	0.29	2.89
narrow	0.29	2.65
m	0.29	4.62
swat	0.29	2.64
anytime	0.29	2.85
apart	0.29	2.77
continues	0.29	2.99
thoughts	0.29	3.06
prizes	0.29	2.65
ear	0.29	2.59
2000	0.29	3.29
pain	0.29	2.45
suggesting	0.29	3.98
flipping	0.29	2.67
assailant	0.29	3.05
precisely	0.30	3.00
alpha	0.30	2.60
learn	0.30	3.86
benefit	0.30	3.14
takedown	0.30	2.74
jersey	0.30	2.44
paragraph	0.30	3.56
searched	0.30	2.92
raising	0.30	2.73
dark	0.30	2.36
fighters	0.30	3.00
recommend	0.30	3.27
independent	0.30	2.89
man	0.30	3.56
cup	0.30	2.33
flash	0.30	2.75
impossible	0.31	3.32
heat	0.31	2.67
relatively	0.31	2.69
sleep	0.31	3.10
vegas	0.31	2.67
deter	0.31	2.95
tree	0.31	2.79
gentleman	0.31	2.49
smell	0.31	2.65
protocol	0.31	2.83
below	0.31	3.24
alone	0.31	3.46
ipad	0.31	3.00
chicken	0.32	2.46
clarify	0.32	3.46
include	0.32	2.55
strategy	0.32	3.07
history	0.32	2.95
trap	0.32	2.69
subdued	0.32	3.13
adrenaline	0.32	2.61
prices	0.32	2.79
technology	0.32	2.89
management	0.32	2.85
market	0.32	2.69
fresh	0.32	2.38
myself	0.32	3.87
practically	0.33	2.90
plays	0.33	2.58
mike	0.33	2.84
confronted	0.33	2.83
energy	0.33	2.93
reddit	0.33	2.11
wording	0.33	3.39
leading	0.33	2.93
chinese	0.33	2.21
blah	0.33	2.93
trick	0.33	2.88
actual	0.33	3.40
meat	0.33	2.48
deeply	0.33	2.86
shoving	0.33	2.99
embarrassing	0.33	3.00
luxury	0.34	2.70
silent	0.34	2.70
slice	0.34	3.04
selling	0.34	2.63
bitching	0.34	3.33
bastard	0.34	2.18
opposing	0.34	2.88
followed	0.34	2.96
settle	0.34	3.41
intentional	0.34	3.07
dry	0.34	2.47
buy	0.34	2.59
mentions	0.34	3.34
charlie	0.35	2.65
bear	0.35	2.94
lifetime	0.35	2.36
looks	0.35	3.37
smack	0.35	3.09
surprise	0.35	2.81
compassion	0.35	2.63
b	0.35	2.87
stay	0.35	3.43
copy	0.35	2.98
having	0.35	3.52
answers	0.35	3.34
worker	0.35	2.77
aka	0.35	2.90
reading	0.35	3.41
offering	0.35	2.94
whining	0.35	3.06
drop	0.35	3.00
hunting	0.35	2.54
records	0.36	2.77
lowest	0.36	3.64
surely	0.36	2.85
summer	0.36	2.79
counter	0.36	2.99
noise	0.36	2.47
fighter	0.36	2.67
restaurant	0.36	2.62
besides	0.36	2.58
skip	0.36	2.79
strawman	0.36	2.83
sending	0.36	2.94
check	0.36	2.60
write	0.36	3.23
perp	0.37	3.00
watches	0.37	2.30
restrained	0.37	3.04
messages	0.37	2.87
operation	0.37	2.76
humanity	0.37	2.23
statute	0.37	3.11
posted	0.37	3.16
wiki	0.37	3.33
clean	0.37	3.47
recent	0.37	2.59
beer	0.37	2.57
presented	0.37	3.02
zimmerman	0.38	2.98
effective	0.38	2.72
unaware	0.38	4.04
above	0.38	3.59
mature	0.38	2.64
bare	0.38	2.52
torn	0.38	2.96
yours	0.38	3.20
joking	0.38	4.91
morning	0.38	3.20
russia	0.38	2.81
bust	0.38	2.80
keys	0.38	2.84
ball	0.39	2.61
complicated	0.39	2.95
atheist	0.39	2.67
amusing	0.39	2.84
indeed	0.39	3.22
belt	0.39	2.72
uncommon	0.39	2.40
replace	0.39	2.55
field	0.39	2.74
initial	0.39	2.92
switch	0.39	3.01
spin	0.39	3.08
judging	0.40	2.72
according	0.40	3.11
struck	0.40	2.74
sites	0.40	2.85
such	0.40	2.95
guessing	0.40	4.00
hot	0.40	2.58
fan	0.40	3.08
belligerent	0.40	2.21
users	0.40	2.80
backup	0.40	3.08
extinguisher	0.40	2.70
twitter	0.40	2.67
skill	0.40	2.86
flip	0.40	2.84
destruction	0.40	2.71
tsa	0.40	2.80
ufc	0.41	2.67
bam	0.41	3.03
ammo	0.41	2.67
stock	0.41	2.93
customer	0.41	2.64
points	0.41	3.54
odds	0.41	2.92
discussing	0.41	4.16
funniest	0.41	3.73
skater	0.41	2.97
pregnant	0.41	2.78
subreddits	0.41	3.05
score	0.42	2.93
wound	0.42	2.99
recorded	0.42	2.88
lunch	0.42	2.63
additionally	0.42	3.04
qualify	0.42	3.44
british	0.42	2.36
grandma	0.42	2.73
twist	0.42	2.77
frame	0.42	2.85
frequent	0.42	2.38
edge	0.42	2.80
agreeing	0.43	4.03
word	0.43	3.34
warranted	0.43	3.66
sole	0.43	3.28
complaining	0.43	3.33
prime	0.43	2.29
ate	0.43	2.61
shoved	0.43	2.97
given	0.43	3.35
usual	0.43	2.34
rifles	0.43	2.69
safer	0.43	3.25
referring	0.44	3.69
player	0.44	2.61
captain	0.44	2.74
threads	0.44	3.05
pussy	0.44	2.60
bed	0.44	2.88
display	0.44	2.25
shake	0.44	2.54
personally	0.44	3.62
glasses	0.44	2.61
striking	0.44	3.15
device	0.44	2.88
pic	0.45	2.82
righteous	0.45	2.68
sin	0.45	2.18
cab	0.45	2.88
read	0.45	3.49
uploaded	0.45	2.92
fit	0.45	3.43
shaking	0.45	2.87
answer	0.45	4.59
award	0.45	2.76
object	0.45	2.76
dash	0.46	2.64
manner	0.46	3.07
la	0.46	2.59
subjective	0.46	3.54
semi	0.46	2.82
tickets	0.46	2.68
individual	0.46	2.77
van	0.46	2.96
gon	0.46	4.55
brawl	0.46	2.66
cracked	0.46	2.73
taze	0.46	3.10
banned	0.47	3.10
replying	0.47	3.82
easier	0.47	3.27
aggression	0.47	2.60
setup	0.47	2.71
instigator	0.47	3.13
unreasonable	0.47	3.44
christ	0.47	2.70
critical	0.47	2.93
scam	0.47	2.79
conversation	0.47	3.22
fans	0.47	2.66
er	0.47	2.58
mixed	0.47	2.67
removed	0.47	3.31
healthy	0.47	2.83
insult	0.47	2.61
yes	0.48	5.25
milk	0.48	2.52
psycho	0.48	2.55
alert	0.48	2.49
ice	0.48	2.40
performance	0.48	2.82
letters	0.48	2.72
r/pussypassdenied	0.48	2.94
cell	0.48	2.97
smash	0.48	2.94
fault	0.48	4.70
gps	0.48	2.89
wrote	0.48	3.51
term	0.48	3.23
approach	0.49	2.89
soccer	0.49	2.46
campaign	0.49	2.66
wikipedia	0.49	3.16
bottom	0.49	2.80
yup	0.49	3.05
am	0.50	4.09
lt	0.50	2.86
meaning	0.50	3.64
honor	0.50	2.61
study	0.50	2.94
reposted	0.50	3.07
mistake	0.50	3.33
youre	0.50	3.01
cameras	0.50	2.89
retaliation	0.50	3.35
alternative	0.50	3.34
escalated	0.50	2.86
underage	0.50	2.79
figured	0.51	3.35
parenting	0.51	2.65
broad	0.51	2.66
offer	0.51	3.14
samaritan	0.51	2.85
pirates	0.51	2.69
survived	0.51	3.02
kiss	0.51	2.81
hat	0.51	2.79
reliable	0.51	2.63
4chan	0.51	2.13
ccw	0.51	3.18
linked	0.51	3.31
objective	0.51	3.22
math	0.51	3.09
atm	0.51	2.68
effectively	0.52	2.91
purchase	0.52	2.75
image	0.52	2.65
ripped	0.52	2.82
confidence	0.52	2.82
kindly	0.52	3.09
poster	0.52	3.19
automatically	0.52	2.94
hostile	0.52	2.60
tomorrow	0.52	3.68
snap	0.52	2.66
unknown	0.52	2.71
release	0.52	2.92
hoping	0.52	3.69
christian	0.52	2.40
included	0.53	2.71
message	0.53	3.16
justifiable	0.53	3.78
additional	0.53	2.73
quotes	0.53	3.10
remorse	0.53	2.78
confirm	0.53	2.98
bible	0.53	2.48
politics	0.53	2.70
fix	0.53	3.78
x	0.53	2.80
record	0.53	2.71
catch	0.53	3.68
balance	0.53	2.84
church	0.53	2.23
snow	0.53	2.56
absurd	0.53	2.76
aside	0.54	2.71
section	0.54	3.08
hook	0.54	2.48
shirt	0.54	2.60
nerd	0.54	2.46
rugby	0.54	2.60
nfl	0.54	2.56
league	0.54	2.56
frustration	0.54	2.69
hockey	0.54	2.58
team	0.54	2.57
uniform	0.55	2.60
r/cringe	0.55	2.59
drama	0.55	2.74
pipe	0.55	2.98
walls	0.55	2.89
backwards	0.55	2.84
neutral	0.55	2.72
terms	0.55	3.14
screen	0.55	2.85
hmmm	0.55	3.01
sober	0.55	3.19
players	0.56	2.61
review	0.56	2.67
shits	0.56	2.90
cuts	0.56	2.85
played	0.56	2.62
flawed	0.56	3.03
normal	0.56	2.95
w	0.56	2.72
equivalent	0.56	2.89
gunshot	0.56	2.84
none	0.57	4.16
sport	0.57	2.61
phone	0.57	2.88
contrary	0.57	2.50
looked	0.57	3.62
casual	0.57	2.17
host	0.57	3.05
seemed	0.57	3.45
football	0.57	2.58
ugh	0.57	2.45
command	0.57	2.60
trunk	0.57	2.89
gross	0.57	2.45
contest	0.58	2.67
learning	0.58	3.36
finding	0.58	2.97
explaining	0.58	3.49
justiceporn	0.58	3.30
c	0.58	2.73
throughout	0.58	2.39
bright	0.58	2.53
suddenly	0.58	3.04
titles	0.58	3.07
pictures	0.58	2.77
media	0.58	2.72
kitchen	0.58	2.80
art	0.58	2.58
straight	0.59	3.24
button	0.59	2.99
touching	0.59	2.66
belief	0.59	2.28
text	0.59	3.11
dinner	0.60	2.66
pranks	0.60	2.53
swear	0.60	2.68
created	0.60	2.65
placed	0.60	2.69
top	0.60	3.26
program	0.60	3.08
attacked	0.60	2.83
ring	0.60	2.55
mainly	0.61	3.49
dashcam	0.61	2.78
previous	0.61	2.90
jab	0.61	2.57
boss	0.61	2.62
express	0.61	3.04
citation	0.61	3.04
extended	0.61	3.05
pretty	0.61	3.73
papers	0.61	3.00
thoroughly	0.61	2.79
meta	0.62	3.14
build	0.62	2.70
table	0.62	2.71
fish	0.62	2.94
volunteer	0.62	2.63
pd	0.62	2.78
submitted	0.62	3.14
dig	0.62	3.27
tank	0.62	2.63
shown	0.62	3.37
sensitive	0.62	2.87
rolling	0.62	3.08
facebook	0.63	2.81
damned	0.63	2.54
effects	0.63	2.31
absolute	0.63	3.32
shoe	0.63	2.74
sub	0.63	3.16
sandwich	0.63	2.59
reporter	0.63	3.04
luckily	0.63	2.98
exercise	0.63	2.59
brings	0.64	2.89
cameraman	0.64	2.87
adds	0.64	2.51
nazi	0.64	2.47
adding	0.64	2.83
topic	0.64	3.09
concern	0.64	3.32
sports	0.64	2.53
crowd	0.64	2.75
subscribed	0.64	2.85
feels	0.65	2.68
nsfw	0.65	3.01
forum	0.65	2.99
suggest	0.65	3.16
helmet	0.65	2.67
definition	0.65	3.27
reposts	0.65	2.94
everybody	0.65	3.94
suspicious	0.65	3.32
blown	0.65	2.76
sharp	0.65	2.66
computer	0.65	2.82
comprehension	0.65	3.20
leads	0.65	2.55
anonymous	0.65	2.44
source	0.65	3.31
pointing	0.65	3.71
material	0.65	2.69
filmed	0.66	2.83
fuck	0.66	3.78
jacket	0.66	2.54
martin	0.66	3.01
wire	0.66	2.82
oil	0.66	2.54
example	0.66	3.24
voted	0.66	3.25
tactic	0.66	2.99
isnt	0.67	3.21
click	0.67	2.91
frustrating	0.67	3.10
laid	0.67	2.98
extra	0.67	2.80
answered	0.67	3.83
cctv	0.67	2.78
primary	0.67	2.64
bang	0.67	2.72
genuine	0.68	1.99
hmm	0.68	3.11
shout	0.68	2.83
hearing	0.68	2.50
irrelevant	0.68	3.60
killer	0.68	2.61
crap	0.68	2.64
burger	0.68	2.57
aggressive	0.68	2.45
books	0.68	2.58
dictionary	0.68	3.14
trolling	0.68	3.41
tape	0.68	2.67
subreddit	0.69	3.07
begin	0.69	3.06
related	0.69	2.28
clicked	0.69	2.73
spread	0.69	2.96
article	0.69	3.36
r/justiceporn	0.69	3.14
boot	0.69	2.57
links	0.69	3.16
butt	0.69	2.76
currently	0.69	2.71
yesterday	0.70	3.36
please	0.70	4.16
dude	0.70	3.42
mirror	0.70	3.17
moments	0.70	2.55
typing	0.70	3.59
limited	0.70	2.90
ashamed	0.70	3.52
regards	0.70	2.63
gta	0.70	2.59
net	0.71	2.79
commenting	0.71	3.58
submissions	0.71	3.09
camera	0.71	2.77
foreign	0.71	2.47
f	0.71	2.66
assumed	0.71	4.14
apologized	0.71	3.22
analysis	0.71	3.30
butthurt	0.71	2.75
recording	0.72	2.82
set	0.72	2.94
hear	0.72	3.53
reasonable	0.72	3.59
equipment	0.72	2.84
dense	0.72	3.16
heard	0.72	4.27
sake	0.73	2.42
strip	0.73	2.76
collect	0.73	2.87
apple	0.73	2.66
gym	0.73	2.76
t	0.73	2.87
dream	0.73	2.80
angle	0.74	2.72
sat	0.74	2.43
biased	0.74	2.80
part	0.74	4.47
taunting	0.75	2.89
tbh	0.75	2.98
disproportionate	0.75	3.06
discussion	0.75	3.46
posts	0.75	3.02
google	0.75	3.13
suggests	0.75	2.93
mods	0.76	3.01
submission	0.76	3.12
upvotes	0.76	3.13
cold	0.76	2.62
pigs	0.77	2.64
passive	0.77	2.54
wasnt	0.77	3.32
cream	0.78	2.39
brave	0.78	2.58
yelled	0.78	2.81
standards	0.78	2.75
repost	0.78	2.95
vulnerable	0.79	2.64
subs	0.79	2.90
thread	0.79	3.28
effort	0.79	3.01
discipline	0.79	2.64
blue	0.79	2.50
george	0.80	2.25
dae	0.80	2.47
saved	0.81	2.97
wars	0.81	2.57
secret	0.81	2.64
tom	0.81	2.83
winner	0.81	2.84
page	0.82	3.13
band	0.82	2.16
accent	0.82	2.36
disrespect	0.82	2.86
hindsight	0.82	3.34
recovery	0.82	3.07
votes	0.83	3.09
translate	0.83	3.28
hes	0.83	3.10
feeling	0.83	2.72
al	0.83	3.00
unlike	0.83	3.16
stranger	0.83	3.04
character	0.83	2.32
airport	0.83	2.96
warm	0.83	2.57
carefully	0.83	2.88
thick	0.83	2.69
inclined	0.84	3.97
articles	0.84	3.04
knight	0.84	2.24
showing	0.84	2.60
pink	0.84	2.47
correctly	0.84	3.84
motion	0.84	2.53
genuinely	0.84	3.53
sees	0.85	3.78
whats	0.85	3.19
ears	0.85	2.69
addition	0.85	2.88
staying	0.85	3.19
potato	0.85	2.30
changes	0.85	3.14
description	0.85	3.26
hardcore	0.85	2.84
cam	0.85	2.80
ethical	0.85	3.22
beast	0.86	2.54
wheels	0.86	2.93
app	0.86	2.85
shoes	0.86	2.52
extreme	0.86	2.44
miss	0.86	3.67
fashion	0.86	2.81
content	0.86	2.93
comment	0.86	3.71
audio	0.87	2.30
keeping	0.87	3.19
vertical	0.87	2.70
shorts	0.87	2.50
volume	0.87	2.67
wipe	0.87	2.60
pure	0.87	2.42
cite	0.87	3.29
mess	0.87	2.79
yeah	0.87	4.52
posting	0.87	2.97
recall	0.87	3.32
misleading	0.87	2.88
hair	0.88	2.42
stone	0.88	2.40
sound	0.88	2.43
cable	0.88	2.67
nervous	0.88	2.61
delete	0.89	3.07
ama	0.89	2.94
boots	0.89	2.64
suggestion	0.89	2.74
intimidating	0.89	2.73
post	0.89	3.21
downvoting	0.89	3.81
speak	0.90	3.60
define	0.90	3.04
listen	0.90	2.82
comments	0.90	3.15
ad	0.91	3.04
overkill	0.91	2.85
y'all	0.91	2.47
hard	0.91	3.47
upvoted	0.91	3.14
suspects	0.91	2.82
helps	0.92	2.67
technique	0.92	2.76
universal	0.92	3.03
plot	0.92	2.50
hang	0.92	3.10
iirc	0.92	2.59
twisted	0.92	2.28
hero	0.92	2.48
pleasure	0.92	2.43
teams	0.93	2.58
destroyed	0.93	2.71
convinced	0.93	3.32
safe	0.93	3.49
sjw	0.93	2.46
weekend	0.93	2.83
crappy	0.93	2.28
rational	0.94	2.68
canadian	0.94	2.28
quote	0.94	3.66
useful	0.94	2.55
quality	0.94	2.07
footage	0.94	2.79
remain	0.94	3.15
supply	0.94	2.91
keyboard	0.95	2.62
y	0.95	2.89
spoken	0.95	2.93
play	0.95	2.49
games	0.96	2.47
responses	0.96	2.97
headline	0.96	2.98
surprising	0.96	2.76
disappointed	0.96	3.41
japanese	0.96	2.86
tough	0.97	2.62
spanish	0.97	2.76
pride	0.97	2.77
overboard	0.97	2.47
link	0.97	3.20
poop	0.97	3.14
baby	0.97	2.69
hence	0.97	3.01
proper	0.97	3.28
appearance	0.97	2.72
super	0.97	3.46
allows	0.97	2.99
warrior	0.97	2.44
retribution	0.97	2.78
perspective	0.98	3.08
deliver	0.98	2.72
website	0.98	2.85
missing	0.98	5.09
gloves	0.98	2.79
apparently	0.99	4.37
ftfy	0.99	2.31
strange	0.99	2.75
network	0.99	2.71
game	0.99	2.56
congratulations	1.00	2.88
technically	1.00	4.99
spell	1.00	4.34
hip	1.00	2.62
site	1.01	2.90
penis	1.01	2.65
dickhead	1.01	2.72
phrase	1.01	3.16
spoke	1.02	3.34
upload	1.02	3.04
explanation	1.02	3.38
fits	1.02	2.71
dramatic	1.02	2.53
downvote	1.02	2.84
solid	1.03	2.38
watched	1.03	3.08
better	1.03	4.62
new	1.03	2.21
splitting	1.03	3.12
cap	1.03	2.74
reflect	1.03	2.89
initially	1.04	3.00
comeuppance	1.04	2.81
o	1.04	2.70
future	1.05	3.26
educated	1.05	2.61
pissed	1.05	3.18
aware	1.06	4.75
wan	1.06	4.00
lets	1.06	4.21
murica	1.06	2.63
sarcastic	1.06	3.83
clever	1.06	2.94
finish	1.06	3.26
seek	1.07	3.09
dress	1.07	2.62
okay	1.07	4.88
joe	1.08	2.44
enjoying	1.08	2.69
stage	1.08	2.70
movies	1.08	2.75
reverse	1.08	2.72
slap	1.08	2.96
comedy	1.08	2.84
french	1.08	2.54
agree	1.08	5.61
hi	1.09	3.70
steve	1.09	2.78
yell	1.09	2.79
raging	1.09	3.02
refers	1.09	2.91
chips	1.10	2.57
missed	1.10	4.46
wearing	1.10	2.57
yay	1.11	2.53
don	1.11	2.66
horn	1.11	2.77
rap	1.11	2.11
legitimate	1.11	3.28
advice	1.12	2.81
constantly	1.12	3.04
na	1.12	4.25
cams	1.12	2.79
theme	1.12	2.91
jeans	1.13	2.54
screams	1.13	2.65
fellow	1.13	2.55
stupidity	1.13	2.75
legit	1.13	2.79
ok	1.14	4.83
liveleak	1.14	3.07
iphone	1.14	2.79
shouting	1.15	2.73
spit	1.15	2.61
real	1.15	4.78
vote	1.15	3.43
boring	1.15	2.66
australian	1.16	2.58
chris	1.16	2.55
deleted	1.16	3.21
relax	1.16	3.53
chief	1.16	3.02
pair	1.17	2.60
german	1.17	2.70
freak	1.17	2.84
rock	1.17	2.39
practical	1.17	2.51
recognized	1.18	2.94
sight	1.18	2.83
incorrect	1.19	4.84
tips	1.19	2.75
welcome	1.19	2.87
ai	1.19	3.22
afterwards	1.19	2.88
levels	1.19	2.45
pants	1.20	2.57
sucked	1.20	2.54
hug	1.20	3.15
cares	1.20	3.55
online	1.20	2.68
speaks	1.21	2.60
smile	1.21	2.63
heh	1.21	2.93
vigilante	1.22	2.90
wear	1.22	2.59
enjoyed	1.22	2.72
misunderstood	1.23	4.25
cheering	1.23	2.69
uncomfortable	1.24	3.13
scene	1.24	2.89
beginning	1.24	2.92
documentary	1.24	2.95
obnoxious	1.24	2.09
neckbeard	1.26	2.35
lame	1.26	2.40
confusing	1.26	2.46
helpful	1.26	2.89
terrified	1.26	3.09
mode	1.27	2.41
jp	1.27	2.87
tone	1.27	2.91
update	1.27	3.10
phones	1.28	2.97
screaming	1.28	2.75
original	1.28	3.47
courage	1.29	2.76
hint	1.29	3.02
theres	1.29	2.79
intelligent	1.29	2.90
faith	1.30	2.38
whoa	1.30	3.27
silly	1.30	2.32
sitting	1.30	2.96
fox	1.30	2.66
efficient	1.31	2.68
shows	1.31	2.79
sunday	1.31	3.10
tip	1.32	2.79
bored	1.32	2.92
closely	1.32	2.89
sucks	1.33	2.96
woke	1.33	3.01
jokes	1.33	2.39
upon	1.33	2.96
sorry	1.34	4.57
add	1.35	2.87
smart	1.35	3.68
res	1.35	3.06
served	1.35	2.86
freaking	1.36	2.54
reply	1.36	3.63
title	1.36	3.15
yelling	1.37	2.77
youtube	1.37	3.05
confused	1.37	3.71
r/thathappened	1.38	2.44
television	1.38	2.58
patience	1.38	2.50
k	1.39	3.21
smooth	1.39	2.48
interview	1.39	2.98
entire	1.39	3.90
crying	1.40	2.63
devil	1.40	3.05
c'mon	1.40	3.49
oops	1.40	3.02
scared	1.41	3.17
disagree	1.41	5.29
cry	1.42	2.64
checks	1.43	2.71
humor	1.43	2.77
tag	1.44	2.89
downvoted	1.44	3.86
ol	1.45	2.82
replied	1.45	3.61
shirts	1.45	2.50
named	1.45	2.38
translation	1.45	3.12
tv	1.45	2.31
mistaken	1.47	4.90
outta	1.47	3.40
popular	1.47	2.25
news	1.48	2.88
sauce	1.48	2.63
misunderstanding	1.48	4.99
cuz	1.49	3.12
orange	1.50	2.28
typed	1.50	4.21
literal	1.50	2.99
le	1.50	2.12
replies	1.50	3.49
wtf	1.50	3.93
curious	1.50	3.96
ouch	1.51	2.41
connection	1.51	2.99
language	1.51	2.97
porn	1.52	3.39
rekt	1.52	2.47
dutch	1.52	2.77
double	1.53	2.80
im	1.53	3.89
version	1.53	2.95
mad	1.53	3.58
measure	1.53	2.60
satisfaction	1.54	2.41
bloody	1.54	2.55
book	1.54	2.85
unfortunately	1.55	3.03
sigh	1.55	2.86
priceless	1.55	2.77
info	1.55	3.22
downvotes	1.56	3.26
russian	1.56	2.70
btw	1.57	2.92
revenge	1.57	2.82
background	1.57	2.65
season	1.58	2.72
playing	1.58	2.46
duh	1.59	3.45
apologize	1.59	3.16
video	1.59	3.04
felt	1.60	3.26
smiling	1.60	2.90
vengeance	1.60	2.79
offended	1.61	3.27
r	1.61	2.70
series	1.61	2.77
pop	1.62	2.91
m8	1.62	3.17
lovely	1.62	2.46
theory	1.62	2.70
taste	1.62	2.75
edgy	1.63	2.80
gif	1.63	2.79
mobile	1.63	3.13
episode	1.64	2.89
fitting	1.64	2.43
headed	1.65	3.03
awkward	1.66	2.42
op	1.66	3.24
videos	1.67	2.86
excited	1.67	3.20
fedora	1.67	2.42
style	1.67	2.56
meh	1.68	3.18
clips	1.69	2.71
insight	1.69	3.04
hello	1.69	3.34
em	1.69	3.64
vid	1.69	2.80
internet	1.70	2.39
radio	1.70	2.70
justice	1.71	3.37
existed	1.71	2.88
nope	1.72	3.80
intense	1.73	2.28
nigga	1.73	3.40
annoying	1.73	2.32
wut	1.75	2.72
jeez	1.76	3.02
tonight	1.76	2.66
interviews	1.76	2.68
improve	1.78	3.76
hop	1.78	2.64
disable	1.78	4.03
sweep	1.79	2.60
um	1.80	3.43
worthy	1.80	2.59
r/pussypass	1.80	2.91
boom	1.81	2.70
worldstar	1.82	2.63
dance	1.82	2.63
vids	1.82	2.61
bud	1.83	3.76
terrifying	1.83	2.72
wondering	1.83	3.99
edited	1.84	2.84
fucking	1.84	2.65
soul	1.85	2.63
dead	1.85	3.57
embarrassed	1.85	3.02
badass	1.85	3.10
scream	1.87	2.52
star	1.87	2.54
film	1.87	2.72
short	1.88	2.67
hah	1.88	2.30
meant	1.88	4.76
joke	1.88	3.24
famous	1.89	2.18
ending	1.89	2.30
channel	1.89	2.66
fixed	1.89	3.27
laughed	1.89	2.48
considering	1.90	3.00
quiet	1.90	2.76
acceptable	1.91	4.36
glad	1.91	3.99
clip	1.92	2.74
note	1.93	3.17
sharing	1.93	2.79
cake	1.94	3.00
surprised	1.94	3.76
wat	1.95	3.07
troll	1.95	2.85
da	1.95	2.76
confident	1.96	3.35
default	1.96	3.22
typo	1.97	3.70
bravo	1.97	2.60
classy	1.98	2.59
squad	2.01	3.61
aint	2.02	3.19
sarcasm	2.02	3.25
ideal	2.02	3.31
dedicated	2.02	2.53
karma	2.02	2.85
bot	2.03	2.82
vicious	2.04	2.77
thats	2.04	3.27
music	2.05	2.18
sounded	2.06	2.67
eh	2.06	2.86
dear	2.06	2.50
goddamn	2.07	2.39
annoyed	2.07	3.06
lord	2.08	2.63
words	2.08	3.95
calm	2.09	2.97
tired	2.10	3.19
swift	2.11	2.46
shocking	2.11	2.54
dammit	2.13	2.76
comfortable	2.13	3.10
hey	2.13	3.86
uh	2.14	3.49
batman	2.14	3.38
valid	2.15	4.04
commentary	2.15	2.20
prank	2.16	2.65
brutal	2.18	2.37
forgot	2.18	3.29
yo	2.18	3.12
wondered	2.19	3.27
instant	2.20	2.13
appropriate	2.20	3.85
obvious	2.20	2.98
speaking	2.21	3.80
understandable	2.21	3.86
greatest	2.21	2.92
amirite	2.22	2.44
easy	2.22	3.02
u	2.22	3.08
upvote	2.23	3.17
mate	2.23	3.12
woah	2.23	3.11
wedding	2.24	2.87
10/10	2.25	2.13
ridiculous	2.27	2.88
understood	2.28	4.06
lmao	2.28	2.94
promise	2.29	3.50
shocked	2.30	3.67
tears	2.31	2.53
scary	2.31	3.01
huh	2.32	3.13
audience	2.32	3.22
upset	2.34	3.46
prefer	2.34	3.85
rare	2.35	2.55
funny	2.36	2.98
delicious	2.37	2.49
concerned	2.39	3.61
married	2.39	3.19
loud	2.39	2.34
logical	2.40	3.68
happily	2.42	3.10
decent	2.43	2.84
proud	2.43	3.27
contact	2.43	3.04
incorrectly	2.44	4.17
delivered	2.44	3.08
earned	2.44	2.97
chill	2.45	3.19
p	2.45	2.86
english	2.45	3.68
worried	2.46	3.62
alright	2.46	3.63
angry	2.49	3.07
listening	2.49	3.11
afraid	2.50	3.38
gold	2.50	2.55
occasionally	2.51	2.98
frustrated	2.51	3.33
ya	2.51	3.26
buddy	2.52	3.41
nah	2.52	3.33
nevermind	2.53	3.96
heavily	2.53	3.91
kidding	2.53	3.25
luck	2.54	2.76
insane	2.55	2.54
distracted	2.56	3.76
fuckin	2.57	2.93
error	2.57	3.85
expensive	2.57	3.05
tied	2.57	2.72
spelling	2.57	3.95
staged	2.59	2.74
sounds	2.59	3.10
interested	2.60	3.52
brilliant	2.65	2.62
cheers	2.67	3.00
glorious	2.67	2.19
sir	2.68	3.20
suspected	2.70	3.57
aspect	2.71	3.45
amazed	2.73	3.10
idiotic	2.73	2.26
michael	2.73	2.59
loving	2.74	2.75
satisfied	2.74	2.98
expecting	2.74	3.88
suppose	2.75	3.41
showed	2.76	2.94
exchange	2.76	2.95
incredible	2.78	2.33
russians	2.79	2.84
watch	2.80	3.17
must	2.81	3.40
low	2.84	2.87
agreed	2.85	3.92
excellent	2.86	2.26
impressed	2.89	2.98
accurate	2.89	3.07
grammar	2.93	3.82
classic	2.96	2.21
careful	2.97	2.75
unbelievable	2.98	2.25
violently	2.99	2.90
show	3.02	3.01
viral	3.02	2.65
eating	3.02	2.77
good	3.03	3.50
favorite	3.03	2.15
champ	3.04	2.79
clothes	3.04	3.00
mr	3.06	2.56
yea	3.10	3.63
jesus	3.11	2.39
interesting	3.11	2.67
seeing	3.11	2.91
relevant	3.13	2.77
entertaining	3.14	2.34
racing	3.14	2.62
voice	3.19	2.51
impressive	3.19	2.34
omg	3.19	2.57
returned	3.19	2.90
dat	3.20	2.68
de	3.22	2.99
infuriating	3.22	2.51
corrected	3.24	3.60
apologies	3.25	3.46
polite	3.25	2.76
god	3.30	2.71
worries	3.30	3.24
respectful	3.30	2.69
friendly	3.31	2.56
winter	3.35	2.80
movie	3.37	2.53
tight	3.38	2.90
honest	3.45	3.57
restraint	3.46	2.37
hahahaha	3.46	3.05
ahh	3.46	2.72
meme	3.47	2.21
reminded	3.48	2.37
laughing	3.51	2.70
appreciate	3.52	2.63
joy	3.52	2.45
oh	3.52	3.13
edit	3.55	3.50
ta	3.59	3.10
pc	3.63	3.40
bro	3.63	3.12
ah	3.64	3.11
props	3.68	2.60
thanks	3.70	2.98
great	3.71	2.20
perfect	3.71	2.17
cool	3.73	3.00
hilarious	3.73	2.34
reference	3.83	2.62
enjoy	3.90	2.46
epic	3.94	1.84
xd	3.98	2.48
ha	3.99	2.71
tho	4.05	2.30
lol	4.07	2.79
username	4.09	2.46
damn	4.15	2.60
fun	4.19	2.82
familiar	4.23	2.50
wish	4.27	2.98
watching	4.29	2.37
ahhh	4.52	2.40
satisfying	4.55	1.92
boner	4.59	2.39
tagged	4.61	2.47
liked	4.63	1.85
hahaha	4.67	2.29
holy	4.74	2.16
thank	4.76	2.28
sweet	4.78	2.17
haha	4.78	2.25
wow	4.79	2.15
added	4.87	1.86
irony	4.97	1.86
laugh	5.04	1.73
reminds	5.04	1.87
song	5.32	1.68
beautiful	5.41	1.49
