poor	-7.76	2.62
unfortunate	-7.59	2.41
unlike	-7.15	2.56
crappy	-6.84	3.13
reverse	-6.60	3.70
wise	-6.46	3.18
farm	-6.30	2.90
barn	-6.23	3.25
lacking	-5.95	3.05
dislike	-5.88	3.32
garbage	-5.83	2.33
agency	-5.78	3.51
annoyed	-5.74	2.25
shitty	-5.67	2.68
boss	-5.58	3.25
retarded	-5.45	2.18
switched	-5.42	4.07
accident	-5.38	3.11
useless	-5.16	3.05
consistently	-5.03	3.20
cuts	-4.92	3.47
dealing	-4.84	3.87
pain	-4.77	2.45
clicked	-4.76	3.66
bump	-4.70	4.53
across	-4.69	3.92
causes	-4.66	4.10
exploit	-4.65	4.31
i.e	-4.63	3.94
disaster	-4.59	2.89
stupid	-4.59	2.43
handful	-4.53	3.64
harsh	-4.48	2.42
refer	-4.45	3.54
curse	-4.42	3.87
ruined	-4.42	2.47
asshole	-4.40	2.66
complain	-4.40	3.02
dumb	-4.37	2.24
individually	-4.34	3.71
aspect	-4.32	3.45
horribly	-4.27	3.41
live	-4.27	3.27
benefit	-4.25	3.26
scenario	-4.21	3.21
creates	-4.20	3.48
glitches	-4.20	4.47
continues	-4.11	3.31
refuse	-4.00	3.52
problems	-3.95	4.27
instance	-3.93	3.58
scenes	-3.90	3.72
ruin	-3.88	3.26
admit	-3.86	3.20
bother	-3.83	3.51
pissed	-3.82	2.81
negative	-3.82	4.07
upset	-3.76	2.71
reminded	-3.75	2.69
incoming	-3.74	3.78
suck	-3.70	2.61
wonky	-3.66	3.75
acceptable	-3.63	3.09
sorts	-3.58	4.04
became	-3.56	3.34
improves	-3.53	3.60
scene	-3.52	3.18
voyager	-3.49	3.49
nexus	-3.48	3.95
superior	-3.45	3.36
rage	-3.44	2.90
death	-3.38	2.73
wouldnt	-3.35	3.13
lost	-3.34	1.65
aswell	-3.31	3.20
poorly	-3.25	2.85
sucks	-3.21	2.44
decent	-3.20	2.92
join	-3.20	3.03
ftw	-3.19	3.11
claim	-3.18	4.30
letters	-3.15	3.79
incorrectly	-3.14	4.69
heart	-3.11	3.08
stand	-3.10	3.50
remind	-3.05	2.48
cry	-3.03	2.88
cat	-3.03	3.45
killing	-3.02	1.53
die	-3.00	1.63
brave	-2.98	1.63
blame	-2.96	3.25
surprise	-2.95	3.54
rescue	-2.94	1.56
dead	-2.93	1.56
clue	-2.92	3.28
stranded	-2.90	1.62
rescued	-2.89	1.57
referencing	-2.86	4.45
died	-2.86	1.56
disappointed	-2.82	2.28
killed	-2.81	1.56
internet	-2.80	3.31
justify	-2.77	4.96
screwed	-2.77	3.95
bullshit	-2.74	2.58
tier	-2.65	1.89
ugh	-2.65	2.98
bill	-2.64	1.54
implying	-2.61	5.15
kerbals	-2.61	1.52
jeb	-2.60	1.54
guessing	-2.58	4.97
bob	-2.57	1.53
saying	-2.56	5.09
inefficient	-2.54	3.35
stuck	-2.54	1.87
confused	-2.52	3.48
personally	-2.52	3.37
buildings	-2.52	1.86
talking	-2.50	4.99
leads	-2.48	1.42
voted	-2.47	2.88
unrealistic	-2.45	2.98
ads	-2.44	1.49
hence	-2.44	3.58
unsure	-2.43	4.81
board	-2.39	1.46
hosting	-2.38	1.53
believe	-2.37	5.19
truck	-2.32	1.31
trailer	-2.32	3.33
gone	-2.30	4.73
what	-2.29	5.11
weird	-2.28	3.66
exactly	-2.25	5.09
absurd	-2.22	2.96
mixed	-2.19	1.37
doing	-2.19	4.95
happening	-2.17	4.85
surprising	-2.15	2.99
mun/minmus	-2.12	1.57
workshop	-2.11	1.47
wondering	-2.10	4.69
isnt	-2.09	3.11
something	-2.08	4.96
pilot	-2.08	1.39
converted	-2.06	1.68
angry	-2.05	1.95
mistaken	-2.04	4.41
wild	-2.03	3.64
rip	-2.02	1.49
sure	-2.01	4.85
digital	-2.01	1.46
alone	-1.99	1.57
replacement	-1.97	1.33
lazy	-1.92	2.01
obvious	-1.92	3.38
silly	-1.92	2.86
biggest	-1.91	3.48
mono	-1.91	1.42
fails	-1.90	1.71
missing	-1.90	4.47
broke	-1.90	1.63
thinking	-1.89	4.65
clicks	-1.88	1.43
spaceport	-1.87	2.16
issues	-1.86	2.62
realize	-1.83	4.51
planets/moons	-1.83	1.46
glitch	-1.80	2.61
confusing	-1.80	3.15
talk	-1.79	3.20
loss	-1.78	1.19
complaining	-1.78	2.40
correctly	-1.78	4.29
effect	-1.77	1.96
instability	-1.77	2.52
downloads	-1.76	2.06
experiencing	-1.75	2.27
bugs	-1.74	2.56
graphical	-1.74	2.47
occurred	-1.71	1.81
specs	-1.71	1.30
rescuing	-1.71	1.49
savings	-1.70	1.40
incorrect	-1.69	4.18
site	-1.69	2.15
cause	-1.68	2.27
website	-1.66	2.15
bug	-1.66	2.56
chase	-1.65	1.38
crashes	-1.64	2.34
realizing	-1.64	3.01
remain	-1.64	1.33
switching	-1.64	1.76
opposite	-1.64	2.17
absolute	-1.61	1.16
hanger	-1.61	1.63
smart	-1.61	1.54
sucked	-1.61	1.43
disagree	-1.60	1.92
avoid	-1.60	2.01
wobbling	-1.60	2.25
intentionally	-1.60	1.52
sites	-1.59	2.12
failing	-1.59	1.92
separators	-1.59	1.92
crashing	-1.59	2.47
compare	-1.57	1.32
unable	-1.56	2.24
bored	-1.56	1.58
comparison	-1.56	1.32
miss	-1.53	2.05
fixes	-1.52	2.31
clarify	-1.52	4.19
improvements	-1.52	1.84
frustrated	-1.52	1.60
caused	-1.51	2.14
causing	-1.51	2.12
clear	-1.51	4.08
occur	-1.49	2.26
russia	-1.49	1.16
prevent	-1.49	2.01
moved	-1.48	2.11
supposed	-1.48	4.19
increased	-1.47	1.41
tendency	-1.47	1.90
cans	-1.47	1.38
failure	-1.46	1.15
error	-1.46	2.10
limitations	-1.45	1.17
difference	-1.45	1.91
tired	-1.44	1.48
directions	-1.44	1.64
chain	-1.44	1.26
upgrading	-1.44	1.62
physically	-1.44	1.67
meanwhile	-1.42	1.51
elements	-1.41	1.58
screw	-1.41	1.93
referring	-1.40	3.78
abuse	-1.40	1.52
impacts	-1.40	1.71
errors	-1.40	2.16
calling	-1.40	2.22
economy	-1.39	1.43
frankly	-1.38	1.61
noob	-1.37	1.81
download	-1.36	2.02
kerbonauts	-1.36	1.33
unnecessary	-1.36	1.75
downside	-1.36	1.41
care	-1.33	2.87
ms	-1.33	1.06
park	-1.33	1.69
software	-1.33	1.35
circumstances	-1.32	1.51
brick	-1.32	1.58
modes	-1.32	1.57
respawn	-1.32	1.37
backwards	-1.31	1.66
lag	-1.31	2.10
happens	-1.31	3.45
net	-1.30	1.39
impression	-1.29	1.64
about	-1.29	3.84
github	-1.28	2.03
bear	-1.28	1.64
hitting	-1.27	1.63
floating	-1.27	1.39
quicksaving	-1.26	1.95
unbalanced	-1.26	1.79
aboard	-1.26	1.34
clipping	-1.26	2.01
serious	-1.25	2.15
recognize	-1.25	2.85
allowed	-1.24	2.00
prefer	-1.24	2.80
switch	-1.24	1.58
between	-1.24	1.42
losing	-1.24	2.18
bad	-1.23	2.40
decide	-1.23	2.61
flipped	-1.23	1.76
lack	-1.23	1.58
agree	-1.23	4.12
must	-1.23	3.98
computer	-1.23	1.20
whatsoever	-1.23	1.68
aware	-1.22	3.38
prone	-1.21	1.86
conflict	-1.21	2.25
improvement	-1.21	1.32
spam	-1.21	1.50
host	-1.21	1.81
due	-1.21	1.82
endless	-1.20	1.20
attack	-1.20	1.47
worry	-1.20	2.42
ignored	-1.20	1.70
occasional	-1.19	2.12
jebediah	-1.18	1.30
occasionally	-1.18	1.66
models	-1.18	1.56
client	-1.17	1.70
disappeared	-1.17	2.00
holds	-1.16	1.26
lives	-1.16	1.34
survived	-1.16	1.43
supposedly	-1.15	1.43
conventional	-1.15	1.31
dozen	-1.14	1.72
situation	-1.14	2.26
result	-1.14	1.73
cut	-1.14	1.69
resulted	-1.13	1.75
lie	-1.13	1.70
behavior	-1.13	2.22
asking	-1.12	3.46
average	-1.12	1.35
referred	-1.12	2.34
frequently	-1.11	1.59
curiosity	-1.11	2.34
prior	-1.10	1.65
boxes	-1.10	1.22
hundreds	-1.10	1.70
fingers	-1.10	1.58
ingame	-1.09	1.75
gravioli	-1.09	1.74
why	-1.09	3.84
themselves	-1.09	1.70
hire	-1.09	1.55
remember	-1.09	3.89
him	-1.08	1.58
magical	-1.08	1.31
clicking	-1.08	1.80
wobble	-1.08	2.01
stops	-1.08	1.75
suffer	-1.07	1.64
attempting	-1.07	2.16
trust	-1.07	2.04
starts	-1.07	1.93
major	-1.07	1.99
along	-1.07	1.65
hardest	-1.07	3.09
issue	-1.07	2.54
arbitrary	-1.07	1.72
element	-1.07	1.36
administration	-1.07	1.37
reported	-1.06	2.08
decades	-1.06	1.62
over	-1.06	1.65
pops	-1.06	1.52
rate	-1.06	1.31
excessive	-1.06	1.47
without	-1.06	2.21
polish	-1.06	1.80
few	-1.05	1.69
understand	-1.05	3.68
funding	-1.05	1.42
messing	-1.05	2.97
kill	-1.05	1.66
case	-1.05	3.35
official	-1.04	1.97
stop	-1.04	2.18
catastrophic	-1.04	1.18
differences	-1.04	2.17
dropbox	-1.03	1.88
seismic	-1.03	1.73
curious	-1.03	3.11
edit	-1.03	3.75
confusion	-1.02	2.33
chosen	-1.02	1.29
locked	-1.02	2.07
versus	-1.02	1.45
alive	-1.02	1.37
occurs	-1.02	1.54
ie	-1.02	1.79
advantages	-1.02	1.61
mirror	-1.02	1.75
fail	-1.02	1.59
afraid	-1.01	3.02
thruster	-1.01	1.43
unless	-1.01	3.81
beat	-1.01	1.37
dozens	-1.00	1.69
suggesting	-1.00	3.47
hit	-1.00	1.52
addon	-1.00	1.69
vaguely	-1.00	2.53
ckan	-0.99	1.88
relationship	-0.99	1.86
messages	-0.99	1.42
maximize	-0.98	1.71
goes	-0.98	2.48
bugged	-0.98	1.44
fist	-0.98	1.34
ol	-0.97	1.49
miles	-0.97	1.62
struggling	-0.97	2.95
knock	-0.97	1.39
meant	-0.97	3.99
going	-0.96	3.79
ended	-0.96	2.16
jerk	-0.96	1.90
wasted	-0.96	1.71
compressed	-0.96	1.33
redundant	-0.96	1.71
blew	-0.96	1.62
terms	-0.96	1.49
putting	-0.95	3.07
humble	-0.95	1.94
telling	-0.95	2.98
assume	-0.95	3.84
framerate	-0.95	1.49
whether	-0.94	3.56
fact	-0.94	3.70
those	-0.94	1.99
chat	-0.94	1.41
astronauts	-0.94	1.34
seat	-0.94	1.37
zero	-0.94	1.66
countless	-0.94	1.74
reduces	-0.93	1.56
want	-0.93	3.76
exceptions	-0.93	1.80
know	-0.93	3.80
lose	-0.93	1.64
kerman	-0.93	1.29
joking	-0.93	3.94
crashed	-0.93	1.86
wanting	-0.92	2.64
accidentally	-0.92	1.74
needing	-0.92	1.96
training	-0.92	1.35
worried	-0.92	2.15
town	-0.92	0.99
soul	-0.92	1.16
bunch	-0.92	1.75
simultaneously	-0.92	1.86
ideally	-0.92	1.99
trouble	-0.91	2.23
including	-0.91	1.80
selected	-0.91	1.71
stopping	-0.91	2.19
how	-0.90	3.74
astronaut	-0.90	1.34
saving	-0.90	1.70
forcing	-0.90	1.30
retrieve	-0.90	1.48
forums	-0.89	1.98
pressed	-0.89	1.49
fault	-0.89	1.41
cloud	-0.89	1.30
guaranteed	-0.89	2.05
trying	-0.89	3.52
1.5	-0.89	1.41
honest	-0.88	2.50
page	-0.88	1.95
exchange	-0.88	1.45
low	-0.88	1.43
wondered	-0.88	2.63
dont	-0.88	3.47
feet	-0.88	1.63
loose	-0.88	1.61
doesnt	-0.88	2.00
many	-0.87	1.81
lighting	-0.87	1.21
assuming	-0.87	3.64
oberth	-0.87	1.71
google	-0.87	1.97
mentioning	-0.87	2.67
benefits	-0.87	1.80
messed	-0.87	2.23
pilots	-0.86	1.40
defense	-0.86	1.25
expert	-0.86	2.85
led	-0.86	1.31
called	-0.86	2.88
hassle	-0.86	1.55
various	-0.86	1.83
comfortable	-0.86	1.94
anymore	-0.85	2.95
cars	-0.85	1.37
calls	-0.85	1.56
complaint	-0.85	1.41
flips	-0.85	1.62
happen	-0.85	3.57
delay	-0.85	1.55
halfway	-0.85	1.57
automatically	-0.85	2.24
guarantee	-0.85	2.86
does	-0.85	3.65
sometimes	-0.85	2.15
confirm	-0.84	2.32
guns	-0.84	1.41
reliably	-0.84	2.13
scientists	-0.84	1.39
theme	-0.84	1.53
cutting	-0.84	1.73
cross	-0.84	1.45
mistakes	-0.83	1.66
which	-0.83	3.69
pointless	-0.83	1.81
government	-0.83	1.39
console	-0.83	1.35
planted	-0.83	1.34
areas	-0.83	1.52
re	-0.83	3.37
increases	-0.83	1.55
tend	-0.83	1.74
say	-0.82	3.74
ca	-0.82	3.54
risk	-0.82	1.83
blocked	-0.82	1.56
adding	-0.82	2.79
incompatible	-0.82	2.26
overall	-0.82	1.35
falling	-0.82	2.66
intended	-0.82	2.56
everytime	-0.82	2.05
admittedly	-0.82	2.12
op	-0.81	3.66
screens	-0.81	1.48
describing	-0.81	2.47
layer	-0.81	1.40
jetpack	-0.81	1.48
backward	-0.81	1.54
tell	-0.81	3.43
rude	-0.81	2.45
using	-0.81	3.40
mean	-0.81	3.73
automatic	-0.80	2.20
figuring	-0.80	2.31
where	-0.80	3.64
meaning	-0.80	1.99
links	-0.80	1.96
truth	-0.80	1.82
ground	-0.80	1.69
encountered	-0.80	2.23
practically	-0.80	1.88
recall	-0.79	3.02
masses	-0.78	1.88
being	-0.78	2.90
forum	-0.78	1.95
connection	-0.78	1.60
subs	-0.78	1.26
manually	-0.78	2.27
forgotten	-0.78	2.01
replaced	-0.77	2.17
repeatedly	-0.77	1.40
whichever	-0.77	1.70
did	-0.77	3.62
kerbonaut	-0.77	1.28
stability	-0.77	1.81
breaking	-0.77	1.84
identical	-0.76	1.96
skyrim	-0.76	1.47
comparable	-0.76	1.34
disabled	-0.76	1.70
exploding	-0.76	1.74
rely	-0.76	1.55
briefly	-0.76	1.81
minor	-0.76	1.75
sent	-0.75	1.58
lists	-0.75	1.68
performed	-0.75	1.63
were	-0.75	3.28
block	-0.75	1.23
increase	-0.75	1.58
planning	-0.75	2.68
sliding	-0.75	1.51
appropriate	-0.75	1.62
eva	-0.75	1.38
forced	-0.75	2.18
atleast	-0.74	1.16
sacrifice	-0.74	1.43
manager	-0.74	1.82
we	-0.73	3.56
unexpected	-0.73	1.75
said	-0.72	3.18
spinning	-0.72	2.39
memorial	-0.72	1.34
combo	-0.72	1.42
suspension	-0.72	1.38
seperate	-0.72	2.12
face	-0.72	1.22
nowadays	-0.71	1.39
constantly	-0.71	2.09
chose	-0.71	1.58
clearly	-0.71	2.57
wont	-0.71	2.43
extreme	-0.71	1.41
mechanic	-0.70	1.48
weapons	-0.70	1.33
exploded	-0.70	1.66
happened	-0.70	3.10
tracking	-0.70	1.53
joint	-0.70	1.58
crash	-0.70	1.91
lying	-0.70	2.43
server	-0.70	1.41
fitting	-0.70	1.45
rasterpropmonitor	-0.70	1.46
bothered	-0.70	2.75
replying	-0.69	3.18
conversation	-0.69	1.47
brand	-0.69	1.56
specifically	-0.69	2.89
dedicated	-0.69	1.50
sending	-0.69	1.82
kerbal	-0.69	1.34
uninstalled	-0.69	1.86
myself	-0.69	2.79
distances	-0.69	1.69
commonly	-0.69	1.92
launching	-0.68	2.62
purpose	-0.68	2.02
see	-0.68	3.57
country	-0.68	1.19
destroying	-0.68	1.57
kmp	-0.68	1.63
cases	-0.68	1.89
neither	-0.68	1.93
keeps	-0.67	1.95
among	-0.67	1.50
ignore	-0.67	1.67
eliminate	-0.67	1.77
habitation	-0.67	1.52
ocd	-0.67	1.64
leg	-0.67	1.55
thrown	-0.67	1.56
walls	-0.67	1.40
willing	-0.67	2.97
respect	-0.67	1.63
web	-0.66	1.55
pretend	-0.66	2.08
idk	-0.66	2.26
stay	-0.66	1.98
ad	-0.66	1.34
cant	-0.66	2.48
able	-0.66	3.29
archive	-0.66	1.67
chances	-0.66	1.41
having	-0.66	3.25
overcome	-0.65	1.57
advantage	-0.65	1.64
saved	-0.65	1.61
lots	-0.65	1.75
slows	-0.65	1.45
shock	-0.65	1.44
fell	-0.65	1.81
component	-0.65	1.44
thousands	-0.65	1.46
modding	-0.65	1.72
dropping	-0.65	1.72
lead	-0.65	1.69
includes	-0.65	1.55
wasting	-0.64	2.01
scientist	-0.64	1.58
compatibility	-0.64	1.88
assumption	-0.64	2.20
skilled	-0.64	2.02
keep	-0.64	2.35
minus	-0.64	1.33
expect	-0.64	3.24
minecraft	-0.64	1.53
merely	-0.63	1.53
rates	-0.63	1.40
dying	-0.63	1.37
protect	-0.63	1.90
tilted	-0.63	2.35
several	-0.63	1.63
fixed	-0.63	2.26
vice	-0.63	1.76
tipped	-0.62	1.73
available	-0.62	1.76
self	-0.62	1.64
reverting	-0.62	1.74
think	-0.62	3.58
fear	-0.62	1.62
home	-0.62	2.00
hide	-0.62	1.26
noticed	-0.62	2.34
send	-0.62	1.68
went	-0.62	2.64
solve	-0.62	2.22
market	-0.62	1.28
managing	-0.62	1.63
overheating	-0.61	1.82
via	-0.61	1.70
tabs	-0.61	1.45
relying	-0.61	1.61
they	-0.61	3.50
against	-0.61	1.61
excess	-0.61	1.66
destroyed	-0.61	1.39
feel	-0.61	2.12
far/near	-0.61	2.23
outdated	-0.61	2.26
tweaks	-0.61	1.77
stupidity	-0.61	1.35
twice	-0.60	2.18
wanted	-0.60	3.36
notice	-0.60	3.10
launchpad	-0.60	1.54
random	-0.60	1.68
level	-0.60	1.55
soviet	-0.60	1.27
specify	-0.60	2.98
integration	-0.59	1.60
drastically	-0.59	1.57
operate	-0.59	1.50
throttled	-0.59	2.32
companies	-0.59	1.36
multiple	-0.59	1.72
america	-0.59	1.44
hooked	-0.59	1.36
nasa	-0.59	1.40
survive	-0.59	1.45
men	-0.59	1.41
legal	-0.59	1.63
problem	-0.58	2.71
metric	-0.58	1.41
downvoted	-0.58	2.20
steady	-0.58	1.34
explosion	-0.58	1.02
falls	-0.58	1.50
improved	-0.58	1.54
wo	-0.58	3.27
focusing	-0.58	2.50
ask	-0.58	3.05
reporting	-0.58	1.47
irrelevant	-0.58	2.13
rapid	-0.58	1.29
configuration	-0.58	1.66
crew	-0.58	1.40
he	-0.58	2.22
hatch	-0.58	1.64
flipping	-0.57	2.19
visually	-0.57	1.04
kept	-0.57	2.23
minimize	-0.57	1.52
separately	-0.57	1.66
plenty	-0.57	1.45
explode	-0.57	1.96
company	-0.57	1.34
airbrakes	-0.57	1.38
shadows	-0.57	1.56
vab	-0.56	1.67
decay	-0.56	1.62
aspects	-0.56	1.54
leading	-0.56	1.56
non	-0.56	1.23
plug	-0.56	1.33
members	-0.56	1.15
newbie	-0.56	1.70
gain	-0.56	1.55
facilities	-0.56	1.45
because	-0.56	3.50
else	-0.56	3.11
fixing	-0.55	1.93
drifting	-0.55	2.37
maintaining	-0.55	1.42
other	-0.55	1.90
scenarios	-0.55	1.46
sitting	-0.55	2.30
anything	-0.55	3.40
startup	-0.55	1.73
loading	-0.55	1.73
removed	-0.55	2.29
procedure	-0.55	1.36
jebs	-0.55	1.31
animation	-0.55	1.31
couple	-0.55	1.60
broken	-0.55	2.47
sudden	-0.54	1.62
question	-0.54	2.83
dmp	-0.54	1.57
actively	-0.54	2.19
main	-0.54	1.50
two	-0.54	1.73
already	-0.54	3.07
decisions	-0.54	1.23
modeled	-0.53	1.43
apart	-0.53	1.72
failures	-0.53	1.35
versa	-0.53	1.35
letter	-0.53	1.32
argue	-0.53	2.62
plan	-0.53	2.27
forget	-0.52	3.00
accept	-0.52	1.76
worrying	-0.52	1.91
individual	-0.52	1.62
contains	-0.52	2.20
corrupted	-0.52	1.75
nothing	-0.52	3.33
basically	-0.52	3.19
equipped	-0.52	1.56
appeared	-0.52	1.56
anywhere	-0.52	2.96
pause	-0.51	1.80
confident	-0.51	2.55
refuelling	-0.51	1.49
badly	-0.51	1.92
playing	-0.51	2.77
significant	-0.51	1.35
subtle	-0.51	1.22
frustration	-0.51	1.22
unlock	-0.51	1.55
figure	-0.51	3.33
cancel	-0.51	1.71
sph	-0.51	1.52
thousand	-0.50	1.56
redo	-0.50	1.85
pf	-0.50	1.55
three	-0.50	1.62
pad	-0.50	1.59
could	-0.50	3.40
fighting	-0.50	1.51
boost	-0.50	1.62
impact	-0.50	1.45
ksc	-0.50	1.51
optional	-0.50	1.61
m	-0.50	3.03
loaded	-0.50	1.64
anyone	-0.49	2.95
addons	-0.49	1.39
throwing	-0.49	2.01
missile	-0.49	1.28
expecting	-0.49	1.82
upgraded	-0.49	1.45
fashion	-0.49	1.28
doctor	-0.49	1.02
load	-0.49	1.66
let	-0.49	3.16
99	-0.49	1.61
field	-0.49	1.39
need	-0.49	3.38
reduced	-0.49	1.42
compression	-0.49	1.50
store	-0.49	1.57
search	-0.49	1.80
blowing	-0.48	1.87
missed	-0.48	3.40
standards	-0.48	1.14
carries	-0.48	1.51
rolled	-0.48	1.73
hundred	-0.48	1.56
inclined	-0.48	1.69
re-enter	-0.48	1.74
ease	-0.48	1.28
quicksaves	-0.48	1.63
rid	-0.48	1.75
forth	-0.48	1.63
exploration	-0.48	1.30
grand	-0.48	1.38
precisely	-0.48	2.53
american	-0.47	1.49
ladder	-0.47	1.45
row	-0.47	1.37
matter	-0.47	3.26
feed	-0.47	1.46
direction	-0.47	1.76
manage	-0.47	2.82
upgrade	-0.47	1.45
sake	-0.47	1.39
reduce	-0.47	1.46
biomes	-0.47	1.51
monitors	-0.47	1.50
losses	-0.47	1.54
often	-0.47	2.06
hopes	-0.47	1.45
these	-0.46	1.88
unmanned	-0.46	1.52
runway	-0.46	1.54
form	-0.46	1.37
introduce	-0.46	1.90
marked	-0.46	1.34
fix	-0.46	2.31
attempt	-0.46	1.47
four	-0.46	1.57
end	-0.46	2.17
disclaimer	-0.46	1.69
mostly	-0.46	1.88
noticeable	-0.46	1.95
begin	-0.46	2.14
either	-0.46	3.39
listed	-0.45	1.72
included	-0.45	2.07
e.g	-0.45	1.46
context	-0.45	1.61
alternatively	-0.45	1.80
cfg	-0.45	2.20
experimenting	-0.45	2.58
additional	-0.45	1.72
go	-0.45	3.21
living	-0.45	1.39
mechanism	-0.45	1.51
originally	-0.45	2.73
facility	-0.45	1.53
necessary	-0.45	2.21
statement	-0.45	2.18
mind	-0.45	3.15
name	-0.45	1.48
paste	-0.45	2.17
normally	-0.44	2.77
improving	-0.44	1.50
unknown	-0.44	1.39
breaks	-0.44	1.63
troll	-0.44	1.99
part.cfg	-0.44	2.17
measured	-0.44	1.70
me	-0.44	2.98
lit	-0.44	1.45
getting	-0.44	3.00
decrease	-0.44	1.48
back	-0.43	2.39
rolling	-0.43	1.83
mission	-0.43	1.55
consistent	-0.43	1.54
sideways	-0.43	1.74
randomly	-0.43	1.73
nope	-0.43	3.33
quicksave	-0.43	1.76
decreases	-0.43	1.53
someone	-0.43	2.79
apparent	-0.43	2.07
slight	-0.43	1.58
hovering	-0.43	2.04
reproduce	-0.43	2.65
ejected	-0.43	1.63
helmets	-0.43	1.25
instead	-0.43	2.08
leave	-0.43	2.56
abilities	-0.42	1.58
habit	-0.42	1.78
facebook	-0.42	1.53
affect	-0.42	2.00
preferred	-0.42	1.63
timer	-0.42	1.48
manned	-0.42	1.51
empty	-0.42	1.43
pushing	-0.42	1.94
failed	-0.42	1.49
replacing	-0.42	1.86
working	-0.42	3.23
headed	-0.42	2.03
nightmare	-0.42	1.21
even	-0.42	3.35
reducing	-0.42	1.46
package	-0.42	1.80
solved	-0.42	2.10
albeit	-0.42	1.47
managed	-0.41	2.20
professional	-0.41	1.47
purposes	-0.41	1.38
downward	-0.41	1.61
up	-0.41	2.70
stayed	-0.41	1.65
world	-0.41	1.68
named	-0.41	1.46
kjr	-0.41	1.67
momentum	-0.41	1.58
naturally	-0.41	1.60
penalty	-0.41	1.47
blender	-0.41	1.30
disabling	-0.41	1.64
drm	-0.41	1.65
revert	-0.41	1.60
right-click	-0.41	1.82
destructible	-0.41	1.70
tablet	-0.41	1.15
bird	-0.41	1.43
changes	-0.41	1.73
symmetry	-0.41	1.61
unity	-0.41	1.57
applies	-0.41	1.41
hydrogen	-0.40	1.25
weather	-0.40	1.34
strategies	-0.40	1.51
turned	-0.40	2.21
each	-0.40	1.80
upgrades	-0.40	1.43
ten	-0.40	1.54
testing	-0.40	2.33
them	-0.40	3.21
category	-0.40	1.46
tends	-0.40	1.85
abandon	-0.39	1.50
should	-0.39	3.35
enemy	-0.39	1.26
moving	-0.39	2.26
peace	-0.39	1.22
centre	-0.39	1.67
rotational	-0.39	1.66
suits	-0.39	1.20
friction	-0.39	1.52
stress	-0.39	1.53
critical	-0.39	1.90
resupply	-0.39	1.50
pod	-0.39	1.50
break	-0.39	2.05
combination	-0.39	1.65
reload	-0.39	1.59
allow	-0.39	2.47
gfycat	-0.39	1.30
previously	-0.39	2.58
impossible	-0.39	2.10
uk	-0.39	1.65
waiting	-0.39	2.74
save	-0.39	1.71
animated	-0.39	1.06
imagine	-0.39	3.16
touches	-0.39	1.41
starting	-0.39	2.16
perpendicular	-0.38	1.67
gap	-0.38	1.36
quickload	-0.38	1.74
gained	-0.38	1.56
pr	-0.38	1.80
blocks	-0.38	1.35
pulls	-0.38	1.78
platform	-0.38	1.42
grabbing	-0.38	1.44
explain	-0.38	2.85
remove	-0.38	1.96
fortunately	-0.38	1.47
roof	-0.38	1.49
lfo	-0.38	1.40
role	-0.38	1.37
orient	-0.38	1.90
eight	-0.38	1.54
pulled	-0.38	1.79
usually	-0.38	2.78
different	-0.38	1.75
boys	-0.38	1.10
seven	-0.37	1.39
come	-0.37	3.10
engineers	-0.37	1.47
upward	-0.37	1.63
notepad	-0.37	2.17
whose	-0.37	1.41
converting	-0.37	1.71
clamps	-0.37	1.87
from	-0.37	1.95
hits	-0.37	1.58
disable	-0.37	1.63
relative	-0.37	1.70
exist	-0.37	2.71
overheat	-0.37	1.73
keeping	-0.37	2.02
tears	-0.36	1.20
rebuild	-0.36	1.74
attaching	-0.36	2.08
optimized	-0.36	1.29
switches	-0.36	1.37
realized	-0.36	2.82
gains	-0.36	1.54
dragging	-0.36	1.99
bouncing	-0.36	1.78
airplanes	-0.36	1.78
per	-0.36	1.83
zoom	-0.36	2.10
containers	-0.36	1.46
removing	-0.36	2.01
then	-0.36	2.58
mod	-0.36	2.06
bare	-0.36	1.66
imply	-0.36	2.67
reddit	-0.36	1.83
usage	-0.36	1.53
thankfully	-0.36	1.40
pages	-0.36	1.81
wave	-0.36	1.35
zip	-0.36	1.76
landed	-0.36	1.74
right-clicking	-0.36	1.96
refueling	-0.36	1.55
thing	-0.36	3.19
millions	-0.36	1.46
allowing	-0.36	1.59
separate	-0.36	1.65
down	-0.35	1.97
numbers	-0.35	1.55
unlocking	-0.35	1.61
disassembly	-0.35	1.16
or	-0.35	3.24
whenever	-0.35	2.40
refill	-0.35	1.50
existed	-0.35	2.71
commented	-0.35	2.39
picked	-0.35	1.69
searching	-0.35	1.92
canisters	-0.35	1.48
horizontal	-0.35	1.71
taking	-0.35	2.64
persistent	-0.35	1.74
both	-0.35	1.96
seem	-0.35	3.21
while	-0.35	2.32
extra	-0.35	1.92
downwards	-0.35	1.71
by	-0.35	2.28
doubt	-0.35	3.06
negligible	-0.35	1.47
five	-0.35	1.60
hurt	-0.35	2.38
hitchhiker	-0.34	1.46
quick	-0.34	1.61
restarting	-0.34	1.88
browse	-0.34	1.66
enabled	-0.34	1.71
pods	-0.34	1.46
instrument	-0.34	1.47
shooting	-0.34	1.84
mounting	-0.34	1.89
damage	-0.34	1.34
persistence	-0.34	1.84
at	-0.34	2.08
vab/sph	-0.34	1.69
jr	-0.34	1.52
wonder	-0.34	3.21
when	-0.34	2.68
bring	-0.34	2.12
enters	-0.34	1.89
thoughts	-0.34	1.81
anytime	-0.34	1.64
safely	-0.34	1.69
unlocks	-0.34	1.59
move	-0.34	1.95
3-4	-0.34	1.52
massively	-0.34	1.72
straight	-0.34	1.94
facing	-0.33	1.75
saves	-0.33	1.75
report	-0.33	1.58
worse	-0.33	1.70
scroll	-0.33	1.77
merge	-0.33	1.97
goo	-0.33	1.52
heavily	-0.33	1.57
touching	-0.33	1.40
click	-0.33	1.88
votes	-0.33	1.58
computers	-0.33	1.18
six	-0.33	1.58
pattern	-0.33	1.42
towards	-0.33	1.77
cycle	-0.33	1.44
forgetting	-0.33	2.59
twenty	-0.33	1.58
rapidly	-0.33	1.65
reasonable	-0.33	1.39
rendering	-0.33	1.35
connected	-0.33	1.56
sight	-0.33	1.47
dynamic	-0.33	1.52
copying	-0.33	1.83
known	-0.33	1.89
collect	-0.33	1.54
and/or	-0.33	1.50
moves	-0.32	1.89
cupola	-0.32	1.95
admin	-0.32	1.42
unlimited	-0.32	1.44
delete	-0.32	1.81
link	-0.32	2.00
atm	-0.32	1.73
accelerating	-0.32	2.22
wherever	-0.32	1.92
persistent.sfs	-0.32	1.81
start	-0.32	2.17
doable	-0.32	2.17
materials	-0.32	1.52
intact	-0.32	1.60
describe	-0.32	2.58
sticking	-0.32	2.03
minmus	-0.32	1.62
folders	-0.32	1.83
fired	-0.32	1.60
files	-0.32	1.82
decreasing	-0.32	1.36
energy	-0.32	1.56
vector	-0.32	1.76
barely	-0.32	2.33
potential	-0.32	1.51
detect	-0.32	2.30
dll	-0.32	1.78
offset	-0.32	1.46
generate	-0.31	1.68
south	-0.31	1.50
toward	-0.31	1.77
placing	-0.31	2.11
experienced	-0.31	1.66
efficiency	-0.31	1.47
burst	-0.31	1.40
view	-0.31	1.47
cities	-0.31	1.62
limited	-0.31	1.14
patched	-0.31	1.67
opinions	-0.31	1.48
uninstalling	-0.31	2.17
device	-0.31	1.47
spell	-0.31	1.93
pull	-0.31	2.03
assembly	-0.31	1.62
deleting	-0.31	1.93
lateral	-0.31	1.58
island	-0.31	1.47
snap	-0.31	1.61
bounce	-0.31	1.86
upwards	-0.31	1.73
iv	-0.31	1.26
config	-0.31	2.14
km	-0.31	2.06
etc	-0.31	1.69
mun	-0.31	1.71
argument	-0.31	2.10
principle	-0.31	1.99
hidden	-0.31	1.50
touch	-0.31	1.87
seats	-0.31	1.37
enable	-0.31	1.69
therefore	-0.31	1.89
kinetic	-0.31	1.56
talked	-0.31	2.28
performance	-0.30	1.39
numerous	-0.30	1.62
copy	-0.30	1.81
reached	-0.30	2.08
immediately	-0.30	1.84
may	-0.30	3.21
pushes	-0.30	1.78
thrusting	-0.30	1.93
plain	-0.30	1.40
replace	-0.30	1.83
gamedata	-0.30	1.82
weight	-0.30	1.52
essentially	-0.30	1.62
deleted	-0.30	1.93
kessler	-0.30	1.33
mid	-0.30	1.48
fall	-0.30	2.00
message	-0.30	1.66
driver	-0.30	1.61
return	-0.30	1.70
folder	-0.30	1.82
transmit	-0.30	1.56
reason	-0.30	3.11
horizontally	-0.30	1.78
tied	-0.30	1.40
install	-0.30	2.01
propellant	-0.30	1.44
turning	-0.30	1.90
memory	-0.30	1.57
whilst	-0.30	1.69
drops	-0.30	1.49
likely	-0.30	2.70
fuel	-0.29	1.51
command	-0.29	1.47
shortly	-0.29	1.65
unplanned	-0.29	1.24
orbiting	-0.29	1.67
ability	-0.29	1.82
mount	-0.29	1.91
hanging	-0.29	1.71
smallest	-0.29	1.52
copied	-0.29	1.88
velocity	-0.29	1.68
pulling	-0.29	1.94
3	-0.29	1.54
subassembly	-0.29	1.65
patch	-0.29	1.87
meme	-0.29	1.40
waited	-0.29	2.37
crossfeed	-0.29	1.53
placed	-0.29	1.93
munar	-0.29	1.55
reverts	-0.29	1.60
walk	-0.29	1.46
apply	-0.29	1.94
number	-0.29	1.57
stopped	-0.29	2.06
mystery	-0.28	1.52
ish	-0.28	2.05
hopping	-0.28	1.49
lab	-0.28	1.55
reports	-0.28	1.50
select	-0.28	1.88
prove	-0.28	2.59
directory	-0.28	1.80
users	-0.28	1.76
fraction	-0.28	1.45
limitation	-0.28	1.63
alt+f12	-0.28	1.62
stored	-0.28	1.57
minimus	-0.28	1.58
rename	-0.28	1.78
naming	-0.28	1.65
currently	-0.28	2.80
actually	-0.28	3.31
surface	-0.28	1.63
newest	-0.28	1.86
contents	-0.28	1.80
trade	-0.28	1.54
reduction	-0.28	1.71
distribution	-0.28	1.62
intention	-0.27	1.88
spin	-0.27	1.84
experiment	-0.27	1.52
transferred	-0.27	1.71
steam	-0.27	1.59
warping	-0.27	1.62
phrase	-0.27	1.77
expanded	-0.27	1.48
rover	-0.27	1.48
push	-0.27	1.96
installation	-0.27	1.74
gigantic	-0.27	1.15
am	-0.27	2.70
capsule	-0.27	1.46
running	-0.27	1.83
extract	-0.27	1.66
blow	-0.27	1.67
updating	-0.27	1.95
selecting	-0.27	1.86
tanker	-0.27	1.47
arent	-0.27	1.73
data	-0.27	1.53
ocean	-0.27	1.54
currency	-0.27	1.48
appear	-0.27	1.95
attached	-0.27	1.84
slowly	-0.27	1.84
infinity	-0.27	1.53
grinding	-0.27	1.49
experiments	-0.27	1.53
authors	-0.26	1.74
duplicate	-0.26	1.73
modulemanager	-0.26	1.88
finding	-0.26	1.94
blind	-0.26	2.30
located	-0.26	1.84
clipped	-0.26	1.74
subject	-0.26	1.65
carrying	-0.26	1.61
maybe	-0.26	3.22
excitement	-0.26	1.30
out	-0.26	2.83
dick	-0.26	1.30
returning	-0.26	1.76
mercury	-0.26	1.92
framework	-0.26	1.53
special	-0.26	1.29
side	-0.26	2.05
pass	-0.26	1.77
transferring	-0.26	1.70
needed	-0.26	2.36
split	-0.26	1.38
pointing	-0.26	1.94
units	-0.26	1.57
former	-0.26	1.28
bend	-0.26	1.64
monopropellant	-0.26	1.45
returned	-0.26	1.68
mm	-0.26	1.83
collected	-0.26	1.55
trips	-0.26	1.60
put	-0.26	1.93
frame	-0.26	1.31
ksp_data	-0.26	1.82
asked	-0.25	2.56
flip	-0.25	1.95
directly	-0.25	1.71
happily	-0.25	1.55
rise	-0.25	1.92
orientation	-0.25	1.86
human	-0.25	1.09
thermometer	-0.25	1.50
gather	-0.25	1.58
intend	-0.25	2.72
robot	-0.25	1.32
east	-0.25	1.65
joints	-0.25	1.55
lowering	-0.25	1.49
levels	-0.25	1.52
transmitted	-0.25	1.53
management	-0.25	1.68
retrograde	-0.25	1.88
lets	-0.25	2.13
menu	-0.25	1.71
active	-0.25	1.63
f9	-0.25	1.54
acting	-0.25	1.37
solving	-0.25	1.74
recover	-0.25	1.58
research	-0.25	1.51
will	-0.24	3.06
resistance	-0.24	1.62
dropped	-0.24	1.57
building	-0.24	1.63
also	-0.24	3.22
meters	-0.24	1.74
prograde	-0.24	1.89
tons	-0.24	1.99
moons	-0.24	1.54
capability	-0.24	1.35
covering	-0.24	1.45
f5	-0.24	1.54
somewhere	-0.24	1.87
movement	-0.24	1.57
2-3	-0.24	1.62
pushed	-0.24	1.92
turn	-0.24	1.82
conversion	-0.24	1.40
climbing	-0.24	2.04
fully	-0.24	2.39
slowed	-0.24	1.76
possibility	-0.24	1.55
zone	-0.24	1.55
quarter	-0.24	1.86
shut	-0.24	1.66
definition	-0.24	2.07
patches	-0.24	1.69
depend	-0.24	1.84
pastebin	-0.23	1.74
tolerance	-0.23	1.58
flameout	-0.23	1.48
source	-0.23	1.60
indicate	-0.23	2.06
drag	-0.23	1.55
strength	-0.23	1.52
involve	-0.23	1.65
oxidizer	-0.23	1.42
components	-0.23	1.33
cheat	-0.23	1.61
clean	-0.23	1.80
supplies	-0.23	1.38
closed	-0.23	1.48
drop	-0.23	1.63
downloading	-0.23	1.95
improve	-0.23	1.33
reuse	-0.23	1.60
visiting	-0.23	1.57
spending	-0.23	2.02
west	-0.23	1.57
converter	-0.23	1.41
gaining	-0.23	1.66
ripped	-0.23	1.55
held	-0.23	1.92
redesign	-0.23	1.94
consider	-0.23	2.27
dump	-0.23	1.72
completing	-0.23	2.08
proportional	-0.23	1.73
vectors	-0.23	1.72
door	-0.23	1.48
steering	-0.23	1.52
concern	-0.23	1.70
mounted	-0.23	1.82
reinstalling	-0.23	2.02
cap	-0.22	1.42
processing	-0.22	1.56
elsewhere	-0.22	2.11
off	-0.22	1.97
typing	-0.22	1.84
installed	-0.22	2.02
mainly	-0.22	1.55
reset	-0.22	1.55
times	-0.22	1.80
count	-0.22	1.45
means	-0.22	2.81
uninstall	-0.22	2.03
business	-0.22	1.37
pump	-0.22	1.44
places	-0.22	1.87
infinite	-0.22	1.60
way	-0.22	3.13
rovers	-0.22	1.64
honestly	-0.22	2.26
collide	-0.22	2.02
familiar	-0.22	2.48
inside	-0.22	1.82
liquid	-0.22	1.39
kraken	-0.22	1.38
vertical	-0.22	1.59
horizon	-0.22	1.67
duna	-0.22	1.64
strap	-0.22	1.75
forces	-0.22	1.54
supply	-0.22	1.38
ship	-0.22	1.68
away	-0.22	1.87
biome	-0.22	1.56
mix	-0.22	1.57
increasing	-0.21	1.48
here	-0.21	2.35
button	-0.21	1.72
syndrome	-0.21	1.47
rep	-0.21	1.50
missions	-0.21	1.54
disappointing	-0.21	1.29
pipe	-0.21	1.52
damaged	-0.21	1.49
tab	-0.21	1.75
travelling	-0.21	2.21
grab	-0.21	1.54
subassemblies	-0.21	1.72
mobile	-0.21	1.77
mess	-0.21	1.91
degrees	-0.21	1.71
tech	-0.21	1.58
pick	-0.21	2.10
heading	-0.21	1.74
contain	-0.21	1.89
connecting	-0.21	1.56
get	-0.21	2.95
extent	-0.21	1.90
repair	-0.21	1.60
track	-0.21	1.98
bodies	-0.21	1.53
4	-0.21	1.50
highest	-0.21	1.53
collision	-0.21	1.37
part	-0.21	2.13
1.2	-0.21	1.44
hop	-0.21	1.59
moho	-0.21	1.65
top	-0.21	1.87
double	-0.21	1.49
spare	-0.21	1.86
ike	-0.21	1.65
land	-0.21	1.96
limit	-0.21	1.39
forwards	-0.21	1.71
decoupled	-0.21	1.66
balance	-0.20	1.73
arch	-0.20	1.54
realised	-0.20	2.22
monoprop	-0.20	1.47
place	-0.20	2.58
fins	-0.20	1.73
loads	-0.20	1.51
attach	-0.20	1.76
force	-0.20	1.55
disappear	-0.20	1.67
gilly	-0.20	1.65
connector	-0.20	1.60
pun	-0.20	1.35
editing	-0.20	2.04
despite	-0.20	1.63
icon	-0.20	1.83
attempts	-0.20	1.57
paying	-0.20	1.95
timewarp	-0.20	1.74
point	-0.20	2.76
connections	-0.20	1.53
prepared	-0.20	1.83
difficulties	-0.20	1.37
octagonal	-0.20	1.59
bottom	-0.20	1.82
hang	-0.20	1.76
desert	-0.20	1.52
dependencies	-0.20	1.81
m/s	-0.20	2.00
gon	-0.20	2.96
through	-0.20	1.77
bop	-0.20	1.63
file	-0.20	1.81
decided	-0.20	2.63
downvote	-0.20	1.96
kilometers	-0.20	1.76
detached	-0.20	1.54
variety	-0.20	1.48
stacked	-0.20	1.68
eat	-0.20	1.21
rest	-0.20	1.67
kills	-0.20	1.28
spamming	-0.20	1.56
grind	-0.20	1.51
stack	-0.20	1.61
hardware	-0.19	1.26
slap	-0.19	1.86
air-breathing	-0.19	1.35
restart	-0.19	2.00
maintenance	-0.19	1.46
windowed	-0.19	1.55
suggested	-0.19	2.01
things	-0.19	2.44
produces	-0.19	1.50
orbited	-0.19	1.88
science	-0.19	1.52
acceleration	-0.19	1.56
service	-0.19	1.46
gradually	-0.19	1.69
angled	-0.19	1.72
dres	-0.19	1.64
private	-0.19	1.31
humans	-0.19	1.56
might	-0.19	3.16
weak	-0.19	1.55
designed	-0.19	2.17
violation	-0.19	1.59
balancing	-0.19	1.57
choose	-0.19	1.88
option	-0.19	1.80
regret	-0.19	2.29
punch	-0.19	1.17
samples	-0.19	1.50
outward	-0.19	1.63
eyes	-0.19	1.46
ascending	-0.19	2.21
rendered	-0.19	1.40
utilize	-0.19	1.61
brake	-0.19	1.64
workaround	-0.19	1.94
drift	-0.19	1.83
mentioned	-0.19	2.42
devices	-0.19	1.56
growing	-0.19	1.62
visited	-0.19	1.61
odds	-0.18	1.44
applicable	-0.18	1.42
temperature	-0.18	1.51
transmitting	-0.18	1.54
blows	-0.18	1.38
5	-0.18	1.48
mk1	-0.18	1.44
haul	-0.18	1.91
knows	-0.18	2.65
any	-0.18	2.92
practicing	-0.18	2.21
right	-0.18	2.86
primarily	-0.18	1.56
contact	-0.18	1.42
arrows	-0.18	1.77
respectively	-0.18	2.17
separator	-0.18	1.59
cubic	-0.18	1.60
equipment	-0.18	1.54
tilt	-0.18	1.72
navigate	-0.18	2.06
yield	-0.18	1.52
list	-0.18	1.93
date	-0.18	2.13
degree	-0.18	1.65
visit	-0.18	1.59
once	-0.18	2.44
assumed	-0.18	2.51
celestial	-0.18	1.55
enter	-0.18	1.73
kerban	-0.18	1.40
spacebar	-0.18	1.52
evidence	-0.18	2.18
reputation	-0.18	1.47
flyby	-0.18	1.63
wheel	-0.18	1.54
fresh	-0.18	2.01
left	-0.18	1.82
cam	-0.18	1.40
raised	-0.18	1.99
staying	-0.18	2.15
cache	-0.18	1.76
emergency	-0.18	1.56
throttling	-0.18	1.89
concept	-0.18	1.43
described	-0.18	2.23
focus	-0.18	1.72
north	-0.18	1.59
internals	-0.18	1.40
evas	-0.18	1.44
eeloo	-0.18	1.62
probes	-0.18	1.56
respond	-0.18	2.02
vs	-0.17	1.44
types	-0.17	1.58
reinforcement	-0.17	1.54
suddenly	-0.17	1.28
location	-0.17	1.84
coast	-0.17	1.86
blocking	-0.17	1.50
format	-0.17	1.65
launch	-0.17	1.68
ascent	-0.17	1.55
gently	-0.17	1.63
event	-0.17	1.27
aim	-0.17	1.93
installing	-0.17	1.99
flaps	-0.17	1.52
connect	-0.17	1.61
maintain	-0.17	1.62
spherical	-0.17	1.68
6	-0.17	1.52
locations	-0.17	1.57
5-10	-0.17	1.61
fight	-0.17	1.28
corner	-0.17	1.77
pitching	-0.17	1.78
toss	-0.17	1.62
clip	-0.17	1.76
hours	-0.17	2.11
ran	-0.17	1.88
downloaded	-0.17	1.92
initially	-0.17	2.26
onboard	-0.17	1.40
rotation	-0.17	1.64
hold	-0.17	1.52
chance	-0.17	2.07
heating	-0.17	1.51
eachother	-0.17	1.62
refuel	-0.17	1.63
has	-0.17	2.63
root	-0.17	1.69
rewards	-0.17	1.59
independently	-0.17	1.95
equal	-0.16	1.70
unit	-0.16	1.48
performing	-0.16	2.07
wrap	-0.16	1.75
pole	-0.16	1.48
radially	-0.16	1.66
accepting	-0.16	1.69
decouplers	-0.16	1.61
gameplay	-0.16	1.59
mountain	-0.16	1.52
traveling	-0.16	2.09
mods	-0.16	1.96
bdarmory	-0.16	1.30
seconds	-0.16	2.17
tylo	-0.16	1.70
scratch	-0.16	1.91
upon	-0.16	1.61
realise	-0.16	2.52
rotating	-0.16	1.73
drivers	-0.16	1.58
pitch	-0.16	1.60
reaches	-0.16	1.73
safety	-0.16	1.50
metres	-0.16	1.72
capsules	-0.16	1.47
open	-0.16	1.68
until	-0.16	2.12
pol	-0.16	1.67
unlocked	-0.16	1.70
constant	-0.16	1.47
comes	-0.16	2.16
vessels	-0.16	1.52
underneath	-0.16	1.67
burning	-0.16	1.96
answered	-0.16	2.22
fps	-0.16	1.38
camera	-0.16	1.46
status	-0.16	1.41
onto	-0.16	1.63
mistake	-0.16	2.22
bar	-0.16	1.72
probably	-0.16	3.15
crosses	-0.16	1.56
mass	-0.15	1.58
cards	-0.15	1.28
joolian	-0.15	1.54
characteristics	-0.15	1.46
accurately	-0.15	2.13
vall	-0.15	1.67
bombs	-0.15	1.39
overpowered	-0.15	1.73
tree	-0.15	1.63
modules	-0.15	1.53
armory	-0.15	1.43
center	-0.15	1.71
lately	-0.15	2.19
incident	-0.15	1.22
pointed	-0.15	1.85
container	-0.15	1.49
trip	-0.15	1.61
sides	-0.15	1.68
spend	-0.15	1.87
constructed	-0.15	1.88
explicitly	-0.15	2.10
limiter	-0.15	1.58
born	-0.15	1.31
eyeball	-0.15	2.21
thus	-0.15	1.73
poles	-0.15	1.54
pipes	-0.15	1.53
convert	-0.15	1.42
into	-0.15	2.03
required	-0.15	1.90
reinstall	-0.15	2.00
combined	-0.15	1.50
advance	-0.15	1.66
thrusters	-0.15	1.44
textures	-0.15	1.43
rotated	-0.15	1.67
general	-0.15	2.02
overlap	-0.15	1.46
stays	-0.14	1.89
percentage	-0.14	1.49
gravitational	-0.14	1.54
slope	-0.14	1.57
quit	-0.14	1.29
gotten	-0.14	2.56
detach	-0.14	1.66
above	-0.14	1.74
middle	-0.14	1.82
capacity	-0.14	1.49
utterly	-0.14	1.41
angular	-0.14	1.55
regularly	-0.14	1.65
learning	-0.14	2.38
eject	-0.14	1.76
golden	-0.14	1.97
existing	-0.14	1.78
minimal	-0.14	1.41
explodes	-0.14	1.70
recording	-0.14	1.18
decoupling	-0.14	1.60
flying	-0.14	2.56
front	-0.14	1.73
module	-0.14	1.49
allows	-0.14	1.80
rising	-0.14	1.75
speed	-0.14	1.61
started	-0.14	2.11
mins	-0.14	2.13
nor	-0.14	2.00
3.5	-0.14	1.39
undock	-0.14	1.70
linked	-0.14	1.88
deorbit	-0.14	1.72
gravity	-0.14	1.55
45	-0.14	1.65
making	-0.14	2.68
rotates	-0.14	1.70
central	-0.14	1.57
planets	-0.14	1.49
nosecones	-0.14	1.73
eventually	-0.14	2.51
klaw	-0.14	1.53
cheats	-0.14	1.53
probe	-0.14	1.52
ditch	-0.13	1.75
states	-0.13	1.65
implemented	-0.13	2.21
skycrane	-0.13	1.59
jool	-0.13	1.61
planned	-0.13	1.85
atmospheric	-0.13	1.49
add	-0.13	2.27
item	-0.13	1.82
braking	-0.13	1.53
strut	-0.13	1.60
resulting	-0.13	1.23
latest	-0.13	1.86
lander	-0.13	1.55
consumption	-0.13	1.43
lazor	-0.13	1.35
firing	-0.13	1.59
debug	-0.13	1.55
configs	-0.13	1.65
separated	-0.13	1.57
sample	-0.13	1.55
platforms	-0.13	1.48
settle	-0.13	1.41
weigh	-0.13	1.77
applied	-0.13	1.62
debrefund	-0.13	1.80
activate	-0.13	1.61
landing	-0.13	1.56
winglets	-0.13	1.57
separatrons	-0.13	1.57
rear	-0.13	1.58
nobody	-0.13	2.45
mouse	-0.13	1.77
percent	-0.13	1.78
slowing	-0.13	1.78
radial	-0.13	1.67
text	-0.13	2.00
waste	-0.13	1.74
cones	-0.13	1.68
integrity	-0.13	1.74
app	-0.13	1.38
added	-0.13	1.91
attempted	-0.13	1.74
deploying	-0.13	1.77
properties	-0.13	1.79
quad	-0.13	1.27
360	-0.13	1.32
labs	-0.13	1.60
never	-0.13	2.71
attachment	-0.13	1.53
10km	-0.12	1.77
ton	-0.12	1.80
wheels	-0.12	1.54
written	-0.12	1.97
remains	-0.12	1.63
drill	-0.12	1.37
fields	-0.12	1.31
would	-0.12	3.09
mesh	-0.12	1.30
potentially	-0.12	1.74
survey	-0.12	1.47
thread	-0.12	1.96
himself	-0.12	1.54
budget	-0.12	1.43
30	-0.12	1.62
rolls	-0.12	1.85
logged	-0.12	2.01
interior	-0.12	1.41
tries	-0.12	1.85
section	-0.12	1.59
interstage	-0.12	1.52
grown	-0.12	1.51
moon	-0.12	1.60
crane	-0.12	1.45
behind	-0.12	1.75
assembling	-0.12	1.72
bays	-0.12	1.49
col	-0.12	1.73
laythe	-0.12	1.58
cpu	-0.12	1.25
destruction	-0.12	0.96
motion	-0.12	1.74
clearance	-0.12	1.66
outer	-0.12	1.48
ram	-0.12	1.39
skill	-0.12	1.50
local	-0.12	1.59
value	-0.12	1.51
vertically	-0.12	1.78
projected	-0.11	1.84
tanks	-0.11	1.47
mountains	-0.11	1.51
8gb	-0.11	1.28
2	-0.11	1.49
groups	-0.11	1.70
commander	-0.11	1.15
external	-0.11	1.34
accelerate	-0.11	1.87
decoupler	-0.11	1.60
permanent	-0.11	1.59
descending	-0.11	1.98
scope	-0.11	2.00
possible	-0.11	2.98
position	-0.11	2.00
compensate	-0.11	1.49
icons	-0.11	1.79
settings.cfg	-0.11	1.77
require	-0.11	1.96
note	-0.11	2.55
after	-0.11	1.94
disk	-0.11	1.49
correction	-0.11	1.74
destroy	-0.11	1.44
decouple	-0.11	1.63
guess	-0.11	3.32
toggle	-0.11	1.46
rotate	-0.11	1.69
com	-0.11	1.72
largest	-0.11	1.35
roughly	-0.11	2.11
minutes	-0.11	2.17
backup	-0.11	1.74
purchase	-0.11	1.59
exit	-0.11	1.64
comparing	-0.11	2.06
bringing	-0.11	2.11
twitter	-0.11	1.53
claws	-0.11	1.50
stabilizers	-0.11	1.59
jettisoned	-0.11	1.55
decision	-0.11	1.93
nose	-0.11	1.64
funds	-0.11	1.55
slingshot	-0.11	1.65
bus	-0.11	1.40
access	-0.11	1.57
multiplayer	-0.11	1.90
during	-0.11	1.55
wait	-0.10	2.58
bay	-0.10	1.53
word	-0.10	2.23
depot	-0.10	1.57
fake	-0.10	1.69
hollow	-0.10	1.51
raise	-0.10	1.78
versions	-0.10	1.92
soil	-0.10	1.46
busy	-0.10	2.12
high	-0.10	1.47
weapon	-0.10	1.34
girders	-0.10	1.59
hack	-0.10	1.61
parallel	-0.10	1.70
configurations	-0.10	1.61
plugin	-0.10	1.64
aerodynamic	-0.10	1.56
test	-0.10	1.86
sit	-0.10	1.69
forward	-0.10	1.65
90	-0.10	1.60
4gb	-0.10	1.44
programmer	-0.10	1.76
leaves	-0.10	1.78
use	-0.10	2.84
touchdown	-0.10	1.63
supersonic	-0.10	1.43
slide	-0.10	1.66
lowest	-0.10	1.54
lines	-0.10	1.55
tweakables	-0.10	1.58
anybody	-0.10	2.53
plugins	-0.10	1.71
sensors	-0.10	1.40
frames	-0.10	1.36
genuinely	-0.10	2.42
catching	-0.10	2.04
30km	-0.10	1.79
regards	-0.10	1.39
swept	-0.10	1.54
updated	-0.10	2.11
kinds	-0.10	1.60
coding	-0.10	1.54
satisfied	-0.10	2.19
api	-0.10	1.57
planet/moon	-0.10	1.57
properly	-0.09	2.36
xenon	-0.09	1.44
fly	-0.09	2.60
lower	-0.09	1.58
cost	-0.09	1.59
promise	-0.09	1.88
call	-0.09	2.67
apparently	-0.09	2.56
missiles	-0.09	1.35
budgets	-0.09	1.56
staging	-0.09	1.60
processor	-0.09	1.26
routine	-0.09	1.35
gigs	-0.09	1.39
ghz	-0.09	1.26
include	-0.09	1.95
assist	-0.09	1.60
updates	-0.09	1.80
supported	-0.09	1.84
eggs	-0.09	1.52
sas	-0.09	1.55
marker	-0.09	1.71
introduced	-0.09	1.91
16gb	-0.09	1.27
tank	-0.09	1.45
vessel	-0.09	1.61
alt	-0.09	1.50
osx	-0.09	1.54
ll	-0.09	2.88
all	-0.09	2.38
tear	-0.09	1.59
somebody	-0.09	2.24
chute	-0.09	1.63
ramp	-0.09	1.59
plant	-0.09	1.43
apo	-0.09	1.82
logical	-0.09	1.79
50km	-0.09	1.76
loop	-0.09	1.69
cockpit	-0.09	1.40
stations	-0.09	1.63
recovered	-0.09	1.57
reasoning	-0.09	2.05
bases	-0.09	1.57
sepratrons	-0.09	1.56
burned	-0.09	1.90
doors	-0.08	1.44
overly	-0.08	1.67
splashed	-0.08	1.68
views	-0.08	1.37
hover	-0.08	1.71
os	-0.08	1.49
carry	-0.08	1.79
spectacular	-0.08	2.18
adjustment	-0.08	1.74
log	-0.08	1.61
opengl	-0.08	1.61
debris	-0.08	1.43
as	-0.08	3.08
edge	-0.08	1.49
jettison	-0.08	1.62
order	-0.08	2.50
gpu	-0.08	1.22
before	-0.08	2.28
flung	-0.08	1.83
0.9	-0.08	1.82
ages	-0.08	2.35
fire	-0.08	1.50
transmission	-0.08	1.49
gimbal	-0.08	1.55
accepted	-0.08	1.43
upside	-0.08	1.63
kerbins	-0.08	1.71
afaik	-0.08	1.99
smoother	-0.08	1.33
fuselages	-0.08	1.46
20km	-0.08	1.74
requires	-0.08	1.85
3x	-0.08	1.52
drone	-0.08	1.47
hyperedit	-0.08	1.60
png	-0.08	1.47
ksp.exe	-0.08	1.64
dock	-0.08	1.83
affects	-0.08	1.90
assemble	-0.08	1.72
na	-0.08	2.92
exceed	-0.08	1.57
outside	-0.08	1.77
slow	-0.08	1.60
20	-0.08	1.53
torque	-0.07	1.55
ports	-0.07	1.57
pressure	-0.07	1.46
forgive	-0.07	1.25
winch	-0.07	1.52
pop	-0.07	1.68
needs	-0.07	2.55
had	-0.07	2.62
exe	-0.07	1.68
footage	-0.07	1.29
flags	-0.07	1.41
lift	-0.07	1.63
eve	-0.07	1.59
stages	-0.07	1.57
blank	-0.07	1.46
i5	-0.07	1.25
million	-0.07	1.64
conics	-0.07	1.56
hook	-0.07	1.55
periapse	-0.07	1.79
collecting	-0.07	1.42
parachute	-0.07	1.61
gear	-0.07	1.55
heatshield	-0.07	1.52
70km	-0.07	1.72
impulse	-0.07	1.55
200m/s	-0.07	1.70
since	-0.07	2.40
steer	-0.07	1.84
matters	-0.07	2.32
32bit	-0.07	1.59
100k	-0.07	1.65
discover	-0.07	1.85
relativity	-0.07	1.78
tail	-0.07	1.58
booster	-0.07	1.53
variables	-0.07	1.59
unrelated	-0.07	1.83
money	-0.07	1.61
gb	-0.07	1.35
instruments	-0.07	1.49
afford	-0.07	1.93
none	-0.07	1.70
auto	-0.06	1.66
conditions	-0.06	1.60
docked	-0.06	1.63
entered	-0.06	1.81
arrow	-0.06	1.77
square	-0.06	1.52
copies	-0.06	1.64
<URL>	-0.06	1.26
<SPECIAL>	-0.06	1.26
intensive	-0.06	1.14
sync	-0.06	1.48
physical	-0.06	1.81
kerbin	-0.06	1.67
circularize	-0.06	1.78
i7	-0.06	1.27
mach	-0.06	1.59
cores	-0.06	1.44
twr	-0.06	1.54
together	-0.06	1.72
intentional	-0.06	2.02
vectoring	-0.06	1.43
23.5	-0.06	2.19
obviously	-0.06	2.61
sepatrons	-0.06	1.59
0.23.5	-0.06	2.07
delta-v	-0.06	1.88
intel	-0.06	1.26
sea	-0.06	1.52
0.24	-0.06	2.22
cover	-0.06	1.78
comment	-0.06	2.44
nova	-0.06	1.47
port	-0.06	1.61
ahead	-0.06	1.94
100m/s	-0.06	1.70
developed	-0.06	1.93
magnetic	-0.06	1.43
asas	-0.06	1.54
advanced	-0.06	1.60
yourself	-0.06	2.43
action	-0.06	1.69
cash	-0.06	1.57
altitude	-0.06	1.69
peak	-0.06	1.62
vehicle	-0.06	1.55
recently	-0.06	2.36
pay	-0.06	1.77
person	-0.05	2.22
fund	-0.05	1.54
find	-0.05	2.71
havent	-0.05	2.21
assembled	-0.05	1.68
2.5km	-0.05	1.62
2x	-0.05	1.61
carefully	-0.05	1.83
nearby	-0.05	1.44
burn	-0.05	1.89
thinks	-0.05	2.49
10,000	-0.05	1.57
targeting	-0.05	1.59
graphics	-0.05	1.30
shield	-0.05	1.51
boot	-0.05	1.43
blog	-0.05	1.78
output	-0.05	1.60
head	-0.05	1.36
32-bit	-0.05	1.57
ap	-0.05	1.84
explore	-0.05	1.58
navball	-0.05	1.55
misc	-0.05	1.92
texture	-0.05	1.53
nodes	-0.05	1.80
distance	-0.05	1.62
expected	-0.05	1.97
chemical	-0.05	1.40
measure	-0.05	1.64
executable	-0.05	1.66
wet	-0.05	1.51
string	-0.05	1.36
ratio	-0.05	1.54
pairs	-0.05	1.56
excuse	-0.05	1.61
rt	-0.05	1.62
machines	-0.05	1.18
below	-0.05	1.67
takeoff	-0.05	1.62
piloting	-0.05	1.58
controlling	-0.05	1.69
intake	-0.05	1.40
mech	-0.04	1.46
inflatable	-0.04	1.51
overhead	-0.04	1.76
actions	-0.04	1.52
easter	-0.04	1.54
apple	-0.04	1.36
analysis	-0.04	1.63
structures	-0.04	1.36
typically	-0.04	1.70
space	-0.04	1.50
yaw	-0.04	1.50
requiring	-0.04	1.62
kg	-0.04	1.58
pivot	-0.04	1.49
your	-0.04	1.93
output_log.txt	-0.04	1.65
swing	-0.04	1.63
10k	-0.04	1.69
make	-0.04	2.96
instantly	-0.04	1.81
his	-0.04	1.23
canards	-0.04	1.59
upper	-0.04	1.51
wikipedia	-0.04	1.63
truss	-0.04	1.58
technology	-0.04	1.56
crossed	-0.04	1.22
downvotes	-0.04	1.76
velocities	-0.04	1.67
again	-0.04	2.62
stabilize	-0.04	1.53
engage	-0.04	1.39
target	-0.04	1.83
excited	-0.04	1.65
priority	-0.04	1.80
thought	-0.04	2.93
swap	-0.04	1.40
interplanetary	-0.04	1.69
gui	-0.04	1.47
beneath	-0.04	1.59
apoapsis	-0.04	1.79
installs	-0.04	1.60
got	-0.04	2.48
rt2	-0.04	1.66
features	-0.04	1.97
crater	-0.04	1.50
water	-0.04	1.42
cheating	-0.04	1.66
40	-0.04	1.51
studying	-0.03	2.11
mainsails	-0.03	1.43
bundle	-0.03	1.51
settings	-0.03	1.51
remaining	-0.03	1.68
continue	-0.03	1.85
base	-0.03	1.49
periapsis	-0.03	1.79
welding	-0.03	1.67
optimize	-0.03	1.53
skip	-0.03	1.64
fill	-0.03	1.61
remote	-0.03	1.51
announced	-0.03	1.96
dry	-0.03	1.57
asks	-0.03	2.30
shortcut	-0.03	1.66
sits	-0.03	1.54
tricks	-0.03	1.66
magic	-0.03	1.40
landings	-0.03	1.55
map	-0.03	1.56
refine	-0.03	1.67
beta	-0.03	1.86
retro	-0.03	1.79
srb	-0.03	1.54
dramatically	-0.03	1.53
uses	-0.03	1.98
rcs	-0.03	1.44
effects	-0.03	1.47
explained	-0.03	2.25
career	-0.03	1.85
storage	-0.03	1.44
designing	-0.03	2.19
examples	-0.03	1.67
surfaces	-0.03	1.57
nvidia	-0.03	1.32
holding	-0.03	1.58
shoot	-0.03	1.79
releases	-0.03	1.80
50	-0.03	1.51
inner	-0.03	1.44
fuselage	-0.03	1.52
exists	-0.03	1.93
drain	-0.03	1.53
opening	-0.03	1.43
100	-0.03	1.51
contracts	-0.03	1.63
odd	-0.03	1.77
hand	-0.03	1.72
detachable	-0.03	1.36
closest	-0.03	1.87
thrust	-0.03	1.51
searched	-0.03	1.75
strapped	-0.02	1.63
efforts	-0.02	1.47
attitude	-0.02	1.50
venus	-0.02	1.58
no	-0.02	2.93
catch	-0.02	1.96
tug	-0.02	1.57
officially	-0.02	2.00
yet	-0.02	2.65
adapters	-0.02	1.51
ready	-0.02	2.36
equivalent	-0.02	1.19
station	-0.02	1.54
visible	-0.02	1.48
angle	-0.02	1.57
first	-0.02	1.72
recovering	-0.02	1.56
throttle	-0.02	1.61
pe	-0.02	1.78
sr	-0.02	1.46
spawn	-0.02	1.58
entering	-0.02	1.73
wing	-0.02	1.51
restarted	-0.02	2.04
reading	-0.02	2.22
least	-0.02	2.82
encounter	-0.02	1.86
transport	-0.02	1.56
billion	-0.02	1.58
suborbital	-0.02	1.55
recovery	-0.02	1.55
10	-0.02	1.45
till	-0.02	2.12
bind	-0.02	1.61
commands	-0.02	1.49
0.23	-0.02	2.08
communications	-0.02	1.52
code	-0.02	1.57
communication	-0.02	1.46
0.18	-0.02	2.14
perform	-0.02	1.67
elevators	-0.02	1.57
weighs	-0.02	1.58
markers	-0.02	1.76
ensure	-0.02	1.84
mk	-0.02	1.43
girder	-0.02	1.60
density	-0.02	1.48
node	-0.01	1.88
line	-0.01	1.69
height	-0.01	1.64
functionality	-0.01	1.57
sub-orbital	-0.01	1.63
turns	-0.01	1.79
core	-0.01	1.35
draw	-0.01	1.55
dv	-0.01	1.74
0.25	-0.01	2.04
costs	-0.01	1.61
danger	-0.01	1.20
inline	-0.01	1.49
clamp	-0.01	1.30
separation	-0.01	1.61
library	-0.01	1.73
material	-0.01	1.46
near	-0.01	1.65
contract	-0.01	1.63
implementing	-0.01	1.97
smoke	-0.01	1.42
sticky	-0.01	1.85
rendezvousing	-0.01	1.76
manual	-0.01	1.53
soi	-0.01	1.73
authority	-0.01	1.56
100m	-0.01	1.70
helmet	-0.01	1.25
approximately	-0.01	1.74
replied	-0.01	2.09
essential	-0.01	1.39
researched	-0.01	1.92
events	-0.01	1.37
remotetech2	-0.01	1.53
32	-0.01	1.54
purple	-0.01	1.73
magnitude	-0.00	1.74
mk3	-0.00	1.46
lko	-0.00	1.64
related	-0.00	1.79
associated	-0.00	1.41
activated	-0.00	1.60
de-orbit	-0.00	1.63
remotetech	-0.00	1.51
request	-0.00	1.55
avoiding	-0.00	1.44
esa	-0.00	1.24
opens	-0.00	1.48
box	-0.00	1.49
countries	-0.00	1.43
under	-0.00	1.57
tonnes	-0.00	1.66
dive	-0.00	1.80
chutes	-0.00	1.70
habitat	-0.00	1.50
concepts	-0.00	1.77
checked	0.00	2.10
saw	0.00	1.82
slider	0.00	1.53
reaction	0.00	1.52
relation	0.00	1.63
meeting	0.00	1.69
ultimately	0.00	1.69
networks	0.00	1.52
russians	0.00	1.49
500m	0.00	1.74
aimed	0.00	1.72
grass	0.00	1.50
ksp	0.00	1.80
editor	0.00	1.59
involving	0.00	1.52
max	0.00	1.53
around	0.00	1.79
70	0.00	1.58
bound	0.00	1.47
activating	0.01	1.75
100km	0.01	1.72
completed	0.01	1.64
alpha	0.01	1.91
wings	0.01	1.59
escape	0.01	1.72
limiting	0.01	1.30
colony	0.01	1.45
ubuntu	0.01	1.53
although	0.01	3.00
windows	0.01	1.56
mac	0.01	1.51
corrections	0.01	1.72
60	0.01	1.54
wildly	0.01	1.55
tipping	0.01	1.74
scansat	0.01	1.45
system	0.01	1.47
aerobrake	0.01	1.63
extension	0.01	1.27
machine	0.01	1.30
rapiers	0.01	1.36
respective	0.01	1.61
description	0.01	1.98
jumps	0.01	1.60
particles	0.01	1.48
tap	0.01	1.50
threads	0.01	1.93
amd	0.01	1.28
everywhere	0.01	1.14
earn	0.01	1.61
payload	0.01	1.55
kerbalnauts	0.01	1.20
objects	0.01	1.51
breathing	0.01	1.37
packs	0.01	1.57
motor	0.01	1.42
exploring	0.01	1.50
always	0.01	2.93
assets	0.01	1.44
higher	0.01	1.69
words	0.01	1.93
indicator	0.01	1.51
normal	0.01	1.98
been	0.01	2.42
species	0.02	1.22
technically	0.02	2.45
simulate	0.02	1.67
scanning	0.02	1.45
launches	0.02	1.75
fiddle	0.02	1.84
procedurally	0.02	1.60
kas	0.02	1.60
tasks	0.02	1.39
address	0.02	1.48
posting	0.02	2.05
0.24.2	0.02	1.99
0.22	0.02	2.01
2km	0.02	1.70
heat	0.02	1.46
arm	0.02	1.57
alcor	0.02	1.35
64-bit	0.02	1.56
closer	0.02	1.79
dollars	0.02	1.75
update	0.02	2.01
4x	0.02	1.64
desired	0.02	1.75
drogue	0.02	1.59
run	0.02	1.78
cluster	0.02	1.36
minute	0.02	2.02
moment	0.02	2.54
scanner	0.02	1.48
mk2	0.02	1.48
80	0.02	1.54
altitudes	0.02	1.56
sunlight	0.02	1.54
egg	0.02	1.61
mks	0.02	1.44
spent	0.02	1.92
alert	0.02	1.51
concerned	0.02	2.28
20k	0.02	1.71
150	0.02	1.50
considered	0.02	1.78
trajectory	0.02	1.76
mark	0.02	1.67
cockpits	0.02	1.37
modeling	0.03	1.44
kn	0.03	1.62
application	0.03	1.43
construction	0.03	1.49
points	0.03	1.63
solid	0.03	1.51
sxt	0.03	1.49
deltav	0.03	1.74
24	0.03	2.10
rigid	0.03	1.52
past	0.03	1.91
rapier	0.03	1.37
pink	0.03	1.65
64	0.03	1.56
structural	0.03	1.56
locking	0.03	1.53
reinstalled	0.03	2.02
kerbodyne	0.03	1.38
requirement	0.03	1.66
take	0.03	2.46
released	0.03	1.97
rails	0.03	1.55
holes	0.03	1.20
greater	0.03	1.53
landers	0.03	1.57
fuels	0.03	1.52
recorded	0.03	1.20
group	0.03	1.55
guidance	0.03	1.52
dot	0.03	1.61
aerocapture	0.03	1.61
climb	0.03	1.62
ctrl	0.03	1.51
complete	0.03	1.74
programs	0.03	1.31
cup	0.03	1.08
placement	0.03	1.55
public	0.03	1.52
arms	0.03	1.40
approach	0.03	1.75
faces	0.03	1.16
changed	0.03	1.96
toolbar	0.03	1.65
alongside	0.03	1.26
build	0.03	1.79
stage	0.03	1.54
adapter	0.03	1.53
years	0.04	1.95
structure	0.04	1.58
shields	0.04	1.52
beyond	0.04	1.68
ls	0.04	1.45
virtual	0.04	1.29
relay	0.04	1.50
edited	0.04	2.03
subreddit	0.04	1.82
intakes	0.04	1.42
says	0.04	2.05
srbs	0.04	1.52
generic	0.04	1.12
targets	0.04	1.64
capable	0.04	1.70
fueled	0.04	1.66
maneuvers	0.04	1.70
isp	0.04	1.54
abandoned	0.04	1.33
new	0.04	1.77
scaled	0.04	1.53
35	0.04	1.61
sub	0.04	1.81
found	0.04	2.12
shift	0.04	1.52
aoa	0.04	1.47
craters	0.04	1.37
dwarf	0.04	1.20
secondary	0.04	1.19
compatible	0.04	2.15
precision	0.04	1.54
colonies	0.04	1.45
ive	0.04	2.15
throw	0.04	1.76
2k	0.04	1.68
render	0.04	1.46
worth	0.04	2.10
2.5	0.04	1.48
extraplanetary	0.04	1.40
ve	0.04	2.48
foot	0.04	1.41
km/s	0.04	1.89
22	0.04	1.85
r/space	0.04	1.83
launchpads	0.04	1.38
tempted	0.04	2.31
tests	0.04	1.56
situations	0.04	1.77
manifest	0.04	1.46
linux	0.04	1.54
environment	0.04	1.38
ro	0.05	1.60
23	0.05	1.93
arduino	0.05	1.33
abort	0.05	1.52
touched	0.05	1.91
rings	0.05	1.49
lock	0.05	1.44
rules	0.05	1.70
law	0.05	1.41
commercial	0.05	1.30
adds	0.05	1.69
feature	0.05	1.85
idiot	0.05	1.87
lll	0.05	1.51
student	0.05	1.98
gauge	0.05	1.61
claw	0.05	1.47
reward	0.05	1.60
dishes	0.05	1.56
according	0.05	1.79
came	0.05	2.21
used	0.05	2.41
spins	0.05	1.71
suit	0.05	1.18
intersect	0.05	1.83
sim	0.05	1.42
rockomax	0.05	1.43
24.2	0.05	2.24
tweakable	0.05	1.57
1km	0.05	1.76
elevator	0.05	1.53
mapping	0.05	1.46
brakes	0.05	1.49
5km	0.05	1.75
becoming	0.05	1.62
approaches	0.05	1.52
directional	0.05	1.59
price	0.05	1.65
circle	0.05	1.67
try	0.05	2.49
vacuum	0.05	1.46
choosing	0.05	1.57
flag	0.05	1.43
ignoring	0.05	1.27
suggest	0.05	1.62
dish	0.05	1.57
catalog	0.05	1.63
free	0.05	1.64
tower	0.05	1.42
deployment	0.05	1.56
rule	0.05	1.79
segment	0.05	1.43
grow	0.05	1.38
racing	0.05	1.44
majority	0.05	1.36
values	0.05	1.63
sum	0.06	1.49
wobbly	0.06	1.43
x64	0.06	1.62
war	0.06	1.32
dlc	0.06	1.34
realchutes	0.06	1.58
sign	0.06	1.32
topic	0.06	1.85
begins	0.06	1.69
altimeter	0.06	1.53
our	0.06	1.31
bomb	0.06	1.28
180	0.06	1.52
theoretically	0.06	2.06
intercept	0.06	1.77
sabre	0.06	1.41
floats	0.06	1.60
state	0.06	1.60
8	0.06	1.43
aero	0.06	1.59
mothership	0.06	1.50
term	0.06	1.82
raising	0.06	1.67
aggressive	0.06	1.70
targeted	0.06	1.67
content	0.06	1.76
bubble	0.06	1.47
usual	0.06	1.18
mode	0.06	1.60
rpm	0.06	1.41
reentry	0.06	1.50
expand	0.06	1.27
kethane	0.06	1.40
only	0.06	2.86
karma	0.06	1.60
pieces	0.06	1.54
rarely	0.06	1.60
maneuver	0.06	1.78
sequence	0.06	1.47
industry	0.06	1.52
colour	0.07	1.47
delta	0.07	1.64
warp	0.07	1.63
0.90	0.07	1.99
400	0.07	1.56
cable	0.07	1.44
automated	0.07	1.53
continued	0.07	1.47
invisible	0.07	1.50
layers	0.07	1.37
presumably	0.07	1.35
requirements	0.07	1.61
fiddling	0.07	1.98
destination	0.07	1.48
worthwhile	0.07	1.64
1.0	0.07	1.77
factory	0.07	1.46
nav	0.07	1.58
post	0.07	2.03
captain	0.07	1.07
f12	0.07	1.57
instant	0.07	1.47
luster	0.07	1.52
combine	0.07	1.46
fairings	0.07	1.54
house	0.07	1.13
eccentricity	0.07	1.62
launcher	0.07	1.54
gun	0.07	1.39
secret	0.07	1.73
segments	0.07	1.59
tune	0.07	1.50
grabber	0.07	1.45
kac	0.07	1.50
fold	0.07	1.52
standing	0.07	1.39
surprised	0.07	1.96
calculations	0.07	1.54
leaving	0.07	1.68
total	0.07	1.63
escaping	0.07	1.69
applications	0.07	1.44
scale	0.07	1.45
portion	0.07	1.39
aiming	0.07	2.14
closing	0.07	1.48
95	0.07	1.89
fraps	0.07	1.25
particular	0.07	2.46
signal	0.07	1.44
posted	0.07	1.99
cameras	0.07	1.38
ferram	0.07	1.55
calculation	0.08	1.63
asparagus	0.08	1.47
beam	0.08	1.46
tac	0.08	1.50
demo	0.08	1.79
spots	0.08	1.56
exception	0.08	1.24
operating	0.08	1.55
full	0.08	1.57
ascend	0.08	1.61
applying	0.08	1.60
omni	0.08	1.56
manoeuvre	0.08	1.72
tube	0.08	1.66
window	0.08	1.68
however	0.08	2.96
realchute	0.08	1.51
12	0.08	1.45
wiki	0.08	1.68
extended	0.08	1.55
res	0.08	1.47
took	0.08	2.05
tweaked	0.08	1.81
assistance	0.08	1.59
variant	0.08	1.41
scan	0.08	1.44
generated	0.08	1.61
circularization	0.08	1.62
stock	0.08	2.01
literally	0.08	2.50
oxygen	0.08	1.35
align	0.08	1.59
affected	0.08	1.65
dual	0.08	1.32
descent	0.08	1.46
effectively	0.08	1.57
glide	0.08	1.69
online	0.08	1.54
car	0.08	1.30
concerns	0.08	1.57
lifter	0.08	1.51
half	0.08	1.82
spaceflight	0.08	1.22
within	0.08	1.68
fairing	0.08	1.48
atmosphere	0.08	1.51
burns	0.09	1.66
neil	0.09	1.17
release	0.09	1.90
docking	0.09	1.54
utility	0.09	1.43
pressing	0.09	1.44
ago	0.09	1.95
x86	0.09	1.61
mainsail	0.09	1.44
plus	0.09	1.82
tone	0.09	1.90
model	0.09	1.41
control	0.09	1.48
buying	0.09	1.77
sat	0.09	1.54
in-game	0.09	1.60
in-flight	0.09	1.54
scales	0.09	1.51
subreddits	0.09	1.82
pwings	0.09	1.46
ssd	0.09	1.34
overlay	0.09	1.43
long	0.09	2.22
whereas	0.09	1.41
others	0.09	2.31
roll	0.09	1.54
planetary	0.09	1.53
symbol	0.09	1.61
multi	0.09	1.20
developers	0.09	1.61
posts	0.09	1.82
kos	0.09	1.75
radius	0.09	1.59
ships	0.09	1.59
reach	0.09	1.71
tweak	0.09	1.71
months	0.09	1.91
hd	0.09	1.32
buy	0.09	1.61
flame	0.09	1.31
comms	0.09	1.55
ladders	0.09	1.79
extensions	0.09	1.53
assists	0.10	1.66
yellow	0.10	1.57
read	0.10	1.90
mechanics	0.10	1.90
boring	0.10	1.32
indicators	0.10	1.66
mars	0.10	1.48
eg	0.10	1.46
manuever	0.10	1.73
hub	0.10	1.49
experimental	0.10	1.70
alarm	0.10	1.47
equatorial	0.10	1.58
amount	0.10	1.70
sections	0.10	1.51
15	0.10	1.47
clock	0.10	1.47
triple	0.10	1.38
gathering	0.10	1.40
iva	0.10	1.34
titan	0.10	1.42
battle	0.10	1.29
deadly	0.10	1.53
ir	0.10	1.62
sizes	0.10	1.46
atmo	0.10	1.50
cargo	0.10	1.52
meantime	0.10	2.13
specific	0.10	2.10
path	0.10	1.67
opinion	0.10	2.16
technologies	0.10	1.42
ancient	0.10	1.28
sources	0.10	1.52
antennas	0.10	1.60
support	0.10	1.48
hardly	0.10	1.98
quantum	0.10	1.52
belong	0.10	1.91
russian	0.10	1.39
releasing	0.10	1.81
finish	0.10	1.86
every	0.10	1.99
ore	0.10	1.39
adjustments	0.10	1.66
docks	0.10	1.52
vehicles	0.10	1.54
area	0.10	1.53
paths	0.10	1.48
orbit	0.10	1.65
tweaking	0.10	1.79
centered	0.10	1.68
dre	0.11	1.52
deployed	0.11	1.79
construct	0.11	1.94
modify	0.11	1.87
flights	0.11	1.48
comm	0.11	1.52
variable	0.11	1.51
cone	0.11	1.50
resources	0.11	1.47
repack	0.11	1.75
bucks	0.11	1.75
department	0.11	1.49
stationary	0.11	1.71
inclination	0.11	1.69
drawn	0.11	1.49
repeat	0.11	1.69
satellite	0.11	1.51
air	0.11	1.40
time	0.11	2.16
wrote	0.11	2.22
motors	0.11	1.45
unfinished	0.11	1.69
understanding	0.11	1.99
struts	0.11	1.50
supports	0.11	1.65
stated	0.11	1.96
balancer	0.11	1.48
circularizing	0.11	1.58
there	0.11	2.84
buggy	0.11	1.41
screen	0.11	1.67
4500	0.11	1.63
sales	0.11	1.50
strictly	0.11	1.41
64bit	0.11	1.58
floorit	0.11	1.45
antenna	0.11	1.58
1.25m	0.11	1.47
sooner	0.11	1.91
capture	0.11	1.50
300	0.12	1.50
eye	0.12	1.49
5m	0.12	1.44
spoiler	0.12	1.69
recent	0.12	1.71
extending	0.12	1.58
600	0.12	1.48
profiles	0.12	1.54
green	0.12	1.62
jupiter	0.12	1.50
simplified	0.12	1.40
fineprint	0.12	1.50
earth	0.12	1.57
polar	0.12	1.54
4k	0.12	1.37
skipper	0.12	1.43
encounters	0.12	1.63
turbojet	0.12	1.34
opposed	0.12	1.56
knowing	0.12	2.23
gears	0.12	1.60
learn	0.12	2.22
permanently	0.12	1.24
earlier	0.12	2.11
small	0.12	1.34
volume	0.12	1.51
trim	0.12	1.50
twitch	0.12	1.25
specified	0.12	1.75
assigned	0.12	1.40
insertion	0.12	1.56
relays	0.12	1.50
screwing	0.13	2.06
teach	0.13	2.09
chrome	0.13	1.33
boosters	0.13	1.48
final	0.13	1.60
terrain	0.13	1.40
rss	0.13	1.58
automation	0.13	1.44
cannon	0.13	1.47
blue	0.13	1.56
selection	0.13	1.34
questions	0.13	1.98
card	0.13	1.22
copyright	0.13	1.42
cruise	0.13	1.33
drink	0.13	1.40
further	0.13	1.86
balloon	0.13	1.59
maxed	0.13	1.59
skin	0.13	1.30
stream	0.13	1.26
timing	0.13	1.70
coordinates	0.13	1.62
dependent	0.13	1.80
builds	0.13	1.65
fullscreen	0.13	1.62
stretchy	0.13	1.50
sufficiently	0.13	1.30
capabilities	0.13	1.47
course	0.13	2.59
kosmos	0.13	1.48
factors	0.13	1.41
takes	0.13	2.02
met	0.13	1.74
execute	0.13	1.64
proof	0.13	1.89
upright	0.13	1.41
dirty	0.13	1.31
simulated	0.13	1.55
handle	0.13	1.90
transparent	0.13	1.34
parts	0.13	1.66
edges	0.13	1.37
handles	0.13	1.57
some	0.13	1.96
250	0.13	1.48
match	0.13	1.74
aerobraking	0.13	1.55
2.5m	0.13	1.45
significantly	0.13	1.59
size	0.13	1.49
counter	0.13	1.40
options	0.14	1.59
follow	0.14	1.73
laptop	0.14	1.22
simplicity	0.14	1.48
terminal	0.14	1.60
overhaul	0.14	1.61
3.75m	0.14	1.40
develop	0.14	1.50
positions	0.14	1.53
played	0.14	2.18
launched	0.14	1.93
dollar	0.14	1.59
3.75	0.14	1.45
write	0.14	1.70
shuttles	0.14	1.53
interested	0.14	2.48
500	0.14	1.46
parachutes	0.14	1.77
700	0.14	1.50
daily	0.14	1.62
procedural	0.14	1.60
drills	0.14	1.49
0.1	0.14	1.61
paid	0.14	1.62
volumetric	0.14	1.39
projects	0.14	1.43
counting	0.14	1.65
days	0.14	1.86
parameters	0.14	1.68
player	0.14	1.70
re-entry	0.14	1.48
hearing	0.14	1.96
iii	0.14	1.20
120	0.14	1.50
satellites	0.14	1.52
interface	0.14	1.40
express	0.14	1.42
far	0.14	1.60
27	0.14	1.64
realistically	0.14	1.80
coverage	0.15	1.48
necessarily	0.15	2.34
telescope	0.15	1.37
7	0.15	1.43
sandbox	0.15	1.79
engines	0.15	1.40
investment	0.15	1.68
5000	0.15	1.51
sleep	0.15	1.64
1/4	0.15	1.43
orange	0.15	1.36
hotrockets	0.15	1.50
city	0.15	1.43
playthrough	0.15	1.59
sp	0.15	1.52
oceans	0.15	1.46
bright	0.15	1.42
aerodynamics	0.15	1.59
dmagic	0.15	1.45
initial	0.15	1.61
extend	0.15	1.79
fewer	0.15	1.79
battery	0.15	1.52
modular	0.15	1.46
spoilers	0.15	1.62
enhanced	0.15	1.46
default	0.15	1.79
designer	0.15	1.37
transfer	0.15	1.63
filling	0.15	1.73
plans	0.15	1.87
electricity	0.15	1.45
assign	0.15	1.44
functions	0.15	1.59
passed	0.15	1.35
overkill	0.15	1.43
flew	0.15	2.11
lifting	0.15	1.52
game	0.15	2.13
mj	0.15	1.56
previous	0.15	1.75
planner	0.15	1.58
payloads	0.15	1.59
massive	0.15	1.09
drawing	0.16	1.34
dirt	0.16	1.45
interact	0.16	1.69
length	0.16	1.53
equator	0.16	1.58
matched	0.16	1.76
programming	0.16	1.64
artificial	0.16	1.39
people	0.16	2.26
coded	0.16	1.91
prices	0.16	1.41
food	0.16	1.26
branch	0.16	1.67
developer	0.16	1.66
fasa	0.16	1.42
sink	0.16	1.55
oriented	0.16	1.64
hill	0.16	1.43
logs	0.16	1.66
finishing	0.16	1.59
arrays	0.16	1.65
21	0.16	1.62
lies	0.16	1.41
infernal	0.16	1.52
multiplier	0.16	1.45
playable	0.16	1.88
comet	0.16	1.54
16	0.16	1.56
object	0.16	1.47
sold	0.16	1.62
nosecone	0.16	1.73
lights	0.16	1.59
modder	0.16	1.67
stick	0.16	1.67
nozzle	0.16	1.30
maps	0.16	1.46
android	0.16	1.30
forms	0.17	1.40
elliptical	0.17	1.54
everybody	0.17	2.22
almost	0.17	2.43
alternis	0.17	1.41
keyboard	0.17	1.36
rosetta	0.17	1.42
function	0.17	1.65
ivas	0.17	1.34
still	0.17	2.84
jump	0.17	1.70
legs	0.17	1.62
false	0.17	1.60
dev	0.17	1.64
whatever	0.17	2.96
200	0.17	1.49
harvester	0.17	1.86
version	0.17	1.87
kwrocketry	0.17	1.48
figured	0.17	2.61
author	0.17	1.66
games	0.17	1.61
arrive	0.17	1.88
tweakscale	0.17	1.50
modded	0.17	1.81
ones	0.17	2.17
results	0.17	1.49
trigger	0.17	1.48
schedule	0.17	1.72
2.0	0.17	1.44
study	0.17	1.68
flown	0.17	2.11
injection	0.17	1.46
shape	0.17	1.46
kw	0.18	1.57
rocketry	0.18	1.57
aligned	0.18	1.60
17	0.18	1.67
systems	0.18	1.37
names	0.18	1.38
sized	0.18	1.48
closely	0.18	1.46
opened	0.18	1.50
laws	0.18	1.48
stars	0.18	1.27
sentence	0.18	1.74
min	0.18	1.78
wants	0.18	2.33
strategy	0.18	1.40
complexity	0.18	1.54
mechjeb	0.18	1.63
optimization	0.18	1.42
scaling	0.18	1.13
alignment	0.18	1.46
quickly	0.18	1.69
heavy	0.18	1.43
suspect	0.18	1.67
create	0.18	1.35
theoretical	0.18	1.42
26	0.18	1.58
preview	0.18	1.79
gas	0.19	1.29
gets	0.19	1.77
protip	0.19	1.90
set	0.19	1.60
real	0.19	1.64
trick	0.19	2.08
adjusting	0.19	1.70
bought	0.19	1.68
suitable	0.19	1.40
weeks	0.19	1.89
creating	0.19	1.36
chart	0.19	1.56
resource	0.19	1.42
800	0.19	1.50
mention	0.19	2.62
someday	0.19	2.18
25	0.19	1.77
solely	0.19	1.41
cares	0.19	1.88
aside	0.19	1.68
stall	0.19	1.48
network	0.19	1.47
approximation	0.19	1.58
entire	0.19	1.86
overwhelming	0.19	1.38
reusable	0.19	1.52
1000	0.19	1.45
deal	0.19	1.93
asteroids	0.19	1.37
controlled	0.19	1.56
engine	0.19	1.43
last	0.19	1.83
quality	0.19	1.22
influence	0.19	1.70
establish	0.19	1.66
successfully	0.19	1.38
range	0.19	1.56
2012	0.19	1.57
weekly	0.19	1.74
leo	0.19	1.48
granted	0.19	1.70
lv-n	0.19	1.44
appears	0.19	1.72
black	0.19	1.36
charge	0.19	1.50
aies	0.20	1.51
18	0.20	1.59
future	0.20	1.77
aerospike	0.20	1.40
19	0.20	1.59
basis	0.20	1.68
stone	0.20	1.32
mks/oks	0.20	1.42
deploy	0.20	1.73
usb	0.20	1.32
folding	0.20	1.55
wall	0.20	1.28
year	0.20	1.84
ring	0.20	1.45
autopilot	0.20	1.51
protractor	0.20	1.45
prepare	0.20	1.12
check	0.20	1.88
lesson	0.20	1.47
laser	0.20	1.36
parked	0.20	1.33
bonus	0.20	1.45
dark	0.20	1.79
safe	0.20	1.64
trajectories	0.20	1.54
change	0.20	2.05
poodle	0.20	1.45
liftoff	0.20	1.51
shapes	0.20	1.50
rtg	0.20	1.52
usi	0.20	1.48
objectives	0.20	1.38
propulsion	0.20	1.43
spread	0.20	1.43
tried	0.20	2.22
flight	0.20	1.52
novapunch	0.20	1.48
sell	0.20	1.59
colored	0.20	1.43
canada	0.20	1.24
setting	0.21	1.64
3d	0.21	1.25
office	0.21	1.79
circles	0.21	1.42
factor	0.21	1.37
monitor	0.21	1.33
parking	0.21	1.57
implement	0.21	2.03
spreadsheet	0.21	1.57
lot	0.21	2.18
distant	0.21	1.42
1.25	0.21	1.45
hullcam	0.21	1.38
made	0.21	2.31
parents	0.21	1.32
maneuvering	0.21	1.55
intercepts	0.21	1.76
clouds	0.21	1.33
giving	0.21	2.26
life	0.21	1.48
sats	0.21	1.50
universal	0.21	1.49
angles	0.21	1.57
transit	0.21	1.42
partially	0.21	1.53
controls	0.21	1.45
suicide	0.21	1.43
kerbol	0.21	1.39
driving	0.21	1.12
robotics	0.21	1.51
red	0.21	1.56
maxmaps	0.21	1.75
lining	0.21	1.69
aerospace	0.21	1.55
jets	0.21	1.40
staged	0.21	1.56
48-7s	0.21	1.47
matching	0.21	1.78
grasp	0.21	2.00
same	0.21	2.86
expansion	0.21	1.39
natural	0.22	1.68
development	0.22	1.58
microwave	0.22	1.38
ejection	0.22	1.53
translate	0.22	1.46
credits	0.22	1.58
grammar	0.22	1.42
now	0.22	2.88
dynamics	0.22	1.57
reactor	0.22	1.33
math	0.22	1.85
readout	0.22	1.47
frontier	0.22	1.43
1	0.22	1.53
retract	0.22	1.66
aerospikes	0.22	1.39
era	0.22	1.10
month	0.22	1.83
nukes	0.22	1.39
soon	0.22	2.27
float	0.22	1.56
planet	0.22	1.57
accuracy	0.22	1.42
b9	0.22	1.60
experience	0.22	1.57
jet	0.22	1.42
sphere	0.22	1.70
tight	0.22	1.65
tunnel	0.22	1.48
otherwise	0.22	2.82
balanced	0.22	1.57
record	0.22	1.33
physics	0.22	1.59
covered	0.22	1.47
step	0.23	1.68
drunk	0.23	1.49
sufficient	0.23	1.21
sun	0.23	1.52
engineer	0.23	1.47
0	0.23	1.48
geostationary	0.23	1.54
solar	0.23	1.78
communities	0.23	1.87
third	0.23	1.61
kolonization	0.23	1.28
massless	0.23	1.54
international	0.23	1.31
atomic	0.23	1.43
engineering	0.23	1.64
expensive	0.23	1.42
awhile	0.23	2.03
act	0.23	1.58
similarly	0.23	1.03
judge	0.23	1.91
rights	0.23	1.72
teaching	0.23	1.98
fires	0.23	1.58
creator	0.23	1.73
second	0.24	1.79
turbojets	0.24	1.37
1/2	0.24	1.54
lined	0.24	1.66
tubes	0.24	1.56
except	0.24	2.19
diagram	0.24	1.64
exhaust	0.24	1.40
finally	0.24	1.99
diameter	0.24	1.49
radiators	0.24	1.44
perhaps	0.24	2.52
raster	0.24	1.33
batteries	0.24	1.70
fighters	0.24	1.10
ballistic	0.24	1.54
finger	0.24	1.37
panels	0.24	1.81
tuning	0.24	1.77
mining	0.24	1.41
objective	0.24	1.39
orbital	0.24	1.76
trivial	0.24	1.52
alter	0.24	1.74
heard	0.24	2.29
sale	0.24	1.54
light	0.25	1.40
planes	0.25	1.75
vanilla	0.25	1.99
travel	0.25	1.55
plate	0.25	1.36
wip	0.25	1.64
python	0.25	1.50
75	0.25	1.50
lagrange	0.25	1.70
tiny	0.25	1.06
spaceplanes	0.25	1.65
hybrid	0.25	1.46
aircraft	0.25	1.63
periods	0.25	1.77
built-in	0.25	1.49
entry	0.25	1.46
1m	0.25	1.49
winter	0.25	1.53
tl	0.25	1.30
meet	0.25	1.58
beside	0.25	1.50
favor	0.25	1.59
pro	0.25	1.24
shielded	0.25	1.51
generates	0.25	1.31
calculates	0.25	1.63
white	0.25	1.40
reality	0.25	1.69
technique	0.25	1.54
kerbpaint	0.25	1.45
plasma	0.25	1.36
language	0.25	1.61
knowledge	0.25	1.71
huge	0.25	1.00
theory	0.25	1.74
military	0.25	1.31
d	0.26	2.54
spacecraft	0.26	1.39
hangar	0.26	1.40
sadly	0.26	2.10
shadow	0.26	1.46
medium	0.26	1.29
generator	0.26	1.44
spaceships	0.26	1.29
charts	0.26	1.56
geosynchronous	0.26	1.54
aka	0.26	1.22
preferably	0.26	1.40
much	0.26	2.37
potato	0.26	1.43
thingy	0.26	1.53
speaking	0.26	1.62
nuclear	0.26	1.38
key	0.26	1.40
manner	0.26	1.48
xp	0.26	1.22
regular	0.26	1.72
varies	0.26	1.73
convinced	0.26	2.14
partial	0.26	1.18
wearing	0.26	1.11
mouth	0.26	1.27
chair	0.26	1.37
generation	0.27	1.32
axis	0.27	1.42
linkme	0.27	1.41
texturereplacer	0.27	1.30
passes	0.27	1.60
calculate	0.27	1.80
press	0.27	1.40
grabbed	0.27	1.26
fast	0.27	1.94
4th	0.27	1.48
panel	0.27	1.35
players	0.27	1.74
estimated	0.27	1.60
aviation	0.27	1.47
varying	0.27	1.56
radiation	0.27	1.18
who	0.27	2.27
process	0.27	1.50
redux	0.27	1.46
sims	0.27	1.47
sls	0.27	1.29
visual	0.27	1.41
friends	0.28	1.22
native	0.28	1.54
direct	0.28	1.46
ui	0.28	1.48
follows	0.28	1.46
english	0.28	1.82
title	0.28	1.89
completion	0.28	1.59
colonization	0.28	1.38
karbonite	0.28	1.37
pack	0.28	1.42
stats	0.28	1.53
explaining	0.28	1.82
fighter	0.28	1.33
fission	0.28	1.37
newer	0.28	1.54
hardcore	0.28	1.56
gemini	0.28	1.27
trial	0.28	1.55
geometry	0.28	1.48
lame	0.28	1.17
falcon	0.28	1.32
yesterday	0.28	1.93
internal	0.28	1.38
thermal	0.28	1.37
nsfw	0.28	1.61
exact	0.28	2.83
power	0.28	1.44
dust	0.28	1.32
dies	0.28	1.23
hands	0.29	1.36
caps	0.29	1.47
eccentric	0.29	1.56
hohmann	0.29	1.58
magically	0.29	1.77
lived	0.29	1.42
binary	0.29	1.34
phase	0.29	1.51
real-world	0.29	1.57
early	0.29	1.66
viewing	0.29	1.45
rockets	0.29	1.61
viewer	0.29	1.37
later	0.29	2.08
cough	0.29	1.29
sorta	0.29	1.39
carrier	0.29	1.34
caught	0.29	1.32
likes	0.29	2.07
universe	0.29	1.32
enough	0.29	2.35
pirate	0.29	1.50
ultimate	0.30	1.04
large	0.30	1.19
speeds	0.30	1.53
project	0.30	1.45
replacer	0.30	1.37
walking	0.30	1.43
porkjet	0.30	1.49
floor	0.30	1.29
realism	0.30	1.48
road	0.30	1.35
serve	0.30	1.55
rendezvous	0.30	1.67
pool	0.30	1.41
discovered	0.30	1.98
buttons	0.30	1.42
infrastructure	0.30	1.55
antennae	0.30	1.65
picking	0.30	1.52
generally	0.30	1.69
4000	0.30	1.38
type	0.30	1.71
skybox	0.30	1.29
vary	0.30	1.72
tour	0.30	1.33
14	0.30	1.43
marks	0.30	1.45
accessible	0.31	1.58
ambient	0.31	1.32
whole	0.31	2.11
told	0.31	1.74
v	0.31	1.54
atmospheres	0.31	1.35
producing	0.31	1.53
arrived	0.31	1.41
transfers	0.31	1.60
particle	0.31	1.59
equations	0.31	1.62
10x	0.31	1.64
n-body	0.31	1.50
les	0.31	1.36
period	0.31	1.74
profile	0.31	1.51
kspx	0.31	1.48
scared	0.31	1.35
environmental	0.31	1.51
calculated	0.31	1.66
2013	0.31	1.63
integrated	0.31	1.44
sky	0.31	1.36
ker	0.31	1.48
define	0.31	1.83
flash	0.31	1.39
strong	0.31	1.44
generators	0.31	1.45
displayed	0.32	1.51
sts	0.32	1.33
checking	0.32	1.81
somehow	0.32	1.96
ball	0.32	1.41
displays	0.32	1.45
slightly	0.32	1.76
another	0.32	2.35
route	0.32	1.56
implies	0.32	1.58
sr-71	0.32	1.67
interstellar	0.32	1.39
r/kerbalacademy	0.32	1.89
kspi	0.32	1.40
successful	0.32	1.18
carried	0.32	1.52
single	0.32	1.79
simply	0.32	2.25
removes	0.32	1.53
campaign	0.32	1.69
channel	0.32	1.10
produce	0.33	1.40
vision	0.33	1.57
proper	0.33	1.96
items	0.33	1.52
body	0.33	1.62
aliens	0.33	1.09
community	0.33	1.51
sidebar	0.33	1.64
gave	0.33	1.21
linear	0.33	1.37
hour	0.33	1.76
gtx	0.33	1.25
returns	0.33	1.31
wasd	0.33	1.46
remembered	0.33	1.94
plane	0.33	1.63
mastered	0.33	1.89
reactors	0.33	1.37
font	0.33	1.13
product	0.33	1.34
asteroid	0.33	1.41
lands	0.33	1.49
farther	0.33	1.75
margin	0.33	1.39
additionally	0.33	1.46
stands	0.34	1.48
lv-909	0.34	1.42
reads	0.34	1.71
ice	0.34	1.35
adjust	0.34	1.73
technical	0.34	1.44
phone	0.34	1.33
cube	0.34	1.47
calculator	0.34	1.55
enhancements	0.34	1.39
antimatter	0.34	1.38
symmetrical	0.34	1.60
rock	0.34	1.25
goal	0.34	1.27
enhancement	0.34	1.39
divide	0.34	1.58
rather	0.34	1.63
tested	0.34	2.09
processes	0.34	1.31
aid	0.34	1.41
lightweight	0.35	1.42
maths	0.35	1.68
fucked	0.35	1.29
refers	0.35	2.10
flames	0.35	1.39
media	0.35	1.27
iron	0.35	1.14
stronger	0.35	1.69
university	0.35	1.63
bit	0.35	1.79
prototype	0.35	1.51
hint	0.35	1.38
handled	0.35	1.61
afterwards	0.35	1.35
built	0.35	1.87
wasnt	0.35	1.49
industries	0.35	1.28
radar	0.35	1.26
offered	0.35	1.56
little	0.35	2.08
defined	0.35	1.66
reserve	0.36	1.49
warning	0.36	1.42
alternative	0.36	1.32
bits	0.36	1.40
ii	0.36	1.20
pc	0.36	1.19
radio	0.36	1.29
compared	0.36	1.45
chatterer	0.36	1.41
iss	0.36	1.34
one	0.36	2.48
train	0.36	1.31
display	0.36	1.46
duration	0.36	1.58
complex	0.36	1.28
fleet	0.36	1.23
fusion	0.36	1.35
race	0.36	1.41
rocket	0.36	1.41
provide	0.36	1.64
hopefully	0.36	2.24
giant	0.36	1.04
true	0.36	2.14
2014	0.36	1.49
repetitive	0.36	1.25
writing	0.36	1.66
appeal	0.36	1.69
uploaded	0.36	1.52
glass	0.36	1.29
raw	0.36	1.41
parent	0.37	1.57
browsing	0.37	1.45
smaller	0.37	1.70
conic	0.37	1.39
their	0.37	1.36
worlds	0.37	1.42
aesthetics	0.37	1.46
astronomer	0.37	1.42
supporting	0.37	1.53
shallow	0.37	1.50
atlas	0.37	1.55
forever	0.37	1.94
shake	0.37	1.50
faster	0.37	1.87
created	0.37	1.41
spacex	0.37	1.34
character	0.38	1.04
simulation	0.38	1.46
selling	0.38	1.40
certainly	0.38	2.51
play	0.38	2.05
calculating	0.38	1.65
sticks	0.38	1.42
summer	0.38	1.51
1st	0.38	1.40
ion	0.38	1.37
juice	0.38	1.65
animations	0.38	1.35
maximum	0.38	1.48
modern	0.38	1.17
slower	0.38	1.78
member	0.38	1.13
describes	0.38	2.14
coming	0.38	2.19
lunar	0.38	1.28
conclusion	0.38	1.89
quicker	0.38	1.70
crack	0.39	1.36
imgur	0.39	1.74
hinges	0.39	1.36
snacks	0.39	1.17
9	0.39	1.32
larger	0.39	1.54
automate	0.39	1.43
whatnot	0.39	1.32
program	0.39	1.35
formula	0.39	1.64
progression	0.39	1.51
id	0.39	1.30
electrical	0.39	1.38
terribly	0.39	1.73
kso	0.39	1.20
sstos	0.39	1.55
2nd	0.39	1.51
surely	0.39	1.53
static	0.39	1.31
steps	0.39	1.44
desk	0.39	1.31
implementation	0.39	1.58
big	0.39	1.22
equation	0.40	1.50
rare	0.40	1.65
noted	0.40	1.59
theres	0.40	1.42
servers	0.40	1.41
evil	0.40	1.06
tbh	0.40	1.33
preference	0.40	1.39
today	0.40	1.90
cheaper	0.40	1.76
article	0.40	1.63
chunk	0.40	1.51
checklist	0.40	1.72
macbook	0.40	1.24
lighter	0.40	1.76
sensor	0.40	1.33
ought	0.40	1.56
achieve	0.40	1.55
inputs	0.41	1.37
college	0.41	1.60
vtol	0.41	1.49
captured	0.41	1.44
tools	0.41	1.43
astronomy	0.41	1.66
luckily	0.41	1.58
close	0.41	1.69
thinner	0.41	1.69
heavier	0.41	1.71
bridge	0.41	1.38
c7	0.41	1.60
limits	0.41	1.29
knew	0.41	2.61
female	0.41	1.13
possibly	0.41	2.31
shows	0.41	1.53
popped	0.41	1.16
translation	0.42	1.32
astronomers	0.42	1.38
user	0.42	1.42
school	0.42	1.65
longer	0.42	1.79
involves	0.42	1.37
twist	0.42	1.11
kax	0.42	1.40
r/kerbalspaceprogram	0.42	1.60
1500	0.42	1.31
common	0.42	1.67
deep	0.42	1.21
seeing	0.42	2.56
male	0.42	1.11
struggle	0.42	1.54
answer	0.42	2.19
simpler	0.42	1.51
ride	0.43	1.38
upload	0.43	1.43
less	0.43	1.87
hoping	0.43	2.07
typical	0.43	1.36
quest	0.43	1.46
opportunity	0.43	1.26
ever	0.43	2.22
fit	0.43	1.69
older	0.43	1.43
browser	0.43	1.27
dreams	0.44	0.96
besides	0.44	1.40
crafts	0.44	1.55
table	0.44	1.22
wider	0.44	1.66
primary	0.44	1.17
perspective	0.44	1.45
bed	0.44	1.91
classic	0.44	1.10
skills	0.44	1.51
tie	0.44	1.13
telemachus	0.44	1.43
derp	0.44	2.04
regard	0.44	1.74
triangle	0.44	1.46
followed	0.44	1.13
tag	0.44	1.53
constellation	0.44	1.34
everyone	0.44	2.06
fortress	0.44	1.15
nowhere	0.44	1.21
vast	0.45	1.38
newton	0.45	1.40
differently	0.45	1.44
recommend	0.45	1.53
controller	0.45	1.26
reasonably	0.45	1.43
basic	0.45	1.73
counts	0.45	1.41
lifters	0.45	1.48
began	0.45	1.39
visuals	0.45	1.34
existence	0.45	1.32
riding	0.45	1.16
careful	0.45	1.58
logic	0.45	1.58
powered	0.45	1.39
next	0.45	1.89
steep	0.45	1.42
void	0.45	1.30
gif	0.45	1.31
0.5	0.46	1.48
difficulty	0.46	1.41
nuke	0.46	1.28
reasons	0.46	1.65
nazi	0.46	1.40
certain	0.46	1.68
comments	0.46	1.83
more	0.46	2.13
custom	0.46	1.25
showing	0.46	1.84
strongly	0.46	1.50
unstable	0.46	1.33
easily	0.46	2.16
paper	0.46	1.29
considering	0.47	1.84
joystick	0.47	1.31
detail	0.47	1.23
trees	0.47	1.35
array	0.47	1.36
than	0.47	1.78
proposed	0.47	1.36
thicker	0.47	1.42
3rd	0.47	1.48
tells	0.47	1.74
old	0.47	1.47
notes	0.47	1.58
competition	0.47	1.67
desire	0.47	1.57
2000	0.47	1.41
flat	0.47	1.43
instructions	0.47	1.53
3000	0.47	1.41
license	0.47	1.38
filled	0.48	1.40
email	0.48	1.52
generating	0.48	1.33
adjusted	0.48	1.47
coffee	0.48	0.93
cold	0.48	1.16
liked	0.48	1.67
meh	0.48	1.36
round	0.48	1.69
colors	0.48	1.26
von	0.48	1.13
seen	0.48	2.05
readouts	0.48	1.46
thick	0.48	1.37
cheap	0.48	1.38
simplest	0.48	1.69
learned	0.49	1.79
hud	0.49	1.40
hair	0.49	1.15
brought	0.49	1.37
focused	0.49	1.59
permission	0.49	1.50
usable	0.50	1.18
submit	0.50	1.71
upvoted	0.50	1.45
alcubierre	0.50	1.31
meter	0.50	1.39
powerful	0.50	1.39
filter	0.50	1.34
becomes	0.50	1.45
basics	0.50	1.68
typo	0.50	2.04
pants	0.50	1.27
passing	0.50	1.29
execution	0.50	1.16
1200	0.51	1.36
bigger	0.51	1.68
incentive	0.51	1.45
reaching	0.51	1.34
decade	0.51	1.43
shown	0.51	1.43
meaningful	0.51	1.64
junk	0.51	1.33
packed	0.51	1.44
gene	0.51	0.95
f1	0.51	1.45
production	0.51	1.28
sees	0.51	1.92
print	0.51	1.37
classes	0.51	1.53
pace	0.51	1.38
example	0.51	2.06
everything	0.52	2.26
shorter	0.52	1.71
cheaty	0.52	1.43
friendly	0.52	1.47
smile	0.52	0.98
viable	0.52	1.59
minimum	0.52	1.28
navigation	0.52	1.29
color	0.52	1.36
airplane	0.52	1.36
attention	0.52	1.37
too	0.52	2.29
gifs	0.52	1.29
class	0.53	1.53
simulator	0.53	1.15
interaction	0.53	1.32
collisions	0.53	1.33
boom	0.53	1.26
provides	0.53	1.53
resolution	0.53	1.26
screaming	0.53	1.14
unfortunately	0.53	2.40
devs	0.53	1.73
craft	0.53	1.56
robotic	0.54	1.18
positive	0.54	1.25
please	0.54	1.89
spelling	0.54	1.90
collection	0.54	0.90
commenting	0.54	1.79
controllable	0.54	1.42
shaped	0.54	1.27
sci-fi	0.54	0.75
react	0.54	1.72
brings	0.54	1.37
activity	0.55	1.23
depends	0.55	2.39
famous	0.55	1.01
prettier	0.55	1.68
cabin	0.55	1.21
legitimate	0.55	1.70
she	0.55	1.67
party	0.55	1.21
punching	0.55	1.24
checks	0.55	1.32
whoever	0.56	1.69
provided	0.56	1.49
tonight	0.56	1.91
win	0.56	1.25
teacher	0.56	1.63
shuttle	0.56	1.21
particularly	0.56	1.69
consideration	0.56	1.46
students	0.56	1.56
feelings	0.56	1.39
better	0.56	2.22
banana	0.56	1.28
convenient	0.57	1.51
kind	0.57	1.75
hole	0.57	1.03
launchers	0.57	1.50
receive	0.57	1.48
mega	0.57	1.63
lithobraking	0.57	1.14
amounts	0.57	1.24
irl	0.57	1.49
googling	0.57	1.96
orion	0.57	1.20
flow	0.57	1.27
keys	0.57	1.32
wars	0.57	1.00
week	0.57	1.68
show	0.57	1.76
suggests	0.57	1.64
matches	0.57	1.58
gives	0.57	1.62
gift	0.57	1.29
belt	0.57	1.36
tuesday	0.57	1.67
definitely	0.58	2.52
calculus	0.58	1.50
wife	0.58	1.49
graph	0.58	1.34
method	0.58	1.67
efficient	0.59	1.48
ways	0.59	1.69
episode	0.59	1.06
youtubers	0.59	1.29
details	0.59	1.59
changing	0.59	2.31
squad	0.59	1.65
rig	0.59	1.21
information	0.59	1.48
practical	0.59	1.60
taste	0.59	1.35
simulations	0.59	1.33
involved	0.59	1.55
edit2	0.60	1.95
really	0.60	2.45
tomorrow	0.60	1.87
uploading	0.60	1.44
bet	0.60	2.43
answers	0.60	1.86
grey	0.60	1.29
alien	0.60	1.09
strange	0.60	1.59
alot	0.60	1.61
wind	0.61	1.35
regarding	0.61	1.09
expanding	0.61	1.19
clone	0.61	1.12
functioning	0.61	1.45
done	0.61	2.33
fastest	0.61	1.83
vastly	0.61	1.37
sometime	0.61	1.84
speak	0.61	1.59
beginner	0.61	1.30
heck	0.61	1.87
ssto	0.61	1.44
soft	0.62	1.26
sound	0.62	1.36
saturn	0.62	1.23
spaceplane	0.62	1.44
mini	0.62	1.14
bang	0.62	1.16
family	0.62	1.05
understood	0.62	1.87
real-life	0.62	1.25
john	0.62	1.08
handling	0.63	1.40
tall	0.63	1.35
combat	0.63	1.12
casual	0.63	1.45
jealous	0.63	1.34
memories	0.63	1.16
logo	0.63	1.21
em	0.63	1.89
approaching	0.63	1.43
bitch	0.63	1.08
us	0.63	1.50
valid	0.64	1.58
latter	0.64	1.74
day	0.64	1.70
consuming	0.64	1.38
dragon	0.64	1.23
gentle	0.64	1.40
german	0.65	1.52
remotely	0.65	2.05
current	0.65	1.73
jobs	0.65	1.12
solutions	0.65	1.39
sort	0.65	2.22
threw	0.65	1.06
explorer	0.65	1.10
interest	0.66	1.54
team	0.66	1.29
additions	0.66	1.27
wear	0.66	1.07
welp	0.66	1.78
contribute	0.66	1.64
restrictions	0.66	1.10
become	0.66	1.46
screenshot	0.66	1.45
video	0.66	1.16
ridiculously	0.66	1.64
fan	0.67	1.03
buzz	0.67	1.13
oblivion	0.67	1.14
stockalike	0.67	1.32
episodes	0.67	1.21
transition	0.67	1.31
entirely	0.67	1.76
scary	0.67	1.75
kick	0.67	1.12
dog	0.67	1.07
jumped	0.67	1.28
1-2	0.67	1.22
pm	0.68	1.66
flare	0.68	1.16
tad	0.68	1.73
safer	0.68	1.60
crowd	0.68	1.31
modified	0.68	1.38
drive	0.68	1.26
thumb	0.68	1.38
weekend	0.68	1.75
folks	0.68	1.73
900	0.68	1.22
desktop	0.68	1.16
following	0.68	1.24
microsoft	0.68	1.21
night	0.68	1.63
french	0.68	1.59
stupidly	0.68	1.54
tape	0.69	1.37
aesthetic	0.69	1.14
hull	0.69	1.18
completely	0.69	1.89
actual	0.69	1.51
requests	0.69	1.43
deliver	0.69	1.58
cm	0.69	1.21
intense	0.70	1.68
integrate	0.70	1.35
moments	0.70	1.11
historical	0.70	1.08
beer	0.70	1.50
pleased	0.70	1.38
noise	0.70	1.17
submission	0.70	1.44
dr	0.70	1.25
evening	0.70	1.74
hype	0.70	1.23
room	0.70	1.64
dense	0.70	1.28
listening	0.71	1.31
runs	0.71	1.52
determine	0.71	2.39
profit	0.71	1.33
guy	0.71	1.68
patience	0.71	1.38
shiny	0.71	0.98
insert	0.71	1.27
discussion	0.71	1.51
pointy	0.71	1.26
fancy	0.71	1.25
optimal	0.71	2.19
metal	0.71	1.11
bank	0.71	1.28
accent	0.71	1.38
shenanigans	0.71	1.43
sensible	0.72	1.34
epl	0.72	1.16
afternoon	0.72	1.64
tv	0.72	0.79
ftl	0.72	1.18
ideal	0.72	1.43
de	0.72	1.18
achievements	0.72	1.15
coincidence	0.72	1.24
providing	0.72	1.50
operation	0.72	1.19
danny	0.72	1.21
blown	0.72	1.28
proven	0.72	1.71
fourth	0.72	1.16
replicate	0.72	1.89
username	0.72	1.42
brain	0.73	1.27
morning	0.73	1.71
documentation	0.73	1.63
determined	0.73	1.99
wide	0.73	1.23
finds	0.73	1.54
screenshots	0.73	1.49
won	0.73	1.04
curve	0.73	1.32
trek	0.73	0.96
thumbnail	0.73	1.61
images	0.74	1.42
quote	0.74	1.09
dangerous	0.74	1.22
hero	0.74	0.97
modders	0.74	1.50
strip	0.74	1.05
solution	0.74	1.91
precise	0.75	1.39
orbits	0.75	1.46
orbiter	0.75	1.27
hoped	0.75	2.02
audience	0.75	0.91
joke	0.75	1.28
explains	0.75	1.70
delivery	0.75	1.46
youre	0.76	2.11
puts	0.76	1.31
suppose	0.76	2.09
picture	0.76	1.52
upcoming	0.76	1.29
rtgs	0.76	1.28
robots	0.76	1.19
ridiculous	0.76	1.76
figures	0.76	1.16
tutorial	0.76	1.24
elaborate	0.76	1.22
rla	0.76	1.27
listen	0.77	1.48
g	0.77	1.32
give	0.77	1.92
score	0.77	1.13
f2	0.77	1.35
realistic	0.77	1.36
photoshop	0.77	1.24
script	0.78	1.29
based	0.78	2.16
verify	0.78	1.43
marketing	0.78	1.29
immensely	0.78	1.52
given	0.78	1.65
efficiently	0.78	1.78
iirc	0.78	1.74
relevant	0.78	1.33
addition	0.78	1.52
choices	0.78	1.03
vote	0.78	1.25
gaming	0.79	1.55
image	0.79	1.37
scott	0.79	1.21
thin	0.79	1.44
letting	0.79	1.49
manley	0.79	1.21
ends	0.79	1.25
goals	0.80	1.26
her	0.80	1.29
drives	0.80	1.26
throughout	0.80	0.99
somewhat	0.80	1.46
constraints	0.80	1.07
rush	0.81	1.03
shall	0.81	1.16
easier	0.81	1.56
represent	0.81	1.38
estimate	0.81	1.53
task	0.81	1.21
formatting	0.81	1.60
liking	0.81	1.37
youtube	0.81	1.17
popular	0.82	1.20
achieving	0.82	1.07
taken	0.82	1.76
asap	0.82	1.76
frozen	0.82	1.15
finished	0.82	1.43
videos	0.82	1.18
blood	0.82	0.98
techniques	0.82	1.35
lovely	0.82	1.67
butt	0.82	1.00
confirmed	0.82	1.63
sets	0.83	1.20
plot	0.83	0.96
makes	0.83	1.76
circular	0.83	1.46
easiest	0.83	1.69
intuitive	0.83	1.57
vids	0.84	1.18
audio	0.84	1.03
nonsense	0.84	1.12
lem	0.84	1.09
work	0.84	2.30
paint	0.85	1.12
girl	0.85	1.20
methods	0.85	1.06
spot	0.85	1.67
practice	0.85	1.49
forgiving	0.85	1.48
highly	0.85	1.43
quite	0.85	1.88
csm	0.86	1.13
kid	0.86	1.21
stretch	0.86	1.21
reply	0.86	2.03
hi	0.86	1.10
obligatory	0.87	1.17
most	0.87	1.89
hm	0.87	1.68
taught	0.87	1.64
poster	0.87	1.50
adorable	0.87	1.64
lucky	0.87	1.31
graphic	0.87	1.05
z	0.87	1.18
galaxy	0.87	1.04
gt	0.88	1.45
music	0.88	0.92
narrow	0.88	1.41
reliable	0.88	1.27
credit	0.88	1.32
descriptions	0.88	1.31
smoothly	0.88	1.67
reminds	0.88	0.90
ass	0.88	1.05
effort	0.89	1.38
redirect	0.89	1.13
manly	0.89	1.14
kids	0.89	1.29
grade	0.89	1.36
coolest	0.89	1.83
loud	0.89	1.16
freedom	0.89	0.90
itself	0.89	1.70
pictures	0.89	1.56
tutorials	0.89	1.22
greatly	0.89	1.16
sheer	0.89	1.29
covers	0.89	1.33
scientific	0.90	1.10
lego	0.90	1.33
largely	0.90	1.45
logos	0.90	1.13
fans	0.90	1.13
help	0.90	2.00
minds	0.91	1.46
star	0.91	0.81
linking	0.91	1.40
photo	0.91	1.38
news	0.91	1.24
longest	0.91	1.65
vid	0.91	1.16
young	0.92	1.23
demand	0.92	1.35
dad	0.92	1.07
exercise	0.92	1.24
pair	0.92	1.33
strike	0.92	1.13
didnt	0.92	1.68
stable	0.93	1.27
succeed	0.94	1.38
im	0.94	1.72
progress	0.94	1.38
whackjob	0.94	1.15
similar	0.94	1.75
plays	0.94	1.56
experiences	0.95	0.93
standard	0.95	1.29
dream	0.95	0.99
earned	0.95	1.17
13	0.96	1.03
depending	0.96	2.01
beginners	0.96	1.29
laggy	0.96	1.11
ai	0.96	1.35
harder	0.96	1.45
scheme	0.97	1.23
blast	0.97	1.08
amazed	0.97	1.50
relatively	0.97	1.53
soyuz	0.97	1.04
enterprise	0.98	0.85
heads	0.98	1.11
helps	0.98	1.29
boat	0.98	1.22
serves	0.99	1.26
success	0.99	1.07
um	0.99	1.09
cuz	0.99	1.27
pics	0.99	1.48
account	0.99	1.17
fairly	0.99	1.48
voice	0.99	1.12
offers	0.99	0.98
digging	1.00	1.45
fits	1.00	1.10
operations	1.00	1.16
though	1.00	2.19
child	1.00	1.21
seems	1.00	1.66
dare	1.00	1.14
input	1.00	1.19
2001	1.01	0.81
sarcasm	1.01	1.27
roverdude	1.01	1.10
sense	1.02	2.00
tricky	1.02	1.13
1/3	1.03	1.20
k	1.03	1.23
background	1.03	1.13
acts	1.03	1.15
oops	1.03	1.80
upvotes	1.03	1.24
x	1.04	1.22
extremely	1.04	1.51
h	1.04	1.21
equally	1.04	1.40
amp	1.04	1.32
original	1.04	1.62
incredibly	1.04	1.55
kerbalnaut	1.04	0.94
er	1.04	1.27
smash	1.04	1.24
cruiser	1.04	0.91
hurts	1.05	1.28
guides	1.05	1.24
ions	1.05	1.17
nevermind	1.05	1.61
treat	1.05	1.05
unlikely	1.05	1.23
legit	1.06	1.38
tedious	1.06	1.10
maneuverable	1.06	1.20
11	1.07	1.01
behave	1.07	1.54
complicated	1.07	1.18
received	1.08	1.23
recreate	1.08	1.34
apologize	1.08	1.53
oddly	1.08	0.96
la	1.08	1.02
song	1.09	0.87
nearly	1.09	1.63
p.s	1.09	1.19
anyway	1.09	2.09
aw	1.09	1.66
mechanical	1.10	1.01
firespitter	1.10	1.23
seemed	1.10	1.28
tool	1.10	1.30
criticism	1.10	1.20
whats	1.10	1.15
n	1.10	1.20
c	1.11	1.23
explosive	1.11	1.09
works	1.11	1.87
christmas	1.11	1.41
references	1.11	1.02
corrected	1.11	1.58
watch	1.12	0.98
forgot	1.12	1.86
album	1.12	1.28
tracks	1.12	0.92
guide	1.13	1.23
lt	1.13	1.24
nature	1.13	1.15
deserves	1.13	1.09
fat	1.13	1.00
spirit	1.13	0.73
challenge	1.13	0.93
session	1.13	1.55
submitted	1.13	1.22
stuff	1.14	1.76
piece	1.14	1.25
traditional	1.14	1.14
explosions	1.14	0.83
hehe	1.14	0.91
showed	1.15	1.15
present	1.15	1.23
monday	1.15	1.64
annoying	1.15	1.14
amusing	1.15	1.22
apologies	1.15	1.79
judging	1.15	1.29
info	1.15	1.31
recommended	1.15	1.18
glider	1.16	1.19
laughing	1.16	0.90
importantly	1.16	0.84
advise	1.16	1.47
encourage	1.16	1.33
y	1.16	1.10
designs	1.17	1.29
developing	1.17	1.24
challenges	1.17	1.11
series	1.17	0.92
friday	1.18	1.63
explanation	1.18	1.45
history	1.18	0.97
especially	1.18	1.44
evenly	1.18	1.21
surprisingly	1.18	1.27
movies	1.18	0.65
intro	1.19	0.78
feasible	1.19	1.30
its	1.19	1.63
painful	1.19	1.08
helicopter	1.19	1.08
review	1.19	0.99
independent	1.20	1.04
apollo	1.20	0.88
accurate	1.20	1.46
mad	1.20	0.97
frustrating	1.21	1.08
r	1.21	1.24
watching	1.21	0.98
worthy	1.21	1.07
spaceship	1.21	0.91
sensitive	1.21	1.00
rocks	1.22	1.13
w	1.22	1.21
jokes	1.22	1.03
effective	1.22	1.11
patient	1.22	1.32
satisfaction	1.22	1.08
tough	1.22	0.89
joy	1.22	0.84
eclipse	1.23	1.17
renaissance	1.23	0.81
layout	1.24	1.19
hat	1.24	1.29
q	1.24	1.17
perfectly	1.24	1.59
shot	1.25	1.49
short	1.25	0.95
mr	1.25	1.06
duh	1.25	1.02
watched	1.26	0.91
fuck	1.26	1.72
t	1.26	1.19
super	1.26	1.35
easy	1.26	1.15
crazy	1.26	1.18
streaming	1.26	1.05
achieved	1.27	1.15
awkward	1.27	0.90
bastard	1.27	0.80
photos	1.28	1.16
functional	1.28	1.16
edition	1.28	0.97
mom	1.28	0.99
mine	1.28	1.25
cents	1.29	1.29
pic	1.29	1.29
prop	1.29	0.98
discovery	1.30	1.01
turbo	1.30	1.00
felt	1.30	1.38
heh	1.31	0.95
age	1.31	1.03
clarification	1.31	1.64
reference	1.31	0.74
characters	1.31	0.76
looked	1.31	1.65
deserve	1.31	1.00
replica	1.32	0.98
jumping	1.32	0.97
modifications	1.32	1.06
valuable	1.32	1.12
late	1.32	1.46
contest	1.32	1.01
bot	1.33	1.32
responsible	1.33	0.93
educational	1.33	1.10
sharp	1.34	1.09
club	1.34	0.97
sorry	1.34	1.61
j	1.34	1.11
imo	1.35	1.41
idea	1.35	1.81
moar	1.35	1.14
imho	1.36	1.03
personal	1.36	0.97
vtols	1.36	1.10
glory	1.36	0.82
nicer	1.36	1.32
whoops	1.36	1.61
choice	1.37	0.96
hope	1.37	1.78
depth	1.37	1.02
pls	1.37	1.17
own	1.38	1.17
kinda	1.38	1.40
gallery	1.38	1.17
ambitious	1.39	1.04
halo	1.39	0.75
e	1.40	1.12
yo	1.40	0.92
danny2462	1.40	0.87
thoroughly	1.40	1.01
fine	1.40	1.70
toy	1.41	0.66
b	1.41	1.11
electric	1.41	0.98
cute	1.42	1.47
fair	1.43	1.65
insanely	1.43	1.27
worked	1.43	1.66
monster	1.43	1.02
soooo	1.43	1.22
suggestions	1.43	1.36
wan	1.43	1.37
smooth	1.44	1.07
handy	1.44	1.00
nuts	1.44	1.17
enormous	1.44	0.79
beginning	1.44	1.00
setup	1.45	1.13
funny	1.45	1.04
children	1.45	0.87
replies	1.46	1.39
l	1.46	1.11
ftfy	1.46	0.98
purely	1.46	1.15
ps	1.48	1.07
f	1.48	1.11
difficult	1.48	0.98
swear	1.48	1.27
feels	1.49	1.19
very	1.50	1.31
ending	1.50	0.76
offer	1.51	1.06
dat	1.51	1.02
useful	1.51	0.94
simple	1.52	1.10
flair	1.52	0.96
important	1.53	0.97
robbaz	1.53	0.91
xkcd	1.53	0.93
soundtrack	1.54	0.82
sounded	1.54	1.41
helped	1.54	1.13
shared	1.55	0.97
enjoying	1.56	1.27
fun	1.56	1.26
greatest	1.57	0.96
accomplished	1.58	0.98
balls	1.59	0.76
wtf	1.59	1.27
favourite	1.59	0.75
wat	1.59	1.02
damnit	1.60	0.95
unique	1.60	0.93
ill	1.60	1.37
doge	1.61	0.95
steal	1.61	1.07
books	1.61	0.70
possibilities	1.62	0.90
agreed	1.62	1.15
u/dogetipbot	1.63	0.99
fyi	1.63	0.97
alternate	1.64	0.75
hard	1.65	1.11
hot	1.65	0.88
constructive	1.65	1.07
an	1.66	1.24
baby	1.66	0.94
master	1.67	0.83
imagination	1.67	0.83
laugh	1.68	0.84
ugly	1.68	0.81
response	1.68	1.18
son	1.68	0.90
journey	1.69	0.82
brother	1.69	0.87
beautifully	1.70	1.00
calm	1.70	0.93
dunno	1.71	0.84
adventure	1.71	0.70
dammit	1.72	1.05
suggestion	1.72	1.26
helping	1.73	0.97
regardless	1.74	1.00
pure	1.74	0.79
boy	1.74	1.10
produced	1.75	0.80
feeling	1.75	1.06
comic	1.75	0.71
deeper	1.75	0.81
albums	1.76	0.91
birthday	1.77	0.95
challenging	1.77	0.84
book	1.78	0.71
accomplish	1.78	1.11
detailed	1.81	1.02
looking	1.81	1.54
sigh	1.81	0.88
accomplishment	1.82	0.72
o_o	1.83	0.99
achievement	1.83	0.82
ideas	1.83	1.09
enjoyable	1.84	0.75
flies	1.84	0.98
hello	1.85	0.63
u	1.86	0.99
hear	1.86	0.85
rough	1.86	0.91
rewarding	1.87	0.69
damned	1.87	0.88
sooo	1.87	0.99
style	1.88	0.79
til	1.89	0.93
gold	1.89	0.88
look	1.90	1.42
yah	1.90	0.95
friend	1.90	0.96
entertaining	1.90	0.66
advice	1.92	1.03
amazingly	1.92	0.93
ahh	1.92	1.09
monstrosity	1.93	0.70
impressed	1.93	0.86
creation	1.93	0.72
exciting	1.93	0.64
hah	1.93	1.15
ta	1.94	1.17
10/10	1.94	0.68
shots	1.94	0.85
informative	1.96	0.85
film	1.96	0.61
creepy	1.96	0.69
buddy	1.97	0.75
hmm	1.97	1.21
beauty	1.97	0.69
incorporate	1.98	1.00
proud	1.99	0.70
feedback	1.99	0.91
charm	1.99	0.77
delivered	2.00	0.86
oooh	2.00	1.07
upvote	2.00	0.87
approve	2.01	0.93
movie	2.01	0.62
hail	2.02	0.77
creativity	2.02	0.73
yours	2.02	0.92
hmmm	2.02	0.87
creations	2.02	0.85
stealing	2.03	0.95
helpful	2.03	0.82
sounds	2.04	1.06
o	2.04	0.78
pretty	2.05	1.05
art	2.06	0.72
okay	2.06	1.19
ahhh	2.07	0.98
mother	2.07	0.69
cake	2.07	0.68
stories	2.08	0.72
perfect	2.08	0.96
tips	2.08	0.84
well	2.09	1.27
gotcha	2.09	1.05
fellow	2.09	0.64
hell	2.09	1.04
nailed	2.09	0.89
totally	2.09	1.03
favorite	2.10	0.51
uh	2.11	0.88
design	2.11	0.95
cooler	2.12	0.97
clever	2.13	0.69
beast	2.13	0.77
satisfying	2.14	0.55
yay	2.15	0.83
yep	2.16	1.09
yeah	2.16	1.03
share	2.16	0.84
dig	2.16	0.68
huh	2.17	0.96
sick	2.17	0.63
nah	2.18	0.83
bro	2.18	0.69
o.o	2.19	0.88
ok	2.19	1.06
compact	2.20	0.89
creative	2.20	0.56
whoa	2.21	0.68
da	2.23	0.64
yes	2.23	1.09
insane	2.23	0.60
welcome	2.23	0.64
ooh	2.25	0.85
lord	2.26	0.71
glad	2.27	0.79
luck	2.27	0.96
worries	2.29	0.83
tho	2.30	0.76
ah	2.31	0.93
anyways	2.35	0.83
kidding	2.35	0.90
citizen	2.36	0.45
ha	2.36	0.85
enjoy	2.37	0.48
such	2.39	0.67
elegant	2.40	0.65
dang	2.40	0.65
interesting	2.40	0.70
shame	2.41	0.55
alright	2.41	0.80
loving	2.42	0.44
xd	2.45	0.70
tip	2.45	0.72
wish	2.45	0.85
ya	2.47	0.71
dear	2.47	0.62
recreation	2.49	0.46
p	2.49	0.84
cheers	2.49	0.68
appreciated	2.50	0.53
laughed	2.50	0.44
eh	2.51	0.71
sleek	2.52	0.64
aww	2.52	0.59
thx	2.52	0.72
yup	2.52	0.69
nonetheless	2.53	0.60
glorious	2.54	0.39
yea	2.55	0.74
good	2.55	0.65
indeed	2.55	0.72
enjoyed	2.56	0.39
congratulations	2.57	0.43
appreciate	2.57	0.50
inspiration	2.58	0.53
oh	2.58	0.66
omg	2.58	0.57
hilarious	2.59	0.42
darn	2.60	0.55
haha	2.63	0.65
inspired	2.64	0.44
lol	2.64	0.62
bloody	2.67	0.47
truly	2.68	0.40
freaking	2.68	0.37
jesus	2.69	0.45
wallpaper	2.69	0.46
thanks	2.70	0.57
guys	2.70	0.52
christ	2.70	0.44
bravo	2.71	0.36
sir	2.74	0.43
goddamn	2.74	0.38
story	2.75	0.31
shit	2.75	0.46
god	2.75	0.44
terrifying	2.76	0.31
nicely	2.77	0.41
neat	2.78	0.48
mate	2.78	0.50
hey	2.79	0.49
epic	2.79	0.25
thats	2.79	0.49
congrats	2.79	0.35
crap	2.80	0.43
fucking	2.82	0.40
thank	2.82	0.46
seriously	2.84	0.38
woah	2.86	0.41
hahaha	2.87	0.33
genius	2.87	0.27
sexy	2.88	0.36
sweet	2.89	0.40
badass	2.89	0.28
cool	2.89	0.40
btw	2.89	0.38
holy	2.89	0.34
incredible	2.89	0.24
damn	2.90	0.35
excellent	2.90	0.25
looks	2.91	0.38
man	2.91	0.34
absolutely	2.91	0.30
wow	2.92	0.36
dude	2.93	0.32
sharing	2.94	0.25
props	2.95	0.27
wonderful	2.96	0.23
great	2.96	0.27
job	2.97	0.31
kudos	3.00	0.20
impressive	3.00	0.25
brilliant	3.01	0.23
gorgeous	3.02	0.19
beautiful	3.05	0.22
