hating	-3.87	0.64
sucks	-3.64	1.14
ruining	-3.43	1.06
exact	-3.42	1.07
ruined	-3.33	1.12
retarded	-3.18	1.24
understood	-3.11	1.48
anti	-3.06	1.39
stopped	-3.05	1.30
destroyed	-3.01	1.13
ugh	-2.93	1.39
caused	-2.90	1.26
risk	-2.88	1.42
dying	-2.86	1.31
defeners	-2.73	2.04
liking	-2.72	1.95
always	-2.68	2.01
defen	-2.68	1.86
complain	-2.57	1.78
dumb	-2.56	1.54
existed	-2.56	1.75
human	-2.55	1.35
people	-2.51	2.07
act	-2.50	1.69
bad	-2.49	2.66
blame	-2.49	1.60
nope	-2.47	1.33
stand	-2.46	1.99
nearly	-2.41	1.67
defened	-2.41	1.66
says	-2.39	2.26
stupid	-2.39	2.09
negative	-2.38	1.47
mentioned	-2.37	1.69
cancer	-2.34	1.47
pearl	-2.32	1.78
stood	-2.32	1.69
wants	-2.29	2.43
suck	-2.27	1.59
needs	-2.25	2.12
inside	-2.25	1.56
criticize	-2.24	1.60
christmas	-2.23	1.36
claims	-2.22	2.18
complains	-2.21	2.16
besides	-2.18	1.31
pissed	-2.16	1.80
better	-2.15	2.28
mentions	-2.14	1.64
jam	-2.13	1.75
became	-2.13	1.96
same	-2.12	2.84
saying	-2.12	2.93
despite	-2.12	1.56
sucked	-2.09	1.41
normal	-2.09	1.47
smarter	-2.09	1.58
associate	-2.08	1.86
exists	-2.07	1.57
killed	-2.07	1.67
remind	-2.06	1.96
means	-2.06	2.57
trve	-2.05	1.53
worse	-2.04	2.50
something	-2.03	2.92
hipsters	-2.03	1.95
assumed	-2.03	1.51
makes	-2.02	2.18
how	-2.01	2.28
calls	-2.01	2.27
re	-1.98	2.98
considered	-1.97	1.87
what	-1.97	2.99
nothing	-1.97	2.88
doing	-1.96	3.02
fault	-1.95	1.93
complaining	-1.94	1.39
blacks	-1.93	2.01
judge	-1.92	2.08
happened	-1.92	2.73
against	-1.91	1.91
robin	-1.91	1.58
general	-1.91	1.84
where	-1.91	2.92
basically	-1.90	1.97
now	-1.90	3.09
they	-1.89	2.36
fans	-1.89	1.90
black	-1.89	2.06
robot	-1.89	1.44
defending	-1.88	1.32
racist	-1.88	1.70
believes	-1.88	2.38
sells	-1.87	1.87
182	-1.85	1.86
respected	-1.84	1.75
arguing	-1.84	2.68
ridiculous	-1.84	1.89
feeling	-1.83	1.90
them	-1.83	2.21
talking	-1.82	2.83
why	-1.82	2.37
seem	-1.82	2.09
depression	-1.81	1.80
which	-1.80	3.16
thinking	-1.80	2.93
right	-1.79	3.20
gays	-1.78	2.04
everything	-1.78	2.27
about	-1.76	2.72
piss	-1.76	1.97
allowed	-1.76	2.06
belongs	-1.76	1.79
does	-1.75	2.11
surprised	-1.75	1.88
fact	-1.74	2.50
niggers	-1.74	2.11
point	-1.73	3.08
side	-1.72	1.77
because	-1.69	2.62
annoying	-1.69	1.88
mean	-1.69	2.62
just	-1.69	2.68
superior	-1.69	1.67
lazy	-1.68	1.74
with	-1.68	3.04
potential	-1.68	1.57
false	-1.68	2.10
aggressive	-1.66	1.54
unless	-1.66	2.93
true	-1.66	3.08
so	-1.66	2.66
closed	-1.66	1.60
then	-1.65	2.55
supposed	-1.65	2.37
today	-1.65	2.11
disgusting	-1.65	1.81
going	-1.64	2.65
fags	-1.64	2.04
making	-1.64	2.00
inherently	-1.64	1.90
done	-1.62	2.90
technology	-1.62	1.55
crap	-1.61	1.91
killing	-1.61	1.24
can	-1.61	2.29
sure	-1.61	2.96
exactly	-1.61	3.08
if	-1.61	2.63
wanted	-1.61	1.96
d	-1.61	2.43
did	-1.61	2.44
trying	-1.61	2.28
willing	-1.60	1.94
funny	-1.60	2.29
treated	-1.60	1.93
full	-1.59	2.39
could	-1.59	2.33
will	-1.59	2.17
should	-1.59	2.35
defening	-1.59	2.34
ca	-1.59	2.35
being	-1.59	2.01
horribly	-1.59	1.75
problem	-1.58	3.15
want	-1.58	2.35
bieber	-1.58	1.98
lewronggeneration	-1.57	2.49
solely	-1.57	1.68
particular	-1.57	2.12
widely	-1.57	1.96
explains	-1.57	1.59
intentionally	-1.57	2.45
we	-1.56	2.51
him	-1.56	2.27
refer	-1.55	1.95
able	-1.55	2.26
dae	-1.55	2.18
fair	-1.55	2.45
harsh	-1.55	1.70
related	-1.55	1.87
maybe	-1.55	2.67
defend	-1.54	1.90
almost	-1.54	1.97
even	-1.54	2.52
might	-1.54	2.50
would	-1.53	2.38
natural	-1.53	1.67
former	-1.52	2.34
pretentious	-1.52	1.27
reason	-1.52	2.59
know	-1.52	2.56
anymore	-1.52	2.33
ll	-1.52	2.28
idiots	-1.51	1.46
depressed	-1.51	2.05
laugh	-1.51	2.11
themselves	-1.51	1.91
hatred	-1.51	1.82
enough	-1.51	2.27
either	-1.51	2.65
claiming	-1.50	2.76
gon	-1.50	2.33
pathetic	-1.50	2.17
obnoxious	-1.49	1.33
whiny	-1.49	1.02
sister	-1.49	2.18
calling	-1.49	1.52
obviously	-1.49	2.56
say	-1.49	2.60
sense	-1.48	2.35
letting	-1.46	1.76
need	-1.46	2.31
things	-1.46	2.43
telling	-1.46	1.51
also	-1.45	2.64
funnier	-1.45	1.71
think	-1.44	2.69
else	-1.44	2.48
course	-1.44	2.82
bashing	-1.44	1.12
talks	-1.43	2.11
its	-1.43	2.63
idea	-1.43	2.60
missing	-1.42	2.71
elitist	-1.42	1.18
defenders	-1.42	1.72
anything	-1.42	2.55
base	-1.42	1.87
try	-1.42	2.20
much	-1.42	2.47
wo	-1.42	2.20
way	-1.41	2.74
generation	-1.41	2.95
online	-1.41	1.93
browse	-1.40	2.02
really	-1.40	2.54
happen	-1.40	2.51
pretending	-1.40	1.87
he	-1.40	2.35
goddamn	-1.40	1.85
let	-1.39	2.26
again	-1.39	2.18
showing	-1.39	1.21
as	-1.39	2.46
spoiled	-1.39	1.37
while	-1.38	1.70
though	-1.38	2.59
objectively	-1.38	2.04
feel	-1.37	2.15
modern	-1.37	1.73
said	-1.37	1.99
literally	-1.37	3.04
here	-1.37	3.12
realize	-1.36	2.43
getting	-1.36	2.38
look	-1.36	2.23
buzzfeed	-1.36	2.00
wondering	-1.36	2.40
harder	-1.35	1.79
site	-1.35	2.01
whatever	-1.35	2.64
notice	-1.35	1.82
case	-1.35	2.61
wish	-1.34	2.02
exist	-1.34	2.01
explain	-1.34	2.19
sentiment	-1.34	1.88
shame	-1.34	1.97
subjective	-1.34	2.67
cringey	-1.34	1.79
immature	-1.34	1.37
actually	-1.34	2.59
matter	-1.34	2.34
be	-1.34	2.54
caring	-1.34	1.73
celebrities	-1.33	1.53
aware	-1.33	2.69
doesnt	-1.33	1.75
ama	-1.33	1.89
honestly	-1.33	2.55
teenagers	-1.32	1.41
opposite	-1.32	1.97
hipster	-1.31	1.17
mock	-1.31	1.40
different	-1.31	2.84
get	-1.31	2.43
tries	-1.30	1.90
m	-1.30	2.46
too	-1.30	2.45
looked	-1.30	2.14
clue	-1.30	2.51
arrogant	-1.29	1.30
jerk	-1.29	1.36
everyone	-1.28	2.53
bother	-1.28	1.79
myself	-1.28	2.09
entitled	-1.28	1.26
from	-1.27	3.25
kids	-1.27	1.91
deny	-1.27	2.41
someone	-1.27	2.30
anyone	-1.26	2.40
decide	-1.26	2.17
assholes	-1.26	1.35
still	-1.26	2.70
metalheads	-1.26	1.39
michael	-1.26	1.79
dislikes	-1.26	3.14
happening	-1.25	3.02
when	-1.25	2.05
wanting	-1.25	1.82
hoping	-1.25	1.85
depressing	-1.24	2.19
little	-1.24	2.15
rights	-1.24	1.54
bet	-1.23	2.25
expect	-1.23	2.16
cringe	-1.23	1.94
asshole	-1.23	1.23
anyway	-1.23	2.45
dont	-1.23	2.26
na	-1.23	2.30
forget	-1.22	1.92
stop	-1.22	1.87
cares	-1.22	2.47
situation	-1.22	1.90
these	-1.21	1.93
well	-1.21	2.66
who	-1.21	2.44
lonely	-1.21	2.11
busy	-1.21	1.56
meant	-1.21	2.08
thought	-1.21	2.06
bash	-1.21	1.43
compare	-1.21	1.91
believe	-1.21	2.68
talk	-1.21	2.26
pretend	-1.20	2.30
nobody	-1.20	2.57
crappy	-1.20	1.80
care	-1.20	2.48
start	-1.20	1.76
figure	-1.19	2.07
probably	-1.19	2.85
convince	-1.18	1.95
understand	-1.18	2.58
gets	-1.18	1.41
bullshit	-1.18	1.51
stated	-1.18	1.41
fan	-1.18	1.83
seen	-1.18	2.79
sidebar	-1.18	2.58
yet	-1.17	2.59
idiot	-1.17	1.89
imagine	-1.17	2.23
issues	-1.17	1.48
anywhere	-1.17	1.97
shitting	-1.17	1.32
claim	-1.17	1.54
definitely	-1.16	2.80
affect	-1.16	1.77
than	-1.16	2.02
convinced	-1.16	2.81
major	-1.15	2.85
help	-1.15	2.00
angry	-1.15	1.81
kind	-1.15	2.12
recognize	-1.15	2.13
have	-1.15	2.57
explained	-1.15	2.10
ads	-1.14	1.90
youre	-1.14	2.06
tough	-1.14	2.23
at	-1.14	2.58
lives	-1.13	1.49
make	-1.13	2.23
actively	-1.13	1.56
looking	-1.13	2.34
smug	-1.13	1.04
knows	-1.13	3.29
kill	-1.12	1.88
sexist	-1.12	1.27
die	-1.12	1.54
jews	-1.12	1.49
absolute	-1.12	2.25
sometimes	-1.12	1.62
hope	-1.11	1.98
lowest	-1.11	2.65
bitter	-1.11	1.92
respect	-1.11	2.05
or	-1.10	3.00
latter	-1.10	2.49
alright	-1.10	2.35
go	-1.10	2.29
see	-1.10	2.56
ignorant	-1.09	1.50
instead	-1.09	1.60
come	-1.08	2.36
sluts	-1.08	1.40
laws	-1.08	1.68
gives	-1.07	1.79
destroy	-1.07	1.19
asking	-1.07	1.68
questions	-1.07	1.75
offended	-1.07	1.58
by	-1.06	2.06
becoming	-1.06	1.71
tears	-1.06	1.55
stopping	-1.06	1.82
boring	-1.06	1.96
yourself	-1.06	2.10
there	-1.05	3.30
out	-1.05	2.11
beiber	-1.05	1.35
thinks	-1.04	3.46
me	-1.04	2.14
prick	-1.04	1.30
give	-1.04	1.90
metalhead	-1.04	1.27
argue	-1.04	2.34
likes	-1.03	3.46
nowadays	-1.03	1.44
whole	-1.03	3.00
bit	-1.02	1.78
any	-1.02	2.52
paying	-1.02	2.09
believing	-1.02	1.69
already	-1.02	2.13
used	-1.01	1.79
thing	-1.01	3.00
totally	-1.01	3.04
barely	-1.01	1.68
stops	-1.00	1.28
smartphones	-1.00	1.32
others	-1.00	1.88
cunt	-1.00	1.38
type	-1.00	2.09
leave	-1.00	1.88
heads	-1.00	1.41
starts	-1.00	1.28
tell	-0.99	2.45
call	-0.99	2.03
whats	-0.99	2.93
combination	-0.99	1.48
lot	-0.99	2.44
aids	-0.99	1.18
defener	-0.99	1.79
wont	-0.98	1.91
called	-0.98	1.63
impression	-0.98	1.91
has	-0.97	2.51
criticizing	-0.97	1.74
badly	-0.97	1.30
older	-0.97	2.02
mocking	-0.97	1.44
quit	-0.97	1.34
were	-0.96	2.19
having	-0.96	2.15
accept	-0.96	1.57
americans	-0.96	1.48
bothered	-0.96	2.33
whenever	-0.96	1.43
automatically	-0.96	1.42
our	-0.96	1.58
sees	-0.96	1.88
identify	-0.96	1.73
necessarily	-0.95	2.18
seriously	-0.95	2.61
slavery	-0.95	1.50
started	-0.95	1.58
only	-0.95	2.81
pisses	-0.95	1.90
claimed	-0.95	1.55
bunch	-0.95	1.55
apparently	-0.94	1.71
prove	-0.94	1.74
cause	-0.94	1.81
swagfags	-0.94	1.48
advanced	-0.94	1.59
managed	-0.94	1.69
mentioning	-0.94	1.35
stereotype	-0.93	1.23
anybody	-0.93	2.29
wan	-0.93	2.19
often	-0.93	1.49
anytime	-0.93	1.38
pointed	-0.93	1.48
ashamed	-0.93	1.34
explaining	-0.92	1.90
lie	-0.92	2.00
teenager	-0.92	1.49
1d	-0.92	1.56
circle	-0.92	1.46
everybody	-0.92	3.37
therefore	-0.92	2.05
murdering	-0.92	1.28
tried	-0.92	1.85
huge	-0.91	2.11
concerned	-0.91	1.64
feminists	-0.91	1.69
anger	-0.91	1.29
slowly	-0.91	1.32
disease	-0.91	1.18
all	-0.90	2.82
society	-0.90	1.82
dick	-0.90	1.40
minded	-0.90	1.11
no	-0.90	2.36
contact	-0.89	1.42
admit	-0.89	2.67
awkward	-0.89	2.06
more	-0.89	2.04
listens	-0.89	3.38
guy	-0.89	2.29
realise	-0.89	1.55
guys	-0.88	2.45
lived	-0.88	1.79
homophobic	-0.88	1.31
opportunity	-0.88	1.68
replied	-0.88	1.39
guess	-0.88	2.88
youth	-0.88	1.53
deal	-0.88	2.41
raped	-0.87	1.55
racists	-0.87	1.73
irl	-0.87	2.11
impossible	-0.87	1.85
back	-0.87	2.16
theres	-0.87	1.63
condescending	-0.87	1.27
dating	-0.87	1.69
experienced	-0.86	1.76
cooler	-0.86	1.52
kinds	-0.86	2.10
taste	-0.86	1.87
constantly	-0.86	1.57
never	-0.86	2.36
keep	-0.86	1.89
remembers	-0.86	1.71
remember	-0.86	1.88
clearly	-0.86	2.33
finding	-0.86	1.93
acknowledge	-0.86	2.26
find	-0.85	2.20
laughing	-0.85	1.78
existing	-0.85	1.39
rules	-0.85	1.46
without	-0.85	1.36
subject	-0.84	1.45
wait	-0.84	2.63
outside	-0.84	1.69
must	-0.84	2.17
bring	-0.84	1.95
ask	-0.84	2.20
less	-0.84	1.93
ta	-0.83	1.86
question	-0.83	2.35
nigger	-0.83	1.59
prepare	-0.83	2.02
beaten	-0.83	1.50
faster	-0.83	1.82
swag	-0.82	1.32
typical	-0.82	1.34
jewish	-0.82	1.62
assuming	-0.82	2.66
himself	-0.82	1.69
industry	-0.82	1.45
us	-0.82	1.90
earth	-0.82	1.43
problems	-0.81	1.98
ruins	-0.81	2.21
take	-0.81	2.15
ended	-0.81	1.58
talentless	-0.81	1.31
folks	-0.81	1.55
asked	-0.81	2.00
generations	-0.81	1.98
real	-0.80	2.31
died	-0.80	1.49
fanbase	-0.80	1.37
genuinely	-0.80	2.09
stereotypes	-0.80	1.35
direction	-0.80	1.67
hard	-0.80	2.19
change	-0.80	2.07
freedom	-0.80	1.47
nazis	-0.80	1.50
ignorance	-0.79	1.42
up	-0.79	2.03
tastes	-0.79	1.81
somehow	-0.79	1.72
partying	-0.79	1.92
person	-0.79	2.62
made	-0.79	2.27
hitler	-0.79	1.78
off	-0.79	1.67
hell	-0.78	2.79
edgy	-0.78	1.14
parody	-0.78	1.49
taking	-0.78	2.17
rare	-0.78	1.81
many	-0.78	2.30
holocaust	-0.78	1.62
cheesy	-0.77	1.92
fake	-0.77	1.26
discussing	-0.77	1.75
younger	-0.77	1.63
difference	-0.77	2.18
retard	-0.77	1.16
violent	-0.77	1.29
frequently	-0.76	1.52
slut	-0.76	1.44
finish	-0.76	1.94
misogyny	-0.76	1.73
towards	-0.76	1.32
angsty	-0.76	1.23
least	-0.76	2.98
civil	-0.76	1.57
kid	-0.75	2.20
president	-0.75	1.33
fun	-0.75	2.29
mainly	-0.75	1.39
wikipedia	-0.75	1.45
insulting	-0.74	1.46
douche	-0.74	1.41
attitude	-0.74	1.55
invented	-0.74	1.56
counter	-0.74	1.43
loud	-0.74	0.97
opposed	-0.74	1.36
hang	-0.74	1.83
generally	-0.74	1.35
privilege	-0.73	1.45
humans	-0.73	1.23
ve	-0.73	2.44
worried	-0.73	1.66
massive	-0.73	1.66
giving	-0.73	1.83
present	-0.73	1.60
whining	-0.72	1.77
unfunny	-0.72	1.97
fag	-0.72	1.51
close	-0.72	1.78
define	-0.72	1.65
sex	-0.72	1.77
equality	-0.72	1.60
an	-0.72	1.55
sucking	-0.72	1.33
place	-0.72	2.81
social	-0.71	1.54
throw	-0.71	1.78
author	-0.71	1.91
applies	-0.71	1.57
ones	-0.71	2.25
curious	-0.71	1.50
doubt	-0.71	1.67
users	-0.71	1.49
disappointing	-0.71	1.96
millions	-0.71	1.89
starting	-0.71	1.38
circlejerk	-0.71	1.63
insult	-0.71	1.47
self	-0.71	1.46
double	-0.71	1.48
count	-0.70	1.79
had	-0.70	2.14
manner	-0.70	1.66
discuss	-0.70	1.92
subreddit	-0.70	1.95
media	-0.70	1.50
share	-0.70	1.65
stuff	-0.70	2.51
mind	-0.70	2.04
preference	-0.70	1.69
before	-0.69	2.51
tend	-0.69	1.64
twerking	-0.69	1.39
seems	-0.69	2.07
expected	-0.69	1.82
forgetting	-0.69	1.92
refuse	-0.69	1.76
century	-0.69	1.59
unironically	-0.69	1.68
serious	-0.69	2.27
stupidity	-0.69	1.40
cared	-0.69	1.58
describe	-0.68	1.73
specifically	-0.68	1.66
those	-0.68	2.20
chains	-0.68	1.21
boomers	-0.68	1.58
pull	-0.68	1.78
ready	-0.68	1.60
grand	-0.68	2.79
slightly	-0.68	1.78
aspect	-0.68	1.65
deserve	-0.68	1.53
justin	-0.68	1.61
disliking	-0.67	2.54
impressed	-0.67	1.44
threat	-0.67	1.29
issue	-0.67	2.27
cock	-0.67	1.38
fuck	-0.67	2.57
easier	-0.67	1.96
easy	-0.67	2.03
after	-0.67	1.96
movement	-0.67	1.93
dicks	-0.66	1.38
hardly	-0.66	1.54
nor	-0.66	1.59
fucks	-0.66	1.48
fight	-0.66	1.60
faggot	-0.66	1.49
pointless	-0.66	1.43
pick	-0.66	2.24
brought	-0.66	1.15
purpose	-0.66	1.97
bout	-0.65	2.74
since	-0.65	2.26
knowing	-0.65	1.88
however	-0.65	1.97
seriousness	-0.65	1.45
grunge	-0.65	1.50
influenced	-0.65	1.40
shock	-0.65	1.59
through	-0.65	2.02
hurts	-0.64	1.31
higher	-0.64	2.06
code	-0.64	1.42
theyre	-0.64	1.68
texting	-0.64	1.71
certainly	-0.64	2.04
economy	-0.64	1.66
fail	-0.64	1.72
break	-0.64	1.84
blinded	-0.64	1.95
word	-0.64	1.72
joke	-0.63	2.12
gotten	-0.63	2.25
acting	-0.63	1.42
previous	-0.63	2.21
commercial	-0.63	1.46
whatsoever	-0.63	1.54
sort	-0.63	1.90
form	-0.63	1.49
uses	-0.63	1.78
reads	-0.63	1.95
meanwhile	-0.63	1.25
focused	-0.62	1.54
worth	-0.62	2.10
put	-0.62	2.06
honest	-0.62	2.23
work	-0.62	2.53
complicated	-0.62	1.33
top	-0.62	3.48
listed	-0.62	1.70
whether	-0.61	2.32
simply	-0.61	2.09
mindset	-0.61	2.18
forgotten	-0.61	1.39
jumping	-0.61	1.78
broad	-0.61	1.80
cheaper	-0.61	2.06
population	-0.61	1.56
crime	-0.61	1.66
positive	-0.61	1.02
sub	-0.60	1.98
miss	-0.60	1.93
stuck	-0.60	1.26
bullying	-0.60	1.50
noticed	-0.60	1.75
thousands	-0.60	1.75
health	-0.60	1.36
articles	-0.60	1.36
humanity	-0.60	1.54
sheeple	-0.60	1.56
war	-0.60	1.68
open	-0.60	1.45
knew	-0.60	3.10
around	-0.60	2.24
days	-0.60	2.01
blog	-0.60	1.26
satire	-0.59	2.25
otherwise	-0.59	1.82
dedicated	-0.59	1.50
certain	-0.59	1.98
remotely	-0.59	1.87
public	-0.59	1.22
hurt	-0.59	1.59
mental	-0.59	1.28
women	-0.59	1.61
followed	-0.59	1.32
given	-0.59	1.46
near	-0.59	1.67
justify	-0.59	2.00
attempt	-0.59	1.34
bias	-0.59	1.56
nostalgia	-0.59	1.51
inspired	-0.59	1.47
tired	-0.59	1.29
guarantee	-0.59	1.61
yes	-0.58	2.59
allow	-0.58	1.72
imply	-0.58	1.78
representation	-0.58	1.46
violence	-0.58	1.72
smoking	-0.58	1.80
drinking	-0.58	1.80
soon	-0.58	1.90
isnt	-0.58	1.75
slang	-0.58	1.46
cell	-0.58	1.33
cars	-0.58	1.85
hear	-0.58	2.52
links	-0.58	1.67
progress	-0.58	1.52
effect	-0.57	2.04
feminist	-0.57	1.68
included	-0.57	1.60
brb	-0.57	1.53
chances	-0.57	1.79
bigger	-0.57	2.02
shocked	-0.57	1.43
hold	-0.57	1.71
met	-0.57	1.67
cultural	-0.56	1.44
tattoos	-0.56	1.91
pay	-0.56	2.00
truly	-0.56	1.36
debate	-0.56	1.76
gamers	-0.56	1.70
appreciate	-0.56	2.29
recent	-0.56	3.15
yolo	-0.56	1.49
eventually	-0.56	1.48
associated	-0.56	1.19
becomes	-0.56	1.52
race	-0.55	1.50
clear	-0.55	1.74
daily	-0.55	1.56
connection	-0.55	1.74
1980	-0.55	1.68
faggots	-0.55	1.66
ban	-0.55	1.55
phrase	-0.55	1.38
pantera	-0.55	1.58
metal	-0.55	1.59
communist	-0.55	1.39
choice	-0.55	1.53
historical	-0.55	1.74
decline	-0.55	1.62
pointing	-0.55	1.96
building	-0.55	1.42
takes	-0.55	1.73
prime	-0.54	1.70
listen	-0.54	2.14
changing	-0.54	1.33
bitch	-0.54	1.46
lost	-0.54	1.56
places	-0.54	1.96
dangerous	-0.54	1.42
scum	-0.54	1.40
intellectual	-0.54	1.08
advantage	-0.54	1.71
strangers	-0.54	1.74
sarcasm	-0.54	1.66
fought	-0.54	1.59
whoever	-0.54	2.05
heck	-0.53	1.44
system	-0.53	1.66
passed	-0.53	1.11
putting	-0.53	1.81
alcohol	-0.53	1.72
authority	-0.53	1.52
end	-0.53	1.88
drunk	-0.53	1.44
event	-0.53	1.43
fighting	-0.53	1.58
feminism	-0.53	1.57
goes	-0.53	1.73
worthy	-0.53	1.89
matters	-0.53	1.85
solo	-0.53	2.79
local	-0.53	1.64
sit	-0.53	2.01
normally	-0.52	1.76
odd	-0.52	2.08
vs	-0.52	1.37
forever	-0.52	1.23
gross	-0.52	1.37
changed	-0.52	1.84
disappointed	-0.52	1.26
forced	-0.52	1.66
sorts	-0.52	1.48
meet	-0.52	1.97
identity	-0.52	1.80
punch	-0.52	1.61
consoles	-0.52	1.76
described	-0.52	1.37
weed	-0.52	1.79
island	-0.52	1.17
developed	-0.52	1.46
pain	-0.51	1.36
confused	-0.51	1.60
listening	-0.51	2.34
reached	-0.51	2.16
been	-0.51	2.35
memory	-0.51	1.38
factor	-0.51	1.58
marriage	-0.51	1.47
inferior	-0.51	2.77
ruin	-0.51	1.28
disagree	-0.51	2.41
forgive	-0.51	1.69
space	-0.51	1.27
forum	-0.51	1.43
tells	-0.51	2.00
experiences	-0.51	1.73
sjw	-0.51	1.52
longer	-0.51	1.90
park	-0.50	1.52
yours	-0.50	1.64
begin	-0.50	1.60
til	-0.50	1.60
fights	-0.50	1.61
yay	-0.50	1.37
vietnam	-0.50	1.48
plenty	-0.50	2.30
coming	-0.50	2.18
fat	-0.50	1.35
douchebag	-0.50	1.18
big	-0.50	2.12
evolved	-0.50	1.78
paid	-0.50	1.57
success	-0.50	1.54
stick	-0.49	1.58
trade	-0.49	1.53
mention	-0.49	1.80
pizza	-0.49	1.59
shits	-0.49	1.45
phones	-0.49	1.46
types	-0.49	1.97
she	-0.49	2.25
position	-0.49	1.72
driving	-0.48	1.90
cant	-0.48	2.06
mu	-0.48	1.68
trip	-0.48	1.55
ol	-0.48	1.72
drugs	-0.48	1.91
ideas	-0.48	1.67
opinions	-0.48	1.92
likely	-0.48	1.82
nevermind	-0.48	1.33
sexual	-0.48	1.56
grew	-0.47	1.84
drug	-0.47	1.68
alien	-0.47	1.11
stayed	-0.47	1.81
turn	-0.47	1.80
stealing	-0.47	1.54
personally	-0.47	2.06
equal	-0.47	1.59
hoes	-0.47	1.82
acts	-0.47	1.76
childhood	-0.47	1.92
group	-0.47	2.31
nineties	-0.46	1.81
enjoying	-0.46	1.74
large	-0.46	1.62
repost	-0.46	1.33
white	-0.46	1.75
choose	-0.46	1.93
sexy	-0.46	1.36
set	-0.46	1.42
kills	-0.46	1.50
evidence	-0.46	1.96
obama	-0.46	1.43
genuine	-0.46	1.27
throwing	-0.46	1.43
facts	-0.46	1.69
fully	-0.45	1.89
99	-0.45	1.48
pitbull	-0.45	1.61
lower	-0.45	1.76
fool	-0.45	1.30
influence	-0.45	1.75
98	-0.45	1.93
uncomfortable	-0.45	1.56
drag	-0.45	1.57
bitching	-0.45	1.66
discussion	-0.45	1.66
live	-0.45	2.12
beaver	-0.44	1.87
pop-punk	-0.44	1.66
downvoted	-0.44	1.37
behind	-0.44	1.12
practically	-0.44	1.61
politics	-0.44	1.71
nerd	-0.44	1.27
plain	-0.44	1.64
working	-0.44	1.97
cracked	-0.44	1.43
gay	-0.44	1.72
murdered	-0.44	1.29
trees	-0.44	1.48
significantly	-0.44	2.08
gender	-0.44	1.56
lame	-0.44	1.55
actions	-0.43	1.60
dated	-0.43	1.21
other	-0.43	2.58
due	-0.43	1.11
21st	-0.43	1.67
subs	-0.43	1.70
among	-0.43	1.72
opinion	-0.43	1.94
70s	-0.43	2.05
teens	-0.43	1.62
walked	-0.43	1.52
blast	-0.43	1.15
attention	-0.43	1.81
nerds	-0.43	1.15
redditor	-0.43	1.51
nirvana	-0.43	1.41
dumbass	-0.43	1.64
pride	-0.43	1.42
thoughts	-0.42	1.49
rarely	-0.42	1.57
downhill	-0.42	1.70
standing	-0.42	1.70
threw	-0.42	1.26
musical	-0.42	1.83
rape	-0.42	1.55
read	-0.42	1.75
constant	-0.42	1.51
cult	-0.42	1.40
suddenly	-0.42	1.34
ways	-0.42	2.16
r/lewronggeneration	-0.42	1.69
2010s	-0.42	1.95
00s	-0.42	1.93
life	-0.42	2.51
selfies	-0.42	1.76
truth	-0.42	1.69
annoyed	-0.42	1.25
spend	-0.42	2.01
test	-0.41	1.63
racism	-0.41	1.58
handle	-0.41	1.51
bruce	-0.41	1.21
marketing	-0.41	1.59
culture	-0.41	1.88
split	-0.41	1.61
9/11	-0.41	1.32
caught	-0.41	1.24
lets	-0.41	1.77
punishment	-0.41	1.47
implying	-0.41	1.89
events	-0.41	1.49
emo	-0.40	1.67
stay	-0.40	1.80
sources	-0.40	1.75
relationship	-0.40	1.69
humor	-0.40	1.55
teenage	-0.40	1.51
genres	-0.40	2.22
classic	-0.40	1.71
explanation	-0.40	1.52
laid	-0.40	1.68
talked	-0.40	1.88
raised	-0.40	1.87
neither	-0.40	1.91
fix	-0.40	1.75
miley	-0.40	1.46
early	-0.40	1.91
anthony	-0.40	1.17
heard	-0.40	2.42
save	-0.40	1.50
appears	-0.40	1.49
recall	-0.40	1.58
everyday	-0.40	1.43
smaller	-0.40	2.01
current	-0.39	2.13
rant	-0.39	1.53
broken	-0.39	1.50
guessing	-0.39	1.81
posts	-0.39	1.68
r/forwardsfromgrandma	-0.39	1.54
includes	-0.39	1.68
toys	-0.39	1.60
main	-0.39	2.17
raw	-0.39	1.27
bitches	-0.39	1.76
cyrus	-0.38	1.49
gone	-0.38	2.07
coincidence	-0.38	1.81
mid	-0.38	1.91
dare	-0.38	1.72
mentality	-0.38	1.75
bc	-0.38	1.66
1910	-0.38	1.79
ass	-0.38	1.61
smoke	-0.38	1.81
demographic	-0.38	1.82
pregnant	-0.38	1.67
source	-0.38	1.59
tool	-0.37	1.48
equally	-0.37	1.58
price	-0.37	1.77
ate	-0.37	1.34
abuse	-0.37	1.60
sites	-0.37	1.50
result	-0.37	1.49
between	-0.37	2.05
rates	-0.37	1.80
entertainment	-0.37	1.67
2000s	-0.37	1.94
addicted	-0.37	1.62
energy	-0.37	1.40
upvoted	-0.37	1.67
evolution	-0.37	1.25
alone	-0.37	1.86
racial	-0.37	1.73
annoys	-0.37	1.37
seeing	-0.37	1.67
regularly	-0.37	1.41
am	-0.37	2.16
1984	-0.37	1.71
business	-0.36	1.90
internet	-0.36	1.52
beer	-0.36	1.60
states	-0.36	1.52
drop	-0.36	1.68
sounding	-0.36	1.73
80s	-0.36	1.97
reminded	-0.36	1.48
please	-0.36	1.80
20s	-0.36	1.89
control	-0.36	1.59
minor	-0.36	1.44
lying	-0.36	1.96
petty	-0.36	1.37
documentary	-0.36	1.49
alice	-0.36	1.22
ghetto	-0.36	1.54
glorious	-0.36	1.83
appear	-0.36	1.42
implied	-0.36	1.71
pinnacle	-0.36	1.28
target	-0.36	1.48
dictionary	-0.36	1.60
sabbath	-0.36	1.51
saved	-0.35	1.39
interested	-0.35	1.77
legitimate	-0.35	1.86
lmao	-0.35	1.36
thug	-0.35	1.55
whore	-0.35	1.48
ground	-0.35	1.67
emotion	-0.35	1.23
audience	-0.35	1.75
wwii	-0.35	1.56
falling	-0.35	1.64
discovered	-0.35	1.58
judging	-0.35	1.59
forcing	-0.35	1.62
remove	-0.35	1.49
pregnancy	-0.35	1.98
pm	-0.35	1.20
complete	-0.35	1.55
60s	-0.35	2.07
obsession	-0.34	1.49
become	-0.34	1.85
worry	-0.34	2.06
studying	-0.34	1.90
bottle	-0.34	1.35
long	-0.34	2.61
thrash	-0.34	1.52
private	-0.34	1.34
tbh	-0.34	2.21
changes	-0.34	1.62
victim	-0.34	1.58
tons	-0.34	2.17
down	-0.34	1.91
computers	-0.34	1.53
quite	-0.34	2.15
avoid	-0.34	1.75
raise	-0.34	1.74
kinda	-0.34	2.02
lifestyle	-0.34	1.67
topic	-0.34	1.53
specific	-0.34	1.90
music	-0.34	2.27
buying	-0.33	1.89
blue	-0.33	1.19
began	-0.33	1.53
iphones	-0.33	1.52
utter	-0.33	1.61
return	-0.33	1.32
gayber	-0.33	1.77
born	-0.33	1.91
ton	-0.33	1.98
motherfucker	-0.33	1.57
lol	-0.33	1.70
suburban	-0.33	1.71
effects	-0.33	1.36
sigh	-0.33	1.63
80	-0.33	1.98
hundreds	-0.32	1.88
court	-0.32	1.37
pun	-0.32	1.56
twitter	-0.32	1.38
free	-0.32	1.50
travel	-0.32	1.86
improved	-0.32	1.54
dadrock	-0.32	1.54
standards	-0.32	1.56
area	-0.32	1.87
korn	-0.32	1.33
murder	-0.32	1.67
implies	-0.32	1.75
attitudes	-0.32	1.72
reasons	-0.32	2.23
nazi	-0.32	1.43
ahh	-0.32	1.41
phase	-0.32	1.59
fear	-0.32	1.42
george	-0.32	1.36
grown	-0.32	1.53
fairly	-0.32	1.85
00	-0.31	1.83
master	-0.31	1.43
consider	-0.31	2.15
young	-0.31	1.66
unfortunately	-0.31	1.48
pleasure	-0.31	1.36
built	-0.31	1.60
intended	-0.31	1.72
randomly	-0.31	1.52
gaga	-0.31	1.50
shallow	-0.31	1.50
larger	-0.31	1.95
threads	-0.31	1.78
90	-0.31	1.99
during	-0.31	1.93
apply	-0.31	1.88
value	-0.31	1.72
titles	-0.31	1.40
helping	-0.31	1.69
ayy	-0.31	1.37
mature	-0.31	1.62
reach	-0.31	1.82
peak	-0.31	1.68
flag	-0.31	1.52
board	-0.31	1.49
memories	-0.31	1.46
turning	-0.31	1.74
spanked	-0.30	1.60
adults	-0.30	1.51
government	-0.30	1.53
supposedly	-0.30	2.94
keeps	-0.30	1.25
scary	-0.30	2.05
stronger	-0.30	1.98
montana	-0.30	1.39
90s	-0.30	1.92
irony	-0.30	1.91
description	-0.30	1.75
world	-0.30	2.52
looks	-0.30	1.70
several	-0.30	2.20
trust	-0.30	1.43
helped	-0.30	1.62
staying	-0.30	1.50
sampling	-0.30	1.77
realistic	-0.30	1.96
meta	-0.30	1.95
kept	-0.30	1.75
lots	-0.30	2.00
thrown	-0.29	1.39
beating	-0.29	1.57
forces	-0.29	1.50
owned	-0.29	1.69
forms	-0.29	1.75
secretly	-0.29	1.58
cash	-0.29	1.50
dislike	-0.29	2.82
ad	-0.29	1.40
removed	-0.29	1.72
australia	-0.29	1.78
jobs	-0.29	1.47
very	-0.29	2.10
relate	-0.29	1.87
babies	-0.29	1.56
poster	-0.29	1.28
1996	-0.29	1.61
news	-0.29	1.44
away	-0.29	2.05
1990	-0.28	1.80
experience	-0.28	1.60
article	-0.28	1.54
cut	-0.28	1.34
door	-0.28	1.52
growing	-0.28	1.68
deserves	-0.28	1.85
god	-0.28	2.85
physical	-0.28	1.44
crack	-0.28	1.35
catch	-0.28	1.74
fell	-0.28	1.49
created	-0.28	1.83
instance	-0.28	1.44
club	-0.28	1.67
got	-0.28	2.27
argument	-0.28	2.07
environment	-0.28	1.46
signed	-0.28	1.42
respond	-0.27	2.07
daddy	-0.27	1.41
waiting	-0.27	1.93
cocaine	-0.27	1.57
birth	-0.27	1.47
slap	-0.27	1.61
capable	-0.27	1.63
grow	-0.27	2.34
slayer	-0.27	1.54
similar	-0.27	1.47
helps	-0.27	1.57
extent	-0.27	1.77
hearing	-0.27	1.92
vaporwave	-0.27	1.61
sports	-0.27	1.84
metallica	-0.27	1.59
rebecca	-0.27	1.45
grab	-0.27	1.55
division	-0.27	1.32
told	-0.27	3.07
gaming	-0.27	1.61
behavior	-0.27	1.58
regret	-0.27	1.37
dogs	-0.26	1.14
souls	-0.26	1.30
katy	-0.26	1.49
sorry	-0.26	2.60
middle	-0.26	1.88
genocide	-0.26	1.78
leaving	-0.26	1.45
figured	-0.26	1.77
dead	-0.26	1.54
european	-0.26	1.62
storm	-0.26	1.46
plays	-0.26	1.94
meaningless	-0.26	1.71
fucking	-0.26	2.59
onion	-0.26	1.53
naturally	-0.25	1.54
nine	-0.25	1.34
draw	-0.25	1.69
held	-0.25	1.40
stores	-0.25	1.92
garbage	-0.25	1.53
until	-0.25	2.07
ultimate	-0.25	1.50
topics	-0.25	1.71
13	-0.25	1.93
ego	-0.25	1.69
definition	-0.25	1.79
playing	-0.25	1.85
adult	-0.25	1.34
react	-0.25	1.42
filled	-0.24	1.34
70	-0.24	1.99
europe	-0.24	1.99
home	-0.24	1.82
sounds	-0.24	2.02
camp	-0.24	1.51
beatles	-0.24	1.95
past	-0.24	2.64
accounts	-0.24	1.57
srs	-0.24	1.55
critics	-0.24	2.47
mark	-0.24	1.38
reverse	-0.24	1.53
sitting	-0.24	1.86
beyond	-0.24	1.65
press	-0.24	1.79
moral	-0.24	2.02
education	-0.24	1.73
multiple	-0.24	2.08
genre	-0.24	2.54
comparison	-0.24	1.52
bands	-0.24	2.23
offensive	-0.24	1.47
search	-0.24	1.38
choices	-0.24	2.06
reading	-0.24	2.05
parent	-0.23	1.49
none	-0.23	2.07
lennon	-0.23	1.46
jb	-0.23	1.56
stations	-0.23	1.92
defined	-0.23	1.69
speaks	-0.23	1.66
posting	-0.23	1.75
good	-0.23	2.55
lately	-0.23	1.95
losing	-0.23	1.61
access	-0.23	1.69
damage	-0.23	1.56
perspective	-0.23	1.82
y'all	-0.23	1.88
kvlt	-0.23	1.39
machine	-0.23	1.37
combined	-0.23	1.64
although	-0.23	2.44
research	-0.23	1.81
france	-0.23	1.74
moved	-0.23	1.67
load	-0.23	1.59
window	-0.23	1.44
4th	-0.23	3.15
further	-0.22	2.02
r/im14andthisisdeep	-0.22	1.32
smart	-0.22	1.18
website	-0.22	1.50
intelligence	-0.22	1.63
disco	-0.22	1.61
liberal	-0.22	1.47
require	-0.22	1.70
superiority	-0.22	1.43
u2	-0.22	1.23
accurate	-0.22	1.82
minaj	-0.22	1.53
country	-0.22	2.07
subreddits	-0.22	1.81
meaning	-0.22	1.77
scene	-0.22	1.91
ke	-0.22	1.45
continue	-0.22	1.73
chart	-0.22	1.69
shot	-0.22	1.78
sexism	-0.22	1.56
straight	-0.21	1.81
suicide	-0.21	1.62
easily	-0.21	3.50
thats	-0.21	2.58
order	-0.21	1.55
legal	-0.21	1.67
scream	-0.21	1.61
perry	-0.21	1.46
speech	-0.21	1.54
shadow	-0.21	1.47
asses	-0.21	1.78
commenting	-0.21	2.02
minority	-0.21	1.72
missed	-0.21	1.61
shitty	-0.21	2.42
cheese	-0.21	1.29
neutral	-0.21	1.52
19	-0.21	1.90
entry	-0.21	1.48
comes	-0.21	1.65
keeping	-0.21	1.69
moron	-0.21	1.67
50s	-0.21	1.92
penis	-0.20	1.34
separate	-0.20	1.94
art	-0.20	1.90
include	-0.20	1.61
format	-0.20	1.32
sometime	-0.20	1.73
areas	-0.20	1.78
direct	-0.20	1.36
elvis	-0.20	1.43
worked	-0.20	1.59
user	-0.20	1.57
mods	-0.20	1.74
ive	-0.20	1.87
primarily	-0.20	1.56
r/lwg	-0.20	2.01
latest	-0.20	3.06
age	-0.20	1.85
spending	-0.20	2.02
unlike	-0.20	1.54
safety	-0.19	1.45
upon	-0.19	1.52
bush	-0.19	1.45
20th	-0.19	2.04
paris	-0.19	1.43
batman	-0.19	1.23
united	-0.19	1.71
chief	-0.19	1.51
id	-0.19	1.78
floyd	-0.19	1.57
ugly	-0.19	1.29
2000	-0.19	1.91
poe	-0.19	1.41
town	-0.19	2.05
slipknot	-0.19	1.37
swagfag	-0.19	1.56
entire	-0.19	2.23
radiohead	-0.19	1.31
david	-0.19	1.47
old	-0.19	1.98
belong	-0.19	1.73
1994	-0.19	1.82
under	-0.19	1.86
jim	-0.19	1.48
beauty	-0.19	1.26
nose	-0.19	1.59
kurt	-0.19	1.53
relatively	-0.19	1.83
groups	-0.19	1.97
two	-0.19	2.70
january	-0.18	1.87
mode	-0.18	1.22
friendly	-0.18	1.34
their	-0.18	2.00
feelings	-0.18	1.48
living	-0.18	1.78
expression	-0.18	1.26
quotes	-0.18	1.72
keef	-0.18	1.52
boy	-0.18	1.60
each	-0.18	1.97
move	-0.18	1.67
freaking	-0.18	1.24
piece	-0.18	1.70
burning	-0.18	1.46
view	-0.18	1.81
pink	-0.18	1.56
imagining	-0.18	1.85
wide	-0.17	1.83
lady	-0.17	1.49
numerous	-0.17	2.25
cross	-0.17	1.32
option	-0.17	1.83
herself	-0.17	1.77
once	-0.17	2.17
billion	-0.17	1.93
effort	-0.17	1.71
head	-0.17	1.74
jail	-0.17	1.88
ironically	-0.16	1.42
banned	-0.16	1.37
planet	-0.16	2.06
million	-0.16	2.03
money	-0.16	1.75
particularly	-0.16	1.93
scientists	-0.16	1.59
page	-0.16	1.55
jazz	-0.16	2.26
deafheaven	-0.16	1.51
walking	-0.16	1.60
impact	-0.16	1.86
statement	-0.16	2.10
hanging	-0.16	1.65
shut	-0.16	1.82
children	-0.16	1.66
homosexual	-0.16	1.65
bringing	-0.16	1.89
priest	-0.16	1.50
zero	-0.16	1.48
moves	-0.16	1.40
nonsense	-0.16	1.59
drama	-0.16	1.41
community	-0.15	1.84
bucks	-0.15	2.06
sides	-0.15	1.31
butthurt	-0.15	1.32
hyped	-0.15	1.71
pushing	-0.15	1.50
clash	-0.15	1.49
overly	-0.15	1.61
usually	-0.15	1.84
power	-0.15	1.39
recorded	-0.15	3.10
period	-0.15	2.16
america	-0.15	1.79
embarrassing	-0.15	1.50
shooting	-0.15	1.39
practice	-0.15	1.90
illuminati	-0.15	1.44
send	-0.15	1.54
coke	-0.14	1.24
earlier	-0.14	2.65
metalcore	-0.14	1.71
running	-0.14	1.88
pile	-0.14	1.59
booty	-0.14	1.60
mainstream	-0.14	2.16
usa	-0.14	1.77
bed	-0.14	1.43
relevant	-0.14	1.58
girl	-0.14	1.98
plebs	-0.14	1.49
soldiers	-0.14	1.58
logo	-0.14	1.53
outta	-0.14	1.55
useless	-0.14	1.25
ends	-0.14	1.42
smartphone	-0.14	1.70
rule	-0.14	1.81
struggle	-0.14	1.81
heart	-0.14	1.62
chick	-0.13	1.50
blink	-0.13	2.90
vibe	-0.13	1.92
dollars	-0.13	1.98
focus	-0.13	1.76
some	-0.13	2.46
drake	-0.13	1.50
remembered	-0.13	1.35
station	-0.13	1.78
front	-0.13	1.79
era	-0.13	1.92
force	-0.13	1.60
dies	-0.13	1.43
17	-0.13	1.94
deeper	-0.13	1.77
objective	-0.13	2.23
16	-0.13	1.88
23	-0.13	1.81
screenshot	-0.13	1.76
tl	-0.13	1.46
over	-0.13	2.24
gun	-0.12	1.55
philosophy	-0.12	1.81
newer	-0.12	2.04
concerts	-0.12	1.63
section	-0.12	1.53
buckley	-0.12	1.72
context	-0.12	1.74
usual	-0.12	1.51
went	-0.12	1.93
physically	-0.12	1.46
lwg	-0.12	1.97
indeed	-0.12	1.84
child	-0.12	1.71
bored	-0.12	1.40
core	-0.12	1.64
fall	-0.12	1.66
exception	-0.12	1.80
hardcore	-0.12	1.80
companies	-0.12	1.66
b-but	-0.12	1.78
use	-0.12	1.78
studies	-0.12	1.90
existence	-0.12	2.33
follow	-0.12	1.57
views	-0.11	1.78
ppl	-0.11	1.64
walks	-0.11	1.34
girls	-0.11	1.55
friends	-0.11	2.20
tapes	-0.11	1.39
chain	-0.11	1.41
students	-0.11	1.83
levels	-0.11	1.75
r/killthosewhodisagree	-0.11	1.64
term	-0.11	1.71
office	-0.11	1.64
tumblr	-0.11	1.54
gameboy	-0.11	1.52
sharing	-0.11	1.69
nicki	-0.11	1.53
interview	-0.11	1.57
screen	-0.11	1.34
play	-0.11	1.99
food	-0.11	1.43
afford	-0.11	1.80
100	-0.11	2.18
multiplayer	-0.11	1.58
majority	-0.11	1.81
pol	-0.11	1.49
immediately	-0.11	2.85
fill	-0.10	1.78
yeah	-0.10	2.91
etc	-0.10	1.50
recognized	-0.10	2.45
vote	-0.10	1.90
turns	-0.10	1.56
device	-0.10	1.65
total	-0.10	1.56
14	-0.10	1.84
influences	-0.10	1.75
commentary	-0.10	1.67
sold	-0.10	2.12
drawing	-0.10	1.61
angel	-0.10	1.57
iq	-0.10	1.81
linked	-0.10	1.50
rose	-0.10	1.53
turned	-0.10	1.46
stones	-0.10	1.61
information	-0.10	1.57
relationships	-0.10	1.73
ramones	-0.10	1.50
police	-0.10	1.69
trash	-0.10	1.49
feels	-0.10	1.64
praise	-0.10	1.59
another	-0.09	2.85
british	-0.09	1.58
guns	-0.09	1.58
december	-0.09	1.81
cobain	-0.09	1.47
eyes	-0.09	1.27
hes	-0.09	1.86
study	-0.09	1.69
idol	-0.09	1.60
reviews	-0.09	1.54
fast	-0.09	1.52
conspiracy	-0.09	1.50
ran	-0.09	1.57
convenient	-0.09	1.75
day	-0.09	2.17
thread	-0.09	1.87
join	-0.09	1.78
trouble	-0.09	1.77
cuz	-0.09	1.53
1999	-0.09	1.87
bomb	-0.09	1.46
veil	-0.09	1.64
words	-0.09	1.73
strokes	-0.09	1.41
according	-0.09	1.47
okay	-0.09	2.60
deleted	-0.09	1.62
masses	-0.08	1.47
teen	-0.08	1.69
faith	-0.08	1.75
phone	-0.08	1.48
wonder	-0.08	3.11
peter	-0.08	1.61
beach	-0.08	1.67
essentially	-0.08	1.70
league	-0.08	1.47
time	-0.08	3.08
walk	-0.08	1.72
glory	-0.08	1.48
homophobia	-0.08	1.52
pretty	-0.08	2.41
beethoven	-0.08	2.23
exclusive	-0.08	2.00
queens	-0.08	1.54
iron	-0.08	1.57
decision	-0.08	1.74
tupac	-0.08	1.74
bill	-0.08	1.62
numbers	-0.08	1.61
stories	-0.08	1.59
c	-0.08	1.67
rappers	-0.08	2.36
dr	-0.08	1.41
tonight	-0.07	1.52
18	-0.07	1.95
next	-0.07	2.28
fame	-0.07	1.53
40	-0.07	2.45
teachers	-0.07	1.77
land	-0.07	1.59
jackson	-0.07	1.28
computer	-0.07	1.58
color	-0.07	1.47
miserable	-0.07	1.78
boys	-0.07	1.49
kick	-0.07	1.40
tiny	-0.07	1.45
raps	-0.07	1.91
based	-0.07	1.78
peoples	-0.07	1.62
punk	-0.07	1.83
rise	-0.07	1.54
retro	-0.07	1.67
fox	-0.07	1.68
originally	-0.07	1.66
england	-0.07	1.72
spanking	-0.07	1.75
olds	-0.07	1.81
date	-0.07	1.62
shape	-0.06	1.53
itself	-0.06	1.82
entertaining	-0.06	1.29
somewhere	-0.06	1.79
foot	-0.06	1.57
pin	-0.06	1.67
london	-0.06	1.55
illegal	-0.06	1.62
chris	-0.06	1.69
im	-0.06	1.84
frame	-0.06	1.75
male	-0.06	1.52
steve	-0.06	1.26
university	-0.06	1.77
parents	-0.06	1.94
classical	-0.06	2.43
trends	-0.06	1.75
quickly	-0.06	1.72
females	-0.06	1.65
hit	-0.06	1.93
pictures	-0.06	1.81
comparing	-0.06	1.31
pressure	-0.06	1.66
bowie	-0.06	1.54
edge	-0.06	1.48
discover	-0.05	1.55
learned	-0.05	2.19
basketball	-0.05	1.59
competition	-0.05	1.91
bloody	-0.05	1.61
three	-0.05	2.57
albert	-0.05	1.60
sell	-0.05	1.85
sat	-0.05	1.88
link	-0.05	1.74
rank	-0.05	2.35
gang	-0.05	1.41
ago	-0.05	2.34
match	-0.05	1.98
propaganda	-0.05	1.59
build	-0.05	1.64
delete	-0.05	1.57
typing	-0.05	1.94
mechanics	-0.05	1.67
alt	-0.05	1.70
roll	-0.04	1.61
hmm	-0.04	1.54
responsible	-0.04	1.60
filthy	-0.04	1.38
kicked	-0.04	1.49
chuck	-0.04	1.34
mj	-0.04	1.27
doors	-0.04	1.59
22	-0.04	1.97
rap	-0.04	1.99
breaking	-0.04	1.38
louis	-0.04	1.51
satirical	-0.04	1.73
guilty	-0.04	1.49
picked	-0.04	1.45
pussy	-0.04	1.70
edm	-0.04	1.94
nature	-0.04	1.55
came	-0.04	1.91
ignore	-0.04	2.02
american	-0.03	1.64
expecting	-0.03	1.62
indie	-0.03	1.78
knowledge	-0.03	1.52
pc	-0.03	1.61
woman	-0.03	1.71
later	-0.03	2.48
name	-0.03	2.85
eminem	-0.03	1.62
shall	-0.03	2.02
leaves	-0.03	1.36
del	-0.03	1.61
biggie	-0.03	1.60
iirc	-0.03	1.62
feet	-0.03	1.66
inch	-0.03	1.35
plastic	-0.03	1.50
balls	-0.03	1.44
asian	-0.03	1.67
300	-0.03	1.78
elements	-0.03	1.73
spent	-0.03	2.35
arguments	-0.03	2.03
smell	-0.03	1.44
amount	-0.03	1.79
puts	-0.03	1.54
stripes	-0.02	1.40
enter	-0.02	1.42
review	-0.02	1.24
bob	-0.02	1.30
rate	-0.02	1.80
suggest	-0.02	1.96
pieces	-0.02	1.41
animal	-0.02	1.46
surely	-0.02	1.73
variety	-0.02	1.79
leader	-0.02	1.70
bland	-0.02	1.59
apple	-0.02	1.47
designed	-0.02	1.56
teaching	-0.02	1.65
battery	-0.02	1.56
post	-0.02	1.70
dunno	-0.02	1.78
political	-0.02	1.64
jon	-0.01	1.39
few	-0.01	2.56
controversial	-0.01	2.28
60	-0.01	2.22
fantano	-0.01	1.31
yep	-0.01	1.62
company	-0.01	1.70
xbox	-0.01	1.69
answers	-0.01	1.92
porn	-0.01	1.41
church	-0.01	1.65
mentally	-0.01	1.51
important	-0.01	2.92
block	-0.01	1.56
gayne	-0.01	1.79
artists	-0.01	2.71
criticism	-0.01	2.27
push	-0.01	1.61
cold	-0.00	1.56
birds	-0.00	1.44
artistic	-0.00	1.43
western	-0.00	1.74
sam	-0.00	1.23
ipad	-0.00	1.58
produce	0.00	1.70
arent	0.00	1.52
1997	0.00	1.83
11	0.00	1.84
25	0.00	2.10
console	0.00	1.65
childish	0.00	1.37
r/music	0.00	1.71
festival	0.00	1.87
cable	0.00	1.51
screaming	0.00	1.42
casual	0.00	1.49
cases	0.00	1.69
radio	0.00	2.04
accidentally	0.01	1.32
ac/dc	0.01	1.57
and/or	0.01	1.65
hand	0.01	1.70
heavy	0.01	1.52
trained	0.01	1.93
messages	0.01	1.45
meat	0.01	1.38
browsing	0.01	1.44
examples	0.01	2.12
shady	0.01	1.55
empire	0.01	1.44
2008	0.01	1.96
funk	0.01	1.52
intense	0.01	1.43
posted	0.01	1.70
einstein	0.01	1.65
teach	0.01	1.85
loop	0.01	1.43
freddy	0.01	1.78
counts	0.01	2.11
twist	0.01	1.64
comments	0.01	1.70
justice	0.02	1.46
beyonce	0.02	1.60
covered	0.02	1.29
hours	0.02	2.27
15	0.02	2.11
20	0.02	2.19
industrial	0.02	1.68
fps	0.02	1.72
dancing	0.02	1.71
trend	0.02	1.92
williams	0.02	1.08
roman	0.02	1.59
nation	0.02	1.76
downvote	0.02	1.75
spread	0.02	1.60
express	0.02	1.50
stereotypical	0.02	1.42
twilight	0.02	1.52
cod	0.02	1.55
gave	0.02	2.60
intelligent	0.02	1.39
cure	0.02	1.40
gf	0.02	1.67
germany	0.02	1.77
cry	0.02	1.37
gen	0.02	1.88
peace	0.02	1.33
r/thathappened	0.03	1.69
blind	0.03	1.36
elementary	0.03	1.82
pitchfork	0.03	1.38
background	0.03	1.57
click	0.03	1.48
table	0.03	1.51
job	0.03	1.92
extremely	0.03	1.89
12	0.03	1.96
greater	0.03	1.48
gangsta	0.03	1.59
virgin	0.03	1.52
body	0.03	1.41
religion	0.03	1.49
windows	0.03	1.57
dvd	0.03	1.49
saving	0.04	1.55
painting	0.04	1.92
interest	0.04	1.73
below	0.04	1.47
native	0.04	1.73
number	0.04	1.98
flip	0.04	1.53
selfie	0.04	1.71
qt	0.04	1.59
manly	0.04	1.32
sign	0.04	1.61
ipod	0.04	1.56
taylor	0.04	1.45
schools	0.04	1.72
write	0.04	2.08
tree	0.04	1.57
into	0.04	1.82
shop	0.04	1.73
ring	0.04	1.64
cherry	0.04	1.88
bohemian	0.04	1.69
coffee	0.04	1.64
2009	0.04	1.95
snow	0.04	1.70
expert	0.04	1.71
twenty	0.05	2.28
heavily	0.05	1.91
wasnt	0.05	1.54
career	0.05	1.62
games	0.05	1.65
poor	0.05	1.52
backwards	0.05	1.80
ten	0.05	2.26
clubs	0.05	1.56
hot	0.05	1.29
boss	0.05	1.55
typically	0.05	1.60
times	0.05	2.45
equivalent	0.05	1.51
currently	0.05	1.76
dreams	0.05	1.63
gta	0.05	1.61
30	0.05	2.21
blues	0.05	1.47
skin	0.05	1.44
blood	0.05	1.59
closest	0.05	3.74
difficult	0.05	1.91
duck	0.05	1.69
alternative	0.05	1.84
x	0.05	1.60
six	0.05	2.37
obvious	0.05	1.84
lack	0.05	1.65
confirm	0.06	1.36
hole	0.06	1.61
box	0.06	1.36
directly	0.06	1.59
plane	0.06	1.59
hotel	0.06	1.63
prior	0.06	2.14
actual	0.06	1.60
nes	0.06	1.63
south	0.06	1.57
milk	0.06	1.49
1998	0.06	1.89
small	0.06	1.59
2001	0.06	1.82
neat	0.06	1.77
psychedelic	0.06	1.64
youtube	0.06	1.57
law	0.06	1.57
across	0.07	1.48
loser	0.07	1.47
hundred	0.07	2.15
bag	0.07	1.55
led	0.07	1.56
iphone	0.07	1.56
addition	0.07	1.67
wii	0.07	1.61
buy	0.07	2.00
maiden	0.07	1.63
brothers	0.07	1.51
pages	0.07	1.43
joy	0.07	1.07
hall	0.07	1.72
2pac	0.07	1.77
nintendo	0.07	1.61
four	0.07	2.52
central	0.07	1.46
perhaps	0.07	1.68
redditors	0.07	1.68
high	0.08	1.82
unnecessary	0.08	1.59
kiss	0.08	1.37
breaks	0.08	1.48
amirite	0.08	1.83
reality	0.08	1.65
shoot	0.08	1.63
warfare	0.08	1.70
cost	0.08	1.81
ha	0.08	1.42
gas	0.08	1.67
green	0.08	1.40
accessible	0.08	1.87
n64	0.08	1.59
happens	0.08	2.40
offer	0.08	2.13
challenge	0.08	1.47
statements	0.08	1.88
drawn	0.08	1.55
photos	0.08	1.77
fucker	0.08	1.44
rough	0.08	1.54
gamer	0.08	1.50
wars	0.08	1.55
snes	0.08	1.61
vhs	0.08	1.36
design	0.08	1.56
check	0.08	2.09
stole	0.08	1.51
late	0.08	1.83
swift	0.08	1.44
google	0.08	1.46
fashion	0.08	1.59
hip-hop	0.09	2.24
critic	0.09	2.29
brick	0.09	1.80
rid	0.09	1.69
queen	0.09	1.83
hero	0.09	1.72
sorta	0.09	1.51
couple	0.09	2.56
500	0.09	1.99
grandpa	0.09	1.14
decided	0.09	1.84
cop	0.09	1.81
uncle	0.09	1.24
poorly	0.09	1.62
journey	0.09	1.30
mood	0.09	1.84
japan	0.09	1.72
sonic	0.10	1.53
cds	0.10	1.56
size	0.10	1.71
touch	0.10	1.64
progressive	0.10	1.83
tom	0.10	1.22
lil	0.10	1.65
davis	0.10	1.66
library	0.10	1.57
reddit	0.10	1.61
videos	0.10	1.49
light	0.10	1.19
including	0.10	1.38
classics	0.10	1.63
product	0.10	1.71
required	0.10	1.65
nuclear	0.10	1.64
brutal	0.10	1.54
foreign	0.10	1.72
giant	0.10	1.76
sang	0.10	1.79
status	0.10	1.60
needed	0.10	1.54
rhapsody	0.10	1.71
depending	0.10	1.72
list	0.10	2.89
graduated	0.10	2.07
within	0.10	2.23
app	0.11	1.57
ms	0.11	1.67
east	0.11	1.67
24	0.11	2.15
screamo	0.11	1.54
pop	0.11	2.13
freddie	0.11	1.56
sexuality	0.11	1.42
reply	0.11	1.89
2010	0.11	2.08
dirt	0.11	1.40
dan	0.11	1.19
foo	0.11	1.41
japanese	0.11	1.46
nickelback	0.11	1.64
waste	0.11	1.91
repeat	0.11	1.81
lana	0.11	1.38
via	0.11	1.42
essential	0.11	1.51
brand	0.11	1.32
hoe	0.12	1.54
men	0.12	1.65
critical	0.12	1.49
l	0.12	1.61
christian	0.12	1.53
naked	0.12	1.44
paper	0.12	1.64
bread	0.12	1.42
last	0.12	2.89
bot	0.12	1.89
one	0.12	4.14
didnt	0.12	1.93
thus	0.12	1.70
weeks	0.12	2.25
itunes	0.12	1.73
64	0.12	1.58
basic	0.12	1.83
basis	0.12	1.84
original	0.12	1.52
healthy	0.12	1.38
car	0.12	1.61
hour	0.12	1.95
2005	0.12	1.89
meh	0.12	2.13
evil	0.12	1.38
james	0.13	1.54
decade	0.13	2.59
pulled	0.13	1.58
program	0.13	1.49
flat	0.13	1.46
slim	0.13	1.51
advice	0.13	1.61
somewhat	0.13	1.65
active	0.13	2.35
year	0.13	2.21
morning	0.13	1.44
corner	0.13	2.24
uk	0.13	1.45
zeppelin	0.13	1.54
extreme	0.13	1.67
10	0.13	2.24
dammit	0.13	1.57
ears	0.13	1.41
electronic	0.13	1.86
jimi	0.13	1.53
picking	0.13	1.86
rock	0.13	2.07
literal	0.13	2.03
camera	0.13	1.65
learn	0.13	1.99
creating	0.13	1.56
repetitive	0.13	1.63
closer	0.13	1.39
autism	0.13	1.44
afraid	0.13	1.34
band	0.14	2.84
ok	0.14	2.38
king	0.14	1.56
laptop	0.14	1.54
school	0.14	1.81
rich	0.14	1.66
aged	0.14	1.44
summer	0.14	2.09
graphics	0.14	1.45
roots	0.14	1.55
account	0.14	1.63
karma	0.14	1.44
mouth	0.14	1.53
signs	0.14	1.53
voting	0.14	1.72
jr	0.14	1.51
dirty	0.14	1.42
prison	0.14	1.72
tour	0.14	1.75
jokes	0.14	1.57
snowflake	0.14	1.48
five	0.14	2.57
keys	0.14	1.44
confirmed	0.14	1.22
prog	0.14	1.71
ever	0.14	4.04
names	0.15	2.28
mozart	0.15	1.89
dropped	0.15	1.81
class	0.15	1.81
super	0.15	1.71
styles	0.15	1.94
models	0.15	1.78
russia	0.15	1.59
songs	0.15	2.49
married	0.15	1.85
trap	0.15	1.74
insanely	0.15	1.79
replies	0.15	2.08
version	0.15	1.57
hitting	0.15	1.67
al	0.15	1.49
john	0.16	1.39
anaconda	0.16	1.79
brain	0.16	1.42
contemporary	0.16	2.17
stating	0.16	2.23
worlds	0.16	1.69
troll	0.16	1.99
boyfriend	0.16	1.76
romance	0.16	1.51
smith	0.16	1.35
house	0.16	1.79
snoop	0.16	1.55
rihanna	0.16	1.46
nmh	0.16	1.71
cake	0.16	1.58
halo	0.16	1.64
female	0.16	1.46
years	0.16	2.42
<URL>	0.16	1.42
<SPECIAL>	0.16	1.42
freshman	0.16	1.83
socially	0.16	1.42
bros	0.16	1.60
cream	0.17	1.42
madonna	0.17	1.38
atheist	0.17	1.36
crowd	0.17	1.50
digital	0.17	1.65
stretch	0.17	2.23
neckbeards	0.17	1.63
vast	0.17	1.85
arrested	0.17	1.49
eating	0.17	1.58
miles	0.17	1.81
feed	0.17	1.49
ed	0.17	1.44
appearance	0.17	1.80
game	0.17	1.64
musicians	0.17	2.64
ages	0.17	2.01
wu	0.17	1.56
yelling	0.17	1.35
2	0.17	2.23
n	0.17	1.63
alive	0.17	1.68
highly	0.17	2.17
mario	0.17	1.58
romantic	0.18	1.55
painful	0.18	1.66
acceptable	0.18	1.59
nuts	0.18	1.43
recently	0.18	2.11
lose	0.18	1.60
bang	0.18	1.57
horse	0.18	1.46
appeal	0.18	1.62
cd	0.18	1.58
response	0.18	1.98
sales	0.18	1.77
6	0.18	2.19
left	0.18	2.35
bear	0.18	1.76
stars	0.18	1.85
images	0.18	1.69
apart	0.18	1.59
5	0.18	2.32
completely	0.19	2.15
absurd	0.19	1.70
minutes	0.19	2.27
ball	0.19	1.43
jpeg	0.19	1.58
surprisingly	0.19	1.60
sleeping	0.19	1.65
r/adviceanimals	0.19	1.61
scale	0.19	1.74
added	0.19	1.85
tear	0.19	1.56
eat	0.19	1.37
africa	0.19	1.86
defender	0.19	1.38
wake	0.19	1.53
johnny	0.19	1.30
recording	0.19	1.64
key	0.19	1.81
various	0.19	1.99
onto	0.19	1.57
took	0.19	1.95
your	0.20	1.80
trolling	0.20	2.03
mixed	0.20	1.59
sleep	0.20	1.56
pls	0.20	1.74
traditional	0.20	1.71
significant	0.20	2.56
exclusively	0.20	1.55
mercury	0.20	1.56
night	0.20	1.83
suppose	0.20	1.85
stone	0.20	1.47
upvotes	0.20	1.50
universe	0.20	1.92
classes	0.20	1.81
controller	0.20	1.50
month	0.20	1.83
history	0.20	2.01
depends	0.20	1.84
charge	0.21	1.48
fish	0.21	1.58
speak	0.21	1.83
sets	0.21	1.61
2003	0.21	2.05
random	0.21	1.85
7	0.21	2.13
letter	0.21	1.56
member	0.21	2.16
personal	0.21	1.96
known	0.21	2.66
instantly	0.21	1.21
wit	0.21	1.45
above	0.21	1.83
hail	0.21	1.64
commercials	0.21	1.64
plug	0.21	1.62
p	0.21	1.65
cousin	0.21	1.86
reasonable	0.21	1.81
max	0.21	1.63
popular	0.21	2.89
replace	0.21	1.55
english	0.21	1.75
doctor	0.21	1.37
o	0.22	1.65
ignoring	0.22	1.87
nigga	0.22	1.61
200	0.22	2.02
model	0.22	1.58
setting	0.22	1.61
yup	0.22	1.40
sound	0.22	2.08
95	0.22	2.12
opened	0.22	1.53
whereas	0.22	1.58
countries	0.22	2.01
wu-tang	0.22	1.53
player	0.22	1.84
rite	0.22	1.73
military	0.22	1.51
anyways	0.23	1.46
soulja	0.23	1.73
1st	0.23	2.22
future	0.23	1.63
phenomenon	0.23	1.60
techno	0.23	1.83
decades	0.23	2.33
fingers	0.23	1.40
jeff	0.23	1.48
mix	0.23	1.37
gambino	0.23	1.51
players	0.23	1.79
pocket	0.23	1.56
colors	0.23	1.33
gym	0.23	1.53
hits	0.23	2.55
confusing	0.23	1.64
rip	0.23	1.86
tbk	0.23	1.82
jay	0.23	1.44
perform	0.23	1.70
captain	0.24	1.58
oxymoron	0.24	1.56
bait	0.24	1.55
emotions	0.24	1.42
coast	0.24	1.69
celebrity	0.24	1.88
treat	0.24	1.67
omg	0.24	1.68
android	0.24	1.57
0	0.24	1.63
instagram	0.24	1.71
machines	0.24	1.55
low	0.24	1.77
gold	0.24	1.31
e	0.24	1.64
fourth	0.24	2.11
incredibly	0.24	1.82
boards	0.24	1.53
pass	0.24	1.68
facebook	0.25	1.63
considering	0.25	1.66
german	0.25	1.64
spoken	0.25	1.64
roses	0.25	1.68
nas	0.25	1.59
eh	0.25	1.79
comment	0.25	1.84
mccartney	0.25	1.67
iggy	0.25	1.73
floor	0.25	1.55
canada	0.25	1.72
outkast	0.25	1.65
teacher	0.25	1.79
generic	0.26	1.62
legitimately	0.26	1.91
britney	0.26	1.54
sounded	0.26	1.64
sent	0.26	1.71
tits	0.26	1.82
hands	0.26	1.48
mobile	0.26	1.47
rain	0.26	1.66
gangster	0.26	1.57
wave	0.26	2.04
copy	0.26	1.66
edition	0.26	1.50
holds	0.26	1.34
blatant	0.26	1.68
lyric	0.26	1.63
christ	0.26	1.81
audio	0.26	1.50
paul	0.26	1.63
russian	0.26	1.26
50	0.26	2.02
process	0.26	1.73
broke	0.27	1.30
clothing	0.27	1.52
support	0.27	1.56
hello	0.27	1.57
seven	0.27	1.97
9	0.27	1.90
books	0.27	1.71
git	0.27	1.40
own	0.27	1.69
modest	0.27	1.45
compared	0.27	1.60
drive	0.27	1.58
collective	0.27	1.66
field	0.27	1.84
niggas	0.27	1.65
air	0.27	1.52
pure	0.27	1.38
seconds	0.27	2.16
potter	0.27	1.69
v	0.27	1.61
poetry	0.27	1.85
revolution	0.27	1.44
jay-z	0.27	1.51
cat	0.27	1.38
zappa	0.27	1.50
imgur	0.28	1.57
arms	0.28	1.55
inb4	0.28	1.55
hop	0.28	2.19
fruit	0.28	1.53
smells	0.28	1.30
football	0.28	1.67
such	0.28	1.89
diverse	0.28	1.75
1989	0.28	1.54
beginning	0.28	1.64
charts	0.28	1.91
theater	0.28	1.55
simple	0.28	1.68
checked	0.28	1.56
shared	0.28	1.65
party	0.28	1.43
soft	0.29	1.53
tomorrow	0.29	1.60
sadly	0.29	1.82
sugar	0.29	1.35
empty	0.29	1.86
bird	0.29	1.56
hip	0.29	2.19
alot	0.29	1.89
dream	0.29	1.59
card	0.29	1.52
pokemon	0.29	1.55
note	0.29	1.50
concept	0.29	1.90
h	0.29	1.61
2007	0.29	1.95
stan	0.29	1.62
months	0.29	2.38
conversation	0.29	1.51
downvotes	0.29	1.58
played	0.29	1.93
regardless	0.29	1.82
default	0.30	1.65
paint	0.30	1.74
thrones	0.30	1.45
mc	0.30	1.42
fb	0.30	1.53
2006	0.30	1.74
secret	0.30	1.63
quote	0.30	1.63
post-rock	0.30	1.94
label	0.30	1.89
credit	0.30	1.69
educated	0.30	1.40
butt	0.30	1.60
conservative	0.30	1.66
african	0.30	1.57
legend	0.31	1.38
standard	0.31	1.72
prince	0.31	1.56
stairway	0.31	1.79
theory	0.31	1.67
example	0.31	2.42
t	0.31	1.60
tickets	0.31	1.49
bright	0.31	1.31
content	0.31	1.58
ear	0.31	1.83
theirs	0.31	3.00
blown	0.31	1.23
crimson	0.31	1.54
8th	0.31	1.89
french	0.31	1.67
amp	0.31	1.64
ancient	0.31	1.59
op	0.31	1.78
reaction	0.31	1.40
hendrix	0.31	1.50
north	0.31	1.81
garage	0.31	1.53
finger	0.31	1.89
funniest	0.31	3.57
azalea	0.31	1.62
zelda	0.31	1.63
soul	0.31	1.48
knight	0.32	1.45
shout	0.32	1.75
irrelevant	0.32	2.01
neil	0.32	1.41
ooga	0.32	1.53
r/iamverysmart	0.32	1.70
role	0.32	1.45
army	0.32	1.62
tim	0.32	1.59
street	0.32	1.58
understanding	0.32	1.81
adds	0.32	1.73
makeup	0.32	1.38
both	0.32	2.29
ya	0.32	1.88
lists	0.33	2.10
largely	0.33	1.74
quick	0.33	1.46
eye	0.33	1.85
except	0.33	2.35
half	0.33	2.86
ghost	0.33	1.36
properly	0.33	2.04
student	0.33	1.76
chance	0.33	2.18
chinese	0.33	1.53
surprising	0.33	1.87
vampire	0.33	1.49
smash	0.33	1.58
lies	0.33	1.66
martin	0.33	1.77
um	0.33	1.76
4	0.34	2.30
ride	0.34	1.54
cheating	0.34	1.60
daft	0.34	1.24
folk	0.34	1.72
upset	0.34	2.66
harry	0.34	1.61
battle	0.34	1.69
ripped	0.34	1.49
pics	0.34	1.76
huh	0.34	1.78
dragons	0.34	1.60
average	0.35	1.74
kim	0.35	1.76
ben	0.35	1.59
weird	0.35	2.87
genesis	0.35	1.72
literature	0.35	1.67
keyboard	0.35	1.60
2004	0.35	1.97
linkin	0.35	1.41
following	0.35	1.60
van	0.35	1.64
underground	0.35	1.80
ap	0.35	1.79
obscure	0.35	1.89
shown	0.35	1.70
california	0.35	1.79
silence	0.36	1.54
smh	0.36	1.37
cave	0.36	1.56
her	0.36	1.69
urban	0.36	1.52
records	0.36	2.03
g	0.36	1.54
range	0.36	1.73
family	0.36	1.90
unknown	0.36	1.64
carry	0.36	1.71
q	0.36	1.63
bon	0.36	1.42
hence	0.36	1.67
forward	0.36	1.55
carter	0.36	1.65
dudes	0.37	1.80
chords	0.37	2.02
weezer	0.37	1.12
pro	0.37	1.45
janelle	0.38	1.55
jump	0.38	1.53
works	0.38	1.75
pet	0.38	2.05
duty	0.38	1.50
weekend	0.38	1.53
mass	0.38	1.74
rolling	0.38	1.67
cassette	0.38	1.54
loving	0.38	1.52
rick	0.38	1.40
chicago	0.38	1.66
hi	0.38	1.58
miller	0.38	1.51
spanish	0.38	1.63
book	0.38	1.72
per	0.38	2.14
enjoyable	0.38	1.77
y'know	0.39	1.51
water	0.39	1.47
phil	0.39	1.56
animals	0.39	1.60
wow	0.39	2.60
degree	0.39	1.64
y	0.39	1.70
rush	0.39	1.65
kardashian	0.39	1.88
nowhere	0.39	1.71
represent	0.40	1.78
market	0.40	1.56
bach	0.40	1.73
rocks	0.40	1.39
j	0.40	1.46
teeth	0.40	1.54
fly	0.40	1.62
r	0.40	1.66
booga	0.40	1.43
moving	0.40	1.62
synths	0.40	1.60
latin	0.41	1.85
step	0.41	1.53
swear	0.41	1.46
saw	0.41	1.87
opera	0.41	1.62
brother	0.41	1.96
speed	0.41	1.61
blew	0.41	1.46
r/funny	0.41	1.65
simpsons	0.41	1.73
attack	0.41	1.80
spotify	0.41	1.72
yea	0.41	1.54
image	0.41	1.93
sink	0.41	1.61
infinite	0.41	1.64
tune	0.41	1.65
visit	0.42	1.43
trailer	0.42	1.95
requires	0.42	1.73
1	0.42	1.74
medium	0.42	1.80
muh	0.42	1.74
golden	0.42	1.87
arctic	0.42	1.44
dear	0.42	1.66
sufjan	0.42	1.36
tag	0.42	1.62
most	0.42	4.12
comedy	0.42	1.76
red	0.42	1.44
every	0.43	4.09
legs	0.43	1.38
taught	0.43	1.36
store	0.43	1.69
create	0.43	1.71
record	0.43	1.99
wife	0.43	1.72
southern	0.43	1.75
uh	0.43	2.05
gameplay	0.43	1.53
2011	0.43	2.01
dinner	0.43	1.42
death	0.43	1.47
sudden	0.43	1.79
dragon	0.43	1.37
copies	0.44	2.17
proud	0.44	1.73
silly	0.44	2.57
daughter	0.44	1.94
stands	0.44	1.65
attractive	0.44	1.59
icon	0.44	1.65
personality	0.44	1.73
safe	0.44	1.82
ocean	0.44	1.44
introduced	0.44	1.88
cloud	0.45	1.81
headphones	0.45	1.63
granted	0.45	1.54
failed	0.45	1.56
level	0.45	1.86
doe	0.45	1.57
flying	0.45	1.30
dubstep	0.45	1.74
riff	0.45	1.56
leg	0.46	1.63
written	0.46	2.00
taken	0.46	1.86
values	0.46	1.64
mars	0.46	1.47
rocky	0.46	1.62
character	0.46	1.78
poppy	0.46	1.72
3d	0.46	1.58
scenes	0.46	1.71
ariana	0.46	1.50
holding	0.46	1.71
wall	0.46	1.72
members	0.47	1.66
necessary	0.47	1.76
pack	0.47	1.71
guise	0.47	1.69
cards	0.47	1.19
vinyl	0.47	1.79
web	0.47	1.24
single	0.47	4.07
answer	0.47	2.02
notes	0.47	1.83
instruments	0.47	1.74
twice	0.47	1.99
nostalgic	0.47	2.07
u	0.47	1.66
parties	0.48	1.66
fine	0.48	2.98
professional	0.48	1.55
channels	0.48	1.63
rtj	0.48	1.75
nights	0.48	1.65
b	0.48	1.64
photo	0.48	1.77
hopsin	0.48	1.59
dre	0.48	1.48
tfw	0.48	1.71
whoa	0.48	1.87
concert	0.48	1.52
2012	0.48	1.94
whose	0.48	2.07
patrician	0.48	1.49
mod	0.48	1.74
falls	0.49	1.48
references	0.49	1.62
sky	0.49	1.47
dress	0.49	1.59
masterpiece	0.49	1.71
moments	0.49	1.74
my	0.49	2.05
cage	0.49	1.26
wtf	0.49	1.74
throat	0.49	1.52
conscious	0.49	1.71
bell	0.49	1.63
switch	0.50	1.78
neck	0.50	1.54
dylan	0.50	1.37
state	0.50	1.69
accent	0.50	1.69
skyrim	0.50	1.66
blowing	0.50	1.54
structure	0.50	1.64
canadian	0.50	1.80
bought	0.50	1.65
cent	0.50	1.55
surprise	0.50	1.52
spongebob	0.50	1.48
bus	0.51	1.62
doo	0.51	1.66
biggest	0.51	4.13
text	0.51	1.59
bastard	0.51	1.24
comic	0.51	1.77
wayne	0.51	1.60
lights	0.51	1.52
passion	0.52	1.46
twin	0.52	1.56
bound	0.52	1.68
dj	0.52	1.60
named	0.52	1.63
iconic	0.52	4.08
television	0.52	1.75
aint	0.52	1.49
frank	0.52	1.45
mine	0.52	1.82
versions	0.52	1.76
purple	0.52	1.54
talent	0.52	1.70
la	0.52	1.50
college	0.52	1.63
releasing	0.52	2.07
tyler	0.53	1.50
lamar	0.53	1.72
unrelated	0.53	1.77
i.e	0.53	1.60
dad	0.53	1.93
development	0.53	1.61
tie	0.53	1.55
devil	0.53	1.22
blow	0.53	1.58
joe	0.53	1.50
rhythm	0.53	1.75
greatest	0.53	4.24
individual	0.53	1.68
baseball	0.53	1.58
silent	0.53	1.60
highest	0.53	3.81
available	0.54	1.52
jacket	0.54	1.28
throughout	0.54	3.63
fucked	0.54	1.52
grips	0.54	1.58
tongue	0.54	1.47
z	0.54	1.53
possible	0.54	1.91
aside	0.54	1.69
wrote	0.54	1.58
ah	0.54	1.97
ii	0.54	1.86
lorde	0.54	1.33
7/10	0.54	2.29
commenter	0.54	1.69
samples	0.54	1.44
bar	0.54	1.62
adam	0.54	1.64
immortal	0.55	1.60
part	0.55	3.81
andrew	0.55	1.31
tea	0.55	1.67
math	0.55	1.83
chicken	0.55	1.61
video	0.55	1.99
enlightened	0.55	1.62
finished	0.55	1.85
dat	0.55	1.56
copypasta	0.55	1.94
ex	0.55	1.30
streets	0.55	1.60
chord	0.55	1.90
seemed	0.56	1.52
service	0.56	1.43
swing	0.56	1.59
finally	0.56	1.68
worship	0.56	2.81
grandma	0.56	1.71
nick	0.56	1.54
da	0.56	1.55
40s	0.56	1.81
covers	0.56	2.05
midnight	0.56	1.76
paragraph	0.57	2.25
magic	0.57	1.61
fighters	0.57	1.44
favorites	0.57	3.90
oc	0.57	1.77
iv	0.57	1.46
candy	0.57	1.64
characters	0.57	1.71
successful	0.57	2.60
plot	0.57	1.62
somebody	0.57	3.55
3	0.57	2.28
recommendations	0.57	2.01
chvrches	0.57	1.25
shake	0.58	1.66
button	0.58	1.52
spot	0.58	1.95
national	0.58	1.58
btw	0.58	1.81
writing	0.58	1.86
occasionally	0.58	1.69
friday	0.58	1.71
spell	0.58	1.92
mask	0.58	1.52
vanilla	0.58	1.51
results	0.58	1.28
parts	0.58	2.15
agree	0.58	3.90
nickelodeon	0.58	1.46
strong	0.59	1.24
gem	0.59	1.88
duh	0.59	1.48
peppers	0.59	1.45
room	0.59	1.58
brown	0.59	1.62
mate	0.59	1.91
shirts	0.59	1.53
richard	0.59	1.62
bioshock	0.59	1.76
buttons	0.59	1.43
slaves	0.60	1.29
instrument	0.60	1.89
e.g	0.60	1.54
girlfriend	0.60	1.64
afx	0.60	1.86
f	0.60	1.60
spirit	0.60	1.64
synth	0.60	1.73
download	0.60	1.67
preferred	0.61	1.59
new	0.61	2.82
comics	0.61	1.62
weight	0.61	1.61
yellow	0.61	1.58
heroes	0.61	1.75
corny	0.61	2.48
sunday	0.61	1.74
regular	0.61	1.44
add	0.61	1.84
savior	0.62	1.58
21	0.62	2.20
network	0.62	1.46
plz	0.62	1.64
mouse	0.62	1.54
w	0.62	1.63
instrumental	0.62	1.84
knife	0.62	1.40
ill	0.62	1.81
quality	0.63	1.87
def	0.63	1.64
sun	0.63	1.58
first	0.63	4.20
minds	0.63	1.45
conclusion	0.63	1.69
ai	0.63	1.71
lcd	0.64	1.79
fiction	0.64	1.73
brony	0.64	1.51
checking	0.64	1.85
brings	0.64	1.39
team	0.64	1.77
monkeys	0.64	1.58
dog	0.64	1.43
meaningful	0.64	1.64
science	0.65	1.70
arcade	0.65	1.58
burn	0.65	1.41
thank	0.65	1.92
tha	0.65	1.65
slow	0.65	1.44
guitars	0.65	1.60
heaven	0.65	1.21
iii	0.65	1.65
steven	0.65	1.64
everywhere	0.65	3.03
perfectly	0.65	1.57
dollar	0.65	1.83
fancy	0.66	1.41
flash	0.66	1.35
noise	0.66	1.55
hey	0.66	2.25
hair	0.67	1.37
ladies	0.67	1.59
stv	0.67	1.83
2014	0.67	1.84
dark	0.67	1.38
legit	0.67	1.40
singles	0.67	2.25
dave	0.67	1.55
round	0.67	2.08
flair	0.67	1.64
steal	0.67	1.57
religious	0.67	1.64
thanks	0.67	2.23
limited	0.68	1.58
adding	0.68	1.58
points	0.68	2.03
technique	0.68	1.63
shoes	0.69	1.46
mountain	0.69	1.58
depth	0.69	1.58
fixed	0.69	1.28
scott	0.69	1.54
drink	0.69	1.62
silver	0.69	1.57
guitar	0.70	1.74
far	0.70	3.77
bars	0.70	1.70
tame	0.70	1.48
faces	0.70	1.62
jesus	0.70	2.16
common	0.70	1.69
pac	0.70	1.53
story	0.70	1.59
mostly	0.70	1.87
kendrick	0.70	1.81
mad	0.71	2.54
robots	0.71	1.38
material	0.71	2.17
bass	0.71	1.68
lord	0.71	1.63
pleb	0.71	1.68
spaghetti	0.71	1.59
soundtracks	0.71	1.43
scared	0.71	2.68
baby	0.71	1.73
last.fm	0.71	1.89
mother	0.71	1.57
digging	0.72	1.79
popularity	0.72	1.89
picture	0.72	2.02
checkmate	0.72	1.43
t-shirt	0.72	1.46
complex	0.72	1.53
score	0.72	1.58
dig	0.73	1.76
wears	0.73	1.71
glad	0.73	2.75
kanye	0.74	1.52
powerful	0.74	1.51
yeezy	0.74	1.53
sticks	0.74	1.51
themes	0.74	1.62
hidden	0.74	1.60
cartoons	0.74	1.48
lips	0.74	1.53
k	0.74	1.71
ridiculously	0.74	1.77
piano	0.74	1.68
logic	0.75	1.87
skip	0.75	1.52
jack	0.75	1.41
till	0.75	1.63
ending	0.75	1.75
frozen	0.75	1.35
ifunny	0.75	1.58
glass	0.75	1.52
theme	0.75	1.25
9gag	0.76	1.69
moment	0.76	1.78
hill	0.76	1.62
stage	0.76	1.63
exciting	0.76	1.59
hollywood	0.76	1.74
gems	0.76	1.70
fam	0.76	2.06
joking	0.76	4.15
upvote	0.76	1.70
animation	0.76	1.65
tuesday	0.77	1.57
rapper	0.77	2.25
lel	0.77	1.86
persona	0.77	1.73
cartoon	0.77	1.47
musician	0.78	2.62
lead	0.78	1.64
experimental	0.78	1.72
letters	0.78	1.85
rck	0.78	1.49
musically	0.78	2.05
4chan	0.78	1.83
woah	0.78	1.83
satan	0.78	1.56
official	0.79	1.46
steam	0.79	1.55
mike	0.79	1.47
plan	0.79	1.66
fite	0.79	1.65
mum	0.79	1.70
dis	0.80	1.68
schoolboy	0.80	1.53
vegas	0.80	1.69
combat	0.80	1.76
grohl	0.80	1.49
acid	0.81	1.52
mack	0.81	1.57
ftfy	0.81	1.66
producers	0.81	1.76
toy	0.81	1.53
bae	0.81	1.44
row	0.82	2.01
titled	0.82	1.54
grade	0.82	2.40
shirt	0.82	1.50
dude	0.82	2.58
tone	0.82	1.64
fka	0.82	1.78
calm	0.82	1.67
electric	0.83	1.53
proof	0.83	1.83
sake	0.83	1.54
glasses	0.84	1.57
yeezus	0.84	1.53
saturday	0.84	1.49
bottom	0.84	2.32
orange	0.84	1.37
skrillex	0.85	1.64
bowl	0.85	1.91
tends	0.85	1.51
waifu	0.86	1.34
elephant	0.86	1.60
bible	0.86	1.73
watching	0.86	1.82
quest	0.87	1.66
york	0.87	1.80
orchestra	0.87	1.31
west	0.87	1.54
wild	0.88	1.60
drums	0.88	1.74
graduation	0.88	1.56
hahaha	0.88	1.68
episodes	0.88	1.83
charli	0.88	1.31
brave	0.88	1.62
non	0.88	1.58
yesterday	0.88	1.52
pants	0.88	1.44
honey	0.89	1.63
gravity	0.89	1.60
genius	0.89	1.58
arguably	0.89	3.79
win	0.89	2.33
seasons	0.89	2.25
action	0.89	1.56
crush	0.89	1.60
illmatic	0.89	1.79
runs	0.90	1.47
bonus	0.90	1.81
week	0.90	2.47
tech	0.90	1.45
mess	0.90	1.62
excited	0.91	2.54
mac	0.91	1.37
thousand	0.91	1.85
lines	0.91	1.72
season	0.91	2.15
fallout	0.92	1.70
clothes	0.92	1.45
registration	0.92	1.55
holy	0.92	2.90
brian	0.92	1.64
sing	0.93	1.77
wind	0.93	1.68
boom	0.93	1.69
hats	0.93	1.60
hype	0.93	1.41
4x4	0.93	1.88
clever	0.94	1.55
7th	0.94	1.92
sea	0.94	1.66
em	0.94	1.92
ye	0.94	1.61
creator	0.94	1.44
fuckin	0.94	1.95
edit	0.95	2.01
watches	0.95	3.22
replaced	0.95	1.55
kidding	0.95	2.70
creepy	0.95	2.52
autotune	0.95	1.63
city	0.96	1.75
gear	0.96	1.64
atmosphere	0.96	1.33
ambient	0.96	1.83
2002	0.97	1.80
title	0.97	1.74
mbdtf	0.97	1.54
ur	0.97	1.67
jeans	0.97	1.33
run	0.99	1.68
cheap	0.99	1.60
fit	0.99	1.37
favorite	0.99	4.12
studio	0.99	1.76
hella	0.99	1.55
show	1.00	1.67
gods	1.00	1.41
incorrect	1.00	3.76
lp	1.00	1.96
road	1.00	2.07
playlist	1.00	1.80
disney	1.00	1.52
language	1.00	2.04
ice	1.00	1.60
rage	1.00	1.79
song	1.00	2.67
wut	1.00	1.44
cup	1.01	1.89
haha	1.01	2.15
steel	1.02	1.77
special	1.02	3.07
useful	1.02	1.54
adventure	1.03	1.52
writers	1.03	1.73
sarcastic	1.03	3.80
pair	1.03	1.67
emotional	1.03	1.37
chose	1.03	1.39
sentence	1.03	2.00
dance	1.04	1.70
face	1.04	1.90
skill	1.04	1.81
singers	1.04	1.88
welcome	1.04	1.44
features	1.04	1.91
gif	1.05	1.76
bruh	1.05	1.70
wise	1.05	1.70
favourite	1.05	4.05
tape	1.05	1.68
category	1.05	2.33
hook	1.07	1.41
mtv	1.07	1.78
writer	1.07	1.71
mr	1.07	1.68
using	1.08	1.78
creative	1.08	1.60
aw	1.08	2.03
rekt	1.09	1.60
vincent	1.10	1.54
buddy	1.10	1.86
deep	1.10	2.55
badass	1.10	2.67
hopefully	1.10	1.63
tunes	1.11	1.52
sinatra	1.11	1.88
tv	1.11	1.66
fellow	1.12	1.87
message	1.12	1.68
drum	1.12	1.65
episode	1.12	1.93
tier	1.14	2.74
puffin	1.14	1.71
weezy	1.14	1.61
final	1.14	1.89
pony	1.15	1.51
aoty	1.15	2.12
star	1.15	1.77
minute	1.15	2.23
af	1.15	1.77
interesting	1.16	2.43
yo	1.16	1.79
gorillaz	1.16	1.55
netflix	1.16	1.69
username	1.16	1.57
twisted	1.16	1.48
fire	1.16	1.52
train	1.16	1.72
macklemore	1.16	2.11
weak	1.16	1.51
de	1.17	1.54
channel	1.17	1.55
suits	1.17	1.73
sample	1.17	1.41
liked	1.17	3.19
aesop	1.17	1.64
swans	1.18	1.55
billy	1.18	1.49
showed	1.18	2.80
st	1.19	1.50
unpopular	1.19	1.84
series	1.19	1.69
mf	1.19	1.59
panel	1.19	2.08
danny	1.20	1.58
talented	1.20	1.98
shows	1.20	1.65
doom	1.20	1.56
mfw	1.20	1.99
808s	1.21	1.59
aphex	1.22	1.61
skinny	1.23	1.34
wot	1.23	1.67
anime	1.23	1.56
movies	1.24	1.65
8	1.24	2.04
watch	1.25	1.75
films	1.25	1.82
shorts	1.25	1.49
drops	1.25	1.42
gr8	1.26	1.80
2013	1.27	3.74
wore	1.27	1.69
collection	1.27	1.62
shiggy	1.27	1.78
fantasy	1.27	1.49
bjork	1.28	1.92
gt	1.28	1.82
entirely	1.28	3.72
neckbeard	1.28	1.84
singing	1.29	1.63
horror	1.29	1.51
shit	1.29	3.50
dropout	1.30	1.67
rhyme	1.30	1.84
film	1.30	1.46
fits	1.31	1.59
jewels	1.31	1.60
minecraft	1.31	1.76
extra	1.32	1.77
influential	1.32	3.66
doot	1.33	1.74
released	1.33	2.33
ability	1.33	1.72
guitarist	1.33	1.76
terally	1.34	3.07
dem	1.34	1.39
involved	1.34	2.99
performance	1.34	1.79
son	1.34	1.60
friend	1.35	3.30
shrek	1.35	1.46
melody	1.36	1.67
producer	1.38	1.96
acoustic	1.38	1.73
lean	1.38	1.57
actor	1.39	1.65
todd	1.39	1.80
burial	1.39	1.71
vocal	1.40	1.66
obsessed	1.40	2.80
hilarious	1.40	2.52
insert	1.40	1.73
technical	1.41	1.71
beat	1.42	1.64
impressive	1.42	2.62
writes	1.43	2.86
artist	1.44	3.76
kek	1.44	1.82
mistake	1.46	1.94
wear	1.47	1.52
creativity	1.47	1.55
singer	1.47	2.00
strange	1.47	1.60
line	1.48	1.85
warning	1.48	1.48
laughed	1.49	2.64
suit	1.49	1.78
selling	1.50	3.64
wearing	1.51	1.53
possibly	1.51	3.58
vocals	1.52	1.71
mlp	1.53	1.42
damn	1.53	3.25
euphoria	1.53	1.78
gkmc	1.54	2.00
le	1.55	2.35
discography	1.55	1.80
tight	1.55	1.29
fedoras	1.56	1.88
releases	1.56	2.54
famous	1.56	3.75
sings	1.59	2.71
monster	1.59	1.55
jimmy	1.61	2.81
enjoy	1.62	3.30
tied	1.62	3.17
alex	1.62	1.61
ahead	1.63	3.49
assume	1.63	3.84
remix	1.66	1.73
s/t	1.67	1.78
mom	1.67	3.05
chorus	1.68	1.84
lyrically	1.68	1.83
absolutely	1.70	1.84
realized	1.70	2.75
annie	1.71	1.53
felt	1.71	2.29
found	1.72	2.88
sir	1.72	2.15
accepted	1.73	2.39
third	1.73	3.65
lyrics	1.74	1.67
albums	1.74	3.66
aka	1.75	2.87
produced	1.75	1.76
father	1.75	3.03
3rd	1.76	3.43
overrated	1.77	3.04
rapping	1.80	1.96
nah	1.80	2.10
oh	1.81	3.21
hat	1.82	1.91
consistent	1.85	3.18
familiar	1.87	2.50
5x5	1.88	1.64
2nd	1.89	3.60
referring	1.90	2.78
ray	1.90	2.85
rude	1.90	2.74
cringeworthy	1.90	2.17
reminds	1.91	2.23
mmlp2	1.92	2.02
movie	1.93	1.79
hide	1.94	2.94
prefer	1.96	2.11
style	1.97	1.81
valid	1.98	3.30
10/10	1.99	1.82
tracks	2.00	2.37
hiphop	2.00	3.27
man	2.00	3.28
agreed	2.01	2.63
voices	2.04	2.59
debut	2.05	2.02
bizarre	2.05	2.34
logical	2.08	3.10
reference	2.08	2.38
haters	2.09	2.74
listened	2.10	2.64
defense	2.10	2.34
lyrical	2.10	1.79
excuse	2.13	3.01
jealous	2.15	2.00
opening	2.16	3.03
sum	2.17	2.44
subtle	2.18	2.55
winning	2.20	3.27
ironic	2.20	2.79
verses	2.20	1.80
consistently	2.22	1.92
mediocre	2.24	2.78
biased	2.24	2.54
technically	2.25	3.00
grammys	2.27	3.17
second	2.28	3.42
terms	2.29	1.83
rhymes	2.29	1.57
award	2.32	2.93
blows	2.33	2.18
mixtape	2.33	2.05
lucky	2.34	2.15
xd	2.37	3.00
cute	2.38	2.16
won	2.38	3.10
awards	2.39	3.06
clicked	2.43	2.43
appropriate	2.43	3.02
grammy	2.43	3.25
learning	2.43	3.25
idk	2.43	2.60
moon	2.45	2.63
happiness	2.48	2.24
rather	2.49	2.34
sick	2.49	2.54
screw	2.52	2.56
fresh	2.53	2.54
enjoyed	2.53	2.26
cover	2.53	2.34
dressed	2.54	2.77
don	2.56	2.36
enemy	2.56	2.10
expensive	2.57	2.48
thumbs	2.59	2.75
rest	2.60	2.58
wat	2.61	2.68
speaking	2.61	2.81
clipping	2.62	2.31
may	2.62	3.05
animated	2.63	2.90
verse	2.64	1.80
eric	2.64	2.49
short	2.65	2.84
newest	2.68	2.38
plus	2.69	2.46
memes	2.69	2.76
wolf	2.70	2.10
3x3	2.71	2.64
lyricism	2.71	1.83
beats	2.72	1.64
intro	2.72	2.80
watched	2.73	2.55
insane	2.78	2.47
cops	2.79	2.18
classy	2.83	3.00
along	2.85	2.26
comfortable	2.86	2.14
spelling	2.86	3.14
m8	2.87	2.84
featured	2.88	2.64
proper	2.89	2.98
b8	2.89	2.78
luck	2.90	2.65
presence	2.91	2.40
crying	2.92	2.04
euphoric	2.92	3.01
release	2.93	2.79
project	2.93	2.27
together	2.94	1.87
heh	2.96	2.50
collab	2.98	2.16
brilliant	2.98	1.94
8/8	2.98	2.78
vocalist	2.98	2.51
meme	2.99	2.91
sweet	2.99	2.45
c'mon	3.00	1.92
9/10	3.01	2.56
grammar	3.02	3.21
tips	3.03	3.01
decent	3.04	2.37
catchy	3.05	2.15
clean	3.06	2.10
cool	3.07	2.61
m'lady	3.07	2.85
skills	3.11	2.92
beautiful	3.13	2.11
tip	3.14	2.97
epic	3.15	3.05
profile	3.15	2.66
pic	3.16	2.73
r8	3.16	2.86
diss	3.18	2.29
fedora	3.18	3.01
correctly	3.20	2.66
dank	3.21	2.77
his	3.24	2.26
tho	3.24	2.15
perfect	3.26	1.67
maymay	3.26	2.99
avatar	3.27	2.71
drummer	3.29	2.33
ep	3.29	2.63
chill	3.30	1.96
recommend	3.30	2.38
feature	3.31	2.30
underrated	3.32	3.09
imo	3.32	2.73
forgot	3.32	2.13
album	3.32	3.02
gorgeous	3.32	2.32
lt	3.36	2.31
voice	3.39	2.15
bro	3.40	2.70
birthday	3.41	1.98
arrows	3.41	2.72
crazy	3.50	2.43
8/10	3.54	2.35
delivery	3.62	2.15
great	3.70	2.10
overall	3.72	2.07
admittedly	3.73	2.41
flow	3.80	2.10
songwriting	3.85	2.10
especially	3.87	2.33
robert	3.91	1.88
brah	3.91	2.36
excellent	4.08	2.21
spooky	4.09	2.17
wonderful	4.12	1.96
killer	4.17	2.16
track	4.24	2.27
downloaded	4.24	1.87
unique	4.33	1.40
production	4.56	2.10
goat	4.67	2.07
dope	4.76	1.69
soundtrack	5.04	1.64
solid	5.07	1.71
incredible	5.16	1.78
