gross	-7.92	1.49
pit	-6.65	3.56
sweat	-6.53	3.60
disgusting	-6.46	1.53
avoiding	-6.25	2.15
sweaty	-6.21	3.39
associate	-6.21	3.17
hating	-6.13	2.44
oily	-5.98	3.46
frowned	-5.87	3.10
stains	-5.86	3.91
complain	-5.84	2.25
shitty	-5.76	3.16
crappy	-5.73	3.15
smell	-5.67	3.68
sweating	-5.65	3.82
rid	-5.31	3.15
poor	-5.25	3.10
extreme	-5.10	2.77
fixing	-5.07	3.93
suck	-5.06	2.59
fault	-5.03	3.15
trust	-5.02	2.21
mode	-4.98	2.91
harsh	-4.93	2.57
smelling	-4.92	3.96
control	-4.84	3.12
reputation	-4.83	2.94
cringe	-4.82	2.94
crap	-4.75	3.02
sucks	-4.64	2.24
preferred	-4.62	3.34
worse	-4.60	2.76
halloween	-4.24	3.81
garbage	-4.21	3.23
lighting	-4.14	3.33
hipsters	-4.00	2.98
mentality	-4.00	3.29
hype	-3.96	3.25
realizing	-3.96	3.03
recommending	-3.93	2.91
default	-3.91	2.51
forced	-3.91	2.82
ugly	-3.91	2.83
pas	-3.87	2.90
circlejerk	-3.82	3.27
stigma	-3.82	3.17
aldo	-3.82	2.63
discovered	-3.78	3.65
lame	-3.77	2.57
screw	-3.74	3.07
ridiculous	-3.74	2.47
qc	-3.73	3.04
funky	-3.72	3.22
steer	-3.71	3.20
odor	-3.68	3.17
armpits	-3.67	2.94
stupid	-3.65	2.56
board	-3.63	3.81
absurd	-3.62	3.01
dislike	-3.60	3.16
mannequin	-3.47	2.56
nowadays	-3.46	3.21
ol	-3.45	3.41
arguing	-3.42	3.57
mediocre	-3.40	3.10
calls	-3.38	3.71
feet	-3.33	2.72
buys	-3.31	4.13
upset	-3.30	3.13
excessive	-3.29	2.74
greasy	-3.24	2.00
thinks	-3.23	4.09
likes	-3.23	4.13
exposure	-3.21	1.58
sees	-3.19	3.97
struggle	-3.18	2.94
annoying	-3.17	2.39
mirror	-3.15	2.48
painful	-3.14	2.93
angle	-3.14	2.51
wants	-3.13	3.95
greatest	-3.12	2.83
deodorant	-3.11	2.80
dresses	-3.09	3.98
powder	-3.09	2.81
camera	-3.05	2.51
knows	-3.05	3.81
spots	-3.03	1.96
potato	-3.02	2.51
sadly	-3.00	3.26
owns	-2.99	4.05
tells	-2.99	3.85
photo	-2.99	2.43
dirty	-2.99	1.98
happens	-2.95	3.11
photos	-2.95	2.43
bad	-2.93	2.47
overpriced	-2.89	2.52
inconsistent	-2.87	2.94
horribly	-2.84	2.96
filter	-2.79	2.34
due	-2.72	1.99
forget	-2.72	2.97
phone	-2.71	2.35
fake	-2.69	2.19
breath	-2.63	2.65
highest	-2.63	3.60
remind	-2.63	3.28
leaves	-2.59	1.73
dust	-2.58	2.27
objectively	-2.55	4.08
hideous	-2.54	2.50
excuse	-2.54	2.39
typical	-2.52	1.71
saying	-2.51	4.13
known	-2.49	2.10
silly	-2.49	2.60
pass	-2.47	2.74
sweatshirt	-2.46	2.35
handle	-2.46	1.66
neither	-2.45	2.99
mind	-2.45	4.36
apartment	-2.45	1.77
imagine	-2.45	4.32
wild	-2.45	2.83
ruins	-2.43	2.72
kitchen	-2.42	1.96
specify	-2.41	4.34
stain	-2.41	2.57
chinese	-2.41	2.06
quality	-2.40	2.41
smells	-2.40	2.63
dirt	-2.40	2.28
trash	-2.39	2.01
scenario	-2.39	3.43
unnecessary	-2.37	1.94
bacteria	-2.37	2.55
bathroom	-2.37	2.22
matters	-2.36	3.96
blown	-2.35	2.97
everywhere	-2.33	2.89
remove	-2.32	2.19
balls	-2.31	2.28
judging	-2.30	1.46
uses	-2.29	3.87
why	-2.26	4.27
sweats	-2.26	2.16
arguably	-2.25	3.42
issues	-2.24	1.92
mean	-2.23	4.26
suffer	-2.22	1.74
moderate	-2.21	1.61
stained	-2.20	2.00
finishing	-2.19	1.98
asks	-2.18	3.00
shocked	-2.17	3.01
causes	-2.17	1.57
correctly	-2.16	4.07
unfashionable	-2.15	1.67
rich	-2.14	1.03
champ	-2.12	2.21
obnoxious	-2.11	1.65
bowties	-2.10	1.74
reigning	-2.09	2.21
mild	-2.08	1.56
fucked	-2.08	3.06
tobacco	-2.08	2.23
pose	-2.08	2.20
complete	-2.08	1.88
shots	-2.07	2.21
bare	-2.06	1.85
spray	-2.04	2.14
junk	-2.03	1.74
bullshit	-2.03	1.93
hardest	-2.03	3.43
understand	-2.03	4.25
construction	-2.03	2.00
unless	-2.01	4.11
materials	-2.01	2.03
cheapest	-2.01	3.44
tries	-2.01	2.87
mold	-2.01	2.14
angles	-2.00	2.21
argue	-1.98	3.90
strange	-1.97	2.72
mud	-1.96	1.67
blame	-1.95	2.08
toed	-1.95	1.89
faux	-1.94	1.59
douchey	-1.94	1.52
absorb	-1.94	2.60
complaining	-1.93	1.80
covered	-1.93	1.95
moisture	-1.93	2.63
absolute	-1.92	2.78
soaked	-1.92	1.92
causing	-1.92	1.67
background	-1.91	1.82
say	-1.91	4.07
rc	-1.91	2.05
dadcore	-1.91	1.91
slush	-1.90	1.45
avoid	-1.90	1.53
associated	-1.89	1.71
part	-1.88	3.28
caused	-1.87	1.57
hurt	-1.87	2.10
nothing	-1.87	3.60
mention	-1.87	3.68
vouch	-1.86	1.96
bond	-1.85	1.60
juvenile	-1.85	2.10
sockless	-1.84	1.95
apologies	-1.83	2.37
salt	-1.82	1.91
shot	-1.82	2.14
dated	-1.82	2.02
rainbow	-1.81	1.76
knock	-1.81	1.89
glued	-1.80	1.89
suggesting	-1.79	1.71
leads	-1.79	1.35
cologne	-1.78	2.27
scent	-1.78	2.33
r/all	-1.78	1.83
arm	-1.77	1.99
random	-1.76	1.79
puts	-1.75	2.51
winters	-1.74	1.36
steve	-1.74	1.57
believe	-1.71	4.02
excess	-1.70	1.97
flash	-1.69	2.06
horns	-1.69	2.07
exactly	-1.69	3.96
preferable	-1.68	1.44
itchy	-1.68	2.01
pic	-1.67	2.12
par	-1.67	2.08
odd	-1.67	2.60
photographer	-1.66	1.69
lacking	-1.65	2.03
child	-1.65	1.19
who	-1.65	2.49
pain	-1.65	1.54
constant	-1.64	1.46
diesel	-1.63	1.91
missing	-1.63	3.83
oils	-1.63	1.86
americans	-1.62	1.39
conditions	-1.62	1.43
everybody	-1.62	2.48
sure	-1.61	3.85
says	-1.61	2.47
wears	-1.61	3.37
w+h	-1.61	2.08
frat	-1.60	1.33
disappointing	-1.59	2.60
wipe	-1.59	1.98
fedoras	-1.57	1.52
racist	-1.57	1.54
gaudy	-1.57	1.98
problems	-1.57	1.58
telling	-1.56	2.01
michigan	-1.56	1.35
craftsmanship	-1.55	2.07
pretentious	-1.55	1.68
messed	-1.55	1.84
shrinking	-1.54	1.82
alcohol	-1.54	1.72
pointless	-1.53	1.70
childish	-1.53	1.81
superior	-1.53	1.39
slipping	-1.52	1.70
gets	-1.52	1.76
weak	-1.51	2.92
paint	-1.51	1.75
humid	-1.51	1.62
unflattering	-1.51	2.12
partially	-1.51	1.52
count	-1.51	1.55
carries	-1.51	1.27
recommends	-1.50	3.12
miss	-1.48	1.97
else	-1.47	2.17
iphone	-1.47	1.92
44	-1.47	1.88
notes	-1.47	2.02
wrinkled	-1.47	1.77
bother	-1.46	2.59
damage	-1.46	1.67
shampoo	-1.46	1.77
cleaning	-1.46	1.90
pictures	-1.45	2.06
destroy	-1.44	3.22
downvoting	-1.44	2.05
private	-1.43	1.38
tacky	-1.43	1.97
moisturizer	-1.43	1.70
wet	-1.43	1.54
douche	-1.42	1.26
none	-1.42	2.93
standing	-1.42	1.72
cause	-1.40	1.63
shoulder	-1.40	1.78
outdated	-1.39	1.40
prevent	-1.39	1.59
rinse	-1.38	1.87
cares	-1.38	2.42
winter	-1.38	1.38
connotations	-1.38	1.51
scalp	-1.38	1.90
insoles	-1.37	1.65
waste	-1.37	1.68
touching	-1.35	1.59
skin	-1.35	1.78
toronto	-1.34	1.34
wonders	-1.34	1.87
pics	-1.34	2.07
awkward	-1.33	2.08
hire	-1.33	1.79
hybrid	-1.31	1.86
automatically	-1.31	1.67
bothers	-1.31	1.28
marks	-1.31	1.75
picture	-1.31	2.05
employee	-1.30	1.23
lack	-1.30	1.84
besides	-1.30	1.84
fragrance	-1.30	1.82
vinegar	-1.30	1.95
convince	-1.29	1.97
stress	-1.29	1.44
bleach	-1.29	1.98
clunky	-1.29	1.91
told	-1.28	2.25
permanent	-1.28	1.83
screen	-1.28	1.69
mess	-1.28	1.68
union	-1.28	1.42
massive	-1.27	1.84
incorrect	-1.27	4.15
suggests	-1.27	1.92
shower	-1.26	1.64
spice	-1.26	1.94
floor	-1.26	1.56
offensive	-1.25	1.57
removing	-1.25	1.82
snow	-1.25	1.35
lazy	-1.24	3.22
claims	-1.24	1.48
insult	-1.24	1.64
nobody	-1.24	1.99
eraser	-1.24	1.94
scuffs	-1.23	1.79
given	-1.23	2.93
empty	-1.22	1.65
dye	-1.22	1.79
manufacturing	-1.21	1.75
reduce	-1.21	1.66
despite	-1.20	1.20
foot	-1.19	1.62
scratches	-1.19	1.73
lets	-1.19	1.71
usual	-1.19	1.59
durability	-1.18	1.76
naturally	-1.18	1.77
stocks	-1.18	1.38
dumb	-1.17	1.66
kills	-1.17	1.68
johnston	-1.17	1.51
hurts	-1.17	1.59
calling	-1.16	1.57
hair	-1.16	1.70
cedar	-1.16	2.28
murphy	-1.16	1.52
homme	-1.16	1.59
debate	-1.16	1.60
angry	-1.16	1.82
abuse	-1.16	1.28
destroyed	-1.15	1.35
mindset	-1.15	1.81
lead	-1.14	1.59
curly	-1.14	1.70
lives	-1.14	3.05
florsheim	-1.14	1.57
acne	-1.13	1.65
funny	-1.13	2.40
brooklyn	-1.12	1.32
fans	-1.12	1.67
branded	-1.12	1.63
soap	-1.12	1.64
window	-1.11	1.61
lowest	-1.11	1.96
sweatshirts	-1.11	1.64
axe	-1.10	1.64
customer	-1.10	1.75
cole	-1.10	1.57
haan	-1.10	1.58
rubbing	-1.10	1.61
ironic	-1.10	1.44
pricing	-1.09	1.70
flattering	-1.09	1.86
canadian	-1.09	1.36
result	-1.09	1.57
fused	-1.08	1.80
regarded	-1.08	1.50
messing	-1.08	1.58
branding	-1.07	1.50
wood	-1.07	1.54
pissed	-1.07	3.15
mesh	-1.07	1.56
minnesota	-1.06	1.28
computer	-1.06	1.61
ideal	-1.05	2.80
hoodie	-1.05	1.62
assume	-1.05	3.17
ice	-1.05	1.35
ruin	-1.04	1.74
generic	-1.04	1.77
wall	-1.04	1.49
stereotype	-1.04	1.45
smoke	-1.04	1.42
merely	-1.03	1.76
colorful	-1.03	1.59
popularity	-1.03	1.38
strongly	-1.02	1.68
disappointed	-1.02	3.10
himself	-1.01	1.85
exposed	-1.01	1.49
heels	-1.01	1.52
toms	-1.01	1.43
sensitive	-1.01	1.42
water	-1.01	1.66
rains	-1.01	1.38
nail	-1.00	1.72
switching	-0.99	1.60
mask	-0.99	1.07
kenneth	-0.99	1.54
dries	-0.99	1.62
has	-0.99	1.69
proper	-0.98	3.26
slippery	-0.98	1.37
broke	-0.98	1.33
rain	-0.97	1.34
included	-0.97	1.61
drug	-0.97	1.28
photography	-0.97	1.79
circle	-0.97	1.57
switched	-0.97	1.01
frankly	-0.97	1.78
trunks	-0.97	1.49
flip	-0.96	1.59
against	-0.96	2.14
obvious	-0.96	1.54
downside	-0.96	1.63
front	-0.96	1.86
dsw	-0.95	1.50
flops	-0.95	1.58
ill-fitting	-0.95	1.17
his	-0.95	2.17
bottle	-0.95	1.54
met	-0.95	1.87
legacy	-0.94	1.68
soak	-0.93	1.66
burberry	-0.93	1.44
disposable	-0.93	1.40
speak	-0.93	2.57
rocks	-0.92	1.16
boring	-0.92	1.77
skip	-0.92	1.55
mainline	-0.92	1.58
buyer	-0.92	1.66
true	-0.92	3.46
hoodies	-0.92	1.53
seller	-0.92	1.58
rude	-0.91	1.56
apple	-0.91	1.65
slight	-0.90	1.47
load	-0.90	1.75
know	-0.89	2.94
regards	-0.89	1.69
activity	-0.89	1.26
appeal	-0.89	1.72
weird	-0.88	2.61
gel	-0.88	1.48
swim	-0.88	1.47
soaking	-0.88	1.58
smoking	-0.88	1.40
qlo	-0.87	1.27
worry	-0.87	2.61
gentle	-0.87	1.50
shift	-0.86	1.60
clear	-0.86	3.60
protect	-0.86	1.41
everyone	-0.86	1.87
pretend	-0.86	1.96
inherently	-0.86	1.75
lesser	-0.86	1.52
heavyweight	-0.85	1.59
judge	-0.85	2.44
combined	-0.85	1.31
votes	-0.85	1.53
armani	-0.85	1.40
heel	-0.85	1.43
offense	-0.85	1.38
world	-0.84	1.66
manage	-0.84	2.06
deserve	-0.84	1.62
hipster	-0.84	1.47
upload	-0.84	1.74
poorly	-0.84	1.82
polishing	-0.84	1.52
freezing	-0.84	1.45
tears	-0.83	1.50
public	-0.83	1.22
cooler	-0.83	1.64
without	-0.83	2.36
kill	-0.83	1.79
consensus	-0.83	1.73
idiot	-0.82	1.64
uncomfortable	-0.82	1.49
replacing	-0.82	1.66
logos	-0.82	1.43
rough	-0.82	1.39
talk	-0.81	1.73
wrinkling	-0.81	1.48
laundry	-0.81	1.56
anywhere	-0.81	2.22
across	-0.81	1.48
avoided	-0.81	1.48
voted	-0.81	1.69
crown	-0.80	1.42
scrub	-0.80	1.61
pullover	-0.80	1.50
jorts	-0.80	1.49
largest	-0.80	1.59
upvoted	-0.80	1.61
exist	-0.80	2.77
caught	-0.80	1.30
tell	-0.80	2.74
images	-0.80	1.73
vancouver	-0.79	1.19
hide	-0.79	1.62
showed	-0.79	1.38
doesnt	-0.79	1.81
dating	-0.79	1.94
dressed	-0.79	1.46
explain	-0.79	2.76
overnight	-0.79	1.54
justice	-0.78	1.52
taken	-0.78	1.68
cold	-0.78	1.38
significant	-0.78	1.59
stands	-0.78	1.39
affected	-0.78	1.60
assumption	-0.78	1.97
hollister	-0.78	1.51
app	-0.77	1.62
rub	-0.77	1.66
closet	-0.77	1.49
walking	-0.77	1.32
loosen	-0.77	1.60
washing	-0.77	1.51
laughed	-0.77	1.41
complaint	-0.77	1.67
bulge	-0.77	1.58
posture	-0.77	1.67
fedora	-0.77	1.49
wash	-0.77	1.49
rainy	-0.77	1.32
trees	-0.76	1.74
gucci	-0.76	1.41
gay	-0.76	1.37
jerk	-0.76	1.45
offended	-0.76	1.61
gun	-0.76	1.50
cork	-0.75	1.40
clown	-0.75	1.44
feminine	-0.75	1.76
zip	-0.75	1.49
talking	-0.74	2.24
dealing	-0.74	1.52
visible	-0.74	1.47
shame	-0.74	2.64
crack	-0.74	1.16
weather	-0.74	1.31
longevity	-0.73	1.71
internet	-0.73	1.42
cs	-0.73	1.41
acrylic	-0.73	1.48
brush	-0.73	1.59
excellent	-0.73	2.27
border	-0.73	1.30
taught	-0.73	1.11
equivalent	-0.72	1.01
goofy	-0.72	1.97
dried	-0.72	1.50
summers	-0.72	1.20
boyfriend	-0.72	2.93
cycle	-0.72	1.49
streets	-0.72	1.28
he	-0.72	1.80
device	-0.72	1.49
figure	-0.72	2.91
right	-0.71	3.22
polish	-0.71	1.45
saddle	-0.71	1.43
washer	-0.71	1.49
ideally	-0.71	1.54
ground	-0.70	1.39
using	-0.70	1.22
jumping	-0.70	1.38
quicker	-0.70	1.64
noticeably	-0.70	1.71
instagram	-0.70	1.62
someone	-0.70	1.82
bulky	-0.69	1.73
arch	-0.69	1.40
wooden	-0.69	1.40
afford	-0.69	2.65
buff	-0.69	1.54
owner	-0.68	1.06
happen	-0.68	2.84
versa	-0.68	1.33
detergent	-0.68	1.62
makeup	-0.68	1.16
rock	-0.68	2.83
sun	-0.68	1.41
recognize	-0.68	2.31
matter	-0.68	2.88
ordering	-0.67	1.51
proportions	-0.67	1.77
cross	-0.67	1.42
asking	-0.67	2.20
damp	-0.67	1.61
fleece	-0.67	1.43
sloppy	-0.67	1.97
whoever	-0.67	1.14
heat	-0.67	1.47
vision	-0.67	1.64
drying	-0.67	1.48
effects	-0.66	1.52
potential	-0.66	1.52
e.g	-0.66	1.39
fill	-0.66	1.74
traction	-0.66	1.34
human	-0.66	1.36
barefoot	-0.66	1.41
pads	-0.66	1.45
see	-0.66	2.83
she	-0.66	1.99
stance	-0.66	1.59
fool	-0.66	1.69
chilly	-0.66	1.34
call	-0.65	2.07
lower	-0.65	1.65
favor	-0.65	1.52
asshole	-0.65	1.53
apply	-0.65	1.40
kick	-0.65	1.54
hit	-0.65	1.26
table	-0.65	1.38
faster	-0.65	1.64
tree	-0.64	1.53
hence	-0.64	1.34
scratch	-0.64	1.42
upvote	-0.64	1.64
stand	-0.64	2.79
android	-0.63	1.53
huge	-0.63	1.61
justify	-0.63	2.36
logic	-0.63	2.33
hot	-0.63	1.39
accept	-0.63	2.07
limiting	-0.63	1.24
ankles	-0.63	1.51
crewneck	-0.63	1.48
iffy	-0.63	2.60
claim	-0.62	2.15
impress	-0.62	1.75
cleaner	-0.62	1.48
emulate	-0.62	1.94
pointed	-0.61	1.41
comes	-0.61	1.54
towel	-0.61	1.53
slip	-0.61	1.39
appears	-0.61	1.25
effect	-0.60	1.64
alterations	-0.60	1.61
products	-0.60	1.36
toes	-0.60	1.43
gosling	-0.60	0.86
miami	-0.60	1.26
frank	-0.60	1.46
insole	-0.60	1.38
coconut	-0.60	1.38
sizing	-0.60	1.77
china	-0.60	1.41
about	-0.60	2.57
conditioner	-0.59	1.39
clueless	-0.59	1.64
finds	-0.59	2.45
anymore	-0.59	2.70
period	-0.59	1.39
wax	-0.59	1.37
areas	-0.59	1.13
surface	-0.59	1.54
topy	-0.59	1.40
brings	-0.59	1.12
maker	-0.59	1.13
rubber	-0.59	1.39
stretching	-0.59	1.47
jones	-0.59	1.16
intend	-0.59	2.69
catch	-0.59	1.60
breaks	-0.59	1.41
theme	-0.58	1.22
enter	-0.58	1.25
oil	-0.58	1.38
maintenance	-0.58	1.51
dryer	-0.58	1.49
appealing	-0.58	1.41
becomes	-0.58	1.47
florida	-0.58	1.36
pomade	-0.58	1.41
upon	-0.58	1.60
pushed	-0.58	1.43
colder	-0.57	1.35
california	-0.57	1.35
sole	-0.57	1.37
knowing	-0.57	1.92
midwest	-0.57	1.34
paste	-0.57	1.40
hanging	-0.56	1.35
walk	-0.56	1.29
happening	-0.56	1.63
battery	-0.56	1.57
dry	-0.56	1.53
goddamn	-0.56	2.34
repair	-0.56	1.58
meet	-0.56	1.12
shrinkage	-0.56	1.50
lumberjack	-0.56	1.25
opt	-0.56	1.61
aa	-0.55	1.25
ignore	-0.55	1.55
ride	-0.55	1.44
uniform	-0.55	1.43
snag	-0.55	2.00
campus	-0.55	1.26
creasing	-0.55	1.37
rag	-0.55	1.54
graphics	-0.55	1.50
leave	-0.55	1.50
leaving	-0.55	1.45
plastic	-0.55	1.61
soles	-0.55	1.36
insert	-0.55	1.38
shrink	-0.55	1.44
grip	-0.54	1.30
shoe	-0.54	1.45
hanger	-0.54	1.42
japanese	-0.54	1.47
album	-0.54	1.68
shaving	-0.54	1.43
move	-0.54	1.83
prove	-0.54	2.22
finish	-0.54	1.31
italian	-0.54	1.42
glass	-0.54	1.37
pocket	-0.54	1.51
polyester	-0.54	1.50
decide	-0.54	2.68
wrinkly	-0.54	1.49
lens	-0.54	1.64
no-show	-0.53	1.54
rings	-0.53	1.38
selection	-0.53	1.91
loud	-0.53	1.59
asia	-0.53	1.36
ruining	-0.53	1.55
lightly	-0.53	1.52
labor	-0.53	1.45
hang	-0.53	1.48
asked	-0.53	1.55
doctor	-0.53	1.15
soled	-0.53	1.41
care	-0.53	2.13
consider	-0.53	2.41
admit	-0.53	1.94
died	-0.53	1.01
op	-0.53	2.21
condition	-0.53	1.42
action	-0.52	1.46
nose	-0.52	1.48
lug	-0.52	1.36
folk	-0.52	1.38
teach	-0.52	1.43
worrying	-0.52	1.52
waterproofing	-0.52	1.37
blood	-0.52	1.53
temperature	-0.52	1.35
neighborhood	-0.52	1.18
necessarily	-0.52	2.38
toebox	-0.52	1.46
noticeable	-0.51	1.59
applied	-0.51	1.35
vibram	-0.51	1.36
issue	-0.51	1.82
storm	-0.51	1.36
sitting	-0.51	1.49
determine	-0.51	2.34
lexol	-0.51	1.12
matte	-0.51	1.39
needs	-0.51	1.41
boxes	-0.51	1.35
factories	-0.51	1.39
treat	-0.50	1.62
ensure	-0.50	1.49
mink	-0.50	1.36
does	-0.50	2.21
jump	-0.50	1.77
lvc	-0.50	1.44
strong	-0.50	1.43
product	-0.50	1.44
laugh	-0.50	1.42
where	-0.50	2.69
anything	-0.50	2.51
fibers	-0.50	1.41
improved	-0.50	1.55
level	-0.49	1.43
notice	-0.49	2.45
additionally	-0.49	1.48
manufacturers	-0.49	1.42
imgur	-0.49	1.67
outsole	-0.49	1.36
wedge	-0.49	1.40
explaining	-0.49	2.25
offerings	-0.49	1.15
lacoste	-0.49	1.32
said	-0.49	1.66
haters	-0.49	2.75
cover	-0.49	1.53
bootcut	-0.48	1.42
than	-0.48	1.72
comb	-0.48	1.43
chair	-0.48	1.56
ironing	-0.48	1.47
elbows	-0.48	1.51
optional	-0.48	1.28
northern	-0.48	1.10
dior	-0.48	1.28
blends	-0.48	1.50
blow	-0.48	1.45
homeless	-0.48	0.98
bleed	-0.48	1.60
qualities	-0.48	1.43
bits	-0.48	1.44
tongue	-0.48	1.38
labeled	-0.48	1.57
image	-0.48	1.62
odds	-0.47	1.26
bunching	-0.47	1.53
socal	-0.47	1.25
logo	-0.47	1.38
klein	-0.47	1.23
calvin	-0.47	1.23
altogether	-0.47	1.61
steam	-0.47	1.45
conditioning	-0.47	1.38
smooth	-0.47	1.45
pronounced	-0.47	1.54
levels	-0.46	1.46
toe	-0.46	1.43
doubt	-0.46	2.25
pull	-0.46	2.60
seal	-0.46	1.35
show	-0.46	2.00
discontinued	-0.46	1.80
machine	-0.46	1.44
drunk	-0.46	1.47
teenager	-0.46	1.09
sunny	-0.46	1.31
application	-0.46	1.36
demand	-0.46	1.39
indoors	-0.46	1.31
tts	-0.46	1.93
clearly	-0.46	1.55
equal	-0.46	1.47
america	-0.46	1.33
lugged	-0.46	1.34
changing	-0.46	1.59
pride	-0.46	1.27
whether	-0.46	2.63
chicago	-0.46	1.13
obenauf	-0.46	1.37
holes	-0.45	1.28
shooting	-0.45	1.48
etc	-0.45	1.24
southern	-0.45	1.15
sample	-0.45	1.41
deep	-0.45	1.35
costume	-0.45	0.82
crepe	-0.45	1.38
society	-0.45	1.38
humidity	-0.45	1.32
norse	-0.45	1.39
climate	-0.45	1.55
accepted	-0.45	1.26
grab	-0.45	2.18
concrete	-0.44	1.50
wearing	-0.44	2.39
desk	-0.44	1.46
applying	-0.44	1.31
countries	-0.44	1.35
ryan	-0.44	0.88
somebody	-0.44	1.68
outside	-0.44	1.42
royal	-0.44	1.35
irl	-0.44	1.59
minor	-0.44	1.51
hangers	-0.44	1.48
backwards	-0.44	1.24
risky	-0.44	1.79
differently	-0.44	1.54
fading	-0.44	1.41
chances	-0.44	1.93
suggest	-0.44	2.18
practically	-0.44	1.53
afterwards	-0.44	1.50
perry	-0.44	1.38
blank	-0.43	1.30
sea	-0.43	1.37
rate	-0.43	1.51
view	-0.43	1.64
resole	-0.43	1.38
synthetic	-0.43	1.45
relative	-0.43	1.31
lp	-0.43	1.35
heck	-0.43	1.71
tee	-0.43	1.35
train	-0.43	1.35
coating	-0.43	1.43
ring	-0.43	1.42
house	-0.43	1.15
graphic	-0.43	1.34
remember	-0.42	2.72
pinterest	-0.42	1.54
coin	-0.42	1.51
widely	-0.42	1.33
discussing	-0.42	1.79
badly	-0.42	1.71
cargo	-0.42	1.32
shiny	-0.42	1.43
chubbies	-0.42	1.24
nor	-0.42	1.78
stitched	-0.42	1.39
buckle	-0.42	1.35
neon	-0.42	1.45
crowd	-0.42	1.33
click	-0.42	1.22
tom	-0.41	1.19
contribute	-0.41	1.45
dc	-0.41	1.13
lookbook	-0.41	1.58
recall	-0.41	2.52
teenagers	-0.41	1.20
how	-0.41	2.66
treatment	-0.41	1.40
expect	-0.41	2.53
describe	-0.41	2.50
commenting	-0.41	1.92
implying	-0.41	1.95
page	-0.41	1.35
refer	-0.41	1.51
hood	-0.41	1.35
attached	-0.41	1.43
metal	-0.41	1.45
darken	-0.41	1.34
soda	-0.40	1.48
printed	-0.40	1.39
pleats	-0.40	1.46
downvoted	-0.40	2.18
apologize	-0.40	1.87
fiber	-0.40	1.37
bulbous	-0.40	1.45
instead	-0.40	2.23
longest	-0.40	1.65
poly	-0.40	1.48
total	-0.40	1.55
irrelevant	-0.40	1.54
overseas	-0.40	1.40
shine	-0.40	1.39
texas	-0.40	1.18
re	-0.40	2.73
onto	-0.40	1.45
amount	-0.40	1.56
supposedly	-0.40	1.46
hawaiian	-0.40	1.33
corner	-0.40	1.49
fix	-0.40	1.75
patches	-0.40	1.33
labels	-0.40	1.43
circumstances	-0.40	1.69
maximum	-0.40	1.37
through	-0.40	1.33
portion	-0.39	1.38
nick	-0.39	1.11
sock	-0.39	1.44
country	-0.39	1.33
find	-0.39	2.62
curious	-0.39	2.60
stops	-0.39	1.60
amounts	-0.39	1.52
sit	-0.39	1.60
tattoos	-0.39	1.41
assuming	-0.39	2.68
push	-0.39	1.64
lake	-0.39	1.24
shrunk	-0.39	1.40
expectations	-0.39	1.40
baking	-0.39	1.65
dressing	-0.39	1.61
styling	-0.39	1.37
canada	-0.39	1.57
bust	-0.39	1.43
dead	-0.39	1.57
expected	-0.38	1.71
door	-0.38	1.47
removable	-0.38	1.37
stitch	-0.38	1.36
plan	-0.38	2.30
t-shirt	-0.38	1.36
doing	-0.38	2.51
cleaned	-0.38	1.49
dont	-0.38	2.51
slide	-0.38	1.64
left	-0.38	1.91
upper	-0.38	1.39
strip	-0.38	1.28
burn	-0.38	1.41
crease	-0.38	1.43
increase	-0.38	1.53
zone	-0.38	1.41
periods	-0.38	1.38
access	-0.38	1.58
tank	-0.38	1.27
pops	-0.38	1.25
magic	-0.38	1.61
behind	-0.38	1.87
gatsby	-0.37	1.33
signs	-0.37	1.35
live	-0.37	1.06
norway	-0.37	1.62
tiger	-0.37	1.38
creating	-0.37	1.55
nyc	-0.37	1.14
gold	-0.37	1.31
bend	-0.37	1.39
henley	-0.37	1.39
washed	-0.37	1.39
heather	-0.37	1.40
blend	-0.37	1.47
production	-0.37	1.39
acid	-0.37	1.32
significantly	-0.37	1.71
keys	-0.37	1.58
apparently	-0.37	1.87
resoled	-0.36	1.38
ons	-0.36	1.37
making	-0.36	2.05
socks	-0.36	1.48
risk	-0.36	1.83
starts	-0.36	1.51
bored	-0.36	1.54
covers	-0.36	1.48
breathe	-0.36	1.71
wrists	-0.36	1.45
hooded	-0.36	1.30
acceptable	-0.35	1.46
priority	-0.35	1.35
opposite	-0.35	1.97
francisco	-0.35	1.13
quit	-0.35	1.54
korea	-0.35	1.34
aka	-0.35	1.06
aside	-0.35	1.50
espadrilles	-0.35	1.34
bummer	-0.35	2.65
boston	-0.35	1.14
tired	-0.35	1.39
people	-0.35	1.81
brand	-0.35	1.57
sperries	-0.35	1.31
hung	-0.35	1.39
regret	-0.35	2.19
finger	-0.34	1.45
tag	-0.34	1.32
trouble	-0.34	2.22
use	-0.34	1.45
intense	-0.34	1.32
rep	-0.34	1.21
bone	-0.34	1.38
test	-0.34	1.52
energy	-0.34	1.45
workers	-0.34	1.38
south	-0.34	1.10
buffalo	-0.34	1.05
influence	-0.34	1.69
fur	-0.34	1.32
ca	-0.34	2.53
vent	-0.34	1.39
stuck	-0.34	1.83
san	-0.34	1.11
instance	-0.34	1.11
lenses	-0.34	1.65
giant	-0.34	1.34
interior	-0.34	1.36
hilfiger	-0.34	1.27
universal	-0.34	1.77
australia	-0.34	1.55
raise	-0.34	1.42
seattle	-0.33	1.16
room	-0.33	1.46
switch	-0.33	1.91
tanks	-0.33	1.26
tumblr	-0.33	1.52
towards	-0.33	1.45
city	-0.33	1.15
inspo	-0.33	1.65
settle	-0.33	2.46
native	-0.33	1.26
busy	-0.33	1.77
oversized	-0.33	1.44
laptop	-0.33	1.49
commando	-0.33	1.31
stitches	-0.33	1.31
attention	-0.33	1.77
cargos	-0.33	1.34
kid	-0.33	1.14
zippers	-0.33	1.35
fire	-0.33	1.26
stop	-0.33	2.18
intentional	-0.33	1.86
gave	-0.33	1.23
varies	-0.33	1.74
label	-0.33	1.18
temperatures	-0.32	1.28
full	-0.32	1.46
higher	-0.32	1.71
collabs	-0.32	1.31
prints	-0.32	1.48
philosophy	-0.32	1.26
york	-0.32	1.16
pizza	-0.32	1.38
austin	-0.32	1.14
steel	-0.32	1.32
person	-0.32	1.64
replace	-0.32	1.72
inside	-0.32	1.44
referring	-0.32	2.27
impulse	-0.32	1.51
ankle	-0.32	1.43
allowing	-0.32	1.48
competition	-0.32	1.30
nylon	-0.32	1.39
tommy	-0.32	1.27
mint	-0.32	1.38
track	-0.31	1.84
dimensions	-0.31	1.54
pinch	-0.31	1.44
self	-0.31	1.51
direct	-0.31	1.39
road	-0.31	1.23
hats	-0.31	1.21
lay	-0.31	1.40
mistaken	-0.31	1.83
belly	-0.31	1.47
false	-0.31	1.86
flat	-0.31	1.38
protection	-0.31	1.33
seam	-0.31	1.40
creases	-0.31	1.40
summery	-0.31	1.68
take	-0.31	2.07
harder	-0.31	1.62
flatter	-0.31	1.52
shelf	-0.31	1.40
asian	-0.31	1.30
duty	-0.31	1.36
zipper	-0.31	1.43
made	-0.31	1.35
sits	-0.30	1.45
tighten	-0.30	1.55
randomly	-0.30	1.32
describing	-0.30	2.17
volume	-0.30	1.37
cloth	-0.30	1.47
europe	-0.30	1.40
wallet	-0.30	1.54
tier	-0.30	1.47
attitude	-0.30	1.44
resistance	-0.30	1.41
wings	-0.30	1.32
side	-0.30	1.55
cream	-0.30	1.36
wrinkles	-0.30	1.59
genuinely	-0.30	1.71
alter	-0.30	1.81
cobbler	-0.30	1.45
motivation	-0.30	1.65
tshirts	-0.30	1.32
rounded	-0.30	1.43
admittedly	-0.29	1.72
worth	-0.29	2.14
pulls	-0.29	1.26
strike	-0.29	1.44
stafford	-0.29	1.36
fees	-0.29	1.41
wingtip	-0.29	1.37
manager	-0.29	1.13
u.s	-0.29	1.40
minimum	-0.29	1.36
coast	-0.29	1.09
hardware	-0.29	1.29
hardly	-0.29	1.73
houston	-0.29	1.14
cater	-0.29	1.61
because	-0.29	2.66
alternatively	-0.29	1.43
shorts	-0.29	1.30
famous	-0.29	1.75
i.e	-0.29	1.42
therefore	-0.29	1.44
suspect	-0.29	1.82
ripped	-0.29	1.22
boat	-0.29	1.35
parts	-0.29	1.37
brannock	-0.28	1.46
performance	-0.28	1.33
value	-0.28	1.57
understanding	-0.28	1.84
instantly	-0.28	1.42
terms	-0.28	1.57
downtown	-0.28	1.15
warmer	-0.28	1.38
accessories	-0.28	1.39
minimal	-0.28	1.52
hugo	-0.28	1.30
bucket	-0.28	1.30
padded	-0.28	1.36
young	-0.28	1.05
panel	-0.28	1.24
taxes	-0.28	1.43
naked	-0.28	1.74
star	-0.28	1.36
area	-0.28	1.15
mental	-0.28	1.39
covering	-0.28	1.41
aggressive	-0.28	1.41
uk	-0.28	1.50
round	-0.28	1.38
fight	-0.28	1.36
narrow	-0.28	1.49
their	-0.28	2.64
states	-0.28	1.34
drinking	-0.28	1.23
north	-0.28	1.10
recommend	-0.28	2.35
portland	-0.28	1.16
anyone	-0.27	1.74
italy	-0.27	1.32
we	-0.27	2.37
padding	-0.27	1.39
semester	-0.27	1.12
entire	-0.27	1.48
charged	-0.27	1.47
hidden	-0.27	1.40
chest	-0.27	1.46
vineyard	-0.27	1.24
living	-0.27	1.06
ppl	-0.27	1.60
differences	-0.27	1.65
styled	-0.27	1.40
edge	-0.27	1.26
virtually	-0.27	1.51
repeat	-0.27	1.44
mark	-0.27	1.32
carry	-0.27	1.51
guns	-0.27	1.38
jackthreads	-0.27	1.47
generally	-0.27	1.54
record	-0.27	1.63
chin	-0.27	1.44
system	-0.27	1.36
monks	-0.26	1.37
via	-0.26	1.36
exceptions	-0.26	1.70
pressure	-0.26	1.44
ts	-0.26	1.30
box	-0.26	1.35
goose	-0.26	1.27
pockets	-0.26	1.44
inner	-0.26	1.36
downvote	-0.26	1.92
vines	-0.26	1.23
wine	-0.26	1.27
headed	-0.26	1.41
showing	-0.26	1.42
glue	-0.26	1.38
percentage	-0.26	1.36
sew	-0.26	1.34
spare	-0.26	1.56
jewelry	-0.26	1.36
laying	-0.26	1.51
flap	-0.26	1.43
specifically	-0.26	2.27
wingtips	-0.26	1.37
cleaners	-0.26	1.35
overkill	-0.26	1.73
ivy	-0.26	1.04
tshirt	-0.25	1.34
desired	-0.25	1.63
safety	-0.25	1.40
him	-0.25	1.57
east	-0.25	1.20
whatever	-0.25	2.49
ex	-0.25	2.55
improvement	-0.25	1.52
zero	-0.25	1.57
central	-0.25	1.09
t-shirts	-0.25	1.31
linked	-0.25	1.26
germany	-0.25	1.42
stylist	-0.25	1.14
ebbets	-0.25	1.21
undone	-0.25	1.44
netherlands	-0.25	1.40
velva	-0.25	1.43
whereas	-0.25	1.16
objective	-0.25	2.18
birks	-0.25	1.46
cup	-0.25	1.26
overwhelming	-0.25	1.51
surprising	-0.25	1.35
drink	-0.24	1.23
model	-0.24	1.90
vote	-0.24	1.60
boxy	-0.24	1.64
carrying	-0.24	1.39
applies	-0.24	1.84
lauren	-0.24	1.24
ships	-0.24	1.47
fly	-0.24	1.46
sheen	-0.24	1.45
core	-0.24	1.36
wouldnt	-0.24	2.07
sat	-0.24	1.36
loop	-0.24	1.40
loops	-0.24	1.37
start	-0.24	2.20
rent	-0.24	1.38
refund	-0.24	1.44
tend	-0.24	1.52
mobile	-0.24	1.56
prl	-0.24	1.26
cashmere	-0.24	1.41
buy	-0.24	2.49
arms	-0.24	1.54
middle	-0.24	1.72
ralph	-0.24	1.24
lived	-0.24	1.06
sans	-0.24	1.49
make	-0.23	2.45
space	-0.23	1.48
adds	-0.23	1.56
reach	-0.23	1.48
folded	-0.23	1.41
drops	-0.23	1.45
japan	-0.23	1.36
monk	-0.23	1.36
ironed	-0.23	1.46
spend	-0.23	1.80
smile	-0.23	1.52
madison	-0.23	1.26
wrist	-0.23	1.38
contact	-0.23	1.33
implies	-0.23	1.76
includes	-0.23	1.57
threw	-0.23	1.19
welt	-0.23	1.32
wondering	-0.23	2.51
fact	-0.23	2.53
alone	-0.23	1.69
hits	-0.23	1.33
ir	-0.23	1.31
la	-0.22	1.10
hands	-0.22	1.54
hook	-0.22	1.37
hotel	-0.22	1.30
western	-0.22	1.19
caps	-0.22	1.23
downvotes	-0.22	1.86
ymmv	-0.22	1.66
usa	-0.22	1.31
distressed	-0.22	1.34
jumper	-0.22	1.37
intention	-0.22	2.20
failed	-0.22	1.24
loafer	-0.22	1.34
folding	-0.22	1.35
achieve	-0.22	1.74
truth	-0.22	1.92
hold	-0.22	1.37
<SPECIAL>	-0.22	1.19
<URL>	-0.22	1.19
tags	-0.22	1.39
creates	-0.22	1.55
anybody	-0.22	1.65
sandals	-0.22	1.33
pay	-0.22	1.74
stitching	-0.22	1.38
silver	-0.22	1.29
sherman	-0.22	1.31
food	-0.22	1.28
trend	-0.22	1.45
teeth	-0.22	1.35
spain	-0.22	1.36
ck	-0.22	1.21
state	-0.22	1.07
drawing	-0.22	1.37
tees	-0.22	1.30
request	-0.22	1.76
thus	-0.22	1.47
strangers	-0.22	1.60
replacement	-0.22	1.41
sperrys	-0.22	1.33
band	-0.22	1.44
apc	-0.21	1.38
concern	-0.21	1.70
tends	-0.21	1.58
being	-0.21	1.74
wrap	-0.21	1.54
itt	-0.21	1.32
zips	-0.21	1.37
depend	-0.21	1.96
v	-0.21	1.30
t	-0.21	1.31
structured	-0.21	1.36
wonder	-0.21	2.68
puffy	-0.21	1.38
girl	-0.21	1.64
charge	-0.21	1.55
laughing	-0.21	1.49
useless	-0.21	1.76
henleys	-0.21	1.31
extended	-0.21	1.32
necks	-0.21	1.29
us	-0.21	1.51
supreme	-0.21	1.27
change	-0.21	1.96
price	-0.21	1.59
baker	-0.21	1.30
raining	-0.21	1.31
degrees	-0.21	1.33
put	-0.20	1.81
fred	-0.20	1.30
arizona	-0.20	1.22
polos	-0.20	1.29
located	-0.20	1.19
bay	-0.20	1.14
customs	-0.20	1.40
act	-0.20	1.25
halfway	-0.20	1.32
v-neck	-0.20	1.32
vests	-0.20	1.27
tail	-0.20	1.51
cap	-0.20	1.27
sweater	-0.20	1.37
identify	-0.20	2.06
developed	-0.20	1.33
patent	-0.20	1.30
bring	-0.20	2.10
aim	-0.20	1.74
prominent	-0.20	1.28
profit	-0.20	1.39
ask	-0.20	1.64
tax	-0.20	1.48
curve	-0.20	1.44
somewhere	-0.20	2.00
swap	-0.20	1.68
sleeve	-0.20	1.47
rrl	-0.20	1.32
theirs	-0.20	1.36
draw	-0.20	1.56
england	-0.20	1.26
bracelets	-0.20	1.28
denmark	-0.20	1.49
reality	-0.19	1.68
hike	-0.19	1.15
near	-0.19	1.30
complaints	-0.19	1.22
cant	-0.19	1.88
produced	-0.19	1.42
bass	-0.19	1.35
depending	-0.19	2.04
replaced	-0.19	1.37
laurent	-0.19	1.18
refuse	-0.19	1.80
social	-0.19	1.34
spent	-0.19	1.70
locations	-0.19	1.23
hat	-0.19	1.21
compromise	-0.19	1.98
moto	-0.19	1.29
autumn	-0.19	1.25
impact	-0.19	1.60
vents	-0.19	1.41
talked	-0.19	1.38
criteria	-0.19	1.96
seams	-0.19	1.33
warmth	-0.19	1.47
fade	-0.19	1.57
honestly	-0.19	2.28
stretch	-0.19	1.42
beer	-0.19	1.27
ultimately	-0.19	1.89
penny	-0.19	1.32
growth	-0.19	1.36
reason	-0.19	2.48
upvotes	-0.19	1.61
bothered	-0.19	1.88
scoop	-0.19	1.30
boss	-0.19	1.08
anchor	-0.19	1.35
favorites	-0.19	1.39
eu	-0.19	1.44
ditch	-0.19	1.61
v-necks	-0.19	1.28
intentionally	-0.19	1.51
welted	-0.19	1.34
goodyear	-0.18	1.34
bridge	-0.18	1.33
ties	-0.18	1.36
students	-0.18	1.09
allen	-0.18	1.34
eyes	-0.18	1.41
cities	-0.18	1.13
down	-0.18	1.97
edmonds	-0.18	1.34
clips	-0.18	1.31
exception	-0.18	1.51
suspenders	-0.18	1.42
solved	-0.18	1.56
overdressed	-0.18	1.35
literally	-0.18	1.76
go-to	-0.18	1.38
prescription	-0.18	1.27
carhartt	-0.18	1.29
ship	-0.18	1.47
retailer	-0.18	1.40
euro	-0.18	1.54
square	-0.18	1.45
produce	-0.18	1.44
math	-0.18	1.12
settled	-0.18	1.31
come	-0.18	2.12
offers	-0.17	1.37
toss	-0.17	1.61
sleeping	-0.17	1.39
kanye	-0.17	0.85
glance	-0.17	1.45
se	-0.17	1.44
matches	-0.17	1.95
weirdly	-0.17	1.81
easier	-0.17	1.71
recommended	-0.17	1.20
competitive	-0.17	1.26
graduated	-0.17	1.03
floral	-0.17	1.41
income	-0.17	1.47
initial	-0.17	1.44
speed	-0.17	1.42
bracelet	-0.17	1.27
wool	-0.17	1.41
tab	-0.17	1.41
cufflinks	-0.17	1.37
vary	-0.17	1.69
holiday	-0.17	0.94
stopped	-0.17	1.91
flare	-0.17	1.45
paypal	-0.17	1.48
costs	-0.17	1.55
rolling	-0.17	1.48
return	-0.16	1.57
vamp	-0.16	1.38
beckman	-0.16	1.32
shadow	-0.16	1.41
extend	-0.16	1.56
lambswool	-0.16	1.41
directly	-0.16	1.31
going	-0.16	2.51
laced	-0.16	1.40
london	-0.16	1.19
company	-0.16	1.30
cost	-0.16	1.68
demographic	-0.16	1.14
emphasis	-0.16	1.35
bill	-0.16	1.43
ss	-0.16	1.41
advise	-0.16	2.05
ends	-0.16	1.43
thermal	-0.16	1.33
laces	-0.16	1.49
stopping	-0.16	1.95
concerns	-0.16	1.57
mainstream	-0.16	1.37
ups	-0.16	1.36
thickness	-0.16	1.55
lying	-0.16	1.41
general	-0.16	1.59
ray	-0.16	1.12
essentials	-0.16	1.18
vegas	-0.16	1.08
bed	-0.16	1.28
retail	-0.16	1.59
eyelets	-0.16	1.33
france	-0.16	1.33
irs	-0.15	1.31
vice	-0.15	1.37
science	-0.15	1.24
le	-0.15	1.13
manufacturer	-0.15	1.40
center	-0.15	1.33
lasts	-0.15	1.31
sound	-0.15	1.68
beckmans	-0.15	1.32
straps	-0.15	1.29
distance	-0.15	1.34
moving	-0.15	1.18
barber	-0.15	1.30
realistically	-0.15	2.19
clip	-0.15	1.41
depends	-0.15	2.09
schools	-0.15	1.06
chippewas	-0.15	1.31
undershirt	-0.15	1.33
darts	-0.15	1.51
tucking	-0.15	1.48
invest	-0.15	1.87
save	-0.15	1.90
support	-0.15	1.32
want	-0.15	2.49
war	-0.15	1.18
elbow	-0.14	1.44
pleated	-0.14	1.41
silk	-0.14	1.39
owning	-0.14	1.28
shipping	-0.14	1.43
critical	-0.14	1.26
loafers	-0.14	1.32
moved	-0.14	1.03
away	-0.14	1.75
amber	-0.14	1.34
in-store	-0.14	1.63
putting	-0.14	1.74
kit	-0.14	1.27
car	-0.14	1.28
mentioning	-0.14	1.76
nicer	-0.14	1.67
harm	-0.14	1.71
begin	-0.14	1.70
undo	-0.14	1.48
buttons	-0.14	1.37
polarized	-0.14	1.29
ticket	-0.14	1.35
fossil	-0.14	1.30
race	-0.14	1.49
patch	-0.14	1.37
beanie	-0.14	1.29
jos	-0.14	1.32
paris	-0.14	1.14
paying	-0.14	1.75
throw	-0.14	1.90
turn	-0.14	1.91
bear	-0.14	1.70
keep	-0.14	2.03
michael	-0.14	1.25
tightness	-0.14	1.48
liner	-0.14	1.36
drinks	-0.14	1.04
norm	-0.14	1.33
bold	-0.14	1.49
clubmasters	-0.14	1.15
redwings	-0.14	1.32
drop	-0.14	1.79
education	-0.14	1.23
effectively	-0.13	1.48
dr	-0.13	1.37
a.p.c	-0.13	1.34
frye	-0.13	1.31
below	-0.13	1.39
katahdins	-0.13	1.33
street	-0.13	1.25
obsessed	-0.13	1.34
learn	-0.13	1.59
ny	-0.13	1.19
frequently	-0.13	1.48
joggers	-0.13	1.36
sewn	-0.13	1.45
lace	-0.13	1.39
34	-0.13	1.40
profile	-0.13	1.42
limit	-0.13	1.44
explicitly	-0.13	1.78
sometimes	-0.13	1.79
fee	-0.13	1.46
33	-0.13	1.40
throwing	-0.13	1.61
tokyo	-0.13	1.16
bias	-0.13	1.48
define	-0.13	1.94
rangers	-0.13	1.31
neck	-0.13	1.34
length	-0.13	1.48
stacking	-0.13	1.71
chukka	-0.13	1.33
benefits	-0.13	1.43
get	-0.12	2.46
reputable	-0.12	1.38
smallest	-0.12	1.40
legitimate	-0.12	1.87
1ks	-0.12	1.33
redwing	-0.12	1.32
dollar	-0.12	1.70
audience	-0.12	1.26
bow	-0.12	1.32
reaction	-0.12	1.48
complimented	-0.12	1.30
breaking	-0.12	1.61
paid	-0.12	1.63
washes	-0.12	1.06
forth	-0.12	1.29
layered	-0.12	1.34
reasonable	-0.12	1.83
basically	-0.12	2.02
rw	-0.12	1.31
proxy	-0.12	1.50
coffee	-0.12	1.24
comparable	-0.12	1.76
culture	-0.12	1.34
above	-0.12	1.40
insurance	-0.12	1.39
iron	-0.12	1.31
chunky	-0.12	1.44
compared	-0.12	1.58
cry	-0.12	1.23
vanity	-0.12	1.42
squares	-0.12	1.39
39	-0.12	1.38
cuffing	-0.12	1.50
underneath	-0.12	1.36
wing	-0.11	1.31
stretches	-0.11	1.42
international	-0.11	1.32
cuffed	-0.11	1.46
lie	-0.11	1.75
sleeved	-0.11	1.38
copy	-0.11	1.30
american	-0.11	1.29
stretched	-0.11	1.39
camo	-0.11	1.30
thorogood	-0.11	1.32
pinroll	-0.11	1.51
chippewa	-0.11	1.31
wolverines	-0.11	1.31
button-ups	-0.11	1.35
frames	-0.11	1.32
horizontal	-0.11	1.46
dangerous	-0.11	1.36
grew	-0.11	0.97
36	-0.11	1.41
pushing	-0.11	1.43
disagree	-0.11	2.30
elastic	-0.11	1.41
rolls	-0.11	1.42
x	-0.11	1.19
shortening	-0.11	1.55
360	-0.11	1.25
guarantee	-0.11	1.62
apaches	-0.11	1.32
dropping	-0.11	1.77
degree	-0.11	1.17
university	-0.11	1.07
toward	-0.11	1.43
rely	-0.11	1.53
scale	-0.11	1.41
following	-0.11	1.55
32	-0.10	1.40
1k	-0.10	1.31
falls	-0.10	1.17
umbrella	-0.10	1.45
cuff	-0.10	1.50
her	-0.10	1.65
gbv	-0.10	1.33
afaik	-0.10	1.28
european	-0.10	1.37
ps	-0.10	1.40
ace	-0.10	1.28
31	-0.10	1.40
hem	-0.10	1.48
incorporate	-0.10	2.02
returning	-0.10	1.78
red	-0.10	1.32
fingers	-0.10	1.47
googling	-0.10	1.18
around	-0.10	1.60
rip	-0.10	1.32
lady	-0.10	1.50
chain	-0.10	1.31
bank	-0.10	1.33
roll	-0.10	1.46
mile	-0.10	1.31
accentuate	-0.10	1.50
undershirts	-0.10	1.18
father	-0.10	1.52
pop	-0.10	1.43
offered	-0.10	1.19
bands	-0.10	1.38
purchasing	-0.09	1.83
shorten	-0.09	1.55
hug	-0.09	1.53
penfield	-0.09	1.24
downs	-0.09	1.34
reflect	-0.09	1.73
maine	-0.09	1.26
guessing	-0.09	2.33
knitwear	-0.09	1.33
inseams	-0.09	1.39
visited	-0.09	1.07
tourist	-0.09	1.21
motion	-0.09	1.38
constantly	-0.09	1.77
functionality	-0.09	1.52
cuffs	-0.09	1.47
ocbds	-0.09	1.32
fail	-0.09	1.76
online	-0.09	1.71
rl	-0.09	1.27
airism	-0.09	1.13
stomach	-0.09	1.49
waistband	-0.09	1.41
dyed	-0.09	1.33
37	-0.09	1.40
stock	-0.09	1.62
sweden	-0.09	1.37
heart	-0.09	1.37
pick	-0.09	2.34
underwear	-0.09	1.13
carefully	-0.09	1.68
moc	-0.09	1.32
shortened	-0.09	1.55
pen	-0.09	1.50
branch	-0.09	2.01
marked	-0.09	1.44
upwards	-0.09	1.76
cheaply	-0.09	1.62
spandex	-0.09	1.31
lining	-0.09	1.37
spending	-0.09	1.80
flow	-0.09	1.38
wolverine	-0.09	1.31
followed	-0.09	1.31
euros	-0.09	1.62
did	-0.09	2.50
wise	-0.09	1.81
baggy	-0.09	1.53
parka	-0.09	1.27
pulling	-0.09	1.58
bags	-0.09	1.29
undercut	-0.08	1.36
msrp	-0.08	1.64
parkas	-0.08	1.26
layering	-0.08	1.30
back	-0.08	1.87
wide	-0.08	1.48
scarves	-0.08	1.33
brought	-0.08	1.16
waist	-0.08	1.42
grade	-0.08	1.21
strap	-0.08	1.28
size	-0.08	1.49
movement	-0.08	1.36
oxfords	-0.08	1.35
sperry	-0.08	1.35
bus	-0.08	1.29
mass	-0.08	1.42
aspect	-0.08	1.42
footwear	-0.08	1.46
ended	-0.08	2.02
placket	-0.08	1.43
sweaters	-0.08	1.35
apache	-0.08	1.31
brain	-0.08	1.62
rolled	-0.08	1.47
unbutton	-0.08	1.44
pure	-0.08	1.38
pin	-0.08	1.40
rise	-0.08	1.43
messy	-0.08	1.46
bucks	-0.08	1.60
greater	-0.08	1.52
aged	-0.08	1.08
2nd	-0.08	1.70
tear	-0.08	1.31
boxers	-0.08	0.96
mortar	-0.08	1.32
animal	-0.08	1.16
standard	-0.08	1.39
rakuten	-0.08	1.54
crotch	-0.08	1.41
quilted	-0.07	1.28
beanies	-0.07	1.29
health	-0.07	1.33
paper	-0.07	1.33
hairstyle	-0.07	1.40
keeping	-0.07	1.56
lacing	-0.07	1.37
faces	-0.07	1.30
tapering	-0.07	1.50
breast	-0.07	1.39
merino	-0.07	1.40
united	-0.07	1.28
brass	-0.07	1.08
bowtie	-0.07	1.36
saved	-0.07	1.61
wip	-0.07	1.29
kids	-0.07	1.06
thoroughly	-0.07	1.29
experience	-0.07	1.59
returns	-0.07	1.38
peacoats	-0.07	1.22
cardigans	-0.07	1.34
outerwear	-0.07	1.26
katahdin	-0.07	1.32
polo	-0.07	1.26
alexander	-0.07	1.12
fabrics	-0.07	1.47
chunkier	-0.06	1.43
force	-0.06	1.34
dollars	-0.06	1.67
park	-0.06	1.28
thinsulate	-0.06	1.33
locally	-0.06	1.78
market	-0.06	1.39
aes	-0.06	1.46
jokes	-0.06	1.38
holds	-0.06	1.39
fear	-0.06	1.56
biceps	-0.06	1.46
untuck	-0.06	1.43
beach	-0.06	1.10
base	-0.06	1.36
adding	-0.06	1.57
slp	-0.06	1.21
slimmed	-0.06	1.54
shirts	-0.06	1.34
collared	-0.06	1.37
customers	-0.06	1.34
bars	-0.06	1.16
picking	-0.06	1.88
cases	-0.06	1.47
warrant	-0.06	1.85
hemmed	-0.06	1.57
docs	-0.06	1.36
tiny	-0.06	1.55
thumb	-0.06	1.48
agree	-0.06	2.99
saving	-0.06	1.89
400	-0.06	1.76
sides	-0.06	1.43
element	-0.06	1.43
raised	-0.06	1.17
employees	-0.06	1.20
tuck	-0.06	1.63
gitman	-0.06	1.30
counter	-0.06	1.34
38	-0.06	1.41
oddly	-0.06	1.72
print	-0.06	1.42
baseball	-0.05	1.11
overweight	-0.05	1.16
trade	-0.05	1.43
frame	-0.05	1.36
argument	-0.05	2.17
button-up	-0.05	1.38
peacoat	-0.05	1.26
fold	-0.05	1.30
prices	-0.05	1.51
teacher	-0.05	1.02
bombers	-0.05	1.26
unbuttoned	-0.05	1.42
buttoning	-0.05	1.44
sell	-0.05	1.67
golden	-0.05	1.35
bringing	-0.05	1.60
indigo	-0.05	1.38
avenue	-0.05	1.33
exchange	-0.05	1.40
police	-0.05	1.24
decisions	-0.05	1.79
hip	-0.05	1.36
clue	-0.05	2.19
punk	-0.05	1.37
boots	-0.05	1.33
bland	-0.05	1.66
shaped	-0.05	1.46
boutique	-0.05	1.33
wherever	-0.05	1.46
outer	-0.05	1.36
midsection	-0.05	1.57
sold	-0.05	1.77
nipples	-0.05	1.30
getting	-0.05	1.95
strand	-0.05	1.35
air	-0.05	1.34
29	-0.05	1.36
sellers	-0.05	1.42
really	-0.05	2.43
block	-0.05	1.38
press	-0.04	1.32
usd	-0.04	1.58
reached	-0.04	1.19
hanes	-0.04	1.16
graduate	-0.04	1.08
jazz	-0.04	1.38
knots	-0.04	1.34
steps	-0.04	1.39
button	-0.04	1.44
shirt	-0.04	1.39
knife	-0.04	1.42
paisley	-0.04	1.38
factor	-0.04	1.52
conditioned	-0.04	1.38
town	-0.04	1.10
pointer	-0.04	1.30
jackets	-0.04	1.26
1000	-0.04	1.47
trial	-0.04	1.36
reddit	-0.04	1.37
bills	-0.04	1.39
buying	-0.04	1.98
versus	-0.04	1.51
stronger	-0.04	1.45
during	-0.04	1.25
tied	-0.04	1.38
brick	-0.04	1.28
acting	-0.04	1.31
gibson	-0.04	1.25
inch	-0.04	1.41
inseam	-0.04	1.41
petit	-0.04	1.40
struggling	-0.04	1.89
even	-0.04	2.43
pale	-0.04	1.41
region	-0.04	1.58
luxury	-0.04	1.36
cultural	-0.04	1.35
web	-0.04	1.46
apparel	-0.04	1.30
lined	-0.03	1.32
chime	-0.03	1.95
upgrade	-0.03	1.75
buttoned	-0.03	1.45
industries	-0.03	1.26
expand	-0.03	1.81
dragon	-0.03	1.36
indys	-0.03	1.25
roots	-0.03	1.33
fast	-0.03	1.44
cropped	-0.03	1.36
whatnot	-0.03	1.35
century	-0.03	1.30
frustrating	-0.03	1.36
patterned	-0.03	1.39
population	-0.03	1.08
sebago	-0.03	1.30
tie	-0.03	1.41
river	-0.03	1.29
chukkas	-0.03	1.35
anorak	-0.03	1.22
ocbd	-0.03	1.36
limits	-0.03	1.45
snap	-0.03	1.32
affect	-0.03	1.57
essential	-0.03	1.35
fully	-0.03	1.70
low	-0.03	1.32
visiting	-0.03	1.10
vest	-0.03	1.49
delivery	-0.03	1.35
swing	-0.03	1.66
field	-0.03	1.34
receipt	-0.03	1.40
faded	-0.03	1.32
mix	-0.03	1.57
double	-0.03	1.32
healthy	-0.03	1.47
fishtail	-0.03	1.27
raf	-0.03	1.27
knits	-0.03	1.36
belt	-0.03	1.31
british	-0.03	1.24
our	-0.03	1.43
jacket	-0.03	1.27
gut	-0.03	1.42
row	-0.03	1.60
credit	-0.02	1.40
under	-0.02	1.41
28	-0.02	1.36
investing	-0.02	1.83
sf	-0.02	1.26
coat	-0.02	1.27
military	-0.02	1.25
tuxes	-0.02	1.19
bluchers	-0.02	1.34
unsure	-0.02	2.06
tailors	-0.02	1.43
worker	-0.02	1.19
duffle	-0.02	1.28
planning	-0.02	2.09
chelseas	-0.02	1.38
fwiw	-0.02	1.43
copper	-0.02	1.32
woman	-0.02	1.21
pant	-0.02	1.46
briefcase	-0.02	1.30
stays	-0.02	1.26
ma-1	-0.02	1.25
seat	-0.02	1.44
soho	-0.02	1.19
reasoning	-0.02	2.27
occasional	-0.02	1.30
travel	-0.02	1.27
orders	-0.02	1.36
major	-0.02	1.50
3/4	-0.02	1.42
collar	-0.02	1.41
user	-0.02	1.39
raincoat	-0.02	1.20
button-down	-0.02	1.37
leaning	-0.02	1.68
lapels	-0.02	1.37
shows	-0.02	1.05
7.5	-0.02	1.43
deciding	-0.02	1.91
high	-0.02	1.16
truckers	-0.02	1.28
chore	-0.02	1.27
class	-0.02	1.07
edgy	-0.02	1.24
cherry	-0.02	1.32
42	-0.02	1.41
adjusted	-0.02	1.52
harness	-0.02	1.22
overly	-0.02	1.70
add	-0.02	1.66
bench	-0.02	1.42
handsewns	-0.02	1.30
m65	-0.02	1.25
horse	-0.02	1.22
inventory	-0.02	1.48
flannel	-0.02	1.26
name	-0.02	2.02
methods	-0.02	1.43
bans	-0.02	1.26
longwings	-0.02	1.28
captoe	-0.02	1.31
eye	-0.02	1.54
third	-0.02	1.72
challenge	-0.01	1.27
boot	-0.01	1.28
waistcoat	-0.01	1.50
tailor	-0.01	1.56
line	-0.01	1.41
student	-0.01	1.17
unfortunately	-0.01	2.34
sticks	-0.01	1.31
running	-0.01	1.43
flannels	-0.01	1.24
fifth	-0.01	1.38
wayfarer	-0.01	1.29
heading	-0.01	1.19
official	-0.01	1.23
bigger	-0.01	1.52
hole	-0.01	1.27
dad	-0.01	1.56
bottoms	-0.01	1.41
coats	-0.01	1.27
store	-0.01	1.29
madras	-0.01	1.35
nudie	-0.01	1.38
standards	-0.01	1.31
available	-0.01	1.61
figuring	-0.01	1.90
gum	-0.01	1.32
wayfarers	-0.01	1.28
stated	-0.01	1.57
lasting	-0.01	1.58
paul	-0.01	1.00
gant	-0.01	1.25
whole	-0.01	1.62
knitted	-0.01	1.36
20s	-0.01	1.03
substitute	-0.01	1.63
painted	-0.01	1.19
narrower	-0.01	1.51
uniforms	-0.01	1.22
miles	-0.01	1.40
guard	-0.01	1.28
regardless	-0.01	1.83
provides	-0.01	1.59
traveling	-0.01	1.12
deeper	-0.01	1.32
facebook	-0.01	1.35
appropriately	-0.01	1.95
5th	-0.01	1.55
varsity	-0.01	1.25
quarter	-0.01	1.24
trucker	-0.01	1.29
lifetime	-0.01	1.39
saucony	-0.01	1.32
format	-0.01	1.46
bourbon	-0.01	1.33
danner	-0.01	1.20
groomsmen	-0.01	1.19
bottom	-0.01	1.65
thorogoods	-0.01	1.30
drape	-0.01	1.54
camp	-0.01	1.30
altered	-0.01	1.59
nato	-0.01	1.29
armholes	-0.00	1.53
button-downs	-0.00	1.35
summer	-0.00	1.29
mossimo	-0.00	1.29
mocs	-0.00	1.30
normcore	-0.00	1.42
becoming	-0.00	1.47
barney	-0.00	1.25
go	-0.00	2.35
outlets	-0.00	1.29
pea	-0.00	1.26
called	-0.00	1.81
strands	-0.00	1.34
stay	-0.00	1.99
non	-0.00	1.37
blucher	-0.00	1.31
offer	-0.00	1.54
thinking	-0.00	2.13
outlet	-0.00	1.26
ball	-0.00	1.16
facial	-0.00	1.36
large	-0.00	1.53
shoot	-0.00	1.65
sleep	-0.00	1.20
porter	-0.00	1.35
taller	-0.00	1.44
sleeves	-0.00	1.53
versatility	-0.00	1.48
haircuts	-0.00	1.28
ranger	-0.00	1.31
beefroll	-0.00	1.26
ray-ban	-0.00	1.29
wear	-0.00	2.14
commented	0.00	1.35
margiela	0.00	1.28
jeans	0.00	1.38
nordstroms	0.00	1.32
saddleback	0.00	1.26
biker	0.00	1.24
named	0.00	1.66
asics	0.00	1.34
4th	0.00	1.60
breasted	0.00	1.32
step	0.00	1.54
hitting	0.00	1.36
layers	0.00	1.31
oxblood	0.00	1.37
cash	0.00	1.42
iii	0.00	1.33
cards	0.00	1.45
heavy	0.00	1.37
poster	0.00	1.44
sand	0.01	1.33
lapel	0.01	1.36
habit	0.01	1.88
abercrombie	0.01	1.28
fall/winter	0.01	1.20
percent	0.01	1.41
nordstrom	0.01	1.30
younger	0.01	1.13
tagged	0.01	1.36
tailoring	0.01	1.57
beyond	0.01	1.47
shawl	0.01	1.32
pulled	0.01	1.35
knees	0.01	1.42
8.5	0.01	1.43
hypebeast	0.01	1.38
denim	0.01	1.39
jc	0.01	1.28
overcoat	0.01	1.31
vibrant	0.01	1.44
rarely	0.01	1.63
3sixteen	0.01	1.42
slimming	0.01	1.58
1/4	0.01	1.38
sport	0.01	1.29
skinnier	0.01	1.49
walnut	0.01	1.34
supima	0.01	1.31
untucked	0.01	1.42
mountain	0.01	1.14
tortoise	0.01	1.29
knee	0.01	1.40
tight	0.01	1.51
trail	0.01	1.26
grows	0.01	1.34
status	0.01	1.29
referred	0.01	1.18
borderline	0.01	1.70
shorter	0.01	1.53
outdoors	0.01	1.26
collab	0.01	1.20
clothes	0.02	2.10
accent	0.02	1.34
hop	0.02	1.32
beater	0.02	1.35
bag	0.02	1.28
eastland	0.02	1.29
college	0.02	0.98
corduroy	0.02	1.32
duffel	0.02	1.27
cheaper	0.02	1.74
groom	0.02	1.15
face	0.02	1.35
notch	0.02	1.34
gloves	0.02	1.31
width	0.02	1.42
eg	0.02	1.34
woolrich	0.02	1.24
polished	0.02	1.24
distinction	0.02	1.67
squat	0.02	1.45
detail	0.02	1.56
situation	0.02	1.90
newer	0.02	1.31
crazy	0.02	1.86
sewing	0.02	1.33
school	0.02	0.97
wrinkle	0.02	1.44
perceived	0.02	1.31
mac	0.02	1.30
jobs	0.02	1.29
quoddy	0.02	1.24
youth	0.02	1.28
draws	0.02	1.36
raw	0.02	1.41
pictured	0.02	1.28
location	0.03	1.53
blanket	0.03	1.41
cos	0.03	1.25
phase	0.03	1.41
suiting	0.03	1.45
bar	0.03	1.19
nantucket	0.03	1.33
warehouse	0.03	1.23
experimenting	0.03	1.73
program	0.03	1.39
patagonia	0.03	1.19
macy	0.03	1.26
handmade	0.03	1.25
goal	0.03	1.59
cowboy	0.03	0.82
beeswax	0.03	1.32
avenues	0.03	1.33
barbour	0.03	1.24
casio	0.03	1.24
familiar	0.03	2.11
speaking	0.03	2.07
shave	0.03	1.36
wife	0.03	1.63
oxford	0.03	1.35
macys	0.03	1.27
sunglasses	0.03	1.27
unionmade	0.03	1.32
backpack	0.03	1.29
routine	0.03	1.51
coolest	0.03	2.22
spectrum	0.03	1.45
vertical	0.03	1.46
warby	0.03	1.28
theres	0.03	1.35
ford	0.03	1.11
purple	0.03	1.35
split	0.03	1.15
captoes	0.03	1.31
ruined	0.03	1.31
goes	0.03	1.70
hemming	0.03	1.52
whatsoever	0.03	1.53
bomber	0.03	1.25
goth	0.03	1.35
peak	0.03	1.34
hassle	0.03	1.61
older	0.03	1.12
27	0.03	1.33
nb	0.03	1.41
territory	0.03	1.39
mom	0.03	1.59
engineered	0.04	1.33
quartz	0.04	1.34
primarily	0.04	1.46
wearer	0.04	1.14
main	0.04	1.57
mtm	0.04	1.84
sets	0.04	1.15
coach	0.04	1.21
stacked	0.04	1.38
heritage	0.04	1.33
whenever	0.04	1.58
heavier	0.04	1.48
driving	0.04	1.17
cutting	0.04	1.49
700	0.04	1.76
softer	0.04	1.52
card	0.04	1.40
sites	0.04	1.37
filson	0.04	1.25
looking	0.04	2.25
trying	0.04	2.29
tighter	0.04	1.51
ae	0.04	1.30
properly	0.04	1.86
wo	0.04	2.18
served	0.04	1.46
kind	0.04	1.87
flag	0.04	1.22
owens	0.04	1.27
rigid	0.04	1.36
lab	0.04	1.20
exists	0.04	1.63
gender	0.04	1.24
aldens	0.04	1.27
version	0.04	1.40
opening	0.04	1.43
seasons	0.04	1.24
kept	0.04	1.78
sticking	0.04	1.47
flying	0.04	1.15
allowed	0.04	2.12
needing	0.04	1.71
rancourt	0.04	1.25
youre	0.04	2.05
layer	0.05	1.36
teaching	0.05	1.09
top	0.05	1.65
watch	0.05	1.25
vast	0.05	1.56
grow	0.05	1.41
aesthetics	0.05	1.54
evidence	0.05	1.88
goods	0.05	1.29
grailed	0.05	1.39
slightly	0.05	1.60
slowly	0.05	1.68
ranges	0.05	1.48
attempt	0.05	1.56
26	0.05	1.33
represent	0.05	1.60
retailers	0.05	1.43
secondary	0.05	1.46
created	0.05	1.24
420	0.05	1.40
confused	0.05	1.83
mainly	0.05	1.74
messenger	0.05	1.26
email	0.05	1.32
brogue	0.05	1.33
etsy	0.05	1.33
derby	0.05	1.35
formality	0.05	1.49
plain	0.05	1.35
boxer	0.05	0.99
body	0.05	1.47
hairs	0.05	1.35
focusing	0.05	1.70
fjallraven	0.05	1.26
rogue	0.05	1.38
harrington	0.05	1.25
jean	0.05	1.39
carried	0.05	1.26
kohls	0.05	1.27
gyw	0.05	1.34
barely	0.05	1.72
camel	0.05	1.32
ro	0.05	1.37
route	0.05	2.07
balance	0.05	1.41
99	0.05	1.31
utility	0.05	1.49
jcp	0.05	1.29
oak	0.05	1.17
policy	0.05	1.35
knot	0.05	1.38
600	0.05	1.67
wider	0.06	1.51
freshman	0.06	0.99
otr	0.06	1.73
1st	0.06	1.57
trench	0.06	1.21
mall	0.06	1.25
matching	0.06	1.49
ross	0.06	1.20
combat	0.06	1.33
realize	0.06	2.61
wallets	0.06	1.28
mistakes	0.06	1.46
trim	0.06	1.38
gym	0.06	1.42
mmm	0.06	1.28
lavender	0.06	1.37
looser	0.06	1.46
break	0.06	1.67
dancing	0.06	1.24
novelty	0.06	1.47
plus	0.06	1.54
70s	0.06	1.23
yellow	0.06	1.40
ban	0.06	1.11
herschel	0.06	1.29
puma	0.06	1.30
membership	0.06	1.30
sized	0.06	1.51
dial	0.06	1.24
tying	0.06	1.36
extra	0.06	1.51
advantage	0.06	1.46
brother	0.06	1.65
having	0.06	1.87
money	0.06	1.68
vacation	0.06	1.12
affects	0.06	1.53
consumer	0.06	1.50
takes	0.07	1.28
schott	0.07	1.21
500	0.07	1.70
tucked	0.07	1.41
drapey	0.07	1.40
tape	0.07	1.43
friend	0.07	1.61
surprised	0.07	1.89
seeing	0.07	1.90
timberlands	0.07	1.33
35	0.07	1.37
measured	0.07	1.40
growing	0.07	1.34
baggier	0.07	1.48
dragons	0.07	1.37
google	0.07	1.41
grabbing	0.07	1.75
models	0.07	1.51
unstructured	0.07	1.33
95	0.07	1.26
waxed	0.07	1.26
conclusion	0.07	1.65
suits	0.07	1.44
leg	0.07	1.42
became	0.07	1.40
574	0.07	1.40
tigers	0.07	1.33
plaid	0.07	1.30
gives	0.07	1.47
800	0.07	1.72
climbing	0.07	1.21
warranty	0.07	1.30
ave	0.07	1.30
turning	0.07	1.51
salmon	0.07	1.38
range	0.07	1.66
dull	0.07	1.46
english	0.07	1.47
opposed	0.07	1.49
follow	0.07	1.68
cardigan	0.07	1.34
serious	0.07	1.56
donate	0.07	1.64
supposed	0.07	2.42
gray	0.07	1.39
worried	0.07	2.02
nearby	0.07	1.26
bushacres	0.07	1.33
age	0.07	1.14
indy	0.07	1.21
friends	0.07	1.27
passed	0.07	1.01
selvedge	0.07	1.41
building	0.07	1.50
suddenly	0.08	1.47
tanner	0.08	1.18
choose	0.08	2.07
study	0.08	1.19
openings	0.08	1.52
short	0.08	1.51
450	0.08	1.72
proof	0.08	1.32
surplus	0.08	1.20
stores	0.08	1.30
aviators	0.08	1.27
onitsuka	0.08	1.31
crocs	0.08	1.59
fabric	0.08	1.44
explore	0.08	2.03
topcoat	0.08	1.32
popover	0.08	1.34
importantly	0.08	1.66
squats	0.08	1.53
uo	0.08	1.25
site	0.08	1.49
taper	0.08	1.42
variation	0.08	1.47
engineering	0.08	1.23
massimo	0.08	1.33
pink	0.08	1.38
briefs	0.08	0.99
lift	0.08	1.50
described	0.08	1.80
biking	0.08	1.23
emailed	0.08	1.21
trousers	0.08	1.40
574s	0.08	1.37
columbia	0.08	1.16
weekender	0.08	1.25
daniel	0.08	0.66
runners	0.08	1.34
subdued	0.08	1.48
blogs	0.08	1.36
prime	0.08	1.48
thigh	0.08	1.40
bright	0.08	1.44
motorcycle	0.08	1.20
derbies	0.08	1.35
studying	0.08	1.13
oriented	0.08	1.36
420s	0.08	1.36
pants	0.08	1.54
trouser	0.08	1.42
workout	0.08	1.52
torso	0.09	1.52
focus	0.09	1.51
zappos	0.09	1.41
placed	0.09	1.30
suede	0.09	1.32
chelsea	0.09	1.36
meh	0.09	2.12
numbers	0.09	1.36
transition	0.09	1.61
commuter	0.09	1.33
accents	0.09	1.39
rural	0.09	0.84
gas	0.09	1.28
thinner	0.09	1.49
dying	0.09	1.32
spring	0.09	1.27
reasons	0.09	1.72
meets	0.09	1.28
trip	0.09	1.07
sportcoat	0.09	1.36
dropped	0.09	1.50
decades	0.09	1.34
falling	0.09	1.39
apolis	0.09	1.29
physique	0.09	1.39
starting	0.09	1.80
send	0.09	1.38
yourself	0.09	1.83
hips	0.09	1.44
stf	0.09	1.36
suitable	0.09	1.47
adjust	0.09	1.47
blazer	0.09	1.36
officer	0.09	1.30
contacts	0.09	1.44
tweed	0.09	1.31
songs	0.09	1.14
seconds	0.09	1.32
balances	0.09	1.36
tops	0.09	1.28
studies	0.09	1.30
moccasins	0.10	1.29
bike	0.10	1.16
sells	0.10	1.05
suit	0.10	1.47
remotely	0.10	1.72
theory	0.10	1.81
touch	0.10	1.70
grey	0.10	1.40
website	0.10	1.34
calories	0.10	1.43
saint	0.10	1.00
dots	0.10	1.39
reader	0.10	1.24
female	0.10	1.19
30	0.10	1.37
17	0.10	1.30
appear	0.10	1.66
commute	0.10	1.20
tuxedos	0.10	1.19
new	0.10	1.54
flight	0.10	1.17
factors	0.10	1.61
wheel	0.10	1.79
rick	0.10	1.28
smaller	0.10	1.53
collection	0.10	1.33
trunk	0.10	1.16
tapered	0.10	1.41
grad	0.10	1.02
pegasus	0.10	1.33
blue	0.10	1.38
learning	0.10	1.50
max	0.10	1.40
nbs	0.10	1.33
medical	0.10	1.26
path	0.10	1.73
green	0.10	1.40
born	0.10	1.04
rack	0.10	1.27
louis	0.10	1.23
links	0.10	1.60
tradition	0.10	1.40
process	0.10	1.49
runner	0.10	1.30
vibergs	0.10	1.24
can	0.10	2.08
dot	0.10	1.38
update	0.10	1.53
alpha	0.10	1.32
measurement	0.10	1.42
runway	0.10	1.31
height	0.11	1.47
island	0.11	1.26
subscribe	0.11	1.37
wearhouse	0.11	1.22
1/2	0.11	1.39
posts	0.11	1.51
sent	0.11	1.29
aves	0.11	1.34
christmas	0.11	1.14
physical	0.11	1.39
24	0.11	1.28
tux	0.11	1.21
married	0.11	1.34
polka	0.11	1.38
discount	0.11	1.33
media	0.11	1.28
unbranded	0.11	1.42
triple	0.11	1.31
exercise	0.11	1.52
accessory	0.11	1.41
drastically	0.11	1.51
stanton	0.11	1.33
beard	0.11	1.34
visit	0.11	1.16
chambray	0.11	1.35
and/or	0.11	1.52
high-end	0.11	1.39
osb	0.11	1.19
larger	0.11	1.51
grocery	0.11	1.24
brighter	0.11	1.47
19	0.11	1.27
thrown	0.11	1.31
scarf	0.11	1.34
501s	0.11	1.39
gf	0.11	2.32
factory	0.11	1.33
0	0.11	1.33
genuine	0.11	1.30
glasses	0.11	1.42
off	0.11	1.42
forest	0.11	1.40
merona	0.11	1.31
twist	0.11	1.34
striped	0.11	1.34
address	0.11	1.35
department	0.11	1.28
rust	0.11	1.40
513	0.11	1.38
ears	0.11	1.39
90	0.12	1.29
clearance	0.12	1.33
rei	0.12	1.18
coloured	0.12	1.43
gingham	0.12	1.36
skinnies	0.12	1.40
23	0.12	1.29
match	0.12	1.60
511	0.12	1.37
slimmer	0.12	1.48
ability	0.12	1.65
sister	0.12	1.58
runs	0.12	1.34
forums	0.12	1.37
uni	0.12	1.09
514	0.12	1.38
feature	0.12	1.33
510s	0.12	1.38
now	0.12	2.34
boys	0.12	0.98
350	0.12	1.57
510	0.12	1.37
beating	0.12	1.19
513s	0.12	1.38
old	0.12	1.11
billy	0.12	1.07
apparent	0.12	1.43
nikes	0.12	1.40
508s	0.12	1.38
led	0.12	1.22
apcs	0.12	1.40
cotton	0.12	1.42
account	0.12	1.43
508	0.12	1.38
won	0.12	1.22
gilt	0.12	1.39
brown	0.12	1.40
selling	0.12	1.45
shoulders	0.12	1.52
vs	0.12	1.43
key	0.12	1.45
raws	0.12	1.40
501	0.12	1.38
9.5	0.12	1.42
ubiquitous	0.12	1.38
lunar	0.12	1.31
stories	0.12	1.05
windsor	0.12	1.34
caramel	0.12	1.40
roshes	0.12	1.33
ignorance	0.12	1.55
solely	0.12	1.54
noticing	0.12	1.63
structure	0.12	1.35
serve	0.13	1.47
burnt	0.13	1.40
napoli	0.13	1.47
features	0.13	1.35
current	0.13	1.25
cm	0.13	1.42
senior	0.13	0.99
orange	0.13	1.41
85	0.13	1.40
favourite	0.13	2.27
textured	0.13	1.37
maroon	0.13	1.40
walked	0.13	1.13
100	0.13	1.51
ninja	0.13	1.34
300	0.13	1.57
army	0.13	1.23
aiming	0.13	1.79
buzz	0.13	1.36
butt	0.13	1.43
projects	0.13	1.31
goatee	0.13	1.40
dependent	0.13	1.77
fallen	0.13	1.25
heavily	0.13	1.57
shaved	0.13	1.31
run	0.13	1.44
hill	0.13	1.19
seersucker	0.13	1.33
developing	0.13	1.45
bespoke	0.13	1.49
league	0.13	1.07
poplin	0.13	1.37
unlined	0.13	1.32
pattern	0.13	1.43
cords	0.13	1.37
linen	0.13	1.37
light	0.13	1.40
relationship	0.13	1.16
pool	0.13	1.08
classes	0.13	1.06
rush	0.13	1.44
cdg	0.13	1.24
garments	0.13	1.41
tj	0.13	1.19
stone	0.13	1.31
styleforum	0.13	1.37
jackman	0.13	1.40
loose	0.13	1.52
while	0.13	2.04
end	0.13	1.44
pairing	0.14	1.60
waterproof	0.14	1.36
makers	0.14	1.28
flyknits	0.14	1.32
herringbone	0.14	1.34
separates	0.14	1.43
ultimate	0.14	1.53
pastel	0.14	1.41
cdb	0.14	1.36
sending	0.14	1.52
apart	0.14	1.04
sleeker	0.14	1.49
stripes	0.14	1.36
frees	0.14	1.32
arrived	0.14	1.12
swimming	0.14	1.20
biased	0.14	1.51
burgundy	0.14	1.40
prep	0.14	1.30
shops	0.14	1.28
nope	0.14	2.50
65	0.14	1.39
parker	0.14	1.20
trainer	0.14	1.30
experiment	0.14	1.87
watches	0.14	1.27
german	0.14	1.27
likely	0.14	1.91
charcoal	0.14	1.41
bootmakers	0.14	1.24
gustin	0.14	1.37
black	0.14	1.61
iirc	0.14	1.76
nights	0.14	1.04
necessary	0.14	1.59
benefit	0.15	1.86
wasted	0.15	1.56
uniqlo	0.15	1.27
rgt	0.15	1.32
roughly	0.15	1.50
citizen	0.15	1.23
razor	0.15	1.28
connection	0.15	1.31
trainers	0.15	1.31
eagle	0.15	1.27
roommate	0.15	1.51
solve	0.15	1.75
fourth	0.15	1.54
surely	0.15	1.53
peers	0.15	1.28
11.5	0.15	1.42
discounts	0.15	1.31
lastly	0.15	1.43
sweatpants	0.15	1.35
debating	0.15	1.91
navy	0.15	1.40
gd	0.15	1.43
lean	0.15	1.40
chocolate	0.15	1.25
pacsun	0.15	1.30
brothers	0.15	1.28
supply	0.15	1.38
brooks	0.15	1.28
out	0.15	2.16
thrifted	0.15	1.21
websites	0.15	1.38
free	0.15	1.35
choosing	0.15	1.80
girls	0.15	1.16
mother	0.15	2.29
local	0.15	1.23
amazon	0.15	1.31
package	0.15	1.27
feel	0.15	2.16
kirkland	0.15	1.31
garment	0.15	1.50
defined	0.16	1.35
inches	0.16	1.37
nike	0.16	1.32
16	0.16	1.29
ad	0.16	1.23
thrift	0.16	1.01
commonly	0.16	1.28
3rd	0.16	1.61
de	0.16	1.26
10.5	0.16	1.42
xxl	0.16	1.38
22	0.16	1.28
seem	0.16	2.12
effort	0.16	1.40
west	0.16	1.11
woven	0.16	1.40
essentially	0.16	1.45
skiff	0.16	1.31
at	0.16	1.27
try	0.16	2.23
llbean	0.16	1.36
80	0.16	1.43
skinny	0.16	1.32
order	0.16	1.46
warning	0.16	1.30
bonus	0.16	1.38
search	0.16	1.41
quickly	0.16	1.58
plimsolls	0.16	1.28
topman	0.16	1.32
shell	0.16	1.19
comfortably	0.16	1.50
tuxedo	0.16	1.21
per	0.16	1.40
clark	0.16	1.33
outfitters	0.16	1.31
thicker	0.16	1.49
treated	0.16	1.13
caring	0.16	1.38
18	0.16	1.27
life	0.17	1.48
desert	0.17	1.32
75	0.17	1.41
times	0.17	1.20
diy	0.17	1.39
blog	0.17	1.29
goodwill	0.17	1.01
khakis	0.17	1.38
olive	0.17	1.41
rider	0.17	1.22
minutes	0.17	1.35
patterns	0.17	1.43
30s	0.17	1.07
muscles	0.17	1.43
stripe	0.17	1.35
ii	0.17	1.26
alteration	0.17	1.55
role	0.17	1.31
judgement	0.17	1.67
aesthetically	0.17	1.56
billowy	0.17	1.57
maxx	0.17	1.22
steal	0.17	1.52
detailing	0.17	1.39
dark	0.17	1.42
mid	0.17	1.19
die	0.17	1.19
meaning	0.17	1.88
sign	0.17	1.31
stack	0.17	1.37
taylor	0.17	1.24
joe	0.17	1.03
bean	0.17	1.37
40	0.17	1.37
13	0.17	1.34
009	0.17	1.24
shipped	0.17	1.36
whose	0.17	1.08
flyknit	0.17	1.31
timex	0.17	1.18
clarks	0.17	1.32
beige	0.17	1.41
decent	0.17	2.44
shake	0.17	1.49
no	0.17	1.79
surprise	0.17	1.25
function	0.17	1.52
purely	0.17	1.59
200	0.17	1.58
listing	0.17	1.35
grenadine	0.17	1.36
something	0.17	2.25
legs	0.17	1.46
khaki	0.17	1.41
ignorant	0.17	1.67
started	0.18	1.81
off-white	0.18	1.35
oz	0.18	1.34
exercises	0.18	1.51
cut	0.18	1.44
wang	0.18	1.25
male	0.18	1.11
atm	0.18	1.57
weave	0.18	1.41
sufu	0.18	1.37
language	0.18	1.42
l.l	0.18	1.35
250	0.18	1.58
average	0.18	1.18
along	0.18	1.33
timberland	0.18	1.26
adidas	0.18	1.30
themselves	0.18	1.47
roshe	0.18	1.30
meeting	0.18	1.11
eat	0.18	1.35
bb	0.18	1.35
twill	0.18	1.35
gq	0.18	1.31
skate	0.18	1.26
kickstarter	0.18	1.43
edges	0.18	1.25
smartwool	0.18	1.32
spring/summer	0.18	1.24
sarcastic	0.18	1.60
inspiration	0.18	1.53
seasonal	0.18	1.29
torn	0.18	1.29
court	0.18	1.24
howlin	0.18	1.40
accommodate	0.18	1.46
sns	0.18	1.29
highschool	0.18	0.89
dockers	0.19	1.36
companies	0.19	1.36
express	0.19	1.32
roomy	0.19	1.46
mali	0.19	1.34
levi	0.19	1.29
fall	0.19	1.43
s/s	0.19	1.29
parents	0.19	1.40
realm	0.19	1.37
chinos	0.19	1.39
minute	0.19	1.32
60	0.19	1.41
50	0.19	1.40
calves	0.19	1.40
rotate	0.19	1.17
group	0.19	1.10
came	0.19	1.22
orvis	0.19	1.26
physically	0.19	1.47
comfort	0.19	1.41
levis	0.19	1.29
similarly	0.19	1.70
ebay	0.19	1.31
point	0.19	2.02
restaurant	0.19	1.25
thompson	0.19	1.40
jansport	0.19	1.28
clean	0.19	1.47
inspired	0.19	1.36
allows	0.19	1.48
services	0.19	1.32
need	0.20	2.14
minority	0.20	1.15
added	0.20	1.52
ending	0.20	1.00
25	0.20	1.35
land	0.20	1.26
difference	0.20	1.82
mfa	0.20	1.35
then	0.20	1.98
zara	0.20	1.31
70	0.20	1.42
aeo	0.20	1.30
90s	0.20	1.10
shade	0.20	1.42
signature	0.20	1.34
2014	0.20	1.27
cps	0.20	1.30
versions	0.20	1.47
straight	0.20	1.38
experienced	0.20	1.24
21	0.20	1.26
tan	0.20	1.40
ludlow	0.20	1.41
shopping	0.20	1.18
reverse	0.20	1.35
ie	0.20	1.25
cp	0.20	1.31
children	0.20	1.02
custom	0.20	1.48
stage	0.20	1.37
weights	0.20	1.52
marketing	0.20	1.29
accounts	0.20	1.39
normally	0.20	1.56
lands	0.20	1.24
reserved	0.20	1.31
forum	0.20	1.34
aspects	0.20	1.42
trips	0.20	1.13
514s	0.20	1.40
jcf	0.20	1.32
working	0.21	1.77
paired	0.21	1.50
technical	0.21	1.29
packs	0.21	1.32
150	0.21	1.56
subjective	0.21	2.03
mustache	0.21	1.42
cordovan	0.21	1.19
wvg	0.21	1.27
shop	0.21	1.40
hesitant	0.21	1.73
activities	0.21	1.26
history	0.21	1.23
grand	0.21	1.25
member	0.21	1.16
sierra	0.21	1.23
menswear	0.21	1.36
steep	0.21	1.50
511s	0.21	1.40
mens	0.21	1.23
14	0.21	1.29
lost	0.21	1.24
station	0.21	1.13
based	0.21	1.67
link	0.21	1.62
2s	0.21	1.31
smith	0.21	1.21
perception	0.21	1.41
albums	0.21	1.51
curiosity	0.21	1.84
acronym	0.21	1.34
costco	0.21	1.25
monaco	0.21	1.32
tl	0.21	1.22
jordan	0.21	1.27
mechanical	0.21	1.30
well-fitting	0.21	1.43
everlane	0.21	1.28
between	0.21	1.59
blazers	0.21	1.30
colored	0.22	1.41
11	0.22	1.41
considerably	0.22	1.66
ease	0.22	1.33
browne	0.22	1.19
110	0.22	1.47
ama	0.22	1.33
thighs	0.22	1.40
scotch	0.22	1.18
grenson	0.22	1.20
st	0.22	0.95
janoski	0.22	1.29
9	0.22	1.41
sale	0.22	1.35
tailored	0.22	1.58
canvas	0.22	1.25
urban	0.22	1.32
tad	0.22	1.63
french	0.22	1.39
natural	0.22	1.20
occasionally	0.22	1.50
f/w	0.22	1.26
browse	0.22	1.36
fa	0.22	1.36
crew	0.22	1.33
updated	0.22	1.55
campaign	0.23	1.25
training	0.23	1.53
purchases	0.23	1.62
artist	0.23	1.12
gap	0.23	1.33
typically	0.23	1.52
adult	0.23	1.04
interviewing	0.23	1.37
alden	0.23	1.18
hearing	0.23	1.35
compression	0.23	0.94
bonobos	0.23	1.33
seiko	0.23	1.26
highly	0.23	1.68
display	0.23	1.21
wary	0.23	1.73
men	0.23	1.06
team	0.23	1.09
require	0.23	1.32
skill	0.23	1.37
home	0.23	1.18
lifting	0.23	1.55
eating	0.23	1.44
combine	0.24	1.69
leggings	0.24	0.98
by	0.24	1.68
material	0.24	1.45
fashion	0.24	1.40
sleek	0.24	1.41
hour	0.24	1.31
br	0.24	1.33
saturated	0.24	1.45
belong	0.24	1.65
vintage	0.24	1.13
win	0.24	1.60
banana	0.24	1.32
republic	0.24	1.32
beans	0.24	1.31
me	0.24	1.63
120	0.24	1.50
throws	0.24	1.51
investment	0.24	1.58
bros	0.24	1.31
loake	0.24	1.19
backpacks	0.24	1.25
chino	0.24	1.37
coupons	0.24	1.36
anytime	0.24	1.87
clubs	0.24	1.14
wont	0.24	1.93
although	0.24	1.93
grandpa	0.24	1.28
strength	0.24	1.45
names	0.24	1.24
j.crew	0.24	1.33
achilles	0.24	1.29
software	0.24	1.27
breton	0.24	1.04
pastels	0.24	1.45
trick	0.25	1.60
charges	0.25	1.46
j	0.25	1.33
actively	0.25	1.74
keeps	0.25	1.67
decision	0.25	1.79
jcrew	0.25	1.33
janoskis	0.25	1.28
charity	0.25	1.03
requires	0.25	1.26
makes	0.25	1.75
obviously	0.25	2.12
listed	0.25	1.26
users	0.25	1.40
method	0.25	1.57
orient	0.25	1.21
concert	0.25	1.14
except	0.25	1.46
45	0.25	1.35
sizes	0.25	1.48
outlier	0.25	1.31
preppy	0.25	1.29
sales	0.25	1.41
alive	0.25	1.33
eventually	0.25	1.70
workwear	0.25	1.36
goat	0.25	1.35
advanced	0.25	1.33
killshot	0.26	1.30
alphas	0.26	1.40
ops	0.26	1.75
wage	0.26	1.28
lesson	0.26	1.28
should	0.26	2.20
mod	0.26	1.25
comparing	0.26	1.48
muted	0.26	1.46
actual	0.26	1.65
white	0.26	1.32
wolf	0.26	1.32
dedicated	0.26	1.41
originals	0.26	1.30
involved	0.26	0.96
retro	0.26	1.20
slim-fit	0.26	1.39
trends	0.26	1.42
martens	0.26	1.52
granted	0.26	1.53
reds	0.26	1.45
lists	0.26	1.16
jumped	0.26	1.22
doc	0.26	1.56
am	0.26	1.93
killshots	0.26	1.29
exact	0.26	1.84
set	0.26	1.57
somehow	0.26	1.61
bodies	0.26	1.16
havent	0.27	1.41
carmina	0.27	1.19
regularly	0.27	1.56
coupon	0.27	1.35
belts	0.27	1.21
year	0.27	1.37
meermin	0.27	1.23
desire	0.27	1.42
eddie	0.27	1.22
classics	0.27	1.32
lived-in	0.27	1.33
longer	0.27	1.60
shout	0.27	1.41
groups	0.27	1.25
sambas	0.27	1.27
george	0.27	0.79
resistant	0.27	1.49
sources	0.27	1.65
electric	0.27	1.29
turns	0.27	1.29
will	0.27	2.02
staying	0.27	1.20
promise	0.27	1.62
women	0.27	1.18
club	0.27	1.23
20	0.27	1.35
accordingly	0.27	1.62
mission	0.27	1.23
guy	0.27	1.34
forever	0.27	1.45
2012	0.27	1.28
starter	0.27	1.41
entry	0.27	1.49
splurge	0.27	2.02
girlfriend	0.27	1.50
suited	0.28	1.53
favorite	0.28	2.20
clarify	0.28	2.21
single	0.28	1.41
seavees	0.28	1.25
jps	0.28	1.26
message	0.28	1.38
tool	0.28	1.32
ffa	0.28	1.39
toned	0.28	1.41
think	0.28	2.20
milk	0.28	1.28
fitted	0.28	1.74
rolex	0.28	1.11
r/malefashion	0.28	1.37
project	0.28	1.29
much	0.28	2.07
less	0.28	1.61
whilst	0.28	1.47
thom	0.28	1.24
flair	0.28	1.38
slims	0.28	1.34
cdbs	0.28	1.35
weekends	0.28	1.14
usually	0.28	1.80
walmart	0.29	1.30
protein	0.29	1.36
premium	0.29	1.22
basketball	0.29	1.06
jersey	0.29	1.08
484	0.29	1.38
hm	0.29	1.49
practice	0.29	1.37
tone	0.29	1.45
mood	0.29	1.57
letting	0.29	1.59
stars	0.29	1.10
wind	0.29	1.13
bc	0.29	1.20
coming	0.29	1.49
greens	0.29	1.45
brands	0.29	1.42
1	0.29	1.40
browsing	0.29	1.36
crockett	0.29	1.16
concerned	0.29	1.77
slimmest	0.29	1.41
complicated	0.29	1.35
ladies	0.29	1.09
professor	0.29	1.07
folks	0.29	1.27
industry	0.29	1.30
primary	0.29	1.29
contemporary	0.30	1.40
changes	0.30	1.46
hard	0.30	1.94
riding	0.30	1.20
arent	0.30	1.62
stan	0.30	1.26
shades	0.30	1.45
smiths	0.30	1.26
engineer	0.30	1.33
every	0.30	1.16
differ	0.30	1.71
dick	0.30	1.68
trigger	0.30	1.86
after	0.30	1.52
beats	0.30	1.33
shirting	0.30	1.46
family	0.30	1.38
codes	0.30	1.34
bullet	0.30	1.47
wardrobe	0.30	1.51
automatic	0.30	1.28
authentic	0.30	1.28
125	0.30	1.50
sneaks	0.30	1.28
personally	0.30	2.16
mexico	0.30	1.31
darker	0.30	1.45
management	0.30	1.28
posted	0.30	1.33
hint	0.30	1.31
become	0.30	1.56
consistently	0.30	1.37
allow	0.30	1.47
career	0.30	1.28
years	0.30	1.49
type	0.30	1.65
negative	0.30	1.41
gats	0.30	1.27
currently	0.30	1.83
encourage	0.30	1.59
others	0.30	1.74
purcell	0.30	1.26
myself	0.31	1.84
cycling	0.31	1.15
prior	0.31	1.54
co	0.31	1.11
master	0.31	0.95
trading	0.31	1.26
immediately	0.31	1.61
id	0.31	1.64
toj	0.31	1.20
score	0.31	1.21
matched	0.31	1.43
redditor	0.31	1.18
possibility	0.31	1.59
simpler	0.31	1.51
which	0.31	2.12
220	0.31	1.55
sky	0.31	1.35
regard	0.31	1.42
taylors	0.31	1.20
dayton	0.31	1.14
open	0.31	1.41
dance	0.31	1.00
substantial	0.31	1.49
charts	0.31	1.52
rule	0.31	1.71
lurk	0.31	1.36
simons	0.31	1.34
easily	0.31	1.64
position	0.32	1.33
xl	0.32	1.41
dungarees	0.32	1.35
designer	0.32	1.45
purcells	0.32	1.26
comments	0.32	1.61
concept	0.32	1.74
hs	0.32	0.88
afraid	0.32	2.02
55	0.32	1.32
tools	0.32	1.35
wondered	0.32	1.77
designers	0.32	1.38
measure	0.32	1.42
checks	0.32	1.31
used	0.32	1.30
incredible	0.32	1.89
2013	0.32	1.28
took	0.32	1.39
junior	0.32	0.86
mail	0.32	1.20
beginning	0.32	1.37
fox	0.32	1.32
throughout	0.32	1.26
clients	0.32	1.20
tennis	0.32	1.12
develop	0.32	1.46
sneaker	0.32	1.27
130	0.33	1.50
purposes	0.33	1.48
whites	0.33	1.41
when	0.33	1.86
financial	0.33	1.42
mouth	0.33	1.32
trickers	0.33	1.19
browns	0.33	1.45
saints	0.33	1.44
december	0.33	1.31
related	0.33	1.42
fmf	0.33	1.36
muscular	0.33	1.36
asos	0.33	1.38
visvim	0.33	1.36
answered	0.33	1.49
12	0.33	1.35
posters	0.33	1.40
fat	0.33	1.38
techwear	0.33	1.39
considering	0.33	1.85
slim	0.33	1.42
fucking	0.33	2.25
possibly	0.34	1.75
limited	0.34	1.57
soccer	0.34	1.10
complement	0.34	1.49
form	0.34	1.42
news	0.34	1.10
national	0.34	1.03
americana	0.34	1.36
football	0.34	1.03
discussed	0.34	1.20
let	0.34	1.92
epaulet	0.34	1.36
jdbee	0.34	1.26
july	0.34	1.36
hours	0.34	1.35
hand	0.34	1.54
latter	0.34	1.45
improve	0.34	1.41
tech	0.34	1.27
unusual	0.34	1.56
unis	0.34	1.32
bulking	0.34	1.52
bulk	0.34	1.43
clash	0.34	1.45
purpose	0.34	1.73
ultra	0.34	1.51
internship	0.35	1.21
parties	0.35	1.10
15	0.35	1.34
mostly	0.35	1.82
hockey	0.35	1.03
blues	0.35	1.49
lighter	0.35	1.54
required	0.35	1.32
maintain	0.35	1.41
technique	0.35	1.33
continue	0.35	1.72
stick	0.35	1.85
september	0.35	1.34
closed	0.35	1.37
blind	0.35	1.49
removed	0.35	1.46
sneakers	0.35	1.27
dog	0.35	0.98
jerseys	0.35	1.04
chrome	0.35	1.20
freedom	0.35	1.36
kamakura	0.35	1.43
sorta	0.35	1.49
extent	0.35	1.41
members	0.35	1.15
direction	0.35	1.62
colorways	0.35	1.33
consideration	0.36	1.57
october	0.36	1.28
greys	0.36	1.49
skills	0.36	1.40
r/streetwear	0.36	1.37
mentioned	0.36	1.31
thing	0.36	1.93
work	0.36	2.14
searching	0.36	1.36
lifestyle	0.36	1.41
hyped	0.36	1.14
tones	0.36	1.50
earth	0.36	1.50
deals	0.36	1.43
might	0.36	2.12
twice	0.36	1.43
ski	0.36	1.03
firm	0.36	1.29
5'5	0.36	1.43
popped	0.36	1.00
further	0.36	1.67
broken	0.36	1.34
compare	0.36	1.37
dates	0.36	1.03
filled	0.36	1.33
august	0.36	1.35
staple	0.36	1.25
voice	0.36	1.22
months	0.36	1.47
decade	0.37	1.34
purchase	0.37	1.86
basics	0.37	1.55
uppers	0.37	1.27
january	0.37	1.34
workplace	0.37	1.51
sports	0.37	1.07
discounted	0.37	1.34
design	0.37	1.40
june	0.37	1.26
distracting	0.37	1.42
sort	0.37	1.69
perhaps	0.37	1.84
hiking	0.37	1.06
snug	0.37	1.51
screams	0.37	1.30
important	0.37	1.50
wake	0.37	1.20
2000	0.37	1.40
knit	0.37	1.39
lose	0.37	1.44
subreddits	0.37	1.35
flashy	0.37	1.48
church	0.38	1.08
closest	0.38	1.44
cuts	0.38	1.42
exclusive	0.38	1.24
beginner	0.38	1.16
priced	0.38	1.70
viberg	0.38	1.15
into	0.38	1.76
variations	0.38	1.40
terribly	0.38	1.63
monochrome	0.38	1.46
streetwear	0.38	1.43
mixing	0.38	1.50
could	0.38	2.07
experiences	0.38	1.43
potentially	0.38	1.35
subs	0.38	1.35
era	0.38	1.16
unlikely	0.38	1.73
closely	0.38	1.81
early	0.38	1.21
nature	0.38	1.48
biggest	0.38	2.02
proportion	0.38	1.31
bit	0.38	1.70
changed	0.38	1.33
points	0.38	1.52
rules	0.38	1.52
easiest	0.38	2.36
special	0.38	1.65
initially	0.38	1.66
target	0.39	1.35
butter	0.39	1.25
lee	0.39	1.36
constructed	0.39	1.52
select	0.39	1.40
code	0.39	1.33
bedale	0.39	1.14
irish	0.39	1.20
170	0.39	1.53
battle	0.39	1.30
serves	0.39	1.43
colors	0.39	1.46
strict	0.39	1.35
freeze	0.39	1.38
suitsupply	0.39	1.72
ish	0.39	1.48
once	0.39	1.58
march	0.39	1.35
compliment	0.39	1.10
r/malefashionadvice	0.39	1.54
days	0.39	1.33
tall	0.39	1.43
7	0.40	1.35
lows	0.40	1.28
comparison	0.40	1.64
guaranteed	0.40	1.51
classic	0.40	1.30
willing	0.40	1.97
orion	0.40	1.16
pressed	0.40	1.45
largely	0.40	1.66
research	0.40	1.46
vibe	0.40	1.42
law	0.40	1.23
ted	0.40	1.34
november	0.40	1.35
diet	0.40	1.41
kent	0.40	1.41
guilty	0.40	1.91
indochino	0.40	1.72
lt	0.40	1.50
lurking	0.40	1.39
magazine	0.40	1.20
everytime	0.40	1.66
clashing	0.40	1.46
nearly	0.40	1.46
latest	0.40	1.17
chuck	0.40	1.21
herning	0.40	1.34
ceo	0.40	1.04
joke	0.40	1.61
cable	0.40	1.38
camping	0.41	0.94
penis	0.41	1.38
emails	0.41	1.27
golf	0.41	1.02
leather	0.41	1.33
basis	0.41	1.41
authentics	0.41	1.26
converse	0.41	1.26
from	0.41	0.94
contrasting	0.41	1.39
confidence	0.41	1.32
jack	0.41	1.26
subreddit	0.41	1.38
big	0.41	1.62
gt	0.41	1.75
6'4	0.41	1.43
considered	0.41	1.57
deal	0.41	1.74
were	0.41	2.19
flyers	0.41	1.26
mixed	0.41	1.34
collars	0.41	1.34
impossible	0.41	1.74
r/frugalmalefashion	0.41	1.38
sooner	0.41	1.67
returned	0.41	1.23
late	0.41	1.20
owned	0.41	1.08
meetup	0.41	1.24
half	0.41	1.41
chucks	0.41	1.26
gift	0.41	1.18
including	0.41	1.50
present	0.42	1.08
pf	0.42	1.26
color	0.42	1.49
silhouette	0.42	1.43
understated	0.42	1.35
case	0.42	2.07
5'9	0.42	1.44
idea	0.42	2.11
colour	0.42	1.49
gain	0.42	1.40
80s	0.42	0.99
bald	0.42	1.25
secondly	0.42	1.17
receive	0.42	1.36
plans	0.42	1.69
timbs	0.42	1.38
rather	0.43	1.65
content	0.43	1.44
pack	0.43	1.14
vans	0.43	1.26
post	0.43	1.50
intended	0.43	1.53
6'2	0.43	1.43
over	0.43	1.52
6'3	0.43	1.43
brief	0.43	1.37
8	0.43	1.36
preferences	0.43	1.69
lengths	0.43	1.43
song	0.43	1.00
focused	0.43	1.37
places	0.43	1.42
expecting	0.43	1.64
development	0.43	1.12
sk8	0.43	1.27
pounds	0.43	1.42
5'10	0.43	1.44
wanting	0.44	1.91
combos	0.44	1.56
5'11	0.44	1.44
ago	0.44	1.51
lunch	0.44	1.08
black/white	0.44	1.32
sporting	0.44	1.17
athletic	0.44	1.40
listen	0.44	1.22
chromexcel	0.44	1.18
5'8	0.44	1.47
colours	0.44	1.45
least	0.44	1.57
exclusively	0.44	1.36
community	0.44	1.19
managed	0.44	1.66
bauer	0.44	1.10
mediums	0.44	1.50
muscle	0.44	1.40
music	0.44	1.19
designs	0.44	1.43
australian	0.45	1.30
fitness	0.45	1.42
accidentally	0.45	1.42
biz	0.45	1.44
checking	0.45	1.49
section	0.45	1.24
however	0.45	2.06
copping	0.45	1.70
details	0.45	1.47
them	0.45	1.97
corporate	0.45	1.32
shits	0.45	1.49
spread	0.45	1.33
190	0.45	1.47
was	0.45	2.04
1.5	0.45	1.38
compliments	0.45	1.39
frequent	0.45	1.26
outdoor	0.45	1.02
planned	0.45	1.57
convenient	0.45	1.23
budget	0.45	1.63
sub	0.45	1.38
respect	0.45	1.33
join	0.45	1.28
isle	0.45	1.37
cars	0.45	1.04
time	0.45	1.70
often	0.46	1.53
weeks	0.46	1.39
nubuck	0.46	1.26
ages	0.46	1.22
lbs	0.46	1.46
broad	0.46	1.31
build	0.46	1.43
6'5	0.46	1.43
opened	0.46	1.07
midnight	0.46	1.10
extensive	0.46	1.53
shown	0.46	1.34
monochromatic	0.46	1.47
worthwhile	0.46	1.59
create	0.46	1.55
either	0.46	2.11
season	0.46	1.07
formally	0.46	1.32
6'0	0.46	1.44
6'1	0.46	1.44
horween	0.46	1.18
h	0.46	1.37
outfits	0.46	1.55
clothing	0.46	1.48
laid	0.46	1.23
environment	0.47	1.49
items	0.47	1.52
strictly	0.47	1.29
players	0.47	1.04
slow	0.47	1.36
giving	0.47	1.56
brogues	0.47	1.35
cxl	0.47	1.20
rest	0.47	1.41
previous	0.47	1.44
calf	0.47	1.23
taking	0.47	1.66
particularly	0.47	1.66
until	0.47	1.51
gear	0.47	1.07
office	0.47	1.43
eyebrows	0.47	1.37
more	0.47	1.67
include	0.48	1.56
matchy	0.48	1.68
release	0.48	1.17
discuss	0.48	1.54
grown	0.48	1.09
dress	0.48	1.45
week	0.48	1.38
shape	0.48	1.43
identity	0.48	1.33
prepared	0.48	1.38
forward	0.48	1.64
drawn	0.48	1.30
little	0.48	1.70
practical	0.48	1.62
delivered	0.48	1.14
traditionally	0.49	1.42
searched	0.49	1.32
pairs	0.49	1.26
tyrwhitt	0.49	1.58
head	0.49	1.37
relevant	0.49	1.31
140	0.49	1.56
recent	0.49	1.38
confusing	0.49	1.72
waywt	0.49	1.45
long	0.49	1.59
small	0.49	1.62
womens	0.49	1.20
occasion	0.49	1.36
enough	0.49	1.78
finance	0.49	1.35
data	0.49	1.35
prefer	0.49	1.32
xs	0.49	1.47
weight	0.49	1.42
submission	0.49	1.45
gaining	0.49	1.42
owl	0.49	1.39
established	0.50	1.37
lasted	0.50	1.28
course	0.50	2.15
item	0.50	1.54
regarding	0.50	1.58
fitting	0.50	1.54
colorway	0.50	1.15
unrelated	0.50	1.38
r/rawdenim	0.50	1.37
finding	0.50	1.79
dressier	0.50	1.42
modern	0.50	1.38
gained	0.50	1.40
chose	0.50	1.39
guidelines	0.50	1.47
r/watches	0.50	1.33
quick	0.50	1.51
d	0.50	2.02
finished	0.50	0.94
rotation	0.50	1.26
medium	0.50	1.49
drive	0.50	1.28
self-post	0.51	1.50
5'6	0.51	1.49
difficult	0.51	1.44
posting	0.51	1.50
everyday	0.51	1.37
2.5	0.51	1.36
yet	0.51	1.77
till	0.51	1.36
160	0.51	1.56
personal	0.51	1.78
fence	0.51	1.80
respond	0.51	1.70
lines	0.51	1.35
unisex	0.51	1.15
valid	0.51	1.59
suggested	0.51	1.63
able	0.51	1.92
180	0.51	1.55
final	0.51	1.24
tempted	0.52	1.76
up	0.52	1.84
previously	0.52	1.49
month	0.52	1.41
glove	0.52	1.55
consistent	0.52	1.70
daily	0.52	1.38
settings	0.52	1.34
trimmed	0.52	1.35
smalls	0.52	1.50
ridiculously	0.52	1.62
elaborate	0.52	1.74
generous	0.52	1.25
10	0.52	1.34
interview	0.52	1.35
oliver	0.52	1.27
r/fitness	0.52	1.39
wedding	0.52	1.05
appearance	0.52	1.34
designed	0.53	1.55
solution	0.53	2.27
articles	0.53	1.29
piece	0.53	1.45
175	0.53	1.56
slacks	0.53	1.47
completely	0.53	1.80
report	0.53	1.52
r/goodyearwelt	0.53	1.38
grandfather	0.53	1.03
jeans/chinos	0.53	1.40
frugal	0.53	1.68
yours	0.53	2.02
incredibly	0.53	1.62
delete	0.53	1.49
elsewhere	0.53	1.80
contrast	0.53	1.38
rugged	0.53	1.37
entirely	0.53	1.89
phenomenal	0.53	1.72
closer	0.54	1.49
taupe	0.54	1.40
r/malehairadvice	0.54	1.49
r/mfa	0.54	1.29
hunt	0.54	1.29
165	0.54	1.54
til	0.54	1.25
give	0.54	1.70
palette	0.54	1.45
atleast	0.54	1.36
character	0.54	0.96
definition	0.54	1.67
handled	0.54	1.07
funerals	0.55	1.23
rugby	0.55	1.02
mods	0.55	1.44
sporty	0.55	1.31
means	0.55	2.45
each	0.55	1.33
past	0.55	1.47
check	0.55	1.38
before	0.55	1.66
may	0.55	1.98
measuring	0.55	1.33
tricky	0.55	1.59
released	0.55	1.10
graduation	0.56	0.90
blacks	0.56	1.56
approach	0.56	1.54
complex	0.56	1.25
sunday	0.56	1.14
date	0.56	0.95
weekend	0.56	1.00
birkenstocks	0.56	1.23
n	0.56	1.59
somewhat	0.56	1.65
threads	0.56	1.41
casually	0.56	1.49
again	0.56	1.98
pleasing	0.57	1.44
done	0.57	1.50
handy	0.57	1.19
since	0.57	1.57
too	0.57	1.62
interviews	0.57	1.25
repost	0.57	1.41
second	0.57	2.28
identical	0.57	1.49
questions	0.57	1.45
last	0.57	1.48
majority	0.57	1.25
remain	0.57	1.54
5'7	0.57	1.47
weigh	0.57	1.53
impression	0.57	1.46
traditional	0.57	1.34
aesthetic	0.57	1.40
style	0.57	1.58
hundred	0.57	1.42
game	0.57	1.02
weekly	0.57	1.39
weddings	0.57	1.21
received	0.58	1.16
restock	0.58	1.59
note	0.58	1.64
popular	0.58	1.28
soul	0.58	1.52
prom	0.58	0.90
attending	0.58	1.11
among	0.58	1.19
luckily	0.58	0.99
events	0.59	1.22
noob	0.59	1.58
playing	0.59	0.96
basic	0.59	1.42
tried	0.59	1.23
discussions	0.59	1.34
certainly	0.59	1.88
hobbies	0.59	1.28
peoples	0.59	1.31
wanted	0.59	1.90
original	0.59	1.52
ahead	0.59	1.93
duck	0.59	1.16
ll	0.59	1.90
first	0.59	1.48
already	0.59	1.75
minimalism	0.59	1.29
morning	0.59	1.08
stayed	0.59	1.00
party	0.59	0.86
manner	0.60	1.36
med	0.60	1.15
expert	0.60	1.80
shapes	0.60	1.40
reference	0.60	1.50
category	0.60	1.34
assumed	0.60	1.75
preferably	0.60	1.42
day	0.60	1.14
an	0.60	1.56
statement	0.60	1.74
been	0.60	1.62
unfortunate	0.60	1.61
funeral	0.60	1.10
leathers	0.60	1.24
situations	0.60	1.38
far	0.61	1.95
stiff	0.61	1.44
played	0.61	0.97
chance	0.61	1.84
preference	0.61	1.96
discussion	0.61	1.45
player	0.61	1.05
sq	0.61	1.43
ones	0.61	1.79
evening	0.61	1.09
views	0.61	1.51
eyeing	0.61	1.22
ordered	0.61	1.14
dozen	0.61	1.56
setting	0.61	1.33
tough	0.61	1.54
simple	0.61	1.40
inappropriate	0.61	1.35
recurring	0.61	1.42
only	0.62	1.85
event	0.62	1.13
tastes	0.62	1.61
worked	0.62	1.13
error	0.62	1.36
instructions	0.62	1.46
mine	0.62	1.63
provided	0.62	1.57
learned	0.62	1.33
slippers	0.62	1.24
april	0.62	1.18
f	0.62	1.38
influenced	0.62	1.30
elements	0.62	1.28
visually	0.63	1.39
taste	0.63	1.74
mto	0.63	1.49
upcoming	0.63	1.05
pros	0.63	1.33
art	0.63	1.25
minimalistic	0.63	1.31
feeling	0.63	1.62
collections	0.63	1.25
legit	0.64	1.41
normal	0.64	1.61
dip	0.64	1.16
vague	0.64	1.67
measurements	0.64	1.43
problem	0.64	1.75
ran	0.64	0.96
visual	0.64	1.43
fancy	0.64	1.17
arrive	0.64	1.26
gone	0.65	1.35
youtube	0.65	1.01
earlier	0.65	1.52
night	0.65	1.05
quite	0.65	1.70
thread	0.65	1.43
staff	0.65	1.11
reliable	0.65	1.32
sake	0.65	1.43
ways	0.65	1.56
amp	0.65	1.32
still	0.65	1.88
maybe	0.66	1.91
additional	0.66	1.43
asap	0.66	1.64
slick	0.66	1.27
insane	0.66	1.69
attire	0.66	1.30
quiet	0.66	1.26
sex	0.66	1.11
always	0.66	1.84
simply	0.66	2.47
offering	0.66	1.46
tbh	0.66	1.71
examples	0.66	1.58
na	0.66	1.95
seems	0.66	1.72
regular	0.67	1.61
text	0.67	1.31
choices	0.67	1.68
haircut	0.67	1.28
within	0.67	1.31
responded	0.67	1.46
occasions	0.67	1.30
way	0.67	1.93
fairly	0.68	1.59
explained	0.68	1.14
separate	0.68	1.40
alternate	0.68	1.32
pendleton	0.68	1.20
patience	0.68	1.31
sometime	0.68	1.58
technology	0.68	1.21
ratio	0.68	2.15
built	0.68	1.38
semi	0.68	1.30
waiting	0.68	1.58
bizcaz	0.68	1.44
appropriate	0.68	1.32
inexpensive	0.69	1.56
subject	0.69	1.43
power	0.69	1.35
shut	0.69	1.37
swear	0.69	1.17
massdrop	0.69	1.23
treating	0.69	1.26
beginners	0.69	1.32
worn	0.70	1.46
knowledge	0.70	1.40
imho	0.70	1.58
cute	0.70	1.64
question	0.70	1.61
sexual	0.70	1.17
k	0.70	1.40
picked	0.70	1.28
quads	0.70	1.30
list	0.70	1.21
next	0.70	1.38
own	0.71	1.41
example	0.71	1.73
trendy	0.71	1.36
relatively	0.71	1.52
moment	0.71	1.79
ever	0.71	1.57
texture	0.72	1.41
opportunity	0.72	1.63
breathable	0.72	1.45
subtle	0.72	1.38
needed	0.72	1.53
feelings	0.72	1.36
accessible	0.72	1.33
chart	0.72	1.27
success	0.72	1.23
otherwise	0.72	1.86
very	0.72	1.62
its	0.72	1.84
infographic	0.72	1.27
equally	0.72	1.51
dinner	0.72	0.91
business	0.73	1.42
6	0.73	1.35
thankfully	0.73	1.07
as	0.73	1.90
scene	0.73	0.96
casual	0.73	1.44
1-2	0.73	1.35
hilarious	0.73	1.69
afternoon	0.73	1.03
later	0.73	1.49
gon	0.73	1.94
schedule	0.73	1.28
scared	0.73	1.65
albeit	0.73	1.49
expression	0.74	1.34
honest	0.74	2.02
smart	0.74	1.32
meat	0.74	1.21
kinda	0.74	1.64
personality	0.74	1.19
decided	0.74	1.71
isnt	0.74	1.63
2	0.74	1.35
interests	0.74	1.36
went	0.74	1.12
ads	0.74	1.20
outfit	0.74	1.54
results	0.75	1.46
feels	0.75	1.59
also	0.75	1.82
manly	0.75	1.26
functional	0.75	1.41
same	0.75	1.72
styles	0.75	1.43
extremely	0.75	1.56
got	0.75	1.35
dream	0.75	1.00
fashionable	0.75	1.38
4	0.75	1.35
overshirt	0.76	1.31
friendly	0.76	1.25
iconic	0.76	1.22
warm	0.76	1.38
safer	0.76	2.14
3	0.76	1.35
topic	0.76	1.36
david	0.76	0.95
advertising	0.76	1.19
gotten	0.76	1.38
mfaers	0.76	1.37
semi-formal	0.76	1.24
yesterday	0.76	1.23
soon	0.76	1.70
common	0.76	1.36
holding	0.77	1.54
2-3	0.77	1.33
embrace	0.77	1.48
beauty	0.77	1.35
former	0.77	0.97
king	0.77	1.23
gains	0.77	1.36
5	0.77	1.33
wiki	0.77	1.36
l	0.77	1.36
your	0.77	2.17
jordans	0.78	1.21
there	0.78	1.69
circles	0.78	1.28
things	0.78	1.70
wait	0.78	1.47
killed	0.78	1.04
thousand	0.78	1.39
presentation	0.78	1.14
formal	0.78	1.29
cons	0.78	1.49
future	0.79	1.60
hobby	0.79	1.29
play	0.79	1.03
4-5	0.79	1.29
pm	0.79	1.41
combo	0.79	1.65
nowhere	0.79	1.28
informal	0.79	1.30
almost	0.79	1.51
deleted	0.79	1.57
service	0.79	1.66
combinations	0.79	1.47
aswell	0.79	1.47
goals	0.79	1.45
reviews	0.79	1.31
professional	0.79	1.15
awhile	0.79	1.49
ready	0.79	1.63
baby	0.80	1.35
thick	0.80	1.42
had	0.80	1.49
mature	0.80	1.12
movies	0.80	0.85
sidebar	0.80	1.36
relaxed	0.80	1.31
luxire	0.80	2.26
saturday	0.80	1.08
technically	0.81	2.47
read	0.81	1.26
minimalist	0.81	1.28
grain	0.81	2.50
everything	0.81	1.63
boy	0.81	1.12
probably	0.81	2.17
dudes	0.81	1.17
plays	0.81	1.03
james	0.81	1.72
specifics	0.81	1.93
five	0.81	1.35
real	0.82	1.52
six	0.82	1.34
pieces	0.82	1.43
bought	0.82	1.17
stark	0.82	1.35
provide	0.82	1.54
missed	0.82	1.65
specific	0.82	1.57
ass	0.82	1.50
stacks	0.82	1.33
games	0.82	0.93
stuff	0.83	1.64
reasonably	0.83	1.56
3-4	0.83	1.33
fewer	0.84	1.38
grabbed	0.84	1.13
fits	0.84	1.61
wallabees	0.85	1.34
videos	0.85	1.02
please	0.85	1.53
g	0.85	1.31
felt	0.85	1.51
tattoo	0.85	1.11
perfectly	0.85	1.58
noticed	0.85	1.40
pro	0.85	1.22
solid	0.85	1.41
mr	0.86	1.48
conversation	0.86	1.36
ten	0.86	1.33
clashes	0.86	1.42
four	0.86	1.34
easy	0.86	1.53
effective	0.87	1.49
fit	0.87	1.61
ben	0.87	1.33
description	0.87	1.37
memory	0.87	1.03
chosen	0.87	1.88
job	0.87	1.36
seen	0.87	1.41
found	0.88	1.30
picky	0.88	1.80
john	0.88	1.10
together	0.88	1.60
context	0.88	1.52
recently	0.88	1.49
fun	0.89	1.38
crisp	0.89	1.28
opinion	0.89	1.68
spot	0.89	1.53
another	0.89	2.12
whichever	0.89	2.15
b	0.89	1.41
ive	0.89	1.45
b/c	0.89	1.46
textures	0.90	1.40
ear	0.90	1.18
unlike	0.90	0.90
bushacre	0.90	1.34
ve	0.90	1.46
charles	0.90	1.24
saw	0.90	1.21
og	0.90	1.34
today	0.91	1.17
here	0.91	1.55
guides	0.91	1.37
letter	0.91	1.27
distinct	0.91	1.34
gentleman	0.91	0.98
books	0.91	0.97
secret	0.91	1.08
guide	0.91	1.34
guitar	0.91	1.05
fixed	0.92	1.55
definitely	0.92	1.78
shoes	0.92	1.34
checked	0.92	1.11
originally	0.92	1.66
book	0.92	0.92
elegant	0.93	1.23
valley	0.93	1.31
varying	0.93	1.36
cheap	0.93	1.95
heard	0.93	1.29
actually	0.93	1.90
nicest	0.93	1.80
never	0.93	1.50
share	0.93	1.67
better	0.94	1.76
couple	0.94	1.33
karma	0.94	1.33
characters	0.94	0.76
comment	0.94	1.60
listening	0.94	1.14
thin	0.95	1.45
seemed	0.95	1.53
usage	0.95	1.30
stretchy	0.95	1.42
replies	0.96	1.60
neutral	0.96	1.52
turned	0.96	1.24
conservative	0.97	1.38
tea	0.97	0.96
series	0.97	0.89
cat	0.97	1.29
providing	0.97	1.56
dana	0.97	1.20
lightweight	0.98	1.41
decently	0.98	1.48
affordable	0.98	1.55
options	0.98	1.53
replied	0.98	1.46
written	0.98	1.03
reading	0.98	1.12
hopefully	0.98	1.65
heh	0.99	1.69
phrase	0.99	2.12
soft	0.99	1.41
theyre	0.99	1.54
active	0.99	1.13
individual	1.00	1.43
partial	1.00	1.49
option	1.00	2.05
wearable	1.00	1.38
wan	1.01	1.72
niche	1.01	1.25
term	1.01	2.19
lately	1.01	1.44
according	1.01	1.92
fyi	1.01	1.51
sarcasm	1.01	1.80
don	1.01	1.50
pricey	1.02	1.30
responding	1.02	1.79
edited	1.02	1.59
place	1.03	1.96
one	1.03	2.00
tonight	1.03	1.24
van	1.03	1.25
friday	1.03	1.02
quote	1.03	1.32
perspective	1.04	1.58
accurate	1.04	1.33
tomorrow	1.04	1.23
imo	1.04	1.55
itself	1.04	1.35
article	1.04	1.27
super	1.04	1.51
watching	1.04	0.90
finally	1.05	1.45
w	1.05	1.27
wrote	1.05	1.38
few	1.05	1.31
monday	1.05	1.12
interest	1.05	1.33
hundreds	1.06	1.37
confirm	1.06	1.15
possible	1.06	2.02
tuesday	1.06	1.12
alternatives	1.06	1.42
thrifting	1.06	1.05
rare	1.06	1.20
thousands	1.06	1.35
pair	1.07	1.37
existing	1.08	1.18
prada	1.08	1.13
attractive	1.08	0.94
combination	1.09	1.91
truly	1.09	1.36
corrected	1.09	2.17
refers	1.09	2.37
reminds	1.09	1.13
sturdy	1.10	1.40
scheme	1.10	1.37
held	1.10	1.35
million	1.11	1.33
looks	1.11	1.51
60s	1.11	1.02
plenty	1.12	1.41
wednesday	1.12	1.07
video	1.13	0.89
number	1.13	1.33
darn	1.13	1.29
tour	1.13	1.04
timeless	1.13	1.27
staples	1.13	1.20
perfect	1.13	1.97
thursday	1.13	1.09
pretty	1.14	1.52
beards	1.14	1.16
masculine	1.14	1.13
alternative	1.16	1.48
bet	1.16	2.01
ton	1.16	1.36
chicken	1.16	1.16
stylish	1.16	1.33
tv	1.16	0.88
safe	1.16	2.10
especially	1.17	1.49
alot	1.17	1.37
patient	1.17	1.14
any	1.17	1.50
ugh	1.17	1.44
all	1.17	1.56
diversity	1.18	1.23
lot	1.18	1.44
film	1.18	1.22
flexible	1.19	1.31
realized	1.19	1.47
variety	1.19	1.35
confusion	1.19	1.57
loads	1.19	1.31
different	1.19	1.35
exciting	1.19	1.10
responses	1.19	1.53
realise	1.19	1.79
yay	1.20	1.07
dear	1.20	1.42
surprisingly	1.20	1.40
aware	1.21	1.89
fades	1.21	1.21
insanely	1.21	1.41
knew	1.21	1.61
opinions	1.21	1.52
skeptical	1.21	1.80
addition	1.22	1.09
resources	1.22	1.42
dozens	1.22	1.32
writing	1.22	1.09
fair	1.22	1.53
copped	1.22	1.15
convinced	1.22	1.61
several	1.22	1.30
successful	1.23	0.97
title	1.23	1.45
durable	1.23	1.42
bang	1.23	1.95
interested	1.24	1.94
reminded	1.24	1.15
though	1.24	1.65
particular	1.24	1.47
explains	1.24	1.42
pls	1.24	1.43
various	1.25	1.30
looked	1.25	1.49
works	1.25	1.62
y	1.25	1.29
y'all	1.25	1.32
doable	1.25	1.45
minus	1.25	1.22
buck	1.25	2.07
existed	1.25	1.59
o	1.26	1.30
valuable	1.26	1.35
rocking	1.26	1.06
positive	1.27	1.35
bitch	1.27	1.41
googled	1.27	1.48
handful	1.27	1.30
cohesive	1.27	1.32
types	1.28	1.30
such	1.28	1.37
choice	1.28	1.91
passable	1.28	1.73
three	1.28	1.27
fan	1.28	1.64
numerous	1.30	1.29
satisfied	1.30	1.73
losing	1.30	1.37
idk	1.30	1.84
tons	1.31	1.32
movie	1.31	1.36
lots	1.31	1.32
story	1.31	1.11
meant	1.32	1.83
progress	1.32	1.38
troll	1.32	1.40
c	1.33	1.27
creative	1.33	1.12
im	1.33	1.69
conscious	1.33	1.68
write	1.34	1.11
multiple	1.35	1.29
sentence	1.35	1.40
e	1.36	1.32
words	1.36	2.00
careful	1.37	1.76
happened	1.37	1.26
nervous	1.37	1.70
anyway	1.38	1.78
purchased	1.38	1.54
absolutely	1.38	1.79
bunch	1.39	1.28
pointing	1.39	1.71
word	1.39	2.03
joking	1.40	1.81
loss	1.40	1.38
kinds	1.40	1.33
two	1.40	1.25
criticism	1.41	1.56
wore	1.41	1.31
mistake	1.42	1.52
resource	1.42	1.34
inclined	1.42	1.81
guess	1.42	1.83
edition	1.43	1.56
good	1.43	1.71
review	1.44	1.39
pleased	1.46	1.52
guys	1.46	1.29
fond	1.46	1.66
answering	1.46	1.55
classy	1.48	1.11
patina	1.49	0.98
many	1.50	1.25
seconded	1.50	1.10
dammit	1.50	1.28
fresh	1.50	1.57
sorts	1.51	1.31
fell	1.52	1.61
nicely	1.52	1.66
death	1.52	1.36
impressed	1.53	1.10
greatly	1.53	1.49
ill	1.54	1.46
expensive	1.54	1.54
watched	1.55	1.26
keen	1.55	1.72
recommendation	1.55	1.47
hi	1.55	1.34
episode	1.56	1.44
cuz	1.56	1.15
hella	1.56	1.31
sense	1.56	1.59
cared	1.56	1.30
proud	1.57	1.39
suppose	1.57	1.64
sounds	1.58	1.48
great	1.60	1.60
replying	1.60	1.65
relax	1.60	1.31
depth	1.61	1.25
ideas	1.61	1.35
beat	1.62	1.46
didnt	1.62	1.59
well	1.62	1.53
jealous	1.63	1.63
shit	1.63	1.48
most	1.63	1.37
grail	1.64	1.09
god	1.64	1.96
recommendations	1.65	1.44
both	1.65	1.39
understood	1.65	1.59
certain	1.66	1.18
information	1.66	1.43
help	1.66	1.62
forgot	1.67	1.53
confident	1.67	1.45
hell	1.68	1.46
close	1.68	1.57
understandable	1.68	1.51
simplicity	1.69	1.46
pickup	1.69	1.01
sorry	1.70	1.59
stoked	1.72	1.48
figured	1.72	1.57
useful	1.73	1.29
amazingly	1.73	1.29
happier	1.74	1.56
killing	1.74	1.47
thought	1.74	1.48
journey	1.75	1.16
excited	1.76	1.63
oops	1.77	1.48
edit	1.77	1.40
fine	1.78	1.44
wat	1.78	1.26
whoops	1.79	1.48
other	1.79	1.17
wtf	1.80	1.42
r	1.82	1.24
p.s	1.82	1.35
detailed	1.82	1.40
answers	1.82	1.47
prob	1.83	1.39
constructive	1.84	1.46
diverse	1.84	1.12
answer	1.84	1.52
username	1.85	1.37
feedback	1.85	1.45
killer	1.85	1.48
critique	1.86	1.47
birthday	1.86	1.47
dunno	1.87	1.44
fellow	1.87	1.06
pleb	1.87	1.36
similar	1.88	1.41
explanation	1.89	1.50
advice	1.91	1.43
advance	1.92	1.42
hoping	1.94	1.51
source	1.94	1.42
totally	1.94	1.46
handsome	1.94	1.06
honesty	1.94	1.49
eh	1.94	1.46
thoughts	1.96	1.41
agreed	1.96	1.36
info	1.97	1.40
comfy	1.98	1.39
em	1.98	1.32
overall	1.99	1.28
christ	2.00	1.41
comfortable	2.01	1.44
lord	2.02	1.32
hmmm	2.02	1.36
suggestions	2.03	1.38
nuts	2.03	1.28
knowledgeable	2.05	1.24
af	2.06	1.22
some	2.06	1.32
ooh	2.07	1.37
tips	2.09	1.42
omg	2.09	1.32
enjoying	2.10	1.27
ur	2.10	1.22
versatile	2.11	1.45
noted	2.12	1.41
helps	2.12	1.51
uncommon	2.13	1.21
response	2.13	1.38
def	2.14	1.22
chill	2.14	1.11
helped	2.14	1.24
informative	2.14	1.28
uh	2.15	1.43
fuckin	2.15	1.32
um	2.16	1.35
enjoyed	2.16	0.91
interesting	2.17	1.31
props	2.17	1.21
hear	2.17	1.40
spelling	2.19	1.24
must	2.19	1.37
bout	2.20	1.20
liked	2.21	1.12
son	2.21	1.23
insight	2.21	1.37
hunting	2.22	1.60
buddy	2.23	1.05
10/10	2.23	1.07
hello	2.23	1.00
whoa	2.23	1.15
aw	2.24	1.34
lucky	2.24	1.18
suggestion	2.24	1.33
cop	2.25	1.15
dressy	2.26	1.41
whats	2.26	1.22
mad	2.27	1.12
jesus	2.27	1.26
hmm	2.27	1.40
enjoy	2.27	1.35
indeed	2.28	1.33
shoes/boots	2.28	1.43
reply	2.28	1.36
appreciated	2.30	1.34
anyways	2.30	1.37
yep	2.30	1.07
gotcha	2.31	1.36
wish	2.32	1.36
hah	2.32	1.30
swag	2.32	1.12
kicks	2.33	0.99
these	2.33	1.09
cents	2.35	1.30
fuck	2.35	1.28
u	2.36	1.15
ta	2.36	1.10
ah	2.36	1.34
huh	2.37	1.34
hahaha	2.37	1.34
welcome	2.38	1.30
impressive	2.38	1.03
liking	2.38	1.30
holy	2.38	1.36
w2c	2.39	0.99
helping	2.39	1.33
yes	2.40	1.37
lmao	2.40	1.27
dang	2.40	1.26
hope	2.40	1.33
okay	2.42	1.36
ai	2.42	1.16
digging	2.42	1.11
dem	2.42	1.05
ha	2.42	1.33
ahh	2.43	1.33
yup	2.43	1.30
tip	2.44	1.32
m8	2.44	1.24
lol	2.44	1.29
dat	2.44	1.08
wonderful	2.46	1.04
input	2.47	1.31
nonetheless	2.47	1.07
p	2.48	1.25
freaking	2.48	0.77
kidding	2.49	1.35
neat	2.51	1.07
yea	2.51	1.28
seriously	2.52	1.29
yo	2.52	1.09
unique	2.52	1.15
brilliant	2.52	1.05
bruh	2.54	1.11
lookin	2.54	1.10
ok	2.54	1.29
yeah	2.55	1.29
brah	2.55	1.10
heads	2.56	1.25
worries	2.57	1.27
helpful	2.58	1.24
sharp	2.58	1.09
wow	2.58	1.36
tho	2.58	1.12
oh	2.59	1.31
thx	2.60	1.26
bud	2.60	1.25
woah	2.60	1.18
sir	2.62	1.19
thats	2.62	1.26
ya	2.62	1.18
bro	2.63	1.13
nah	2.63	1.08
mate	2.63	1.22
haha	2.64	1.28
appreciate	2.65	1.28
dude	2.66	1.22
alright	2.67	1.25
sharing	2.68	1.28
thank	2.74	1.25
damn	2.75	1.15
thanks	2.75	1.25
luck	2.75	1.23
nailed	2.76	0.87
lovely	2.77	0.73
hey	2.77	1.22
sexy	2.77	1.03
cheers	2.79	1.22
gorgeous	2.80	0.89
congratulations	2.81	1.06
man	2.81	1.17
glad	2.82	1.08
btw	2.83	1.13
congrats	2.84	1.08
badass	2.85	0.98
dope	2.86	1.01
beautiful	2.88	0.88
loving	2.89	0.77
those	2.91	0.82
rad	2.91	0.94
cool	2.92	0.96
sweet	3.00	0.80
sick	3.04	0.87
dig	3.06	0.78
