smell	-5.26	1.65
ugh	-5.24	2.01
someones	-4.95	2.16
dying	-4.69	2.35
canned	-4.55	2.61
burns	-4.53	2.80
suffer	-4.47	2.65
angry	-4.46	2.15
accident	-4.45	2.57
worse	-4.43	2.52
death	-4.38	2.57
snap	-4.37	2.60
bacteria	-4.36	2.91
grease	-4.35	3.10
contract	-4.33	2.85
tasted	-4.33	2.49
stared	-4.29	2.49
murica	-4.27	2.38
began	-4.23	2.65
poor	-4.15	2.50
pad	-4.14	3.29
pain	-4.05	2.79
crappy	-4.03	2.89
keeps	-3.99	2.36
pure	-3.96	3.06
hired	-3.96	2.97
whenever	-3.93	2.96
absolute	-3.82	2.37
tongue	-3.78	3.19
germs	-3.76	3.27
tasting	-3.75	2.77
unlike	-3.73	2.83
anus	-3.69	3.11
santa	-3.68	2.91
gay	-3.68	2.79
resulting	-3.67	2.85
harmful	-3.64	2.91
dirty	-3.63	3.10
vomit	-3.62	2.27
fan	-3.58	2.67
dies	-3.58	3.14
chemicals	-3.54	3.20
fucks	-3.41	2.49
joy	-3.39	2.67
shitty	-3.37	2.37
tool	-3.37	2.57
rage	-3.35	2.69
nightmare	-3.34	2.23
complaining	-3.34	2.53
kill	-3.32	3.12
smells	-3.24	2.28
superior	-3.22	2.62
main	-3.20	2.90
filthy	-3.14	2.77
mess	-3.13	3.21
known	-3.13	2.79
smoke	-3.12	1.55
complain	-3.10	3.01
smoking	-3.10	1.51
taste	-3.10	2.65
imagining	-3.09	2.43
ash	-3.08	1.55
burning	-3.06	1.50
cigarettes	-2.98	1.55
cigarette	-2.97	1.55
leak	-2.96	1.62
burn	-2.96	1.54
cares	-2.95	3.43
aware	-2.93	3.96
hence	-2.92	2.76
terrified	-2.91	2.85
weed	-2.91	1.54
confused	-2.85	3.36
smoked	-2.80	1.45
breath	-2.77	1.44
felt	-2.75	2.78
jerk	-2.75	2.75
americans	-2.73	3.23
tastes	-2.70	2.52
upset	-2.70	3.18
prefer	-2.69	2.68
turtles	-2.67	3.41
sweat	-2.67	1.40
kills	-2.67	1.39
sees	-2.64	3.99
worried	-2.63	3.70
everywhere	-2.61	3.68
guarantee	-2.60	1.67
vodka	-2.60	2.06
ashamed	-2.59	3.60
tells	-2.58	3.87
quality	-2.55	2.90
breathe	-2.55	1.71
everybody	-2.54	3.95
wants	-2.54	4.00
talking	-2.54	4.30
ruining	-2.53	2.58
knows	-2.53	3.87
biggest	-2.51	3.16
buys	-2.50	3.71
handwriting	-2.47	3.10
afraid	-2.47	2.39
panic	-2.46	1.61
drank	-2.45	1.90
tobacco	-2.43	1.61
eats	-2.43	3.72
dae	-2.42	3.03
urine	-2.39	1.54
asks	-2.39	3.87
thinks	-2.37	3.66
likes	-2.37	3.94
amirite	-2.37	2.58
laughing	-2.36	3.29
gives	-2.36	2.37
crying	-2.35	1.82
artificial	-2.34	1.95
already	-2.34	4.12
mutant	-2.28	3.49
grapes	-2.27	1.92
poisonous	-2.26	1.88
candle	-2.24	1.57
fucker	-2.21	3.04
pun	-2.21	2.78
wax	-2.18	1.78
lawsuit	-2.18	1.62
assholes	-2.17	3.04
cleaner	-2.17	1.86
disgusting	-2.17	2.55
cotton	-2.17	1.78
are	-2.16	3.73
hands	-2.14	2.28
burnt	-2.12	1.78
stoned	-2.11	3.06
doing	-2.10	4.75
messing	-2.09	2.12
juice	-2.09	1.89
filters	-2.08	1.59
tap	-2.08	1.74
flame	-2.07	1.82
bottled	-2.07	1.53
cry	-2.07	3.47
piss	-2.06	1.98
whiskey	-2.05	1.90
clean	-2.05	2.10
clearly	-2.04	4.74
beer	-2.02	1.81
thinking	-2.01	4.61
downvoted	-2.00	4.19
breathing	-2.00	1.61
fear	-1.99	1.69
part	-1.99	2.86
catching	-1.98	1.59
fire	-1.96	1.59
drugs	-1.96	1.81
flavor	-1.95	2.18
pathetic	-1.94	2.65
infection	-1.93	1.79
splash	-1.93	1.54
pointing	-1.93	4.51
touch	-1.93	2.27
touching	-1.92	2.27
ew	-1.91	3.13
coolest	-1.91	2.28
saying	-1.90	5.06
bagged	-1.89	1.64
shits	-1.89	2.89
disease	-1.89	1.72
killing	-1.88	1.46
ur	-1.88	3.48
dunno	-1.87	2.56
overpriced	-1.87	2.71
harsh	-1.86	2.84
beers	-1.86	1.69
spreading	-1.85	2.00
quit	-1.83	1.58
supposedly	-1.82	1.67
marijuana	-1.81	1.52
dead	-1.81	1.55
wash	-1.81	2.09
decent	-1.81	2.80
nervous	-1.81	2.08
melt	-1.81	1.65
swallow	-1.80	1.59
horror	-1.79	2.79
insects	-1.79	1.81
soap	-1.79	2.03
cleaned	-1.78	2.02
washing	-1.78	2.07
virus	-1.77	1.83
frog	-1.75	3.56
freak	-1.75	2.95
severe	-1.74	1.91
spray	-1.74	1.42
problems	-1.73	1.88
intentionally	-1.72	4.33
spread	-1.72	1.74
exposure	-1.72	1.81
sight	-1.72	3.21
harm	-1.72	1.86
humans	-1.71	1.78
meth	-1.71	1.46
pour	-1.71	1.59
watermelon	-1.71	1.95
bitter	-1.71	1.92
lying	-1.70	3.96
scratch	-1.70	1.51
fingers	-1.69	2.24
worlds	-1.68	3.39
fresh	-1.68	1.53
gum	-1.67	1.61
brewery	-1.67	1.68
bloody	-1.67	3.13
noticing	-1.66	2.58
handles	-1.66	1.98
missing	-1.66	4.77
telling	-1.65	3.22
drinking	-1.65	1.64
killed	-1.65	1.64
flavors	-1.64	2.08
idiot	-1.64	4.00
cleaning	-1.64	1.93
picked	-1.64	1.58
washed	-1.63	1.96
besides	-1.63	1.36
supposed	-1.63	5.08
bare	-1.63	2.13
statistics	-1.62	1.50
re	-1.62	4.96
drawn	-1.62	1.46
wet	-1.62	2.01
filter	-1.61	1.49
grape	-1.61	2.05
spit	-1.60	1.56
concerned	-1.60	2.60
such	-1.60	2.80
dangerous	-1.60	2.88
poison	-1.60	1.53
soda	-1.60	1.72
fuckers	-1.60	3.03
burned	-1.60	1.54
having	-1.59	2.51
drink	-1.59	1.63
mouth	-1.59	2.09
mental	-1.59	1.89
arguing	-1.58	2.82
handle	-1.58	2.03
queen	-1.58	1.45
wasting	-1.56	2.22
colorblind	-1.56	2.33
messy	-1.56	2.71
dew	-1.56	1.67
value	-1.56	1.56
misleading	-1.55	4.05
produced	-1.55	1.42
chew	-1.55	1.52
bugs	-1.55	1.65
cure	-1.55	1.60
restroom	-1.54	1.86
annoyed	-1.54	2.14
makes	-1.53	3.54
wasps	-1.53	1.93
yelling	-1.53	1.91
finds	-1.53	2.61
regular	-1.53	1.71
lit	-1.52	1.49
says	-1.52	2.65
cherry	-1.52	1.85
constantly	-1.52	1.28
touched	-1.52	1.96
photographer	-1.52	1.20
coke	-1.51	1.59
melted	-1.51	1.57
convinced	-1.51	2.89
zero	-1.51	1.36
ebola	-1.50	1.60
puns	-1.50	1.93
scared	-1.50	1.99
pouring	-1.49	1.60
cola	-1.49	1.59
unless	-1.49	5.10
issues	-1.49	1.98
dislike	-1.49	2.75
foil	-1.49	1.45
potentially	-1.48	2.15
pot	-1.48	1.42
mountain	-1.47	1.65
clown	-1.47	3.20
toxic	-1.47	1.92
sink	-1.47	1.76
lies	-1.46	1.63
stomach	-1.46	1.95
excuse	-1.46	2.78
heart	-1.46	1.76
blame	-1.45	1.68
pit	-1.45	1.53
drunk	-1.45	2.45
uses	-1.45	2.40
sour	-1.45	2.02
bite	-1.44	1.70
ass	-1.44	3.24
alcohol	-1.43	1.60
kid	-1.43	1.53
tissue	-1.43	1.83
moms	-1.43	1.70
die	-1.43	1.93
nigga	-1.43	3.41
staring	-1.42	1.80
packs	-1.41	1.45
nobody	-1.41	2.81
urinal	-1.41	1.64
flush	-1.40	1.71
maple	-1.40	1.50
shock	-1.40	1.68
actively	-1.40	1.89
wipe	-1.40	2.08
stain	-1.40	1.69
suddenly	-1.40	1.55
beside	-1.40	1.21
rub	-1.39	1.91
caffeine	-1.39	1.55
dishes	-1.39	1.86
cancer	-1.39	1.51
brew	-1.39	1.42
puts	-1.39	2.16
dirt	-1.39	1.68
spill	-1.39	1.56
rid	-1.38	1.86
afford	-1.38	1.86
pipe	-1.38	1.47
worries	-1.38	3.17
nonsense	-1.38	2.00
alcoholic	-1.38	1.74
pipes	-1.38	1.47
ever	-1.38	3.41
burst	-1.37	1.76
itt	-1.37	1.93
bottle	-1.37	1.57
melts	-1.37	1.64
management	-1.36	1.42
fuel	-1.36	1.55
wrist	-1.36	1.87
flies	-1.36	1.77
condition	-1.34	1.79
getting	-1.34	3.19
habit	-1.34	1.40
expected	-1.34	1.88
decaf	-1.34	1.46
lips	-1.33	1.83
sure	-1.33	4.99
species	-1.33	1.72
pack	-1.33	1.47
survive	-1.33	1.57
dishwasher	-1.33	1.90
ended	-1.33	1.26
using	-1.33	2.68
involved	-1.32	1.64
offended	-1.32	2.90
right	-1.32	4.90
appropriate	-1.31	2.93
shots	-1.31	1.70
sinks	-1.31	1.63
making	-1.31	2.93
fish	-1.31	1.59
stopped	-1.30	1.36
gave	-1.30	1.64
limits	-1.30	1.46
faucet	-1.30	1.62
physical	-1.30	1.75
wiping	-1.30	2.02
giving	-1.30	2.08
liquor	-1.29	1.62
who	-1.29	2.49
forced	-1.28	1.45
losing	-1.28	1.81
children	-1.28	1.53
bay	-1.28	1.41
point	-1.27	4.82
toilet	-1.27	1.75
animals	-1.27	1.72
anxiety	-1.26	1.97
lip	-1.26	1.82
poured	-1.26	1.53
screaming	-1.26	1.76
pasta	-1.26	1.16
realizing	-1.25	2.68
cheapest	-1.25	3.33
fountain	-1.24	1.49
sudden	-1.24	1.48
hire	-1.24	1.96
painful	-1.23	2.78
teeth	-1.23	1.86
wondering	-1.23	3.49
jaw	-1.23	1.60
jumping	-1.23	1.68
stare	-1.21	1.81
beans	-1.21	1.23
digging	-1.21	2.38
stop	-1.21	1.56
shitting	-1.20	1.72
traffic	-1.20	1.64
hose	-1.20	1.57
vanilla	-1.20	1.68
tired	-1.20	2.16
butt	-1.20	2.11
pee	-1.19	1.68
towel	-1.19	1.75
liked	-1.19	3.04
cast	-1.19	1.74
drinks	-1.19	1.52
syrup	-1.19	1.62
ear	-1.18	1.74
cause	-1.18	1.81
bath	-1.18	1.68
water	-1.18	1.47
environment	-1.18	1.73
towels	-1.18	1.69
crack	-1.18	1.41
surprise	-1.18	1.45
peeing	-1.17	1.71
carrying	-1.17	1.66
syndrome	-1.17	1.74
birds	-1.17	1.76
cans	-1.17	1.49
tries	-1.17	2.16
butthole	-1.17	1.87
handy	-1.17	2.49
drain	-1.17	1.58
everyone	-1.17	2.45
accidentally	-1.16	1.98
helps	-1.16	1.50
has	-1.16	2.03
snakes	-1.16	1.71
start	-1.15	1.59
capture	-1.15	1.62
hand	-1.15	1.98
bump	-1.15	1.58
brain	-1.15	1.69
spider	-1.15	1.76
finger	-1.15	1.90
patient	-1.15	1.60
pepsi	-1.15	1.37
opener	-1.15	1.38
helping	-1.14	1.63
candy	-1.14	1.85
tub	-1.14	1.77
sticks	-1.14	1.73
bottles	-1.14	1.63
bees	-1.14	1.88
handling	-1.14	1.88
given	-1.14	2.96
aluminum	-1.13	1.59
causing	-1.13	1.70
doctors	-1.13	1.65
urinals	-1.13	1.62
concern	-1.12	1.83
asking	-1.12	3.33
oil	-1.12	1.56
everytime	-1.12	1.86
planning	-1.12	1.96
pretending	-1.12	2.30
toothpaste	-1.12	1.78
vegan	-1.11	1.44
maximum	-1.11	1.53
pissing	-1.11	1.87
beverage	-1.11	1.66
pint	-1.11	1.50
stupid	-1.11	3.15
child	-1.11	1.37
melting	-1.11	1.49
air	-1.10	1.44
tilt	-1.10	1.61
nose	-1.10	1.82
thoroughly	-1.10	1.81
stops	-1.10	1.31
shocked	-1.10	2.69
cheap	-1.10	1.98
little	-1.09	3.62
initially	-1.09	2.16
damage	-1.09	1.82
camera	-1.09	1.60
associated	-1.09	1.62
treatment	-1.09	1.76
occasionally	-1.09	1.50
growth	-1.09	1.57
ant	-1.08	1.60
mug	-1.08	1.46
wins	-1.08	1.70
toes	-1.08	2.06
tp	-1.08	1.73
programs	-1.08	1.55
laugh	-1.08	3.18
battery	-1.08	1.30
sits	-1.07	1.94
brush	-1.07	1.66
glass	-1.07	1.68
patch	-1.07	1.69
stole	-1.07	1.51
fires	-1.07	1.66
working	-1.07	2.88
thumb	-1.06	1.89
toilets	-1.06	1.64
bathroom	-1.06	1.67
stroke	-1.06	1.45
conditions	-1.06	1.59
bastards	-1.06	2.10
putting	-1.06	2.43
feed	-1.05	1.63
cocaine	-1.05	1.46
left	-1.05	2.15
nails	-1.05	2.13
dumb	-1.05	3.37
organic	-1.05	1.53
motorcycle	-1.05	1.49
curious	-1.05	3.39
ama	-1.05	1.79
stress	-1.04	1.63
life	-1.04	3.23
ridiculous	-1.04	2.22
lime	-1.04	1.68
justify	-1.04	1.92
thru	-1.04	1.43
fired	-1.04	1.89
scare	-1.04	1.98
vacuum	-1.04	1.51
spinning	-1.03	1.61
hitting	-1.03	1.74
dry	-1.03	1.89
gf	-1.03	1.39
agree	-1.03	5.03
complete	-1.03	1.72
retarded	-1.03	3.67
dispenser	-1.03	1.62
fly	-1.03	1.68
boys	-1.03	1.63
cutting	-1.03	1.38
downvoting	-1.03	2.92
guessing	-1.03	3.62
screwed	-1.02	1.88
runs	-1.02	2.06
directly	-1.02	1.71
handed	-1.02	1.41
trap	-1.02	1.52
shower	-1.01	1.66
bet	-1.00	2.39
gets	-1.00	2.05
trypophobia	-1.00	1.49
your	-1.00	1.76
flavour	-1.00	1.79
sticking	-1.00	1.97
pool	-1.00	1.31
orange	-1.00	1.59
amounts	-0.99	1.72
prepare	-0.99	1.37
starts	-0.99	1.01
chemical	-0.99	1.77
washer	-0.99	1.69
aggressive	-0.99	1.83
radiation	-0.99	1.70
dust	-0.99	1.43
dryer	-0.99	1.70
laptop	-0.99	1.68
by	-0.98	2.16
started	-0.98	1.41
signal	-0.98	1.57
escape	-0.98	1.61
rich	-0.98	1.70
poorly	-0.98	2.34
vegetables	-0.98	1.19
overnight	-0.98	1.31
realized	-0.98	2.17
freaked	-0.98	1.90
ac	-0.98	1.44
plan	-0.98	1.31
laundry	-0.97	1.66
claiming	-0.97	1.81
buried	-0.97	1.56
woke	-0.97	1.75
throat	-0.97	1.61
destroy	-0.97	1.67
youre	-0.97	2.09
grows	-0.96	1.54
jokes	-0.96	1.88
stem	-0.96	1.44
anytime	-0.96	1.61
upper	-0.96	1.86
picking	-0.96	1.87
avoid	-0.95	1.38
diet	-0.95	1.35
crash	-0.95	1.60
centre	-0.95	1.63
tape	-0.95	1.34
stab	-0.94	1.54
bee	-0.94	1.64
covered	-0.94	1.64
dish	-0.94	1.58
ceiling	-0.94	1.56
passes	-0.94	1.52
lemon	-0.94	1.60
attack	-0.93	1.61
hotter	-0.93	1.66
afterwards	-0.93	1.66
knife	-0.93	1.29
tin	-0.93	1.30
driving	-0.93	2.13
snake	-0.92	1.71
scar	-0.92	1.90
ants	-0.92	1.62
keyboard	-0.92	1.69
medicine	-0.92	1.57
blade	-0.92	1.34
jar	-0.92	1.57
helped	-0.91	1.24
largest	-0.91	1.93
joking	-0.91	4.48
being	-0.91	3.05
ripe	-0.91	1.55
sign	-0.91	2.31
asked	-0.91	2.03
craft	-0.91	1.48
asses	-0.91	2.20
reaction	-0.91	1.82
facing	-0.90	2.43
running	-0.90	2.32
lemons	-0.90	1.43
ve	-0.90	2.20
insect	-0.89	1.63
crawl	-0.89	1.74
natural	-0.89	1.73
cup	-0.89	1.42
liter	-0.88	1.44
valve	-0.88	1.56
bringing	-0.88	1.65
virgin	-0.88	1.48
block	-0.88	1.36
straight	-0.88	1.62
float	-0.88	1.47
doesnt	-0.88	1.80
cells	-0.88	1.56
skittles	-0.87	1.45
prices	-0.87	1.64
walks	-0.87	3.44
pan	-0.87	1.52
world	-0.87	2.25
texture	-0.87	1.60
goods	-0.87	1.34
bong	-0.87	1.51
rainbow	-0.87	1.56
apples	-0.87	1.45
explode	-0.86	1.47
contained	-0.86	1.55
contain	-0.86	1.60
attached	-0.86	1.97
animal	-0.86	1.59
prevent	-0.86	1.39
person	-0.86	2.18
lighting	-0.86	1.52
coffee	-0.86	1.42
diabetes	-0.86	1.64
stall	-0.86	1.58
wasp	-0.86	1.62
previously	-0.86	2.22
carbon	-0.86	1.58
catch	-0.85	1.96
poop	-0.85	2.15
nest	-0.85	1.57
pride	-0.85	1.38
mouse	-0.85	1.69
apple	-0.85	1.53
caused	-0.85	1.75
shoulder	-0.85	1.92
buying	-0.85	2.37
calls	-0.84	3.40
scissors	-0.84	1.32
whereas	-0.84	1.57
uncomfortable	-0.84	3.01
straw	-0.84	1.42
legs	-0.84	1.90
packaged	-0.84	1.28
murder	-0.84	1.45
ate	-0.84	1.06
flavored	-0.84	2.04
mixing	-0.84	1.45
booze	-0.83	1.59
coloring	-0.83	1.53
keeping	-0.83	1.45
starting	-0.83	1.69
stopping	-0.83	1.92
upgrade	-0.83	1.29
jelly	-0.83	1.61
tanks	-0.83	1.42
tomato	-0.83	1.26
photoshop	-0.82	1.72
raising	-0.82	1.63
iced	-0.82	1.46
cups	-0.82	1.43
arent	-0.82	1.86
sugar	-0.82	1.46
pond	-0.81	1.46
unlimited	-0.81	1.20
installed	-0.81	1.63
resist	-0.81	1.56
swear	-0.81	1.70
head	-0.81	1.83
drill	-0.81	1.30
stealing	-0.81	1.78
labeled	-0.81	1.77
caught	-0.81	1.58
hole	-0.81	1.69
implying	-0.81	2.36
spikes	-0.81	1.60
arm	-0.81	1.73
middle	-0.81	2.08
trolling	-0.80	3.30
99	-0.80	1.52
choices	-0.80	1.52
tomatoes	-0.80	1.43
encountered	-0.80	1.92
contrast	-0.80	1.63
produces	-0.80	1.37
drug	-0.80	1.57
completely	-0.80	4.16
support	-0.80	1.71
blowing	-0.80	1.65
co	-0.80	1.27
idiots	-0.80	2.36
max	-0.80	1.47
exposed	-0.80	1.63
host	-0.80	1.55
standing	-0.80	1.98
suggesting	-0.80	2.89
oranges	-0.80	1.51
kitchen	-0.80	1.53
smarter	-0.80	1.61
greatest	-0.79	3.18
dropping	-0.79	1.47
joint	-0.79	1.42
boy	-0.79	3.20
scream	-0.79	1.65
slap	-0.79	1.79
stuck	-0.79	1.90
sea	-0.79	1.63
manager	-0.79	1.43
fruit	-0.79	1.43
stating	-0.79	2.94
instead	-0.79	1.57
slowly	-0.79	1.40
entire	-0.78	1.79
jail	-0.78	1.38
causes	-0.78	1.66
seeing	-0.78	2.95
price	-0.78	1.60
aim	-0.78	1.61
styrofoam	-0.78	1.45
allergic	-0.78	1.56
said	-0.77	2.42
spiders	-0.77	2.05
rest	-0.77	1.74
he	-0.77	2.05
abuse	-0.76	1.49
bud	-0.76	1.77
tears	-0.76	1.64
fat	-0.76	1.93
blind	-0.76	2.23
while	-0.76	1.74
bottom	-0.76	2.01
pumpkin	-0.76	1.59
seen	-0.76	2.07
without	-0.75	1.64
mixed	-0.75	1.51
spectrum	-0.75	1.67
pulls	-0.75	1.85
carpet	-0.75	1.97
arrested	-0.75	1.66
smallest	-0.75	1.54
fill	-0.75	1.44
keep	-0.75	1.73
bone	-0.75	1.57
nerve	-0.75	1.60
feeding	-0.74	1.58
marks	-0.74	1.66
public	-0.74	1.64
awhile	-0.74	1.82
pointed	-0.74	2.09
cops	-0.74	1.48
customer	-0.74	1.55
guard	-0.74	1.58
selling	-0.74	1.65
throwing	-0.74	1.82
meanwhile	-0.74	1.35
sunlight	-0.74	1.54
strawberries	-0.73	1.47
blades	-0.73	1.35
chains	-0.73	1.54
penises	-0.73	1.61
trouble	-0.73	1.84
nicer	-0.73	1.94
turtle	-0.73	2.08
producing	-0.73	1.61
acid	-0.73	1.49
strawberry	-0.72	1.87
bodies	-0.72	1.58
ripped	-0.72	1.67
leg	-0.72	1.73
wound	-0.72	1.53
boiling	-0.72	1.40
chop	-0.72	1.31
googled	-0.72	1.41
due	-0.72	1.67
parts	-0.72	1.81
papers	-0.72	1.36
balloon	-0.72	1.35
scotch	-0.72	1.53
keys	-0.72	1.67
chest	-0.71	1.69
hunt	-0.71	1.69
roll	-0.71	1.57
eye	-0.71	1.61
ignorant	-0.71	2.64
trans	-0.71	1.56
dealing	-0.71	1.57
coming	-0.71	2.82
customers	-0.71	1.69
axe	-0.71	1.44
disabled	-0.71	1.88
corner	-0.71	2.10
commenting	-0.71	3.13
leaving	-0.70	2.14
been	-0.70	2.34
going	-0.70	3.89
tank	-0.70	1.44
pushed	-0.70	2.10
ears	-0.70	1.67
daily	-0.70	1.70
edited	-0.70	4.61
storm	-0.70	1.61
effectively	-0.69	1.50
asleep	-0.69	1.80
letting	-0.69	2.12
before	-0.69	2.32
massive	-0.68	1.47
witch	-0.68	1.55
gas	-0.68	1.43
root	-0.68	1.37
meant	-0.68	4.70
population	-0.68	1.48
brings	-0.68	1.30
palm	-0.67	1.62
shoot	-0.67	1.89
calculator	-0.67	1.65
ages	-0.67	1.49
products	-0.67	1.46
moving	-0.67	2.30
excess	-0.67	1.31
snow	-0.66	1.48
knee	-0.66	1.68
bathrooms	-0.66	1.50
someone	-0.66	2.17
underground	-0.66	1.49
since	-0.66	2.33
wrap	-0.65	1.43
milk	-0.65	1.42
immediately	-0.65	2.01
flipping	-0.65	2.05
claimed	-0.65	1.55
surfaces	-0.65	1.80
bones	-0.65	1.52
side	-0.65	2.15
believed	-0.65	2.10
performance	-0.65	1.52
orientation	-0.65	1.65
bags	-0.65	1.45
bigger	-0.65	1.82
calling	-0.65	2.83
imagined	-0.65	1.80
unhealthy	-0.65	1.53
viewing	-0.65	1.82
wild	-0.64	1.55
sleeping	-0.64	1.61
fault	-0.64	1.92
eyes	-0.64	1.62
bananas	-0.64	1.44
temperatures	-0.64	1.47
hang	-0.64	1.76
paying	-0.64	1.98
oz	-0.64	1.41
pepper	-0.64	1.45
skin	-0.64	1.60
contact	-0.64	1.73
crystal	-0.64	1.57
wrapper	-0.64	1.45
particles	-0.64	1.68
bs	-0.64	2.07
eventually	-0.64	1.83
cycle	-0.64	1.26
safer	-0.64	1.85
sue	-0.63	1.87
mother	-0.63	1.40
jews	-0.63	1.66
huge	-0.63	1.59
stick	-0.63	1.61
top	-0.63	2.03
risk	-0.63	1.72
major	-0.63	1.53
element	-0.63	1.47
sold	-0.63	1.47
mushroom	-0.63	1.41
excited	-0.62	3.31
tail	-0.62	1.88
turning	-0.62	1.87
dried	-0.62	1.38
seeds	-0.62	1.38
policy	-0.62	1.66
freezer	-0.62	1.45
lincoln	-0.62	1.60
plastic	-0.62	1.69
responsible	-0.62	1.88
somewhere	-0.62	2.83
coating	-0.62	1.44
doritos	-0.62	1.62
toronto	-0.61	1.64
female	-0.61	1.49
ive	-0.61	1.81
lives	-0.61	1.28
toward	-0.61	2.07
mistaken	-0.61	4.81
showed	-0.61	1.66
normally	-0.61	3.09
lobby	-0.61	1.39
swimming	-0.61	1.42
nuclear	-0.61	1.50
hot	-0.61	1.43
upside	-0.61	2.28
squirrels	-0.61	1.55
bonus	-0.61	1.32
rain	-0.60	1.41
longest	-0.60	1.88
women	-0.60	1.50
pump	-0.60	1.44
shooting	-0.60	1.55
paid	-0.60	1.74
dump	-0.60	1.58
chef	-0.60	1.31
attempt	-0.60	1.70
heat	-0.60	1.46
carry	-0.60	1.62
poo	-0.60	2.05
caps	-0.60	1.48
nail	-0.60	1.66
sealed	-0.60	1.46
deserves	-0.60	1.74
98	-0.59	1.48
genuine	-0.59	2.08
rat	-0.59	1.78
bark	-0.59	1.68
lid	-0.59	1.55
sodium	-0.59	1.44
finding	-0.59	2.37
told	-0.59	1.64
asshole	-0.59	2.40
hazard	-0.59	1.79
ray	-0.59	1.29
seed	-0.59	1.38
smart	-0.59	2.08
growing	-0.59	1.36
fruits	-0.58	1.36
internal	-0.58	1.67
favourite	-0.58	3.05
replying	-0.58	3.42
neck	-0.58	1.57
myself	-0.58	2.40
container	-0.58	1.43
bulbs	-0.58	1.50
me	-0.58	2.30
drawing	-0.57	1.60
screw	-0.57	1.32
cinnamon	-0.57	1.73
refuse	-0.57	1.76
glue	-0.57	1.53
promise	-0.57	1.75
demand	-0.57	1.57
falling	-0.57	1.83
bug	-0.57	1.66
bowling	-0.57	1.50
him	-0.57	1.90
stabbed	-0.57	1.60
showing	-0.57	2.21
troll	-0.57	2.77
towards	-0.57	2.13
expired	-0.57	1.65
showers	-0.57	1.54
uv	-0.56	1.48
knees	-0.56	1.63
shells	-0.56	1.58
significantly	-0.56	1.81
themselves	-0.56	1.85
eaten	-0.56	1.56
lights	-0.56	1.56
cartons	-0.56	1.39
coworker	-0.56	1.54
he/she	-0.56	1.82
give	-0.56	2.20
laughed	-0.56	1.75
peel	-0.56	1.49
coca	-0.56	1.14
between	-0.56	1.82
avocado	-0.56	1.38
boil	-0.56	1.34
downvotes	-0.56	2.83
pin	-0.55	1.58
empty	-0.55	1.46
light	-0.55	1.53
moment	-0.55	1.90
calories	-0.55	1.47
pineapple	-0.55	1.39
cold	-0.55	1.41
mum	-0.55	1.74
graphic	-0.55	1.42
phobia	-0.55	1.80
bend	-0.55	1.65
floors	-0.55	1.56
line	-0.55	2.02
tea	-0.55	1.51
sideways	-0.55	1.83
willing	-0.55	2.80
furniture	-0.54	1.73
containers	-0.54	1.46
were	-0.54	2.67
his	-0.54	1.47
rolls	-0.54	1.44
grow	-0.54	1.37
instantly	-0.54	1.68
produce	-0.54	1.38
after	-0.54	1.71
colorado	-0.54	1.41
wrapped	-0.54	1.42
ceo	-0.54	1.41
oxygen	-0.54	1.48
lick	-0.54	1.84
warning	-0.54	1.75
gallon	-0.54	1.39
farmers	-0.54	1.41
grown	-0.54	1.37
trees	-0.54	1.37
parents	-0.54	1.24
pulling	-0.54	1.85
bubble	-0.54	1.49
octane	-0.54	1.47
blanket	-0.54	1.47
heated	-0.53	1.59
dye	-0.53	1.50
hearing	-0.53	1.77
gummy	-0.53	1.50
ground	-0.53	1.57
gaming	-0.53	1.24
everyday	-0.53	1.29
corn	-0.53	1.39
materials	-0.53	1.41
95	-0.53	1.47
collecting	-0.53	1.50
talked	-0.53	1.50
wake	-0.53	1.64
spirit	-0.53	1.51
ignore	-0.53	2.19
lane	-0.53	1.64
pale	-0.53	1.49
paper	-0.53	1.47
physically	-0.53	1.98
removing	-0.53	1.58
yard	-0.53	1.35
norway	-0.53	1.73
eating	-0.53	1.37
thankfully	-0.53	1.64
lined	-0.53	1.70
sensor	-0.53	1.40
absorb	-0.53	1.49
hospital	-0.53	1.47
semen	-0.53	1.35
strike	-0.52	1.63
signs	-0.52	1.62
cardboard	-0.52	1.43
somebody	-0.52	1.97
done	-0.52	2.71
bedroom	-0.52	1.50
knives	-0.52	1.32
freezing	-0.52	1.42
blocked	-0.52	1.78
tl	-0.52	1.14
flipped	-0.52	1.97
muscle	-0.52	1.56
moves	-0.52	1.99
mix	-0.52	1.48
intensifies	-0.52	1.68
banana	-0.52	1.49
anal	-0.52	1.71
wall	-0.52	1.60
hanging	-0.52	1.70
bag	-0.52	1.43
models	-0.52	1.32
steam	-0.52	1.50
competition	-0.52	1.78
tend	-0.51	1.89
looking	-0.51	3.17
mentioned	-0.51	2.12
bought	-0.51	1.52
anywhere	-0.51	2.59
free	-0.51	1.37
batteries	-0.51	1.33
australian	-0.51	2.04
temperature	-0.51	1.46
tree	-0.51	1.38
cap	-0.51	1.38
iron	-0.51	1.58
grass	-0.51	1.40
hahahaha	-0.51	3.11
mom	-0.51	1.29
she	-0.51	1.48
recycle	-0.51	1.58
mainly	-0.51	1.50
country	-0.51	1.70
blows	-0.51	1.32
lawn	-0.50	1.36
bundle	-0.50	2.13
planted	-0.50	1.35
foot	-0.50	1.65
anybody	-0.50	2.27
bad	-0.50	2.63
fridge	-0.50	1.52
moisture	-0.50	1.38
graphite	-0.50	1.74
on	-0.50	2.18
walls	-0.50	1.54
deer	-0.50	1.46
humidity	-0.50	1.45
weather	-0.50	1.43
branches	-0.50	1.43
else	-0.49	2.35
capable	-0.49	1.65
interested	-0.49	2.98
breed	-0.49	1.59
resolution	-0.49	1.63
attitude	-0.49	1.77
sell	-0.49	1.54
instant	-0.49	1.38
nearby	-0.49	1.61
am	-0.49	2.92
backyard	-0.49	1.36
base	-0.49	1.86
plants	-0.48	1.35
gluten	-0.48	1.39
eat	-0.48	1.19
headphones	-0.48	1.53
flower	-0.48	1.67
buy	-0.48	1.80
inner	-0.48	1.54
grabbed	-0.48	1.42
cancel	-0.48	1.73
powder	-0.48	1.46
leaves	-0.48	1.39
evolved	-0.48	1.50
cringe	-0.48	1.70
moron	-0.47	2.66
boyfriend	-0.47	1.32
sex	-0.47	1.50
toe	-0.47	1.56
higher	-0.47	1.62
whoever	-0.47	1.73
referring	-0.47	4.83
sitting	-0.47	1.68
machine	-0.47	1.38
ie	-0.47	1.54
approach	-0.47	1.40
midwest	-0.47	1.97
pile	-0.47	1.44
trapped	-0.47	1.59
arrow	-0.47	2.22
designed	-0.47	2.54
consumer	-0.47	1.52
holding	-0.47	1.81
basement	-0.46	1.49
lighter	-0.46	1.64
highway	-0.46	1.63
division	-0.46	1.20
strength	-0.46	1.56
across	-0.46	1.63
finally	-0.46	2.03
gloves	-0.46	1.48
diesel	-0.46	1.40
her	-0.46	1.34
floating	-0.46	1.49
forward	-0.46	1.77
chances	-0.46	1.90
weapon	-0.46	1.35
dentist	-0.46	1.45
hybrid	-0.46	1.40
rights	-0.46	1.41
illegal	-0.45	1.73
doctor	-0.45	1.62
stood	-0.45	1.75
desk	-0.45	1.44
hook	-0.45	1.49
pencil	-0.45	1.53
spot	-0.45	2.59
levels	-0.45	1.54
ex	-0.45	1.30
aunt	-0.45	1.25
kettle	-0.45	1.37
finished	-0.45	1.52
ramen	-0.45	1.30
sister	-0.45	1.23
votes	-0.45	2.90
allows	-0.45	1.49
lens	-0.45	1.45
grandma	-0.45	1.31
swiss	-0.45	1.36
redditors	-0.44	1.89
track	-0.44	1.64
pickles	-0.44	1.48
bulk	-0.44	1.48
girlfriend	-0.44	1.30
incorrectly	-0.44	4.91
austin	-0.44	1.45
instructions	-0.44	1.42
asphalt	-0.44	1.52
trash	-0.44	1.56
rounds	-0.44	1.54
m	-0.44	3.18
tube	-0.44	1.45
feeling	-0.44	2.12
dad	-0.44	1.30
fans	-0.44	1.50
electricity	-0.44	1.37
grandpa	-0.44	1.27
leaking	-0.44	1.70
cabinet	-0.44	1.55
shave	-0.44	1.42
pencils	-0.44	1.51
skull	-0.44	1.32
paint	-0.43	1.82
bus	-0.43	1.55
threw	-0.43	1.54
holes	-0.43	1.52
premium	-0.43	1.22
sarcastic	-0.43	2.74
called	-0.43	2.58
naked	-0.43	1.47
tray	-0.43	1.38
road	-0.43	1.63
filled	-0.43	1.40
ingredient	-0.43	1.39
branch	-0.43	1.40
roots	-0.43	1.37
doors	-0.43	1.62
level	-0.43	1.63
safely	-0.43	1.77
shadows	-0.43	1.56
belly	-0.43	1.57
floor	-0.42	1.52
hall	-0.42	1.54
heavily	-0.42	1.57
sexual	-0.42	1.61
bed	-0.42	1.57
color	-0.42	1.53
engines	-0.42	1.43
lamp	-0.42	1.47
changing	-0.42	1.64
popping	-0.42	1.89
flow	-0.42	1.50
soil	-0.42	1.39
dial	-0.42	1.68
sidewalk	-0.42	1.49
outside	-0.42	1.53
colour	-0.42	1.53
combined	-0.42	1.34
breaking	-0.42	1.92
roof	-0.42	1.53
neighbor	-0.42	1.31
dark	-0.42	1.53
sheets	-0.42	1.51
judging	-0.41	2.04
wife	-0.41	1.32
razor	-0.41	1.28
spoon	-0.41	1.35
fabric	-0.41	1.35
unclear	-0.41	1.65
fluid	-0.41	1.41
limit	-0.41	1.55
portion	-0.41	1.47
friend	-0.41	1.38
correctly	-0.41	4.85
trunk	-0.41	1.46
basket	-0.41	1.56
pregnant	-0.41	1.42
gun	-0.41	1.49
painted	-0.41	1.53
land	-0.41	1.18
friends	-0.41	1.35
mushrooms	-0.41	1.38
husband	-0.41	1.28
room	-0.41	1.51
married	-0.41	1.14
brown	-0.41	1.53
european	-0.41	1.71
flesh	-0.41	1.69
had	-0.41	2.03
mounted	-0.41	1.69
yellow	-0.40	1.54
tooth	-0.40	1.57
vending	-0.40	1.33
bowl	-0.40	1.31
jet	-0.40	1.43
cabin	-0.40	1.45
opposed	-0.40	1.52
into	-0.40	1.82
race	-0.40	1.50
red	-0.40	1.54
initial	-0.40	1.78
rolling	-0.40	1.53
charged	-0.40	1.55
frost	-0.40	1.42
penis	-0.40	1.70
grandparents	-0.40	1.23
about	-0.40	3.39
noticed	-0.40	2.13
planes	-0.39	1.44
listed	-0.39	1.38
whose	-0.39	1.11
pretend	-0.39	3.11
temp	-0.39	1.43
hug	-0.39	1.32
green	-0.39	1.53
charger	-0.39	1.46
bin	-0.39	1.52
pen	-0.39	1.44
supply	-0.39	1.41
concrete	-0.39	1.48
garden	-0.39	1.36
blue	-0.39	1.54
fence	-0.39	1.43
boss	-0.39	1.62
heating	-0.39	1.38
expert	-0.39	2.65
grandmother	-0.39	1.25
condoms	-0.39	1.61
ones	-0.39	1.83
ocean	-0.39	1.44
confuse	-0.39	2.07
white	-0.39	1.54
my	-0.39	1.35
spotted	-0.39	1.12
hitler	-0.39	1.77
engine	-0.39	1.47
services	-0.39	1.26
bulb	-0.39	1.44
forest	-0.38	1.38
decades	-0.38	1.59
when	-0.38	2.54
affected	-0.38	1.81
daughter	-0.38	1.30
recently	-0.38	2.29
pressure	-0.38	1.45
window	-0.38	1.59
aircraft	-0.38	1.44
bat	-0.38	2.00
families	-0.38	1.43
sun	-0.38	1.57
never	-0.38	2.27
photograph	-0.38	1.66
crossing	-0.38	1.61
sky	-0.38	1.50
hair	-0.37	1.49
sticky	-0.37	1.62
fully	-0.37	3.07
sliding	-0.37	1.56
rooms	-0.37	1.52
slide	-0.37	1.63
points	-0.37	2.60
90s	-0.37	1.51
cruise	-0.37	1.21
deep	-0.37	1.70
voted	-0.37	2.62
their	-0.37	1.64
whore	-0.37	1.94
guns	-0.37	1.46
cameras	-0.37	1.42
dorm	-0.37	1.48
intended	-0.37	2.68
wondered	-0.37	2.16
dick	-0.37	1.58
subway	-0.37	1.48
disappointed	-0.37	2.42
blocking	-0.37	1.84
braces	-0.37	1.52
rolled	-0.37	1.54
hammer	-0.36	1.56
upvoted	-0.36	2.83
onto	-0.36	1.72
purple	-0.36	1.54
gotten	-0.36	2.02
flying	-0.36	1.49
filling	-0.36	1.35
house	-0.36	1.33
professional	-0.36	1.37
individually	-0.36	2.03
screws	-0.36	1.50
including	-0.36	1.55
taking	-0.36	2.66
neighbors	-0.36	1.29
rust	-0.36	1.47
tan	-0.36	1.42
alive	-0.36	3.19
realise	-0.36	2.76
peppers	-0.36	1.41
atmosphere	-0.36	1.48
effects	-0.36	1.72
powered	-0.36	1.42
randomly	-0.35	1.82
flight	-0.35	1.43
exit	-0.35	1.60
nerds	-0.35	1.57
cop	-0.35	1.48
around	-0.35	1.74
cheaper	-0.35	1.92
frozen	-0.35	1.28
turns	-0.35	1.56
mud	-0.35	1.53
low	-0.35	1.54
fell	-0.35	1.62
blow	-0.35	1.69
protect	-0.35	1.52
direction	-0.35	1.77
etc	-0.35	1.63
creating	-0.35	1.67
pink	-0.35	1.50
wanted	-0.35	2.28
flew	-0.35	1.49
parking	-0.34	1.61
whilst	-0.34	1.43
groot	-0.34	1.70
stripes	-0.34	1.51
males	-0.34	1.56
impression	-0.34	1.88
wine	-0.34	1.65
industrial	-0.34	1.68
plane	-0.34	1.45
gram	-0.34	1.46
non	-0.34	1.71
mph	-0.34	1.56
front	-0.34	1.75
tried	-0.34	1.99
arms	-0.34	1.68
fiber	-0.34	1.50
typical	-0.34	1.29
compared	-0.34	1.88
grinder	-0.34	1.38
black	-0.34	1.51
speed	-0.34	1.62
slower	-0.34	1.82
drivers	-0.34	1.49
receiving	-0.34	1.55
commercial	-0.34	1.42
amount	-0.34	1.48
confusion	-0.34	1.53
heard	-0.34	1.65
fl	-0.34	1.41
people	-0.34	2.15
hits	-0.34	1.54
garage	-0.34	1.46
ms	-0.34	1.58
fewer	-0.33	1.62
rates	-0.33	1.45
sheet	-0.33	1.40
needle	-0.33	1.52
young	-0.33	1.59
below	-0.33	1.76
table	-0.33	1.51
solar	-0.33	1.40
operate	-0.33	1.44
specifically	-0.33	2.58
rude	-0.33	2.35
i.e	-0.33	1.31
body	-0.33	1.59
comments	-0.33	2.75
spelled	-0.33	4.94
reflection	-0.33	1.63
fold	-0.33	1.48
and/or	-0.33	1.68
phone	-0.33	1.42
protein	-0.33	1.41
events	-0.33	1.43
circle	-0.33	1.49
shelf	-0.33	1.57
brothers	-0.33	1.08
photos	-0.32	1.72
dicks	-0.32	1.72
until	-0.32	2.35
hunting	-0.32	1.50
focused	-0.32	1.61
switched	-0.32	1.60
cousin	-0.32	1.26
himself	-0.32	1.91
market	-0.32	1.46
lenses	-0.32	1.68
certain	-0.32	1.70
put	-0.32	1.94
adorable	-0.32	2.57
retard	-0.32	2.35
precious	-0.32	1.80
power	-0.32	1.41
run	-0.32	1.85
wires	-0.32	1.57
flights	-0.32	1.44
climbing	-0.32	1.56
roads	-0.32	1.56
tubes	-0.32	1.46
street	-0.32	1.61
holder	-0.32	1.42
office	-0.32	1.41
absurd	-0.32	2.10
placed	-0.32	1.59
parent	-0.32	1.78
mirror	-0.31	1.63
voting	-0.31	2.66
painting	-0.31	1.73
scotland	-0.31	1.66
potential	-0.31	1.56
density	-0.31	1.52
core	-0.31	1.37
sat	-0.31	1.53
wouldnt	-0.31	1.62
frame	-0.31	1.59
gallons	-0.31	1.49
grams	-0.31	1.46
driver	-0.31	1.58
gone	-0.31	2.14
pictured	-0.31	1.44
praying	-0.31	1.71
affect	-0.31	1.71
barrel	-0.31	1.67
lg	-0.31	1.36
circuit	-0.31	1.45
station	-0.31	1.51
personally	-0.31	1.97
turned	-0.31	1.81
spots	-0.31	1.63
fur	-0.31	1.65
covering	-0.31	1.85
cables	-0.31	1.47
mutation	-0.31	1.72
emergency	-0.31	1.65
streets	-0.31	1.53
sells	-0.31	1.57
pixels	-0.31	1.63
bike	-0.30	1.53
center	-0.30	1.56
reading	-0.30	2.67
total	-0.30	1.56
hallway	-0.30	1.54
creates	-0.30	1.62
rotate	-0.30	1.57
suit	-0.30	1.28
ink	-0.30	1.49
talk	-0.30	2.37
counter	-0.30	1.67
flowers	-0.30	1.38
privacy	-0.30	1.40
outlet	-0.30	1.44
continue	-0.30	1.76
shot	-0.30	1.69
colored	-0.30	1.51
rarely	-0.30	1.52
bother	-0.30	2.23
contains	-0.30	1.43
drops	-0.30	1.35
douche	-0.30	2.32
tracks	-0.30	1.52
mold	-0.30	1.39
visible	-0.30	1.89
carrots	-0.29	1.45
waiting	-0.29	2.04
ends	-0.29	1.45
wooden	-0.29	1.53
separate	-0.29	1.50
rate	-0.29	1.48
butts	-0.29	1.71
spending	-0.29	1.74
bird	-0.29	1.89
uncle	-0.29	1.26
passing	-0.29	1.65
sand	-0.29	1.40
whites	-0.29	1.37
chair	-0.29	1.50
fork	-0.29	1.23
speeds	-0.29	1.58
buttons	-0.29	1.62
ice	-0.29	1.38
ships	-0.29	1.38
male	-0.29	1.46
walking	-0.29	1.76
ride	-0.29	1.58
development	-0.29	1.41
weak	-0.28	1.64
judge	-0.28	2.30
contents	-0.28	1.53
granted	-0.28	1.65
farm	-0.28	1.36
los	-0.28	1.41
intersection	-0.28	1.63
hopes	-0.28	1.74
shutter	-0.28	1.53
direct	-0.28	1.59
passenger	-0.28	1.46
ugly	-0.28	2.80
alternate	-0.28	1.24
foam	-0.28	1.24
plug	-0.28	1.47
liquid	-0.28	1.47
dealer	-0.28	1.38
acting	-0.28	2.13
broken	-0.28	2.22
boxes	-0.28	1.35
blocks	-0.28	1.41
edge	-0.28	1.52
thrown	-0.28	1.67
vehicles	-0.28	1.43
recycling	-0.28	1.50
trying	-0.28	2.97
opening	-0.28	1.71
family	-0.28	1.20
vault	-0.28	1.40
plugs	-0.28	1.50
along	-0.28	1.77
boner	-0.28	1.77
partially	-0.28	2.20
hairs	-0.28	1.51
fall	-0.27	1.90
lost	-0.27	1.95
balls	-0.27	1.50
trend	-0.27	1.29
signed	-0.27	1.46
degrees	-0.27	1.52
chairs	-0.27	1.44
fyi	-0.27	2.01
down	-0.27	1.90
treated	-0.27	1.59
board	-0.27	1.58
shed	-0.27	1.66
pressing	-0.27	1.68
box	-0.27	1.39
clicked	-0.27	2.13
permanent	-0.27	1.67
manage	-0.27	1.91
off	-0.27	1.95
embedded	-0.27	1.45
existed	-0.27	1.82
currently	-0.27	1.60
cars	-0.27	1.45
warehouse	-0.27	1.44
through	-0.26	1.66
sleep	-0.26	1.99
rack	-0.26	1.53
allowed	-0.26	3.16
extent	-0.26	2.25
drove	-0.26	1.48
electric	-0.26	1.40
stock	-0.26	1.46
company	-0.26	1.19
busy	-0.26	1.57
bullets	-0.26	1.51
officer	-0.26	1.57
charging	-0.26	1.42
optical	-0.26	1.65
rabbit	-0.26	1.73
plant	-0.26	1.41
popcorn	-0.26	1.58
bright	-0.26	1.79
noodles	-0.26	1.29
fag	-0.26	3.04
crush	-0.26	1.49
pringles	-0.26	1.38
oven	-0.26	1.31
occurs	-0.26	1.73
cooking	-0.26	1.33
parked	-0.26	1.53
micro	-0.26	1.37
connected	-0.26	1.50
amazon	-0.25	1.39
lanes	-0.25	1.59
fine	-0.25	4.46
greater	-0.25	1.53
airlines	-0.25	1.46
alaska	-0.25	1.44
bent	-0.25	1.56
cook	-0.25	1.26
serving	-0.25	1.46
police	-0.25	1.58
collect	-0.25	1.54
wages	-0.25	1.62
mid	-0.25	1.52
slight	-0.25	1.56
mount	-0.25	1.50
tablet	-0.25	1.43
winter	-0.25	1.41
clouds	-0.25	1.49
servers	-0.25	1.62
understood	-0.25	1.59
numerous	-0.25	1.44
folded	-0.25	1.38
door	-0.25	1.66
percentage	-0.25	1.44
horse	-0.25	1.62
staff	-0.25	1.53
iphone	-0.25	1.44
glove	-0.24	1.46
costco	-0.24	1.46
wind	-0.24	1.47
lines	-0.24	1.56
appears	-0.24	2.02
satisfied	-0.24	2.22
consume	-0.24	1.48
large	-0.24	1.52
kicked	-0.24	1.73
turn	-0.24	1.84
sam	-0.24	1.69
shoe	-0.24	1.33
benefit	-0.24	1.78
stations	-0.24	1.46
sale	-0.24	1.45
ipad	-0.24	1.43
wal-mart	-0.24	1.41
charge	-0.24	1.48
train	-0.24	1.54
angle	-0.24	1.69
entrance	-0.24	1.58
rear	-0.24	1.62
toss	-0.24	1.66
dr	-0.24	0.91
behind	-0.24	1.76
home	-0.23	1.84
plate	-0.23	1.49
health	-0.23	1.65
led	-0.23	1.44
flour	-0.23	1.32
purchase	-0.23	1.43
sharpie	-0.23	1.59
marker	-0.23	1.64
damaged	-0.23	1.68
nsa	-0.23	1.53
owners	-0.23	1.47
stores	-0.23	1.53
phones	-0.23	1.47
bean	-0.23	1.49
port	-0.23	1.40
sticker	-0.23	1.57
outer	-0.23	1.43
upwards	-0.23	1.48
cement	-0.23	1.39
warm	-0.23	1.50
device	-0.23	1.45
calorie	-0.23	1.45
grey	-0.23	1.52
royal	-0.23	1.41
from	-0.23	2.72
held	-0.23	1.65
scam	-0.23	1.68
stickers	-0.22	1.50
packing	-0.22	1.41
laying	-0.22	1.40
soup	-0.22	1.28
facial	-0.22	1.57
plain	-0.22	1.61
starbucks	-0.22	1.39
hurts	-0.22	1.85
switching	-0.22	2.05
chopsticks	-0.22	1.38
currency	-0.22	1.39
wood	-0.22	1.47
shipped	-0.22	1.37
electrical	-0.22	1.47
screen	-0.22	1.49
surgery	-0.22	1.48
carton	-0.22	1.39
inflation	-0.22	1.44
trail	-0.22	1.40
typing	-0.22	2.35
ran	-0.22	1.29
driven	-0.22	1.54
naturally	-0.22	1.48
tax	-0.22	1.56
merely	-0.22	2.06
smartphone	-0.22	1.44
push	-0.22	1.72
poke	-0.22	1.62
cum	-0.22	2.09
locks	-0.22	1.55
wireless	-0.22	1.46
intelligence	-0.22	1.34
stairs	-0.22	1.55
server	-0.21	1.56
full	-0.21	1.47
lawyer	-0.21	1.61
nexus	-0.21	1.41
mice	-0.21	1.46
counts	-0.21	1.70
lion	-0.21	1.77
surprised	-0.21	2.94
1/4	-0.21	1.36
devices	-0.21	1.46
discount	-0.21	1.40
rape	-0.21	1.45
tile	-0.21	1.54
surrounding	-0.21	1.54
range	-0.21	1.42
pilot	-0.21	1.44
store	-0.21	1.53
open	-0.21	1.72
focus	-0.21	1.56
kids	-0.21	1.63
microwave	-0.21	1.40
bound	-0.21	1.34
weight	-0.21	1.46
wanting	-0.21	2.31
yogurt	-0.21	1.41
living	-0.21	1.61
driveway	-0.21	1.47
shops	-0.21	1.50
rail	-0.21	1.54
closer	-0.21	1.82
car	-0.21	1.48
abandoned	-0.21	1.53
cows	-0.21	1.65
layer	-0.21	1.40
sized	-0.21	1.55
load	-0.20	1.50
depth	-0.20	1.67
threads	-0.20	2.01
blank	-0.20	2.02
vagina	-0.20	1.65
under	-0.20	1.64
underneath	-0.20	1.52
twice	-0.20	2.03
pay	-0.20	1.61
grocery	-0.20	1.51
danger	-0.20	1.72
wherever	-0.20	2.15
windshield	-0.20	1.49
bastard	-0.20	1.82
end	-0.20	1.97
drag	-0.20	1.56
boiled	-0.20	1.27
ton	-0.20	1.57
sum	-0.20	2.28
punch	-0.20	1.67
profit	-0.20	1.44
reach	-0.19	1.74
crushed	-0.19	1.52
taxes	-0.19	1.56
lake	-0.19	1.42
employer	-0.19	1.62
owns	-0.19	3.19
rush	-0.19	1.55
hurt	-0.19	2.18
fed	-0.19	1.23
mirrors	-0.19	1.60
panel	-0.19	1.50
kinds	-0.19	1.98
plugged	-0.19	1.49
screens	-0.19	1.51
airport	-0.19	1.46
freeze	-0.19	1.25
mountains	-0.19	1.37
shade	-0.19	1.51
first	-0.19	2.12
desire	-0.19	1.64
advantage	-0.19	1.90
chickens	-0.19	1.34
anyone	-0.19	2.42
bc	-0.19	1.49
decided	-0.19	1.98
river	-0.19	1.49
processing	-0.19	1.40
bluetooth	-0.19	1.49
netherlands	-0.19	1.76
approved	-0.19	1.83
loads	-0.19	1.44
thread	-0.19	2.67
privilege	-0.19	1.62
clear	-0.19	4.17
target	-0.19	1.49
zone	-0.18	1.48
occur	-0.18	1.85
brick	-0.18	1.44
lower	-0.18	1.54
lets	-0.18	1.78
vote	-0.18	2.77
bunch	-0.18	2.08
garlic	-0.18	1.36
ship	-0.18	1.41
racism	-0.18	1.99
per	-0.18	1.44
guessed	-0.18	1.78
nipples	-0.18	1.59
truck	-0.18	1.47
groups	-0.18	1.34
audio	-0.18	1.47
nothing	-0.18	2.36
purchased	-0.18	1.35
curve	-0.18	1.61
hit	-0.18	1.69
airplane	-0.18	1.49
sample	-0.18	1.33
beard	-0.18	1.47
procedure	-0.18	1.57
vitamins	-0.18	1.46
pa	-0.18	1.42
ring	-0.18	1.54
weighs	-0.18	1.46
global	-0.18	1.19
employees	-0.18	1.65
faggot	-0.18	2.35
freedom	-0.18	1.40
swing	-0.18	1.60
once	-0.18	2.16
motion	-0.18	1.50
albino	-0.18	1.52
rough	-0.18	1.51
bullet	-0.18	1.48
circlejerk	-0.18	2.11
local	-0.17	1.62
onion	-0.17	1.42
prior	-0.17	1.54
bullshit	-0.17	2.14
cord	-0.17	1.49
cell	-0.17	1.26
horses	-0.17	1.59
walmart	-0.17	1.52
small	-0.17	1.59
waiter	-0.17	1.54
shine	-0.17	1.50
climb	-0.17	1.65
net	-0.17	1.42
dot	-0.17	1.56
assumed	-0.17	2.72
spaghetti	-0.17	1.40
begins	-0.17	0.92
majority	-0.17	1.56
stove	-0.17	1.31
respect	-0.17	1.56
pets	-0.17	1.31
create	-0.17	1.72
happened	-0.17	2.15
yet	-0.17	2.67
develop	-0.17	1.51
recommended	-0.17	1.42
usd	-0.17	1.52
identify	-0.17	1.94
tires	-0.17	1.51
machines	-0.17	1.40
consumers	-0.17	1.48
throw	-0.16	1.92
waves	-0.16	1.42
adding	-0.16	2.01
charges	-0.16	1.46
army	-0.16	1.41
realised	-0.16	1.98
vehicle	-0.16	1.45
tesla	-0.16	1.30
unknown	-0.16	1.50
string	-0.16	1.50
houston	-0.16	1.55
swim	-0.16	1.55
stolen	-0.16	1.59
ability	-0.16	1.81
apart	-0.16	1.65
medium	-0.16	1.43
laser	-0.16	1.49
rating	-0.16	1.62
reporting	-0.16	1.64
wire	-0.16	1.47
pill	-0.16	1.45
shipping	-0.16	1.38
usb	-0.16	1.45
ontario	-0.16	1.47
shown	-0.16	2.04
lay	-0.16	1.35
plenty	-0.16	2.09
process	-0.16	1.51
maker	-0.16	1.55
lowest	-0.16	1.49
with	-0.16	2.77
drive	-0.16	1.52
displays	-0.15	1.43
happening	-0.15	2.90
ingredients	-0.15	1.32
cable	-0.15	1.42
nokia	-0.15	1.48
shark	-0.15	1.67
elevator	-0.15	1.52
convert	-0.15	1.51
lots	-0.15	2.03
falls	-0.15	1.56
lbs	-0.15	1.47
saves	-0.15	1.67
increased	-0.15	1.48
key	-0.15	1.51
ft	-0.15	1.52
darker	-0.15	1.62
standards	-0.15	1.47
age	-0.15	1.49
90	-0.15	1.48
laid	-0.15	1.39
android	-0.15	1.45
tests	-0.15	1.60
wings	-0.15	1.48
vitamin	-0.15	1.49
grew	-0.15	1.37
bears	-0.14	1.69
shadow	-0.14	1.66
trout	-0.14	1.45
lays	-0.14	1.39
snails	-0.14	1.39
trucks	-0.14	1.46
sales	-0.14	1.46
route	-0.14	1.55
serial	-0.14	1.40
activity	-0.14	1.50
cut	-0.14	1.25
ipod	-0.14	1.40
woman	-0.14	1.51
landing	-0.14	1.43
lock	-0.14	1.58
gray	-0.14	1.51
wheel	-0.14	1.52
evenly	-0.14	1.54
african	-0.14	1.76
father	-0.14	1.14
valley	-0.14	1.45
groceries	-0.14	1.45
over	-0.14	1.98
jump	-0.13	1.95
badly	-0.13	2.58
carts	-0.13	1.52
sections	-0.13	1.48
motor	-0.13	1.43
efficiency	-0.13	1.60
ops	-0.13	2.06
rice	-0.13	1.22
medical	-0.13	1.63
seattle	-0.13	1.48
insert	-0.13	1.80
hill	-0.13	1.43
samsung	-0.13	1.39
gene	-0.13	1.51
basis	-0.13	1.68
located	-0.13	1.45
genuinely	-0.13	2.52
today	-0.13	2.24
yolks	-0.13	1.34
cuts	-0.13	1.13
up	-0.13	2.16
needs	-0.13	1.96
plus	-0.13	1.64
dinosaur	-0.13	1.22
mood	-0.13	1.77
slip	-0.13	1.75
pitch	-0.13	1.64
manufacturers	-0.13	1.46
shopping	-0.12	1.54
package	-0.12	1.40
somehow	-0.12	2.63
80s	-0.12	1.53
movement	-0.12	1.68
glasses	-0.12	1.49
balance	-0.12	1.58
confusing	-0.12	3.18
homes	-0.12	1.47
add	-0.12	1.40
inside	-0.12	1.56
houses	-0.12	1.47
insult	-0.12	1.89
wheels	-0.12	1.52
tipping	-0.12	1.54
grandfather	-0.12	1.13
pulled	-0.12	1.67
tvs	-0.12	1.46
opened	-0.12	1.74
insurance	-0.12	1.50
daddy	-0.12	1.52
supermarket	-0.12	1.47
applied	-0.12	1.91
button	-0.12	1.63
international	-0.12	1.36
shop	-0.12	1.67
pound	-0.12	1.47
england	-0.12	1.58
blood	-0.12	1.45
tipped	-0.12	1.64
pushing	-0.12	1.63
casual	-0.12	1.78
younger	-0.12	1.13
production	-0.11	1.57
active	-0.11	1.55
unidan	-0.11	2.70
properly	-0.11	2.91
these	-0.11	2.18
early	-0.11	1.56
bridge	-0.11	1.56
mile	-0.11	1.56
primarily	-0.11	1.43
mask	-0.11	1.18
birth	-0.11	1.70
brought	-0.11	1.24
famous	-0.11	1.14
hardware	-0.11	1.47
packet	-0.11	1.41
facility	-0.11	1.45
tip	-0.11	1.59
system	-0.11	1.46
colours	-0.11	1.53
upvotes	-0.11	2.60
comparing	-0.11	1.55
tattoo	-0.11	1.73
stream	-0.11	1.39
clicking	-0.11	2.07
imaginary	-0.11	1.72
canada	-0.11	1.57
electronics	-0.11	1.47
yolk	-0.11	1.30
walked	-0.11	1.58
expand	-0.11	1.53
roommate	-0.11	1.51
receive	-0.11	1.55
engineer	-0.11	1.85
stacked	-0.11	1.40
occurred	-0.11	1.71
volume	-0.11	1.41
helmet	-0.11	1.32
hiding	-0.11	1.58
golden	-0.11	1.48
coins	-0.11	1.44
neighborhood	-0.11	1.53
double	-0.10	1.36
packaging	-0.10	1.46
grade	-0.10	1.47
sweden	-0.10	1.73
deck	-0.10	1.57
switch	-0.10	1.57
average	-0.10	1.52
united	-0.10	1.51
delivered	-0.10	1.37
dollar	-0.10	1.46
lazy	-0.10	2.38
figured	-0.10	2.14
vinegar	-0.10	1.39
taken	-0.10	2.01
corporations	-0.10	1.47
depot	-0.10	1.49
service	-0.10	1.49
minimum	-0.10	1.65
separated	-0.10	1.46
downvote	-0.10	2.89
strips	-0.10	1.41
dickbutt	-0.10	1.50
packages	-0.10	1.41
mechanical	-0.10	1.51
cent	-0.10	1.48
decade	-0.10	1.69
pays	-0.10	1.60
retail	-0.10	1.54
sending	-0.10	1.91
extension	-0.10	1.59
gender	-0.10	1.79
seat	-0.10	1.51
presumably	-0.10	1.55
leading	-0.10	1.56
fog	-0.10	1.42
saved	-0.10	1.41
invisible	-0.10	1.83
quarter	-0.10	1.44
frames	-0.10	1.49
penny	-0.10	1.46
tips	-0.10	1.63
fishing	-0.10	1.47
weigh	-0.10	1.49
sick	-0.10	2.28
unit	-0.10	1.35
earlier	-0.10	2.10
convenience	-0.10	1.48
bricks	-0.09	1.49
downtown	-0.09	1.52
kick	-0.09	1.86
components	-0.09	1.47
ups	-0.09	1.38
make	-0.09	2.67
stones	-0.09	1.50
men	-0.09	1.63
yourself	-0.09	2.78
carried	-0.09	1.80
deleted	-0.09	3.13
inch	-0.09	1.50
decide	-0.09	2.15
advertise	-0.09	1.44
tops	-0.09	1.48
connect	-0.09	1.50
mark	-0.09	1.70
above	-0.09	1.94
diameter	-0.09	1.58
tabs	-0.09	1.68
received	-0.09	1.39
variety	-0.09	1.45
one	-0.09	2.78
controls	-0.09	1.50
pull	-0.09	1.96
build	-0.09	1.62
matters	-0.09	1.85
breast	-0.09	1.44
atlanta	-0.09	1.47
worth	-0.09	1.59
allowing	-0.09	1.49
urge	-0.09	1.72
enter	-0.09	1.56
mostly	-0.09	2.04
replacement	-0.08	1.42
coast	-0.08	1.45
wired	-0.08	1.56
determined	-0.08	1.32
spring	-0.08	1.45
replied	-0.08	3.23
rated	-0.08	1.59
have	-0.08	2.60
hung	-0.08	1.68
workers	-0.08	1.66
chain	-0.08	1.47
entirely	-0.08	4.64
buffalo	-0.08	1.34
tends	-0.08	1.70
counting	-0.08	1.57
loaded	-0.08	1.45
fourth	-0.08	1.48
wage	-0.08	1.66
discovered	-0.08	1.57
cents	-0.08	1.51
beach	-0.08	1.35
wont	-0.08	2.22
elf	-0.08	1.45
grab	-0.08	1.84
elephant	-0.08	1.91
setting	-0.08	1.37
san	-0.08	1.42
waste	-0.08	1.62
<SPECIAL>	-0.08	1.35
<URL>	-0.08	1.35
regret	-0.08	2.01
energy	-0.08	1.54
twist	-0.08	1.91
molecules	-0.07	1.49
toaster	-0.07	1.26
current	-0.07	1.35
item	-0.07	1.36
francisco	-0.07	1.40
dallas	-0.07	1.46
section	-0.07	1.58
reaching	-0.07	1.79
boards	-0.07	1.52
labels	-0.07	1.53
timing	-0.07	1.52
capacity	-0.07	1.39
joe	-0.07	1.25
indicate	-0.07	2.39
late	-0.07	1.53
drawer	-0.07	1.45
protection	-0.07	1.43
riding	-0.07	1.47
bill	-0.07	1.44
prescription	-0.07	1.52
welp	-0.07	2.32
out	-0.07	2.27
monitor	-0.07	1.42
half	-0.07	1.63
reads	-0.07	1.58
broke	-0.07	1.82
building	-0.07	1.51
carrot	-0.07	1.52
path	-0.07	1.63
minnesota	-0.07	1.49
stays	-0.07	1.06
salt	-0.07	1.39
kraft	-0.07	1.15
replacing	-0.07	1.65
cashier	-0.07	1.47
originally	-0.07	3.30
tied	-0.07	1.59
chips	-0.07	1.40
beats	-0.07	1.55
back	-0.07	2.30
bush	-0.07	1.48
transparent	-0.07	2.08
copper	-0.07	1.47
boston	-0.07	1.44
ratio	-0.07	1.46
wheelchair	-0.07	1.42
result	-0.07	1.76
sent	-0.06	1.37
experiences	-0.06	1.47
income	-0.06	1.58
zombie	-0.06	1.39
soon	-0.06	2.11
reached	-0.06	1.26
none	-0.06	2.01
goes	-0.06	1.85
saw	-0.06	2.04
measure	-0.06	1.43
grill	-0.06	1.22
meals	-0.06	1.34
notes	-0.06	1.38
supermarkets	-0.06	1.50
vacation	-0.06	1.12
lie	-0.06	3.11
nyc	-0.06	1.49
approximately	-0.06	1.68
locked	-0.06	1.60
replaced	-0.06	1.67
commented	-0.06	2.37
photo	-0.06	1.91
shake	-0.06	1.78
cone	-0.06	1.51
brands	-0.06	1.21
license	-0.06	1.43
america	-0.06	1.54
requires	-0.06	1.44
strip	-0.05	1.42
9/11	-0.05	1.71
safety	-0.05	1.52
tire	-0.05	1.52
steps	-0.05	1.44
halfway	-0.05	1.46
dairy	-0.05	1.33
woods	-0.05	1.45
ordering	-0.05	1.40
4chan	-0.05	1.62
cunt	-0.05	2.29
closing	-0.05	1.68
elsewhere	-0.05	1.95
mission	-0.05	1.69
fallen	-0.05	1.58
70	-0.05	1.44
britain	-0.05	1.54
pub	-0.05	1.40
hidden	-0.05	1.61
event	-0.05	1.76
needing	-0.05	1.86
impact	-0.05	1.56
ordinary	-0.05	1.40
tower	-0.05	1.53
ourselves	-0.05	1.84
carefully	-0.05	1.75
deserve	-0.05	1.81
giant	-0.05	1.56
ladies	-0.05	1.44
cart	-0.05	1.47
spin	-0.05	1.55
lied	-0.05	1.98
st	-0.05	1.41
apartment	-0.05	1.45
apply	-0.05	1.86
r/hailcorporate	-0.04	1.78
users	-0.04	1.98
friendly	-0.04	1.33
remaining	-0.04	1.39
fees	-0.04	1.47
managed	-0.04	1.76
stored	-0.04	1.33
treat	-0.04	1.45
baking	-0.04	1.32
garbage	-0.04	1.38
tickets	-0.04	1.47
east	-0.04	1.51
duty	-0.04	1.82
campus	-0.04	1.48
quarters	-0.04	1.47
exchange	-0.04	1.40
ny	-0.04	1.44
wisconsin	-0.04	1.48
cities	-0.04	1.48
dildo	-0.04	1.36
corporate	-0.04	1.36
keyboards	-0.04	1.51
stone	-0.04	1.34
dumbass	-0.04	2.28
assume	-0.03	3.57
pounds	-0.03	1.51
vertical	-0.03	1.53
dash	-0.03	1.49
pops	-0.03	1.13
schools	-0.03	1.49
twin	-0.03	1.27
wise	-0.03	1.44
silver	-0.03	1.43
healthy	-0.03	1.38
detroit	-0.03	1.57
computer	-0.03	1.44
tools	-0.03	1.51
draw	-0.03	1.59
older	-0.03	1.48
parallel	-0.03	1.54
remote	-0.03	1.39
roughly	-0.03	1.48
vet	-0.03	1.55
sd	-0.03	1.34
adult	-0.03	1.49
guide	-0.03	1.38
saving	-0.03	1.59
fee	-0.03	1.47
wears	-0.03	1.31
oregon	-0.03	1.48
pc	-0.03	1.38
types	-0.03	1.94
hollow	-0.03	1.46
meters	-0.03	1.54
directions	-0.03	1.52
references	-0.03	1.75
despite	-0.03	2.23
120	-0.03	1.49
tiles	-0.03	1.58
clarify	-0.03	4.81
engineers	-0.03	1.49
onions	-0.03	1.35
western	-0.02	1.50
explained	-0.02	2.08
crime	-0.02	1.43
district	-0.02	1.50
toyota	-0.02	1.40
offensive	-0.02	2.14
opens	-0.02	1.69
sauce	-0.02	1.36
45	-0.02	1.47
critical	-0.02	1.90
bits	-0.02	1.44
adjust	-0.02	1.57
delivery	-0.02	1.38
provides	-0.02	1.24
imperial	-0.02	1.41
ii	-0.02	1.40
measured	-0.02	1.46
squirrel	-0.02	1.54
magnetic	-0.02	1.47
peoples	-0.02	1.60
55	-0.02	1.42
wave	-0.02	1.52
tourist	-0.02	1.53
bring	-0.02	1.97
ebay	-0.02	1.42
circles	-0.02	1.52
steal	-0.02	1.77
percent	-0.02	1.50
employee	-0.02	1.66
vancouver	-0.02	2.36
newer	-0.02	1.47
storage	-0.02	1.41
flash	-0.02	1.42
use	-0.02	2.34
incorrect	-0.02	4.85
tables	-0.02	1.57
imported	-0.02	1.36
ford	-0.01	1.37
nc	-0.01	1.50
tiny	-0.01	1.77
salad	-0.01	1.23
pennies	-0.01	1.47
plans	-0.01	1.29
distance	-0.01	1.54
nickel	-0.01	1.47
bucks	-0.01	1.57
self	-0.01	1.53
knock	-0.01	1.76
elementary	-0.01	1.59
options	-0.01	1.46
colors	-0.01	1.56
spare	-0.01	1.54
deposit	-0.01	1.46
staying	-0.01	1.53
input	-0.01	1.46
1000	-0.01	1.55
tesco	-0.01	1.37
height	-0.01	1.51
pharmacy	-0.01	1.50
dragon	-0.01	1.34
static	-0.01	1.50
needed	-0.01	1.66
halloween	-0.01	1.19
destroyed	-0.01	2.33
closed	-0.01	1.71
galaxy	-0.01	1.37
resistance	-0.01	1.44
1/2	-0.01	1.42
dozen	-0.00	1.48
used	-0.00	2.37
travel	-0.00	1.67
second	-0.00	1.63
convince	-0.00	2.35
rent	-0.00	1.35
eastern	-0.00	1.56
southern	-0.00	1.46
worked	-0.00	1.75
california	-0.00	1.44
increases	-0.00	1.49
businesses	-0.00	1.59
money	-0.00	1.70
midnight	-0.00	1.62
high	-0.00	1.49
automatic	0.00	1.54
packed	0.00	1.43
hear	0.00	1.98
hold	0.00	1.63
yards	0.00	1.54
obviously	0.00	3.80
walk	0.00	1.72
vast	0.00	1.48
jumped	0.00	1.63
recycled	0.00	1.63
stretch	0.01	1.57
benefits	0.01	1.60
state	0.01	1.49
systems	0.01	1.40
department	0.01	1.48
miles	0.01	1.64
handful	0.01	1.75
illinois	0.01	1.48
adults	0.01	1.58
changed	0.01	1.76
shell	0.01	1.49
goat	0.01	1.82
pissed	0.01	2.09
relationship	0.01	1.42
euro	0.01	1.50
backwards	0.01	1.84
hat	0.01	1.26
sheep	0.01	1.58
identity	0.01	1.54
bills	0.01	1.39
strangers	0.01	1.62
ducks	0.01	1.59
hide	0.01	1.64
objects	0.01	1.55
release	0.01	1.35
view	0.01	1.86
squeeze	0.01	1.54
texas	0.01	1.46
knowing	0.01	2.10
insane	0.01	2.76
forming	0.01	1.52
heavy	0.01	1.74
city	0.02	1.54
monkey	0.02	1.48
florida	0.02	1.44
bored	0.02	2.19
seal	0.02	1.38
county	0.02	1.47
meal	0.02	1.26
bam	0.02	1.50
source	0.02	1.98
away	0.02	1.96
food	0.02	1.28
cooked	0.02	1.20
feel	0.02	2.49
spent	0.02	1.75
cashiers	0.02	1.59
pieces	0.02	1.34
transport	0.02	1.45
iirc	0.02	2.19
round	0.02	1.47
stand	0.02	2.14
feet	0.02	1.65
equal	0.02	1.56
classroom	0.02	1.57
80	0.02	1.37
other	0.02	2.09
length	0.02	1.47
count	0.02	1.70
thumbs	0.02	1.39
carolina	0.02	1.46
traveling	0.03	1.44
reduced	0.03	1.42
wide	0.03	1.53
ikea	0.03	1.49
rural	0.03	1.46
included	0.03	1.57
adopted	0.03	1.08
exam	0.03	1.55
intense	0.03	2.03
savings	0.03	1.48
1.5	0.03	1.43
following	0.03	1.56
via	0.03	1.44
northern	0.03	1.55
honda	0.03	1.34
found	0.03	2.00
michigan	0.03	1.46
military	0.03	1.44
utah	0.03	1.46
tested	0.03	1.39
usually	0.03	2.14
countries	0.03	1.56
contacts	0.03	1.37
bake	0.03	1.30
mayo	0.03	1.36
100	0.03	1.44
sounded	0.03	1.92
earth	0.03	1.43
400	0.03	1.46
sushi	0.03	1.36
5th	0.03	1.39
pick	0.03	2.18
chip	0.03	1.38
steel	0.04	1.50
mins	0.04	1.68
transfer	0.04	1.54
smaller	0.04	1.78
central	0.04	1.44
lettuce	0.04	1.33
move	0.04	2.16
controller	0.04	1.44
mars	0.04	1.50
property	0.04	1.42
differently	0.04	2.76
offering	0.04	1.46
states	0.04	1.56
members	0.04	1.22
operating	0.04	1.54
boat	0.04	1.42
trigger	0.04	1.70
ours	0.04	1.49
fashion	0.04	1.74
knob	0.04	1.54
bubbles	0.04	1.42
babies	0.04	1.84
coin	0.04	1.47
economy	0.04	1.39
eggs	0.04	1.30
georgia	0.04	1.46
replies	0.04	2.72
desert	0.04	1.42
banks	0.04	1.40
olds	0.04	1.56
behavior	0.04	1.51
lunch	0.04	1.26
2000	0.04	1.47
dip	0.05	1.33
tattoos	0.05	1.57
favor	0.05	1.68
microsoft	0.05	1.41
brother	0.05	1.07
closet	0.05	1.54
gate	0.05	1.66
chicks	0.05	1.38
chicago	0.05	1.46
designer	0.05	1.54
drew	0.05	1.42
thin	0.05	1.34
trailer	0.05	1.31
75	0.05	1.40
negative	0.05	2.04
tagged	0.05	2.09
china	0.05	1.49
jobs	0.05	1.64
meat	0.05	1.30
cloud	0.05	1.57
near	0.05	1.69
dozens	0.05	1.66
press	0.05	1.74
porn	0.05	1.30
girl	0.05	1.67
timer	0.05	1.56
fighting	0.05	1.42
north	0.05	1.50
border	0.05	1.57
lab	0.05	1.58
dogs	0.05	1.80
skip	0.05	1.49
protected	0.05	1.92
sometimes	0.05	2.47
usa	0.05	1.61
honor	0.06	1.77
60	0.06	1.47
came	0.06	2.27
court	0.06	1.58
coated	0.06	1.42
straws	0.06	1.48
inches	0.06	1.62
reverse	0.06	1.49
bikes	0.06	1.63
intentional	0.06	2.32
area	0.06	1.45
ireland	0.06	1.56
becomes	0.06	1.75
harder	0.06	1.80
vision	0.06	2.02
generally	0.06	1.98
clue	0.06	2.25
indian	0.06	1.61
ios	0.06	1.49
yesterday	0.06	1.73
35	0.06	1.41
manually	0.06	1.67
many	0.06	2.05
couch	0.06	1.49
clip	0.06	1.30
dare	0.06	1.96
formed	0.06	1.44
canadian	0.06	1.64
aisle	0.06	1.40
break	0.06	2.08
went	0.06	1.75
mint	0.06	1.37
cash	0.06	1.41
leads	0.06	1.60
blackberry	0.06	1.33
egg	0.06	1.35
budget	0.07	1.39
portland	0.07	1.50
karma	0.07	2.36
impressed	0.07	2.38
hipsters	0.07	1.88
distribution	0.07	1.44
sizes	0.07	1.45
rental	0.07	1.25
foods	0.07	1.26
extra	0.07	1.50
u.s	0.07	1.53
dressing	0.07	1.29
happen	0.07	2.60
access	0.07	1.50
past	0.07	1.77
africa	0.07	1.51
bun	0.07	1.32
mass	0.07	1.43
poster	0.07	2.71
brand	0.07	1.35
network	0.07	1.42
larger	0.07	1.72
heavier	0.07	1.79
accounts	0.07	2.30
shame	0.07	1.73
50	0.07	1.44
dedicated	0.07	1.54
progress	0.08	1.56
trained	0.08	1.68
washington	0.08	1.45
us	0.08	2.21
industry	0.08	1.51
areas	0.08	1.57
old	0.08	1.58
ask	0.08	2.59
supplies	0.08	1.20
at	0.08	2.19
1	0.08	1.47
funnier	0.08	2.17
units	0.08	1.35
town	0.08	1.64
tonight	0.08	1.94
collection	0.08	1.37
guy	0.08	1.80
group	0.08	1.33
ghost	0.08	1.84
worker	0.08	1.68
factory	0.08	1.44
buns	0.08	1.29
empire	0.08	1.44
rubber	0.08	1.15
backpack	0.08	1.28
aldi	0.08	1.38
200	0.08	1.44
bank	0.08	1.41
aid	0.08	1.55
comes	0.08	2.02
hawaii	0.08	1.38
70s	0.08	1.41
standard	0.08	1.39
sucked	0.08	1.71
zoom	0.08	1.74
receipt	0.08	1.35
badge	0.08	1.42
british	0.08	1.99
claims	0.09	2.28
mall	0.09	1.61
dollars	0.09	1.54
waffle	0.09	1.31
list	0.09	1.48
hardly	0.09	1.68
live	0.09	1.44
differences	0.09	1.61
elements	0.09	1.43
otherwise	0.09	3.45
answered	0.09	2.40
tear	0.09	1.34
another	0.09	2.31
set	0.09	1.67
artist	0.09	1.37
32	0.09	1.40
van	0.09	1.48
last	0.09	1.74
pressed	0.09	1.60
issue	0.09	2.41
metal	0.09	1.52
inspection	0.09	1.90
recall	0.09	2.22
40	0.09	1.43
weeks	0.09	1.82
locations	0.09	1.48
virginia	0.09	1.44
london	0.09	1.45
dinner	0.09	1.23
metric	0.09	1.46
pedantic	0.09	3.02
diego	0.10	1.46
buildings	0.10	1.47
apps	0.10	1.54
dc	0.10	1.36
remains	0.10	1.70
beef	0.10	1.30
fetish	0.10	1.52
highest	0.10	1.60
tab	0.10	1.70
russia	0.10	1.47
lifetime	0.10	1.42
hipster	0.10	1.79
meter	0.10	1.47
sliced	0.10	1.28
coupon	0.10	1.38
windows	0.10	1.51
next	0.10	1.87
loss	0.10	1.38
history	0.10	1.61
slice	0.10	1.32
spend	0.10	1.64
west	0.10	1.45
cats	0.10	1.83
belt	0.10	1.37
luxury	0.10	1.48
times	0.10	1.76
row	0.10	1.35
bucket	0.10	1.57
brazil	0.10	1.56
size	0.10	1.46
aka	0.10	1.40
mustard	0.10	1.35
various	0.10	1.84
dime	0.10	1.49
mcd	0.10	1.30
kiss	0.10	1.53
sock	0.10	1.21
cracks	0.10	1.64
gym	0.10	1.53
thus	0.11	1.57
combination	0.11	1.31
register	0.11	1.43
returned	0.11	1.42
arbitrary	0.11	1.78
primary	0.11	1.43
labor	0.11	1.61
tension	0.11	1.51
provided	0.11	1.46
relative	0.11	1.62
drop	0.11	1.74
marked	0.11	1.59
opportunity	0.11	1.83
refer	0.11	2.48
night	0.11	1.50
circulation	0.11	1.49
credit	0.11	1.42
israel	0.11	1.49
usual	0.11	1.76
school	0.11	1.54
during	0.12	1.45
urban	0.12	1.69
stated	0.12	2.48
war	0.12	1.33
split	0.12	1.49
versions	0.12	1.36
locker	0.12	1.58
monday	0.12	1.43
security	0.12	1.50
years	0.12	1.72
spain	0.12	1.55
morning	0.12	1.48
pocket	0.12	1.36
33	0.12	1.41
learning	0.12	2.32
eu	0.12	1.58
nearest	0.12	1.50
sounds	0.12	3.07
chick	0.12	1.49
step	0.12	1.63
opinions	0.12	2.19
condom	0.12	1.29
install	0.12	1.56
manufacturer	0.12	1.54
face	0.12	1.94
uk	0.12	1.56
developed	0.12	1.26
popped	0.12	1.56
peace	0.12	1.17
manufactured	0.12	1.60
visit	0.12	1.30
ideal	0.12	1.53
traditional	0.12	1.51
visual	0.12	1.53
overall	0.12	1.43
cheese	0.13	1.31
secret	0.13	1.81
lose	0.13	1.79
mobile	0.13	1.71
nation	0.13	1.38
aside	0.13	1.79
phase	0.13	1.58
appear	0.13	2.00
finest	0.13	1.93
appeared	0.13	1.40
expecting	0.13	2.03
nowhere	0.13	1.81
comment	0.13	2.90
hurry	0.13	2.12
ram	0.13	1.42
crab	0.13	1.98
reduce	0.13	1.59
slices	0.13	1.30
save	0.13	1.74
balloons	0.13	1.43
bass	0.13	1.60
advertisement	0.13	1.71
remembered	0.13	1.95
placement	0.13	1.79
floppy	0.13	1.42
island	0.13	1.40
8	0.13	1.41
batch	0.13	1.38
american	0.13	1.96
seats	0.13	1.49
crust	0.13	1.28
30	0.13	1.44
prepared	0.13	1.72
hood	0.13	1.57
scroll	0.13	1.93
coupons	0.13	1.34
impossible	0.13	4.16
whatever	0.13	3.13
jeez	0.13	2.13
request	0.14	1.61
material	0.14	1.52
bmw	0.14	1.34
wheat	0.14	1.25
evening	0.14	1.42
headed	0.14	1.61
ham	0.14	1.31
slot	0.14	1.39
regional	0.14	1.69
south	0.14	1.47
150	0.14	1.46
repeat	0.14	1.30
increase	0.14	1.50
plates	0.14	1.45
figures	0.14	1.81
crunch	0.14	1.56
than	0.14	1.92
students	0.14	1.56
ranch	0.14	1.36
raw	0.14	1.22
16	0.14	1.40
vegetable	0.14	1.37
model	0.14	1.40
25	0.14	1.40
horizontal	0.14	1.61
single	0.14	1.49
precisely	0.14	1.82
pole	0.14	1.63
300	0.14	1.44
construction	0.14	1.60
measures	0.14	1.47
moon	0.14	1.44
orders	0.14	1.53
sunglasses	0.14	1.25
pass	0.15	1.68
companies	0.15	1.44
bbq	0.15	1.32
loading	0.15	1.49
restaurant	0.15	1.52
afternoon	0.15	1.47
built	0.15	1.55
banned	0.15	2.56
remove	0.15	1.85
stage	0.15	1.41
sound	0.15	2.08
canadians	0.15	1.74
york	0.15	1.37
pizzas	0.15	1.29
earn	0.15	1.82
grip	0.15	1.57
blend	0.15	1.57
upload	0.15	1.80
federal	0.15	1.53
opposite	0.15	2.21
object	0.15	1.50
remember	0.15	2.42
tags	0.15	1.52
desktop	0.15	1.51
controlled	0.15	1.20
ago	0.15	1.79
visiting	0.15	1.25
seconds	0.15	1.80
took	0.15	2.02
sausage	0.15	1.31
matching	0.15	1.37
corporation	0.15	1.13
lot	0.16	1.93
lizard	0.16	1.70
corners	0.16	1.50
breaks	0.16	1.63
restaurants	0.16	1.44
crew	0.16	1.44
20	0.16	1.43
truth	0.16	2.28
scan	0.16	1.52
testing	0.16	1.54
chart	0.16	1.55
note	0.16	1.33
owned	0.16	1.23
government	0.16	1.47
scanner	0.16	1.44
solved	0.16	1.57
months	0.16	1.76
cube	0.16	1.55
healthier	0.16	1.38
hundreds	0.16	1.63
fight	0.16	1.35
entry	0.16	1.68
circular	0.16	1.44
regulations	0.16	1.60
processed	0.16	1.48
existing	0.16	1.40
mexico	0.16	1.44
gift	0.16	1.16
alarm	0.17	1.62
teachers	0.17	1.61
false	0.17	2.69
together	0.17	1.70
hd	0.17	1.35
lean	0.17	1.64
korea	0.17	1.47
owner	0.17	1.30
image	0.17	1.77
10	0.17	1.45
seemed	0.17	2.25
racist	0.17	2.38
apparently	0.17	2.40
defense	0.17	1.66
cant	0.17	2.15
finish	0.17	1.55
glad	0.17	3.14
3d	0.17	1.44
proven	0.17	1.77
encourage	0.17	1.52
ultimately	0.17	1.47
prop	0.17	1.45
shelves	0.17	1.25
attention	0.17	1.84
our	0.17	1.33
product	0.18	1.36
compare	0.18	1.82
space	0.18	1.53
pictures	0.18	1.90
meeting	0.18	1.46
extreme	0.18	1.76
later	0.18	1.90
ads	0.18	1.25
19	0.18	1.40
take	0.18	2.55
15	0.18	1.44
menu	0.18	1.30
tumblr	0.18	2.06
every	0.18	1.75
teacher	0.18	1.57
cooler	0.18	1.45
mantis	0.18	1.78
zealand	0.18	1.50
business	0.18	1.36
mail	0.18	1.45
studying	0.18	1.72
minus	0.18	1.57
senior	0.18	1.50
bothered	0.18	2.67
web	0.18	1.61
items	0.18	1.20
ohio	0.18	1.46
week	0.18	1.65
stamp	0.18	1.57
18	0.18	1.39
mac	0.19	1.33
attach	0.19	1.52
mini	0.19	1.66
career	0.19	1.64
lightning	0.19	1.50
tour	0.19	1.26
requirements	0.19	1.58
picture	0.19	1.97
counted	0.19	1.52
23	0.19	1.38
shift	0.19	1.59
wasnt	0.19	1.85
sit	0.19	1.61
app	0.19	1.64
million	0.19	1.60
send	0.19	1.76
passed	0.19	1.32
0	0.19	1.57
learned	0.19	1.78
prison	0.19	1.43
map	0.19	1.53
available	0.19	1.56
9	0.19	1.43
those	0.19	3.39
university	0.19	1.49
offered	0.19	1.68
minutes	0.19	1.80
adds	0.19	1.66
billion	0.19	1.55
nights	0.19	1.50
constant	0.19	1.43
crowd	0.19	1.69
especially	0.19	2.05
highschool	0.19	1.53
22	0.19	1.38
slow	0.20	1.63
operation	0.20	1.67
os	0.20	1.46
lame	0.20	2.02
rise	0.20	1.48
21	0.20	1.39
pillow	0.20	1.65
number	0.20	1.49
software	0.20	1.48
indiana	0.20	1.43
automated	0.20	1.45
society	0.20	1.41
tons	0.20	1.52
250	0.20	1.41
category	0.20	1.66
less	0.20	2.05
ignoring	0.20	2.62
time	0.20	2.16
increasing	0.20	1.49
rocks	0.20	1.34
checks	0.20	1.53
paste	0.20	1.61
feelings	0.20	1.88
novelty	0.20	1.82
frequently	0.20	1.83
anyways	0.20	2.41
consumption	0.21	1.56
loop	0.21	1.56
files	0.21	1.53
corrected	0.21	4.55
foreign	0.21	1.60
beginning	0.21	1.35
nearly	0.21	1.80
hours	0.21	1.80
arizona	0.21	1.41
27	0.21	1.39
14	0.21	1.39
gross	0.21	3.04
24	0.21	1.45
min	0.21	1.78
alien	0.21	2.09
replace	0.21	1.63
narrow	0.21	1.67
11	0.21	1.41
fifth	0.21	1.39
suicide	0.21	1.51
17	0.21	1.39
imagine	0.21	2.45
example	0.21	2.02
electronic	0.21	1.36
13	0.21	1.41
wallet	0.21	1.42
defined	0.22	1.62
situations	0.22	1.71
india	0.22	1.54
coat	0.22	1.24
grilled	0.22	1.29
digital	0.22	1.29
then	0.22	2.95
select	0.22	1.52
ocd	0.22	2.18
killer	0.22	1.66
sunny	0.22	1.34
display	0.22	1.52
curiosity	0.22	1.72
26	0.22	1.39
pro	0.22	1.63
hoping	0.22	1.89
ps	0.22	2.24
latter	0.22	1.97
burgers	0.22	1.23
everything	0.22	2.71
beam	0.22	1.50
ending	0.22	1.45
12	0.23	1.40
within	0.23	1.75
admit	0.23	2.77
define	0.23	1.77
faster	0.23	1.79
mcdonald	0.23	1.31
printer	0.23	1.39
decision	0.23	1.61
snail	0.23	1.61
raised	0.23	1.36
comic	0.23	1.38
holds	0.23	1.65
generations	0.23	1.48
mcdonalds	0.23	1.35
days	0.23	1.76
hour	0.23	1.76
fit	0.23	1.79
identical	0.23	1.73
dense	0.23	1.68
fry	0.23	1.27
album	0.24	1.48
leather	0.24	1.21
bull	0.24	1.88
mistake	0.24	4.19
shows	0.24	1.15
nuggets	0.24	1.16
serves	0.24	1.28
third	0.24	1.17
steak	0.24	1.23
disagree	0.24	3.16
served	0.24	1.26
thousand	0.24	1.51
2	0.24	1.46
turkey	0.24	1.26
angles	0.24	1.59
asian	0.24	1.66
taught	0.24	1.66
cost	0.24	1.69
stuffed	0.24	1.11
things	0.24	2.48
brass	0.24	1.46
released	0.24	1.31
1984	0.24	1.90
park	0.24	1.37
raise	0.25	1.49
piece	0.25	1.47
jersey	0.25	1.33
college	0.25	1.54
pairs	0.25	1.31
5	0.25	1.47
thick	0.25	1.32
all	0.25	2.40
dropped	0.25	1.69
private	0.25	1.28
honey	0.25	1.39
7	0.25	1.44
safe	0.25	2.06
laws	0.25	1.58
leaf	0.25	1.31
clothes	0.25	1.51
pizza	0.25	1.30
hundred	0.25	1.51
respond	0.25	2.41
googling	0.26	1.91
watches	0.26	2.92
structure	0.26	1.54
gap	0.26	1.49
original	0.26	2.54
mechanism	0.26	1.55
twenty	0.26	1.51
suck	0.26	2.88
label	0.26	1.52
bread	0.26	1.32
lived	0.26	1.32
couple	0.26	1.60
codes	0.26	1.45
cd	0.26	1.38
reader	0.26	1.67
someday	0.26	2.01
loud	0.26	2.01
pussy	0.26	2.28
girls	0.26	1.65
test	0.26	1.70
vegas	0.26	1.35
data	0.26	1.41
4	0.26	1.47
jam	0.26	1.42
screenshot	0.26	1.81
will	0.26	2.88
ouch	0.26	1.91
exclusively	0.26	1.31
comedy	0.26	1.47
news	0.26	1.42
climate	0.26	1.47
presence	0.26	1.54
discover	0.26	1.85
knew	0.26	1.69
toast	0.27	1.49
forth	0.27	1.64
acts	0.27	1.58
was	0.27	2.38
ordered	0.27	1.18
chili	0.27	1.53
waited	0.27	1.89
glorious	0.27	1.41
multiple	0.27	1.87
call	0.27	2.21
shaped	0.27	1.38
trips	0.27	1.15
nazi	0.27	2.42
maintain	0.27	1.51
computers	0.27	1.45
nutritional	0.27	1.52
spiral	0.27	1.62
weapons	0.27	1.37
messed	0.27	2.06
sets	0.27	1.43
substance	0.27	1.61
lead	0.27	1.71
expiration	0.27	1.54
dog	0.27	1.88
prints	0.28	1.38
camouflage	0.28	1.49
pet	0.28	1.86
studies	0.28	1.88
several	0.28	1.73
dont	0.28	3.01
navy	0.28	1.35
useless	0.28	1.90
added	0.28	1.83
go	0.28	2.88
sorry	0.28	4.03
previous	0.28	2.29
forgotten	0.28	1.82
offer	0.28	1.41
nowadays	0.28	1.59
tall	0.28	1.50
atm	0.28	1.39
ultimate	0.28	1.39
thicker	0.29	1.81
ninja	0.29	1.87
pop	0.29	1.52
month	0.29	1.49
legally	0.29	1.96
technique	0.29	1.50
6	0.29	1.50
deeper	0.29	1.70
few	0.29	1.61
serious	0.29	2.39
refers	0.29	2.42
engineering	0.29	1.54
3-4	0.29	1.54
square	0.29	1.44
pig	0.29	1.68
notice	0.29	2.77
places	0.29	1.74
camp	0.29	1.32
fda	0.30	1.72
takes	0.30	1.98
germany	0.30	1.58
grain	0.30	1.19
lasted	0.30	1.89
deals	0.30	1.47
lasts	0.30	1.77
can	0.30	2.98
exercise	0.30	1.51
imagination	0.30	2.13
law	0.30	1.61
anymore	0.30	2.74
shorter	0.30	1.67
apologize	0.30	3.04
minute	0.30	1.87
updated	0.30	1.48
bear	0.30	1.92
suspect	0.30	1.81
closely	0.30	2.04
user	0.30	2.21
curved	0.30	1.43
sensitive	0.30	1.59
wo	0.30	2.84
clock	0.30	1.37
towns	0.30	1.19
them	0.30	2.82
named	0.30	1.13
come	0.30	2.69
imgur	0.30	1.91
bolt	0.30	1.48
nine	0.30	1.57
profile	0.30	1.74
pens	0.31	1.35
regardless	0.31	1.86
connection	0.31	1.51
score	0.31	1.76
civil	0.31	1.51
quicker	0.31	1.69
costs	0.31	1.67
lady	0.31	1.50
again	0.31	2.82
born	0.31	1.14
class	0.31	1.57
described	0.31	1.67
joke	0.31	2.37
biology	0.31	1.56
lift	0.31	1.70
europe	0.31	1.58
classes	0.31	1.57
radio	0.31	1.42
trade	0.31	1.62
elevators	0.31	1.74
vs	0.31	1.54
manual	0.31	1.58
listening	0.32	1.56
teach	0.32	1.76
six	0.32	1.57
limited	0.32	1.36
australia	0.32	1.62
boot	0.32	1.49
boobs	0.32	1.56
individual	0.32	1.57
wearing	0.32	1.24
resources	0.32	1.52
ten	0.32	1.55
online	0.32	1.45
ca	0.32	2.82
graduated	0.33	1.29
6th	0.33	1.28
let	0.33	2.78
hes	0.33	1.94
stronger	0.33	1.75
five	0.33	1.56
action	0.33	1.33
generation	0.33	1.49
surface	0.33	1.40
nutrition	0.33	1.56
try	0.33	2.79
exception	0.33	1.81
sooner	0.33	1.97
they	0.33	3.20
recognize	0.33	2.05
treasure	0.33	1.60
stack	0.33	1.23
frequent	0.33	1.63
shut	0.33	2.16
reasoning	0.33	2.44
trust	0.33	2.84
account	0.33	2.19
each	0.33	1.62
matches	0.33	1.52
pic	0.33	2.03
2-3	0.33	1.54
values	0.33	1.55
update	0.34	1.56
rounded	0.34	1.51
guaranteed	0.34	1.45
determine	0.34	1.94
tomorrow	0.34	1.91
dressed	0.34	1.58
rather	0.34	1.96
seven	0.34	1.55
audience	0.34	1.60
serve	0.34	1.33
program	0.34	1.54
browsing	0.34	1.58
xbox	0.34	1.38
squares	0.34	1.40
wrote	0.34	2.22
asia	0.34	1.60
unnecessary	0.34	1.90
changes	0.34	1.68
peanuts	0.34	1.31
purely	0.34	1.65
id	0.34	1.89
referred	0.34	1.83
cat	0.34	2.00
son	0.35	1.69
qr	0.35	1.59
toy	0.35	1.16
peanut	0.35	1.50
hassle	0.35	1.88
fail	0.35	1.79
tech	0.35	1.50
discussion	0.35	2.78
homework	0.35	1.58
get	0.35	2.83
offense	0.35	1.72
wear	0.35	1.24
wore	0.35	1.25
butter	0.35	1.48
practice	0.35	1.68
bars	0.35	1.53
layers	0.35	1.16
extended	0.35	1.31
slightly	0.35	2.10
bands	0.35	1.10
pancake	0.36	1.50
star	0.36	1.32
rings	0.36	1.40
frank	0.36	1.49
searched	0.36	2.22
italy	0.36	1.53
education	0.36	1.63
boots	0.36	1.25
help	0.36	2.70
sharp	0.36	1.38
decimal	0.36	1.64
golf	0.36	1.36
links	0.36	1.94
because	0.36	3.43
upside-down	0.36	1.60
teaching	0.36	1.67
salmon	0.36	1.35
shapes	0.36	1.47
professor	0.36	1.54
ill	0.36	2.26
response	0.36	2.41
chemistry	0.36	1.57
interior	0.37	1.41
fraction	0.37	1.32
ketchup	0.37	1.32
argue	0.37	2.63
glance	0.37	2.09
manner	0.37	1.96
spice	0.37	1.66
twins	0.37	1.19
advance	0.37	1.71
browser	0.37	1.72
illusion	0.37	1.82
remindme	0.37	1.70
theft	0.37	1.55
appearance	0.37	1.50
factors	0.37	1.64
human	0.37	1.35
referencing	0.37	1.35
imo	0.37	2.15
force	0.37	1.48
blast	0.38	1.62
infinity	0.38	1.47
devil	0.38	1.65
era	0.38	1.39
recognized	0.38	1.52
gravity	0.38	1.61
overly	0.38	2.21
student	0.38	1.53
500	0.38	1.43
fields	0.38	1.39
socks	0.38	1.24
express	0.38	1.18
wifi	0.38	1.48
exist	0.38	2.14
additional	0.38	1.46
twitter	0.38	1.92
parks	0.38	1.26
skill	0.38	1.46
liar	0.38	2.72
sorts	0.38	1.79
want	0.38	2.96
others	0.38	2.17
linked	0.38	1.98
minerals	0.38	1.49
searching	0.38	1.64
009	0.38	1.44
easter	0.38	1.15
explain	0.38	2.75
explaining	0.39	2.43
thoughts	0.39	1.81
epic	0.39	1.84
sake	0.39	1.64
3	0.39	1.47
writing	0.39	1.67
crisp	0.39	1.66
page	0.39	2.00
shoes	0.39	1.25
click	0.39	1.85
triple	0.39	1.44
packets	0.39	1.34
fix	0.39	2.51
where	0.39	3.31
elaborate	0.39	1.84
universal	0.39	1.63
reality	0.39	1.49
article	0.39	1.97
maps	0.39	1.71
matrix	0.40	1.47
based	0.40	1.67
community	0.40	1.48
position	0.40	1.66
see	0.40	2.85
till	0.40	1.86
hilarious	0.40	2.89
most	0.40	1.97
genetic	0.40	1.68
know	0.40	3.22
didnt	0.40	2.69
care	0.40	2.90
failed	0.40	2.18
join	0.40	1.63
choice	0.40	1.77
d	0.40	3.26
shirt	0.40	1.25
ll	0.40	2.96
national	0.40	1.33
bit	0.40	2.38
depending	0.41	1.70
pointless	0.41	2.00
realize	0.41	2.97
checked	0.41	2.08
attempting	0.41	1.77
any	0.41	2.68
watched	0.41	1.51
ahead	0.41	2.10
luckily	0.41	1.57
moral	0.41	1.66
2011	0.41	1.32
match	0.41	1.53
recommend	0.41	1.26
sites	0.41	1.65
present	0.41	0.93
graphics	0.41	1.40
chrome	0.41	1.54
anything	0.41	2.89
return	0.41	1.70
download	0.41	1.56
whats	0.41	1.73
different	0.41	1.67
displayed	0.41	1.69
provide	0.42	1.51
28	0.42	1.25
expect	0.42	2.81
manufacturing	0.42	1.62
there	0.42	3.25
france	0.42	1.59
year	0.42	1.52
homeless	0.42	1.35
maintenance	0.42	1.59
photoshopped	0.42	1.67
edible	0.42	1.60
cracked	0.42	1.15
why	0.42	3.23
wasted	0.42	1.62
would	0.42	3.20
landed	0.42	1.73
two	0.42	1.83
legal	0.43	2.00
commonly	0.43	1.87
dig	0.43	2.01
strange	0.43	2.83
according	0.43	1.84
significant	0.43	1.45
wing	0.43	1.85
wizard	0.43	1.62
lego	0.43	1.35
control	0.43	1.52
breakfast	0.43	1.25
clocks	0.43	1.38
among	0.43	1.46
status	0.43	1.52
region	0.43	1.52
edition	0.43	1.40
dudes	0.43	1.92
scrap	0.43	1.53
true	0.43	4.63
did	0.43	2.95
fox	0.43	1.40
tell	0.43	2.94
unable	0.44	2.39
educated	0.44	1.67
url	0.44	1.81
cross	0.44	1.80
soul	0.44	1.55
native	0.44	2.44
link	0.44	2.42
stands	0.44	2.68
much	0.44	2.22
lately	0.44	1.59
font	0.44	1.92
further	0.44	1.90
baked	0.44	1.17
measurement	0.44	1.54
need	0.44	2.94
achieve	0.44	1.94
allow	0.44	2.00
removed	0.44	2.02
disturbing	0.44	3.03
lesson	0.44	1.61
custom	0.44	1.44
site	0.45	1.76
popular	0.45	1.60
perform	0.45	1.63
chunk	0.45	1.35
thousands	0.45	1.43
bothers	0.45	2.12
personal	0.45	1.57
search	0.45	1.80
research	0.45	1.64
pair	0.45	1.35
website	0.45	1.72
delete	0.45	2.37
conspiracy	0.45	1.75
eagle	0.45	1.37
own	0.45	1.38
features	0.45	1.50
denmark	0.45	1.67
finland	0.45	1.67
phoenix	0.46	1.50
numbers	0.46	1.70
images	0.46	1.96
expression	0.46	1.65
pm	0.46	1.69
prime	0.46	1.36
league	0.46	1.35
perhaps	0.46	2.74
reddit	0.46	2.21
forms	0.46	1.55
typically	0.46	1.76
4th	0.46	1.23
factor	0.46	1.51
effect	0.46	1.96
always	0.47	2.75
feels	0.47	2.21
flat	0.47	1.41
look	0.47	2.61
could	0.47	2.96
actual	0.47	2.16
ron	0.47	1.39
facebook	0.47	1.88
difference	0.47	2.52
scary	0.47	2.95
worn	0.47	1.39
circumstances	0.47	1.54
gps	0.48	1.51
pancakes	0.48	1.34
interestingly	0.48	1.68
tunnel	0.48	1.38
2010	0.48	1.44
op	0.48	2.38
loaf	0.48	1.17
2012	0.48	1.39
speaking	0.48	2.80
media	0.48	1.44
physics	0.48	1.61
forces	0.48	1.38
saturday	0.48	1.36
covers	0.48	1.22
blew	0.48	1.81
dots	0.48	1.38
failure	0.48	1.41
cases	0.49	1.91
posted	0.49	2.07
conversation	0.49	2.07
case	0.49	3.15
officially	0.49	1.37
if	0.49	3.24
ginger	0.49	1.30
leave	0.49	2.23
shopped	0.49	1.89
addition	0.49	1.40
actions	0.49	1.79
hometown	0.49	1.43
shape	0.49	1.48
google	0.49	1.85
mode	0.49	1.58
equivalent	0.49	1.48
awkward	0.49	2.28
an	0.50	2.02
often	0.50	2.07
experienced	0.50	1.30
change	0.50	2.01
nor	0.50	2.56
suggested	0.50	1.62
examples	0.50	1.89
find	0.50	2.63
pills	0.50	1.44
robots	0.50	1.53
member	0.50	1.26
accept	0.50	1.63
bomb	0.50	1.46
literally	0.50	1.99
problem	0.51	2.54
barely	0.51	1.81
gauge	0.51	1.54
unrelated	0.51	2.39
generic	0.51	1.20
except	0.51	1.89
therefore	0.51	1.62
bang	0.51	1.51
do	0.51	3.03
paris	0.51	1.41
summer	0.51	1.17
cereal	0.51	1.11
include	0.51	1.44
snack	0.51	1.29
quebec	0.51	1.91
worthless	0.51	1.79
assuming	0.51	4.19
fact	0.51	3.42
measuring	0.51	1.56
hotel	0.51	1.40
norm	0.51	1.41
hats	0.51	1.04
sides	0.51	1.58
proof	0.52	1.62
automatically	0.52	1.76
memory	0.52	1.14
check	0.52	2.04
phenomenon	0.52	1.69
tiger	0.52	1.53
29	0.52	1.21
lil	0.52	2.45
study	0.52	1.66
widely	0.52	1.80
stories	0.52	1.31
powers	0.52	1.51
deal	0.52	2.22
adventure	0.52	1.33
jacket	0.52	1.16
calendar	0.52	1.35
odds	0.53	1.60
pork	0.53	1.30
four	0.53	1.81
magnet	0.53	1.47
order	0.53	1.35
record	0.53	1.45
evidence	0.53	2.05
speech	0.53	1.95
e.g	0.53	1.78
triangle	0.53	1.48
ideas	0.53	1.72
selection	0.54	1.51
loops	0.54	1.24
understand	0.54	2.91
long	0.54	2.01
messages	0.54	1.54
practically	0.54	1.70
bar	0.54	1.71
looked	0.54	2.22
nerd	0.54	1.84
become	0.54	2.08
offside	0.54	1.37
redditor	0.54	1.67
gear	0.54	1.58
myth	0.54	1.86
hopefully	0.54	2.04
sandwiches	0.54	1.36
please	0.54	2.31
president	0.54	1.33
cream	0.54	1.38
same	0.54	2.48
figure	0.54	2.86
wiki	0.54	2.22
motherfucker	0.54	2.36
le	0.55	1.69
regularly	0.55	1.49
believe	0.55	3.06
reliable	0.55	1.65
detail	0.55	1.60
gain	0.55	1.36
think	0.55	3.20
sequence	0.55	1.35
speakers	0.55	2.33
positive	0.55	1.77
chicken	0.55	1.35
minor	0.55	2.22
here	0.55	2.52
we	0.55	2.96
fried	0.55	1.39
print	0.55	1.25
fries	0.55	1.05
became	0.55	1.65
probably	0.55	3.21
taller	0.56	1.46
korean	0.56	1.77
email	0.56	1.74
rectangle	0.56	1.59
nut	0.56	1.11
plot	0.56	1.76
some	0.56	2.26
legitimately	0.56	2.22
snacks	0.56	1.32
former	0.56	1.32
newspaper	0.56	1.35
ball	0.57	1.32
robin	0.57	1.81
represent	0.57	1.42
faces	0.57	1.72
scale	0.57	1.53
format	0.57	1.49
social	0.57	1.47
mighty	0.57	1.60
noise	0.57	1.75
worry	0.57	2.80
lack	0.57	1.64
throughout	0.57	1.34
ridiculously	0.57	2.13
becoming	0.57	1.84
perfectly	0.57	2.17
hover	0.57	1.82
3rd	0.57	1.18
scheme	0.57	1.56
brb	0.57	1.03
visited	0.57	1.15
recipe	0.58	1.31
say	0.58	3.00
band	0.58	1.23
cultural	0.58	1.57
opinion	0.58	2.82
king	0.58	1.05
printing	0.58	1.58
evil	0.58	1.77
three	0.58	1.68
only	0.58	3.13
just	0.58	3.27
matter	0.58	2.87
jewish	0.58	1.70
possibility	0.58	2.04
bacon	0.58	1.43
equally	0.58	2.12
does	0.58	2.95
remind	0.58	1.70
xkcd	0.58	1.82
solid	0.58	1.53
setup	0.58	1.83
able	0.59	2.67
legit	0.59	3.15
field	0.59	1.33
now	0.59	3.35
c'mon	0.60	1.57
be	0.60	2.92
sometime	0.60	1.69
settings	0.60	1.63
sandwich	0.60	1.40
goal	0.60	1.38
trip	0.60	1.23
spaces	0.60	1.45
argument	0.60	2.86
role	0.60	1.45
junk	0.61	1.65
require	0.61	1.63
digits	0.61	1.57
success	0.61	1.55
repair	0.61	1.68
maybe	0.61	3.24
sources	0.61	1.79
humor	0.61	1.78
required	0.61	1.79
youtube	0.61	1.35
club	0.61	1.23
message	0.61	1.97
edges	0.61	1.41
style	0.61	1.37
sunday	0.61	1.24
bout	0.61	2.34
childhood	0.61	1.32
2009	0.62	1.25
even	0.62	3.06
baby	0.62	1.83
or	0.62	3.09
equipment	0.62	1.52
which	0.62	3.17
moments	0.62	1.43
topic	0.62	2.07
hobby	0.62	1.09
frosted	0.62	1.17
potatoes	0.62	1.35
either	0.62	3.20
bing	0.62	1.91
bizarre	0.62	2.68
assumption	0.62	2.89
least	0.62	2.49
glitch	0.62	1.69
essentially	0.63	1.72
burger	0.63	1.13
possibly	0.63	2.23
created	0.63	1.59
results	0.63	1.73
symbols	0.63	1.81
boom	0.63	1.55
icon	0.63	1.70
ticket	0.63	1.22
1st	0.63	1.13
also	0.63	3.18
kidding	0.63	2.70
flakes	0.63	1.24
meme	0.63	1.87
mike	0.63	1.44
gif	0.64	1.65
hero	0.64	1.44
hotels	0.64	1.41
how	0.64	2.98
chocolate	0.64	1.51
general	0.64	2.30
typed	0.64	2.74
official	0.64	1.93
hockey	0.64	1.26
chaos	0.64	2.14
address	0.64	1.66
congratulations	0.64	1.37
cover	0.64	1.35
follow	0.64	1.69
conclusion	0.65	2.10
stars	0.65	1.21
reported	0.65	1.51
friday	0.65	1.30
ensure	0.65	1.50
minds	0.65	1.45
oreo	0.65	1.40
fairly	0.65	2.10
wendy	0.65	1.11
review	0.65	1.32
relax	0.66	1.68
baseball	0.66	1.31
barcode	0.66	1.47
author	0.66	1.68
pics	0.66	1.97
union	0.66	1.37
creepy	0.66	3.06
providing	0.66	1.36
jack	0.66	1.20
deliver	0.66	1.51
doc	0.66	1.69
eight	0.66	1.67
loose	0.66	1.54
japanese	0.66	2.45
layout	0.66	1.45
work	0.66	2.78
sorta	0.67	1.60
netflix	0.67	1.24
analysis	0.67	1.53
solve	0.67	1.90
songs	0.67	1.24
crackers	0.67	1.35
tv	0.67	1.24
gold	0.67	1.56
basically	0.67	2.60
classy	0.67	1.62
culture	0.67	1.53
file	0.67	1.61
card	0.67	1.14
666	0.67	1.54
longer	0.67	1.65
wikipedia	0.67	1.93
read	0.68	1.93
ban	0.68	1.90
cards	0.68	1.10
debate	0.68	1.86
videos	0.68	1.26
dough	0.68	1.45
day	0.68	1.41
indicator	0.68	1.81
degree	0.68	1.49
weekend	0.68	1.26
approve	0.68	1.52
res	0.68	1.88
improve	0.68	1.40
tie	0.69	1.35
vary	0.69	1.67
understanding	0.69	1.89
campaign	0.69	1.42
posts	0.69	2.27
nicely	0.69	1.47
still	0.69	3.20
channel	0.69	1.23
monster	0.69	1.68
got	0.69	2.21
pages	0.69	1.35
glory	0.69	1.56
la	0.69	1.61
sports	0.69	1.25
flag	0.69	2.03
skills	0.69	1.78
heads	0.70	1.44
chose	0.70	2.52
smith	0.70	1.40
thumbnail	0.70	2.23
pockets	0.70	1.22
theater	0.70	1.58
tag	0.70	1.90
pie	0.70	1.20
cartoon	0.70	1.43
y'all	0.70	2.15
articles	0.70	1.62
fitting	0.70	1.88
regarding	0.70	1.85
reply	0.71	2.91
fast	0.71	1.65
views	0.71	1.79
commercials	0.71	1.24
meh	0.71	1.85
paul	0.71	1.39
consider	0.71	1.98
jimmy	0.71	1.33
odd	0.71	3.07
gods	0.71	1.51
ad	0.71	1.43
whether	0.71	2.94
skinny	0.71	2.69
alot	0.71	1.64
magnets	0.71	1.38
teams	0.71	1.31
highly	0.71	2.07
ahhh	0.71	1.64
dna	0.71	1.49
quote	0.72	1.95
player	0.72	1.32
tone	0.72	1.95
players	0.72	1.33
eli5	0.72	2.10
minimal	0.72	1.61
facts	0.72	2.20
planet	0.72	1.21
choose	0.72	1.71
amp	0.72	2.01
shall	0.72	1.60
disney	0.72	1.35
whoosh	0.72	1.66
pants	0.72	1.34
spell	0.73	3.61
comparison	0.73	2.23
pi	0.73	1.63
related	0.73	1.59
training	0.73	1.53
soccer	0.73	1.28
basketball	0.73	1.29
football	0.73	1.26
submitted	0.73	2.07
quickly	0.73	1.87
situation	0.73	1.98
millions	0.73	1.46
folks	0.74	1.56
bra	0.74	1.43
tbh	0.74	2.05
not	0.74	3.31
thing	0.74	2.45
clothing	0.74	1.36
artists	0.74	1.48
spooky	0.74	2.20
winning	0.74	1.28
show	0.74	1.42
c	0.74	2.13
robot	0.74	1.27
prize	0.74	1.37
mine	0.75	2.42
capital	0.75	1.98
shorts	0.75	1.33
rule	0.75	2.05
cracker	0.75	1.30
excellent	0.75	2.37
errors	0.75	2.99
logo	0.75	1.27
science	0.75	1.72
alike	0.75	1.56
portal	0.75	1.45
sword	0.75	1.53
claim	0.75	2.26
listen	0.75	1.69
polish	0.75	2.14
remain	0.75	1.49
f	0.75	2.14
owl	0.75	2.18
recent	0.75	1.37
cookie	0.76	1.34
plays	0.76	1.40
post	0.76	2.21
experience	0.76	1.47
grand	0.76	1.52
team	0.76	1.30
mexican	0.76	1.42
random	0.76	1.84
spicy	0.76	1.61
might	0.76	3.02
duck	0.76	1.80
something	0.77	2.85
period	0.77	1.78
master	0.77	1.24
xd	0.77	2.00
u	0.77	2.45
titles	0.77	2.01
michael	0.77	1.26
log	0.77	1.58
uniform	0.77	1.28
political	0.77	1.50
mod	0.77	2.18
silly	0.78	2.43
guitar	0.78	1.38
misspelled	0.78	3.73
smash	0.78	1.76
gt	0.78	2.10
scientist	0.78	1.92
textbook	0.78	1.32
method	0.78	1.62
ties	0.78	1.37
suggest	0.78	1.82
gon	0.78	2.68
n	0.78	2.14
died	0.78	2.41
sexy	0.78	1.65
exact	0.78	1.94
cuz	0.79	2.39
ruined	0.79	1.33
puzzle	0.79	1.63
potato	0.79	1.49
stayed	0.79	1.22
records	0.79	1.35
powerful	0.79	1.72
designs	0.79	1.54
version	0.79	1.29
rules	0.80	2.04
ruin	0.80	1.32
sayin	0.80	1.76
unfortunately	0.80	2.57
math	0.80	1.69
symbol	0.80	1.54
applies	0.80	1.51
code	0.80	1.62
j	0.80	2.01
reasons	0.80	1.84
claw	0.81	1.41
century	0.81	1.24
dates	0.81	1.72
music	0.81	1.39
shirts	0.81	1.35
cage	0.81	1.48
struggle	0.81	1.48
ancient	0.81	1.62
advertising	0.81	1.70
printed	0.81	1.17
hint	0.81	1.47
question	0.81	2.71
alert	0.82	1.79
methods	0.82	1.54
mean	0.82	3.16
obvious	0.82	2.14
x	0.82	2.09
challenge	0.82	1.53
accent	0.82	2.16
dress	0.82	1.24
lottery	0.82	1.17
o	0.82	2.17
date	0.82	1.18
z	0.82	2.16
bot	0.82	2.33
considered	0.82	1.85
unfortunate	0.82	1.87
yours	0.83	2.47
upvote	0.83	2.19
quick	0.83	1.87
intelligent	0.83	1.67
satan	0.83	1.48
march	0.83	1.18
itself	0.83	1.93
particularly	0.83	2.20
aspect	0.83	1.39
na	0.83	2.60
fool	0.84	1.78
location	0.84	1.68
effort	0.84	1.66
moth	0.84	1.69
voice	0.84	1.45
donate	0.84	1.29
r	0.84	2.19
should	0.84	2.60
video	0.84	1.26
l	0.84	2.19
temporary	0.84	1.36
against	0.84	1.39
implies	0.84	3.42
e	0.84	2.17
b	0.85	2.19
q	0.85	2.19
t	0.85	2.19
text	0.85	1.71
funny	0.85	3.11
p	0.85	2.19
as	0.85	2.86
chance	0.85	2.16
includes	0.85	1.24
sport	0.85	1.33
swedish	0.85	2.19
scenario	0.85	1.88
obligatory	0.85	1.79
edit	0.85	4.10
angel	0.85	1.24
future	0.85	1.59
terribly	0.85	2.21
chosen	0.85	1.56
chinese	0.85	2.19
honestly	0.86	2.85
way	0.86	2.84
january	0.86	1.21
fucked	0.86	3.28
bold	0.86	1.31
japan	0.86	1.54
em	0.86	2.27
almost	0.86	2.49
technology	0.87	1.30
extremely	0.87	2.20
modern	0.87	1.46
infinite	0.87	1.31
g	0.87	2.12
made	0.87	2.79
legend	0.87	0.94
silent	0.87	1.94
may	0.87	2.88
questions	0.87	1.85
title	0.87	2.20
dream	0.87	1.69
resident	0.87	1.36
disappointing	0.87	2.78
course	0.87	3.10
knowledge	0.87	1.68
seem	0.87	2.51
meet	0.88	1.64
pattern	0.88	1.68
episodes	0.88	1.21
ftw	0.88	1.40
reference	0.88	1.47
easily	0.88	2.14
y	0.88	2.11
w	0.88	2.21
normal	0.88	1.63
experiment	0.88	1.69
purpose	0.88	2.55
se	0.88	1.55
prove	0.89	2.01
strangely	0.89	2.19
played	0.89	1.26
h	0.89	2.19
theory	0.89	1.77
advanced	0.89	1.53
means	0.89	3.14
very	0.89	2.23
final	0.89	1.45
relatively	0.89	1.85
sucks	0.90	2.62
plz	0.90	1.92
thought	0.90	2.35
tarts	0.90	1.24
george	0.90	1.20
similarly	0.90	1.40
beat	0.90	2.15
but	0.90	3.12
report	0.91	1.86
checking	0.91	1.31
aint	0.91	2.25
batman	0.91	1.34
drives	0.91	1.67
k	0.91	2.16
marketing	0.91	1.47
works	0.91	2.02
potter	0.91	1.14
incredibly	0.91	2.19
copy	0.92	1.47
mention	0.92	2.81
song	0.92	1.22
v	0.92	2.14
happens	0.92	2.31
idk	0.92	2.35
real	0.92	2.87
meta	0.92	2.04
scientists	0.93	1.34
function	0.93	1.48
wedding	0.93	0.99
rock	0.93	1.27
bitch	0.93	2.35
april	0.93	1.21
film	0.93	1.37
terrifying	0.93	2.73
alternative	0.93	1.72
october	0.93	1.21
cookies	0.93	1.27
ironic	0.93	2.21
reasonably	0.93	2.03
what	0.93	3.11
cock	0.94	2.13
bell	0.94	1.44
oc	0.94	2.13
planned	0.94	1.73
ignorance	0.94	2.46
screenshots	0.94	2.06
successful	0.94	1.50
library	0.94	1.29
content	0.94	2.09
lmao	0.94	1.69
aliens	0.95	2.02
scientific	0.95	1.87
kept	0.95	1.93
jeans	0.95	1.39
reason	0.95	2.93
universe	0.95	1.24
2nd	0.95	1.28
so	0.96	3.10
enough	0.96	2.51
type	0.96	1.93
application	0.96	1.61
party	0.96	1.11
option	0.96	1.84
february	0.96	1.21
dance	0.96	2.50
obscure	0.96	1.55
suggests	0.97	1.81
battle	0.97	1.47
exactly	0.97	2.91
job	0.97	2.06
posting	0.97	2.14
2014	0.97	1.19
won	0.97	1.25
dear	0.97	1.54
outta	0.97	2.42
invented	0.97	1.50
usage	0.97	3.61
short	0.98	1.41
chuck	0.98	1.51
italian	0.98	2.61
languages	0.98	3.07
fortune	0.98	1.20
particular	0.98	1.75
somewhat	0.98	2.18
purposes	0.98	1.72
dem	0.99	2.02
letter	0.99	2.13
sentence	0.99	3.25
pronounce	0.99	2.94
movies	0.99	1.45
cow	0.99	1.80
wonder	0.99	2.94
lovely	0.99	1.81
surprisingly	1.00	2.10
likely	1.00	2.66
submit	1.00	2.06
strict	1.00	1.59
fake	1.00	2.18
magical	1.00	1.51
minecraft	1.01	1.37
translated	1.01	3.22
subject	1.01	1.65
design	1.01	1.72
holiday	1.01	1.13
2013	1.01	1.09
rekt	1.01	1.74
wallpaper	1.01	1.75
instance	1.02	1.64
speaker	1.02	2.74
taco	1.02	1.30
sigh	1.03	1.77
religious	1.03	1.55
noticeable	1.03	1.68
pronounced	1.03	3.07
sarcasm	1.04	2.58
place	1.04	2.67
simpsons	1.04	1.30
tom	1.04	1.38
upon	1.04	1.48
names	1.04	2.06
mods	1.05	2.06
john	1.05	1.20
new	1.05	1.28
freaking	1.05	2.74
shiny	1.05	1.22
rocket	1.05	1.43
nuts	1.05	1.42
atheist	1.05	1.78
enjoying	1.05	1.06
10/10	1.05	1.35
harry	1.06	1.20
mystery	1.06	1.52
sense	1.06	2.54
belong	1.06	1.97
statement	1.07	3.71
props	1.07	1.61
r/misleadingthumbnails	1.07	1.56
write	1.07	2.03
nailed	1.07	1.79
describe	1.07	2.56
pokemon	1.08	1.42
da	1.08	2.31
dutch	1.08	2.81
illuminati	1.08	1.82
whole	1.08	2.47
valuable	1.09	1.88
hail	1.09	1.43
whatsoever	1.09	1.76
irrelevant	1.09	3.14
surely	1.09	1.46
english	1.09	2.99
heaven	1.09	1.44
certainly	1.09	2.63
subreddits	1.09	2.06
rare	1.10	1.85
speak	1.10	2.91
spanish	1.10	2.89
learn	1.10	2.52
phrase	1.10	3.38
flip	1.10	1.45
communion	1.10	1.54
russian	1.10	2.45
wut	1.10	2.37
roman	1.10	1.44
origin	1.11	2.59
submission	1.11	2.04
background	1.11	1.51
german	1.11	2.92
letters	1.11	2.07
translate	1.11	3.00
hehe	1.12	1.62
patterns	1.12	1.58
french	1.12	2.82
more	1.12	2.17
scene	1.12	1.33
brave	1.12	1.53
museum	1.12	1.28
although	1.12	2.77
al	1.12	1.31
beyond	1.12	1.75
de	1.13	1.69
task	1.13	1.54
beast	1.13	1.44
project	1.14	1.38
book	1.14	1.30
sooo	1.14	1.71
latin	1.14	2.91
specific	1.14	1.66
reasonable	1.14	2.37
secure	1.14	1.73
default	1.15	1.72
combo	1.15	2.04
fits	1.15	1.59
fucking	1.15	2.63
legitimate	1.16	1.97
stay	1.16	1.48
july	1.16	1.22
act	1.16	1.62
unusual	1.16	2.29
spoiler	1.16	1.56
season	1.16	1.00
rose	1.17	1.47
seems	1.17	2.20
dat	1.17	2.19
ma	1.17	1.60
greek	1.17	2.56
shared	1.17	1.18
prank	1.17	1.75
anyway	1.18	3.03
ai	1.18	2.33
risky	1.18	1.75
evolution	1.18	1.35
similar	1.19	1.86
church	1.19	1.45
special	1.19	2.06
spelling	1.19	4.03
existence	1.19	1.33
lt	1.19	1.92
quite	1.20	2.25
terms	1.20	2.19
mmmm	1.20	1.37
language	1.20	3.16
blown	1.20	1.90
internet	1.20	1.29
tim	1.21	1.46
unlikely	1.21	1.69
amazed	1.21	2.24
perspective	1.21	1.57
bob	1.21	1.56
wan	1.22	2.14
perfect	1.22	1.69
name	1.22	1.71
alphabet	1.22	2.57
irish	1.22	1.28
quiet	1.22	1.44
easier	1.22	1.85
tough	1.23	1.73
trick	1.23	1.76
basic	1.23	1.65
pleasure	1.23	1.22
too	1.23	2.64
character	1.23	1.22
chill	1.24	2.13
followed	1.24	2.46
far	1.24	2.17
im	1.24	2.71
translation	1.24	2.93
doubt	1.24	2.73
really	1.24	2.60
embarrassing	1.24	2.87
parties	1.24	1.09
theme	1.25	1.32
religion	1.25	1.43
answers	1.25	2.22
boring	1.25	1.96
o.o	1.26	2.00
confirmed	1.26	1.71
bitches	1.26	2.01
mario	1.26	1.26
fedora	1.26	1.43
looks	1.27	2.43
must	1.27	2.35
characters	1.27	1.45
moved	1.28	1.32
m8	1.28	2.11
grammar	1.28	3.86
better	1.28	2.27
salty	1.28	2.15
repost	1.28	2.02
subreddit	1.28	2.03
description	1.28	2.34
insanely	1.29	2.06
careful	1.29	2.01
soft	1.30	1.44
preferred	1.30	2.52
advice	1.30	1.60
wars	1.30	1.23
written	1.30	2.16
dawg	1.30	1.95
no	1.31	2.79
nsfw	1.32	1.95
obama	1.32	1.57
fixed	1.32	2.91
literal	1.32	2.81
latest	1.33	1.12
remotely	1.33	1.99
met	1.33	1.82
agreed	1.33	1.63
yo	1.33	2.37
considering	1.33	2.17
username	1.33	2.16
movie	1.34	1.43
novel	1.34	1.39
playing	1.34	1.26
simply	1.34	3.70
woo	1.35	1.39
ta	1.35	2.35
interest	1.35	1.41
neither	1.36	2.26
sub	1.36	2.01
super	1.36	2.07
subs	1.36	2.00
logic	1.37	2.02
auto	1.37	3.41
r/funny	1.37	2.00
information	1.38	1.94
r/trees	1.38	1.90
accepted	1.38	3.19
reminder	1.38	1.76
technical	1.38	1.99
en	1.38	1.43
rip	1.39	1.46
word	1.40	3.87
christian	1.40	1.43
mistakes	1.40	3.37
belief	1.40	1.61
plural	1.40	3.63
like	1.40	2.23
dictionary	1.40	3.73
big	1.40	2.01
er	1.40	1.56
beauty	1.41	1.10
typo	1.41	3.64
feature	1.41	1.61
watch	1.41	1.23
steve	1.42	1.47
proper	1.42	3.38
ooh	1.42	1.49
james	1.42	0.97
term	1.42	3.57
realistic	1.43	1.48
suggestion	1.43	2.32
play	1.43	1.21
complex	1.43	1.60
necessarily	1.43	2.45
words	1.43	3.74
games	1.43	1.19
error	1.44	3.31
hmmm	1.44	1.85
explains	1.44	1.46
closest	1.44	2.33
praise	1.44	1.56
efficient	1.45	1.78
cute	1.45	2.93
jim	1.46	1.41
classic	1.46	1.15
win	1.46	1.24
r/pics	1.46	1.98
relevant	1.46	1.84
watching	1.46	1.29
comma	1.47	3.42
neutral	1.47	2.56
delicious	1.47	2.16
proud	1.48	2.32
valid	1.48	3.14
stable	1.48	1.37
r/mildlyinteresting	1.48	1.97
guess	1.49	2.93
details	1.49	1.59
miracle	1.49	1.30
uhh	1.49	1.86
verify	1.49	1.14
atheists	1.49	1.45
definition	1.49	3.56
close	1.50	2.41
r/wtf	1.50	1.96
functional	1.50	1.82
imply	1.50	3.38
r/pareidolia	1.50	1.91
concept	1.51	1.83
missed	1.52	2.53
x-post	1.52	1.95
checkmate	1.52	1.38
wat	1.52	2.02
hard	1.52	2.27
yum	1.52	1.18
context	1.52	3.40
oddly	1.53	1.94
wait	1.53	2.59
episode	1.53	1.23
whoops	1.53	2.86
surprising	1.53	2.01
jealous	1.53	2.50
isnt	1.53	1.54
theres	1.54	1.65
form	1.55	1.82
bible	1.55	1.31
uncommon	1.55	2.08
r/woahdude	1.56	1.91
fair	1.56	2.14
mr	1.57	1.20
annoying	1.57	2.44
worthy	1.57	1.96
catholic	1.57	1.50
solution	1.58	1.73
christ	1.58	1.54
though	1.58	2.78
r/mildlypenis	1.58	1.54
both	1.58	2.73
captain	1.59	1.53
r/firstworldanarchists	1.59	1.83
correction	1.59	3.45
hah	1.59	1.74
hope	1.60	2.64
umm	1.61	2.06
duh	1.61	2.03
mad	1.61	1.88
effective	1.61	1.76
depressing	1.61	2.79
possible	1.61	2.87
amusing	1.62	2.20
great	1.62	1.94
assure	1.62	1.11
suppose	1.63	2.73
humanity	1.63	1.28
ways	1.64	1.84
attractive	1.64	1.53
pls	1.64	1.73
easiest	1.64	2.14
um	1.65	1.94
series	1.65	1.29
actually	1.65	2.69
depends	1.66	2.82
invention	1.66	2.22
confirm	1.67	1.59
mind	1.67	2.50
calm	1.68	1.72
fuck	1.69	2.38
reminded	1.69	1.75
magic	1.70	1.55
difficult	1.70	1.95
dreams	1.70	1.13
share	1.71	1.22
precise	1.73	1.65
hm	1.73	1.87
faith	1.73	1.30
explanation	1.73	2.09
coincidence	1.74	2.11
common	1.74	1.82
lord	1.74	1.69
meaning	1.75	3.20
definitely	1.75	2.51
accuracy	1.75	2.87
practical	1.75	1.68
forgive	1.75	2.55
r/notinteresting	1.76	1.92
smile	1.76	2.25
acceptable	1.76	2.62
o_o	1.77	1.72
appreciated	1.78	1.50
nevermind	1.78	2.61
hungry	1.78	2.21
oops	1.79	2.73
loving	1.80	2.07
overdone	1.80	1.84
stranger	1.80	1.19
omg	1.81	1.57
aww	1.81	1.89
favorite	1.81	2.21
introduced	1.82	1.71
technically	1.84	3.48
useful	1.85	1.86
r/nocontext	1.85	1.97
wonderful	1.86	1.64
expensive	1.87	2.16
unsee	1.87	1.79
however	1.87	3.43
subscribed	1.88	1.92
r/mildlyinfuriating	1.90	1.94
architecture	1.90	1.35
belongs	1.91	1.93
r/crappydesign	1.91	1.58
stuff	1.91	2.15
game	1.91	1.12
well	1.92	2.58
fuckin	1.92	2.40
familiar	1.92	2.19
memories	1.93	1.44
logical	1.93	2.46
subtle	1.94	1.47
buddy	1.95	2.10
heh	1.96	1.77
its	1.96	2.48
forget	1.96	1.68
mmm	1.97	1.93
lucky	1.98	1.85
appreciate	1.99	1.41
satisfying	1.99	2.02
irony	2.00	2.71
tits	2.01	2.00
mate	2.03	2.00
tasty	2.03	1.82
hello	2.04	1.28
apologies	2.05	2.88
story	2.05	1.63
toys	2.05	1.93
ya	2.06	2.24
kinda	2.06	2.28
honest	2.07	1.94
begin	2.11	1.64
christmas	2.11	2.41
nonetheless	2.12	1.68
complicated	2.12	1.56
jesus	2.12	1.65
mildlyinteresting	2.12	1.92
damned	2.13	1.66
luck	2.13	1.36
dammit	2.14	1.76
necessary	2.14	2.28
observation	2.14	1.60
alone	2.15	2.20
strong	2.15	2.03
r/interestingasfuck	2.15	1.77
kat	2.15	2.01
heck	2.16	1.42
kit	2.18	2.03
hahaha	2.18	1.87
damnit	2.19	1.55
info	2.21	1.44
tho	2.22	1.93
ready	2.23	2.02
ol	2.24	1.21
goddamn	2.25	1.71
guys	2.25	2.34
forgot	2.25	2.05
r/perfectfit	2.26	1.68
hell	2.27	2.20
alright	2.27	2.12
incredible	2.27	2.01
r/oddlysatisfying	2.29	1.63
bless	2.31	1.31
totally	2.31	2.29
pretty	2.31	2.05
nah	2.33	2.08
aw	2.34	1.78
ftfy	2.34	1.83
clever	2.34	1.92
congrats	2.35	1.10
ahh	2.37	1.67
books	2.37	1.74
crap	2.39	2.17
gotcha	2.39	2.06
fancy	2.39	1.85
comfortable	2.41	2.01
yup	2.41	2.02
hmm	2.42	1.95
weird	2.42	2.38
doge	2.43	1.15
ha	2.43	1.96
ok	2.44	2.34
okay	2.44	2.39
bro	2.44	2.04
sweet	2.44	1.69
smooth	2.45	1.64
sort	2.46	2.20
answer	2.47	2.55
exciting	2.48	1.72
dang	2.48	1.53
uh	2.50	1.78
hi	2.51	1.40
hey	2.52	2.16
consistent	2.54	1.72
enjoyed	2.55	0.84
cake	2.57	1.80
pleasant	2.58	1.30
accurate	2.58	1.97
infuriating	2.58	2.01
birthday	2.59	2.28
wtf	2.60	2.06
mildly	2.62	2.05
kind	2.63	2.26
exists	2.64	1.19
sadly	2.64	1.36
david	2.64	1.37
art	2.69	1.69
yay	2.69	1.58
shit	2.69	2.30
forever	2.69	1.52
beautiful	2.70	1.86
helpful	2.71	1.53
soooo	2.71	1.61
tight	2.71	1.99
brilliant	2.73	2.00
ah	2.77	2.01
genius	2.78	1.72
important	2.78	1.54
thank	2.78	1.75
entertaining	2.79	1.88
til	2.79	1.61
easy	2.81	1.82
goodness	2.81	1.23
unique	2.81	1.68
simple	2.82	1.70
indeed	2.83	1.68
interesting	2.84	1.94
whoa	2.86	1.82
man	2.86	1.92
eh	2.87	1.88
absolutely	2.88	1.27
darn	2.89	2.01
sir	2.92	1.71
crazy	2.93	2.10
idea	2.94	2.11
yea	2.96	1.78
convenient	2.99	1.92
seriously	3.02	2.24
gorgeous	3.02	1.03
yes	3.04	2.16
creative	3.05	1.00
lol	3.05	2.03
cheers	3.06	1.21
yeah	3.07	2.21
fellow	3.07	1.49
truly	3.07	1.44
nature	3.10	1.17
holy	3.12	2.01
thats	3.13	2.09
thanks	3.15	1.82
mild	3.16	1.95
fascinating	3.19	1.05
welcome	3.23	1.25
haha	3.25	1.96
oh	3.26	1.88
yep	3.26	1.90
enjoy	3.30	1.20
dude	3.30	1.91
mildy	3.31	1.14
impressive	3.32	1.73
neat	3.32	1.76
woah	3.32	1.59
btw	3.32	1.01
huh	3.33	1.88
good	3.34	1.64
badass	3.37	1.71
god	3.46	1.34
fun	3.47	1.31
nope	3.52	1.73
damn	3.59	1.54
cool	3.61	1.67
reminds	3.63	1.31
wow	3.83	1.61
miss	3.86	1.33
sharing	3.93	0.66
wish	3.98	1.28
