hating	-4.42	1.11
sick	-4.08	1.16
gross	-4.05	0.71
rant	-4.04	1.53
stomach	-3.97	1.24
twieww	-3.95	1.10
useless	-3.85	1.02
poor	-3.83	1.31
ugh	-3.83	0.90
sucks	-3.81	0.99
sbeww	-3.80	1.21
headache	-3.79	1.32
dying	-3.62	1.17
ruined	-3.59	0.97
shitty	-3.59	1.42
medicine	-3.49	1.45
sadly	-3.46	1.61
death	-3.46	1.23
fear	-3.45	1.16
suck	-3.45	1.15
introduced	-3.41	1.84
disgusting	-3.40	0.89
ew	-3.38	1.09
killed	-3.37	1.39
dislike	-3.35	1.49
worse	-3.32	1.50
dropped	-3.32	1.91
failure	-3.31	1.30
alone	-3.29	2.10
except	-3.29	1.80
bad	-3.29	1.35
sequel	-3.20	1.48
unfortunately	-3.18	1.38
painful	-3.18	1.11
angry	-3.17	1.90
pathetic	-3.16	1.26
actively	-3.13	1.55
ouch	-3.08	1.33
stupid	-3.08	1.23
bored	-3.07	2.08
dumb	-3.05	1.42
associate	-3.05	1.46
feeling	-3.01	2.17
scared	-2.98	2.04
reallysadluna	-2.97	1.82
miserable	-2.95	1.36
case	-2.95	2.10
lunasad	-2.94	1.80
horribly	-2.92	1.41
taste	-2.92	1.72
sadluna	-2.92	1.93
sadness	-2.91	1.96
missing	-2.91	1.44
cure	-2.90	1.59
afraid	-2.89	1.69
raritysad	-2.88	1.88
liking	-2.85	1.50
die	-2.82	1.02
saddash	-2.80	1.96
derpysad	-2.78	1.86
stressed	-2.78	2.41
bjshrug	-2.77	1.66
sadtwi	-2.77	2.05
aspect	-2.77	1.70
literally	-2.76	1.72
miss	-2.76	1.83
lonely	-2.76	2.17
rose2	-2.74	1.41
weak	-2.73	1.79
liar	-2.72	1.34
tired	-2.72	1.75
confused	-2.71	2.39
noooo	-2.71	1.81
ruin	-2.70	1.49
sadlyra	-2.70	2.10
upset	-2.66	2.50
mad	-2.65	2.22
fscry	-2.62	2.12
ashamed	-2.61	2.47
cccry	-2.61	2.18
pissed	-2.60	2.37
celestiasad	-2.60	1.90
fluttercry	-2.59	1.86
depressed	-2.59	2.50
pain	-2.58	0.84
badly	-2.58	0.81
piss	-2.58	1.61
lazy	-2.57	1.40
fault	-2.56	1.63
aids	-2.55	1.68
dashiesad	-2.54	1.97
cryrarity	-2.53	2.27
ajsad	-2.53	2.17
worried	-2.52	2.08
rarityannoyed	-2.51	1.38
cry	-2.50	2.34
ol	-2.48	1.75
missed	-2.47	1.86
doomed	-2.47	1.53
appleshrug	-2.46	1.73
scenario	-2.46	1.91
worthless	-2.45	1.30
handle	-2.45	1.00
demand	-2.44	1.74
unlike	-2.44	1.59
wish	-2.44	2.48
spider	-2.44	1.58
wins	-2.42	1.89
uses	-2.42	2.27
excited	-2.39	2.56
disappointed	-2.38	2.44
crying	-2.37	2.34
rude	-2.37	1.72
dashiebeg	-2.36	2.24
prepared	-2.36	1.72
ajnom	-2.36	1.78
guilty	-2.36	2.33
worrying	-2.35	1.76
talks	-2.34	2.64
curse	-2.34	1.35
raritywhy	-2.32	1.28
annoyed	-2.32	2.08
rip	-2.31	2.31
felt	-2.31	2.34
trash	-2.30	1.53
seriouslyupset	-2.30	2.15
paranoid	-2.30	2.03
sore	-2.30	1.18
treated	-2.27	1.63
vent	-2.26	1.29
crappy	-2.26	1.63
assume	-2.25	3.03
unnecessary	-2.24	1.64
pheicry	-2.24	1.82
joke	-2.24	1.52
acting	-2.23	1.68
tfw	-2.23	2.16
rdcry	-2.21	2.15
puns	-2.21	1.71
leaving	-2.21	0.96
cancer	-2.20	0.82
tears	-2.20	2.27
supposed	-2.20	3.25
garbage	-2.20	1.59
referring	-2.20	2.38
causing	-2.19	0.87
m	-2.18	1.97
balls	-2.18	0.84
cough	-2.17	1.67
stand	-2.17	1.39
means	-2.16	3.11
shame	-2.15	1.66
meh	-2.15	1.63
vssad	-2.15	2.03
same	-2.15	2.67
saying	-2.14	3.33
reminded	-2.14	1.78
happening	-2.14	2.57
hurts	-2.13	0.91
concerned	-2.12	1.95
am	-2.12	1.89
checks	-2.12	1.93
otherwise	-2.12	2.77
dashdisgusted	-2.11	0.80
hoping	-2.09	1.93
b-but	-2.08	2.32
fucked	-2.08	1.26
sucked	-2.08	1.03
distracted	-2.07	1.78
tied	-2.06	2.24
hurt	-2.06	1.55
nothing	-2.04	3.30
calling	-2.03	0.88
imagine	-2.03	1.79
possible	-2.02	2.59
generic	-2.01	1.72
rage	-2.00	0.91
right	-2.00	3.31
biggest	-2.00	2.06
slow	-1.98	2.42
boredshy	-1.98	0.98
emotionally	-1.97	1.46
trouble	-1.97	1.09
twisad	-1.96	1.63
what	-1.96	3.46
freak	-1.95	1.29
complaining	-1.95	1.30
frankly	-1.95	1.00
meant	-1.95	2.68
lying	-1.94	1.41
pile	-1.94	0.91
physically	-1.94	1.09
real	-1.94	1.80
obsessed	-1.94	1.40
dashiedepressed	-1.93	2.00
seriousness	-1.93	1.67
assure	-1.93	2.41
opposite	-1.93	2.48
boredom	-1.93	1.04
hospital	-1.92	0.98
clue	-1.92	2.91
utterly	-1.91	1.42
offended	-1.91	1.74
sigh	-1.91	0.97
drunk	-1.91	1.74
serious	-1.90	1.96
loss	-1.90	0.93
differently	-1.90	2.51
depression	-1.89	0.90
remind	-1.89	0.82
nervous	-1.88	2.11
lately	-1.87	1.78
leave	-1.86	1.99
threat	-1.85	0.73
annoying	-1.85	1.73
regret	-1.85	0.72
gotten	-1.84	1.14
implying	-1.84	1.89
wanting	-1.84	1.74
tastes	-1.84	1.99
tells	-1.84	2.93
throat	-1.83	1.09
completely	-1.82	2.09
react	-1.82	1.81
complain	-1.81	1.33
possibly	-1.81	1.63
hear	-1.81	2.41
mention	-1.81	1.67
being	-1.81	1.64
constantly	-1.81	1.14
anxiety	-1.80	0.91
basically	-1.79	1.64
sbdisgusting	-1.78	0.85
causes	-1.78	0.80
feels	-1.78	2.47
cares	-1.77	2.87
fs01	-1.76	1.55
likes	-1.76	2.88
dead	-1.75	0.74
pun	-1.75	1.68
wondering	-1.75	2.35
wasted	-1.75	0.84
getting	-1.75	1.88
sorry	-1.75	2.06
rid	-1.74	0.79
anger	-1.74	1.10
ignore	-1.74	0.78
leads	-1.74	0.85
filthy	-1.74	0.64
dammit	-1.74	1.34
hungry	-1.73	1.60
decides	-1.73	2.82
personally	-1.71	1.15
fucks	-1.71	0.67
kills	-1.71	0.71
surprised	-1.70	2.03
dirty	-1.69	0.78
assholes	-1.69	0.70
sees	-1.68	2.92
dashiegrump	-1.68	0.95
hurting	-1.68	1.00
ccshrug	-1.67	0.90
thinking	-1.67	2.45
brain	-1.66	0.96
silver	-1.66	2.67
avoiding	-1.66	0.87
disease	-1.66	0.93
forgot	-1.65	1.85
thinks	-1.65	2.91
noticed	-1.64	1.38
mildly	-1.64	1.43
mentioned	-1.63	1.25
unless	-1.63	2.46
jokes	-1.63	1.03
condition	-1.63	0.97
cause	-1.62	1.16
feel	-1.62	1.91
strongly	-1.62	0.56
spoon	-1.62	2.56
suffering	-1.61	0.90
yelling	-1.61	1.35
likely	-1.61	1.51
warned	-1.60	1.04
bite	-1.60	1.00
yell	-1.60	1.24
casual	-1.60	0.75
tries	-1.60	2.84
forget	-1.59	1.85
stress	-1.59	0.99
surgery	-1.58	1.12
keeps	-1.58	1.21
moment	-1.57	1.76
burns	-1.56	0.80
excuse	-1.56	1.97
therapy	-1.55	0.93
doctors	-1.55	0.86
known	-1.54	1.29
question	-1.54	3.34
celsit	-1.54	2.02
stopping	-1.53	1.44
waiting	-1.53	1.62
afford	-1.53	1.11
knee	-1.51	0.88
smell	-1.51	0.75
barely	-1.51	1.51
judge	-1.51	1.58
prince	-1.51	2.52
busy	-1.50	1.79
avoid	-1.50	1.07
choosing	-1.49	0.78
remotely	-1.49	1.33
replaced	-1.49	0.59
re	-1.49	2.69
children	-1.48	0.68
forced	-1.47	1.36
note	-1.47	1.05
talking	-1.47	2.52
struggling	-1.47	1.12
emotions	-1.47	1.08
about	-1.47	2.70
ignored	-1.47	0.91
messed	-1.46	0.99
result	-1.46	0.93
calls	-1.46	2.68
finds	-1.45	2.78
due	-1.45	0.89
almost	-1.45	1.51
designed	-1.45	0.63
bothered	-1.45	1.38
figured	-1.45	1.60
somehow	-1.45	1.67
goddammit	-1.44	1.65
greatest	-1.44	2.06
telling	-1.44	2.04
teeth	-1.44	0.99
panic	-1.43	0.94
typically	-1.43	0.65
pointless	-1.42	0.82
prove	-1.42	2.88
zombies	-1.42	0.60
lost	-1.42	0.84
ex	-1.42	1.07
mind	-1.42	2.59
left	-1.42	1.14
severe	-1.42	0.90
habit	-1.41	0.92
ourselves	-1.41	1.27
entirely	-1.41	1.94
mental	-1.41	1.00
torture	-1.41	0.82
forgotten	-1.40	1.15
life	-1.40	1.32
harm	-1.40	1.20
hit	-1.40	1.12
inevitable	-1.39	0.80
twist	-1.39	2.66
dick	-1.38	0.86
revenge	-1.38	0.69
simply	-1.38	2.05
asking	-1.38	2.35
mouth	-1.38	0.85
fact	-1.38	2.57
going	-1.38	2.79
without	-1.38	1.52
feelings	-1.37	1.32
soul	-1.37	0.80
however	-1.37	1.89
assumed	-1.37	1.72
fail	-1.37	0.93
health	-1.37	0.91
died	-1.36	0.70
aj05	-1.36	1.69
wasting	-1.36	0.95
shitposts	-1.36	0.80
knew	-1.35	2.08
forgive	-1.35	1.50
blew	-1.35	0.79
having	-1.35	1.44
suicide	-1.34	0.72
throwing	-1.34	1.14
practically	-1.34	0.70
waste	-1.34	0.75
killing	-1.34	0.70
trying	-1.34	2.32
rough	-1.34	1.27
sake	-1.34	0.80
mine	-1.34	1.63
issues	-1.34	1.09
infinite	-1.33	0.76
tend	-1.32	0.86
chest	-1.32	0.96
now	-1.32	2.64
failed	-1.32	0.81
value	-1.32	0.81
bothering	-1.32	1.81
proven	-1.31	2.55
blood	-1.31	0.83
stop	-1.31	1.63
problems	-1.31	1.14
screwed	-1.31	0.72
facehoof	-1.31	0.83
constant	-1.30	0.88
anybody	-1.30	2.28
twiannoyed	-1.30	1.27
treat	-1.30	0.77
myself	-1.29	2.33
scare	-1.29	0.71
convince	-1.29	1.85
overly	-1.29	1.79
asshole	-1.29	0.74
ran	-1.29	0.77
cruel	-1.28	1.39
apologize	-1.28	1.43
imply	-1.28	1.86
gamer	-1.28	0.62
breathe	-1.28	1.15
dashiebrainhurt	-1.27	0.97
bother	-1.27	2.11
me	-1.27	2.42
confusion	-1.27	0.83
appeared	-1.27	1.08
lame	-1.26	1.30
absolute	-1.26	2.31
because	-1.26	2.70
gon	-1.26	2.39
secretly	-1.26	2.25
putting	-1.26	1.74
did	-1.25	2.71
talked	-1.25	1.32
stronger	-1.25	1.02
diamond	-1.25	2.78
said	-1.25	2.33
screw	-1.25	0.87
anything	-1.25	2.67
child	-1.25	0.83
luckily	-1.24	1.02
totally	-1.24	3.22
disappointing	-1.24	2.16
weakness	-1.24	0.89
tiara	-1.24	2.79
meds	-1.24	0.95
hits	-1.24	0.66
just	-1.23	2.78
blame	-1.23	0.89
hardly	-1.23	1.34
besides	-1.23	1.14
currently	-1.23	1.43
shut	-1.23	0.91
racist	-1.23	0.79
replace	-1.22	1.06
planning	-1.22	1.64
flutterconcerned	-1.22	1.62
where	-1.22	2.70
so	-1.22	2.72
how	-1.22	2.73
destroyed	-1.22	0.56
if	-1.21	2.73
throw	-1.21	1.15
expect	-1.21	2.41
making	-1.20	1.87
4l	-1.20	1.62
say	-1.20	2.73
caused	-1.20	0.86
no	-1.20	2.58
why	-1.20	2.73
asked	-1.20	1.51
stood	-1.20	1.26
know	-1.20	2.73
keep	-1.19	2.00
asks	-1.19	2.56
tell	-1.19	2.37
kill	-1.19	0.95
happened	-1.19	2.18
vseyeroll	-1.19	1.24
here	-1.19	2.71
towards	-1.18	1.25
ask	-1.18	2.32
longer	-1.18	1.09
while	-1.18	1.70
part	-1.18	2.91
attempt	-1.17	1.03
rich	-1.17	1.19
something	-1.17	2.71
not	-1.17	2.78
failing	-1.17	0.87
abuse	-1.17	0.78
even	-1.17	2.69
been	-1.17	1.60
willing	-1.17	2.27
violence	-1.17	0.80
kept	-1.16	1.40
care	-1.16	2.38
enemies	-1.16	0.71
kids	-1.16	0.79
sure	-1.16	2.80
thing	-1.16	2.12
tried	-1.16	1.65
popped	-1.16	0.86
ready	-1.15	1.42
mainly	-1.15	0.83
by	-1.15	1.75
joining	-1.15	0.70
im	-1.15	1.34
upper	-1.15	0.99
violent	-1.15	1.06
believe	-1.15	2.56
kicking	-1.15	0.88
pulling	-1.15	0.95
able	-1.15	2.48
dashmeh	-1.15	0.72
can	-1.15	2.55
want	-1.15	2.57
wanted	-1.15	2.32
staying	-1.15	1.46
let	-1.14	2.53
yourself	-1.14	2.07
realize	-1.14	2.28
see	-1.14	2.56
too	-1.14	1.95
mcdonalds	-1.14	0.93
problem	-1.14	2.03
fat	-1.14	0.97
does	-1.14	2.55
get	-1.14	2.43
wo	-1.14	2.56
ca	-1.14	2.44
could	-1.13	2.58
pills	-1.13	0.90
whether	-1.13	1.96
destroy	-1.13	0.69
tsannoyed	-1.13	1.12
need	-1.13	2.53
talk	-1.13	2.37
should	-1.13	2.59
limited	-1.13	0.83
uncomfortable	-1.13	1.79
acid	-1.13	0.87
kid	-1.13	0.74
either	-1.13	2.71
then	-1.13	2.53
happen	-1.12	2.52
physical	-1.12	0.96
beats	-1.12	0.70
finger	-1.12	0.96
help	-1.12	2.49
consequences	-1.12	0.85
we	-1.12	2.54
cceww	-1.12	1.51
insanity	-1.12	0.85
addicted	-1.12	1.13
heard	-1.12	1.86
medical	-1.12	0.88
whatever	-1.12	2.58
go	-1.12	2.38
decide	-1.12	2.30
try	-1.12	2.52
anyone	-1.12	2.27
them	-1.12	2.46
honestly	-1.12	2.51
muscle	-1.11	0.81
matter	-1.11	2.64
another	-1.11	1.76
again	-1.11	2.49
burning	-1.11	0.64
looking	-1.11	2.34
bringing	-1.11	1.22
ll	-1.11	2.50
second	-1.10	3.16
fs11	-1.10	0.82
idea	-1.10	2.63
punishment	-1.10	0.81
attacks	-1.10	0.89
showed	-1.10	1.49
affect	-1.10	1.24
cared	-1.10	2.47
terribly	-1.10	1.76
compare	-1.10	1.04
ever	-1.10	1.99
way	-1.10	2.51
arms	-1.10	1.07
poorly	-1.09	1.01
apparently	-1.09	1.71
sleeping	-1.09	1.41
awe	-1.09	1.47
idiot	-1.09	0.93
flutterblush	-1.09	1.26
point	-1.09	2.60
dealing	-1.09	1.17
walks	-1.09	2.11
understand	-1.09	2.53
remember	-1.09	2.52
exactly	-1.09	3.33
situation	-1.09	1.48
convinced	-1.08	1.27
yah	-1.08	1.69
anymore	-1.08	2.31
replying	-1.08	1.51
suffer	-1.08	0.81
seeing	-1.08	2.20
knowing	-1.08	2.01
discovered	-1.08	0.97
rape	-1.08	0.84
little	-1.07	1.65
they	-1.07	2.58
notice	-1.07	2.05
whole	-1.07	1.75
conversation	-1.07	1.04
lnotbad	-1.07	1.12
drama	-1.07	0.78
fell	-1.07	0.74
stuck	-1.07	1.26
moving	-1.07	1.36
explain	-1.07	2.21
solve	-1.06	1.21
joy	-1.06	1.30
created	-1.06	0.67
consider	-1.06	1.52
stealing	-1.06	0.74
used	-1.06	2.05
probably	-1.06	2.60
had	-1.06	1.73
got	-1.06	1.89
kicked	-1.05	0.69
thoughts	-1.05	1.13
blank	-1.05	0.91
procrastinating	-1.05	1.41
never	-1.05	2.17
pinkamina	-1.05	1.05
bare	-1.05	1.01
yet	-1.05	2.16
fetish	-1.05	0.96
attracted	-1.05	1.10
were	-1.05	2.36
might	-1.05	2.56
slowly	-1.05	1.18
thrown	-1.04	0.77
pushing	-1.04	1.34
rarely	-1.04	0.77
one	-1.04	2.42
replied	-1.04	1.16
ugly	-1.04	1.07
may	-1.04	2.55
make	-1.04	2.25
think	-1.03	2.62
would	-1.03	2.55
counting	-1.03	1.26
d	-1.03	2.56
arguing	-1.03	1.61
imsorry	-1.03	1.53
coming	-1.03	1.91
mean	-1.02	2.78
whatnot	-1.02	0.89
lead	-1.02	0.82
hardcore	-1.02	0.62
working	-1.02	1.70
using	-1.02	1.44
others	-1.02	2.25
specifically	-1.02	1.20
done	-1.02	1.92
recently	-1.02	1.52
be	-1.01	2.52
awhile	-1.01	1.40
spend	-1.01	1.20
leg	-1.01	0.97
laying	-1.01	1.36
derpshrug	-1.01	0.98
tonight	-1.01	1.38
explained	-1.01	1.13
derpwizard	-1.01	1.46
chose	-1.00	1.05
already	-1.00	1.99
realized	-1.00	1.60
downvotes	-1.00	0.74
ve	-1.00	1.67
gone	-1.00	1.71
sitting	-1.00	1.32
which	-1.00	2.44
refer	-0.99	1.19
drop	-0.99	0.86
begins	-0.99	0.69
messing	-0.99	1.40
genuinely	-0.99	1.36
single	-0.99	1.86
will	-0.99	2.33
scary	-0.99	1.58
awake	-0.98	1.37
lewd	-0.98	0.91
considered	-0.98	1.67
mild	-0.98	1.17
shot	-0.98	0.84
woke	-0.98	1.35
wide	-0.98	0.81
knock	-0.98	0.93
explode	-0.98	1.02
anyway	-0.98	2.62
pick	-0.98	2.05
creating	-0.97	0.62
nobody	-0.97	2.39
eventually	-0.97	2.08
dose	-0.97	1.00
forcing	-0.97	1.21
scream	-0.97	1.10
this	-0.97	2.48
caffeine	-0.97	0.89
dies	-0.97	2.33
fingers	-0.97	0.98
take	-0.97	2.19
emotional	-0.96	1.02
out	-0.96	1.97
come	-0.96	2.16
stopped	-0.96	1.41
decided	-0.96	2.06
chance	-0.96	2.19
as	-0.96	2.45
home	-0.95	1.28
sit	-0.95	1.43
covered	-0.95	0.72
drawing	-0.95	1.02
maybe	-0.95	2.54
waking	-0.95	1.30
start	-0.95	1.78
extreme	-0.95	0.87
call	-0.94	1.58
tempted	-0.94	1.87
quality	-0.94	0.87
twice	-0.94	1.56
told	-0.94	1.53
depressing	-0.94	1.76
traffic	-0.94	0.75
confuse	-0.94	0.90
was	-0.94	2.13
na	-0.94	2.28
slept	-0.94	1.32
bomb	-0.93	0.52
instead	-0.93	1.53
dicks	-0.93	0.84
ultimately	-0.93	0.91
doesnt	-0.93	1.20
manage	-0.93	1.87
figuring	-0.92	1.48
drawings	-0.92	1.07
heads	-0.92	0.82
than	-0.92	1.13
louder	-0.92	0.78
mood	-0.92	1.30
around	-0.92	1.87
shoulder	-0.92	1.00
less	-0.92	1.19
responded	-0.92	1.10
wake	-0.92	1.34
destruction	-0.92	0.80
crushed	-0.92	1.18
arm	-0.91	0.94
shits	-0.91	0.75
beer	-0.91	1.04
actually	-0.91	2.53
dating	-0.91	0.81
time	-0.91	2.00
troll	-0.91	0.64
faster	-0.91	1.05
poll	-0.91	1.12
happens	-0.91	2.04
everything	-0.91	2.22
threw	-0.90	0.71
else	-0.90	2.34
hand	-0.90	1.06
always	-0.90	2.39
up	-0.90	1.98
shitposting	-0.90	0.94
jerk	-0.90	0.95
deal	-0.90	1.33
find	-0.90	2.41
losing	-0.90	0.93
sooner	-0.90	2.02
anywhere	-0.90	2.19
suddenly	-0.90	1.26
started	-0.89	1.48
any	-0.89	2.22
decisions	-0.89	0.87
dedicated	-0.89	0.69
obviously	-0.89	2.47
furries	-0.89	0.70
goodbye	-0.89	1.69
him	-0.89	2.04
managed	-0.89	1.22
liked	-0.89	2.56
knows	-0.88	2.89
change	-0.88	1.81
down	-0.88	1.62
broken	-0.88	1.10
burned	-0.88	0.77
ppshrug	-0.88	1.24
sketch	-0.88	1.08
back	-0.88	1.88
far	-0.88	1.99
bye	-0.88	1.71
defend	-0.88	0.99
asleep	-0.88	1.28
admit	-0.88	1.85
head	-0.87	1.07
dropping	-0.87	0.91
photoshop	-0.87	1.02
pretending	-0.87	1.49
fuck	-0.87	1.55
highschool	-0.87	0.77
prefer	-0.87	0.63
situations	-0.87	1.01
harsh	-0.87	1.14
lies	-0.86	0.89
when	-0.86	2.05
obligatory	-0.86	0.76
screaming	-0.86	1.28
fully	-0.86	1.52
all	-0.86	2.26
themselves	-0.86	1.49
ajfrown	-0.86	0.87
pass	-0.86	1.72
turn	-0.86	1.64
intended	-0.86	1.02
only	-0.85	2.24
on	-0.85	1.56
met	-0.85	1.13
whiskey	-0.85	0.84
bottom	-0.85	1.41
purpose	-0.85	1.15
pressure	-0.85	0.81
thousands	-0.85	0.99
happiness	-0.85	1.20
letting	-0.85	1.15
forth	-0.85	0.82
nerds	-0.84	0.72
risk	-0.84	0.84
least	-0.84	2.40
interested	-0.84	1.92
thought	-0.84	2.23
nostalgia	-0.84	1.32
running	-0.84	1.53
trust	-0.84	2.30
whilst	-0.84	1.21
bed	-0.84	1.36
give	-0.84	1.93
scares	-0.84	0.98
own	-0.84	1.01
emergency	-0.84	0.68
drink	-0.83	1.01
millions	-0.83	0.81
coffee	-0.83	1.05
peace	-0.83	1.22
once	-0.83	1.86
drug	-0.83	0.86
prevent	-0.83	1.05
dashshrug	-0.83	1.01
owned	-0.83	0.75
laughter	-0.83	1.26
irrelevant	-0.83	0.94
seek	-0.83	0.98
loop	-0.83	0.75
joking	-0.83	1.43
mentally	-0.83	1.12
slight	-0.83	0.92
bound	-0.83	1.11
put	-0.82	1.75
cider	-0.82	1.12
circumstances	-0.82	1.08
rather	-0.82	1.57
fired	-0.82	0.71
made	-0.82	1.68
or	-0.82	1.83
attack	-0.82	0.67
broke	-0.82	0.78
much	-0.82	1.98
bring	-0.82	1.61
root	-0.82	1.04
also	-0.82	2.42
really	-0.82	2.24
picking	-0.81	1.04
finding	-0.81	1.22
awkward	-0.81	1.80
hang	-0.81	1.85
patient	-0.81	1.10
twishrug	-0.81	1.12
rdwhy	-0.81	1.59
with	-0.81	2.01
complete	-0.81	0.83
rank	-0.81	1.66
taken	-0.81	1.53
secrets	-0.81	0.75
push	-0.81	1.17
away	-0.81	1.42
cried	-0.81	2.37
commenting	-0.80	0.98
removing	-0.80	0.91
yesterday	-0.80	1.42
extent	-0.80	0.89
itself	-0.80	1.60
respond	-0.80	1.29
difference	-0.80	1.54
list	-0.80	1.91
spelled	-0.80	2.78
brought	-0.80	1.05
rose1	-0.80	1.19
dashiederp	-0.80	1.13
top	-0.80	1.59
whore	-0.80	0.91
came	-0.80	1.59
hold	-0.80	1.35
earlier	-0.80	1.43
survive	-0.80	1.12
normally	-0.79	1.19
wreck	-0.79	0.85
attached	-0.79	0.79
socially	-0.79	1.33
dull	-0.79	2.21
permanent	-0.79	0.84
supporting	-0.79	0.77
commented	-0.78	1.32
queenohyou	-0.78	0.94
become	-0.78	1.09
some	-0.78	1.91
explains	-0.78	0.72
whatsoever	-0.78	0.94
forward	-0.78	1.57
doing	-0.78	2.35
puts	-0.78	1.55
shock	-0.78	0.90
who	-0.78	2.30
wants	-0.78	2.92
future	-0.78	1.46
usually	-0.78	1.66
says	-0.78	2.89
ear	-0.77	0.98
move	-0.77	1.77
someone	-0.77	2.09
soon	-0.77	2.04
toss	-0.77	0.99
potentially	-0.77	0.84
motivation	-0.77	1.08
issue	-0.77	1.34
fighting	-0.77	0.77
schedule	-0.76	1.27
ended	-0.76	1.37
guarantee	-0.76	1.70
released	-0.76	0.82
fitness	-0.76	0.87
everyone	-0.76	2.21
scum	-0.75	0.66
fight	-0.75	0.70
havent	-0.75	1.31
arguments	-0.75	0.96
implied	-0.75	1.05
stayed	-0.75	1.23
alcohol	-0.75	0.92
entire	-0.75	0.88
whenever	-0.75	1.67
zombie	-0.75	0.70
aw	-0.75	2.04
grab	-0.75	1.05
its	-0.75	1.46
lacking	-0.75	0.89
involve	-0.74	0.86
derpyhuh	-0.74	1.07
immediately	-0.74	1.44
pulled	-0.74	0.91
ages	-0.74	1.10
choose	-0.74	1.78
explaining	-0.74	0.88
late	-0.74	1.28
men	-0.74	1.01
robots	-0.74	0.69
doubt	-0.74	2.55
hands	-0.74	0.99
express	-0.74	1.11
before	-0.74	1.70
necessarily	-0.74	1.00
found	-0.74	1.41
despite	-0.73	0.56
juice	-0.73	1.15
ban	-0.73	0.68
kick	-0.73	0.90
settle	-0.73	1.26
catch	-0.73	1.67
jumped	-0.73	0.86
jump	-0.72	1.10
bi	-0.72	1.12
self	-0.72	0.96
suspect	-0.72	1.06
spiders	-0.72	0.82
grown	-0.72	0.82
smells	-0.72	0.68
forever	-0.72	1.61
every	-0.72	1.35
relationships	-0.72	0.92
throughout	-0.71	0.69
spent	-0.71	1.13
incredibly	-0.71	1.60
sometimes	-0.71	1.56
plounging	-0.71	1.33
granted	-0.71	0.73
save	-0.71	1.49
cycle	-0.71	0.78
drown	-0.71	0.91
exist	-0.71	2.08
jive-kun	-0.71	1.29
experiment	-0.70	1.04
sneak	-0.70	0.92
vodka	-0.70	0.88
loud	-0.70	1.37
survived	-0.70	0.77
twiglare	-0.70	0.72
damage	-0.70	0.84
difficulty	-0.70	0.97
taking	-0.69	1.61
peasant	-0.69	0.70
apocalypse	-0.69	0.79
bit	-0.69	1.56
starting	-0.69	1.47
ghosts	-0.69	0.84
spending	-0.69	1.16
neck	-0.69	0.96
ppnowhy	-0.69	1.26
weed	-0.69	0.76
off	-0.69	1.15
saving	-0.69	1.14
reason	-0.69	2.64
add	-0.69	1.77
paperwork	-0.69	0.84
treating	-0.69	1.11
established	-0.69	0.82
urge	-0.69	1.19
lunapoker	-0.69	0.99
supply	-0.68	0.69
from	-0.68	1.69
removed	-0.68	0.98
tends	-0.68	0.97
existed	-0.68	1.44
cave	-0.68	0.79
shown	-0.68	1.32
bjunimpressed	-0.68	0.67
room	-0.68	1.12
your	-0.68	1.24
internal	-0.67	0.77
ends	-0.67	1.02
first	-0.67	1.67
picked	-0.67	1.04
bucket	-0.67	1.01
em	-0.67	1.29
addiction	-0.67	0.78
empty	-0.67	0.89
living	-0.67	1.17
pleb	-0.67	0.69
saw	-0.67	1.38
twiscrunch	-0.67	0.74
hung	-0.67	1.09
ocs	-0.66	1.14
cheaper	-0.66	0.96
generally	-0.66	1.25
seen	-0.66	1.47
midnight	-0.66	1.25
demon	-0.66	0.66
sending	-0.66	1.58
ppreally	-0.66	0.70
pointed	-0.66	1.24
into	-0.66	1.23
work	-0.66	2.16
profit	-0.66	0.93
discentia	-0.66	0.88
end	-0.66	1.68
define	-0.65	0.91
night	-0.65	1.30
relax	-0.65	1.58
acts	-0.65	0.83
bitter	-0.65	1.32
resist	-0.65	1.16
pull	-0.65	1.24
sleep	-0.65	1.39
view	-0.65	1.02
donate	-0.65	1.11
nuts	-0.65	0.80
childhood	-0.65	0.87
wont	-0.65	1.27
heart	-0.65	0.77
hopefully	-0.64	1.87
somewhat	-0.64	1.52
everytime	-0.64	1.08
eaten	-0.64	0.71
drugs	-0.64	0.80
impressed	-0.64	1.96
over	-0.64	1.55
backup	-0.64	0.82
stream	-0.64	0.97
sort	-0.64	1.31
report	-0.63	0.70
bills	-0.63	0.79
banned	-0.63	0.93
gentle	-0.63	1.44
contribute	-0.63	1.37
fix	-0.63	1.68
danger	-0.63	0.77
drinking	-0.63	0.94
has	-0.63	1.65
gave	-0.63	1.61
sexual	-0.63	0.95
stab	-0.63	0.93
focused	-0.63	0.78
parts	-0.62	1.09
debate	-0.62	1.13
prepare	-0.62	0.96
works	-0.62	1.62
quit	-0.62	0.75
us	-0.62	1.88
later	-0.62	1.58
mentioning	-0.62	1.65
form	-0.62	1.15
industry	-0.62	0.77
ears	-0.62	1.00
drives	-0.62	0.78
purposes	-0.61	0.80
giving	-0.61	1.51
begin	-0.61	1.06
accept	-0.61	1.30
actual	-0.61	0.91
long	-0.61	1.69
turns	-0.61	1.67
social	-0.61	0.94
sleepy	-0.61	1.61
placed	-0.61	0.80
changed	-0.61	1.13
ridiculous	-0.61	1.70
wine	-0.60	0.93
went	-0.60	1.33
bullet	-0.60	0.82
hardest	-0.60	2.64
male	-0.60	1.05
favorite	-0.60	3.08
through	-0.60	1.42
originally	-0.60	1.35
mix	-0.60	0.98
ta	-0.59	1.50
breathing	-0.59	1.06
favourite	-0.59	3.05
allowed	-0.59	1.82
attempts	-0.59	0.71
crap	-0.59	1.66
emotion	-0.59	1.01
deep	-0.59	0.94
illegal	-0.59	1.06
darkness	-0.59	0.99
keeping	-0.59	1.41
flutterfear	-0.59	1.02
slightest	-0.59	0.99
body	-0.59	0.99
monsters	-0.59	0.79
ring	-0.59	0.77
bible	-0.59	1.13
perspective	-0.59	1.53
major	-0.59	1.01
weekends	-0.59	1.25
morning	-0.59	1.26
things	-0.59	1.91
merely	-0.59	1.22
til	-0.58	1.17
hatred	-0.58	0.87
straight	-0.58	1.15
today	-0.58	1.27
recall	-0.58	1.50
locked	-0.58	0.84
blow	-0.58	1.06
bigger	-0.58	1.05
humans	-0.58	0.86
bodies	-0.58	0.74
expert	-0.58	0.79
easier	-0.58	1.30
cutting	-0.58	0.98
cinnamon	-0.57	0.85
naturally	-0.57	0.81
nightmares	-0.57	0.90
worth	-0.57	1.40
person	-0.57	1.45
trap	-0.57	0.99
weight	-0.57	0.78
turned	-0.57	1.06
responsible	-0.57	0.67
spot	-0.56	1.09
more	-0.56	1.61
worked	-0.56	1.46
cup	-0.56	0.66
someday	-0.56	1.75
together	-0.56	1.74
ajhay	-0.56	0.81
afternoon	-0.56	1.24
cant	-0.56	1.34
legs	-0.56	1.03
monster	-0.56	0.65
staring	-0.55	1.32
encourage	-0.55	1.21
negative	-0.55	1.09
improvement	-0.55	1.04
force	-0.55	1.06
standing	-0.55	1.03
happier	-0.55	1.68
stressful	-0.55	1.60
nights	-0.55	1.21
curiosity	-0.55	0.70
effect	-0.55	1.32
fucker	-0.55	0.65
alien	-0.55	0.74
technology	-0.55	0.87
easiest	-0.55	2.57
gay	-0.55	1.19
expansion	-0.54	0.76
rights	-0.54	0.81
discussion	-0.54	1.21
production	-0.54	0.73
act	-0.54	1.00
unable	-0.54	1.04
recognized	-0.54	0.79
lot	-0.54	1.35
guess	-0.54	2.40
arrive	-0.54	1.26
caught	-0.54	1.11
burn	-0.54	0.80
stretch	-0.54	0.94
motion	-0.54	0.99
quotes	-0.54	0.76
none	-0.54	0.95
develop	-0.54	0.76
each	-0.54	1.45
topic	-0.54	1.34
new	-0.54	1.39
murder	-0.54	0.77
front	-0.54	1.05
posted	-0.54	1.34
differences	-0.53	0.84
tea	-0.53	1.13
struggle	-0.53	1.06
ajcower	-0.53	0.73
slower	-0.53	1.14
rarityyell	-0.53	0.71
extremely	-0.53	1.51
owner	-0.53	0.69
somebody	-0.53	2.10
baby	-0.53	0.93
smoking	-0.53	0.87
cunt	-0.53	0.89
deliver	-0.52	1.10
position	-0.52	1.44
lack	-0.52	0.85
walk	-0.52	0.99
votes	-0.52	0.98
survival	-0.52	0.70
cut	-0.52	0.93
editing	-0.52	0.80
drag	-0.52	1.09
clicked	-0.52	1.22
brains	-0.52	1.04
wonder	-0.52	2.25
fortunately	-0.52	0.84
downvote	-0.51	0.90
environment	-0.51	1.13
llaugh	-0.51	1.10
flesh	-0.51	0.78
disappear	-0.51	1.26
fine	-0.51	2.79
needed	-0.51	1.69
touched	-0.51	1.16
both	-0.51	2.03
research	-0.51	0.89
planes	-0.51	1.02
holding	-0.51	0.94
tad	-0.51	1.38
please	-0.51	1.21
areas	-0.51	1.03
sometime	-0.51	1.59
remove	-0.51	1.11
walked	-0.51	0.90
quiet	-0.51	1.46
nigga	-0.51	0.89
discuss	-0.51	1.22
thus	-0.51	0.90
step	-0.50	1.05
commit	-0.50	0.95
dig	-0.50	0.77
mountain	-0.50	0.94
sarcastic	-0.50	1.03
bend	-0.50	0.92
stable	-0.50	0.98
location	-0.50	0.96
refuse	-0.50	0.94
interest	-0.50	0.97
derpyshrug	-0.50	1.13
signs	-0.50	0.78
terms	-0.50	0.82
use	-0.50	1.52
sounding	-0.49	1.03
economy	-0.49	0.68
shortly	-0.49	1.26
audience	-0.49	0.77
titan	-0.49	0.66
aggressive	-0.49	1.56
island	-0.49	1.04
involves	-0.49	0.92
dashiefacehoof	-0.49	1.04
allow	-0.49	1.16
compared	-0.49	1.25
yeah	-0.49	2.64
shadows	-0.49	0.85
decade	-0.49	1.19
confirmed	-0.49	0.82
very	-0.49	1.55
drinks	-0.49	0.91
bjsearch	-0.49	0.72
brutal	-0.48	2.02
bags	-0.48	0.98
proof	-0.48	1.13
behind	-0.48	1.04
basement	-0.48	0.90
people	-0.48	1.74
hitting	-0.48	0.99
comes	-0.48	1.49
easily	-0.48	1.60
shorter	-0.48	1.05
nose	-0.48	0.99
bullshit	-0.48	1.07
till	-0.48	1.21
passed	-0.48	0.92
wifi	-0.48	0.80
apart	-0.48	1.11
female	-0.48	1.03
sbbook	-0.48	0.88
process	-0.48	1.00
ajshrug	-0.48	1.19
ahead	-0.48	1.32
sat	-0.47	1.03
helping	-0.47	1.38
conversations	-0.47	1.03
given	-0.47	1.73
must	-0.47	1.18
includes	-0.47	0.67
cross	-0.47	1.09
suggest	-0.47	1.23
trigger	-0.47	0.81
mfw	-0.47	0.92
toward	-0.47	1.11
meanwhile	-0.47	0.85
elsewhere	-0.47	0.86
somewhere	-0.47	1.61
hanging	-0.47	1.17
hard	-0.46	1.42
succeed	-0.46	1.63
wherever	-0.46	1.40
travel	-0.46	1.09
soda	-0.46	0.98
understood	-0.46	1.19
attempting	-0.46	0.85
mission	-0.46	0.63
dis	-0.46	1.03
bottle	-0.46	0.90
spawn	-0.46	0.60
enemy	-0.46	0.68
speed	-0.46	1.03
hole	-0.46	0.79
shitpost	-0.46	0.90
women	-0.46	0.88
heavily	-0.46	0.90
falling	-0.45	1.00
fruit	-0.45	1.06
bastard	-0.45	1.00
honest	-0.45	2.30
ppfrown	-0.45	0.66
comparison	-0.45	0.80
experienced	-0.45	1.09
legally	-0.45	0.98
flutterdoubt	-0.45	0.88
identity	-0.45	0.92
behavior	-0.45	1.01
total	-0.45	1.03
tomorrow	-0.45	1.29
occasionally	-0.45	0.92
alarm	-0.44	1.15
oc	-0.44	1.08
shift	-0.44	1.09
riot	-0.44	0.58
fall	-0.44	1.18
foals	-0.44	0.80
aj23	-0.44	0.86
usual	-0.44	1.36
held	-0.44	0.79
ive	-0.44	1.23
forgetting	-0.44	1.10
rest	-0.44	1.51
chunk	-0.44	0.82
essentially	-0.44	0.85
place	-0.44	1.72
stated	-0.44	1.65
conditions	-0.44	0.92
everybody	-0.43	2.76
are	-0.43	1.69
business	-0.43	1.02
birth	-0.43	0.83
financial	-0.43	0.96
cheating	-0.43	0.84
silence	-0.43	1.15
separate	-0.43	1.25
capable	-0.43	1.24
slap	-0.43	0.87
concern	-0.43	1.13
foot	-0.43	0.87
sexuality	-0.43	0.95
shipped	-0.43	1.16
rdweep	-0.42	1.23
sticking	-0.42	1.22
saturday	-0.42	1.21
thoroughly	-0.42	0.91
dump	-0.42	0.83
definitely	-0.42	2.50
run	-0.42	1.13
lyrashrug	-0.42	1.01
enough	-0.42	2.15
frustrating	-0.42	2.13
glass	-0.42	0.91
zecorahood	-0.42	1.25
gender	-0.41	0.92
requires	-0.41	0.76
insurance	-0.41	0.84
asian	-0.41	0.85
iamafillyandwhatisthis	-0.41	0.99
wait	-0.41	1.64
drank	-0.41	0.94
steps	-0.41	0.86
boop	-0.41	0.91
onto	-0.41	0.99
art	-0.41	0.95
atm	-0.41	1.11
gets	-0.41	1.63
pretend	-0.41	1.43
shrug	-0.41	0.91
dew	-0.41	0.90
mixed	-0.40	0.87
phase	-0.40	0.82
direction	-0.40	1.15
chair	-0.40	1.02
boom	-0.40	0.93
fluttershh	-0.40	0.97
peoples	-0.40	0.88
helps	-0.40	1.24
lay	-0.40	1.06
particularly	-0.40	1.45
ship	-0.40	2.64
and/or	-0.40	0.83
digging	-0.40	0.96
scientist	-0.40	1.09
ehh	-0.39	0.97
confusing	-0.39	1.40
punch	-0.39	1.04
block	-0.39	1.01
corner	-0.39	1.01
hitler	-0.39	0.78
lunch	-0.39	0.92
takes	-0.39	1.20
side	-0.39	1.34
lose	-0.39	1.40
kinda	-0.39	1.74
connection	-0.39	0.89
becoming	-0.39	1.24
ama	-0.39	1.50
cups	-0.38	0.87
derpypanic	-0.38	1.16
downvoted	-0.38	0.95
world	-0.38	1.24
crime	-0.38	0.69
disshrug	-0.38	0.89
became	-0.38	1.25
drawn	-0.38	1.00
ppthismuch	-0.38	0.88
coke	-0.38	0.90
participate	-0.38	1.37
region	-0.38	0.93
lasts	-0.38	1.23
horror	-0.38	0.84
nearly	-0.38	1.21
sunday	-0.38	1.20
against	-0.38	0.93
after	-0.37	1.32
escape	-0.37	1.08
photos	-0.37	0.77
cereal	-0.37	0.80
motherfucker	-0.37	0.78
leading	-0.37	0.76
control	-0.37	1.05
op	-0.37	1.14
ns12	-0.37	0.95
lol	-0.37	0.96
hour	-0.37	1.23
blowing	-0.37	0.82
ton	-0.37	1.02
building	-0.37	0.79
walls	-0.37	0.93
minds	-0.37	1.11
goddamn	-0.37	1.52
nap	-0.37	1.30
tiadisapproval	-0.36	0.68
perhaps	-0.36	1.58
hours	-0.36	1.22
blog	-0.36	0.82
slip	-0.36	0.98
recommended	-0.36	0.84
pm	-0.36	1.12
finishing	-0.36	1.03
taviworry	-0.36	1.44
relationship	-0.36	0.91
he	-0.36	1.82
actions	-0.36	1.23
flow	-0.36	1.00
voting	-0.36	0.97
iron	-0.36	1.36
acquire	-0.36	1.02
toast	-0.36	0.79
ajbigeye	-0.36	0.82
dont	-0.36	1.49
mess	-0.36	1.42
wipe	-0.36	0.81
noises	-0.36	1.24
personal	-0.36	1.22
guessed	-0.36	1.45
headphones	-0.36	0.84
ppgrump	-0.36	1.03
loose	-0.36	0.78
inside	-0.35	0.95
starts	-0.35	1.07
aliens	-0.35	0.74
ago	-0.35	1.38
ground	-0.35	1.02
former	-0.35	0.80
soccer	-0.35	0.68
at	-0.35	1.90
invite	-0.35	1.08
manner	-0.35	1.38
sticks	-0.35	0.68
meet	-0.35	1.59
aside	-0.35	0.93
called	-0.35	1.31
human	-0.35	0.94
equal	-0.35	0.99
girls	-0.35	0.80
bowl	-0.35	0.90
expecting	-0.34	1.03
money	-0.34	1.04
cringe	-0.34	1.08
credits	-0.34	1.00
points	-0.34	0.80
cost	-0.34	0.99
bunch	-0.34	1.17
staff	-0.34	0.78
est	-0.34	1.06
dashiecunning	-0.34	0.92
appear	-0.34	1.24
court	-0.34	1.10
saved	-0.34	1.03
plz	-0.34	0.98
tiashrug	-0.34	0.88
surely	-0.34	0.85
experience	-0.34	1.38
cmc	-0.34	3.11
syrup	-0.34	0.80
professional	-0.34	1.07
biased	-0.33	2.37
drove	-0.33	0.88
bone	-0.33	0.84
check	-0.33	1.41
fake	-0.33	0.86
unrelated	-0.33	1.07
legal	-0.33	0.88
endless	-0.33	0.62
seriouslyunamused	-0.33	0.70
graphic	-0.33	0.71
taught	-0.33	1.22
chat	-0.33	1.09
beaten	-0.33	0.68
largest	-0.33	1.20
hire	-0.33	1.49
posting	-0.33	1.24
plenty	-0.33	1.18
communication	-0.33	1.12
took	-0.33	1.26
grow	-0.33	1.10
huge	-0.33	0.91
under	-0.33	1.05
recent	-0.33	1.21
devil	-0.33	0.82
experiences	-0.33	1.05
rub	-0.33	0.83
vsheh	-0.33	1.06
protect	-0.33	0.90
fond	-0.32	0.82
ghost	-0.32	0.65
share	-0.32	1.48
delete	-0.32	1.15
described	-0.32	1.24
hunt	-0.32	0.78
cops	-0.32	0.99
longest	-0.32	1.23
pure	-0.32	0.85
trained	-0.32	0.88
weeks	-0.32	1.36
those	-0.32	1.38
thursday	-0.32	1.17
decision	-0.32	1.41
remembered	-0.32	1.51
regularly	-0.32	1.03
celestfly	-0.32	0.66
monk	-0.32	1.68
backwards	-0.32	1.16
focus	-0.31	0.93
shooting	-0.31	0.74
lil	-0.31	0.86
gain	-0.31	0.81
cash	-0.31	0.86
still	-0.31	2.41
reached	-0.31	0.92
possibility	-0.31	0.84
often	-0.31	1.35
romantic	-0.31	0.87
senior	-0.31	0.87
describe	-0.31	1.15
cleaning	-0.31	1.01
nowadays	-0.31	0.93
rent	-0.31	0.88
lunahorror	-0.31	1.13
lurking	-0.31	1.21
learned	-0.31	1.30
upvote	-0.31	0.95
weekly	-0.31	0.86
manspike	-0.31	0.80
alt	-0.31	0.76
these	-0.31	1.28
insult	-0.30	0.65
shots	-0.30	0.75
laughing	-0.30	1.34
activity	-0.30	0.92
adults	-0.30	0.69
madness	-0.30	0.78
young	-0.30	0.79
sent	-0.30	1.06
property	-0.30	0.80
seem	-0.30	1.88
innocent	-0.30	0.92
responses	-0.30	0.90
doc	-0.30	0.81
well	-0.30	2.54
adult	-0.30	0.83
twin	-0.30	1.00
until	-0.30	1.29
many	-0.30	1.25
hearing	-0.30	1.17
next	-0.30	1.24
allowing	-0.30	1.12
stick	-0.30	1.08
himself	-0.30	1.17
shoot	-0.30	0.81
curious	-0.29	1.81
dashdead	-0.29	1.37
population	-0.29	1.03
adding	-0.29	1.22
interact	-0.29	1.65
portion	-0.29	1.02
pone	-0.29	3.21
identify	-0.29	1.04
opinions	-0.29	1.35
skip	-0.29	1.16
preference	-0.29	0.99
opinion	-0.29	1.91
answered	-0.29	1.40
girl	-0.29	1.08
moves	-0.28	0.76
tiny	-0.28	0.86
destiny	-0.28	0.98
remains	-0.28	0.74
feet	-0.28	0.95
chaos00	-0.28	0.82
queenshrug	-0.28	0.93
crazytwi	-0.28	0.74
orgy	-0.28	0.75
years	-0.28	1.21
maps	-0.28	0.80
gives	-0.28	1.68
interests	-0.28	0.90
lem	-0.28	0.87
turning	-0.28	1.14
whose	-0.28	0.78
fairly	-0.28	1.50
desk	-0.28	1.00
poison	-0.28	0.81
ammo	-0.28	0.77
tongue	-0.28	0.87
ending	-0.27	2.26
customer	-0.27	1.01
spare	-0.27	0.96
expensive	-0.27	1.46
reply	-0.27	1.08
initially	-0.27	1.18
ones	-0.27	1.53
bones	-0.27	0.82
cage	-0.27	0.92
suspicious	-0.27	1.48
eating	-0.27	0.86
purely	-0.27	0.82
imma	-0.27	0.92
hopes	-0.27	1.08
desire	-0.27	0.77
abandoned	-0.27	0.87
mistakes	-0.27	1.31
miles	-0.27	1.06
exercise	-0.27	0.76
upvoted	-0.27	0.87
creator	-0.27	0.71
rdwut	-0.27	0.76
becomes	-0.27	1.03
switching	-0.27	1.11
redacted	-0.26	0.95
floor	-0.26	1.01
plastic	-0.26	0.91
paid	-0.26	0.92
stay	-0.26	1.68
budget	-0.26	0.81
crush	-0.26	0.86
past	-0.26	1.30
limit	-0.26	0.85
slightly	-0.26	1.15
days	-0.26	1.26
kinds	-0.26	1.09
pounds	-0.25	1.02
touch	-0.25	1.15
alert	-0.25	0.77
catching	-0.25	1.12
incident	-0.25	0.88
reaction	-0.25	1.11
closet	-0.25	0.89
roof	-0.25	0.95
associated	-0.25	0.83
ferrarity	-0.25	0.91
foods	-0.25	0.84
waifus	-0.25	0.96
seconds	-0.25	1.25
most	-0.25	1.39
couch	-0.25	1.15
walking	-0.25	0.89
thread	-0.25	1.14
views	-0.25	1.08
paying	-0.25	1.03
exists	-0.25	1.34
counts	-0.25	0.87
context	-0.25	1.53
rose4	-0.25	0.83
hammer	-0.25	0.91
smaller	-0.25	1.02
non	-0.25	0.99
dr	-0.25	1.02
permission	-0.25	1.14
humor	-0.24	0.89
fill	-0.24	0.79
relative	-0.24	0.96
match	-0.24	0.67
per	-0.24	1.24
changing	-0.24	1.17
limits	-0.24	0.82
daily	-0.24	0.89
monday	-0.24	1.13
minute	-0.24	1.14
showing	-0.24	1.09
xd	-0.24	1.03
impact	-0.24	0.92
suggested	-0.24	0.87
rooms	-0.23	0.83
ajbaffle	-0.23	0.71
net	-0.23	0.75
international	-0.23	0.93
tl	-0.23	0.92
testing	-0.23	0.93
day	-0.23	1.28
table	-0.23	1.02
canadian	-0.23	0.74
poke	-0.23	0.98
jumping	-0.23	0.90
times	-0.23	1.24
carry	-0.23	0.86
hmph	-0.23	0.81
since	-0.23	1.45
within	-0.23	1.21
boat	-0.23	1.14
argue	-0.23	1.81
queue	-0.22	0.95
teams	-0.22	0.68
dorm	-0.22	0.95
inches	-0.22	1.02
half	-0.22	1.21
filled	-0.22	0.79
technically	-0.22	1.62
multiple	-0.22	1.18
pointing	-0.22	1.51
lasted	-0.22	1.25
pool	-0.22	0.84
order	-0.22	1.17
dang	-0.22	1.81
defense	-0.22	0.71
moral	-0.22	0.89
homework	-0.22	1.04
bug	-0.22	0.77
engineer	-0.22	0.86
mass	-0.22	0.77
germany	-0.22	0.74
wall	-0.22	1.03
studying	-0.22	1.14
months	-0.22	1.26
senpai	-0.22	1.11
their	-0.22	1.17
tsstare	-0.22	0.86
flat	-0.21	1.09
dave	-0.21	0.69
fixing	-0.21	1.05
posts	-0.21	1.00
volume	-0.21	0.84
rhyme	-0.21	0.88
dashieblushing	-0.21	1.03
closer	-0.21	1.10
doodoodooluna	-0.21	0.90
aware	-0.21	2.36
seriouslyjuice	-0.21	0.92
impossible	-0.21	1.01
sword	-0.21	0.73
threads	-0.21	0.99
spam	-0.21	0.98
range	-0.21	0.74
door	-0.21	0.93
breakfast	-0.21	0.83
guessing	-0.21	1.26
etc	-0.21	0.88
further	-0.21	1.17
including	-0.21	1.07
browsing	-0.20	1.01
last	-0.20	1.25
cleaned	-0.20	0.97
trend	-0.20	0.80
level	-0.20	0.87
week	-0.20	1.20
mile	-0.20	0.97
developed	-0.20	0.86
faces	-0.20	0.78
sugar	-0.20	0.82
inbox	-0.20	1.14
dtlaugh	-0.20	0.91
chuck	-0.20	0.81
signed	-0.20	1.10
ball	-0.20	0.68
convert	-0.20	1.15
false	-0.20	1.07
offered	-0.20	0.98
box	-0.20	0.96
laws	-0.20	0.87
driving	-0.19	0.96
photo	-0.19	1.39
skeleton	-0.19	0.78
detail	-0.19	1.00
pay	-0.19	0.91
pot	-0.19	0.88
comment	-0.19	1.14
damnit	-0.19	1.09
nicer	-0.19	0.98
giant	-0.19	0.77
police	-0.19	0.87
outta	-0.19	0.84
fandom	-0.19	0.86
team	-0.19	0.66
matches	-0.19	0.86
label	-0.19	0.76
dinner	-0.19	0.92
target	-0.19	0.82
maintain	-0.19	0.93
dollars	-0.19	1.00
affected	-0.19	0.86
test	-0.19	0.98
wednesday	-0.19	1.13
religion	-0.19	1.00
third	-0.19	1.68
cases	-0.19	1.02
sweat	-0.19	1.35
combined	-0.19	0.88
dozen	-0.19	1.20
high	-0.18	0.80
username	-0.18	1.24
drew	-0.18	0.92
row	-0.18	1.22
instant	-0.18	0.67
fshmmm	-0.18	1.30
costs	-0.18	0.90
deleted	-0.18	1.05
digital	-0.18	0.75
parking	-0.18	0.85
alternate	-0.18	0.82
involving	-0.18	0.89
steal	-0.18	0.92
brings	-0.18	0.95
minutes	-0.18	1.22
driver	-0.18	0.84
painting	-0.18	1.00
several	-0.18	1.14
sheet	-0.18	0.88
thatsnothowyouspellpinkiepie	-0.18	0.79
switch	-0.18	1.19
two	-0.18	1.28
lurk	-0.18	1.01
other	-0.18	1.34
alternative	-0.18	1.09
nonsense	-0.18	0.83
completed	-0.18	0.83
send	-0.18	1.20
opportunity	-0.18	1.19
ppscared	-0.18	1.04
chats	-0.17	0.98
stalking	-0.17	1.01
energy	-0.17	0.83
month	-0.17	1.25
tough	-0.17	1.23
built	-0.17	0.88
penis	-0.17	0.89
larger	-0.17	1.06
types	-0.17	1.08
politics	-0.17	1.00
hundred	-0.17	1.15
reasons	-0.17	1.68
movement	-0.17	0.79
achieve	-0.17	1.10
agree	-0.17	3.12
trick	-0.17	0.99
curve	-0.17	0.81
cooking	-0.17	0.87
fast	-0.17	1.29
confidence	-0.17	0.90
sbeyeroll	-0.17	0.70
passing	-0.17	0.88
post	-0.17	1.13
baka	-0.17	0.72
robot	-0.17	0.74
elaborate	-0.17	1.13
runs	-0.17	1.22
elementary	-0.17	0.79
income	-0.16	0.86
access	-0.16	0.89
rate	-0.16	0.86
beating	-0.16	0.85
submitted	-0.16	1.07
dun	-0.16	1.00
different	-0.16	1.40
set	-0.16	1.11
influence	-0.16	0.92
standards	-0.16	0.91
whoever	-0.16	1.25
newer	-0.16	0.95
hotel	-0.16	1.03
bucks	-0.16	1.02
highest	-0.15	1.05
storage	-0.15	0.76
milk	-0.15	0.85
full	-0.15	0.87
isnt	-0.15	0.93
price	-0.15	0.76
snake	-0.15	0.74
enjoying	-0.15	1.07
min	-0.15	1.01
amount	-0.15	0.84
accident	-0.15	0.82
effects	-0.15	0.81
tax	-0.15	0.81
benefits	-0.15	0.81
fights	-0.15	0.71
sex	-0.15	0.81
laughed	-0.15	1.01
boys	-0.15	0.72
edit	-0.15	1.19
realizing	-0.15	1.01
hill	-0.15	0.88
quickly	-0.15	1.44
length	-0.15	0.88
tbh	-0.15	0.95
above	-0.15	1.09
fool	-0.15	0.86
3h	-0.15	1.16
birds	-0.15	0.89
attention	-0.14	1.24
deeper	-0.14	0.91
stops	-0.14	1.00
owe	-0.14	1.19
scores	-0.14	0.86
thousand	-0.14	1.12
minor	-0.14	1.01
ajbrow	-0.14	0.91
topics	-0.14	1.06
lock	-0.14	0.85
c'mon	-0.14	1.19
mechanical	-0.14	0.90
twenty	-0.14	1.20
silent	-0.14	0.78
ahem	-0.14	0.81
spaghetti	-0.14	0.78
ppboring	-0.14	1.06
unknown	-0.14	0.77
session	-0.14	0.83
crew	-0.14	0.97
places	-0.13	1.32
manly	-0.13	1.03
sane	-0.13	1.18
average	-0.13	0.91
frame	-0.13	0.77
2-3	-0.13	1.17
basis	-0.13	0.91
couple	-0.13	1.22
apply	-0.13	1.06
yea	-0.13	0.94
introduce	-0.13	1.04
standard	-0.13	0.89
noise	-0.13	1.02
tagging	-0.13	0.88
thankfully	-0.13	0.99
blocks	-0.13	0.78
tape	-0.13	0.83
stolen	-0.13	0.80
tab	-0.13	0.99
policy	-0.13	0.86
hide	-0.13	0.92
ties	-0.13	0.73
changes	-0.13	1.05
tons	-0.13	1.02
idk	-0.13	1.03
lick	-0.13	0.74
privilege	-0.13	0.67
field	-0.13	0.81
apartment	-0.13	0.92
member	-0.12	0.99
300	-0.12	0.88
better	-0.12	1.47
vector	-0.12	0.99
plays	-0.12	1.54
tall	-0.12	1.00
hall	-0.12	0.89
boot	-0.12	0.95
aj06	-0.12	0.92
improve	-0.12	1.01
contact	-0.12	1.07
ate	-0.12	0.86
finished	-0.12	0.97
eight	-0.12	1.16
reset	-0.12	0.89
few	-0.12	1.22
definition	-0.12	1.51
faith	-0.12	0.83
lower	-0.12	0.80
1k	-0.12	0.84
marriage	-0.12	1.08
teachers	-0.12	0.87
tag	-0.12	1.06
earn	-0.12	0.94
gladly	-0.12	1.13
century	-0.12	1.14
therefore	-0.12	1.20
breaking	-0.12	0.85
led	-0.12	1.01
joined	-0.12	0.93
searching	-0.11	1.16
knife	-0.11	0.84
cheat	-0.11	1.04
lift	-0.11	0.86
artistic	-0.11	0.80
offensive	-0.11	1.09
civil	-0.11	0.81
buying	-0.11	1.15
sur15	-0.11	0.87
aid	-0.11	0.89
fought	-0.11	0.79
general	-0.11	0.93
filling	-0.11	0.94
crack	-0.11	0.70
lyou	-0.11	1.00
submit	-0.11	1.00
amounts	-0.11	0.81
dashiescared	-0.11	1.04
finals	-0.11	1.03
four	-0.11	1.20
memories	-0.11	0.89
hasbro	-0.11	1.00
age	-0.11	0.85
competitive	-0.10	0.59
frequently	-0.10	0.90
checked	-0.10	1.23
names	-0.10	1.00
low	-0.10	0.80
shit	-0.10	1.15
assignment	-0.10	0.96
three	-0.10	1.20
system	-0.10	0.96
porn	-0.10	0.92
garage	-0.10	0.88
didnt	-0.10	1.16
messages	-0.10	1.08
gun	-0.10	0.77
request	-0.10	0.96
five	-0.10	1.20
though	-0.10	2.23
raid	-0.10	0.75
million	-0.10	1.08
password	-0.10	0.93
bathroom	-0.10	0.95
properly	-0.10	1.65
boss	-0.10	0.73
product	-0.10	0.78
advantage	-0.10	0.87
whom	-0.10	0.97
younger	-0.10	0.85
remembering	-0.10	1.20
zero	-0.10	0.70
quarter	-0.09	1.27
cell	-0.09	0.74
confusedtwilicorn	-0.09	0.92
storm	-0.09	1.02
humanity	-0.09	0.83
wash	-0.09	0.91
window	-0.09	0.94
sorta	-0.09	1.15
karma	-0.09	0.88
an	-0.09	1.08
career	-0.09	0.99
accepted	-0.09	0.89
contain	-0.09	1.01
connected	-0.09	0.74
grass	-0.09	0.81
college	-0.09	0.93
port	-0.09	0.75
halfway	-0.09	0.98
river	-0.09	0.87
higher	-0.09	0.82
hearthstone	-0.08	0.73
heavy	-0.08	1.00
handed	-0.08	0.82
instantly	-0.08	1.09
toilet	-0.08	0.89
diet	-0.08	0.92
wing	-0.08	1.37
distance	-0.08	1.00
reactions	-0.08	1.00
dragons	-0.08	0.80
fate	-0.08	0.72
rabbit	-0.08	0.80
highly	-0.08	0.94
switched	-0.08	1.02
finish	-0.08	1.18
government	-0.08	0.85
rule	-0.08	1.25
political	-0.08	0.89
events	-0.08	1.22
accidentally	-0.08	1.12
tuesday	-0.08	1.13
mature	-0.08	0.84
planet	-0.08	0.93
bugs	-0.08	0.84
plounge	-0.07	1.04
normal	-0.07	1.24
decent	-0.07	1.02
forms	-0.07	0.80
nothin	-0.07	1.12
student	-0.07	0.90
buttons	-0.07	0.97
old	-0.07	0.85
main	-0.07	1.39
lots	-0.07	1.02
drive	-0.07	0.84
goals	-0.07	0.88
references	-0.07	0.87
fit	-0.07	1.41
hearts	-0.07	1.02
content	-0.07	0.91
closest	-0.07	0.79
repeat	-0.07	0.96
crossed	-0.07	1.42
embrace	-0.07	0.85
particular	-0.07	1.24
interaction	-0.07	0.87
via	-0.07	1.05
vsspace	-0.07	0.82
hiding	-0.07	0.86
intelligence	-0.07	0.78
bill	-0.07	0.79
vision	-0.07	0.91
beta	-0.07	0.87
aj13	-0.07	0.94
lie	-0.07	2.12
evening	-0.06	1.30
lyrawink	-0.06	0.86
street	-0.06	0.89
applied	-0.06	0.99
derp	-0.06	1.15
there	-0.06	2.20
dashthisshit	-0.06	0.71
traveling	-0.06	0.91
hay	-0.06	0.92
confident	-0.06	1.30
nuclear	-0.06	0.74
factor	-0.06	0.91
panel	-0.06	1.07
plate	-0.06	0.80
whoops	-0.06	1.25
increase	-0.06	0.79
perform	-0.06	0.88
married	-0.06	0.92
tsawkward	-0.06	1.09
town	-0.06	1.00
maths	-0.06	0.97
center	-0.06	0.93
results	-0.05	1.18
teach	-0.05	1.18
era	-0.05	0.82
law	-0.05	0.83
helped	-0.05	0.98
involved	-0.05	0.98
upload	-0.05	0.96
heck	-0.05	1.10
checking	-0.05	1.03
older	-0.05	0.89
camera	-0.05	0.82
lives	-0.05	1.07
concept	-0.05	0.85
fs12	-0.05	0.99
woman	-0.05	0.95
connect	-0.05	0.85
studies	-0.05	0.93
base	-0.05	0.83
inch	-0.05	0.87
liquid	-0.05	0.92
edge	-0.05	0.80
bitch	-0.05	0.90
offense	-0.05	0.95
matters	-0.05	1.12
ploungers	-0.05	1.16
randomly	-0.05	1.02
vote	-0.05	1.08
count	-0.04	1.36
grades	-0.04	0.93
road	-0.04	0.89
ip	-0.04	0.81
transfer	-0.04	0.88
seemed	-0.04	1.36
function	-0.04	1.05
explore	-0.04	0.91
gilda	-0.04	1.90
hundreds	-0.04	1.05
booze	-0.04	0.85
spoke	-0.04	1.19
quick	-0.04	1.11
section	-0.04	0.89
camp	-0.04	0.78
authority	-0.04	0.97
prior	-0.04	0.92
goes	-0.03	1.39
temporary	-0.03	1.04
takealetter	-0.03	0.82
wan	-0.03	1.43
nevermind	-0.03	1.02
selection	-0.03	0.77
group	-0.03	1.04
pit	-0.03	0.73
option	-0.03	1.66
rats	-0.03	0.76
zecorapour	-0.03	0.80
imagination	-0.03	0.85
usb	-0.03	0.75
remain	-0.03	1.10
weekend	-0.03	1.20
area	-0.03	1.05
return	-0.03	1.10
exam	-0.03	0.98
images	-0.03	0.89
fsshrug	-0.03	1.47
services	-0.03	0.82
navy	-0.03	0.91
subject	-0.03	1.01
healthy	-0.02	0.90
size	-0.02	0.88
seven	-0.02	1.16
twismile	-0.02	0.85
conflict	-0.02	0.97
ppwhatsup	-0.02	0.79
houses	-0.02	0.76
pushed	-0.02	0.83
regards	-0.02	0.73
vs	-0.02	0.51
hack	-0.02	1.04
tavismirk	-0.02	0.97
score	-0.02	0.82
graduate	-0.02	0.89
courses	-0.02	0.97
account	-0.02	0.95
scientwi	-0.02	0.93
goat	-0.02	0.75
beat	-0.02	0.95
pattern	-0.02	0.90
military	-0.02	0.85
fridge	-0.02	0.96
pace	-0.02	1.13
uni	-0.02	0.93
dc	-0.02	0.77
keys	-0.02	0.90
user	-0.02	1.01
mods	-0.02	0.97
skype	-0.01	1.04
questions	-0.01	2.05
warfare	-0.01	0.88
preferred	-0.01	1.16
pictures	-0.01	0.94
tests	-0.01	0.94
proud	-0.01	2.20
accounts	-0.01	0.96
calc	-0.01	0.98
blocked	-0.01	0.87
individual	-0.01	0.95
packs	-0.01	0.82
oops	-0.01	1.27
plounger	-0.01	1.03
log	-0.01	0.80
summon	-0.01	0.82
current	-0.01	1.12
vectors	-0.01	1.07
students	-0.01	0.91
collecting	-0.01	1.06
split	-0.01	0.80
lnotimpressed	-0.01	0.83
impression	-0.01	1.54
traditional	-0.01	1.00
pfft	-0.01	0.81
tis	-0.01	0.96
deck	-0.00	0.75
rdtsundere	-0.00	0.76
majority	-0.00	0.87
devices	-0.00	0.86
requests	-0.00	0.91
systems	-0.00	0.82
hoof	-0.00	1.06
smoke	-0.00	0.80
projects	-0.00	0.91
links	-0.00	1.03
gas	-0.00	0.81
buildings	0.00	0.82
teehee	0.00	0.81
abhuh	0.00	1.12
sticky	0.00	0.80
neither	0.00	1.12
souls	0.00	0.66
bronies	0.00	0.87
ap	0.00	1.01
angel	0.00	0.69
rekt	0.00	0.89
house	0.00	0.92
messy	0.00	1.40
blade	0.00	0.80
holes	0.00	0.70
fallen	0.00	0.84
xcom	0.01	0.68
linked	0.01	0.97
cover	0.01	0.73
trapped	0.01	1.01
dust	0.01	1.38
dirt	0.01	0.75
forum	0.01	1.00
build	0.01	0.86
army	0.01	0.79
ass	0.01	0.92
raritywut	0.01	0.78
various	0.01	1.05
based	0.01	1.01
education	0.01	0.86
internet	0.01	0.89
derpserver	0.01	0.78
board	0.01	0.81
response	0.01	1.53
medium	0.01	0.81
sfw	0.01	1.11
guns	0.01	0.76
carefully	0.02	0.98
silly	0.02	1.71
ten	0.02	1.14
machines	0.02	0.84
jobs	0.02	1.02
crowd	0.02	0.86
ability	0.02	0.89
approach	0.02	0.88
included	0.02	0.99
scene	0.02	0.94
occasional	0.02	0.90
bag	0.02	1.36
engineering	0.02	0.89
growing	0.02	0.88
between	0.02	1.14
school	0.02	0.87
name	0.02	1.26
irl	0.02	0.88
practicing	0.02	0.99
chatting	0.02	1.33
twisquint	0.02	0.73
link	0.02	0.98
lb14	0.02	0.91
comments	0.02	1.00
halp	0.02	1.00
dota	0.03	0.62
companies	0.03	0.83
laugh	0.03	1.09
aj10	0.03	0.92
his	0.03	1.03
partner	0.03	0.86
friday	0.03	1.12
food	0.03	0.85
cutevinyl	0.03	1.01
chemistry	0.03	0.97
depending	0.03	0.97
bridge	0.03	0.88
nor	0.03	1.42
2e-i	0.03	1.03
winning	0.03	0.64
spread	0.03	0.82
aj08	0.03	0.77
class	0.03	0.96
classes	0.03	0.96
cars	0.03	0.89
exams	0.03	0.96
pinkiestare	0.03	0.71
vsconcerned	0.03	0.91
grade	0.03	1.38
claim	0.03	1.25
junk	0.03	0.77
babies	0.03	0.78
friend	0.03	1.23
ocean	0.03	0.84
downloaded	0.03	0.96
meaning	0.03	1.47
private	0.03	0.86
study	0.04	0.97
nasa	0.04	0.80
stage	0.04	0.97
bot	0.04	1.05
address	0.04	0.96
psychology	0.04	0.91
waifu	0.04	0.97
rarshrug	0.04	1.21
legends	0.04	0.64
listed	0.04	1.16
press	0.04	1.05
bat	0.04	1.06
discover	0.04	0.79
derpoops	0.04	1.12
message	0.04	1.05
email	0.04	0.95
breath	0.04	0.78
twismug	0.04	0.94
calculus	0.04	1.00
lab	0.04	0.82
paper	0.04	0.79
debt	0.04	0.87
subjects	0.04	1.06
yard	0.04	0.81
sorts	0.04	1.02
facebook	0.04	0.93
although	0.04	1.98
ways	0.04	1.26
semester	0.04	0.94
winkiepie	0.04	0.80
argument	0.04	1.66
meal	0.04	0.80
frequent	0.05	1.02
gaming	0.05	0.73
rp	0.05	0.83
license	0.05	0.87
objects	0.05	0.94
sniper	0.05	0.87
eat	0.05	0.76
machine	0.05	0.87
campus	0.05	0.85
sombra	0.05	2.12
click	0.05	1.04
2b	0.05	0.77
schools	0.05	0.89
reference	0.05	1.02
arts	0.05	0.69
chart	0.05	0.73
requested	0.05	0.96
2g	0.05	0.72
sports	0.05	0.62
resolution	0.05	0.80
interview	0.05	1.10
directly	0.05	1.10
unit	0.05	0.79
stone	0.05	0.76
purchase	0.05	0.85
degree	0.05	0.89
cuz	0.05	0.98
xp	0.05	0.91
de	0.05	0.84
professor	0.05	0.95
scootaplease	0.06	1.14
alicornscratch	0.06	1.16
bendover	0.06	0.93
spooky	0.06	0.78
countries	0.06	0.90
harder	0.06	1.30
aj20	0.06	0.81
celestbraces	0.06	0.80
cow	0.06	0.84
cult	0.06	0.75
favor	0.06	0.88
stole	0.06	0.88
boyfriend	0.06	1.06
page	0.06	0.93
university	0.06	0.89
sand	0.06	0.88
ill	0.06	0.89
league	0.06	0.59
gif	0.06	0.88
invited	0.06	1.07
info	0.06	0.93
security	0.06	0.89
teaching	0.06	1.03
<SPECIAL>	0.06	0.68
<URL>	0.06	0.68
management	0.06	0.85
twiright	0.07	1.01
ajlie	0.07	1.02
resume	0.07	1.01
large	0.07	0.88
files	0.07	0.86
figure	0.07	2.27
states	0.07	0.88
parent	0.07	0.81
player	0.07	0.66
replies	0.07	1.05
claims	0.07	0.98
required	0.07	0.85
fluttergetout	0.07	0.83
city	0.07	0.96
significant	0.07	0.88
visible	0.07	1.06
across	0.07	0.97
theres	0.07	0.91
respect	0.07	1.12
added	0.07	1.41
command	0.07	0.93
profile	0.07	0.98
moments	0.07	1.00
type	0.07	1.32
models	0.07	0.96
players	0.07	0.61
flavor	0.07	1.00
square	0.07	0.87
watches	0.07	2.43
nine	0.07	1.01
everyday	0.07	0.91
fourth	0.07	1.49
search	0.07	1.05
gym	0.08	0.86
pancakes	0.08	0.79
teacher	0.08	0.93
submissions	0.08	1.04
period	0.08	0.96
moved	0.08	0.96
units	0.08	0.82
engine	0.08	0.75
dashieshrug	0.08	1.68
roughly	0.08	1.02
regarding	0.08	1.15
judging	0.08	0.94
ups	0.08	0.77
network	0.08	0.80
cs	0.08	0.76
sets	0.08	0.86
wikipedia	0.08	0.94
website	0.08	0.89
voices	0.08	0.88
ai	0.08	1.07
lets	0.08	0.88
twipride	0.08	0.66
seat	0.08	0.96
weapons	0.08	0.82
makes	0.08	1.47
deviantart	0.08	0.87
menu	0.08	0.91
meeting	0.09	0.92
dashieheythere	0.09	0.82
keyboard	0.09	0.84
twicrazy	0.09	0.82
pen	0.09	0.81
screenshot	0.09	1.01
raise	0.09	0.96
breaks	0.09	0.87
history	0.09	0.88
1/2	0.09	0.92
graduated	0.09	0.91
customers	0.09	0.99
papers	0.09	0.73
ancient	0.09	0.75
upgrade	0.09	0.88
media	0.09	0.76
dice	0.09	0.70
hence	0.09	0.79
positive	0.09	1.02
twitter	0.09	0.89
taco	0.09	0.84
snap	0.09	0.88
servers	0.09	0.70
nerd	0.09	0.84
company	0.09	0.88
space	0.09	1.04
ksp	0.09	0.70
phone	0.09	0.99
facial	0.09	0.87
officially	0.09	0.90
middle	0.10	0.90
stuff	0.10	1.68
previously	0.10	0.92
related	0.10	1.26
join	0.10	1.09
event	0.10	1.18
football	0.10	0.62
crash	0.10	0.81
sarcasm	0.10	0.83
tablet	0.10	0.81
pack	0.10	0.81
tech	0.10	0.78
king	0.10	1.31
memory	0.10	0.79
market	0.10	0.90
received	0.10	0.91
title	0.10	0.96
eats	0.10	0.70
tumblr	0.10	0.85
freedom	0.10	0.73
site	0.10	0.89
commander	0.10	0.92
damned	0.10	0.78
ignoring	0.10	1.59
sur03	0.10	1.25
4th	0.10	1.50
drivers	0.10	0.85
restaurant	0.10	0.89
rush	0.10	0.81
track	0.10	0.95
religious	0.10	0.94
sense	0.10	1.91
mode	0.10	0.79
chemical	0.10	0.77
sight	0.10	0.70
hockey	0.10	0.62
require	0.10	0.96
doom	0.10	0.73
pokertavi	0.10	0.74
fly	0.10	1.02
personality	0.10	0.88
among	0.11	0.88
laptop	0.11	0.81
facts	0.11	0.96
department	0.11	0.87
knowledge	0.11	0.89
r/mlplounge	0.11	1.12
abshrug	0.11	0.80
recovery	0.11	0.92
prices	0.11	0.88
alive	0.11	1.34
potential	0.11	0.85
shape	0.11	0.91
stats	0.11	0.81
discordquite	0.11	0.80
dual	0.11	0.85
revolution	0.11	0.78
math	0.11	1.06
began	0.11	0.83
downloading	0.11	0.98
borderlands	0.11	0.66
mint	0.11	0.73
wood	0.11	0.75
wahaha	0.11	1.04
creeplestia	0.11	0.96
free	0.11	1.04
wife	0.11	0.91
twiadorkable	0.11	1.05
adventureflutters	0.12	1.17
visit	0.12	1.04
host	0.12	0.82
imgur	0.12	0.90
fails	0.12	0.94
replacement	0.12	1.03
greater	0.12	0.82
software	0.12	0.92
challenge	0.12	0.82
random	0.12	1.09
mouse	0.12	0.79
passion	0.12	1.96
subreddit	0.12	1.16
clean	0.12	1.02
state	0.12	0.91
launch	0.12	0.70
war	0.12	0.72
browse	0.13	1.03
inb4	0.13	0.89
perfectly	0.13	1.37
console	0.13	0.62
office	0.13	0.91
occasion	0.13	0.82
i.e	0.13	0.88
fire	0.13	0.85
corn	0.13	0.77
dashdoubt	0.13	0.81
continues	0.13	0.78
holds	0.13	0.66
reality	0.13	0.90
society	0.13	0.95
superior	0.13	2.08
nature	0.13	0.94
parents	0.13	1.01
shotgun	0.13	0.75
reverse	0.13	0.97
users	0.13	1.04
cadcheer	0.13	0.84
beyond	0.13	0.95
fox	0.13	0.68
bashfultwilicorn	0.13	1.10
rolls	0.13	0.75
strong	0.13	1.04
officer	0.13	0.82
russia	0.13	0.78
cities	0.13	0.90
thin	0.13	0.98
car	0.13	0.84
defeat	0.13	1.05
forces	0.13	0.97
lunashrug	0.13	1.28
phones	0.13	0.86
youre	0.13	0.68
round	0.13	0.66
sites	0.13	0.92
duh	0.13	0.83
bloody	0.13	0.79
shenanigans	0.13	0.78
satan	0.14	0.68
web	0.14	0.91
hell	0.14	1.20
beach	0.14	0.80
setup	0.14	0.84
dudes	0.14	0.82
according	0.14	0.95
tacos	0.14	0.78
appearance	0.14	0.93
live	0.14	0.99
considering	0.14	1.37
swag	0.14	0.61
r/mylittlepony	0.14	1.13
plane	0.14	1.06
goal	0.14	0.88
entertainment	0.14	0.75
followed	0.14	0.86
nearby	0.14	0.93
rig	0.14	0.86
bank	0.14	0.86
country	0.14	0.87
path	0.14	1.10
ideas	0.14	0.99
melee	0.14	0.73
laid	0.14	0.82
bus	0.15	0.86
rare	0.15	1.13
canada	0.15	0.82
skin	0.15	1.20
wiki	0.15	0.97
returned	0.15	1.02
os	0.15	1.09
rdstare	0.15	1.03
girlfriend	0.15	1.10
solved	0.15	0.85
competition	0.15	0.65
trading	0.15	0.83
instructions	0.15	0.67
monitors	0.15	0.80
laser	0.15	0.76
la	0.15	0.76
ajgetout	0.15	0.83
doors	0.15	0.87
trade	0.15	0.87
cable	0.15	0.73
hobby	0.15	0.91
ram	0.15	0.81
pencil	0.15	0.92
below	0.15	0.84
our	0.15	1.03
karaoke	0.15	0.90
hunter	0.16	0.75
produce	0.16	0.90
drops	0.16	0.98
scale	0.16	0.85
east	0.16	0.87
sang	0.16	1.29
expression	0.16	1.02
number	0.16	0.87
streams	0.16	0.76
victory	0.16	0.62
seriouslyshrug	0.16	1.05
programs	0.16	0.91
aj21	0.16	0.90
android	0.16	1.15
bar	0.16	0.90
windows	0.16	1.09
ppnervous	0.16	1.10
conclusion	0.16	1.11
eastern	0.16	0.81
break	0.16	1.20
national	0.16	0.78
celestea	0.16	0.65
stock	0.16	0.93
burgers	0.16	0.79
expectations	0.16	0.95
installed	0.16	1.17
sources	0.16	0.82
worlds	0.16	0.77
horsecock	0.16	0.83
lake	0.16	0.85
battery	0.16	0.81
bars	0.16	0.72
ubuntu	0.16	1.00
reads	0.16	1.03
eyes	0.16	1.50
pirate	0.16	1.03
year	0.17	1.07
open	0.17	0.87
beginning	0.17	1.48
lights	0.17	1.10
mall	0.17	0.88
computer	0.17	0.86
server	0.17	0.79
uk	0.17	0.83
whereas	0.17	0.85
trees	0.17	0.80
boring	0.17	1.49
personalities	0.17	0.92
terrifying	0.17	1.47
tanks	0.17	0.63
rose	0.17	1.37
wtf	0.17	0.83
sharp	0.17	0.97
maudpoker	0.17	1.01
online	0.17	0.81
ajsup	0.17	0.77
marks	0.17	1.55
allows	0.17	0.92
natural	0.17	0.80
websites	0.17	0.91
presence	0.17	0.83
app	0.17	1.13
deserves	0.18	2.04
species	0.18	0.81
dark	0.18	1.26
twiface	0.18	0.79
linux	0.18	1.04
eh	0.18	1.59
popular	0.18	1.05
plug	0.18	0.83
australia	0.18	0.81
justice	0.18	0.74
sport	0.18	0.60
afterwards	0.18	0.98
trollestia1	0.18	1.11
instance	0.18	0.82
computers	0.18	0.96
halo	0.18	0.62
se	0.18	0.95
grew	0.18	0.71
uncle	0.18	0.95
shake	0.18	0.86
reddit	0.18	1.08
mum	0.18	0.74
early	0.18	1.07
audio	0.18	0.78
closed	0.18	0.85
levels	0.18	0.81
brush	0.19	0.94
lunawink	0.19	1.05
embarrassing	0.19	1.57
gb	0.19	0.78
google	0.19	0.97
ships	0.19	1.26
philosophy	0.19	1.13
pages	0.19	0.87
derppoker	0.19	0.92
continue	0.19	1.26
alot	0.19	0.93
generation	0.19	0.80
pizza	0.19	0.86
monitor	0.19	0.76
success	0.19	0.71
slide	0.19	0.90
performance	0.19	0.75
promise	0.19	1.32
combination	0.19	1.00
pokemon	0.20	1.36
desktop	0.20	1.06
rifle	0.20	0.75
meta	0.20	0.72
supposedly	0.20	0.93
queenawesome	0.20	0.71
mod	0.20	1.09
raised	0.20	0.86
er	0.20	1.00
ppchainsaw	0.20	0.84
tournament	0.20	0.59
mostly	0.20	0.85
vanilla	0.20	0.81
lied	0.20	0.72
opposed	0.20	0.88
church	0.20	0.72
paint	0.20	1.19
bike	0.20	0.82
inner	0.20	0.95
dashpoker	0.20	0.93
ordered	0.20	0.83
european	0.20	0.77
term	0.20	1.02
especially	0.20	1.13
numbers	0.20	0.94
4chan	0.20	0.89
floating	0.20	0.83
screen	0.20	0.94
michael	0.20	0.74
hooves	0.20	1.16
roll	0.20	1.12
chrome	0.20	1.19
hunting	0.20	0.71
charge	0.20	0.84
universe	0.20	0.84
shark	0.20	0.71
install	0.20	1.12
clock	0.20	0.83
buy	0.20	1.00
tank	0.21	0.81
dashielounge	0.21	0.95
release	0.21	0.95
equipment	0.21	0.91
opened	0.21	0.66
fortress	0.21	0.70
3b	0.21	1.37
hidden	0.21	0.92
5d	0.21	0.89
fluttersmug	0.21	0.64
turkey	0.21	0.96
tf2	0.21	0.68
pilot	0.21	0.79
burger	0.21	0.80
quantum	0.21	0.89
flutterumm	0.21	0.77
wheel	0.21	0.89
status	0.21	0.85
pacific	0.21	0.71
5th	0.21	1.48
baseball	0.21	0.71
hardware	0.21	0.84
credit	0.21	0.85
numerous	0.21	0.96
chosen	0.21	0.73
playing	0.21	0.64
ireland	0.21	0.79
sized	0.21	0.88
bros	0.21	0.94
mirror	0.21	0.78
guys	0.21	1.39
orders	0.21	0.83
service	0.21	0.87
oil	0.21	0.86
pasta	0.21	0.77
commissions	0.21	0.90
china	0.21	0.80
resources	0.21	0.91
following	0.22	0.95
bots	0.22	0.79
hub	0.22	0.63
extra	0.22	0.89
tolerance	0.22	0.79
microsoft	0.22	0.79
certain	0.22	1.05
dawn	0.22	0.79
fps	0.22	0.64
rdlie	0.22	1.33
flutterstare	0.22	0.89
map	0.22	1.05
christian	0.22	0.77
truck	0.22	0.86
san	0.22	0.88
raw	0.22	0.83
methods	0.22	0.97
artthoumad	0.22	0.79
celestiamad	0.22	0.85
updated	0.22	1.07
browser	0.22	1.17
public	0.22	0.87
1v1	0.22	0.74
vast	0.23	0.84
brony	0.23	0.81
demo	0.23	0.96
mah	0.23	0.86
device	0.23	0.83
x43	0.23	0.87
gate	0.23	0.66
previous	0.23	0.91
lunabrows	0.23	0.83
multiplayer	0.23	0.65
3f	0.23	1.09
mexican	0.23	0.79
invisible	0.23	0.77
mom	0.23	1.10
win	0.23	0.65
serve	0.23	0.79
looked	0.23	1.11
update	0.23	1.08
manager	0.23	0.88
sudden	0.23	0.89
minecraft	0.23	0.68
bob	0.23	0.76
lessons	0.23	0.90
brothers	0.23	1.07
ironic	0.23	1.08
america	0.23	0.76
jersey	0.23	0.93
central	0.23	0.86
played	0.23	0.63
30day	0.23	0.99
lunahmm	0.23	1.34
pepper	0.23	0.86
fashion	0.23	0.82
hint	0.24	0.76
max	0.24	0.73
equally	0.24	0.81
5ofclubs	0.24	0.75
europe	0.24	0.81
insert	0.24	0.87
preferably	0.24	0.81
ppthink	0.24	0.93
videos	0.24	0.73
kitchen	0.24	1.19
counter	0.24	0.76
dad	0.24	1.09
application	0.24	0.87
lived	0.24	0.91
stands	0.24	0.99
cpu	0.24	0.78
knight	0.25	0.79
patience	0.25	0.95
father	0.25	0.93
york	0.25	0.92
firefox	0.25	1.16
catavia	0.25	0.88
combat	0.25	0.73
rdohyou	0.25	1.09
ppohu	0.25	0.76
learn	0.25	1.19
specific	0.25	1.07
creatures	0.25	0.72
france	0.25	0.78
seattle	0.25	0.87
understanding	0.25	0.99
route	0.25	0.79
anonymous	0.25	0.88
dollar	0.25	0.84
consoles	0.25	0.66
england	0.25	0.70
umm	0.25	0.91
uhhh	0.25	1.13
scotland	0.25	0.79
eggs	0.26	0.73
killer	0.26	0.81
twipoker	0.26	0.94
careful	0.26	1.29
marine	0.26	0.80
latest	0.26	0.92
date	0.26	1.04
role	0.26	0.90
horrifying	0.26	1.53
abpoker	0.26	0.90
boson	0.26	1.00
follow	0.26	0.98
play	0.26	0.66
lightning	0.26	1.60
news	0.26	1.08
western	0.26	0.77
raining	0.26	1.41
relatively	0.26	1.20
abilities	0.26	0.80
sing	0.26	1.04
mlplounge	0.26	1.00
japan	0.26	0.76
guy	0.26	1.22
streaming	0.26	0.75
terraria	0.27	0.69
local	0.27	0.87
twitch	0.27	0.69
delicious	0.27	0.84
north	0.27	0.86
youtube	0.27	0.74
california	0.27	0.91
weapon	0.27	0.85
plant	0.27	0.82
training	0.27	0.79
model	0.27	0.79
4b	0.27	0.81
vehicle	0.27	0.79
meetup	0.27	0.90
cousin	0.27	0.98
le	0.28	0.92
pics	0.28	0.85
400	0.28	0.95
select	0.28	0.98
naked	0.28	0.84
design	0.28	0.70
settings	0.28	1.03
rocket	0.28	0.89
skyrim	0.28	0.72
thunder	0.28	0.85
aww	0.28	1.85
dashdance	0.28	0.81
ride	0.28	0.80
twisexface	0.28	0.70
scrub	0.28	0.80
carrying	0.28	0.72
shield	0.28	0.78
legit	0.28	2.28
evidence	0.28	1.74
lawn	0.28	0.80
button	0.28	0.99
speech	0.28	0.87
cheeky	0.28	0.78
payday	0.28	0.68
nation	0.28	0.82
record	0.28	0.94
murica	0.28	0.68
dirtytwi	0.28	0.82
comedy	0.29	0.64
ultimate	0.29	0.69
existence	0.29	0.75
suits	0.29	0.81
needs	0.29	1.99
tool	0.29	0.96
bought	0.29	0.82
community	0.29	0.88
kidding	0.29	1.37
attractive	0.29	0.88
water	0.29	1.15
reminder	0.29	1.05
ppseesyou	0.29	0.87
download	0.29	1.09
eye	0.29	1.31
united	0.29	0.82
animal	0.29	0.72
neighborhood	0.29	0.88
data	0.29	0.87
responsibility	0.29	0.86
enter	0.29	1.04
entered	0.29	0.67
coast	0.29	0.88
gravity	0.29	0.69
concert	0.30	0.80
fsfascinating	0.30	0.81
skills	0.30	0.78
twiponder	0.30	1.19
dlc	0.30	0.75
shave	0.30	0.87
darn	0.30	1.13
battlefield	0.30	0.70
vaguely	0.30	0.93
dancing	0.30	1.01
sacrifice	0.30	0.70
forest	0.30	0.93
cheap	0.30	0.98
minority	0.30	0.76
suspicioustwi	0.30	0.89
badjoke	0.30	0.73
egg	0.30	0.69
1st	0.30	1.49
science	0.30	1.07
mic	0.30	0.82
critical	0.31	1.04
fedora	0.31	0.85
west	0.31	0.88
abbored	0.31	1.05
dungeon	0.31	0.74
swim	0.31	0.80
physics	0.31	1.09
heresy	0.31	0.81
ii	0.31	0.75
small	0.31	0.83
aj14	0.31	0.91
steel	0.31	0.73
accomplished	0.31	0.91
culture	0.31	0.83
fancy	0.31	0.82
cook	0.31	0.78
existing	0.31	0.91
solution	0.31	1.27
nsfw	0.31	1.31
dem	0.31	0.84
sur21	0.31	0.82
benefit	0.31	0.93
headcanon	0.31	1.06
official	0.31	0.99
brother	0.31	1.03
5i	0.31	0.84
race	0.31	1.02
portal	0.31	0.72
primary	0.31	0.98
eternal	0.31	1.03
logic	0.31	1.35
south	0.31	0.87
gta	0.31	0.71
blast	0.32	0.72
sanity	0.32	0.73
graphics	0.32	0.74
shybored	0.32	1.07
available	0.32	0.83
horses	0.32	0.90
pls	0.32	0.84
dashiesleep	0.32	1.29
que	0.32	0.82
dashheart	0.32	1.22
con	0.32	0.91
clop	0.32	1.13
disamused	0.32	0.81
shiny	0.32	1.04
northern	0.32	0.86
mexico	0.32	0.80
electric	0.32	0.81
achievement	0.32	0.72
power	0.32	0.86
sweden	0.32	0.82
darkle	0.32	1.08
grannysmith	0.33	0.81
dunno	0.33	1.68
six	0.33	1.44
recording	0.33	0.80
uh	0.33	1.43
feed	0.33	0.69
lounge	0.33	1.05
effort	0.33	1.09
feature	0.33	0.96
precious	0.33	0.61
id	0.33	0.82
trip	0.33	0.89
horn	0.33	1.37
voted	0.33	0.76
items	0.33	0.95
adds	0.33	0.89
review	0.33	0.75
candy	0.34	0.80
wolf	0.34	0.53
jack	0.34	0.87
bacon	0.34	0.76
productive	0.34	1.38
cgt12	0.34	0.86
named	0.34	1.94
secondary	0.34	1.04
fluttereyebrow	0.34	0.72
cartoons	0.34	0.66
citizen	0.34	0.89
roseshrug	0.34	0.74
seriouslynotseriousvinyl	0.34	0.71
2	0.34	0.84
cod	0.34	0.65
nowhere	0.34	0.87
retail	0.34	0.87
guide	0.34	0.64
2015	0.34	1.11
salt	0.34	0.82
genre	0.35	1.44
dotdotdot	0.35	0.65
chain	0.35	0.82
steam	0.35	0.86
animated	0.35	0.74
receive	0.35	0.89
twiteehee	0.35	0.73
aim	0.35	0.95
sister	0.35	1.03
ps4	0.35	0.67
singing	0.35	1.01
game	0.35	0.59
boxes	0.35	1.10
ipod	0.35	0.80
shall	0.35	0.87
updates	0.35	1.06
soldier	0.35	0.77
heading	0.35	1.22
6	0.35	1.01
foreign	0.35	0.88
essay	0.35	0.83
bear	0.35	0.80
fuel	0.36	0.76
shared	0.36	0.89
pc	0.36	0.70
scientific	0.36	1.10
ppdrool	0.36	0.80
object	0.36	0.91
wisdom	0.36	0.75
ur	0.36	0.82
walmart	0.36	0.93
pic	0.36	1.03
channel	0.36	0.67
southern	0.36	0.85
colgate	0.36	1.86
clone	0.36	1.13
zecorawat	0.36	0.83
fighter	0.36	0.76
fools	0.36	0.79
movie	0.36	0.91
roommate	0.36	0.94
task	0.36	0.91
pplipbite	0.36	0.76
parody	0.36	0.70
brand	0.36	0.93
cgtnews	0.36	0.82
surface	0.36	0.83
minimum	0.36	0.89
usa	0.36	0.75
reasoning	0.36	1.71
aka	0.36	1.67
duty	0.36	0.77
controller	0.37	0.65
complicated	0.37	1.46
bioshock	0.37	0.65
method	0.37	0.94
regardless	0.37	1.95
campaign	0.37	0.84
booksareawesome	0.37	0.84
collect	0.37	0.91
sub	0.37	1.31
video	0.37	0.61
born	0.37	0.89
furry	0.37	0.75
ftfy	0.37	0.79
m8	0.37	0.80
exclusive	0.37	0.68
information	0.37	1.08
mobile	0.37	1.36
sell	0.37	1.02
visiting	0.38	0.88
tear	0.38	1.09
civ	0.38	0.70
patch	0.38	0.87
tale	0.38	0.68
products	0.38	0.91
rpg	0.38	0.69
version	0.38	0.75
amazon	0.38	0.81
plus	0.38	1.26
store	0.38	0.91
cadanceohyou	0.38	0.98
development	0.38	0.74
display	0.38	0.77
pp:3	0.38	0.89
bby	0.38	1.09
versions	0.38	0.78
shoes	0.38	1.04
nazi	0.38	0.85
examples	0.38	0.93
image	0.38	0.97
skill	0.39	0.84
ms	0.39	0.73
rules	0.39	1.10
mafia	0.39	0.69
options	0.39	1.24
7	0.39	0.92
manga	0.39	0.64
covers	0.39	0.69
pad	0.39	0.93
program	0.39	0.88
tie	0.39	1.80
outside	0.39	1.31
rice	0.39	0.77
fan	0.39	1.27
filter	0.39	1.27
wave	0.39	0.76
folks	0.39	1.04
vegas	0.39	0.72
wise	0.39	0.91
falls	0.39	0.95
card	0.39	0.75
dangerous	0.39	1.31
flight	0.39	0.91
sandwich	0.39	0.75
rubber	0.39	0.80
insist	0.39	0.93
edition	0.40	0.90
cchmm	0.40	1.10
mysterious	0.40	0.57
texas	0.40	0.90
article	0.40	0.72
suggestion	0.40	0.80
da	0.40	0.79
bout	0.40	0.95
cartoon	0.40	0.77
minus	0.40	1.00
bird	0.40	0.68
muffin	0.40	0.91
satisfied	0.40	1.72
sold	0.40	0.94
pepsi	0.40	0.96
format	0.40	0.82
leaves	0.40	0.63
strength	0.40	0.69
gak	0.40	0.79
squintyjack	0.40	0.76
station	0.40	0.86
yer	0.41	0.84
suppose	0.41	1.82
everywhere	0.41	0.89
bees	0.41	0.88
lunaohyou	0.41	0.80
beast	0.41	0.73
games	0.41	0.63
pphmmm	0.41	1.33
voice	0.41	0.97
seriouslystare	0.41	0.90
pro	0.41	0.69
loads	0.41	1.00
prime	0.41	0.78
kind	0.41	1.57
initial	0.41	0.72
selling	0.42	1.06
copy	0.42	0.72
dashiewhat	0.42	0.88
wild	0.42	0.74
edited	0.42	1.19
park	0.42	0.70
aj00	0.42	0.86
picture	0.42	1.24
source	0.42	0.88
jealous	0.42	2.32
tricks	0.42	0.90
motherof	0.42	0.82
chances	0.42	0.80
ajugh	0.42	0.78
rosepoker	0.42	0.84
mini	0.42	1.73
character	0.42	0.93
loving	0.42	0.87
final	0.42	0.82
solo	0.42	0.64
bronycon	0.42	0.98
applebloomperplexity	0.43	0.94
swimming	0.43	0.78
iphone	0.43	0.94
colorado	0.43	0.91
choices	0.43	1.09
chinese	0.43	0.84
awakedash	0.43	0.98
learning	0.43	0.90
zecoraeyes	0.43	0.75
air	0.43	1.02
cutie	0.43	2.25
somepony	0.43	1.04
unfortunate	0.43	1.04
bang	0.43	0.83
john	0.43	0.74
apps	0.43	1.32
ppcute	0.43	0.76
stores	0.43	0.89
master	0.43	0.83
strangers	0.43	0.88
iirc	0.43	0.94
surprisedzecora	0.44	0.79
freezing	0.44	1.24
organized	0.44	0.96
ppnowai	0.44	0.70
cooler	0.44	0.96
disbored	0.44	0.78
assuming	0.44	2.89
abscrunchie	0.44	0.73
anyways	0.44	1.68
americanlunasalute	0.44	0.68
journey	0.44	0.77
zecoraback	0.44	0.73
cowboy	0.44	0.60
hd	0.44	0.75
studio	0.44	0.72
flittercute	0.44	0.86
lunateehee	0.44	1.04
groups	0.44	0.84
blown	0.44	0.76
tower	0.44	0.83
sea	0.44	0.75
hamntor	0.44	0.79
hmmm	0.44	1.44
subs	0.44	1.29
hobbies	0.45	0.74
xbox	0.45	0.64
gen	0.45	0.96
quest	0.45	0.84
res	0.45	1.05
pieces	0.45	0.71
civilization	0.45	0.77
include	0.45	0.86
canon	0.45	1.19
u/doctorboson	0.45	0.94
latter	0.45	0.88
battle	0.45	0.64
smart	0.45	1.03
8	0.45	0.92
eqg	0.45	1.33
august	0.45	1.08
imonfire	0.45	0.76
uhm	0.45	1.17
look	0.45	1.94
americans	0.45	0.78
entering	0.45	1.00
listening	0.45	1.04
british	0.45	0.96
designs	0.45	1.03
american	0.45	0.83
core	0.45	0.84
deny	0.45	1.24
2000	0.46	0.78
u	0.46	0.81
stare	0.46	1.01
indignantluna	0.46	0.83
romance	0.46	0.71
steak	0.46	0.79
notes	0.46	0.77
itsnotcreepy	0.46	0.87
anime	0.46	0.71
march	0.46	1.08
factory	0.46	0.95
attitude	0.46	0.79
chocolate	0.46	0.74
details	0.46	0.99
5	0.46	0.96
september	0.46	1.07
dashieinnocent	0.47	1.50
150	0.47	0.78
november	0.47	1.08
bitches	0.47	0.85
washington	0.47	0.86
bread	0.47	0.72
bee	0.47	0.98
consistent	0.47	0.82
item	0.47	0.79
drum	0.47	0.82
ppbook	0.47	0.81
fresh	0.47	0.83
belong	0.47	0.87
code	0.47	0.88
abmeh	0.47	0.97
pocket	0.47	0.96
dream	0.48	1.17
seasons	0.48	0.95
nbsp	0.48	0.83
land	0.48	0.93
ppoutofnowhere	0.48	0.96
dashiehuh	0.48	0.81
mid	0.48	0.93
folder	0.48	1.16
duck	0.48	0.68
near	0.48	1.09
derpyhappy	0.48	0.93
automatically	0.48	1.02
surprisingly	0.48	1.20
meat	0.48	0.78
tags	0.48	0.83
bagels	0.48	0.74
blind	0.48	1.48
copies	0.48	0.79
tone	0.48	0.90
dashlook2	0.48	0.78
butter	0.48	0.66
pones	0.48	1.57
important	0.48	1.91
story	0.48	0.83
programming	0.48	0.87
honey	0.48	0.66
cheekytwi	0.48	0.84
visual	0.49	0.75
course	0.49	1.72
gear	0.49	0.79
intense	0.49	1.26
during	0.49	0.93
shipping	0.49	1.40
daughter	0.49	1.13
abcute	0.49	0.85
5k	0.49	0.72
default	0.49	1.30
zebra	0.49	0.77
fscute	0.49	0.98
favorites	0.49	1.39
direct	0.49	0.78
chicken	0.49	0.78
modern	0.49	0.76
evil	0.49	1.05
dreams	0.49	0.93
wrap	0.50	0.86
chips	0.50	0.83
damn	0.50	1.02
swear	0.50	0.79
brave	0.50	0.94
angrylyra	0.50	0.68
beef	0.50	0.78
newest	0.50	0.72
cream	0.50	0.73
99	0.50	0.79
provided	0.50	0.99
dashlook	0.50	0.82
humble	0.50	0.94
action	0.50	0.72
3d	0.50	0.71
members	0.50	0.79
earth	0.50	1.26
smith	0.50	0.87
understandable	0.51	1.60
2013	0.51	1.03
common	0.51	1.04
vssrs	0.51	0.94
y'know	0.51	0.96
tattoo	0.51	0.85
hun	0.51	1.43
sur12	0.51	0.82
subreddits	0.51	1.27
equivalent	0.51	0.73
commission	0.51	1.07
crown	0.51	1.19
dashaight	0.51	0.95
changeling	0.51	1.48
wings	0.51	1.23
friends	0.51	1.18
bjmanic	0.51	0.73
ohcomeon	0.51	1.43
faggot	0.51	0.60
florida	0.51	0.92
chip	0.51	0.67
crystals	0.51	0.84
represent	0.51	1.14
lighter	0.51	1.50
expected	0.51	2.31
gary	0.52	0.68
analysis	0.52	0.98
4	0.52	0.92
shop	0.52	0.79
along	0.52	1.07
bandalo	0.52	0.86
regard	0.52	0.86
secret	0.52	0.85
triple	0.52	0.76
russian	0.52	0.90
uhh	0.52	1.30
ham	0.52	0.70
cookies	0.52	0.77
wallpaper	0.52	0.93
element	0.52	1.68
smash	0.53	0.73
1c	0.53	1.05
dance	0.53	0.95
desert	0.53	0.98
classic	0.53	0.77
shell	0.53	0.77
nintendo	0.53	0.62
braeburn	0.53	1.57
9	0.53	0.86
creative	0.53	1.05
independent	0.53	0.83
cheese	0.53	0.75
cookie	0.53	0.68
ajwink	0.53	0.73
instruments	0.53	0.79
colored	0.53	1.48
strike	0.53	0.79
cards	0.53	0.84
intelligent	0.53	1.09
yo	0.53	0.87
helmet	0.54	0.90
project	0.54	0.84
pleasure	0.54	0.84
shower	0.54	1.17
derpsrs	0.54	0.74
variety	0.54	0.85
ticket	0.54	0.83
mail	0.54	1.00
bay	0.54	0.87
fish	0.54	0.74
catchy	0.54	1.09
create	0.54	0.84
rise	0.54	0.74
appeal	0.54	0.89
ppeyeroll	0.54	0.88
overall	0.54	1.00
orange	0.54	1.55
writing	0.54	0.72
java	0.54	0.89
fried	0.54	0.75
17	0.54	0.83
lyrafonz	0.54	0.75
wot	0.54	0.75
horse	0.54	1.21
fans	0.54	0.68
dared	0.54	1.12
totes	0.55	0.98
july	0.55	1.03
regular	0.55	1.93
tickets	0.55	1.06
tom	0.55	0.82
rariderp	0.55	0.78
lyrafun	0.55	0.76
instrument	0.55	0.74
waffles	0.55	0.66
efficient	0.55	1.18
twicontemplate	0.55	1.02
strategy	0.55	0.67
twihorror	0.55	0.86
guitar	0.56	0.74
galaxy	0.56	0.78
y'all	0.56	0.96
goin	0.56	1.02
everfree	0.56	1.21
lunagazing	0.56	0.74
pronounced	0.56	1.18
appropriate	0.56	0.93
necessary	0.56	1.25
tree	0.56	0.76
sink	0.56	1.42
d19	0.56	0.97
shopping	0.56	0.79
june	0.56	1.05
face	0.56	0.89
plot	0.56	0.90
mechanics	0.56	0.75
finally	0.56	1.47
talent	0.56	0.69
equestrian	0.56	1.15
upon	0.56	0.86
dragon	0.56	0.66
bundle	0.56	0.70
extension	0.57	1.30
bass	0.57	0.75
rolling	0.57	1.01
typical	0.57	1.56
peanut	0.57	0.64
exception	0.57	0.71
file	0.57	0.92
entry	0.57	0.81
berry	0.57	1.64
marry	0.57	1.53
ppohyou	0.57	0.87
activities	0.57	0.86
stars	0.57	0.88
sum	0.57	0.88
ps2	0.57	0.64
rocks	0.57	1.13
octybelleintensifies	0.58	0.75
beans	0.58	0.78
vscuter	0.58	0.83
inspired	0.58	0.78
reviews	0.58	0.72
mountains	0.58	0.97
metro	0.58	0.68
ad	0.58	0.73
piano	0.58	0.77
intensefire	0.58	0.90
alpha	0.58	0.75
draw	0.58	1.87
nope	0.58	1.49
popcorn	0.58	0.71
load	0.58	1.04
soup	0.58	0.82
crazytwilicorn	0.58	0.62
advanced	0.58	0.91
farm	0.59	0.84
riding	0.59	1.16
support	0.59	0.99
pink	0.59	1.95
ladies	0.59	0.70
dashsocks	0.59	1.09
fonso	0.59	0.83
ye	0.59	0.81
honor	0.59	0.70
abchaos	0.59	0.77
hooked	0.59	0.81
gather	0.59	0.96
ed	0.59	0.70
guard	0.59	1.19
iv	0.59	0.72
360	0.59	0.64
lunar	0.60	0.85
jesus	0.60	1.00
ps3	0.60	0.63
mistake	0.60	1.98
zirconia	0.60	0.84
ftl	0.60	0.68
rosedrunk	0.60	0.95
chryswat	0.60	0.72
flying	0.60	1.22
hiatus	0.60	0.92
clothes	0.60	1.04
ebay	0.60	1.13
1000	0.60	0.87
dog	0.60	0.63
ponies	0.60	1.26
colours	0.60	1.88
scrunchypie	0.61	0.84
technical	0.61	0.93
frozen	0.61	0.80
leader	0.61	0.67
11	0.61	0.83
recommend	0.61	0.77
man	0.61	1.43
circle	0.61	0.92
library	0.61	0.97
ppchew	0.61	0.77
sock	0.61	0.85
clothing	0.61	0.97
y36	0.61	0.86
ponymotes	0.62	1.29
flies	0.62	0.83
disney	0.62	0.68
string	0.62	0.73
musical	0.62	0.91
french	0.62	0.90
sbevil	0.62	0.82
animals	0.62	0.71
script	0.62	0.75
season	0.62	1.22
pin	0.62	1.19
convention	0.62	0.83
fair	0.62	1.69
um	0.62	1.16
twibook	0.62	0.72
theater	0.62	0.74
chryssyjuice1	0.62	0.74
hair	0.62	1.43
chapters	0.62	0.77
fs10	0.62	0.88
backstory	0.63	1.06
vidya	0.63	0.65
indie	0.63	0.81
whats	0.63	1.01
purple	0.63	1.76
darker	0.63	1.58
nickname	0.63	0.82
sign	0.63	0.67
18	0.63	0.83
hah	0.63	0.73
heaven	0.64	0.60
disagree	0.64	1.42
boxedluna	0.64	0.93
controls	0.64	0.70
twihmm	0.64	1.07
ppgasp	0.64	0.82
ajlol	0.64	0.83
neutral	0.64	0.93
21	0.64	0.83
ppholmes	0.64	0.84
shadow	0.64	0.82
george	0.64	0.76
flag	0.64	0.93
css	0.64	1.15
white	0.64	1.54
fuzzy	0.64	0.90
flutterwink	0.64	0.96
tools	0.64	0.93
like	0.64	1.59
16	0.64	0.82
explanation	0.64	1.39
lesson	0.64	1.21
5g	0.64	0.84
ascootafresh	0.64	0.77
april	0.64	1.10
bjsmile	0.65	0.68
xx14	0.65	0.91
radio	0.65	0.83
christ	0.65	0.93
rings	0.65	0.63
glasses	0.65	1.24
hop	0.65	0.88
changelings	0.65	1.43
colorful	0.65	0.89
everypony	0.65	1.59
german	0.65	0.96
mercy	0.65	0.88
spanish	0.65	0.99
vsboring	0.65	0.89
fits	0.65	0.76
pinke	0.65	0.82
bpm	0.65	1.34
amusing	0.65	1.11
suit	0.66	0.95
dry	0.66	1.14
piece	0.66	0.79
statement	0.66	2.33
certainly	0.66	1.61
butt	0.66	0.88
harmony	0.66	1.53
massive	0.66	0.80
95	0.66	0.75
collection	0.66	1.15
3	0.66	0.90
irish	0.66	0.85
lady	0.66	0.76
snakes	0.66	0.67
13	0.66	0.83
colors	0.66	1.65
ahh	0.67	0.85
2k	0.67	0.74
wizard	0.67	0.75
spell	0.67	1.40
ppodium	0.67	0.81
cadshrug	0.67	0.65
tho	0.67	0.99
january	0.67	1.13
footer	0.68	1.46
key	0.68	1.17
contest	0.68	0.81
folk	0.68	0.84
spoken	0.68	1.31
inspiration	0.68	0.72
gud	0.68	0.92
hm	0.68	1.32
tail	0.68	1.20
stays	0.68	0.74
magic	0.68	1.08
sounded	0.68	1.24
package	0.69	0.81
poop	0.69	0.64
4j	0.69	0.73
areyounuts	0.69	0.71
3ds	0.69	0.65
mug	0.69	1.76
batman	0.69	0.69
2011	0.69	1.08
light	0.69	1.43
kiss	0.69	0.77
background	0.69	1.97
boy	0.69	0.96
chaotic	0.70	0.86
adorablelyra	0.70	0.82
intro	0.70	0.75
safety	0.70	0.94
depth	0.70	0.84
cannon	0.70	0.82
color	0.70	1.67
cons	0.70	0.94
dogs	0.70	0.70
flair	0.70	2.39
belt	0.70	0.97
pegasus	0.70	1.56
active	0.70	1.01
titles	0.70	0.67
costume	0.70	0.84
blue	0.70	1.67
rdpoker	0.71	0.86
helix	0.71	0.75
wii	0.71	0.64
show	0.71	0.82
14	0.71	0.82
choice	0.71	2.13
yellow	0.71	1.63
ours	0.71	0.94
powers	0.71	0.95
caring	0.71	0.89
gold	0.71	0.76
mark	0.71	1.69
adorajack	0.71	0.83
depends	0.71	1.49
pal	0.71	1.11
64	0.71	0.68
watching	0.71	0.84
psychiatwi	0.72	1.12
green	0.72	1.64
heroes	0.72	0.67
warning	0.72	0.72
cosplay	0.72	1.10
cutest	0.72	2.33
elements	0.72	0.98
12	0.72	0.83
classical	0.72	0.83
spin	0.72	0.97
abthis	0.72	0.78
fics	0.72	1.02
amusedlyra	0.72	0.78
rap	0.72	0.83
chapter	0.72	0.73
handy	0.72	1.12
disappoint	0.72	0.78
raritypaper	0.72	0.97
200	0.72	0.86
banana	0.72	0.79
fantasy	0.72	0.68
setting	0.72	0.77
sci-fi	0.72	0.90
languages	0.73	0.95
gray	0.73	1.64
exact	0.73	2.09
coolest	0.73	0.80
aj03	0.73	0.89
red	0.73	1.49
shows	0.73	0.76
swing	0.73	0.85
lego	0.73	0.71
hmm	0.73	1.50
opening	0.73	0.73
cupcakes	0.73	1.01
episode	0.73	1.88
4i	0.73	0.70
24	0.73	0.84
ya	0.73	1.02
rainbows	0.73	1.04
speak	0.73	1.13
belly	0.73	0.79
relate	0.73	2.55
origin	0.73	0.68
reporting	0.74	0.73
band	0.74	0.81
lunalove	0.74	1.45
sbstare	0.74	0.96
tdsleep2	0.74	1.14
lexcited	0.74	0.89
film	0.74	0.76
comfort	0.74	1.05
bjcute	0.74	0.70
animation	0.74	0.64
1c-r	0.74	0.92
touching	0.74	0.74
ppjuice	0.74	0.82
speaking	0.74	0.92
text	0.74	1.18
19	0.74	0.85
toy	0.75	1.42
flash	0.75	1.39
doctor	0.75	0.93
improved	0.75	0.73
brown	0.75	1.61
slice	0.75	0.73
hats	0.75	0.91
agreed	0.75	0.99
wat	0.75	0.87
features	0.75	0.84
okay	0.75	1.37
1	0.75	1.20
coat	0.75	1.63
castle	0.76	1.41
22	0.76	0.81
ppthis	0.76	0.95
wrote	0.76	0.65
buck	0.76	0.69
star	0.76	0.77
famous	0.76	0.79
nerdscratch	0.76	0.84
raracheeks	0.76	1.00
colour	0.76	1.60
sisters	0.76	0.87
randy	0.77	0.88
horizons	0.77	0.77
2nd	0.77	2.45
rderpshrug	0.77	0.86
english	0.77	1.10
ppwatching	0.77	0.95
stories	0.77	0.69
bears	0.77	0.74
rdsmirk	0.77	0.74
creepy	0.77	1.05
japanese	0.77	1.04
spy	0.77	0.70
tune	0.77	0.80
bell	0.77	0.94
she	0.77	1.91
sidebar	0.78	1.58
sbigstare	0.78	0.80
sales	0.78	0.78
celestiaglee	0.78	0.89
zecoraup	0.78	0.79
ish	0.78	0.94
fanfics	0.78	0.74
movies	0.78	0.77
accent	0.78	0.95
appears	0.78	0.72
quote	0.78	0.81
watched	0.78	0.90
toys	0.78	1.60
pinkiefedora	0.78	0.77
read	0.78	0.68
fixed	0.78	2.18
lunablush	0.79	0.93
applebloom	0.79	1.97
punk	0.79	0.84
watch	0.79	0.83
bloom	0.79	2.22
fucking	0.79	1.26
genres	0.79	0.88
unicorns	0.79	1.08
arizona	0.79	0.99
atleast	0.79	1.14
wut	0.80	0.80
pphello	0.80	0.80
black	0.80	1.57
chibivinyl	0.80	0.89
ohio	0.80	0.97
write	0.80	0.68
zone	0.80	0.73
fanfiction	0.80	0.74
print	0.80	0.96
armor	0.80	1.45
twistare	0.80	0.67
trek	0.80	0.78
author	0.80	0.68
shy	0.80	1.57
bow	0.80	0.71
bands	0.80	0.87
albums	0.80	0.88
bro	0.81	1.05
fic	0.81	0.73
fuckin	0.81	0.86
listen	0.81	0.86
custom	0.81	1.39
hoodshy	0.81	1.15
60	0.81	0.78
scheme	0.81	0.91
recognize	0.81	1.15
netflix	0.81	0.68
y	0.81	1.21
electronic	0.81	0.86
fascinating	0.81	0.85
disturbing	0.81	1.16
episodes	0.81	0.94
ah	0.81	1.43
hero	0.81	0.67
mega	0.82	0.79
stranger	0.82	0.95
practical	0.82	1.05
3rd	0.82	1.25
buysomeab	0.82	0.75
grey	0.82	1.56
harry	0.82	0.71
obscure	0.83	0.88
dare	0.83	0.85
v	0.83	1.07
empire	0.83	1.19
cast	0.83	0.92
celdevious	0.83	0.82
material	0.83	0.76
characters	0.83	0.74
28	0.83	0.80
golden	0.83	0.73
dubstep	0.83	0.85
quite	0.83	1.47
dhexcited	0.83	0.87
sur25	0.83	0.81
foe	0.83	0.76
compliment	0.84	0.78
chatavia	0.84	0.75
music	0.84	0.84
rdheh	0.84	0.80
big	0.84	1.15
gods	0.84	0.65
meme	0.84	0.67
pets	0.84	0.65
tennant	0.84	0.79
chaos	0.84	0.70
ice	0.85	0.85
fillyzecora	0.85	0.71
indiana	0.85	0.76
subtle	0.85	0.91
cadmad	0.85	0.88
fanfic	0.85	0.71
nerdtwi	0.85	0.69
ok	0.85	1.28
individuals	0.85	0.91
alicorn	0.85	1.71
shimmer	0.85	1.95
ron	0.85	0.68
ha	0.85	0.99
answer	0.86	2.62
listened	0.86	0.84
gaben	0.86	0.64
fallout	0.86	0.68
advice	0.86	1.19
twilightissohappy	0.86	0.78
fo	0.86	0.79
tord	0.86	0.76
fabulous	0.86	0.93
s4	0.86	1.40
python	0.87	0.75
zirc	0.87	1.05
hipinkie	0.87	0.82
p	0.87	1.14
illbeyourgirlfriend	0.87	0.77
tv	0.87	0.77
balance	0.87	0.76
nightmare	0.87	1.29
dashjuice	0.87	0.76
absmile	0.87	0.76
80	0.87	0.72
chryssyjuice2	0.87	0.75
saakra	0.87	0.72
cadancewat	0.87	0.82
reward	0.87	0.68
clearly	0.88	1.85
odds	0.88	0.82
cadface	0.88	0.93
teamspeak	0.88	0.92
reminds	0.88	0.59
adventure	0.88	0.74
mane	0.88	2.59
queenstare	0.88	0.75
ajhappy	0.88	0.93
accepting	0.88	1.16
10	0.88	0.80
discord	0.88	2.13
criticism	0.88	1.20
darling	0.89	0.77
mystery	0.89	1.08
metal	0.89	0.82
republic	0.89	0.64
15	0.89	0.80
wore	0.89	1.04
rdpzecoradance	0.89	0.73
scootaderp	0.89	0.74
eevn	0.89	0.81
kingdom	0.89	1.47
equestria	0.90	1.15
queen	0.90	1.40
cloud	0.90	0.96
lines	0.90	0.83
nah	0.90	1.45
letter	0.90	1.04
words	0.90	1.37
correctly	0.90	2.47
flutteruh	0.90	0.82
moon	0.90	1.44
double	0.90	0.95
mare	0.90	1.93
32	0.90	0.77
sciencemoonbutt	0.90	0.86
style	0.90	0.74
rarhmm	0.90	0.98
apples	0.90	1.17
typing	0.90	2.25
description	0.91	0.76
princesses	0.91	1.96
jazz	0.91	0.82
pray	0.91	0.69
seems	0.91	1.42
90	0.91	0.73
ridiculously	0.91	1.29
u/eevn	0.91	0.96
fim	0.91	0.90
avatar	0.92	0.80
complex	0.92	1.11
fsblush	0.92	1.03
mario	0.92	0.65
z	0.92	1.18
short	0.92	0.61
h	0.92	1.18
beard	0.92	0.82
maximum	0.92	0.69
novel	0.92	0.69
unicorn	0.92	1.50
son	0.93	0.87
abcrusade	0.93	0.85
prize	0.93	0.69
glory	0.93	0.72
mlpwilliamlovesrainbowdashmorethanyou	0.93	0.64
translate	0.93	1.19
amp	0.93	1.26
comic	0.93	0.79
honesty	0.94	1.21
example	0.94	0.99
similar	0.94	1.22
jizz-combine	0.94	0.75
bonus	0.94	0.66
wet	0.94	1.09
thick	0.94	1.05
songs	0.94	0.84
october	0.94	0.95
lurker	0.94	0.91
thingy	0.94	0.82
dashiemad	0.94	0.90
cheerilee	0.94	1.49
continued	0.94	0.71
roseluck	0.94	1.85
x	0.94	1.74
club	0.94	0.69
provide	0.94	0.90
creature	0.95	0.63
ajsmile	0.95	0.94
mac	0.95	1.95
maud	0.95	2.23
her	0.95	1.91
dress	0.95	0.97
baked	0.95	0.74
fs16	0.95	0.75
g	0.95	1.14
crystal	0.96	1.64
e	0.96	1.13
language	0.96	1.17
5c	0.96	0.75
mighty	0.96	0.65
30	0.96	0.80
celestlol	0.96	0.61
butts	0.96	0.86
bright	0.96	1.27
w	0.96	1.20
sky	0.96	0.98
president	0.96	0.72
23	0.96	0.78
sweetiehappy	0.96	0.82
aj25	0.96	0.88
doin	0.96	0.99
pony	0.96	2.63
posters	0.96	1.54
yus	0.96	0.84
2d	0.96	0.86
david	0.97	0.66
dashponder	0.97	1.45
cadancesmirk	0.97	1.00
pppoker	0.97	0.80
figures	0.97	1.83
evilcadance	0.97	0.95
rock	0.97	1.01
2f	0.97	0.68
fiction	0.97	0.68
herself	0.97	1.97
thumbsup	0.97	0.84
hat	0.97	0.98
abgrin	0.97	0.74
bjfilly	0.97	0.47
marathon	0.97	0.65
kay	0.97	0.91
dear	0.97	0.73
hail	0.97	0.86
sunset	0.98	2.33
cgt14	0.98	1.03
r	0.98	1.19
reading	0.98	0.73
trixie	0.98	2.37
album	0.98	0.82
lyrics	0.98	0.81
bats	0.98	1.65
pair	0.98	1.04
theme	0.98	0.73
wars	0.98	0.72
f	0.98	1.26
0	0.98	1.11
sale	0.98	0.77
ajhowdy	0.99	0.78
heat	0.99	1.15
insane	0.99	1.63
45	0.99	0.78
gim	0.99	0.77
pop	0.99	1.12
twihappy	0.99	0.70
rose7	0.99	0.81
comics	0.99	0.75
b	0.99	1.21
t	0.99	1.26
friendship	0.99	1.39
letters	1.00	1.31
ponyville	1.00	1.93
cadance	1.00	1.56
villain	1.01	1.02
pillow	1.01	1.21
bits	1.01	0.80
pride	1.01	1.48
l	1.01	1.21
flitteryeah	1.01	0.62
plushies	1.01	1.94
plain	1.01	0.65
n	1.01	1.17
playlist	1.01	0.82
c	1.01	1.20
gameplay	1.01	0.62
worry	1.01	1.46
books	1.01	0.73
typed	1.01	2.21
creation	1.01	0.61
family	1.02	0.76
adorkable	1.02	0.71
soft	1.02	0.77
potatoes	1.02	0.75
shirt	1.02	1.22
whatcha	1.02	1.18
offer	1.02	0.97
song	1.02	0.82
jam	1.03	0.60
canterlot	1.03	1.69
advance	1.03	0.65
upvotes	1.03	0.74
dressed	1.03	1.20
twilight	1.03	2.54
cooldash	1.03	0.72
luna	1.03	2.50
lord	1.03	0.69
lyracheer	1.03	0.75
mlp	1.03	1.04
tagged	1.03	1.58
27	1.04	0.73
wear	1.04	1.07
book	1.04	0.71
djcuddles	1.04	0.88
merch	1.04	1.64
unlikely	1.04	1.00
wind	1.04	0.93
ajblush	1.04	1.01
adventures	1.04	0.62
catdash	1.04	0.62
allyouneed	1.04	1.19
princess	1.04	2.30
sides	1.04	0.80
rarity	1.04	2.56
applejack	1.05	2.53
written	1.05	0.66
reminding	1.05	1.01
wearing	1.05	1.08
pronounce	1.05	1.02
flutterwhoa	1.05	0.78
shirts	1.05	1.26
films	1.05	0.68
reach	1.05	0.84
phrase	1.05	1.11
tssquee	1.05	0.84
potato	1.05	0.73
tavihello	1.05	0.78
o	1.05	1.27
dashconfused	1.05	1.14
giraffe	1.06	1.35
rosehappy	1.06	0.83
giggle	1.06	0.71
zecora	1.06	1.68
thrones	1.06	0.89
rose8	1.06	0.80
ccsmile	1.06	0.74
calm	1.06	0.93
basic	1.06	0.95
writers	1.06	0.76
aye	1.06	0.90
addition	1.07	0.63
pinkie	1.07	2.52
hook	1.07	0.77
chrysalis	1.07	1.81
40	1.07	0.75
socks	1.07	0.92
tracks	1.07	0.84
battles	1.07	0.64
plan	1.07	1.45
simulator	1.07	0.61
blackjack	1.07	1.19
progress	1.07	0.77
cutealoo	1.07	0.79
boots	1.07	1.02
zambambo	1.08	2.18
nou	1.08	0.77
finale	1.08	0.89
chibitwi	1.08	0.71
flutterdashsnuzzle	1.08	0.85
funko	1.08	2.23
exchange	1.08	0.69
shining	1.08	1.69
26	1.08	0.76
twiblush	1.08	0.94
fitting	1.08	1.04
trixiechaos	1.08	0.69
fsexcite	1.08	0.75
extended	1.09	0.79
royal	1.09	1.07
temperature	1.09	1.06
spring	1.09	0.98
translation	1.09	0.94
oh	1.09	0.98
plans	1.09	1.36
effective	1.09	1.02
ppderp	1.09	0.94
scootaloo	1.10	2.47
participating	1.10	0.83
70	1.10	0.72
snow	1.10	1.16
derpy	1.10	2.32
ninja	1.10	0.66
vacation	1.10	1.03
flutterthink	1.10	0.86
spelling	1.10	2.22
pphappy	1.10	0.72
applepie	1.11	0.82
hope	1.11	1.36
super	1.11	1.00
obvious	1.11	1.47
welp	1.11	1.01
spike	1.11	2.18
jacket	1.11	1.06
earned	1.11	0.74
tod	1.11	0.79
tsilikethis	1.11	0.88
cuteness	1.12	0.70
familiar	1.12	1.68
twicute	1.12	0.65
hitwi	1.12	0.77
vinyl	1.12	2.21
mask	1.12	0.75
praise	1.13	0.82
scratch	1.13	2.20
plushie	1.13	2.28
sauce	1.13	0.79
captain	1.13	0.68
original	1.13	1.48
mother	1.13	0.64
plush	1.14	2.27
chibiluna	1.14	0.74
20	1.14	0.74
relief	1.14	0.71
pants	1.14	1.03
das	1.15	0.93
otp	1.15	0.92
raritysmile	1.15	0.80
murcasalute	1.15	0.78
daring	1.15	1.91
poster	1.15	1.46
lyracuteblanket	1.16	0.92
spitfire	1.16	2.14
whoa	1.16	0.86
sonic	1.16	1.11
al	1.16	0.82
o.o	1.16	0.83
abexcitedgrin	1.16	0.88
powerful	1.17	0.85
grammar	1.17	2.18
seriouslyhappy	1.17	0.82
filly	1.17	2.39
summer	1.17	0.98
lyra	1.17	2.14
remix	1.17	0.78
jeez	1.17	1.07
sparkle	1.18	2.14
bath	1.18	1.11
degrees	1.18	0.99
dashiereading	1.18	0.72
scootacuddle	1.18	0.98
fssmile	1.18	1.00
swedish	1.18	0.97
usage	1.18	0.77
emotes	1.18	2.31
word	1.18	2.29
gt	1.19	2.11
virtual	1.19	0.66
cadence	1.19	1.43
ccxrdsnuggle	1.19	1.30
flutterdashkiss	1.19	1.34
dash	1.19	2.40
spicy	1.20	0.81
convenient	1.20	1.63
twiheart	1.20	0.91
greatly	1.20	0.61
crazy	1.20	1.42
train	1.20	0.83
won	1.20	0.63
planned	1.20	1.07
2012	1.21	0.95
purged	1.21	0.77
zelda	1.21	0.66
fellow	1.21	0.71
tasty	1.21	0.78
line	1.21	0.67
chibifluttershy	1.21	1.04
dj	1.21	1.63
mr	1.21	0.65
dashwink	1.21	0.96
10/10	1.22	1.33
reasonable	1.22	1.45
3c	1.22	0.66
scenes	1.22	0.72
2014	1.22	0.92
brb	1.23	0.68
nicely	1.23	0.98
fluttershy	1.23	2.36
othercreepaloo	1.23	0.66
rainbow	1.23	2.35
octavia	1.23	2.15
coincidence	1.23	1.00
lunalaugh	1.23	0.78
valid	1.24	1.86
booty	1.24	0.61
clouds	1.24	0.92
weather	1.25	1.13
aj	1.25	2.35
dashhappy	1.25	0.87
truth	1.25	0.84
y42	1.25	0.89
flutters	1.25	2.35
shyheart	1.25	0.99
hella	1.26	0.99
rainbowdashed	1.26	1.17
relevant	1.26	1.02
artists	1.26	0.77
absolutely	1.26	1.17
ppsmile	1.26	0.75
flutterlove	1.26	1.18
moar	1.27	0.71
lunabored	1.27	0.72
cgthuzzah	1.27	0.71
sun	1.27	0.85
apple	1.27	1.45
dumbfabric	1.28	0.98
smile	1.28	0.92
couchiepie	1.29	0.63
3i	1.29	0.61
abhat	1.29	0.74
anytime	1.29	0.93
rd	1.29	2.14
cents	1.30	0.76
ohh	1.30	0.97
twi	1.30	2.17
error	1.31	1.93
hahaha	1.31	0.77
deserve	1.31	0.82
successful	1.31	0.89
500	1.31	0.79
thats	1.31	0.92
proper	1.31	2.06
goodnight	1.31	1.28
lunabarf	1.31	0.69
blanket	1.32	0.97
1125a	1.33	0.66
hoodie	1.33	1.23
ioia	1.33	0.88
dashpoker-r	1.33	1.15
snuggle	1.33	0.93
wallet	1.33	0.72
difficult	1.33	1.54
sentence	1.33	2.06
seriously	1.33	1.33
spoilers	1.33	1.28
heh	1.34	1.15
buddies	1.34	0.78
combo	1.35	0.67
lyrailikethis	1.35	0.72
truly	1.36	0.68
huh	1.36	1.28
nonetheless	1.36	0.83
writer	1.36	0.64
halloween	1.36	0.73
nmm	1.36	0.99
holy	1.37	1.32
oddly	1.37	0.84
mmm	1.37	0.83
surprise	1.37	0.85
celestia	1.37	1.53
acceptable	1.37	1.47
dashiespeechless	1.38	1.28
fs03	1.38	0.74
tavi	1.38	1.85
yours	1.38	1.19
bonbon	1.38	1.34
vague	1.38	0.95
hiluna	1.38	0.72
kawaii	1.38	0.61
giveaway	1.38	0.78
sound	1.39	1.18
true	1.39	2.07
dashcuteblanket	1.39	1.19
practice	1.39	0.65
75	1.39	0.74
rain	1.39	1.03
structure	1.40	1.86
magical	1.40	0.65
wedding	1.40	1.01
flip	1.41	0.61
funny	1.41	1.18
shorts	1.41	1.04
pretty	1.41	1.27
100	1.41	0.74
dashcute	1.41	1.19
strange	1.41	1.45
chibitwidash	1.42	0.64
k	1.42	0.91
dashiepose2	1.42	0.93
bud	1.42	1.29
hugging	1.42	1.92
u/1125a	1.43	0.60
butwhysir	1.44	1.33
sup	1.44	0.80
gift	1.45	0.82
theory	1.45	1.87
dashfun	1.45	0.64
spanishmeerkat	1.45	0.85
santa	1.45	0.74
meerkat	1.46	0.74
sp	1.46	1.07
cloudchaser	1.46	1.64
cheer	1.47	1.17
sooo	1.47	0.64
satisfying	1.47	1.14
2h	1.47	0.76
lsquee	1.48	0.69
december	1.49	0.85
weird	1.49	1.38
50	1.49	0.74
pinkiecozy	1.51	0.79
job	1.51	1.02
lyrashyhug	1.51	1.10
lt	1.51	1.18
unusual	1.52	0.79
belle	1.52	1.63
pie	1.52	1.83
tshappy	1.52	0.72
winter	1.53	0.96
suggestions	1.53	0.86
dashieawesome	1.53	0.87
kindness	1.53	0.69
fillies	1.53	0.87
dashiepeak	1.53	0.77
rarishyhug	1.54	1.07
cuddles	1.55	1.11
cchi	1.55	1.11
buddy	1.56	1.27
feedback	1.56	0.82
clever	1.56	1.16
35	1.56	0.67
tips	1.57	0.80
dashiesmile	1.57	0.99
gifts	1.57	0.85
answers	1.57	1.66
4h	1.58	1.15
ccpose	1.58	0.98
fs14	1.58	0.90
cadancesmile	1.58	0.64
auto	1.58	1.64
charity	1.58	0.52
dashiefilly	1.58	0.86
flutterooh	1.58	0.96
dashoh	1.59	1.07
alrighty	1.60	1.03
ooooh	1.61	0.91
input	1.62	0.71
logical	1.62	1.68
musicalhug	1.62	1.14
yep	1.62	1.19
ajyay	1.63	0.72
luck	1.63	1.21
entertaining	1.63	1.24
kindly	1.64	0.65
sweetiedaww	1.64	0.65
dat	1.64	0.62
woah	1.65	0.86
eeyup	1.65	0.91
safe	1.65	1.35
octadash	1.65	1.11
twidash	1.65	0.98
haha	1.66	1.06
simple	1.66	1.01
ppoh	1.66	0.78
dashiedowant	1.67	0.93
ppthumb	1.67	1.03
intensifies	1.67	0.76
ppthumbsup	1.67	0.62
unique	1.68	0.59
dashiegrin	1.68	0.89
accurate	1.68	1.32
winner	1.69	0.56
dashieguilt	1.69	1.06
hello	1.69	0.93
cuddle	1.69	0.87
lyrabonhug	1.70	1.14
hehe	1.70	1.07
holiday	1.70	1.05
wordy	1.71	0.85
alright	1.71	1.34
huhhuh	1.71	0.69
grand	1.71	0.58
nicest	1.72	0.62
cats	1.73	0.53
mate	1.75	1.09
hyped	1.75	1.42
ccrdboop	1.76	0.68
bet	1.76	0.87
eve	1.76	0.96
dashiewilliamisboredofnamingemotes	1.76	1.04
trailer	1.77	1.22
thanksgiving	1.77	1.09
16bitpie	1.78	1.27
btw	1.78	0.97
majestic	1.78	0.84
kitty	1.79	0.55
yup	1.79	1.01
confirm	1.79	1.29
soo	1.80	1.21
cat	1.80	0.48
gotcha	1.80	1.06
soooo	1.80	0.54
doublehug	1.80	1.14
shush	1.81	0.88
blushyocty	1.82	0.66
relaxing	1.83	1.54
appreciate	1.83	0.93
sir	1.84	0.96
odd	1.84	1.15
generous	1.85	1.27
verify	1.85	0.75
sweetie	1.85	1.32
smooth	1.85	1.17
fs20	1.86	0.62
jelly	1.86	0.73
octadashhug	1.86	1.05
hellohuman	1.87	0.70
imo	1.87	0.75
aswell	1.88	1.24
useful	1.88	1.31
dashieshyhug	1.89	1.09
aj24	1.89	0.69
comfortable	1.89	1.45
marvel	1.89	1.14
fflutterdashhug	1.89	1.14
pet	1.89	0.49
twibeam	1.89	0.68
happytavi	1.91	0.68
fs00	1.91	0.64
tdhug	1.92	1.00
sexy	1.92	0.59
wishes	1.92	1.31
easy	1.92	1.34
lunatwihug	1.93	1.09
omg	1.93	0.72
noice	1.93	1.04
surprising	1.94	1.09
hot	1.95	1.45
god	1.95	0.84
fluffy	1.95	0.57
cchappy2	1.96	0.59
appledashhug	1.97	1.02
adhug	1.97	1.06
rdwin	1.99	0.97
lucky	1.99	1.29
series	2.00	1.22
awwyeah	2.00	0.67
legend	2.00	1.14
flutterhug	2.00	0.81
appreciated	2.01	0.71
dashcozy	2.02	0.97
special	2.02	1.06
goodness	2.02	0.85
cold	2.02	1.42
applepiehug	2.02	0.92
exciting	2.03	1.21
clop00	2.03	0.62
coin	2.03	0.60
hiya	2.04	0.96
tavinaww	2.05	0.78
hug	2.05	1.00
parties	2.05	0.93
worthy	2.05	0.75
gosh	2.05	0.77
cadgym	2.06	1.17
tip	2.06	0.64
artist	2.07	0.99
dude	2.07	1.00
tight	2.07	1.24
interesting	2.07	1.20
worries	2.08	0.96
pinkieawe	2.08	0.82
hi	2.08	0.92
hey	2.08	0.94
beauty	2.09	0.51
emote	2.10	0.91
gg	2.10	0.55
doge	2.11	0.71
queencheer	2.12	0.59
hugs	2.13	1.03
celestiyay	2.13	0.78
approve	2.13	0.57
warm	2.14	1.32
spoiler	2.14	0.86
glorious	2.15	0.48
vswoah	2.16	0.92
realistic	2.16	1.03
helpful	2.17	1.03
sharing	2.18	0.58
hugyouandkissyouandloveyouforever	2.19	0.98
soundtrack	2.19	1.02
jon	2.20	0.87
yayflutter	2.20	0.73
dashderpyhug	2.21	0.97
indeed	2.21	0.76
dashsquee	2.22	1.09
close	2.22	1.18
tianom	2.24	1.23
happyluna	2.24	0.91
25	2.24	0.57
party	2.25	1.03
dashhug	2.25	0.78
cchuzzah	2.29	0.68
epic	2.30	0.81
such	2.31	0.71
hai	2.32	1.07
clop13	2.34	0.53
scootacheer	2.35	0.93
calmdowntwilight	2.36	0.48
rdgeddan	2.36	0.64
fs13	2.37	0.59
holidays	2.37	1.34
pleasant	2.38	0.98
friendly	2.40	0.90
fs04	2.40	0.62
celebrate	2.41	1.32
ajcheers	2.41	1.03
good	2.42	1.21
sweet	2.44	0.78
present	2.44	0.89
twicheer	2.45	0.70
christmas	2.45	1.27
spirit	2.46	0.52
dashbop	2.46	0.69
flutteryay	2.46	0.71
cake	2.46	0.90
dashie	2.46	0.81
presents	2.47	1.09
dashiebashful	2.48	0.91
dashcheer	2.49	0.70
dashiepose	2.49	0.90
tdsleep	2.49	0.68
genius	2.49	0.66
atmosphere	2.50	0.74
enjoyable	2.52	0.82
fun	2.52	1.12
flutterwoo	2.53	0.79
u/dogetipbot	2.53	0.89
clear	2.54	1.09
xx11	2.54	0.85
abyay	2.55	0.82
enjoyed	2.55	0.71
thanks	2.56	1.06
merry	2.58	1.11
yes	2.60	0.86
octcake	2.61	0.91
hype	2.64	0.64
cheers	2.64	0.73
welcome	2.65	0.90
dogecoin	2.68	0.86
ppwooo	2.69	0.89
dashiehug	2.69	0.76
clop40	2.70	0.67
badass	2.73	0.51
huzzah	2.73	0.72
talented	2.74	0.73
glad	2.75	1.00
enjoy	2.76	0.95
lunacheer	2.76	0.51
ooh	2.77	0.88
solid	2.79	0.63
sounds	2.82	0.79
impressive	2.83	0.67
hilarious	2.83	0.48
thank	2.88	0.56
incredible	2.89	0.46
chill	2.89	0.69
freaking	2.92	0.42
cakeday	2.93	0.80
oooh	2.95	0.67
lovely	2.95	0.40
yay	2.96	0.75
clop10	2.97	0.42
cool	2.99	0.77
congratulations	3.00	0.70
hooray	3.00	0.78
looks	3.00	0.72
neat	3.00	0.49
cute	3.01	0.47
wow	3.03	0.42
excellent	3.05	0.38
brilliant	3.06	0.41
birthday	3.06	0.85
woohoo	3.07	0.75
beautiful	3.09	0.37
adorable	3.09	0.34
great	3.13	0.41
perfect	3.13	0.37
congrats	3.17	0.46
woo	3.18	0.46
wonderful	3.24	0.31
