colton	-5.70	1.44
jamie	-4.70	2.53
smith	-4.61	2.54
inevitable	-4.45	1.92
booed	-4.43	2.49
haters	-4.15	2.27
design	-4.11	2.21
crappy	-4.06	1.91
ruined	-3.94	2.28
winslow	-3.87	2.22
reffing	-3.80	2.36
spit	-3.78	2.25
pisses	-3.74	1.98
garbage	-3.73	2.25
disgusting	-3.69	2.17
poor	-3.67	2.00
painful	-3.65	1.92
embarrassing	-3.63	2.14
everyone	-3.61	3.03
everybody	-3.57	2.96
worse	-3.56	2.15
remind	-3.52	2.57
messed	-3.42	2.13
pathetic	-3.38	2.23
jon	-3.38	3.05
ducking	-3.37	2.63
hating	-3.36	1.95
oil	-3.33	2.47
bad	-3.32	1.78
sucks	-3.32	1.93
heck	-3.31	2.32
wondered	-3.30	2.05
kills	-3.30	2.32
dw	-3.27	2.58
bandwagon	-3.27	2.34
complained	-3.23	2.46
stoppages	-3.20	2.54
snap	-3.20	3.30
prone	-3.15	2.61
except	-3.14	2.99
liver	-3.14	3.49
shitting	-3.14	2.57
rid	-3.11	2.41
nightmare	-3.11	2.26
laughable	-3.09	2.14
circlejerk	-3.06	2.47
elbows	-3.04	3.75
bashing	-3.02	2.24
true	-3.02	3.93
along	-3.01	2.64
95	-3.00	3.04
brazilians	-3.00	2.41
elbow	-3.00	3.83
sees	-2.97	3.14
spinning	-2.91	3.78
likes	-2.91	2.90
believed	-2.90	2.42
religion	-2.90	2.21
dead	-2.89	2.41
blind	-2.88	2.35
recognized	-2.86	2.47
disappointing	-2.85	2.31
led	-2.83	3.14
understands	-2.83	2.86
flying	-2.82	3.78
cry	-2.80	2.85
bizarre	-2.79	2.21
inconsistent	-2.76	2.30
iirc	-2.75	2.71
story	-2.73	2.81
heat	-2.72	2.52
accepted	-2.71	2.53
questionable	-2.66	2.11
mismatch	-2.64	2.21
tuned	-2.63	2.71
possible	-2.60	2.56
hurts	-2.59	1.16
cheer	-2.59	2.44
stoppage	-2.56	2.32
butthurt	-2.53	2.40
fault	-2.46	1.52
cared	-2.46	2.44
stupid	-2.41	2.18
referee	-2.39	1.60
refs	-2.38	1.53
annoying	-2.38	1.76
unreasonable	-2.38	2.88
tattoo	-2.37	2.28
towards	-2.35	2.49
kim	-2.33	1.50
ref	-2.33	1.53
root	-2.32	2.47
weak	-2.31	2.47
retarded	-2.27	2.74
cecil	-2.26	1.59
legend	-2.26	3.29
dean	-2.25	1.54
opposite	-2.23	3.10
tattoos	-2.23	2.29
unfair	-2.21	2.53
rip	-2.21	2.68
vicious	-2.21	3.24
oblique	-2.21	1.94
useless	-2.20	2.16
bullshit	-2.19	2.20
devastating	-2.17	3.28
recent	-2.14	2.75
objectively	-2.14	3.67
shame	-2.12	2.44
yves	-2.10	1.59
christ	-2.09	2.25
shocking	-2.09	2.36
die	-2.07	1.70
anger	-2.07	2.67
suicide	-2.06	3.13
dat	-2.04	1.86
lame	-2.02	2.41
blame	-2.01	1.71
herb	-2.00	1.53
ironic	-2.00	2.36
nobody	-2.00	2.95
suck	-1.99	2.30
kick	-1.98	2.55
crap	-1.98	2.11
surprising	-1.97	2.37
john	-1.97	1.38
shitty	-1.96	2.27
obvious	-1.95	2.16
stops	-1.95	1.32
complaining	-1.93	2.21
excuses	-1.93	1.19
dislike	-1.92	2.39
knows	-1.92	3.56
longest	-1.90	3.67
jumping	-1.89	1.69
anybody	-1.88	3.04
everything	-1.87	3.12
knee	-1.87	2.21
hurt	-1.86	1.49
debatable	-1.83	1.65
referees	-1.83	1.46
hook	-1.83	2.56
respected	-1.83	2.56
broke	-1.82	1.50
crowd	-1.80	1.45
peoples	-1.80	1.44
pushes	-1.80	1.24
dong	-1.78	1.72
about	-1.78	3.11
laugh	-1.78	2.87
kinda	-1.77	3.01
else	-1.74	3.23
itt	-1.74	1.67
thinks	-1.74	3.46
kicks	-1.74	2.37
mccarthy	-1.74	1.49
anyone	-1.73	3.28
broken	-1.73	1.53
someone	-1.73	2.82
right	-1.73	4.47
absurd	-1.73	1.91
works	-1.73	1.32
ive	-1.73	3.37
fists	-1.73	2.30
whining	-1.72	1.45
cringe	-1.71	2.52
steve	-1.70	1.45
cares	-1.70	3.29
head	-1.70	2.20
somebody	-1.69	2.61
screwed	-1.69	1.32
bitching	-1.69	1.87
disagree	-1.69	4.51
throw	-1.68	2.44
ppl	-1.67	2.14
something	-1.66	4.73
hypocritical	-1.66	1.60
edson	-1.66	1.14
swear	-1.66	2.11
made	-1.66	1.59
brian	-1.64	0.93
ribs	-1.63	1.67
punch	-1.63	2.40
bat	-1.63	1.01
heel	-1.63	2.16
suspect	-1.62	1.20
knees	-1.61	2.40
blows	-1.60	1.98
justified	-1.59	1.59
obnoxious	-1.59	1.19
re	-1.58	4.28
wheel	-1.58	2.26
believes	-1.58	3.39
who	-1.57	2.67
complain	-1.56	2.29
superman	-1.56	2.33
stop	-1.56	1.97
stopped	-1.56	1.64
fucked	-1.55	2.07
jimmy	-1.55	1.01
ruin	-1.55	1.31
caraway	-1.55	0.91
supposed	-1.54	4.52
nonsense	-1.53	1.32
dem	-1.53	2.89
shots	-1.53	2.21
dc	-1.53	1.70
threw	-1.53	2.33
unfortunate	-1.52	2.93
derailed	-1.52	1.06
wants	-1.52	2.64
allowed	-1.52	2.15
patrick	-1.52	1.14
necessarily	-1.51	4.56
barboza	-1.51	1.22
snapped	-1.51	1.47
sloppy	-1.51	2.30
thrown	-1.51	2.16
attitude	-1.51	2.26
hometown	-1.51	1.32
loud	-1.50	1.38
idiotic	-1.50	1.81
forces	-1.50	1.14
thigh	-1.50	1.67
him	-1.50	2.83
understand	-1.49	3.52
connected	-1.49	2.15
ridiculous	-1.49	2.49
damaging	-1.49	1.41
rib	-1.48	1.64
poked	-1.48	1.32
hammer	-1.48	2.15
losers	-1.48	1.19
fools	-1.48	1.46
jones	-1.48	1.84
varner	-1.48	1.24
absolute	-1.47	2.24
agree	-1.47	4.74
unprofessional	-1.47	1.46
ruining	-1.46	1.21
stopping	-1.46	1.51
basically	-1.46	3.01
surprise	-1.45	2.40
agrees	-1.45	3.37
break	-1.45	1.79
ugh	-1.44	1.57
gotten	-1.44	2.08
angry	-1.44	2.50
axe	-1.44	2.28
delusional	-1.44	1.42
cormier	-1.43	1.75
load	-1.43	1.32
exactly	-1.43	4.69
johnson	-1.42	1.72
gustaffson	-1.42	1.85
doing	-1.42	4.41
whenever	-1.42	2.48
bones	-1.42	1.24
pointless	-1.42	1.73
punches	-1.42	2.23
childish	-1.42	1.51
done	-1.41	2.87
stomp	-1.41	1.90
never	-1.41	2.86
front	-1.41	1.91
wonderboy	-1.40	1.02
jerk	-1.40	1.32
ignore	-1.40	1.95
brazilian	-1.40	1.49
eyepokes	-1.40	1.39
spine	-1.40	1.96
what	-1.40	4.79
glover	-1.40	1.78
blatantly	-1.40	1.20
gustafsson	-1.38	1.80
teixeira	-1.38	1.84
overhand	-1.38	2.36
pokes	-1.38	1.52
now	-1.38	4.72
fact	-1.38	2.86
lead	-1.37	2.27
makes	-1.37	2.29
means	-1.37	4.65
left	-1.37	2.35
yet	-1.37	3.02
quit	-1.36	1.93
rumble	-1.36	1.81
accept	-1.36	2.95
saying	-1.36	4.59
believing	-1.36	2.11
hamill	-1.36	1.29
straight	-1.36	2.29
bs	-1.35	1.48
gus	-1.35	1.77
limp	-1.34	1.43
argued	-1.34	2.43
constantly	-1.34	1.91
cross	-1.34	2.09
happened	-1.34	3.10
closer	-1.34	2.00
been	-1.34	2.74
worked	-1.33	1.40
phil	-1.33	1.78
blatant	-1.33	1.53
outright	-1.33	1.54
stepped	-1.33	1.54
thing	-1.33	3.13
happens	-1.32	2.66
instance	-1.32	1.99
daniel	-1.32	1.66
ignorant	-1.32	1.61
booing	-1.31	1.44
matter	-1.31	3.51
when	-1.31	3.15
poke	-1.31	1.41
people	-1.30	2.66
magny	-1.30	0.92
screaming	-1.30	1.32
gone	-1.30	2.47
apparently	-1.30	2.03
strike	-1.30	2.10
illegal	-1.30	1.81
12-6	-1.30	2.20
tommy	-1.29	1.22
land	-1.28	2.12
sometimes	-1.28	2.05
spin	-1.28	1.77
turning	-1.28	1.89
guillard	-1.28	1.15
everytime	-1.28	1.85
noise	-1.28	1.32
himself	-1.28	2.13
throwing	-1.28	2.08
assumed	-1.27	3.09
impression	-1.27	3.15
understandable	-1.27	2.02
warning	-1.27	1.72
only	-1.27	3.13
breaking	-1.27	1.48
human	-1.27	3.12
tries	-1.27	2.09
seen	-1.27	3.85
kicked	-1.27	1.49
aj	-1.26	1.80
crowds	-1.26	1.47
rick	-1.26	1.38
evans	-1.26	1.73
nothing	-1.25	3.60
assholes	-1.25	1.20
usa	-1.25	1.48
military	-1.25	1.03
gunnar	-1.25	1.31
rashad	-1.24	1.71
unnecessary	-1.24	1.47
ve	-1.24	2.95
army	-1.24	1.08
me	-1.24	3.35
jaw	-1.24	1.82
rude	-1.24	1.39
same	-1.24	3.37
uppercuts	-1.24	2.21
much	-1.23	2.15
shut	-1.23	1.40
bus	-1.23	1.37
does	-1.23	3.74
scumbag	-1.23	1.29
george	-1.23	1.29
disrespectful	-1.23	1.30
ko'ed	-1.23	1.13
slip	-1.23	2.13
charlie	-1.23	0.94
dumb	-1.22	1.77
unless	-1.22	3.40
headkick	-1.22	2.14
far	-1.22	2.52
sexist	-1.22	1.71
lands	-1.22	2.06
literally	-1.21	2.38
shoulder	-1.21	1.86
shady	-1.21	1.54
petty	-1.21	1.55
crying	-1.21	1.63
dq	-1.21	1.79
lot	-1.21	1.98
retire	-1.20	2.60
exact	-1.20	1.85
remember	-1.20	3.54
recently	-1.20	2.17
guess	-1.20	4.52
course	-1.19	3.95
already	-1.19	2.91
choices	-1.19	1.33
dreams	-1.19	1.07
breaks	-1.19	1.47
certainly	-1.18	3.53
sarah	-1.18	1.13
judging	-1.18	1.62
decisions	-1.18	1.53
heard	-1.18	2.52
had	-1.18	2.76
pat	-1.18	1.28
deduction	-1.18	1.81
jab	-1.18	2.27
how	-1.17	3.92
cheering	-1.17	1.67
anything	-1.17	3.84
downed	-1.17	1.96
tells	-1.17	2.73
where	-1.17	3.30
meanwhile	-1.17	1.15
toe	-1.17	1.52
intelligently	-1.16	1.52
robbery	-1.16	1.49
care	-1.16	3.40
pickett	-1.16	1.09
lauzon	-1.16	1.14
groin	-1.16	1.60
once	-1.16	2.68
waste	-1.16	1.34
anthony	-1.15	1.64
were	-1.15	2.45
leg	-1.15	1.87
connect	-1.14	2.09
catches	-1.14	1.57
jump	-1.14	1.88
feeding	-1.14	1.09
point	-1.14	3.61
whoever	-1.14	2.07
start	-1.13	2.22
way	-1.13	3.67
borderline	-1.13	1.52
flurry	-1.13	1.89
all	-1.13	3.13
landed	-1.13	1.97
whole	-1.13	1.82
ian	-1.13	1.05
touched	-1.13	1.57
whatever	-1.13	3.54
stuck	-1.12	1.32
suddenly	-1.12	1.83
hand	-1.12	1.97
anytime	-1.12	2.75
blow	-1.12	1.64
react	-1.12	2.47
foot	-1.12	1.76
awhile	-1.11	2.68
which	-1.11	3.62
knew	-1.11	3.30
immature	-1.11	1.29
probably	-1.11	3.63
keeps	-1.11	1.80
then	-1.11	3.22
happen	-1.11	3.91
mean	-1.11	4.08
taken	-1.10	2.27
begins	-1.10	1.49
stretch	-1.10	1.92
recovering	-1.10	1.57
dumbest	-1.10	3.92
again	-1.10	3.49
ear	-1.10	1.63
jabs	-1.10	2.15
bother	-1.10	3.32
should	-1.10	3.61
fist	-1.10	1.74
allow	-1.10	1.95
mind	-1.10	3.71
kelvin	-1.10	1.45
piss	-1.09	1.06
slipped	-1.09	1.72
rob	-1.09	1.23
anywhere	-1.09	3.42
pretending	-1.09	2.21
cracked	-1.09	1.36
or	-1.09	3.44
extend	-1.09	1.72
strikes	-1.09	2.04
brought	-1.09	1.65
time	-1.09	2.80
none	-1.09	2.22
happening	-1.09	3.98
brad	-1.08	1.05
foul	-1.08	1.67
swing	-1.08	2.07
grounded	-1.08	1.94
stephen	-1.08	0.97
make	-1.08	3.01
explain	-1.08	3.38
get	-1.08	3.06
back	-1.08	2.43
intentional	-1.07	1.69
hooks	-1.07	2.04
ever	-1.07	4.21
started	-1.07	2.24
laughing	-1.07	1.92
flawed	-1.07	1.62
landing	-1.07	1.98
cummins	-1.07	1.25
even	-1.07	4.00
we	-1.06	3.87
judges	-1.06	1.52
gastelum	-1.06	1.49
downvoting	-1.06	2.49
planned	-1.06	1.98
easiest	-1.06	4.03
forehead	-1.06	1.58
jbj	-1.06	1.47
anymore	-1.06	3.86
out	-1.06	2.57
come	-1.06	3.21
disagreeing	-1.05	4.37
folks	-1.05	1.66
corners	-1.05	1.28
ankle	-1.05	1.60
easier	-1.05	1.84
excuse	-1.04	1.65
unified	-1.04	1.76
them	-1.04	3.40
might	-1.04	3.96
criticize	-1.04	1.32
hit	-1.04	1.65
say	-1.04	4.03
dana	-1.04	2.21
stepping	-1.04	1.82
vaseline	-1.04	1.41
blew	-1.04	1.49
sara	-1.04	1.37
early	-1.04	1.66
career	-1.04	1.88
imagine	-1.03	3.83
hide	-1.03	1.31
least	-1.03	2.86
did	-1.03	3.88
up	-1.03	2.46
davis	-1.03	1.45
things	-1.03	3.09
ignored	-1.03	1.49
stomps	-1.03	2.10
causing	-1.02	1.44
said	-1.02	2.97
countless	-1.02	2.41
rest	-1.02	3.98
crank	-1.02	1.93
basic	-1.02	1.31
could	-1.02	3.52
starts	-1.02	1.83
cb	-1.02	1.54
acknowledge	-1.02	3.09
impossible	-1.02	1.69
cain	-1.02	1.50
tibau	-1.02	1.23
direction	-1.02	1.86
may	-1.02	3.87
dont	-1.02	3.70
they	-1.01	3.80
violent	-1.01	1.27
ignorance	-1.01	1.66
americans	-1.01	1.46
comes	-1.00	1.94
bell	-1.00	1.51
predict	-1.00	2.37
controversial	-1.00	1.51
hope	-1.00	2.95
accidental	-1.00	1.66
boo	-1.00	1.54
definitely	-1.00	3.64
rivera	-1.00	1.04
one	-1.00	4.11
nc	-1.00	1.76
palm	-1.00	1.61
every	-1.00	2.37
wo	-1.00	3.51
innocent	-1.00	1.52
argue	-1.00	3.77
jumped	-1.00	1.63
pretend	-1.00	3.60
finds	-1.00	2.08
penis	-0.99	1.11
odd	-0.99	2.81
hopefully	-0.99	2.48
tell	-0.99	3.68
headbutt	-0.99	1.58
expect	-0.99	3.78
spam	-0.99	1.35
importantly	-0.99	1.28
want	-0.99	3.66
reason	-0.99	3.32
hindsight	-0.98	1.64
silly	-0.98	2.66
why	-0.98	4.05
ca	-0.98	3.44
will	-0.98	3.35
accused	-0.98	1.38
clear	-0.98	2.00
death	-0.97	1.44
late	-0.97	1.75
doctor	-0.97	1.48
eye	-0.97	1.52
wave	-0.97	1.22
face	-0.97	1.58
count	-0.97	3.26
down	-0.97	2.38
mention	-0.97	3.41
wanted	-0.97	3.26
tore	-0.97	1.49
bag	-0.96	1.20
need	-0.96	3.38
rules	-0.96	1.67
consider	-0.96	3.53
realize	-0.96	4.03
can	-0.96	3.13
making	-0.96	1.95
velasquez	-0.96	1.47
wonder	-0.96	3.62
gut	-0.96	1.30
guarantee	-0.96	3.43
wont	-0.96	3.30
judge	-0.96	1.71
needs	-0.96	3.05
d	-0.96	3.67
know	-0.95	4.02
because	-0.95	4.13
maybe	-0.95	3.97
irrelevant	-0.95	2.08
rule	-0.95	1.72
take	-0.95	3.12
however	-0.95	4.08
trujillo	-0.95	1.27
fly	-0.95	1.51
would	-0.95	3.74
entitled	-0.94	1.39
heal	-0.94	1.49
yelling	-0.94	1.32
feel	-0.94	3.67
delay	-0.94	1.34
before	-0.94	2.48
lose	-0.94	3.09
sooner	-0.93	2.99
mouth	-0.93	1.20
string	-0.93	1.61
almost	-0.93	2.50
case	-0.93	3.32
justify	-0.93	1.85
coming	-0.93	2.66
discredit	-0.93	1.32
racism	-0.93	1.24
without	-0.93	2.26
ll	-0.93	3.48
damaged	-0.93	1.43
blocked	-0.92	1.83
brutal	-0.92	3.17
ouch	-0.92	2.89
checked	-0.92	1.50
stomach	-0.92	1.55
addressed	-0.92	1.93
occurred	-0.92	1.67
idiot	-0.91	1.73
clue	-0.91	3.17
eventually	-0.91	2.90
believe	-0.91	3.99
lifetime	-0.91	1.40
insulting	-0.91	1.52
recovered	-0.91	1.52
gross	-0.91	2.80
cant	-0.91	3.09
really	-0.91	3.92
couldnt	-0.91	2.86
recognize	-0.90	3.00
assume	-0.90	4.02
legal	-0.90	1.81
weidman	-0.90	1.38
thumb	-0.90	1.54
deny	-0.90	3.03
eyes	-0.90	1.30
clearly	-0.90	2.42
see	-0.90	3.79
part	-0.90	3.95
grasp	-0.90	1.71
kicking	-0.90	1.52
obviously	-0.90	4.01
refuses	-0.90	2.97
defending	-0.90	1.53
seagal	-0.90	1.23
pushing	-0.89	1.65
past	-0.89	2.02
go	-0.89	3.24
think	-0.89	4.06
instances	-0.89	2.38
convince	-0.89	2.85
corner	-0.89	1.53
mobile	-0.89	1.33
nor	-0.89	3.14
balls	-0.89	1.23
failure	-0.89	1.37
whether	-0.88	2.99
affected	-0.88	1.45
tapping	-0.88	1.35
soon	-0.88	2.73
also	-0.88	4.11
instead	-0.88	2.18
turn	-0.88	2.48
try	-0.88	2.85
arrogant	-0.87	1.24
still	-0.87	3.97
figure	-0.87	3.00
running	-0.87	2.17
place	-0.87	2.76
prove	-0.87	2.96
alexander	-0.87	1.54
either	-0.87	3.96
matters	-0.87	2.32
melvin	-0.86	1.13
fool	-0.86	1.76
manuwa	-0.86	1.48
throws	-0.86	2.05
further	-0.86	1.90
catch	-0.86	2.95
counter	-0.86	2.21
behavior	-0.86	1.22
forget	-0.85	3.59
actually	-0.85	4.11
tbh	-0.85	2.12
noticed	-0.85	2.04
needed	-0.85	2.90
forever	-0.85	2.52
chest	-0.85	1.39
refuse	-0.85	2.92
actively	-0.85	1.88
anyway	-0.85	4.05
call	-0.85	2.94
thinking	-0.85	4.28
remotely	-0.85	2.99
mcmann	-0.84	1.39
brazil	-0.84	1.31
posters	-0.84	1.34
meaningless	-0.84	1.82
sound	-0.84	1.69
swinging	-0.84	1.54
hear	-0.84	1.84
safely	-0.84	2.11
off	-0.84	2.07
simple	-0.84	1.62
steps	-0.84	1.65
exception	-0.84	1.47
decides	-0.84	2.58
others	-0.84	3.14
exist	-0.84	2.83
possibly	-0.84	2.76
didnt	-0.83	3.34
48-47	-0.83	1.89
while	-0.83	2.16
par	-0.83	2.36
trust	-0.83	2.84
tendency	-0.83	1.73
suffered	-0.83	1.61
supporting	-0.83	1.50
went	-0.83	2.21
til	-0.83	1.91
allows	-0.83	1.69
dhk	-0.82	1.20
lately	-0.82	1.78
likely	-0.82	2.80
came	-0.82	2.36
score	-0.82	1.78
as	-0.82	3.45
changed	-0.82	1.91
getting	-0.82	2.26
tarec	-0.82	1.20
has	-0.82	2.23
pissing	-0.82	1.29
brass	-0.82	1.20
norm	-0.82	1.27
instantly	-0.82	1.95
find	-0.82	3.19
cody	-0.82	1.22
false	-0.82	1.96
away	-0.82	2.12
leads	-0.81	1.54
feeling	-0.81	3.00
fits	-0.81	1.09
tool	-0.81	1.28
survived	-0.81	1.69
first	-0.81	2.44
than	-0.81	1.58
turns	-0.81	1.88
nose	-0.81	1.39
fence	-0.81	1.69
since	-0.81	2.59
joint	-0.81	1.58
dies	-0.81	1.52
block	-0.81	1.80
let	-0.80	3.34
30-27	-0.80	1.54
tends	-0.80	2.24
turned	-0.80	2.01
realise	-0.80	3.30
strongly	-0.80	1.96
otherwise	-0.80	3.60
until	-0.80	2.40
idiots	-0.80	1.41
imho	-0.80	1.66
us	-0.80	1.89
pushed	-0.80	1.57
racist	-0.80	1.41
keep	-0.80	2.55
liked	-0.80	2.55
bump	-0.80	1.27
depends	-0.80	2.04
bone	-0.80	1.47
pick	-0.80	2.02
decide	-0.80	2.69
sucked	-0.80	2.47
finally	-0.79	2.44
step	-0.79	2.03
skull	-0.79	1.48
target	-0.79	1.51
instant	-0.79	1.65
fingers	-0.79	1.50
help	-0.79	3.00
stool	-0.79	1.50
caused	-0.79	1.68
imo	-0.79	2.55
st	-0.79	1.30
function	-0.78	1.32
loss	-0.78	1.59
belcher	-0.78	1.45
douchey	-0.78	1.62
slipping	-0.78	1.43
dick	-0.78	1.35
clean	-0.78	1.73
pre	-0.78	1.28
circle	-0.78	1.52
manages	-0.78	2.48
erick	-0.78	1.12
ended	-0.78	1.89
nut	-0.77	1.45
change	-0.77	2.46
although	-0.77	3.99
clarify	-0.77	4.54
grabbing	-0.77	1.54
harder	-0.77	1.62
anyways	-0.77	2.75
someones	-0.77	1.66
vada	-0.77	1.53
though	-0.77	4.00
normally	-0.77	2.75
repeatedly	-0.77	1.77
repeated	-0.77	1.66
catching	-0.76	1.62
fair	-0.76	2.87
scored	-0.76	1.63
teeth	-0.76	1.40
cunt	-0.76	1.38
gnp	-0.76	2.09
via	-0.76	1.82
into	-0.76	2.06
going	-0.76	3.82
honestly	-0.76	3.96
dicks	-0.76	1.24
thought	-0.76	3.63
there	-0.76	3.16
apparent	-0.76	1.26
lazy	-0.75	1.33
weird	-0.75	2.66
saffiedine	-0.75	1.22
trash	-0.75	1.03
viewed	-0.75	1.32
prick	-0.75	1.33
hung	-0.75	1.46
scream	-0.75	1.35
juicing	-0.75	1.32
apply	-0.75	1.85
49-46	-0.75	1.76
recall	-0.75	2.61
doesnt	-0.75	3.28
committed	-0.75	1.58
brown	-0.75	1.24
took	-0.75	2.07
gagnon	-0.75	1.51
somehow	-0.74	2.59
surgery	-0.74	1.63
m	-0.74	4.03
careers	-0.74	1.35
fallen	-0.74	1.54
rich	-0.74	1.39
publicly	-0.74	1.71
heather	-0.74	1.13
enough	-0.74	3.39
points	-0.74	1.95
dropped	-0.74	1.62
letting	-0.74	2.48
entire	-0.74	2.22
wait	-0.73	3.25
injure	-0.73	2.01
consistent	-0.73	1.48
utterly	-0.73	1.80
layoff	-0.73	1.79
look	-0.73	3.01
everywhere	-0.73	1.04
manage	-0.72	2.57
easily	-0.72	2.45
tried	-0.72	2.59
minus	-0.72	1.30
allowing	-0.72	1.78
leave	-0.72	2.55
takes	-0.72	2.13
wrap	-0.72	1.60
telling	-0.72	2.91
knock	-0.72	2.09
taps	-0.72	1.41
kept	-0.72	1.86
give	-0.72	3.06
lawsuit	-0.72	1.44
trying	-0.72	2.73
minds	-0.72	1.90
shin	-0.72	1.48
torn	-0.72	1.54
slammed	-0.71	1.68
winning	-0.71	1.84
retires	-0.71	2.26
doubt	-0.71	3.81
compare	-0.71	2.53
stun	-0.71	1.18
tap	-0.71	1.56
ego	-0.71	1.36
prediction	-0.71	1.51
kind	-0.71	2.21
previously	-0.71	1.85
including	-0.71	1.59
occasions	-0.71	2.45
wind	-0.71	1.39
intention	-0.71	1.83
expected	-0.71	3.01
goes	-0.71	2.33
truth	-0.70	2.28
slowly	-0.70	1.53
latifi	-0.70	1.19
asap	-0.70	2.59
soccer	-0.70	1.80
keith	-0.70	1.26
pyle	-0.70	1.12
decision	-0.70	1.55
intentionally	-0.70	1.59
mini	-0.70	1.27
dumbass	-0.70	1.96
arms	-0.70	1.60
considering	-0.70	1.99
long	-0.70	2.27
ends	-0.70	1.89
knowing	-0.70	2.38
perfect	-0.70	2.16
hold	-0.69	2.13
throat	-0.69	1.36
toes	-0.69	1.58
push	-0.69	1.95
end	-0.69	1.84
closed	-0.69	1.44
kongo	-0.69	1.05
proper	-0.69	1.57
second	-0.69	2.31
prevent	-0.69	2.04
crush	-0.69	1.27
poking	-0.69	1.46
close	-0.69	1.75
10-8	-0.69	1.73
thug	-0.69	1.11
able	-0.68	2.69
biased	-0.68	3.01
coffee	-0.68	1.20
joke	-0.68	2.06
naive	-0.68	1.89
so	-0.68	3.96
gets	-0.68	2.59
assuming	-0.68	3.99
american	-0.68	1.36
special	-0.68	1.98
hyun	-0.68	1.18
worry	-0.68	3.08
through	-0.68	1.67
less	-0.68	1.78
glove	-0.68	1.51
its	-0.68	3.15
body	-0.68	1.77
10-9	-0.68	1.78
managed	-0.67	2.51
3-2	-0.67	1.96
those	-0.67	2.18
ruled	-0.67	1.55
riding	-0.67	1.28
bicep	-0.67	1.61
won	-0.67	1.80
29-28	-0.67	1.66
longer	-0.67	1.77
injury	-0.67	1.62
mein	-0.67	1.15
rear	-0.67	1.96
cheated	-0.67	1.50
split	-0.67	1.49
woodley	-0.66	1.26
learned	-0.66	2.00
treating	-0.66	1.84
bombs	-0.66	1.94
subjective	-0.66	2.03
changes	-0.66	1.58
behind	-0.66	1.87
havent	-0.66	2.24
widely	-0.66	1.59
bothers	-0.66	1.89
contribute	-0.66	2.46
willing	-0.66	3.07
kill	-0.66	2.09
bader	-0.66	1.42
spent	-0.66	1.92
tongue	-0.65	1.50
opportunity	-0.65	2.46
lying	-0.65	1.60
differently	-0.65	2.71
rumor	-0.65	1.82
slightest	-0.65	1.42
hits	-0.65	2.14
outcome	-0.65	2.26
unanimous	-0.65	1.55
put	-0.65	2.64
decided	-0.65	2.83
4th	-0.65	1.80
10-10	-0.65	1.74
open	-0.65	1.49
asshole	-0.65	1.34
counted	-0.65	1.82
grabbed	-0.65	1.49
mat	-0.65	1.69
injured	-0.65	1.52
silvas	-0.65	1.33
occur	-0.64	1.95
gary	-0.64	1.15
cage	-0.64	1.87
imply	-0.64	3.62
attempting	-0.64	2.28
applies	-0.64	1.72
times	-0.64	2.17
helps	-0.64	1.56
punish	-0.64	2.20
retired	-0.64	2.09
result	-0.64	1.74
after	-0.64	2.23
told	-0.64	2.47
save	-0.64	2.04
round	-0.64	1.81
arguing	-0.64	3.25
many	-0.64	2.19
bare	-0.63	1.55
hater	-0.63	2.05
gt	-0.63	3.81
rounds	-0.63	1.86
alot	-0.63	2.17
prior	-0.63	1.71
masvidal	-0.63	1.06
fifth	-0.63	1.78
bring	-0.63	2.50
wrist	-0.63	1.59
habit	-0.63	1.72
pop	-0.63	1.35
weaker	-0.63	1.61
opens	-0.63	1.49
reputation	-0.63	1.22
gave	-0.63	1.90
single	-0.63	2.99
dying	-0.62	1.45
opponent	-0.62	1.96
grabs	-0.62	1.51
drops	-0.62	1.67
predictable	-0.62	1.61
rarely	-0.62	2.16
stands	-0.62	1.97
packed	-0.62	1.21
pearson	-0.62	1.26
ate	-0.62	1.69
bully	-0.62	1.16
idea	-0.62	3.64
saved	-0.62	1.38
percent	-0.62	1.78
pls	-0.62	1.60
donald	-0.61	1.08
cummings	-0.61	1.28
antics	-0.61	0.91
history	-0.61	4.34
retirement	-0.61	1.93
plenty	-0.61	2.22
ago	-0.61	2.16
politics	-0.61	1.32
dozen	-0.61	2.07
ultimately	-0.61	1.89
third	-0.61	1.80
stack	-0.61	1.36
april	-0.61	1.93
frustrating	-0.61	2.70
murder	-0.61	1.53
pull	-0.61	2.35
seem	-0.61	3.44
door	-0.61	1.66
dark	-0.61	1.34
funniest	-0.61	3.96
felt	-0.61	2.42
bite	-0.61	1.93
feet	-0.61	1.71
regret	-0.61	2.18
2nd	-0.60	1.74
seconds	-0.60	2.17
square	-0.60	1.75
dui	-0.60	1.25
despite	-0.60	1.60
canadians	-0.60	1.50
universe	-0.60	1.39
douche	-0.60	1.27
treat	-0.60	1.52
repeat	-0.60	1.67
korean	-0.60	1.09
remove	-0.60	1.79
refused	-0.60	2.59
chose	-0.60	2.64
months	-0.60	2.09
e.g	-0.60	1.25
threatened	-0.59	1.23
immediately	-0.59	2.04
towel	-0.59	1.32
3rd	-0.59	1.77
years	-0.59	2.09
mentioned	-0.59	2.10
barely	-0.59	2.15
lombard	-0.59	1.32
refusing	-0.59	2.74
somewhere	-0.59	2.05
protect	-0.59	1.65
missing	-0.59	3.73
moral	-0.59	1.35
ducked	-0.59	1.42
finger	-0.59	1.53
ellenberger	-0.59	1.24
hendo	-0.59	1.19
vulnerable	-0.59	1.31
admit	-0.59	3.62
hendricks	-0.59	1.62
bounce	-0.59	2.21
osp	-0.59	1.34
threaten	-0.58	1.41
died	-0.58	1.48
lowest	-0.58	4.22
chance	-0.58	2.81
1st	-0.58	1.71
situation	-0.58	2.50
scott	-0.58	1.07
trade	-0.58	1.82
brandon	-0.58	1.00
angela	-0.58	1.14
older	-0.58	1.43
holds	-0.58	1.45
75	-0.58	1.85
sam	-0.58	1.30
punched	-0.58	1.57
grab	-0.58	1.61
by	-0.58	2.11
mouse	-0.58	1.22
tyron	-0.58	1.28
length	-0.58	1.59
cold	-0.58	1.42
complete	-0.58	1.46
90	-0.58	1.88
cote	-0.57	1.11
bas	-0.57	1.23
falling	-0.57	1.62
handle	-0.57	2.25
deserve	-0.57	2.50
opening	-0.57	1.33
tear	-0.57	1.49
douchebag	-0.57	1.35
demetrious	-0.57	1.26
neck	-0.57	1.57
belong	-0.57	2.97
intent	-0.57	1.93
stand	-0.57	2.89
atmosphere	-0.57	1.24
sadly	-0.57	2.31
5th	-0.57	1.80
order	-0.57	2.39
magana	-0.57	1.16
amounts	-0.57	1.33
lie	-0.57	3.06
mentions	-0.57	2.16
bigger	-0.57	1.62
life	-0.57	1.90
inside	-0.57	1.72
are	-0.57	2.65
howard	-0.57	1.36
fighting	-0.56	3.18
wings	-0.56	1.29
extended	-0.56	1.66
designed	-0.56	1.96
mckenzie	-0.56	1.21
calling	-0.56	1.71
fourth	-0.56	1.77
essentially	-0.56	2.19
beforehand	-0.56	1.77
misses	-0.55	1.65
sue	-0.55	2.12
hype	-0.55	1.24
butt	-0.55	1.62
air	-0.55	1.33
dodson	-0.55	1.23
ways	-0.55	2.42
side	-0.55	1.90
taking	-0.55	2.44
hasnt	-0.55	2.24
lawler	-0.55	1.55
knockdown	-0.55	1.67
limb	-0.54	1.51
avoid	-0.54	2.10
scores	-0.54	1.52
typical	-0.54	1.27
lasted	-0.54	2.03
trolling	-0.54	1.79
moments	-0.54	4.03
total	-0.54	1.39
irish	-0.54	1.30
forced	-0.54	2.99
from	-0.54	2.18
rocked	-0.54	1.52
switch	-0.54	1.77
last	-0.54	2.10
automatically	-0.54	2.20
proves	-0.54	2.04
lost	-0.54	1.76
insult	-0.54	1.60
accident	-0.54	1.65
ride	-0.54	1.80
frye	-0.54	1.06
standing	-0.54	1.80
hominick	-0.54	1.21
follows	-0.54	1.86
possibility	-0.54	2.25
talked	-0.54	1.89
gon	-0.53	3.48
these	-0.53	2.19
shortly	-0.53	2.11
weeks	-0.53	2.09
rd	-0.53	1.66
downvotes	-0.53	2.34
anjos	-0.53	1.09
purpose	-0.53	2.26
harris	-0.53	1.04
avoided	-0.53	1.84
follow	-0.53	2.04
win	-0.53	1.84
streak	-0.53	1.78
shogun	-0.53	1.23
beginning	-0.53	1.94
thompson	-0.53	1.11
granted	-0.53	2.04
counting	-0.53	2.98
hands	-0.53	1.81
knockouts	-0.53	1.95
rolled	-0.52	1.76
blocking	-0.52	1.56
vibe	-0.52	1.25
itself	-0.52	1.54
actions	-0.52	1.57
due	-0.52	1.83
p4p	-0.52	4.45
bitches	-0.52	1.46
worth	-0.52	2.29
year	-0.52	2.15
waited	-0.52	1.83
nuts	-0.52	1.33
numerous	-0.52	1.97
notice	-0.52	2.06
over	-0.52	2.07
jury	-0.52	1.22
replied	-0.52	4.15
flip	-0.52	1.57
perhaps	-0.52	3.17
onto	-0.52	1.59
healy	-0.52	1.09
trauma	-0.52	1.60
following	-0.52	1.67
themselves	-0.52	2.50
thatch	-0.52	1.10
lim	-0.52	1.18
herrig	-0.52	1.15
alves	-0.52	1.11
rewatch	-0.52	2.20
beyond	-0.52	1.67
locks	-0.52	1.60
robbie	-0.52	1.51
mentioning	-0.52	2.59
defend	-0.51	2.10
exceptions	-0.51	1.51
jokes	-0.51	1.73
explode	-0.51	1.72
ryan	-0.51	1.29
handful	-0.51	2.08
bomb	-0.51	1.67
josh	-0.51	1.08
virtually	-0.51	1.76
spend	-0.51	1.87
implement	-0.51	1.40
minute	-0.51	1.99
stick	-0.51	2.04
choose	-0.51	2.40
arena	-0.51	1.28
duck	-0.51	1.44
yell	-0.51	1.57
twist	-0.50	1.61
ignoring	-0.50	1.97
charges	-0.50	1.61
scoring	-0.50	1.68
cerrone	-0.50	1.08
clause	-0.50	1.63
fails	-0.50	1.65
combinations	-0.50	1.91
unconscious	-0.50	1.52
depending	-0.50	1.95
damage	-0.50	1.59
got	-0.50	2.37
brunson	-0.50	1.45
counters	-0.50	1.88
fake	-0.50	1.24
whoop	-0.50	1.60
group	-0.50	1.23
cheat	-0.49	1.52
burn	-0.49	1.32
guilty	-0.49	1.75
continues	-0.49	2.17
bobby	-0.49	1.10
cheating	-0.49	1.40
flag	-0.49	1.13
nowadays	-0.49	1.52
putting	-0.49	2.21
multiple	-0.49	1.99
days	-0.49	2.01
dropping	-0.49	1.97
rape	-0.49	1.52
liar	-0.49	1.47
tons	-0.49	2.01
knocked	-0.49	1.57
acting	-0.49	1.31
brain	-0.49	1.61
twice	-0.49	1.89
outta	-0.49	1.45
especially	-0.49	1.90
benavidez	-0.49	1.28
na	-0.49	3.55
previous	-0.49	2.17
cases	-0.49	1.74
minutes	-0.48	2.07
johnny	-0.48	1.39
felice	-0.48	1.16
tune	-0.48	2.26
kos	-0.48	1.74
vocal	-0.48	1.09
korea	-0.48	1.14
domestic	-0.48	1.63
acted	-0.48	1.28
protecting	-0.48	1.47
drama	-0.48	1.04
later	-0.48	2.08
johny	-0.48	1.41
hours	-0.48	2.04
backs	-0.48	1.62
1-2	-0.48	1.86
define	-0.48	2.07
race	-0.47	1.24
sore	-0.47	1.64
hardest	-0.47	4.23
decisively	-0.47	1.69
several	-0.47	2.08
paul	-0.47	1.14
set	-0.47	1.60
concussion	-0.47	1.59
claiming	-0.47	2.33
inches	-0.47	1.92
badly	-0.47	2.04
forcing	-0.47	2.54
crime	-0.47	1.48
little	-0.47	2.16
convicted	-0.47	1.49
wanting	-0.47	2.85
duke	-0.47	1.21
sticking	-0.47	1.67
december	-0.47	2.08
fall	-0.47	1.89
rua	-0.46	1.22
uriah	-0.46	1.24
palhares	-0.46	1.22
loses	-0.46	2.07
circumstances	-0.46	1.80
bias	-0.46	1.48
culture	-0.46	1.41
unlikely	-0.46	1.77
successfully	-0.46	2.04
stuff	-0.46	2.72
trend	-0.46	1.59
responsibility	-0.46	1.60
loaded	-0.46	1.49
reaching	-0.46	1.91
maldonado	-0.46	1.31
stadium	-0.46	1.21
personally	-0.46	3.67
any	-0.46	2.83
pierre	-0.46	1.28
rafael	-0.46	1.07
various	-0.46	2.02
consecutive	-0.46	1.73
ko	-0.46	1.66
marketing	-0.46	1.28
uppercut	-0.45	2.30
cause	-0.45	2.23
feels	-0.45	1.96
choking	-0.45	1.71
legs	-0.45	1.55
juice	-0.45	1.35
seat	-0.45	1.29
both	-0.45	2.39
myself	-0.45	3.13
mighty	-0.45	1.24
refer	-0.45	1.88
brutally	-0.45	1.67
ones	-0.45	2.32
returns	-0.45	1.82
continuing	-0.45	2.36
ears	-0.45	1.45
chiesa	-0.45	1.49
passed	-0.45	1.89
ran	-0.45	1.79
offered	-0.45	2.21
feelings	-0.45	1.53
miller	-0.44	1.09
exposed	-0.44	1.39
prime	-0.44	1.35
july	-0.44	1.98
backwards	-0.44	1.75
scheduled	-0.44	2.29
fitch	-0.44	1.11
move	-0.44	2.27
assuncao	-0.44	1.23
rematches	-0.44	1.62
attacking	-0.44	1.58
green	-0.44	1.09
fully	-0.44	2.34
lots	-0.44	2.06
jose	-0.44	1.21
continue	-0.44	2.50
speculation	-0.44	1.70
injuries	-0.44	1.60
usually	-0.44	2.11
vision	-0.44	1.48
cans	-0.43	1.45
utter	-0.43	1.48
dj	-0.43	1.32
till	-0.43	2.11
thousands	-0.43	1.83
perform	-0.43	1.69
criminal	-0.43	1.46
wouldnt	-0.43	3.23
handily	-0.43	1.66
given	-0.43	2.27
legacy	-0.43	1.44
renan	-0.43	1.21
august	-0.43	2.02
wineland	-0.42	1.15
fanboy	-0.42	1.91
talking	-0.42	3.25
fail	-0.42	1.87
political	-0.42	1.14
mins	-0.42	1.92
georges	-0.42	1.21
forrest	-0.42	1.15
touch	-0.42	1.66
las	-0.42	1.26
robbed	-0.42	1.72
logic	-0.42	2.15
mccall	-0.42	1.18
learn	-0.42	2.10
floor	-0.42	1.62
mizugaki	-0.42	1.18
favor	-0.42	1.64
demian	-0.42	1.25
lineker	-0.42	1.21
setting	-0.42	1.60
court	-0.42	1.81
process	-0.42	1.84
impact	-0.42	1.68
sit	-0.41	2.52
2015	-0.41	2.11
stated	-0.41	2.31
incident	-0.41	1.83
cruickshank	-0.41	1.08
cowboy	-0.41	1.09
longo	-0.41	1.31
beef	-0.41	1.00
halfway	-0.41	1.77
legally	-0.41	1.49
worlds	-0.41	4.38
combos	-0.41	1.87
dominick	-0.41	1.22
atleast	-0.41	1.80
100	-0.41	1.79
fastest	-0.41	4.29
sarcastic	-0.41	3.68
run	-0.40	2.15
insults	-0.40	1.72
tony	-0.40	1.14
tagged	-0.40	1.44
upvotes	-0.40	1.99
proven	-0.40	2.06
asks	-0.40	2.31
kinds	-0.40	2.07
bunch	-0.40	2.10
hundreds	-0.40	1.90
announced	-0.40	2.00
busted	-0.40	1.44
mcdonald	-0.40	1.20
youre	-0.40	2.12
february	-0.40	2.02
bound	-0.40	2.71
consequences	-0.40	1.61
march	-0.40	2.03
leonard	-0.40	1.21
two	-0.40	2.15
tavares	-0.40	1.20
yoel	-0.40	1.32
drop	-0.40	2.10
blaming	-0.40	2.18
criteria	-0.40	1.72
promised	-0.39	1.91
talk	-0.39	2.33
oblivion	-0.39	1.58
lights	-0.39	1.31
maia	-0.39	1.22
society	-0.39	1.27
holding	-0.39	1.62
june	-0.39	2.02
proved	-0.39	1.77
acl	-0.39	1.50
law	-0.39	1.68
significantly	-0.39	1.53
moraga	-0.39	1.23
fear	-0.39	1.37
hips	-0.39	1.52
north	-0.39	1.25
caught	-0.39	1.55
uncommon	-0.39	1.73
leben	-0.39	1.18
nicely	-0.39	1.49
west	-0.39	1.30
apart	-0.39	1.38
shouldnt	-0.39	2.60
arm	-0.39	1.59
practicing	-0.38	1.86
promoting	-0.38	1.93
biggest	-0.38	4.17
hector	-0.38	1.35
gun	-0.38	1.30
stacked	-0.38	1.50
openly	-0.38	1.78
bonnar	-0.38	1.17
hitting	-0.38	1.53
banned	-0.38	1.62
condit	-0.38	1.28
hof	-0.38	1.71
mendez	-0.38	1.16
sort	-0.38	1.87
concussions	-0.38	1.59
heads	-0.38	1.64
discussed	-0.38	2.12
romero	-0.38	1.34
problem	-0.38	2.69
pizza	-0.38	1.29
admitted	-0.38	1.98
flat	-0.38	1.58
prob	-0.37	2.18
medicine	-0.37	1.30
smack	-0.37	1.14
partially	-0.37	2.11
runs	-0.37	1.64
backing	-0.37	1.72
dirty	-0.37	1.41
always	-0.37	2.69
losses	-0.37	1.66
reached	-0.37	2.09
leaving	-0.37	1.43
unfortunately	-0.37	2.98
lived	-0.37	2.08
erik	-0.37	1.26
jim	-0.37	1.08
choked	-0.37	1.49
reverse	-0.37	1.84
octagon	-0.37	1.77
wins	-0.37	1.58
knockout	-0.37	1.96
dispute	-0.37	2.13
lit	-0.37	1.42
abusing	-0.37	1.51
kevin	-0.37	1.02
certain	-0.37	1.93
three	-0.37	2.11
spending	-0.36	1.81
canvas	-0.36	1.56
touching	-0.36	1.54
january	-0.36	2.07
practically	-0.36	1.51
knocks	-0.36	1.82
sonnen	-0.36	1.11
pulls	-0.36	2.05
tied	-0.36	2.48
judgement	-0.36	1.85
acts	-0.36	1.16
referred	-0.36	1.58
identical	-0.36	1.88
angle	-0.36	1.57
some	-0.36	2.36
sense	-0.36	2.55
called	-0.36	2.11
example	-0.36	1.77
other	-0.36	2.12
saw	-0.36	1.88
chael	-0.36	1.16
held	-0.36	1.68
clock	-0.36	1.53
disadvantage	-0.36	1.40
thomson	-0.36	1.10
october	-0.36	2.00
states	-0.36	1.54
claimed	-0.36	1.90
griffin	-0.36	1.15
problems	-0.36	1.59
struggle	-0.36	1.96
country	-0.36	1.38
fights	-0.36	1.88
cut	-0.35	2.09
lackluster	-0.35	2.51
adjust	-0.35	1.93
receiving	-0.35	1.77
cents	-0.35	1.89
kiss	-0.35	1.17
one-sided	-0.35	1.55
working	-0.35	2.43
grapple	-0.35	2.13
voting	-0.35	1.81
train	-0.35	1.57
row	-0.35	1.82
fewer	-0.35	1.71
area	-0.35	1.67
miles	-0.35	1.83
kampmann	-0.35	1.19
complaints	-0.35	1.87
therefore	-0.35	2.34
bryan	-0.35	1.03
dos	-0.35	1.11
belfort	-0.35	1.18
pulled	-0.35	1.83
objective	-0.35	2.12
hopes	-0.35	1.80
bar	-0.35	1.47
nurmagomedov	-0.35	1.13
silva	-0.35	1.16
ready	-0.35	2.95
commissions	-0.35	1.51
leaning	-0.35	1.99
theory	-0.34	2.34
succeed	-0.34	2.04
meisha	-0.34	1.21
summer	-0.34	1.95
nature	-0.34	1.46
signs	-0.34	1.39
changing	-0.34	1.95
min	-0.34	1.89
jorgensen	-0.34	1.22
failing	-0.34	1.68
wing	-0.34	1.83
outs	-0.34	1.60
connor	-0.34	1.16
concept	-0.34	1.64
november	-0.34	1.98
mistakes	-0.34	1.87
favour	-0.34	1.34
suplex	-0.34	1.45
reasons	-0.34	2.30
connection	-0.34	1.61
callen	-0.34	1.28
freedom	-0.34	1.29
aside	-0.34	1.57
moving	-0.33	1.84
fell	-0.33	1.72
force	-0.33	1.83
few	-0.33	2.10
september	-0.33	1.98
sapp	-0.33	1.31
reported	-0.33	1.38
merely	-0.33	2.76
franklin	-0.33	1.14
unable	-0.33	2.32
charged	-0.33	1.48
ring	-0.33	1.68
promise	-0.33	2.66
leverage	-0.33	1.55
dillashaw	-0.33	1.21
date	-0.33	2.09
rory	-0.33	1.32
kod	-0.33	1.48
hanging	-0.33	1.79
struggling	-0.33	2.25
marquardt	-0.33	1.15
drag	-0.33	1.92
bagautinov	-0.33	1.32
here	-0.33	3.24
seven	-0.33	2.07
tend	-0.33	1.66
closing	-0.32	1.39
mm	-0.32	1.27
4	-0.32	2.08
rutten	-0.32	1.29
2014	-0.32	2.01
losing	-0.32	1.97
cruz	-0.32	1.24
heavier	-0.32	1.61
threatening	-0.32	1.46
couple	-0.32	2.10
toughest	-0.32	4.17
harm	-0.32	1.59
recover	-0.32	1.68
castillo	-0.32	1.22
helped	-0.32	2.24
using	-0.32	1.64
situations	-0.32	2.00
2012	-0.32	2.01
shop	-0.31	1.30
fix	-0.31	2.13
tapout	-0.31	1.36
involve	-0.31	1.75
legitimacy	-0.31	1.59
koch	-0.31	1.11
confirm	-0.31	2.07
slam	-0.31	1.44
jason	-0.31	1.43
tko	-0.31	1.54
logo	-0.31	1.28
tossed	-0.31	1.56
moron	-0.31	1.66
miesha	-0.31	1.21
button	-0.31	1.90
henderson	-0.31	1.10
victim	-0.31	1.50
commit	-0.31	1.69
replacement	-0.30	1.79
rda	-0.30	1.11
armbars	-0.30	1.70
khabib	-0.30	1.13
own	-0.30	1.75
trick	-0.30	1.50
stipe	-0.30	1.20
bitter	-0.30	3.15
scenario	-0.30	1.83
typically	-0.30	1.75
finished	-0.30	1.59
edge	-0.30	1.63
2	-0.30	2.09
suffer	-0.30	1.65
warrant	-0.30	1.99
shoulders	-0.30	1.52
aldo	-0.30	1.19
opened	-0.30	1.40
parts	-0.30	2.24
mask	-0.30	1.28
zombie	-0.30	1.15
showtime	-0.30	1.31
severe	-0.30	1.59
york	-0.30	1.67
mcgregor	-0.30	1.16
2-1	-0.29	1.72
around	-0.29	1.83
claim	-0.29	2.60
eachother	-0.29	2.12
barao	-0.29	1.25
hang	-0.29	2.42
carmouche	-0.29	1.23
dennis	-0.29	1.14
six	-0.29	2.09
anderson	-0.29	1.17
shayna	-0.29	1.15
lorenzo	-0.29	1.39
tactic	-0.29	1.41
types	-0.29	1.90
nelson	-0.29	1.11
conspiracy	-0.29	1.24
ban	-0.29	1.60
alan	-0.29	1.15
places	-0.29	1.81
reel	-0.29	1.96
fire	-0.29	1.37
stephan	-0.29	1.17
def	-0.29	1.41
immediate	-0.29	2.02
affect	-0.29	1.88
opinion	-0.29	2.43
within	-0.29	1.85
realistically	-0.29	1.85
meathead	-0.29	1.23
moved	-0.29	1.61
assault	-0.29	1.47
suffering	-0.29	1.61
conor	-0.29	1.16
koed	-0.29	1.49
reality	-0.29	2.10
shake	-0.29	2.05
four	-0.29	2.06
hip	-0.29	1.57
joking	-0.29	3.54
translate	-0.29	1.88
option	-0.28	1.97
earn	-0.28	2.28
crushed	-0.28	1.36
alexis	-0.28	1.23
knife	-0.28	1.37
week	-0.28	2.01
greatest	-0.28	4.48
carried	-0.28	1.68
downvoted	-0.28	2.84
2013	-0.28	2.01
matt	-0.28	1.24
realized	-0.28	2.66
negative	-0.28	1.57
dolce	-0.28	1.55
sun	-0.28	1.18
mayhem	-0.28	1.55
6	-0.28	2.09
trouble	-0.28	1.73
dump	-0.28	1.28
dealt	-0.28	1.51
empty	-0.28	1.59
thousand	-0.28	1.88
latest	-0.28	1.64
macdonald	-0.28	1.33
koscheck	-0.28	1.21
placed	-0.28	1.53
2-3	-0.28	2.08
money	-0.28	1.91
factors	-0.28	2.13
treated	-0.27	1.59
sanchez	-0.27	1.23
potentially	-0.27	1.69
tapped	-0.27	1.60
gambling	-0.27	1.30
eight	-0.27	2.08
kz	-0.27	1.16
hulk	-0.27	1.27
surely	-0.27	1.96
gsp	-0.27	1.25
faber	-0.27	1.24
3-4	-0.27	2.08
shoot	-0.27	2.00
america	-0.27	1.27
effect	-0.27	1.82
urijah	-0.27	1.30
influence	-0.27	1.65
prepare	-0.27	1.91
population	-0.27	1.78
sitting	-0.27	1.64
sets	-0.27	1.33
giving	-0.27	2.37
ross	-0.27	1.25
acceptable	-0.26	1.42
lamas	-0.26	1.16
4-5	-0.26	2.08
introduced	-0.26	1.35
deal	-0.26	2.26
ireland	-0.26	1.25
clinch	-0.26	1.82
vitor	-0.26	1.18
sorts	-0.26	1.97
speech	-0.26	1.25
dominates	-0.26	1.68
no	-0.26	2.89
zingano	-0.26	1.25
seriously	-0.26	3.62
tests	-0.26	1.50
porier	-0.26	1.16
risk	-0.26	1.85
cat	-0.26	1.25
five	-0.26	2.10
machida	-0.26	1.20
tate	-0.25	1.25
announce	-0.25	1.92
smashed	-0.25	1.42
drunk	-0.25	1.64
2011	-0.25	1.98
policy	-0.25	1.72
okami	-0.25	1.15
kennedy	-0.25	1.27
mendes	-0.25	1.18
your	-0.25	2.09
carlos	-0.25	1.32
3	-0.25	2.09
moment	-0.25	2.88
helping	-0.25	2.07
1	-0.25	1.81
waist	-0.25	1.54
thiago	-0.25	1.10
interests	-0.25	1.46
promotional	-0.25	1.39
violence	-0.25	1.43
yushin	-0.25	1.18
compared	-0.25	1.61
poirier	-0.25	1.16
desperate	-0.25	1.63
barry	-0.25	1.23
cub	-0.25	1.24
walking	-0.25	1.79
accepting	-0.25	1.84
particular	-0.25	1.56
generally	-0.24	1.87
cultural	-0.24	1.27
nunes	-0.24	1.25
relevance	-0.24	1.56
sides	-0.24	1.97
commercials	-0.24	1.36
stood	-0.24	1.77
paint	-0.24	1.69
liddell	-0.24	1.13
sweden	-0.24	1.33
chad	-0.24	1.20
rousey	-0.24	1.27
dustin	-0.24	1.16
subbed	-0.24	1.47
initially	-0.24	2.40
hurting	-0.24	1.51
attempted	-0.24	1.55
lance	-0.24	1.48
entirely	-0.24	2.43
arent	-0.24	2.30
hundred	-0.24	1.90
7	-0.24	2.08
hardly	-0.24	1.98
faith	-0.24	1.31
karma	-0.24	2.14
professionally	-0.24	2.04
quite	-0.24	2.76
sudden	-0.24	1.60
arrested	-0.24	1.44
dramatic	-0.23	1.68
horribly	-0.23	1.68
lyoto	-0.23	1.20
shooting	-0.23	1.64
performed	-0.23	1.65
bendo	-0.23	1.13
properly	-0.23	2.31
lives	-0.23	1.67
le	-0.23	1.53
appearance	-0.23	1.17
old	-0.23	1.84
contest	-0.23	1.85
contention	-0.23	2.13
swanson	-0.23	1.19
describe	-0.23	1.97
chin	-0.23	1.48
matchmaking	-0.23	1.57
45	-0.23	1.91
different	-0.23	1.89
pettis	-0.23	1.18
matching	-0.23	1.41
participate	-0.23	2.16
strongest	-0.23	4.28
well	-0.23	3.12
more	-0.23	2.43
belief	-0.23	1.68
environment	-0.23	1.38
alistair	-0.23	1.15
casuals	-0.23	2.04
sensitive	-0.22	1.98
zone	-0.22	1.57
canada	-0.22	1.31
brandao	-0.22	1.13
jds	-0.22	1.15
hour	-0.22	1.84
trial	-0.22	1.66
5	-0.22	2.09
combination	-0.22	1.79
sometime	-0.22	2.14
proving	-0.22	2.74
cariaso	-0.22	1.33
hall	-0.22	1.27
rampage	-0.22	1.12
picked	-0.22	1.39
danny	-0.22	1.17
taste	-0.22	1.13
incorrect	-0.22	3.90
too	-0.22	3.33
whilst	-0.22	1.77
debate	-0.22	2.28
switched	-0.21	1.70
sign	-0.21	1.96
chris	-0.21	1.39
conditions	-0.21	1.74
serra	-0.21	1.17
window	-0.21	1.61
drink	-0.21	1.21
extent	-0.21	1.86
ending	-0.21	1.70
south	-0.21	1.27
siver	-0.21	1.16
line	-0.21	2.13
bermudez	-0.21	1.16
australia	-0.21	1.29
gassing	-0.21	1.50
figured	-0.21	2.26
tito	-0.21	1.18
dollars	-0.21	1.82
ortiz	-0.21	1.17
pulver	-0.21	1.41
struck	-0.21	1.39
implies	-0.21	2.13
edgar	-0.21	1.15
continued	-0.21	1.79
baroni	-0.21	1.51
frankie	-0.21	1.15
advance	-0.20	1.57
testing	-0.20	1.43
asking	-0.20	3.05
stephens	-0.20	1.16
outside	-0.20	2.04
asses	-0.20	1.58
distance	-0.20	1.60
hiding	-0.20	1.65
70	-0.20	1.82
challenge	-0.20	1.67
coast	-0.20	1.39
narrative	-0.20	1.32
dan	-0.20	1.09
reem	-0.20	1.09
system	-0.20	1.74
29	-0.20	1.86
oliveira	-0.20	1.20
russia	-0.20	1.32
causes	-0.20	1.63
calls	-0.20	2.94
ronda	-0.20	1.28
required	-0.20	2.00
fought	-0.20	1.82
ice	-0.20	1.27
bigfoot	-0.20	1.13
perception	-0.20	1.52
30	-0.20	2.01
sat	-0.20	1.65
khabilov	-0.20	1.09
laws	-0.19	1.48
strict	-0.19	1.43
use	-0.19	1.70
independent	-0.19	1.38
commission	-0.19	1.49
staring	-0.19	1.46
yourself	-0.19	2.40
deliver	-0.19	1.59
finishes	-0.19	1.71
i.e	-0.19	1.53
clay	-0.19	1.14
applied	-0.19	1.57
facts	-0.19	2.19
lies	-0.19	1.70
coincidence	-0.19	2.07
slower	-0.19	1.52
guida	-0.19	1.12
conduct	-0.19	1.38
werdum	-0.19	1.12
chokes	-0.19	1.59
gray	-0.19	1.11
unpopular	-0.19	2.30
miocic	-0.19	1.14
harsh	-0.18	2.05
pants	-0.18	1.17
bothered	-0.18	2.48
woah	-0.18	2.82
lock	-0.18	1.67
doc	-0.18	1.41
considered	-0.18	2.86
ball	-0.18	1.41
pounds	-0.18	1.84
discussions	-0.18	2.11
listened	-0.18	1.77
boetsch	-0.18	1.19
uses	-0.18	1.44
lean	-0.18	1.38
roy	-0.18	1.13
mode	-0.18	1.35
mod	-0.18	1.83
accidentally	-0.18	1.76
type	-0.18	1.21
sweat	-0.18	1.38
browne	-0.18	1.14
disrespect	-0.18	1.20
chuck	-0.18	1.14
jardine	-0.18	1.15
tears	-0.18	1.43
grant	-0.18	1.16
hunt	-0.18	1.14
dublin	-0.18	1.22
ktfo	-0.18	1.47
reign	-0.18	1.92
practices	-0.17	1.69
cheater	-0.17	1.47
fairness	-0.17	1.81
kaufman	-0.17	1.21
tougher	-0.17	1.63
necessary	-0.17	2.11
benson	-0.17	1.15
walked	-0.17	1.78
loads	-0.17	1.64
accusations	-0.17	1.90
smarter	-0.17	1.66
backed	-0.17	1.70
jorge	-0.17	1.10
popped	-0.17	1.57
daley	-0.17	1.14
turtle	-0.17	1.50
germany	-0.17	1.27
europe	-0.17	1.36
struve	-0.17	1.14
flyweight	-0.17	1.47
nate	-0.17	1.14
together	-0.17	2.31
fined	-0.17	2.10
begin	-0.17	2.03
our	-0.17	1.67
walks	-0.17	1.75
exemption	-0.17	1.59
bisping	-0.17	1.19
correia	-0.17	1.23
taller	-0.17	1.57
sake	-0.17	1.54
bank	-0.17	1.68
jj	-0.17	1.95
22	-0.17	1.84
earned	-0.17	2.11
month	-0.17	1.85
27	-0.17	1.84
limbs	-0.16	1.46
50/50	-0.16	2.25
38	-0.16	1.76
salt	-0.16	1.35
flight	-0.16	1.45
decades	-0.16	2.02
standard	-0.16	1.46
ideal	-0.16	1.60
determine	-0.16	1.98
travis	-0.16	1.14
management	-0.16	1.31
decline	-0.16	1.70
gegard	-0.16	1.22
genetics	-0.16	1.56
23	-0.16	1.84
effectively	-0.16	1.75
martin	-0.16	1.15
inch	-0.16	1.58
wada	-0.16	1.46
25	-0.16	1.91
specifically	-0.16	2.45
achieve	-0.16	1.96
charge	-0.16	1.52
issues	-0.16	1.74
center	-0.16	1.60
diego	-0.16	1.20
david	-0.15	1.20
tue	-0.15	1.59
state	-0.15	1.55
80	-0.15	1.68
24	-0.15	1.90
hair	-0.15	1.56
50	-0.15	1.85
santos	-0.15	1.20
nigga	-0.15	1.76
countries	-0.15	1.38
12	-0.15	2.02
promoters	-0.15	1.64
failed	-0.15	1.73
machine	-0.15	1.36
antonio	-0.15	1.17
20	-0.15	2.01
dry	-0.15	1.36
carwin	-0.15	1.15
vote	-0.15	2.40
therapy	-0.15	1.56
suspended	-0.15	1.62
similar	-0.15	1.91
denied	-0.15	1.66
choosing	-0.15	1.98
denying	-0.15	2.68
jeremy	-0.15	1.18
40	-0.15	1.88
maynard	-0.15	1.11
recovery	-0.15	1.64
munoz	-0.15	1.20
falls	-0.14	1.64
rose	-0.14	1.13
reactions	-0.14	1.27
pound	-0.14	2.13
8	-0.14	2.08
superfight	-0.14	1.45
retard	-0.14	1.86
version	-0.14	1.49
million	-0.14	1.78
stating	-0.14	3.09
submit	-0.14	2.05
younger	-0.14	1.56
combo	-0.14	2.18
switching	-0.14	1.64
35	-0.14	1.80
australian	-0.14	1.27
ground	-0.14	1.75
remembered	-0.14	2.12
mousasi	-0.14	1.24
carla	-0.14	1.13
jake	-0.14	1.22
small	-0.14	1.50
uk	-0.14	1.36
bleed	-0.13	1.26
ham	-0.13	1.15
nod	-0.13	1.57
atm	-0.13	2.12
randa	-0.13	1.09
blast	-0.13	1.36
bit	-0.13	2.24
clinching	-0.13	1.76
gloves	-0.13	1.49
spoiled	-0.13	1.54
laying	-0.13	1.68
junior	-0.13	1.16
mir	-0.13	1.13
punishment	-0.13	1.61
their	-0.13	1.82
tecia	-0.13	1.14
suspension	-0.13	1.93
18	-0.13	1.88
discussing	-0.13	2.42
judged	-0.13	1.74
directly	-0.13	1.71
neither	-0.13	2.97
unlike	-0.13	1.55
ricardo	-0.13	1.15
consciousness	-0.13	1.69
bed	-0.12	1.52
1.5	-0.12	1.91
at	-0.12	1.99
rush	-0.12	1.61
charles	-0.12	1.16
bust	-0.12	1.62
rockhold	-0.12	1.23
sticks	-0.12	1.70
challenging	-0.12	2.14
screen	-0.12	1.46
tim	-0.12	1.26
nsac	-0.12	1.52
rice	-0.12	1.23
juiced	-0.12	1.45
slight	-0.12	1.58
smaller	-0.12	1.56
abuse	-0.12	1.59
jojo	-0.12	1.13
received	-0.12	2.05
attacks	-0.12	1.67
shot	-0.12	2.21
wasnt	-0.12	2.46
east	-0.12	1.35
category	-0.12	2.15
negotiations	-0.12	1.61
drug	-0.12	1.55
pointing	-0.11	2.57
topic	-0.11	2.10
huna	-0.11	1.27
larger	-0.11	1.53
period	-0.11	1.92
lawyer	-0.11	1.49
schaub	-0.11	1.22
audience	-0.11	1.34
cocky	-0.11	1.35
stronger	-0.11	1.57
picking	-0.11	1.67
bucks	-0.11	1.78
groups	-0.11	1.53
mac	-0.11	1.37
gassed	-0.11	1.57
28	-0.11	1.76
options	-0.11	1.87
mostly	-0.11	2.36
dragon	-0.11	1.45
consensus	-0.11	1.77
16	-0.11	1.91
japanese	-0.11	1.32
regardless	-0.11	2.05
60	-0.11	1.76
afford	-0.11	1.73
day	-0.11	1.99
suggest	-0.11	2.80
join	-0.11	1.76
yeah	-0.11	3.76
steroids	-0.11	1.60
city	-0.10	1.40
17	-0.10	1.73
u.s	-0.10	1.41
adds	-0.10	1.55
random	-0.10	1.54
rather	-0.10	3.05
living	-0.10	1.56
standards	-0.10	1.38
thus	-0.10	1.97
region	-0.10	1.42
stone	-0.10	1.40
questioning	-0.10	2.54
hyping	-0.10	1.76
26	-0.10	1.78
roughly	-0.10	1.65
doping	-0.10	1.49
leaves	-0.10	1.64
aging	-0.10	1.38
stefan	-0.10	1.14
whereas	-0.10	1.81
receive	-0.10	2.05
frequent	-0.10	1.65
town	-0.10	1.39
condition	-0.10	1.62
variety	-0.10	1.78
keeping	-0.10	1.77
cup	-0.10	1.35
14	-0.10	1.87
cast	-0.10	1.36
approved	-0.09	1.58
peds	-0.09	1.54
destroying	-0.09	1.34
quickly	-0.09	2.08
plane	-0.09	1.37
13	-0.09	1.92
laughed	-0.09	2.04
fantasy	-0.09	1.65
foreign	-0.09	1.32
significant	-0.09	1.54
location	-0.09	1.61
effort	-0.09	1.85
downvote	-0.09	2.60
mexico	-0.09	1.26
found	-0.09	1.95
2007	-0.09	2.01
reckon	-0.09	2.69
dehydrated	-0.09	1.63
bw	-0.09	1.42
avoiding	-0.08	1.81
united	-0.08	1.39
tested	-0.08	1.54
caceres	-0.08	1.19
toward	-0.08	1.43
existed	-0.08	2.05
holm	-0.08	1.30
puts	-0.08	1.92
punished	-0.08	1.88
32	-0.08	1.84
19	-0.08	1.60
frank	-0.08	1.15
toss	-0.08	1.60
33	-0.08	1.71
defined	-0.08	2.05
tuf	-0.08	1.18
trains	-0.08	1.54
shorter	-0.08	1.54
driving	-0.08	1.41
gonzaga	-0.08	1.11
adapt	-0.07	1.90
space	-0.07	1.55
votes	-0.07	1.70
pr	-0.07	1.19
stalling	-0.07	1.62
21	-0.07	1.77
250	-0.07	1.69
rights	-0.07	1.67
curse	-0.07	1.43
blowing	-0.07	1.50
commented	-0.07	2.27
fluke	-0.07	1.49
tj	-0.07	1.25
substances	-0.07	1.61
ads	-0.07	1.27
lets	-0.07	2.94
viable	-0.07	1.35
lawyers	-0.07	1.54
understood	-0.07	1.86
fyi	-0.07	1.39
soa	-0.07	1.25
portion	-0.07	1.79
agreed	-0.07	3.27
forgotten	-0.07	2.05
carano	-0.07	1.32
hughes	-0.07	1.21
advantage	-0.07	1.52
herself	-0.06	1.56
age	-0.06	1.69
mitrione	-0.06	1.16
cung	-0.06	1.33
key	-0.06	1.94
submitted	-0.06	1.58
finish	-0.06	1.59
goal	-0.06	1.84
11	-0.06	1.90
test	-0.06	1.51
finishing	-0.06	1.60
esparza	-0.06	1.14
lighter	-0.06	1.80
overeem	-0.06	1.19
lbs	-0.06	1.76
positive	-0.06	1.54
merit	-0.06	1.93
earlier	-0.06	2.36
awarded	-0.06	1.96
sleep	-0.06	1.90
danger	-0.06	1.67
jacare	-0.06	1.25
defenses	-0.06	1.75
focusing	-0.05	1.94
license	-0.05	1.58
randomly	-0.05	1.51
cleared	-0.05	1.78
under	-0.05	1.78
served	-0.05	1.59
1-1	-0.05	1.80
overcome	-0.05	1.51
bc	-0.05	1.62
sending	-0.05	1.82
sounded	-0.05	1.64
lentz	-0.05	1.29
gilbert	-0.05	1.19
shallow	-0.05	1.50
quality	-0.05	1.58
poll	-0.05	1.74
arguments	-0.05	2.07
monopoly	-0.05	1.80
killed	-0.04	1.63
handled	-0.04	1.70
serve	-0.04	1.81
covered	-0.04	1.48
being	-0.04	1.69
hole	-0.04	1.46
cock	-0.04	1.39
gain	-0.04	1.77
glass	-0.04	1.44
ud	-0.04	1.48
exhausted	-0.04	1.53
says	-0.04	3.36
goat	-0.04	2.93
trt	-0.04	1.58
began	-0.04	1.87
computer	-0.04	1.48
400	-0.04	1.71
drive	-0.04	1.42
limits	-0.04	1.55
weighing	-0.04	1.74
rin	-0.03	1.28
exists	-0.03	1.90
poster	-0.03	1.27
offer	-0.03	1.84
ahead	-0.03	1.79
china	-0.03	1.30
220	-0.03	1.72
roids	-0.03	1.40
rothwell	-0.03	1.14
played	-0.03	1.21
steroid	-0.03	1.66
jre	-0.03	1.57
respective	-0.03	1.96
checking	-0.03	1.78
steam	-0.03	1.51
accurate	-0.03	1.62
assumptions	-0.03	2.33
religious	-0.03	1.01
rant	-0.03	1.59
rogan	-0.03	1.42
bringing	-0.03	1.65
200	-0.03	1.73
challenger	-0.03	1.88
weekly	-0.03	1.53
punching	-0.03	1.61
requires	-0.03	1.57
police	-0.03	1.33
based	-0.03	1.90
ensure	-0.03	1.79
california	-0.03	1.45
filled	-0.03	1.40
rumors	-0.03	1.80
earning	-0.03	1.80
represent	-0.03	1.61
contract	-0.03	1.59
penne	-0.03	1.14
2-0	-0.03	1.86
performing	-0.02	2.12
flash	-0.02	1.72
chair	-0.02	1.52
cuts	-0.02	1.68
threats	-0.02	1.71
faster	-0.02	1.57
125	-0.02	1.66
seats	-0.02	1.42
cole	-0.02	1.32
victories	-0.02	1.63
lb	-0.02	1.76
weighs	-0.02	1.75
replay	-0.02	1.47
announcement	-0.02	1.84
rolling	-0.02	1.55
steal	-0.02	2.25
car	-0.02	1.36
barnett	-0.02	1.08
giant	-0.02	1.31
weighed	-0.02	1.76
hill	-0.02	1.16
2010	-0.02	1.93
torres	-0.01	1.13
nearly	-0.01	2.26
9	-0.01	2.07
hearing	-0.01	1.70
incentive	-0.01	2.09
asia	-0.01	1.28
defended	-0.01	1.80
tl	-0.01	1.37
shown	-0.01	1.88
arlovski	-0.01	1.11
nakai	-0.01	1.26
rage	-0.01	1.25
lawlor	-0.01	1.35
dealing	-0.01	1.67
nevada	-0.01	1.51
rematch	-0.01	1.94
deserves	-0.01	2.19
app	-0.01	1.47
commentators	-0.01	1.54
rnc	-0.01	1.58
epo	-0.01	1.57
shields	-0.01	1.19
roll	-0.01	1.77
counts	-0.01	1.78
hard	-0.01	1.76
isnt	-0.01	2.55
ped	-0.01	1.60
99	-0.01	2.20
seasons	-0.01	1.58
justin	-0.00	1.20
conversation	-0.00	2.16
cops	-0.00	1.35
risks	-0.00	1.77
wall	-0.00	1.64
carrying	-0.00	1.48
handed	-0.00	1.80
removed	-0.00	2.31
skin	-0.00	1.24
home	-0.00	1.35
c'mon	-0.00	1.83
view	-0.00	2.20
fabricio	-0.00	1.33
knocking	-0.00	1.48
explained	-0.00	2.49
today	0.00	2.84
wide	0.00	1.39
suggests	0.00	2.10
having	0.00	2.07
record	0.00	1.90
math	0.00	1.94
etc	0.00	1.71
shed	0.00	1.68
health	0.00	1.60
lewis	0.00	1.33
negotiate	0.00	1.68
cutting	0.00	1.68
joe	0.00	1.42
convincingly	0.01	1.46
internet	0.01	1.60
anabolic	0.01	1.66
melendez	0.01	1.21
ur	0.01	2.09
lil	0.01	1.46
misleading	0.01	2.16
margin	0.01	1.38
tie	0.01	1.40
effects	0.01	1.70
comparing	0.01	1.89
capable	0.01	1.68
entering	0.01	1.89
starting	0.01	2.47
150	0.01	1.72
plays	0.01	1.77
2009	0.01	2.01
weapons	0.01	1.52
akiyama	0.01	1.15
faces	0.01	1.84
shamrock	0.01	1.19
grind	0.01	1.61
service	0.01	1.45
fill	0.01	1.44
promoted	0.01	1.04
forward	0.01	1.81
souza	0.01	1.28
statements	0.01	2.11
nations	0.01	1.24
and/or	0.02	1.79
alvarez	0.02	1.23
calderwood	0.02	1.13
table	0.02	1.44
steel	0.02	1.51
deciding	0.02	1.83
material	0.02	1.84
hire	0.02	1.70
jessica	0.02	1.16
wreck	0.02	1.34
nowhere	0.02	1.92
becomes	0.02	1.92
records	0.02	1.69
controlled	0.02	1.54
gina	0.02	1.35
volume	0.02	1.62
wasted	0.02	1.44
cycle	0.02	1.68
announcing	0.02	1.40
hgh	0.02	1.67
wanderlei	0.02	1.06
gil	0.02	1.25
joined	0.02	1.57
f	0.02	1.62
dollaway	0.02	1.39
ie	0.02	1.45
rings	0.03	1.10
finale	0.03	1.20
tweeted	0.03	1.86
205	0.03	1.76
cream	0.03	1.40
companion	0.03	1.55
near	0.03	2.41
extra	0.03	1.76
currently	0.03	2.72
winners	0.03	1.36
largely	0.03	1.96
36	0.03	1.77
developing	0.03	1.61
mark	0.03	1.09
cycling	0.03	1.56
entered	0.03	1.80
fine	0.03	3.98
stripped	0.03	1.82
manhoef	0.03	1.20
bec	0.03	1.13
tools	0.03	1.63
season	0.03	1.19
curran	0.03	1.26
pot	0.03	1.37
opportunities	0.04	1.83
flashy	0.04	1.67
slowed	0.04	1.42
shove	0.04	1.44
spread	0.04	1.60
weigh	0.04	1.76
paying	0.04	1.64
decade	0.04	2.25
blood	0.04	1.40
listen	0.04	1.60
reduce	0.04	1.94
water	0.04	1.44
minor	0.04	1.61
brings	0.04	1.64
cheaper	0.04	1.52
applying	0.04	1.68
emotions	0.04	1.45
tactics	0.04	1.49
contracts	0.04	1.65
government	0.04	1.41
clowning	0.04	1.47
road	0.04	1.64
265	0.04	1.78
proof	0.04	2.32
ladder	0.04	1.80
okay	0.04	3.23
penn	0.04	1.19
humor	0.04	1.82
mirko	0.04	1.02
podcast	0.04	1.59
next	0.04	2.35
185	0.04	1.76
mile	0.04	1.69
destroyed	0.05	1.41
gains	0.05	1.67
loser	0.05	1.44
trilogy	0.05	1.38
social	0.05	1.45
holly	0.05	1.31
half	0.05	1.78
shadow	0.05	1.66
upset	0.05	3.73
cost	0.05	1.63
frame	0.05	1.44
marijuana	0.05	1.47
watched	0.05	1.93
bet	0.05	1.92
lay	0.05	1.62
ages	0.05	1.34
billion	0.05	1.63
assumption	0.05	2.65
performances	0.05	1.83
daily	0.05	1.59
hmm	0.05	2.31
coleman	0.05	1.05
300	0.05	1.69
55	0.05	1.70
number	0.05	2.24
definition	0.05	1.96
confirmed	0.05	1.82
camp	0.06	1.58
sure	0.06	4.17
500	0.06	1.63
specific	0.06	1.75
intended	0.06	2.67
brendan	0.06	1.31
stall	0.06	1.57
potato	0.06	1.43
range	0.06	1.60
<URL>	0.06	1.31
<SPECIAL>	0.06	1.31
suggested	0.06	2.01
comparison	0.06	2.02
severely	0.06	1.68
sample	0.06	1.40
wise	0.06	1.83
dollar	0.06	1.74
require	0.06	1.80
fancy	0.06	1.41
truck	0.06	1.41
spot	0.06	2.68
prepared	0.07	2.22
bethe	0.07	1.25
wandy	0.07	1.29
rare	0.07	1.73
owned	0.07	1.46
sporting	0.07	1.74
net	0.07	1.64
houston	0.07	1.40
gender	0.07	1.63
outstruck	0.07	1.55
clip	0.07	1.78
tall	0.07	1.45
florian	0.07	1.22
excitement	0.07	1.28
pre-fight	0.07	1.46
worthy	0.07	1.92
secret	0.07	1.74
suppose	0.07	3.38
paid	0.07	1.66
shlemenko	0.07	1.25
lima	0.07	1.30
prison	0.08	1.61
covering	0.08	1.32
alcohol	0.08	1.36
spoilers	0.08	1.94
percentage	0.08	1.81
fashion	0.08	1.58
guns	0.08	1.42
motion	0.08	1.43
magic	0.08	1.48
controversy	0.08	1.52
terribly	0.08	2.36
reach	0.08	1.46
notorious	0.08	2.00
crack	0.08	2.20
threat	0.08	1.88
non	0.08	1.73
nogueira	0.08	1.06
dominated	0.08	1.49
fat	0.08	1.57
stage	0.08	1.89
170	0.08	1.77
thumbnail	0.09	1.87
simply	0.09	4.62
choice	0.09	1.36
latin	0.09	1.25
1000	0.09	1.64
owner	0.09	1.65
nog	0.09	1.06
throughout	0.09	1.54
cash	0.09	1.60
jimmo	0.09	1.27
thin	0.09	1.43
appears	0.09	1.62
psychological	0.09	1.46
jail	0.09	1.60
mindset	0.09	1.46
randy	0.09	1.20
anxiety	0.09	1.42
taunting	0.09	1.33
spirit	0.09	1.53
hunting	0.09	1.21
bout	0.09	1.77
licensed	0.09	1.62
brooks	0.09	1.33
sherk	0.09	1.27
england	0.09	1.37
couture	0.10	1.20
retiring	0.10	1.85
unexpected	0.10	1.71
reasoning	0.10	2.22
severn	0.10	1.15
work	0.10	2.72
spar	0.10	1.59
slow	0.10	1.56
according	0.10	1.76
murdered	0.10	1.41
agent	0.10	1.54
episodes	0.10	1.49
bob	0.10	1.35
locked	0.10	1.52
ferguson	0.10	1.16
chosen	0.10	1.61
millions	0.10	1.68
dive	0.10	1.64
ask	0.10	3.07
quicker	0.10	1.54
bars	0.10	1.36
encourage	0.11	1.99
slightly	0.11	1.87
choke	0.11	1.57
method	0.11	1.48
eating	0.11	1.40
appear	0.11	1.93
horse	0.11	1.42
weed	0.11	1.41
areas	0.11	1.61
signing	0.11	1.56
presented	0.11	1.93
gang	0.11	1.28
gaining	0.11	1.75
promote	0.11	1.82
pulling	0.11	2.14
potential	0.11	1.71
catchweight	0.11	1.72
momentum	0.11	1.45
permanent	0.11	1.71
breath	0.11	1.36
direct	0.11	1.49
tam	0.11	1.46
claims	0.11	2.09
talks	0.11	3.19
kimbo	0.12	1.38
argument	0.12	2.61
her	0.12	1.32
everyday	0.12	1.60
core	0.12	1.30
carmont	0.12	1.20
wrecked	0.12	1.52
ken	0.12	1.19
future	0.12	1.97
teach	0.12	1.90
backstage	0.12	1.51
height	0.12	1.61
yellow	0.12	1.30
slapped	0.12	1.49
cyborg	0.12	1.38
sub	0.12	1.90
combined	0.12	1.47
toronto	0.12	1.25
comparable	0.12	1.67
equal	0.12	1.74
duffee	0.12	1.76
don	0.12	1.17
rated	0.12	1.59
taekwondo	0.12	2.00
frequently	0.12	1.72
involves	0.13	1.72
treatment	0.13	1.65
chandler	0.13	1.29
affects	0.13	1.71
building	0.13	1.66
spoiler	0.13	2.01
downs	0.13	1.59
155	0.13	1.82
per	0.13	1.70
perceived	0.13	1.32
chances	0.13	1.74
issue	0.13	2.31
reward	0.13	1.62
exchange	0.13	1.44
arianny	0.13	1.39
contact	0.13	1.58
brawl	0.13	1.26
valid	0.13	2.29
download	0.13	1.54
agreement	0.13	1.96
commenting	0.13	2.55
lifting	0.13	1.86
master	0.13	1.60
cancel	0.13	1.88
often	0.13	1.98
reaction	0.14	1.53
jackson	0.14	1.38
degree	0.14	1.60
grade	0.14	1.72
ludwig	0.14	1.42
nam	0.14	1.48
attempt	0.14	1.74
jeff	0.14	1.44
riggs	0.14	1.49
humans	0.14	1.46
private	0.14	1.65
factor	0.14	1.86
passes	0.14	1.49
minimum	0.14	1.74
southpaw	0.14	1.92
jersey	0.14	1.34
weight	0.14	1.75
r/mma	0.14	2.19
pointed	0.14	2.31
fame	0.14	1.53
peak	0.14	1.68
morning	0.14	1.78
implied	0.14	3.00
secure	0.14	1.61
roufus	0.14	1.46
mounted	0.14	1.62
brimage	0.15	1.23
purposes	0.15	1.75
hero	0.15	1.32
correctly	0.15	4.45
tag	0.15	1.99
texas	0.15	1.43
doctors	0.15	1.39
respond	0.15	2.83
establish	0.15	1.77
evidence	0.15	2.20
duane	0.15	1.44
creepy	0.15	1.86
podcasts	0.15	1.51
followed	0.15	1.80
discuss	0.15	2.41
white	0.15	1.45
underestimate	0.15	1.60
destroy	0.15	1.34
frankly	0.15	2.43
note	0.16	2.10
equivalent	0.16	1.48
duplicate	0.16	1.98
post-fight	0.16	1.73
la	0.16	1.49
title	0.16	2.11
education	0.16	1.52
subreddit	0.16	2.14
nazi	0.16	1.90
views	0.16	1.70
0	0.16	1.79
finding	0.16	1.59
pads	0.16	1.47
moves	0.16	1.71
andy	0.16	1.46
security	0.16	1.51
measure	0.16	1.58
remaining	0.16	1.58
pack	0.16	1.42
bjorn	0.16	1.38
delayed	0.16	1.83
monday	0.16	1.94
ship	0.16	1.51
completely	0.16	2.32
milk	0.16	1.47
advocate	0.16	2.82
fabio	0.16	1.39
stann	0.17	1.17
desire	0.17	1.76
spotlight	0.17	1.61
signed	0.17	1.56
skip	0.17	1.92
gained	0.17	1.71
staff	0.17	1.42
luckily	0.17	1.96
coaches	0.17	1.50
wan	0.17	2.95
medical	0.17	1.56
understanding	0.17	1.33
san	0.17	1.40
alpha	0.17	1.50
cancer	0.17	1.51
british	0.17	1.33
room	0.17	1.48
goodridge	0.17	1.34
wears	0.17	1.23
blah	0.17	1.32
undefeated	0.17	1.94
commentating	0.17	1.27
threads	0.17	2.20
sprawl	0.17	1.67
legends	0.17	2.01
canadian	0.17	1.18
goldberg	0.17	1.32
creating	0.18	1.84
champs	0.18	2.04
phan	0.18	1.74
highlight	0.18	2.27
manager	0.18	1.56
check	0.18	1.86
randleman	0.18	1.05
german	0.18	1.33
smoking	0.18	1.46
users	0.18	1.99
ugly	0.18	1.51
booked	0.18	1.76
135	0.18	1.69
suit	0.18	1.23
curiosity	0.18	1.89
fit	0.18	1.23
coaching	0.18	1.45
difference	0.18	1.59
warren	0.19	1.35
capitalize	0.19	2.52
action	0.19	1.40
coach	0.19	1.60
live	0.19	1.54
generation	0.19	1.89
vera	0.19	1.11
built	0.19	1.54
eliminator	0.19	1.89
subs	0.19	1.57
ultimate	0.19	1.31
exclusive	0.19	1.60
position	0.19	1.62
teammates	0.19	1.48
testosterone	0.19	1.63
holloway	0.19	1.20
troll	0.19	1.83
travel	0.19	1.49
smile	0.19	1.81
separate	0.19	1.81
att	0.19	1.51
andrei	0.19	1.17
statistics	0.19	1.77
belly	0.19	1.42
evolved	0.20	1.69
wake	0.20	1.80
used	0.20	2.04
goofy	0.20	1.83
package	0.20	1.63
stories	0.20	1.68
breathing	0.20	1.52
price	0.20	1.52
heavily	0.20	1.71
whatsoever	0.20	1.90
sell	0.20	1.91
term	0.20	2.36
crossed	0.20	1.60
offering	0.20	1.69
basis	0.20	1.98
lesson	0.20	1.70
mountain	0.20	1.35
accounts	0.20	1.81
te	0.20	1.24
rates	0.20	1.91
em	0.20	2.71
ray	0.20	1.16
salary	0.20	1.59
guy	0.20	2.38
rugby	0.20	1.54
stress	0.20	1.45
marcus	0.20	1.24
clown	0.20	1.54
pay	0.20	1.62
purse	0.21	1.69
costs	0.21	1.59
pays	0.21	1.64
buffer	0.21	1.32
foty	0.21	1.57
clicked	0.21	1.79
interview	0.21	1.98
submissions	0.21	1.59
ill	0.21	2.59
pace	0.21	1.52
elevated	0.21	1.58
leading	0.21	1.62
145	0.21	1.82
christian	0.21	1.26
bowl	0.21	1.36
uniao	0.21	1.51
hoping	0.21	3.77
abused	0.21	1.53
smell	0.21	1.53
hardy	0.21	1.17
beer	0.21	1.32
audio	0.21	1.33
double	0.21	1.87
guillotine	0.21	1.58
joanna	0.21	1.38
attention	0.22	1.61
steven	0.22	1.21
brock	0.22	1.33
player	0.22	1.62
press	0.22	1.75
theyre	0.22	2.64
takedowns	0.22	1.59
mirror	0.22	1.60
mods	0.22	2.08
rewatched	0.22	1.91
solution	0.22	1.96
slice	0.22	1.37
tax	0.22	1.48
capacity	0.22	1.38
175	0.22	1.54
strap	0.22	1.77
owners	0.22	1.51
status	0.22	2.42
hotel	0.22	1.37
agreeing	0.22	3.36
100k	0.22	1.60
matchup	0.22	1.52
mass	0.22	1.54
nova	0.22	1.51
cuz	0.22	2.35
needle	0.22	1.62
pair	0.23	1.29
undisputed	0.23	1.98
fw	0.23	1.59
bang	0.23	1.96
asked	0.23	2.53
grip	0.23	1.50
angles	0.23	1.46
ticket	0.23	1.44
weigh-ins	0.23	1.73
nails	0.23	1.43
jacked	0.23	1.61
mayweather	0.23	2.12
hospital	0.23	1.62
red	0.23	1.29
listening	0.23	1.66
team	0.23	1.53
attacked	0.23	1.63
examples	0.23	2.26
express	0.23	1.58
blanket	0.23	1.54
lesnar	0.23	1.27
scale	0.23	1.74
newton	0.23	1.32
camps	0.23	1.50
emotional	0.23	1.49
carries	0.23	1.58
release	0.23	1.69
improve	0.23	1.86
washed	0.23	1.42
ratio	0.23	1.57
muscles	0.23	1.42
expensive	0.23	1.35
add	0.23	2.39
gear	0.24	1.29
pray	0.24	1.56
includes	0.24	1.59
ability	0.24	1.98
ten	0.24	2.42
grew	0.24	1.43
bear	0.24	1.33
insurance	0.24	1.55
weather	0.24	1.55
financially	0.24	1.85
teaching	0.24	1.74
native	0.24	1.42
energy	0.24	1.40
markets	0.24	1.44
exercise	0.24	1.59
meaningful	0.24	1.85
each	0.24	2.18
roger	0.24	1.42
replace	0.24	1.39
rolls	0.24	1.50
poorly	0.25	2.47
shits	0.25	1.20
cover	0.25	1.67
ton	0.25	1.69
episode	0.25	1.45
controlling	0.25	1.49
utilize	0.25	1.70
paycheck	0.25	1.72
shirts	0.25	1.29
deep	0.25	1.43
hormones	0.25	1.85
spell	0.25	2.95
pc	0.25	1.39
income	0.25	1.61
guaranteed	0.25	1.71
ad	0.25	1.65
wwe	0.25	1.19
ufc.tv	0.25	1.48
carry	0.25	1.60
growth	0.25	1.70
subscription	0.25	1.57
complicated	0.25	1.66
rickson	0.25	1.48
included	0.25	1.66
winner	0.25	1.55
uniform	0.25	1.43
pissed	0.25	3.57
released	0.25	1.62
jay	0.25	1.31
vegas	0.25	1.36
aoki	0.25	1.26
bum	0.25	1.57
shorts	0.25	1.32
meh	0.25	1.82
available	0.26	1.53
171	0.26	1.43
conference	0.26	1.72
attempts	0.26	1.59
evolve	0.26	1.79
scrap	0.26	1.47
profits	0.26	1.55
profit	0.26	1.57
bodies	0.26	1.67
methods	0.26	1.63
announcer	0.26	1.33
credibility	0.26	1.53
floyd	0.26	2.57
clips	0.26	1.85
responding	0.26	3.27
discussion	0.26	2.08
walk	0.26	1.78
nick	0.26	1.30
theres	0.26	2.09
beaten	0.26	1.54
middle	0.26	1.78
upon	0.27	1.85
aka	0.27	1.51
royce	0.27	1.51
wars	0.27	1.56
martial	0.27	2.26
thread	0.27	2.36
resume	0.27	1.61
ranking	0.27	2.44
interviewed	0.27	1.68
tv	0.27	1.50
science	0.27	1.68
gap	0.27	1.47
stylistic	0.27	1.61
neutral	0.27	1.87
name	0.27	1.90
dominate	0.27	1.52
15	0.27	2.34
dr	0.27	1.31
full	0.27	1.49
attract	0.27	1.74
smashing	0.27	1.36
taxes	0.27	1.51
baseball	0.27	1.63
occasionally	0.27	1.64
stock	0.27	1.37
hockey	0.27	1.59
forgetting	0.27	2.56
learning	0.27	1.64
guys	0.28	2.80
honor	0.28	1.46
across	0.28	1.46
diet	0.28	1.39
elaborate	0.28	2.72
ratings	0.28	1.71
killing	0.28	1.18
clothes	0.28	1.25
da	0.28	1.81
rise	0.28	1.85
yesterday	0.28	1.95
weapon	0.28	1.52
cheap	0.28	1.38
strange	0.28	2.98
expenses	0.28	1.51
phrase	0.28	2.16
positions	0.28	1.64
stream	0.28	1.52
venue	0.28	1.37
fee	0.28	1.56
passing	0.28	1.53
play	0.29	1.57
relative	0.29	1.81
return	0.29	2.03
aspect	0.29	1.86
deals	0.29	1.57
settle	0.29	1.81
store	0.29	1.40
limit	0.29	1.70
triangle	0.29	1.57
gym	0.29	1.59
180	0.29	1.55
equally	0.29	2.16
normal	0.29	1.62
progress	0.29	1.65
minimal	0.29	1.48
trained	0.29	2.17
track	0.29	1.47
produce	0.29	1.80
seemingly	0.29	1.90
trainers	0.29	1.60
provided	0.29	1.89
ppvs	0.29	1.56
brand	0.29	1.58
mentality	0.30	1.36
initial	0.30	2.52
gives	0.30	2.03
employees	0.30	1.52
opinions	0.30	1.97
titles	0.30	1.79
checks	0.30	1.42
stiff	0.30	1.44
parties	0.30	1.71
suggesting	0.30	2.96
spanish	0.30	1.58
offended	0.30	2.59
naked	0.30	1.54
nhl	0.30	1.61
training	0.30	1.58
somewhat	0.30	2.18
interim	0.30	1.92
kenny	0.30	1.19
pitbull	0.30	1.27
personal	0.30	1.64
wild	0.30	1.49
iii	0.30	1.27
hormone	0.30	1.93
taught	0.30	1.75
stuffed	0.30	1.60
nailed	0.30	1.59
sentiment	0.30	2.59
implying	0.30	4.38
stats	0.30	1.60
garcia	0.30	1.48
upvoted	0.30	2.46
color	0.31	1.20
wrestle	0.31	2.01
regulated	0.31	1.69
fightpass	0.31	1.52
show	0.31	1.67
nfl	0.31	1.64
maintain	0.31	1.66
bantamweight	0.31	1.71
modern	0.31	2.49
hd	0.31	1.48
spots	0.31	2.24
serious	0.31	1.57
10	0.31	2.46
anik	0.31	1.29
football	0.31	1.63
assessment	0.31	2.43
confusion	0.31	2.20
wondering	0.31	3.84
commercial	0.31	1.39
spider	0.31	1.55
screw	0.31	1.64
generate	0.31	1.68
investment	0.31	1.52
reddit	0.31	2.08
sergio	0.31	1.20
presser	0.31	1.86
path	0.31	1.57
local	0.32	1.45
advantages	0.32	1.72
wet	0.32	1.23
replaced	0.32	1.30
broadcast	0.32	1.49
product	0.32	1.50
thick	0.32	1.29
access	0.32	1.57
wearing	0.32	1.25
dominating	0.32	1.44
disappointed	0.32	3.72
ideas	0.32	1.77
bummed	0.32	3.60
rhonda	0.32	1.45
mlb	0.32	1.66
beat	0.32	1.46
blue	0.32	1.35
large	0.32	1.49
netflix	0.32	1.53
substance	0.32	1.59
struggled	0.32	1.81
bull	0.32	1.66
xbox	0.32	1.44
payday	0.33	1.78
confidence	0.33	1.24
closest	0.33	3.90
filming	0.33	1.42
flyweights	0.33	1.97
rankings	0.33	2.47
games	0.33	1.53
lines	0.33	1.77
controls	0.33	1.44
associated	0.33	1.67
fertitta	0.33	1.43
nba	0.33	1.65
public	0.33	1.58
levels	0.33	1.63
flair	0.33	1.41
sexyama	0.33	1.26
buzz	0.33	1.43
cameras	0.33	1.43
self	0.33	1.56
host	0.33	1.36
partners	0.33	1.55
sided	0.34	1.62
rocky	0.34	1.34
ps4	0.34	1.49
amount	0.34	1.53
teams	0.34	1.64
gim	0.34	1.50
shall	0.34	2.06
x	0.34	1.45
warriors	0.34	1.33
pressure	0.34	1.45
constant	0.34	1.36
plain	0.34	2.71
heh	0.34	2.14
uncle	0.34	1.43
image	0.34	1.61
hesitant	0.34	2.37
watches	0.34	3.03
ripped	0.34	1.58
delivered	0.34	1.41
related	0.34	1.68
cable	0.34	1.52
extreme	0.34	1.54
mack	0.34	1.46
pain	0.34	1.51
television	0.34	1.49
strictly	0.35	1.79
concern	0.35	1.85
user	0.35	2.03
bill	0.35	1.41
majority	0.35	1.78
ins	0.35	1.67
food	0.35	1.33
natural	0.35	1.85
hmmm	0.35	1.54
feature	0.35	1.61
techniques	0.35	1.66
wear	0.35	1.26
diaz	0.35	1.31
fans	0.35	1.56
members	0.35	1.57
james	0.35	1.65
sized	0.35	1.33
perfectly	0.35	1.65
supposedly	0.35	1.77
tweets	0.35	1.84
lhw	0.36	2.05
code	0.36	1.66
rag	0.36	1.63
university	0.36	1.63
practice	0.36	1.60
lw	0.36	1.80
shaking	0.36	1.47
tired	0.36	2.02
styles	0.36	1.77
exchanges	0.36	1.56
global	0.36	1.49
differences	0.36	1.81
characters	0.36	1.52
buys	0.36	1.56
feed	0.36	1.33
mw	0.36	1.61
enter	0.36	1.87
shirt	0.36	1.23
camera	0.36	1.41
address	0.36	2.43
goldie	0.36	1.28
primary	0.36	1.90
hat	0.36	1.35
aspects	0.36	1.94
nicest	0.36	3.76
act	0.36	1.49
company	0.37	1.57
outclassed	0.37	1.40
playing	0.37	1.57
straw	0.37	1.76
promos	0.37	1.22
oops	0.37	3.74
similarly	0.37	1.82
listed	0.37	1.94
selling	0.37	1.66
demand	0.37	1.47
events	0.37	1.55
free	0.37	1.59
funny	0.37	2.82
bills	0.37	1.51
muscle	0.37	1.53
russian	0.37	1.36
prices	0.37	1.48
control	0.37	1.53
adding	0.37	1.76
thailand	0.37	1.58
fired	0.37	1.54
grow	0.37	1.63
send	0.38	2.31
basketball	0.38	1.67
current	0.38	2.58
pass	0.38	1.59
translator	0.38	1.51
greg	0.38	1.44
td	0.38	1.52
additional	0.38	1.72
owns	0.38	1.47
fairly	0.38	2.28
production	0.38	1.47
lighting	0.38	1.45
network	0.38	1.54
confusing	0.38	2.33
survive	0.38	1.65
mo	0.38	1.29
boom	0.38	1.37
entertainment	0.38	1.55
featherweight	0.38	1.86
drinks	0.38	1.27
european	0.38	1.73
bummer	0.38	1.98
seems	0.38	2.29
mainly	0.38	1.75
purchase	0.38	1.51
generic	0.38	1.45
safety	0.39	1.63
balance	0.39	1.40
zuffa	0.39	1.47
stance	0.39	1.73
statement	0.39	2.77
surrounding	0.39	1.62
hes	0.39	2.74
50k	0.39	1.62
drawing	0.39	1.50
elsewhere	0.39	2.00
gif	0.39	1.74
consistently	0.39	2.02
league	0.39	1.70
bright	0.39	1.35
teacher	0.39	1.65
create	0.39	1.59
n	0.39	1.65
attack	0.39	1.55
woke	0.39	1.89
safer	0.39	1.55
metal	0.39	1.42
sooo	0.39	2.10
movies	0.39	1.48
drugs	0.39	1.64
standpoint	0.39	1.69
scenes	0.40	1.63
comments	0.40	2.32
era	0.40	1.51
spike	0.40	1.44
rate	0.40	1.55
particularly	0.40	2.34
banner	0.40	1.61
draw	0.40	1.56
channel	0.40	1.53
yo	0.40	1.80
spectacle	0.40	1.24
co	0.40	1.44
official	0.40	1.55
revenue	0.40	1.56
drawn	0.40	1.40
created	0.40	1.60
speaks	0.40	1.55
message	0.40	2.36
viacom	0.40	1.43
mexican	0.40	1.28
bt	0.41	1.52
shape	0.41	1.80
voice	0.41	1.25
disclosed	0.41	1.56
greater	0.41	1.57
169	0.41	1.43
house	0.41	1.44
detail	0.41	1.71
ufc	0.41	1.38
pm	0.41	1.86
market	0.41	1.50
highlights	0.41	1.76
students	0.41	1.67
challengers	0.41	1.67
demo	0.41	1.46
clever	0.41	1.55
vast	0.41	1.49
gay	0.41	1.31
english	0.41	1.63
corn	0.41	1.28
evolution	0.41	1.57
sparring	0.41	1.56
sponsored	0.41	1.40
channels	0.42	1.54
defeated	0.42	1.64
tomorrow	0.42	2.07
publicity	0.42	1.53
lesser	0.42	1.95
sakuraba	0.42	1.32
tape	0.42	1.46
c	0.42	1.87
joey	0.42	1.59
ii	0.42	1.33
deleted	0.42	2.42
swedish	0.42	1.35
suits	0.42	1.23
regarding	0.42	1.82
dunno	0.42	2.73
silver	0.42	2.67
cancelled	0.42	1.79
easy	0.42	1.76
during	0.42	1.69
pussy	0.42	1.71
award	0.42	1.79
nike	0.42	1.42
numbers	0.43	1.65
appeared	0.43	1.42
format	0.43	1.41
115	0.43	1.47
afterwards	0.43	1.79
park	0.43	1.41
deadly	0.43	1.39
union	0.43	1.51
ug	0.43	1.93
christy	0.43	1.49
advertising	0.43	1.46
demolished	0.43	1.44
players	0.43	1.73
commentary	0.43	1.46
sylvia	0.43	1.15
mad	0.43	2.68
officially	0.43	2.15
t	0.44	1.62
page	0.44	1.77
described	0.44	1.87
intensity	0.44	1.32
takedown	0.44	1.56
sounds	0.44	2.14
contender	0.44	2.17
champ	0.44	2.01
underdog	0.44	1.54
zero	0.44	1.75
shock	0.44	2.68
common	0.44	1.55
whose	0.44	1.75
library	0.44	1.55
al	0.44	1.51
reports	0.44	1.66
boat	0.44	1.90
she	0.44	1.37
french	0.44	1.50
raise	0.44	1.81
nevermind	0.44	2.55
deserving	0.44	1.99
picture	0.44	1.85
celebrity	0.44	1.45
portuguese	0.44	1.67
streaming	0.44	1.54
bellator	0.44	1.38
prize	0.44	2.14
enhancing	0.44	1.67
justice	0.44	1.41
figures	0.44	1.57
office	0.45	1.60
comedy	0.45	1.40
lightweight	0.45	1.89
beard	0.45	1.47
conflict	0.45	1.26
headlined	0.45	1.40
brothers	0.45	1.42
google	0.45	1.54
value	0.45	1.68
ariel	0.45	2.06
drastically	0.45	1.56
lt	0.45	1.70
wolf	0.45	1.49
personalities	0.45	1.59
sponsorships	0.45	1.53
big	0.45	1.73
mistaken	0.45	3.77
idk	0.45	2.45
classes	0.45	1.99
posts	0.45	2.17
develop	0.45	1.67
belt	0.46	1.73
usual	0.46	1.43
askren	0.46	1.38
responded	0.46	2.88
reebok	0.46	1.46
covers	0.46	1.51
mental	0.46	1.44
online	0.46	1.54
hypothetical	0.46	1.69
build	0.46	1.71
size	0.46	1.43
kid	0.46	1.51
include	0.46	1.65
gold	0.46	2.68
damnit	0.46	2.07
exposure	0.46	1.55
clothing	0.46	1.39
pic	0.46	1.85
adults	0.46	1.42
shoes	0.46	1.26
max	0.46	1.27
incredibly	0.46	2.21
scientific	0.47	1.95
box	0.47	2.17
photo	0.47	1.67
opposed	0.47	1.57
sent	0.47	2.07
twitter	0.47	1.92
lab	0.47	1.45
2008	0.47	2.43
alternative	0.47	1.71
engage	0.47	1.93
eat	0.47	1.40
victory	0.47	1.51
convincing	0.47	1.59
ppv	0.47	1.49
adrenaline	0.47	1.53
mount	0.47	1.58
168	0.47	1.48
viewers	0.47	1.55
cake	0.47	1.39
explaining	0.47	2.42
id	0.47	2.59
eats	0.47	1.31
major	0.47	1.92
dog	0.47	1.34
177	0.47	1.42
theme	0.47	1.28
national	0.47	1.83
names	0.48	2.36
ea	0.48	1.41
cards	0.48	1.52
fs1	0.48	1.51
king	0.48	1.45
coker	0.48	1.36
tickets	0.48	1.43
ease	0.48	1.59
de	0.48	1.58
belts	0.48	1.71
overrated	0.48	1.40
commentator	0.48	1.24
lift	0.48	1.54
hollywood	0.48	1.36
analogy	0.48	2.12
tiger	0.48	1.58
superstar	0.48	1.34
development	0.48	1.43
sanctioned	0.49	1.58
facial	0.49	1.34
chicken	0.49	1.29
aggression	0.49	1.30
new	0.49	1.54
fu	0.49	1.75
camozzi	0.49	1.28
sunday	0.49	1.82
middleweight	0.49	1.80
dogs	0.49	1.22
shows	0.49	1.54
emotionally	0.49	1.47
storm	0.49	1.48
cell	0.49	1.54
general	0.49	1.53
forum	0.49	2.04
mine	0.49	1.60
gyms	0.49	1.85
leagues	0.50	1.80
deeper	0.50	1.38
welterweight	0.50	2.04
wsof	0.50	1.42
responsible	0.50	1.80
captain	0.50	1.49
financial	0.50	1.60
am	0.50	3.70
draws	0.50	1.58
keyboard	0.50	1.98
unknown	0.50	1.34
looking	0.50	2.88
glad	0.50	3.82
tennis	0.50	1.75
signature	0.50	1.30
bait	0.50	1.56
fox	0.50	1.52
purple	0.50	1.63
increases	0.50	1.67
gracies	0.50	1.51
igor	0.50	1.10
between	0.50	1.40
section	0.51	1.71
school	0.51	1.66
ass	0.51	1.85
replying	0.51	2.96
co-main	0.51	1.50
offense	0.51	1.48
updated	0.51	1.66
lopsided	0.51	1.61
opponents	0.51	2.27
stylistically	0.51	1.60
rivalry	0.51	1.24
sponsor	0.51	1.50
totally	0.51	3.03
kung	0.52	1.68
ai	0.52	1.99
community	0.52	1.70
aired	0.52	1.47
chain	0.52	1.44
sweep	0.52	1.58
whom	0.52	1.95
streams	0.52	1.56
visit	0.52	1.73
onefc	0.52	1.37
returning	0.52	1.77
solely	0.52	1.80
rely	0.52	1.49
frustrated	0.52	2.68
activity	0.52	1.49
delete	0.52	2.24
holes	0.52	1.69
178	0.52	1.39
improvement	0.52	1.53
replays	0.52	1.36
sick	0.52	2.11
conclusion	0.53	2.29
interest	0.53	1.50
slim	0.53	1.60
wore	0.53	1.27
program	0.53	1.47
prelims	0.53	1.55
q	0.53	1.88
child	0.53	1.35
youtube	0.53	1.56
mike	0.54	1.09
appeal	0.54	1.52
headliner	0.54	1.44
jordan	0.54	1.11
match	0.54	1.42
apologize	0.54	2.92
michael	0.54	1.05
coverage	0.54	1.56
admittedly	0.54	2.19
174	0.54	1.37
success	0.54	1.65
sponsorship	0.54	1.53
instagram	0.54	1.82
awareness	0.54	1.34
pool	0.54	1.47
renzo	0.55	1.44
club	0.55	1.41
role	0.55	1.50
dominance	0.55	1.64
legitimately	0.55	2.25
email	0.55	2.16
jobs	0.55	1.63
hester	0.55	1.46
perspective	0.55	1.96
minority	0.55	2.56
rekt	0.55	1.71
b	0.55	1.81
sucker	0.55	1.60
movements	0.55	1.40
prelim	0.55	1.50
unranked	0.55	1.87
sexual	0.55	1.58
guard	0.56	1.56
greats	0.56	4.05
become	0.56	2.31
headlining	0.56	1.43
partner	0.56	1.43
link	0.56	1.96
account	0.56	1.92
deserved	0.56	2.09
boston	0.56	1.36
sales	0.56	1.46
companies	0.56	1.53
industry	0.56	1.47
e	0.56	1.68
fed	0.56	1.28
international	0.56	1.80
eddie	0.56	1.67
very	0.56	2.41
tree	0.56	1.46
reporter	0.56	2.00
children	0.56	1.38
weakness	0.56	1.60
2006	0.56	1.74
becoming	0.56	1.80
cm	0.56	1.57
wand	0.57	1.15
update	0.57	1.69
member	0.57	1.51
whats	0.57	2.21
gas	0.57	1.47
tits	0.57	1.42
boost	0.57	1.90
studies	0.57	1.92
regard	0.57	1.76
weights	0.57	1.95
adult	0.57	1.33
pictures	0.57	1.74
chinese	0.57	1.77
originally	0.57	3.14
photos	0.57	1.60
ups	0.58	1.52
light	0.58	1.69
yes	0.58	2.64
buying	0.58	1.48
hence	0.58	1.93
facebook	0.58	1.93
exploit	0.58	1.56
173	0.58	1.49
focus	0.58	1.58
final	0.58	1.47
mats	0.58	1.53
buy	0.58	1.55
ww	0.58	2.16
heavy	0.58	1.64
slap	0.58	1.55
amp	0.58	1.82
unstoppable	0.59	1.34
purely	0.59	1.77
increase	0.59	1.88
meant	0.59	4.23
spoke	0.59	1.46
pose	0.59	1.53
another	0.59	3.87
invicta	0.59	1.34
champions	0.59	2.02
alone	0.59	1.95
referencing	0.59	2.60
praise	0.59	1.53
click	0.59	1.70
model	0.59	1.47
y	0.59	1.77
y'all	0.59	1.81
actual	0.59	1.68
advanced	0.59	1.47
timing	0.59	1.44
tiny	0.59	1.36
fitness	0.59	1.40
business	0.60	1.62
accuracy	0.60	1.48
recognition	0.60	1.55
aint	0.60	2.27
arona	0.60	1.15
strawweight	0.60	1.33
sold	0.60	1.46
relatively	0.60	1.88
animals	0.60	1.28
president	0.60	1.43
ftfy	0.60	1.59
yup	0.60	2.40
western	0.60	2.04
trainer	0.60	1.72
drinking	0.61	1.40
strengths	0.61	1.54
meaning	0.61	2.66
usage	0.61	2.33
domination	0.61	1.39
males	0.61	1.74
roster	0.61	1.57
grown	0.61	1.46
division	0.61	2.08
fellow	0.61	1.61
naturally	0.61	1.81
planning	0.61	1.90
arguably	0.61	4.25
fighters	0.61	3.12
crushing	0.61	1.41
killers	0.61	2.05
punchers	0.61	4.09
abs	0.61	1.45
lee	0.61	1.60
card	0.61	1.46
results	0.61	1.66
hooked	0.62	1.43
instructor	0.62	1.84
rogers	0.62	1.13
sponsors	0.62	1.54
rubber	0.62	1.69
event	0.62	1.49
sale	0.62	1.49
belongs	0.62	2.05
organizations	0.62	2.03
experience	0.62	2.00
raised	0.62	1.44
search	0.62	1.66
piece	0.62	1.34
alex	0.62	1.27
question	0.62	2.78
lists	0.62	2.10
highly	0.62	1.91
higher	0.62	2.08
countdown	0.62	1.39
posted	0.62	1.97
championships	0.62	2.70
albeit	0.63	1.90
footage	0.63	1.45
bouts	0.63	1.65
low	0.63	2.21
soul	0.63	1.62
beneficial	0.63	1.52
organisation	0.63	1.87
regular	0.63	1.36
ali	0.63	2.23
difficult	0.63	1.89
promotions	0.63	1.72
schedule	0.63	1.60
main	0.63	1.49
upper	0.63	2.07
brother	0.63	1.59
bottom	0.63	1.63
offers	0.63	1.48
linked	0.64	1.87
omg	0.64	1.99
spong	0.64	1.57
answering	0.64	2.79
realistic	0.64	1.53
answered	0.64	2.56
vince	0.64	1.29
fanbase	0.64	1.51
champion	0.64	2.29
remains	0.64	1.72
structure	0.64	1.71
radio	0.64	1.57
ranked	0.64	2.80
skinny	0.64	1.51
locker	0.65	1.53
hespect	0.65	1.53
guest	0.65	1.31
bj	0.65	1.20
saving	0.65	1.55
punk	0.65	1.62
devil	0.65	1.63
showing	0.65	1.80
post	0.65	2.34
among	0.65	2.23
match-up	0.65	1.50
field	0.65	1.74
father	0.66	1.42
soto	0.66	1.33
undersized	0.66	2.18
pics	0.66	1.75
schools	0.66	1.93
popularity	0.66	1.57
songs	0.66	1.35
boner	0.66	1.54
speaking	0.66	1.45
reasonable	0.67	1.58
mess	0.67	1.49
average	0.67	1.80
pretty	0.67	2.37
staged	0.67	1.23
championship	0.67	2.17
persona	0.67	1.22
please	0.67	2.41
versus	0.67	1.35
lacking	0.67	1.41
exclusively	0.67	1.72
above	0.67	2.27
bruce	0.67	1.66
sleeping	0.67	2.28
classic	0.68	1.43
parents	0.68	1.39
dear	0.68	1.74
promoter	0.68	1.47
dad	0.68	1.53
womens	0.68	2.01
gameplay	0.68	1.36
consideration	0.68	1.85
sayin	0.68	2.26
divisions	0.68	2.07
provide	0.69	2.13
fallon	0.69	1.75
contenders	0.69	2.04
bonus	0.69	1.67
manny	0.69	2.14
watch	0.69	2.45
meat	0.69	1.29
k	0.69	1.84
heavyweight	0.69	2.25
posture	0.69	1.46
language	0.69	1.74
mixed	0.69	2.61
upcoming	0.69	1.43
promotion	0.70	1.53
friday	0.70	1.72
muscular	0.70	1.40
gi	0.70	1.54
integrity	0.70	1.37
bonuses	0.70	1.62
lion	0.70	1.11
stamina	0.70	1.42
bravo	0.70	1.75
war	0.70	1.50
orgs	0.70	1.90
predictions	0.70	1.55
forgive	0.70	2.69
born	0.70	1.50
grinding	0.70	1.74
kids	0.70	1.46
gomi	0.71	1.10
growing	0.71	1.50
yea	0.71	2.50
org	0.71	1.72
video	0.71	1.50
comment	0.71	3.00
powerful	0.71	1.70
regional	0.71	1.83
charisma	0.71	1.12
accent	0.71	1.40
credentials	0.71	1.80
rising	0.71	1.48
beatdown	0.71	1.48
2000	0.71	2.16
stars	0.72	1.71
cro	0.72	1.21
hell	0.72	2.82
weaknesses	0.72	1.62
smash	0.72	1.45
accomplishments	0.72	1.50
saturday	0.72	1.79
viewing	0.72	1.48
report	0.72	1.57
profile	0.72	1.83
list	0.72	3.92
student	0.72	1.55
iron	0.72	1.34
lower	0.73	2.50
savage	0.73	1.54
2005	0.73	1.86
duh	0.73	2.36
karate	0.73	1.97
ridiculously	0.73	2.10
content	0.73	1.63
crocop	0.74	1.19
flaws	0.74	1.80
mid	0.74	2.36
van	0.74	1.30
looks	0.74	2.06
dave	0.74	1.58
legitimate	0.74	1.65
strip	0.74	1.59
rock	0.74	1.48
effective	0.74	1.53
tom	0.74	1.34
my	0.74	1.85
nerves	0.74	1.57
most	0.74	3.57
odds	0.74	1.57
dammit	0.74	2.04
critical	0.74	1.71
wtf	0.74	2.22
jiu	0.74	2.01
10th	0.74	2.05
dancing	0.74	1.27
jitsu	0.74	2.02
former	0.74	1.92
interviews	0.75	1.71
established	0.75	1.66
terms	0.75	1.60
forums	0.75	1.89
massive	0.75	1.49
voted	0.75	1.96
crew	0.75	1.39
street	0.75	1.56
regularly	0.75	1.64
lmao	0.75	2.10
o	0.76	1.88
bastard	0.76	1.49
music	0.76	1.33
buddies	0.76	1.63
developed	0.76	1.37
sex	0.76	1.61
college	0.76	1.93
upvote	0.76	2.33
affliction	0.76	1.11
kron	0.76	1.61
gate	0.76	1.51
evil	0.76	1.33
movement	0.76	1.47
challenged	0.76	1.62
royler	0.76	1.40
copy	0.77	1.94
became	0.77	1.85
useful	0.77	1.60
below	0.77	2.25
star	0.77	1.72
rank	0.77	2.94
speak	0.77	1.72
missed	0.77	2.63
fedor	0.77	1.17
better	0.78	1.59
session	0.78	1.50
enormous	0.78	1.48
gig	0.78	1.67
authority	0.78	1.54
forgot	0.78	2.54
sister	0.78	1.43
extremely	0.78	2.15
uh	0.78	2.49
nope	0.78	2.80
mic	0.78	1.36
bitch	0.78	1.86
shell	0.78	1.56
short	0.79	1.53
arts	0.79	2.14
increased	0.79	1.61
cop	0.79	1.22
adcc	0.79	2.64
medalist	0.79	2.79
lady	0.79	1.36
welterweights	0.79	3.30
vid	0.79	1.47
physique	0.79	1.47
male	0.79	1.82
wikipedia	0.79	1.61
emphasis	0.80	1.54
wiki	0.80	1.70
u	0.80	2.20
individuals	0.80	1.59
insanely	0.80	2.24
overly	0.80	2.08
parlay	0.80	1.43
mom	0.80	1.54
ladies	0.80	1.53
family	0.80	1.42
sherdog	0.81	1.80
jr	0.81	1.21
planet	0.81	4.09
addition	0.81	1.51
song	0.81	1.44
motivation	0.81	1.46
stay	0.81	2.05
sources	0.81	1.91
stealing	0.81	1.53
source	0.81	1.93
armbar	0.82	1.62
expression	0.82	1.36
traditional	0.82	2.11
tkd	0.82	1.99
tweet	0.82	2.54
finals	0.82	1.39
careful	0.83	1.39
asleep	0.83	1.60
pocket	0.83	1.54
bug	0.83	1.75
fish	0.83	1.13
shane	0.83	1.31
jiu-jitsu	0.83	1.94
context	0.83	2.55
board	0.83	1.48
weigh-in	0.83	1.50
class	0.83	2.56
style	0.83	1.46
welp	0.84	2.06
ya	0.84	2.33
annoyed	0.84	3.01
weekend	0.84	1.55
route	0.84	1.41
determined	0.84	1.74
bjj	0.84	1.95
olympic	0.84	2.75
bets	0.84	1.43
closely	0.85	1.62
wrestled	0.85	1.98
sean	0.85	1.27
olympics	0.85	2.48
dare	0.85	2.07
game	0.85	1.41
freestyle	0.85	2.29
gameplan	0.85	1.45
daughter	0.85	1.44
japan	0.85	1.13
maximum	0.85	1.74
stays	0.85	1.85
laid	0.85	1.56
involved	0.86	1.95
ranks	0.86	2.48
risky	0.86	1.59
wat	0.86	2.00
sports	0.86	1.98
favorites	0.86	1.92
fotn	0.86	1.56
boys	0.86	1.63
chooses	0.86	3.08
convinced	0.86	3.61
safe	0.86	1.61
saku	0.87	1.15
words	0.87	2.12
beats	0.87	1.50
bros	0.87	1.67
metamoris	0.87	1.70
huh	0.87	2.44
data	0.87	1.79
nonetheless	0.87	1.78
looked	0.87	2.03
misunderstood	0.87	3.22
busy	0.88	1.81
glorious	0.88	2.41
individual	0.88	1.69
eh	0.88	2.52
puncher	0.88	2.88
peace	0.88	1.29
redditor	0.88	1.87
r	0.88	1.97
notable	0.88	1.48
distinction	0.88	1.85
dutch	0.88	1.96
strategy	0.88	1.42
defense	0.88	1.49
bought	0.89	1.34
film	0.89	1.62
thoroughly	0.89	1.58
freak	0.89	1.54
site	0.89	1.62
personality	0.89	1.34
porn	0.89	1.37
boss	0.89	1.43
casual	0.90	1.74
judo	0.90	2.14
trip	0.90	1.54
physically	0.90	1.65
nights	0.90	1.58
beating	0.90	1.57
subject	0.90	1.87
produced	0.90	1.49
plan	0.90	1.42
genki	0.90	1.33
ashamed	0.90	3.57
lack	0.91	1.32
shit	0.91	2.17
meeting	0.91	1.50
gatekeeper	0.91	2.55
uncomfortable	0.91	2.52
world	0.91	4.30
picks	0.91	1.40
paper	0.91	1.36
offensive	0.91	1.34
physical	0.91	1.56
manner	0.91	1.73
fc	0.92	1.26
hw	0.92	2.41
discipline	0.92	1.37
media	0.92	1.65
asian	0.92	1.32
staying	0.93	1.85
website	0.93	1.59
setup	0.93	1.69
complex	0.93	1.50
conditioning	0.93	1.41
pros	0.93	2.19
muay	0.93	2.16
intelligence	0.93	1.22
relevant	0.93	1.84
overall	0.93	1.51
dance	0.93	1.31
emotion	0.93	1.30
um	0.94	2.07
friends	0.94	1.45
ed	0.94	1.68
hired	0.94	1.50
mix	0.94	1.55
thoughts	0.94	1.77
ben	0.94	1.33
dinner	0.94	1.38
submitting	0.94	1.48
prospects	0.95	1.82
golden	0.95	1.34
ncaa	0.95	2.15
present	0.95	1.63
favorite	0.95	3.76
credit	0.95	1.91
workout	0.95	1.50
tank	0.95	1.51
favourite	0.95	3.74
ol	0.95	1.86
regards	0.96	1.59
skillset	0.96	1.42
expectations	0.96	1.73
huge	0.96	1.44
miss	0.96	2.25
request	0.96	1.99
betting	0.96	1.43
sorry	0.96	3.82
department	0.97	1.42
son	0.97	1.92
phone	0.97	1.56
super	0.97	2.30
text	0.97	2.34
breed	0.97	1.92
art	0.98	2.02
research	0.98	1.70
ok	0.98	2.50
party	0.98	1.50
gods	0.98	1.69
men	0.98	1.98
warrior	0.98	1.62
mainstream	0.98	1.67
gift	0.98	1.25
hunto	0.99	1.20
wmma	0.99	2.02
sambo	0.99	2.15
instinct	0.99	1.31
iq	1.00	1.38
sorta	1.00	1.83
expecting	1.00	2.33
quote	1.00	2.08
mt	1.00	2.21
review	1.00	1.49
combat	1.00	2.02
destruction	1.00	1.42
base	1.00	1.62
responses	1.00	2.11
added	1.00	2.17
g	1.01	1.86
reply	1.01	3.03
description	1.01	1.93
ninja	1.01	1.29
aswell	1.01	1.45
loose	1.01	1.58
damned	1.02	1.59
surprised	1.02	3.61
employee	1.02	1.58
character	1.02	1.09
flow	1.02	1.38
transition	1.02	1.59
gifs	1.02	1.56
women	1.03	1.88
baby	1.03	1.68
debut	1.03	1.54
smoke	1.03	1.37
expert	1.03	1.96
recorded	1.03	1.68
karo	1.03	1.33
tone	1.03	1.76
209	1.03	1.75
olympian	1.04	2.13
homie	1.04	2.11
quotes	1.04	1.85
background	1.04	1.96
links	1.04	1.73
technique	1.04	1.36
relationship	1.04	1.35
night	1.05	1.71
original	1.05	2.90
person	1.05	2.09
tyson	1.05	1.88
ex	1.06	1.33
toney	1.06	1.95
power	1.06	1.48
thai	1.06	2.35
robot	1.06	1.40
criticism	1.07	1.98
ufcs	1.07	3.31
girlfriend	1.07	1.41
fuck	1.07	2.23
documentary	1.07	1.32
fresh	1.08	1.43
wife	1.08	1.42
espn	1.08	1.49
benefits	1.09	1.63
faced	1.09	2.76
compete	1.09	2.34
appropriate	1.09	2.48
competed	1.09	2.28
translation	1.09	1.99
important	1.09	1.72
sarcasm	1.10	2.94
legit	1.10	1.42
must	1.10	2.67
organization	1.10	2.11
wut	1.11	1.86
yep	1.11	2.55
kidding	1.11	2.42
benefit	1.11	1.87
wec	1.11	1.38
oh	1.11	2.39
footwork	1.11	1.47
lacks	1.11	1.35
galvao	1.12	1.89
awkward	1.12	2.31
shocked	1.12	3.63
liking	1.12	2.27
tho	1.12	2.10
boring	1.12	1.59
heart	1.12	1.40
facing	1.13	2.73
shout	1.13	1.79
showed	1.13	1.43
thats	1.13	2.46
besides	1.13	2.51
letter	1.13	2.07
hahahaha	1.13	2.04
professionals	1.13	2.08
limited	1.13	1.43
sites	1.14	1.58
headline	1.14	1.48
pancrase	1.14	1.21
questions	1.14	2.23
nah	1.14	2.43
irony	1.15	2.41
competitions	1.15	2.22
choi	1.15	1.47
bro	1.15	2.38
brah	1.15	2.04
chat	1.15	1.42
matched	1.15	1.54
movie	1.15	1.30
vastly	1.15	1.51
fucks	1.15	2.26
stare	1.15	1.43
soooo	1.16	1.83
high	1.16	2.21
guessing	1.16	3.53
jesus	1.16	2.11
bored	1.16	2.72
curious	1.16	3.59
wrestling	1.17	2.21
amongst	1.17	2.33
username	1.17	2.29
kickboxing	1.17	2.03
intro	1.18	1.35
hws	1.18	3.21
sport	1.18	1.87
andre	1.18	1.24
friend	1.18	1.59
bold	1.18	1.39
boy	1.19	2.14
talent	1.19	1.84
hot	1.19	1.40
headlines	1.19	1.56
submission	1.20	1.48
young	1.20	1.40
opposition	1.20	2.33
animal	1.20	1.46
tier	1.20	2.71
genuinely	1.20	2.24
athletic	1.20	1.53
scramble	1.21	1.43
gotcha	1.21	2.65
matchups	1.21	1.43
videos	1.21	1.48
skill	1.21	1.38
kimura	1.22	1.49
such	1.22	1.77
plans	1.22	1.32
sheer	1.22	1.49
shes	1.22	1.91
stockton	1.23	1.72
lucky	1.23	1.76
nickname	1.23	1.31
tournaments	1.23	1.66
fighter	1.23	3.74
heavyweights	1.23	3.99
hilarious	1.23	2.47
jealous	1.23	3.20
information	1.23	1.77
tips	1.24	1.41
strength	1.24	1.45
subtle	1.24	1.53
girl	1.24	1.47
hah	1.24	2.00
actor	1.24	1.92
hardcore	1.25	1.81
artist	1.25	2.68
waiting	1.25	3.17
soft	1.25	1.51
married	1.25	1.32
against	1.25	1.54
prix	1.25	1.50
thomas	1.25	1.48
details	1.25	1.78
abilities	1.26	1.54
knowledge	1.26	1.40
named	1.27	1.26
scene	1.27	1.38
op	1.27	2.81
escape	1.27	1.49
competing	1.27	2.74
embarrassed	1.27	3.51
endurance	1.27	1.45
smiling	1.27	1.64
grand	1.28	1.51
tournament	1.28	1.46
conscious	1.28	1.71
glory	1.28	1.30
websites	1.28	1.61
worried	1.28	3.47
amazed	1.29	3.46
reads	1.29	1.83
girls	1.29	1.55
journalists	1.29	1.60
p	1.29	2.14
helwani	1.30	1.72
hyperbole	1.30	1.82
boxing	1.30	2.35
active	1.30	1.67
inclined	1.30	3.47
ahh	1.30	2.62
amateur	1.31	2.36
fluid	1.31	1.31
sweeps	1.31	1.44
skills	1.32	1.35
healthy	1.32	1.69
competitor	1.32	2.76
p.s	1.32	1.55
strikeforce	1.33	1.35
w	1.33	1.53
reference	1.34	2.10
rational	1.34	1.77
aware	1.34	3.47
ah	1.34	2.73
comfortable	1.34	2.08
reminds	1.34	1.85
waterson	1.34	1.31
invested	1.35	2.10
editing	1.35	1.27
embedded	1.35	1.33
advice	1.36	1.93
black	1.36	1.43
confused	1.36	3.18
relax	1.36	1.70
fili	1.37	1.30
undercard	1.37	1.42
promo	1.37	1.29
k1	1.37	1.48
k-1	1.38	1.53
ama	1.38	2.19
defence	1.38	1.41
tight	1.38	1.24
job	1.38	1.97
cardio	1.38	1.45
informed	1.38	1.76
fuckin	1.39	2.09
motherfuckers	1.39	1.75
competitive	1.39	1.67
afraid	1.39	3.41
pedigree	1.39	1.76
nail	1.39	1.21
dudes	1.40	1.81
top	1.40	3.96
woman	1.40	1.66
chicks	1.40	1.49
sportsmanship	1.40	1.25
pro	1.40	2.55
decent	1.41	2.36
walkout	1.41	1.34
warm	1.41	1.38
standup	1.42	1.61
share	1.42	1.75
support	1.42	1.87
competition	1.42	2.85
passion	1.42	1.33
reading	1.42	2.12
lol	1.43	2.41
unique	1.43	1.45
matches	1.43	1.51
providing	1.43	1.90
band	1.44	1.38
indeed	1.44	2.17
remain	1.44	1.87
forth	1.44	1.64
competitors	1.44	2.97
kickboxer	1.45	3.07
highest	1.45	3.73
stand-up	1.45	1.53
bloody	1.46	1.36
posting	1.46	1.96
mentally	1.46	1.42
author	1.46	1.98
im	1.47	3.01
toughness	1.47	1.41
grappling	1.47	1.70
answers	1.47	2.18
mediocre	1.47	1.72
pieces	1.47	1.30
athleticism	1.48	1.42
known	1.48	2.62
psycho	1.48	1.42
hi	1.48	2.12
btw	1.49	2.38
luke	1.50	1.39
intriguing	1.50	1.75
athletes	1.50	3.00
bud	1.50	1.96
professional	1.50	2.68
improved	1.51	1.44
dimensional	1.51	1.64
familiar	1.52	3.27
books	1.52	1.41
female	1.52	3.67
blog	1.53	1.34
stayed	1.53	1.76
suggestion	1.53	2.09
gracie	1.53	1.33
speed	1.53	1.52
jeez	1.53	1.95
response	1.54	2.30
crisp	1.55	1.39
famous	1.55	2.30
wrestlers	1.55	2.95
interested	1.55	3.32
approach	1.56	1.45
chick	1.56	1.56
proud	1.56	3.17
fucker	1.57	1.74
fan	1.57	2.61
alright	1.57	2.51
ha	1.57	2.46
fascinating	1.57	2.84
transitions	1.57	1.37
dominant	1.57	1.41
vs	1.58	1.14
fixed	1.58	2.34
mistake	1.58	3.32
lmfao	1.58	1.80
luck	1.58	2.11
v	1.59	1.22
book	1.59	1.48
holy	1.59	2.59
respect	1.59	1.35
enjoyable	1.60	1.77
legendary	1.60	2.84
wrestler	1.60	2.84
buddy	1.60	2.19
defensive	1.61	1.37
impressive	1.61	2.02
alive	1.61	3.14
memory	1.61	3.04
yours	1.62	1.80
motherfucker	1.62	1.88
referring	1.62	3.30
boxers	1.62	3.87
news	1.62	1.50
striking	1.62	1.57
stoked	1.63	3.00
sells	1.63	2.63
greatly	1.63	1.63
improving	1.63	1.49
concerned	1.64	3.35
lord	1.65	1.84
artists	1.65	3.69
dangerous	1.65	1.44
wrote	1.67	2.24
mother	1.67	1.75
explains	1.67	1.76
read	1.67	1.86
prospect	1.67	1.54
veteran	1.67	1.51
plus	1.69	1.38
unorthodox	1.69	1.37
accomplished	1.69	2.57
staredown	1.70	1.43
series	1.70	1.28
rough	1.70	2.48
level	1.71	2.39
tip	1.72	1.70
presence	1.72	1.38
competent	1.73	1.47
display	1.73	1.45
boxer	1.73	3.68
rener	1.74	1.31
fast	1.74	1.53
judoka	1.74	2.78
impressed	1.74	3.18
excited	1.75	3.16
written	1.76	1.58
sexy	1.76	1.51
explosive	1.77	1.38
word	1.78	3.43
mate	1.78	2.31
bald	1.79	1.64
exhibition	1.79	1.36
god	1.80	2.39
sharp	1.81	1.35
dream	1.81	2.35
grappler	1.82	2.66
raw	1.83	1.46
killer	1.83	1.60
honesty	1.84	1.83
defeat	1.84	1.57
chins	1.84	3.19
logical	1.85	2.40
depth	1.85	1.26
study	1.85	1.50
seeing	1.85	2.45
worries	1.85	2.28
pleasure	1.85	1.38
scared	1.86	3.03
promising	1.86	1.30
creates	1.86	2.47
latter	1.87	3.19
hyped	1.89	2.74
grapplers	1.89	3.67
monster	1.89	1.60
surprisingly	1.89	1.89
dang	1.90	2.05
tdd	1.90	1.46
hey	1.90	2.26
journalism	1.90	1.42
journalist	1.92	1.51
educated	1.92	1.73
corrected	1.92	3.42
edit	1.93	3.26
article	1.95	1.64
striker	1.95	2.36
beauty	1.96	2.00
gifted	1.96	1.42
compelling	1.97	1.49
spectacular	1.98	2.11
met	1.99	2.31
noted	1.99	2.37
nervous	1.99	2.90
dig	2.00	1.61
successful	2.01	1.53
error	2.01	3.22
form	2.02	2.76
athlete	2.02	2.39
experienced	2.03	2.29
strong	2.03	1.47
celebration	2.05	1.75
fucking	2.05	2.29
badass	2.05	2.36
attractive	2.05	1.49
strikers	2.05	3.37
good	2.06	2.05
caliber	2.08	2.90
terrifying	2.08	1.90
grammar	2.08	3.27
elite	2.09	3.41
popular	2.09	1.37
tough	2.09	1.76
mature	2.09	1.69
dedicated	2.10	1.60
goddamn	2.11	2.12
writer	2.12	1.46
focused	2.12	1.51
edited	2.13	3.39
sentence	2.13	3.32
real	2.14	2.27
spelling	2.14	3.37
mma	2.15	2.95
typo	2.16	3.25
apologies	2.17	3.16
watching	2.18	1.89
fun	2.19	2.30
stole	2.20	2.49
haha	2.20	2.53
valuable	2.20	1.50
creative	2.20	1.34
tremendous	2.21	1.49
epic	2.21	2.04
dynamic	2.22	1.34
blown	2.23	1.95
aggressive	2.23	1.26
gf	2.24	2.29
smooth	2.25	1.27
technically	2.26	2.68
hahaha	2.26	2.42
ta	2.27	2.64
mr	2.29	1.59
absolutely	2.30	2.30
solid	2.31	2.11
answer	2.32	2.87
marketable	2.34	1.30
explanation	2.35	1.85
seemed	2.36	2.33
man	2.36	2.48
insane	2.37	2.11
welcome	2.37	1.73
info	2.39	1.76
pride	2.40	2.43
rounded	2.42	1.31
skilled	2.44	1.70
hug	2.44	2.29
truly	2.45	2.13
write	2.45	1.43
pure	2.48	2.05
scary	2.48	2.17
analyst	2.49	1.23
damn	2.52	2.33
whoa	2.53	2.16
interesting	2.53	1.93
sigh	2.53	1.86
christmas	2.54	2.48
primarily	2.55	2.07
talented	2.55	1.34
birthday	2.55	2.43
quick	2.55	1.90
confident	2.56	2.49
reminded	2.56	1.69
cheers	2.56	1.95
earth	2.58	2.97
handsome	2.58	1.94
an	2.59	2.07
performance	2.60	2.35
cool	2.60	2.44
articles	2.61	1.32
entrance	2.61	2.11
superior	2.62	1.51
enjoying	2.63	2.29
contrast	2.63	2.14
unreal	2.65	2.14
battle	2.66	1.86
patient	2.66	1.54
beautiful	2.66	1.80
incredible	2.67	2.14
hungry	2.68	2.30
insight	2.68	1.61
genuine	2.70	1.97
wish	2.72	3.13
intelligent	2.74	1.66
freaking	2.75	2.28
meet	2.75	2.15
entertaining	2.76	1.91
brilliant	2.78	1.87
tonight	2.79	1.83
technical	2.81	1.26
clinic	2.82	1.96
showcase	2.84	2.05
rooting	2.84	2.55
thank	2.84	2.22
smart	2.84	1.78
knowledgeable	2.85	1.57
passionate	2.86	1.71
underrated	2.86	1.46
writing	2.88	1.28
recommend	2.90	2.04
thanks	2.91	2.19
feedback	2.92	1.61
excellent	2.92	2.10
wow	2.93	2.24
vice	2.93	1.69
honest	2.93	2.20
cute	2.93	2.02
beast	2.99	2.05
unbelievable	2.99	1.97
headed	3.00	2.11
notch	3.05	1.81
sweet	3.05	1.87
refreshing	3.05	2.06
likable	3.06	1.74
intense	3.08	1.83
motivated	3.10	2.14
crazy	3.12	1.74
genius	3.20	1.49
analysis	3.23	1.23
pumped	3.28	2.44
dude	3.29	2.11
sir	3.30	1.99
likeable	3.31	1.82
prefer	3.32	1.79
relaxed	3.33	2.09
jack	3.35	1.43
quiet	3.35	2.10
slack	3.36	1.43
exciting	3.38	1.67
phenomenal	3.39	1.76
comeback	3.39	2.11
respectful	3.40	1.99
polite	3.44	2.05
humble	3.44	2.01
spoken	3.45	2.00
great	3.56	1.54
dope	3.56	1.53
calm	3.61	1.93
helpful	3.66	1.70
classy	3.70	1.85
outstanding	3.76	1.64
enjoy	3.91	1.50
loving	3.91	1.14
chill	3.93	1.41
friendly	4.00	1.80
enjoyed	4.02	1.34
sharing	4.02	1.75
breakdowns	4.04	1.23
robin	4.07	1.19
slick	4.16	1.14
breakdown	4.19	1.32
props	4.24	1.36
appreciate	4.35	1.39
wonderful	4.45	1.07
congrats	4.54	1.04
appreciated	4.58	1.01
