disgusting	-3.90	0.67
shameful	-3.87	1.08
painful	-3.64	1.30
terrifying	-3.60	1.34
horrific	-3.59	1.31
cruel	-3.58	1.11
unfortunate	-3.58	1.23
sick	-3.58	1.42
unfair	-3.56	1.20
vicious	-3.55	0.65
frustrating	-3.55	1.30
upsetting	-3.54	1.27
scary	-3.47	1.31
devastating	-3.46	1.36
witness	-3.45	1.30
infuriating	-3.44	1.25
must	-3.43	1.27
difficult	-3.39	1.31
exact	-3.39	0.82
traumatic	-3.33	1.38
confusing	-3.32	1.30
heartbreaking	-3.31	1.39
tragic	-3.31	1.38
crappy	-3.21	1.30
depressing	-3.21	1.46
imagine	-3.21	1.23
gross	-3.20	0.79
stomach	-3.16	1.31
brutal	-3.14	1.38
unpleasant	-3.12	1.21
embarrassing	-3.11	1.50
hard	-3.09	1.38
disappointing	-3.07	1.46
uncomfortable	-3.05	1.84
happening	-3.03	1.60
bad	-3.01	1.47
tough	-3.00	1.29
stressful	-2.98	1.36
overwhelming	-2.98	1.18
annoying	-2.96	1.21
despise	-2.95	1.05
constantly	-2.95	1.32
nightmares	-2.95	1.14
ridiculous	-2.91	1.22
exhausting	-2.91	1.23
excuse	-2.88	1.20
hurtful	-2.88	0.98
unexpected	-2.88	1.27
furious	-2.86	1.45
especially	-2.84	1.10
frustrated	-2.83	2.02
hateful	-2.81	0.97
guilty	-2.80	1.90
angry	-2.77	2.03
stressed	-2.76	2.03
bullied	-2.75	1.32
nightmare	-2.75	0.81
embarrassed	-2.74	2.06
tired	-2.73	1.94
depressed	-2.72	2.05
hopeless	-2.71	1.81
ashamed	-2.71	1.93
scares	-2.71	0.76
felt	-2.71	1.81
dangerous	-2.70	1.12
feeling	-2.69	1.95
pathetic	-2.67	1.42
endure	-2.67	1.40
upset	-2.66	2.10
helpless	-2.66	1.96
overwhelmed	-2.65	2.05
lonely	-2.64	2.09
insane	-2.62	1.00
draining	-2.62	1.18
often	-2.62	1.06
scared	-2.61	2.05
rejection	-2.60	1.05
mad	-2.58	2.05
numb	-2.57	1.96
rough	-2.57	1.43
blamed	-2.56	1.41
absolutely	-2.55	1.47
disturbing	-2.55	1.06
bullying	-2.53	1.09
hurts	-2.53	1.46
anxious	-2.52	2.15
evil	-2.52	1.21
growing	-2.51	1.42
hardest	-2.50	1.01
impossible	-2.49	1.20
makes	-2.48	1.97
faced	-2.47	1.17
hungry	-2.47	1.94
poor	-2.46	1.41
disgusted	-2.46	1.41
shitty	-2.45	1.55
exhausted	-2.45	1.75
avoided	-2.43	1.21
messed	-2.42	1.46
highschool	-2.41	1.82
yelled	-2.41	1.39
unsure	-2.40	2.10
annoyed	-2.40	1.92
fathom	-2.39	1.18
happened	-2.38	1.46
abnormal	-2.38	1.33
dealing	-2.38	1.31
confused	-2.37	2.16
trapped	-2.36	2.06
offended	-2.36	1.93
inevitable	-2.36	1.13
insecure	-2.35	1.84
isolated	-2.34	2.08
tolerate	-2.34	1.18
rage	-2.34	1.29
disappointed	-2.34	2.12
rarely	-2.33	1.19
disrespectful	-2.33	0.91
prepared	-2.33	1.11
bored	-2.32	1.91
crushing	-2.32	1.32
empty	-2.32	1.91
jealous	-2.31	1.89
utterly	-2.30	1.22
imagined	-2.30	1.02
complicated	-2.29	1.29
dislike	-2.29	1.26
horribly	-2.29	1.56
sometimes	-2.28	1.72
ordeal	-2.27	1.35
experienced	-2.27	1.01
whole	-2.26	1.16
case	-2.26	1.71
strange	-2.25	1.27
pissed	-2.25	2.11
hatred	-2.25	1.36
damaging	-2.24	1.04
nervous	-2.23	1.94
worthless	-2.23	1.40
overreacting	-2.23	1.97
weak	-2.22	1.92
hesitant	-2.22	2.08
offensive	-2.22	0.99
shocked	-2.20	1.98
teachers	-2.20	1.87
typically	-2.19	1.30
monster	-2.19	1.25
plain	-2.19	1.20
bullshit	-2.18	1.17
failure	-2.18	1.21
neglected	-2.18	1.68
insanely	-2.17	1.25
torn	-2.17	1.95
relate	-2.17	1.28
spread	-2.16	1.20
dying	-2.16	1.50
circumstance	-2.16	1.00
vulnerable	-2.13	2.03
easiest	-2.12	1.17
assholes	-2.12	1.25
important	-2.12	1.29
pressured	-2.11	1.72
pisses	-2.11	1.09
threatened	-2.09	1.20
toxic	-2.09	1.30
easy	-2.09	1.34
harmful	-2.08	1.03
covered	-2.08	1.51
useless	-2.08	1.29
rude	-2.07	0.93
disappointment	-2.06	0.87
insulting	-2.06	0.98
regretted	-2.06	1.64
worried	-2.06	1.99
directed	-2.05	1.40
through	-2.05	1.18
mostly	-2.05	1.24
irritating	-2.05	1.00
official	-2.05	1.53
terribly	-2.05	1.64
idiots	-2.05	1.29
drank	-2.05	1.85
missing	-2.04	1.84
disgust	-2.03	1.37
paranoid	-2.02	1.84
world	-2.01	1.53
occurred	-2.01	1.05
unlikely	-2.00	0.97
pointless	-2.00	1.22
general	-1.99	1.28
none	-1.99	1.57
convenient	-1.98	1.21
feels	-1.98	1.78
section	-1.98	1.60
possibly	-1.98	1.33
experiencing	-1.98	1.00
tragedy	-1.98	1.34
due	-1.98	1.40
inherently	-1.97	1.65
against	-1.97	1.53
happens	-1.97	1.33
looked	-1.97	1.69
recent	-1.97	1.01
surprising	-1.96	1.14
harsh	-1.96	1.05
complain	-1.95	1.43
awhile	-1.95	1.68
douchebags	-1.93	1.38
unacceptable	-1.93	0.96
annoys	-1.93	1.26
biggest	-1.92	1.25
experience	-1.91	1.47
stuck	-1.91	1.59
complex	-1.90	1.15
insulted	-1.90	1.27
heartbreak	-1.88	0.97
shame	-1.87	1.13
event	-1.87	1.19
ignorant	-1.87	0.90
bitter	-1.87	1.44
stupid	-1.86	1.06
childish	-1.86	1.01
literally	-1.86	1.50
pains	-1.85	1.01
loneliness	-1.85	0.89
boring	-1.85	1.37
awkward	-1.84	1.96
particular	-1.84	1.26
sudden	-1.84	1.13
weird	-1.84	1.49
suffered	-1.83	0.99
ect	-1.83	1.19
destructive	-1.83	0.85
messy	-1.82	1.17
inappropriate	-1.80	1.02
pain	-1.80	0.99
malicious	-1.80	1.62
incident	-1.80	1.07
betrayal	-1.80	1.03
accident	-1.79	1.13
dirty	-1.79	0.96
tricky	-1.78	1.20
absolute	-1.78	1.10
complete	-1.78	1.19
defensive	-1.77	1.75
petty	-1.76	1.04
total	-1.76	1.23
losses	-1.75	1.20
bothering	-1.74	2.20
dealt	-1.74	1.10
insensitive	-1.74	1.03
horny	-1.74	1.44
hypocritical	-1.73	0.90
claimed	-1.73	1.69
events	-1.73	1.06
confront	-1.72	1.44
lazy	-1.72	1.00
afraid	-1.71	1.85
secretly	-1.71	1.20
insignificant	-1.71	1.68
most	-1.70	1.27
truth	-1.70	2.16
liberal	-1.69	1.39
guilt	-1.69	1.01
fear	-1.69	0.95
lesson	-1.68	1.01
learnt	-1.66	0.97
same	-1.66	1.62
circumstances	-1.66	0.96
selfish	-1.66	1.00
lately	-1.65	1.64
stressing	-1.65	1.50
deal	-1.64	1.39
breakup	-1.63	1.07
vocal	-1.63	1.55
occasions	-1.63	1.65
muslims	-1.63	1.47
partying	-1.62	1.88
immature	-1.62	1.05
gays	-1.62	1.62
pity	-1.62	1.40
trauma	-1.62	1.03
shallow	-1.62	0.94
witnessed	-1.61	1.03
its	-1.61	1.81
knowing	-1.61	2.11
shaking	-1.61	1.40
attacks	-1.61	0.96
whine	-1.60	1.56
meaningless	-1.60	1.37
creepy	-1.59	1.17
confusion	-1.59	0.85
surprised	-1.59	1.89
irresponsible	-1.58	0.95
cliche	-1.58	1.15
holy	-1.57	1.67
pretentious	-1.57	1.01
struggle	-1.57	1.09
lowest	-1.56	1.43
bizarre	-1.56	1.71
inconsiderate	-1.56	1.00
usually	-1.54	1.30
used	-1.53	1.44
extreme	-1.53	0.87
plus	-1.52	1.54
assumed	-1.52	1.58
unfortunately	-1.52	1.52
twisted	-1.52	0.98
resentment	-1.52	0.92
only	-1.51	2.56
fascinating	-1.51	1.34
suck	-1.51	1.53
bullies	-1.50	0.82
terrified	-1.50	1.70
introduced	-1.50	1.72
demanding	-1.49	1.13
condescending	-1.48	0.96
unreasonable	-1.48	1.24
violated	-1.48	1.30
intense	-1.48	1.22
similar	-1.48	1.14
by	-1.48	1.18
ptsd	-1.46	1.00
immune	-1.46	1.17
ie	-1.46	1.30
challenges	-1.46	1.05
syndrome	-1.46	1.00
sadness	-1.46	0.94
admit	-1.45	1.52
heartache	-1.45	0.91
kept	-1.45	1.60
part	-1.45	1.28
ignorance	-1.45	0.97
empathize	-1.45	1.11
arrogant	-1.44	0.95
accidents	-1.44	0.93
entire	-1.43	1.43
completely	-1.43	1.40
bitterness	-1.43	0.97
unhappy	-1.43	2.35
harassed	-1.43	0.89
expensive	-1.42	1.18
etc	-1.42	1.40
serves	-1.42	1.48
hating	-1.42	1.55
bugs	-1.42	1.00
enemy	-1.41	1.39
paranoia	-1.41	0.91
criticize	-1.41	1.53
understand	-1.41	1.96
dare	-1.40	1.58
freaked	-1.40	1.39
constant	-1.39	0.88
cycle	-1.39	0.99
doing	-1.39	2.58
wondering	-1.39	1.89
anger	-1.38	0.91
afterwards	-1.37	1.49
arguing	-1.37	1.23
dramatic	-1.37	1.10
worth	-1.36	2.32
miserable	-1.36	2.19
taboo	-1.36	1.06
fact	-1.36	2.75
embarrassment	-1.36	0.90
assume	-1.35	2.52
suspicious	-1.35	1.44
injury	-1.35	1.01
injuries	-1.35	1.03
frustration	-1.35	0.91
towards	-1.35	1.00
absurd	-1.34	1.09
concerning	-1.34	1.01
spiral	-1.34	0.92
judgmental	-1.33	0.93
rut	-1.33	1.51
despair	-1.33	0.96
conscious	-1.32	1.57
crippling	-1.32	0.90
controlling	-1.32	1.13
involving	-1.32	1.00
frankly	-1.31	1.15
such	-1.31	1.67
desperate	-1.31	1.47
oddly	-1.31	1.16
unnecessary	-1.30	1.09
insults	-1.30	0.92
fucking	-1.30	1.84
childhood	-1.30	0.86
harder	-1.30	1.38
certain	-1.30	0.97
freak	-1.30	1.27
make	-1.29	1.88
likely	-1.29	1.77
amongst	-1.29	1.28
struggles	-1.29	1.05
racist	-1.28	0.93
reason	-1.27	2.80
endless	-1.27	1.13
bastards	-1.27	1.02
transition	-1.26	1.11
thinking	-1.25	2.09
simply	-1.24	2.54
happen	-1.24	2.04
matter	-1.24	2.59
incredibly	-1.24	1.29
clear	-1.24	2.27
virus	-1.24	1.05
outright	-1.24	0.85
going	-1.24	2.65
why	-1.24	2.78
mean	-1.23	2.76
sexist	-1.23	0.90
made	-1.23	1.60
panic	-1.23	1.04
irrational	-1.23	0.92
prick	-1.23	1.03
which	-1.23	1.98
obnoxious	-1.22	0.98
somehow	-1.22	2.36
learned	-1.22	1.25
rejected	-1.22	1.33
ridiculously	-1.22	1.16
hurt	-1.22	2.00
drastic	-1.21	1.44
homophobic	-1.21	0.87
molested	-1.21	0.92
idiotic	-1.21	1.03
jerk	-1.21	1.01
comprehend	-1.21	1.21
unhealthy	-1.21	0.94
bug	-1.20	0.91
hiding	-1.20	1.27
utter	-1.20	0.86
caught	-1.20	1.12
devastated	-1.20	1.95
discomfort	-1.20	0.92
lame	-1.20	1.13
wonder	-1.20	2.09
naive	-1.20	1.08
sore	-1.19	1.16
alone	-1.19	2.23
way	-1.19	2.71
needy	-1.19	1.39
nothing	-1.19	2.79
idiot	-1.19	0.90
struggling	-1.19	1.08
facing	-1.19	1.08
verbally	-1.19	0.82
gone	-1.19	1.69
clue	-1.18	1.74
risky	-1.18	1.14
jealousy	-1.18	0.93
right	-1.18	2.65
asshole	-1.18	1.02
either	-1.18	2.85
described	-1.18	1.10
said	-1.17	2.46
suffering	-1.17	0.94
douchebag	-1.17	0.87
exactly	-1.17	2.29
during	-1.16	1.04
scenario	-1.16	1.87
beyond	-1.16	1.09
anything	-1.16	2.79
unable	-1.16	1.48
attitudes	-1.16	0.91
inferior	-1.16	1.31
severe	-1.15	1.01
retarded	-1.15	1.09
injured	-1.15	1.11
outcome	-1.15	1.85
raped	-1.15	0.92
avoid	-1.15	1.09
severely	-1.15	1.04
thru	-1.14	1.26
sounding	-1.14	1.09
myself	-1.14	1.49
discrimination	-1.14	0.86
bothers	-1.14	1.28
cope	-1.13	1.19
believe	-1.13	2.43
abused	-1.13	0.88
delusional	-1.13	1.02
flu	-1.13	1.09
bothered	-1.13	1.80
loop	-1.12	1.34
justify	-1.12	1.10
bs	-1.12	0.80
extremely	-1.12	1.27
describe	-1.12	1.09
assaulted	-1.12	0.89
insecurity	-1.11	0.93
nonsense	-1.11	1.00
saying	-1.11	2.77
error	-1.11	1.45
across	-1.11	1.03
sure	-1.11	2.65
beaten	-1.11	0.89
challenging	-1.11	1.19
sum	-1.11	0.88
stress	-1.11	0.97
emotion	-1.11	1.13
worse	-1.11	2.03
understandable	-1.10	1.34
suicidal	-1.10	1.26
effects	-1.10	1.00
flat	-1.09	0.98
unless	-1.09	2.72
difference	-1.09	1.58
ill	-1.09	1.37
stuff	-1.09	1.92
entirely	-1.09	1.46
point	-1.08	2.78
jerks	-1.08	0.90
little	-1.08	1.65
acceptable	-1.08	1.08
convinced	-1.08	1.42
liar	-1.07	0.97
imagining	-1.07	1.04
accused	-1.07	1.05
complaining	-1.07	1.49
poverty	-1.07	0.86
trying	-1.07	1.95
irrelevant	-1.07	1.25
radical	-1.07	0.80
smell	-1.07	0.90
true	-1.07	2.66
majority	-1.07	1.02
something	-1.07	2.78
necessarily	-1.07	2.69
causes	-1.06	0.99
racism	-1.06	1.00
position	-1.06	1.29
stop	-1.06	1.59
handle	-1.06	1.40
relieved	-1.06	2.18
shock	-1.06	1.06
task	-1.06	1.10
death	-1.05	1.97
situation	-1.05	1.47
threatening	-1.05	0.92
abandoned	-1.05	1.59
coming	-1.05	2.15
bunch	-1.05	0.89
anxiety	-1.04	1.00
abortions	-1.04	1.13
despite	-1.04	1.05
suffer	-1.04	1.01
downs	-1.04	1.14
encountered	-1.04	1.05
drama	-1.03	0.94
seen	-1.03	1.60
entitled	-1.03	0.91
ca	-1.03	2.17
done	-1.03	2.17
realization	-1.03	1.08
anywhere	-1.03	1.95
issues	-1.02	1.09
realized	-1.02	1.44
thing	-1.02	1.98
without	-1.02	1.43
sucked	-1.01	1.10
lot	-1.00	1.77
blaming	-1.00	1.10
backwards	-1.00	0.97
over	-1.00	1.77
affected	-1.00	1.11
misogyny	-1.00	0.96
violent	-0.99	0.92
fights	-0.99	0.94
possible	-0.99	2.14
rash	-0.99	1.29
reverse	-0.99	1.06
depression	-0.99	1.00
explain	-0.99	1.87
nowadays	-0.99	1.13
clueless	-0.98	1.05
denial	-0.98	0.87
drives	-0.98	0.85
effect	-0.98	1.15
claim	-0.98	1.27
crazy	-0.98	1.32
scum	-0.98	0.93
sense	-0.98	1.84
proving	-0.98	2.27
easier	-0.97	1.64
became	-0.97	1.32
spite	-0.97	0.85
were	-0.97	2.56
suffers	-0.97	0.99
settling	-0.97	1.61
matters	-0.96	1.72
always	-0.96	2.33
screwed	-0.96	1.25
problem	-0.96	1.83
except	-0.96	1.54
common	-0.96	1.12
workers	-0.95	1.06
unusual	-0.95	1.11
bully	-0.95	0.88
although	-0.95	1.98
chronic	-0.95	0.99
where	-0.95	2.02
stems	-0.95	0.90
judged	-0.95	1.12
affecting	-0.94	1.22
spoiled	-0.94	0.91
odd	-0.94	1.38
wheel	-0.94	1.02
things	-0.94	2.20
excuses	-0.94	1.05
however	-0.94	2.38
situations	-0.94	1.11
struggled	-0.94	1.07
nor	-0.93	1.97
thoroughly	-0.93	0.95
difficulties	-0.93	1.00
schizophrenia	-0.93	1.05
throughout	-0.93	0.89
projecting	-0.92	1.06
middle	-0.92	0.90
escape	-0.92	1.24
crap	-0.92	1.21
scare	-0.92	1.23
swallow	-0.92	1.12
fucked	-0.92	1.55
elementary	-0.92	1.10
manipulative	-0.92	1.01
cause	-0.92	1.20
getting	-0.92	1.93
rewarding	-0.91	1.22
mentally	-0.91	1.09
sexism	-0.91	0.95
cases	-0.91	1.08
burden	-0.91	1.04
unemployed	-0.91	1.25
occur	-0.91	1.16
even	-0.91	2.50
therefore	-0.91	1.14
sadly	-0.91	1.18
separation	-0.90	0.86
minorities	-0.90	0.95
yelling	-0.90	1.30
everywhere	-0.90	1.05
possibility	-0.90	1.46
wary	-0.90	1.50
end	-0.90	2.04
shits	-0.90	1.01
smoked	-0.90	1.05
cried	-0.90	1.96
particularly	-0.90	1.12
dumb	-0.89	1.17
trigger	-0.89	1.05
misery	-0.89	0.87
concerned	-0.89	1.61
tries	-0.89	2.20
causing	-0.89	0.99
battles	-0.89	0.92
douche	-0.89	1.05
trouble	-0.89	1.52
prove	-0.89	2.37
damaged	-0.89	1.07
suspect	-0.88	1.07
illness	-0.88	1.02
complaint	-0.88	0.91
lied	-0.88	1.42
negativity	-0.88	0.90
loser	-0.87	1.17
disease	-0.87	1.00
reporting	-0.87	0.94
decision	-0.87	1.57
teenagers	-0.87	0.93
justified	-0.86	1.43
dismiss	-0.86	1.20
prepare	-0.86	0.98
cry	-0.86	1.84
issue	-0.86	1.43
daily	-0.86	1.02
worrying	-0.86	1.43
trivial	-0.86	1.28
telling	-0.86	2.00
whining	-0.86	1.09
having	-0.86	1.69
damage	-0.85	1.02
arrested	-0.85	0.89
say	-0.85	2.50
violence	-0.85	0.85
begin	-0.85	1.47
spot	-0.85	1.20
mess	-0.85	1.07
bit	-0.85	1.73
warn	-0.85	1.41
abuse	-0.85	0.88
easily	-0.85	1.35
busy	-0.84	1.43
compared	-0.84	1.25
mistake	-0.84	1.29
puberty	-0.84	1.06
blame	-0.84	1.62
grief	-0.84	1.04
everyday	-0.84	1.13
frequently	-0.84	0.96
yet	-0.84	2.36
probably	-0.84	2.42
giant	-0.84	0.88
blatantly	-0.83	1.07
period	-0.83	1.10
thought	-0.83	1.90
cynical	-0.83	1.30
unwanted	-0.83	1.20
bitch	-0.83	1.08
amounts	-0.83	0.91
least	-0.83	2.47
conditions	-0.83	1.04
sooo	-0.83	1.36
self-esteem	-0.83	0.98
permanent	-0.82	1.16
drunk	-0.82	1.04
punished	-0.82	1.19
prejudice	-0.82	0.96
emotions	-0.82	1.10
basically	-0.82	1.71
junior	-0.82	1.09
also	-0.82	2.48
obsessed	-0.82	1.17
fault	-0.82	2.68
left	-0.82	1.47
realised	-0.82	1.42
should	-0.81	2.48
involves	-0.81	1.01
gotten	-0.81	1.69
acknowledged	-0.81	1.25
blacks	-0.81	0.98
illnesses	-0.81	1.02
actually	-0.81	2.40
conscience	-0.81	1.27
bear	-0.81	1.07
talking	-0.81	2.23
theres	-0.81	2.14
retail	-0.81	1.13
class	-0.81	1.10
victim	-0.81	1.20
trap	-0.80	0.97
been	-0.80	1.84
introvert	-0.80	1.70
extent	-0.80	1.28
exception	-0.80	1.16
senior	-0.80	1.12
symptoms	-0.80	1.03
intentionally	-0.80	1.26
mcdonalds	-0.80	1.12
making	-0.80	1.71
pressure	-0.80	1.10
moron	-0.80	1.11
behaviour	-0.79	1.10
ignore	-0.79	1.28
disorder	-0.79	1.01
attacked	-0.79	0.95
stupidity	-0.79	0.91
ocd	-0.79	1.02
option	-0.79	1.82
ordinary	-0.79	1.17
caused	-0.79	0.98
attempts	-0.78	1.13
big	-0.78	1.07
tend	-0.78	0.97
typical	-0.78	0.94
reality	-0.78	1.49
stereotype	-0.78	0.89
timing	-0.78	1.08
cigarettes	-0.78	0.96
ignored	-0.78	1.26
tell	-0.78	2.29
lying	-0.78	1.26
noticed	-0.78	1.42
figure	-0.78	2.14
related	-0.77	0.98
fix	-0.77	2.01
now	-0.77	2.40
may	-0.77	2.42
certainly	-0.77	2.04
change	-0.77	2.01
many	-0.77	1.15
crimes	-0.77	1.06
risks	-0.77	1.09
aware	-0.77	1.81
hurting	-0.77	1.58
relieve	-0.77	1.18
accept	-0.77	1.86
torture	-0.77	0.95
regret	-0.77	1.41
lies	-0.76	1.09
self	-0.76	0.97
anymore	-0.76	2.41
partially	-0.76	1.11
working	-0.76	1.84
worked	-0.76	1.27
cops	-0.76	0.86
doubt	-0.76	2.28
lie	-0.76	1.81
bipolar	-0.76	1.03
disorders	-0.76	1.02
wondered	-0.76	1.79
rapists	-0.76	1.10
consequences	-0.75	1.13
sue	-0.75	1.05
whites	-0.75	0.98
minus	-0.75	1.00
masturbating	-0.75	1.01
threaten	-0.75	0.97
insecurities	-0.75	1.07
distracted	-0.75	1.27
hs	-0.75	1.08
too	-0.74	2.01
shut	-0.74	1.17
tempted	-0.74	1.69
encouraged	-0.74	1.05
cheap	-0.74	1.01
condition	-0.74	1.10
restraining	-0.74	0.98
punched	-0.74	1.04
looking	-0.74	2.18
personally	-0.74	2.37
tends	-0.74	0.99
problems	-0.74	1.18
questioning	-0.74	1.30
long	-0.74	1.31
obama	-0.74	0.97
psychopath	-0.74	1.26
underlying	-0.74	1.22
specifically	-0.74	1.03
awkwardness	-0.74	1.15
nuts	-0.73	1.20
crime	-0.73	1.08
pushed	-0.73	1.08
brat	-0.73	0.97
root	-0.73	1.12
grew	-0.73	0.93
unstable	-0.73	1.05
opposite	-0.73	1.09
symptom	-0.73	1.15
could	-0.73	2.39
bubble	-0.72	1.18
stubborn	-0.72	1.19
realize	-0.72	2.19
asking	-0.72	2.10
apologized	-0.72	1.41
combination	-0.72	1.03
nerves	-0.72	1.45
legitimately	-0.72	1.25
risk	-0.72	1.26
triggers	-0.72	0.98
still	-0.72	2.41
harassment	-0.72	0.88
bother	-0.72	2.21
does	-0.72	2.46
alcoholism	-0.72	0.96
ease	-0.72	1.16
describing	-0.72	1.12
mentality	-0.72	0.95
losers	-0.71	0.97
failing	-0.71	0.97
wreck	-0.71	1.13
distress	-0.71	1.04
taught	-0.71	0.95
school	-0.71	1.09
believed	-0.71	1.35
instead	-0.71	1.35
mention	-0.71	1.35
see	-0.71	2.32
then	-0.70	2.35
high	-0.70	1.04
course	-0.70	2.24
prevent	-0.70	1.20
freshman	-0.70	1.11
competitive	-0.70	1.17
calling	-0.70	1.09
narcissistic	-0.70	1.04
liked	-0.70	2.03
poison	-0.70	0.92
got	-0.70	1.58
whore	-0.70	1.05
quite	-0.70	1.52
judge	-0.70	1.68
fair	-0.70	2.61
islam	-0.69	0.88
consciously	-0.69	1.21
pure	-0.69	0.84
illegal	-0.69	1.10
among	-0.69	0.92
decline	-0.69	1.24
worry	-0.69	2.20
seems	-0.69	1.56
might	-0.69	2.36
murder	-0.69	1.09
kinda	-0.69	1.96
report	-0.68	0.95
badly	-0.68	1.48
avoiding	-0.68	1.16
defend	-0.68	1.07
neglect	-0.68	0.95
result	-0.68	1.05
exist	-0.68	1.92
crushed	-0.68	1.51
western	-0.68	0.95
d	-0.68	2.40
racial	-0.68	0.94
minor	-0.68	1.06
killer	-0.68	1.00
diseases	-0.68	0.97
feelings	-0.68	1.11
complained	-0.68	1.32
oblivious	-0.67	1.09
whether	-0.67	2.20
borderline	-0.67	1.07
depressive	-0.67	1.04
stand	-0.67	1.91
far	-0.67	2.07
stigma	-0.67	1.06
perception	-0.67	1.08
considering	-0.67	1.47
herpes	-0.67	1.04
repeating	-0.66	1.43
gut	-0.66	0.97
mental	-0.66	1.08
couldnt	-0.66	1.44
including	-0.66	0.95
beneficial	-0.66	1.06
existence	-0.66	1.17
smoking	-0.66	0.99
mild	-0.66	1.04
complaints	-0.66	1.05
fortunately	-0.66	1.04
us	-0.66	1.96
leaves	-0.65	1.41
grasp	-0.65	1.42
lawyers	-0.65	0.98
occasional	-0.65	0.89
survived	-0.65	1.02
laziness	-0.65	1.00
viewed	-0.65	1.15
anybody	-0.65	2.47
past	-0.65	1.65
customers	-0.65	1.08
argue	-0.65	1.30
unrealistic	-0.65	1.01
court	-0.65	1.04
fool	-0.65	1.14
file	-0.65	1.04
folk	-0.64	0.93
substance	-0.64	1.04
college	-0.64	1.08
fail	-0.64	1.05
leads	-0.64	0.99
judging	-0.64	1.32
invisible	-0.64	1.16
stages	-0.64	1.04
largely	-0.64	0.89
testing	-0.64	1.01
shot	-0.64	1.33
rationalize	-0.64	1.28
led	-0.64	0.97
wo	-0.64	2.32
surviving	-0.63	1.01
solve	-0.63	1.32
adhd	-0.63	1.05
found	-0.63	1.55
these	-0.63	1.09
repercussions	-0.63	1.11
shortly	-0.63	1.08
diagnosed	-0.63	1.04
coward	-0.63	1.26
law	-0.63	1.01
choice	-0.62	1.87
ending	-0.62	1.24
becomes	-0.62	1.25
pile	-0.62	0.99
argument	-0.62	1.27
psycho	-0.62	1.12
police	-0.62	0.93
snap	-0.62	1.18
never	-0.62	2.18
any	-0.62	2.37
enjoyable	-0.61	1.19
abusing	-0.61	1.06
betrayed	-0.61	1.84
phase	-0.61	1.01
horror	-0.61	0.81
twice	-0.61	1.32
full	-0.61	0.89
esteem	-0.61	1.07
mixed	-0.61	1.11
non	-0.61	0.89
ever	-0.61	2.21
disabled	-0.61	1.09
guaranteed	-0.60	1.40
reasons	-0.60	1.75
failed	-0.60	0.98
psychological	-0.60	1.07
maybe	-0.60	2.39
nation	-0.60	0.96
attached	-0.60	1.33
hardly	-0.60	1.52
harm	-0.60	1.29
necessary	-0.60	1.28
minority	-0.60	0.96
normal	-0.60	1.42
combat	-0.60	1.00
noticing	-0.60	1.46
noise	-0.60	1.10
behaviors	-0.60	1.08
threats	-0.60	0.94
potentially	-0.60	1.03
formal	-0.59	0.93
approached	-0.59	1.17
near	-0.59	1.43
behavior	-0.59	1.09
pot	-0.59	1.03
willingly	-0.59	1.31
country	-0.59	1.16
bound	-0.59	1.23
preventing	-0.59	0.97
raping	-0.59	1.12
patterns	-0.59	1.13
mood	-0.59	1.01
example	-0.59	1.53
surrounding	-0.59	0.90
black	-0.59	0.88
deaths	-0.58	0.99
superficial	-0.58	1.07
fight	-0.58	1.02
ve	-0.58	1.87
lastly	-0.58	1.81
broken	-0.58	1.39
quit	-0.58	1.15
guessing	-0.58	1.51
punish	-0.58	1.01
vice	-0.58	0.98
ruined	-0.58	1.11
convince	-0.58	1.62
beating	-0.58	1.25
multiple	-0.58	1.10
answer	-0.58	2.32
lawyer	-0.58	1.15
diagnosis	-0.57	1.08
religions	-0.57	1.09
alcohol	-0.57	1.01
abandon	-0.57	1.37
super	-0.57	1.42
justification	-0.57	1.26
already	-0.57	2.08
pedophiles	-0.57	1.08
quitting	-0.57	1.13
destroyed	-0.57	1.17
scream	-0.57	1.30
harmless	-0.57	1.15
turned	-0.57	1.49
started	-0.57	1.41
scenarios	-0.57	1.08
relation	-0.56	0.97
figured	-0.56	1.73
seemed	-0.56	1.42
kinds	-0.56	1.01
countries	-0.56	1.16
went	-0.56	1.34
victims	-0.56	0.94
narcissist	-0.56	0.99
pick	-0.56	1.68
place	-0.56	2.21
weed	-0.56	1.01
guarantee	-0.56	2.17
judgement	-0.56	1.27
figuring	-0.56	1.71
standard	-0.56	1.15
charged	-0.56	0.94
around	-0.56	1.74
somewhat	-0.56	1.40
win	-0.56	1.07
permanently	-0.56	1.18
drinking	-0.56	1.07
grade	-0.55	1.10
drugs	-0.55	1.02
resent	-0.55	1.55
attempted	-0.55	1.03
traffic	-0.55	1.02
consolation	-0.55	2.04
notice	-0.55	1.87
specific	-0.55	1.00
murdered	-0.55	1.06
honestly	-0.55	2.46
enabling	-0.55	1.01
much	-0.55	2.04
acting	-0.55	1.07
employee	-0.55	0.98
strain	-0.55	1.07
stereotypes	-0.55	0.98
had	-0.55	1.73
charges	-0.55	1.00
starving	-0.54	1.04
work	-0.54	1.98
previously	-0.54	1.35
sorts	-0.54	1.00
emotionally	-0.54	1.04
chance	-0.54	2.15
expect	-0.54	2.16
acted	-0.54	1.25
beg	-0.54	1.64
abuser	-0.54	1.09
usa	-0.54	1.20
trend	-0.54	1.04
action	-0.54	1.31
heard	-0.54	1.60
teenager	-0.54	1.00
ultimately	-0.54	1.38
once	-0.54	1.93
fucks	-0.54	0.98
creep	-0.54	1.01
admitted	-0.54	1.22
walked	-0.54	1.17
obesity	-0.53	1.09
king	-0.53	1.24
abusive	-0.53	0.99
asked	-0.53	1.61
assault	-0.53	0.97
uncommon	-0.53	1.13
developed	-0.53	1.08
known	-0.53	1.88
coin	-0.53	1.28
uses	-0.53	1.97
talked	-0.53	1.66
ask	-0.53	2.20
represent	-0.53	0.95
confrontation	-0.53	1.00
ran	-0.53	1.14
learn	-0.53	1.32
fired	-0.53	1.04
picking	-0.53	1.48
educate	-0.52	1.28
mistakes	-0.52	1.37
large	-0.52	0.98
factor	-0.52	1.17
hell	-0.52	2.04
load	-0.52	1.02
attempt	-0.52	1.36
pieces	-0.52	1.07
included	-0.52	0.97
decisions	-0.52	1.42
falling	-0.52	1.29
stopped	-0.51	1.36
let	-0.51	2.14
sociopath	-0.51	1.08
exposed	-0.51	1.25
troubles	-0.51	1.05
imbalance	-0.51	1.24
swear	-0.51	1.19
reacted	-0.51	1.27
wanting	-0.51	1.66
reacting	-0.51	1.03
hide	-0.51	1.40
overly	-0.51	1.40
interacting	-0.51	1.27
pattern	-0.51	1.14
fate	-0.50	0.92
apparent	-0.50	1.23
obsession	-0.50	1.06
knocked	-0.50	1.12
places	-0.50	1.39
students	-0.50	1.05
various	-0.50	1.03
order	-0.50	1.23
times	-0.50	1.78
immigrants	-0.50	0.88
belong	-0.50	1.64
oppression	-0.50	0.98
ironic	-0.50	1.24
ended	-0.50	1.35
ready	-0.50	1.83
breakdown	-0.50	1.17
america	-0.50	1.12
associated	-0.50	1.04
fought	-0.50	0.91
came	-0.49	1.43
equation	-0.49	1.16
repeatedly	-0.49	1.29
defending	-0.49	1.26
stands	-0.49	1.07
limits	-0.49	1.06
punch	-0.49	1.14
muslim	-0.49	0.90
attorney	-0.49	1.10
dragging	-0.49	1.59
destroying	-0.49	1.04
slut	-0.49	0.97
types	-0.49	1.14
suicide	-0.49	1.07
concept	-0.49	1.43
notion	-0.48	0.96
ought	-0.48	1.22
waiting	-0.48	1.59
additionally	-0.48	1.09
other	-0.48	1.42
demons	-0.48	1.02
entitlement	-0.48	0.90
chemical	-0.48	1.17
stalking	-0.48	1.05
legal	-0.48	1.10
parts	-0.48	1.12
cheesy	-0.48	1.29
reject	-0.48	1.30
picked	-0.48	1.17
fears	-0.48	0.99
smoke	-0.48	1.03
burger	-0.48	1.06
divorce	-0.48	1.05
weddings	-0.47	1.08
ages	-0.47	1.07
ways	-0.47	1.66
perhaps	-0.47	2.14
forget	-0.47	1.88
affect	-0.47	1.31
secure	-0.47	1.55
exists	-0.47	1.51
leave	-0.47	2.01
huge	-0.47	0.95
die	-0.47	1.29
versa	-0.47	0.98
cringe	-0.47	1.22
deny	-0.47	1.57
danger	-0.47	1.19
than	-0.47	1.62
doomed	-0.47	1.31
catching	-0.47	1.21
document	-0.47	1.00
core	-0.47	1.03
anyone	-0.47	2.40
creates	-0.47	1.05
main	-0.47	0.95
changes	-0.47	1.28
hiv	-0.47	1.00
those	-0.47	1.04
math	-0.47	1.02
ive	-0.47	1.69
idea	-0.47	2.45
vary	-0.47	1.14
comparison	-0.47	1.29
battle	-0.46	0.86
overcome	-0.46	1.07
removing	-0.46	1.22
imho	-0.46	1.02
job	-0.46	1.31
tried	-0.46	1.78
accountable	-0.46	1.14
competition	-0.46	1.05
rolling	-0.46	1.13
stealing	-0.46	1.35
tumblr	-0.46	0.98
released	-0.46	1.11
shaming	-0.45	0.89
habit	-0.45	1.11
almost	-0.45	1.79
rather	-0.45	1.75
escalate	-0.45	1.13
anti	-0.45	1.12
fairly	-0.45	1.26
yell	-0.45	1.35
rape	-0.45	0.99
normally	-0.45	1.32
americans	-0.45	0.97
letting	-0.45	1.66
destroy	-0.45	1.23
classes	-0.45	1.15
reports	-0.45	1.06
coping	-0.45	1.13
changed	-0.45	1.37
bastard	-0.45	0.96
come	-0.45	2.10
reactions	-0.45	1.09
thankfully	-0.45	1.12
proceed	-0.44	1.38
frequent	-0.44	1.08
clock	-0.44	1.18
settled	-0.44	1.40
grades	-0.44	1.04
fully	-0.44	1.38
classroom	-0.44	1.02
classic	-0.44	1.07
difficulty	-0.44	1.14
puts	-0.44	1.26
process	-0.44	1.08
genitals	-0.44	0.95
periods	-0.44	1.12
describes	-0.44	1.15
major	-0.44	0.94
low	-0.44	0.91
committing	-0.44	1.15
bias	-0.44	1.03
economy	-0.44	1.09
norm	-0.44	1.12
courses	-0.44	1.15
picky	-0.44	1.40
slap	-0.44	1.11
food	-0.44	1.10
camera	-0.44	1.05
conservative	-0.44	0.94
tendencies	-0.44	1.03
disappear	-0.44	1.68
look	-0.43	1.88
hearing	-0.43	1.25
under	-0.43	1.07
infection	-0.43	1.05
piss	-0.43	1.13
less	-0.43	1.59
hits	-0.43	1.21
managers	-0.43	1.04
brain	-0.43	1.11
again	-0.43	2.25
addressing	-0.43	1.34
goddamn	-0.43	1.23
bleeding	-0.43	1.05
scam	-0.43	0.88
nowhere	-0.43	1.30
try	-0.43	2.14
feminists	-0.43	0.93
vast	-0.43	1.12
faking	-0.43	1.24
existing	-0.43	1.05
living	-0.42	1.56
speech	-0.42	0.99
fast	-0.42	1.24
culture	-0.42	1.00
threw	-0.42	1.05
switch	-0.42	1.14
dropped	-0.42	1.12
learning	-0.42	1.12
taken	-0.42	1.91
able	-0.42	2.10
wide	-0.42	0.97
bigger	-0.42	1.23
race	-0.42	1.00
unrelated	-0.42	1.01
question	-0.42	2.14
magically	-0.42	1.63
marijuana	-0.42	0.88
decide	-0.42	1.95
covers	-0.42	0.97
basis	-0.42	1.05
heavily	-0.42	1.19
growth	-0.42	0.98
exposure	-0.42	1.17
canada	-0.42	1.35
concepts	-0.42	1.34
imo	-0.42	1.37
voices	-0.41	1.11
28	-0.41	1.84
dragged	-0.41	1.17
insult	-0.41	1.26
economic	-0.41	1.02
antidepressants	-0.41	1.27
23	-0.41	1.77
countless	-0.41	1.20
israel	-0.41	1.09
embrace	-0.41	1.22
before	-0.41	1.82
teacher	-0.41	1.05
rapist	-0.41	1.03
turn	-0.41	1.65
confronted	-0.41	1.32
stopping	-0.41	1.30
corporate	-0.41	1.04
meetings	-0.41	1.03
studied	-0.41	0.97
define	-0.41	1.49
stamps	-0.41	1.04
hormonal	-0.41	1.15
hospital	-0.41	1.11
moved	-0.41	1.45
followed	-0.41	1.00
older	-0.40	1.18
believes	-0.40	2.15
managing	-0.40	1.15
significant	-0.40	1.16
neither	-0.40	1.92
upbringing	-0.40	1.05
wanted	-0.40	2.15
favors	-0.40	1.25
listed	-0.40	1.09
slightly	-0.40	1.48
entered	-0.40	1.15
putting	-0.40	1.66
factors	-0.40	1.04
trial	-0.40	0.99
feminist	-0.40	0.96
shake	-0.40	1.36
slavery	-0.40	0.97
stance	-0.40	1.42
baggage	-0.40	1.06
urge	-0.40	1.19
natural	-0.40	1.20
portion	-0.40	1.04
altogether	-0.40	1.23
lessons	-0.40	1.11
29	-0.40	1.80
else	-0.40	2.61
physically	-0.40	1.00
homosexuality	-0.40	1.05
assumption	-0.40	1.40
cold	-0.40	1.12
reaction	-0.40	1.26
commit	-0.40	1.16
jump	-0.40	1.13
perceived	-0.40	1.02
unwilling	-0.39	1.40
robin	-0.39	1.86
waste	-0.39	1.18
straw	-0.39	0.95
since	-0.39	1.80
affects	-0.39	1.17
pretty	-0.39	1.60
libido	-0.39	1.11
criminal	-0.39	1.03
population	-0.39	1.05
east	-0.39	1.11
genetic	-0.39	1.05
drug	-0.39	1.02
promote	-0.39	0.98
city	-0.39	1.49
exceptions	-0.39	1.10
27	-0.39	1.84
homeless	-0.39	1.05
caution	-0.39	1.31
graduated	-0.39	1.20
adds	-0.39	1.01
queen	-0.39	0.96
town	-0.38	1.44
attitude	-0.38	1.10
replaced	-0.38	1.29
accepted	-0.38	1.31
nature	-0.38	1.03
minimal	-0.38	1.24
handful	-0.38	1.09
teaches	-0.38	1.13
woods	-0.38	1.26
finished	-0.38	1.18
decided	-0.38	1.62
adulthood	-0.38	1.03
discovered	-0.38	1.19
limitations	-0.38	1.16
poop	-0.38	1.04
remotely	-0.38	1.48
deliberately	-0.38	1.08
custody	-0.38	1.02
thrown	-0.38	1.24
otherwise	-0.37	2.13
24/7	-0.37	1.05
eaten	-0.37	1.10
professors	-0.37	1.03
void	-0.37	1.34
curious	-0.37	1.83
car	-0.37	1.04
serious	-0.37	1.34
objective	-0.37	1.08
autism	-0.37	1.02
enter	-0.37	1.01
proof	-0.37	1.58
grabbed	-0.37	1.14
though	-0.37	2.45
better	-0.37	2.13
partly	-0.36	1.18
lives	-0.36	1.18
disability	-0.36	1.07
acknowledge	-0.36	1.24
22	-0.36	1.73
stem	-0.36	0.88
finishing	-0.36	1.20
kills	-0.36	0.97
lived	-0.36	1.42
harming	-0.36	1.34
began	-0.36	1.29
pro	-0.36	0.99
forced	-0.36	1.36
management	-0.36	1.13
off	-0.36	1.51
compare	-0.36	1.49
believing	-0.36	1.40
double	-0.36	1.10
races	-0.36	1.03
recently	-0.36	1.32
celebrity	-0.36	0.95
hormones	-0.36	1.12
tastes	-0.36	0.96
reconsider	-0.36	1.21
similarly	-0.36	1.20
shots	-0.36	1.15
21	-0.35	1.76
unknown	-0.35	1.02
addiction	-0.35	1.06
teeth	-0.35	1.05
tension	-0.35	1.09
societal	-0.35	1.26
live	-0.35	1.53
applies	-0.35	1.18
vague	-0.35	1.19
stepped	-0.35	1.10
department	-0.35	1.08
kicked	-0.35	1.15
ugh	-0.35	1.70
sympathize	-0.35	1.26
years	-0.35	1.74
him	-0.35	2.19
teens	-0.35	1.11
loud	-0.34	1.21
levels	-0.34	1.11
go	-0.34	2.18
doesnt	-0.34	1.87
convincing	-0.34	1.23
essentially	-0.34	1.08
shit	-0.34	1.62
forgive	-0.34	1.74
put	-0.34	1.40
federal	-0.34	1.09
bitching	-0.34	1.31
york	-0.34	1.44
young	-0.34	1.21
26	-0.34	1.77
assumptions	-0.34	1.46
tune	-0.34	1.16
preference	-0.34	1.20
publicly	-0.34	1.31
several	-0.34	1.22
lower	-0.34	0.99
drivers	-0.34	1.02
effectively	-0.34	1.14
negative	-0.34	1.14
attacking	-0.34	1.13
addressed	-0.34	1.38
seeing	-0.34	1.88
solved	-0.34	1.36
meth	-0.33	1.04
domestic	-0.33	0.97
repeat	-0.33	1.25
explains	-0.33	1.10
manage	-0.33	1.39
headache	-0.33	1.10
modern	-0.33	1.04
choices	-0.33	1.45
damned	-0.33	1.26
crash	-0.33	1.07
mentioning	-0.33	1.55
moment	-0.33	1.66
religion	-0.33	1.16
silly	-0.33	1.37
fetish	-0.33	1.05
regularly	-0.33	1.00
ours	-0.33	1.05
gpa	-0.33	1.08
chances	-0.33	1.38
san	-0.33	1.50
oppressed	-0.33	1.03
age	-0.33	1.56
ton	-0.33	1.23
inside	-0.33	1.23
quickly	-0.33	1.43
states	-0.33	1.20
move	-0.33	1.98
carrying	-0.33	1.16
30s	-0.33	1.29
driver	-0.32	1.03
plenty	-0.32	1.27
california	-0.32	1.42
view	-0.32	1.25
luckily	-0.32	0.92
dictate	-0.32	1.55
onto	-0.32	1.12
england	-0.32	1.27
drove	-0.32	1.07
throwing	-0.32	1.30
year	-0.32	1.63
dunno	-0.32	1.74
chain	-0.32	1.11
workplace	-0.32	0.93
backed	-0.32	1.20
minded	-0.32	0.84
insurance	-0.32	1.02
state	-0.32	1.41
labeled	-0.32	1.13
cleaning	-0.32	1.06
excited	-0.32	1.98
employees	-0.32	1.14
valid	-0.32	1.50
meals	-0.32	1.15
north	-0.32	1.26
russia	-0.32	1.16
after	-0.32	1.53
medication	-0.31	1.30
directly	-0.31	1.62
grey	-0.31	0.92
chores	-0.31	1.23
abortion	-0.31	1.30
heroin	-0.31	1.02
beforehand	-0.31	1.41
housing	-0.31	1.10
contacting	-0.31	1.36
side	-0.31	1.55
31	-0.31	1.82
him/her	-0.31	1.54
rates	-0.31	0.98
barely	-0.31	1.29
b/c	-0.31	1.28
jews	-0.31	0.98
west	-0.31	1.21
fighting	-0.31	1.03
yourself	-0.31	1.88
therapists	-0.31	1.33
considered	-0.31	1.71
clinical	-0.31	1.07
prior	-0.31	1.11
addicted	-0.31	1.03
genetics	-0.31	1.07
killing	-0.31	1.10
presented	-0.31	1.19
boss	-0.31	1.08
tells	-0.31	2.32
africa	-0.31	1.09
supervisor	-0.31	1.25
u.s	-0.31	1.17
old	-0.31	1.65
switched	-0.30	1.30
managed	-0.30	1.45
semester	-0.30	1.10
christianity	-0.30	1.18
decade	-0.30	1.15
assuming	-0.30	2.05
negatively	-0.30	1.23
diabetes	-0.30	1.02
depending	-0.30	1.46
denying	-0.30	1.29
nail	-0.30	1.14
resolved	-0.30	1.49
generation	-0.30	0.94
themselves	-0.30	1.56
farther	-0.30	1.64
discussed	-0.30	1.54
beat	-0.30	1.33
consider	-0.30	1.91
inform	-0.30	1.23
driving	-0.30	1.00
obvious	-0.30	1.56
dishes	-0.30	1.07
reduce	-0.30	1.13
based	-0.30	1.23
dozen	-0.30	1.33
forcing	-0.30	1.38
impact	-0.30	1.20
jobs	-0.30	1.28
turning	-0.30	1.61
numerous	-0.30	1.05
filter	-0.30	1.46
socialize	-0.29	1.29
walls	-0.29	1.01
yrs	-0.29	1.69
staring	-0.29	1.20
20s	-0.29	1.22
industry	-0.29	1.15
small	-0.29	1.10
white	-0.29	0.95
obligated	-0.29	1.64
realistically	-0.29	2.07
county	-0.29	1.26
am	-0.29	2.06
wasting	-0.29	1.46
cook	-0.29	1.14
appear	-0.29	1.28
accuse	-0.29	1.17
essential	-0.29	1.22
messing	-0.29	1.17
while	-0.29	1.61
control	-0.29	1.16
superior	-0.29	1.49
key	-0.29	0.96
range	-0.29	1.15
bite	-0.29	1.05
aged	-0.28	1.22
legitimate	-0.28	1.12
cop	-0.28	1.10
cover	-0.28	0.99
32	-0.28	1.77
punching	-0.28	1.12
company	-0.28	1.13
fed	-0.28	1.11
overnight	-0.28	1.57
simultaneously	-0.28	1.07
dose	-0.28	1.29
havent	-0.28	1.83
break	-0.28	1.62
handled	-0.28	1.22
jail	-0.28	1.06
grand	-0.28	1.15
unlike	-0.28	0.96
19	-0.28	1.65
placed	-0.28	1.07
hit	-0.28	1.16
besides	-0.28	1.31
away	-0.28	1.67
bringing	-0.28	1.44
ruining	-0.28	1.13
misunderstood	-0.28	1.48
pulled	-0.28	1.17
lightly	-0.28	1.13
alcoholic	-0.28	0.95
hardcore	-0.28	0.96
drink	-0.28	1.02
24	-0.27	1.66
socially	-0.27	1.30
scheme	-0.27	1.16
virgin	-0.27	1.69
uk	-0.27	1.36
urges	-0.27	1.11
denied	-0.27	1.09
window	-0.27	1.10
albeit	-0.27	1.17
generally	-0.27	0.99
recovering	-0.27	1.05
remorse	-0.27	1.29
mentioned	-0.27	1.59
resist	-0.27	1.11
slide	-0.27	1.34
manipulation	-0.27	1.09
blah	-0.27	0.96
starbucks	-0.27	1.09
vagina	-0.27	0.96
saw	-0.27	1.50
hidden	-0.27	1.18
react	-0.27	1.34
methods	-0.27	1.25
meal	-0.27	1.13
hiring	-0.27	1.24
pretending	-0.27	1.63
use	-0.26	0.93
explained	-0.26	1.47
disaster	-0.26	1.14
island	-0.26	1.35
fewer	-0.26	1.20
zero	-0.26	1.08
actions	-0.26	1.42
logic	-0.26	1.31
graduate	-0.26	1.10
subtle	-0.26	1.27
regarding	-0.26	1.06
rice	-0.26	1.10
different	-0.26	1.27
17	-0.26	1.60
meanwhile	-0.26	1.08
jewish	-0.26	1.02
realise	-0.26	1.73
reduced	-0.26	1.06
blind	-0.26	1.14
leg	-0.26	1.09
dynamic	-0.26	1.07
16	-0.26	1.60
18	-0.26	1.64
forth	-0.26	1.12
costs	-0.26	1.08
dozens	-0.26	1.24
advantage	-0.26	1.40
bat	-0.26	1.15
bonus	-0.26	1.03
teach	-0.26	1.02
first	-0.26	1.65
outside	-0.26	1.14
washing	-0.26	1.10
biology	-0.26	1.13
suddenly	-0.26	1.24
tendency	-0.26	1.05
actively	-0.25	1.38
expectation	-0.25	1.20
refuse	-0.25	1.51
privilege	-0.25	0.99
streets	-0.25	1.00
cares	-0.25	2.32
president	-0.25	0.97
ups	-0.25	1.09
purpose	-0.25	1.22
tape	-0.25	1.12
thyroid	-0.25	1.12
cashier	-0.25	1.09
longest	-0.25	1.36
attending	-0.25	1.04
percentage	-0.25	1.07
circles	-0.25	0.98
nyc	-0.25	1.38
offend	-0.25	2.52
studying	-0.25	1.15
laptop	-0.25	1.20
transfer	-0.25	1.07
dicks	-0.25	1.03
adapt	-0.25	1.27
grad	-0.25	1.09
cps	-0.25	1.06
masturbation	-0.25	1.10
vehicle	-0.25	1.03
called	-0.25	1.10
shell	-0.25	1.19
behind	-0.25	1.29
std	-0.25	1.10
pedophile	-0.25	1.12
boot	-0.25	1.14
aspect	-0.25	1.26
agrees	-0.25	2.31
popular	-0.24	1.15
privileged	-0.24	0.93
tasks	-0.24	1.16
prescribed	-0.24	1.30
sucks	-0.24	1.69
itself	-0.24	1.15
moving	-0.24	1.62
13	-0.24	1.59
logically	-0.24	1.30
lesser	-0.24	1.20
conclusions	-0.24	1.30
master	-0.24	1.16
produce	-0.24	1.10
medications	-0.24	1.21
manager	-0.24	1.09
influence	-0.24	1.24
exams	-0.24	1.00
cultures	-0.24	1.06
south	-0.24	1.25
weapon	-0.24	0.95
definitely	-0.24	2.35
parenthood	-0.24	1.12
african	-0.24	1.01
hundreds	-0.24	1.18
defense	-0.24	1.02
movement	-0.24	0.90
flip	-0.24	1.14
primary	-0.24	1.07
into	-0.24	1.33
tldr	-0.24	1.19
running	-0.23	1.38
currently	-0.23	1.50
europe	-0.23	1.18
entry	-0.23	1.05
push	-0.23	1.67
focusing	-0.23	1.44
involve	-0.23	1.09
cut	-0.23	1.34
clean	-0.23	1.05
run	-0.23	1.44
determine	-0.23	1.49
forgiven	-0.23	1.54
closed	-0.23	1.02
uni	-0.23	1.10
australia	-0.23	1.32
opinion	-0.23	1.56
teaching	-0.23	1.07
drag	-0.23	1.28
leading	-0.23	1.10
qualify	-0.23	1.06
officer	-0.23	1.03
techniques	-0.23	1.22
hr	-0.23	1.11
changing	-0.23	1.35
approaching	-0.23	1.30
starting	-0.23	1.53
breast	-0.23	1.12
ends	-0.23	1.37
thinks	-0.22	2.33
encounter	-0.22	0.96
pushing	-0.22	1.52
sounds	-0.22	1.79
psychology	-0.22	1.03
manipulate	-0.22	1.16
parenting	-0.22	0.97
systems	-0.22	0.98
reflection	-0.22	1.15
recognized	-0.22	1.22
cutting	-0.22	1.27
expectations	-0.22	1.16
truck	-0.22	1.09
loss	-0.22	1.49
sitting	-0.22	1.35
coast	-0.22	1.40
apple	-0.22	1.01
won	-0.22	1.08
silence	-0.22	1.19
addict	-0.22	1.04
purposes	-0.22	1.01
highest	-0.22	0.97
amount	-0.22	1.09
immediately	-0.22	1.49
meds	-0.22	1.29
twenties	-0.22	1.21
attempting	-0.22	1.22
regardless	-0.22	1.57
flying	-0.21	1.03
14	-0.21	1.60
attack	-0.21	0.93
fall	-0.21	1.42
confirm	-0.21	1.16
cost	-0.21	1.05
nerve	-0.21	1.09
teen	-0.21	1.08
points	-0.21	1.50
undergrad	-0.21	1.07
elderly	-0.21	1.09
911	-0.21	1.11
areas	-0.21	1.20
tear	-0.21	0.97
massive	-0.21	0.92
billion	-0.21	1.14
cities	-0.21	1.33
suggest	-0.21	1.86
intend	-0.21	1.27
sound	-0.21	1.16
checked	-0.21	1.24
leaving	-0.21	1.44
household	-0.21	1.01
germany	-0.21	1.17
idk	-0.21	1.71
evidence	-0.21	1.27
southern	-0.21	1.13
slight	-0.21	1.01
habits	-0.20	1.08
patch	-0.20	1.15
laundry	-0.20	1.07
chemistry	-0.20	1.11
indian	-0.20	0.99
marks	-0.20	1.06
sees	-0.20	2.38
texas	-0.20	1.24
upon	-0.20	1.16
pretend	-0.20	2.03
media	-0.20	1.07
war	-0.20	0.99
highly	-0.20	1.33
program	-0.20	1.09
emphasis	-0.20	1.08
spoke	-0.20	1.32
survive	-0.20	1.03
includes	-0.20	0.88
25	-0.20	1.60
recognize	-0.20	1.43
conclusion	-0.20	1.30
fridge	-0.20	1.12
larger	-0.20	1.18
deals	-0.20	1.19
mainstream	-0.20	1.08
cigarette	-0.20	1.01
admittedly	-0.20	1.26
toilet	-0.20	1.14
masters	-0.20	1.10
welfare	-0.20	1.02
binge	-0.20	0.96
face	-0.20	1.04
minimum	-0.20	1.27
challenge	-0.19	0.95
contrary	-0.19	1.30
few	-0.19	1.33
signs	-0.19	1.22
apply	-0.19	1.17
reported	-0.19	1.16
eating	-0.19	1.10
knee	-0.19	1.05
pregnancy	-0.19	1.14
peers	-0.19	1.06
initial	-0.19	1.06
morally	-0.19	2.45
corner	-0.19	1.27
subjective	-0.19	1.28
screaming	-0.19	1.13
hes	-0.19	1.49
call	-0.19	1.33
rid	-0.19	1.14
counting	-0.19	1.13
florida	-0.19	1.36
settle	-0.19	1.69
location	-0.19	1.23
wars	-0.19	0.97
agenda	-0.19	1.05
direction	-0.19	1.64
walmart	-0.19	1.21
therapist	-0.19	1.84
expected	-0.19	1.61
accidentally	-0.19	1.11
attend	-0.19	1.00
glass	-0.19	1.04
variety	-0.18	1.04
spreading	-0.18	1.12
suggests	-0.18	1.07
explicitly	-0.18	1.66
christians	-0.18	1.06
united	-0.18	1.18
throw	-0.18	1.33
dropping	-0.18	1.12
merely	-0.18	1.38
university	-0.18	1.10
voted	-0.18	1.37
laws	-0.18	1.13
inclined	-0.18	1.45
hanging	-0.18	1.72
frustrations	-0.18	1.15
finances	-0.18	1.13
strongly	-0.18	1.56
advanced	-0.18	1.16
filling	-0.18	1.22
quick	-0.18	1.13
cum	-0.18	1.03
fundamental	-0.18	1.12
generations	-0.18	1.12
grow	-0.18	1.37
heading	-0.18	1.64
catholic	-0.18	1.10
bottle	-0.18	0.98
toward	-0.18	0.98
starts	-0.18	1.30
fill	-0.18	1.21
health	-0.18	1.25
prime	-0.18	1.16
arguments	-0.18	1.15
society	-0.18	1.16
count	-0.18	1.47
grieving	-0.18	1.23
graduating	-0.18	1.13
benefits	-0.18	1.37
psychiatrist	-0.18	1.50
business	-0.17	1.41
everything	-0.17	2.37
comparing	-0.17	1.13
occasionally	-0.17	0.99
service	-0.17	1.12
force	-0.17	1.34
walk	-0.17	1.39
touched	-0.17	1.22
we	-0.17	1.79
bring	-0.17	1.77
tied	-0.17	1.20
further	-0.17	1.35
threat	-0.17	1.01
belief	-0.17	1.28
chemicals	-0.17	1.11
hired	-0.17	1.13
fuck	-0.17	1.75
blew	-0.17	1.22
tested	-0.17	1.09
increased	-0.17	1.10
mechanism	-0.17	1.11
comfortable	-0.17	1.93
possibilities	-0.17	1.24
impress	-0.17	1.14
psychiatric	-0.17	1.25
moral	-0.17	1.17
knife	-0.16	1.07
bones	-0.16	1.08
healthcare	-0.16	1.17
mode	-0.16	1.09
finish	-0.16	1.24
cleaned	-0.16	1.12
prison	-0.16	1.08
station	-0.16	1.16
recall	-0.16	1.05
internal	-0.16	1.17
aside	-0.16	1.09
nearly	-0.16	1.33
whatsoever	-0.16	1.56
paid	-0.16	1.16
table	-0.16	1.21
carried	-0.16	1.17
arent	-0.16	1.54
cultural	-0.16	1.08
chosen	-0.16	1.19
forgetting	-0.16	1.40
and/or	-0.16	1.34
unemployment	-0.16	1.12
claims	-0.16	1.05
continues	-0.16	1.15
beginning	-0.16	1.19
grows	-0.16	1.28
christian	-0.16	1.21
paperwork	-0.16	1.09
understands	-0.16	2.32
narrow	-0.16	1.05
sexually	-0.16	0.96
soldiers	-0.15	1.02
horse	-0.15	1.10
temporary	-0.15	1.21
european	-0.15	1.04
millions	-0.15	1.04
stole	-0.15	1.10
bucket	-0.15	1.03
type	-0.15	1.59
lifestyle	-0.15	1.21
created	-0.15	1.09
claiming	-0.15	1.23
mindset	-0.15	1.25
choosing	-0.15	1.33
faults	-0.15	1.55
joint	-0.15	1.05
soooo	-0.15	1.50
machine	-0.15	1.14
yr	-0.15	1.52
back	-0.15	1.80
pee	-0.15	1.13
concentrate	-0.15	1.30
duty	-0.15	1.04
system	-0.15	1.20
perceive	-0.15	1.20
stood	-0.15	1.21
physics	-0.15	1.06
burned	-0.14	1.13
crowd	-0.14	1.01
stare	-0.14	1.22
assure	-0.14	1.22
35	-0.14	1.59
whenever	-0.14	1.53
officially	-0.14	1.44
heads	-0.14	1.21
walking	-0.14	1.22
psych	-0.14	1.11
eat	-0.14	1.14
resort	-0.14	1.33
tattoos	-0.14	0.96
coke	-0.14	1.02
authorities	-0.14	1.17
ball	-0.14	1.12
conflict	-0.14	1.11
ditch	-0.14	1.02
row	-0.14	1.40
90	-0.14	1.10
associate	-0.14	0.97
policy	-0.14	1.06
depends	-0.14	1.37
apart	-0.14	1.37
faster	-0.14	1.47
along	-0.14	1.70
quietly	-0.14	1.21
careful	-0.14	1.43
aggressive	-0.14	1.00
guard	-0.13	1.05
digging	-0.13	1.45
specialist	-0.13	1.50
internship	-0.13	1.20
engineering	-0.13	1.08
skip	-0.13	1.06
admitting	-0.13	1.22
data	-0.13	1.14
contact	-0.13	1.52
toll	-0.13	1.13
political	-0.13	0.95
fees	-0.13	1.14
dumped	-0.13	1.38
japan	-0.13	1.21
repair	-0.13	1.16
feeding	-0.13	1.10
afford	-0.13	1.24
discussing	-0.13	1.40
kill	-0.13	1.32
significantly	-0.13	1.38
inability	-0.13	1.17
wall	-0.13	1.10
wage	-0.13	1.21
instances	-0.13	0.99
mainly	-0.12	1.12
blowing	-0.12	1.27
20	-0.12	1.54
lead	-0.12	1.02
government	-0.12	1.14
reasoning	-0.12	1.44
rights	-0.12	0.95
start	-0.12	1.58
protect	-0.12	1.09
selling	-0.12	1.03
function	-0.12	1.14
fuel	-0.12	1.08
bathroom	-0.12	1.10
fee	-0.12	1.07
hitting	-0.12	1.17
round	-0.12	1.06
grown	-0.12	1.09
acknowledging	-0.12	1.40
foreign	-0.12	1.06
obligation	-0.12	1.55
topics	-0.12	1.06
street	-0.12	1.11
train	-0.12	1.15
phd	-0.12	1.06
neighbors	-0.12	1.00
decades	-0.12	1.34
winning	-0.12	1.09
slowly	-0.12	1.37
chest	-0.12	1.27
politely	-0.12	1.56
heck	-0.12	1.46
lock	-0.12	1.16
planet	-0.11	0.92
burning	-0.11	1.24
longer	-0.11	1.69
100	-0.11	1.60
weekly	-0.11	1.16
forms	-0.11	1.20
served	-0.11	1.10
reputation	-0.11	1.07
references	-0.11	1.07
med	-0.11	1.17
sizes	-0.11	1.10
15	-0.11	1.52
improve	-0.11	1.21
front	-0.11	1.19
worn	-0.11	1.28
pills	-0.11	1.25
responsibility	-0.11	1.47
fixing	-0.11	1.33
chose	-0.11	1.52
junk	-0.11	1.03
wait	-0.11	1.72
neighborhood	-0.11	1.03
pig	-0.11	0.85
drive	-0.11	1.09
autistic	-0.10	1.02
concerns	-0.10	1.23
consent	-0.10	1.19
prescription	-0.10	1.24
depend	-0.10	1.38
stayed	-0.10	1.20
study	-0.10	1.07
days	-0.10	1.73
degree	-0.10	1.08
history	-0.10	1.01
likes	-0.10	2.34
tax	-0.10	1.16
plate	-0.10	1.05
options	-0.10	1.54
counselor	-0.10	1.78
9	-0.10	1.51
ass	-0.10	1.28
bridge	-0.10	1.06
doctor	-0.10	1.54
area	-0.10	1.43
lasted	-0.10	1.48
smells	-0.10	0.92
darkness	-0.10	1.13
booze	-0.10	1.11
tie	-0.10	1.03
referred	-0.10	1.34
dont	-0.10	2.00
suggesting	-0.10	1.21
seat	-0.10	1.08
drain	-0.10	1.09
closet	-0.10	1.16
blood	-0.10	1.08
positions	-0.10	1.13
impression	-0.10	1.41
hoped	-0.09	1.43
sales	-0.09	1.11
familiar	-0.09	1.00
student	-0.09	1.08
basement	-0.09	1.20
seemingly	-0.09	1.11
agree	-0.09	2.22
officers	-0.09	0.96
wash	-0.09	1.05
ourselves	-0.09	1.28
positives	-0.09	1.30
expecting	-0.09	1.31
tuition	-0.09	1.10
bump	-0.09	1.12
saving	-0.09	1.47
answered	-0.09	1.54
improved	-0.09	1.28
china	-0.09	1.16
professor	-0.09	1.15
immensely	-0.09	1.09
smaller	-0.09	1.21
scar	-0.09	1.10
reversed	-0.09	1.22
fly	-0.09	1.12
12	-0.09	1.50
companies	-0.09	1.13
bowl	-0.09	1.07
trash	-0.09	1.11
comes	-0.09	1.46
drastically	-0.09	1.23
slip	-0.09	1.30
fields	-0.09	1.01
weeks	-0.09	1.54
yes	-0.09	2.54
bars	-0.09	1.06
miles	-0.08	1.37
psychologist	-0.08	1.65
beer	-0.08	1.06
kitchen	-0.08	1.10
added	-0.08	1.17
stage	-0.08	1.02
exclusively	-0.08	1.03
counter	-0.08	1.15
visible	-0.08	1.17
take	-0.08	1.79
flow	-0.08	0.96
reflect	-0.08	1.20
social	-0.08	1.21
shooting	-0.08	1.14
automatically	-0.08	1.20
limit	-0.08	1.17
indicate	-0.08	1.34
kick	-0.08	1.29
belt	-0.08	1.03
promotion	-0.08	1.05
continuing	-0.08	1.06
views	-0.08	1.09
shout	-0.08	1.37
bike	-0.08	1.15
garbage	-0.08	1.01
secret	-0.08	1.26
public	-0.08	1.14
instincts	-0.08	1.09
guns	-0.08	1.12
validate	-0.07	1.29
introduce	-0.07	1.37
circle	-0.07	0.93
bachelor	-0.07	1.05
loads	-0.07	1.07
fits	-0.07	1.16
slow	-0.07	1.18
cautious	-0.07	1.45
follows	-0.07	1.21
serve	-0.07	0.80
olds	-0.07	1.48
mind	-0.07	1.92
prices	-0.07	1.09
applying	-0.07	1.27
consistent	-0.07	1.16
thousands	-0.07	1.22
willing	-0.07	1.90
sin	-0.07	1.28
target	-0.07	1.08
release	-0.07	1.05
routine	-0.07	1.11
until	-0.07	1.68
million	-0.07	1.16
lasts	-0.07	1.27
wipe	-0.07	1.08
recommend	-0.07	1.73
resolve	-0.07	1.29
medicine	-0.07	1.24
test	-0.07	1.07
brains	-0.07	1.14
personal	-0.07	1.26
blow	-0.06	1.24
gun	-0.06	1.16
someones	-0.06	1.21
nine	-0.06	1.46
months	-0.06	1.51
office	-0.06	1.23
record	-0.06	1.32
choose	-0.06	1.71
whereas	-0.06	1.02
door	-0.06	1.13
slack	-0.06	1.19
passive	-0.06	1.11
diagnose	-0.06	1.26
iron	-0.06	1.14
ideas	-0.06	1.07
contribute	-0.06	1.26
square	-0.06	1.09
cognitive	-0.06	1.29
closer	-0.06	1.47
screen	-0.06	1.17
cant	-0.06	1.90
judgment	-0.06	1.10
trolls	-0.06	1.09
homework	-0.06	1.13
becoming	-0.06	1.26
three	-0.06	1.36
apologize	-0.06	1.34
ll	-0.06	2.17
flawed	-0.06	1.16
tickets	-0.05	1.07
product	-0.05	0.99
players	-0.05	0.82
informed	-0.05	1.25
chicken	-0.05	0.98
forces	-0.05	1.07
their	-0.05	1.37
protecting	-0.05	1.18
gas	-0.05	1.10
supports	-0.05	2.09
thousand	-0.05	1.26
abroad	-0.05	1.18
bus	-0.05	1.14
mexican	-0.05	1.05
participate	-0.05	1.11
regular	-0.05	1.15
seven	-0.05	1.41
contributing	-0.05	1.09
continued	-0.05	1.12
throat	-0.05	1.07
wasted	-0.05	1.14
drinks	-0.05	1.04
edge	-0.05	1.15
sticks	-0.05	0.94
everytime	-0.05	1.21
sucking	-0.05	1.06
actual	-0.05	1.21
cancer	-0.05	0.95
waited	-0.05	1.48
authority	-0.04	1.16
catch	-0.04	1.36
ride	-0.04	1.20
pill	-0.04	1.19
science	-0.04	1.31
later	-0.04	1.55
shift	-0.04	1.36
atleast	-0.04	1.51
atheist	-0.04	1.22
killed	-0.04	1.02
clicked	-0.04	1.31
schools	-0.04	1.14
power	-0.04	1.30
sit	-0.04	1.44
spectrum	-0.04	1.14
recommended	-0.04	1.36
curiosity	-0.04	1.20
priority	-0.04	1.21
heavy	-0.04	1.09
restaurant	-0.04	1.12
shove	-0.04	1.19
pack	-0.04	1.02
finally	-0.04	1.65
intent	-0.04	1.50
labor	-0.04	1.16
teenage	-0.04	1.08
american	-0.04	1.07
orientation	-0.04	1.25
pillow	-0.04	1.22
philosophy	-0.04	1.22
chair	-0.04	1.26
perform	-0.04	1.16
<URL>	-0.04	1.04
<SPECIAL>	-0.04	1.04
counselling	-0.04	1.68
objectively	-0.03	1.08
locked	-0.03	1.19
national	-0.03	1.07
mouth	-0.03	1.07
didnt	-0.03	1.91
degrees	-0.03	1.06
military	-0.03	1.15
gets	-0.03	1.62
perfectly	-0.03	1.51
couple	-0.03	1.42
aspects	-0.03	1.26
gradually	-0.03	1.27
ruin	-0.03	1.22
experiment	-0.03	1.12
discouraged	-0.03	1.30
down	-0.03	1.48
aid	-0.03	1.16
6	-0.03	1.45
flag	-0.03	1.15
professional	-0.03	1.71
land	-0.03	1.14
upper	-0.03	1.02
doors	-0.03	1.11
aka	-0.03	1.01
interviews	-0.03	1.25
visit	-0.03	1.45
7	-0.03	1.45
allowing	-0.03	1.26
verbal	-0.03	1.05
sat	-0.03	1.17
hence	-0.03	1.10
oral	-0.03	1.06
customer	-0.03	1.08
mass	-0.03	1.09
allowed	-0.03	1.60
park	-0.02	1.24
stolen	-0.02	1.11
8	-0.02	1.44
six	-0.02	1.41
scholarships	-0.02	1.11
effective	-0.02	1.17
tests	-0.02	1.06
tearing	-0.02	1.21
carefully	-0.02	1.14
pull	-0.02	1.42
leap	-0.02	1.22
pocket	-0.02	1.12
brought	-0.02	1.09
shorter	-0.02	1.26
clinic	-0.02	1.15
throws	-0.02	1.35
application	-0.02	1.11
sink	-0.02	1.07
allow	-0.02	1.50
method	-0.02	1.25
worker	-0.02	1.25
counselors	-0.02	1.38
steal	-0.02	1.13
breaks	-0.02	1.25
beliefs	-0.02	1.19
project	-0.02	1.08
contract	-0.02	1.07
hotline	-0.02	1.26
warning	-0.02	1.25
spare	-0.02	1.09
church	-0.02	1.23
younger	-0.02	1.08
wont	-0.02	1.95
remind	-0.02	1.47
cars	-0.02	1.09
cooking	-0.01	1.07
labels	-0.01	1.06
five	-0.01	1.40
jack	-0.01	1.02
results	-0.01	1.21
adding	-0.01	1.10
laid	-0.01	1.24
four	-0.01	1.39
appeal	-0.01	1.14
phrase	-0.01	1.22
applied	-0.01	1.20
twenty	-0.01	1.39
1/2	-0.01	1.45
refused	-0.01	1.27
politics	-0.01	1.01
roads	-0.01	1.10
content	-0.01	1.47
native	-0.01	1.08
citizen	-0.01	1.12
cock	-0.01	1.11
appears	-0.01	1.08
nurses	-0.01	1.04
thus	-0.01	1.23
others	-0.01	1.74
dead	-0.01	1.06
friendzone	-0.01	1.18
room	-0.01	1.20
mask	-0.01	1.07
interview	-0.01	1.16
scale	-0.01	1.13
firmly	-0.01	1.44
mile	-0.01	1.31
ago	-0.01	1.50
nose	-0.01	1.02
license	-0.00	1.11
bush	-0.00	1.13
dies	-0.00	1.07
house	-0.00	1.22
desperately	-0.00	1.34
struck	-0.00	1.74
eight	-0.00	1.42
overall	-0.00	1.09
bread	-0.00	0.93
halfway	-0.00	1.20
speak	-0.00	1.52
developing	-0.00	1.02
doubts	-0.00	1.15
prefer	-0.00	1.11
pies	-0.00	0.96
fell	-0.00	1.28
expenses	-0.00	1.13
11	-0.00	1.46
stock	-0.00	1.11
functioning	0.00	1.13
home	0.00	1.40
cure	0.00	1.07
image	0.00	1.11
pussy	0.00	1.17
speed	0.00	1.14
seeking	0.00	1.46
navy	0.00	1.14
citizens	0.00	1.13
topic	0.00	1.09
solely	0.00	1.19
means	0.00	2.29
charge	0.00	1.11
5	0.00	1.43
series	0.00	1.00
staff	0.00	1.09
cross	0.01	1.14
classmates	0.01	0.98
vision	0.01	1.07
taking	0.01	1.72
third	0.01	1.16
month	0.01	1.45
products	0.01	1.07
performance	0.01	1.03
minutes	0.01	1.49
bloody	0.01	1.21
spray	0.01	1.07
reached	0.01	1.46
condom	0.01	1.10
leader	0.01	0.93
desk	0.01	1.23
twist	0.01	1.13
burst	0.01	1.04
played	0.01	1.06
iq	0.01	1.10
vote	0.01	1.12
existed	0.01	1.36
road	0.01	1.14
employer	0.01	1.14
items	0.01	1.13
asap	0.01	1.53
intake	0.01	1.09
scars	0.01	1.11
youth	0.01	1.05
trp	0.01	1.10
dwell	0.01	1.41
addicts	0.01	1.07
doc	0.01	1.25
required	0.01	1.29
server	0.02	1.07
refusing	0.02	1.14
riding	0.02	1.13
unattractive	0.02	0.99
fifteen	0.02	1.40
0	0.02	1.30
taxes	0.02	1.13
healthier	0.02	1.23
market	0.02	1.10
sole	0.02	1.05
30	0.02	1.48
dump	0.02	1.19
higher	0.02	1.12
ironically	0.02	1.00
treatments	0.02	1.13
nearby	0.02	1.45
covering	0.02	1.26
99	0.02	1.10
calmly	0.02	1.50
unaware	0.02	1.30
ranting	0.02	1.46
contacted	0.02	1.41
divorced	0.02	1.46
minds	0.02	1.05
hung	0.02	1.31
majors	0.02	1.06
restaurants	0.02	1.13
walks	0.02	1.38
ideal	0.02	1.28
loans	0.02	1.12
intentions	0.02	1.57
tiny	0.03	1.22
rare	0.03	1.09
preferences	0.03	1.20
screwing	0.03	1.20
birth	0.03	1.15
campaign	0.03	1.10
ultimate	0.03	0.92
real	0.03	1.55
originally	0.03	1.27
field	0.03	1.10
presence	0.03	1.17
apologizing	0.03	1.45
steady	0.03	1.21
ten	0.03	1.40
obviously	0.03	1.94
simple	0.03	1.62
hire	0.03	1.14
rehab	0.03	1.10
army	0.03	1.07
episodes	0.03	1.05
wouldnt	0.03	1.69
requirement	0.03	1.21
500	0.03	1.20
subjects	0.03	1.10
deciding	0.03	1.43
using	0.03	1.14
flaws	0.03	1.25
visits	0.03	1.05
handling	0.04	1.31
ordered	0.04	1.06
married	0.04	1.65
british	0.04	1.21
rate	0.04	1.16
interested	0.04	2.17
lots	0.04	1.12
cup	0.04	1.14
ripped	0.04	1.20
appropriate	0.04	1.16
kid	0.04	1.01
whose	0.04	0.94
acts	0.04	1.12
gap	0.04	1.24
bill	0.04	1.12
monthly	0.04	1.16
runs	0.04	1.31
crying	0.04	1.13
floor	0.04	1.14
respects	0.04	2.28
successfully	0.04	1.16
wound	0.04	1.06
45	0.04	1.39
hygiene	0.04	1.09
owe	0.04	1.46
took	0.04	1.51
wrap	0.04	1.15
programs	0.04	1.16
category	0.04	1.13
increase	0.04	1.10
orders	0.04	1.07
ship	0.04	1.12
10	0.04	1.42
religious	0.04	1.22
breasts	0.04	1.08
rest	0.04	1.32
grocery	0.04	1.13
income	0.05	1.10
ideals	0.05	1.05
paying	0.05	1.13
studies	0.05	1.08
diet	0.05	1.07
broke	0.05	1.42
therapy	0.05	1.57
bedroom	0.05	1.19
weakness	0.05	1.33
crack	0.05	1.12
genius	0.05	1.02
randomly	0.05	1.01
payments	0.05	1.13
feminism	0.05	1.08
viewpoint	0.05	1.20
bullet	0.05	1.12
defined	0.05	1.14
reasonable	0.05	1.34
sessions	0.05	1.45
financial	0.05	1.10
adjust	0.05	1.36
length	0.05	1.13
disrespect	0.05	1.05
within	0.05	1.47
3	0.05	1.40
2000	0.05	1.20
dirt	0.05	1.12
suggested	0.05	1.71
voice	0.06	1.22
fixed	0.06	1.36
soda	0.06	1.01
bag	0.06	1.04
4	0.06	1.42
pay	0.06	1.13
standards	0.06	1.12
sober	0.06	1.08
pulls	0.06	1.21
enjoyed	0.06	1.77
knock	0.06	1.22
schedule	0.06	1.18
korea	0.06	1.12
paycheck	0.06	1.20
air	0.06	1.10
condoms	0.06	1.16
id	0.06	1.55
losing	0.06	1.61
steps	0.07	1.28
discuss	0.07	1.63
sell	0.07	1.09
legally	0.07	1.28
communicate	0.07	1.41
exercises	0.07	1.29
roughly	0.07	1.35
universities	0.07	1.18
football	0.07	0.98
sold	0.07	1.04
give	0.07	1.99
equality	0.07	1.07
procedure	0.07	1.09
promises	0.07	1.28
energy	0.07	1.16
swing	0.07	1.25
save	0.07	1.43
pointed	0.07	1.46
asses	0.07	1.10
improving	0.07	1.25
hooked	0.07	1.29
spell	0.07	1.33
external	0.07	1.03
landlord	0.07	1.30
cheaper	0.07	1.18
400	0.08	1.27
another	0.08	1.64
ticket	0.08	1.07
relaxing	0.08	1.16
pool	0.08	1.11
payment	0.08	1.14
sale	0.08	1.14
tbh	0.08	1.57
size	0.08	1.18
practically	0.08	1.02
neck	0.08	1.10
demands	0.08	1.14
color	0.08	1.07
consistently	0.08	1.03
i.e	0.08	1.13
rely	0.08	1.25
granted	0.08	1.18
tool	0.08	1.08
agency	0.08	1.13
replacement	0.08	1.24
measure	0.08	1.15
blunt	0.08	1.29
theirs	0.08	1.31
bible	0.08	1.25
equipment	0.08	1.15
climb	0.08	1.16
exercising	0.08	1.10
sandwich	0.09	1.09
proves	0.09	1.30
absence	0.09	1.15
price	0.09	1.09
relatively	0.09	1.19
willpower	0.09	1.17
males	0.09	1.01
crossing	0.09	1.24
appearance	0.09	1.08
encourage	0.09	1.58
dependent	0.09	1.15
pun	0.09	1.31
colleges	0.09	1.17
pulling	0.09	1.25
fails	0.09	1.33
opening	0.09	1.13
crisis	0.09	1.24
audience	0.09	1.09
ties	0.09	1.34
coworkers	0.09	0.98
very	0.09	1.22
resume	0.09	1.18
details	0.09	1.35
tech	0.09	1.11
check	0.09	1.43
buying	0.09	1.16
handed	0.09	1.12
closing	0.09	1.13
seek	0.09	1.67
muscles	0.09	1.07
fantasy	0.09	1.08
nursing	0.09	1.08
shave	0.09	0.99
ahead	0.09	1.19
please	0.09	1.85
touching	0.09	0.97
spots	0.09	1.02
international	0.09	1.13
breakfast	0.09	1.18
exam	0.09	1.04
score	0.09	1.13
mistaken	0.09	1.20
early	0.10	1.26
act	0.10	1.21
center	0.10	1.22
speaking	0.10	1.31
folks	0.10	1.05
50	0.10	1.31
aa	0.10	1.10
hundred	0.10	1.35
creatures	0.10	0.96
detail	0.10	1.11
sweat	0.10	1.11
socializing	0.10	1.14
environment	0.10	1.05
suppose	0.10	1.99
shrug	0.10	1.55
atm	0.10	1.44
combined	0.10	1.17
innocent	0.10	1.07
ignoring	0.10	1.39
traveling	0.10	1.06
universe	0.10	1.12
separated	0.10	1.26
calories	0.10	1.09
hat	0.10	0.98
protective	0.10	0.96
effort	0.10	1.31
foods	0.11	1.04
hint	0.11	1.36
library	0.11	1.26
pregnant	0.11	1.24
whilst	0.11	1.21
2	0.11	1.40
communicating	0.11	1.48
debate	0.11	1.15
opposed	0.11	0.89
promised	0.11	1.28
explanation	0.11	1.54
blank	0.11	1.22
line	0.11	1.47
tricks	0.11	1.11
somewhere	0.11	1.80
cast	0.11	1.20
wonders	0.11	1.17
mock	0.11	1.12
peoples	0.11	1.16
equivalent	0.11	1.18
immediate	0.11	1.04
security	0.11	1.08
drown	0.11	1.12
40	0.11	1.38
seconds	0.11	1.46
advise	0.11	1.73
isnt	0.11	1.70
coffee	0.11	1.15
preferably	0.11	1.49
60	0.11	1.35
shy	0.11	1.98
scholarship	0.12	1.08
posters	0.12	1.15
hunting	0.12	1.09
being	0.12	1.20
lgbt	0.12	1.02
windows	0.12	1.11
solution	0.12	1.45
tip	0.12	1.14
cloud	0.12	1.14
1000	0.12	1.26
guess	0.12	2.25
giving	0.12	1.69
shed	0.12	0.98
budget	0.12	1.07
importance	0.12	1.07
fan	0.12	0.97
healthy	0.12	1.09
average	0.12	1.20
wind	0.12	1.23
protection	0.12	1.04
organization	0.12	1.16
involved	0.12	1.22
tank	0.12	1.10
rings	0.12	1.03
wallet	0.12	1.19
campus	0.12	1.23
his/her	0.12	1.19
incorrect	0.12	2.64
foot	0.12	1.15
pace	0.12	1.28
personality	0.13	1.02
females	0.13	1.02
concrete	0.13	1.50
replace	0.13	1.24
arm	0.13	1.15
moves	0.13	1.22
offense	0.13	1.43
perspectives	0.13	1.22
wine	0.13	1.01
implying	0.13	2.60
motivate	0.13	1.37
inevitably	0.13	1.22
separate	0.13	1.18
august	0.13	1.18
rent	0.13	1.16
advocate	0.13	1.00
bone	0.13	1.10
pointing	0.13	1.37
financially	0.13	1.06
split	0.13	1.25
distract	0.13	1.33
drawn	0.13	1.19
lift	0.13	1.10
step	0.13	1.46
strategy	0.13	1.12
christ	0.13	1.38
jumped	0.13	1.09
eventually	0.13	1.80
lack	0.13	0.92
butt	0.13	1.12
angle	0.13	1.32
critical	0.13	0.95
roll	0.13	1.29
fans	0.13	0.89
positively	0.14	1.14
brand	0.14	1.05
strictly	0.14	1.08
spent	0.14	1.39
failures	0.14	1.13
analogy	0.14	1.34
mere	0.14	1.05
apartment	0.14	1.14
remove	0.14	1.19
ground	0.14	1.19
plane	0.14	1.13
refer	0.14	1.28
breathe	0.14	1.30
hole	0.14	1.15
sets	0.14	1.14
bills	0.14	1.14
lifting	0.14	1.12
primarily	0.14	1.04
stone	0.14	1.28
adoption	0.14	1.29
pop	0.15	1.10
default	0.15	1.17
wave	0.15	0.99
experiences	0.15	1.19
meeting	0.15	1.34
protein	0.15	1.04
serving	0.15	1.13
proven	0.15	1.30
roof	0.15	1.04
perspective	0.15	1.40
assistance	0.15	1.23
virginity	0.15	1.29
survival	0.15	1.11
bits	0.15	0.92
include	0.15	1.09
hindsight	0.15	1.34
lines	0.15	1.19
determined	0.15	1.23
label	0.15	1.16
men	0.15	0.98
need	0.15	1.94
opened	0.15	1.09
fine	0.15	2.47
own	0.15	1.45
exercise	0.16	1.14
liking	0.16	0.95
opens	0.16	1.14
surely	0.16	1.33
rise	0.16	1.15
gave	0.16	1.46
insist	0.16	1.19
tongue	0.16	1.11
bodies	0.16	1.10
says	0.16	2.27
scratch	0.16	1.09
homosexual	0.16	1.09
following	0.16	1.19
deaf	0.16	1.15
swimming	0.16	1.14
cells	0.16	1.18
ears	0.16	1.29
counts	0.16	1.19
meant	0.16	2.08
basics	0.16	1.07
latter	0.16	1.05
wounds	0.16	1.20
returning	0.16	1.04
cuts	0.16	1.09
breathing	0.16	1.23
everyone	0.16	2.23
identity	0.16	1.03
dollars	0.16	1.29
services	0.17	1.29
has	0.17	2.24
moderation	0.17	1.01
vs	0.17	1.00
base	0.17	1.13
inches	0.17	1.23
gym	0.17	1.14
sides	0.17	1.20
medical	0.17	1.16
skin	0.17	1.04
wasnt	0.17	1.50
emotional	0.17	1.12
succeed	0.17	1.15
holds	0.17	1.11
lose	0.17	1.11
practice	0.17	1.12
keeps	0.17	1.22
fashion	0.17	1.09
match	0.17	1.32
fat	0.17	0.99
traditional	0.17	1.00
behaving	0.17	1.27
building	0.17	1.09
object	0.17	1.11
safer	0.17	1.40
forgotten	0.17	1.32
establish	0.18	1.26
counseling	0.18	1.61
our	0.18	1.19
dry	0.18	1.06
technical	0.18	1.07
blue	0.18	1.00
fart	0.18	1.15
drop	0.18	1.29
professionals	0.18	1.40
orgasm	0.18	1.03
route	0.18	1.45
told	0.18	1.75
texted	0.18	1.49
hear	0.18	1.90
hostile	0.18	1.09
picture	0.18	1.25
lights	0.18	1.14
dollar	0.18	1.16
definition	0.18	1.44
taste	0.18	1.01
setting	0.18	1.12
help	0.18	1.93
hair	0.18	0.94
parking	0.18	1.14
review	0.18	1.11
appointment	0.18	1.47
clients	0.18	0.99
consensual	0.18	1.08
ability	0.18	1.21
burn	0.18	1.13
technically	0.18	1.29
weather	0.18	1.09
arrived	0.19	1.17
physical	0.19	1.11
spanish	0.19	1.14
roles	0.19	1.06
patients	0.19	1.09
bc	0.19	1.33
gently	0.19	1.17
lecture	0.19	1.12
200	0.19	1.20
scumbag	0.19	1.11
chinese	0.19	1.04
shop	0.19	1.17
hopefully	0.19	1.89
sexuality	0.19	1.12
afterward	0.19	1.28
arts	0.19	0.97
belly	0.19	1.05
beats	0.19	1.21
organizations	0.19	1.14
branch	0.19	1.21
lease	0.19	1.26
introverted	0.19	1.58
wrapped	0.19	1.14
bucks	0.19	1.31
unit	0.19	1.17
entertaining	0.19	1.12
joined	0.19	1.22
balls	0.20	1.26
shouldnt	0.20	1.54
referring	0.20	1.35
wealth	0.20	1.01
slave	0.20	1.23
rant	0.20	1.43
dick	0.20	1.26
cis	0.20	1.07
gay	0.20	1.03
visited	0.20	1.27
summer	0.20	1.13
skills	0.20	1.12
french	0.20	1.04
approve	0.20	1.29
models	0.20	0.98
computer	0.20	1.16
apparently	0.20	1.30
holes	0.20	1.15
last	0.20	1.42
youre	0.20	1.69
boobs	0.20	1.10
rub	0.20	1.12
openly	0.20	1.06
minute	0.20	1.45
pie	0.21	1.08
insert	0.21	1.13
efforts	0.21	1.15
register	0.21	1.09
searching	0.21	1.32
quotes	0.21	1.08
relief	0.21	1.20
hands	0.21	1.11
debt	0.21	1.17
funds	0.21	1.12
instance	0.21	1.09
skill	0.21	1.11
smarter	0.21	1.44
established	0.21	1.12
applications	0.21	1.19
nobody	0.21	2.22
regards	0.21	1.22
kissed	0.21	1.39
press	0.21	1.17
goes	0.21	1.64
reminder	0.21	1.47
talk	0.21	1.91
ensure	0.21	1.12
male	0.21	1.12
red	0.21	1.07
bottom	0.21	1.17
wealthy	0.21	0.95
connect	0.21	1.23
collect	0.21	1.09
muscle	0.21	1.06
set	0.21	1.24
hand	0.21	1.20
identify	0.21	1.17
strict	0.21	1.06
list	0.22	1.10
body	0.22	1.14
forever	0.22	1.58
emergency	0.22	1.13
falls	0.22	1.24
papers	0.22	1.19
redditors	0.22	1.12
opportunity	0.22	1.33
bounce	0.22	1.53
sort	0.22	1.58
masturbate	0.22	1.07
designed	0.22	1.22
tunnel	0.22	1.13
purely	0.22	1.12
responsibilities	0.22	1.14
fancy	0.22	1.13
jumping	0.22	1.23
swim	0.22	1.22
sought	0.22	1.51
universal	0.22	1.22
addition	0.22	0.99
feet	0.22	1.13
canadian	0.22	1.03
greatest	0.22	1.57
dust	0.22	1.29
spending	0.22	1.24
differently	0.22	1.43
schooling	0.23	1.12
flight	0.23	1.11
surface	0.23	1.05
solutions	0.23	1.33
personalities	0.23	1.11
craigslist	0.23	1.12
marriages	0.23	1.15
flirting	0.23	1.38
gained	0.23	1.10
ocean	0.23	1.11
false	0.23	1.39
alternative	0.23	1.29
practicing	0.23	1.08
gender	0.23	1.10
fund	0.23	1.10
happily	0.23	1.47
directions	0.23	1.36
obese	0.23	0.99
doctors	0.23	1.18
donate	0.23	1.08
favor	0.23	1.14
instantly	0.23	1.06
affair	0.23	0.93
salary	0.23	1.17
bi	0.23	1.03
persons	0.23	1.19
staying	0.24	1.41
league	0.24	1.06
facts	0.24	1.31
century	0.24	1.03
sight	0.24	1.14
fantasies	0.24	1.07
morals	0.24	1.14
raised	0.24	1.04
survivor	0.24	1.00
questions	0.24	1.58
ad	0.24	1.09
whatnot	0.24	1.16
penis	0.24	1.09
signals	0.24	1.41
needless	0.24	1.13
outlook	0.24	1.19
begging	0.24	1.15
search	0.24	1.35
education	0.25	1.05
usual	0.25	1.24
examples	0.25	1.29
blown	0.25	1.11
explaining	0.25	1.37
privacy	0.25	1.14
piece	0.25	1.36
development	0.25	1.00
visiting	0.25	1.39
peaceful	0.25	0.93
meat	0.25	1.05
loose	0.25	1.00
opinions	0.25	1.27
trained	0.25	1.27
store	0.25	1.09
elaborate	0.25	1.48
equally	0.25	1.07
finger	0.25	1.14
mid	0.25	1.28
raw	0.25	1.12
dodged	0.25	1.26
groceries	0.25	1.11
hours	0.25	1.51
loan	0.25	1.15
songs	0.25	1.04
accent	0.25	1.10
planned	0.25	1.15
fresh	0.25	1.11
records	0.25	1.15
top	0.26	1.17
eyes	0.26	1.04
promise	0.26	1.89
knew	0.26	1.80
300	0.26	1.18
instinct	0.26	0.99
brown	0.26	1.01
available	0.26	1.33
eggs	0.26	1.04
alot	0.26	1.49
money	0.26	1.20
become	0.26	1.18
ok	0.26	2.46
herself	0.26	1.88
plays	0.26	1.14
dated	0.26	1.30
cheated	0.26	1.34
according	0.26	1.19
surgery	0.26	1.09
boys	0.26	1.21
organized	0.26	0.95
mountain	0.26	1.12
tone	0.26	1.19
sooner	0.26	1.74
given	0.26	1.74
earning	0.26	1.25
join	0.26	1.26
hospitals	0.27	1.11
half	0.27	1.26
frozen	0.27	1.04
quality	0.27	1.12
begins	0.27	1.12
soon	0.27	1.87
private	0.27	1.23
talks	0.27	2.14
benefit	0.27	1.53
weight	0.27	1.04
desired	0.27	1.06
slightest	0.27	1.33
scene	0.27	1.01
kids	0.27	1.29
asks	0.27	2.19
nicely	0.27	1.58
stops	0.27	1.20
instant	0.27	1.21
joining	0.27	1.21
75	0.27	1.28
gather	0.27	1.19
curb	0.27	1.27
rooms	0.27	1.14
earth	0.27	0.93
shes	0.27	1.60
rich	0.27	0.91
feminine	0.27	1.12
distraction	0.28	1.18
meditation	0.28	1.38
texting	0.28	1.46
max	0.28	1.26
held	0.28	1.01
cash	0.28	1.14
needing	0.28	1.35
technology	0.28	1.12
lips	0.28	1.05
genders	0.28	1.10
trade	0.28	1.15
stores	0.28	1.11
lay	0.28	1.30
adults	0.28	1.26
programming	0.28	1.10
metal	0.28	1.11
grain	0.28	1.12
secrets	0.28	1.17
cheater	0.28	1.22
cell	0.28	1.21
suit	0.28	1.08
camp	0.28	1.16
80	0.28	1.19
property	0.28	1.05
channel	0.29	1.08
transgender	0.29	1.04
net	0.29	1.16
totally	0.29	1.86
steam	0.29	1.25
boost	0.29	1.07
union	0.29	1.11
agreement	0.29	1.22
medium	0.29	1.16
focus	0.29	1.30
wild	0.29	1.00
forbid	0.30	1.14
mirror	0.30	1.15
breaking	0.30	1.28
devil	0.30	1.05
inch	0.30	1.16
greater	0.30	1.02
trolling	0.30	1.27
implied	0.30	1.70
whoever	0.30	1.40
150	0.30	1.19
asexual	0.30	1.09
pounds	0.30	1.15
john	0.30	1.11
oldest	0.30	1.16
bisexual	0.30	1.07
votes	0.30	1.53
e.g	0.30	1.19
shape	0.30	1.07
add	0.31	1.26
expressed	0.31	1.08
create	0.31	1.18
controlled	0.31	1.10
gaining	0.31	1.07
foreskin	0.31	1.09
heterosexual	0.31	1.05
behave	0.31	1.23
nurse	0.31	1.16
guidance	0.31	1.41
session	0.31	1.40
access	0.31	1.23
research	0.31	1.15
light	0.31	1.12
porn	0.31	1.09
head	0.31	1.22
gain	0.31	1.03
birds	0.31	0.99
yoga	0.31	1.22
circumcision	0.31	1.05
interactions	0.31	1.09
thick	0.31	1.04
per	0.32	1.27
recommendation	0.32	1.40
met	0.32	1.54
pound	0.32	1.05
sources	0.32	1.22
bags	0.32	1.10
slept	0.32	1.33
realistic	0.32	1.16
reminded	0.32	1.01
bomb	0.32	1.16
agreed	0.32	1.52
fucker	0.32	1.27
limited	0.32	1.14
engaging	0.32	1.09
treatment	0.33	1.28
cream	0.33	1.00
spoken	0.33	1.38
workout	0.33	1.13
committed	0.33	1.14
purchase	0.33	1.17
cuz	0.33	1.76
beside	0.33	1.22
savings	0.33	1.19
flags	0.33	1.14
kicking	0.33	1.18
ego	0.33	1.07
phones	0.33	1.24
kissing	0.33	0.99
broad	0.33	1.20
scientific	0.33	1.22
faith	0.33	1.24
overseas	0.33	1.15
screw	0.33	1.55
journal	0.33	1.02
short	0.33	1.07
radio	0.33	1.02
two	0.33	1.34
surprisingly	0.33	1.13
woke	0.33	1.20
overweight	0.33	1.03
crossed	0.33	1.20
allows	0.33	1.14
fade	0.33	1.44
circumcised	0.33	1.07
player	0.33	0.96
every	0.33	1.19
luxury	0.33	1.06
ugly	0.33	0.88
stretch	0.34	1.06
statistics	0.34	1.11
shadow	0.34	1.24
credit	0.34	1.15
joking	0.34	1.41
traits	0.34	1.01
dates	0.34	1.18
beach	0.34	1.21
everybody	0.34	2.10
fish	0.34	1.06
sugar	0.34	1.10
elsewhere	0.34	1.41
description	0.34	1.10
lifted	0.34	1.07
breath	0.34	1.24
bang	0.34	1.26
adult	0.35	1.18
profile	0.35	1.20
youngest	0.35	1.18
amazed	0.35	1.33
profit	0.35	1.14
nails	0.35	1.05
anyway	0.35	2.29
grass	0.35	1.10
weights	0.35	1.08
planning	0.35	1.38
figures	0.35	1.02
egg	0.35	1.17
asian	0.35	1.04
morality	0.35	1.28
bands	0.35	0.99
closely	0.35	1.21
ban	0.35	1.25
women	0.35	0.98
group	0.35	1.23
hints	0.35	1.17
former	0.35	1.14
1st	0.35	1.16
stick	0.35	1.29
couples	0.35	1.14
wet	0.35	0.99
shower	0.35	1.09
strip	0.35	1.08
languages	0.35	1.21
understood	0.35	1.69
greatly	0.35	1.18
bust	0.36	1.21
built	0.36	1.08
kicks	0.36	1.15
bar	0.36	1.12
raise	0.36	1.10
log	0.36	1.26
listen	0.36	1.57
netflix	0.36	1.06
criticism	0.36	1.09
button	0.36	1.15
returned	0.36	1.20
game	0.36	1.04
initially	0.36	1.32
design	0.36	1.08
local	0.36	1.18
structure	0.36	1.02
jesus	0.36	1.43
charity	0.36	1.10
cheating	0.36	1.22
ice	0.37	1.00
basic	0.37	0.99
latest	0.37	1.03
grave	0.37	1.07
fire	0.37	1.07
recover	0.37	1.43
bath	0.37	1.08
display	0.37	1.09
awareness	0.37	1.08
sing	0.37	1.13
freely	0.37	1.26
sport	0.37	1.14
ultimatum	0.37	1.59
gives	0.37	1.27
progress	0.37	1.19
reach	0.38	1.52
submit	0.38	1.23
ops	0.38	1.16
imply	0.38	2.20
carry	0.38	1.10
legs	0.38	1.09
till	0.38	1.43
colors	0.38	1.10
versus	0.38	1.06
provided	0.38	1.41
delivery	0.38	1.09
evolution	0.38	1.15
favourite	0.38	0.82
nude	0.38	1.21
collection	0.38	1.13
develop	0.38	1.21
butter	0.38	1.17
relax	0.38	1.45
nerd	0.39	1.09
shifts	0.39	1.28
numbers	0.39	1.20
casually	0.39	1.25
disregard	0.39	1.00
maintaining	0.39	1.15
between	0.39	1.27
percent	0.39	1.30
haters	0.39	1.75
implies	0.39	1.50
properly	0.39	1.37
bed	0.39	1.27
arms	0.39	1.08
sounded	0.39	1.35
play	0.39	1.10
intention	0.39	1.37
strike	0.40	1.10
pc	0.40	1.11
ate	0.40	1.02
sea	0.40	1.19
cheese	0.40	1.03
roommates	0.40	1.17
outlet	0.40	1.12
milk	0.40	1.02
requires	0.40	1.21
values	0.40	1.10
2-3	0.40	1.39
creating	0.40	1.06
knows	0.40	2.17
bank	0.40	1.18
tools	0.40	1.17
onions	0.40	1.24
meaning	0.40	1.34
clubs	0.40	1.23
rocks	0.40	1.26
legit	0.40	1.12
heal	0.40	1.36
plot	0.40	0.98
guitar	0.40	1.11
appealing	0.40	1.07
laying	0.40	1.23
sorta	0.41	1.54
lbs	0.41	1.09
interact	0.41	1.19
venting	0.41	1.33
humans	0.41	1.03
tail	0.41	1.15
rules	0.41	1.28
safety	0.41	1.13
justice	0.41	0.96
backs	0.41	1.10
born	0.41	1.06
trans	0.41	1.07
differences	0.41	1.21
brush	0.41	1.03
club	0.41	1.20
water	0.41	1.03
dance	0.41	1.12
here	0.41	2.06
hour	0.42	1.40
missed	0.42	1.15
mum	0.42	1.25
lesbian	0.42	1.08
watched	0.42	1.16
plastic	0.42	1.13
delicious	0.42	1.06
expert	0.42	1.19
pizza	0.42	1.02
status	0.42	1.14
ethic	0.42	1.09
volunteer	0.42	1.26
misunderstanding	0.42	1.47
xbox	0.42	1.11
expressing	0.42	1.08
background	0.42	1.12
employment	0.42	1.16
star	0.42	1.07
bury	0.42	1.10
images	0.42	1.10
w	0.42	1.17
chasing	0.43	0.95
mac	0.43	1.10
expense	0.43	1.13
alike	0.43	1.03
refuses	0.43	2.02
focused	0.43	1.11
journey	0.43	1.13
co-workers	0.43	1.09
sky	0.43	1.09
intended	0.43	1.39
knowledge	0.43	1.12
engage	0.43	1.09
bare	0.43	1.16
episode	0.43	1.04
calls	0.43	1.29
convey	0.43	1.32
reminding	0.43	1.31
remains	0.43	0.99
above	0.43	1.44
fingers	0.43	1.14
string	0.43	1.17
open	0.43	1.12
block	0.43	1.28
baby	0.43	1.12
curse	0.43	1.13
green	0.44	1.06
inviting	0.44	1.39
potential	0.44	1.11
listening	0.44	1.29
snow	0.44	1.06
additional	0.44	1.09
awake	0.44	1.32
require	0.44	1.21
photo	0.44	1.17
nights	0.44	1.25
t	0.44	1.20
desires	0.44	1.13
yesterday	0.44	1.23
fruit	0.44	1.05
sorted	0.44	1.63
fit	0.45	1.19
vegan	0.45	1.10
magic	0.45	1.24
style	0.45	1.04
blast	0.45	1.08
parental	0.45	1.10
logical	0.45	1.16
jokes	0.45	1.24
bought	0.45	1.07
mine	0.45	1.29
children	0.45	1.25
individuals	0.45	1.07
invest	0.45	1.15
blocked	0.45	1.29
dr	0.45	1.14
touch	0.45	1.28
husbands	0.46	1.15
sends	0.46	1.14
checking	0.46	1.46
houses	0.46	1.05
spiritual	0.46	1.26
storm	0.46	1.07
grab	0.46	1.25
saved	0.46	1.14
names	0.46	1.07
activity	0.46	1.32
somebody	0.46	2.14
turns	0.46	1.53
stars	0.46	1.07
number	0.46	1.27
attract	0.46	1.07
vibe	0.46	1.38
punishment	0.46	0.99
sites	0.46	1.20
improvement	0.46	1.02
phone	0.46	1.35
compromise	0.46	1.22
gaming	0.46	1.12
raging	0.46	1.09
model	0.47	0.96
groups	0.47	1.15
google	0.47	1.17
poorly	0.47	1.37
odds	0.47	1.22
pays	0.47	1.17
dig	0.47	1.26
95	0.47	1.24
approval	0.47	1.21
lunch	0.47	1.16
volunteering	0.47	1.21
qualified	0.47	1.44
finding	0.47	1.63
realizing	0.47	1.34
client	0.47	1.15
music	0.47	1.07
below	0.47	1.28
meet	0.47	1.54
members	0.48	1.00
level	0.48	1.05
deeper	0.48	1.18
poster	0.48	1.35
attractiveness	0.48	1.03
second	0.48	1.32
1	0.48	1.34
subject	0.48	1.15
team	0.48	1.10
final	0.48	1.08
context	0.49	1.42
favour	0.49	1.07
chatting	0.49	1.38
mutually	0.49	1.23
fiancee	0.49	1.27
dark	0.49	0.99
ouch	0.49	1.45
march	0.49	1.28
consume	0.49	1.07
provides	0.49	1.15
owes	0.49	2.05
news	0.50	1.17
til	0.50	1.33
click	0.50	1.29
band	0.50	1.07
hunt	0.50	1.33
er	0.50	1.26
reaching	0.50	1.46
magical	0.50	1.00
hill	0.50	1.13
sarcastic	0.50	1.27
follow	0.50	1.25
box	0.50	1.07
god	0.50	1.30
song	0.50	1.06
downvoting	0.50	1.56
gladly	0.50	1.66
achieved	0.50	1.28
new	0.51	1.46
okay	0.51	2.44
express	0.51	1.15
board	0.51	1.05
active	0.51	1.12
glasses	0.51	1.03
sleeping	0.51	1.28
intellectual	0.51	1.05
sexual	0.51	1.07
himself	0.51	2.01
tea	0.51	1.07
sports	0.51	1.10
dating	0.51	1.44
computers	0.51	1.18
sleep	0.51	1.26
wants	0.51	2.23
tits	0.51	1.15
smooth	0.51	1.13
engaged	0.51	1.28
singing	0.51	1.14
someday	0.51	1.77
role	0.51	1.07
distance	0.51	1.14
disney	0.52	1.05
laughed	0.52	1.35
permission	0.52	1.33
activities	0.52	1.17
recognizing	0.52	1.24
soldier	0.52	1.07
lifetime	0.52	0.98
decides	0.52	2.11
distant	0.52	1.15
marry	0.52	1.42
checks	0.52	1.26
species	0.52	1.01
week	0.52	1.39
salt	0.52	1.15
suggestion	0.52	1.70
civil	0.52	1.00
japanese	0.52	1.07
request	0.52	1.27
worded	0.52	1.46
exclusive	0.52	1.28
dancing	0.52	1.15
neutral	0.53	1.19
celebrities	0.53	0.96
rule	0.53	1.28
hotel	0.53	1.15
anonymity	0.53	1.27
statement	0.53	1.64
stepping	0.53	1.35
toddler	0.53	1.05
hesitate	0.53	1.58
twitter	0.53	1.22
characters	0.54	1.00
form	0.54	1.16
address	0.54	1.29
sane	0.54	1.17
rip	0.54	1.04
playing	0.54	1.10
height	0.54	1.02
zone	0.54	1.15
responded	0.54	1.48
rush	0.54	1.26
expand	0.54	1.25
signed	0.54	1.19
clarify	0.54	1.47
laugh	0.54	1.40
exes	0.54	1.15
trick	0.54	1.16
plan	0.55	1.25
tumor	0.55	1.09
realizes	0.55	2.17
browsing	0.55	1.23
chooses	0.55	2.02
asleep	0.55	1.26
june	0.55	1.18
couch	0.55	1.25
pink	0.55	1.03
naturally	0.55	1.09
favorite	0.55	0.97
regard	0.55	1.12
hers	0.55	1.32
silent	0.55	1.11
plant	0.55	1.07
vent	0.55	1.54
videos	0.55	1.17
suits	0.55	1.16
answering	0.55	1.49
quiet	0.55	1.27
spouse	0.55	1.11
shoulders	0.55	1.14
enjoys	0.56	1.96
browse	0.56	1.37
network	0.56	1.07
spend	0.56	1.31
relative	0.56	1.02
version	0.56	1.20
resources	0.56	1.29
independence	0.56	1.09
biological	0.56	1.05
boat	0.56	1.60
solid	0.56	1.31
continue	0.56	1.56
stronger	0.57	1.52
tinder	0.57	1.21
parents	0.57	1.28
clothing	0.57	1.06
english	0.57	1.21
achieve	0.57	1.08
requirements	0.57	1.21
remember	0.57	1.78
nicest	0.57	1.34
software	0.57	1.09
sibling	0.58	1.08
hobby	0.58	1.46
frame	0.58	1.15
extended	0.58	1.06
trait	0.58	1.10
anonymously	0.58	1.38
blows	0.58	1.51
poly	0.58	1.14
long-term	0.58	1.15
motivation	0.58	1.06
princess	0.58	1.03
4th	0.58	1.15
needs	0.59	2.07
careers	0.59	1.16
shirts	0.59	1.05
eats	0.59	1.90
sticking	0.59	1.37
watching	0.59	1.15
remaining	0.59	1.18
web	0.59	1.18
manly	0.59	1.21
la	0.59	1.39
formula	0.60	1.00
confidence	0.60	1.12
language	0.60	1.20
owning	0.60	1.15
happiest	0.60	1.41
games	0.60	1.07
eye	0.60	1.09
tl	0.60	1.13
priorities	0.60	1.19
downvoted	0.60	1.65
communities	0.60	1.14
deep	0.60	1.16
encounters	0.60	1.05
expects	0.60	2.05
troll	0.61	1.35
fake	0.61	1.20
previous	0.61	1.27
accomplish	0.61	1.12
sign	0.61	1.27
articles	0.61	1.16
babies	0.61	1.09
next	0.61	1.42
users	0.61	1.24
wake	0.61	1.28
joke	0.61	1.37
advance	0.61	1.22
breed	0.61	0.90
banned	0.62	1.30
raising	0.62	1.07
winter	0.62	1.08
aim	0.62	1.09
painting	0.62	1.13
ppl	0.62	1.40
goal	0.62	1.07
information	0.62	1.25
faces	0.62	1.13
well-being	0.62	1.17
find	0.62	1.78
sisters	0.62	1.09
boundaries	0.62	1.26
monogamous	0.62	1.18
facebook	0.62	1.29
material	0.63	1.21
training	0.63	1.08
stated	0.63	1.57
subreddits	0.63	1.27
lap	0.63	1.25
inner	0.63	1.10
exploring	0.63	1.27
photos	0.63	1.16
irl	0.63	1.04
anal	0.63	1.14
explore	0.63	1.18
2014	0.63	1.23
meh	0.64	1.52
surprise	0.64	1.23
subs	0.64	1.22
fb	0.64	1.29
mark	0.64	1.20
beauty	0.64	0.92
lord	0.64	1.26
pan	0.64	1.10
occasion	0.64	0.95
source	0.64	1.06
y'know	0.64	1.28
chocolate	0.64	1.00
travel	0.64	1.24
academic	0.65	1.17
helping	0.65	1.65
employers	0.65	1.15
motherfucker	0.65	1.45
contacts	0.65	1.15
dudes	0.65	1.02
3rd	0.65	1.15
useful	0.65	1.17
balance	0.65	1.17
child	0.65	1.10
relaxed	0.66	1.41
trip	0.66	1.28
accounts	0.66	1.23
70	0.66	1.22
shoot	0.66	1.55
whats	0.66	1.77
dressing	0.66	1.08
cheat	0.66	1.29
website	0.66	1.28
offered	0.66	1.24
wholeheartedly	0.66	1.22
generic	0.66	1.12
r/raisedbynarcissists	0.66	1.52
valuable	0.66	1.12
engineer	0.66	1.15
lean	0.66	1.05
buddies	0.66	1.04
message	0.66	1.55
buried	0.66	1.08
tv	0.67	1.07
keeping	0.67	1.31
film	0.67	1.05
removed	0.67	1.26
standing	0.67	1.21
wikipedia	0.67	1.17
fence	0.67	1.06
enjoying	0.67	1.40
female	0.67	1.03
care	0.67	2.20
youtube	0.67	1.15
agreeing	0.67	1.41
parties	0.68	1.08
threads	0.68	1.32
strive	0.68	1.15
feed	0.68	1.06
print	0.68	1.20
fulfill	0.68	1.05
r/suicidewatch	0.68	1.51
site	0.68	1.29
card	0.68	1.14
ed	0.68	0.98
ex	0.68	1.31
extra	0.68	1.16
replied	0.69	1.56
gt	0.69	2.19
impressive	0.69	1.63
spends	0.69	1.76
speaks	0.69	1.90
email	0.69	1.27
siblings	0.69	1.12
whoa	0.69	1.42
websites	0.69	1.24
adventure	0.69	0.98
space	0.69	1.31
skinny	0.69	1.00
tolerance	0.69	0.93
makeup	0.69	1.06
free	0.69	1.62
earn	0.69	1.16
straight	0.69	1.10
waking	0.69	1.23
r/offmychest	0.70	1.40
copy	0.70	1.19
cousins	0.70	1.08
bra	0.70	1.10
video	0.70	1.07
looks	0.70	1.08
track	0.70	1.19
hoping	0.70	1.79
watch	0.70	1.08
positive	0.70	1.24
pages	0.70	1.32
okcupid	0.70	1.20
shirt	0.70	1.06
fuckin	0.70	1.62
toy	0.70	1.03
online	0.70	1.26
brothers	0.70	1.11
tag	0.70	1.30
mods	0.70	1.32
note	0.71	1.35
paint	0.71	1.12
naked	0.71	1.08
laughing	0.71	1.17
current	0.71	1.14
disagree	0.71	2.21
pants	0.71	1.06
enough	0.71	1.72
delete	0.71	1.33
f	0.71	1.38
spring	0.71	1.18
expression	0.71	1.05
silver	0.71	1.21
entertainment	0.71	1.09
capacity	0.71	1.10
grandma	0.71	1.22
funeral	0.72	1.22
user	0.72	1.22
hopeful	0.72	1.84
im	0.72	1.78
importantly	0.72	1.04
sometime	0.72	1.63
facial	0.72	0.98
life	0.72	1.63
pair	0.72	1.08
validation	0.72	1.10
providing	0.72	1.18
received	0.72	1.36
shopping	0.72	1.17
interaction	0.72	1.13
skype	0.72	1.37
roommate	0.72	1.18
chat	0.72	1.57
fitting	0.73	1.09
respond	0.73	1.41
ring	0.73	1.05
supposedly	0.73	1.65
investment	0.73	1.21
weigh	0.73	1.08
ear	0.73	1.44
initiative	0.74	1.24
upvotes	0.74	1.37
heals	0.74	1.32
page	0.74	1.32
moms	0.74	1.09
nephew	0.74	1.09
mates	0.74	1.17
employed	0.74	1.23
code	0.74	1.26
niece	0.74	1.10
movies	0.74	1.03
deepest	0.74	1.41
rolls	0.74	1.08
hook	0.74	1.23
attracted	0.75	1.08
texts	0.75	1.28
crush	0.75	1.04
acceptance	0.75	0.91
paper	0.75	1.13
oil	0.75	1.19
satisfied	0.75	1.64
host	0.75	1.08
package	0.75	1.15
he/she	0.75	1.88
objects	0.75	1.20
fiance	0.75	1.33
responsible	0.76	1.26
downvotes	0.76	1.37
foster	0.76	1.07
offmychest	0.76	1.38
offers	0.76	1.26
forums	0.76	1.18
value	0.76	1.21
qualities	0.76	1.05
sub	0.76	1.37
subreddit	0.76	1.40
account	0.76	1.25
earlier	0.76	1.42
helped	0.76	1.64
productive	0.76	1.08
answers	0.77	1.46
chapter	0.77	1.21
abilities	0.77	1.08
daughter	0.77	1.11
tall	0.77	1.00
son	0.77	1.10
fitness	0.77	1.11
thin	0.77	1.01
comic	0.77	1.03
treating	0.77	1.24
sister	0.77	1.10
regrets	0.77	1.06
incapable	0.77	1.16
commented	0.78	1.50
deliver	0.78	1.17
via	0.78	1.32
amazon	0.78	1.10
his	0.78	1.29
bull	0.78	0.92
dedicated	0.78	0.97
lacking	0.78	0.97
tomorrow	0.78	1.56
turkey	0.78	1.14
maintain	0.78	1.18
monday	0.79	1.33
direct	0.79	1.11
movie	0.79	1.01
bout	0.79	1.41
sons	0.79	1.10
sidebar	0.79	1.34
notes	0.79	1.18
rain	0.80	1.02
passes	0.80	1.21
grandpa	0.80	1.24
communication	0.80	1.20
guys	0.80	1.16
demand	0.80	1.21
pass	0.80	1.38
discipline	0.80	1.05
afternoon	0.80	1.32
wearing	0.80	1.05
upvoted	0.80	1.48
shoes	0.81	1.06
families	0.81	1.08
wore	0.81	1.06
forum	0.81	1.29
finds	0.81	1.86
night	0.81	1.29
late	0.81	1.33
fyi	0.81	1.07
trips	0.81	1.23
brings	0.81	0.99
adopted	0.82	1.04
hold	0.82	1.31
discussion	0.82	1.20
omg	0.82	1.55
concern	0.82	1.24
humor	0.82	1.24
brief	0.82	1.02
january	0.82	1.17
kiss	0.82	1.07
tree	0.82	1.08
community	0.82	1.05
dads	0.82	1.04
drawing	0.82	1.10
chase	0.83	1.14
nonetheless	0.83	1.20
date	0.83	1.43
discover	0.83	1.18
flirt	0.83	1.24
wear	0.83	1.08
helps	0.83	1.57
takes	0.83	1.26
grandparents	0.83	1.12
safely	0.83	1.28
daughters	0.83	1.08
needed	0.83	1.64
coworker	0.83	1.06
tears	0.84	0.91
linked	0.84	1.27
profession	0.84	1.13
pride	0.84	1.15
projects	0.84	1.13
title	0.84	1.33
mothers	0.84	1.06
plans	0.84	1.19
jeans	0.84	1.05
achieving	0.85	1.10
worlds	0.85	1.19
heat	0.85	1.07
brother	0.85	1.11
vacation	0.85	1.22
opportunities	0.85	1.15
beings	0.85	1.03
mod	0.85	1.37
sun	0.85	1.08
treated	0.85	1.27
responses	0.86	1.31
approach	0.86	1.33
karma	0.86	1.27
pit	0.86	0.87
ai	0.86	1.56
morning	0.86	1.31
apology	0.86	1.23
return	0.86	1.34
friends	0.86	1.25
deeply	0.86	1.31
blog	0.86	1.22
anonymous	0.86	1.29
relatives	0.86	1.09
mother	0.86	1.10
emails	0.87	1.26
grandfather	0.87	1.18
girlfriend	0.87	1.31
girlfriends	0.87	1.20
inbox	0.87	1.55
cousin	0.87	1.12
artists	0.87	1.00
blanket	0.87	1.13
letter	0.87	1.21
happier	0.87	1.73
art	0.88	1.05
shares	0.88	1.61
worthwhile	0.88	1.19
weekends	0.88	1.31
forward	0.88	1.29
showed	0.88	1.09
resource	0.88	1.17
clothes	0.88	1.07
sunday	0.88	1.30
wished	0.88	1.43
equal	0.88	1.07
reward	0.89	1.08
season	0.89	1.07
reads	0.89	1.28
sacrifice	0.89	1.26
yard	0.89	1.00
aunt	0.89	1.13
random	0.89	1.09
wears	0.89	1.01
relevant	0.89	1.14
compatible	0.90	1.30
miracle	0.90	1.72
beard	0.90	1.01
marriage	0.90	1.15
kidding	0.90	1.69
manner	0.90	1.17
ur	0.90	1.57
pic	0.90	1.12
text	0.90	1.30
pics	0.90	1.16
shoulder	0.91	1.26
posted	0.91	1.42
typing	0.91	1.24
gf	0.91	1.25
co-worker	0.91	1.13
yours	0.91	1.77
indeed	0.91	1.38
hilarious	0.91	1.47
goals	0.91	1.12
toys	0.91	1.08
statements	0.91	1.90
brighter	0.92	1.36
downvote	0.92	1.37
saturday	0.92	1.31
hobbies	0.92	1.31
evening	0.92	1.31
candy	0.92	1.11
gon	0.92	1.85
mail	0.93	1.17
app	0.93	1.20
crave	0.93	1.11
n	0.93	1.26
sensitivity	0.93	1.06
firm	0.94	1.22
uncle	0.94	1.13
letters	0.94	1.21
rock	0.94	1.30
b	0.94	1.36
mommy	0.94	1.52
r	0.95	1.37
tips	0.95	1.20
father	0.95	1.10
german	0.95	0.97
reddit	0.95	1.37
deleted	0.96	1.38
2nd	0.96	1.14
ta	0.96	1.68
satisfying	0.96	1.18
tattoo	0.96	1.05
messages	0.96	1.30
boyfriends	0.96	1.11
posts	0.96	1.35
december	0.96	1.19
homes	0.96	1.04
dresses	0.96	1.03
recovery	0.96	1.16
exchange	0.96	1.13
gods	0.96	1.12
ladies	0.97	1.11
na	0.97	1.86
supporting	0.97	1.01
quote	0.97	1.12
links	0.97	1.28
revenge	0.97	1.09
share	0.97	1.12
chubby	0.97	1.04
interests	0.97	1.29
lmao	0.97	1.61
dress	0.97	1.04
april	0.98	1.19
freedom	0.98	1.07
shelters	0.98	1.04
books	0.98	1.06
cookies	0.99	0.99
provide	0.99	1.29
foundation	0.99	1.12
seriously	0.99	2.00
wtf	0.99	1.63
present	0.99	1.15
thread	0.99	1.43
perfect	0.99	1.75
paths	1.00	1.10
pictures	1.00	1.21
smiling	1.00	1.25
link	1.00	1.34
satisfy	1.01	1.11
lend	1.01	1.51
sent	1.01	1.22
invite	1.02	1.28
passions	1.02	1.19
envy	1.02	1.07
tho	1.02	1.66
unsolicited	1.02	1.28
terms	1.02	1.82
marrying	1.02	1.64
listened	1.02	1.46
owned	1.02	1.00
weekend	1.02	1.34
path	1.03	1.22
name	1.03	1.14
dream	1.03	1.06
comments	1.03	1.34
depth	1.03	1.08
grandmother	1.03	1.17
party	1.04	1.13
chill	1.04	1.42
treats	1.04	1.72
wife	1.04	1.18
incredible	1.04	1.43
practical	1.04	1.12
intelligence	1.04	1.01
thats	1.04	1.76
strangers	1.04	1.04
santa	1.04	1.19
paragraphs	1.05	1.36
heaven	1.05	1.10
heh	1.05	1.43
posting	1.05	1.32
confirmed	1.05	1.76
independent	1.05	1.15
member	1.05	1.08
preach	1.05	1.44
throwaway	1.05	1.37
draw	1.06	1.15
y	1.06	1.41
build	1.06	1.13
sake	1.06	1.26
acquaintances	1.06	1.02
famous	1.06	0.96
interest	1.06	1.27
holding	1.07	1.09
stable	1.07	1.11
article	1.07	1.14
compliments	1.07	1.04
poem	1.07	1.09
career	1.07	1.12
mom	1.07	1.11
humanity	1.07	0.98
behalf	1.08	1.16
dad	1.08	1.12
desirable	1.08	0.98
sacrifices	1.08	1.23
alive	1.09	1.51
wan	1.09	1.62
sentences	1.09	1.33
stays	1.09	1.49
book	1.09	1.13
twin	1.09	0.97
connected	1.10	1.10
dinner	1.10	1.18
term	1.10	1.70
remain	1.10	1.07
conversations	1.11	1.09
edited	1.11	1.38
forgot	1.11	1.42
mobile	1.11	1.30
casual	1.11	1.10
initiate	1.11	1.15
stories	1.11	1.09
send	1.11	1.37
desire	1.12	1.24
stating	1.12	2.04
attractive	1.12	0.94
conversation	1.12	1.29
reliable	1.12	1.09
impressed	1.12	1.37
clearly	1.12	1.28
write	1.13	1.10
died	1.13	1.70
receiving	1.13	1.22
works	1.13	1.62
attention	1.13	1.22
connections	1.13	1.16
shows	1.13	1.05
fathers	1.13	1.06
lets	1.13	1.53
truly	1.13	1.32
fourth	1.13	1.12
info	1.14	1.25
discussions	1.14	1.11
responding	1.14	1.40
wrote	1.14	1.20
eh	1.14	1.70
fwb	1.15	1.27
husband	1.15	1.18
maturity	1.15	1.05
pm	1.15	1.57
invited	1.15	1.13
tight	1.15	1.05
feedback	1.15	1.21
sentence	1.15	1.43
rational	1.16	1.16
spark	1.16	1.27
post	1.16	1.39
e	1.16	1.35
relationship	1.17	1.26
typed	1.17	1.30
tonight	1.17	1.32
enjoyment	1.17	1.15
cared	1.17	1.60
author	1.18	1.02
freaking	1.18	1.09
em	1.18	1.60
paragraph	1.18	1.31
wording	1.18	1.74
integrity	1.18	1.09
reasonably	1.18	1.11
forgiveness	1.18	1.10
mix	1.18	0.95
oops	1.18	1.55
yourselves	1.18	1.33
c	1.18	1.26
reference	1.19	1.16
reminds	1.19	1.09
sex	1.20	1.19
animals	1.20	0.95
clarity	1.20	1.13
supposed	1.20	1.81
confident	1.20	1.20
pursuing	1.20	1.15
thoughts	1.20	1.25
human	1.21	1.00
lab	1.21	0.92
solace	1.21	1.33
meaningful	1.21	1.21
novel	1.21	1.07
driven	1.21	0.96
biased	1.21	1.63
mr	1.21	1.18
slim	1.22	1.02
upvote	1.22	1.37
sanity	1.22	1.26
girls	1.22	1.01
anytime	1.22	1.55
y'all	1.22	1.32
sentiment	1.22	1.31
foremost	1.22	1.16
read	1.23	1.21
grieve	1.23	1.22
thankful	1.23	1.47
ones	1.23	1.20
close	1.23	1.38
written	1.24	1.16
amen	1.24	1.54
bf	1.24	1.61
dreams	1.24	1.07
daddy	1.24	1.46
wise	1.25	1.07
parent	1.25	1.01
tons	1.25	1.53
articulate	1.26	1.15
refreshing	1.26	1.41
nope	1.26	1.67
damn	1.27	1.79
word	1.27	1.78
single	1.27	1.38
secondly	1.27	1.06
decency	1.27	1.22
guy	1.27	1.23
someone	1.28	1.82
constructive	1.28	1.23
gold	1.28	1.24
correctly	1.28	1.73
chick	1.28	1.18
hearts	1.28	1.05
writing	1.29	1.09
character	1.29	0.96
surround	1.29	1.08
eachother	1.29	1.38
july	1.29	1.19
educated	1.30	1.00
miss	1.30	1.46
cards	1.30	1.13
consideration	1.30	1.22
gifts	1.30	1.23
friday	1.30	1.29
whatever	1.30	2.07
lasting	1.30	1.17
features	1.30	0.98
bold	1.31	1.08
family	1.31	1.05
hmm	1.31	1.58
friendships	1.32	1.13
hahaha	1.32	1.55
sigh	1.32	1.49
empathy	1.33	1.09
stability	1.33	1.12
sarcasm	1.33	1.49
soft	1.33	1.03
farm	1.34	0.95
excellent	1.34	1.25
buy	1.34	1.48
inspired	1.34	1.13
closest	1.34	1.40
u	1.35	1.65
accurate	1.35	1.80
pursue	1.35	1.18
pleasure	1.36	1.13
memory	1.36	1.08
girl	1.36	1.05
meantime	1.37	1.29
commitment	1.37	1.16
deserved	1.37	1.28
interesting	1.37	1.26
talent	1.37	1.04
golden	1.38	0.95
receive	1.38	1.16
calm	1.38	1.16
fallen	1.38	1.52
partners	1.38	1.09
wedding	1.38	1.13
theory	1.39	1.64
advice	1.39	1.44
neighbor	1.39	0.89
seriousness	1.39	1.31
honesty	1.40	1.04
chicks	1.40	1.06
xd	1.40	1.65
engagement	1.41	1.13
satisfaction	1.41	1.16
attraction	1.41	1.21
comment	1.41	1.38
well	1.41	1.99
sorry	1.41	1.43
fulfilled	1.41	1.41
suggestions	1.42	1.26
closure	1.42	1.37
boyfriend	1.42	1.55
ol	1.43	1.18
dressed	1.43	1.48
romance	1.43	1.20
nah	1.44	1.66
resolution	1.44	1.50
shown	1.44	1.11
lost	1.45	1.54
relationships	1.45	1.14
insight	1.45	1.21
animal	1.46	0.96
vet	1.46	0.98
mourn	1.46	1.23
proper	1.46	1.73
patience	1.46	1.05
praise	1.46	0.95
praying	1.47	1.24
partner	1.47	1.11
boy	1.47	1.00
owner	1.47	0.95
response	1.47	1.29
recognition	1.47	1.03
seem	1.47	1.35
remembered	1.47	1.11
both	1.48	1.58
capable	1.49	1.07
apologies	1.49	1.30
trust	1.49	1.83
determination	1.49	1.04
sensitive	1.50	1.47
comforting	1.50	1.25
owners	1.50	0.97
adopt	1.50	0.98
motivated	1.51	1.02
filled	1.51	0.82
spelling	1.51	1.76
honest	1.51	1.71
mature	1.52	1.12
remembering	1.52	1.23
naw	1.53	1.40
lovers	1.53	1.00
replies	1.53	1.32
courtesy	1.54	1.07
huh	1.54	1.66
hopes	1.54	1.08
dignity	1.54	1.03
o	1.54	1.42
graduation	1.55	1.18
shelter	1.55	0.96
dammit	1.55	1.47
yeah	1.56	1.84
replying	1.56	1.34
ha	1.56	1.61
wisdom	1.57	1.03
passed	1.57	1.54
commenting	1.57	1.36
worries	1.57	1.40
cents	1.58	1.31
offer	1.58	1.34
trusted	1.58	1.32
valued	1.59	1.17
romantic	1.59	1.20
pat	1.59	1.26
yo	1.59	1.58
reply	1.59	1.36
woman	1.60	1.01
surrounded	1.60	0.89
accepting	1.60	1.09
treat	1.60	1.50
amp	1.61	1.24
together	1.61	1.55
reciprocate	1.61	1.61
kindly	1.61	1.25
intimate	1.62	1.14
comfort	1.62	1.24
guts	1.62	1.11
intimacy	1.63	1.23
pray	1.64	1.21
gift	1.64	1.11
kitten	1.65	0.93
outgoing	1.65	1.44
showing	1.65	1.12
guide	1.66	1.19
each	1.66	1.55
keep	1.66	1.43
appreciates	1.66	1.58
hang	1.66	1.60
reading	1.68	1.17
hah	1.68	1.50
mutual	1.68	1.12
success	1.68	0.96
jeez	1.68	1.63
passing	1.69	1.20
rescue	1.69	0.90
invested	1.69	1.28
enjoy	1.70	1.24
angel	1.70	0.85
accomplishments	1.71	0.99
supported	1.71	1.06
k	1.71	1.44
original	1.71	1.75
uh	1.72	1.69
wherever	1.72	1.35
grammar	1.73	1.61
connection	1.75	1.13
shared	1.75	0.91
applaud	1.75	1.03
headed	1.76	1.11
blessing	1.76	0.99
smiles	1.77	0.99
powerful	1.77	1.09
compassion	1.77	1.03
offering	1.77	1.16
sexy	1.78	0.93
earned	1.79	0.94
respected	1.79	1.11
input	1.79	1.24
respecting	1.80	0.99
soul	1.80	0.91
artist	1.80	1.20
firstly	1.81	1.41
deserves	1.81	1.57
funny	1.81	1.39
presents	1.81	1.18
lover	1.81	0.88
nicer	1.82	1.43
um	1.82	1.47
exciting	1.82	1.02
pleasant	1.83	1.36
fun	1.83	1.37
lol	1.84	1.72
loyalty	1.84	1.10
rambling	1.84	1.40
underwear	1.85	1.38
accomplished	1.86	1.19
healing	1.86	1.15
appreciate	1.86	1.26
bright	1.86	0.92
bond	1.86	1.04
beautifully	1.86	1.13
yea	1.87	1.66
dude	1.87	1.65
sympathetic	1.87	1.13
passionate	1.87	1.02
goodness	1.88	0.95
ahh	1.88	1.59
individual	1.88	0.98
anniversary	1.90	1.18
alright	1.90	1.66
cat	1.90	0.90
respectable	1.91	1.08
protected	1.91	1.03
woah	1.91	1.41
story	1.92	1.20
courage	1.92	0.99
sympathy	1.93	1.00
ah	1.93	1.56
pet	1.93	1.20
goodbye	1.93	1.35
words	1.93	1.18
whom	1.94	1.31
day	1.95	1.54
oh	1.95	1.65
moments	1.96	0.95
redditor	1.96	1.27
fulfilling	1.97	1.12
heels	1.97	1.33
ya	1.97	1.58
cuddling	1.98	1.46
cats	1.99	0.88
cool	2.00	1.59
decent	2.00	1.33
edit	2.01	1.59
dogs	2.01	0.85
genuinely	2.01	1.12
polite	2.01	1.41
anyways	2.01	1.59
x	2.02	1.42
smile	2.02	1.27
safe	2.02	1.31
amazingly	2.03	1.14
inspiring	2.04	1.22
friendship	2.04	1.43
puppy	2.05	0.85
named	2.05	1.04
heart	2.06	0.96
haha	2.06	1.66
hello	2.06	1.18
cuddle	2.07	1.21
fortunate	2.07	0.86
hmmm	2.08	1.41
attachment	2.08	1.43
thanksgiving	2.10	1.15
encouraging	2.10	1.15
spirit	2.11	0.95
person	2.12	1.09
deserve	2.13	1.27
bet	2.13	1.39
today	2.13	1.47
romantically	2.14	1.36
strength	2.14	0.91
show	2.16	1.34
holidays	2.16	1.35
lust	2.17	1.40
passion	2.17	1.31
neat	2.17	1.06
creative	2.17	1.14
username	2.18	1.42
yep	2.18	1.48
man	2.19	1.57
patient	2.19	0.98
successful	2.19	1.01
hot	2.19	1.07
memories	2.20	1.06
encouragement	2.20	1.09
optimistic	2.20	1.25
fullest	2.21	1.32
writer	2.21	1.12
intelligent	2.22	1.00
honor	2.22	0.88
excitement	2.22	1.24
forgiving	2.24	1.02
gosh	2.26	1.55
stay	2.26	1.37
platonic	2.27	1.38
lucky	2.27	1.07
bye	2.27	1.32
friendly	2.28	1.26
humble	2.29	0.99
flowers	2.29	1.17
dog	2.29	0.98
support	2.30	1.21
companionship	2.31	1.38
commend	2.31	1.00
thanks	2.31	1.28
bro	2.32	1.57
appreciated	2.33	0.84
joy	2.33	1.10
warm	2.33	1.14
thank	2.33	1.17
trusting	2.34	1.05
helpful	2.35	1.24
compliment	2.35	1.13
p	2.36	1.54
sending	2.36	1.20
hey	2.36	1.56
honey	2.36	1.29
friend	2.37	1.09
shall	2.37	1.25
glad	2.37	1.46
understanding	2.38	0.94
wow	2.38	1.32
stranger	2.38	1.19
affection	2.38	1.34
unique	2.38	0.87
precious	2.38	0.81
grace	2.39	0.82
respect	2.40	1.20
happiness	2.40	1.11
admire	2.40	1.00
update	2.41	1.28
peace	2.43	1.25
hi	2.44	1.31
dear	2.45	1.10
internet	2.45	1.21
holiday	2.45	1.29
cake	2.46	1.12
virtual	2.46	1.19
sweetie	2.47	1.35
condolences	2.47	1.21
turbohugs	2.47	1.49
empathetic	2.48	0.96
badass	2.49	0.97
lady	2.49	0.94
genuine	2.50	1.07
hug	2.50	1.26
bud	2.51	1.33
sincere	2.51	1.12
op	2.52	1.50
appreciation	2.53	1.12
compassionate	2.54	0.90
future	2.54	1.21
updated	2.55	1.28
kitty	2.55	0.77
celebrating	2.55	1.27
fellow	2.57	1.09
deserving	2.57	0.98
rooting	2.57	1.20
prayers	2.58	1.19
gesture	2.58	1.08
accomplishment	2.59	0.99
grateful	2.59	0.86
sharing	2.59	0.97
christmas	2.60	1.26
hugs	2.60	1.23
welcome	2.61	1.25
hope	2.61	1.37
pets	2.61	1.08
worthy	2.62	0.88
btw	2.63	1.24
yup	2.63	1.21
birthdays	2.64	1.14
respectful	2.64	1.08
awe	2.64	1.14
selfless	2.66	0.90
sir	2.68	1.16
caring	2.68	0.86
buddy	2.69	1.31
lt	2.69	1.23
talented	2.69	0.92
props	2.69	1.08
smart	2.72	0.91
clever	2.72	0.89
sweetest	2.72	0.78
kindness	2.74	0.96
aw	2.75	1.31
kind	2.75	1.00
sincerely	2.77	1.14
bless	2.77	1.04
hero	2.78	0.92
gentle	2.79	0.97
chin	2.80	1.22
ps	2.81	1.07
considerate	2.81	1.01
wish	2.82	1.15
cheer	2.82	1.19
inspiration	2.83	0.96
great	2.84	0.93
p.s	2.84	1.14
thoughtful	2.85	0.95
yay	2.88	1.26
blessed	2.88	0.67
adorable	2.88	1.01
celebrate	2.89	0.95
proud	2.90	0.86
brave	2.91	0.92
pal	2.92	1.17
aww	2.94	1.12
generous	2.94	0.92
vibes	2.94	1.16
congrats	2.95	1.15
sweetheart	2.96	1.07
gorgeous	2.96	0.72
mate	2.97	1.24
supportive	2.98	0.88
cherish	3.00	0.76
special	3.02	0.71
luck	3.02	1.20
cute	3.02	0.97
achievement	3.04	0.79
birthday	3.05	1.08
kudos	3.06	0.90
wishing	3.06	0.83
loyal	3.08	0.74
brilliant	3.10	0.82
wishes	3.13	1.07
strong	3.16	0.72
loving	3.16	0.72
merry	3.23	1.07
cheers	3.25	1.07
beautiful	3.26	0.67
sweet	3.31	0.78
congratulations	3.36	0.75
wonderful	3.43	0.53
lovely	3.62	0.51
