shitty	-6.55	2.87
piss	-6.24	2.12
poor	-6.13	2.75
sucks	-5.86	2.12
complained	-5.64	2.92
fucked	-5.55	2.16
inconsistent	-5.54	2.66
bugged	-5.44	2.87
corrupting	-5.40	5.10
screwed	-5.20	2.67
spreading	-5.05	2.72
standards	-5.04	2.92
bursts	-5.01	4.06
wise	-5.00	3.07
devourer	-4.98	4.48
ugh	-4.92	2.81
broken	-4.90	3.19
d2jsp	-4.81	3.78
underwhelming	-4.81	2.96
painful	-4.71	2.90
pathetic	-4.69	2.13
stupid	-4.63	2.41
comparing	-4.59	3.23
annoying	-4.54	2.34
salt	-4.54	3.46
garbage	-4.50	2.93
blame	-4.46	2.69
haters	-4.46	2.44
lacking	-4.45	2.77
vulnerable	-4.39	3.44
crappy	-4.32	3.18
class	-4.29	4.02
meh	-4.27	2.75
dangerous	-4.26	3.21
review	-4.26	3.31
suck	-4.23	2.47
ugly	-4.22	2.90
deadly	-4.21	3.36
unpopular	-4.19	2.48
lies	-4.18	2.95
lack	-4.17	3.06
pointless	-4.15	2.66
lacks	-4.14	3.00
silly	-4.11	2.77
defending	-4.11	2.43
dumb	-4.07	2.18
pulling	-4.05	3.62
clunky	-4.05	2.90
remind	-4.05	3.37
laggy	-4.02	2.84
logic	-3.99	2.76
swear	-3.96	2.83
screw	-3.93	2.77
included	-3.89	3.17
wins	-3.87	3.05
shit	-3.85	2.76
brutal	-3.80	3.27
respect	-3.79	2.88
unusable	-3.74	3.12
lame	-3.71	2.07
utter	-3.68	2.91
bad	-3.67	2.97
decision	-3.64	2.92
hurt	-3.63	3.01
awkward	-3.58	2.63
among	-3.55	3.92
backwards	-3.53	4.27
largest	-3.52	3.59
particular	-3.50	3.59
bothers	-3.47	3.49
multiplayer	-3.41	3.23
flawed	-3.39	3.57
inferior	-3.39	3.31
netcode	-3.32	3.12
dislike	-3.32	2.99
retarded	-3.31	2.76
implementation	-3.30	3.24
lackluster	-3.28	3.12
worse	-3.24	3.36
unfair	-3.23	2.14
angry	-3.19	2.97
carefully	-3.17	3.55
proper	-3.17	3.02
actual	-3.15	3.36
weak	-3.15	2.02
bullshit	-3.11	1.96
defend	-3.10	1.42
crap	-3.08	2.24
disagree	-3.05	3.37
unbalanced	-2.96	1.91
lie	-2.95	1.27
squishy	-2.93	1.92
inefficient	-2.93	2.15
underpowered	-2.89	2.02
destroyed	-2.86	1.71
excuse	-2.86	1.70
drink	-2.79	1.21
expert	-2.76	2.30
useless	-2.75	2.28
prove	-2.74	3.98
fucks	-2.74	1.37
wrecked	-2.74	1.55
hardest	-2.70	4.18
likes	-2.69	4.05
legit	-2.68	2.73
fastest	-2.66	4.55
absolute	-2.65	3.58
slow	-2.65	2.04
strange	-2.64	2.62
hurts	-2.63	1.39
strongest	-2.62	4.37
surrounded	-2.61	1.68
overpowered	-2.59	2.05
destroy	-2.57	1.65
ridiculous	-2.56	3.11
isp	-2.54	1.50
bs	-2.54	1.80
typical	-2.53	1.32
statement	-2.51	4.15
shame	-2.51	2.67
frustrated	-2.48	3.22
unplayable	-2.48	2.20
internet	-2.47	1.74
sketchy	-2.46	2.06
boring	-2.43	1.96
simple	-2.42	2.91
knows	-2.42	3.87
hurting	-2.41	1.47
meaningless	-2.40	1.83
sarcastic	-2.37	3.41
disappointing	-2.37	2.73
fuck	-2.35	2.56
scary	-2.34	1.78
tedious	-2.34	1.80
connection	-2.34	1.66
pressure	-2.34	1.29
talks	-2.33	3.82
weird	-2.32	2.44
irrelevant	-2.30	2.06
moment	-2.29	3.54
frustrating	-2.27	1.81
fault	-2.26	1.67
suffer	-2.24	1.64
decides	-2.24	3.93
utterly	-2.24	2.36
unnecessary	-2.21	1.85
bleeding	-2.19	2.07
wants	-2.16	3.90
touched	-2.15	3.31
ignorant	-2.14	1.75
surprising	-2.13	2.35
degen	-2.13	2.20
invader	-2.12	2.01
comes	-2.11	1.42
blown	-2.11	1.35
fails	-2.11	1.18
odd	-2.09	2.65
scenario	-2.08	3.83
slows	-2.08	1.87
assholes	-2.08	1.57
destroys	-2.07	1.64
false	-2.07	4.01
scared	-2.07	3.41
immune	-2.06	1.64
trash	-2.06	2.20
unfortunately	-2.04	3.57
pc	-2.04	1.56
confusing	-2.02	3.11
proves	-2.01	1.99
part	-2.01	3.90
assumptions	-2.01	4.31
broke	-2.01	1.63
junk	-2.01	2.05
seriously	-2.00	2.59
arbitrary	-2.00	1.85
misleading	-1.99	3.74
easiest	-1.99	4.07
ass	-1.98	1.95
snapshotting	-1.97	1.86
scammed	-1.97	1.45
bleed	-1.97	1.96
tbh	-1.96	3.35
abusing	-1.96	1.76
flying	-1.95	1.43
risky	-1.94	1.81
sadly	-1.94	3.67
breaks	-1.94	1.57
limited	-1.92	1.82
worthless	-1.91	1.95
ignoring	-1.89	1.43
tanking	-1.88	1.29
negligible	-1.88	1.94
calling	-1.87	1.75
vanilla	-1.87	3.92
incorrect	-1.86	4.42
asshole	-1.85	1.69
clever	-1.85	1.75
punished	-1.85	1.61
right	-1.85	3.47
nerfing	-1.84	1.74
claims	-1.84	2.44
rude	-1.82	1.72
outdated	-1.82	1.93
loud	-1.81	2.75
implying	-1.79	4.01
absurd	-1.79	3.08
claim	-1.78	2.16
ruined	-1.78	1.60
op	-1.78	1.73
unlucky	-1.77	1.70
held	-1.76	1.44
math	-1.76	4.26
powerful	-1.75	1.79
satisfying	-1.75	1.72
aint	-1.74	1.62
trivial	-1.74	1.65
feed	-1.73	1.22
pissed	-1.73	3.37
saying	-1.73	4.21
annoyed	-1.73	3.29
arguments	-1.72	2.14
par	-1.71	1.87
ignore	-1.71	1.68
consuming	-1.70	1.68
overpriced	-1.69	1.70
tougher	-1.69	1.76
facts	-1.68	2.57
understanding	-1.68	1.95
wave	-1.67	1.21
honest	-1.67	3.32
resistant	-1.67	1.73
rima	-1.67	1.63
aside	-1.66	1.79
rmt	-1.66	1.23
connected	-1.66	1.59
convenient	-1.66	1.69
design	-1.66	1.85
pointing	-1.66	3.84
abuse	-1.65	1.56
spread	-1.64	1.15
spears	-1.64	1.29
wreck	-1.63	1.28
justify	-1.63	1.53
blowing	-1.62	1.12
marauders	-1.62	2.27
tanky	-1.62	1.63
ever	-1.62	3.81
rest	-1.62	1.73
harsh	-1.62	1.58
complicated	-1.60	1.66
greatest	-1.60	3.28
rid	-1.60	1.58
encounters	-1.60	1.53
fucking	-1.60	2.52
toxic	-1.60	1.60
bosses	-1.58	1.79
d2	-1.58	3.64
offscreen	-1.58	1.64
optimization	-1.58	1.65
talking	-1.58	3.84
fail	-1.57	1.61
agree	-1.57	3.36
nonsense	-1.57	1.47
spawns	-1.57	1.50
difficult	-1.56	1.67
tricky	-1.55	1.62
corrupted	-1.55	1.79
upset	-1.54	3.49
rangers	-1.54	1.83
weaker	-1.53	1.88
assumption	-1.52	2.67
attacking	-1.52	1.23
abused	-1.51	1.65
random	-1.51	1.67
phone	-1.51	2.15
disappointed	-1.51	3.33
dick	-1.51	1.64
ranger	-1.50	1.89
witch	-1.50	1.80
binos	-1.50	1.81
handy	-1.50	3.32
banning	-1.50	1.32
shut	-1.50	1.55
implied	-1.50	4.36
blocking	-1.49	1.43
orchard	-1.49	1.62
problematic	-1.49	1.53
retard	-1.49	1.74
fighting	-1.48	1.59
mara	-1.47	1.90
spider	-1.47	1.69
due	-1.47	1.40
nerfed	-1.47	1.61
ignorance	-1.46	1.53
core	-1.46	1.46
shrine	-1.45	1.53
network	-1.45	1.33
programming	-1.45	1.62
spawn	-1.45	1.55
exploit	-1.45	1.62
vs	-1.45	1.35
burst	-1.44	1.47
judgement	-1.44	1.70
desynced	-1.43	1.49
rogue	-1.43	1.53
complaining	-1.42	1.69
manageable	-1.42	1.51
rhoas	-1.42	1.50
vods	-1.42	1.25
igna	-1.41	1.34
nightmare	-1.40	1.81
encounter	-1.39	1.54
thinking	-1.39	3.64
mouth	-1.39	1.12
confused	-1.39	3.13
poorly	-1.38	1.66
besides	-1.38	1.31
referring	-1.38	4.40
lying	-1.38	2.49
insult	-1.38	1.67
botters	-1.38	1.17
templar	-1.37	1.72
thrown	-1.37	1.39
upgrading	-1.37	1.37
corrupt	-1.37	1.87
prone	-1.37	1.57
holds	-1.37	1.52
tankier	-1.37	1.79
conclusion	-1.36	2.74
unrelated	-1.36	1.66
oneshot	-1.36	1.49
richer	-1.36	1.72
dots	-1.35	1.85
idiot	-1.35	1.81
invisible	-1.35	1.52
existence	-1.35	1.33
thin	-1.35	1.30
flats	-1.35	1.28
vaaling	-1.34	1.89
insta	-1.34	1.54
plain	-1.34	1.84
botting	-1.34	1.19
pulled	-1.34	1.69
bitching	-1.34	1.44
proximity	-1.34	1.43
boss	-1.34	1.77
mud	-1.34	1.26
w/e	-1.34	1.35
kole	-1.33	1.45
banned	-1.32	1.24
blade	-1.32	1.78
joking	-1.32	3.69
witches	-1.32	1.59
ruin	-1.32	1.27
old	-1.32	1.25
clearspeed	-1.31	1.49
scion	-1.31	1.68
scamming	-1.30	1.46
invaders	-1.30	1.64
one-shot	-1.30	1.44
kick	-1.29	1.35
buffed	-1.29	1.60
speeds	-1.29	1.66
flaw	-1.29	1.66
pace	-1.29	1.50
classes	-1.28	1.79
curve	-1.28	1.39
nicer	-1.27	1.71
terms	-1.27	2.18
replaced	-1.26	1.37
apparent	-1.25	1.46
farther	-1.25	1.66
ignored	-1.25	1.52
slower	-1.25	1.89
precise	-1.24	1.69
stacked	-1.24	1.99
devourers	-1.24	1.44
management	-1.23	1.54
accounts	-1.23	1.22
throws	-1.23	1.30
maximize	-1.22	1.41
rewarding	-1.21	1.44
fights	-1.21	1.65
unfortunate	-1.21	2.54
activated	-1.21	1.57
understandable	-1.20	1.52
facing	-1.20	1.41
lazy	-1.20	1.70
fool	-1.20	1.53
yellow	-1.20	1.62
ai	-1.20	1.38
damaging	-1.20	1.44
breaking	-1.19	1.55
rich	-1.19	1.73
stating	-1.19	2.45
flaws	-1.18	1.69
basic	-1.17	1.84
shrines	-1.17	1.32
golem	-1.17	1.63
decisions	-1.17	1.86
consistency	-1.17	1.44
skip	-1.16	1.33
clear	-1.16	1.56
clears	-1.16	1.56
typo	-1.16	4.30
gold	-1.16	1.24
ban	-1.16	1.21
advertising	-1.15	0.94
smooth	-1.15	1.52
human	-1.15	1.35
smaller	-1.15	1.70
usable	-1.15	1.71
fake	-1.14	1.44
greedy	-1.14	1.41
flooded	-1.13	1.38
trolls	-1.13	1.37
inclined	-1.12	3.23
grand	-1.12	1.61
secondly	-1.12	1.43
elitist	-1.12	1.47
argument	-1.11	2.26
claiming	-1.11	1.54
complex	-1.11	1.62
special	-1.11	1.36
fixing	-1.10	1.61
enjoyable	-1.10	1.52
lags	-1.10	1.41
popped	-1.10	1.48
fight	-1.10	1.69
claimed	-1.09	1.28
atziri	-1.09	1.72
water	-1.09	1.06
crashing	-1.09	1.61
knowledge	-1.08	1.48
comparable	-1.08	1.78
intent	-1.08	2.25
quicker	-1.08	1.68
whine	-1.07	1.17
access	-1.07	1.45
tired	-1.07	3.41
regards	-1.07	1.39
1-shot	-1.07	1.25
leapslam	-1.06	2.04
complexity	-1.06	1.52
gameplay	-1.05	1.42
cross	-1.05	1.14
formatting	-1.05	2.74
trio	-1.04	1.78
furthermore	-1.04	1.44
convocation	-1.04	1.90
differences	-1.04	1.53
truth	-1.04	1.30
policy	-1.04	1.18
biggest	-1.04	1.44
practice	-1.04	1.09
entitled	-1.04	1.47
identical	-1.03	1.61
whirling	-1.03	1.95
confident	-1.03	3.08
profile	-1.03	1.37
mistake	-1.03	4.13
sheer	-1.02	2.20
failure	-1.02	1.47
tank	-1.02	1.21
brain	-1.02	1.60
serious	-1.02	1.50
bigger	-1.02	1.70
afterwards	-1.02	1.09
challenging	-1.01	1.38
shatter	-1.01	1.23
despite	-1.00	1.10
apex	-1.00	1.66
versus	-1.00	1.24
edited	-1.00	4.35
bitch	-1.00	1.36
finds	-1.00	2.27
vaaled	-1.00	1.67
visible	-0.99	1.49
dog	-0.99	1.09
harder	-0.99	1.77
actions	-0.99	1.32
pops	-0.99	1.18
hard	-0.99	1.69
mistaken	-0.99	4.02
leading	-0.99	1.36
travel	-0.99	1.31
side	-0.99	1.59
uber	-0.99	1.66
rares	-0.99	1.55
pattern	-0.98	1.50
limiting	-0.98	1.57
statements	-0.98	2.69
pathing	-0.98	1.23
own	-0.98	1.31
costly	-0.98	1.60
aiming	-0.97	1.89
lab	-0.97	1.05
ruining	-0.97	1.14
niche	-0.97	1.55
offense	-0.97	1.59
bite	-0.96	1.35
popular	-0.96	1.40
rule	-0.96	1.26
crying	-0.96	1.24
vote	-0.96	1.49
unset	-0.96	1.45
carried	-0.96	1.27
descent	-0.95	1.26
danger	-0.95	1.31
exiles	-0.95	1.31
assuming	-0.95	4.09
avoiding	-0.95	1.43
succeed	-0.95	1.27
compared	-0.95	1.92
buys	-0.94	2.31
strong	-0.94	1.79
whose	-0.94	1.67
situations	-0.94	1.51
impossible	-0.94	1.70
attractive	-0.94	1.61
casters	-0.93	1.27
framerate	-0.93	1.43
straight	-0.93	1.45
must	-0.93	3.18
lately	-0.93	1.27
pile	-0.93	1.60
somehow	-0.93	1.78
direction	-0.93	1.66
uncommon	-0.92	1.58
sells	-0.92	1.86
removal	-0.92	1.22
combat	-0.92	1.35
hot	-0.92	1.25
laugh	-0.92	2.67
comparison	-0.92	1.70
desirable	-0.91	1.62
face	-0.91	1.13
liking	-0.91	1.33
severe	-0.91	1.53
downvote	-0.91	1.58
creator	-0.91	1.23
includes	-0.91	1.19
profitable	-0.91	1.57
talked	-0.91	1.33
delayed	-0.91	1.25
sudden	-0.91	1.12
path	-0.90	1.23
mandatory	-0.90	1.77
imply	-0.90	2.29
speed	-0.90	1.38
coh	-0.90	1.25
cheaters	-0.90	0.92
killing	-0.90	1.16
smart	-0.89	1.81
dust	-0.89	1.26
sorta	-0.89	1.11
distance	-0.89	1.63
positioning	-0.89	1.24
owned	-0.89	1.35
intensive	-0.88	1.66
conditions	-0.88	1.37
optimized	-0.88	1.49
top	-0.88	1.33
pants	-0.88	1.29
environment	-0.88	0.91
exciting	-0.88	1.55
spelling	-0.88	4.26
brightbeak	-0.88	1.93
sees	-0.88	2.31
ping	-0.87	1.32
nature	-0.87	1.14
oblivion	-0.87	1.58
kills	-0.87	1.08
fixed	-0.87	1.27
fotm	-0.87	1.39
follows	-0.87	1.25
melt	-0.87	1.20
mad	-0.86	3.07
threat	-0.86	1.37
expensive	-0.86	1.65
eat	-0.86	1.31
pot	-0.85	1.08
corpse	-0.85	1.20
thicket	-0.85	1.73
joke	-0.85	1.81
toward	-0.85	1.65
warlord	-0.84	1.23
computer	-0.84	1.22
spawning	-0.84	1.12
paths	-0.84	1.46
thorns	-0.84	1.47
relative	-0.83	1.54
outright	-0.83	1.36
rime	-0.83	1.30
mark	-0.83	1.23
skipping	-0.82	1.32
mastery	-0.82	1.19
bots	-0.82	1.08
kill	-0.82	1.11
mistakes	-0.82	2.78
killer	-0.82	1.19
larger	-0.82	1.56
equal	-0.82	1.68
escape	-0.81	1.60
poison	-0.81	1.23
equivalent	-0.81	1.37
ignited	-0.81	1.18
contain	-0.81	1.18
hacks	-0.81	1.14
titty	-0.81	1.18
left	-0.81	1.87
kiting	-0.81	1.19
behavior	-0.81	1.37
corrected	-0.80	4.34
evidence	-0.80	2.09
clearing	-0.80	1.29
expectations	-0.80	1.21
corpses	-0.80	1.16
dead	-0.80	1.02
popularity	-0.80	1.09
process	-0.80	1.41
aggressive	-0.80	1.59
reasoning	-0.80	2.02
puts	-0.79	1.00
account	-0.79	1.20
downvoting	-0.79	1.51
tries	-0.79	1.11
assassin	-0.79	1.23
corruption	-0.79	1.99
summoned	-0.79	1.20
brutus	-0.78	1.14
voted	-0.78	1.32
skipped	-0.78	1.55
sunblast	-0.78	1.26
bug	-0.78	1.35
pop	-0.78	0.94
poebuilder	-0.78	1.32
trolling	-0.78	2.02
black	-0.77	1.26
puncture	-0.77	1.20
whatnot	-0.77	1.24
successful	-0.77	1.16
starting	-0.77	1.66
specs	-0.77	1.43
flameblasts	-0.77	1.11
social	-0.77	0.99
poster	-0.77	3.03
edge	-0.76	1.60
avoided	-0.76	1.37
acceptable	-0.76	1.38
gearing	-0.76	1.29
missing	-0.76	3.86
careful	-0.76	1.45
fans	-0.76	1.37
palace	-0.76	1.25
staunching	-0.75	1.12
hacking	-0.75	1.06
abaxoth	-0.75	1.37
viper	-0.75	1.25
crowd	-0.75	1.05
tells	-0.75	1.71
smash	-0.75	1.14
faceroll	-0.75	1.27
treated	-0.75	1.33
accept	-0.75	1.21
remote	-0.75	1.20
flask	-0.75	1.11
avoidable	-0.74	1.26
shadow	-0.74	1.80
steps	-0.74	1.54
scrub	-0.74	1.57
shits	-0.74	1.38
debuff	-0.74	1.21
meta	-0.74	1.22
dominus	-0.74	1.27
liked	-0.74	3.25
marauder	-0.74	1.37
hyped	-0.74	3.40
removes	-0.74	1.11
safer	-0.74	1.66
philosophy	-0.73	1.42
bodies	-0.73	1.14
beating	-0.73	1.32
towards	-0.73	1.60
cursor	-0.73	1.77
bottom	-0.73	1.78
luxury	-0.73	1.52
importance	-0.72	1.37
nerf	-0.72	1.31
difficulty	-0.72	1.34
clarify	-0.72	4.24
messed	-0.72	2.06
warding	-0.72	1.11
valley	-0.72	1.19
clicking	-0.71	1.75
cod	-0.71	1.29
shots	-0.71	1.11
courtyard	-0.71	1.21
through	-0.71	1.42
popping	-0.71	0.92
whilst	-0.71	1.18
small	-0.71	1.50
stronger	-0.71	1.78
monsters	-0.71	1.18
jerk	-0.71	1.40
essentially	-0.70	1.60
easy	-0.70	1.65
sucked	-0.70	2.11
customers	-0.70	1.01
blues	-0.70	1.33
idiots	-0.70	1.37
buttons	-0.70	1.78
gated	-0.70	1.31
latency	-0.70	1.21
seething	-0.69	1.11
strongly	-0.69	1.54
between	-0.69	1.32
minority	-0.69	1.09
arguing	-0.69	2.10
duelist	-0.69	1.33
spawned	-0.69	1.06
accessible	-0.69	1.34
ip	-0.69	1.10
illusion	-0.69	1.00
easier	-0.69	1.69
aware	-0.68	3.33
trades	-0.68	1.12
block/spell	-0.68	1.21
oversoul	-0.68	1.58
variation	-0.68	1.52
facetank	-0.67	1.17
interest	-0.67	1.21
context	-0.67	2.64
moves	-0.67	1.45
game	-0.67	1.27
frozen	-0.67	1.13
bot	-0.66	1.09
describing	-0.66	1.83
explode	-0.66	0.97
balancing	-0.66	1.24
flow	-0.66	1.28
comfortable	-0.66	1.67
draw	-0.65	1.27
opinion	-0.65	1.87
extreme	-0.65	1.88
flasks	-0.65	1.07
altogether	-0.65	1.16
efficient	-0.65	1.66
dirt	-0.65	1.51
stock	-0.65	1.02
click	-0.65	1.83
resource	-0.65	1.42
view	-0.65	1.52
crematorium	-0.65	1.18
vaal	-0.65	1.18
valuable	-0.65	1.62
aspects	-0.65	1.18
buff	-0.65	1.33
middle	-0.65	1.61
enormous	-0.65	2.01
servers	-0.64	1.15
hilarious	-0.64	2.31
potions	-0.64	1.05
choices	-0.64	1.38
button	-0.64	1.80
chill	-0.64	1.13
away	-0.64	1.58
fyi	-0.64	1.56
motivation	-0.64	1.20
strongboxes	-0.64	1.17
destroying	-0.63	1.50
summoners	-0.63	1.23
area	-0.63	1.18
product	-0.63	0.98
animate	-0.63	1.21
whites	-0.63	1.31
heal	-0.63	1.14
cons	-0.63	1.47
clean	-0.63	1.24
incinerator	-0.63	1.18
detect	-0.63	1.40
score	-0.63	1.23
balls	-0.63	1.89
mess	-0.62	1.11
vuln	-0.62	1.08
spike	-0.62	1.15
subjective	-0.62	1.82
heat	-0.62	1.07
shocked	-0.62	1.12
lag	-0.62	1.21
spork	-0.62	1.17
jungle	-0.62	1.15
hole	-0.62	1.11
thinks	-0.62	2.90
shotting	-0.62	1.12
dot	-0.61	1.22
clouds	-0.61	1.20
hide	-0.61	1.21
variable	-0.61	1.14
specters	-0.61	1.20
removed	-0.61	1.24
mass	-0.61	1.06
snapshot	-0.61	1.25
complain	-0.61	1.20
mines	-0.61	1.19
covers	-0.60	1.12
cheating	-0.60	1.17
buffing	-0.60	1.30
corner	-0.60	1.70
healing	-0.60	1.09
shooting	-0.60	1.11
quicksilver	-0.60	1.05
intended	-0.60	1.65
compensate	-0.60	1.22
gorge	-0.60	1.06
tone	-0.60	1.70
heading	-0.60	1.64
has	-0.60	1.52
worded	-0.60	2.36
randomly	-0.60	1.22
quartz	-0.59	1.11
blades	-0.59	1.32
noob	-0.59	1.58
cares	-0.59	2.55
huge	-0.59	1.69
cloud	-0.59	1.15
machine	-0.59	1.13
connect	-0.59	1.06
granite	-0.59	1.05
archer	-0.59	1.14
topaz	-0.58	1.05
inside	-0.58	1.27
piety	-0.58	1.18
burned	-0.58	1.32
fast	-0.58	1.55
record	-0.58	1.09
attitude	-0.58	1.36
sites	-0.58	1.18
preventing	-0.58	1.21
entrance	-0.58	1.57
dodging	-0.58	1.04
density	-0.58	1.06
prediction	-0.58	1.16
caused	-0.58	1.21
report	-0.58	1.21
frankly	-0.58	1.69
errors	-0.58	3.12
spectres	-0.58	1.20
magical	-0.58	1.57
updated	-0.58	1.07
living	-0.57	1.28
word	-0.57	2.15
enjoyed	-0.57	3.32
bored	-0.57	2.18
center	-0.57	1.82
drama	-0.57	1.25
involve	-0.57	1.18
mobs	-0.57	1.21
pve	-0.57	0.99
portion	-0.57	1.43
cat	-0.57	1.22
sort	-0.57	1.66
move	-0.57	1.26
title	-0.57	2.96
protect	-0.56	1.15
aspect	-0.56	1.06
targeting	-0.56	1.23
typically	-0.56	1.16
lower	-0.56	1.57
desecrate	-0.56	1.11
la	-0.56	1.15
usage	-0.56	1.33
calculating	-0.56	2.19
fraction	-0.56	1.25
stopping	-0.55	1.31
temple	-0.55	1.12
charan	-0.55	1.39
notables	-0.55	1.20
road	-0.55	1.57
shadows	-0.55	1.30
ruby	-0.55	1.04
task	-0.55	1.36
wasted	-0.55	1.90
closer	-0.55	1.50
systems	-0.54	1.24
reputation	-0.54	1.17
changed	-0.54	1.26
troll	-0.54	1.67
flexible	-0.54	1.51
step	-0.54	1.63
hardware	-0.54	1.16
meant	-0.53	4.10
beat	-0.53	1.37
mobile	-0.53	2.68
double	-0.53	1.14
smoke	-0.53	1.13
pots	-0.53	1.10
badly	-0.53	1.42
familiar	-0.53	1.97
site	-0.53	1.19
bugs	-0.53	1.53
blast	-0.53	1.11
choosing	-0.53	1.60
misunderstood	-0.53	4.08
cycloner	-0.52	1.13
oriented	-0.52	1.19
position	-0.52	1.60
current	-0.52	1.24
slight	-0.52	1.45
stunned	-0.52	1.15
detonate	-0.52	1.06
jade	-0.52	1.04
decreased	-0.52	1.37
unlikely	-0.52	1.53
state	-0.52	1.44
areas	-0.52	1.07
merveil	-0.52	1.14
disconnected	-0.51	1.31
objective	-0.51	1.25
fireballs	-0.51	1.18
owner	-0.51	0.89
warp	-0.51	1.20
dunno	-0.51	3.37
negate	-0.51	1.22
pack	-0.51	1.12
cleared	-0.51	1.10
against	-0.51	1.15
balanced	-0.51	1.51
tendrils	-0.51	1.08
ultimately	-0.51	1.38
stormcall	-0.50	1.08
animation	-0.50	1.13
admit	-0.50	1.85
stop	-0.50	1.38
massive	-0.50	1.85
says	-0.50	1.69
convenience	-0.50	1.26
minions	-0.50	1.15
sapphire	-0.50	1.04
pickup	-0.50	1.18
leap	-0.50	1.28
arrow	-0.50	1.12
spectre	-0.50	1.16
attempts	-0.50	1.02
immunity	-0.49	1.13
shot	-0.49	1.12
surgeon	-0.49	1.04
minor	-0.49	1.40
packs	-0.49	1.18
creep	-0.49	1.24
status	-0.49	1.14
vulnerability	-0.49	1.06
flammability	-0.49	1.06
important	-0.49	1.70
overall	-0.49	1.52
eliminate	-0.49	1.23
mechanics	-0.49	1.28
maze	-0.49	1.08
service	-0.49	1.11
sparks	-0.49	1.32
zombies	-0.49	1.14
surviving	-0.49	1.16
cave	-0.49	0.95
cursing	-0.49	1.07
falling	-0.48	1.22
stacks	-0.48	1.15
reducing	-0.48	1.44
thunder	-0.48	1.09
nodes	-0.48	1.16
mine	-0.48	1.09
desyncing	-0.48	1.18
non-crit	-0.48	1.24
obvious	-0.48	1.71
probability	-0.48	2.18
summons	-0.48	1.13
conductivity	-0.48	1.07
tos	-0.48	1.16
wording	-0.48	3.16
sky	-0.48	1.25
demons	-0.48	1.05
zombie	-0.47	1.14
higher	-0.47	1.67
explosion	-0.47	1.08
lowers	-0.47	1.36
inherent	-0.47	1.14
tornado	-0.47	1.12
initially	-0.47	1.66
scenarios	-0.47	1.51
deaths	-0.47	1.31
session	-0.47	1.48
legendary	-0.47	1.42
reworked	-0.47	1.06
rarer	-0.47	1.60
shoot	-0.47	1.09
summoner	-0.47	1.17
apart	-0.47	1.36
balance	-0.47	1.19
summoning	-0.47	1.12
indicate	-0.46	1.54
lw	-0.46	1.16
boy	-0.46	1.28
experiencing	-0.46	1.36
intentionally	-0.46	1.17
ruins	-0.46	1.04
cursed	-0.46	1.07
asks	-0.46	1.81
curse	-0.46	1.07
efficiently	-0.46	1.27
fix	-0.46	1.37
reaches	-0.46	1.36
cheat	-0.46	1.08
slam	-0.46	1.29
stuns	-0.46	1.14
former	-0.46	1.04
storm	-0.46	1.07
24/7	-0.46	1.36
sacrificing	-0.46	1.44
tuned	-0.46	1.19
wheel	-0.46	1.19
remove	-0.46	1.15
roa	-0.46	1.12
summon	-0.46	1.12
weakness	-0.46	1.06
fly	-0.46	1.12
reported	-0.46	1.22
beside	-0.45	1.51
degree	-0.45	1.16
cpu	-0.45	1.16
frostbite	-0.45	1.06
sentence	-0.45	2.37
performance	-0.45	1.25
killed	-0.45	0.99
bargain	-0.45	1.21
whining	-0.45	1.35
skeletons	-0.45	1.12
playable	-0.45	1.49
major	-0.45	1.33
faster	-0.45	1.23
explodes	-0.45	1.05
judging	-0.45	1.27
grasp	-0.45	1.37
sub	-0.45	1.40
refreshing	-0.45	1.45
dd	-0.44	1.07
arrows	-0.44	1.09
judge	-0.44	1.45
diamond	-0.44	1.03
failing	-0.44	1.42
throwing	-0.44	1.20
ailment	-0.44	1.13
convince	-0.44	1.40
nearby	-0.44	1.08
completely	-0.44	1.62
fp	-0.44	1.09
upvote	-0.44	1.54
movespeed	-0.44	1.16
pulse	-0.44	1.09
stairs	-0.44	1.59
zone	-0.44	0.99
perspective	-0.44	1.37
trader	-0.44	1.22
stuff	-0.44	1.48
fragments	-0.44	1.07
big	-0.44	1.48
shoots	-0.44	1.09
kite	-0.43	1.13
vendoring	-0.43	1.29
identify	-0.43	1.23
split	-0.43	1.12
punch	-0.43	1.18
spikes	-0.43	1.17
curses	-0.43	1.08
mountain	-0.43	0.89
stun	-0.43	1.10
direct	-0.43	1.42
warlords	-0.43	1.07
uniques	-0.43	1.45
computers	-0.43	1.19
increasing	-0.43	1.41
murder	-0.43	1.10
cheaper	-0.43	1.69
kicked	-0.43	1.12
called	-0.42	1.32
unreasonable	-0.42	1.18
research	-0.42	1.50
multitrap	-0.42	1.08
real	-0.42	1.33
proliferate	-0.42	1.10
classic	-0.42	1.17
pyramid	-0.42	0.98
fractured	-0.42	1.06
node	-0.42	1.13
boxes	-0.42	1.14
falls	-0.42	1.01
clusters	-0.42	1.14
location	-0.42	1.18
firing	-0.42	1.20
ea	-0.42	1.07
laying	-0.41	1.14
mob	-0.41	1.18
potion	-0.41	1.04
icon	-0.41	1.69
natural	-0.41	1.20
movement	-0.41	1.21
gateway	-0.41	1.13
trap	-0.41	1.07
minion	-0.41	1.12
commonly	-0.41	1.25
zones	-0.41	1.02
champions	-0.41	1.14
suggesting	-0.41	2.44
instability	-0.41	1.10
ailments	-0.41	1.14
queen	-0.41	1.03
minimum	-0.41	1.41
tiny	-0.40	1.47
removing	-0.40	1.26
encountered	-0.40	1.00
purpose	-0.40	1.45
fingers	-0.40	1.58
crashes	-0.40	1.30
walking	-0.40	1.28
raise	-0.40	1.11
monster	-0.40	1.05
contains	-0.40	1.08
meat	-0.40	1.06
explosive	-0.40	1.06
efficiency	-0.39	1.33
noticeable	-0.39	1.36
tldr	-0.39	1.24
raging	-0.39	1.13
placement	-0.39	1.37
excel	-0.39	2.06
fragment	-0.39	1.07
radius	-0.39	1.16
output	-0.39	1.31
enfeeble	-0.39	1.05
enjoyment	-0.39	1.04
greater	-0.39	1.57
flameblast	-0.39	1.06
penalties	-0.39	1.12
targeted	-0.38	1.20
contribute	-0.38	1.36
gtx	-0.38	1.08
size	-0.38	1.20
skellies	-0.38	1.08
shift	-0.38	1.38
guardian	-0.38	1.16
panic	-0.38	1.17
bloodlines	-0.38	1.26
purely	-0.38	1.35
playstyle	-0.38	1.03
nerfs	-0.38	1.17
skeleton	-0.38	1.13
srs	-0.38	1.13
rpg	-0.38	1.22
unid	-0.38	1.25
freeze	-0.38	1.07
usual	-0.38	1.31
enemies	-0.38	1.14
basis	-0.38	1.70
flesh	-0.38	1.10
10x	-0.38	1.60
server	-0.38	1.18
mechanically	-0.38	1.21
slowly	-0.38	1.17
hold	-0.38	1.42
island	-0.38	0.90
instant	-0.37	1.09
spark	-0.37	1.09
edit	-0.37	4.02
traps	-0.37	1.07
penetration	-0.37	1.11
route	-0.37	1.11
alter	-0.37	1.18
term	-0.37	1.83
down	-0.37	1.23
itemization	-0.37	1.17
midnight	-0.37	1.09
fracture	-0.37	1.04
sorry	-0.37	3.76
gpu	-0.37	1.15
complete	-0.37	1.40
loot	-0.37	1.04
tears	-0.37	1.26
shorter	-0.37	1.42
lock	-0.37	1.14
treat	-0.36	1.15
<URL>	-0.36	1.00
<SPECIAL>	-0.36	1.00
chilled	-0.36	1.03
english	-0.36	2.52
eating	-0.36	1.16
quill	-0.36	1.10
nova	-0.36	1.07
coding	-0.36	1.61
desktop	-0.36	1.20
ghosts	-0.36	1.05
tree	-0.36	1.05
beneficial	-0.36	1.53
pierce	-0.36	1.09
burning	-0.36	1.07
longer	-0.36	1.51
fork	-0.36	1.11
elemental	-0.36	1.10
accidentally	-0.36	1.63
factor	-0.36	1.33
train	-0.36	1.14
temporal	-0.36	1.04
lvling	-0.36	1.13
progression	-0.35	1.19
hack	-0.35	0.87
charged	-0.35	1.05
slap	-0.35	1.07
related	-0.35	1.25
worthy	-0.35	1.59
explosions	-0.35	1.06
layer	-0.35	1.39
pain	-0.35	1.26
kind	-0.35	1.73
language	-0.35	1.91
overcome	-0.35	1.21
sa	-0.35	1.08
overkill	-0.35	1.09
implicits	-0.35	1.14
heh	-0.35	1.17
phoenix	-0.35	1.07
ie	-0.35	0.90
piercing	-0.35	1.08
told	-0.35	1.53
hidden	-0.35	1.16
recovery	-0.35	1.07
hoi	-0.35	1.10
crash	-0.35	1.37
sellers	-0.35	1.22
ground	-0.35	0.97
underestimate	-0.35	1.35
unsure	-0.35	2.46
ms	-0.35	1.10
equilibrium	-0.35	1.05
spirits	-0.34	1.12
overcapped	-0.34	1.10
grouping	-0.34	1.13
disconnect	-0.34	1.10
quiver	-0.34	1.09
rocks	-0.34	1.13
burn	-0.34	1.07
harp	-0.34	1.10
desynch	-0.34	1.22
hunt	-0.34	1.27
keys	-0.34	1.34
intention	-0.34	2.26
trapper	-0.34	1.08
conversation	-0.34	1.61
ad	-0.34	1.33
hoa	-0.34	1.07
rebalance	-0.34	1.13
lost	-0.34	1.07
replied	-0.34	2.88
mule	-0.34	1.00
mouse	-0.34	1.44
browser	-0.34	1.49
jewelry	-0.34	1.33
chains	-0.34	1.03
equation	-0.33	2.03
advantage	-0.33	1.32
packet	-0.33	1.20
evangelist	-0.33	1.14
viability	-0.33	1.10
knockback	-0.33	1.09
significant	-0.33	1.67
midnights	-0.33	1.03
totem	-0.33	1.08
amd	-0.33	1.07
tidal	-0.33	1.00
bone	-0.33	1.08
world	-0.33	0.91
freezes	-0.33	1.12
casuals	-0.33	0.94
burns	-0.33	1.09
map	-0.33	1.00
prismatic	-0.33	1.23
opening	-0.33	1.01
upvoted	-0.33	1.52
prepare	-0.33	1.31
bound	-0.33	1.29
packsize	-0.33	1.00
shields	-0.33	1.09
ignite	-0.32	1.08
legal	-0.32	1.15
wide	-0.32	1.20
chayula	-0.32	1.16
arc	-0.32	1.06
freezing	-0.32	1.07
laptop	-0.32	1.07
restart	-0.32	0.88
shockwave	-0.32	1.07
carrying	-0.32	1.08
ball	-0.32	1.07
ignites	-0.32	1.08
ui	-0.32	1.42
publicly	-0.32	1.10
triple	-0.32	1.07
herald	-0.32	1.10
diversity	-0.32	1.17
thumb	-0.32	1.23
ripping	-0.32	1.07
threw	-0.32	1.42
reduces	-0.31	1.25
accordingly	-0.31	1.39
illegal	-0.31	1.12
strongbox	-0.31	1.12
lay	-0.31	1.09
loaded	-0.31	1.46
glass	-0.31	1.20
animated	-0.31	1.10
incinerate	-0.31	1.07
nobody	-0.31	1.44
ultimate	-0.31	1.27
rework	-0.31	1.15
fps	-0.31	1.16
avoid	-0.31	1.18
shotgun	-0.31	1.08
dr	-0.31	1.07
proliferation	-0.31	1.07
drillneck	-0.31	1.09
genre	-0.31	1.33
wrote	-0.31	2.21
sea	-0.31	0.96
services	-0.31	1.19
generosity	-0.31	1.15
initial	-0.31	1.12
targets	-0.31	1.10
guaranteed	-0.31	1.16
subject	-0.31	1.40
bl	-0.31	1.07
ash	-0.31	1.07
bones	-0.31	1.19
gcps	-0.31	0.98
flee	-0.31	0.98
charging	-0.30	1.04
dies	-0.30	1.41
counter	-0.30	1.23
fan	-0.30	2.09
king	-0.30	1.00
righteous	-0.30	1.12
circumstances	-0.30	1.30
groundslam	-0.30	1.13
cascade	-0.30	1.07
discussing	-0.30	2.24
moving	-0.30	1.42
ek	-0.30	1.11
offering	-0.30	1.06
ring	-0.30	1.03
telling	-0.30	1.71
ls	-0.30	1.13
format	-0.30	1.72
rush	-0.30	0.99
submit	-0.30	1.19
ice	-0.30	1.06
caster	-0.30	1.15
arcer	-0.30	1.07
hillock	-0.30	1.00
alt+f4	-0.30	1.17
ee	-0.29	1.06
users	-0.29	1.12
dream	-0.29	1.19
theoretical	-0.29	1.64
sarn	-0.29	0.94
spirit	-0.29	1.10
economy	-0.29	0.93
limit	-0.29	1.18
demand	-0.29	1.11
firestorm	-0.29	1.06
cc	-0.29	1.01
necromantic	-0.29	1.09
rumi	-0.29	1.04
carry	-0.29	1.00
generation	-0.29	1.16
wrath	-0.29	1.14
pull	-0.29	1.32
uptime	-0.29	0.99
gs	-0.29	1.13
weaver	-0.29	1.03
feet	-0.29	1.06
corners	-0.29	1.15
causes	-0.29	1.12
comment	-0.29	2.70
exclusive	-0.29	1.16
spear	-0.28	1.06
speculation	-0.28	1.87
forum	-0.28	1.28
suited	-0.28	1.36
ele	-0.28	1.06
adjusted	-0.28	1.23
army	-0.28	1.14
large	-0.28	1.63
chain	-0.28	1.08
rf	-0.28	1.12
selfcast	-0.28	1.07
lmp/gmp	-0.28	1.09
heralds	-0.28	1.13
her	-0.28	0.99
farm	-0.28	0.98
full	-0.28	1.18
bow	-0.28	1.10
lmp	-0.28	1.09
enemy	-0.28	1.13
sacrifice	-0.28	1.05
mobility	-0.28	1.48
originally	-0.28	2.70
fireball	-0.28	1.07
teleport	-0.28	1.19
wipe	-0.28	1.03
aggro	-0.28	1.23
prolif	-0.27	1.06
norm	-0.27	1.09
obtained	-0.27	1.12
hair	-0.27	1.39
ab	-0.27	1.07
cone	-0.27	1.07
wind	-0.27	0.85
breath	-0.27	1.06
decoy	-0.27	1.09
rooms	-0.27	1.13
limits	-0.27	0.94
lesson	-0.27	1.80
critting	-0.27	1.08
stages	-0.27	1.30
south	-0.27	1.08
technical	-0.27	1.27
scam	-0.27	1.13
coral	-0.27	1.08
ram	-0.27	1.04
conviction	-0.27	1.18
code	-0.27	1.44
chose	-0.27	1.10
near	-0.27	1.18
lesser	-0.27	1.25
resync	-0.27	1.16
bypass	-0.26	1.16
necro	-0.26	1.07
bms	-0.26	1.09
abilities	-0.26	1.21
mirrors	-0.26	0.95
dry	-0.26	0.88
missed	-0.26	3.53
lightning	-0.26	1.07
average	-0.26	1.81
blocks	-0.26	1.20
phase	-0.26	1.06
lowered	-0.26	1.37
identified	-0.26	1.15
based	-0.26	1.31
entered	-0.26	0.92
gc	-0.26	1.07
bitches	-0.26	1.33
beeing	-0.26	1.08
forgotten	-0.26	1.72
starts	-0.26	0.85
pros	-0.26	1.22
staffs	-0.26	1.09
exit	-0.25	1.21
exploding	-0.25	0.93
vendored	-0.25	1.02
restricted	-0.25	1.35
snap	-0.25	1.04
who	-0.25	1.58
hatred	-0.25	1.14
frost	-0.25	1.07
strand	-0.25	0.97
pass	-0.25	1.20
reflect	-0.25	1.15
ethereal	-0.25	1.11
hassle	-0.25	1.26
eclipse	-0.25	1.24
box	-0.25	1.08
totems	-0.25	1.08
improved	-0.25	1.24
os	-0.25	1.06
surge	-0.25	1.06
anger	-0.25	1.14
appears	-0.25	1.07
stand	-0.25	1.85
traders	-0.25	1.03
arpg	-0.25	1.22
downvoted	-0.25	1.66
farmed	-0.25	0.94
pieces	-0.25	1.21
racer	-0.25	0.83
implicit	-0.25	1.13
optional	-0.25	1.49
flipping	-0.25	1.04
pointed	-0.25	2.12
78	-0.25	1.01
staves	-0.25	1.09
resist	-0.25	1.09
stated	-0.25	1.87
zero	-0.24	1.59
ssd	-0.24	1.09
vision	-0.24	1.18
butthurt	-0.24	1.75
proj	-0.24	1.09
reliable	-0.24	1.43
calls	-0.24	1.02
device	-0.24	0.94
presumably	-0.24	1.56
rules	-0.24	1.20
miscreations	-0.24	1.13
archers	-0.24	1.09
placing	-0.24	1.29
scripts	-0.24	1.10
spectral	-0.24	1.13
constant	-0.24	1.15
goddamn	-0.24	1.57
locations	-0.24	1.15
gmp	-0.24	1.09
barrage	-0.24	1.09
tempest	-0.24	1.09
air	-0.24	1.02
sins	-0.24	0.95
mace	-0.24	1.11
a1	-0.24	0.96
frame	-0.24	1.10
flicker	-0.24	1.13
haste	-0.24	1.14
boosted	-0.24	1.22
onyx	-0.24	1.07
refer	-0.24	1.38
room	-0.24	1.20
shipyard	-0.24	1.00
hitting	-0.24	1.14
projectile	-0.24	1.09
inflation	-0.23	1.22
farming	-0.23	1.02
forces	-0.23	1.07
ditch	-0.23	1.19
american	-0.23	1.79
desync	-0.23	1.20
naturally	-0.23	1.13
tropical	-0.23	0.89
encourage	-0.23	1.15
reave	-0.23	1.11
additionally	-0.23	1.46
city	-0.23	0.94
resistance	-0.23	1.09
firetrap	-0.23	1.04
plans	-0.23	1.21
proven	-0.23	1.68
blue	-0.23	1.15
acts	-0.23	1.00
elements	-0.23	1.12
offset	-0.23	1.25
fought	-0.23	1.00
communication	-0.23	1.26
realm	-0.23	1.09
infinitely	-0.23	1.57
disappear	-0.23	0.94
food	-0.23	1.03
lighting	-0.23	1.07
approximately	-0.23	1.92
places	-0.23	1.20
cause	-0.23	1.17
spellcaster	-0.22	1.13
forest	-0.22	1.00
competition	-0.22	0.96
affordable	-0.22	1.42
reflects	-0.22	1.11
evangelists	-0.22	1.10
lowering	-0.22	1.25
battle	-0.22	1.11
dedicate	-0.22	1.61
collect	-0.22	1.09
herself	-0.22	0.87
confirmed	-0.22	1.24
flame	-0.22	1.04
functional	-0.22	1.31
karui	-0.22	0.99
chests	-0.22	1.12
acting	-0.22	1.36
linear	-0.22	1.09
unidentified	-0.22	1.19
blackgleam	-0.22	1.06
eu	-0.22	1.10
dc	-0.22	0.89
yours	-0.21	1.57
holding	-0.21	1.42
fellshrine	-0.21	0.94
life-based	-0.21	1.11
pol	-0.21	1.14
lgoh	-0.21	1.07
hands	-0.21	1.11
brings	-0.21	0.91
glorious	-0.21	1.10
reduce	-0.21	1.28
exclusively	-0.21	0.69
sustainable	-0.21	1.14
portals	-0.21	0.94
adaptation	-0.21	1.05
states	-0.21	2.24
purity	-0.21	1.13
striker	-0.21	1.10
scroll	-0.21	1.18
consistent	-0.21	1.47
quitting	-0.21	0.98
sarcasm	-0.21	1.84
intentional	-0.21	1.51
casting	-0.21	1.07
content	-0.21	1.02
purities	-0.21	1.11
glacial	-0.21	1.06
parts	-0.21	1.20
legitimate	-0.21	1.40
disc	-0.21	1.14
knives	-0.21	1.09
narrow	-0.21	1.13
atm	-0.21	1.93
saffel	-0.21	1.05
transmutes	-0.21	1.11
wall	-0.21	1.20
element	-0.21	1.11
bear	-0.21	1.05
using	-0.21	2.33
vitality	-0.21	1.14
normal	-0.20	0.97
depth	-0.20	1.42
continues	-0.20	1.07
decrease	-0.20	1.28
shocks	-0.20	1.08
east	-0.20	1.11
66	-0.20	0.95
discipline	-0.20	1.14
catacombs	-0.20	0.95
echo	-0.20	1.07
leeching	-0.20	1.05
wisdom	-0.20	1.11
progress	-0.20	1.04
cleave	-0.20	1.11
cold	-0.20	1.05
prevents	-0.20	1.30
grind	-0.20	1.13
coast	-0.20	0.99
clarity	-0.20	1.14
engine	-0.20	1.36
dom	-0.20	1.02
playerbase	-0.20	0.94
everybody	-0.20	1.10
sometimes	-0.20	1.35
mechanic	-0.20	1.56
bond	-0.20	1.04
stuck	-0.19	1.17
knock	-0.19	1.07
rings	-0.19	1.10
determination	-0.19	1.14
doedre	-0.19	0.98
treasure	-0.19	1.03
projectiles	-0.19	1.13
grace	-0.19	1.13
2h	-0.19	1.09
suddenly	-0.19	1.16
clicked	-0.19	1.37
ease	-0.19	1.12
redbeaks	-0.19	1.16
determine	-0.19	1.35
aura	-0.19	1.11
conc	-0.19	1.07
north	-0.19	1.10
cyclone	-0.19	1.10
exists	-0.19	1.27
individually	-0.19	1.36
cruel	-0.19	0.97
walls	-0.19	1.12
deserves	-0.19	1.16
amulets	-0.19	1.09
a3	-0.19	0.93
logout	-0.19	1.15
pet	-0.18	1.36
geared	-0.18	1.06
penalty	-0.18	1.12
feelings	-0.18	1.34
scrolls	-0.18	1.10
auras	-0.18	1.14
rushing	-0.18	1.02
buyers	-0.18	1.18
amulet	-0.18	1.06
surprise	-0.18	1.49
swing	-0.18	1.09
collection	-0.18	0.90
sb	-0.18	1.05
modified	-0.18	1.87
fire	-0.18	1.06
superior	-0.18	2.65
profit	-0.18	1.07
havent	-0.18	1.01
visual	-0.18	1.31
causing	-0.18	1.22
distribution	-0.18	1.43
potential	-0.18	1.22
names	-0.18	1.60
ft	-0.18	1.04
learning	-0.18	1.64
tri	-0.18	1.07
invasion	-0.18	0.87
difficulties	-0.17	1.02
instances	-0.17	0.99
macros	-0.17	1.14
monkeys	-0.17	1.17
resistances	-0.17	1.11
self-cast	-0.17	1.06
allowed	-0.17	1.16
repeat	-0.17	1.47
ts	-0.17	1.06
taste	-0.17	1.04
regeneration	-0.17	1.08
concentrated	-0.17	1.07
partially	-0.17	1.15
bloodseeker	-0.17	1.12
solve	-0.17	1.18
forth	-0.17	1.35
strike	-0.17	1.09
blocked	-0.16	1.20
tankiness	-0.16	1.20
carto	-0.16	1.06
logging	-0.16	1.09
pyre	-0.16	1.07
oath	-0.16	1.08
opened	-0.16	0.96
valid	-0.16	2.46
beyond	-0.16	0.99
appealing	-0.16	1.55
lifeleech	-0.16	1.07
docks	-0.16	0.93
clearly	-0.16	2.28
redbeak	-0.16	1.21
recharge	-0.16	1.03
reduced	-0.16	1.13
supposed	-0.16	2.00
dyadus	-0.16	1.12
along	-0.16	1.27
population	-0.16	0.96
meet	-0.16	1.06
pen	-0.16	1.07
wed	-0.16	1.06
activate	-0.16	1.14
scrubcore	-0.16	1.13
itself	-0.16	1.34
vp	-0.16	1.14
fa	-0.16	1.07
single-target	-0.15	1.17
replacing	-0.15	1.22
audience	-0.15	0.89
leach	-0.15	1.07
frequent	-0.15	1.15
shotgunning	-0.15	1.13
pof	-0.15	1.08
saffels	-0.15	1.05
traveling	-0.15	1.13
dynamic	-0.15	1.24
rage	-0.15	1.09
leaves	-0.15	1.07
belts	-0.15	1.15
proposed	-0.15	1.20
a2	-0.15	0.95
standing	-0.15	1.49
wands	-0.15	1.05
cartographer	-0.15	1.08
desyncs	-0.15	1.17
saffell	-0.15	1.06
monitor	-0.15	1.19
skilled	-0.15	0.98
deleted	-0.15	1.99
howl	-0.15	1.09
self	-0.15	1.06
ib	-0.15	1.10
scrap	-0.15	1.13
explicitly	-0.15	1.74
highest	-0.14	1.63
loss	-0.14	1.18
compare	-0.14	1.15
contest	-0.14	1.38
struggling	-0.14	2.08
sake	-0.14	1.23
shock	-0.14	1.08
sewers	-0.14	1.02
noticing	-0.14	1.49
regular	-0.14	1.04
merciless	-0.14	0.96
stick	-0.14	1.26
pa	-0.14	1.04
woe	-0.14	1.07
mechanism	-0.14	1.24
independent	-0.14	1.31
74	-0.14	0.99
arpgs	-0.14	1.21
rasa	-0.14	1.11
a1n	-0.14	0.95
walk	-0.14	1.29
kid	-0.14	1.24
merc	-0.14	0.95
iron	-0.14	1.03
in-game	-0.13	1.26
claws	-0.13	1.08
aa	-0.13	1.08
locked	-0.13	0.96
merci	-0.13	0.95
port	-0.13	1.04
words	-0.13	2.09
graphics	-0.13	1.13
macro	-0.13	1.17
experienced	-0.13	1.10
ghost	-0.13	1.06
quivers	-0.13	1.12
steady	-0.13	1.18
splash	-0.13	1.08
filled	-0.13	1.13
unlock	-0.13	1.02
principle	-0.13	1.41
weapons	-0.13	1.09
opposite	-0.13	1.34
dealing	-0.13	1.15
wealthy	-0.13	1.24
wanders	-0.13	1.15
further	-0.13	1.21
pressing	-0.13	1.35
boosting	-0.13	1.24
mini	-0.13	1.26
multistrike	-0.13	1.08
sword	-0.12	1.09
instance	-0.12	0.99
meaning	-0.12	1.78
leech	-0.12	1.06
unwavering	-0.12	1.07
recover	-0.12	1.04
allocated	-0.12	1.03
drag	-0.12	1.21
oro	-0.12	1.07
severely	-0.12	1.24
cartographers	-0.12	1.06
addressed	-0.12	1.33
pact	-0.12	1.08
primarily	-0.12	1.10
spellblock	-0.12	1.06
maces	-0.12	1.07
voting	-0.12	1.34
rathpith	-0.12	1.07
bind	-0.12	1.32
excluding	-0.12	1.16
grabbing	-0.12	1.06
apep	-0.12	1.06
raised	-0.12	1.09
alpha	-0.12	1.09
counting	-0.12	1.69
stance	-0.12	1.07
cutting	-0.12	1.16
shards	-0.12	1.13
auto	-0.12	1.07
searing	-0.12	1.03
mixed	-0.12	1.31
death	-0.12	1.20
risks	-0.12	1.22
queue	-0.12	1.08
guarantee	-0.12	1.13
paw	-0.12	1.07
gate	-0.12	1.00
rain	-0.12	1.05
adjust	-0.12	1.16
reserves	-0.12	1.10
acro	-0.11	1.06
handed	-0.11	1.10
run	-0.11	1.10
inherently	-0.11	1.48
improves	-0.11	1.28
wealth	-0.11	1.13
hander	-0.11	1.09
block	-0.11	1.07
green	-0.11	1.11
light	-0.11	1.06
trappers	-0.11	1.14
blow	-0.11	1.07
tight	-0.11	1.31
internal	-0.11	1.15
blender	-0.11	1.10
eb	-0.11	1.08
bloodmagic	-0.11	1.08
plate	-0.11	1.03
buzzsaw	-0.11	1.12
than	-0.11	1.60
certain	-0.11	1.51
regenerate	-0.11	1.05
swords	-0.11	1.09
define	-0.11	1.18
spell	-0.11	1.09
key	-0.11	1.36
drinker	-0.11	1.06
manual	-0.11	1.06
reaver	-0.11	1.07
ammy	-0.11	1.06
gemcutters	-0.11	1.03
attack	-0.11	1.13
tentacle	-0.11	1.17
blows	-0.11	1.05
shield	-0.11	1.07
soloing	-0.11	1.12
alt-f4	-0.11	1.15
climb	-0.10	0.96
eb/mom	-0.10	1.08
late	-0.10	1.00
properly	-0.10	1.34
misread	-0.10	3.78
call	-0.10	1.05
prism	-0.10	1.12
known	-0.10	1.21
vendor	-0.10	1.11
defences	-0.10	1.17
traded	-0.10	0.83
aof	-0.10	1.05
placed	-0.10	1.53
auxium	-0.10	1.11
plays	-0.10	2.70
inc	-0.10	1.06
anvil	-0.10	1.07
heavy	-0.10	1.12
yield	-0.10	1.24
wander	-0.10	1.13
ads	-0.10	1.04
changing	-0.10	1.14
overlap	-0.10	1.17
duration	-0.10	1.08
lazhwar	-0.09	1.07
ancestral	-0.09	0.99
handers	-0.09	1.12
dance	-0.09	1.06
failed	-0.09	1.06
survivability	-0.09	1.25
weapon	-0.09	1.11
mom	-0.09	1.07
address	-0.09	1.16
runs	-0.09	0.93
reflexes	-0.09	1.04
1h	-0.09	1.09
immortal	-0.09	1.06
bm	-0.09	1.08
suicide	-0.09	1.32
bino	-0.09	1.09
stops	-0.09	0.96
advantages	-0.09	1.34
melee	-0.09	1.09
ic	-0.09	1.06
bar	-0.09	1.38
setups	-0.09	1.19
harm	-0.09	1.27
rotp	-0.09	1.04
reserve	-0.09	1.10
throw	-0.09	1.05
circles	-0.09	1.21
progressing	-0.09	1.13
3l	-0.09	1.08
mitigated	-0.09	1.09
range	-0.09	1.19
available	-0.09	1.28
aoe	-0.09	1.11
giant	-0.09	1.42
zoom	-0.09	1.17
experiences	-0.09	1.15
buffs	-0.08	1.17
system	-0.08	1.23
threshold	-0.08	1.10
she	-0.08	0.80
trust	-0.08	1.08
eternals	-0.08	1.13
dual	-0.08	1.12
cutter	-0.08	1.23
experience	-0.08	1.03
rant	-0.08	1.69
named	-0.08	1.04
moved	-0.08	1.11
arctic	-0.08	1.06
loading	-0.08	1.10
unknown	-0.08	1.12
ninja	-0.08	2.66
app	-0.08	1.31
brand	-0.08	0.82
entire	-0.08	1.21
rainbowstrides	-0.08	1.07
globe	-0.08	1.06
inventory	-0.08	1.12
blind	-0.08	1.06
exchange	-0.08	1.01
pcoc	-0.08	1.05
casted	-0.08	1.07
rise	-0.08	1.04
defenses	-0.08	1.18
gemcutter	-0.08	1.04
screens	-0.08	1.06
timed	-0.08	1.07
dodge	-0.08	1.02
lc	-0.08	1.06
ec	-0.08	1.07
dieing	-0.08	1.16
cry	-0.08	1.05
chin	-0.08	1.15
alphas	-0.08	1.11
needs	-0.08	0.89
perform	-0.07	1.14
sigh	-0.07	1.64
non	-0.07	1.14
income	-0.07	1.14
quickly	-0.07	1.33
increase	-0.07	1.22
ir	-0.07	1.05
sol	-0.07	1.14
bows	-0.07	1.03
defence	-0.07	1.20
infinite	-0.07	1.77
acrobatics	-0.07	1.05
4x	-0.07	1.12
claw	-0.07	1.10
worried	-0.07	2.81
tl	-0.07	0.95
door	-0.07	1.02
entropy	-0.07	1.06
3x	-0.07	1.11
solely	-0.07	1.08
daggers	-0.07	1.05
evade	-0.07	1.04
st	-0.07	1.08
flameblaster	-0.07	1.07
piece	-0.07	1.73
teach	-0.07	1.26
dmg	-0.06	1.06
ondar	-0.06	1.02
caught	-0.06	1.06
precious	-0.06	1.24
region	-0.06	1.13
cloak	-0.06	1.07
fury	-0.06	1.05
doubles	-0.06	1.23
eye	-0.06	1.07
strikes	-0.06	1.05
trend	-0.06	1.10
zealot	-0.06	1.07
rank	-0.06	0.85
cwdt	-0.06	1.07
returns	-0.06	1.19
refund	-0.06	1.20
shell	-0.06	1.06
guile	-0.06	1.02
aegis	-0.06	1.07
script	-0.06	1.12
procs	-0.06	1.07
latest	-0.06	0.99
atk	-0.06	1.06
introduction	-0.06	0.98
engage	-0.06	0.99
utility	-0.06	1.23
pick	-0.06	1.05
blood	-0.06	1.08
mitigating	-0.06	1.15
resolute	-0.06	1.03
suit	-0.06	1.00
keystone	-0.06	1.06
shocking	-0.06	1.09
max	-0.06	1.08
currencies	-0.06	1.09
rate	-0.06	1.09
extent	-0.06	1.25
portal	-0.06	0.96
stack	-0.06	1.13
72	-0.06	1.01
picking	-0.06	1.21
casual	-0.06	0.79
replying	-0.06	2.30
eva	-0.05	1.07
incoming	-0.05	1.08
life/mana	-0.05	1.03
gamers	-0.05	0.81
tied	-0.05	1.28
converting	-0.05	1.06
bloodrage	-0.05	1.09
regard	-0.05	1.14
axes	-0.05	1.00
prevent	-0.05	1.14
wield	-0.05	1.12
chinese	-0.05	1.64
safely	-0.05	1.17
torture	-0.05	1.06
spin	-0.05	1.10
technique	-0.05	1.03
examples	-0.05	1.43
load	-0.05	1.06
editing	-0.05	1.85
tradeoff	-0.05	1.43
fb	-0.05	1.05
occasionally	-0.05	1.10
lvl20	-0.05	1.06
supply	-0.05	1.11
coc	-0.05	1.07
statistics	-0.05	1.82
behind	-0.05	1.23
dominating	-0.05	1.06
memory	-0.05	1.07
reality	-0.05	1.23
involves	-0.05	1.16
method	-0.05	1.37
argue	-0.05	1.68
grab	-0.05	1.05
lunaris	-0.05	0.99
dw	-0.05	1.10
dagger	-0.05	1.07
leaving	-0.04	1.00
imho	-0.04	1.50
slots	-0.04	1.15
personal	-0.04	1.40
timing	-0.04	1.42
bases	-0.04	1.14
coil	-0.04	1.06
aurora	-0.04	1.07
67	-0.04	0.97
enduring	-0.04	1.06
putting	-0.04	1.21
res	-0.04	1.04
tp	-0.04	1.02
chance	-0.04	1.05
mmo	-0.04	1.13
life	-0.04	1.07
ondars	-0.04	1.02
occur	-0.04	1.21
carnage	-0.04	1.06
improving	-0.04	1.14
cybil	-0.04	1.07
rainbowstride	-0.04	1.07
said	-0.04	1.90
designed	-0.04	1.50
marohi	-0.04	1.04
71	-0.04	0.98
stopped	-0.04	1.07
perma	-0.04	0.87
issues	-0.04	1.24
produce	-0.04	1.23
gaming	-0.04	0.84
rt	-0.04	1.03
existing	-0.04	1.11
salty	-0.04	2.58
struggle	-0.04	1.22
evasion	-0.04	1.07
losing	-0.04	1.62
resists	-0.04	1.09
changes	-0.04	1.02
formula	-0.04	2.41
whole	-0.04	1.33
pushing	-0.04	1.24
stands	-0.04	1.76
selection	-0.04	1.21
feasible	-0.04	1.36
whoever	-0.04	0.95
games	-0.04	0.99
innate	-0.04	0.89
nvidia	-0.04	1.03
75	-0.03	1.02
oos	-0.03	1.16
subreddit	-0.03	1.51
realistic	-0.03	1.13
champion	-0.03	0.92
f2p	-0.03	0.80
spots	-0.03	1.20
target	-0.03	1.16
crits	-0.03	1.06
codt	-0.03	1.06
swapped	-0.03	1.09
health	-0.03	1.14
foil	-0.03	0.94
69	-0.03	0.99
multi	-0.03	1.05
alching	-0.03	1.08
importantly	-0.03	0.75
fall	-0.03	1.13
depending	-0.03	1.04
tough	-0.03	2.06
attempt	-0.03	1.07
minus	-0.03	1.08
vast	-0.03	1.26
interaction	-0.03	1.08
running	-0.03	1.72
regen	-0.03	1.06
frames	-0.03	1.07
waypoint	-0.03	1.09
wp	-0.03	1.02
debate	-0.03	1.58
calculator	-0.03	1.84
native	-0.03	2.12
scraps	-0.03	1.05
versions	-0.03	1.27
wielding	-0.02	1.09
votes	-0.02	1.45
mindset	-0.02	1.13
forcing	-0.02	0.99
converts	-0.02	1.02
setup	-0.02	1.07
twilight	-0.02	1.01
stress	-0.02	1.14
molten	-0.02	1.06
log	-0.02	1.06
entertaining	-0.02	1.41
protector	-0.02	1.04
duel	-0.02	1.07
crashed	-0.02	1.02
mortal	-0.02	1.09
77	-0.02	1.00
shavronne	-0.02	1.20
ev	-0.02	1.07
life/es	-0.02	1.08
act	-0.02	0.87
defiance	-0.02	1.06
white	-0.02	1.13
78s	-0.02	1.00
increases	-0.02	1.20
naked	-0.02	1.07
kalandra	-0.02	1.18
picks	-0.02	2.62
divine	-0.02	1.06
tabula	-0.02	1.16
mentality	-0.02	1.03
host	-0.02	1.01
attacks	-0.02	1.06
axe	-0.01	1.01
color	-0.01	1.14
chase	-0.01	1.18
caps	-0.01	1.06
programs	-0.01	1.11
market	-0.01	1.01
flip	-0.01	1.02
whichever	-0.01	1.33
stash	-0.01	1.08
ci	-0.01	1.10
requiring	-0.01	1.17
76	-0.01	1.00
laughing	-0.01	1.68
cooldown	-0.01	1.03
downtime	-0.01	0.99
estimate	-0.01	2.03
sweep	-0.01	1.06
cheapest	-0.01	3.03
family	-0.01	1.29
involved	-0.01	1.09
risk	-0.01	1.11
bor	-0.01	1.07
ledge	-0.01	0.82
triggers	-0.01	1.07
include	-0.01	1.14
client	-0.01	1.14
endurance	-0.01	1.02
triggered	-0.01	1.09
priority	-0.01	1.18
solaris	-0.01	1.13
reserving	-0.01	1.16
fish	-0.01	1.31
windripper	-0.01	1.07
optimize	-0.01	1.27
value	-0.01	1.15
magic	-0.01	1.08
press	-0.00	1.34
control	-0.00	1.16
cast	-0.00	1.07
start	-0.00	1.04
pure	-0.00	1.15
clock	-0.00	1.26
mantle	-0.00	1.15
grip	-0.00	1.05
punishment	-0.00	1.02
mitigation	-0.00	1.11
guessing	-0.00	2.41
worthwhile	0.00	1.43
vastly	0.00	1.43
described	0.00	1.50
towns	0.00	0.86
cd	0.00	1.03
gap	0.00	1.04
maps	0.00	1.00
login	0.00	1.23
fancy	0.00	1.21
wasting	0.00	1.31
automatic	0.00	1.09
specifically	0.00	1.82
reserved	0.00	1.09
boosts	0.00	1.19
quantity	0.00	1.01
ungil	0.00	1.12
fashion	0.00	1.30
6ls	0.00	1.10
conversion	0.00	1.05
crit	0.00	1.03
volls	0.01	1.03
spiders	0.01	1.21
form	0.01	1.11
ar	0.01	1.08
knife	0.01	1.05
older	0.01	1.09
learn	0.01	1.60
avatar	0.01	1.02
flavour	0.01	1.10
quant	0.01	0.99
counts	0.01	1.12
atmosphere	0.01	0.93
depends	0.01	1.21
strictly	0.01	1.16
accuracy	0.01	1.06
tabs	0.01	1.07
common	0.01	1.49
tileset	0.01	0.86
limitations	0.01	1.23
relies	0.01	1.04
basicly	0.01	1.19
leads	0.01	1.15
writing	0.01	1.41
field	0.01	1.23
banquet	0.01	1.02
voll	0.01	1.04
overhaul	0.01	1.09
windows	0.01	1.04
downvotes	0.01	1.47
mitigate	0.01	1.11
mana	0.01	1.08
pro	0.01	0.81
explained	0.01	1.59
hence	0.01	1.87
effectiveness	0.02	1.14
safety	0.02	1.27
keystones	0.02	1.08
paradise	0.02	1.03
thick	0.02	1.12
1.3	0.02	0.91
hits	0.02	1.08
individual	0.02	1.17
protection	0.02	1.11
whereas	0.02	1.12
tab	0.02	1.10
physical	0.02	1.08
drop	0.02	1.04
aurumvorax	0.02	1.10
soultaker	0.02	1.11
opens	0.02	0.86
fracturing	0.02	0.82
fm	0.02	1.34
solves	0.02	1.22
forced	0.02	1.14
margin	0.02	1.06
brick	0.02	1.08
component	0.02	1.14
energy	0.02	1.06
supposedly	0.02	1.13
discharge	0.02	1.03
graph	0.02	1.28
reflected	0.02	1.07
damage	0.02	1.08
focus	0.02	1.16
approach	0.02	1.14
bringing	0.02	1.12
lives	0.02	1.03
discharger	0.02	1.04
handled	0.02	1.17
covered	0.02	1.37
stage	0.02	0.83
cartos	0.02	1.00
ghudda	0.02	1.12
reservation	0.02	1.08
attackspeed	0.03	1.05
romira	0.03	1.02
arguably	0.03	1.54
town	0.03	0.95
lines	0.03	1.51
warning	0.03	1.20
describe	0.03	1.26
chisels	0.03	1.02
dump	0.03	1.01
anyhow	0.03	1.51
primary	0.03	1.31
68	0.03	1.01
ahk	0.03	1.09
maintaining	0.03	1.26
brought	0.03	1.23
transmute	0.03	1.09
xp	0.03	1.02
cap	0.03	1.06
boots	0.03	1.07
private	0.03	1.72
60	0.03	1.04
ilvl	0.03	1.04
notable	0.04	1.13
chicken	0.04	1.04
availability	0.04	1.11
grinding	0.04	0.90
reduction	0.04	1.10
added	0.04	1.07
hit	0.04	1.11
rhoa	0.04	1.13
thus	0.04	1.28
quote	0.04	1.86
convinced	0.04	2.57
characters	0.04	0.91
determined	0.04	1.20
peoples	0.04	1.21
rare	0.04	1.22
maligaros	0.04	1.10
reg	0.04	1.05
es	0.04	1.07
golden	0.04	1.48
gloves	0.04	1.12
safe	0.04	1.36
drawbacks	0.04	1.21
red	0.04	1.05
front	0.04	1.33
chrome	0.04	1.10
explains	0.04	1.88
grammar	0.04	3.30
alteration	0.04	1.06
wand	0.04	1.03
temp	0.04	0.85
20/20	0.04	1.07
discussed	0.04	1.31
triggering	0.05	1.06
revelry	0.05	1.08
dips	0.05	1.09
phys	0.05	1.06
sample	0.05	1.53
73	0.05	1.02
paste	0.05	1.29
diminishing	0.05	1.19
weight	0.05	1.14
attunement	0.05	1.18
low-life	0.05	1.20
colors	0.05	1.12
armour	0.05	1.06
user	0.05	1.16
trees	0.05	1.20
noticed	0.05	1.28
seller	0.05	1.18
cover	0.05	1.11
recipes	0.05	1.22
layout	0.05	0.86
fixes	0.05	1.20
bam	0.05	0.88
lowlife	0.05	1.19
neck	0.05	1.07
ratio	0.05	0.91
enabling	0.05	1.25
f4	0.05	1.12
text	0.05	1.57
views	0.05	1.27
jeweler	0.05	1.01
fill	0.05	1.05
refresh	0.05	0.95
proc	0.05	1.09
divines	0.05	1.01
else	0.05	1.52
mfing	0.06	0.91
daresso	0.06	1.03
stacking	0.06	1.09
colours	0.06	1.11
lioneye	0.06	1.04
forms	0.06	1.13
delay	0.06	1.10
screen	0.06	1.20
drain	0.06	1.08
colour	0.06	1.14
substantial	0.06	1.52
21	0.06	1.04
chromatic	0.06	1.05
scene	0.06	0.83
kinda	0.06	1.66
frenzy	0.06	1.03
rainbow	0.06	1.06
4l	0.06	1.04
school	0.06	1.21
react	0.06	1.14
appear	0.06	0.81
sets	0.06	1.00
blank	0.06	1.14
tick	0.06	1.09
switching	0.06	1.23
prison	0.06	1.10
generating	0.06	1.03
sustaining	0.06	1.08
39	0.07	1.01
allies	0.07	1.14
sorted	0.07	1.21
garena	0.07	0.93
84	0.07	1.13
pretend	0.07	1.44
taryn	0.07	1.01
bringer	0.07	1.06
desired	0.07	1.19
acc	0.07	1.02
70	0.07	1.01
iir/iiq	0.07	0.96
previously	0.07	1.16
attention	0.07	1.36
calculate	0.07	2.30
infernal	0.07	1.06
leather	0.07	1.10
61	0.07	1.04
fishing	0.07	1.35
acuity	0.07	1.31
jeweller	0.07	1.02
edit2	0.07	3.21
whetstones	0.07	1.07
41	0.07	1.01
transition	0.07	0.93
raw	0.07	1.53
alc	0.07	1.02
functions	0.07	1.18
implies	0.07	2.79
racers	0.07	0.83
rerolling	0.07	1.28
59	0.07	1.00
pledge	0.07	1.03
drops	0.07	1.01
consequences	0.07	1.35
49	0.07	0.99
partying	0.07	1.04
ranged	0.07	1.19
chromatics	0.07	1.05
patched	0.07	1.00
void	0.08	1.04
pdps	0.08	1.00
ctrl	0.08	1.39
deep	0.08	1.25
swapping	0.08	1.20
46	0.08	0.99
35	0.08	1.03
devotion	0.08	1.04
vendors	0.08	0.99
prefer	0.08	1.13
58	0.08	0.99
passive	0.08	1.04
70s	0.08	1.00
armor/es	0.08	1.15
57	0.08	1.00
europe	0.08	1.08
eg	0.08	1.13
specced	0.08	1.05
obtain	0.08	1.16
vary	0.08	1.12
alterations	0.08	1.03
ideally	0.08	1.27
endgame	0.08	1.14
everyone	0.08	1.09
mf	0.08	0.94
merely	0.08	1.88
concerned	0.08	2.73
url	0.08	1.31
disadvantage	0.08	1.23
barrier	0.08	1.07
rod	0.08	1.31
chamber	0.08	0.98
forward	0.08	1.37
iirc	0.08	1.64
iir	0.08	0.95
fuse	0.09	1.05
prioritize	0.09	1.09
description	0.09	2.05
facebreaker	0.09	1.04
improvement	0.09	1.18
action	0.09	0.97
arm	0.09	1.08
47	0.09	0.99
unreserved	0.09	1.08
arena	0.09	0.90
converted	0.09	1.06
sync	0.09	1.17
row	0.09	1.02
52	0.09	0.99
dexterity	0.09	1.04
empower	0.09	1.05
shackles	0.09	1.14
pricing	0.09	1.07
error	0.09	3.19
sink	0.09	1.18
defense	0.09	1.17
resulting	0.09	1.18
begin	0.09	1.06
odds	0.09	1.12
toons	0.09	0.93
53	0.09	1.00
without	0.09	1.21
closest	0.09	2.78
mission	0.10	1.06
potato	0.10	1.10
seed	0.10	0.80
cluster	0.10	1.10
section	0.10	1.17
ias	0.10	1.05
48	0.10	0.98
implementing	0.10	1.33
relying	0.10	1.18
charges	0.10	1.02
jewellers	0.10	1.01
i.e	0.10	1.10
rating	0.10	1.04
wrappings	0.10	1.16
updates	0.10	0.97
eternal	0.10	1.05
pools	0.10	1.16
upvotes	0.10	1.45
chanced	0.10	0.99
1.2	0.10	0.90
focused	0.10	1.10
poe	0.10	1.18
43	0.10	1.00
mjolner	0.10	1.11
read	0.10	1.60
aurseize	0.10	0.98
socket	0.10	1.06
adapt	0.10	1.09
grabbed	0.10	1.04
dip	0.10	1.09
outcome	0.10	1.26
37	0.10	0.99
understood	0.10	1.55
building	0.10	1.63
alts	0.10	1.03
hand	0.10	1.38
98	0.10	1.05
version	0.10	0.98
resort	0.10	1.08
affecting	0.10	1.09
power	0.10	1.01
nest	0.10	1.06
directly	0.10	1.17
function	0.10	1.21
figuring	0.10	1.67
chroms	0.10	1.03
170	0.10	1.02
recent	0.11	1.08
card	0.11	1.03
51	0.11	1.00
wts	0.11	1.37
walked	0.11	1.16
6th	0.11	1.03
97	0.11	1.05
fewer	0.11	1.38
levelling	0.11	1.08
tweaking	0.11	1.11
casts	0.11	1.01
rarely	0.11	1.14
alchemy	0.11	1.04
54	0.11	1.00
38	0.11	0.99
goldwyrm	0.11	0.98
length	0.11	0.99
worrying	0.11	1.31
mult	0.11	1.02
tune	0.11	1.08
jewelers	0.11	1.02
capped	0.11	1.07
bank	0.11	0.92
armor	0.11	1.07
ehp	0.11	1.16
drawback	0.11	1.23
doing	0.11	2.22
necessary	0.11	1.36
sockets	0.11	1.06
convert	0.11	0.98
effect	0.11	1.07
56	0.11	1.00
coe	0.11	1.18
enhance	0.11	1.03
interface	0.11	1.05
testing	0.11	1.45
voltaxic	0.11	1.04
fusing	0.11	1.01
whatsoever	0.11	1.42
hover	0.11	1.31
significantly	0.11	1.49
maligaro	0.12	1.04
reasonable	0.12	1.43
p2w	0.12	0.88
apparently	0.12	2.65
visit	0.12	1.05
suspect	0.12	1.09
affected	0.12	1.18
dragons	0.12	1.07
sheet	0.12	2.13
features	0.12	1.04
increased	0.12	1.09
spare	0.12	1.31
beast	0.12	1.06
eyes	0.12	1.18
alchs	0.12	1.01
crown	0.12	1.16
outside	0.12	1.11
gotten	0.12	1.14
94	0.12	1.08
fun	0.12	1.47
q20	0.12	1.06
fresh	0.12	0.89
4link	0.12	1.03
gamble	0.12	1.10
years	0.12	1.19
34	0.12	1.00
dropping	0.12	1.39
doom	0.12	1.13
problems	0.12	1.26
displayed	0.12	1.92
shavs	0.12	1.14
chromes	0.12	1.00
planning	0.12	2.25
solo	0.12	0.85
type	0.12	1.09
critical	0.12	1.02
generic	0.12	1.13
slot	0.12	1.12
theorycraft	0.12	1.40
ilevel	0.12	1.07
recall	0.12	1.17
general	0.12	1.07
2/3	0.13	0.92
priced	0.13	1.12
turbo	0.13	0.95
taker	0.13	1.04
cater	0.13	0.76
survive	0.13	1.15
generate	0.13	1.02
menu	0.13	1.39
buyer	0.13	1.12
125	0.13	1.02
jump	0.13	1.05
boot	0.13	1.07
tweaks	0.13	1.14
website	0.13	1.11
rolling	0.13	1.15
consistently	0.13	1.08
empty	0.13	1.00
twitch	0.13	1.12
gamer	0.13	0.64
5x	0.13	0.93
passives	0.13	1.08
divinarius	0.13	1.05
recipe	0.13	1.14
upside	0.13	1.25
44	0.13	1.00
streaming	0.13	1.01
effective	0.13	1.49
replace	0.13	1.05
reset	0.13	0.98
gcp	0.13	1.01
belly	0.13	1.04
clients	0.13	1.09
2x	0.13	1.02
occasional	0.13	1.48
improve	0.13	1.17
benefits	0.13	1.20
shav	0.13	1.13
actively	0.13	1.07
expansion	0.13	1.56
regals	0.13	1.00
tweak	0.13	1.13
survived	0.14	0.89
deleting	0.14	1.57
created	0.14	0.99
manually	0.14	1.13
kaom	0.14	1.05
lvl	0.14	1.15
guilds	0.14	0.84
95	0.14	1.04
install	0.14	0.93
slightly	0.14	1.51
mjolnir	0.14	1.12
intense	0.14	1.35
leeched	0.14	1.05
variant	0.14	0.95
respeccing	0.14	1.07
45	0.14	1.00
taming	0.14	1.03
belt	0.14	1.10
accident	0.14	1.04
proof	0.14	1.46
download	0.14	1.04
89	0.14	1.16
speccing	0.14	1.31
carcass	0.14	1.03
5s	0.14	1.02
drawing	0.14	1.85
goal	0.14	1.24
135	0.14	0.89
history	0.14	1.37
largely	0.14	1.42
invitation	0.14	1.05
79	0.14	1.08
gets	0.14	0.96
55	0.14	1.01
minimal	0.14	1.75
rat	0.14	1.06
local	0.14	1.02
saved	0.14	1.26
91	0.14	1.17
glare	0.14	0.99
counted	0.14	1.31
shavronnes	0.15	1.18
reach	0.15	0.98
levels	0.15	0.99
software	0.15	1.03
orbs	0.15	1.01
prices	0.15	1.05
standalone	0.15	0.95
maxed	0.15	1.07
23	0.15	1.01
62	0.15	1.03
leveling	0.15	1.06
rift	0.15	0.99
leader	0.15	1.03
abyssus	0.15	1.04
wearing	0.15	1.15
effectively	0.15	1.28
downloaded	0.15	0.89
hammer	0.15	1.08
koams	0.15	1.05
taken	0.15	1.08
dudes	0.15	1.42
tools	0.15	1.12
mentioned	0.15	1.75
spot	0.15	1.55
qual	0.15	1.05
nowhere	0.15	1.21
scouring	0.15	1.00
attempted	0.15	1.00
modify	0.15	1.12
orange	0.16	1.06
5000	0.16	1.09
bright	0.16	1.00
orb	0.16	1.03
solutions	0.16	1.28
alch	0.16	1.05
bannable	0.16	1.21
exp	0.16	0.97
typing	0.16	1.65
exalted	0.16	0.98
uses	0.16	2.60
fuses	0.16	1.02
leveled	0.16	0.99
automated	0.16	1.17
patches	0.16	0.95
exile	0.16	0.85
majority	0.16	0.94
trial	0.16	1.01
impact	0.16	1.22
rerolled	0.16	0.96
fusings	0.16	1.02
jack	0.16	1.02
attribute	0.16	1.08
constantly	0.16	1.06
skilltree	0.16	1.13
80	0.16	1.05
100	0.16	1.01
taiwan	0.16	0.90
automatically	0.16	0.97
damages	0.16	1.12
realized	0.16	2.54
chest	0.16	1.13
aps	0.16	0.83
rarity	0.16	0.99
raising	0.16	1.05
700	0.16	1.09
200	0.16	1.01
85	0.16	1.14
99	0.16	1.00
offline	0.16	1.09
appeal	0.16	0.74
everytime	0.16	0.98
lead	0.16	1.12
link	0.16	1.12
opinions	0.17	1.58
choice	0.17	1.44
shops	0.17	1.08
1500	0.17	1.07
window	0.17	1.27
recognize	0.17	1.23
applying	0.17	1.18
images	0.17	1.36
kidding	0.17	1.71
static	0.17	1.05
350	0.17	1.01
selling	0.17	0.85
3000	0.17	1.02
ensure	0.17	1.10
50	0.17	1.02
surprised	0.17	2.66
110	0.17	1.01
1:1	0.17	0.98
responding	0.17	2.01
staff	0.17	0.99
240	0.17	1.02
63	0.17	1.04
doon	0.17	1.03
culler	0.17	0.92
kinds	0.17	1.37
upon	0.17	1.06
36	0.17	1.00
reaper	0.17	0.91
requirements	0.17	1.09
players	0.17	0.80
180	0.17	1.02
90	0.17	1.03
drastically	0.17	1.18
links	0.17	1.04
120	0.17	1.02
offensive	0.17	1.27
item	0.17	1.09
450	0.17	0.99
87	0.17	1.14
purposes	0.17	1.33
iiq	0.17	0.97
experimenting	0.18	1.59
across	0.18	1.01
kaoms	0.18	1.07
requirement	0.18	1.09
line	0.18	1.09
160	0.18	1.02
nemesis	0.18	0.76
250	0.18	1.01
6s	0.18	1.02
soul	0.18	0.98
culling	0.18	0.94
300	0.18	1.01
respectively	0.18	1.29
220	0.18	1.01
400	0.18	1.01
qol	0.18	1.15
drivers	0.18	1.01
commented	0.18	1.66
google	0.18	1.33
taking	0.18	1.43
buyouts	0.18	1.10
31	0.18	1.01
racing	0.18	0.81
theorycrafting	0.18	1.62
heart	0.18	1.02
catarina	0.18	0.88
130	0.18	1.02
150	0.18	1.02
thankfully	0.18	0.94
chancing	0.18	1.01
calculated	0.18	2.24
83	0.18	1.17
company	0.18	0.95
bulk	0.18	0.97
opposed	0.18	1.16
artic	0.18	1.07
pre	0.18	0.85
becoming	0.18	1.37
jokes	0.18	1.57
stat	0.18	1.07
5l	0.18	1.02
evil	0.18	1.40
himself	0.19	0.94
permanently	0.19	0.85
29	0.19	1.00
revealed	0.19	1.40
builds	0.19	1.29
preference	0.19	1.12
body	0.19	1.11
brilliant	0.19	2.54
choose	0.19	1.05
level	0.19	1.01
32	0.19	1.00
quality	0.19	1.05
poexyz	0.19	1.07
topic	0.19	1.53
factors	0.19	1.14
talent	0.19	0.92
enter	0.19	1.11
140	0.19	1.01
geofri	0.19	1.12
lv	0.19	1.12
1.1	0.19	0.86
4-link	0.19	1.06
gem	0.19	1.07
42	0.19	0.99
1.2.0	0.19	0.92
improvements	0.19	1.15
96	0.19	1.09
divination	0.19	0.97
64	0.19	1.03
steam	0.19	0.88
charge	0.19	1.01
lorica	0.20	1.20
vod	0.20	1.07
wondering	0.20	2.32
defensive	0.20	1.29
fear	0.20	1.13
req	0.20	1.07
bunch	0.20	1.41
useful	0.20	1.50
page	0.20	1.35
pages	0.20	1.22
93	0.20	1.05
88	0.20	1.11
bandits	0.20	0.97
mfer	0.20	0.92
helm	0.20	1.12
mapping	0.20	1.02
exalt	0.20	0.98
reached	0.20	0.89
wraeclast	0.20	0.95
25	0.20	1.02
92	0.20	1.11
wear	0.20	1.09
player	0.20	0.79
33	0.20	0.99
attributes	0.20	1.07
cut	0.20	1.15
5link	0.20	1.02
sell	0.20	0.93
noobs	0.20	1.15
sustained	0.20	1.50
spec	0.20	1.07
raiz	0.20	1.14
signature	0.21	0.79
secret	0.21	1.13
similarly	0.21	1.33
rely	0.21	1.08
yolo	0.21	1.07
hideout	0.21	0.92
fell	0.21	0.87
variety	0.21	1.32
attached	0.21	0.97
65	0.21	1.02
chaos	0.21	0.98
been	0.21	1.05
laughed	0.21	1.56
push	0.21	1.05
dex	0.21	1.07
speaking	0.21	1.73
regrets	0.21	1.01
seen	0.21	1.03
fee	0.21	1.02
frustration	0.21	1.19
stone	0.21	1.09
hybrid	0.21	1.06
maxing	0.21	1.19
17	0.21	1.00
head	0.21	1.07
transaction	0.21	1.08
tags	0.21	1.25
scaled	0.21	1.17
while	0.21	1.13
6l	0.21	1.03
500	0.21	1.02
highlight	0.21	1.04
web	0.21	1.15
chisel	0.21	1.06
toon	0.21	0.99
challenges	0.21	1.10
lowest	0.21	1.15
written	0.21	1.61
picked	0.21	0.99
tier	0.21	1.09
explaining	0.21	1.70
low-level	0.21	0.97
prepared	0.21	1.45
generated	0.21	1.02
handle	0.21	1.12
cost	0.21	1.11
promise	0.22	1.03
600	0.22	1.03
amount	0.22	1.15
acquired	0.22	0.96
900	0.22	1.03
instantly	0.22	1.07
sends	0.22	0.94
price	0.22	1.01
success	0.22	1.21
et/ex	0.22	1.07
post	0.22	2.09
doable	0.22	1.43
messing	0.22	1.23
downside	0.22	1.23
800	0.22	1.02
26	0.22	0.99
tag	0.22	1.38
supporters	0.22	0.97
getting	0.22	1.91
aimed	0.22	0.85
considerably	0.22	1.43
1200	0.22	1.02
percent	0.22	1.06
relevant	0.22	1.34
spent	0.22	1.18
achieve	0.22	1.44
introduced	0.22	0.95
upgraded	0.22	1.07
27	0.22	0.99
modifier	0.22	1.15
equipped	0.22	1.07
1000	0.22	1.05
character	0.22	0.92
cookie	0.22	1.19
budget	0.22	1.28
attempting	0.22	1.16
40	0.22	1.02
scratch	0.22	1.15
previous	0.22	1.31
existed	0.22	0.89
accumulate	0.22	1.06
differently	0.23	1.49
stays	0.23	0.91
substantially	0.23	1.27
maximum	0.23	1.02
86	0.23	1.08
unlimited	0.23	1.38
hideouts	0.23	0.94
str	0.23	1.07
int	0.23	1.07
easily	0.23	1.18
tora	0.23	0.86
19	0.23	1.01
nearly	0.23	1.38
harbinger	0.23	1.08
chars	0.23	0.86
community	0.23	1.17
delete	0.23	1.16
ladder	0.23	0.78
disabled	0.23	1.10
child	0.23	1.24
trouble	0.23	1.68
economies	0.23	0.78
hell	0.23	1.62
into	0.23	1.14
concept	0.23	1.37
associated	0.23	1.32
application	0.23	1.17
investment	0.23	1.14
22	0.23	1.00
requires	0.23	1.09
live	0.23	1.01
trading	0.23	1.10
costs	0.23	0.97
24	0.23	1.00
base	0.23	1.04
remaining	0.24	1.10
build	0.24	1.11
resolution	0.24	1.11
upcoming	0.24	0.96
respecced	0.24	0.95
lioneyes	0.24	1.26
manner	0.24	1.39
investing	0.24	1.21
rekt	0.24	1.49
database	0.24	1.24
flair	0.24	2.17
vorici	0.24	0.87
circle	0.24	1.20
perandus	0.24	1.01
poe.xyz	0.24	1.04
loads	0.24	1.29
represent	0.24	0.99
buying	0.24	1.01
onto	0.24	1.14
serves	0.24	1.04
xyz	0.24	1.04
member	0.24	0.92
avg	0.24	0.88
saving	0.24	1.15
chaining	0.24	1.14
less	0.25	1.50
seasons	0.25	0.79
secondary	0.25	1.35
swap	0.25	1.01
new	0.25	0.88
inspired	0.25	1.28
procurement	0.25	1.04
folder	0.25	1.03
invested	0.25	1.18
aug	0.25	1.06
file	0.25	1.09
exalts	0.25	0.92
sign	0.25	1.15
supports	0.25	1.10
medium	0.25	1.27
1.1.0	0.25	0.93
toss	0.25	1.04
pool	0.25	1.13
bonuses	0.25	1.13
update	0.25	0.95
methods	0.25	1.19
patch	0.25	0.95
streak	0.25	1.08
shop	0.25	1.12
offhand	0.25	1.39
reliably	0.25	1.17
spending	0.25	1.16
char	0.25	0.96
stats	0.25	1.13
elite	0.25	1.04
rates	0.26	1.14
spreadsheet	0.26	2.10
scaling	0.26	1.11
repeatedly	0.26	1.05
became	0.26	1.32
ve	0.26	1.17
haku	0.26	0.88
cycle	0.26	0.94
scour	0.26	1.03
rep	0.26	0.94
min	0.26	0.75
suggest	0.26	1.62
undying	0.26	1.15
manifesto	0.26	1.52
capping	0.26	1.22
favour	0.26	0.94
space	0.26	1.08
aka	0.26	1.02
doubled	0.26	1.80
sustain	0.26	1.12
ending	0.26	0.76
ipd	0.26	1.05
occurs	0.26	1.02
softcore	0.26	0.75
ways	0.26	1.29
via	0.26	1.06
4000	0.26	1.00
cull	0.26	0.94
upgrades	0.26	1.14
aim	0.26	1.16
7	0.26	0.85
perm	0.26	0.81
selected	0.26	1.16
goals	0.26	1.15
domination	0.26	0.74
onslaught	0.26	0.77
viewers	0.26	0.97
somebody	0.27	0.87
functionality	0.27	1.11
levelled	0.27	0.94
happens	0.27	1.21
science	0.27	1.14
prior	0.27	0.91
listing	0.27	1.07
battery	0.27	1.08
installed	0.27	0.87
accepted	0.27	1.23
ive	0.27	1.04
unable	0.27	1.13
multiplier	0.27	1.12
suggested	0.27	1.34
achieved	0.27	0.95
4-month	0.27	0.77
utilize	0.27	1.12
parent	0.27	0.79
regal	0.27	1.05
cases	0.27	1.51
total	0.27	1.07
open	0.27	0.77
such	0.27	1.31
instead	0.27	1.21
downsides	0.27	1.24
object	0.27	1.21
buyout	0.27	1.05
someone	0.27	0.93
warrior	0.27	0.78
linked	0.27	1.06
forsaken	0.27	0.98
linking	0.27	1.07
wiki	0.27	1.69
devs	0.27	1.07
vagan	0.27	0.87
admittedly	0.27	1.18
traditional	0.27	0.96
their	0.27	1.15
number	0.27	1.24
boost	0.27	1.13
bubble	0.27	1.06
elreon	0.27	0.86
online	0.28	0.85
permanent	0.28	0.79
itemlevel	0.28	1.06
making	0.28	1.53
compete	0.28	0.92
exalting	0.28	1.04
cents	0.28	1.36
audio	0.28	1.19
poe.xyz.is	0.28	1.05
andvarius	0.28	0.99
logs	0.28	0.97
tiers	0.28	1.07
program	0.28	1.06
dealt	0.28	1.09
decorations	0.28	0.92
net	0.28	1.21
spam	0.28	1.06
ect	0.28	0.90
sticking	0.28	1.36
plan	0.28	1.65
regret	0.28	0.98
releasing	0.28	0.99
distillate	0.28	0.97
items	0.28	1.16
eldritch	0.28	1.08
hp	0.28	1.07
definition	0.28	1.46
drive	0.28	1.17
28	0.28	0.97
anyone	0.28	0.97
races	0.28	0.78
luckily	0.28	1.16
ends	0.28	0.70
flat	0.28	1.05
maintain	0.29	1.12
recommend	0.29	1.56
board	0.29	0.99
equip	0.29	1.06
staying	0.29	1.19
lastly	0.29	1.16
thief	0.29	1.07
stashes	0.29	0.94
short	0.29	0.89
chances	0.29	1.10
funny	0.29	2.23
coded	0.29	1.20
jumping	0.29	1.25
buffer	0.29	1.13
malachai	0.29	1.01
premium	0.29	1.00
bump	0.29	1.10
our	0.29	1.06
sales	0.29	0.99
notes	0.29	1.04
select	0.29	1.23
14	0.29	0.99
beats	0.29	1.00
list	0.29	1.13
podcast	0.29	1.09
coward	0.29	0.97
ratios	0.29	1.51
released	0.29	0.92
bought	0.29	0.80
regularly	0.29	1.04
competing	0.29	0.90
spend	0.29	1.18
heavily	0.29	1.17
gears	0.30	1.18
land	0.30	1.01
chunk	0.30	1.15
rory	0.30	1.25
finishing	0.30	0.94
forgetting	0.30	1.66
news	0.30	1.19
pushed	0.30	1.03
achievements	0.30	1.14
screenshot	0.30	1.32
poe.trade	0.30	1.05
hc	0.30	0.76
league	0.30	0.76
afraid	0.30	2.72
allocation	0.30	1.10
addition	0.30	1.00
cutthroat	0.30	0.84
ended	0.30	1.01
keyboard	0.30	1.29
calculations	0.30	3.07
earned	0.30	0.99
temporary	0.30	0.78
bloody	0.30	1.12
supported	0.30	1.07
2nd	0.30	1.27
nor	0.30	1.29
upper	0.30	1.15
rustic	0.30	1.13
multipliers	0.30	1.16
virtually	0.30	1.37
20q	0.31	1.08
end-game	0.31	1.04
socketed	0.31	1.05
each	0.31	1.47
understand	0.31	1.71
supporter	0.31	0.87
siege	0.31	0.81
currency	0.31	1.08
sold	0.31	0.85
catalyst	0.31	1.01
earth	0.31	1.03
grow	0.31	1.08
1.3.0	0.31	0.97
ranges	0.31	1.12
public	0.31	1.00
excitement	0.31	0.92
ambush	0.31	0.73
immediately	0.31	1.03
am	0.31	1.89
lasts	0.31	0.87
purchased	0.31	0.97
noone	0.31	0.97
restrictions	0.31	0.95
b/o	0.31	1.04
finished	0.31	0.88
leave	0.31	1.11
files	0.31	1.05
rampage	0.31	0.84
accomplish	0.31	1.39
responded	0.31	2.04
benefit	0.31	1.18
reaction	0.31	1.40
bench	0.31	0.95
store	0.31	0.95
points	0.31	1.04
needing	0.31	1.26
fully	0.31	1.36
leagues	0.31	0.77
amounts	0.31	1.09
18	0.32	1.00
lists	0.32	1.07
season	0.32	0.77
vertex	0.32	1.06
2.0	0.32	1.13
viable	0.32	1.48
6-link	0.32	1.04
alongside	0.32	1.30
demon	0.32	1.51
solved	0.32	1.19
acquire	0.32	1.12
translate	0.32	1.48
16	0.32	1.00
effects	0.32	1.12
frequently	0.32	1.04
offers	0.32	1.05
simultaneously	0.32	1.09
suffixes	0.32	1.04
facebreakers	0.32	1.03
unlinked	0.32	0.99
affects	0.32	1.16
ability	0.33	1.10
tweaked	0.33	1.17
craft	0.33	0.99
prefix	0.33	1.05
desire	0.33	1.02
going	0.33	2.21
0.5	0.33	0.93
streams	0.33	1.00
rips	0.33	1.27
he	0.33	0.93
mod	0.33	1.02
entering	0.33	0.98
suffix	0.33	1.05
mods	0.33	1.03
learned	0.33	1.18
wake	0.33	0.98
4month	0.33	0.76
0	0.33	1.14
off	0.33	1.11
prefixes	0.33	1.05
stream	0.33	1.00
deciding	0.33	1.31
anarchy	0.33	0.75
percentage	0.33	1.23
saves	0.33	1.21
roll	0.33	1.05
stored	0.33	0.97
forums	0.33	1.31
property	0.34	1.20
strength	0.34	1.05
crest	0.34	1.07
search	0.34	1.09
tested	0.34	1.23
posted	0.34	1.43
announced	0.34	1.01
pair	0.34	1.05
a3m	0.34	0.96
being	0.34	1.28
conduit	0.34	1.01
benches	0.34	0.93
cards	0.34	0.92
difference	0.34	1.24
given	0.34	1.40
custom	0.34	1.22
possibilities	0.34	1.02
nem	0.34	0.85
upwards	0.34	1.02
trigger	0.34	1.08
showcase	0.34	1.17
explicit	0.34	1.05
end	0.34	0.82
recast	0.34	1.02
youre	0.34	1.41
doryani	0.34	1.01
matters	0.34	1.17
hege	0.34	1.05
present	0.34	1.22
logged	0.34	0.97
bears	0.34	1.10
dungeon	0.34	0.94
meantime	0.35	1.29
crafting	0.35	0.92
overlay	0.35	1.20
affix	0.35	1.06
10ex	0.35	0.99
hopes	0.35	0.97
11	0.35	1.00
enlighten	0.35	1.02
masters	0.35	0.93
complaint	0.35	1.37
20	0.35	1.03
imgur	0.35	1.33
sc	0.35	0.78
hammers	0.35	1.21
past	0.35	0.92
ex	0.35	0.89
fourth	0.35	1.16
2000	0.35	0.96
received	0.35	1.23
13	0.35	0.99
variations	0.35	1.08
autohotkey	0.35	1.18
met	0.35	0.80
stable	0.35	1.19
set	0.35	1.06
sotv	0.35	0.93
expecting	0.35	2.57
15c	0.35	0.95
ages	0.35	0.83
merge	0.35	0.82
2500	0.35	0.87
watch	0.36	1.01
additional	0.36	0.97
entirely	0.36	1.48
verify	0.36	1.13
copy	0.36	1.22
alternatives	0.36	1.28
finish	0.36	1.00
dropped	0.36	0.89
re-roll	0.36	1.06
quit	0.36	0.79
event	0.36	0.79
about	0.36	1.53
quest	0.36	0.98
12	0.36	0.99
dependent	0.36	1.24
listed	0.36	1.02
keeps	0.36	1.07
proud	0.36	2.55
whenever	0.36	0.91
refuse	0.36	1.02
exa	0.36	0.79
earn	0.36	1.04
managed	0.36	0.89
turns	0.36	0.86
preferably	0.36	1.26
sellable	0.36	1.62
advanced	0.36	1.15
missions	0.36	0.96
1k	0.36	1.04
interactions	0.36	1.20
below	0.36	1.15
dota	0.37	0.96
2k	0.37	1.05
windowed	0.37	1.11
goldrim	0.37	1.08
person	0.37	0.90
gems	0.37	1.08
1.5k	0.37	1.05
rolled	0.37	1.08
purchase	0.37	1.03
posts	0.37	1.50
combos	0.37	1.15
reddit	0.37	1.40
heard	0.37	0.89
standard	0.37	0.76
brother	0.37	1.03
upload	0.37	1.20
low	0.37	1.66
e.g	0.37	1.07
properties	0.37	1.12
w/o	0.37	1.09
follow	0.37	1.15
arcane	0.37	1.08
achievable	0.38	1.21
skulls	0.38	1.24
release	0.38	0.86
afk	0.38	1.23
2ex	0.38	0.97
realizing	0.38	1.52
ambusher	0.38	1.06
race	0.38	0.76
schedule	0.38	0.87
upgrade	0.38	1.19
possibility	0.38	1.18
bonus	0.38	1.04
bracket	0.38	1.11
master	0.38	0.94
announcement	0.38	1.20
intelligence	0.38	0.99
trying	0.38	2.00
floor	0.38	1.16
barely	0.38	1.18
period	0.38	0.86
1ex	0.38	0.97
spamming	0.38	1.11
thread	0.38	1.51
mirror	0.38	1.12
sec	0.39	0.83
scales	0.39	1.07
82	0.39	1.17
moderate	0.39	1.45
dps	0.39	1.15
shared	0.39	1.12
watched	0.39	1.03
name	0.39	1.36
cuz	0.39	1.38
asked	0.39	1.66
sum	0.39	1.53
chris	0.39	1.19
5c	0.39	0.98
wanting	0.39	1.11
1.0	0.39	0.76
coupled	0.39	0.94
chosen	0.39	0.91
gore	0.39	1.07
challenge	0.39	0.89
settings	0.39	1.17
reads	0.39	1.01
mediocre	0.39	2.25
5ex	0.39	0.97
qq	0.39	0.88
kept	0.39	1.01
40-50	0.39	1.01
parties	0.39	0.93
implemented	0.40	1.21
genuinely	0.40	1.72
separately	0.40	1.35
sent	0.40	1.18
hardly	0.40	1.21
earlier	0.40	1.27
augment	0.40	1.07
apply	0.40	1.16
bring	0.40	1.01
texture	0.40	1.05
and/or	0.40	1.13
multiply	0.40	1.58
shown	0.40	1.46
id	0.40	1.23
defeat	0.40	1.19
separate	0.40	1.28
glance	0.40	1.65
thousands	0.40	1.02
capable	0.41	1.04
spammed	0.41	1.08
require	0.41	1.16
6	0.41	1.01
m	0.41	1.80
lld	0.41	0.90
practically	0.41	1.23
when	0.41	1.17
headhunter	0.41	1.10
paid	0.41	0.93
30	0.41	1.01
offered	0.41	0.93
home	0.41	1.14
meanwhile	0.41	1.16
modifiers	0.41	1.19
zana	0.41	0.95
his	0.41	0.91
affixes	0.41	1.07
filter	0.41	1.14
setting	0.41	1.13
roughly	0.41	1.06
negative	0.41	1.43
waste	0.42	1.21
month	0.42	0.73
cash	0.42	1.06
manage	0.42	1.19
toggle	0.42	1.28
write	0.42	1.32
checks	0.42	1.04
torment	0.42	0.96
goes	0.42	0.95
hundred	0.42	1.20
dragon	0.42	1.12
nz	0.42	0.95
1.5	0.42	0.83
30k	0.42	1.10
friday	0.42	0.91
early	0.42	0.79
mid	0.42	1.12
floating	0.42	1.49
never	0.42	1.15
9	0.42	0.98
5-link	0.42	1.06
minute	0.42	0.77
continued	0.43	0.75
favor	0.43	1.35
sources	0.43	1.14
81	0.43	1.20
comk	0.43	1.07
gone	0.43	1.72
develop	0.43	1.08
coming	0.43	1.07
anybody	0.43	0.96
different	0.43	1.27
riot	0.43	0.62
count	0.43	1.08
role	0.43	1.11
streamers	0.43	0.97
20ex	0.43	1.03
flexibility	0.43	1.16
fit	0.43	0.98
15	0.44	1.01
latter	0.44	2.28
cannon	0.44	1.15
seven	0.44	0.93
collecting	0.44	0.96
therefore	0.44	1.30
break	0.44	0.94
per	0.44	0.99
takes	0.44	1.08
40k	0.44	1.05
tried	0.44	0.99
zeno	0.44	0.92
timer	0.44	0.91
trade	0.44	1.06
group	0.44	0.93
enabled	0.44	1.18
oops	0.44	3.03
skill	0.44	1.21
raizqt	0.44	1.01
entry	0.44	1.08
grants	0.44	0.97
loses	0.44	2.01
round	0.45	1.16
combo	0.45	1.11
bundle	0.45	0.97
hrs	0.45	0.75
gained	0.45	1.00
completed	0.45	1.03
irl	0.45	1.17
streamer	0.45	0.96
lvls	0.45	0.92
20c	0.45	0.97
situation	0.45	1.38
developer	0.45	0.96
cosmetic	0.45	1.02
era	0.45	1.02
um	0.45	1.32
turning	0.45	1.07
keep	0.45	1.15
party	0.45	0.95
regardless	0.45	1.26
respecs	0.45	0.96
events	0.45	0.80
helman	0.45	0.94
felt	0.45	1.52
incentive	0.46	1.09
deals	0.46	1.02
sale	0.46	1.01
style	0.46	1.17
3k	0.46	1.07
built	0.46	1.06
combine	0.46	1.12
copies	0.46	1.09
predict	0.46	1.20
six	0.46	1.05
skills	0.46	1.26
curiosity	0.46	1.56
year	0.46	0.75
comments	0.46	1.76
an	0.46	1.21
synergize	0.46	1.10
searching	0.46	1.14
wild	0.46	1.12
stayed	0.46	1.03
tends	0.46	1.08
quests	0.46	0.96
development	0.46	1.04
immediate	0.46	1.09
video	0.46	1.03
stay	0.46	1.11
20k	0.46	1.07
4k	0.46	1.04
from	0.46	1.03
self-found	0.46	0.79
3rd	0.47	0.94
boat	0.47	1.69
settle	0.47	1.01
ones	0.47	1.32
reaching	0.47	0.99
1/3	0.47	1.08
required	0.47	1.44
final	0.47	1.06
kripp	0.47	0.92
micro	0.47	1.07
api	0.47	1.16
hegemony	0.47	0.97
yet	0.47	1.09
hours	0.47	0.75
tyrannical	0.47	1.08
shirt	0.47	1.38
mirrored	0.47	1.21
afaik	0.47	0.99
library	0.47	0.74
dev	0.47	1.28
discovered	0.47	1.18
halfway	0.47	0.82
ran	0.47	0.85
flaring	0.48	1.08
additive	0.48	1.47
survival	0.48	1.14
massively	0.48	1.24
nowadays	0.48	0.69
t2	0.48	1.08
endless	0.48	2.30
launch	0.48	0.77
till	0.48	1.01
mainly	0.48	0.92
5k	0.48	1.06
t1	0.48	1.08
played	0.48	2.14
paired	0.48	1.12
baby	0.48	1.28
fullscreen	0.48	1.05
return	0.48	1.11
3ex	0.48	1.03
crafted	0.49	1.02
completing	0.49	1.05
second	0.49	0.96
resets	0.49	0.74
multiplied	0.49	1.51
beginning	0.49	0.74
ish	0.49	1.03
disable	0.49	1.18
meginord	0.49	1.05
chat	0.49	1.10
12k	0.49	1.04
since	0.49	0.98
enable	0.49	1.16
calm	0.49	1.49
around	0.49	1.13
money	0.49	0.97
respec	0.49	1.03
members	0.49	1.00
9k	0.49	1.06
8k	0.49	1.06
influence	0.49	1.15
plus	0.49	1.03
helps	0.49	1.29
command	0.49	1.14
guild	0.49	0.99
10k	0.49	1.05
weekly	0.49	1.26
teaser	0.49	1.14
shine	0.50	1.29
receive	0.50	1.04
multiplicative	0.50	1.48
rolls	0.50	1.09
switched	0.50	0.66
afford	0.50	1.15
microtransaction	0.50	1.01
seperate	0.50	1.14
legacy	0.50	1.26
100k	0.50	1.03
hunting	0.50	1.19
closely	0.50	1.16
bucks	0.50	0.86
dedicated	0.50	0.85
nevermind	0.50	2.88
seraph	0.50	1.09
1	0.50	0.92
sides	0.50	1.24
astramentis	0.50	1.05
sit	0.50	1.07
cooler	0.51	1.53
accurate	0.51	2.49
equipment	0.51	1.00
curious	0.51	2.49
blessed	0.51	1.02
reasons	0.51	1.27
gt	0.51	1.04
groups	0.51	0.95
3c	0.51	0.99
15k	0.51	1.07
daily	0.51	0.98
combined	0.51	1.03
reroll	0.51	1.09
respond	0.51	1.52
7k	0.51	1.04
yo	0.51	1.57
mtx	0.51	1.00
pic	0.51	1.48
competitive	0.51	0.81
hardcore	0.51	0.73
8	0.52	0.95
cb	0.52	0.76
joined	0.52	0.84
affect	0.52	1.15
concern	0.52	1.28
complaints	0.52	1.26
weeks	0.52	0.72
mumble	0.52	1.01
skin	0.52	1.04
combination	0.52	1.13
default	0.52	1.02
updating	0.52	1.01
options	0.52	1.24
10c	0.52	0.98
reading	0.52	1.36
applied	0.52	1.42
graphic	0.52	1.15
whispers	0.52	1.33
wings	0.52	1.06
by	0.53	1.16
jewellery	0.53	1.29
bothered	0.53	1.13
2c	0.53	0.99
started	0.53	0.74
buy	0.53	0.95
companies	0.53	0.79
half	0.53	1.02
august	0.53	0.84
albeit	0.53	1.31
sending	0.53	1.13
themselves	0.53	1.13
fairgraves	0.53	1.12
theoretically	0.53	1.23
focusing	0.53	1.27
promote	0.53	1.09
mode	0.53	1.09
transfer	0.54	0.99
seconds	0.54	0.77
applies	0.54	1.10
depend	0.54	1.09
creating	0.54	1.10
successfully	0.54	1.13
had	0.54	1.10
ftw	0.54	0.95
having	0.54	1.28
microtransactions	0.54	1.00
ros	0.54	1.29
save	0.54	1.17
offer	0.54	1.13
inb4	0.54	1.23
model	0.54	0.80
evaded	0.54	0.79
implement	0.55	1.23
episode	0.55	1.02
expand	0.55	1.08
expected	0.55	1.18
knowing	0.55	1.25
numbers	0.55	2.96
mins	0.55	0.75
channels	0.55	1.09
invest	0.55	1.14
pohx	0.55	0.99
developers	0.55	0.95
impressed	0.55	2.35
screenshots	0.55	1.19
ago	0.55	0.80
him	0.55	0.88
wonders	0.55	1.35
business	0.55	1.09
planned	0.55	1.22
hour	0.55	0.75
article	0.55	1.68
designing	0.55	1.12
discuss	0.55	1.34
textures	0.55	1.09
nugi	0.55	0.98
playing	0.55	0.91
week	0.56	0.72
helmet	0.56	1.06
deserve	0.56	1.22
1c	0.56	0.98
boom	0.56	1.42
strategy	0.56	2.02
shouldnt	0.56	1.23
myself	0.56	0.97
d3	0.56	1.27
npc	0.56	0.87
closed	0.56	0.75
watching	0.56	1.08
pets	0.56	1.08
passed	0.56	0.70
2.5	0.56	1.03
4.5k	0.56	1.06
hes	0.56	1.35
recently	0.56	0.82
over	0.57	0.88
continue	0.57	1.00
jelly	0.57	2.78
dying	0.57	1.09
siphon	0.57	1.13
age	0.57	0.76
untainted	0.57	1.04
beforehand	0.57	1.50
alive	0.57	1.06
pvp	0.57	0.87
commenting	0.57	1.49
show	0.57	1.08
times	0.58	0.86
favorite	0.58	2.56
youtube	0.58	1.02
minutes	0.58	0.77
ripped	0.58	1.05
videos	0.58	1.02
check	0.58	1.29
elsewhere	0.58	0.94
got	0.58	0.91
display	0.58	1.20
oak	0.58	1.04
types	0.58	1.31
combinations	0.58	1.20
excited	0.58	2.47
shall	0.58	1.28
calculation	0.58	2.96
filling	0.58	0.85
values	0.58	1.77
playtime	0.58	0.73
30-40	0.58	1.03
unlike	0.59	0.67
rounded	0.59	1.45
seemed	0.59	1.48
including	0.59	1.23
est	0.59	1.00
next	0.59	0.88
gambling	0.59	0.89
mostly	0.59	1.11
march	0.59	0.84
confusion	0.59	2.83
issue	0.59	1.32
etc	0.59	1.07
specific	0.60	1.31
iiq/iir	0.60	1.02
alone	0.60	1.17
10	0.60	1.05
greatly	0.60	1.30
official	0.60	1.25
heck	0.60	0.86
far	0.60	1.24
remake	0.60	1.08
steel	0.60	1.17
matches	0.60	0.92
died	0.60	0.98
before	0.60	0.88
feels	0.60	1.55
clue	0.60	1.54
result	0.60	1.28
shortly	0.60	0.79
beta	0.61	0.74
worth	0.61	1.03
months	0.61	0.74
measure	0.61	2.18
came	0.61	0.75
july	0.61	0.79
dollars	0.61	0.89
looking	0.61	2.02
10-20	0.61	1.01
ob	0.61	0.74
everything	0.61	1.08
optimal	0.61	2.34
third	0.61	1.07
support	0.61	1.10
men	0.61	1.22
sitting	0.61	1.16
brackets	0.61	1.17
respective	0.62	1.10
went	0.62	1.03
during	0.62	0.72
alt	0.62	1.22
remains	0.62	1.05
peace	0.62	1.36
granted	0.62	1.05
fact	0.62	1.80
rollback	0.62	1.21
send	0.62	1.18
rewarded	0.62	1.14
order	0.62	1.19
1-3	0.62	1.01
20-30	0.62	1.02
5	0.62	1.06
5th	0.62	0.87
back	0.62	0.77
house	0.63	0.94
turn	0.63	1.10
paying	0.63	1.14
dominion	0.63	0.95
gear	0.63	1.30
wtb	0.63	1.05
speak	0.63	1.35
basically	0.63	1.28
15-20	0.63	1.06
friends	0.63	0.91
channel	0.63	1.03
weekend	0.63	0.84
unarmed	0.63	1.21
exceptions	0.63	1.05
made	0.63	1.05
casually	0.63	0.54
up	0.63	1.06
alternatively	0.63	1.16
lore	0.64	1.08
hype	0.64	1.48
bed	0.64	1.33
insane	0.64	2.36
ouch	0.64	1.18
days	0.64	0.74
loop	0.64	1.04
awhile	0.64	0.73
were	0.64	1.31
reverse	0.64	1.23
forever	0.64	1.06
under	0.64	1.13
impression	0.65	1.54
4	0.65	1.09
force	0.65	1.27
everyday	0.65	0.84
insert	0.65	1.09
especially	0.65	1.33
future	0.65	1.04
done	0.65	1.16
truly	0.65	1.30
5055	0.65	1.20
auction	0.65	0.93
except	0.65	1.08
what	0.65	1.78
morning	0.65	0.97
gather	0.65	0.92
match	0.65	0.90
checking	0.65	1.23
following	0.66	1.15
dollar	0.66	0.79
solution	0.66	1.37
put	0.66	1.06
scale	0.66	1.10
serve	0.66	1.11
fitting	0.66	1.03
lategame	0.66	1.14
listen	0.66	1.21
took	0.66	1.02
tend	0.66	1.13
introduce	0.66	1.08
recommended	0.66	1.27
after	0.66	0.82
country	0.66	1.20
able	0.67	1.16
night	0.67	0.88
currently	0.67	1.32
interact	0.67	1.10
creative	0.67	1.21
3	0.67	1.10
10-15	0.67	1.01
gain	0.67	0.99
4th	0.67	1.12
involving	0.67	1.10
within	0.67	0.93
appropriate	0.67	2.19
derp	0.67	2.37
pictures	0.67	1.23
2013	0.67	0.75
somewhere	0.67	1.42
50k	0.67	1.11
image	0.67	1.22
realise	0.67	1.61
ziggy	0.67	0.99
practical	0.67	1.18
exact	0.67	1.88
whisper	0.67	1.25
5-10	0.68	1.04
create	0.68	1.05
inner	0.68	1.26
turned	0.68	0.98
confirm	0.68	1.32
invite	0.68	1.06
catch	0.68	1.21
threads	0.68	1.38
vid	0.68	1.08
ggg	0.68	0.87
paper	0.68	1.13
interested	0.68	2.45
specify	0.68	1.59
reward	0.68	0.99
found	0.68	0.87
yesterday	0.68	0.91
winning	0.68	0.94
talk	0.69	1.31
agreed	0.69	1.30
customer	0.69	1.84
team	0.69	0.93
6link	0.69	1.02
original	0.69	2.54
sufficient	0.69	1.40
alira	0.69	1.04
simply	0.69	1.66
basics	0.69	1.23
faith	0.69	1.14
mathil	0.69	1.02
semi	0.69	1.26
ahead	0.70	1.16
lose	0.70	0.94
dialogue	0.70	1.17
alternative	0.70	1.31
usefull	0.70	1.93
shape	0.70	1.06
allowing	0.70	1.05
grant	0.70	0.95
hang	0.70	1.10
join	0.70	1.02
5-6	0.71	1.12
username	0.71	1.26
remain	0.71	1.11
3-5	0.71	1.07
gave	0.71	0.96
unique	0.71	1.24
three	0.71	1.18
bandit	0.71	0.86
couldnt	0.71	1.22
kids	0.71	1.01
theory	0.71	1.32
adds	0.71	0.76
willy	0.71	1.01
request	0.71	1.21
ready	0.71	1.37
twice	0.71	0.99
results	0.71	1.17
fuckin	0.71	1.70
girl	0.72	0.87
email	0.72	1.30
anywhere	0.72	1.19
asleep	0.72	1.00
couple	0.72	1.14
growing	0.72	0.98
exception	0.72	1.33
requests	0.72	1.25
ultra	0.73	1.22
almost	0.73	1.26
sooner	0.73	1.15
feature	0.73	1.09
2-4	0.73	1.09
allows	0.73	1.02
data	0.73	1.30
participate	0.73	0.83
consider	0.73	1.52
shows	0.73	1.28
single	0.73	1.55
friend	0.73	0.92
tops	0.73	0.86
2	0.73	1.04
day	0.73	0.77
four	0.73	1.14
opportunity	0.73	1.06
time	0.73	1.04
dozens	0.74	1.13
consideration	0.74	1.24
correctly	0.74	2.51
today	0.74	0.99
continuing	0.74	1.12
horribly	0.74	1.31
gauche	0.74	1.11
supporting	0.74	0.91
numerous	0.74	1.16
2014	0.74	0.98
positive	0.74	1.36
change	0.74	1.16
healthy	0.74	1.06
guy	0.74	0.97
similar	0.74	1.20
switch	0.75	1.04
ingame	0.75	1.11
ziggyd	0.75	1.00
hundreds	0.75	1.04
remembered	0.75	2.24
whether	0.75	1.39
3-4	0.75	1.10
countless	0.75	1.12
posting	0.75	1.37
source	0.75	1.13
credit	0.75	1.08
etup	0.75	0.97
five	0.75	1.02
synergy	0.75	1.17
rly	0.75	1.47
vids	0.75	1.04
4-5	0.75	1.15
ideal	0.76	2.12
often	0.76	1.11
enjoying	0.76	2.00
answered	0.76	1.55
messages	0.76	1.29
theme	0.76	0.96
sry	0.76	2.56
feeling	0.76	1.36
6k	0.77	1.09
global	0.77	1.12
various	0.77	1.29
souls	0.77	0.87
sorts	0.77	1.18
bother	0.77	1.24
multiple	0.78	1.33
ten	0.78	1.06
1-2	0.78	1.11
q	0.78	1.21
2-3	0.78	1.07
wasnt	0.78	1.88
stretch	0.78	1.27
discussion	0.78	1.41
pay	0.79	0.93
ii	0.79	1.14
arent	0.79	1.27
these	0.79	1.29
extra	0.79	0.98
adding	0.79	1.13
deeps	0.80	1.39
crazy	0.80	1.99
esp	0.80	1.30
hat	0.80	1.12
specifics	0.80	1.64
explore	0.80	0.85
spells	0.81	1.27
newer	0.81	1.24
billion	0.81	0.84
exist	0.81	1.13
until	0.81	1.05
cos	0.81	1.05
hint	0.81	1.23
out	0.81	1.08
meaningful	0.81	1.26
defensively	0.81	1.21
explain	0.81	1.49
underrated	0.81	1.75
rewards	0.82	0.93
gives	0.82	0.95
skins	0.82	1.02
hero	0.82	0.81
effort	0.82	1.11
category	0.82	2.04
becomes	0.82	1.26
realised	0.82	1.66
dozen	0.82	1.28
literally	0.83	1.13
opt	0.83	1.12
yourself	0.83	1.12
sight	0.83	0.94
re	0.83	1.38
worry	0.83	1.28
godly	0.83	1.25
omg	0.83	1.49
sound	0.84	1.33
gains	0.84	0.88
concerns	0.84	1.18
music	0.84	1.19
son	0.84	1.41
gaining	0.85	0.98
karma	0.85	1.25
assumed	0.85	1.88
immensely	0.85	1.24
soooo	0.85	1.40
mention	0.86	1.95
play	0.86	0.55
objects	0.86	1.03
detail	0.86	1.16
1/2	0.86	0.82
sounded	0.86	1.64
seemingly	0.86	1.29
mix	0.86	1.12
last	0.86	0.88
youll	0.86	1.21
f	0.86	1.39
busy	0.86	2.26
sometime	0.87	0.89
showing	0.87	1.09
dark	0.87	0.78
several	0.87	1.28
mors	0.87	1.00
those	0.87	1.36
bis	0.87	2.25
message	0.88	1.29
regarding	0.88	1.25
series	0.88	0.83
high	0.88	1.53
better	0.88	1.97
used	0.88	1.31
meme	0.88	1.33
project	0.88	1.01
botw	0.88	1.06
applicable	0.89	1.40
figure	0.89	1.24
eventually	0.89	1.12
throughout	0.89	0.99
kiwi	0.89	1.04
mother	0.89	1.38
two	0.89	1.40
us	0.89	1.00
cheap	0.90	1.27
die	0.90	1.07
imperial	0.90	0.95
sleep	0.90	1.03
people	0.90	1.00
hearthstone	0.90	0.67
followed	0.90	1.10
ofcourse	0.90	1.14
o_o	0.90	1.36
anything	0.90	1.16
realistically	0.90	1.18
point	0.90	1.57
scepter	0.91	1.05
few	0.91	1.27
normally	0.91	1.18
steal	0.91	0.83
nvm	0.92	2.34
noted	0.92	2.05
none	0.92	1.25
together	0.92	1.04
shiny	0.92	1.20
date	0.93	1.14
advise	0.93	1.23
million	0.93	0.72
asap	0.93	1.09
overly	0.93	1.27
letting	0.93	1.08
cs	0.94	0.73
track	0.94	0.92
stupidly	0.94	1.29
jealous	0.94	1.78
moments	0.94	1.03
handful	0.94	1.30
needed	0.94	1.27
many	0.94	1.34
sceptre	0.94	1.05
highly	0.94	1.21
preferred	0.94	1.93
likely	0.94	1.28
table	0.95	1.10
showed	0.95	0.98
every	0.95	1.15
eve	0.95	0.98
intend	0.95	1.11
creates	0.95	0.88
da	0.95	1.23
folks	0.95	1.13
main	0.95	2.20
note	0.95	1.35
once	0.95	1.04
notice	0.96	1.23
prob	0.96	1.31
til	0.96	1.70
o.o	0.96	1.35
animations	0.96	1.30
others	0.96	1.11
saw	0.97	1.22
generally	0.97	1.23
tad	0.97	1.31
happened	0.97	1.24
provides	0.97	1.14
unless	0.97	1.41
incredible	0.98	2.19
veil	0.98	0.88
ton	0.98	1.25
both	0.98	1.46
decide	0.98	1.12
perfectly	0.98	1.12
wondered	0.98	1.32
song	0.98	1.13
contact	0.99	1.11
mind	0.99	1.22
somewhat	0.99	1.31
giving	0.99	1.04
asking	0.99	2.13
care	0.99	1.06
test	0.99	1.25
happening	0.99	1.33
tomorrow	0.99	1.05
forget	0.99	1.34
flavor	0.99	0.99
reference	1.00	0.88
everywhere	1.00	2.13
x	1.00	1.08
above	1.00	2.54
prizes	1.00	0.92
thing	1.00	1.44
tagged	1.00	1.15
glad	1.01	2.60
considered	1.01	1.40
long	1.01	1.03
picture	1.01	1.19
discussions	1.01	1.21
trick	1.01	1.88
close	1.01	1.14
come	1.01	1.10
finding	1.01	1.13
mentioning	1.02	1.36
technically	1.02	1.22
lots	1.02	1.22
nah	1.02	1.52
noting	1.02	1.23
free	1.02	1.04
comic	1.02	0.83
hugely	1.02	1.21
bit	1.02	1.28
sure	1.02	2.16
rather	1.02	1.26
cant	1.02	1.21
ca	1.02	1.19
personally	1.02	0.94
details	1.03	1.14
reminds	1.03	0.99
ask	1.03	1.19
become	1.03	1.22
rng	1.03	1.06
lmao	1.03	1.56
wanted	1.03	1.14
little	1.03	1.30
already	1.04	1.18
potentially	1.04	1.17
uh	1.04	1.64
according	1.04	2.19
here	1.04	1.36
untill	1.04	1.14
use	1.04	1.06
joining	1.04	1.04
willing	1.05	1.91
pray	1.06	1.14
decently	1.06	1.22
first	1.06	0.88
go	1.07	1.24
happen	1.07	1.23
piscator	1.07	1.30
relatively	1.08	1.26
remember	1.08	1.05
possibly	1.08	1.20
much	1.08	1.22
add	1.08	1.10
rough	1.08	1.58
equally	1.08	1.21
some	1.08	1.19
theres	1.09	1.15
any	1.09	1.26
believe	1.10	1.55
wait	1.10	1.08
dota2	1.10	0.80
considering	1.10	1.31
tons	1.10	1.03
thousand	1.11	1.05
alternate	1.11	1.04
fits	1.11	1.44
tell	1.11	1.23
hopefully	1.11	1.07
replacement	1.12	1.14
incredibly	1.12	1.28
loose	1.12	1.14
perhaps	1.12	1.21
me	1.12	0.99
extremely	1.12	1.27
matter	1.13	1.17
theyre	1.13	1.39
usually	1.13	1.21
place	1.13	1.44
things	1.14	1.15
lucky	1.14	1.66
soon	1.14	1.05
ta	1.14	1.24
experiment	1.14	1.09
background	1.14	1.07
plenty	1.14	1.18
crucial	1.14	1.62
anytime	1.14	1.12
figured	1.14	1.25
exactly	1.14	1.67
fairly	1.15	1.25
ticket	1.15	1.11
caged	1.15	0.99
waiting	1.15	2.08
take	1.15	1.17
forgot	1.15	2.41
rock	1.15	1.21
share	1.16	1.12
later	1.16	1.02
touch	1.16	1.02
because	1.16	1.49
guide	1.16	1.14
give	1.16	1.06
logical	1.16	1.67
book	1.17	1.57
terribly	1.17	1.24
models	1.17	1.05
example	1.18	1.34
surely	1.18	1.16
won	1.18	1.03
no	1.18	1.19
820	1.18	1.06
most	1.18	2.08
isnt	1.19	1.28
patience	1.19	1.15
dailies	1.19	1.04
particularly	1.19	1.22
wilson	1.19	1.02
active	1.19	1.11
obviously	1.19	1.55
them	1.20	1.16
ridiculously	1.20	1.22
checked	1.20	2.20
pillar	1.20	0.99
winner	1.20	1.76
makes	1.20	1.26
doesnt	1.20	1.10
know	1.20	1.32
other	1.21	2.13
deal	1.21	1.18
necessarily	1.21	1.24
why	1.21	1.30
insanely	1.22	1.21
creation	1.22	1.02
response	1.22	1.82
means	1.22	1.26
donate	1.23	1.03
transfers	1.23	1.04
always	1.23	1.20
tooltip	1.23	1.25
how	1.23	1.27
bricked	1.23	1.08
responses	1.23	1.48
wonder	1.24	1.39
looked	1.24	1.23
realize	1.24	1.41
allow	1.25	0.98
knew	1.25	1.51
nothing	1.25	1.22
tonight	1.25	1.12
diablo	1.25	1.64
did	1.25	1.35
charity	1.26	1.02
beginner	1.26	1.15
footprints	1.27	1.13
find	1.27	1.12
summer	1.27	0.85
seem	1.27	1.20
wouldnt	1.27	1.30
feel	1.27	1.21
realy	1.27	1.35
flashy	1.27	1.17
now	1.27	1.64
quite	1.27	1.23
option	1.27	1.93
anymore	1.28	1.18
pm	1.28	1.20
newbie	1.28	1.14
prize	1.28	0.91
em	1.28	1.16
assume	1.28	1.50
w	1.29	1.27
amp	1.29	1.21
surprisingly	1.29	1.22
e	1.29	1.45
p.s	1.29	1.11
nicely	1.29	1.01
christ	1.30	1.29
problem	1.30	1.27
welp	1.30	1.71
where	1.30	1.92
l	1.30	1.55
8/8	1.30	1.32
does	1.30	1.20
r	1.31	1.37
skull	1.31	1.12
imo	1.31	1.26
whatever	1.32	1.19
aswell	1.32	1.39
yay	1.32	0.94
sooo	1.33	1.38
wich	1.33	1.19
make	1.33	1.17
dont	1.33	1.24
otherwise	1.33	1.17
torchlight	1.33	1.64
gladly	1.34	0.97
tool	1.34	1.02
keeping	1.34	1.04
worked	1.34	0.96
lot	1.34	1.19
information	1.34	1.47
absolutely	1.35	1.62
remotely	1.35	1.16
question	1.35	1.39
fine	1.36	1.29
very	1.36	1.23
absurdly	1.36	1.26
def	1.36	1.20
win	1.36	0.89
criticism	1.37	1.34
guides	1.37	1.16
wo	1.37	1.18
analysis	1.37	1.25
totally	1.38	1.48
10/10	1.38	1.21
tempted	1.38	1.97
expect	1.38	1.21
enough	1.38	1.13
im	1.39	1.50
doubt	1.39	1.23
really	1.39	1.17
reasonably	1.40	1.11
enjoy	1.40	1.48
want	1.40	1.19
lottery	1.40	1.02
then	1.40	1.22
mean	1.40	1.28
we	1.41	1.22
resources	1.41	0.91
heres	1.41	1.05
mask	1.41	1.11
didnt	1.41	1.80
hoping	1.42	2.01
decided	1.42	1.05
certainly	1.42	1.19
hmmm	1.42	1.31
need	1.42	1.19
praise	1.43	1.02
rotation	1.43	1.10
huh	1.43	1.60
although	1.43	1.37
will	1.43	1.15
see	1.43	1.22
sash	1.43	1.19
hearing	1.43	1.44
t	1.44	1.33
n	1.44	1.30
let	1.44	1.06
jesus	1.44	1.37
say	1.44	1.25
lord	1.44	1.00
fellow	1.44	1.01
one	1.44	1.92
runescape	1.44	1.00
reason	1.45	1.26
y	1.45	1.31
lets	1.45	1.02
even	1.45	1.20
idk	1.45	1.50
case	1.45	1.83
z	1.45	1.32
friendly	1.46	1.09
confirmation	1.46	1.21
provided	1.46	1.02
holy	1.46	1.64
imagine	1.46	1.23
wont	1.46	1.19
miss	1.47	1.21
std	1.47	1.05
gon	1.47	1.31
thought	1.47	1.67
honestly	1.47	1.18
perfect	1.48	1.25
seems	1.48	1.27
too	1.48	1.21
super	1.48	1.25
prolly	1.48	1.11
finally	1.48	1.20
na	1.48	1.30
bet	1.49	1.68
b	1.49	1.26
again	1.49	1.18
ribbons	1.49	1.04
hire	1.50	1.30
c	1.50	1.30
neither	1.50	1.13
sick	1.50	1.81
think	1.51	1.24
either	1.51	1.25
look	1.51	1.12
cute	1.52	1.39
way	1.52	1.21
wat	1.52	1.32
ll	1.52	1.16
hahaha	1.52	1.51
ofc	1.53	1.24
hi	1.53	1.22
atleast	1.53	1.14
wan	1.53	1.16
least	1.55	1.21
ideas	1.55	1.14
christmas	1.55	1.01
works	1.55	1.00
rngesus	1.55	1.10
blizzard	1.56	0.92
try	1.56	1.16
something	1.56	1.16
could	1.57	1.18
provide	1.57	0.95
dare	1.57	0.99
actually	1.57	1.24
gods	1.58	1.08
course	1.58	1.29
probably	1.58	1.23
answering	1.59	1.51
another	1.59	1.83
ppl	1.59	1.11
work	1.60	1.17
amazingly	1.60	1.15
ha	1.60	1.44
constructive	1.61	1.31
suggestion	1.62	1.39
le	1.62	1.17
may	1.62	1.21
replies	1.64	1.49
wtf	1.64	1.57
should	1.64	1.21
same	1.65	1.12
fair	1.65	1.47
reply	1.65	1.68
hah	1.65	1.60
thoughts	1.65	1.19
hope	1.66	1.13
maybe	1.66	1.21
beginners	1.66	0.99
its	1.68	1.19
rofl	1.68	1.32
definitely	1.68	1.22
however	1.68	1.22
might	1.68	1.18
voice	1.68	1.32
which	1.69	1.19
only	1.69	1.65
1st	1.69	1.13
wife	1.69	1.30
soo	1.71	1.16
questions	1.71	1.25
listening	1.71	1.40
aw	1.72	1.23
legends	1.73	1.02
there	1.75	1.17
essential	1.76	1.22
providing	1.76	1.19
hm	1.77	1.44
kappa	1.77	1.20
pretty	1.78	1.21
havoc	1.78	1.08
possible	1.79	1.56
still	1.80	1.11
ign	1.80	1.23
elaborate	1.81	1.01
lt	1.83	1.24
also	1.84	1.13
anyway	1.86	1.23
helped	1.86	1.07
working	1.87	1.18
ill	1.87	1.19
gg	1.88	1.15
ahh	1.88	1.87
u	1.88	1.24
genius	1.88	1.48
lol	1.89	1.51
plz	1.89	1.08
dem	1.90	1.11
explanation	1.91	1.46
decent	1.92	1.40
advance	1.93	1.46
wut	1.93	1.26
high-level	1.94	1.40
cake	1.94	1.20
help	1.95	1.14
oh	1.95	1.71
sense	1.96	1.35
ah	1.96	1.75
movie	1.96	1.10
dear	1.96	1.21
nuts	1.97	1.44
interesting	1.98	1.36
yup	1.98	1.59
suppose	1.98	1.27
k	1.99	1.28
gotcha	1.99	1.74
though	2.00	1.13
mr	2.00	1.12
eh	2.01	1.31
ye	2.01	1.27
o	2.04	1.35
indeed	2.04	1.26
clarification	2.06	1.71
yep	2.06	1.53
yes	2.06	1.26
ur	2.07	1.23
true	2.07	1.44
freaking	2.08	1.35
seeing	2.10	1.45
welcome	2.11	0.93
hello	2.11	1.15
3d	2.11	1.12
suggestions	2.11	1.21
answer	2.12	1.33
idea	2.12	1.10
achievement	2.12	1.11
alot	2.13	1.13
worries	2.13	1.22
hear	2.13	1.16
horror	2.14	1.16
helping	2.15	1.11
story	2.15	0.87
guess	2.15	1.29
hmm	2.16	1.46
neat	2.18	1.06
heads	2.18	1.24
quick	2.18	1.29
answers	2.18	1.23
feedback	2.18	1.28
ps	2.19	1.42
whats	2.19	1.20
starter	2.20	1.19
dat	2.24	1.12
yea	2.25	1.44
detailed	2.25	1.12
rip	2.27	1.19
xd	2.31	1.27
ya	2.31	1.39
advice	2.31	1.23
okay	2.33	1.57
thats	2.35	1.21
god	2.36	1.12
input	2.37	1.22
info	2.38	1.28
tips	2.39	1.11
anyways	2.41	1.14
buddy	2.42	1.10
sounds	2.43	1.21
luck	2.46	1.11
art	2.46	1.15
d	2.46	1.22
ok	2.46	1.49
beautiful	2.47	0.85
loving	2.47	1.14
props	2.47	1.10
helpful	2.48	1.12
well	2.48	1.08
insight	2.49	1.19
nope	2.49	1.28
tip	2.50	1.24
appreciate	2.50	1.11
favourite	2.53	0.93
please	2.54	1.01
ty	2.55	1.34
giveaway	2.56	1.19
p	2.58	1.35
hehe	2.60	1.27
impressive	2.61	0.83
pls	2.61	0.96
good	2.62	1.00
damn	2.63	1.21
badass	2.64	1.18
yeah	2.64	1.34
sexy	2.69	1.18
solid	2.70	0.85
deserved	2.70	1.18
epic	2.71	1.01
tho	2.75	1.19
dude	2.75	1.13
nonetheless	2.75	1.03
sweet	2.77	0.93
np	2.78	1.23
m8	2.80	1.14
haha	2.81	1.21
gratz	2.82	1.04
hey	2.82	1.12
wow	2.84	1.06
thanks	2.85	1.16
cool	2.86	1.03
sir	2.87	1.05
thank	2.88	1.13
sharing	2.89	0.95
thx	2.89	1.16
wish	2.90	0.98
congratulations	2.93	0.93
bro	2.93	1.08
grats	2.93	1.05
gl	2.94	1.07
cheers	2.94	1.09
congrats	2.95	1.05
great	2.99	0.67
gz	3.00	1.00
looks	3.00	1.03
alright	3.01	1.11
wonderful	3.03	0.68
btw	3.05	1.06
man	3.06	1.00
appreciated	3.09	0.95
guys	3.11	0.80
excellent	3.13	0.62
mate	3.14	0.96
job	3.26	0.58
