everywhere	-4.39	1.00
smell	-4.38	0.94
smells	-4.33	0.96
blame	-4.32	0.86
shitty	-4.25	1.06
alike	-4.25	1.15
gross	-4.23	0.61
rid	-4.19	0.96
mess	-4.18	1.04
poop	-4.17	1.03
piss	-4.17	1.10
disgusting	-4.14	0.61
hating	-4.13	1.20
dirty	-4.12	1.08
pee	-4.00	1.28
bad	-3.95	1.00
responsible	-3.94	1.03
sweat	-3.87	1.21
brutal	-3.80	1.11
committed	-3.74	1.40
experienced	-3.71	1.16
suffered	-3.71	1.34
suffer	-3.70	1.37
torture	-3.68	1.39
miserable	-3.61	1.22
bloody	-3.60	1.26
pisses	-3.57	1.24
stomach	-3.53	1.32
cruel	-3.43	1.23
dislike	-3.28	1.58
filthy	-3.15	1.29
suffering	-3.14	1.55
tasted	-3.11	1.24
painful	-3.10	1.30
flesh	-3.09	1.66
clean	-3.00	1.19
tastes	-3.00	1.30
pain	-2.97	1.42
complain	-2.94	1.51
feels	-2.94	1.55
hitler	-2.93	1.57
meanwhile	-2.92	1.95
toilet	-2.92	1.22
unfortunate	-2.89	1.62
supports	-2.86	1.72
bugs	-2.86	1.62
taste	-2.84	1.31
believed	-2.84	1.42
toxic	-2.82	1.74
unlike	-2.80	1.59
poor	-2.78	1.44
crappy	-2.77	1.64
shower	-2.75	1.23
kanye	-2.71	1.63
worse	-2.67	1.50
itt	-2.65	1.62
tragic	-2.64	1.63
ugh	-2.64	1.22
shits	-2.64	1.66
sucks	-2.63	1.25
annoying	-2.63	1.27
cum	-2.63	1.16
bug	-2.61	1.76
awkward	-2.58	1.84
sink	-2.54	1.20
blaming	-2.54	0.79
conditions	-2.53	1.55
butthurt	-2.52	1.58
wipe	-2.50	1.21
hipsters	-2.50	1.67
justify	-2.49	0.62
crap	-2.48	1.30
shitting	-2.44	0.97
cleaning	-2.44	1.16
burnt	-2.42	0.95
liking	-2.42	2.03
hurts	-2.41	0.86
evil	-2.40	1.32
severe	-2.40	1.18
dae	-2.39	1.67
talked	-2.37	1.62
kills	-2.36	2.01
fart	-2.35	1.03
works	-2.35	1.87
obsessed	-2.34	1.67
garbage	-2.34	0.91
complaining	-2.33	0.97
defending	-2.33	0.70
cleaned	-2.32	1.11
bitching	-2.31	0.94
depression	-2.31	1.12
covered	-2.29	0.65
washing	-2.29	1.17
feel	-2.28	2.15
lied	-2.26	2.10
believes	-2.26	2.10
dealt	-2.26	0.83
cigarette	-2.25	0.91
bath	-2.23	1.16
result	-2.23	0.95
hard	-2.22	1.60
occurred	-2.22	0.89
caused	-2.21	0.96
wash	-2.21	1.17
ptsd	-2.20	1.09
illness	-2.20	1.11
smoke	-2.19	0.89
genocide	-2.19	0.91
bucket	-2.18	1.04
messed	-2.18	1.77
depressed	-2.18	2.12
makes	-2.17	1.90
burning	-2.17	0.88
soap	-2.16	1.16
beats	-2.14	1.46
hatred	-2.13	1.63
causes	-2.13	1.04
tub	-2.12	1.13
cause	-2.12	1.03
blood	-2.11	0.79
serious	-2.11	0.96
injury	-2.11	1.02
pretending	-2.10	1.20
murder	-2.10	1.02
odd	-2.09	1.69
dump	-2.09	1.00
fresh	-2.08	1.02
mild	-2.08	1.09
mental	-2.07	1.10
injuries	-2.07	1.01
pile	-2.07	0.89
dealing	-2.07	0.82
washed	-2.06	1.06
lonely	-2.06	1.88
scum	-2.04	0.70
talks	-2.03	2.21
suicide	-2.03	1.02
drain	-2.02	1.08
exact	-2.02	1.51
referred	-2.02	1.57
embarrassing	-2.01	1.78
disease	-2.01	0.98
abuse	-1.99	0.97
drank	-1.99	0.94
bleeding	-1.97	0.82
wet	-1.97	1.08
dishes	-1.97	1.05
treat	-1.95	0.64
bathroom	-1.95	1.10
claiming	-1.95	1.07
victim	-1.95	1.01
bet	-1.94	1.56
disorder	-1.94	1.13
decent	-1.93	1.69
problems	-1.93	0.91
syndrome	-1.93	1.15
causing	-1.92	0.95
commit	-1.90	0.94
feminists	-1.90	0.92
condition	-1.90	1.00
spit	-1.88	1.02
due	-1.88	0.92
uncomfortable	-1.87	2.05
known	-1.87	1.69
ridiculous	-1.87	1.59
avoid	-1.86	0.61
crimes	-1.86	0.99
fuckers	-1.86	1.97
deal	-1.86	1.14
breath	-1.86	0.86
anxiety	-1.85	1.06
afterwards	-1.85	0.70
cigarettes	-1.84	0.76
downvoting	-1.84	1.03
drink	-1.83	0.98
tap	-1.82	1.14
felt	-1.81	2.03
convince	-1.81	1.33
punishment	-1.79	1.04
pathetic	-1.79	0.75
kill	-1.79	0.78
cure	-1.78	0.90
towel	-1.78	1.07
issues	-1.77	0.89
record	-1.77	2.38
trash	-1.77	0.82
drinking	-1.77	0.96
desperate	-1.76	0.91
crime	-1.75	0.96
sick	-1.75	1.85
vodka	-1.74	0.99
addiction	-1.73	0.81
rape	-1.72	0.94
killing	-1.72	0.67
affected	-1.72	0.85
criminal	-1.71	0.96
fault	-1.70	1.08
wreck	-1.70	0.60
entire	-1.69	2.28
survived	-1.69	0.85
opposite	-1.68	2.65
improved	-1.68	1.68
tl	-1.68	1.50
accident	-1.68	0.98
dust	-1.67	0.86
lead	-1.67	0.69
circumstances	-1.67	0.94
guilty	-1.67	0.96
wound	-1.66	0.67
largest	-1.66	2.51
bothers	-1.65	0.99
point	-1.65	2.81
starving	-1.65	0.86
dry	-1.65	1.02
knows	-1.64	2.44
theft	-1.64	0.91
victims	-1.64	0.97
constant	-1.64	0.80
tells	-1.64	2.43
suggesting	-1.63	2.87
carpet	-1.63	0.97
hands	-1.63	1.03
anti	-1.62	0.73
similar	-1.62	1.48
struggling	-1.61	0.87
corrupt	-1.61	0.82
holocaust	-1.61	0.62
strange	-1.61	1.81
thinks	-1.61	2.44
cases	-1.61	1.07
syrup	-1.60	0.97
clearly	-1.60	2.93
camps	-1.60	0.61
poverty	-1.60	0.73
screwed	-1.60	2.27
precisely	-1.59	2.39
fact	-1.59	3.12
cares	-1.59	2.25
associated	-1.58	0.67
charged	-1.58	0.94
circlejerk	-1.57	1.14
wants	-1.57	2.49
hurt	-1.57	1.62
sees	-1.56	2.54
charges	-1.56	0.94
talk	-1.55	1.41
cringe	-1.55	1.51
permanent	-1.55	0.95
stroke	-1.53	1.11
mud	-1.53	0.76
criminals	-1.53	0.80
filled	-1.53	0.75
saying	-1.53	3.14
involved	-1.52	0.78
autism	-1.52	0.98
among	-1.52	0.74
death	-1.51	1.06
about	-1.51	1.73
violent	-1.50	0.78
bitter	-1.50	0.84
quality	-1.50	0.90
related	-1.49	0.75
disagree	-1.49	2.90
harsh	-1.49	0.95
leads	-1.48	0.79
says	-1.48	2.44
accidents	-1.48	1.00
owns	-1.47	2.49
calls	-1.47	2.32
calling	-1.46	0.88
imagine	-1.46	2.00
implying	-1.46	2.80
upset	-1.45	2.30
assault	-1.45	0.89
one	-1.45	2.67
soda	-1.45	0.86
dirt	-1.44	0.84
spread	-1.44	0.59
finds	-1.44	2.47
mass	-1.44	0.83
acts	-1.44	0.86
arrested	-1.43	0.89
mean	-1.43	3.28
dew	-1.43	0.96
confused	-1.42	2.32
attempted	-1.42	0.92
kitchen	-1.41	0.89
either	-1.41	3.33
violence	-1.41	0.69
situation	-1.41	0.93
lying	-1.40	1.06
deaths	-1.40	0.91
pool	-1.40	0.95
possible	-1.40	2.60
prevent	-1.39	0.76
coke	-1.39	0.86
responsibility	-1.38	0.79
majority	-1.38	0.62
arent	-1.38	0.95
justified	-1.38	0.73
juice	-1.38	0.93
amongst	-1.37	0.67
burden	-1.37	0.78
unhealthy	-1.37	0.61
dying	-1.36	0.90
bush	-1.36	0.74
effects	-1.36	0.82
beer	-1.36	0.90
damage	-1.36	0.81
described	-1.35	0.78
seen	-1.35	2.69
catch	-1.35	1.01
liar	-1.35	0.96
lots	-1.35	0.77
fucked	-1.35	1.94
booze	-1.34	0.70
harm	-1.34	0.80
however	-1.34	3.27
disaster	-1.34	0.91
redditors	-1.34	1.12
prison	-1.34	1.12
only	-1.33	2.11
occur	-1.33	0.78
gets	-1.32	1.13
ve	-1.32	2.72
agree	-1.32	3.33
heard	-1.32	1.73
knew	-1.32	1.13
said	-1.32	1.51
destruction	-1.31	0.80
water	-1.31	0.85
forcing	-1.31	0.94
thing	-1.31	2.65
ironic	-1.31	2.00
make	-1.31	1.90
jail	-1.31	1.12
led	-1.30	0.72
does	-1.30	2.06
trolls	-1.30	1.03
nazis	-1.30	0.57
dish	-1.30	0.86
stereotype	-1.30	0.85
treating	-1.30	0.70
crash	-1.30	0.85
arrest	-1.29	0.83
ants	-1.29	1.09
cared	-1.29	1.84
bite	-1.29	0.75
ever	-1.29	2.79
care	-1.29	1.66
advantage	-1.28	0.70
bee	-1.28	0.91
generic	-1.28	0.80
never	-1.28	1.97
cherry	-1.28	1.05
slavery	-1.28	0.72
shocked	-1.27	2.26
everytime	-1.27	0.96
ive	-1.27	2.69
stress	-1.27	1.03
jerk	-1.26	0.95
worthless	-1.26	0.81
acid	-1.26	0.59
me	-1.26	1.68
another	-1.26	2.69
else	-1.26	2.01
knowing	-1.26	1.53
problem	-1.25	1.40
fluid	-1.25	0.77
pretentious	-1.25	0.77
happening	-1.25	1.55
obama	-1.24	0.71
happen	-1.24	2.10
incident	-1.24	0.91
gt	-1.24	3.36
happens	-1.24	1.71
were	-1.24	1.16
waste	-1.24	0.75
excuse	-1.23	0.90
exist	-1.23	1.66
punk	-1.23	0.84
beers	-1.23	0.90
drinks	-1.23	0.77
fans	-1.23	0.96
alcohol	-1.22	0.66
listen	-1.22	0.80
has	-1.22	1.60
full	-1.22	0.58
leading	-1.22	0.73
pretend	-1.21	2.27
supporting	-1.21	1.10
arguing	-1.21	1.72
identify	-1.21	1.07
bothered	-1.21	1.82
sounds	-1.20	1.62
useless	-1.20	0.96
tragedy	-1.20	1.82
acknowledge	-1.20	1.20
gives	-1.20	1.09
happened	-1.20	1.62
litter	-1.20	1.01
liberal	-1.20	0.70
homeless	-1.20	0.82
bottles	-1.20	0.76
way	-1.20	1.80
intense	-1.20	0.98
single	-1.20	2.75
ebola	-1.20	0.75
telling	-1.20	1.49
mixed	-1.19	0.92
yet	-1.19	1.77
drug	-1.19	0.62
part	-1.19	2.70
injured	-1.19	0.76
sue	-1.19	1.17
bunch	-1.19	0.84
followed	-1.18	0.79
extreme	-1.18	0.89
cynical	-1.18	0.85
easiest	-1.18	2.67
blacks	-1.18	0.70
right	-1.18	3.27
nobody	-1.18	1.88
bs	-1.18	0.89
re	-1.18	3.20
outcome	-1.18	0.85
claimed	-1.17	1.09
whites	-1.17	0.70
fill	-1.17	0.75
diabetes	-1.17	0.78
aids	-1.17	0.64
trial	-1.16	0.98
tell	-1.16	2.36
likely	-1.16	1.47
risk	-1.16	0.75
vacuum	-1.16	0.83
scumbag	-1.16	0.93
9/11	-1.16	0.83
discovered	-1.16	0.81
except	-1.15	1.61
worlds	-1.15	2.81
sucked	-1.15	1.98
solved	-1.15	0.80
bottle	-1.15	0.78
reason	-1.15	2.17
selfish	-1.15	0.72
strongly	-1.15	1.12
argue	-1.15	2.22
sudden	-1.15	0.75
biggest	-1.15	2.73
attacking	-1.14	0.68
aware	-1.14	1.16
he/she	-1.14	1.76
terrorism	-1.14	0.70
decides	-1.14	2.00
quit	-1.14	0.75
familiar	-1.13	2.01
feeling	-1.13	1.28
junk	-1.13	0.69
changed	-1.13	0.97
ugly	-1.13	1.33
cheap	-1.13	0.68
factors	-1.13	0.84
cans	-1.12	0.80
situations	-1.12	0.84
lazy	-1.12	0.85
watches	-1.12	2.40
embarrassed	-1.12	2.36
wine	-1.12	0.75
anyone	-1.11	2.04
things	-1.11	1.77
minor	-1.11	1.13
handled	-1.11	0.69
nightmare	-1.11	1.36
hide	-1.11	0.84
idiots	-1.11	0.87
wanted	-1.11	1.73
mainly	-1.11	0.81
who	-1.11	1.71
clue	-1.10	1.92
world	-1.10	2.80
stating	-1.10	1.91
hurting	-1.10	1.18
sometimes	-1.10	1.68
been	-1.10	1.94
whole	-1.10	2.61
stupid	-1.09	0.96
decide	-1.09	1.61
whore	-1.09	0.85
throat	-1.09	0.67
scenario	-1.09	0.95
talking	-1.09	2.09
unless	-1.09	2.72
weird	-1.08	1.86
jew	-1.08	0.54
signs	-1.08	0.91
or	-1.08	2.50
case	-1.08	1.95
organs	-1.08	0.59
support	-1.08	1.24
had	-1.08	1.39
torn	-1.08	0.74
jews	-1.08	0.54
dramatic	-1.08	2.06
general	-1.08	0.78
true	-1.08	3.25
trust	-1.07	1.73
smug	-1.07	0.77
lie	-1.07	2.02
punch	-1.07	0.80
scar	-1.07	0.73
ignoring	-1.07	1.23
listening	-1.06	0.74
anything	-1.06	2.45
marijuana	-1.06	0.65
there	-1.06	2.28
sound	-1.06	0.73
instant	-1.06	0.88
much	-1.05	1.04
nervous	-1.05	1.71
bowl	-1.05	0.70
always	-1.05	1.84
matter	-1.05	2.52
unfair	-1.05	1.24
assholes	-1.05	0.80
flies	-1.05	1.20
understand	-1.05	2.42
buys	-1.04	2.07
pills	-1.04	0.65
which	-1.04	2.17
tries	-1.04	1.65
cocaine	-1.04	0.61
obesity	-1.04	0.68
legitimately	-1.04	1.66
struggle	-1.04	0.86
innocent	-1.04	0.63
drugs	-1.03	0.61
with	-1.03	1.12
tired	-1.03	1.29
looting	-1.03	0.66
pour	-1.03	0.71
hardest	-1.03	2.66
gotten	-1.03	1.57
ignored	-1.03	1.20
deadly	-1.02	0.71
voted	-1.02	0.77
ignore	-1.02	1.59
bags	-1.02	0.70
annoyed	-1.02	1.58
see	-1.02	2.33
asked	-1.02	1.30
deeply	-1.02	2.20
defend	-1.02	0.93
tea	-1.02	0.76
touched	-1.01	0.80
crack	-1.01	0.65
heroin	-1.01	0.61
poison	-1.01	1.04
rough	-1.01	0.98
issue	-1.01	1.19
reduce	-1.01	0.72
did	-1.01	2.38
toss	-1.01	0.75
normal	-1.01	0.92
where	-1.01	2.25
bullshit	-1.00	0.89
whatever	-1.00	2.51
doesnt	-1.00	1.76
done	-1.00	1.68
no	-1.00	2.41
wise	-1.00	1.66
far	-1.00	1.28
ruining	-1.00	0.70
expect	-1.00	2.26
recognize	-1.00	1.37
cheating	-0.99	1.21
meth	-0.99	0.61
racism	-0.99	0.77
offense	-0.99	1.21
explain	-0.99	2.09
more	-0.99	1.16
irrelevant	-0.99	1.60
nothing	-0.99	2.21
asks	-0.98	2.37
entitled	-0.98	0.80
believe	-0.98	2.51
truth	-0.98	2.03
decided	-0.98	1.55
supposed	-0.98	2.44
also	-0.98	2.34
existed	-0.98	0.81
better	-0.98	1.15
ask	-0.98	1.93
die	-0.98	0.95
nonsense	-0.97	1.02
call	-0.97	1.58
mentally	-0.97	0.98
doing	-0.97	3.03
usual	-0.97	0.92
ripped	-0.97	0.85
anybody	-0.97	2.04
matters	-0.97	1.48
panic	-0.97	0.86
suspect	-0.97	0.75
harder	-0.96	0.96
figure	-0.96	2.28
anymore	-0.96	2.46
remove	-0.96	0.84
spreading	-0.96	0.72
douchebag	-0.96	0.82
concerned	-0.96	1.31
liquor	-0.96	0.61
wondered	-0.96	1.22
know	-0.96	2.55
dies	-0.96	1.59
deny	-0.96	1.56
assume	-0.95	2.61
lot	-0.95	1.12
if	-0.95	2.61
corruption	-0.95	0.74
coffee	-0.95	0.68
explained	-0.95	1.03
could	-0.95	2.15
help	-0.95	1.97
bother	-0.95	2.14
riots	-0.94	0.71
obviously	-0.94	2.64
habit	-0.94	0.66
first	-0.94	2.11
highest	-0.94	1.09
spiders	-0.94	1.17
immediate	-0.94	0.76
treats	-0.93	2.15
he	-0.93	1.59
cups	-0.93	0.67
told	-0.93	1.14
favor	-0.93	1.38
joint	-0.93	0.60
why	-0.93	2.58
mentioning	-0.93	1.32
prove	-0.93	1.67
say	-0.93	2.59
doubt	-0.93	2.35
knees	-0.93	0.66
consequences	-0.93	0.93
tagged	-0.93	0.83
goes	-0.93	1.67
somebody	-0.93	1.66
false	-0.93	1.71
bag	-0.92	0.65
same	-0.92	1.44
try	-0.92	1.75
court	-0.92	0.99
container	-0.92	0.66
twice	-0.92	1.73
any	-0.92	1.80
less	-0.92	1.00
understood	-0.92	1.12
pot	-0.92	0.63
kicking	-0.92	1.06
realize	-0.92	2.16
they	-0.92	2.55
against	-0.92	0.75
faster	-0.92	0.95
want	-0.92	2.23
racial	-0.92	0.75
whenever	-0.92	1.47
rude	-0.92	0.77
cheaper	-0.92	0.91
myth	-0.92	1.23
closest	-0.91	2.69
bands	-0.91	0.74
downvotes	-0.91	1.09
actions	-0.91	0.96
picking	-0.91	0.98
internal	-0.91	0.69
strikes	-0.91	0.70
decisions	-0.91	1.03
songs	-0.91	0.77
myself	-0.91	1.45
remind	-0.91	1.99
destroying	-0.91	0.66
them	-0.90	2.02
wanting	-0.90	1.51
ca	-0.90	2.06
absolute	-0.90	1.62
valid	-0.90	1.95
rioting	-0.90	0.68
ignorant	-0.90	0.84
repeatedly	-0.90	1.09
empty	-0.90	0.66
sensitive	-0.90	0.95
supported	-0.90	1.01
broken	-0.90	0.96
guilt	-0.89	0.79
pipe	-0.89	0.66
we	-0.89	2.17
floors	-0.89	0.78
even	-0.89	2.59
come	-0.89	1.94
can	-0.89	2.05
something	-0.89	2.53
notice	-0.89	1.82
apples	-0.89	0.83
comparable	-0.89	0.84
jury	-0.89	1.05
comparing	-0.89	1.03
common	-0.89	0.83
anywhere	-0.89	2.24
whoring	-0.88	0.91
someone	-0.88	1.71
helped	-0.88	1.12
recorded	-0.88	1.34
mood	-0.88	0.85
wo	-0.88	2.09
counter	-0.88	0.71
boring	-0.88	1.07
opposed	-0.88	1.26
upvoting	-0.87	0.94
probably	-0.87	2.35
chest	-0.87	0.70
petty	-0.87	0.80
lowest	-0.87	1.18
course	-0.87	2.61
conspiracy	-0.87	0.88
major	-0.87	0.86
difference	-0.87	1.73
wonder	-0.87	2.22
hip	-0.87	0.56
mentioned	-0.87	1.06
hint	-0.87	0.99
asshole	-0.87	0.81
judge	-0.87	1.21
reasons	-0.86	1.12
downvoted	-0.86	1.07
excessive	-0.86	0.83
leaves	-0.86	0.90
pepper	-0.86	0.81
reposts	-0.86	0.90
willing	-0.86	1.71
easier	-0.86	1.14
regular	-0.86	0.69
fine	-0.86	3.17
conflict	-0.86	0.79
chose	-0.86	1.37
going	-0.86	2.51
yell	-0.86	0.94
rain	-0.86	0.68
get	-0.86	2.11
pick	-0.86	1.33
hear	-0.86	0.71
simply	-0.86	2.33
commenting	-0.85	1.10
runs	-0.85	1.73
find	-0.85	2.08
otherwise	-0.85	2.23
maybe	-0.85	2.52
breathe	-0.85	0.75
because	-0.84	2.63
initially	-0.84	1.04
most	-0.84	2.53
flavor	-0.84	1.09
killed	-0.84	0.67
smaller	-0.84	0.93
possibility	-0.84	0.97
idiotic	-0.84	1.10
barely	-0.84	1.21
be	-0.84	2.42
tried	-0.84	1.41
music	-0.84	0.72
rub	-0.84	0.86
emotional	-0.84	0.83
expected	-0.84	1.09
compare	-0.84	1.60
blown	-0.84	1.18
filling	-0.83	0.63
flood	-0.83	0.67
just	-0.83	2.66
unrelated	-0.83	0.93
complete	-0.83	0.65
smoking	-0.83	0.72
go	-0.83	2.01
threatened	-0.83	1.13
complicated	-0.83	1.04
ferguson	-0.83	0.70
newer	-0.83	0.66
than	-0.83	0.99
throwing	-0.83	0.69
knee	-0.82	0.64
suggested	-0.82	1.18
then	-0.82	1.92
wherever	-0.82	1.58
yourself	-0.82	1.74
him	-0.82	1.66
should	-0.82	2.13
pack	-0.82	0.71
bees	-0.82	1.13
stand	-0.82	1.81
stop	-0.82	1.18
higher	-0.82	0.74
already	-0.82	1.50
orange	-0.82	0.96
change	-0.82	1.25
struck	-0.82	0.86
cops	-0.81	0.71
concert	-0.81	0.75
again	-0.81	2.15
treated	-0.81	0.57
racist	-0.81	0.94
might	-0.81	2.45
removing	-0.81	0.77
blows	-0.81	0.77
hop	-0.81	0.68
pointed	-0.81	1.00
think	-0.81	2.59
whether	-0.81	1.52
suggests	-0.81	1.45
practically	-0.80	1.13
ghetto	-0.80	0.65
destroy	-0.80	0.66
increasing	-0.80	0.78
closer	-0.80	1.00
leave	-0.80	1.91
claim	-0.80	1.61
nowadays	-0.80	0.84
people	-0.80	1.46
pointless	-0.80	1.02
cry	-0.80	2.10
once	-0.80	1.49
mob	-0.80	0.70
reduced	-0.80	0.78
alone	-0.79	2.02
nicer	-0.79	0.98
thrown	-0.79	0.68
manage	-0.79	1.23
personally	-0.79	1.83
fair	-0.79	2.21
increased	-0.79	0.78
existence	-0.79	0.88
awhile	-0.79	1.50
threatening	-0.79	0.71
cuts	-0.79	0.65
straw	-0.79	0.99
oxygen	-0.79	0.72
damaged	-0.79	0.75
exists	-0.78	1.16
douche	-0.78	0.78
puts	-0.78	1.69
destroyed	-0.78	0.66
need	-0.78	2.12
riot	-0.78	0.69
pressure	-0.78	0.58
afraid	-0.78	1.56
theirs	-0.78	1.27
proven	-0.78	1.27
stopping	-0.78	1.08
significantly	-0.78	0.90
assure	-0.78	1.83
exception	-0.78	1.30
pulls	-0.77	1.61
cup	-0.77	0.59
prick	-0.77	0.79
affect	-0.77	0.79
milk	-0.77	0.64
lies	-0.77	1.14
moron	-0.77	0.96
hearing	-0.77	0.71
bigger	-0.77	0.99
able	-0.77	1.67
let	-0.77	1.94
actually	-0.77	2.51
would	-0.77	2.34
side	-0.77	1.37
physically	-0.77	1.10
cell	-0.77	0.66
plastic	-0.76	0.67
besides	-0.76	1.30
thought	-0.76	1.49
customers	-0.76	0.85
cooking	-0.76	0.68
powder	-0.76	0.59
guarantee	-0.76	2.21
putin	-0.76	0.75
factor	-0.76	0.90
cooler	-0.76	0.95
d	-0.76	2.28
worry	-0.76	2.16
acting	-0.76	0.75
urge	-0.76	1.18
chemicals	-0.76	0.78
possibly	-0.76	1.51
decision	-0.76	1.06
what	-0.76	2.68
liquid	-0.76	0.64
slower	-0.76	0.90
serial	-0.76	0.72
bin	-0.76	0.67
type	-0.75	1.09
justice	-0.75	0.82
follow	-0.75	1.18
almost	-0.75	1.43
react	-0.75	0.92
ll	-0.75	2.02
portion	-0.75	1.39
chairs	-0.75	0.91
bone	-0.75	0.68
gum	-0.75	0.69
pop	-0.75	0.64
offended	-0.74	1.53
sense	-0.74	1.43
potentially	-0.74	0.73
move	-0.74	1.63
plain	-0.74	0.83
sexist	-0.74	0.83
trying	-0.74	1.45
anytime	-0.74	1.58
gallon	-0.74	0.63
fast	-0.74	0.91
bombing	-0.74	0.59
noticed	-0.74	1.08
loses	-0.74	1.67
physical	-0.74	0.79
beating	-0.74	0.69
defensive	-0.74	1.17
loser	-0.74	0.86
choose	-0.73	1.51
shallow	-0.73	0.69
meaningless	-0.73	1.01
escape	-0.73	0.76
weed	-0.73	0.71
carbon	-0.73	0.76
dont	-0.73	2.29
civilian	-0.73	0.66
applies	-0.73	1.23
claims	-0.73	1.49
charge	-0.73	0.74
wont	-0.73	1.84
seek	-0.73	0.79
rats	-0.73	0.99
sure	-0.73	2.55
hits	-0.73	1.25
grand	-0.73	0.95
handle	-0.73	0.99
protesting	-0.73	0.71
throughout	-0.73	0.86
protests	-0.72	0.70
protest	-0.72	0.70
protesters	-0.72	0.65
glass	-0.72	0.70
exactly	-0.72	2.54
worried	-0.72	1.59
sounded	-0.72	0.96
when	-0.72	1.49
burns	-0.72	0.59
handful	-0.72	0.70
gang	-0.72	0.60
cracked	-0.72	0.89
breaks	-0.71	1.30
all	-0.71	2.21
stealing	-0.71	0.83
nazi	-0.71	0.74
basically	-0.71	1.80
increase	-0.71	0.76
may	-0.71	2.40
before	-0.71	1.40
band	-0.71	0.72
remember	-0.70	1.88
answered	-0.70	1.14
proves	-0.70	1.43
event	-0.70	0.99
low	-0.70	0.74
packs	-0.70	0.63
police	-0.70	0.68
blew	-0.70	0.80
refused	-0.70	1.29
survive	-0.70	0.90
solve	-0.70	1.14
unknown	-0.70	0.76
levels	-0.70	0.67
naive	-0.70	1.00
fool	-0.70	0.95
loud	-0.70	0.75
longer	-0.69	0.98
bones	-0.69	0.70
unlikely	-0.69	1.06
brain	-0.69	0.67
attack	-0.69	0.65
previously	-0.69	1.22
moves	-0.69	1.32
offensive	-0.69	1.44
rates	-0.69	0.66
managed	-0.69	1.24
facts	-0.69	1.71
supposedly	-0.69	0.75
thankfully	-0.69	0.80
constantly	-0.69	0.87
attacks	-0.68	0.65
position	-0.68	1.11
op	-0.68	0.92
reported	-0.68	0.72
occasionally	-0.68	1.02
flow	-0.68	0.62
believing	-0.68	0.92
floor	-0.68	0.71
getting	-0.68	1.29
smoked	-0.68	0.68
consider	-0.68	1.88
arguments	-0.68	1.66
communities	-0.68	0.63
burned	-0.68	0.58
threat	-0.67	0.72
indirect	-0.67	1.71
thinking	-0.67	2.02
coal	-0.67	0.62
defense	-0.67	0.77
minority	-0.67	0.60
rocks	-0.67	0.62
insulting	-0.67	1.24
spoon	-0.67	0.65
sand	-0.67	0.63
attitude	-0.67	0.74
beaten	-0.67	0.78
discuss	-0.67	1.50
mostly	-0.67	0.94
crowd	-0.67	0.71
blowing	-0.67	0.72
trouble	-0.67	1.35
bound	-0.67	0.84
walks	-0.67	2.38
assuming	-0.66	1.84
jewish	-0.66	0.55
refuse	-0.66	1.40
lately	-0.66	1.02
left	-0.66	1.11
catching	-0.66	0.71
blow	-0.66	0.96
still	-0.66	2.37
allowed	-0.66	1.59
reposting	-0.66	0.88
sort	-0.66	1.10
argument	-0.66	1.77
themselves	-0.66	1.29
tube	-0.66	0.66
easily	-0.65	1.43
song	-0.65	0.65
throw	-0.65	0.85
impossible	-0.65	1.22
pig	-0.65	0.68
forget	-0.65	2.07
forced	-0.65	1.05
coolest	-0.65	2.64
unable	-0.65	1.20
germans	-0.65	0.74
likes	-0.65	2.34
unarmed	-0.64	0.66
stem	-0.64	0.62
broke	-0.64	0.89
gone	-0.64	1.29
instantly	-0.64	0.98
slight	-0.64	0.89
shorter	-0.64	0.92
save	-0.64	1.28
witness	-0.63	1.10
fire	-0.63	0.59
misleading	-0.63	2.74
m	-0.63	1.76
safer	-0.63	0.91
differences	-0.63	1.03
prepared	-0.63	0.84
discussing	-0.63	1.36
customer	-0.63	0.89
yelling	-0.63	0.86
trapped	-0.63	0.91
chance	-0.63	1.50
teenagers	-0.63	0.89
realise	-0.63	1.55
cover	-0.63	0.59
run	-0.62	1.22
realizing	-0.62	1.22
allergic	-0.62	0.78
fucks	-0.62	0.90
ate	-0.62	0.70
location	-0.62	0.99
rise	-0.62	0.62
although	-0.62	2.29
according	-0.62	1.34
bias	-0.62	0.99
fridge	-0.62	0.62
every	-0.62	1.73
whereas	-0.62	1.12
scream	-0.62	0.77
angry	-0.62	1.61
civilians	-0.61	0.62
from	-0.61	1.30
dumbass	-0.61	1.03
making	-0.61	1.74
act	-0.61	0.72
explosion	-0.61	0.68
reddit	-0.61	0.93
definitely	-0.61	2.51
presented	-0.61	1.33
certainly	-0.61	2.29
stated	-0.61	1.42
sugar	-0.61	0.60
attempting	-0.61	1.19
wouldnt	-0.61	1.96
neckbeard	-0.61	1.13
involve	-0.61	0.77
danger	-0.61	0.77
cancer	-0.61	0.70
shooting	-0.61	0.67
dealer	-0.61	0.60
vary	-0.60	0.86
lame	-0.60	0.84
condescending	-0.60	0.83
these	-0.60	0.91
choosing	-0.60	1.12
severely	-0.60	1.13
99	-0.60	0.81
lethal	-0.60	0.67
social	-0.60	0.72
trained	-0.60	0.70
hungry	-0.60	1.45
health	-0.60	0.77
crushed	-0.60	0.67
out	-0.60	1.44
noise	-0.60	0.70
rock	-0.59	0.56
texture	-0.59	1.00
fuel	-0.59	0.62
real	-0.59	1.90
actively	-0.59	1.10
as	-0.59	2.02
owners	-0.59	0.60
third	-0.59	1.87
soviet	-0.59	0.63
risky	-0.59	1.27
contrary	-0.59	1.79
reasonable	-0.59	1.21
group	-0.59	0.59
spray	-0.59	0.93
established	-0.59	0.86
mainstream	-0.59	0.70
versus	-0.59	1.41
platform	-0.59	0.77
how	-0.59	2.39
cant	-0.59	1.87
rate	-0.59	0.69
germany	-0.58	0.65
everyone	-0.58	1.64
randomly	-0.58	0.98
little	-0.58	2.16
feminist	-0.58	0.70
made	-0.58	1.08
idiot	-0.58	1.00
saw	-0.58	1.07
lower	-0.58	0.69
bundle	-0.58	0.79
meat	-0.58	0.68
across	-0.58	0.90
ground	-0.58	0.66
murdered	-0.58	0.68
nsa	-0.58	0.65
privilege	-0.58	0.73
alot	-0.58	1.10
educate	-0.58	1.41
burn	-0.58	0.67
improve	-0.58	0.80
steam	-0.58	0.64
holds	-0.58	1.07
cells	-0.57	0.62
creates	-0.57	0.70
guitar	-0.57	0.60
tested	-0.57	0.85
protecting	-0.57	0.76
climate	-0.57	0.62
immediately	-0.57	1.13
will	-0.57	1.80
figured	-0.57	1.42
stops	-0.57	1.20
roll	-0.56	0.73
question	-0.56	1.92
despite	-0.56	1.03
fewer	-0.56	0.73
obese	-0.56	0.81
melted	-0.56	0.55
merely	-0.56	2.04
belly	-0.56	0.66
shown	-0.56	1.02
time	-0.56	1.74
backed	-0.55	1.05
israeli	-0.55	0.58
following	-0.55	0.93
us	-0.55	1.21
logic	-0.55	1.62
mistaken	-0.55	2.83
tend	-0.55	0.79
air	-0.55	0.63
random	-0.55	0.91
kicked	-0.55	0.98
palestinians	-0.55	0.54
into	-0.55	0.92
wwii	-0.55	0.59
lets	-0.55	1.57
nor	-0.55	1.71
bombs	-0.55	0.60
drops	-0.55	0.75
evidence	-0.55	1.38
scared	-0.55	1.66
blast	-0.55	0.60
concern	-0.55	1.15
significant	-0.54	0.73
popular	-0.54	0.64
adds	-0.54	0.77
smarter	-0.54	0.94
convenient	-0.54	1.04
by	-0.54	1.02
explains	-0.54	1.14
laid	-0.54	1.03
salt	-0.54	0.64
convinced	-0.54	1.22
brush	-0.54	0.98
gas	-0.54	0.59
fear	-0.54	0.89
revolution	-0.54	0.64
second	-0.54	1.76
leg	-0.54	0.66
legitimate	-0.54	1.30
contains	-0.54	0.72
muscles	-0.54	0.64
choice	-0.54	1.53
regularly	-0.54	0.92
unnecessary	-0.53	1.12
threads	-0.53	0.93
ww2	-0.53	0.59
lit	-0.53	0.60
potential	-0.53	0.73
millions	-0.53	0.68
encourage	-0.53	1.08
honestly	-0.53	2.39
belief	-0.53	1.09
judging	-0.53	1.18
sooner	-0.53	1.40
luckily	-0.53	0.98
solution	-0.53	1.10
stereotypes	-0.53	1.01
busy	-0.53	1.15
contribute	-0.53	0.82
bit	-0.53	1.11
determine	-0.53	1.23
laying	-0.53	0.69
coming	-0.53	1.47
thousands	-0.53	0.66
focused	-0.53	0.76
assumptions	-0.53	1.67
surprised	-0.53	1.56
enforcement	-0.52	0.70
terrorist	-0.52	0.62
fag	-0.52	0.89
easy	-0.52	1.04
apparent	-0.52	0.84
total	-0.52	0.83
gaza	-0.52	0.58
stream	-0.52	0.72
asking	-0.52	1.64
funny	-0.52	2.04
population	-0.52	0.67
ours	-0.52	0.98
letting	-0.52	1.39
logical	-0.51	1.63
skull	-0.51	0.71
reads	-0.51	1.68
opens	-0.51	1.35
property	-0.51	0.87
surprising	-0.51	1.98
average	-0.51	0.72
raped	-0.51	0.74
chunk	-0.51	0.93
gravity	-0.51	0.92
cook	-0.51	0.60
ones	-0.51	1.15
relate	-0.51	1.62
regarding	-0.51	1.09
upvoted	-0.51	0.92
frequently	-0.51	0.98
race	-0.51	0.77
reasoning	-0.51	1.68
purchased	-0.51	1.18
loads	-0.51	0.67
direction	-0.51	1.21
global	-0.50	0.64
bomb	-0.50	0.62
put	-0.50	1.02
hipster	-0.50	0.74
created	-0.50	0.81
bored	-0.50	1.62
larger	-0.50	0.82
basis	-0.50	1.32
assumption	-0.50	1.74
oven	-0.50	0.59
repost	-0.50	0.89
fires	-0.50	0.57
least	-0.50	1.46
protect	-0.50	0.74
conclusion	-0.50	1.88
singing	-0.50	0.59
turns	-0.50	1.13
opportunity	-0.50	1.24
circle	-0.50	0.89
breathing	-0.50	0.58
spin	-0.50	1.14
slave	-0.50	0.72
allow	-0.50	1.21
realized	-0.50	1.14
caught	-0.50	0.88
certain	-0.50	0.84
mentality	-0.49	0.76
israel	-0.49	0.55
back	-0.49	1.39
statistics	-0.49	1.09
pollution	-0.49	0.62
found	-0.49	1.00
wait	-0.49	2.09
jam	-0.49	0.44
zero	-0.49	0.97
proof	-0.49	1.47
weather	-0.49	0.60
afford	-0.49	0.95
apparently	-0.49	1.60
vs	-0.49	0.94
turning	-0.49	1.12
statements	-0.49	1.71
arm	-0.49	0.64
rarely	-0.49	1.08
plenty	-0.49	0.85
ingredients	-0.48	0.61
economic	-0.48	0.70
radiation	-0.48	0.64
uses	-0.48	1.76
hamas	-0.48	0.60
serving	-0.48	0.59
option	-0.48	1.17
nuclear	-0.48	0.59
judgement	-0.48	1.26
jar	-0.48	0.57
explode	-0.48	0.63
seem	-0.48	1.61
scratch	-0.48	0.76
steal	-0.48	1.02
admit	-0.48	1.84
showed	-0.48	1.14
religious	-0.48	0.79
1	-0.48	1.80
chemical	-0.48	0.67
communist	-0.48	0.51
ceiling	-0.48	0.70
entirely	-0.47	1.64
nation	-0.47	1.68
efficient	-0.47	0.83
dumb	-0.47	0.95
dare	-0.47	1.54
track	-0.47	0.78
informed	-0.47	0.92
holes	-0.47	0.64
got	-0.47	1.21
country	-0.47	1.71
hit	-0.47	0.72
important	-0.47	0.79
everybody	-0.47	2.15
sideways	-0.47	1.16
wrist	-0.47	0.66
potatoes	-0.47	0.63
helps	-0.47	1.09
snakes	-0.46	1.01
allowing	-0.46	1.09
dicks	-0.46	0.75
matches	-0.46	0.59
buy	-0.46	0.88
soup	-0.46	0.62
rack	-0.46	0.63
typically	-0.46	0.93
ways	-0.46	1.11
cardboard	-0.46	0.66
and/or	-0.46	0.97
food	-0.46	0.59
hitting	-0.46	0.82
i.e	-0.46	1.12
shortly	-0.46	0.95
prices	-0.46	0.60
challenge	-0.46	1.07
elderly	-0.46	0.68
retard	-0.46	0.85
faggot	-0.46	0.84
statement	-0.46	1.93
downvote	-0.45	0.94
fights	-0.45	0.70
drivers	-0.45	0.64
facing	-0.45	1.20
shoulder	-0.45	0.63
stuck	-0.45	0.67
small	-0.45	0.72
below	-0.45	0.67
palestinian	-0.45	0.55
land	-0.45	0.77
including	-0.45	0.83
breaking	-0.45	0.84
owned	-0.45	1.05
4chan	-0.45	1.02
moral	-0.45	1.09
deeper	-0.45	0.73
wasting	-0.44	1.08
beat	-0.44	0.90
different	-0.44	0.86
break	-0.44	0.94
freaked	-0.44	1.46
tends	-0.44	0.91
price	-0.44	0.62
chef	-0.44	0.60
sorts	-0.44	0.86
lawyer	-0.44	0.89
off	-0.44	0.97
top	-0.44	1.02
sing	-0.44	0.58
cunt	-0.44	0.84
apple	-0.44	0.76
freeze	-0.44	0.54
typical	-0.44	0.74
contain	-0.44	0.71
groups	-0.44	0.67
attacked	-0.44	0.71
large	-0.44	0.88
curious	-0.44	1.59
bananas	-0.44	0.72
often	-0.44	1.02
cop	-0.44	0.78
frozen	-0.43	0.56
died	-0.43	0.88
1/2	-0.43	0.64
falls	-0.43	0.87
based	-0.43	1.31
himself	-0.43	1.03
feminism	-0.43	0.86
needs	-0.43	1.58
being	-0.43	0.84
options	-0.43	1.00
yes	-0.43	3.01
toast	-0.43	0.59
tables	-0.43	0.67
intentionally	-0.43	1.46
sell	-0.43	0.88
touch	-0.43	1.16
traffic	-0.43	0.71
massive	-0.43	0.90
insurance	-0.43	0.76
arms	-0.43	0.64
instead	-0.43	1.23
keeps	-0.43	0.96
collapse	-0.43	0.63
pushed	-0.42	0.89
benefit	-0.42	0.87
determined	-0.42	1.03
terrorists	-0.42	0.59
sells	-0.42	0.89
snow	-0.42	0.55
cooked	-0.42	0.62
dozen	-0.42	0.81
numerous	-0.42	0.80
prior	-0.42	0.78
slaves	-0.42	0.67
organized	-0.42	0.72
middle	-0.42	1.17
factory	-0.42	0.68
beans	-0.42	0.65
responding	-0.42	1.41
wilson	-0.42	0.77
widely	-0.42	1.12
stays	-0.42	0.92
boxes	-0.42	0.60
others	-0.42	1.15
imagined	-0.42	0.83
neighbors	-0.41	0.64
itself	-0.41	1.22
ton	-0.41	0.74
placed	-0.41	0.75
organic	-0.41	0.73
behavior	-0.41	0.79
analogy	-0.41	1.74
instance	-0.41	1.54
warming	-0.41	0.79
disturbing	-0.41	2.05
karma	-0.41	0.82
knocked	-0.41	0.87
counts	-0.41	1.48
half	-0.41	1.09
bars	-0.41	0.52
slice	-0.41	0.63
tuna	-0.41	0.62
surface	-0.41	0.65
greater	-0.40	0.76
hole	-0.40	0.64
elected	-0.40	0.60
delicious	-0.40	1.02
aspect	-0.40	0.94
initial	-0.40	1.11
voting	-0.40	0.73
motorcycle	-0.40	0.63
hundreds	-0.40	0.74
etc	-0.40	0.81
recent	-0.40	0.76
blind	-0.40	0.96
drunk	-0.40	0.84
turn	-0.40	1.06
somehow	-0.40	1.56
examples	-0.40	1.28
thread	-0.40	1.04
depending	-0.40	0.94
chocolate	-0.40	0.64
muslims	-0.40	0.64
sold	-0.40	0.91
rockets	-0.39	0.58
slightly	-0.39	0.99
salad	-0.39	0.60
pushing	-0.39	0.94
lifestyle	-0.39	0.71
oc	-0.39	0.91
came	-0.39	1.05
album	-0.39	0.73
ukraine	-0.39	0.72
jump	-0.39	0.94
selling	-0.39	0.88
balloon	-0.39	0.59
stopped	-0.39	0.93
palestine	-0.39	0.56
running	-0.39	0.92
cold	-0.39	0.62
emergency	-0.39	0.85
guess	-0.39	2.54
peanut	-0.39	0.55
float	-0.39	0.75
yours	-0.39	1.59
sticks	-0.39	0.69
starts	-0.39	0.89
necessarily	-0.39	1.93
answer	-0.39	1.94
standing	-0.39	1.18
muslim	-0.39	0.63
bar	-0.38	0.57
comes	-0.38	1.27
kinds	-0.38	0.85
countless	-0.38	0.76
camp	-0.38	0.55
types	-0.38	0.83
strike	-0.38	0.61
events	-0.38	0.77
points	-0.38	0.92
regards	-0.38	1.26
bedroom	-0.38	0.65
bread	-0.38	0.57
pan	-0.38	0.56
edgy	-0.38	1.08
theory	-0.38	1.33
financial	-0.38	0.72
places	-0.38	1.27
having	-0.38	1.19
knock	-0.38	0.91
dozens	-0.38	0.80
kept	-0.38	0.98
walk	-0.37	1.19
officer	-0.37	0.73
relative	-0.37	0.90
bottom	-0.37	0.81
genetic	-0.37	0.71
finger	-0.37	0.64
wasted	-0.37	0.81
somewhere	-0.37	1.40
aside	-0.37	1.08
equal	-0.37	0.83
bend	-0.37	0.82
slow	-0.37	0.89
freezing	-0.37	0.60
bubble	-0.37	0.58
putting	-0.37	1.15
driving	-0.37	0.63
away	-0.37	1.11
difficult	-0.37	0.92
propaganda	-0.37	0.88
earth	-0.36	1.37
officers	-0.36	0.64
began	-0.36	0.81
meant	-0.36	2.02
down	-0.36	1.02
responded	-0.36	1.18
government	-0.36	0.67
rice	-0.36	0.60
create	-0.36	0.77
basement	-0.36	0.66
presence	-0.36	0.72
toward	-0.36	0.93
buying	-0.36	0.86
happily	-0.36	1.37
butter	-0.36	0.55
slowly	-0.36	0.96
high	-0.36	0.77
oddly	-0.36	1.32
imply	-0.36	2.16
underwater	-0.36	0.64
none	-0.36	1.45
isis	-0.36	0.59
stance	-0.36	1.10
stepped	-0.36	0.93
drop	-0.36	0.79
cookie	-0.36	0.66
changing	-0.36	0.81
observation	-0.36	1.69
partially	-0.36	0.99
disabled	-0.35	0.83
person	-0.35	1.19
legs	-0.35	0.64
thus	-0.35	1.22
votes	-0.35	0.75
order	-0.35	1.09
races	-0.35	0.67
tasty	-0.35	0.95
attempts	-0.35	0.94
sample	-0.35	0.89
choices	-0.35	1.07
rights	-0.35	0.76
driveway	-0.35	0.60
moving	-0.35	1.06
respond	-0.35	1.31
attempt	-0.35	1.02
grill	-0.35	0.59
cereal	-0.35	0.66
movement	-0.35	0.73
gender	-0.35	0.77
parts	-0.35	1.36
existing	-0.34	0.87
iraq	-0.34	0.59
policies	-0.34	0.80
arab	-0.34	0.60
garage	-0.34	0.63
scare	-0.34	1.16
thumb	-0.34	0.66
reaction	-0.34	0.74
safely	-0.34	0.97
fix	-0.34	1.53
primarily	-0.34	1.00
confusing	-0.34	1.88
sucking	-0.34	0.67
onto	-0.34	0.76
awareness	-0.34	0.71
helping	-0.34	1.26
changes	-0.34	0.96
baked	-0.34	0.60
directions	-0.34	1.11
several	-0.34	0.81
sized	-0.34	0.63
fall	-0.34	0.92
ouch	-0.34	0.99
extent	-0.34	1.29
river	-0.34	0.59
bent	-0.34	0.81
directly	-0.33	1.11
armed	-0.33	0.63
hospital	-0.33	0.82
taller	-0.33	0.77
introduced	-0.33	0.61
room	-0.33	0.64
closet	-0.33	0.66
covers	-0.33	0.63
restaurant	-0.33	0.63
invented	-0.33	0.79
effectively	-0.33	1.11
wondering	-0.33	1.60
lane	-0.33	0.71
saving	-0.33	1.10
purchase	-0.33	0.84
times	-0.33	1.18
harmless	-0.33	1.18
recently	-0.33	1.14
accidentally	-0.33	0.94
diet	-0.33	0.58
vehicle	-0.33	0.66
regardless	-0.33	1.24
speed	-0.32	0.77
usually	-0.32	0.93
upper	-0.32	0.65
policy	-0.32	0.82
maximum	-0.32	0.78
combination	-0.32	0.86
contact	-0.32	1.06
territory	-0.32	0.65
greatest	-0.32	2.49
tip	-0.32	0.86
civil	-0.32	0.73
hand	-0.32	0.68
tiny	-0.32	0.72
portland	-0.32	0.82
foods	-0.32	0.54
depressing	-0.32	1.93
various	-0.32	0.82
tons	-0.32	0.75
law	-0.32	0.83
underneath	-0.32	0.63
cart	-0.31	0.60
e.g	-0.31	1.34
suddenly	-0.31	0.98
target	-0.31	0.72
comments	-0.31	1.00
subjective	-0.31	1.77
include	-0.31	0.91
leaving	-0.31	1.05
picked	-0.31	0.86
recipe	-0.31	0.59
those	-0.31	1.00
wasnt	-0.31	1.36
server	-0.31	0.83
hung	-0.31	0.97
didnt	-0.31	1.71
fully	-0.31	0.98
onions	-0.31	0.66
overweight	-0.31	0.75
products	-0.31	0.62
produced	-0.31	0.61
restaurants	-0.31	0.63
ended	-0.31	0.87
corner	-0.31	0.80
politics	-0.31	0.93
normally	-0.31	1.46
driver	-0.31	0.64
mold	-0.31	0.70
users	-0.31	0.84
linked	-0.31	1.14
head	-0.31	0.67
nations	-0.31	1.24
posts	-0.31	0.91
explaining	-0.31	1.44
consumer	-0.31	0.62
hospitals	-0.31	0.74
release	-0.31	0.69
shoot	-0.31	0.81
countries	-0.31	1.33
expense	-0.31	0.71
cream	-0.31	0.55
spectrum	-0.31	0.73
quickly	-0.31	1.05
firing	-0.31	0.64
everyday	-0.31	0.85
mouth	-0.31	0.70
horribly	-0.31	0.97
drives	-0.31	1.24
locations	-0.31	0.73
stronger	-0.31	0.90
removed	-0.30	1.12
slide	-0.30	0.87
weapon	-0.30	0.73
expensive	-0.30	0.71
shelf	-0.30	0.60
stretch	-0.30	0.66
exit	-0.30	0.83
lanes	-0.30	0.71
private	-0.30	0.85
bacon	-0.30	0.60
tank	-0.30	0.64
orders	-0.30	0.74
allows	-0.30	1.08
businesses	-0.30	0.61
powered	-0.30	0.65
up	-0.30	1.26
deep	-0.30	0.79
folk	-0.30	0.68
syria	-0.30	0.59
mention	-0.30	1.73
coverage	-0.30	0.76
started	-0.30	0.88
suggest	-0.30	1.77
rolled	-0.30	0.70
sale	-0.30	0.89
governments	-0.30	0.64
families	-0.30	0.63
table	-0.30	0.66
purpose	-0.30	1.44
dick	-0.30	0.63
tear	-0.30	0.63
gun	-0.29	0.75
fried	-0.29	0.62
ice	-0.29	0.49
atmosphere	-0.29	0.63
fighting	-0.29	0.64
temperature	-0.29	0.60
eats	-0.29	2.04
politicians	-0.29	0.61
during	-0.29	0.57
meal	-0.29	0.57
treatment	-0.29	0.67
stairs	-0.29	0.70
anger	-0.29	0.76
produce	-0.29	0.58
leaders	-0.29	0.55
jumping	-0.29	0.75
free	-0.29	0.80
percentage	-0.29	0.67
dive	-0.29	0.65
cookies	-0.29	0.66
lighter	-0.29	0.73
trolling	-0.29	0.97
chip	-0.29	0.53
storm	-0.29	0.66
russians	-0.29	0.66
daily	-0.29	0.76
body	-0.29	0.59
chips	-0.29	0.54
sandwich	-0.28	0.59
set	-0.28	0.75
highway	-0.28	0.71
apart	-0.28	0.78
absurd	-0.28	1.28
hardly	-0.28	1.63
ban	-0.28	0.77
heavily	-0.28	1.07
each	-0.28	1.36
settle	-0.28	1.13
rocket	-0.28	0.56
depends	-0.28	1.44
beef	-0.28	0.60
taco	-0.28	0.59
confusion	-0.28	0.89
fingers	-0.28	0.67
war	-0.28	0.53
religion	-0.28	0.90
grabbed	-0.28	0.80
medical	-0.28	0.74
looked	-0.28	1.12
eat	-0.28	0.66
weapons	-0.28	0.67
simple	-0.27	1.18
start	-0.27	1.05
toes	-0.27	0.65
shop	-0.27	0.65
fired	-0.27	0.67
sign	-0.27	1.59
rifles	-0.27	0.68
asians	-0.27	0.79
developed	-0.27	0.66
peaceful	-0.27	0.63
oil	-0.27	0.64
troll	-0.27	0.88
activity	-0.27	0.64
charging	-0.27	0.65
screw	-0.27	0.99
seeking	-0.27	0.72
freak	-0.27	1.17
incorrect	-0.27	3.02
wave	-0.27	0.70
submissions	-0.27	0.91
interested	-0.27	1.43
self	-0.27	0.73
replying	-0.27	1.48
serve	-0.26	0.63
essentially	-0.26	1.39
solely	-0.26	1.11
identity	-0.26	0.77
rest	-0.26	2.27
officially	-0.26	1.21
load	-0.26	0.62
whatsoever	-0.26	1.19
percent	-0.26	0.72
iran	-0.26	0.63
originally	-0.26	1.20
intent	-0.26	1.53
eaten	-0.26	0.68
nut	-0.26	0.83
banned	-0.26	0.94
repeat	-0.26	0.91
indicate	-0.26	1.24
breakfast	-0.26	0.61
servers	-0.26	0.88
fist	-0.26	0.66
big	-0.26	0.88
generally	-0.26	1.05
tape	-0.26	0.71
melt	-0.26	0.56
atheist	-0.26	0.83
islamic	-0.26	0.62
reverse	-0.26	1.18
nest	-0.26	1.06
homes	-0.26	0.56
blocking	-0.26	0.74
islam	-0.26	0.76
stage	-0.26	0.55
convenience	-0.26	0.60
so	-0.26	2.50
firearms	-0.26	0.73
distance	-0.26	0.94
sit	-0.26	0.85
content	-0.26	0.91
carrying	-0.26	0.70
cheese	-0.26	0.57
roads	-0.26	0.63
foot	-0.26	0.64
endless	-0.26	0.69
electric	-0.26	0.61
eating	-0.25	0.64
through	-0.25	0.78
bbq	-0.25	0.60
shops	-0.25	0.63
covering	-0.25	0.61
rolling	-0.25	0.73
towards	-0.25	0.87
size	-0.25	0.71
ourselves	-0.25	1.19
bullets	-0.25	0.66
cultural	-0.25	0.71
commented	-0.25	1.20
screaming	-0.25	0.88
similarly	-0.25	0.87
burst	-0.25	0.61
creepy	-0.25	1.79
debate	-0.25	1.36
packed	-0.25	0.61
toe	-0.25	0.64
currently	-0.25	0.77
agenda	-0.25	0.82
stores	-0.25	0.66
desk	-0.25	0.71
concrete	-0.25	0.61
foundation	-0.25	0.64
now	-0.24	2.35
fat	-0.24	0.68
inside	-0.24	0.62
fight	-0.24	0.78
pulling	-0.24	0.85
kick	-0.24	0.97
bullet	-0.24	0.63
wrap	-0.24	0.66
cock	-0.24	0.75
without	-0.24	1.25
store	-0.24	0.68
chicken	-0.24	0.59
sits	-0.24	0.92
tumblr	-0.24	0.82
assumed	-0.24	1.58
driven	-0.24	0.65
pump	-0.24	0.65
crossing	-0.24	0.69
exposed	-0.24	0.68
take	-0.24	1.69
democracy	-0.24	0.63
political	-0.24	0.73
carry	-0.24	0.78
jet	-0.24	0.63
grocery	-0.24	0.64
steak	-0.23	0.59
genetics	-0.23	0.70
legal	-0.23	1.07
intention	-0.23	1.46
tipping	-0.23	0.84
burgers	-0.23	0.58
starbucks	-0.23	0.55
past	-0.23	1.12
over	-0.23	1.00
saudi	-0.23	0.60
popped	-0.23	0.76
illegal	-0.23	0.91
row	-0.23	1.03
under	-0.23	0.69
authority	-0.23	0.77
metal	-0.23	0.56
procedure	-0.23	0.72
million	-0.23	0.75
walked	-0.23	0.96
walmart	-0.23	0.67
replies	-0.23	1.12
purely	-0.23	1.14
fees	-0.23	0.71
literally	-0.23	1.40
especially	-0.23	0.95
brazil	-0.23	1.00
reposted	-0.23	0.93
jumped	-0.23	0.85
decades	-0.22	0.90
thousand	-0.22	0.85
tips	-0.22	0.85
our	-0.22	1.04
sources	-0.22	1.14
many	-0.22	0.90
amounts	-0.22	0.67
potato	-0.22	0.59
housing	-0.22	0.69
spider	-0.22	1.12
add	-0.22	0.72
around	-0.22	1.06
ear	-0.22	0.64
needed	-0.22	1.40
passenger	-0.22	0.64
foam	-0.22	0.63
mcdonalds	-0.22	0.61
front	-0.22	0.81
carried	-0.22	0.70
above	-0.22	0.75
conservative	-0.22	0.67
fry	-0.22	0.58
push	-0.22	0.92
fries	-0.22	0.58
united	-0.22	1.23
complex	-0.22	0.94
ebay	-0.22	0.86
pull	-0.21	0.88
strip	-0.21	0.54
cars	-0.21	0.63
planes	-0.21	0.64
overall	-0.21	0.68
costco	-0.21	0.66
demand	-0.21	0.65
services	-0.21	0.86
recall	-0.21	1.38
listed	-0.21	0.86
behind	-0.21	0.84
other	-0.21	0.96
reports	-0.21	0.96
christian	-0.21	0.87
after	-0.21	0.84
eventually	-0.21	1.19
christians	-0.21	0.86
cut	-0.21	0.69
satisfying	-0.21	1.84
pilot	-0.21	0.63
plane	-0.21	0.64
compared	-0.21	0.86
phone	-0.21	0.80
swim	-0.21	0.65
rule	-0.21	0.96
nearby	-0.21	0.82
helicopter	-0.21	0.64
bodies	-0.21	0.63
needing	-0.21	1.15
airplane	-0.21	0.63
bat	-0.21	0.95
shoulders	-0.21	0.66
roof	-0.20	0.66
radio	-0.20	0.57
window	-0.20	0.71
pizza	-0.20	0.58
specifically	-0.20	1.21
earlier	-0.20	1.01
hundred	-0.20	0.82
give	-0.20	1.56
retail	-0.20	0.71
fake	-0.20	1.25
violates	-0.20	1.21
drive	-0.20	0.66
worked	-0.20	0.85
road	-0.20	0.69
pity	-0.20	0.89
posting	-0.20	0.92
invasion	-0.20	0.60
limit	-0.20	0.76
step	-0.20	0.95
pilots	-0.20	0.63
craft	-0.20	0.68
multiple	-0.20	0.90
lay	-0.20	0.77
object	-0.20	0.80
r/funny	-0.20	1.03
ham	-0.20	0.54
truck	-0.20	0.60
ashamed	-0.20	1.63
granted	-0.20	1.07
interview	-0.20	0.74
wall	-0.20	0.70
flipped	-0.20	0.88
previous	-0.19	1.11
folks	-0.19	1.03
3rd	-0.19	1.46
bastards	-0.19	1.05
serves	-0.19	0.64
station	-0.19	0.85
mmm	-0.19	1.03
electricity	-0.19	0.63
neck	-0.19	0.65
example	-0.19	1.72
everything	-0.19	1.62
rat	-0.19	0.97
grab	-0.19	0.84
promote	-0.19	0.75
vote	-0.19	0.71
healthcare	-0.19	0.85
hardcore	-0.19	0.70
begin	-0.19	1.24
ladder	-0.19	0.70
ruined	-0.19	0.76
mods	-0.19	0.95
walking	-0.19	0.97
norm	-0.19	0.84
2nd	-0.19	1.45
tires	-0.19	0.61
mcdonald	-0.19	0.60
car	-0.19	0.65
smooth	-0.19	0.70
menu	-0.19	0.60
three	-0.19	0.89
records	-0.19	0.88
power	-0.19	0.63
discount	-0.19	0.71
sizes	-0.19	0.74
robbed	-0.19	0.74
commonly	-0.19	1.53
street	-0.19	0.72
alternative	-0.19	1.08
rifle	-0.18	0.68
mph	-0.18	0.72
trucks	-0.18	0.59
stack	-0.18	0.62
stolen	-0.18	0.89
chances	-0.18	0.80
express	-0.18	0.91
sides	-0.18	1.06
crystal	-0.18	0.61
gap	-0.18	0.84
remotely	-0.18	1.38
rules	-0.18	0.85
pointing	-0.18	1.60
steps	-0.18	0.73
heat	-0.18	0.54
reflect	-0.18	0.91
nails	-0.18	0.69
hang	-0.18	1.10
submit	-0.18	1.03
along	-0.18	0.77
beside	-0.18	0.75
end	-0.18	1.21
billions	-0.18	0.81
stock	-0.18	0.75
discussion	-0.18	1.42
slip	-0.18	0.83
parked	-0.17	0.66
semi	-0.17	0.66
anyway	-0.17	2.42
material	-0.17	0.65
zone	-0.17	0.69
failing	-0.17	1.17
section	-0.17	0.83
vagina	-0.17	0.75
rolls	-0.17	0.60
sidewalk	-0.17	0.70
wax	-0.17	0.67
media	-0.17	0.77
connection	-0.17	0.69
wheelchair	-0.17	0.68
number	-0.17	0.77
vehicles	-0.17	0.66
threw	-0.17	0.82
corn	-0.17	0.59
motion	-0.17	0.81
older	-0.17	0.95
grasp	-0.17	1.39
force	-0.17	0.72
four	-0.17	0.85
really	-0.17	2.19
perform	-0.17	1.03
panels	-0.17	0.69
fish	-0.17	0.65
fighter	-0.17	0.62
submitted	-0.17	0.93
titles	-0.17	0.91
sleeping	-0.17	0.65
rely	-0.17	0.93
fetish	-0.17	1.22
strict	-0.17	0.81
loaded	-0.16	0.67
shock	-0.16	0.95
developing	-0.16	0.74
house	-0.16	0.58
killer	-0.16	0.97
speeds	-0.16	0.74
condoms	-0.16	0.53
benefits	-0.16	0.73
fee	-0.16	0.69
whom	-0.16	0.60
retarded	-0.16	0.97
formed	-0.16	0.66
rear	-0.16	0.73
silly	-0.16	1.16
r/wtf	-0.16	1.03
implied	-0.16	1.76
layer	-0.16	0.64
r/aww	-0.16	1.03
parking	-0.16	0.67
cost	-0.16	0.74
pie	-0.16	0.63
chain	-0.16	0.61
energy	-0.16	0.66
few	-0.16	0.84
seven	-0.16	0.86
planet	-0.16	1.35
couple	-0.16	0.84
walls	-0.16	0.66
persons	-0.16	0.82
owning	-0.16	0.83
stuff	-0.16	1.41
tire	-0.16	0.65
seat	-0.16	0.68
resubmit	-0.16	1.52
operate	-0.16	0.84
pissed	-0.16	1.54
chair	-0.16	0.75
jeep	-0.15	0.64
therapy	-0.15	0.72
afghanistan	-0.15	0.60
mile	-0.15	0.78
seats	-0.15	0.65
continue	-0.15	1.29
block	-0.15	0.66
citizens	-0.15	0.65
decade	-0.15	0.75
staff	-0.15	0.74
bought	-0.15	1.24
breast	-0.15	0.58
domestic	-0.15	0.59
reached	-0.15	0.84
edge	-0.15	0.78
perhaps	-0.15	1.92
spend	-0.15	0.89
approach	-0.15	0.87
phones	-0.15	0.74
volume	-0.15	0.67
replaced	-0.15	0.96
ago	-0.15	1.10
became	-0.15	0.91
2	-0.15	0.88
next	-0.15	1.07
swimming	-0.15	0.63
spot	-0.15	0.88
alarm	-0.15	0.68
lives	-0.15	0.94
center	-0.15	0.75
liked	-0.15	1.88
stones	-0.15	0.55
supply	-0.14	0.62
studies	-0.14	1.07
rage	-0.14	0.79
tanks	-0.14	0.59
range	-0.14	0.85
spending	-0.14	0.82
apartment	-0.14	0.59
outside	-0.14	0.65
russia	-0.14	0.79
kinda	-0.14	1.33
request	-0.14	1.19
automatic	-0.14	0.70
towers	-0.14	0.61
last	-0.14	1.11
theres	-0.14	1.36
wood	-0.14	0.64
bring	-0.14	1.14
turned	-0.14	0.97
costs	-0.14	0.71
office	-0.14	0.67
biased	-0.14	1.45
dense	-0.14	0.56
nine	-0.14	0.85
spaces	-0.14	0.65
spare	-0.14	0.69
rubber	-0.14	0.60
economy	-0.14	0.64
neighborhood	-0.14	0.54
enemy	-0.14	0.63
goods	-0.14	0.65
shell	-0.14	0.61
deleted	-0.14	1.05
five	-0.14	0.85
minus	-0.14	0.88
begins	-0.14	0.85
organization	-0.14	0.63
drone	-0.14	0.65
value	-0.14	0.73
barrel	-0.14	0.64
brand	-0.13	0.75
handicapped	-0.13	0.80
al	-0.13	0.64
halfway	-0.13	0.82
elsewhere	-0.13	1.09
ten	-0.13	0.84
match	-0.13	0.68
ready	-0.13	1.43
leaking	-0.13	0.89
wheel	-0.13	0.74
upvotes	-0.13	0.81
impact	-0.13	0.66
nearly	-0.13	1.13
swing	-0.13	0.90
responses	-0.13	1.05
eight	-0.13	0.86
six	-0.13	0.86
flying	-0.13	0.65
4	-0.13	0.89
fourth	-0.13	1.42
launch	-0.13	0.60
twenty	-0.12	0.85
posted	-0.12	0.92
r/mildlyinteresting	-0.12	1.03
ultimately	-0.12	0.92
wheels	-0.12	0.67
materials	-0.12	0.65
door	-0.12	0.64
3	-0.12	0.90
production	-0.12	0.58
am	-0.12	1.56
corporate	-0.12	0.61
billion	-0.12	0.79
overly	-0.12	0.94
apply	-0.12	0.97
waves	-0.12	0.61
rent	-0.12	0.68
limits	-0.12	0.82
capable	-0.12	0.71
owner	-0.12	0.85
iphone	-0.12	0.73
pockets	-0.12	0.55
ie	-0.12	0.87
landed	-0.12	0.67
areas	-0.12	0.66
solar	-0.12	0.66
subreddits	-0.12	0.96
measure	-0.12	0.96
failed	-0.12	1.02
market	-0.12	0.65
skin	-0.12	0.71
available	-0.12	0.80
fell	-0.12	0.73
largely	-0.12	1.04
subs	-0.12	0.95
flight	-0.12	0.61
5	-0.12	0.87
greatly	-0.12	0.73
palm	-0.12	0.65
shotgun	-0.11	0.68
dropped	-0.11	0.63
cave	-0.11	0.60
americans	-0.11	0.81
rounds	-0.11	0.66
oldest	-0.11	2.70
couch	-0.11	0.68
belongs	-0.11	1.02
engines	-0.11	0.61
place	-0.11	2.27
data	-0.11	1.00
0	-0.11	2.02
doors	-0.11	0.63
r/pics	-0.11	0.95
yards	-0.11	0.74
houses	-0.11	0.59
non	-0.11	0.84
provided	-0.11	1.09
sticking	-0.11	0.79
provide	-0.11	1.11
appear	-0.11	1.00
bare	-0.11	0.69
america	-0.11	1.18
pulled	-0.11	0.82
ft	-0.11	0.70
trend	-0.11	0.67
max	-0.11	0.75
flat	-0.11	0.75
grip	-0.11	0.71
divorce	-0.11	0.79
streets	-0.11	0.67
sub	-0.11	0.96
rather	-0.10	1.27
union	-0.10	0.72
subreddit	-0.10	0.96
ends	-0.10	0.85
equivalent	-0.10	1.15
legally	-0.10	1.21
imagining	-0.10	1.05
sob	-0.10	0.83
federal	-0.10	0.71
finish	-0.10	0.81
local	-0.10	0.62
protected	-0.10	0.77
glue	-0.10	0.66
ill	-0.10	1.22
unidan	-0.10	0.86
rooms	-0.10	0.61
grain	-0.10	0.56
post	-0.10	0.98
edges	-0.10	0.75
consistent	-0.10	0.99
attached	-0.10	0.72
ops	-0.10	0.78
spent	-0.10	0.96
batteries	-0.10	0.67
accepted	-0.10	1.21
aircraft	-0.10	0.63
finally	-0.10	1.11
mirrors	-0.10	0.79
underground	-0.10	0.57
contract	-0.10	0.98
repair	-0.10	1.07
spots	-0.09	0.70
long	-0.09	1.02
7	-0.09	0.88
falling	-0.09	0.70
trunk	-0.09	0.65
comcast	-0.09	0.72
sitting	-0.09	0.81
aggressive	-0.09	0.71
report	-0.09	0.89
physics	-0.09	1.18
reliable	-0.09	1.02
dropping	-0.09	0.69
narrow	-0.09	0.81
wing	-0.09	0.59
forward	-0.09	1.18
floating	-0.09	0.64
aluminum	-0.09	0.63
black	-0.09	0.65
values	-0.09	0.87
main	-0.09	0.98
panel	-0.09	0.75
particular	-0.09	0.99
experiment	-0.09	1.02
europeans	-0.09	0.70
tracks	-0.09	0.62
read	-0.09	1.16
mildly	-0.09	1.21
sauce	-0.09	0.58
hiding	-0.09	0.77
signal	-0.09	0.70
results	-0.08	0.97
stations	-0.08	0.61
industrial	-0.08	0.63
crying	-0.08	0.97
community	-0.08	0.66
flew	-0.08	0.63
x	-0.08	2.09
interests	-0.08	0.78
muscle	-0.08	0.61
ratio	-0.08	0.80
article	-0.08	1.09
waiting	-0.08	1.08
wrapped	-0.08	0.61
bumper	-0.08	0.72
r/no_sob_story	-0.08	0.98
inches	-0.08	0.73
controlled	-0.08	0.81
attention	-0.08	0.75
pillow	-0.08	0.65
burger	-0.08	0.59
system	-0.08	0.83
steel	-0.08	0.64
included	-0.08	1.01
culture	-0.08	0.70
tunnel	-0.08	0.60
today	-0.08	1.05
shore	-0.08	0.61
exempt	-0.08	0.88
regret	-0.08	1.26
within	-0.07	0.91
comparison	-0.07	1.27
metric	-0.07	0.94
guaranteed	-0.07	0.76
drag	-0.07	0.73
straight	-0.07	1.09
someones	-0.07	0.98
addition	-0.07	0.99
2-3	-0.07	0.85
inch	-0.07	0.67
later	-0.07	1.01
pro	-0.07	0.62
scientific	-0.07	1.13
square	-0.07	0.74
region	-0.07	0.77
crossed	-0.07	0.75
calories	-0.07	0.56
sharp	-0.07	0.75
minimal	-0.07	0.88
women	-0.07	0.61
trailer	-0.07	0.60
kid	-0.07	0.89
questions	-0.07	1.29
celebrity	-0.07	0.66
bikes	-0.07	0.63
stone	-0.07	0.56
replied	-0.07	1.48
remains	-0.07	0.68
butt	-0.07	0.71
alive	-0.07	1.30
browsing	-0.07	0.92
fence	-0.07	0.67
wikipedia	-0.06	1.14
8	-0.06	0.87
bike	-0.06	0.63
vertical	-0.06	0.89
manager	-0.06	0.70
internet	-0.06	0.74
diamond	-0.06	0.66
nurse	-0.06	0.71
6	-0.06	0.81
hammer	-0.06	0.71
motor	-0.06	0.68
balls	-0.06	0.69
broad	-0.06	1.73
winter	-0.06	0.49
sexual	-0.06	0.61
handling	-0.06	0.87
idea	-0.06	1.98
meters	-0.06	0.73
regard	-0.06	0.70
silent	-0.06	1.26
society	-0.06	0.75
wiki	-0.06	1.12
bits	-0.06	0.77
tone	-0.06	0.91
tsa	-0.06	0.67
plus	-0.06	0.76
holding	-0.06	0.82
auto	-0.06	0.71
current	-0.06	0.84
suck	-0.06	0.80
international	-0.06	0.66
planned	-0.06	0.80
plans	-0.06	0.86
sorta	-0.06	1.37
hanging	-0.06	0.75
height	-0.06	0.69
pass	-0.06	0.98
per	-0.06	0.71
service	-0.06	0.76
saved	-0.06	0.84
eu	-0.06	0.80
novelty	-0.06	0.79
process	-0.05	0.85
paying	-0.05	0.75
biology	-0.05	1.04
budget	-0.05	0.73
superior	-0.05	0.73
regulations	-0.05	0.82
backyard	-0.05	0.58
bench	-0.05	0.70
cutting	-0.05	0.69
kind	-0.05	1.29
net	-0.05	0.68
roughly	-0.05	0.77
hidden	-0.05	0.71
pole	-0.05	0.76
given	-0.05	0.87
accounts	-0.05	0.87
brick	-0.05	0.60
profit	-0.05	0.67
tooth	-0.05	0.65
dubai	-0.05	0.56
primary	-0.05	0.88
mod	-0.05	0.91
genuinely	-0.05	1.43
opinion	-0.05	1.30
reach	-0.05	0.86
length	-0.04	0.77
funding	-0.04	0.76
vast	-0.04	0.65
clear	-0.04	1.21
warm	-0.04	0.60
v	-0.04	1.96
badly	-0.04	1.15
resistance	-0.04	0.70
bell	-0.04	0.59
states	-0.04	0.85
blade	-0.04	0.72
period	-0.04	0.77
10	-0.04	0.78
aliens	-0.04	0.57
providing	-0.04	1.02
trade	-0.04	0.65
lunch	-0.04	0.54
therefore	-0.04	1.39
between	-0.04	0.89
pay	-0.04	0.75
review	-0.04	0.98
9	-0.04	0.87
ocean	-0.04	0.60
terrified	-0.04	1.57
healthy	-0.03	0.61
stadium	-0.03	0.47
doctors	-0.03	0.71
universal	-0.03	0.80
drove	-0.03	0.68
10,000	-0.03	0.69
congress	-0.03	0.57
replacement	-0.03	1.05
obvious	-0.03	1.25
purposes	-0.03	0.90
method	-0.03	0.98
1500	-0.03	0.61
shaped	-0.03	0.68
wind	-0.03	0.64
w	-0.03	1.98
asses	-0.03	0.86
wooden	-0.03	0.63
men	-0.03	0.61
individuals	-0.03	0.76
installed	-0.03	0.74
disappointed	-0.02	1.61
lights	-0.02	0.67
f	-0.02	2.03
tax	-0.02	0.71
medicine	-0.02	0.68
plate	-0.02	0.66
candy	-0.02	0.64
c	-0.02	2.05
accept	-0.02	1.06
president	-0.02	0.63
scale	-0.02	0.80
official	-0.02	0.97
plates	-0.02	0.66
missing	-0.02	1.71
battery	-0.02	0.67
round	-0.02	0.64
miles	-0.02	0.80
connected	-0.02	0.68
pigs	-0.02	0.68
meeting	-0.02	0.68
feet	-0.02	0.74
practical	-0.02	0.95
bed	-0.02	0.67
dollars	-0.01	0.81
route	-0.01	0.73
males	-0.01	0.63
digging	-0.01	0.58
chase	-0.01	0.68
delete	-0.01	0.93
emotion	-0.01	0.76
stick	-0.01	0.74
bridge	-0.01	0.66
taxes	-0.01	0.72
farmers	-0.01	0.55
giant	-0.01	0.69
knife	-0.01	0.70
company	-0.01	0.85
teenager	-0.01	0.64
jaw	-0.01	0.63
board	-0.01	0.69
labor	-0.01	0.69
public	-0.01	0.78
topic	-0.01	1.19
infrastructure	-0.00	0.72
thin	-0.00	0.65
year	-0.00	0.96
urban	-0.00	0.66
tbh	-0.00	1.37
imaginary	-0.00	0.71
mind	-0.00	1.75
weak	-0.00	0.81
reaching	-0.00	0.90
landing	0.00	0.63
fishing	0.00	0.62
asleep	0.00	0.75
15	0.00	0.77
month	0.00	0.80
aim	0.00	0.79
tesla	0.00	0.61
europe	0.00	0.82
study	0.00	0.98
testing	0.01	0.92
u.s	0.01	0.82
years	0.01	0.93
opinions	0.01	1.17
security	0.01	0.71
offers	0.01	0.83
fiber	0.01	0.72
12	0.01	0.78
socially	0.01	0.89
parent	0.01	1.03
pays	0.01	0.74
piece	0.01	0.80
limited	0.01	0.85
p	0.01	2.08
income	0.01	0.71
rope	0.01	0.70
tongue	0.01	0.64
hotter	0.01	0.75
doctor	0.01	0.73
skip	0.01	0.91
20	0.02	0.72
korea	0.02	0.71
immigrants	0.02	0.73
ball	0.02	0.50
30	0.02	0.73
some	0.02	1.43
methods	0.02	0.87
cents	0.02	0.67
recognized	0.02	0.81
biological	0.02	0.69
nail	0.02	0.71
soil	0.02	0.58
becomes	0.02	0.98
objects	0.02	0.71
arrow	0.02	0.76
tall	0.02	0.65
cab	0.02	0.61
passing	0.02	0.69
combined	0.02	0.78
press	0.02	0.79
yard	0.02	0.57
adults	0.02	0.63
sheet	0.02	0.67
programs	0.02	0.83
too	0.02	1.94
puns	0.03	0.91
brown	0.03	0.66
waited	0.03	1.01
stands	0.03	1.66
shot	0.03	0.71
fought	0.03	0.56
money	0.03	0.77
becoming	0.03	0.88
seemed	0.03	1.06
actual	0.03	1.27
usa	0.03	0.84
considered	0.03	1.38
selection	0.03	0.67
hold	0.03	0.87
lean	0.03	0.63
forum	0.03	0.91
troops	0.03	0.59
tests	0.03	0.96
75	0.03	0.66
remaining	0.03	0.77
rail	0.03	0.66
france	0.03	0.69
enough	0.03	1.44
box	0.03	0.54
months	0.03	0.95
advanced	0.03	0.81
bonus	0.03	0.79
heavy	0.03	0.61
hood	0.03	0.67
directed	0.03	0.86
cabin	0.04	0.60
airport	0.04	0.59
involves	0.04	0.98
extra	0.04	0.79
cities	0.04	0.61
african	0.04	0.77
flights	0.04	0.61
ideal	0.04	0.81
patients	0.04	0.66
neither	0.04	1.89
b	0.04	2.06
entrance	0.04	0.63
nipples	0.04	0.67
rant	0.04	1.23
wins	0.04	0.92
darker	0.04	0.66
highly	0.04	1.02
rational	0.04	1.09
amp	0.04	2.07
electrical	0.04	0.67
prepare	0.04	0.76
meals	0.04	0.55
un	0.04	0.66
snake	0.04	0.90
cross	0.04	0.78
climb	0.04	0.69
sake	0.05	0.89
gate	0.05	0.65
western	0.05	0.83
replace	0.05	1.12
corporations	0.05	0.61
install	0.05	0.82
offer	0.05	0.94
separate	0.05	0.89
11	0.05	0.77
consent	0.05	0.75
white	0.05	0.65
research	0.05	0.95
keeping	0.05	1.08
sales	0.05	0.65
savings	0.06	0.73
sarcastic	0.06	1.24
two	0.06	1.11
dildo	0.06	0.77
africa	0.06	0.71
facebook	0.06	0.87
units	0.06	0.76
14	0.06	0.76
13	0.06	0.76
40	0.06	0.69
moon	0.06	0.74
luxury	0.06	0.56
articles	0.06	0.94
smash	0.06	0.77
here	0.06	1.20
nerd	0.06	0.91
laws	0.06	0.71
locked	0.06	0.63
<SPECIAL>	0.06	0.62
<URL>	0.06	0.62
knives	0.06	0.70
paid	0.06	0.79
pocket	0.06	0.66
sea	0.07	0.60
china	0.07	0.77
refer	0.07	1.87
olds	0.07	0.79
twitter	0.07	0.86
g	0.07	2.04
flip	0.07	0.76
studying	0.07	1.07
served	0.07	0.48
fly	0.07	0.68
agreement	0.07	0.96
h	0.07	2.04
loans	0.07	0.75
seems	0.07	1.20
wire	0.07	0.65
investment	0.07	0.71
tied	0.07	0.70
grass	0.07	0.58
t	0.07	2.03
ignorance	0.07	0.89
equality	0.07	0.65
maintenance	0.07	0.95
16	0.07	0.76
l	0.07	2.03
5th	0.07	1.27
fruit	0.07	0.79
specific	0.07	0.99
bucks	0.07	0.83
network	0.07	0.67
18	0.07	0.75
tower	0.07	0.63
professor	0.07	1.12
test	0.07	0.96
n	0.07	2.04
space	0.07	0.67
e	0.07	2.03
24	0.07	0.76
train	0.07	0.62
searching	0.08	1.01
science	0.08	1.01
agent	0.08	0.69
sober	0.08	0.73
page	0.08	0.91
become	0.08	1.00
eggs	0.08	0.63
inherently	0.08	0.96
team	0.08	0.49
closely	0.08	0.80
17	0.08	0.75
60	0.08	0.67
additional	0.08	0.88
fit	0.08	0.69
arrived	0.08	0.78
egg	0.08	0.61
35	0.08	0.70
teenage	0.08	0.75
line	0.08	1.06
built	0.08	0.59
quite	0.08	1.22
loan	0.08	0.74
quick	0.08	1.10
enemies	0.08	0.63
towns	0.08	0.65
label	0.08	1.25
baseball	0.09	0.49
25	0.09	0.72
particularly	0.09	1.04
views	0.09	0.98
22	0.09	0.75
owe	0.09	0.75
racing	0.09	0.57
schools	0.09	0.82
stood	0.09	0.83
50	0.09	0.67
45	0.09	0.73
safe	0.09	0.79
32	0.09	0.73
grade	0.09	1.05
paper	0.09	0.81
college	0.09	1.02
cycle	0.09	0.65
galaxy	0.09	0.62
stoned	0.09	1.45
football	0.09	0.50
base	0.09	0.72
history	0.09	1.14
ensure	0.09	1.08
lawn	0.09	0.57
ran	0.09	0.88
whoever	0.09	1.14
soccer	0.09	0.49
default	0.09	1.06
japan	0.09	0.74
climbing	0.09	0.64
trigger	0.09	0.69
provides	0.09	0.85
home	0.09	0.96
sat	0.09	0.76
angle	0.09	1.01
independent	0.10	0.86
standard	0.10	1.02
employee	0.10	0.74
boss	0.10	0.86
fund	0.10	0.70
interest	0.10	0.74
nowhere	0.10	1.20
build	0.10	0.61
india	0.10	0.72
supplies	0.10	0.70
dedicated	0.10	0.89
solid	0.10	0.61
sports	0.10	0.50
mini	0.10	0.58
news	0.10	0.73
ford	0.10	0.60
visible	0.10	0.75
debt	0.10	0.77
mall	0.10	0.60
600	0.10	0.67
education	0.10	0.84
seeds	0.10	0.62
lake	0.10	0.56
slept	0.10	0.65
transportation	0.10	0.68
counting	0.10	0.79
riding	0.10	0.59
aid	0.10	0.87
intended	0.10	1.42
anal	0.10	0.68
deck	0.10	0.65
500	0.11	0.66
key	0.11	0.74
minute	0.11	1.00
wide	0.11	0.79
department	0.11	0.73
response	0.11	1.23
lock	0.11	0.70
guns	0.11	0.73
unusual	0.11	1.18
catholic	0.11	0.77
individual	0.11	0.87
stay	0.11	1.22
branch	0.11	0.59
heads	0.11	0.71
95	0.11	0.62
ships	0.11	0.62
engine	0.11	0.61
fancy	0.11	0.55
employer	0.12	0.80
bus	0.12	0.63
mac	0.12	0.57
dead	0.12	0.62
zombie	0.12	0.67
league	0.12	0.51
guessing	0.12	1.54
kong	0.12	0.69
jelly	0.12	0.74
account	0.12	0.87
search	0.12	0.94
lick	0.12	0.69
starting	0.12	0.95
returned	0.12	0.73
root	0.12	0.77
called	0.12	1.06
sites	0.12	0.81
empire	0.12	0.69
category	0.12	1.17
plan	0.12	0.89
23	0.12	0.79
class	0.12	1.12
string	0.12	0.61
resources	0.12	0.79
blog	0.12	0.93
cable	0.12	0.68
status	0.12	0.74
members	0.13	0.54
numbers	0.13	0.89
switched	0.13	0.98
magazine	0.13	0.74
conversation	0.13	1.28
leader	0.13	0.54
tent	0.13	0.66
player	0.13	0.50
whilst	0.13	0.81
raise	0.13	0.54
blocks	0.13	0.59
reality	0.13	1.16
coach	0.13	0.51
loop	0.13	0.71
ship	0.13	0.61
blanket	0.13	0.62
transport	0.13	0.63
standards	0.13	0.71
sleep	0.13	0.70
profile	0.13	0.89
interpretation	0.13	1.61
loose	0.13	0.71
differently	0.13	1.20
farm	0.13	0.53
classes	0.13	1.12
locals	0.13	0.74
industry	0.13	0.65
since	0.13	0.83
dig	0.14	0.63
vietnam	0.14	0.57
70	0.14	0.61
management	0.14	0.71
nightmares	0.14	0.92
went	0.14	0.83
100	0.14	0.65
200	0.14	0.65
code	0.14	0.87
generation	0.14	0.92
j	0.14	1.98
information	0.14	1.13
400	0.14	0.64
mountain	0.14	0.56
generations	0.14	0.76
doc	0.14	0.73
cultures	0.14	0.68
fits	0.14	0.84
iron	0.14	0.58
quarter	0.14	0.68
nose	0.14	0.64
teams	0.14	0.49
invest	0.14	0.76
employees	0.15	0.80
ordered	0.15	0.63
checked	0.15	0.97
grey	0.15	0.64
online	0.15	0.82
offered	0.15	0.93
beliefs	0.15	0.83
male	0.15	0.61
worth	0.15	0.75
tree	0.15	0.59
spaghetti	0.15	0.67
trees	0.15	0.59
trains	0.15	0.61
keys	0.15	0.70
whale	0.15	0.66
parks	0.15	0.59
fed	0.15	0.55
weeks	0.15	0.94
fox	0.15	0.64
studied	0.15	0.92
wrote	0.15	1.38
newspaper	0.15	0.89
hall	0.15	0.59
old	0.15	1.10
finland	0.15	0.81
forces	0.15	0.62
rush	0.16	0.58
players	0.16	0.50
shipping	0.16	0.61
hong	0.16	0.70
working	0.16	1.13
protection	0.16	0.74
site	0.16	0.86
basketball	0.16	0.50
boats	0.16	0.61
tattoos	0.16	0.65
ages	0.16	0.80
access	0.16	0.85
britain	0.16	0.74
females	0.16	0.66
environment	0.16	0.70
lincoln	0.16	0.57
forms	0.16	1.02
donated	0.16	0.58
entry	0.16	0.77
asia	0.16	0.74
light	0.16	0.65
alert	0.16	0.82
belong	0.16	1.03
device	0.16	0.66
thick	0.16	0.64
audience	0.16	0.82
passes	0.16	1.20
grown	0.17	0.56
suppose	0.17	1.93
hill	0.17	0.64
his	0.17	0.63
influence	0.17	0.67
shark	0.17	0.64
student	0.17	0.87
understanding	0.17	1.26
screenshots	0.17	1.08
ahead	0.17	1.49
shake	0.17	0.77
odds	0.17	0.76
further	0.17	1.01
plants	0.17	0.58
includes	0.17	1.04
poorly	0.17	1.32
devices	0.17	0.65
soft	0.17	0.74
woods	0.17	0.70
meet	0.17	0.93
defined	0.17	1.61
setting	0.17	0.66
plant	0.17	0.58
abandoned	0.17	0.51
copper	0.17	0.60
teeth	0.17	0.77
subway	0.17	0.58
delivery	0.18	0.68
designed	0.18	1.01
function	0.18	0.83
payment	0.18	0.82
permission	0.18	1.11
until	0.18	0.98
finding	0.18	1.08
their	0.18	0.72
minutes	0.18	0.95
gym	0.18	0.59
children	0.18	0.56
bringing	0.18	0.98
golf	0.18	0.47
800	0.18	0.64
grows	0.18	0.61
hour	0.18	0.91
exercise	0.18	0.63
list	0.18	0.99
r	0.18	1.92
boston	0.19	0.56
somewhat	0.19	1.07
comfortable	0.19	0.90
math	0.19	1.18
hours	0.19	0.93
chief	0.19	0.61
website	0.19	0.88
link	0.19	1.00
carefully	0.19	1.06
kit	0.19	0.62
80	0.19	0.60
1st	0.19	1.38
opened	0.19	0.68
define	0.19	1.73
source	0.19	0.96
days	0.19	0.90
german	0.19	1.45
braces	0.19	0.80
300	0.19	0.62
degrees	0.19	0.74
construction	0.19	0.67
remote	0.20	0.72
hence	0.20	1.61
backwards	0.20	1.43
sticker	0.20	0.83
hell	0.20	2.29
pages	0.20	0.92
creating	0.20	0.81
150	0.20	0.61
spain	0.20	0.72
deserved	0.20	0.66
properly	0.20	1.48
degree	0.20	0.96
control	0.20	0.95
o	0.20	1.96
salary	0.20	0.79
feed	0.20	0.58
seconds	0.21	0.93
boat	0.21	0.61
pin	0.21	0.71
expert	0.21	1.06
netherlands	0.21	0.78
privacy	0.21	0.73
links	0.21	0.90
mars	0.21	0.64
trap	0.21	0.73
member	0.21	0.57
necessary	0.21	1.06
joined	0.21	0.59
highschool	0.21	0.85
submission	0.21	1.00
jokes	0.21	0.91
concept	0.21	1.25
pieces	0.21	0.63
own	0.21	0.81
buried	0.21	0.62
marriage	0.21	0.61
70s	0.21	0.62
bricks	0.21	0.62
extended	0.21	0.58
item	0.21	0.65
leaf	0.21	0.59
church	0.21	0.76
feelings	0.21	0.71
minimum	0.22	0.82
projects	0.22	0.77
license	0.22	0.78
graduated	0.22	0.85
setup	0.22	0.77
check	0.22	0.88
students	0.22	0.92
switch	0.22	0.90
items	0.22	0.69
universe	0.22	0.67
companies	0.22	0.65
port	0.22	0.60
campus	0.22	0.78
forgotten	0.22	1.00
y	0.22	1.67
gear	0.23	0.62
19	0.23	0.73
furniture	0.23	0.63
school	0.23	0.89
machine	0.23	0.65
playing	0.23	0.52
frame	0.23	0.70
teacher	0.23	0.94
k	0.23	2.07
garden	0.23	0.55
wage	0.23	0.82
eastern	0.23	0.73
unfortunately	0.23	1.77
upside	0.23	0.78
parenting	0.23	0.84
its	0.23	1.79
google	0.24	0.89
transfer	0.24	0.68
27	0.24	0.72
28	0.24	0.72
senior	0.24	0.79
approved	0.24	0.85
brains	0.24	0.66
week	0.24	0.89
operating	0.24	0.71
released	0.24	0.58
mode	0.24	0.75
min	0.24	0.84
wages	0.24	0.80
growth	0.24	0.58
iirc	0.24	0.96
final	0.24	0.67
volunteer	0.24	0.71
snap	0.25	0.81
collect	0.25	0.62
university	0.25	0.83
warning	0.25	0.80
fan	0.25	0.68
21	0.25	0.73
requirements	0.25	0.85
hockey	0.25	0.48
new	0.25	0.99
identical	0.25	0.81
marks	0.25	0.76
district	0.25	0.61
australian	0.25	0.91
manual	0.25	0.73
age	0.25	0.99
sport	0.25	0.50
well	0.25	1.99
honey	0.25	0.68
90	0.25	0.60
breasts	0.25	0.63
elementary	0.25	1.02
gain	0.25	0.58
relatively	0.25	1.03
alien	0.25	0.81
systems	0.25	0.74
answers	0.25	1.15
direct	0.25	1.15
mystery	0.25	0.78
field	0.25	0.57
carrier	0.25	0.61
historical	0.25	0.79
sometime	0.26	1.00
structure	0.26	0.70
remain	0.26	0.91
aged	0.26	0.59
command	0.26	0.63
metro	0.26	0.57
poster	0.26	1.22
upgrade	0.26	0.66
button	0.26	0.75
graduate	0.26	0.86
dance	0.26	0.51
cloud	0.26	0.65
personality	0.26	0.80
play	0.27	0.50
yesterday	0.27	0.77
ruin	0.27	0.89
reading	0.27	1.05
hoping	0.27	1.27
insult	0.27	1.16
building	0.27	0.59
open	0.27	0.68
border	0.27	0.63
genes	0.27	0.60
norway	0.27	0.80
sweden	0.27	0.81
safety	0.27	0.95
wealth	0.27	0.64
banks	0.27	0.66
plug	0.27	0.78
email	0.27	1.05
park	0.27	0.60
dancing	0.27	0.55
join	0.27	0.79
at	0.28	0.67
failure	0.28	0.88
ticket	0.28	0.65
feature	0.28	0.71
monsters	0.28	0.90
teachers	0.28	0.94
resort	0.28	0.60
mount	0.28	0.63
fail	0.28	1.34
commercial	0.28	0.64
military	0.28	0.64
26	0.28	0.73
lift	0.28	0.71
seal	0.28	0.62
unit	0.28	0.76
program	0.29	0.81
phase	0.29	0.66
held	0.29	0.71
2000	0.29	0.60
latest	0.29	0.51
describe	0.29	1.97
instructions	0.29	0.84
took	0.29	0.95
29	0.29	0.73
surprisingly	0.29	0.99
hardware	0.29	0.62
dark	0.29	0.65
adult	0.29	0.58
peoples	0.29	0.71
plays	0.29	0.68
enter	0.29	0.79
illusion	0.29	0.79
bright	0.29	0.66
neighbor	0.29	0.52
scroll	0.29	0.97
area	0.29	0.56
title	0.29	1.40
lifting	0.29	0.87
early	0.29	0.66
frankly	0.29	1.02
messages	0.29	1.02
trail	0.29	0.61
nyc	0.29	0.56
stole	0.29	1.86
mad	0.29	1.42
rings	0.29	0.63
feeding	0.30	0.65
slap	0.30	0.70
fairly	0.30	1.07
spoke	0.30	1.60
army	0.30	0.58
combat	0.30	0.58
crush	0.30	0.61
remindme	0.30	0.85
pennies	0.30	0.68
action	0.30	0.62
mirror	0.30	0.78
develop	0.30	0.78
layers	0.30	0.68
glance	0.30	0.95
tickets	0.30	0.58
terms	0.30	1.63
patient	0.31	0.63
beyond	0.31	1.06
shadow	0.31	0.73
perfectly	0.31	1.04
papers	0.31	0.99
buildings	0.31	0.60
windows	0.31	0.63
surrounding	0.31	0.59
donate	0.31	0.67
tag	0.31	0.98
comment	0.31	1.24
east	0.31	0.68
coincidence	0.31	1.29
penny	0.31	0.71
european	0.32	0.91
horror	0.32	0.65
nasa	0.32	0.69
implies	0.32	2.48
female	0.32	0.61
considering	0.32	1.18
dinner	0.32	0.56
penis	0.32	0.74
yellow	0.32	0.65
surrounded	0.32	0.61
form	0.32	1.05
hotel	0.32	0.53
shape	0.32	0.79
crew	0.32	0.63
surgery	0.32	0.67
perspective	0.32	1.19
ruins	0.32	0.59
color	0.33	0.69
armor	0.33	0.61
planning	0.33	0.87
careful	0.33	1.31
mid	0.33	0.63
sharks	0.33	0.65
tops	0.33	0.79
clouds	0.33	0.67
personal	0.33	0.87
city	0.33	0.57
bears	0.33	0.73
circles	0.33	0.80
strategy	0.33	0.77
flower	0.33	0.59
beginning	0.33	0.65
stars	0.33	0.70
incredibly	0.33	1.03
cows	0.33	0.55
irony	0.34	1.29
late	0.34	0.67
boot	0.34	0.55
amount	0.34	0.70
reflection	0.34	0.76
patch	0.34	0.58
earn	0.34	0.79
tail	0.34	0.65
zealand	0.34	0.68
green	0.34	0.65
stickers	0.34	0.77
business	0.34	0.65
turkey	0.34	0.45
sex	0.34	0.56
bible	0.34	0.94
clarify	0.34	1.79
gray	0.34	0.64
negative	0.35	0.73
clock	0.35	0.67
clicked	0.35	1.03
automatically	0.35	1.14
young	0.35	0.61
growing	0.35	0.59
austin	0.35	0.55
raising	0.35	0.58
agency	0.35	0.67
retired	0.35	0.59
pacific	0.35	0.57
guy	0.35	1.11
machines	0.35	0.66
win	0.35	0.74
buck	0.35	0.65
ama	0.35	0.74
kids	0.35	0.63
latter	0.35	2.49
learned	0.35	1.34
mandatory	0.35	0.89
stable	0.36	0.67
subject	0.36	1.07
partner	0.36	0.62
italy	0.36	0.63
shame	0.36	1.41
thoughts	0.36	0.75
youre	0.36	1.17
core	0.36	0.63
denmark	0.36	0.75
2001	0.36	0.65
pope	0.36	0.78
staying	0.36	0.70
le	0.36	1.08
web	0.36	0.78
worker	0.36	0.77
very	0.36	1.09
jennifer	0.36	0.64
teens	0.36	0.56
chickens	0.37	0.57
hills	0.37	0.60
extension	0.37	0.80
emotions	0.37	0.72
prefer	0.37	0.71
looking	0.37	1.64
closing	0.37	0.70
prime	0.37	0.79
maintain	0.37	0.85
rich	0.37	0.60
desert	0.37	0.62
national	0.37	0.56
el	0.37	0.98
foreign	0.37	1.04
village	0.38	0.56
detroit	0.38	0.56
terror	0.38	0.68
amirite	0.38	1.08
atlanta	0.38	0.55
insanely	0.38	1.04
ii	0.38	1.06
headed	0.38	0.67
effective	0.38	0.84
chicago	0.38	0.55
uncommon	0.38	1.03
downtown	0.38	0.56
denver	0.38	0.55
short	0.38	0.66
infinite	0.38	0.80
capital	0.38	0.79
appearance	0.38	0.80
desire	0.38	0.74
wake	0.38	0.67
laughed	0.39	1.12
weigh	0.39	0.59
colorado	0.39	0.57
handed	0.39	0.86
honest	0.39	1.62
shit	0.39	1.55
sadly	0.39	1.55
imo	0.39	0.91
lbs	0.39	0.60
rural	0.39	0.57
shopping	0.39	0.56
app	0.39	0.72
ring	0.39	0.54
lightning	0.39	0.59
imgur	0.39	0.86
reasonably	0.39	0.91
capacity	0.39	0.77
birth	0.39	0.56
humor	0.40	0.99
effect	0.40	0.74
sunny	0.40	0.55
laughing	0.40	0.93
positions	0.40	0.82
heading	0.40	0.68
via	0.40	0.80
red	0.40	0.65
storage	0.40	0.55
pounds	0.40	0.63
ireland	0.40	0.68
buttons	0.40	0.82
host	0.40	0.53
pound	0.40	0.60
guard	0.40	0.57
mix	0.40	0.53
attracted	0.40	0.60
francisco	0.40	0.56
valley	0.40	0.57
beaches	0.41	0.54
workers	0.41	0.77
maps	0.41	0.83
tech	0.41	0.68
naturally	0.41	0.75
evolution	0.41	0.77
sentiment	0.41	0.85
treasure	0.41	0.67
lips	0.41	0.63
terribly	0.41	1.02
century	0.41	0.68
computers	0.41	0.63
referring	0.41	2.25
located	0.41	0.61
lap	0.41	0.65
click	0.41	0.92
joking	0.41	1.82
navy	0.41	0.56
4th	0.42	1.18
sun	0.42	0.65
era	0.42	0.56
played	0.42	0.69
extremely	0.42	1.02
eye	0.42	0.65
though	0.42	2.16
blue	0.42	0.65
olympic	0.42	0.52
lose	0.42	0.72
bump	0.42	0.68
marine	0.42	0.58
gave	0.42	1.53
prey	0.42	0.73
score	0.42	0.77
appeal	0.42	0.85
seattle	0.42	0.55
dallas	0.43	0.56
signed	0.43	1.04
used	0.43	2.32
pic	0.43	0.81
adding	0.43	0.93
celebrities	0.43	0.54
hunt	0.43	0.64
means	0.43	2.52
amazon	0.43	0.65
applied	0.43	1.09
pattern	0.43	0.73
secure	0.43	0.68
huge	0.43	0.86
town	0.43	0.61
screen	0.44	0.65
houston	0.44	0.56
silver	0.44	0.63
bitches	0.44	1.18
bills	0.44	0.72
state	0.44	0.61
subtle	0.44	0.84
england	0.44	0.63
bank	0.44	0.72
user	0.44	0.85
meme	0.44	0.97
surely	0.44	1.55
cow	0.44	0.58
angles	0.45	0.77
living	0.45	0.60
york	0.45	0.58
purple	0.45	0.64
seeing	0.45	1.46
1000	0.45	0.67
caps	0.45	1.05
colored	0.45	0.66
roots	0.45	0.64
lip	0.45	0.63
perception	0.45	0.90
dangerous	0.45	1.00
manner	0.45	0.82
sword	0.45	0.63
bill	0.45	0.64
opening	0.46	0.58
blurry	0.46	0.80
shows	0.46	0.61
2008	0.46	0.75
library	0.46	0.71
she	0.46	0.84
islands	0.46	0.55
pics	0.46	0.86
completely	0.46	1.21
equipment	0.46	0.92
soon	0.46	1.19
fixing	0.46	1.82
london	0.46	0.55
url	0.46	0.87
gained	0.46	0.59
dc	0.46	0.53
dollar	0.46	0.69
kim	0.46	0.57
near	0.46	0.58
fortune	0.46	0.68
basic	0.46	1.18
pink	0.46	0.65
woke	0.46	0.65
coast	0.47	0.60
file	0.47	0.91
child	0.47	0.56
details	0.47	1.14
bastard	0.47	0.90
referencing	0.47	0.93
appears	0.47	1.25
depth	0.47	0.75
helmets	0.47	0.56
theater	0.47	0.51
bay	0.47	0.57
na	0.47	1.53
fields	0.47	0.58
ridiculously	0.47	1.02
reporting	0.47	0.75
statue	0.47	0.53
using	0.47	1.60
ass	0.47	0.98
shut	0.47	0.76
heart	0.47	0.66
speaks	0.48	1.73
ed	0.48	1.05
shave	0.48	0.71
channel	0.48	0.56
la	0.48	0.70
attend	0.48	0.62
minds	0.48	0.80
faith	0.48	0.76
versions	0.48	0.65
plot	0.48	0.77
keyboard	0.48	0.72
90s	0.48	0.59
cash	0.48	0.72
80s	0.48	0.53
nuts	0.48	0.96
mobile	0.48	0.85
vegas	0.48	0.52
polar	0.48	0.58
path	0.48	0.65
gon	0.48	1.48
scientists	0.48	0.86
split	0.48	0.75
perfect	0.49	1.43
showing	0.49	0.77
olympics	0.49	0.52
level	0.49	0.79
model	0.49	0.75
colors	0.49	0.71
island	0.49	0.55
boys	0.49	0.60
fashion	0.49	0.66
till	0.50	0.79
breeding	0.50	0.57
northern	0.50	0.61
acceptable	0.50	1.98
engineering	0.50	0.81
gold	0.50	0.62
schedule	0.50	0.64
ride	0.50	0.58
lines	0.50	0.78
closed	0.50	0.61
googled	0.50	1.04
mexico	0.50	0.70
deserves	0.50	0.67
update	0.50	0.80
hike	0.51	0.56
upvote	0.51	0.85
original	0.51	1.15
shiny	0.51	0.64
both	0.51	1.96
vice	0.51	0.56
paris	0.51	0.55
hire	0.51	0.76
please	0.51	1.33
skinny	0.51	0.70
product	0.51	0.65
mt	0.51	0.59
washington	0.51	0.55
video	0.52	0.55
shift	0.52	0.71
porn	0.52	0.58
belt	0.52	0.58
uk	0.52	0.66
message	0.52	1.13
deer	0.52	0.63
together	0.52	0.70
games	0.52	0.49
midwest	0.52	0.57
download	0.52	0.74
horse	0.52	0.58
macros	0.52	0.81
wars	0.52	0.52
herself	0.52	0.84
buffalo	0.52	0.54
oregon	0.52	0.61
ski	0.52	0.53
impression	0.52	1.34
russian	0.52	1.41
refers	0.52	2.29
definition	0.53	2.02
insert	0.53	0.90
vancouver	0.53	0.54
hunting	0.53	0.62
presumably	0.53	0.98
co	0.53	0.63
sheep	0.53	0.56
teach	0.53	1.14
watch	0.53	0.66
youtube	0.54	0.65
explanation	0.54	1.31
stories	0.54	0.68
chin	0.54	0.63
los	0.54	0.73
elements	0.54	0.74
morning	0.54	0.68
fedora	0.54	1.06
campaign	0.54	0.65
term	0.54	2.38
survival	0.54	0.69
flash	0.54	0.53
jobs	0.54	0.79
south	0.54	0.61
colours	0.54	0.72
cap	0.55	0.60
central	0.55	0.61
caption	0.55	1.12
heck	0.55	1.73
colour	0.55	0.70
res	0.55	0.80
inner	0.55	0.72
frog	0.55	0.79
wings	0.55	0.68
deserve	0.55	0.72
bull	0.55	0.57
powers	0.55	0.68
cruise	0.55	0.56
mechanical	0.55	0.72
teaching	0.56	1.05
toronto	0.56	0.56
ancient	0.56	0.64
raw	0.56	0.70
use	0.56	1.64
interior	0.56	0.63
note	0.56	1.07
younger	0.56	0.84
collar	0.56	0.59
species	0.56	0.64
chosen	0.56	0.82
super	0.56	1.07
cameras	0.56	0.66
laugh	0.56	1.01
sky	0.57	0.69
missed	0.57	1.22
wyoming	0.57	0.57
queen	0.57	0.55
tourists	0.57	0.69
empathy	0.57	0.72
250	0.57	0.60
currency	0.57	0.67
required	0.57	1.06
seasons	0.57	0.52
horses	0.57	0.55
whose	0.57	0.55
computer	0.57	0.64
axe	0.58	0.69
continues	0.58	0.75
peak	0.58	0.60
coins	0.58	0.67
someday	0.58	1.29
spoiler	0.58	0.80
southern	0.58	0.59
credit	0.58	0.78
met	0.58	1.46
arizona	0.58	0.58
night	0.58	0.63
australia	0.58	0.66
project	0.58	0.73
gates	0.58	0.54
pit	0.58	0.51
tits	0.58	0.73
polish	0.58	1.45
soldiers	0.59	0.52
rides	0.59	0.55
welfare	0.59	0.65
autistic	0.59	1.61
log	0.59	0.69
boobs	0.59	0.69
lt	0.59	1.65
alaska	0.59	0.58
taught	0.59	1.06
episodes	0.59	0.65
california	0.59	0.57
grow	0.59	0.58
vet	0.59	0.59
count	0.59	1.39
shield	0.59	0.58
deliver	0.60	0.83
twist	0.60	0.88
hired	0.60	0.71
thumbnail	0.60	0.90
texas	0.60	0.58
oklahoma	0.60	0.58
mature	0.60	0.66
raised	0.60	0.51
isnt	0.60	1.21
lesson	0.60	1.51
accomplish	0.61	1.40
monday	0.61	0.68
balance	0.61	0.78
worthy	0.61	0.85
wallet	0.61	0.73
competition	0.61	0.55
forest	0.61	0.58
id	0.61	1.09
saturday	0.61	0.67
map	0.61	0.66
secret	0.61	0.60
television	0.61	0.55
format	0.61	0.73
louis	0.61	0.54
cast	0.61	0.51
predator	0.61	0.72
focus	0.62	0.79
engineer	0.62	0.77
teen	0.62	0.54
nights	0.62	0.67
modern	0.62	0.65
valuable	0.62	0.70
cakes	0.62	0.62
gaming	0.62	0.51
useful	0.62	0.83
educated	0.62	0.60
georgia	0.62	0.59
roommate	0.62	0.70
utah	0.62	0.57
spring	0.63	0.49
pumpkin	0.63	0.59
literal	0.63	2.38
march	0.63	0.97
efforts	0.63	0.89
variety	0.63	0.75
laptop	0.63	0.55
game	0.63	0.54
lions	0.63	0.63
giving	0.64	0.98
require	0.64	1.03
charity	0.64	0.65
battle	0.64	0.60
maine	0.64	0.58
notes	0.64	0.98
dudes	0.64	0.83
north	0.64	0.61
relevant	0.64	1.12
virginia	0.64	0.58
er	0.64	0.82
preferred	0.64	1.87
lab	0.64	0.60
jersey	0.64	0.59
afternoon	0.64	0.66
stayed	0.64	0.63
pm	0.64	0.87
an	0.64	0.88
accent	0.64	1.55
american	0.64	1.07
finished	0.65	0.64
british	0.65	1.04
indian	0.65	0.97
tomorrow	0.65	0.78
meta	0.65	0.89
tv	0.65	0.54
author	0.65	0.83
pleasant	0.65	1.29
camping	0.65	0.54
twin	0.66	0.52
description	0.66	1.21
chicks	0.66	0.77
printer	0.66	0.70
receive	0.66	0.76
royal	0.66	0.56
ideas	0.66	0.93
fun	0.66	1.37
copy	0.66	0.84
meaning	0.66	1.98
wisconsin	0.67	0.58
flags	0.67	0.59
models	0.67	0.60
turtle	0.67	0.65
coin	0.67	0.67
performance	0.67	0.68
desktop	0.67	0.67
beings	0.67	0.65
club	0.67	0.50
ny	0.67	0.59
netflix	0.67	0.54
michigan	0.67	0.58
active	0.67	0.59
parents	0.67	0.51
ghost	0.67	0.84
quiet	0.67	0.70
sent	0.67	0.89
nsfw	0.67	0.90
criticism	0.68	1.14
version	0.68	0.63
achieve	0.68	0.81
pure	0.68	0.58
ginger	0.68	0.74
monster	0.68	0.91
technology	0.68	0.66
upload	0.68	0.79
pussy	0.68	0.94
monitor	0.68	0.61
videos	0.69	0.60
advance	0.69	0.84
logo	0.69	0.75
evolved	0.69	0.66
former	0.69	0.62
custom	0.69	0.61
san	0.69	0.52
moment	0.69	1.58
exciting	0.69	1.25
tour	0.69	0.53
helmet	0.69	0.55
robot	0.69	0.63
print	0.69	0.87
goat	0.69	0.63
tool	0.69	0.90
season	0.69	0.52
ohio	0.69	0.58
package	0.69	0.63
star	0.69	0.52
elephant	0.69	0.63
written	0.69	1.42
canada	0.69	0.62
show	0.70	0.55
letter	0.70	1.30
shadows	0.70	0.72
japanese	0.70	1.40
printing	0.70	0.70
book	0.70	0.81
happier	0.70	1.39
ducks	0.70	0.63
while	0.70	0.88
shelter	0.70	0.63
ups	0.70	0.62
fort	0.71	0.58
im	0.71	1.34
born	0.71	0.61
ontario	0.71	0.55
west	0.71	0.60
diego	0.71	0.52
wild	0.71	0.58
utterly	0.71	0.98
lens	0.71	0.72
clip	0.71	0.58
books	0.71	0.76
appropriate	0.71	2.02
coat	0.71	0.57
marry	0.72	0.67
zoom	0.72	0.76
hawaii	0.72	0.54
2010	0.72	0.74
hunter	0.72	0.63
m8	0.72	0.98
printed	0.72	0.86
text	0.72	1.18
entertainment	0.72	0.61
usage	0.72	2.46
mothers	0.72	0.52
mexican	0.72	0.96
human	0.72	0.69
french	0.73	1.70
shoe	0.73	0.53
scotland	0.73	0.63
look	0.73	1.40
breed	0.73	0.52
cage	0.73	0.59
cake	0.73	0.63
korean	0.73	1.44
bc	0.73	0.64
married	0.73	0.51
ultimate	0.73	0.67
beach	0.73	0.55
soooo	0.74	0.99
2011	0.74	0.78
dinosaur	0.74	0.58
speech	0.74	1.33
pencil	0.74	0.71
quotes	0.74	1.40
context	0.74	1.79
ms	0.74	0.54
write	0.74	1.38
chinese	0.74	1.35
mouse	0.74	0.60
county	0.74	0.60
comedy	0.74	0.72
scout	0.74	0.53
rescue	0.75	0.58
laser	0.75	0.67
indiana	0.75	0.55
info	0.75	1.00
xd	0.75	1.00
rob	0.75	0.65
life	0.75	0.76
zoo	0.75	0.54
development	0.75	0.69
witch	0.75	0.95
tools	0.75	0.82
roman	0.75	0.64
bear	0.76	0.69
spoken	0.76	1.97
bitch	0.76	1.07
software	0.76	0.72
offering	0.76	0.77
live	0.76	0.59
scene	0.76	0.66
swear	0.76	0.91
must	0.76	1.33
2014	0.76	0.80
joke	0.77	1.00
scan	0.77	0.74
instagram	0.77	0.81
swedish	0.77	1.59
speak	0.77	1.89
italian	0.77	1.60
received	0.77	0.74
handy	0.77	0.73
chick	0.77	0.71
duty	0.77	0.56
weight	0.78	0.62
hook	0.78	0.69
added	0.78	1.30
norwegian	0.78	1.59
traditional	0.78	0.60
okay	0.78	1.86
pregnant	0.79	0.57
footage	0.79	0.56
expecting	0.79	0.98
2012	0.79	0.79
double	0.79	0.79
functional	0.79	0.72
role	0.79	0.65
asian	0.79	0.82
mine	0.79	0.90
professional	0.79	0.66
wolf	0.79	0.60
keep	0.80	1.31
animals	0.80	0.58
spanish	0.80	1.79
learn	0.80	1.78
daughters	0.80	0.51
hollywood	0.80	0.51
dutch	0.80	1.66
de	0.80	0.77
ears	0.80	0.72
pc	0.80	0.53
address	0.80	0.89
florida	0.80	0.59
advice	0.81	1.14
hiking	0.81	0.54
movies	0.81	0.61
tight	0.81	0.56
film	0.81	0.52
return	0.81	0.84
irish	0.81	1.29
woman	0.81	0.59
tie	0.81	0.57
pun	0.81	0.91
exposure	0.82	0.73
staged	0.82	1.08
phrase	0.82	2.39
ads	0.82	0.68
translate	0.82	1.97
january	0.82	0.81
banana	0.82	0.82
pen	0.83	0.79
resolution	0.83	0.68
pronounced	0.83	2.08
symbol	0.83	0.55
joy	0.83	0.79
moved	0.83	0.66
2013	0.83	0.81
sarcasm	0.83	1.28
picture	0.83	0.88
writing	0.83	1.38
grew	0.83	0.60
wan	0.84	1.32
camera	0.84	0.70
send	0.84	0.91
parties	0.84	0.63
elaborate	0.84	0.77
st	0.84	0.57
scary	0.84	1.79
shed	0.84	0.69
uniform	0.84	0.52
skyrim	0.84	0.55
movie	0.84	0.52
trek	0.84	0.51
sons	0.84	0.51
films	0.85	0.52
birds	0.85	0.66
lived	0.85	0.60
ability	0.85	0.94
october	0.85	0.80
continued	0.85	0.63
tiger	0.85	0.64
thrones	0.85	0.52
forgot	0.85	1.23
series	0.85	0.52
family	0.85	0.50
sunday	0.86	0.67
ending	0.86	0.78
special	0.86	0.95
anyways	0.86	1.42
visual	0.86	0.79
son	0.86	0.56
medium	0.86	0.60
hot	0.86	0.62
pa	0.87	0.63
wildlife	0.87	0.58
word	0.87	2.50
edition	0.87	0.56
english	0.87	2.02
remembered	0.87	1.17
prize	0.87	0.62
twins	0.87	0.55
castle	0.87	0.49
activities	0.88	0.60
devil	0.88	0.80
language	0.88	2.03
operation	0.88	0.65
forever	0.88	0.83
learning	0.88	1.42
sets	0.88	0.63
badge	0.88	0.59
ink	0.88	0.68
pr	0.88	0.63
bud	0.89	0.97
precious	0.89	0.58
memorial	0.89	0.66
amateur	0.89	0.66
naked	0.89	0.62
evening	0.89	0.63
handwriting	0.89	1.22
boom	0.89	0.85
gay	0.90	0.57
november	0.90	0.93
simpsons	0.90	0.55
turtles	0.90	0.59
brings	0.90	0.72
tough	0.90	0.85
patterns	0.90	0.74
daughter	0.90	0.51
arts	0.90	0.77
superimposed	0.90	1.08
canadians	0.91	0.63
u	0.91	1.17
travel	0.91	0.74
friday	0.91	0.67
sympathy	0.91	0.62
pose	0.91	0.79
wife	0.91	0.52
critical	0.91	0.87
cousins	0.91	0.50
translation	0.91	2.07
gif	0.92	0.77
excited	0.92	1.54
latin	0.92	2.01
greek	0.92	1.42
idk	0.92	1.22
scheme	0.92	0.65
pleasure	0.92	0.66
uncle	0.92	0.51
wizard	0.92	0.67
comfort	0.92	0.64
brothers	0.92	0.50
damned	0.93	0.87
agreed	0.93	1.20
museum	0.93	0.56
element	0.93	0.64
sisters	0.93	0.50
sister	0.93	0.52
girlfriend	0.93	0.52
visited	0.93	0.54
facial	0.93	0.63
staring	0.93	0.79
reward	0.94	0.62
delivered	0.94	0.66
background	0.94	0.73
photoshopped	0.94	1.16
june	0.94	0.94
blank	0.94	0.75
lion	0.94	0.65
boyfriend	0.94	0.52
party	0.94	0.61
thankful	0.94	1.84
contest	0.94	0.51
her	0.95	0.54
viewing	0.95	0.77
bot	0.95	0.94
tourist	0.95	0.56
ex	0.95	0.51
tonight	0.95	0.62
yeah	0.95	1.90
mom	0.95	0.53
scenes	0.95	0.50
mother	0.95	0.51
trick	0.95	0.89
wealthy	0.95	0.54
pictures	0.95	0.83
moms	0.95	0.50
squirrel	0.96	0.68
earned	0.96	0.60
hair	0.96	0.62
husband	0.96	0.51
knight	0.96	0.65
george	0.96	0.65
cousin	0.97	0.50
engineers	0.97	0.71
leather	0.97	0.52
pictured	0.97	0.87
september	0.97	0.95
date	0.97	0.82
dating	0.97	0.55
brother	0.97	0.50
casual	0.97	0.61
productive	0.97	0.80
filter	0.97	0.77
eyes	0.97	0.58
mail	0.97	0.72
watched	0.97	0.57
mum	0.97	0.82
fallen	0.98	0.72
selfie	0.98	0.68
girls	0.98	0.64
humans	0.98	0.64
ties	0.98	0.49
animated	0.98	0.60
watching	0.98	0.59
dem	0.99	0.98
animal	0.99	0.59
dated	0.99	0.57
bang	0.99	0.89
character	0.99	0.52
em	0.99	1.22
card	0.99	0.71
tears	0.99	0.82
theme	1.00	0.51
stuffed	1.00	0.57
documentary	1.00	0.66
sentence	1.00	2.36
freedom	1.00	0.62
vision	1.00	0.68
summer	1.00	0.58
episode	1.00	0.56
references	1.01	0.65
cried	1.01	1.25
correctly	1.01	2.31
natural	1.01	0.71
grandfather	1.01	0.65
father	1.01	0.51
paint	1.02	0.66
speaking	1.02	2.26
tattoo	1.02	0.63
rabbit	1.02	0.65
potter	1.02	0.60
3d	1.02	0.67
words	1.02	2.38
grandparents	1.02	0.50
letters	1.02	1.57
magic	1.03	0.81
reference	1.03	0.68
touching	1.03	0.72
fuck	1.03	1.56
forth	1.03	0.75
face	1.03	0.63
blonde	1.03	0.60
fucker	1.03	0.99
lighting	1.03	0.70
temple	1.04	0.55
scientist	1.04	0.79
aunt	1.04	0.52
ma	1.04	1.10
image	1.04	0.92
gallery	1.04	0.73
relationships	1.04	0.50
curiosity	1.04	0.68
con	1.04	0.66
sam	1.04	0.56
sum	1.04	1.10
king	1.05	0.55
anime	1.05	0.48
obligatory	1.05	0.86
pair	1.05	0.52
van	1.05	0.57
outta	1.05	1.16
dad	1.05	0.50
pride	1.05	0.65
trips	1.05	0.54
dogs	1.06	0.54
fitting	1.06	0.65
stupidity	1.06	0.75
stare	1.06	0.77
verify	1.06	0.80
mountains	1.06	0.58
faces	1.06	0.70
dr	1.06	0.57
ta	1.06	1.16
rare	1.06	0.84
mario	1.06	0.69
quote	1.07	0.82
cats	1.07	0.59
ai	1.07	1.13
my	1.07	0.49
technically	1.08	2.02
apologize	1.08	1.46
ok	1.08	1.72
sweater	1.08	0.51
mark	1.08	0.78
native	1.08	1.08
training	1.08	0.87
gf	1.08	0.53
glasses	1.09	0.59
images	1.09	0.77
taken	1.09	0.75
relationship	1.10	0.55
gloves	1.10	0.51
lil	1.10	1.06
daddy	1.10	0.92
prince	1.10	0.55
minnesota	1.10	0.57
lack	1.10	0.84
grandmother	1.10	0.57
cuz	1.11	1.12
aint	1.11	1.13
traveling	1.11	0.57
hes	1.11	1.11
festival	1.11	0.68
grateful	1.11	1.64
friends	1.11	0.54
flag	1.11	0.59
fur	1.11	0.58
experiences	1.11	0.60
pls	1.11	0.90
grandma	1.11	0.57
dragon	1.11	0.63
dog	1.11	0.54
reply	1.11	1.15
studio	1.12	0.54
actor	1.12	0.57
harry	1.12	0.59
socks	1.12	0.50
nigga	1.12	1.13
proper	1.12	2.10
shots	1.12	0.71
fireworks	1.12	0.64
enormous	1.13	0.76
accurate	1.13	1.39
voice	1.13	0.58
youth	1.13	0.50
tim	1.13	0.53
features	1.13	0.68
names	1.14	1.69
pets	1.14	0.52
satan	1.14	0.66
hat	1.14	0.55
ur	1.15	0.97
michael	1.15	0.61
upon	1.15	0.78
actors	1.15	0.62
favorite	1.15	1.64
checks	1.15	0.83
capture	1.15	0.75
typing	1.16	1.80
omg	1.16	0.92
classic	1.16	0.57
hmmm	1.16	1.16
mike	1.16	0.62
august	1.16	0.87
haircut	1.16	0.70
soldier	1.16	0.52
equally	1.16	0.87
bout	1.16	1.12
murica	1.16	0.76
shoes	1.16	0.50
receiving	1.17	0.62
importantly	1.17	0.73
december	1.17	0.85
rainbow	1.17	0.77
promise	1.17	1.08
entertaining	1.17	1.08
shopped	1.17	1.02
monkey	1.17	0.66
souls	1.17	0.70
pants	1.17	0.50
spelled	1.18	2.29
hopefully	1.18	1.08
digital	1.18	0.67
yo	1.18	1.13
composition	1.18	0.74
fap	1.18	0.87
mistakes	1.18	2.03
mission	1.18	0.71
hats	1.19	0.50
boner	1.19	0.86
exchange	1.19	0.63
friend	1.19	0.59
murray	1.19	0.57
jacket	1.20	0.50
totally	1.20	1.44
peace	1.20	0.54
boots	1.20	0.49
representation	1.20	0.77
style	1.20	0.53
dunno	1.20	1.22
redditor	1.20	0.69
t-shirt	1.20	0.50
sigh	1.21	0.83
sunglasses	1.21	0.53
dream	1.22	0.75
shorts	1.22	0.50
april	1.22	0.85
fantasy	1.22	0.56
impressed	1.22	1.21
buddies	1.22	1.44
damnit	1.22	0.74
da	1.22	1.07
shirt	1.22	0.50
jeans	1.22	0.49
mask	1.23	0.52
y'all	1.23	1.12
hometown	1.23	0.59
ya	1.23	1.10
bird	1.23	0.68
lifetime	1.23	0.59
spell	1.24	2.23
comic	1.24	0.53
moose	1.24	0.62
sayin	1.24	1.11
approve	1.25	1.22
fixed	1.25	1.99
knowledge	1.25	0.89
characters	1.25	0.55
story	1.25	0.58
jackson	1.26	0.64
resident	1.26	0.63
confirmed	1.26	0.72
shirts	1.26	0.49
sending	1.26	0.75
realistic	1.26	0.74
requires	1.27	0.88
citizen	1.27	0.64
visit	1.27	0.61
underwear	1.27	0.49
babies	1.27	0.90
pokemon	1.27	0.55
fyi	1.27	0.97
dammit	1.27	0.78
july	1.28	0.87
martin	1.28	0.60
accepting	1.28	0.64
bride	1.29	0.50
wearing	1.29	0.48
dat	1.29	1.05
adam	1.29	0.58
aka	1.29	0.59
kiss	1.29	0.58
grammar	1.29	2.22
dave	1.29	0.59
contrast	1.29	0.87
chuck	1.30	0.58
draw	1.30	0.73
comics	1.30	0.47
photographer	1.30	0.68
famous	1.30	0.76
goal	1.31	0.78
taking	1.31	0.95
wut	1.31	0.98
advertising	1.31	0.60
dreams	1.31	0.58
wear	1.32	0.48
boy	1.32	0.88
wore	1.32	0.48
bold	1.32	0.89
expression	1.32	0.73
whats	1.32	1.17
ray	1.32	0.56
error	1.32	2.06
wears	1.32	0.48
neutral	1.33	1.67
duck	1.33	0.64
brought	1.33	1.35
strangers	1.33	0.61
jr	1.33	0.60
worn	1.33	0.47
spelling	1.33	2.20
technique	1.33	0.73
baby	1.33	0.99
vacation	1.34	0.62
rick	1.34	0.57
golden	1.34	0.67
cards	1.34	0.59
clothes	1.34	0.49
visiting	1.34	0.58
cartoon	1.34	0.62
powerful	1.35	0.85
doll	1.35	0.66
johnson	1.35	0.65
practice	1.35	0.74
surprise	1.36	0.95
jerry	1.36	0.55
mistake	1.36	2.01
pretty	1.36	1.11
jesus	1.36	0.75
fame	1.36	0.56
ladies	1.37	0.60
display	1.37	0.68
r/hailcorporate	1.38	0.66
prints	1.38	0.64
inspired	1.38	0.58
guide	1.38	0.56
sooo	1.38	0.85
bow	1.38	0.59
creatures	1.38	0.81
guys	1.38	1.34
girl	1.38	0.54
fucking	1.39	0.90
hahahaha	1.39	0.89
disney	1.39	0.52
photo	1.39	0.84
uhh	1.39	1.34
career	1.39	0.67
legos	1.39	0.60
motherfucker	1.39	0.91
reminded	1.39	1.00
attractive	1.40	0.61
jealous	1.40	1.65
shared	1.40	0.54
drawn	1.40	0.61
pray	1.40	0.62
wat	1.41	0.95
smiling	1.41	0.86
goddamn	1.41	0.90
experience	1.41	0.64
doe	1.41	0.82
til	1.41	0.96
ron	1.42	0.60
figures	1.42	0.56
suit	1.42	0.48
tradition	1.42	0.63
makeup	1.42	0.64
creation	1.42	0.66
lego	1.42	0.53
checking	1.42	0.72
charlie	1.42	0.56
added/superimposed	1.43	1.02
nevermind	1.43	1.35
hail	1.43	0.55
humanity	1.43	0.62
rekt	1.43	0.95
umm	1.43	1.27
fuckin	1.43	1.02
ben	1.44	0.56
strong	1.44	0.68
horn	1.44	0.63
comnts	1.44	0.66
designer	1.44	0.61
canadian	1.44	0.67
goals	1.44	0.68
billy	1.44	0.56
10/10	1.45	0.80
cat	1.45	0.69
johnny	1.45	0.57
suits	1.45	0.46
paul	1.45	0.58
jimmy	1.45	0.58
bruce	1.45	0.58
painted	1.46	0.62
sheer	1.46	0.62
soul	1.46	0.58
suggestion	1.46	0.95
kevin	1.46	0.56
grave	1.47	1.20
clothing	1.47	0.48
lol	1.47	0.98
princess	1.47	0.46
filters	1.47	0.87
tom	1.47	0.56
bunny	1.47	0.81
sorry	1.48	1.39
creature	1.48	0.88
bob	1.48	0.56
robert	1.48	0.59
photographers	1.48	0.65
peter	1.49	0.54
rose	1.49	0.58
heroes	1.49	0.96
nah	1.49	1.09
dressing	1.49	0.42
williams	1.49	1.11
kitten	1.50	0.71
hobby	1.51	0.65
buzz	1.51	0.74
work	1.51	0.94
scott	1.51	0.60
meh	1.51	1.01
um	1.52	1.16
smith	1.52	0.58
adopt	1.52	0.52
hey	1.52	1.17
david	1.52	0.58
lee	1.52	0.57
kidding	1.52	1.19
happiness	1.52	0.64
edited	1.52	1.87
miss	1.53	0.92
lookin	1.53	1.05
future	1.53	0.73
welp	1.53	1.12
moments	1.53	0.81
jim	1.53	0.56
frank	1.53	0.56
graffiti	1.54	0.59
owl	1.54	0.72
goodness	1.54	0.72
james	1.54	0.58
insane	1.54	1.16
looks	1.54	0.91
genuine	1.55	0.62
hdr	1.55	0.79
joe	1.55	0.58
john	1.56	0.59
hero	1.56	0.64
gods	1.56	0.55
successful	1.56	0.64
job	1.56	0.99
jones	1.56	0.57
collection	1.56	0.51
flowers	1.56	0.44
winner	1.57	0.53
photoshop	1.57	0.87
present	1.57	0.78
shall	1.57	0.68
shes	1.57	0.65
chris	1.57	0.57
takes	1.57	0.78
polite	1.58	0.61
day	1.58	0.73
won	1.58	0.49
corrected	1.58	1.86
name	1.58	1.21
tony	1.58	0.57
nope	1.58	1.31
fascinating	1.58	1.45
c'mon	1.58	1.02
patrick	1.58	0.53
jack	1.58	0.56
winning	1.59	0.52
duh	1.59	1.11
christ	1.59	0.67
close	1.59	1.06
amazed	1.60	1.17
steve	1.60	0.57
eh	1.60	1.11
robin	1.60	1.02
puppy	1.60	0.63
represent	1.60	0.51
ad	1.61	0.68
wedding	1.61	0.53
cosplay	1.61	0.40
ha	1.61	1.03
hearts	1.61	0.48
batman	1.61	0.45
effort	1.62	0.76
photography	1.62	0.65
lmao	1.62	0.94
heaven	1.62	0.65
award	1.62	0.50
loss	1.63	1.15
typo	1.63	1.83
pet	1.63	0.61
yea	1.63	1.17
named	1.64	0.98
uh	1.64	1.09
adopted	1.64	0.49
bond	1.64	1.03
reminds	1.65	0.92
hmm	1.65	1.15
trip	1.65	0.51
alright	1.65	1.15
grandpa	1.65	0.55
design	1.65	0.63
confirm	1.65	0.73
calm	1.66	0.79
designs	1.66	0.63
dresses	1.66	0.42
losing	1.67	0.56
jeez	1.68	1.22
edit	1.68	1.73
legend	1.68	0.53
hah	1.68	0.98
childhood	1.69	0.87
lost	1.69	1.11
caring	1.69	0.59
weekend	1.69	0.68
heh	1.69	1.00
wallpaper	1.69	0.62
skills	1.70	0.84
editing	1.70	0.82
intelligence	1.70	0.69
hopes	1.70	0.68
wtf	1.71	1.03
passed	1.71	1.23
dress	1.71	0.41
oops	1.72	1.30
interesting	1.72	1.02
kitty	1.72	0.71
memory	1.73	0.89
drew	1.73	0.59
huh	1.73	1.04
outfit	1.73	0.42
respect	1.73	0.53
graphic	1.73	0.62
yep	1.73	1.02
relax	1.73	0.95
apologies	1.74	1.32
helpful	1.75	0.69
intelligent	1.75	0.61
captain	1.75	0.55
nicely	1.75	0.78
sexy	1.75	0.58
username	1.76	0.86
ahh	1.76	1.06
ol	1.76	0.77
bro	1.77	1.03
strength	1.77	0.62
drawings	1.77	0.58
correction	1.78	1.60
god	1.78	0.71
confidence	1.78	0.59
glory	1.78	0.52
discipline	1.79	0.70
ftfy	1.79	0.93
whoa	1.80	0.98
painting	1.80	0.57
tho	1.80	0.94
portrait	1.81	0.60
smart	1.81	0.69
terrifying	1.81	1.41
praise	1.81	0.55
paintings	1.82	0.55
master	1.83	0.59
crazy	1.83	1.09
dressed	1.84	0.37
worries	1.85	1.09
enjoying	1.86	0.86
mate	1.87	0.77
funeral	1.87	1.12
dang	1.87	0.92
hilarious	1.87	0.87
beard	1.88	0.57
marketing	1.88	0.56
lord	1.88	0.59
occasion	1.89	0.62
detailed	1.89	0.65
toy	1.89	1.16
mr	1.89	0.61
share	1.89	0.57
drawing	1.89	0.61
yup	1.90	0.92
angel	1.90	0.49
hi	1.90	0.68
eagle	1.90	0.61
honor	1.91	0.47
mustache	1.92	0.57
adventure	1.93	0.45
glad	1.93	1.08
dear	1.93	0.64
ninja	1.94	0.60
photos	1.94	0.60
ahhh	1.94	0.84
timing	1.94	0.58
ah	1.95	1.05
aw	1.95	0.84
oh	1.95	1.10
doge	1.96	0.57
technical	1.97	0.67
seriously	1.97	1.45
ooh	1.98	0.88
forgive	1.98	1.28
hahaha	1.99	0.89
chill	1.99	0.79
captured	1.99	0.57
hehe	2.03	0.84
sacrifice	2.03	0.45
toys	2.04	1.11
beast	2.04	0.71
adorable	2.04	1.24
artist	2.05	0.55
buddy	2.07	0.90
photographs	2.08	0.60
photograph	2.09	0.59
favourite	2.09	0.87
art	2.10	0.55
epic	2.10	0.72
halloween	2.10	0.50
santa	2.10	0.57
recommend	2.10	0.75
woah	2.11	0.90
view	2.11	0.61
hello	2.12	0.67
passion	2.12	0.56
dope	2.13	0.75
memories	2.14	0.58
your	2.15	0.43
amazingly	2.16	0.63
bald	2.16	0.55
manly	2.17	0.53
clever	2.17	0.65
rip	2.18	0.66
friendly	2.18	0.69
u/changetip	2.19	0.53
excellent	2.21	0.90
good	2.21	0.96
proud	2.23	0.87
detail	2.24	0.59
gifts	2.24	0.51
artists	2.24	0.51
sight	2.27	0.78
unique	2.27	0.67
mighty	2.28	0.49
artwork	2.28	0.52
aww	2.29	0.60
confident	2.29	0.64
nature	2.30	0.56
haha	2.30	1.07
architecture	2.30	0.47
legit	2.31	0.91
badass	2.31	0.78
gift	2.31	0.43
birthday	2.32	0.94
costume	2.32	0.41
gentleman	2.33	0.48
lady	2.33	0.41
success	2.35	0.46
stranger	2.35	0.53
skill	2.36	0.59
magical	2.36	0.66
lucky	2.37	0.78
pal	2.37	0.74
costumes	2.38	0.35
damn	2.44	0.90
motivation	2.44	0.54
thanksgiving	2.44	0.85
reminder	2.44	0.56
thats	2.45	0.90
progress	2.45	0.45
holy	2.45	0.82
hug	2.46	0.57
holidays	2.47	0.82
holiday	2.48	0.80
artistic	2.48	0.53
cute	2.50	0.61
sincerely	2.50	0.58
brave	2.53	0.49
neat	2.54	0.59
sweet	2.55	0.47
indeed	2.55	0.77
sunset	2.56	0.45
appreciated	2.56	0.46
dude	2.59	0.80
nailed	2.59	0.69
yay	2.60	0.52
beauty	2.60	0.45
fellow	2.60	0.48
compliment	2.60	0.48
landscape	2.61	0.44
welcome	2.62	0.53
gesture	2.64	0.42
positive	2.64	0.42
smile	2.65	0.52
glorious	2.65	0.41
ps	2.65	0.47
celebrate	2.66	0.60
handsome	2.66	0.52
freaking	2.69	0.70
genius	2.69	0.53
generous	2.69	0.53
sir	2.70	0.44
accomplished	2.71	0.52
imagination	2.73	0.44
man	2.73	0.68
journey	2.74	0.37
enjoyed	2.75	0.30
recovery	2.76	0.38
spirit	2.78	0.36
christmas	2.80	0.51
loving	2.81	0.38
hope	2.82	0.48
thanks	2.84	0.58
impressive	2.84	0.58
wish	2.85	0.57
condolences	2.87	0.29
creative	2.88	0.47
cool	2.89	0.55
majestic	2.90	0.47
bless	2.91	0.31
talent	2.91	0.46
such	2.93	0.37
thank	2.93	0.48
enjoy	2.93	0.36
absolutely	2.95	0.46
cheers	2.96	0.38
wishes	2.98	0.33
talented	2.98	0.44
dedication	2.99	0.39
classy	3.01	0.30
merry	3.04	0.33
appreciate	3.06	0.26
awe	3.06	0.31
inspiration	3.09	0.31
rad	3.10	0.34
truly	3.11	0.36
p.s	3.13	0.31
btw	3.14	0.33
gorgeous	3.15	0.34
luck	3.15	0.32
bravo	3.15	0.32
brilliant	3.15	0.34
wow	3.17	0.37
fabulous	3.19	0.34
incredible	3.19	0.31
props	3.22	0.30
beautiful	3.24	0.25
stunning	3.24	0.30
magnificent	3.24	0.29
inspiring	3.25	0.29
congratulations	3.27	0.24
lovely	3.27	0.18
kudos	3.28	0.27
great	3.30	0.17
congrats	3.30	0.23
sharing	3.31	0.19
wonderful	3.32	0.18
