shitty	-4.86	0.61
dislike	-4.10	1.10
crappy	-3.83	1.36
mess	-3.70	1.35
miserable	-3.65	1.45
pain	-3.63	1.65
complete	-3.55	1.42
waited	-3.53	2.49
unfair	-3.45	1.79
belong	-3.44	1.94
annoyed	-3.39	1.96
obama	-3.35	1.69
regardless	-3.33	1.87
bad	-3.31	1.53
ridiculous	-3.30	1.66
allergy	-3.25	1.89
smell	-3.25	1.56
absurd	-3.23	1.61
silly	-3.20	1.56
pays	-3.19	2.04
service	-3.18	1.58
mindset	-3.17	2.00
enforced	-3.11	1.79
worse	-3.10	1.88
politics	-3.09	2.09
fucked	-3.05	1.56
cant	-3.02	1.87
sprint	-3.02	1.69
knows	-3.00	2.50
majority	-2.99	1.90
attitude	-2.99	1.67
complain	-2.99	1.98
absolute	-2.99	1.63
described	-2.98	1.99
hating	-2.97	1.91
spread	-2.97	1.78
transplants	-2.92	2.15
hypothetical	-2.91	1.75
scam	-2.90	2.00
californians	-2.90	2.19
angry	-2.90	2.00
portlanders	-2.89	2.10
exist	-2.89	2.54
stereotype	-2.86	1.98
bother	-2.85	2.60
bothers	-2.83	1.66
heart	-2.80	1.92
bitching	-2.80	2.06
drives	-2.79	2.32
cares	-2.78	2.24
customer	-2.77	1.87
mentality	-2.76	1.85
made	-2.76	2.47
assholes	-2.75	2.00
gotten	-2.75	2.29
suck	-2.73	1.68
unreasonable	-2.72	1.94
feeling	-2.69	2.36
hipsters	-2.69	2.06
wants	-2.69	2.54
puts	-2.69	1.96
universal	-2.68	1.95
oregonians	-2.68	2.24
hipster	-2.66	2.08
trend	-2.65	2.14
pacific	-2.65	2.29
blame	-2.63	1.83
dare	-2.62	2.00
heavy	-2.61	2.47
transplant	-2.61	2.28
lowest	-2.61	2.16
opposite	-2.60	2.35
demographic	-2.59	2.12
fraud	-2.57	2.12
scenario	-2.57	1.97
reads	-2.56	2.29
moves	-2.56	2.25
moment	-2.54	1.59
unrelated	-2.54	1.72
depressed	-2.53	2.09
disappointing	-2.53	1.86
depressing	-2.52	1.83
unfortunately	-2.52	1.81
entitled	-2.51	1.40
exclusive	-2.50	2.19
representative	-2.50	1.83
insane	-2.50	1.66
lazy	-2.49	1.93
flu	-2.48	2.04
bullshit	-2.48	1.29
fake	-2.48	2.03
sick	-2.47	1.84
extent	-2.46	1.85
guitar	-2.44	1.88
known	-2.44	2.22
portlandia	-2.42	2.01
treat	-2.41	0.96
complaining	-2.40	1.75
single	-2.39	2.25
calling	-2.39	1.52
stream	-2.39	2.17
itself	-2.38	1.93
unpopular	-2.38	2.10
hippies	-2.36	2.11
someday	-2.34	2.22
included	-2.34	2.19
ftfy	-2.33	1.87
considering	-2.33	2.39
consistently	-2.32	2.17
stupid	-2.32	1.32
dont	-2.31	2.39
management	-2.29	1.02
irresponsible	-2.28	1.18
accountable	-2.28	2.16
boring	-2.27	1.74
story	-2.26	2.38
country	-2.23	2.39
earth	-2.23	2.04
confusing	-2.22	2.37
america	-2.21	2.38
treated	-2.21	1.05
downvoting	-2.21	2.18
speech	-2.19	2.21
crap	-2.19	1.68
reality	-2.19	2.10
makes	-2.18	2.41
sucks	-2.13	1.80
geek	-2.13	2.31
truth	-2.11	1.51
their	-2.09	1.24
frustrated	-2.08	2.40
sucked	-2.07	1.80
ugh	-2.07	1.98
nightmare	-2.05	1.77
managers	-2.03	1.14
regard	-2.03	2.28
uncomfortable	-2.02	2.34
frankly	-2.01	1.26
selfish	-2.01	1.44
rough	-2.00	1.98
mix	-2.00	2.39
ruin	-1.99	1.99
boot	-1.99	2.01
little	-1.98	2.49
sides	-1.97	2.71
awkward	-1.96	2.44
typical	-1.95	1.14
naive	-1.91	2.21
rude	-1.90	2.12
humanity	-1.90	2.24
photography	-1.90	2.31
stressful	-1.89	2.22
desperate	-1.89	1.12
owners	-1.89	1.01
risky	-1.87	1.83
reminds	-1.86	2.02
unnecessary	-1.86	1.45
drank	-1.84	1.90
reporting	-1.84	1.13
bizarre	-1.82	2.15
smug	-1.82	1.67
illegal	-1.80	3.26
gross	-1.79	1.81
justified	-1.78	2.81
tourists	-1.77	1.60
such	-1.77	1.63
sunshine	-1.77	2.13
idiots	-1.76	1.68
ruining	-1.75	1.79
thinks	-1.74	2.90
anxiety	-1.74	1.32
ignorant	-1.74	1.45
stress	-1.73	1.27
feels	-1.73	2.48
sees	-1.71	1.73
damned	-1.71	1.99
natives	-1.69	1.94
buys	-1.69	1.73
sketchy	-1.69	2.29
necessarily	-1.66	3.38
locals	-1.66	1.72
asshole	-1.65	1.57
obnoxious	-1.65	1.39
harmful	-1.65	2.85
feel	-1.64	2.73
worthless	-1.63	1.33
whether	-1.60	2.06
stereotypes	-1.60	1.48
severe	-1.59	1.36
petty	-1.58	1.46
disease	-1.58	1.39
moving	-1.58	2.60
symptoms	-1.58	1.38
tells	-1.57	1.73
knowing	-1.56	1.68
simple	-1.55	2.23
claiming	-1.55	1.93
verizon	-1.55	1.45
convince	-1.55	2.43
extreme	-1.55	1.37
represent	-1.54	1.98
wait	-1.54	2.21
prove	-1.53	3.56
making	-1.53	2.53
else	-1.53	2.84
welfare	-1.52	1.26
mad	-1.52	2.82
dirty	-1.51	1.23
pointless	-1.50	1.48
besides	-1.50	1.31
biased	-1.50	2.70
happening	-1.50	3.53
whining	-1.49	1.83
network	-1.49	1.38
45	-1.49	1.70
direction	-1.49	3.35
justify	-1.48	1.93
t-mobile	-1.48	1.45
condition	-1.48	1.59
annoying	-1.47	1.53
make	-1.47	2.92
likes	-1.46	2.91
jerks	-1.46	1.49
minutes	-1.46	1.90
arguing	-1.45	3.32
comcast	-1.45	1.42
fucks	-1.45	1.88
being	-1.45	2.22
nobody	-1.44	2.40
customers	-1.44	1.31
implying	-1.44	3.95
tastes	-1.43	1.91
pathetic	-1.43	2.27
pretentious	-1.43	1.72
suffering	-1.43	1.34
takes	-1.42	1.88
discussing	-1.41	1.57
passive	-1.41	1.48
native	-1.41	1.91
unless	-1.41	4.02
life	-1.41	1.82
apply	-1.40	1.86
committed	-1.40	1.39
screw	-1.39	1.32
decides	-1.39	1.67
offended	-1.39	3.22
believes	-1.39	1.89
odd	-1.39	2.39
switched	-1.38	1.46
wifi	-1.38	1.38
uses	-1.38	1.69
cookies	-1.38	2.46
influx	-1.37	1.75
advertising	-1.37	1.13
idiot	-1.37	1.58
nonsense	-1.37	1.36
minute	-1.37	1.81
works	-1.36	2.69
recommended	-1.36	2.32
defending	-1.36	1.88
fact	-1.36	3.90
funny	-1.36	2.50
advocating	-1.36	3.44
does	-1.36	3.23
agreed	-1.36	1.51
bullying	-1.35	1.43
says	-1.35	2.18
frontier	-1.35	1.42
needs	-1.34	2.14
stating	-1.34	1.78
california	-1.33	1.88
frustrating	-1.33	2.13
why	-1.33	4.10
sentiment	-1.32	1.75
bitter	-1.32	1.26
entertaining	-1.32	2.06
goes	-1.31	2.20
much	-1.31	2.59
wasted	-1.31	1.44
mins	-1.31	1.81
tries	-1.31	1.95
intentionally	-1.30	3.10
existence	-1.30	1.36
ca	-1.30	2.88
except	-1.30	2.02
imply	-1.29	2.24
involving	-1.28	1.24
americans	-1.28	1.39
dick	-1.28	1.51
occasion	-1.28	1.43
liked	-1.28	2.00
10-15	-1.27	1.66
influence	-1.27	1.25
coming	-1.27	2.85
hour	-1.27	1.86
talks	-1.26	1.46
centurylink	-1.26	1.39
sued	-1.26	1.39
dangerous	-1.25	1.58
re	-1.25	4.05
rich	-1.25	1.65
architecture	-1.24	2.13
dsl	-1.24	1.41
later	-1.24	2.18
cali	-1.24	1.90
century	-1.24	1.47
fear	-1.24	1.57
quoted	-1.24	3.24
practices	-1.24	1.18
assumption	-1.24	3.44
shady	-1.23	1.45
smells	-1.23	1.77
tired	-1.23	1.85
runs	-1.23	1.30
here	-1.23	2.82
switching	-1.23	1.67
politicians	-1.23	1.57
what	-1.23	4.14
residents	-1.22	1.68
acting	-1.22	1.45
min	-1.22	1.77
lying	-1.22	1.86
bored	-1.22	2.21
quit	-1.22	1.84
dumb	-1.22	1.57
impression	-1.21	3.21
situation	-1.21	2.16
shits	-1.21	1.55
saying	-1.21	4.19
inconvenience	-1.21	1.66
react	-1.20	1.80
talking	-1.20	3.78
implement	-1.20	1.99
earthquake	-1.20	1.25
deserves	-1.20	1.35
depression	-1.19	1.38
mean	-1.19	4.14
beings	-1.19	1.17
racist	-1.19	1.63
fiber	-1.18	1.45
telling	-1.18	2.84
reputation	-1.18	1.33
doing	-1.18	4.12
forcing	-1.18	1.60
understand	-1.18	4.13
fails	-1.18	1.43
trouble	-1.18	1.97
mentions	-1.18	1.96
paul	-1.18	1.11
took	-1.18	2.05
hurt	-1.17	1.93
respect	-1.17	1.25
huge	-1.17	2.01
cause	-1.17	1.48
ultimately	-1.17	1.52
walks	-1.17	1.63
explain	-1.17	3.10
speeds	-1.17	1.38
attention	-1.17	2.13
applied	-1.17	1.62
either	-1.16	4.14
equal	-1.16	1.43
litter	-1.16	1.43
becoming	-1.16	1.67
butts	-1.16	1.37
experiencing	-1.16	1.36
because	-1.15	4.13
about	-1.15	4.02
weird	-1.15	2.41
race	-1.15	1.45
ironic	-1.15	1.69
gives	-1.15	1.70
causes	-1.15	1.39
portlander	-1.14	1.83
charging	-1.14	1.66
waiting	-1.13	2.03
entirely	-1.13	3.25
next	-1.13	2.33
everyone	-1.13	2.90
means	-1.13	3.22
owe	-1.12	2.00
empathy	-1.12	1.87
injuries	-1.12	1.41
depends	-1.12	2.03
self	-1.12	1.54
connection	-1.12	1.39
gt	-1.12	3.85
general	-1.12	1.49
treating	-1.12	1.83
rather	-1.11	2.25
ends	-1.11	1.71
corporate	-1.11	1.26
expecting	-1.11	2.13
right	-1.10	4.11
put	-1.10	2.38
difference	-1.10	2.73
notion	-1.10	1.68
sense	-1.10	2.87
coverage	-1.10	1.53
provider	-1.10	1.45
anymore	-1.10	3.14
without	-1.09	1.92
wonder	-1.09	2.98
injury	-1.09	1.45
unsafe	-1.09	1.57
reviews	-1.08	1.37
bitch	-1.08	1.74
behavior	-1.08	1.54
attempt	-1.08	1.46
using	-1.08	2.52
ignore	-1.07	2.11
who	-1.07	2.26
pretend	-1.07	3.03
driving	-1.07	1.92
oracle	-1.07	1.47
phones	-1.07	1.50
internet	-1.07	1.41
deny	-1.06	2.07
company	-1.06	1.48
dicks	-1.06	1.53
born	-1.06	1.78
employers	-1.06	1.41
ruined	-1.06	1.60
appeal	-1.06	1.67
mention	-1.05	2.93
arizona	-1.05	1.73
far	-1.05	2.56
despite	-1.05	1.35
clue	-1.05	3.02
moron	-1.04	1.51
condescending	-1.04	1.50
anybody	-1.04	2.83
decisions	-1.04	1.80
allergies	-1.04	1.47
compassion	-1.04	1.59
arbitrary	-1.04	1.46
covers	-1.03	1.46
upset	-1.03	2.48
us	-1.03	2.40
lies	-1.03	1.42
florida	-1.03	1.90
assume	-1.03	4.18
completely	-1.02	3.33
wanted	-1.02	2.96
mild	-1.02	1.38
drive	-1.02	1.78
care	-1.02	2.73
solve	-1.02	2.29
quality	-1.02	2.10
engineers	-1.02	1.63
disability	-1.02	1.46
hiring	-1.01	1.78
breaking	-1.01	1.56
enforce	-1.01	1.75
guilt	-1.01	1.57
crime	-1.01	1.49
judgement	-1.01	1.93
putting	-1.01	2.21
offensive	-1.01	1.42
closely	-1.00	1.61
healthcare	-1.00	1.47
instantly	-1.00	1.47
convinced	-0.99	3.41
amenities	-0.99	1.19
itt	-0.99	1.71
worry	-0.99	3.57
propaganda	-0.98	1.60
hired	-0.98	1.63
offense	-0.98	1.56
ability	-0.98	1.78
working	-0.98	2.85
cigarette	-0.98	1.44
paying	-0.98	2.19
asks	-0.98	1.70
bothered	-0.98	2.96
conspiracy	-0.98	1.46
die	-0.98	1.52
freak	-0.98	1.84
how	-0.98	3.35
slowing	-0.98	1.46
agreement	-0.97	1.54
devices	-0.97	1.52
slightly	-0.97	1.87
maximum	-0.97	1.52
needed	-0.97	2.36
blah	-0.97	1.47
manager	-0.97	1.50
fail	-0.96	1.68
total	-0.96	1.39
each	-0.96	2.03
than	-0.96	2.01
sure	-0.96	4.11
discriminate	-0.96	1.74
having	-0.96	2.76
strict	-0.96	1.47
outright	-0.96	1.62
determine	-0.96	2.03
surprising	-0.96	2.22
bit	-0.96	2.35
threatening	-0.96	1.59
crazy	-0.96	2.21
seconds	-0.96	2.00
referred	-0.96	1.84
jerk	-0.95	1.51
commit	-0.95	1.56
dumping	-0.95	1.67
affected	-0.95	1.58
decided	-0.95	2.16
cell	-0.95	1.50
rules	-0.95	1.56
ors	-0.95	1.89
ease	-0.95	1.60
household	-0.95	1.38
constitution	-0.95	1.61
canada	-0.95	1.66
crimes	-0.95	1.56
evil	-0.95	1.54
ebola	-0.94	1.26
chances	-0.94	1.71
inform	-0.94	1.97
charged	-0.94	1.62
finds	-0.94	1.73
overly	-0.94	1.76
ban	-0.94	1.52
mobile	-0.94	1.56
cared	-0.94	2.28
clearly	-0.94	3.64
religion	-0.94	1.46
cable	-0.93	1.36
failure	-0.93	1.23
fixing	-0.93	2.07
stealing	-0.93	1.65
exactly	-0.93	4.04
did	-0.93	3.65
amendment	-0.93	1.65
driven	-0.93	1.61
control	-0.93	1.55
officials	-0.93	1.29
tell	-0.92	3.38
cancer	-0.92	1.28
position	-0.92	1.75
complex	-0.92	1.95
allow	-0.92	2.04
owns	-0.92	1.48
system	-0.92	1.56
taxi	-0.92	1.43
switch	-0.92	1.40
anti	-0.92	1.44
blaming	-0.92	1.72
harder	-0.92	1.69
specifically	-0.92	2.49
seem	-0.92	3.16
theft	-0.92	1.56
equality	-0.92	1.59
reminded	-0.92	1.93
reaction	-0.91	1.52
constitutional	-0.91	1.70
questionable	-0.91	1.21
unaware	-0.91	3.69
doctors	-0.91	1.43
type	-0.91	2.02
douche	-0.91	1.58
unlimited	-0.91	1.51
matter	-0.91	3.59
ass	-0.91	1.58
decrease	-0.91	1.41
pnw	-0.91	1.45
due	-0.90	1.35
desk	-0.90	1.35
rights	-0.90	1.58
vast	-0.90	1.45
defend	-0.90	1.88
hilarious	-0.90	2.24
remember	-0.90	3.06
ada	-0.90	1.44
entry	-0.90	1.68
pretending	-0.90	2.21
directed	-0.90	1.51
ourselves	-0.89	1.80
backwards	-0.89	1.60
hours	-0.89	2.12
getting	-0.89	3.12
anyone	-0.89	3.20
texas	-0.89	1.80
hazard	-0.89	1.61
decision	-0.89	2.11
stole	-0.89	1.46
responsibility	-0.89	1.55
ended	-0.89	1.90
gets	-0.89	1.88
touch	-0.89	1.57
cancel	-0.89	1.58
everything	-0.89	3.36
logic	-0.88	1.86
monopoly	-0.88	1.43
bs	-0.88	1.42
wont	-0.88	2.23
manner	-0.88	1.81
enter	-0.88	1.70
plans	-0.88	1.63
marketing	-0.88	1.51
more	-0.88	2.38
calls	-0.87	1.63
taxes	-0.87	1.41
occurred	-0.87	2.12
applies	-0.87	1.57
point	-0.87	3.98
used	-0.87	2.86
minimum	-0.87	1.51
believe	-0.87	3.82
allowed	-0.86	2.77
distinction	-0.86	2.49
handling	-0.86	1.79
consider	-0.86	2.99
longer	-0.86	2.01
southern	-0.86	1.65
know	-0.86	3.78
unemployed	-0.86	1.87
mph	-0.86	1.65
vice	-0.86	1.40
refuse	-0.86	2.05
affect	-0.86	2.36
said	-0.86	3.27
plain	-0.86	1.62
typically	-0.86	1.66
experience	-0.86	1.80
hassle	-0.86	1.90
buyer	-0.85	1.40
poor	-0.85	1.52
felony	-0.85	1.63
begin	-0.85	1.73
throwing	-0.85	2.02
crack	-0.85	1.62
benefits	-0.85	1.58
laugh	-0.85	1.79
conclusion	-0.85	2.31
jokes	-0.85	1.58
taking	-0.85	2.80
hidden	-0.84	1.42
states	-0.84	1.82
tech	-0.84	1.69
own	-0.84	1.72
every	-0.84	2.33
commonly	-0.84	1.53
higher	-0.84	1.51
cab	-0.84	1.44
differently	-0.84	1.28
software	-0.84	1.75
doesnt	-0.84	1.98
explicitly	-0.83	2.43
highest	-0.83	2.84
waste	-0.83	1.41
drunk	-0.83	1.90
violation	-0.83	1.89
afford	-0.83	2.89
basically	-0.83	3.05
whatever	-0.83	3.49
phone	-0.83	1.58
kinda	-0.83	2.54
me	-0.83	3.10
violating	-0.83	1.70
even	-0.83	3.75
industry	-0.83	1.71
fucking	-0.83	2.28
get	-0.82	3.51
earned	-0.82	1.69
anything	-0.82	3.61
hardly	-0.82	1.63
holds	-0.82	1.70
inherently	-0.82	2.15
unable	-0.82	2.16
based	-0.82	1.85
letting	-0.82	1.82
modem	-0.82	1.51
lobby	-0.82	1.42
lower	-0.81	1.51
diversity	-0.81	1.51
liking	-0.81	2.79
toxic	-0.81	1.45
fyi	-0.81	1.07
days	-0.81	2.24
serious	-0.81	1.67
employer	-0.81	1.49
where	-0.81	3.62
likely	-0.81	2.63
progress	-0.81	1.61
steal	-0.81	1.78
finance	-0.81	1.46
deserve	-0.80	1.64
when	-0.80	3.26
task	-0.80	1.80
should	-0.80	3.63
towards	-0.80	1.58
gender	-0.80	1.54
regret	-0.80	1.95
causing	-0.80	1.50
spoken	-0.80	1.53
profits	-0.80	1.43
miles	-0.80	2.00
frequently	-0.80	1.68
protected	-0.80	1.53
licensing	-0.80	1.57
less	-0.80	1.97
wet	-0.79	1.34
figure	-0.79	3.43
pages	-0.79	1.51
bros	-0.79	1.49
ago	-0.79	2.27
courts	-0.79	1.75
legally	-0.79	2.29
least	-0.79	2.57
smoke	-0.79	1.39
row	-0.79	1.37
30	-0.79	1.82
bush	-0.79	1.30
encounter	-0.79	1.80
sue	-0.79	1.80
by	-0.79	2.24
guarantee	-0.79	2.57
develop	-0.79	1.85
fix	-0.79	2.87
minority	-0.79	1.41
refer	-0.79	2.27
wasting	-0.79	1.90
problems	-0.79	1.98
client	-0.79	1.48
attacks	-0.79	1.34
cannabis	-0.79	1.62
competition	-0.79	1.45
services	-0.79	1.55
surgery	-0.78	1.40
sympathy	-0.78	1.76
feelings	-0.78	1.72
denied	-0.78	1.66
deal	-0.78	2.93
knock	-0.78	2.10
expect	-0.78	3.51
criminals	-0.78	1.55
united	-0.78	1.76
danger	-0.78	1.74
realize	-0.78	3.61
hospital	-0.78	1.48
person	-0.78	2.59
anger	-0.78	1.30
northern	-0.78	1.68
presence	-0.77	1.81
nation	-0.77	1.96
bikers	-0.77	1.57
signed	-0.77	1.56
media	-0.77	1.45
need	-0.77	3.59
standing	-0.77	2.10
smokers	-0.77	1.44
told	-0.77	2.33
human	-0.77	1.57
hearing	-0.77	2.14
circumstances	-0.77	1.95
essentially	-0.77	2.00
forces	-0.77	1.47
scream	-0.77	1.58
bicyclists	-0.77	1.59
motivation	-0.77	1.65
unemployment	-0.77	1.43
pay	-0.76	1.74
illness	-0.76	1.56
say	-0.76	3.73
weeks	-0.76	2.32
sometimes	-0.76	2.51
wealth	-0.76	1.49
forth	-0.76	1.56
convenience	-0.76	1.58
murder	-0.76	1.49
change	-0.76	3.17
biggest	-0.76	2.79
completed	-0.76	1.52
contract	-0.76	1.52
ones	-0.76	2.50
homeowners	-0.76	1.46
identify	-0.76	2.01
region	-0.76	1.46
policies	-0.76	1.49
holding	-0.75	1.44
dropping	-0.75	1.61
years	-0.75	2.23
paragraph	-0.75	1.85
manage	-0.75	2.37
end	-0.75	2.66
call	-0.75	2.80
take	-0.75	3.08
assumptions	-0.75	2.03
permission	-0.74	2.00
slower	-0.74	1.67
president	-0.74	1.39
hold	-0.74	1.96
sales	-0.74	1.49
notice	-0.74	2.17
alternate	-0.74	1.60
going	-0.74	3.69
patient	-0.74	1.57
choose	-0.74	2.55
thankfully	-0.74	1.72
indicates	-0.74	2.30
move	-0.74	3.07
wheelchair	-0.74	1.38
logical	-0.74	1.70
allergic	-0.74	1.50
freedom	-0.74	1.60
junk	-0.74	1.29
reaching	-0.74	1.63
references	-0.73	1.40
accidentally	-0.73	1.39
lawsuit	-0.73	1.75
senior	-0.73	1.71
lately	-0.73	1.76
japan	-0.73	1.58
months	-0.73	2.28
decide	-0.73	2.78
from	-0.73	2.45
attract	-0.73	1.82
giving	-0.73	2.43
sole	-0.73	1.43
population	-0.73	1.35
damages	-0.73	1.93
something	-0.73	3.68
nearly	-0.72	2.26
hurry	-0.72	2.40
fox	-0.72	1.56
significantly	-0.72	1.74
same	-0.72	3.44
employees	-0.72	1.59
reports	-0.72	1.58
visits	-0.72	1.42
citation	-0.72	1.67
could	-0.72	3.46
we	-0.72	3.67
claimed	-0.72	2.18
consent	-0.72	1.65
fires	-0.72	1.40
flood	-0.71	1.63
bastards	-0.71	1.64
case	-0.71	2.79
reach	-0.71	2.05
sort	-0.71	2.24
direct	-0.71	1.27
were	-0.71	3.55
actions	-0.71	1.74
pick	-0.71	2.85
want	-0.71	3.44
remind	-0.71	2.06
everywhere	-0.71	1.75
shall	-0.71	1.87
argue	-0.71	3.40
carrier	-0.71	1.68
midwest	-0.71	1.72
them	-0.70	3.29
confusion	-0.70	1.77
lesser	-0.70	1.51
think	-0.70	3.72
renter	-0.70	1.87
model	-0.70	1.72
leaving	-0.70	2.02
law	-0.70	1.76
times	-0.70	2.50
tragedy	-0.70	1.89
oregonian	-0.70	1.48
income	-0.70	1.55
then	-0.70	3.46
opinion	-0.70	2.50
use	-0.70	2.45
referring	-0.70	3.73
attack	-0.70	1.37
currently	-0.70	2.83
simply	-0.70	2.85
pointed	-0.70	2.16
dealing	-0.69	1.73
temporary	-0.69	1.58
racism	-0.69	1.70
familiar	-0.69	3.52
checks	-0.69	1.61
design	-0.69	1.52
carefully	-0.69	1.52
back	-0.69	2.90
prison	-0.69	1.56
living	-0.69	2.27
prius	-0.69	1.45
beyond	-0.69	1.76
year	-0.69	2.31
instead	-0.69	2.25
dunno	-0.69	1.77
tenant	-0.69	1.86
spend	-0.69	2.11
landlord	-0.69	1.83
seek	-0.69	1.78
height	-0.69	1.43
individuals	-0.69	1.51
finished	-0.69	1.44
router	-0.68	1.42
bucks	-0.68	1.99
limits	-0.68	1.54
category	-0.68	1.72
jumped	-0.68	1.94
shock	-0.68	1.27
stand	-0.68	2.76
create	-0.68	1.83
oddly	-0.68	1.60
sector	-0.68	1.64
someone	-0.68	2.79
run	-0.68	2.52
contrast	-0.68	1.64
discrimination	-0.68	1.71
split	-0.68	1.43
improved	-0.68	1.62
breath	-0.67	1.33
understanding	-0.67	2.00
expectations	-0.67	1.85
imagine	-0.67	3.58
messed	-0.67	1.80
pot	-0.67	1.72
comes	-0.67	2.41
victim	-0.67	1.61
idaho	-0.67	1.66
mental	-0.67	1.74
virtually	-0.67	1.79
involved	-0.67	1.97
protect	-0.67	1.71
away	-0.67	2.61
addicts	-0.67	1.53
remotely	-0.67	2.01
constant	-0.67	1.30
give	-0.67	2.90
protection	-0.66	1.63
citizens	-0.66	1.66
utility	-0.66	1.53
barely	-0.66	2.09
confused	-0.66	3.35
come	-0.66	3.27
possibility	-0.66	1.98
advantage	-0.66	1.60
confirm	-0.66	1.49
toward	-0.66	1.65
issues	-0.66	2.08
asking	-0.66	3.19
first	-0.66	2.65
amount	-0.66	1.75
mercury	-0.66	1.51
enough	-0.66	3.35
comply	-0.66	1.62
engineer	-0.66	1.80
worker	-0.66	1.86
burden	-0.65	1.42
thinking	-0.65	3.96
last	-0.65	2.40
happens	-0.65	2.75
basic	-0.65	1.50
twice	-0.65	2.46
audience	-0.65	1.47
science	-0.65	1.65
trying	-0.65	2.84
whole	-0.65	2.04
standards	-0.65	1.54
2008	-0.65	1.58
claims	-0.65	2.17
encountered	-0.65	2.33
physical	-0.65	1.62
would	-0.65	3.46
occasionally	-0.65	1.67
kind	-0.65	2.09
paid	-0.65	1.52
laws	-0.65	1.64
death	-0.64	1.36
strictly	-0.64	1.64
may	-0.64	3.38
occurs	-0.64	1.98
support	-0.64	2.24
tattoos	-0.64	1.54
invest	-0.64	1.68
struck	-0.64	1.74
loss	-0.64	1.40
supreme	-0.64	1.79
earn	-0.64	1.38
work	-0.64	3.39
lives	-0.64	1.58
tenants	-0.64	1.63
sign	-0.64	2.34
exists	-0.64	2.10
creating	-0.64	1.45
democracy	-0.64	1.52
poverty	-0.64	1.58
provide	-0.64	1.99
qualify	-0.64	1.90
protesting	-0.64	2.06
portion	-0.64	1.57
choices	-0.64	1.92
leave	-0.64	2.93
deadly	-0.64	1.71
created	-0.63	1.56
week	-0.63	2.26
medicine	-0.63	1.61
smoking	-0.63	1.45
agenda	-0.63	1.66
rule	-0.63	1.75
emotional	-0.63	1.56
somewhere	-0.63	3.04
everyday	-0.63	1.37
find	-0.63	3.30
situations	-0.63	1.78
whose	-0.63	1.55
maybe	-0.63	3.57
again	-0.63	3.61
after	-0.63	2.37
accidents	-0.63	1.76
probably	-0.63	3.55
elected	-0.63	1.44
critical	-0.63	1.82
liberal	-0.63	1.41
presented	-0.63	1.91
otherwise	-0.63	2.77
violent	-0.62	1.57
saving	-0.62	2.21
hurts	-0.62	1.50
scientific	-0.62	2.49
among	-0.62	1.57
push	-0.62	2.30
dump	-0.62	1.30
europe	-0.62	1.79
past	-0.62	2.41
younger	-0.62	1.51
potential	-0.62	1.65
following	-0.62	1.80
act	-0.62	1.62
prevent	-0.62	1.86
rape	-0.62	1.82
lawyers	-0.62	1.86
private	-0.62	1.49
matters	-0.62	1.68
anecdotal	-0.62	2.29
bringing	-0.62	1.99
wage	-0.62	1.67
wages	-0.62	1.55
carrying	-0.61	1.58
privacy	-0.61	1.58
possibly	-0.61	2.54
overall	-0.61	1.43
superior	-0.61	1.60
wealthy	-0.61	1.70
basis	-0.61	1.70
t	-0.61	1.60
relationship	-0.61	1.59
fourth	-0.61	1.71
occur	-0.61	2.12
arrive	-0.61	2.12
identified	-0.61	1.72
spent	-0.61	2.14
expense	-0.61	1.42
over	-0.61	2.51
fully	-0.61	2.19
judge	-0.61	1.94
offers	-0.61	1.52
cheapest	-0.61	2.81
magazine	-0.61	1.53
almost	-0.61	2.95
blind	-0.61	1.51
yourself	-0.61	2.90
speed	-0.61	1.57
wrote	-0.60	1.94
ignoring	-0.60	2.10
tax	-0.60	1.43
gone	-0.60	2.62
project	-0.60	1.60
criminal	-0.60	1.65
importantly	-0.60	1.80
business	-0.60	1.42
arrived	-0.60	1.89
ve	-0.60	2.77
seen	-0.60	2.79
pile	-0.60	1.43
rates	-0.60	1.40
jobs	-0.60	1.82
torn	-0.60	1.69
equity	-0.60	1.61
precedent	-0.60	1.82
legalized	-0.60	1.84
within	-0.60	2.04
badly	-0.60	2.17
filed	-0.60	1.63
define	-0.60	1.99
nowhere	-0.60	1.84
forced	-0.60	2.15
contractors	-0.60	1.67
assault	-0.60	1.62
explained	-0.60	2.32
actually	-0.60	3.65
largely	-0.60	1.83
only	-0.60	3.50
contacted	-0.60	1.99
been	-0.60	2.78
level	-0.60	1.48
enforcement	-0.60	1.59
harm	-0.60	1.86
federal	-0.60	1.66
marijuana	-0.59	1.85
120	-0.59	1.69
repairs	-0.59	2.00
hobby	-0.59	1.61
border	-0.59	1.73
journalism	-0.59	1.43
legal	-0.59	1.86
regulations	-0.59	1.60
listen	-0.59	2.35
faith	-0.59	1.65
positions	-0.59	1.76
course	-0.59	3.62
choice	-0.59	2.29
largest	-0.59	2.88
worked	-0.59	2.58
nike	-0.59	1.54
panic	-0.59	1.45
opposed	-0.59	1.71
safer	-0.59	1.72
heroin	-0.59	1.54
caused	-0.59	1.53
attempted	-0.59	1.75
go	-0.59	3.36
ownership	-0.59	1.49
15	-0.59	1.84
court	-0.59	1.88
priorities	-0.59	1.72
follow	-0.59	1.83
insurance	-0.59	1.68
state	-0.59	1.60
someplace	-0.59	2.87
section	-0.59	1.83
workers	-0.58	1.78
governor	-0.58	1.62
inspection	-0.58	1.64
possession	-0.58	1.87
let	-0.58	3.29
boundaries	-0.58	1.80
10,000	-0.58	1.59
attorney	-0.58	1.77
retail	-0.58	1.45
25	-0.58	1.72
recognized	-0.58	1.62
pavement	-0.58	1.42
employee	-0.58	1.52
protecting	-0.58	1.77
damaged	-0.58	1.53
western	-0.58	1.75
value	-0.58	1.53
slow	-0.58	1.52
involve	-0.58	1.67
into	-0.58	2.48
ommp	-0.58	1.62
developer	-0.58	1.82
describing	-0.58	2.01
became	-0.58	1.80
recreational	-0.58	1.84
released	-0.58	1.62
attacking	-0.57	1.71
warmer	-0.57	1.66
web	-0.57	1.58
pit	-0.57	1.38
drug	-0.57	1.78
average	-0.57	1.49
realized	-0.57	2.22
ghetto	-0.57	1.58
prior	-0.57	1.91
alone	-0.57	1.98
paranoid	-0.57	1.97
while	-0.57	2.70
blocks	-0.57	2.12
eliminate	-0.57	1.62
regarding	-0.57	1.68
risk	-0.57	1.85
background	-0.57	1.58
allows	-0.57	1.80
suggesting	-0.57	2.85
traveling	-0.57	2.04
price	-0.57	1.47
non	-0.57	1.50
rate	-0.57	1.43
trust	-0.56	2.54
knowledge	-0.56	1.61
happen	-0.56	3.53
renters	-0.56	1.57
money	-0.56	2.06
wo	-0.56	3.26
zero	-0.56	1.74
supports	-0.56	1.54
reported	-0.56	1.65
prevents	-0.56	1.67
came	-0.56	2.56
which	-0.56	3.66
lie	-0.56	2.56
consequences	-0.56	1.74
60	-0.56	1.78
depending	-0.56	2.22
guilty	-0.56	1.85
fits	-0.56	1.65
salary	-0.56	1.60
rats	-0.56	1.48
unlikely	-0.56	2.01
try	-0.56	3.39
its	-0.56	2.40
screwed	-0.56	1.79
40	-0.56	1.79
weed	-0.56	1.82
see	-0.56	3.54
culture	-0.56	1.36
become	-0.56	1.86
1	-0.56	2.26
full	-0.56	1.46
conditions	-0.56	1.60
faster	-0.56	1.76
maintaining	-0.56	1.48
pass	-0.55	2.62
typing	-0.55	2.29
pounds	-0.55	1.94
ask	-0.55	3.12
accident	-0.55	1.70
approve	-0.55	1.90
aggressive	-0.55	1.40
substance	-0.55	1.72
newspaper	-0.55	1.58
reason	-0.55	3.53
911	-0.55	1.93
yearly	-0.55	1.45
mind	-0.55	3.55
pricing	-0.55	1.37
evidence	-0.55	2.49
shed	-0.55	1.45
operations	-0.55	1.50
administration	-0.55	1.34
borrow	-0.55	2.39
help	-0.55	3.41
civic	-0.55	1.48
nervous	-0.55	2.39
recognize	-0.55	2.45
u.s	-0.55	1.68
ground	-0.55	1.41
handed	-0.55	1.82
increase	-0.55	1.49
20	-0.55	1.84
phrase	-0.55	1.53
burned	-0.55	1.61
had	-0.55	2.71
easier	-0.54	1.84
percentage	-0.54	1.43
inventory	-0.54	1.67
force	-0.54	1.79
property	-0.54	1.58
unions	-0.54	1.54
application	-0.54	1.67
upon	-0.54	1.74
strongly	-0.54	1.89
appearance	-0.54	2.05
demanding	-0.54	1.71
olcc	-0.54	1.93
anywhere	-0.54	3.37
regulation	-0.54	1.59
swear	-0.54	1.51
patients	-0.54	1.58
throw	-0.54	2.06
warrant	-0.54	1.87
50	-0.54	1.76
might	-0.54	3.50
innocent	-0.54	1.84
bull	-0.54	1.44
raise	-0.54	1.53
minorities	-0.54	1.44
score	-0.54	1.54
mortgage	-0.53	1.71
medical	-0.53	1.70
defense	-0.53	1.82
arguments	-0.53	2.02
remains	-0.53	1.65
taxed	-0.53	1.78
24/7	-0.53	1.73
corporation	-0.53	1.38
individual	-0.53	1.84
incidents	-0.53	1.82
grant	-0.53	1.60
looking	-0.53	3.31
freeze	-0.53	1.79
perception	-0.53	1.53
talk	-0.53	2.61
generation	-0.53	1.57
premium	-0.53	1.57
bees	-0.53	1.43
until	-0.53	2.45
sight	-0.53	1.51
didnt	-0.53	1.81
destroy	-0.53	1.64
computers	-0.53	1.74
10	-0.53	1.85
policy	-0.53	1.72
chunk	-0.53	1.65
refused	-0.53	1.97
impact	-0.52	1.65
cycle	-0.52	1.65
million	-0.52	1.87
reporter	-0.52	1.59
partially	-0.52	1.61
passes	-0.52	1.72
required	-0.52	2.12
result	-0.52	1.66
no	-0.52	3.40
energy	-0.52	1.58
responsible	-0.52	1.47
before	-0.52	2.77
colorado	-0.52	1.61
cyclists	-0.52	1.65
bills	-0.52	1.53
load	-0.52	1.54
er	-0.52	1.59
increases	-0.52	1.51
boom	-0.52	1.46
35	-0.52	1.73
owning	-0.52	1.50
raised	-0.52	1.65
55	-0.52	1.67
physically	-0.52	1.60
inevitable	-0.52	1.66
professionals	-0.52	1.56
drugs	-0.52	1.79
up	-0.52	2.85
government	-0.52	1.60
assaulted	-0.52	1.89
complicated	-0.52	1.78
stance	-0.52	1.58
herself	-0.52	1.93
70s	-0.52	1.97
homelessness	-0.52	1.89
struggling	-0.51	1.77
any	-0.51	3.40
stuck	-0.51	1.82
reform	-0.51	1.68
legalize	-0.51	1.87
political	-0.51	1.64
predict	-0.51	2.60
kaiser	-0.51	1.59
alaska	-0.51	1.74
connect	-0.51	1.90
long	-0.51	2.65
all	-0.51	3.34
wanting	-0.51	2.38
month	-0.51	1.99
planning	-0.51	2.75
studies	-0.51	2.22
steady	-0.51	1.56
consumption	-0.51	1.59
happened	-0.51	3.08
hard	-0.51	2.36
failed	-0.51	1.67
treatment	-0.51	1.53
landlords	-0.51	1.60
rains	-0.51	1.72
damage	-0.51	1.59
addiction	-0.50	1.73
inflation	-0.50	1.52
crash	-0.50	1.84
sold	-0.50	1.87
drivers	-0.50	1.62
lose	-0.50	1.95
operate	-0.50	1.64
uber	-0.50	1.54
demand	-0.50	1.74
treats	-0.50	1.37
chemicals	-0.50	1.36
farther	-0.50	1.77
power	-0.50	1.54
present	-0.50	1.61
labor	-0.50	1.75
off	-0.50	2.46
claim	-0.50	2.72
fair	-0.50	1.75
against	-0.50	2.08
dry	-0.50	1.35
way	-0.50	3.45
taxis	-0.50	1.54
purely	-0.50	1.87
beliefs	-0.50	2.08
sets	-0.50	1.54
piece	-0.50	1.24
strike	-0.50	1.47
can	-0.50	3.33
victims	-0.49	1.61
statements	-0.49	2.33
our	-0.49	1.92
belief	-0.49	2.28
feet	-0.49	1.98
previously	-0.49	2.31
rides	-0.49	1.45
deciding	-0.49	1.95
compete	-0.49	2.12
kickstarter	-0.49	1.41
guidelines	-0.49	1.82
society	-0.49	1.48
hence	-0.49	1.66
gray	-0.49	1.36
breaks	-0.49	1.53
seeing	-0.49	2.74
ceo	-0.49	1.47
however	-0.49	3.59
running	-0.49	2.21
report	-0.49	1.77
cases	-0.49	1.96
health	-0.49	1.71
owner	-0.49	1.60
writer	-0.49	1.61
percent	-0.49	1.67
economic	-0.49	1.68
returned	-0.49	1.63
solely	-0.49	1.67
shit	-0.48	2.13
essential	-0.48	1.74
c	-0.48	1.97
e.g	-0.48	1.62
80	-0.48	1.74
interest	-0.48	1.84
rarely	-0.48	1.50
5-10	-0.48	1.90
able	-0.48	3.11
complaints	-0.48	1.73
immigration	-0.48	1.80
65	-0.48	1.71
slowly	-0.48	1.77
sooner	-0.48	2.42
facilities	-0.48	1.71
articles	-0.48	1.71
profit	-0.48	1.89
surprised	-0.48	3.41
will	-0.48	3.32
themselves	-0.48	2.43
suffer	-0.48	1.59
liability	-0.48	1.69
quite	-0.48	2.55
provided	-0.48	1.75
levels	-0.48	1.41
determined	-0.48	1.72
increasing	-0.48	1.49
charges	-0.48	1.67
civil	-0.48	1.83
passenger	-0.48	1.54
honestly	-0.48	3.56
candidate	-0.47	1.53
identity	-0.47	1.61
plug	-0.47	1.49
seven	-0.47	2.06
accomplish	-0.47	2.85
mentally	-0.47	1.63
payments	-0.47	1.71
digital	-0.47	1.33
entire	-0.47	1.89
contacting	-0.47	2.30
marriage	-0.47	1.69
successfully	-0.47	1.67
tied	-0.47	1.43
still	-0.47	3.58
effort	-0.47	1.82
problem	-0.47	3.08
reduction	-0.47	1.70
yet	-0.47	3.38
proof	-0.47	2.41
dollars	-0.47	1.94
experiment	-0.47	1.68
statistics	-0.47	1.95
excuse	-0.47	1.61
dispensaries	-0.47	1.61
billion	-0.47	1.84
statement	-0.47	2.77
start	-0.47	2.87
industries	-0.47	1.63
actively	-0.47	1.95
cited	-0.47	2.06
clients	-0.47	1.78
openings	-0.46	1.91
decades	-0.46	2.26
authority	-0.46	1.74
primary	-0.46	1.51
trial	-0.46	1.95
middle	-0.46	1.82
wherever	-0.46	2.51
rubber	-0.46	1.43
preventing	-0.46	1.83
another	-0.46	2.28
firm	-0.46	1.66
brain	-0.46	1.34
reached	-0.46	2.28
signing	-0.46	1.83
prices	-0.46	1.41
day	-0.46	2.31
sticking	-0.46	2.34
opinions	-0.46	1.87
intel	-0.46	1.72
everybody	-0.46	2.66
download	-0.46	1.48
tone	-0.46	1.53
slight	-0.46	1.60
statue	-0.46	1.26
whatsoever	-0.46	1.83
reasoning	-0.45	1.96
dealers	-0.45	1.68
economics	-0.45	1.44
incentive	-0.45	1.92
noticed	-0.45	2.66
elsewhere	-0.45	2.14
twenty	-0.45	1.98
missing	-0.45	3.26
minor	-0.45	1.46
dying	-0.45	1.48
long-term	-0.45	1.68
isnt	-0.45	1.75
somebody	-0.45	2.49
75	-0.45	1.72
permits	-0.45	1.63
harassment	-0.45	1.71
size	-0.45	1.45
systems	-0.45	1.58
drawn	-0.45	1.64
impossible	-0.45	2.02
things	-0.45	3.11
sorta	-0.45	1.80
differences	-0.45	1.79
also	-0.44	3.24
weapons	-0.44	1.60
rent	-0.44	1.70
knocked	-0.44	1.67
lawyer	-0.44	2.42
yell	-0.44	2.10
strategy	-0.44	1.66
loan	-0.44	1.79
bunch	-0.44	1.91
catch	-0.44	2.13
social	-0.44	1.63
access	-0.44	1.77
retirement	-0.44	1.80
disgusting	-0.44	1.52
paperwork	-0.44	1.80
5	-0.44	1.91
hand	-0.44	2.34
spending	-0.44	1.82
disabled	-0.44	1.84
threat	-0.44	1.78
voters	-0.44	1.50
environment	-0.44	1.49
injured	-0.44	1.75
usually	-0.44	2.67
lease	-0.43	1.74
100k	-0.43	1.89
related	-0.43	1.55
appointment	-0.43	2.16
loans	-0.43	1.73
benefit	-0.43	1.73
legitimately	-0.43	1.62
developers	-0.43	1.57
whoever	-0.43	1.87
potentially	-0.43	1.70
violence	-0.43	1.58
asked	-0.43	2.70
negative	-0.43	1.54
oregon	-0.43	1.54
threatened	-0.43	1.89
time	-0.43	3.01
privilege	-0.43	1.62
illegally	-0.43	1.99
global	-0.42	2.13
daily	-0.42	1.47
hint	-0.42	1.76
rising	-0.42	1.46
shootings	-0.42	1.88
once	-0.42	2.83
wake	-0.42	1.84
asap	-0.42	2.59
tried	-0.42	2.82
kicked	-0.42	1.55
action	-0.42	1.64
raped	-0.42	1.91
blow	-0.42	1.63
hire	-0.42	1.88
often	-0.42	2.20
payment	-0.42	1.67
d	-0.42	3.43
now	-0.42	3.58
changed	-0.42	2.01
plan	-0.42	2.12
connected	-0.42	1.83
implemented	-0.42	1.79
half	-0.42	2.18
handle	-0.42	2.11
mostly	-0.42	2.22
millions	-0.42	1.91
banks	-0.42	1.68
under	-0.41	1.99
b	-0.41	2.14
revenue	-0.41	1.62
supported	-0.41	1.64
valid	-0.41	1.89
magic	-0.41	1.35
metal	-0.41	1.40
doctor	-0.41	1.60
jail	-0.41	1.66
surprise	-0.41	2.90
meanwhile	-0.41	1.52
agent	-0.41	1.49
fines	-0.41	1.72
he	-0.41	2.61
myself	-0.41	3.10
device	-0.41	1.64
require	-0.41	2.00
keep	-0.41	2.63
expert	-0.41	2.06
garbage	-0.41	1.35
availability	-0.41	1.55
regulated	-0.41	1.65
since	-0.41	3.10
lot	-0.41	2.64
promote	-0.41	1.53
offering	-0.41	1.81
residence	-0.41	1.62
1-2	-0.41	1.90
others	-0.40	2.78
vision	-0.40	1.55
turnover	-0.40	1.41
hits	-0.40	1.66
losing	-0.40	1.96
historical	-0.40	1.51
therefore	-0.40	1.84
down	-0.40	2.54
eventually	-0.40	2.63
true	-0.40	3.98
deaths	-0.40	1.52
followed	-0.40	1.68
burning	-0.40	1.39
roughly	-0.40	1.70
dealt	-0.40	2.19
incident	-0.40	1.91
eight	-0.40	2.08
driver	-0.40	1.75
actual	-0.40	2.11
yield	-0.40	1.77
personally	-0.40	3.12
fund	-0.40	1.54
hurting	-0.40	1.60
adds	-0.40	1.65
2015	-0.40	2.07
ignorance	-0.40	1.65
written	-0.39	1.93
already	-0.39	3.05
reduced	-0.39	1.57
pointing	-0.39	2.25
turning	-0.39	2.42
unknown	-0.39	1.67
100	-0.39	1.82
70	-0.39	1.79
date	-0.39	2.10
october	-0.39	2.26
charity	-0.39	1.50
done	-0.39	3.22
applying	-0.39	2.06
shifts	-0.39	2.09
android	-0.39	1.70
ensure	-0.39	1.63
wind	-0.39	1.72
raises	-0.39	1.66
thousand	-0.39	2.09
indicate	-0.39	1.79
lawn	-0.39	1.36
perform	-0.39	1.73
gave	-0.39	2.21
developed	-0.39	1.69
debt	-0.39	1.72
funding	-0.39	1.64
exceptions	-0.39	2.14
involves	-0.39	1.66
reduce	-0.39	1.59
insulting	-0.39	1.56
five	-0.38	2.00
capable	-0.38	1.71
punishment	-0.38	1.70
arrested	-0.38	1.94
biker	-0.38	1.82
offered	-0.38	1.84
1.5	-0.38	1.96
adidas	-0.38	1.47
kills	-0.38	1.35
katu	-0.38	1.59
military	-0.38	1.48
ten	-0.38	1.97
3	-0.38	2.00
lack	-0.38	1.41
utilities	-0.38	1.48
aside	-0.38	1.57
2011	-0.38	2.00
increased	-0.38	1.53
fleet	-0.38	1.55
donate	-0.38	1.61
left	-0.38	2.41
licenses	-0.38	1.68
bicycles	-0.38	1.61
bill	-0.38	1.72
confident	-0.38	2.26
pride	-0.38	1.81
significant	-0.38	1.62
designer	-0.38	1.72
effect	-0.38	1.98
2013	-0.38	2.07
licensed	-0.38	1.67
duty	-0.38	1.66
cards	-0.38	1.68
lane	-0.38	2.18
excessive	-0.38	1.51
never	-0.38	3.03
supposed	-0.38	3.39
budget	-0.38	1.69
understood	-0.37	2.19
apparently	-0.37	2.98
port	-0.37	1.57
blows	-0.37	1.51
doubt	-0.37	3.43
netflix	-0.37	1.39
fight	-0.37	1.64
receive	-0.37	1.90
period	-0.37	1.83
gladly	-0.37	2.16
concern	-0.37	2.22
grounds	-0.37	1.54
march	-0.37	2.25
jam	-0.37	1.30
stories	-0.37	1.70
sufficient	-0.37	1.99
ive	-0.37	2.15
cover	-0.37	1.97
data	-0.37	1.74
jumping	-0.37	2.18
february	-0.37	2.24
pushing	-0.37	1.80
birth	-0.37	1.36
31	-0.37	1.81
usual	-0.37	1.32
monthly	-0.37	1.64
careful	-0.37	1.75
250	-0.36	1.79
summer	-0.36	1.62
4	-0.36	1.98
pull	-0.36	2.46
keeps	-0.36	1.77
issue	-0.36	2.91
creative	-0.36	1.72
attempts	-0.36	1.44
called	-0.36	2.40
root	-0.36	1.54
adding	-0.36	1.66
specifics	-0.36	3.00
faces	-0.36	1.63
six	-0.36	2.04
decade	-0.36	2.29
400	-0.36	1.81
wave	-0.36	1.56
robbed	-0.36	2.27
cancelled	-0.36	1.50
disappointed	-0.36	2.27
tend	-0.36	1.77
yelled	-0.36	2.02
cost	-0.36	1.71
limit	-0.35	1.62
unfortunate	-0.35	2.09
petition	-0.35	1.86
describe	-0.35	1.74
folks	-0.35	2.12
91	-0.35	1.78
continue	-0.35	2.35
suggest	-0.35	2.66
2	-0.35	1.98
funded	-0.35	1.67
expenses	-0.35	1.79
four	-0.35	2.04
suggests	-0.35	2.07
commission	-0.35	1.78
hook	-0.35	1.99
complaint	-0.35	1.86
document	-0.35	1.61
january	-0.35	2.04
december	-0.35	2.15
operating	-0.35	1.58
professors	-0.35	1.39
homeless	-0.35	1.74
per	-0.34	1.74
thing	-0.34	3.37
suicide	-0.34	1.49
capacity	-0.34	1.57
favor	-0.34	1.83
build	-0.34	2.01
harmless	-0.34	1.86
career	-0.34	1.69
burn	-0.34	1.44
april	-0.34	2.14
countries	-0.34	1.88
leads	-0.34	1.60
got	-0.34	2.49
thrown	-0.34	1.92
apps	-0.34	1.72
helped	-0.34	2.18
degrees	-0.34	1.68
taxpayers	-0.34	1.63
further	-0.34	2.14
raising	-0.34	1.58
mileage	-0.34	1.61
trash	-0.34	1.59
educate	-0.34	1.99
shown	-0.33	2.33
article	-0.33	1.97
creates	-0.33	1.46
interests	-0.33	1.82
repeat	-0.33	1.71
fine	-0.33	3.94
director	-0.33	1.37
obviously	-0.33	2.63
precisely	-0.33	1.96
credit	-0.33	1.70
discourage	-0.33	1.69
passed	-0.33	1.91
improvement	-0.33	1.64
2.5	-0.33	1.97
avoid	-0.33	2.25
an	-0.33	1.91
campaign	-0.33	1.53
12	-0.33	1.90
racial	-0.33	1.70
accept	-0.33	2.24
graphic	-0.33	1.70
speeding	-0.33	1.71
platform	-0.33	1.53
fluoride	-0.33	1.39
certain	-0.33	2.05
certainly	-0.33	3.41
redditor	-0.33	1.54
investment	-0.33	1.71
study	-0.33	2.13
survive	-0.32	1.96
engineering	-0.32	1.63
depot	-0.32	1.44
bicyclist	-0.32	1.82
nbsp	-0.32	1.74
gathering	-0.32	1.59
factors	-0.32	1.95
300	-0.32	1.76
auto	-0.32	1.90
6	-0.32	1.98
arm	-0.32	1.75
kgw	-0.32	1.59
november	-0.32	2.17
2009	-0.32	2.07
pee	-0.32	1.23
decline	-0.32	1.61
experienced	-0.32	1.88
habit	-0.32	1.66
pop	-0.32	1.56
3-4	-0.32	2.02
sun	-0.32	1.59
needing	-0.32	1.63
personality	-0.32	1.42
starting	-0.32	2.52
funds	-0.32	1.77
tuition	-0.32	1.51
dropped	-0.32	1.77
newer	-0.32	1.45
existed	-0.32	2.33
pollution	-0.31	1.64
rents	-0.31	1.59
monsanto	-0.31	1.56
sexual	-0.31	1.58
august	-0.31	2.19
600	-0.31	1.90
preference	-0.31	1.89
presumably	-0.31	1.61
90	-0.31	1.80
pulling	-0.31	2.04
september	-0.31	2.16
legacy	-0.31	1.55
drop	-0.31	1.87
signal	-0.31	1.99
paycheck	-0.31	2.05
rolling	-0.31	2.01
recently	-0.31	2.62
held	-0.31	1.46
turn	-0.31	2.32
emergency	-0.31	1.83
genuinely	-0.31	3.06
pushed	-0.31	2.05
helping	-0.31	1.95
blown	-0.31	1.67
dog	-0.31	1.41
stopped	-0.31	2.24
department	-0.31	1.63
requires	-0.30	1.78
figures	-0.30	1.61
pbot	-0.30	1.71
weight	-0.30	1.47
religious	-0.30	1.70
jump	-0.30	2.41
record	-0.30	1.65
african	-0.30	1.53
200	-0.30	1.79
charge	-0.30	1.71
requirements	-0.30	1.97
versus	-0.30	1.60
heard	-0.30	2.77
movement	-0.30	1.93
stickers	-0.30	1.44
somehow	-0.30	2.45
meth	-0.30	1.64
spin	-0.30	1.86
breed	-0.30	1.40
cultural	-0.30	1.58
therapist	-0.30	1.89
covering	-0.30	1.32
advocate	-0.30	2.24
today	-0.30	2.48
tobacco	-0.30	1.53
apart	-0.30	1.84
repeatedly	-0.30	2.00
june	-0.29	2.10
backup	-0.29	1.69
concerns	-0.29	2.03
annual	-0.29	1.53
growth	-0.29	1.70
v	-0.29	1.65
bucket	-0.29	1.39
cyclist	-0.29	1.83
hundred	-0.29	1.98
bank	-0.29	1.74
directly	-0.29	2.03
research	-0.29	2.01
notes	-0.29	1.59
received	-0.29	1.67
artists	-0.29	1.48
thieves	-0.29	1.62
song	-0.29	1.55
progressive	-0.29	1.39
violations	-0.29	1.80
yelling	-0.29	1.72
code	-0.29	2.02
anyhow	-0.29	1.68
star	-0.29	1.31
wins	-0.29	1.65
brave	-0.29	1.76
codes	-0.29	1.81
manufacturing	-0.29	1.77
pressure	-0.29	1.44
ethical	-0.29	1.58
socially	-0.29	1.53
oversight	-0.29	1.72
flag	-0.29	1.51
separate	-0.28	1.75
7	-0.28	1.97
giant	-0.28	1.35
abuse	-0.28	1.60
novick	-0.28	1.55
collecting	-0.28	1.95
immediate	-0.28	1.58
third	-0.28	1.64
technical	-0.28	1.53
2014	-0.28	2.08
thousands	-0.28	1.95
couple	-0.28	2.04
homeowner	-0.28	1.83
allowing	-0.28	1.77
investigation	-0.28	1.76
cents	-0.28	1.66
90s	-0.28	2.09
one	-0.28	3.42
admit	-0.28	2.83
skills	-0.28	1.95
together	-0.28	2.11
show	-0.28	2.03
union	-0.28	1.56
leading	-0.28	1.58
8	-0.28	1.96
financial	-0.28	1.68
suddenly	-0.28	1.87
admittedly	-0.28	1.90
80s	-0.28	1.74
app	-0.27	1.70
chains	-0.27	1.46
process	-0.27	1.88
sound	-0.27	1.87
home	-0.27	2.58
clinic	-0.27	1.63
id	-0.27	1.66
random	-0.27	1.76
failing	-0.27	1.64
rescue	-0.27	1.48
zones	-0.27	1.86
throughout	-0.27	1.59
rental	-0.27	1.48
pedestrians	-0.27	1.78
below	-0.27	1.43
refusing	-0.27	1.99
purposes	-0.27	1.61
heat	-0.27	1.45
file	-0.27	1.87
idk	-0.27	2.00
writing	-0.27	1.72
employed	-0.27	2.18
extensive	-0.27	1.83
ignored	-0.27	1.81
stays	-0.27	1.59
gentrification	-0.27	1.68
ll	-0.27	3.27
loose	-0.27	1.34
cloud	-0.27	1.41
nothing	-0.26	3.44
low	-0.26	1.31
sending	-0.26	2.18
citizen	-0.26	1.85
breeds	-0.26	1.47
dream	-0.26	1.84
redditors	-0.26	1.76
dumped	-0.26	1.65
27	-0.26	1.74
capital	-0.26	1.50
mentioned	-0.26	2.40
color	-0.26	1.46
avoiding	-0.26	1.61
precious	-0.26	1.60
organization	-0.26	1.49
wikipedia	-0.26	1.98
blew	-0.26	1.80
subject	-0.26	2.08
neck	-0.26	1.47
status	-0.26	1.71
him	-0.26	2.48
alcohol	-0.26	1.68
foreign	-0.26	1.58
interview	-0.26	1.75
routine	-0.26	1.58
deposit	-0.26	1.66
justice	-0.26	1.84
posts	-0.26	1.73
savings	-0.26	1.73
according	-0.25	1.71
arrest	-0.25	1.77
1000	-0.25	1.77
comprehensive	-0.25	1.69
statute	-0.25	2.01
card	-0.25	1.71
cabs	-0.25	1.60
fit	-0.25	2.69
shortage	-0.25	1.80
permit	-0.25	1.85
indoors	-0.25	1.73
bc	-0.25	1.51
maintenance	-0.25	1.63
elaborate	-0.25	2.12
cleared	-0.25	1.80
ought	-0.25	1.99
grew	-0.25	1.85
lifetime	-0.25	1.74
steps	-0.25	1.97
crisis	-0.25	1.77
legalization	-0.25	1.72
risks	-0.25	1.96
stolen	-0.25	1.95
features	-0.25	1.45
scare	-0.25	1.62
extend	-0.25	2.11
jury	-0.25	1.97
brought	-0.25	2.11
values	-0.25	1.61
bigger	-0.24	1.77
knife	-0.24	1.80
materials	-0.24	1.42
chemical	-0.24	1.32
transfer	-0.24	1.61
few	-0.24	2.04
bikes	-0.24	1.70
speak	-0.24	2.27
sections	-0.24	1.58
spare	-0.24	1.65
2012	-0.24	2.07
mid	-0.24	1.99
interviews	-0.24	1.96
verify	-0.24	1.87
marked	-0.24	2.13
17	-0.24	1.81
voice	-0.24	1.52
afraid	-0.24	2.76
historic	-0.24	1.68
electrical	-0.24	1.59
climate	-0.24	1.71
2-3	-0.24	1.97
fwiw	-0.24	1.32
caring	-0.24	1.51
discussed	-0.24	1.98
boards	-0.24	1.46
reducing	-0.24	1.63
powerful	-0.24	1.48
dated	-0.24	1.78
proven	-0.24	2.09
applications	-0.24	1.75
permanent	-0.24	1.67
deeper	-0.24	1.64
began	-0.24	2.03
overpriced	-0.23	1.10
too	-0.23	2.83
second	-0.23	1.97
managed	-0.23	1.93
removing	-0.23	1.76
obvious	-0.23	1.88
14	-0.23	1.90
solved	-0.23	2.19
computer	-0.23	1.55
published	-0.23	1.67
wa	-0.23	1.64
150	-0.23	1.71
bought	-0.23	2.14
whats	-0.23	1.71
x	-0.23	1.71
headphones	-0.23	2.07
libertarian	-0.23	1.55
stopping	-0.23	1.87
radio	-0.23	1.70
pissed	-0.23	2.87
caution	-0.23	1.75
nose	-0.23	1.50
peoples	-0.23	1.66
felt	-0.23	2.26
recommend	-0.23	2.70
news	-0.23	1.50
skilled	-0.23	1.80
wan	-0.23	2.25
gang	-0.22	1.65
instance	-0.22	1.96
18	-0.22	1.82
ppb	-0.22	1.65
contrary	-0.22	2.08
scope	-0.22	1.62
fired	-0.22	1.56
freezing	-0.22	1.55
guessing	-0.22	2.98
battle	-0.22	1.38
art	-0.22	1.36
weather	-0.22	1.55
handled	-0.22	2.09
ran	-0.22	1.98
bring	-0.22	2.57
competitive	-0.22	1.53
16	-0.22	1.85
rely	-0.22	1.77
crosswalks	-0.22	1.82
till	-0.22	2.12
kinds	-0.22	1.92
match	-0.22	1.94
consensus	-0.22	2.34
print	-0.22	1.95
alarm	-0.22	1.35
companies	-0.22	1.63
filled	-0.22	1.38
ongoing	-0.22	1.69
educated	-0.21	1.84
visibility	-0.21	1.69
return	-0.21	1.96
vehicle	-0.21	1.72
comparison	-0.21	1.67
germany	-0.21	1.67
drag	-0.21	2.19
expanding	-0.21	1.87
staff	-0.21	1.36
principle	-0.21	1.77
approved	-0.21	1.73
elements	-0.21	1.31
improvements	-0.21	1.69
classic	-0.21	1.34
populations	-0.21	1.56
flow	-0.21	1.60
efficiency	-0.21	1.53
lighting	-0.21	1.38
addressing	-0.21	2.08
restrictions	-0.21	1.57
factor	-0.21	1.85
challenge	-0.21	1.52
protests	-0.21	1.94
yep	-0.21	2.42
renting	-0.21	1.87
9	-0.21	2.01
curb	-0.21	1.63
loud	-0.21	1.57
til	-0.21	1.89
tires	-0.21	1.57
500	-0.21	1.77
families	-0.21	1.67
dudes	-0.21	1.65
contribute	-0.21	1.59
banned	-0.20	1.94
maintain	-0.20	1.77
mexico	-0.20	1.62
stats	-0.20	1.75
placed	-0.20	1.75
piss	-0.20	1.35
designed	-0.20	1.94
corporations	-0.20	1.45
crosswalk	-0.20	1.88
three	-0.20	2.10
supply	-0.20	1.56
halfway	-0.20	1.84
major	-0.20	1.76
equally	-0.20	1.62
concept	-0.20	2.08
performance	-0.20	1.54
continues	-0.20	1.77
initiative	-0.20	1.75
programs	-0.20	1.61
facts	-0.20	2.21
selling	-0.20	1.78
met	-0.20	2.56
item	-0.20	1.61
becomes	-0.20	1.79
dealer	-0.20	1.78
market	-0.20	1.51
blog	-0.20	1.76
participate	-0.19	2.03
addressed	-0.19	2.06
agriculture	-0.19	1.53
headline	-0.19	2.00
therapy	-0.19	1.53
foot	-0.19	1.86
draw	-0.19	1.94
theirs	-0.19	1.83
and/or	-0.19	1.87
age	-0.19	1.66
700	-0.19	1.71
contractor	-0.19	1.76
membership	-0.19	1.60
odds	-0.19	1.48
fuck	-0.19	2.05
13	-0.19	1.83
choosing	-0.19	1.90
identical	-0.19	1.65
witness	-0.19	1.71
went	-0.19	2.44
massive	-0.19	1.52
brake	-0.19	1.71
comparing	-0.19	1.66
wondered	-0.19	2.71
shocked	-0.19	2.52
threw	-0.19	1.91
luckily	-0.19	1.81
approaching	-0.19	1.95
bits	-0.19	1.63
warming	-0.19	2.08
1500	-0.19	1.73
2000	-0.19	1.81
balance	-0.18	1.71
caught	-0.18	1.90
thief	-0.18	1.82
vs	-0.18	1.70
checking	-0.18	2.16
kicking	-0.18	1.77
rep	-0.18	1.45
really	-0.18	3.21
stable	-0.18	1.52
candidates	-0.18	1.55
letter	-0.18	1.77
proceed	-0.18	2.01
commute	-0.18	1.88
backing	-0.18	1.71
devil	-0.18	1.48
downvoted	-0.18	2.15
signs	-0.18	1.82
californian	-0.18	1.90
resident	-0.18	1.52
11	-0.18	1.95
firearms	-0.18	1.59
fewer	-0.18	1.87
scale	-0.18	1.79
neither	-0.18	2.48
damaging	-0.18	1.66
moral	-0.18	1.71
purchasing	-0.18	1.96
theres	-0.18	1.84
consume	-0.18	1.98
degree	-0.18	1.61
growers	-0.18	1.65
offer	-0.18	1.71
professional	-0.18	1.70
final	-0.18	1.51
development	-0.17	1.69
originally	-0.17	2.31
purchase	-0.17	1.87
beginning	-0.17	1.79
stated	-0.17	2.32
pedestrian	-0.17	1.84
term	-0.17	1.94
preferred	-0.17	1.65
bubble	-0.17	1.59
intersections	-0.17	1.88
noise	-0.17	1.62
pge	-0.17	1.54
winter	-0.17	1.48
argument	-0.17	2.55
gps	-0.17	1.75
considered	-0.17	2.40
prohibition	-0.17	1.62
kick	-0.17	1.95
net	-0.17	1.58
set	-0.17	2.06
focus	-0.17	1.88
temp	-0.17	1.73
appear	-0.17	1.89
connections	-0.17	1.56
issued	-0.17	1.80
reasons	-0.17	2.57
late	-0.17	2.14
sorts	-0.17	1.87
intersection	-0.17	1.95
seems	-0.17	2.33
roots	-0.17	1.48
sex	-0.17	1.62
buying	-0.17	2.05
hands	-0.17	1.69
1,000	-0.17	1.70
moderate	-0.16	1.56
face	-0.16	1.62
road	-0.16	1.72
cite	-0.16	2.41
voting	-0.16	1.63
organized	-0.16	1.77
press	-0.16	1.40
escape	-0.16	1.94
construction	-0.16	1.64
continued	-0.16	1.43
office	-0.16	1.68
replacement	-0.16	1.64
sale	-0.16	1.66
reverse	-0.16	1.93
turned	-0.16	2.30
stop	-0.16	1.90
oswego	-0.16	1.44
product	-0.16	1.49
paper	-0.16	1.57
effects	-0.16	1.90
family	-0.16	1.61
stay	-0.16	2.57
activity	-0.16	1.59
scared	-0.16	2.39
early	-0.16	2.21
elderly	-0.16	1.71
interactions	-0.16	1.64
tri-met	-0.15	1.59
rainy	-0.15	1.51
program	-0.15	1.57
seeking	-0.15	1.91
independent	-0.15	1.61
picking	-0.15	2.09
beat	-0.15	2.08
bust	-0.15	1.80
freaked	-0.15	2.12
hr	-0.15	1.67
remain	-0.15	1.92
assistance	-0.15	1.68
overwhelming	-0.15	1.72
cash	-0.15	1.85
pr	-0.15	1.43
false	-0.15	2.43
current	-0.15	1.76
picked	-0.15	2.03
headed	-0.15	2.15
riders	-0.15	1.69
avoided	-0.15	1.68
two	-0.15	2.11
traffic	-0.15	1.83
electricity	-0.15	1.51
cross	-0.15	1.91
blood	-0.15	1.27
costs	-0.15	1.59
greater	-0.14	1.44
improving	-0.14	1.70
walked	-0.14	2.14
substantial	-0.14	1.77
copy	-0.14	1.87
numerous	-0.14	2.26
curious	-0.14	3.46
lay	-0.14	2.07
entering	-0.14	1.76
lined	-0.14	2.06
cars	-0.14	1.73
dressed	-0.14	1.41
manual	-0.14	1.83
confidence	-0.14	1.78
voter	-0.14	1.61
sum	-0.14	1.38
19	-0.14	1.83
dollar	-0.14	1.88
quote	-0.14	2.19
block	-0.13	2.28
proposed	-0.13	1.76
rain	-0.13	1.49
season	-0.13	1.40
dozen	-0.13	2.21
lyft	-0.13	1.50
witnesses	-0.13	1.82
users	-0.13	1.72
smoker	-0.13	1.47
republicans	-0.13	1.51
laptop	-0.13	1.51
motor	-0.13	1.67
electric	-0.13	1.49
scheme	-0.13	1.93
posters	-0.13	1.69
adults	-0.13	1.63
banning	-0.13	1.66
faculty	-0.13	1.50
googling	-0.13	2.04
existing	-0.13	1.62
hide	-0.13	1.89
humane	-0.13	1.64
scheduled	-0.13	2.02
fees	-0.13	1.63
infrastructure	-0.13	1.72
furniture	-0.12	1.29
especially	-0.12	2.15
normally	-0.12	1.66
drove	-0.12	2.03
doughnuts	-0.12	1.17
33	-0.12	1.92
chase	-0.12	2.22
sustainable	-0.12	1.47
caps	-0.12	1.65
success	-0.12	1.56
mentioning	-0.12	1.46
surface	-0.12	1.38
useless	-0.12	1.44
elementary	-0.12	1.46
skill	-0.12	1.68
content	-0.12	1.59
800	-0.12	1.74
coworkers	-0.12	1.89
helps	-0.12	1.80
cats	-0.12	1.48
sunny	-0.12	1.57
protest	-0.12	1.83
attacked	-0.12	1.70
chose	-0.12	1.54
ft	-0.12	1.73
f	-0.12	1.86
screaming	-0.12	1.68
question	-0.11	2.77
speaking	-0.11	1.80
periods	-0.11	1.82
bicycle	-0.11	1.74
kill	-0.11	1.94
adventure	-0.11	1.77
election	-0.11	1.60
24	-0.11	1.75
natural	-0.11	1.41
scary	-0.11	2.42
studded	-0.11	1.55
owned	-0.11	1.58
republican	-0.11	1.52
stumptown	-0.11	1.06
hundreds	-0.11	2.05
pets	-0.11	1.56
inches	-0.11	1.85
replaced	-0.11	1.73
solution	-0.11	2.30
wise	-0.11	1.61
hit	-0.11	1.99
compare	-0.11	1.91
mile	-0.11	1.94
bear	-0.11	1.57
stretch	-0.11	1.81
resources	-0.11	1.91
shape	-0.11	1.72
projects	-0.11	1.75
highly	-0.10	1.81
cigarettes	-0.10	1.42
visible	-0.10	1.70
agencies	-0.10	1.68
brakes	-0.10	1.68
commuting	-0.10	1.94
28	-0.10	1.75
orders	-0.10	1.64
suit	-0.10	1.61
historically	-0.10	1.58
improve	-0.10	1.97
hobo	-0.10	1.78
forever	-0.10	2.27
shortly	-0.10	1.95
additionally	-0.10	1.72
fraction	-0.10	1.62
standard	-0.10	1.59
tow	-0.10	1.76
rider	-0.10	1.70
washington	-0.10	1.60
graffiti	-0.10	1.40
aspects	-0.10	1.83
body	-0.10	1.61
latest	-0.10	1.61
dispensary	-0.10	1.68
release	-0.10	1.67
dental	-0.10	1.50
stood	-0.09	1.85
started	-0.09	2.20
break	-0.09	2.17
measures	-0.09	1.45
exception	-0.09	1.64
circuit	-0.09	1.79
starts	-0.09	1.90
band	-0.09	1.47
your	-0.09	2.24
riding	-0.09	1.76
penalty	-0.09	1.61
front	-0.09	2.09
combined	-0.09	1.42
2010	-0.09	1.86
math	-0.09	1.77
anytime	-0.09	1.78
financially	-0.09	1.72
repair	-0.09	1.84
upgrade	-0.09	1.51
generate	-0.09	1.73
buddies	-0.09	1.53
chance	-0.09	3.02
class	-0.09	1.63
installed	-0.09	1.80
bare	-0.09	1.46
none	-0.09	2.02
student	-0.09	1.59
counting	-0.09	2.28
recent	-0.09	1.68
minimal	-0.09	1.68
white	-0.09	1.56
write	-0.09	2.27
carry	-0.09	1.78
motorcycle	-0.08	1.69
cities	-0.08	1.84
personal	-0.08	1.84
steve	-0.08	1.90
vet	-0.08	1.60
communities	-0.08	1.56
recall	-0.08	2.14
ball	-0.08	1.50
qualified	-0.08	1.84
led	-0.08	1.68
amounts	-0.08	1.63
requiring	-0.08	1.83
weak	-0.08	1.65
goddamn	-0.08	1.82
sudden	-0.08	1.45
additional	-0.08	1.71
keeping	-0.08	1.86
source	-0.08	1.98
equipment	-0.08	1.57
occasional	-0.08	1.67
adopt	-0.08	1.77
reflect	-0.08	2.28
lost	-0.08	1.97
regularly	-0.08	1.64
odot	-0.07	1.78
conservative	-0.07	1.55
purpose	-0.07	1.88
shift	-0.07	2.06
head	-0.07	2.09
sources	-0.07	2.03
remote	-0.07	1.65
domestic	-0.07	1.62
mandatory	-0.07	1.65
planned	-0.07	1.89
signals	-0.07	1.87
boil	-0.07	1.38
arts	-0.07	1.51
rise	-0.07	1.47
university	-0.07	1.52
flip	-0.07	2.05
atm	-0.07	1.68
merely	-0.07	1.91
priority	-0.07	1.84
terribly	-0.07	2.10
site	-0.07	1.75
awareness	-0.06	1.81
future	-0.06	2.26
deliver	-0.06	1.87
votes	-0.06	1.60
<SPECIAL>	-0.06	1.46
<URL>	-0.06	1.46
wheel	-0.06	1.66
balls	-0.06	1.49
bath	-0.06	1.54
acknowledge	-0.06	2.00
locking	-0.06	1.61
sticker	-0.06	1.55
vehicles	-0.06	1.61
industrial	-0.06	1.54
leaves	-0.06	1.56
happily	-0.06	2.24
hell	-0.06	2.83
material	-0.06	1.52
ohsu	-0.06	1.58
par	-0.06	1.64
discount	-0.06	1.69
morning	-0.06	2.14
county	-0.06	1.67
environmental	-0.06	1.69
whenever	-0.06	1.90
95	-0.06	1.61
ready	-0.06	2.14
counts	-0.06	1.72
turns	-0.06	1.92
firearm	-0.06	1.64
competing	-0.06	2.04
alternatives	-0.06	1.93
beating	-0.06	1.62
look	-0.05	3.13
meets	-0.05	1.64
sq	-0.05	1.73
22	-0.05	1.76
grass	-0.05	1.38
collect	-0.05	1.65
earlier	-0.05	2.27
noon	-0.05	2.16
extremely	-0.05	2.07
goal	-0.05	1.83
shelf	-0.05	1.43
server	-0.05	1.39
kept	-0.05	2.14
volume	-0.05	1.47
nor	-0.05	2.60
bureau	-0.05	1.65
farmer	-0.05	1.46
programming	-0.05	1.69
established	-0.05	1.71
fighting	-0.05	1.75
carries	-0.05	1.56
exposure	-0.04	1.83
alley	-0.04	1.68
da	-0.04	1.68
history	-0.04	1.79
lift	-0.04	1.61
eyes	-0.04	1.80
adopted	-0.04	1.77
zoning	-0.04	1.69
spiders	-0.04	1.77
dmv	-0.04	1.76
somewhat	-0.04	2.14
across	-0.04	1.70
stations	-0.04	1.55
suggested	-0.04	2.13
latter	-0.04	1.68
necessary	-0.04	1.51
crossed	-0.04	1.90
diy	-0.04	1.62
found	-0.04	2.39
relationships	-0.04	1.65
crying	-0.04	1.51
rat	-0.04	1.59
yesterday	-0.03	2.25
applicable	-0.03	3.59
both	-0.03	2.33
temperature	-0.03	1.56
receipt	-0.03	1.72
immigrants	-0.03	1.55
google	-0.03	1.74
pdxpipeline	-0.03	1.76
thus	-0.03	1.71
initial	-0.03	1.50
requirement	-0.03	1.86
talked	-0.03	2.25
strange	-0.03	1.79
combination	-0.03	1.64
plastic	-0.03	1.56
effectively	-0.03	1.44
license	-0.03	1.70
christian	-0.03	1.74
wide	-0.03	1.56
friends	-0.03	2.18
display	-0.03	1.44
profitable	-0.03	1.79
vacation	-0.03	1.67
papers	-0.03	1.94
eastern	-0.03	1.68
built	-0.03	1.73
motorcycles	-0.03	1.68
professor	-0.03	1.59
win	-0.03	1.77
european	-0.03	1.55
female	-0.03	1.66
bound	-0.03	2.05
genuine	-0.02	2.20
congestion	-0.02	1.66
request	-0.02	1.88
voodoo	-0.02	1.46
lets	-0.02	1.89
sticks	-0.02	1.51
experiences	-0.02	1.71
acceptable	-0.02	1.62
channel	-0.02	1.40
bin	-0.02	1.65
whom	-0.02	1.76
boss	-0.02	1.73
commercial	-0.02	1.63
finally	-0.02	2.54
wheels	-0.02	1.67
hitting	-0.02	2.03
wood	-0.02	1.33
guns	-0.02	1.64
sweat	-0.02	1.80
zip	-0.02	1.66
survey	-0.02	1.80
corners	-0.02	1.51
usage	-0.02	1.67
receiving	-0.02	1.70
buildings	-0.02	1.54
fall	-0.02	1.71
recycling	-0.01	1.56
sensitive	-0.01	1.50
generic	-0.01	1.43
official	-0.01	1.81
generally	-0.01	1.92
prepared	-0.01	1.72
forms	-0.01	1.84
education	-0.01	1.58
mfnw	-0.01	1.46
thru	-0.01	1.86
mark	-0.01	1.77
buy	-0.01	2.29
high	-0.01	1.30
several	-0.01	2.16
businesses	-0.01	1.53
rating	-0.01	1.79
form	-0.01	2.01
responded	-0.01	2.15
yours	-0.01	1.67
shelters	-0.01	1.63
respond	-0.01	2.52
association	-0.01	1.62
extra	-0.01	1.92
immediately	-0.01	2.18
lights	-0.01	1.87
thursday	-0.01	2.19
nail	-0.01	1.58
armed	-0.01	1.69
usps	-0.01	1.77
previous	-0.01	1.78
lessons	-0.01	1.90
drops	-0.00	1.68
provides	-0.00	1.83
ears	-0.00	1.80
similarly	-0.00	1.45
structure	-0.00	1.75
diesel	-0.00	1.58
assuming	-0.00	3.78
sewer	-0.00	1.50
snow	-0.00	1.50
movie	-0.00	1.18
warm	-0.00	1.55
july	-0.00	2.18
boundary	-0.00	1.66
moved	-0.00	1.94
alert	-0.00	1.68
contact	-0.00	2.47
approach	-0.00	1.70
properly	-0.00	2.17
courses	0.00	1.86
includes	0.00	1.52
joking	0.00	3.22
tested	0.00	1.83
distribution	0.00	1.65
contributing	0.00	1.62
harsh	0.00	1.66
walking	0.00	2.01
dedicated	0.00	1.89
forgotten	0.00	1.81
tl	0.00	1.43
proposal	0.00	1.79
older	0.00	1.79
volunteer	0.00	1.60
belt	0.00	1.76
children	0.00	1.66
providence	0.00	1.53
range	0.00	1.50
pocket	0.01	1.70
cleaned	0.01	1.95
shelter	0.01	1.60
implies	0.01	2.22
0	0.01	1.83
distance	0.01	1.80
learn	0.01	2.07
backpack	0.01	1.63
track	0.01	1.73
address	0.01	2.09
cheaper	0.01	1.92
answer	0.01	2.92
vary	0.01	1.84
gas	0.01	1.52
public	0.01	1.64
handful	0.01	2.26
swing	0.01	2.07
shoulder	0.01	1.85
executive	0.01	1.54
pps	0.01	1.61
broken	0.01	1.82
tools	0.01	1.80
pattern	0.01	1.39
collar	0.01	1.63
listening	0.01	1.98
employment	0.02	1.70
developing	0.02	1.57
extension	0.02	1.69
meter	0.02	1.56
grow	0.02	1.71
stops	0.02	1.77
read	0.02	2.07
dr	0.02	1.49
teachers	0.02	1.54
humans	0.02	1.54
larger	0.02	1.72
ads	0.02	1.66
roommates	0.02	1.91
psu	0.02	1.55
bus	0.02	1.74
character	0.02	1.72
insult	0.02	1.91
figured	0.02	2.98
tear	0.02	1.63
types	0.02	1.98
radar	0.02	1.67
conversations	0.02	1.68
eye	0.02	2.11
mod	0.02	1.73
gap	0.03	1.58
agency	0.03	1.83
review	0.03	1.72
night	0.03	2.12
real	0.03	2.13
aware	0.03	2.96
slap	0.03	1.67
mood	0.03	1.77
safety	0.03	1.69
persons	0.03	1.93
collective	0.03	1.57
gain	0.03	1.69
weapon	0.03	1.78
clark	0.03	1.53
schools	0.03	1.59
package	0.03	1.70
testing	0.03	1.62
controlled	0.03	1.63
through	0.03	2.11
sometime	0.03	2.51
consideration	0.03	1.96
packages	0.03	1.74
behind	0.03	1.92
audio	0.04	1.61
beneficial	0.04	1.58
slide	0.04	1.65
bias	0.04	1.78
crossing	0.04	1.81
breeding	0.04	1.42
houses	0.04	1.83
counties	0.04	1.56
goals	0.04	1.68
graduate	0.04	1.53
install	0.04	1.64
step	0.04	2.14
warning	0.04	1.73
flashing	0.04	1.87
shipped	0.04	1.84
volunteering	0.04	1.66
donations	0.04	1.48
governments	0.04	1.57
youtube	0.04	1.39
visiting	0.04	2.06
tests	0.04	1.55
usa	0.04	1.53
reliable	0.04	1.53
i.e	0.04	1.82
rural	0.04	1.64
ticket	0.04	1.72
publicly	0.04	1.71
base	0.04	1.45
walk	0.04	2.25
gateway	0.04	1.58
monday	0.05	2.12
special	0.05	2.86
strangers	0.05	1.84
car2go	0.05	1.59
horror	0.05	1.60
certified	0.05	1.77
around	0.05	2.68
definition	0.05	1.96
pair	0.05	1.55
storm	0.05	1.65
porch	0.05	1.79
structures	0.05	1.74
friday	0.05	2.12
digging	0.05	2.00
ways	0.05	2.19
mail	0.05	1.82
prepare	0.05	1.76
ounce	0.05	1.70
episode	0.05	1.45
trap	0.05	1.49
cuz	0.05	1.65
visitors	0.06	1.50
agree	0.06	3.99
plane	0.06	1.60
disaster	0.06	1.55
solar	0.06	1.78
women	0.06	1.68
analogy	0.06	2.32
students	0.06	1.55
lottery	0.06	1.69
practical	0.06	1.51
terms	0.06	1.79
tomorrow	0.06	2.42
teaching	0.06	1.65
coat	0.06	1.59
grabbed	0.06	1.89
vacant	0.06	1.75
collected	0.06	1.64
sits	0.06	1.72
classes	0.06	1.66
affects	0.06	1.71
gate	0.06	1.70
evening	0.06	2.10
gallons	0.06	1.53
circle	0.06	1.38
forum	0.06	1.73
teacher	0.07	1.54
saturday	0.07	2.13
grad	0.07	1.57
blanket	0.07	1.72
passing	0.07	1.85
college	0.07	1.56
letters	0.07	1.79
fuel	0.07	1.57
witnessed	0.07	1.81
viable	0.07	1.86
train	0.07	1.78
couples	0.07	1.86
battery	0.07	1.55
school	0.07	1.53
housing	0.07	1.58
poorly	0.07	1.79
results	0.07	1.74
literally	0.07	2.64
overhead	0.07	1.61
anyways	0.08	1.86
leg	0.08	1.51
encourage	0.08	1.74
fingers	0.08	1.96
venture	0.08	2.12
offices	0.08	1.44
loads	0.08	1.76
bike	0.08	1.73
amazon	0.08	1.68
discussions	0.08	1.80
stepping	0.08	2.06
backed	0.08	1.92
those	0.08	2.25
concrete	0.08	1.46
lock	0.08	1.68
broke	0.08	1.89
defined	0.08	1.92
smash	0.09	1.61
parent	0.09	1.56
profile	0.09	1.61
raining	0.09	1.56
reference	0.09	1.96
groups	0.09	1.75
sell	0.09	2.00
commuters	0.09	1.67
estate	0.09	1.75
costco	0.09	1.59
lightning	0.09	1.67
outside	0.09	2.03
homes	0.09	1.71
laying	0.09	1.76
rode	0.09	1.88
check	0.09	2.53
engine	0.09	1.59
informed	0.09	1.85
subsidized	0.10	1.65
animal	0.10	1.66
holes	0.10	1.58
implied	0.10	2.31
automatically	0.10	1.55
teach	0.10	1.72
registration	0.10	1.69
ww	0.10	1.40
supposedly	0.10	1.68
minds	0.10	1.64
wallet	0.10	1.83
mine	0.10	2.17
land	0.10	1.69
dead	0.10	1.53
eugene	0.10	1.62
attempting	0.10	1.83
trimet	0.10	1.67
voted	0.10	1.86
filming	0.10	1.65
technology	0.10	1.68
these	0.10	2.21
normal	0.10	1.53
lame	0.10	1.78
rack	0.10	1.61
ride	0.10	1.87
bob	0.10	1.33
exercise	0.11	1.48
lanes	0.11	1.76
intent	0.11	1.86
permitted	0.11	1.96
lacking	0.11	1.83
particularly	0.11	1.98
active	0.11	1.51
genetic	0.11	1.58
clothes	0.11	1.45
heavily	0.11	1.68
saw	0.11	2.37
safely	0.11	1.94
methods	0.11	1.73
ballot	0.11	1.80
easily	0.11	2.22
learned	0.11	2.08
ash	0.11	1.38
she	0.11	2.25
consumer	0.11	1.71
36	0.11	1.69
new	0.11	1.76
stayed	0.11	1.82
quickly	0.11	2.07
session	0.11	1.54
units	0.11	1.65
99	0.11	1.62
via	0.11	1.86
method	0.11	2.00
layer	0.11	1.42
house	0.11	1.73
recovery	0.11	1.70
object	0.12	1.69
hardware	0.12	1.63
pdf	0.12	1.84
lines	0.12	1.70
laughed	0.12	1.85
sidewalks	0.12	1.66
relative	0.12	1.59
accounts	0.12	1.86
ebay	0.12	1.84
graduated	0.12	1.70
hole	0.12	1.67
answered	0.12	2.24
r/portland	0.12	1.81
toilet	0.12	1.35
commenting	0.12	2.29
cycling	0.12	1.69
23	0.12	1.72
addition	0.12	1.56
brutal	0.13	1.54
smaller	0.13	1.72
lit	0.13	1.55
coworker	0.13	1.98
growing	0.13	1.48
ship	0.13	1.67
aid	0.13	1.63
master	0.13	1.48
car	0.13	1.72
fashion	0.13	1.63
plays	0.13	1.24
measure	0.13	1.86
solutions	0.13	1.94
members	0.13	1.62
lead	0.13	1.89
pcc	0.13	1.56
southwest	0.13	1.56
commuter	0.13	1.72
studio	0.13	1.67
door	0.13	1.97
job	0.13	2.12
92	0.13	1.72
curiosity	0.14	2.26
mass	0.14	1.64
bodies	0.14	1.85
mistake	0.14	2.27
shorts	0.14	1.48
must	0.14	2.25
reasonable	0.14	1.91
peak	0.14	1.63
non-profit	0.14	1.60
busted	0.14	1.74
weekend	0.14	2.04
dogs	0.14	1.35
sadly	0.14	2.05
condo	0.14	1.67
although	0.14	2.89
woke	0.14	1.98
am	0.14	2.99
101	0.14	1.49
criticism	0.14	1.90
trained	0.14	1.49
hat	0.14	1.52
trigger	0.14	1.48
density	0.14	1.61
locked	0.14	1.67
expected	0.14	2.08
stick	0.14	2.06
cuts	0.15	1.34
wednesday	0.15	2.05
sleep	0.15	2.18
stands	0.15	1.58
remove	0.15	1.74
ahead	0.15	2.63
apartment	0.15	1.69
desire	0.15	2.13
wondering	0.15	3.12
clouds	0.15	1.51
schedule	0.15	1.92
indeed	0.15	2.12
army	0.15	1.61
towed	0.15	1.93
regular	0.15	1.65
ad	0.15	1.74
donated	0.15	1.77
pockets	0.15	1.70
discovered	0.15	2.05
loaded	0.15	1.63
patrol	0.15	1.73
role	0.15	1.49
sunday	0.15	2.09
criteria	0.15	1.94
online	0.15	1.88
tuesday	0.15	2.11
box	0.16	1.75
multiple	0.16	2.09
supplies	0.16	1.58
vote	0.16	1.78
bedroom	0.16	1.68
searching	0.16	2.17
though	0.16	3.24
falling	0.16	1.56
steel	0.16	1.49
registered	0.16	1.74
listed	0.16	1.92
territory	0.16	1.79
button	0.16	1.82
organizations	0.16	1.53
adequate	0.16	1.80
transit	0.16	1.77
line	0.16	1.65
during	0.16	1.75
ill	0.16	1.46
legislation	0.16	1.60
umbrella	0.16	1.52
producers	0.16	1.62
legitimate	0.16	1.72
empty	0.16	1.74
tape	0.16	1.39
folk	0.17	1.66
locks	0.17	1.62
travel	0.17	1.86
hales	0.17	1.76
fee	0.17	1.59
contest	0.17	1.74
shoes	0.17	1.48
rail	0.17	1.73
attending	0.17	1.72
successful	0.17	1.66
mistaken	0.17	3.63
engage	0.17	1.91
practically	0.17	1.69
ups	0.17	1.71
spray	0.17	1.56
smooth	0.17	1.92
length	0.17	1.68
acts	0.17	1.68
volunteers	0.17	1.39
sat	0.17	1.66
gun	0.17	1.56
exchange	0.17	1.44
pipes	0.17	1.60
suppose	0.17	2.92
alternative	0.17	1.97
merging	0.17	1.84
subjective	0.17	2.06
fortunately	0.18	1.69
closed	0.18	2.03
operation	0.18	1.82
heater	0.18	1.52
cops	0.18	2.10
discussion	0.18	1.93
subaru	0.18	1.62
adult	0.18	1.57
horse	0.18	1.48
author	0.18	1.74
text	0.18	1.86
incredibly	0.18	1.93
building	0.18	1.70
transport	0.18	1.71
midnight	0.18	1.86
urban	0.18	1.74
slippery	0.18	1.57
roads	0.18	1.60
store	0.18	1.62
aspect	0.19	1.67
fence	0.19	1.62
explains	0.19	1.86
overnight	0.19	1.75
skin	0.19	1.50
hanging	0.19	1.83
uncommon	0.19	1.64
communication	0.19	1.60
opportunities	0.19	1.83
metro	0.19	1.61
snarky	0.19	1.59
version	0.19	1.50
showing	0.19	1.98
inch	0.19	1.74
trolls	0.19	1.73
promoting	0.19	1.62
troutdale	0.19	1.55
comedy	0.19	1.61
interact	0.19	2.29
gf	0.19	1.62
city	0.19	1.97
black	0.19	1.56
crawl	0.19	1.73
nearest	0.19	1.74
booked	0.19	1.90
reservoir	0.19	1.32
save	0.20	1.95
bags	0.20	1.54
tall	0.20	1.57
freight	0.20	1.68
adjust	0.20	1.94
explaining	0.20	2.36
apartments	0.20	1.68
assessment	0.20	1.78
party	0.20	1.42
wilsonville	0.20	1.88
cans	0.20	1.46
correctly	0.20	2.32
send	0.20	2.21
wrap	0.20	1.89
jacket	0.20	1.48
war	0.20	1.64
cop	0.20	2.02
linked	0.20	2.07
whereas	0.20	1.33
leash	0.20	1.46
incorrect	0.20	3.58
training	0.20	1.68
lean	0.20	1.49
elections	0.20	1.55
fill	0.20	1.71
helmet	0.20	1.53
field	0.20	1.58
tiny	0.20	1.54
knew	0.20	2.84
abandoned	0.20	1.66
soon	0.20	2.67
production	0.20	1.49
vancouver	0.21	1.74
bullet	0.21	1.67
men	0.21	1.68
downvotes	0.21	1.85
granted	0.21	1.79
sidewalk	0.21	1.74
randomly	0.21	1.92
meet	0.21	2.53
many	0.21	2.22
neighbor	0.21	1.81
national	0.21	1.46
guess	0.21	3.27
nazi	0.21	1.69
round	0.21	1.82
guaranteed	0.21	1.90
page	0.21	1.87
disagree	0.21	2.88
thought	0.21	2.75
gloves	0.21	1.51
cascadia	0.21	1.61
target	0.21	1.63
seat	0.21	1.78
iirc	0.21	1.49
dozens	0.21	2.10
young	0.22	1.62
max	0.22	1.71
1st	0.22	1.98
series	0.22	1.36
very	0.22	2.30
book	0.22	1.69
goods	0.22	1.59
drama	0.22	1.67
tire	0.22	1.59
sitting	0.22	1.97
servers	0.22	1.59
cutting	0.22	1.81
isolated	0.22	1.61
lewis	0.22	1.60
neutral	0.22	1.93
busses	0.22	1.74
1/2	0.22	1.82
dig	0.22	2.19
bump	0.22	1.69
pants	0.22	1.46
girl	0.22	1.71
triple	0.22	1.56
gmos	0.22	1.94
troll	0.23	1.89
phoenix	0.23	1.55
rid	0.23	1.95
encouraging	0.23	1.48
labels	0.23	1.62
cat	0.23	1.66
quarter	0.23	1.71
austin	0.23	1.72
assumed	0.23	2.11
seeds	0.23	1.72
showed	0.23	2.03
butt	0.23	1.43
locations	0.23	1.91
dentist	0.23	1.65
continuing	0.23	1.83
other	0.23	2.28
ending	0.23	1.87
driveway	0.23	1.75
seats	0.23	1.53
chosen	0.23	1.97
exclusively	0.23	1.69
tune	0.23	2.16
soil	0.23	1.56
googled	0.23	1.95
appealing	0.23	1.87
rentals	0.23	1.70
alot	0.24	1.57
suburban	0.24	1.58
maintained	0.24	1.95
comparable	0.24	1.78
centers	0.24	1.49
onto	0.24	1.98
ultimate	0.24	1.85
downvote	0.24	2.01
bud	0.24	1.69
sleeping	0.24	1.88
perhaps	0.24	2.72
bed	0.24	1.80
group	0.24	1.67
wear	0.24	1.48
jeans	0.24	1.52
his	0.24	1.86
destination	0.24	1.46
stem	0.25	1.74
grade	0.25	1.45
dating	0.25	1.67
rear	0.25	1.64
transportation	0.25	1.84
consumers	0.25	1.75
m	0.25	3.11
submit	0.25	1.87
plates	0.25	1.60
socks	0.25	1.53
arms	0.25	1.59
transition	0.25	1.79
windows	0.25	1.66
grain	0.25	1.56
websites	0.25	1.50
toss	0.25	1.97
jersey	0.25	1.68
subs	0.25	1.82
old	0.25	1.74
constantly	0.25	1.89
bag	0.26	1.64
planet	0.26	1.45
costume	0.26	1.52
names	0.26	1.88
focused	0.26	1.50
given	0.26	2.08
comfort	0.26	1.56
irrelevant	0.26	1.72
sentence	0.26	2.00
pro	0.26	1.62
compared	0.26	1.79
tv	0.26	1.28
floor	0.27	1.50
spaces	0.27	1.66
wearing	0.27	1.48
503	0.27	2.01
hops	0.27	1.35
sent	0.27	1.89
setup	0.27	1.68
ages	0.27	1.60
packed	0.27	1.49
mixed	0.27	1.76
cold	0.27	1.43
sub	0.27	1.88
drawing	0.27	1.60
trips	0.27	1.60
frame	0.27	1.62
lived	0.27	1.77
killing	0.27	1.92
closer	0.27	1.94
boys	0.27	1.54
removal	0.27	1.46
pump	0.28	1.51
cap	0.28	1.46
blocked	0.28	2.06
summers	0.28	1.52
neighbors	0.28	1.71
carpet	0.28	1.54
opening	0.28	1.75
ours	0.28	2.08
coincidence	0.28	1.70
feed	0.28	1.55
frequent	0.28	1.53
painted	0.28	1.57
click	0.28	1.82
tickets	0.28	1.66
water	0.28	1.25
floating	0.29	1.56
vegas	0.29	1.66
parks	0.29	1.49
mini	0.29	1.43
punch	0.29	1.65
processed	0.29	1.65
loving	0.29	1.71
settle	0.29	1.96
number	0.29	1.74
accommodate	0.29	1.71
twitter	0.29	1.76
trolling	0.29	1.86
finger	0.29	1.82
gather	0.29	1.80
listing	0.29	1.95
bait	0.29	1.66
kids	0.29	1.72
website	0.29	1.89
surrounded	0.29	1.63
kit	0.29	1.58
foundation	0.29	1.54
route	0.29	1.94
count	0.29	2.16
live	0.29	2.24
various	0.30	1.98
difficult	0.30	1.79
learning	0.30	1.80
amazed	0.30	2.62
ghost	0.30	1.59
map	0.30	1.83
thunder	0.30	1.70
delay	0.30	1.83
shorter	0.30	1.79
exact	0.30	1.87
looked	0.30	2.38
boots	0.30	1.37
relax	0.30	1.47
large	0.30	1.51
approval	0.30	1.79
processing	0.30	1.59
idea	0.30	3.02
main	0.31	1.64
angle	0.31	1.93
ideal	0.31	1.66
parts	0.31	1.96
space	0.31	1.75
prefer	0.31	2.25
mayor	0.31	1.47
fellow	0.31	1.67
gallon	0.31	1.45
unit	0.31	1.64
china	0.31	1.61
reading	0.31	1.95
hmmm	0.31	1.76
ac	0.31	1.60
parties	0.31	1.36
condos	0.31	1.59
worth	0.31	2.68
officially	0.31	1.72
alive	0.32	1.89
bumper	0.32	1.61
buses	0.32	1.76
weekly	0.32	1.67
exciting	0.32	1.63
r/askportland	0.32	2.11
honey	0.32	1.34
painting	0.32	1.62
puppy	0.32	1.76
messages	0.32	1.80
tends	0.32	1.70
hunting	0.32	1.90
zone	0.32	1.75
im	0.32	2.52
merge	0.32	1.81
garage	0.33	1.71
joke	0.33	2.20
motion	0.33	1.56
gift	0.33	1.55
police	0.33	1.80
bands	0.33	1.57
appropriate	0.33	1.42
walls	0.33	1.67
rage	0.33	1.67
birds	0.33	1.51
astoria	0.33	1.47
better	0.33	2.59
serving	0.33	1.66
realistic	0.33	1.83
threads	0.33	1.90
doors	0.33	1.74
afternoon	0.33	2.03
suburbs	0.33	1.82
male	0.33	1.60
sober	0.34	1.90
won	0.34	1.69
downhill	0.34	1.88
youth	0.34	1.60
comic	0.34	1.64
trip	0.34	1.84
hopefully	0.34	2.85
posted	0.34	2.10
downside	0.34	1.84
square	0.34	1.68
roof	0.34	1.57
tourist	0.34	1.48
replied	0.34	2.28
topic	0.34	1.88
upvoted	0.34	1.84
properties	0.34	1.72
shipping	0.34	1.57
labeling	0.34	1.87
winning	0.35	1.77
airbnb	0.35	1.71
tracks	0.35	1.70
advanced	0.35	1.45
districts	0.35	1.66
shirt	0.35	1.53
rented	0.35	1.67
grove	0.35	1.53
regards	0.35	1.77
machine	0.35	1.63
providing	0.35	1.89
craigslist	0.35	2.02
mouth	0.35	1.57
seasons	0.35	1.62
cut	0.36	1.88
interaction	0.36	1.61
trick	0.36	1.75
stage	0.36	1.65
swimming	0.36	1.42
lab	0.36	1.47
norm	0.36	1.75
crowds	0.36	1.63
spring	0.36	1.53
language	0.36	1.78
associated	0.36	1.83
yup	0.36	1.74
tags	0.36	1.81
opportunity	0.36	2.09
sells	0.36	1.63
note	0.36	2.21
add	0.36	2.17
grandma	0.37	1.63
fred	0.37	1.63
salem	0.37	1.65
nights	0.37	1.92
drain	0.37	1.48
shut	0.37	1.88
recorded	0.37	1.70
modern	0.37	1.50
advise	0.37	2.30
consistent	0.37	1.62
accepted	0.37	1.74
wall	0.37	1.64
boxes	0.37	1.72
function	0.37	2.04
similar	0.37	1.60
dust	0.38	1.50
russian	0.38	1.55
glasses	0.38	1.41
delete	0.38	1.92
lifestyle	0.38	1.60
church	0.38	1.61
babies	0.38	1.57
brief	0.38	1.49
trees	0.38	1.49
air	0.38	1.48
catching	0.38	1.77
name	0.38	2.34
insanely	0.38	1.81
taught	0.39	1.74
meetings	0.39	1.72
u/simonpercy	0.39	1.79
surrounding	0.39	1.60
portland	0.39	2.16
title	0.39	2.15
walmart	0.39	1.68
fire	0.39	1.52
festival	0.39	1.63
her	0.39	2.01
officers	0.39	1.69
trains	0.39	1.69
perfectly	0.39	2.02
serial	0.39	1.77
corvallis	0.39	1.70
crop	0.39	1.57
pole	0.39	1.56
multnomah	0.39	1.66
winco	0.39	1.60
grand	0.39	1.76
outlet	0.39	1.60
account	0.39	1.85
member	0.39	1.47
safeway	0.39	1.62
toys	0.39	1.62
adjacent	0.39	1.71
plants	0.39	1.56
guest	0.39	1.69
officer	0.40	1.88
automatic	0.40	1.70
horn	0.40	1.68
specific	0.40	2.08
routes	0.40	1.70
bolt	0.40	1.58
extended	0.40	1.55
w	0.40	1.38
hillsboro	0.40	1.78
bins	0.40	1.56
crops	0.40	1.61
plant	0.40	1.52
beard	0.40	1.53
artist	0.40	1.53
mode	0.40	1.77
resume	0.40	1.96
chicago	0.40	1.72
fields	0.40	1.59
desert	0.40	1.53
surprisingly	0.40	1.76
delivered	0.41	1.84
shooting	0.41	1.61
punk	0.41	1.54
bay	0.41	1.54
ugly	0.41	1.36
grey	0.41	1.65
spam	0.41	1.87
tree	0.41	1.51
rolled	0.41	1.93
himself	0.41	1.92
shows	0.41	1.60
toll	0.41	1.66
calendar	0.41	1.91
cooler	0.41	1.43
produce	0.41	1.59
paved	0.41	1.79
opb	0.41	1.71
bottom	0.41	1.49
fireworks	0.42	1.66
search	0.42	2.06
core	0.42	1.77
including	0.42	1.46
meyer	0.42	1.60
records	0.42	1.63
struggle	0.42	1.58
tie	0.42	1.41
rational	0.42	1.62
attend	0.42	1.52
highways	0.42	1.72
community	0.42	1.83
tattoo	0.42	1.59
events	0.42	1.77
friend	0.42	2.03
models	0.42	1.68
shake	0.42	1.81
email	0.42	2.00
na	0.42	2.87
definitely	0.42	3.12
snark	0.42	1.79
always	0.42	2.94
occupy	0.42	1.62
soft	0.42	1.55
mods	0.42	1.89
faq	0.42	2.04
music	0.43	1.56
imo	0.43	2.16
path	0.43	1.80
pet	0.43	1.39
street	0.43	1.78
clothing	0.43	1.47
pace	0.43	1.57
accessible	0.43	1.59
aka	0.43	1.25
advance	0.43	1.76
clackamas	0.43	1.63
concert	0.43	1.60
timing	0.43	1.78
prime	0.43	1.46
responses	0.43	1.92
maps	0.43	1.89
fly	0.44	1.72
dense	0.44	1.66
open	0.44	2.01
upper	0.44	1.54
above	0.44	1.80
apple	0.44	1.52
debate	0.44	1.83
boy	0.44	1.69
facebook	0.44	1.81
highway	0.44	1.74
crowd	0.44	1.64
purchased	0.44	1.83
e	0.44	2.01
groceries	0.44	1.63
opened	0.44	1.91
mill	0.44	1.65
storage	0.44	1.65
streetcar	0.44	1.67
station	0.44	1.64
joes	0.44	1.49
hung	0.44	1.55
bartender	0.44	1.50
stairs	0.44	1.67
denver	0.45	1.63
subreddit	0.45	1.97
warehouse	0.45	1.55
updates	0.45	1.78
jealous	0.45	1.90
brooklyn	0.45	1.52
cl	0.45	1.86
awhile	0.45	2.41
hype	0.45	1.69
sf	0.45	1.64
contain	0.45	1.87
parents	0.45	1.73
plenty	0.45	2.18
memory	0.45	1.65
gear	0.45	1.50
strong	0.45	1.48
hop	0.45	1.43
secure	0.45	1.62
em	0.45	2.06
partner	0.46	1.72
woman	0.46	1.98
opens	0.46	1.82
crew	0.46	1.58
replacing	0.46	1.62
economy	0.46	1.66
tons	0.46	1.96
orange	0.46	1.53
german	0.46	1.53
books	0.46	1.63
covered	0.46	1.66
dance	0.46	1.69
filling	0.46	1.79
sprawl	0.46	1.58
library	0.46	1.55
edge	0.47	1.65
roommate	0.47	1.82
saved	0.47	1.81
fast	0.47	1.56
dancing	0.47	1.57
meeting	0.47	1.78
sizes	0.47	1.70
sites	0.47	1.68
sarcastic	0.47	1.80
has	0.47	2.35
afterwards	0.47	2.03
user	0.47	1.73
estimate	0.47	1.46
girls	0.47	1.68
scratch	0.48	1.71
upvotes	0.48	1.90
analysis	0.48	1.80
contains	0.48	1.59
lt	0.48	1.92
entrance	0.48	2.00
gym	0.48	1.63
francisco	0.48	1.62
expensive	0.48	1.68
george	0.48	1.36
farming	0.48	1.56
produced	0.48	1.59
mistakes	0.48	2.01
angeles	0.48	1.63
tank	0.48	1.41
poop	0.48	1.60
san	0.48	1.62
trader	0.48	1.58
sounded	0.48	2.03
gm	0.48	1.62
grows	0.48	1.53
medium	0.49	1.52
seattle	0.49	1.66
golden	0.49	1.67
bite	0.49	1.64
r	0.49	1.95
liquor	0.49	1.48
test	0.49	1.53
camps	0.49	1.78
hang	0.49	2.34
played	0.49	1.57
theme	0.49	1.43
moda	0.49	1.55
porn	0.50	1.59
wtf	0.50	2.26
cleaning	0.50	1.45
reminder	0.50	1.64
proud	0.50	2.07
counter	0.50	1.68
rock	0.50	1.47
underground	0.50	1.42
pickup	0.50	1.54
shell	0.50	1.67
ama	0.50	1.69
guide	0.50	1.83
well	0.50	3.13
reddit	0.50	1.90
announced	0.50	2.07
skeptical	0.50	2.37
floors	0.50	1.48
nyc	0.50	1.66
blue	0.50	1.49
campus	0.51	1.63
outer	0.51	1.79
gresham	0.51	1.70
bright	0.51	1.54
variety	0.51	1.50
promise	0.51	1.94
ie	0.51	1.61
movies	0.51	1.29
productive	0.51	1.60
crows	0.51	1.52
fitness	0.51	1.63
tough	0.51	1.76
feeding	0.51	1.57
supporting	0.52	2.06
unlike	0.52	1.53
pieces	0.52	1.46
detroit	0.52	1.68
hoping	0.52	2.95
childhood	0.52	1.61
tigard	0.52	1.69
ratio	0.52	1.50
album	0.52	1.81
sidebar	0.52	2.01
parking	0.52	1.83
comments	0.52	1.90
paint	0.52	1.52
paths	0.52	1.65
michael	0.52	1.43
famous	0.53	1.42
farmers	0.53	1.56
gon	0.53	2.75
girlfriend	0.53	1.90
yelp	0.53	1.62
animals	0.53	1.56
deals	0.53	1.91
hungry	0.53	1.71
sheet	0.53	1.59
starbucks	0.53	1.46
grocery	0.53	1.59
checked	0.54	1.95
kidding	0.54	1.95
light	0.54	1.83
wife	0.54	1.92
numbers	0.54	1.83
chair	0.54	1.55
intended	0.54	1.86
farm	0.54	1.79
remaining	0.54	1.55
tj	0.54	1.58
part	0.54	3.13
efficient	0.54	1.67
pm	0.54	2.24
blowing	0.54	1.79
rant	0.54	1.53
theory	0.54	2.13
shared	0.54	1.49
candy	0.54	1.73
fest	0.55	1.48
studios	0.55	1.74
machines	0.55	1.58
pipe	0.55	1.50
clarify	0.55	2.38
van	0.55	1.70
worthy	0.55	1.62
oz	0.55	1.50
named	0.55	1.72
shower	0.55	1.53
fault	0.55	2.61
changes	0.55	1.92
nuts	0.55	1.49
intention	0.55	2.11
delivery	0.55	1.67
different	0.55	2.06
122nd	0.56	1.51
places	0.56	2.37
pretty	0.56	2.32
lloyd	0.56	1.67
grown	0.56	1.53
skip	0.56	1.60
laughing	0.56	1.62
cow	0.56	1.54
joe	0.56	1.49
register	0.56	1.83
chart	0.56	1.72
planes	0.56	1.71
heading	0.56	1.94
species	0.56	1.69
venues	0.56	1.54
directions	0.56	1.68
council	0.56	1.57
backyard	0.57	1.51
red	0.57	1.76
yard	0.57	1.59
halloween	0.57	1.56
minded	0.57	1.54
stores	0.57	1.62
destroyed	0.57	1.70
hall	0.57	1.60
gay	0.57	1.64
side	0.57	2.14
positive	0.57	1.44
killed	0.57	1.55
suspect	0.57	1.83
most	0.57	2.75
towns	0.57	1.57
pound	0.57	1.57
fairly	0.57	2.06
goodwill	0.57	1.63
areas	0.58	1.86
gmo	0.58	1.69
finish	0.58	1.53
yards	0.58	1.80
smile	0.58	1.66
ol	0.58	1.60
labeled	0.58	1.76
vague	0.58	1.73
accepting	0.58	1.65
courthouse	0.58	1.60
seriously	0.58	2.55
reed	0.58	1.49
residential	0.58	1.66
beaverton	0.59	1.71
custom	0.59	1.48
replace	0.59	1.63
lists	0.59	1.70
streets	0.59	1.70
glass	0.59	1.43
stadium	0.59	1.53
film	0.59	1.31
listings	0.59	1.80
truly	0.60	1.95
airport	0.60	1.61
tool	0.60	1.80
viewpoint	0.60	1.94
child	0.60	1.83
fare	0.60	1.61
bird	0.60	1.55
shooter	0.60	1.55
ever	0.60	3.17
valley	0.60	1.57
milwaukie	0.60	1.63
houston	0.60	1.60
ridiculously	0.60	1.69
lincoln	0.60	1.56
cameras	0.61	1.58
exposed	0.61	1.65
brothers	0.61	1.46
label	0.61	1.72
broad	0.61	1.80
expansion	0.61	1.81
scott	0.61	1.40
attached	0.61	1.57
burbs	0.61	1.91
exit	0.62	1.75
bridges	0.62	1.64
secret	0.62	1.59
guy	0.62	2.13
boats	0.62	1.54
husband	0.62	1.80
yellow	0.62	1.72
stuff	0.62	2.33
inside	0.62	1.69
products	0.63	1.62
drinking	0.63	1.22
santa	0.63	1.51
technically	0.63	2.68
pdx	0.63	1.82
imho	0.63	1.60
example	0.63	2.13
genetically	0.63	1.68
initially	0.63	2.21
dirt	0.64	1.49
gluten	0.64	1.20
markets	0.64	1.66
parked	0.64	1.77
stock	0.64	1.54
facing	0.64	1.69
freeways	0.64	1.61
basement	0.64	1.59
poster	0.64	1.96
mainly	0.64	1.59
english	0.64	1.73
impressed	0.65	2.55
bathroom	0.65	1.59
lots	0.65	2.06
videos	0.65	1.39
willamette	0.65	1.58
brush	0.65	1.39
fbi	0.65	1.35
headlights	0.65	1.62
landing	0.65	1.60
effective	0.65	1.57
snap	0.65	1.66
creepy	0.65	2.47
ramp	0.65	1.75
dark	0.66	1.48
apples	0.66	1.74
sport	0.66	1.42
laundry	0.66	1.35
confirmed	0.66	1.70
humor	0.66	2.13
hello	0.66	1.64
boston	0.67	1.59
between	0.67	1.81
hwy	0.67	1.63
area	0.67	1.95
tower	0.67	1.61
share	0.67	1.68
sized	0.67	1.52
meaningful	0.67	1.68
ice	0.67	1.25
available	0.67	1.63
examples	0.67	1.87
father	0.67	1.61
sit	0.68	2.06
cannon	0.68	1.43
brick	0.68	1.59
joining	0.68	2.11
proximity	0.68	1.63
york	0.68	1.66
gravel	0.68	1.47
security	0.68	1.61
furthermore	0.68	1.45
sigh	0.68	1.82
feature	0.68	1.43
wild	0.68	1.57
keys	0.68	1.80
common	0.68	1.83
fan	0.68	1.71
shop	0.69	1.60
stone	0.69	1.33
bugs	0.69	1.68
center	0.69	1.67
ocean	0.69	1.41
weekends	0.69	1.78
lesson	0.69	1.67
fell	0.69	1.69
amp	0.69	1.68
yo	0.69	1.61
entertainment	0.69	1.50
added	0.69	1.77
east	0.69	1.77
fir	0.69	1.69
sand	0.69	1.52
i-5	0.69	1.70
sample	0.69	1.41
smith	0.69	1.39
finding	0.70	2.19
doug	0.70	1.69
limited	0.70	1.45
david	0.70	1.64
teams	0.70	1.49
bridge	0.70	1.67
flowers	0.70	1.44
thread	0.70	2.01
select	0.70	1.66
seed	0.70	1.51
mall	0.70	1.61
rush	0.70	1.72
i5	0.70	1.70
baseball	0.70	1.49
dock	0.71	1.60
hollywood	0.71	1.53
hunt	0.71	1.71
brother	0.71	1.74
intelligent	0.71	1.46
key	0.71	1.63
team	0.71	1.52
attractive	0.71	1.57
stars	0.71	1.70
cup	0.71	1.29
kontrol	0.71	1.58
sea	0.71	1.70
flight	0.71	1.58
rocks	0.71	1.52
u	0.71	1.74
leaf	0.71	1.59
shopping	0.71	1.53
located	0.72	1.71
apt	0.72	1.65
league	0.72	1.53
equivalent	0.72	1.61
removed	0.72	1.97
tail	0.72	1.39
modified	0.72	1.64
challenging	0.72	1.49
establishment	0.73	1.65
2nd	0.73	1.61
venue	0.73	1.51
foods	0.73	1.66
heck	0.73	1.91
shops	0.73	1.63
honor	0.73	1.55
trucks	0.73	1.47
possible	0.73	3.02
swim	0.73	1.73
west	0.73	1.74
biking	0.74	1.67
join	0.74	2.03
setting	0.74	1.58
fishing	0.74	1.60
brings	0.74	1.65
flavor	0.74	1.26
tualatin	0.74	1.65
order	0.74	2.35
playing	0.74	1.55
hair	0.74	1.40
south	0.74	1.69
priced	0.74	1.52
description	0.74	1.51
diet	0.74	1.30
ai	0.74	1.95
205	0.74	1.67
response	0.75	1.83
l	0.75	1.44
items	0.75	1.57
central	0.75	1.57
neighborhoods	0.75	1.78
21	0.75	1.58
activities	0.75	1.57
interstate	0.75	1.62
noted	0.75	1.62
image	0.76	1.61
definitive	0.76	1.97
links	0.76	1.78
straight	0.76	1.80
detail	0.76	1.47
location	0.76	1.93
son	0.76	1.75
26	0.76	1.70
ipas	0.77	1.25
shoot	0.77	1.74
lady	0.77	1.83
theater	0.77	1.42
replying	0.77	2.41
north	0.77	1.66
taken	0.77	2.14
factory	0.77	1.67
watching	0.77	1.49
convention	0.78	1.58
o	0.78	1.42
wing	0.78	1.53
smart	0.79	1.74
village	0.79	1.72
hotels	0.79	1.71
closing	0.79	1.79
event	0.79	1.71
logo	0.79	1.60
iphone	0.79	1.65
la	0.79	1.60
downtown	0.80	1.76
world	0.80	2.34
crystal	0.80	1.64
suspicious	0.80	1.86
i-84	0.80	1.71
springwater	0.80	1.66
options	0.80	1.92
super	0.80	2.00
bell	0.80	1.24
coast	0.80	1.48
hiding	0.80	1.72
window	0.80	1.66
staying	0.80	2.01
dad	0.80	1.86
tent	0.81	1.58
boyfriend	0.81	1.66
gig	0.81	1.71
blocking	0.81	1.77
link	0.81	1.90
goose	0.81	1.56
district	0.81	1.52
ross	0.81	1.61
brown	0.82	1.58
chickens	0.82	1.48
bulk	0.82	1.56
brand	0.82	1.73
fb	0.82	1.78
pbr	0.82	1.15
american	0.82	1.58
laid	0.82	1.64
84	0.82	1.68
fed	0.82	1.49
concerned	0.82	2.33
deleted	0.83	2.01
barbur	0.83	1.60
comment	0.83	2.05
corridor	0.83	1.70
thoughts	0.83	1.79
guard	0.83	1.55
wash	0.83	1.32
message	0.83	1.94
shoe	0.84	1.46
flash	0.84	1.58
questions	0.84	2.10
rare	0.84	1.57
dc	0.84	1.56
international	0.84	1.53
golf	0.84	1.62
island	0.84	1.64
reserve	0.85	1.48
rooms	0.85	1.58
important	0.85	1.74
esplanade	0.85	1.68
host	0.85	1.50
valuable	0.85	1.57
parallel	0.85	1.71
meetups	0.85	1.69
bench	0.85	1.59
hope	0.85	2.68
tunnel	0.86	1.67
blazers	0.86	1.50
responding	0.86	2.08
sake	0.86	1.68
freeway	0.86	1.68
huh	0.86	2.09
magical	0.86	1.50
beauty	0.86	1.41
designated	0.87	1.72
gaming	0.87	1.49
okay	0.87	3.03
concerts	0.87	1.42
green	0.87	1.63
tho	0.87	1.91
relevant	0.87	1.67
dress	0.87	1.45
tag	0.88	1.87
daughter	0.88	1.67
sellwood	0.88	1.64
along	0.88	1.65
memorial	0.88	1.50
desirable	0.89	1.85
conversation	0.89	1.84
players	0.89	1.49
20th	0.89	1.60
tea	0.89	1.27
cast	0.89	1.69
bottle	0.89	1.26
op	0.89	2.30
waterfront	0.90	1.70
booze	0.90	1.44
player	0.90	1.48
sandy	0.90	1.67
bottles	0.90	1.30
mlk	0.90	1.70
rivers	0.90	1.52
eastside	0.90	1.65
practice	0.90	1.52
contracts	0.90	2.48
repost	0.90	2.04
nature	0.90	1.81
posting	0.90	1.88
bend	0.91	1.50
affordable	0.91	1.60
truck	0.91	1.59
timbers	0.91	1.49
indoor	0.91	1.47
board	0.91	1.56
oil	0.91	1.56
johnson	0.91	1.49
anonymous	0.91	1.63
hmm	0.91	1.99
donation	0.91	1.80
naked	0.92	1.65
hockey	0.92	1.48
some	0.92	2.28
judging	0.92	1.60
climbing	0.92	1.36
facility	0.92	1.51
nope	0.92	2.24
fantasy	0.92	1.48
soccer	0.92	1.53
sports	0.92	1.51
particular	0.92	2.53
chain	0.92	1.68
kid	0.93	1.86
surely	0.93	1.62
los	0.93	1.58
organic	0.93	1.55
expand	0.93	1.70
405	0.93	1.61
coffee	0.93	1.04
wire	0.93	1.50
al	0.94	1.48
mission	0.94	1.55
football	0.94	1.50
basketball	0.94	1.50
clubs	0.94	1.65
diego	0.95	1.62
ring	0.95	1.58
grab	0.95	1.75
tour	0.95	1.52
bet	0.95	2.98
answers	0.95	1.99
convenient	0.95	1.71
post	0.95	1.98
inner	0.95	1.73
3rd	0.95	1.61
tears	0.96	1.60
pack	0.96	1.39
fixed	0.96	2.06
blvd	0.96	1.60
ny	0.97	1.60
6th	0.97	1.56
username	0.97	2.06
cooking	0.97	1.53
short	0.97	1.72
trailer	0.97	1.53
holidays	0.97	1.64
pure	0.98	1.54
outcome	0.98	2.32
option	0.98	2.78
meant	0.98	2.67
co	0.98	1.65
boat	0.98	1.58
raw	0.98	1.48
filter	0.98	1.56
southeast	0.99	1.61
broadway	0.99	1.59
game	0.99	1.52
fans	0.99	1.49
7th	0.99	1.61
johns	1.00	1.48
greatly	1.00	1.91
morrison	1.00	1.64
mike	1.00	1.71
invite	1.00	2.10
bonus	1.01	1.63
christmas	1.01	1.52
cider	1.01	1.21
locally	1.01	1.52
ok	1.01	3.13
iron	1.01	1.58
non-gmo	1.01	1.59
spirit	1.01	1.45
please	1.01	2.37
corner	1.02	1.63
taylor	1.02	1.60
epic	1.02	1.57
tonight	1.02	1.85
john	1.02	1.47
nailed	1.02	1.74
relatively	1.03	1.78
popular	1.03	1.75
couch	1.03	1.57
um	1.03	2.28
rest	1.03	1.62
narrow	1.03	1.71
tables	1.03	1.42
ladies	1.03	1.56
legs	1.03	1.62
serves	1.03	1.65
fremont	1.04	1.64
sister	1.04	1.60
mother	1.04	1.68
imgur	1.04	1.70
primarily	1.05	1.58
format	1.05	1.59
stranger	1.05	1.83
moon	1.05	1.33
burnside	1.05	1.61
y'all	1.05	1.69
river	1.05	1.55
tom	1.05	1.48
soul	1.06	1.76
era	1.06	1.43
williams	1.06	1.62
strip	1.06	1.49
northeast	1.06	1.54
luxury	1.07	1.63
wedding	1.07	1.42
meh	1.07	1.79
holiday	1.07	1.56
corrected	1.07	1.71
pearl	1.07	1.54
diverse	1.07	1.61
holgate	1.08	1.58
gold	1.08	1.62
hawthorne	1.08	1.60
mr	1.08	1.58
vibe	1.08	1.64
etc	1.08	1.46
ton	1.08	1.62
clinton	1.09	1.52
appears	1.09	2.48
replies	1.09	1.79
sam	1.09	1.49
museum	1.10	1.45
traditional	1.10	1.59
13th	1.10	1.48
fuckin	1.10	1.83
ideas	1.10	1.87
explanation	1.10	2.15
whoa	1.10	1.72
39th	1.10	1.57
misleading	1.10	2.52
karma	1.10	1.78
meetup	1.11	1.68
neighborhood	1.11	1.68
sw	1.11	1.58
serve	1.11	1.52
columbia	1.11	1.49
forgot	1.11	1.98
accurate	1.12	2.22
omsi	1.12	1.55
rip	1.12	1.54
smoked	1.12	1.60
oak	1.12	1.52
16th	1.12	1.56
se	1.12	1.59
division	1.12	1.58
olive	1.12	1.48
mississippi	1.13	1.55
congratulations	1.13	1.62
room	1.13	1.57
hub	1.13	1.38
sarcasm	1.13	2.26
mary	1.14	1.55
jack	1.14	1.59
pioneer	1.14	1.62
tight	1.14	1.59
ne	1.14	1.63
spoke	1.14	2.36
bummer	1.14	1.80
cherry	1.14	1.35
scene	1.15	1.52
style	1.15	1.65
wine	1.15	1.30
hotel	1.15	1.61
ave	1.15	1.60
kitty	1.15	1.71
28th	1.15	1.56
ipa	1.16	1.32
dan	1.16	1.68
beach	1.17	1.49
yamhill	1.17	1.55
buck	1.17	1.51
barrel	1.17	1.53
nopo	1.17	1.59
sky	1.17	1.46
dive	1.18	1.45
lents	1.18	1.52
club	1.18	1.52
12th	1.18	1.59
pine	1.18	1.41
alright	1.18	1.87
camp	1.19	1.48
worried	1.19	2.43
trade	1.19	1.57
brew	1.19	1.33
60th	1.19	1.59
alberta	1.19	1.60
lucky	1.19	1.94
goat	1.19	1.61
walkable	1.19	1.67
pink	1.20	1.53
goats	1.20	1.50
cry	1.20	1.63
changing	1.20	1.63
jesus	1.20	1.78
images	1.20	1.50
belmont	1.20	1.59
branch	1.20	1.50
k	1.21	1.79
subway	1.21	1.46
beer	1.21	1.07
video	1.21	1.27
totally	1.22	2.50
donut	1.22	1.53
cascade	1.23	1.51
avenue	1.23	1.54
82nd	1.23	1.58
plot	1.23	2.12
dude	1.23	2.04
stark	1.23	1.58
updated	1.24	1.79
outdoors	1.24	1.39
chocolate	1.24	1.33
pleasant	1.24	2.04
calm	1.24	1.42
opposition	1.24	2.34
brewing	1.24	1.35
deep	1.24	1.65
breweries	1.24	1.46
naturally	1.24	1.36
list	1.24	1.73
local	1.25	1.56
straw	1.25	1.56
seemed	1.25	2.02
fancy	1.25	1.49
trendy	1.25	1.65
deschutes	1.25	1.45
christ	1.25	1.71
forget	1.25	2.97
ps	1.25	1.80
tillamook	1.26	1.47
uh	1.26	2.20
corn	1.26	1.56
kenton	1.26	1.62
town	1.26	2.60
rd	1.26	1.51
perspective	1.27	1.50
p	1.27	1.79
rogue	1.27	1.29
farms	1.28	1.50
buddy	1.28	1.88
anyway	1.28	2.75
recommendations	1.28	1.95
4th	1.28	1.61
near	1.28	1.62
hopes	1.29	2.08
nearby	1.29	1.59
hollow	1.29	1.51
reservoirs	1.30	1.32
safe	1.30	1.65
mom	1.30	2.23
rose	1.30	1.43
wander	1.30	1.72
outdoor	1.30	1.42
sorry	1.30	2.27
aww	1.31	1.93
peace	1.31	1.64
sauvie	1.31	1.51
easiest	1.31	2.32
freaking	1.31	1.84
growler	1.32	1.23
mountains	1.32	1.44
pool	1.32	1.42
hip	1.32	1.59
play	1.32	1.48
nah	1.32	1.80
clear	1.32	2.54
donuts	1.33	1.34
functional	1.33	1.72
jefferson	1.33	1.44
chip	1.33	1.66
growlers	1.33	1.20
c'mon	1.34	2.04
drink	1.34	1.18
include	1.34	2.46
context	1.35	2.65
missed	1.35	2.45
explore	1.35	1.61
mirror	1.35	1.28
tip	1.35	1.82
hosting	1.35	1.52
footage	1.35	1.57
omg	1.35	1.89
fruit	1.36	1.37
colors	1.36	1.43
salt	1.36	1.49
glisan	1.36	1.52
healthy	1.36	1.44
information	1.37	1.90
craft	1.38	1.12
gigantic	1.38	1.39
woodstock	1.38	1.56
games	1.39	1.46
flavors	1.39	1.43
nw	1.40	1.42
chef	1.40	1.62
holy	1.40	1.96
big	1.40	1.88
hills	1.40	1.51
place	1.41	2.52
clarification	1.41	2.13
sugar	1.41	1.43
beers	1.41	1.22
legit	1.42	2.03
hot	1.42	1.38
lake	1.42	1.45
points	1.42	2.59
le	1.42	1.39
bro	1.43	1.98
powell	1.43	1.50
ahh	1.43	2.09
silver	1.44	1.48
50th	1.44	1.55
error	1.44	2.39
words	1.44	2.39
quotes	1.44	2.28
honest	1.45	2.17
happier	1.45	2.05
st	1.45	1.44
upvote	1.45	1.81
cake	1.45	1.27
thats	1.46	2.15
greatest	1.46	2.12
politically	1.46	2.18
express	1.46	2.17
23rd	1.46	1.37
pulled	1.46	1.78
insight	1.47	1.98
con	1.47	1.48
adams	1.47	1.45
de	1.48	1.46
spots	1.48	1.82
proper	1.48	2.41
zoo	1.48	1.41
tap	1.49	1.11
reasonably	1.49	1.47
meaning	1.49	2.43
ha	1.49	2.14
original	1.50	2.40
9th	1.50	1.56
brewery	1.50	1.36
ingredients	1.50	1.52
thick	1.51	1.53
heads	1.51	1.83
congrats	1.51	2.02
salmon	1.51	1.42
collection	1.51	1.20
update	1.51	1.82
eagle	1.52	1.39
flying	1.52	1.47
regional	1.52	1.94
dates	1.52	1.41
asian	1.52	1.62
soda	1.53	1.30
kitchen	1.53	1.58
lodge	1.53	1.42
detailed	1.53	1.68
india	1.54	1.59
taste	1.54	1.18
baby	1.54	1.58
enjoying	1.54	1.33
default	1.54	2.11
hear	1.55	2.38
closest	1.55	2.29
ah	1.55	2.17
luck	1.56	1.97
dear	1.57	1.54
vintage	1.57	1.39
10th	1.57	1.57
lord	1.57	1.68
willing	1.58	2.55
double	1.58	1.52
11th	1.58	1.53
unusual	1.58	1.26
recommendation	1.58	1.70
nicer	1.58	1.92
hill	1.58	1.54
details	1.59	1.84
japanese	1.59	1.53
input	1.59	1.79
excited	1.59	2.39
yay	1.59	1.67
dragon	1.59	1.39
table	1.59	1.48
forward	1.60	2.05
clever	1.60	1.80
duh	1.60	2.02
crowded	1.61	1.94
bars	1.61	1.46
fat	1.62	1.65
advice	1.62	1.96
reply	1.62	1.86
interested	1.63	2.56
oops	1.64	2.07
guys	1.64	2.13
hahaha	1.64	2.03
garden	1.65	1.39
5th	1.65	1.56
heh	1.65	1.72
shame	1.65	1.54
whiskey	1.65	1.24
21st	1.65	1.34
apologize	1.66	2.58
thin	1.66	1.55
chat	1.66	1.98
nicely	1.66	1.71
alder	1.66	1.61
edited	1.67	2.24
camping	1.67	1.44
yes	1.69	2.66
grammar	1.69	2.24
portions	1.69	1.55
lombard	1.69	1.44
woods	1.69	1.43
deck	1.70	1.40
visit	1.70	1.74
info	1.71	1.87
french	1.71	1.47
comfortable	1.71	1.74
gotcha	1.71	1.92
bummed	1.72	2.06
impressive	1.72	2.03
small	1.73	1.81
inn	1.74	1.45
top	1.74	1.44
killingsworth	1.74	1.56
ya	1.74	2.03
fool	1.76	1.72
laurelhurst	1.77	1.28
ex	1.77	1.58
eaten	1.78	2.03
creek	1.79	1.40
seasonal	1.79	1.58
foster	1.79	1.51
seating	1.80	1.29
aw	1.81	1.85
hah	1.82	1.87
trail	1.82	1.42
inclined	1.84	2.05
chips	1.84	1.33
duck	1.84	1.52
rad	1.84	1.78
cream	1.85	1.13
memories	1.85	1.41
lovejoy	1.85	1.38
dining	1.85	1.33
ate	1.86	1.39
meals	1.86	1.57
useful	1.86	1.54
worries	1.87	2.07
milk	1.87	1.32
lounge	1.87	1.33
dave	1.87	1.46
feedback	1.88	1.64
monster	1.88	1.77
damn	1.88	1.95
cook	1.90	1.52
eh	1.90	1.78
easy	1.90	1.79
word	1.91	2.26
btw	1.91	2.17
climb	1.92	1.40
mcmenamins	1.92	1.41
busy	1.92	1.90
tomatoes	1.92	1.38
quick	1.94	1.80
flat	1.94	1.84
suggestion	1.95	1.84
brilliant	1.95	1.79
sounds	1.95	2.04
loop	1.96	1.41
suggestions	1.97	1.82
apologies	1.98	2.28
interesting	1.98	1.77
sir	1.99	1.78
camera	1.99	1.36
decent	2.00	1.72
efforts	2.00	1.70
screen	2.00	1.41
plate	2.00	1.50
ordered	2.00	1.64
glad	2.00	2.35
yeah	2.02	2.28
pictures	2.03	1.53
dammit	2.03	1.83
cheers	2.03	1.80
delta	2.03	1.37
watched	2.04	1.47
ta	2.04	1.90
eating	2.05	1.40
free	2.05	1.47
favorites	2.06	1.95
inexpensive	2.06	1.44
close	2.06	2.01
pub	2.07	1.23
married	2.07	1.68
northwest	2.10	1.68
darn	2.10	1.74
hi	2.10	1.62
n	2.10	1.49
tips	2.11	1.63
bar	2.11	1.17
restaurants	2.12	1.66
served	2.13	1.46
recipe	2.13	1.45
views	2.13	1.32
carts	2.14	1.53
died	2.15	1.61
pittock	2.15	1.32
mansion	2.15	1.32
attended	2.16	1.64
blast	2.16	1.23
visited	2.16	1.85
respectful	2.16	1.58
discuss	2.18	1.64
king	2.18	1.74
photos	2.19	1.37
pepper	2.20	1.37
pricey	2.20	1.52
drinks	2.21	1.04
beans	2.21	1.33
pok	2.22	1.41
spelling	2.22	2.09
buffalo	2.22	1.52
slice	2.22	1.37
dang	2.22	1.85
teeth	2.22	1.41
falls	2.23	1.31
plus	2.23	1.71
excellent	2.23	1.21
watch	2.25	1.66
frozen	2.25	1.43
grateful	2.25	1.76
haha	2.27	2.09
pod	2.27	1.50
incredible	2.28	1.17
pie	2.28	1.26
sunset	2.28	1.68
lol	2.28	2.06
goodness	2.30	1.50
wow	2.30	1.98
eat	2.30	1.72
absolutely	2.30	1.97
perfect	2.31	1.49
spot	2.31	1.98
cute	2.31	1.67
polite	2.33	1.49
edit	2.33	2.11
hey	2.33	2.03
fry	2.33	1.50
chill	2.34	1.65
chinese	2.34	1.51
park	2.34	1.30
man	2.35	1.86
oh	2.36	1.92
korean	2.36	1.91
wish	2.37	1.91
roll	2.37	1.64
clean	2.39	1.52
yea	2.39	1.90
hikes	2.39	1.33
mediocre	2.40	1.31
cool	2.40	1.65
picture	2.40	1.40
cheap	2.41	1.39
bakery	2.42	1.26
mount	2.42	1.25
res	2.42	1.56
gorge	2.43	1.24
forest	2.44	1.24
mountain	2.44	1.25
potato	2.45	1.24
sour	2.45	1.20
former	2.45	1.31
selection	2.46	1.19
tavern	2.47	1.20
gardens	2.48	1.18
vegetarian	2.48	1.43
mt	2.49	1.21
pics	2.49	1.44
hiking	2.50	1.24
springs	2.51	1.15
indian	2.51	1.55
bomb	2.51	1.27
pint	2.52	1.24
helens	2.52	1.20
god	2.53	1.58
steep	2.53	1.64
trails	2.54	1.23
quiet	2.54	1.67
hood	2.54	1.21
upstairs	2.55	1.65
atmosphere	2.56	1.35
cart	2.56	1.40
thanksgiving	2.56	1.62
dishes	2.56	1.42
patio	2.56	1.64
looks	2.58	1.73
food	2.59	1.41
ordering	2.61	1.30
hike	2.62	1.21
rolls	2.63	1.42
vegan	2.63	1.26
fun	2.64	1.39
restaurant	2.65	1.47
resource	2.65	1.38
tabor	2.67	1.11
butte	2.68	1.11
photo	2.68	1.25
burritos	2.69	1.26
dinner	2.70	1.06
meal	2.71	1.33
birthday	2.71	1.36
solid	2.72	1.29
badass	2.74	1.66
bowl	2.75	1.40
intense	2.76	1.16
pizza	2.77	1.32
eggs	2.77	1.29
casual	2.77	1.15
dish	2.77	1.61
authentic	2.78	1.60
deli	2.78	1.53
generous	2.79	1.30
butter	2.79	1.30
thai	2.82	1.43
mexican	2.82	1.37
great	2.83	1.03
thanks	2.83	1.63
thank	2.83	1.64
soup	2.87	1.22
potatoes	2.87	1.29
taco	2.87	1.16
appreciated	2.88	1.34
wings	2.88	1.32
rice	2.89	1.33
neat	2.90	0.98
shots	2.90	1.26
lunch	2.94	1.16
sharing	2.96	1.20
bread	2.97	1.20
killer	2.97	1.28
good	2.98	1.45
picnic	2.98	1.26
fish	2.99	1.25
meat	2.99	1.23
shot	3.00	1.36
burrito	3.00	1.21
wonderful	3.02	1.00
welcome	3.04	1.53
friendly	3.06	1.21
sauce	3.06	1.17
pic	3.08	1.39
skyline	3.09	1.29
tacos	3.09	1.06
bbq	3.10	1.53
toast	3.10	1.18
beef	3.11	1.27
miss	3.12	1.24
handy	3.12	1.42
enjoyed	3.16	0.82
sushi	3.18	1.48
salad	3.18	1.23
appreciate	3.18	1.28
unique	3.20	0.81
fresh	3.22	0.98
brunch	3.24	1.12
favorite	3.26	1.38
burgers	3.26	1.15
sweet	3.27	1.26
ramen	3.31	1.35
breakfast	3.32	1.12
cheese	3.33	1.16
joint	3.35	1.31
view	3.37	0.99
helpful	3.37	1.10
cafe	3.39	0.81
tasty	3.42	1.02
pork	3.46	1.19
egg	3.48	1.15
menu	3.49	1.12
grill	3.49	1.10
mi	3.54	1.13
bacon	3.58	1.08
fries	3.59	1.09
mac	3.60	1.10
sandwich	3.61	1.08
steak	3.63	1.08
chicken	3.66	1.06
sandwiches	3.66	1.04
burger	3.68	1.12
enjoy	3.72	0.62
fried	3.73	1.12
beautiful	3.81	0.81
lovely	3.83	0.56
delicious	3.86	0.85
gorgeous	4.01	0.61
