despite	-5.64	1.63
damnit	-4.99	2.52
romantic	-4.90	2.20
painful	-4.65	2.38
realize	-4.61	2.89
shame	-4.47	1.91
kept	-4.37	2.41
worse	-4.35	2.58
suspect	-4.31	2.51
except	-4.30	2.73
silver	-4.30	2.53
tentacle	-4.28	2.61
coughs	-4.22	2.56
entirely	-4.12	2.48
pissed	-4.04	2.84
monsters	-4.03	2.59
ring	-3.81	2.83
glares	-3.75	2.71
doll	-3.73	2.75
ha	-3.66	2.62
turned	-3.62	2.84
kami	-3.60	2.95
sarsael	-3.60	2.58
mistake	-3.54	2.09
cannon	-3.54	2.96
tugs	-3.52	3.01
laughter	-3.52	2.81
knowing	-3.51	2.22
burn	-3.51	2.38
beginning	-3.49	2.57
doesnt	-3.47	2.52
unfortunately	-3.47	2.25
threat	-3.45	2.51
vera	-3.41	3.03
senshi	-3.39	3.16
offense	-3.38	2.57
comment	-3.33	3.31
stretches	-3.28	2.90
neither	-3.27	2.86
admit	-3.26	2.75
brand	-3.25	2.93
lonely	-3.25	3.19
violence	-3.20	2.60
alone	-3.18	3.79
sooner	-3.18	3.33
bots	-3.16	3.31
battle	-3.14	2.74
disappear	-3.11	2.82
afraid	-3.11	2.69
angry	-3.07	3.23
joke	-3.06	2.45
sometimes	-3.04	3.20
ugh	-3.03	2.21
such	-3.02	1.81
buckley	-3.01	2.78
honest	-3.01	3.17
shitty	-3.00	3.06
killing	-3.00	2.48
stomach	-2.99	2.92
y'know	-2.94	3.00
wrath	-2.93	2.92
magmus	-2.90	3.14
considered	-2.89	2.36
natural	-2.88	2.63
touch	-2.86	3.02
pretend	-2.86	4.32
listen	-2.84	2.97
snow	-2.83	2.78
assumed	-2.80	2.97
id	-2.80	2.77
reply	-2.78	3.73
cost	-2.74	2.83
gotten	-2.72	3.32
bout	-2.70	3.19
candy	-2.69	3.13
american	-2.69	2.78
oops	-2.69	3.41
serious	-2.69	3.25
changed	-2.67	3.54
awkward	-2.65	3.39
explodes	-2.64	2.70
count	-2.63	2.57
fear	-2.60	2.65
concerned	-2.60	3.64
archer	-2.60	2.82
lee	-2.56	2.73
annoyed	-2.56	3.56
sick	-2.53	3.31
dreams	-2.52	2.65
expression	-2.52	3.67
grave	-2.51	3.09
recognize	-2.51	2.90
hungry	-2.51	3.53
becomes	-2.50	3.38
thread	-2.47	3.82
lab	-2.46	3.17
hoh	-2.39	3.19
dammit	-2.38	2.68
embarrassed	-2.35	3.52
bored	-2.35	3.67
flowers	-2.33	2.95
huge	-2.33	2.41
stupid	-2.26	2.44
x	-2.19	3.03
somewhat	-2.19	3.82
bot	-2.15	1.26
claim	-2.12	3.17
knows	-2.01	3.17
funny	-1.94	3.25
project	-1.94	1.51
disappointed	-1.93	3.43
tiger	-1.93	2.99
ivan	-1.93	1.58
means	-1.92	4.41
happening	-1.92	4.34
tease	-1.92	2.84
dagger	-1.87	1.56
field	-1.84	1.26
hannah	-1.83	3.25
official	-1.82	3.31
meh	-1.82	1.30
due	-1.81	1.14
truth	-1.80	4.04
scared	-1.80	3.72
part	-1.79	3.59
feeling	-1.78	3.78
event	-1.78	2.18
brother	-1.77	3.15
mhmm	-1.76	3.34
fascinating	-1.76	2.58
worried	-1.76	3.69
upset	-1.75	3.60
shock	-1.73	1.62
emotional	-1.72	3.52
cares	-1.71	2.73
non	-1.70	1.28
fucking	-1.70	2.78
interest	-1.69	1.52
hector	-1.68	1.54
war	-1.68	1.18
worked	-1.68	1.40
waste	-1.67	3.16
rin	-1.66	1.83
confused	-1.66	3.93
tired	-1.65	3.84
venator	-1.61	1.40
seriously	-1.61	2.89
cross	-1.61	1.42
supposed	-1.60	5.00
kills	-1.60	1.20
proud	-1.59	3.50
responds	-1.59	1.89
lawrence	-1.58	1.56
alfred	-1.58	1.45
original	-1.57	1.30
burns	-1.56	1.34
ooooh	-1.55	2.98
nervous	-1.55	3.67
tough	-1.55	3.41
happened	-1.54	4.82
nothing	-1.54	4.95
uncomfortable	-1.53	3.52
release	-1.53	1.32
bits	-1.53	1.31
glasses	-1.51	1.22
seemingly	-1.51	1.39
death	-1.51	1.17
exist	-1.51	1.72
shocked	-1.51	2.86
parts	-1.51	1.31
angela	-1.50	1.64
respond	-1.49	1.54
w-what	-1.49	3.66
vampire	-1.48	1.36
calm	-1.48	2.64
violent	-1.48	1.35
clearly	-1.47	2.10
blind	-1.47	1.54
what	-1.45	5.01
obviously	-1.44	1.76
universe	-1.44	1.46
leonard	-1.44	1.32
including	-1.43	1.27
st	-1.43	1.49
ease	-1.42	1.37
meanwhile	-1.41	1.53
scarecrow	-1.41	1.95
laser	-1.40	1.56
scythe	-1.40	1.23
react	-1.40	1.79
survive	-1.39	1.52
beauty	-1.37	1.32
certain	-1.37	1.44
surprised	-1.37	3.93
si	-1.36	1.38
unsure	-1.36	1.72
victoria	-1.36	1.20
arrow	-1.35	1.32
eric	-1.35	1.69
wind	-1.35	1.23
weak	-1.35	2.48
mostly	-1.34	1.60
understanding	-1.33	1.29
lack	-1.33	1.14
directly	-1.33	1.34
actual	-1.33	1.24
screw	-1.32	1.64
faces	-1.32	1.30
cuz	-1.31	1.76
winter	-1.30	1.26
mad	-1.29	2.25
grimm	-1.29	1.35
confusing	-1.29	2.47
ronin	-1.28	1.57
ignoring	-1.27	1.57
yugo	-1.26	1.48
blow	-1.26	1.14
hunting	-1.26	1.63
changing	-1.26	1.42
agent	-1.25	1.18
taps	-1.25	1.37
catching	-1.25	1.21
bullets	-1.24	1.31
till	-1.24	1.87
situation	-1.24	1.47
underwear	-1.23	1.29
impact	-1.22	1.32
metahuman	-1.22	1.29
canon	-1.22	2.29
suddenly	-1.22	2.01
conversation	-1.21	1.28
treat	-1.21	1.11
whenever	-1.21	1.87
distracted	-1.21	2.22
public	-1.21	1.42
gun	-1.20	1.40
sexual	-1.20	1.18
lesson	-1.20	1.16
happens	-1.20	2.35
cage	-1.19	1.49
aside	-1.19	1.23
chain	-1.19	1.22
necessary	-1.18	1.55
reaching	-1.18	1.42
throne	-1.18	1.39
felix	-1.18	1.36
god	-1.18	3.08
effect	-1.17	1.55
remain	-1.17	1.45
poke	-1.17	1.62
casually	-1.16	1.81
reaction	-1.16	1.30
normally	-1.16	1.64
reaches	-1.16	1.28
smoke	-1.16	1.27
wulf	-1.16	1.65
helps	-1.16	1.47
vozhd	-1.14	1.67
wood	-1.13	1.45
statement	-1.13	1.63
flys	-1.13	1.45
obvious	-1.12	1.49
aims	-1.12	1.55
being	-1.12	2.10
hekate	-1.12	1.26
excited	-1.11	3.72
dies	-1.11	1.07
nowhere	-1.10	1.68
judge	-1.10	1.70
keep	-1.10	2.17
oliver	-1.10	1.62
wha	-1.09	1.94
post	-1.09	2.48
advantage	-1.09	1.39
material	-1.09	1.57
mood	-1.09	1.70
criminal	-1.09	1.27
burning	-1.08	1.55
maximum	-1.08	1.53
knowledge	-1.08	1.38
sounding	-1.07	2.62
murder	-1.07	1.30
shadow	-1.06	1.30
slow	-1.06	1.59
eldak	-1.06	1.48
riot	-1.05	1.32
twitches	-1.05	1.77
drunk	-1.05	1.93
edited	-1.05	1.92
which	-1.05	1.71
link	-1.04	2.20
clue	-1.04	2.66
medley	-1.04	1.52
known	-1.04	1.05
rings	-1.04	1.50
wrist-comm	-1.03	1.52
asura	-1.03	1.14
effects	-1.03	1.52
confusion	-1.03	1.84
involved	-1.02	1.36
system	-1.02	1.42
created	-1.02	1.25
monkey	-1.02	1.48
individual	-1.02	1.20
forehead	-1.02	1.11
limited	-1.02	1.13
area	-1.02	1.26
fallen	-1.02	1.20
taken	-1.02	1.68
kyle	-1.01	1.53
accident	-1.01	0.92
honestly	-1.01	2.64
states	-1.01	1.79
dating	-1.01	2.92
caused	-1.01	1.32
backstory	-1.01	1.78
stance	-1.00	1.09
evil	-1.00	1.28
split	-1.00	1.43
clone	-1.00	1.34
shizen	-1.00	1.71
shivers	-1.00	1.75
face	-0.99	1.95
prison	-0.99	1.34
keys	-0.99	1.48
costume	-0.99	1.33
elemental	-0.99	1.28
events	-0.99	1.76
completely	-0.98	1.58
bigger	-0.98	1.47
invisible	-0.98	1.74
warrior	-0.98	1.18
illusion	-0.98	1.42
bears	-0.97	1.29
rule	-0.97	1.24
beam	-0.97	1.28
golden	-0.96	1.45
startled	-0.96	2.52
stream	-0.95	1.28
narrow	-0.95	1.84
monster	-0.95	1.39
spreads	-0.95	1.21
doctor	-0.95	1.48
extremely	-0.94	2.86
tone	-0.94	2.60
line	-0.94	1.38
strike	-0.94	1.26
hiding	-0.93	1.27
matthew	-0.93	1.45
laughing	-0.93	1.44
humanity	-0.93	1.02
alien	-0.92	1.26
by	-0.92	2.12
vague	-0.92	1.45
fight	-0.92	1.93
picking	-0.92	1.35
easier	-0.92	2.20
afterwards	-0.92	1.43
reality	-0.91	1.44
fighting	-0.91	1.47
bottom	-0.91	1.38
silence	-0.91	1.72
fires	-0.91	1.44
request	-0.91	1.19
minor	-0.91	1.56
law	-0.91	1.26
injured	-0.91	1.91
acting	-0.91	1.73
mars	-0.91	1.36
hilarious	-0.91	2.66
alternate	-0.90	1.27
tentacles	-0.90	1.29
electricity	-0.90	1.18
everyone	-0.90	2.08
igev-4	-0.90	1.46
opposite	-0.90	1.41
7	-0.90	1.30
hmph	-0.90	0.94
bolts	-0.90	1.36
base	-0.89	1.48
sent	-0.89	1.44
simple	-0.89	2.50
thin	-0.89	1.52
passes	-0.89	1.23
jokes	-0.89	1.31
lowers	-0.89	1.45
usually	-0.89	2.00
arrows	-0.89	1.33
damage	-0.89	1.75
danger	-0.88	1.58
gold	-0.88	1.32
spits	-0.88	1.31
six	-0.88	1.42
incubus	-0.87	1.56
rather	-0.87	3.01
corner	-0.87	1.30
meta	-0.87	1.31
em	-0.87	1.51
jazzmine	-0.86	1.21
hawk	-0.86	1.41
carry	-0.86	1.55
trial	-0.86	1.30
somehow	-0.86	1.54
scale	-0.85	1.17
badly	-0.85	1.45
xarkan	-0.85	1.12
pants	-0.84	1.24
slams	-0.84	1.47
evidence	-0.84	1.57
class	-0.84	1.46
returning	-0.84	1.41
defend	-0.84	1.31
chen	-0.84	1.88
oven	-0.83	1.79
physically	-0.83	1.89
cameras	-0.83	1.33
twi	-0.83	1.94
grenade	-0.83	1.34
coat	-0.83	1.30
bolt	-0.83	1.36
grass	-0.83	1.27
opponent	-0.83	1.14
process	-0.82	1.60
added	-0.82	1.65
lion	-0.82	1.35
rounds	-0.82	1.60
elin	-0.81	1.68
approval	-0.81	1.43
blast	-0.81	1.40
demons	-0.81	1.44
tend	-0.81	1.54
issues	-0.81	1.21
wallet	-0.81	1.36
whisper	-0.80	1.27
upstairs	-0.80	1.43
screen	-0.80	1.61
roars	-0.80	1.35
camera	-0.80	1.57
ulysses	-0.80	1.53
talks	-0.79	1.57
gave	-0.79	1.31
panic	-0.79	1.15
phone	-0.79	1.42
dealing	-0.79	1.53
at	-0.79	2.11
pizza	-0.78	1.66
fades	-0.78	1.41
feelings	-0.78	1.32
reveal	-0.78	1.36
tyson	-0.78	1.35
adult	-0.78	1.39
realizes	-0.78	1.36
collar	-0.78	1.52
chances	-0.77	1.62
creature	-0.77	1.11
series	-0.77	1.37
shot	-0.77	1.49
pocket	-0.77	1.37
detective	-0.77	1.37
mainly	-0.77	1.11
ball	-0.77	1.39
zach	-0.76	1.46
view	-0.76	0.95
press	-0.76	1.39
rub	-0.76	1.32
turn	-0.76	1.91
lovecraft	-0.76	1.60
concern	-0.75	1.52
laws	-0.75	1.49
chill	-0.75	1.57
cloud	-0.75	1.26
anastasia	-0.75	1.26
regular	-0.75	1.53
weather	-0.74	1.51
chains	-0.74	1.21
flash	-0.74	1.39
champion	-0.74	1.25
specific	-0.74	1.63
page	-0.74	1.74
avoid	-0.74	1.47
suspicious	-0.74	3.78
punching	-0.74	1.27
nor	-0.74	1.56
killer	-0.74	1.31
flair	-0.74	1.99
character	-0.74	2.05
hardcore	-0.74	1.65
beside	-0.74	1.32
clones	-0.73	1.41
jobs	-0.73	1.66
willis	-0.73	1.97
trash	-0.73	1.24
ended	-0.73	1.30
awe	-0.73	1.69
forgive	-0.73	2.14
willpower	-0.73	1.57
fade	-0.73	1.36
chaos	-0.73	1.09
forced	-0.72	1.53
loose	-0.72	1.23
various	-0.72	1.76
chief	-0.72	1.39
took	-0.72	1.67
calling	-0.72	1.29
appear	-0.72	1.62
general	-0.71	1.45
bends	-0.71	1.18
double	-0.71	1.58
yana	-0.71	1.46
pulling	-0.71	1.25
throat	-0.71	1.30
rp	-0.71	2.01
george	-0.71	1.33
mental	-0.71	1.91
pauses	-0.71	1.26
seems	-0.71	3.84
seemed	-0.71	1.85
vikash	-0.70	1.08
incident	-0.70	1.36
aim	-0.70	1.47
lifts	-0.70	1.24
permanent	-0.70	1.58
iggy	-0.70	1.48
teleport	-0.70	1.41
mod	-0.70	1.92
charge	-0.70	1.37
shower	-0.70	1.45
cosmo	-0.70	1.32
chikyu	-0.70	1.54
police	-0.70	1.30
into	-0.70	1.34
social	-0.70	1.32
removes	-0.70	1.24
ryan	-0.70	1.35
stopping	-0.69	1.53
cold	-0.69	1.87
mage	-0.69	1.40
essentially	-0.69	1.50
gabby	-0.69	1.49
sudden	-0.69	1.83
prevent	-0.69	1.45
headed	-0.69	1.39
contract	-0.69	1.34
yells	-0.68	1.38
poison	-0.68	1.20
bullet	-0.68	1.21
annoying	-0.68	1.67
panties	-0.67	1.30
growing	-0.67	1.23
underneath	-0.67	1.24
intended	-0.67	1.37
remains	-0.67	1.53
10	-0.67	1.32
dropped	-0.67	1.67
mention	-0.67	1.48
empty	-0.67	1.63
weakness	-0.67	1.64
tech	-0.66	1.30
thick	-0.66	1.61
drags	-0.66	1.19
under	-0.66	1.47
growls	-0.66	1.39
shouts	-0.66	1.57
op	-0.66	1.89
wear	-0.66	1.36
smash	-0.65	1.50
pulled	-0.65	1.27
thrown	-0.65	1.28
dropping	-0.65	1.33
paid	-0.65	1.69
questions	-0.65	1.63
relationship	-0.65	1.12
ollie	-0.65	1.81
breath	-0.65	1.43
beacon	-0.65	1.41
bread	-0.65	1.60
bother	-0.65	2.86
sentence	-0.65	1.35
rifle	-0.65	1.27
popcorn	-0.64	1.31
barrier	-0.64	1.49
reading	-0.64	1.55
desk	-0.64	1.63
storm	-0.64	1.25
motion	-0.64	1.65
industries	-0.64	1.43
keeping	-0.64	1.62
data	-0.63	1.47
issue	-0.63	1.38
wonders	-0.63	2.07
die	-0.63	2.22
shooting	-0.63	1.32
jail	-0.63	1.35
angel	-0.63	1.20
fact	-0.63	2.00
jack	-0.63	1.45
computer	-0.63	1.57
etc	-0.63	1.32
beings	-0.62	1.30
tent	-0.62	1.29
fault	-0.62	2.04
shoots	-0.62	1.30
stronger	-0.62	1.78
reference	-0.62	1.88
curious	-0.62	2.89
locks	-0.62	1.32
pull	-0.62	1.57
begin	-0.62	1.38
gravity	-0.62	1.56
key	-0.62	1.19
available	-0.61	1.23
quartus	-0.61	1.07
basic	-0.61	1.38
add	-0.61	1.96
intensifies	-0.61	1.67
looks	-0.61	2.66
song	-0.61	1.25
message	-0.61	1.66
grabbing	-0.61	1.27
leave	-0.61	2.87
turning	-0.61	1.35
hidden	-0.61	1.53
spikes	-0.61	1.50
darkness	-0.60	1.33
y	-0.60	1.45
possible	-0.60	1.88
ending	-0.60	1.78
begins	-0.60	1.44
mystiq	-0.60	1.88
breaking	-0.60	1.38
date	-0.60	1.12
sides	-0.60	1.39
lightly	-0.60	1.31
stealing	-0.60	1.50
wolves	-0.60	1.42
items	-0.60	1.63
whether	-0.59	1.80
arrest	-0.59	1.11
image	-0.59	1.11
covering	-0.59	1.38
chart	-0.59	1.81
training	-0.59	1.28
swimming	-0.59	1.24
likes	-0.59	2.49
major	-0.59	1.39
walked	-0.59	1.22
common	-0.59	1.25
changes	-0.59	1.54
jaw	-0.59	1.10
generally	-0.59	1.36
serve	-0.59	1.37
ancient	-0.58	1.40
acid	-0.58	1.31
meaning	-0.58	1.32
covers	-0.58	1.21
jamie	-0.58	1.29
version	-0.58	1.35
marks	-0.58	1.36
resting	-0.57	1.27
yas	-0.57	1.37
souls	-0.57	1.27
pop	-0.57	1.03
kingdom	-0.57	1.36
punches	-0.57	1.27
spot	-0.57	1.34
notice	-0.57	2.42
grab	-0.56	1.50
unable	-0.56	1.77
montage	-0.56	1.92
holes	-0.56	1.33
animals	-0.56	1.36
briefly	-0.55	1.24
spoke	-0.55	1.40
odd	-0.55	3.82
silent	-0.55	1.77
hammer	-0.55	1.31
wont	-0.55	1.83
kicks	-0.55	1.27
fair	-0.55	1.40
insert	-0.55	1.30
inches	-0.54	1.39
trouble	-0.54	1.92
ruin	-0.54	1.30
destroy	-0.54	1.46
arm	-0.54	1.20
downstairs	-0.54	1.40
flesh	-0.54	1.32
swear	-0.54	1.42
security	-0.54	1.57
backs	-0.54	1.43
sadly	-0.54	1.39
asshole	-0.54	1.43
wild	-0.54	1.27
connected	-0.54	1.52
finding	-0.53	1.44
ship	-0.53	1.21
remaining	-0.53	1.45
9	-0.53	1.06
unconscious	-0.53	1.50
designed	-0.53	1.46
gain	-0.53	1.43
im	-0.52	1.99
followed	-0.52	1.42
drag	-0.52	1.45
poor	-0.52	1.88
modern	-0.52	1.51
often	-0.52	1.96
besides	-0.52	1.63
pistol	-0.52	1.25
private	-0.52	1.66
horns	-0.52	1.25
swallows	-0.52	1.22
chasing	-0.52	1.27
order	-0.52	1.75
physical	-0.52	1.44
fake	-0.51	1.14
sign	-0.51	1.33
roughly	-0.51	1.66
purpose	-0.51	1.60
points	-0.51	1.51
extreme	-0.51	1.30
shoulders	-0.51	1.16
crater	-0.51	1.30
condition	-0.51	1.28
attack	-0.51	1.32
constructs	-0.50	1.33
gloves	-0.50	1.31
lionheart	-0.50	1.33
resist	-0.50	1.52
abandoned	-0.50	1.25
lead	-0.50	1.01
heavy	-0.50	1.34
illusions	-0.50	1.55
section	-0.50	1.44
harm	-0.50	1.53
superhero	-0.50	1.57
absolute	-0.50	1.32
organization	-0.50	1.30
starting	-0.50	1.43
knight	-0.50	1.20
aria	-0.49	1.44
clears	-0.49	1.13
slightly	-0.49	2.46
suggest	-0.49	1.40
grey	-0.49	1.19
magma	-0.49	1.28
highly	-0.49	1.82
causes	-0.49	1.35
david	-0.48	1.26
straight	-0.48	1.21
deserve	-0.48	3.15
bees	-0.48	1.36
releases	-0.48	1.26
given	-0.48	1.49
cave	-0.48	1.14
edit	-0.48	1.90
creates	-0.47	1.36
ooc	-0.47	1.27
nelson	-0.47	1.51
risk	-0.47	1.99
carrying	-0.47	1.30
hundreds	-0.47	1.39
armie	-0.47	1.60
hardly	-0.47	1.67
account	-0.46	1.72
likely	-0.46	1.86
summons	-0.46	1.24
expecting	-0.46	1.32
knife	-0.46	1.22
appears	-0.46	1.33
destruction	-0.46	1.20
groans	-0.46	1.52
sloth	-0.45	1.65
incredible	-0.45	2.85
fights	-0.45	1.20
rage	-0.45	1.64
accidentally	-0.45	1.34
throwing	-0.45	1.17
shifts	-0.45	1.46
bound	-0.45	1.26
paying	-0.45	1.32
vanishes	-0.45	1.19
action	-0.45	1.36
music	-0.45	1.22
cause	-0.45	2.39
soldiers	-0.44	1.23
court	-0.44	1.39
rules	-0.44	1.55
4	-0.44	1.31
villains	-0.44	1.50
head	-0.44	1.32
styx	-0.44	1.69
visible	-0.44	1.25
hide	-0.44	1.61
soldier	-0.44	1.61
birds	-0.44	1.26
characters	-0.44	2.05
crotch	-0.44	1.24
equipment	-0.44	1.46
circle	-0.44	1.36
assault	-0.44	1.25
warning	-0.44	1.52
dealt	-0.43	1.56
durability	-0.43	1.40
favor	-0.43	1.18
guns	-0.43	1.25
alive	-0.43	1.94
eve	-0.43	1.40
local	-0.43	1.45
lines	-0.43	1.18
heavily	-0.43	1.60
leg	-0.43	1.12
punch	-0.43	1.38
dream	-0.42	1.41
dying	-0.42	1.32
usual	-0.42	2.00
shirt	-0.42	1.20
star	-0.42	1.35
focus	-0.42	1.27
hurting	-0.42	1.62
hides	-0.42	1.67
doubt	-0.42	1.82
capable	-0.42	1.52
single	-0.42	1.27
continuing	-0.42	1.53
leader	-0.42	1.35
sand	-0.42	1.20
abraham	-0.41	1.30
dust	-0.41	1.27
fist	-0.41	1.19
ice	-0.41	1.25
plans	-0.41	1.58
currently	-0.41	1.44
mhm	-0.41	3.36
skeleton	-0.41	1.48
cops	-0.41	1.06
thousand	-0.41	1.48
accent	-0.41	1.84
dead	-0.41	2.03
motions	-0.40	1.26
bath	-0.40	1.34
assist	-0.40	1.78
liana	-0.40	1.20
paradox	-0.40	1.19
cataclysm	-0.40	1.29
longer	-0.40	1.89
friendly	-0.40	2.21
senses	-0.40	1.26
firing	-0.40	1.29
mansion	-0.40	1.30
explosion	-0.40	1.28
shotgun	-0.40	1.29
returns	-0.40	1.41
weapon	-0.40	1.25
intelligence	-0.40	1.31
guardian	-0.40	1.55
gal	-0.40	1.66
blade	-0.40	1.20
slide	-0.39	1.29
up	-0.39	1.24
cooking	-0.39	1.57
tag	-0.39	1.61
fire	-0.39	1.28
spread	-0.39	1.28
hit	-0.39	1.29
blows	-0.39	1.29
dare	-0.39	2.08
controlling	-0.39	1.24
following	-0.39	1.46
balls	-0.39	1.33
threw	-0.38	1.17
tongue	-0.38	1.29
flames	-0.38	1.23
threads	-0.38	1.46
proceeds	-0.38	1.45
grown	-0.38	1.55
8	-0.38	1.31
addison	-0.38	1.51
fat	-0.38	1.26
peoples	-0.38	1.07
change	-0.38	2.63
responsible	-0.38	1.35
<SPECIAL>	-0.38	1.09
<URL>	-0.38	1.09
fantasy	-0.38	1.23
circe	-0.37	1.26
yo	-0.37	1.71
bag	-0.37	1.31
dodge	-0.37	1.31
weaker	-0.37	1.61
puncher	-0.37	1.42
english	-0.37	1.41
almost	-0.37	2.17
having	-0.37	1.77
attention	-0.37	1.59
walls	-0.37	1.28
creatures	-0.37	1.24
attacked	-0.37	1.22
kenneth	-0.37	1.48
quickly	-0.37	1.73
defeat	-0.36	1.27
wrapping	-0.36	1.34
heal	-0.36	1.33
crime	-0.36	1.05
trees	-0.36	1.20
living	-0.36	1.18
skill	-0.36	1.34
renegade	-0.36	1.40
hopefully	-0.36	1.69
inanis	-0.36	1.59
sword	-0.36	1.20
blonde	-0.36	1.33
smaller	-0.36	1.57
jeeves	-0.36	1.32
nod	-0.36	1.67
mods	-0.36	1.88
sleep	-0.36	2.21
stat	-0.35	1.40
bleeding	-0.35	1.18
mace	-0.35	1.51
similar	-0.35	2.52
agree	-0.35	1.63
giggling	-0.35	1.56
transforms	-0.35	1.19
whip	-0.35	1.20
finds	-0.34	1.29
meat	-0.34	1.64
spear	-0.34	1.16
lightning	-0.34	1.22
wolf	-0.34	1.35
past	-0.34	1.70
woods	-0.34	1.18
shield	-0.34	1.25
b	-0.34	1.15
singing	-0.34	1.33
attached	-0.34	1.37
pushed	-0.34	1.48
villain	-0.34	1.41
thoughts	-0.34	1.51
tank	-0.34	1.57
anybody	-0.34	2.22
feyri	-0.34	1.17
morana	-0.34	1.22
recommend	-0.34	1.71
burned	-0.34	1.27
camila	-0.34	1.33
carson	-0.33	1.34
k	-0.33	1.54
construct	-0.33	1.20
gas	-0.33	1.00
swords	-0.33	1.43
weapons	-0.33	1.34
stumbles	-0.33	1.20
especially	-0.32	1.57
draws	-0.32	1.27
reasons	-0.32	1.39
flight	-0.32	1.27
food	-0.32	1.67
list	-0.32	1.56
reginald	-0.32	1.52
curiosity	-0.32	1.85
catch	-0.32	1.62
tria	-0.32	1.47
feed	-0.32	1.43
games	-0.32	1.96
without	-0.32	1.55
burnt	-0.32	1.45
bit	-0.32	2.50
meant	-0.32	3.01
attacks	-0.32	1.43
aura	-0.31	1.31
lots	-0.31	1.91
experience	-0.31	1.96
fangs	-0.31	1.21
barely	-0.31	1.41
chuckle	-0.31	1.93
total	-0.31	1.40
power	-0.31	1.42
closely	-0.31	1.25
jacob	-0.31	1.27
began	-0.31	1.26
spike	-0.31	1.24
hits	-0.31	1.24
sight	-0.31	1.35
government	-0.30	1.47
chase	-0.30	1.52
causing	-0.30	1.37
choose	-0.30	1.93
problems	-0.30	1.53
case	-0.30	2.51
break	-0.30	1.79
current	-0.30	1.42
yujiro	-0.30	1.45
revealing	-0.30	1.21
voice	-0.30	2.19
anger	-0.30	1.42
shoves	-0.30	1.32
climb	-0.30	1.50
careful	-0.30	1.91
tail	-0.30	1.25
laughs	-0.30	1.72
separate	-0.29	2.03
enemy	-0.29	1.21
systems	-0.29	1.42
earth	-0.29	1.37
ignores	-0.29	1.16
affect	-0.29	1.79
oddly	-0.29	2.14
jet	-0.29	1.25
bar	-0.29	1.37
skirt	-0.29	1.23
helmet	-0.29	1.29
dear	-0.28	1.53
box	-0.28	1.21
kidding	-0.28	1.65
steel	-0.28	1.06
inner	-0.28	1.37
familiar	-0.28	3.24
5	-0.28	1.33
control	-0.28	1.58
failed	-0.28	1.35
turns	-0.28	1.62
speed	-0.28	1.35
tendrils	-0.28	1.31
attempted	-0.28	1.17
sam	-0.28	1.21
landing	-0.28	1.43
blame	-0.28	2.01
l	-0.27	1.48
laying	-0.27	1.37
tunnel	-0.27	1.10
clothes	-0.27	1.27
bra	-0.27	1.21
matters	-0.27	2.10
force	-0.27	1.31
mode	-0.27	1.33
supers	-0.27	1.53
variety	-0.27	1.30
destroying	-0.27	1.18
lives	-0.27	1.20
rachel	-0.27	1.47
weeks	-0.27	1.51
100	-0.27	1.11
blocks	-0.27	1.28
charging	-0.27	1.28
awkwardly	-0.27	1.74
chose	-0.27	1.15
off	-0.27	1.23
expected	-0.27	1.47
blades	-0.27	1.25
grip	-0.26	1.09
smashes	-0.26	1.25
officer	-0.26	1.19
spells	-0.26	1.26
biting	-0.26	1.33
vas	-0.26	1.39
forces	-0.26	1.46
2	-0.26	1.37
demon	-0.26	1.27
stuck	-0.26	1.76
bone	-0.26	1.20
hangs	-0.26	1.30
practically	-0.26	1.44
alpha	-0.26	1.08
nap	-0.26	1.84
railgun	-0.26	1.22
lunar	-0.26	1.21
object	-0.25	1.28
tilt	-0.25	1.85
ghost	-0.25	1.37
relationships	-0.25	1.56
6	-0.25	1.26
real	-0.25	3.58
mark	-0.25	1.13
hole	-0.25	1.24
stats	-0.25	1.51
cleaning	-0.25	1.55
pulls	-0.24	1.18
listens	-0.24	1.19
air	-0.24	1.29
whats	-0.24	1.70
square	-0.24	1.22
level	-0.24	1.32
personality	-0.24	1.07
who	-0.24	2.14
golem	-0.24	1.23
hand	-0.24	1.18
society	-0.24	1.54
dawn	-0.24	1.00
remove	-0.24	1.35
burst	-0.23	1.23
winters	-0.23	1.53
cover	-0.23	1.21
prove	-0.23	1.77
muzen	-0.23	1.17
slides	-0.23	1.18
effort	-0.23	1.68
button	-0.23	1.30
aimed	-0.23	1.26
potential	-0.23	1.42
drops	-0.23	1.19
extra	-0.23	1.43
manipulation	-0.23	1.30
armor	-0.23	1.26
dimension	-0.23	1.33
particular	-0.23	1.44
writes	-0.23	1.29
lava	-0.23	1.14
energy	-0.23	1.28
mask	-0.23	1.25
marcus	-0.23	1.14
planned	-0.22	1.59
ryen	-0.22	1.27
chest	-0.22	1.15
become	-0.22	1.50
worth	-0.22	1.76
manner	-0.22	1.63
lighting	-0.22	1.45
1	-0.22	1.41
knocking	-0.22	1.25
hood	-0.22	1.27
surprise	-0.22	1.58
banned	-0.22	1.34
stone	-0.22	1.23
becoming	-0.22	1.56
icecream	-0.22	1.47
replies	-0.21	1.53
bursts	-0.21	1.24
healed	-0.21	1.31
carried	-0.21	1.70
sending	-0.21	1.30
reach	-0.21	1.34
defense	-0.21	1.57
pux	-0.21	1.20
state	-0.21	1.12
answers	-0.21	1.75
memory	-0.21	1.21
realm	-0.21	1.20
clouds	-0.20	1.20
throw	-0.20	1.55
match	-0.20	1.07
approach	-0.20	1.28
corpse	-0.20	1.34
surrounding	-0.20	1.14
strength	-0.20	1.32
instantly	-0.20	1.20
house	-0.20	1.44
larger	-0.20	1.54
words	-0.20	1.65
pockets	-0.20	1.26
called	-0.20	1.33
pale	-0.20	1.29
setting	-0.20	1.61
explode	-0.20	1.45
pat	-0.19	1.63
guard	-0.19	1.30
knives	-0.19	1.12
disappears	-0.19	1.43
liking	-0.19	1.84
tenses	-0.19	1.12
nature	-0.19	1.25
his	-0.19	1.19
charges	-0.19	1.24
3	-0.19	1.39
geode	-0.19	1.09
write	-0.19	1.92
restaurant	-0.19	1.10
shoot	-0.19	1.44
text	-0.19	1.22
bastard	-0.18	1.29
brothers	-0.18	1.41
tie	-0.18	1.46
warn	-0.18	2.20
putting	-0.18	1.08
blasts	-0.18	1.16
medical	-0.18	1.44
massive	-0.18	1.49
jennifer	-0.18	1.37
teeth	-0.18	1.22
memories	-0.18	1.62
alley	-0.18	1.27
human	-0.18	1.57
silently	-0.18	1.54
approved	-0.18	1.87
rooms	-0.18	1.29
appearance	-0.18	1.90
wave	-0.18	1.31
rip	-0.18	1.25
possibly	-0.17	1.40
certainly	-0.17	1.86
crystals	-0.17	1.21
wall	-0.17	1.22
kick	-0.17	1.05
arc	-0.17	1.38
fool	-0.17	1.42
tosses	-0.17	1.18
technically	-0.17	1.65
struggles	-0.17	1.57
existence	-0.17	1.32
king	-0.17	1.30
snake	-0.17	1.61
ducks	-0.17	1.21
flips	-0.17	1.23
vince	-0.17	1.44
raising	-0.17	1.25
space	-0.17	1.32
cheese	-0.16	1.77
gwen	-0.16	1.07
facing	-0.16	1.55
block	-0.16	1.27
imagine	-0.16	1.69
brown	-0.16	1.24
andromeda	-0.16	1.26
immediately	-0.16	1.38
command	-0.16	1.39
purple	-0.16	1.13
klaus	-0.16	1.28
heading	-0.16	1.27
corvo	-0.16	1.47
needed	-0.16	1.86
access	-0.16	1.43
pair	-0.16	1.27
limbs	-0.15	1.17
tree	-0.15	1.23
blank	-0.15	1.58
stares	-0.15	2.03
option	-0.15	1.28
covered	-0.15	1.72
specifically	-0.15	1.36
bella	-0.15	1.37
razor	-0.15	1.10
ability	-0.15	1.39
continued	-0.15	1.46
dodges	-0.15	1.28
game	-0.15	1.81
sea	-0.15	1.14
eye	-0.15	1.38
allow	-0.15	1.49
giant	-0.14	1.46
jacket	-0.14	1.24
fan	-0.14	1.89
picked	-0.14	1.18
kitchen	-0.14	1.33
rips	-0.14	1.17
mechanical	-0.14	1.26
knew	-0.14	1.84
anna	-0.14	1.28
laugh	-0.14	1.52
pops	-0.14	1.46
crack	-0.14	1.30
golems	-0.14	1.30
basically	-0.14	1.27
destroyed	-0.14	1.27
flame	-0.14	1.23
lying	-0.14	1.58
less	-0.14	2.26
read	-0.14	1.79
rain	-0.14	1.35
slept	-0.13	1.80
pouts	-0.13	1.15
leaning	-0.13	1.07
throws	-0.13	1.19
exit	-0.13	1.56
scratches	-0.13	1.71
per	-0.13	1.32
forming	-0.13	1.25
eat	-0.13	1.72
figures	-0.13	1.39
jar	-0.13	1.63
avoiding	-0.13	1.26
notices	-0.13	1.82
room	-0.13	1.25
fat-cat	-0.13	1.35
cook	-0.13	1.74
aizen	-0.13	1.74
pages	-0.13	1.31
mountains	-0.13	1.05
permission	-0.13	1.42
shop	-0.13	1.40
majority	-0.13	1.39
strikes	-0.13	1.28
crab	-0.13	1.38
cracks	-0.13	1.27
presence	-0.13	1.45
orange	-0.13	1.59
cant	-0.13	1.72
contact	-0.12	1.44
allowing	-0.12	1.40
caught	-0.12	1.19
station	-0.12	1.27
eating	-0.12	1.66
note	-0.12	1.40
wings	-0.12	1.24
grips	-0.12	1.22
pool	-0.12	1.24
piece	-0.12	1.27
breathing	-0.11	1.41
knocks	-0.11	1.23
late	-0.11	1.89
wing	-0.11	1.27
male	-0.11	1.57
morning	-0.11	1.99
beer	-0.11	1.31
hat	-0.11	1.27
window	-0.11	1.25
grow	-0.11	1.32
w	-0.11	1.36
flat	-0.11	1.41
use	-0.11	1.95
foot	-0.11	1.17
sliding	-0.11	1.21
combat	-0.11	1.39
emotions	-0.11	1.33
crystal	-0.11	1.24
backwards	-0.11	1.24
cell	-0.11	1.30
spinning	-0.11	1.26
shaking	-0.11	1.54
shadows	-0.10	1.21
wounds	-0.10	1.14
from	-0.10	1.61
meantime	-0.10	2.11
tear	-0.10	1.18
handle	-0.10	2.30
information	-0.10	1.48
enhanced	-0.10	1.02
toward	-0.10	1.26
grin	-0.10	1.79
difference	-0.10	1.11
protect	-0.10	1.33
checks	-0.09	1.52
clothing	-0.09	1.46
claws	-0.09	1.22
female	-0.09	1.49
fridge	-0.09	1.29
away	-0.09	1.44
removing	-0.09	1.24
chin	-0.09	1.24
doctors	-0.09	1.58
final	-0.09	1.61
occasionally	-0.09	1.38
wrist	-0.09	1.11
century	-0.09	1.20
language	-0.09	1.11
drop	-0.09	1.38
kicking	-0.09	1.24
erika	-0.09	1.08
number	-0.09	1.39
seven	-0.08	1.41
whispers	-0.08	1.29
manipulate	-0.08	1.40
portal	-0.08	1.21
horse	-0.08	1.16
search	-0.08	1.35
simetra	-0.08	1.22
giving	-0.08	1.47
wraps	-0.08	1.13
creation	-0.08	1.04
unfortunate	-0.08	3.63
bomb	-0.08	1.26
wrapped	-0.08	1.18
rocks	-0.08	1.26
supernatural	-0.08	1.35
shots	-0.08	1.25
example	-0.08	1.23
sadness	-0.08	1.28
tv	-0.08	1.43
upon	-0.08	1.32
mix	-0.08	1.40
slaps	-0.08	1.17
ignore	-0.08	1.09
apparently	-0.08	1.52
sub	-0.08	1.91
aiming	-0.08	1.29
slip	-0.08	1.39
track	-0.07	1.18
wondering	-0.07	2.63
nearby	-0.07	1.29
simon	-0.07	1.38
nearest	-0.07	1.37
stare	-0.07	1.54
realized	-0.07	2.02
synth	-0.07	1.02
knocked	-0.07	1.25
peter	-0.07	1.11
books	-0.07	1.13
doors	-0.07	1.28
play	-0.07	2.02
hallway	-0.07	1.26
giants	-0.07	0.95
through	-0.07	1.23
paper	-0.07	1.23
spell	-0.07	1.30
yer	-0.07	1.51
knee	-0.07	1.08
slices	-0.07	1.21
bubble	-0.07	1.27
galan	-0.07	1.25
five	-0.07	1.40
directions	-0.06	1.31
elektra	-0.06	1.26
wrap	-0.06	1.28
bathroom	-0.06	1.33
approaching	-0.06	1.19
freezes	-0.06	1.28
slowly	-0.06	1.27
car	-0.06	1.26
behind	-0.06	1.25
mountain	-0.06	1.17
fit	-0.06	1.68
apologies	-0.06	1.74
america	-0.06	1.41
ocean	-0.06	1.30
large	-0.06	1.51
cosmic	-0.06	1.40
literally	-0.06	1.26
examines	-0.06	1.56
cough	-0.05	1.40
actions	-0.05	1.34
powers	-0.05	1.63
mass	-0.05	1.07
blankets	-0.05	1.65
legs	-0.05	1.15
army	-0.05	1.27
catches	-0.05	1.13
speeds	-0.05	1.33
within	-0.05	1.37
rid	-0.05	1.59
alleyway	-0.05	1.24
20	-0.05	1.33
moments	-0.05	1.31
shortly	-0.05	1.41
sized	-0.05	1.29
dragon	-0.05	1.19
slips	-0.05	1.25
ceiling	-0.05	1.25
host	-0.05	1.25
dashes	-0.05	1.21
copy	-0.05	1.44
swing	-0.05	1.32
hall	-0.05	1.25
over	-0.05	1.28
busy	-0.05	2.00
opinion	-0.05	1.80
removed	-0.04	1.91
average	-0.04	1.46
agreed	-0.04	1.11
chicken	-0.04	1.60
moment	-0.04	1.80
heartbreaker	-0.04	1.15
rabbit	-0.04	1.29
military	-0.04	1.16
u	-0.04	1.18
puddle	-0.04	1.50
tests	-0.04	1.36
teasing	-0.04	1.58
losing	-0.04	1.48
snaps	-0.04	1.37
glows	-0.04	1.30
fly	-0.04	1.44
tearing	-0.04	1.20
prefer	-0.04	1.39
guards	-0.04	1.45
snap	-0.04	1.28
knock	-0.04	1.34
assume	-0.03	2.47
glow	-0.03	1.28
otherwise	-0.03	1.46
taught	-0.03	1.26
pieces	-0.03	1.16
truck	-0.03	1.15
30	-0.03	1.78
cash	-0.03	1.24
arthur	-0.03	1.34
planet	-0.03	1.22
intense	-0.03	1.22
complete	-0.03	1.14
desert	-0.03	1.52
towards	-0.03	1.32
abilities	-0.03	1.43
send	-0.03	1.95
down	-0.03	1.25
desire	-0.03	1.72
simply	-0.03	1.63
remember	-0.03	3.58
hanging	-0.03	1.21
eyes	-0.03	1.29
skin	-0.03	1.26
awake	-0.03	1.64
limit	-0.03	1.34
water	-0.03	1.25
early	-0.03	1.29
cuts	-0.03	1.15
couch	-0.03	1.65
unknown	-0.03	1.54
direction	-0.02	1.33
pure	-0.02	1.08
park	-0.02	1.27
hands	-0.02	1.22
merova	-0.02	1.58
main	-0.02	1.43
learn	-0.02	2.03
hurts	-0.02	1.14
device	-0.02	1.23
lay	-0.02	1.55
towel	-0.02	1.27
flora	-0.02	1.84
form	-0.02	1.23
killed	-0.02	1.68
story	-0.02	2.18
wearing	-0.02	1.24
puts	-0.02	1.17
grabs	-0.02	1.16
swim	-0.02	1.40
cutting	-0.02	1.54
became	-0.02	1.37
require	-0.02	1.71
slice	-0.02	1.36
seen	-0.02	2.02
overgrowth	-0.02	1.19
trained	-0.01	1.15
butt	-0.01	1.24
pats	-0.01	1.44
paint	-0.01	1.13
yellow	-0.01	1.31
entrance	-0.01	1.26
details	-0.01	1.28
assistance	-0.01	1.63
roof	-0.01	1.24
blue	-0.01	1.28
vision	-0.01	1.06
forever	-0.01	1.63
side	-0.01	1.35
realizing	-0.01	1.76
machine	-0.01	1.29
swings	-0.01	1.21
stops	-0.01	1.64
wakes	-0.01	1.42
forest	-0.01	1.24
chair	-0.01	1.32
ten	-0.01	1.46
wanting	-0.01	1.54
properly	-0.01	1.45
ai	-0.00	1.50
missing	-0.00	1.24
bed	-0.00	1.62
heat	-0.00	1.24
half	-0.00	1.21
prepare	-0.00	1.34
tonight	-0.00	1.83
stairs	-0.00	1.30
decision	-0.00	1.51
moved	-0.00	1.36
secret	-0.00	1.40
pace	-0.00	1.36
spare	-0.00	1.58
sparky	-0.00	1.28
freedom	-0.00	1.54
bedroom	-0.00	1.27
bloody	0.00	1.52
wh-what	0.00	2.36
slows	0.00	1.52
vagina	0.00	1.17
travel	0.00	1.48
answer	0.00	3.14
bird	0.00	1.45
emma	0.00	1.18
beast	0.00	1.00
suit	0.00	1.26
cast	0.00	1.25
buildings	0.01	1.21
practice	0.01	1.48
forget	0.01	1.96
seconds	0.01	1.60
challenge	0.01	1.02
create	0.01	1.56
lisa	0.01	1.47
blinks	0.01	1.37
direct	0.01	1.44
elevator	0.01	1.29
plot	0.01	1.49
skull	0.01	1.14
deeply	0.01	1.41
james	0.01	1.41
yawns	0.01	1.30
nova	0.01	1.16
country	0.01	1.41
plants	0.01	1.25
leading	0.01	1.26
pick	0.01	2.35
arrives	0.01	1.71
stand	0.01	1.84
presses	0.01	1.21
on	0.01	1.31
four	0.01	1.65
pumpkin	0.01	1.29
club	0.02	1.45
couple	0.02	1.62
than	0.02	2.01
puppy	0.02	2.93
carolus	0.02	1.23
cyclone	0.02	1.07
hold	0.02	2.42
twilight	0.02	1.17
cat	0.02	1.35
lie	0.02	2.00
give	0.02	2.41
set	0.02	1.67
back	0.02	1.41
metal	0.02	1.29
circles	0.02	1.34
coast	0.02	1.22
vampires	0.02	1.12
jumping	0.02	1.30
nose	0.03	1.21
whose	0.03	1.37
elven	0.03	1.21
sobbing	0.03	1.30
pay	0.03	2.17
door	0.03	1.27
picture	0.03	1.30
manage	0.03	1.91
dancing	0.03	1.21
info	0.03	1.59
start	0.04	2.13
put	0.04	2.44
fix	0.04	2.24
noelle	0.04	1.19
nina	0.04	1.60
upwards	0.04	1.24
open	0.04	1.20
lust	0.04	1.30
arena	0.04	1.24
tune	0.04	1.38
walk	0.04	1.58
abel	0.04	1.37
wires	0.04	1.38
everywhere	0.04	1.60
movement	0.04	1.11
wide	0.04	1.41
wipes	0.04	1.24
continues	0.04	1.54
asks	0.04	1.67
creating	0.04	1.30
ava	0.04	1.33
glass	0.04	1.25
shift	0.04	1.26
fur	0.04	1.29
stopped	0.05	1.60
wound	0.05	1.12
share	0.05	1.50
response	0.05	1.57
ones	0.05	1.79
pride	0.05	1.34
waist	0.05	1.17
address	0.05	1.31
drawing	0.05	1.09
justice	0.05	1.56
shoulder	0.05	1.16
sit	0.05	1.67
arrive	0.05	1.44
hundred	0.05	1.44
arms	0.05	1.18
blanket	0.05	1.25
siblings	0.05	1.51
around	0.05	1.25
across	0.05	1.24
front	0.06	1.29
minutes	0.06	1.58
brought	0.06	1.36
waits	0.06	1.26
land	0.06	1.14
shudders	0.06	1.22
million	0.06	1.37
potion	0.06	1.29
heck	0.06	1.99
table	0.06	1.33
train	0.06	1.22
useless	0.06	1.48
riding	0.06	1.11
joy	0.06	1.19
underground	0.06	1.38
live	0.06	2.01
rock	0.06	1.16
few	0.06	1.63
playing	0.06	1.41
heads	0.06	1.28
crosses	0.06	1.29
eyebrow	0.06	1.58
f	0.06	1.43
swinging	0.06	1.28
seek	0.06	1.48
hideaki	0.06	1.51
building	0.07	1.19
pictures	0.07	1.29
news	0.07	1.31
forwards	0.07	1.25
starts	0.07	1.48
seem	0.07	2.62
forth	0.07	1.26
bullshit	0.07	1.66
seva	0.07	1.53
sends	0.07	1.28
rushes	0.07	1.27
herself	0.07	1.23
reason	0.07	3.36
store	0.08	1.25
amount	0.08	1.32
aimee	0.08	1.21
roll	0.08	1.27
pressing	0.08	1.23
between	0.08	1.33
filled	0.08	1.69
jokingly	0.08	1.34
gently	0.08	1.16
tails	0.08	1.33
drives	0.08	1.28
jiang	0.08	1.38
increase	0.08	1.12
cracking	0.08	1.38
size	0.08	1.26
flower	0.08	1.10
edge	0.08	1.26
miles	0.08	1.31
bunch	0.08	1.75
provide	0.08	1.61
description	0.08	1.48
also	0.08	2.42
fuckin	0.08	1.81
price	0.08	2.01
rich	0.08	2.00
during	0.08	1.46
several	0.08	1.60
opening	0.08	1.24
pink	0.08	1.44
gasp	0.08	1.37
red	0.09	1.32
lock	0.09	1.19
trail	0.09	1.30
move	0.09	2.23
woke	0.09	1.78
hour	0.09	1.59
sticking	0.09	1.19
dance	0.09	1.18
along	0.09	1.36
word	0.09	1.74
noticed	0.09	1.67
forward	0.09	1.32
ideas	0.09	1.60
humans	0.10	1.50
tears	0.10	1.29
ran	0.10	1.46
stab	0.10	1.32
test	0.10	1.67
armour	0.10	1.27
according	0.10	1.16
ja	0.10	3.24
written	0.10	1.18
kid	0.10	1.72
glances	0.10	1.52
feet	0.10	1.41
prince	0.10	1.77
scene	0.10	1.28
bow	0.10	1.30
outside	0.10	1.34
wake	0.10	1.65
any	0.10	2.57
floor	0.10	1.23
east	0.10	1.30
cars	0.10	1.41
brushes	0.10	1.23
ends	0.11	1.36
ferro	0.11	1.50
summon	0.11	1.43
himself	0.11	1.41
bet	0.11	1.91
wat	0.11	1.54
twice	0.11	1.61
multiple	0.11	1.52
plate	0.11	1.35
ozzy	0.11	1.37
book	0.11	1.19
chuckles	0.11	1.74
bite	0.11	1.41
pours	0.11	1.28
kitty	0.11	1.44
rate	0.11	1.47
leaps	0.11	1.27
study	0.11	1.27
stick	0.11	1.94
mirror	0.12	1.22
hopes	0.12	1.35
breathes	0.12	1.23
hers	0.12	1.26
bring	0.12	2.32
waiting	0.12	1.74
pressure	0.12	1.47
three	0.12	1.71
complicated	0.12	2.70
toys	0.12	1.39
period	0.12	1.30
built	0.12	1.27
opened	0.12	1.18
sips	0.12	1.26
smile	0.12	1.96
darius	0.12	1.21
women	0.12	1.41
lands	0.12	1.25
boss	0.12	1.43
focuses	0.12	1.48
surrounded	0.12	1.33
krowk	0.12	1.12
affected	0.12	1.36
scarlet	0.12	1.39
wildly	0.12	1.29
sleeping	0.12	1.67
light	0.13	1.26
ripped	0.13	1.27
above	0.13	1.24
ragyo	0.13	1.37
card	0.13	1.28
dragging	0.13	1.18
anyways	0.13	3.16
second	0.13	1.77
bank	0.13	1.31
o	0.13	1.31
passing	0.13	1.15
personally	0.13	1.68
torn	0.13	1.13
hunter	0.13	1.30
escape	0.13	1.23
held	0.13	1.13
speaks	0.13	1.69
dark	0.13	1.36
dry	0.14	1.66
calypso	0.14	1.28
forms	0.14	1.31
sniffs	0.14	1.25
calls	0.14	1.58
kill	0.14	2.62
themselves	0.14	1.42
rises	0.14	1.00
gentle	0.14	1.97
range	0.14	1.23
sc	0.14	1.44
staring	0.14	1.59
beach	0.14	1.12
opens	0.14	1.25
push	0.14	1.44
although	0.14	1.77
petya	0.14	1.82
short	0.14	1.46
twenty	0.14	1.52
animal	0.14	1.07
normal	0.14	1.86
step	0.14	1.47
wise	0.15	1.81
magic	0.15	1.54
pushing	0.15	1.25
faster	0.15	1.39
plan	0.15	2.61
liquid	0.15	1.38
robots	0.15	1.41
climbs	0.15	1.28
touching	0.15	1.38
chance	0.15	1.70
sticks	0.15	1.17
healing	0.15	1.18
decide	0.15	2.06
stop	0.15	3.03
compared	0.15	1.73
spirit	0.15	1.15
body	0.15	1.20
rapidly	0.15	1.13
nervously	0.15	1.74
deep	0.15	1.42
figure	0.15	2.33
months	0.15	1.54
below	0.15	1.29
inside	0.16	1.23
moves	0.16	1.24
discuss	0.16	2.46
middle	0.16	1.23
breakfast	0.16	1.47
hospital	0.16	1.16
nevermind	0.16	1.75
scare	0.16	1.90
thinks	0.16	1.71
pointing	0.16	1.17
surface	0.16	1.25
locked	0.16	1.58
finger	0.16	1.17
ground	0.16	1.16
random	0.16	1.33
exact	0.16	1.32
mutters	0.16	1.35
curiously	0.16	1.30
lose	0.17	1.42
iron	0.17	1.37
week	0.17	1.71
penis	0.17	1.20
company	0.17	1.39
cut	0.17	1.24
bringing	0.17	1.41
frowns	0.17	1.54
drinks	0.17	1.29
bowl	0.17	1.25
two	0.17	1.90
hours	0.17	1.68
cup	0.17	1.27
swarm	0.17	1.27
gets	0.17	1.62
remind	0.17	2.55
anything	0.18	3.47
traveling	0.18	1.41
road	0.18	1.45
wander	0.18	1.47
show	0.18	2.67
kinds	0.18	1.81
eight	0.18	1.36
asking	0.18	2.84
mouth	0.18	1.17
broke	0.18	1.07
if	0.18	3.46
against	0.18	1.17
minute	0.18	1.91
gestures	0.18	1.23
tell	0.18	3.41
plenty	0.18	1.72
jackson	0.18	1.30
franz	0.18	1.25
free	0.18	2.13
times	0.18	1.54
consider	0.18	2.13
church	0.18	1.31
advanced	0.18	1.31
konoke	0.18	0.93
wishes	0.19	1.34
intend	0.19	2.79
tip	0.19	1.16
ago	0.19	1.60
taking	0.19	1.59
chocolate	0.19	1.40
month	0.19	1.61
broken	0.19	1.20
run	0.19	1.98
gasps	0.19	1.53
using	0.19	1.39
tons	0.19	1.17
species	0.19	1.25
wants	0.20	2.44
liked	0.20	2.50
harder	0.20	1.41
teach	0.20	1.97
center	0.20	1.30
street	0.20	1.36
sarah	0.20	1.30
sigh	0.20	1.54
finishing	0.20	1.30
teri	0.20	1.23
keeps	0.20	1.52
happen	0.20	3.40
watches	0.20	1.50
cream	0.20	1.42
beams	0.20	1.27
breasts	0.20	1.15
accept	0.20	1.60
stepping	0.20	1.03
buy	0.20	1.66
t	0.21	1.42
grows	0.21	1.41
check	0.21	2.65
jane	0.21	1.22
stretching	0.21	1.30
numbers	0.21	1.23
mobile	0.21	1.50
sitting	0.21	1.41
enters	0.21	1.73
neck	0.21	1.18
says	0.21	1.77
iris	0.21	1.44
fully	0.21	1.26
able	0.21	1.81
take	0.21	2.85
fail	0.21	1.14
after	0.21	1.71
signs	0.21	1.23
orders	0.21	1.41
sorts	0.22	1.66
perfectly	0.22	1.50
onto	0.22	1.18
bottle	0.22	1.27
lift	0.22	1.28
streets	0.22	1.24
office	0.22	1.42
difficult	0.22	2.60
none	0.22	1.39
proper	0.22	1.37
reads	0.22	1.39
mercia	0.22	1.35
rough	0.22	1.80
jumps	0.22	1.28
are	0.22	2.73
pain	0.22	1.36
watching	0.22	1.52
glowing	0.22	1.46
morgan	0.22	1.37
based	0.22	1.57
something	0.22	3.47
fresh	0.22	1.63
while	0.22	2.20
lately	0.22	1.95
stood	0.22	1.17
record	0.22	1.27
castle	0.22	1.24
preparing	0.23	1.23
jump	0.23	1.11
green	0.23	1.34
said	0.23	2.95
exactly	0.23	3.66
pie	0.23	1.37
years	0.23	1.51
stabs	0.23	1.26
twins	0.23	1.22
papers	0.23	1.30
subject	0.24	1.21
allowed	0.24	1.92
rise	0.24	1.07
act	0.24	1.50
bodies	0.24	1.38
gather	0.24	1.35
west	0.24	1.10
shaika	0.24	1.48
its	0.24	1.56
sometime	0.24	2.34
counter	0.24	1.31
out	0.24	1.47
meters	0.24	1.43
anymore	0.24	3.03
some	0.24	2.14
weight	0.24	1.26
more	0.24	2.44
pillow	0.24	1.30
bags	0.24	1.23
closer	0.24	1.34
watch	0.24	2.08
portals	0.24	1.35
clair	0.24	1.21
searching	0.24	1.32
runes	0.24	1.11
raised	0.24	1.58
cheeks	0.24	1.08
mech	0.25	1.25
distance	0.25	1.32
merely	0.25	1.36
idiot	0.25	1.40
yugore	0.25	1.03
type	0.25	1.57
low	0.25	1.52
many	0.25	1.91
bones	0.25	1.22
self	0.25	1.48
playfully	0.25	1.34
guitar	0.25	1.38
sets	0.25	1.27
find	0.25	3.01
skills	0.25	1.52
timeskip	0.25	1.72
tomorrow	0.25	2.16
finishes	0.25	1.38
finally	0.26	1.37
smirk	0.26	1.78
path	0.26	1.34
john	0.26	1.35
aware	0.26	1.63
draw	0.26	1.36
manages	0.26	1.45
heroes	0.26	1.41
figured	0.26	1.40
bench	0.26	1.24
uses	0.26	1.45
widen	0.26	1.40
hitting	0.26	1.43
surprisingly	0.26	1.34
watched	0.26	1.26
stroking	0.26	1.19
cuddle	0.26	1.69
closed	0.26	1.15
fall	0.26	1.23
leads	0.26	1.31
lights	0.26	1.31
dinner	0.26	1.76
hair	0.27	1.29
top	0.27	1.22
moon	0.27	1.17
showing	0.27	1.15
ve	0.27	1.99
black	0.27	1.28
flies	0.27	1.31
hurt	0.27	3.06
lol	0.27	1.62
safety	0.27	1.31
sort	0.27	1.85
deeper	0.27	1.21
h-hey	0.27	1.95
legal	0.27	1.33
compliment	0.27	1.74
listening	0.27	1.54
near	0.27	1.34
flying	0.27	1.33
freezing	0.27	1.31
brain	0.27	1.06
r	0.27	1.36
takes	0.27	1.34
melody	0.28	1.32
research	0.28	1.50
shard	0.28	1.11
humming	0.28	1.19
did	0.28	3.44
bus	0.28	1.14
rolling	0.28	1.13
biggest	0.28	1.43
team	0.28	1.53
days	0.28	1.66
felt	0.28	2.17
stranger	0.28	1.29
float	0.28	1.32
else	0.28	3.04
dick	0.28	1.19
everything	0.28	2.86
guest	0.28	1.17
active	0.28	1.63
quiet	0.28	1.66
types	0.28	1.55
trip	0.28	1.27
settle	0.28	1.63
style	0.28	1.28
cato	0.28	1.36
nine	0.28	1.26
fingers	0.28	1.20
beyond	0.28	1.24
third	0.28	1.30
get	0.28	2.88
goes	0.29	1.41
coffee	0.29	1.36
closing	0.29	1.30
rooftop	0.29	1.19
clit	0.29	1.19
plays	0.29	1.24
launches	0.29	1.05
willow	0.29	1.51
understand	0.29	3.44
lips	0.29	1.15
ouch	0.29	1.46
sense	0.30	2.31
crowd	0.30	1.17
different	0.30	2.21
cards	0.30	1.23
was	0.30	2.96
ira	0.30	0.94
world	0.30	1.48
lt	0.30	1.43
white	0.30	1.28
notes	0.30	1.36
easily	0.30	1.79
say	0.30	3.53
rush	0.30	1.01
win	0.30	1.50
knees	0.30	2.26
energies	0.30	1.07
source	0.30	1.31
solid	0.31	1.30
those	0.31	2.04
steps	0.31	1.32
drinking	0.31	1.14
continue	0.31	1.76
pack	0.31	1.62
prepares	0.31	1.04
clear	0.31	1.16
sip	0.31	1.30
magical	0.31	1.49
either	0.31	3.48
considering	0.31	1.76
solar	0.31	0.92
drink	0.31	1.34
yuzuki	0.31	1.14
demonic	0.31	1.30
trust	0.31	3.17
return	0.32	1.84
christmas	0.32	1.21
drusilla	0.32	1.14
see	0.32	3.43
seat	0.32	1.31
hexe	0.32	1.35
somebody	0.32	2.06
mess	0.32	1.30
lies	0.32	1.19
one	0.32	2.79
higher	0.32	1.19
technology	0.32	1.32
elf	0.33	1.06
needs	0.33	1.44
falling	0.33	1.19
ask	0.33	3.07
managed	0.33	1.26
bought	0.33	1.16
grinning	0.33	1.27
siegfried	0.33	1.45
hearing	0.33	1.21
believe	0.33	3.47
trick	0.33	1.62
spider	0.33	1.09
each	0.33	1.80
shut	0.33	1.42
hoping	0.33	1.55
nearly	0.33	1.35
dont	0.33	1.89
another	0.33	1.41
question	0.33	3.06
eggs	0.33	1.22
instead	0.33	1.40
clown	0.33	1.12
board	0.34	1.51
pushes	0.34	1.21
ears	0.34	1.16
scary	0.34	3.61
spent	0.34	1.67
ass	0.34	1.28
depends	0.34	1.60
eventually	0.34	1.55
display	0.34	1.50
video	0.34	1.69
temple	0.34	1.21
carefully	0.34	1.19
tea	0.34	1.36
mary	0.34	1.37
art	0.34	1.21
walks	0.34	1.44
winces	0.34	1.41
matter	0.35	3.49
picks	0.35	1.19
sake	0.35	1.30
gone	0.35	2.21
switches	0.35	1.29
meets	0.35	1.39
talking	0.35	3.24
lower	0.35	1.37
digs	0.35	1.36
anytime	0.35	1.64
pile	0.35	1.39
sucks	0.35	1.70
apart	0.36	1.16
started	0.36	1.74
played	0.36	1.40
arrived	0.36	1.27
spins	0.36	1.21
hell	0.36	2.53
c	0.36	1.43
talk	0.36	3.16
drive	0.36	1.25
chat	0.36	1.73
later	0.36	2.11
know	0.36	3.53
andy	0.36	1.56
fiora	0.36	1.24
scent	0.36	1.53
ways	0.37	1.75
save	0.37	1.50
falls	0.37	1.20
position	0.37	1.04
sharp	0.37	1.38
regis	0.37	1.44
chunk	0.37	1.40
bright	0.37	1.35
cities	0.37	1.09
apologize	0.37	1.52
tammy	0.37	1.23
surtr	0.37	1.33
beneath	0.38	1.36
shakes	0.38	1.56
carmen	0.38	0.95
50	0.38	1.14
hunt	0.38	1.11
other	0.38	2.11
until	0.38	2.30
help	0.38	3.16
welp	0.38	1.95
h	0.38	1.51
innocent	0.38	1.97
decides	0.38	1.40
next	0.38	1.29
slit	0.38	1.18
maria	0.38	1.23
an	0.38	1.77
brings	0.38	1.24
shake	0.38	1.33
south	0.39	1.17
yet	0.39	2.67
dude	0.39	1.68
nipples	0.39	1.21
emotion	0.39	1.53
touches	0.39	1.33
steak	0.39	1.33
meal	0.39	1.55
driving	0.39	1.37
leaving	0.39	1.58
stories	0.39	1.51
eats	0.39	1.48
thousands	0.39	1.22
dolly	0.39	1.24
rare	0.40	1.30
ear	0.40	1.20
fairly	0.40	1.89
choice	0.40	1.58
wandering	0.40	1.38
summoning	0.40	1.36
even	0.40	3.07
rolls	0.40	1.32
still	0.40	3.17
erin	0.40	1.34
science	0.40	1.52
thomas	0.40	1.34
attempt	0.40	1.42
15	0.40	1.12
older	0.40	1.17
finished	0.40	1.40
gon	0.40	3.22
pets	0.41	1.60
aaron	0.41	1.26
last	0.41	1.88
stuff	0.41	2.36
pokes	0.41	1.12
color	0.41	1.08
floating	0.41	1.33
sits	0.41	1.20
replaced	0.41	1.25
hips	0.42	1.22
tighter	0.42	1.30
wash	0.42	1.75
enter	0.42	1.39
whoever	0.42	1.29
hotel	0.42	1.30
checking	0.42	1.70
impossible	0.42	1.65
sucking	0.42	1.21
shrugs	0.42	1.80
rubbing	0.42	1.19
tilts	0.42	1.58
staff	0.42	1.14
rubs	0.42	1.28
comes	0.42	1.51
call	0.42	2.41
miranda	0.42	1.24
target	0.42	1.22
holy	0.42	1.48
dressed	0.43	1.27
beat	0.43	1.50
relief	0.43	1.55
recently	0.43	1.48
these	0.43	2.06
sell	0.43	1.66
deal	0.43	2.56
insane	0.43	1.29
noticing	0.43	1.16
others	0.43	2.04
further	0.43	1.19
north	0.43	1.20
parthena	0.43	1.25
learned	0.43	1.32
lucky	0.43	1.69
follow	0.44	1.99
convince	0.44	1.96
giggle	0.44	1.79
came	0.44	1.95
kay	0.44	1.50
elves	0.44	1.36
support	0.44	1.30
introduce	0.44	1.79
hurry	0.44	1.64
sorta	0.44	1.82
spending	0.44	1.67
collapses	0.44	1.16
prepared	0.44	1.32
stay	0.44	2.34
catie	0.44	1.39
limits	0.44	1.08
want	0.44	3.20
pays	0.44	1.30
witch	0.44	1.15
yourself	0.44	2.80
stands	0.44	1.42
go	0.44	2.99
far	0.44	1.96
anyone	0.45	2.58
guests	0.45	1.48
licks	0.45	1.21
revenge	0.45	1.22
care	0.45	3.23
sex	0.45	1.59
plane	0.45	1.32
background	0.45	1.36
money	0.45	1.81
itself	0.45	1.31
saying	0.45	3.44
pariah	0.45	1.27
were	0.45	2.55
expect	0.45	3.21
learning	0.45	1.55
sees	0.45	1.59
asleep	0.45	1.53
hehehe	0.45	1.73
teleports	0.45	1.20
lived	0.45	1.40
come	0.45	3.08
had	0.45	2.26
d-do	0.45	1.91
attempts	0.46	1.43
skip	0.46	1.72
n	0.46	1.39
cock	0.46	1.16
try	0.46	3.08
filling	0.46	1.06
me	0.46	3.05
cake	0.46	1.47
powerful	0.46	1.93
fixed	0.46	1.66
ca	0.46	3.00
joking	0.46	2.65
japan	0.46	1.26
about	0.46	3.43
saw	0.46	2.03
asked	0.46	2.22
poking	0.47	1.45
cookies	0.47	1.34
whatever	0.47	3.40
alrighty	0.47	1.28
excitedly	0.47	1.55
writing	0.47	1.37
earlier	0.48	2.00
ill	0.48	1.74
yelling	0.48	1.29
unless	0.48	2.61
shaft	0.48	1.14
explain	0.48	3.07
why	0.48	3.50
town	0.48	1.13
raises	0.48	1.33
breaks	0.48	1.32
mumbles	0.48	1.44
standing	0.48	1.50
high	0.48	1.28
fills	0.48	1.37
tries	0.48	1.52
them	0.49	2.80
getting	0.49	2.42
maid	0.49	1.46
village	0.49	1.32
akane	0.49	1.31
erza	0.49	1.22
blink	0.49	1.61
how	0.49	3.49
us	0.49	2.82
decided	0.49	1.84
whoa	0.49	1.49
william	0.49	1.21
mag	0.49	2.18
someone	0.49	2.42
gretchen	0.49	1.12
been	0.50	2.21
balance	0.50	1.36
movie	0.50	1.60
worlds	0.50	1.28
soul	0.50	1.01
race	0.50	1.19
mortal	0.50	1.28
there	0.50	3.32
mind	0.50	3.26
blood	0.50	1.20
going	0.50	3.35
owner	0.50	1.32
can	0.50	3.04
all	0.50	2.80
crew	0.50	1.22
they	0.50	2.85
floats	0.50	1.12
could	0.50	3.13
decarbia	0.50	0.99
life	0.50	1.42
comfortable	0.50	2.50
bear	0.51	1.25
internet	0.51	1.18
volbur	0.51	1.29
found	0.51	2.15
born	0.51	1.46
uhhh	0.51	2.48
need	0.51	3.16
adopted	0.51	1.28
investigate	0.51	1.24
soon	0.52	2.58
time	0.52	2.04
working	0.52	1.88
entire	0.52	1.54
thrusting	0.52	1.19
pregnant	0.52	1.35
holding	0.52	1.34
wizards	0.52	1.20
lick	0.53	1.18
not	0.53	3.42
fought	0.53	1.55
strokes	0.53	1.23
load	0.53	1.35
peace	0.53	1.28
stays	0.53	1.26
dangerous	0.53	2.73
ye	0.53	1.33
ensues	0.54	1.62
steal	0.54	1.28
be	0.54	3.15
incredibly	0.54	2.34
naked	0.54	1.23
m	0.54	3.10
w-well	0.54	1.82
pause	0.54	1.69
title	0.54	1.21
sec	0.54	1.62
think	0.54	3.45
opportunity	0.54	1.42
pass	0.54	1.66
enjoying	0.54	1.64
saved	0.54	1.40
personal	0.54	1.64
prawn	0.55	1.02
taste	0.55	1.35
went	0.55	1.99
again	0.55	2.89
crush	0.55	1.22
europe	0.55	1.05
thunder	0.55	1.61
alice	0.55	1.37
lord	0.55	1.13
does	0.55	3.37
fast	0.55	1.74
as	0.56	2.77
wan	0.56	2.80
letting	0.56	1.43
point	0.56	3.26
stage	0.56	1.26
member	0.56	1.46
running	0.57	1.57
mean	0.57	3.46
home	0.57	2.92
alba	0.57	1.26
milk	0.57	1.43
deck	0.57	1.32
regardless	0.57	1.28
sheets	0.57	1.15
group	0.57	1.31
might	0.57	3.13
na	0.58	3.03
jealous	0.58	1.92
goal	0.58	1.58
close	0.58	1.82
hero	0.58	1.46
sounded	0.58	1.93
most	0.58	2.20
lays	0.58	1.21
walking	0.58	1.48
fish	0.58	1.19
thrusts	0.58	1.23
thing	0.58	3.23
curls	0.58	1.33
just	0.59	3.43
buddy	0.59	1.38
worry	0.59	3.19
heaven	0.59	0.99
tiny	0.59	1.60
somewhere	0.59	2.51
person	0.59	2.34
much	0.60	2.89
will	0.60	2.98
for	0.60	2.23
round	0.60	1.55
holds	0.60	1.15
problem	0.60	3.48
18	0.60	1.02
finish	0.60	1.86
night	0.60	1.74
things	0.60	2.41
clean	0.60	1.47
but	0.61	3.40
spend	0.61	1.89
er	0.61	1.52
palm	0.61	1.02
shopping	0.61	1.74
drifts	0.61	1.44
scientist	0.61	1.35
ride	0.61	1.76
tits	0.61	1.02
crash	0.61	1.31
attempting	0.61	1.40
man	0.61	1.63
gt	0.61	1.65
both	0.61	1.87
people	0.61	2.26
birth	0.61	1.19
ll	0.61	3.11
yesterday	0.61	1.70
boyfriend	0.62	1.38
mission	0.62	1.42
loss	0.62	2.07
lana	0.62	1.16
squeezes	0.62	1.15
ready	0.62	2.48
freeze	0.62	2.41
succubus	0.62	1.15
together	0.62	1.96
wait	0.62	3.29
i..i	0.63	1.49
gods	0.63	1.08
willing	0.63	2.07
screaming	0.63	1.36
bunny	0.63	1.30
teacher	0.63	1.20
we	0.63	3.15
trying	0.63	2.04
captain	0.63	1.00
ummm	0.63	1.68
him	0.63	1.53
refuge	0.63	1.27
lot	0.63	2.31
punishment	0.63	1.31
reasonable	0.63	1.72
city	0.63	1.10
objects	0.63	0.97
closes	0.63	1.22
scylla	0.63	1.18
wanders	0.64	1.44
hard	0.64	1.48
quick	0.64	1.48
should	0.64	3.19
softly	0.64	1.22
fill	0.64	1.12
president	0.65	1.44
left	0.65	2.04
hops	0.65	1.21
build	0.65	1.34
or	0.65	3.19
since	0.65	1.90
tower	0.65	1.27
has	0.65	1.86
before	0.65	1.93
perhaps	0.66	2.55
speak	0.66	1.86
let	0.66	3.10
wizard	0.66	1.08
neat	0.66	2.06
studying	0.66	1.14
planning	0.66	2.79
dirt	0.66	1.50
ehh	0.66	2.01
alcohol	0.67	1.44
work	0.67	3.17
smirks	0.67	1.49
places	0.67	1.44
hears	0.67	1.54
moving	0.67	1.42
where	0.67	3.20
relax	0.67	1.30
physiology	0.67	1.08
pet	0.68	1.39
rests	0.68	1.19
otter	0.68	1.61
first	0.68	2.37
lets	0.68	1.52
passed	0.68	1.22
sky	0.68	1.16
movies	0.68	1.17
no	0.68	3.36
spooky	0.68	2.48
please	0.68	2.21
smells	0.68	1.89
would	0.68	3.16
told	0.69	2.30
jr	0.69	1.40
have	0.69	2.47
guys	0.69	2.86
ourselves	0.69	1.65
p-please	0.69	1.61
lip	0.70	1.47
leans	0.70	1.19
now	0.70	3.35
members	0.70	1.48
myself	0.70	2.42
hang	0.70	2.34
slight	0.70	1.33
younger	0.70	1.29
scream	0.70	1.17
here	0.70	3.23
blushing	0.70	1.77
carries	0.71	1.26
crawls	0.71	1.22
age	0.71	1.07
lilith	0.71	1.19
follows	0.71	1.39
make	0.71	2.64
day	0.72	1.91
allows	0.72	1.23
describe	0.72	2.68
attacking	0.72	1.80
bro	0.72	1.25
boat	0.72	1.30
panting	0.72	1.08
echidna	0.72	1.21
lunch	0.72	1.47
tricks	0.72	1.59
fuck	0.72	2.14
dr	0.73	1.51
pervert	0.73	1.54
maybe	0.73	3.18
robot	0.73	1.17
c-can	0.73	1.98
suck	0.73	1.50
wanted	0.73	2.73
noise	0.73	1.47
dog	0.73	1.34
so	0.74	3.38
everybody	0.74	1.16
noah	0.74	1.30
dress	0.74	1.19
apartment	0.74	1.04
hope	0.74	3.21
elizabeth	0.74	1.18
d	0.74	3.15
wet	0.75	2.32
long	0.75	2.23
tied	0.75	0.99
interested	0.75	2.45
librarian	0.75	1.24
year	0.75	1.12
tightly	0.75	1.22
spots	0.76	1.37
least	0.76	2.91
c'mon	0.76	1.60
boulder	0.76	1.37
community	0.76	1.47
japanese	0.76	1.12
men	0.76	1.36
robbie	0.76	1.32
feel	0.76	2.96
reggie	0.77	1.15
bites	0.77	1.35
ow	0.77	1.26
very	0.77	2.58
thinking	0.77	2.89
particularly	0.78	1.67
gives	0.78	1.65
th-that	0.78	1.55
pufflepoof	0.79	1.25
adam	0.79	1.11
full	0.79	1.45
present	0.79	1.12
shows	0.80	1.73
already	0.80	2.13
married	0.80	2.27
e	0.80	1.25
honey	0.80	1.50
ta	0.80	2.48
wo	0.80	2.82
alex	0.81	1.10
when	0.81	2.41
runs	0.81	1.38
blushes	0.81	1.75
appreciate	0.81	1.46
mizu	0.81	1.27
s-sorry	0.81	1.66
history	0.81	2.11
future	0.81	1.10
sveta	0.82	1.36
jeez	0.82	1.71
lazy	0.82	1.82
fellow	0.82	1.49
sun	0.82	1.01
blush	0.82	1.62
marinra	0.83	1.14
saving	0.83	1.17
u-um	0.83	1.85
wonder	0.83	2.62
haven	0.83	1.31
kiss	0.83	1.37
only	0.84	2.39
library	0.84	1.14
doing	0.84	3.27
kids	0.84	1.36
respect	0.84	1.50
mine	0.84	1.90
uhm	0.85	2.08
gift	0.85	1.28
ever	0.85	2.17
pussy	0.85	1.09
smell	0.85	1.55
new	0.86	1.77
dusty	0.86	1.35
thrust	0.86	1.18
extends	0.86	1.44
terms	0.86	1.44
mcgaw	0.87	1.79
enough	0.87	2.33
strong	0.87	2.95
son	0.87	1.49
this	0.87	3.18
location	0.87	1.18
sooo	0.88	1.76
eldritch	0.88	1.20
s-so	0.88	1.79
their	0.88	1.96
used	0.88	2.41
jesus	0.88	1.22
leaves	0.89	1.46
err	0.89	1.40
woah	0.89	1.79
got	0.89	2.23
died	0.90	1.69
way	0.90	3.12
feywild	0.90	0.97
boy	0.90	1.24
once	0.91	1.89
among	0.91	1.24
nah	0.91	2.18
probably	0.92	3.18
then	0.92	3.11
old	0.92	1.13
school	0.92	1.24
kinda	0.92	2.79
wedding	0.92	1.46
same	0.92	2.61
o-okay	0.92	1.59
grew	0.92	2.07
showed	0.93	1.43
cheek	0.93	1.24
i-i	0.93	1.89
quietly	0.94	1.37
done	0.94	2.31
related	0.94	1.02
edana	0.94	1.33
kindly	0.94	1.65
anywhere	0.94	1.71
haha	0.95	2.14
made	0.95	1.75
dirty	0.95	1.02
whole	0.96	2.68
slave	0.96	1.00
sighs	0.96	1.68
absolutely	0.97	1.82
o-oh	0.97	1.74
fox	0.97	1.27
strange	0.97	3.10
every	0.97	1.33
calmly	0.98	1.21
aldreda	0.98	1.14
spirits	0.99	1.09
nobody	0.99	2.59
tall	0.99	1.22
nods	0.99	1.79
may	0.99	2.91
tight	1.00	1.20
frozen	1.00	1.32
squeezing	1.00	1.22
kk	1.00	1.71
n-no	1.01	1.91
rome	1.01	1.96
nope	1.02	2.01
join	1.02	1.94
look	1.03	2.47
small	1.03	2.31
louder	1.03	1.29
licking	1.03	1.22
girls	1.03	1.39
outfit	1.04	1.40
fn	1.04	1.19
advice	1.05	1.52
offers	1.05	0.94
sister	1.05	1.61
speaking	1.06	1.58
hugging	1.06	1.26
boys	1.06	1.26
because	1.06	2.88
crying	1.06	1.36
sorry	1.06	3.16
suppose	1.07	3.16
thought	1.07	2.28
guy	1.07	2.08
dives	1.07	1.13
speech	1.07	1.58
snuggles	1.08	1.36
own	1.08	1.87
henry	1.08	1.41
winks	1.08	1.16
happily	1.08	1.35
feels	1.09	2.23
plant	1.09	0.89
sure	1.09	3.25
amaterasu	1.10	1.35
dumb	1.10	2.46
raise	1.11	2.37
wish	1.11	2.72
smiling	1.11	1.45
business	1.12	1.60
booker	1.12	1.18
shit	1.12	2.00
cuddles	1.12	1.40
definitely	1.12	2.21
helping	1.12	1.56
y-you	1.12	1.77
offering	1.12	1.11
oooh	1.12	1.81
am	1.13	2.96
yui	1.14	1.22
daughter	1.14	1.46
perfect	1.14	1.14
sound	1.14	2.25
indeed	1.14	1.92
kisses	1.15	1.29
i-it	1.15	1.71
options	1.15	1.19
idea	1.15	3.06
sing	1.15	2.08
met	1.15	1.71
approaches	1.16	1.45
looking	1.16	2.85
heard	1.16	1.63
moan	1.17	1.21
kind	1.17	2.96
noises	1.18	2.45
petting	1.18	1.53
father	1.18	1.63
really	1.19	3.15
understood	1.20	1.76
sisters	1.20	1.22
val	1.20	1.18
ya	1.21	2.45
screams	1.21	1.30
moaning	1.21	1.16
woman	1.22	1.16
names	1.22	1.42
enjoy	1.22	1.64
anyway	1.22	3.10
jean	1.23	1.28
hey	1.23	2.45
grace	1.23	1.27
place	1.24	2.52
wife	1.24	1.44
mom	1.24	1.41
slut	1.25	1.19
visit	1.25	1.60
shall	1.25	2.41
waving	1.25	1.34
soo	1.25	1.82
sara	1.25	1.26
cum	1.26	1.17
pn	1.26	1.11
important	1.27	2.59
right	1.28	3.17
toy	1.29	1.85
waves	1.29	1.74
children	1.29	1.28
re	1.30	2.73
staying	1.30	2.41
loudly	1.31	1.14
lifting	1.31	1.61
little	1.31	2.03
sophia	1.31	1.35
goodbye	1.32	1.70
16	1.32	1.91
thats	1.32	2.23
uh	1.33	3.00
helpful	1.33	2.54
well	1.34	3.15
queen	1.34	1.10
big	1.34	2.49
favorite	1.34	1.78
naomi	1.34	1.16
kissing	1.36	1.27
named	1.36	1.70
too	1.36	2.79
hm	1.36	3.07
honor	1.36	1.07
today	1.37	2.05
mentioned	1.37	2.14
seeya	1.37	1.90
um	1.38	2.17
loud	1.38	1.40
name	1.39	1.89
coven	1.39	1.15
spice	1.39	1.43
offer	1.39	1.73
parents	1.40	1.45
eh	1.40	2.76
works	1.40	2.10
making	1.41	2.84
end	1.41	2.62
sexy	1.41	1.17
your	1.41	2.50
birthday	1.42	2.20
y-yes	1.42	1.56
fine	1.42	3.07
referring	1.42	2.18
moans	1.43	1.13
alright	1.43	2.97
dad	1.44	1.35
though	1.44	3.05
cries	1.45	1.91
special	1.45	2.11
mmmm	1.45	1.83
muffled	1.46	1.29
led	1.46	1.71
looked	1.46	1.86
always	1.46	2.40
r-really	1.47	1.66
ok	1.48	2.91
child	1.48	1.10
party	1.48	1.42
warm	1.48	2.13
however	1.49	2.32
goddess	1.49	1.23
anne	1.49	1.22
drow	1.49	1.58
happiness	1.49	1.70
guess	1.49	3.03
rude	1.50	2.81
fell	1.50	1.74
mistress	1.50	1.19
geez	1.51	1.54
talked	1.51	2.11
yay	1.51	1.77
luck	1.51	2.11
young	1.52	0.98
swiggity	1.52	1.52
excuse	1.53	1.76
greatest	1.54	1.84
momoko	1.54	1.52
actually	1.54	2.99
foxy	1.54	1.50
closest	1.55	2.30
weird	1.55	3.03
with	1.55	2.62
seeing	1.55	1.63
thanatos	1.56	0.88
soft	1.56	1.52
ahh	1.56	1.57
yea	1.57	1.60
our	1.57	2.47
kneels	1.57	1.65
fucked	1.58	1.63
iva	1.58	1.49
plus	1.58	2.33
rest	1.59	2.55
friends	1.59	2.71
forgot	1.60	1.69
telling	1.60	2.31
giggles	1.60	1.47
increases	1.60	1.91
hmm	1.60	3.06
amounts	1.61	1.53
my	1.61	2.19
creepy	1.61	2.51
y-yeah	1.62	1.83
silly	1.62	1.12
sis	1.64	1.10
ohhh	1.64	1.78
cums	1.64	1.30
cyrin	1.66	1.21
lilly	1.67	1.25
yes	1.67	2.88
girl	1.67	1.30
york	1.67	1.49
ma'am	1.69	1.70
hi	1.69	1.68
never	1.69	2.07
g	1.71	2.11
uhh	1.71	2.41
hot	1.71	1.65
bye	1.73	1.60
appreciated	1.73	1.87
regret	1.74	1.67
ahhh	1.74	1.52
family	1.75	2.23
dunno	1.75	2.85
woo	1.75	1.77
smart	1.75	2.16
fancy	1.76	2.22
yeah	1.76	2.96
xd	1.76	1.52
stole	1.77	1.43
bitch	1.78	1.21
tells	1.78	1.74
tastes	1.78	1.77
coming	1.79	2.59
truly	1.79	1.78
crazy	1.80	2.03
a-and	1.80	1.72
b-but	1.80	1.88
stars	1.81	1.78
makes	1.81	2.50
mm	1.81	1.15
lost	1.83	1.80
tried	1.84	2.04
job	1.85	2.24
mate	1.85	2.04
cop	1.86	1.33
baby	1.86	1.79
megan	1.86	1.55
interesting	1.87	3.05
smiles	1.88	1.44
assuming	1.88	1.85
okay	1.89	2.75
hikaru	1.89	1.93
bows	1.89	1.76
umm	1.89	2.71
hear	1.89	2.64
quite	1.90	2.64
master	1.90	1.54
oh	1.91	2.88
jotunheim	1.92	1.76
totally	1.93	2.67
hah	1.93	2.53
yours	1.95	1.60
safe	1.95	2.48
brightly	1.97	2.02
hmmm	1.98	2.05
gross	1.98	1.74
mr	1.99	1.74
aw	2.01	1.67
super	2.02	2.07
huh	2.03	2.83
ooh	2.04	1.89
crap	2.05	1.93
lady	2.08	1.18
won	2.08	1.51
fuse	2.08	2.07
greetings	2.08	1.68
adventure	2.10	2.13
shape	2.12	1.68
kitsune	2.12	1.58
heart	2.12	1.33
gotcha	2.12	1.58
ahead	2.12	2.41
decent	2.14	1.91
p	2.14	1.70
better	2.14	2.95
exciting	2.14	3.03
jason	2.15	1.47
mommy	2.16	1.57
dig	2.17	2.08
useful	2.18	2.14
ohh	2.18	1.93
midgard	2.19	1.65
wherever	2.21	1.63
mister	2.21	2.06
lap	2.22	1.71
glad	2.25	2.47
like	2.27	3.04
shy	2.27	1.94
helped	2.27	1.60
daddy	2.27	1.57
bad	2.30	2.97
cautiously	2.30	1.75
easy	2.30	2.28
cry	2.33	1.79
previous	2.34	1.45
ate	2.36	1.76
boring	2.36	2.70
friend	2.37	2.29
sir	2.37	1.80
promise	2.37	2.23
lovely	2.38	1.59
hug	2.39	1.67
true	2.39	2.23
course	2.39	2.92
lisall	2.42	2.07
badass	2.43	1.09
cow	2.43	1.39
adorable	2.44	2.04
mother	2.47	1.65
meeting	2.47	1.87
sweet	2.47	1.70
w-wow	2.51	1.41
hugs	2.54	1.60
evening	2.56	1.89
girlfriend	2.56	1.26
ridiculous	2.57	1.04
pleasure	2.57	1.76
hello	2.58	1.96
grins	2.60	2.01
sugar	2.62	1.25
princess	2.62	1.36
fun	2.65	2.86
missed	2.68	1.19
ah	2.68	2.64
impressive	2.69	2.32
ms	2.73	1.73
good	2.76	2.81
excellent	2.80	1.13
meet	2.80	1.92
damn	2.81	2.48
thank	2.83	2.01
aww	2.87	1.63
welcome	2.91	1.83
must	2.92	2.23
sounds	2.95	2.57
heh	2.95	1.88
cute	3.06	1.99
hehe	3.14	1.71
pretty	3.14	2.60
yup	3.23	1.99
beautiful	3.23	1.16
yep	3.26	2.32
cool	3.29	2.63
mmm	3.31	2.12
thanks	3.45	1.82
great	3.60	2.51
miss	3.60	1.36
wow	3.65	2.10
wonderful	3.65	1.30
