garbage	-4.89	2.00
hating	-4.16	2.43
brutal	-3.93	2.02
downvoting	-3.78	1.79
poor	-3.61	2.37
curveball	-3.61	2.83
regarding	-3.60	2.16
beginning	-3.52	2.47
slider	-3.48	2.95
changeup	-3.44	3.01
hernandez	-3.36	2.59
waste	-3.33	2.22
trumbo	-3.32	2.19
opening	-3.30	2.47
vasgersian	-3.28	2.09
vs	-3.27	2.28
tulo	-3.25	2.05
shitty	-3.24	2.14
change	-3.21	2.67
booing	-3.21	2.19
breaking	-3.21	2.68
lefty	-3.21	2.44
regular	-3.20	2.49
along	-3.19	2.50
completely	-3.19	2.28
downvotes	-3.18	2.19
inconsistent	-3.18	2.53
mph	-3.16	3.00
fire	-3.15	2.18
dislike	-3.15	2.25
location	-3.10	2.67
curve	-3.10	3.22
sucking	-3.09	2.27
fucks	-3.09	1.95
downvoted	-3.09	2.34
confusing	-3.09	2.57
suck	-3.08	2.40
downvote	-3.08	2.54
fan	-3.07	2.54
paying	-3.07	2.51
rooting	-3.06	2.40
favor	-3.04	1.95
complain	-3.03	2.26
rival	-3.03	2.50
buck	-3.00	2.36
spoiled	-3.00	2.21
harper	-3.00	2.47
direction	-2.99	2.33
root	-2.98	2.64
except	-2.97	2.01
panic	-2.96	2.04
hatred	-2.95	2.30
joaquin	-2.90	2.53
cat	-2.89	2.51
prove	-2.89	2.31
consistently	-2.86	2.27
fans	-2.85	2.61
v	-2.84	2.56
daily	-2.84	2.22
deadline	-2.83	2.50
arguing	-2.83	2.35
strikeout	-2.83	2.76
coach	-2.81	2.27
sucks	-2.81	2.22
swear	-2.77	2.50
dirty	-2.77	2.97
billy	-2.76	2.50
contribute	-2.76	2.18
meanwhile	-2.72	2.01
remembered	-2.71	2.63
photo	-2.70	2.37
kill	-2.69	2.41
mediocre	-2.69	2.84
reading	-2.69	2.45
rivalry	-2.68	2.65
decision	-2.68	2.22
joe	-2.67	2.35
pointing	-2.67	2.55
umpire	-2.66	2.42
opinion	-2.66	2.80
boo	-2.66	2.03
rid	-2.64	2.32
towards	-2.63	2.37
related	-2.62	2.26
stealing	-2.61	2.52
upside	-2.60	2.16
below	-2.60	2.31
space	-2.60	2.33
haters	-2.58	2.26
statement	-2.56	2.29
liking	-2.55	1.97
tip	-2.55	2.56
calls	-2.54	2.48
die	-2.54	2.57
clayton	-2.54	2.17
opposite	-2.53	2.50
puig	-2.52	2.42
filthy	-2.51	2.67
noticed	-2.50	2.82
different	-2.50	2.50
killing	-2.49	1.93
pathetic	-2.49	2.28
classic	-2.48	2.45
angel	-2.48	2.52
disagree	-2.47	2.78
meet	-2.46	2.85
perfectly	-2.44	2.41
asshole	-2.43	2.36
correctly	-2.43	2.63
everything	-2.42	2.75
face	-2.42	2.33
equally	-2.41	2.19
helping	-2.40	2.27
care	-2.39	3.04
anger	-2.38	2.34
stupid	-2.36	2.14
closed	-2.34	2.58
worked	-2.33	2.48
stand	-2.32	2.77
saved	-2.30	2.62
beats	-2.28	2.34
fastballs	-2.21	1.91
trash	-2.20	1.10
eyes	-2.18	2.47
included	-2.17	2.61
striking	-2.16	1.09
trolls	-2.16	1.13
fwar	-2.16	2.48
wrc	-2.16	2.48
annoyed	-2.15	3.17
beyond	-2.14	2.38
lazy	-2.14	2.82
zone	-2.14	1.71
woah	-2.14	2.68
factor	-2.14	2.40
disappointed	-2.13	3.34
cabrera	-2.12	0.91
ridiculous	-2.10	2.31
righties	-2.10	1.65
bored	-2.10	3.17
respect	-2.08	2.65
worse	-2.07	2.48
dream	-2.07	2.68
movement	-2.05	1.87
fastball	-2.03	2.14
forgot	-2.02	2.81
cheering	-2.01	1.37
yours	-1.99	2.52
wong	-1.99	2.75
joke	-1.97	2.68
possible	-1.95	2.80
especially	-1.94	2.42
sick	-1.94	3.30
saying	-1.92	3.17
handed	-1.92	2.45
umps	-1.91	1.63
imo	-1.90	2.22
blocking	-1.89	2.59
salty	-1.88	2.43
lefties	-1.88	1.48
dick	-1.87	1.58
ability	-1.86	2.43
gross	-1.86	2.26
throws	-1.85	1.96
happening	-1.84	3.32
pierzynski	-1.83	2.44
dumb	-1.82	2.22
tears	-1.82	2.68
ahhh	-1.81	2.74
hes	-1.80	2.29
upgrade	-1.80	2.37
pissed	-1.77	3.58
pitches	-1.77	1.51
ump	-1.77	1.68
laughing	-1.75	3.18
same	-1.74	3.11
strikes	-1.72	1.40
velocity	-1.71	1.43
screwed	-1.71	1.10
exactly	-1.69	3.47
biased	-1.66	1.59
beat	-1.66	1.52
familiar	-1.65	2.95
against	-1.64	1.12
despite	-1.63	2.49
confident	-1.63	3.35
bryce	-1.62	1.60
dicks	-1.61	1.22
optimistic	-1.60	3.23
says	-1.59	2.84
tired	-1.58	3.61
consistent	-1.57	1.45
bullshit	-1.57	1.46
negative	-1.56	1.04
toward	-1.56	1.14
strike	-1.55	1.61
called	-1.55	1.23
arizona	-1.54	0.71
meat	-1.54	2.97
forever	-1.54	2.77
doing	-1.54	3.12
improve	-1.52	0.88
fox	-1.51	1.38
throwing	-1.51	1.59
thrown	-1.51	1.32
totally	-1.50	3.08
subreddit	-1.50	0.91
forgive	-1.50	2.74
pitch	-1.50	1.44
sub	-1.50	0.98
meh	-1.49	2.67
outside	-1.47	1.32
bitter	-1.47	1.64
command	-1.44	1.37
announcers	-1.44	1.43
knows	-1.44	2.98
strikezone	-1.43	1.71
facts	-1.42	1.35
meant	-1.42	2.81
emotional	-1.41	2.88
corner	-1.41	1.09
thinks	-1.39	2.82
nats	-1.38	1.23
logic	-1.38	0.98
facing	-1.38	1.19
agree	-1.37	3.25
majority	-1.36	1.23
r/dodgers	-1.35	0.92
fucked	-1.35	1.24
r/baseball	-1.33	0.96
true	-1.33	2.68
comments	-1.32	1.25
95	-1.31	1.36
literally	-1.29	1.03
swinging	-1.29	1.33
scared	-1.28	3.10
bs	-1.27	0.95
straight	-1.26	1.18
alternate	-1.26	0.88
commentators	-1.26	1.07
fanbase	-1.26	1.36
orioles	-1.26	1.13
sometimes	-1.26	1.06
balk	-1.25	1.04
low	-1.24	1.20
assholes	-1.24	1.30
ignore	-1.23	0.89
tight	-1.23	0.98
breaks	-1.23	1.27
douche	-1.22	1.11
entirely	-1.22	1.23
bias	-1.22	1.27
cheer	-1.22	0.98
decisions	-1.22	1.25
99	-1.21	1.25
career	-1.20	1.40
swings	-1.20	1.12
posts	-1.19	1.04
sorry	-1.19	3.14
edit	-1.19	2.99
hurt	-1.19	1.15
80	-1.18	1.06
thread	-1.18	0.98
lie	-1.18	1.05
confirm	-1.17	0.77
absolutely	-1.17	2.56
iirc	-1.17	0.88
raining	-1.17	1.13
basically	-1.16	1.08
sucked	-1.16	1.05
concerned	-1.16	2.29
umpires	-1.16	1.37
entire	-1.15	3.50
bb	-1.15	1.13
organization	-1.15	1.68
casual	-1.15	0.97
call	-1.14	1.63
bandwagon	-1.14	1.17
season	-1.14	1.36
reynolds	-1.14	1.38
blame	-1.14	1.36
dodger	-1.13	1.14
rate	-1.13	1.02
damned	-1.13	0.91
rare	-1.13	2.59
espn	-1.12	1.39
apologize	-1.11	1.18
brilliant	-1.11	2.63
plate	-1.11	1.43
history	-1.11	3.44
voted	-1.11	1.05
rule	-1.10	1.19
swept	-1.10	1.34
nationals	-1.10	1.07
fault	-1.10	1.18
grounds	-1.10	1.08
depressing	-1.09	2.66
threads	-1.09	1.01
user	-1.08	1.10
throw	-1.07	1.47
truly	-1.07	2.75
itself	-1.06	1.28
slightly	-1.06	1.08
york	-1.06	0.99
opinions	-1.05	1.21
rules	-1.05	1.09
jeter	-1.04	1.28
angels	-1.04	1.10
league	-1.04	3.64
impressed	-1.04	3.54
braves	-1.03	0.97
crew	-1.03	1.18
calling	-1.03	1.35
comment	-1.03	1.41
inches	-1.03	1.06
fixed	-1.02	1.06
process	-1.01	0.95
sale	-1.01	0.85
storm	-1.01	0.97
highest	-1.01	3.47
punch	-1.01	1.07
upset	-1.00	3.72
frustrating	-1.00	2.47
slumping	-1.00	1.22
faced	-1.00	1.06
agency	-1.00	0.97
fat	-1.00	1.21
color	-1.00	0.94
vote	-1.00	1.09
control	-1.00	1.00
royals	-1.00	1.27
crush	-0.99	2.29
mlb	-0.99	3.69
ny	-0.99	1.06
struggles	-0.99	0.94
missing	-0.98	0.90
mariners	-0.98	0.93
upvote	-0.98	1.08
issue	-0.98	0.93
troll	-0.98	1.08
k	-0.98	1.00
gas	-0.98	1.18
mouth	-0.98	1.31
mods	-0.97	0.92
dreams	-0.97	2.92
matters	-0.97	0.97
complaining	-0.97	1.73
prediction	-0.97	1.06
generally	-0.97	1.07
genius	-0.96	2.48
banned	-0.96	1.04
overturned	-0.96	1.60
definition	-0.96	0.88
walgreens	-0.95	0.95
gg	-0.95	1.11
harold	-0.94	1.48
mess	-0.94	1.07
break	-0.94	1.44
between	-0.94	0.90
convinced	-0.93	1.92
hosmer	-0.93	0.99
0-2	-0.93	1.08
fs1	-0.93	1.04
unlike	-0.93	1.09
frustrated	-0.93	2.60
struggling	-0.93	2.36
changed	-0.92	0.55
changes	-0.92	0.79
load	-0.92	0.87
discussion	-0.92	1.01
trolling	-0.92	0.96
embarrassing	-0.92	1.09
classy	-0.92	2.98
washington	-0.91	0.89
period	-0.91	0.82
era	-0.91	1.16
heat	-0.91	0.97
act	-0.90	1.06
difference	-0.90	1.05
none	-0.90	1.03
crappy	-0.89	1.11
points	-0.89	1.10
split	-0.89	1.22
dirt	-0.89	1.18
mute	-0.89	1.18
spirit	-0.89	0.92
cry	-0.89	3.32
somewhat	-0.88	1.25
written	-0.88	0.86
throughout	-0.88	1.39
argument	-0.88	1.01
attitude	-0.88	1.19
affect	-0.88	0.98
during	-0.87	2.06
lob	-0.87	0.99
fip	-0.87	1.11
rough	-0.87	1.16
im	-0.86	3.66
x	-0.86	0.72
crossed	-0.86	0.76
colon	-0.86	1.26
exists	-0.86	0.96
tarp	-0.85	1.08
presence	-0.85	1.10
value	-0.85	0.98
challenge	-0.85	1.23
rangers	-0.85	0.99
butler	-0.85	1.15
flair	-0.85	0.86
mostly	-0.85	0.98
bad	-0.85	2.76
expected	-0.84	1.14
lately	-0.84	1.21
bummed	-0.84	3.76
finger	-0.84	0.91
normal	-0.84	1.07
overturn	-0.83	1.27
managers	-0.83	3.37
helmet	-0.83	1.01
latter	-0.83	0.94
above	-0.83	1.17
mechanics	-0.83	0.83
ugh	-0.83	2.64
majors	-0.82	3.50
whew	-0.82	2.80
remove	-0.82	0.96
beating	-0.82	1.38
example	-0.81	0.80
commentary	-0.81	1.10
rays	-0.81	0.82
2013	-0.81	1.21
higher	-0.80	1.21
shoulder	-0.80	1.04
neat	-0.80	2.29
confused	-0.80	3.77
uniform	-0.79	0.87
angry	-0.79	3.61
besides	-0.79	1.29
screen	-0.79	0.88
babip	-0.79	1.16
fix	-0.79	0.87
blows	-0.79	0.92
every	-0.79	3.68
report	-0.79	0.82
stick	-0.79	0.78
contact	-0.79	1.12
among	-0.78	3.67
cares	-0.78	1.30
detroit	-0.78	0.89
r/sfgiants	-0.78	0.94
sets	-0.78	0.77
circle	-0.78	0.94
counting	-0.78	2.71
gameday	-0.78	0.92
motion	-0.78	0.88
useless	-0.78	1.08
surprised	-0.77	3.72
shitting	-0.77	1.10
american	-0.77	1.68
reds	-0.77	0.95
minimum	-0.77	1.07
pro	-0.76	1.74
tigers	-0.76	0.86
mattingly	-0.76	1.02
dog	-0.76	0.94
assuming	-0.76	0.90
shocked	-0.75	3.65
compare	-0.75	0.92
major	-0.75	3.58
baseball	-0.75	3.70
blowing	-0.75	0.92
covered	-0.75	0.95
hanging	-0.75	1.31
switch	-0.74	1.09
dbacks	-0.74	0.97
longest	-0.74	3.47
own	-0.74	1.15
positive	-0.74	1.00
camera	-0.74	1.01
whole	-0.74	3.61
evil	-0.74	0.79
decide	-0.74	1.17
pine	-0.74	3.04
risk	-0.74	1.04
mix	-0.74	0.85
action	-0.74	1.00
karma	-0.73	0.74
accept	-0.73	1.03
hr/fb	-0.73	1.14
changing	-0.73	1.10
comparison	-0.73	0.92
salary	-0.73	0.71
ip	-0.72	0.98
window	-0.72	0.83
steal	-0.72	0.86
gdt	-0.72	1.03
idiot	-0.72	1.11
shame	-0.72	2.44
led	-0.71	1.05
picking	-0.71	0.81
yankees	-0.71	0.99
month	-0.71	1.24
heavily	-0.71	0.74
falling	-0.71	0.83
max	-0.71	0.74
fake	-0.71	0.75
fully	-0.71	1.35
saving	-0.71	0.90
lock	-0.71	1.00
average	-0.70	1.39
am	-0.70	3.66
diamondbacks	-0.70	0.97
400	-0.70	0.85
verlander	-0.70	0.91
padres	-0.70	0.91
hanley	-0.70	0.95
weird	-0.70	2.37
post	-0.70	1.01
joking	-0.69	1.28
and/or	-0.69	0.85
niners	-0.69	0.87
liked	-0.69	2.90
picked	-0.69	0.77
seahawks	-0.69	0.77
acting	-0.69	0.86
phillies	-0.68	0.84
monster	-0.68	0.84
twins	-0.68	0.65
marlins	-0.68	0.81
april	-0.68	1.13
added	-0.68	0.77
return	-0.68	0.97
setting	-0.67	1.02
bringing	-0.67	0.97
percentage	-0.67	1.34
linked	-0.67	0.99
teeth	-0.67	1.01
ad	-0.67	0.84
angeles	-0.67	0.83
evidence	-0.67	1.05
intense	-0.66	2.43
curious	-0.66	2.42
brain	-0.66	1.02
result	-0.66	0.95
kicked	-0.66	1.07
vin	-0.66	0.77
follow	-0.66	1.24
knowing	-0.66	1.06
largely	-0.66	1.00
ops	-0.66	1.12
flat	-0.65	0.84
extension	-0.65	0.86
hurts	-0.65	0.97
reddit	-0.65	0.90
nobody	-0.65	0.64
writer	-0.64	1.00
cut	-0.64	0.93
most	-0.64	3.57
soccer	-0.64	1.65
blue	-0.64	0.78
tossed	-0.64	0.83
remind	-0.64	0.84
traded	-0.63	0.62
significant	-0.63	1.15
discipline	-0.63	0.95
book	-0.63	1.10
salt	-0.63	0.89
button	-0.63	0.91
source	-0.63	0.82
quit	-0.62	1.01
strikeouts	-0.62	1.14
sox	-0.62	0.76
cardinals	-0.62	0.93
walks	-0.62	1.03
weak	-0.62	1.28
topic	-0.62	1.11
asses	-0.62	0.99
cubs	-0.62	0.81
slump	-0.62	1.10
broadcasting	-0.62	1.03
offered	-0.62	0.66
announcer	-0.61	1.19
counts	-0.61	0.85
matheny	-0.61	0.78
patience	-0.61	1.03
war	-0.61	1.08
style	-0.61	0.79
users	-0.61	0.86
nervous	-0.61	3.63
million	-0.61	0.79
bases	-0.60	0.88
recognize	-0.60	1.17
res	-0.60	0.85
nfl	-0.60	1.27
pulling	-0.60	1.14
mode	-0.59	0.99
sweep	-0.59	1.09
attention	-0.59	0.88
barely	-0.59	0.78
adams	-0.59	1.12
parts	-0.59	0.89
toronto	-0.59	0.82
somebody	-0.59	0.82
crowd	-0.59	1.00
dunno	-0.59	0.96
perspective	-0.59	1.07
shitfuckmotherfuckingcocksuckingasslickingtitsuckingmoldyqueefbarfcuntsonofabitch	-0.59	0.73
lights	-0.58	1.00
struck	-0.58	0.89
trouble	-0.58	0.80
broadcast	-0.58	0.99
intentionally	-0.58	0.94
notice	-0.58	0.89
payroll	-0.58	1.02
treat	-0.58	1.05
mil	-0.58	0.77
whip	-0.58	1.13
matchup	-0.57	0.98
purpose	-0.57	1.03
paul	-0.57	0.95
dollar	-0.57	0.93
touch	-0.57	1.02
paid	-0.57	0.69
yell	-0.57	1.15
jays	-0.57	0.76
fits	-0.57	0.89
sometime	-0.57	1.15
push	-0.57	0.83
sports	-0.57	2.08
official	-0.56	0.98
zero	-0.56	0.97
bunch	-0.56	1.40
mets	-0.56	0.80
limit	-0.56	0.97
showing	-0.56	0.84
thus	-0.56	0.99
schedule	-0.56	1.06
review	-0.56	1.35
los	-0.55	0.74
power	-0.55	1.11
wide	-0.55	1.10
art	-0.55	0.83
injured	-0.55	1.20
allowed	-0.55	1.07
depth	-0.55	1.19
constantly	-0.54	0.72
hook	-0.54	1.18
300	-0.54	1.42
extreme	-0.54	1.00
account	-0.54	0.87
pirates	-0.54	1.02
sound	-0.54	1.09
wise	-0.54	0.91
our	-0.54	3.17
hitters	-0.53	1.55
jeez	-0.53	1.05
hopes	-0.53	0.93
terms	-0.53	0.88
main	-0.53	0.82
inside	-0.53	1.11
2012	-0.53	1.09
dc	-0.53	0.86
owner	-0.53	0.80
hamilton	-0.53	1.03
under	-0.53	0.87
pay	-0.53	0.78
specifically	-0.53	0.84
curtain	-0.53	1.15
friendly	-0.53	1.03
typical	-0.53	0.75
high	-0.53	1.08
switched	-0.53	0.73
general	-0.52	0.88
create	-0.52	1.00
delay	-0.52	0.90
knbr	-0.52	1.24
2009	-0.52	0.80
mark	-0.52	0.88
samardzija	-0.52	0.87
hey	-0.52	2.91
75	-0.52	1.10
ass	-0.52	1.52
radio	-0.52	1.22
70	-0.52	0.89
including	-0.52	1.07
sea	-0.52	0.93
fired	-0.52	0.89
trout	-0.52	1.07
subs	-0.51	1.22
threw	-0.51	0.91
trade	-0.51	0.79
thoughts	-0.51	0.87
leg	-0.51	0.87
accidentally	-0.51	0.89
jumping	-0.51	0.87
balance	-0.51	0.89
dollars	-0.51	0.77
sidebar	-0.51	0.81
hbp	-0.50	0.94
fighting	-0.50	1.01
nicely	-0.50	0.78
community	-0.50	0.80
screw	-0.50	0.86
49ers	-0.50	0.97
necessary	-0.50	1.05
ever	-0.50	3.58
simply	-0.50	1.03
all-star	-0.50	1.34
allows	-0.50	1.10
mistake	-0.50	1.12
seattle	-0.50	0.78
followed	-0.50	0.97
wet	-0.49	0.95
listen	-0.49	0.99
physical	-0.49	0.98
swung	-0.49	1.05
significantly	-0.49	0.97
arguably	-0.49	3.41
kershaw	-0.49	0.98
200	-0.49	1.06
avg	-0.49	1.36
credit	-0.49	0.90
injuries	-0.49	1.01
compared	-0.48	0.89
tv	-0.48	1.26
media	-0.48	0.94
cards	-0.48	0.97
minor	-0.48	1.73
aggressive	-0.48	1.04
derby	-0.48	1.03
sky	-0.48	0.82
op	-0.48	1.36
wind	-0.48	0.87
surely	-0.48	0.82
offer	-0.47	0.74
onto	-0.47	0.86
hardly	-0.47	1.02
honest	-0.47	1.25
open	-0.47	1.00
river	-0.47	0.97
reply	-0.47	1.53
broadcasts	-0.47	0.92
foot	-0.47	0.93
pain	-0.47	1.28
reasons	-0.47	0.99
attendance	-0.47	0.84
excited	-0.47	3.69
posted	-0.47	0.96
lack	-0.47	0.97
writing	-0.47	1.21
annoying	-0.47	1.11
1-2	-0.47	0.93
jon	-0.46	0.86
sentence	-0.46	0.85
bag	-0.46	0.91
target	-0.46	0.91
upvotes	-0.46	0.96
damage	-0.46	0.97
fangraphs	-0.46	0.98
sadly	-0.45	0.75
bochy	-0.45	0.70
kuiper	-0.45	0.82
melky	-0.45	0.99
replay	-0.45	1.34
miller	-0.45	0.85
500	-0.44	0.94
building	-0.44	0.86
death	-0.44	0.67
jerk	-0.44	1.07
event	-0.44	0.97
shots	-0.44	0.89
la	-0.44	0.75
hah	-0.44	0.82
span	-0.44	0.90
system	-0.43	1.54
spring	-0.43	1.13
john	-0.43	1.02
choice	-0.43	0.83
speaking	-0.43	0.90
feed	-0.43	1.24
mad	-0.43	2.10
lived	-0.43	2.93
obviously	-0.43	1.31
blew	-0.43	0.89
roll	-0.43	0.90
cap	-0.43	0.76
clearly	-0.43	1.18
traffic	-0.43	0.94
2011	-0.43	0.92
universe	-0.42	1.02
appears	-0.42	0.80
leads	-0.42	0.91
dogs	-0.42	0.83
tiny	-0.42	0.93
learn	-0.42	0.89
note	-0.42	0.88
form	-0.42	0.91
office	-0.41	0.96
giving	-0.41	1.05
earth	-0.41	0.98
rock	-0.41	1.00
18	-0.41	0.81
seven	-0.41	1.16
across	-0.41	0.98
playoffs	-0.41	1.17
according	-0.41	0.72
regardless	-0.41	0.80
somehow	-0.41	1.12
scully	-0.41	0.79
broke	-0.41	0.98
locked	-0.41	0.94
both	-0.40	1.62
reminded	-0.40	0.77
fingers	-0.40	0.92
confidence	-0.40	1.08
google	-0.40	0.78
words	-0.40	0.82
sees	-0.40	0.55
coaches	-0.40	1.05
press	-0.40	0.89
excitement	-0.40	0.89
kings	-0.40	0.89
kruk	-0.40	0.86
kc	-0.40	0.80
singles	-0.40	0.94
ray	-0.40	0.81
support	-0.40	1.30
grant	-0.40	0.86
bone	-0.40	0.84
often	-0.40	1.03
smaller	-0.40	0.90
audio	-0.40	1.27
89	-0.40	0.97
sending	-0.39	0.85
professional	-0.39	3.10
angle	-0.39	0.86
end	-0.39	1.36
match	-0.39	0.98
manager	-0.39	1.53
tho	-0.39	2.75
stands	-0.39	0.92
goldschmidt	-0.39	0.84
health	-0.39	0.82
opposing	-0.39	1.42
pa	-0.39	1.21
brewers	-0.39	0.81
sabean	-0.39	0.75
knee	-0.39	0.88
hitting	-0.39	1.09
offseason	-0.39	0.79
hot	-0.38	1.08
matt	-0.38	0.88
broadcaster	-0.38	1.04
ups	-0.38	0.82
shut	-0.38	1.72
sync	-0.38	1.18
turning	-0.38	0.94
luckily	-0.38	0.81
teach	-0.38	0.90
hungry	-0.38	2.13
toss	-0.38	0.79
impact	-0.38	1.07
rockies	-0.37	0.78
comcast	-0.37	1.21
shift	-0.37	0.95
stanton	-0.37	0.67
midnight	-0.37	1.11
makes	-0.37	3.36
batters	-0.37	1.27
hockey	-0.37	1.66
yost	-0.37	0.78
wheeler	-0.37	0.89
ventura	-0.37	0.79
rain	-0.37	0.84
door	-0.37	0.92
network	-0.37	1.37
jokes	-0.36	1.13
referring	-0.36	0.94
light	-0.36	0.86
release	-0.36	0.64
stretch	-0.36	1.03
sport	-0.36	2.25
local	-0.36	0.89
baserunners	-0.36	0.90
winter	-0.36	0.86
hard	-0.36	3.23
19	-0.36	0.74
making	-0.36	1.25
pool	-0.36	1.03
listening	-0.36	0.88
tagged	-0.36	0.87
re-sign	-0.35	0.81
nbc	-0.35	0.95
separate	-0.35	0.86
switching	-0.35	0.96
using	-0.35	1.10
faces	-0.35	1.07
red	-0.35	0.77
fantasy	-0.35	2.07
posting	-0.35	0.95
yelling	-0.35	1.06
these	-0.35	1.56
possibility	-0.35	0.96
hole	-0.35	0.91
channel	-0.35	1.21
due	-0.35	0.93
playing	-0.34	1.28
eh	-0.34	0.71
exact	-0.34	1.13
blow	-0.34	0.89
dish	-0.34	0.79
stolen	-0.34	1.00
football	-0.34	1.81
talking	-0.34	1.61
mlb.tv	-0.34	1.27
ceremony	-0.34	0.93
sun	-0.34	1.00
nlcs	-0.33	1.13
basketball	-0.33	1.53
deserves	-0.33	0.88
warriors	-0.33	0.84
gold	-0.33	0.85
colorado	-0.33	0.77
coors	-0.33	0.99
btw	-0.33	0.81
postseason	-0.33	2.13
feet	-0.33	0.96
broken	-0.33	1.15
choose	-0.33	0.73
books	-0.33	0.95
effect	-0.32	0.87
theory	-0.32	0.90
add	-0.32	0.87
problems	-0.32	0.86
advantage	-0.32	0.72
stance	-0.32	0.79
mid	-0.32	1.21
aj	-0.32	1.16
table	-0.32	0.90
dubs	-0.32	0.99
original	-0.32	1.02
scores	-0.32	0.88
heavy	-0.32	0.96
helps	-0.32	0.90
following	-0.32	1.00
miami	-0.32	0.63
boche	-0.32	0.88
talk	-0.32	1.09
sharks	-0.31	0.95
issues	-0.31	0.87
mike	-0.31	0.91
include	-0.31	0.83
former	-0.31	0.86
upton	-0.31	0.79
legit	-0.31	1.05
burger	-0.31	0.77
immediately	-0.31	0.81
doesnt	-0.31	1.62
promise	-0.31	0.96
money	-0.31	0.80
oops	-0.31	1.20
prospects	-0.31	1.08
ill	-0.31	0.93
trend	-0.31	0.90
kuip	-0.30	0.87
astros	-0.30	0.69
moves	-0.30	0.94
sore	-0.30	0.85
specific	-0.30	0.83
math	-0.30	0.81
turned	-0.30	0.69
dodgers	-0.30	0.92
others	-0.30	1.22
himself	-0.30	1.10
app	-0.30	1.19
brett	-0.30	0.96
bed	-0.30	1.76
3-2	-0.30	0.99
3-0	-0.30	0.89
loving	-0.30	1.99
soft	-0.30	0.80
september	-0.30	1.19
post-season	-0.30	1.28
holds	-0.30	1.14
spent	-0.29	0.96
content	-0.29	0.78
rich	-0.29	1.21
skip	-0.29	0.88
29	-0.29	0.91
details	-0.29	0.89
filled	-0.29	0.94
loses	-0.29	0.79
tag	-0.29	0.95
bj	-0.29	0.99
nope	-0.29	0.98
become	-0.29	1.14
colors	-0.29	0.84
weekend	-0.29	0.94
wave	-0.29	0.82
pulled	-0.29	0.71
practice	-0.29	0.84
stuck	-0.29	1.10
signed	-0.28	0.73
weight	-0.28	0.84
pill	-0.28	0.97
considering	-0.28	1.17
david	-0.28	0.96
bros	-0.28	0.79
country	-0.28	1.23
click	-0.28	0.64
csnba	-0.28	0.91
replace	-0.28	0.75
folks	-0.28	1.04
through	-0.28	1.66
wrigley	-0.28	0.73
read	-0.28	0.87
no-hitter	-0.28	0.99
streaming	-0.28	1.18
hearts	-0.28	1.06
wizard	-0.28	0.89
boring	-0.28	1.13
class	-0.28	1.12
fuck	-0.28	2.75
aint	-0.27	0.87
numbers	-0.27	0.96
boch	-0.27	0.83
north	-0.27	0.63
special	-0.27	1.03
depends	-0.27	0.88
balls	-0.27	0.96
visiting	-0.27	0.85
meeting	-0.27	0.92
knees	-0.27	1.02
award	-0.27	0.99
jackson	-0.27	0.82
conversation	-0.27	0.92
flemming	-0.27	0.82
broadcasters	-0.27	0.95
giants	-0.26	1.16
netflix	-0.26	0.84
recent	-0.26	1.64
behind	-0.26	0.94
guaranteed	-0.26	0.80
fucking	-0.26	2.72
swing	-0.26	1.27
bums	-0.26	0.89
rarely	-0.26	0.97
werth	-0.26	1.44
struggle	-0.26	0.80
per	-0.26	0.82
jack	-0.26	0.78
listened	-0.26	0.88
greinke	-0.26	0.92
advance	-0.26	0.67
lower	-0.26	0.95
reminder	-0.26	1.02
nba	-0.26	1.56
raise	-0.26	0.70
17	-0.26	0.75
drafted	-0.25	0.87
fucker	-0.25	1.65
taking	-0.25	1.21
contract	-0.25	0.76
username	-0.25	1.14
nearly	-0.25	0.87
email	-0.25	0.88
wut	-0.25	1.07
fist	-0.25	0.81
particular	-0.25	0.74
june	-0.25	1.26
homerun	-0.25	1.07
asking	-0.25	0.91
kick	-0.25	1.02
his	-0.25	0.99
questions	-0.25	0.76
anyways	-0.25	0.95
batter	-0.25	1.29
blown	-0.25	1.03
forgotten	-0.24	1.08
mental	-0.24	1.23
personal	-0.24	0.87
grizzlies	-0.24	0.76
granted	-0.24	0.84
quality	-0.24	0.91
drama	-0.24	1.12
wanting	-0.24	0.82
100	-0.24	1.06
wondering	-0.24	1.79
upon	-0.24	0.91
weather	-0.24	0.87
coverage	-0.24	0.93
being	-0.24	1.35
brand	-0.23	0.85
trust	-0.23	0.97
bite	-0.23	0.99
opened	-0.23	0.95
booth	-0.23	0.81
didnt	-0.23	1.11
fewer	-0.23	0.91
july	-0.23	1.25
each	-0.23	1.73
several	-0.23	1.33
elbow	-0.23	0.86
<SPECIAL>	-0.23	0.70
<URL>	-0.23	0.70
retired	-0.23	0.93
explanation	-0.23	0.98
multiple	-0.23	1.20
gordon	-0.23	1.01
m	-0.23	2.67
focus	-0.23	0.99
injury	-0.23	0.88
many	-0.23	1.49
tune	-0.23	0.87
dudes	-0.22	0.90
production	-0.22	0.67
news	-0.22	0.95
ring	-0.22	0.96
stream	-0.22	0.97
territory	-0.22	0.76
afraid	-0.22	2.03
2-0	-0.22	0.90
checked	-0.22	0.85
check	-0.22	0.87
walked	-0.22	0.82
leaves	-0.22	0.84
50	-0.22	0.90
background	-0.22	0.94
intentional	-0.22	0.86
45	-0.22	1.05
otherwise	-0.22	0.95
response	-0.21	1.08
slams	-0.21	0.98
comfortable	-0.21	1.77
unfortunately	-0.21	1.02
batting	-0.21	0.95
ways	-0.21	0.99
recall	-0.21	1.20
giant	-0.21	1.13
commercial	-0.21	0.84
whats	-0.21	0.87
voice	-0.21	0.91
gear	-0.21	0.94
guessing	-0.21	0.93
spanish	-0.20	0.83
farm	-0.20	1.14
sold	-0.20	0.81
scenario	-0.20	0.94
reference	-0.20	0.99
pressure	-0.20	0.83
dying	-0.20	1.16
draw	-0.20	0.84
idiots	-0.20	0.91
august	-0.20	1.25
careful	-0.20	1.09
struggled	-0.20	1.09
yr	-0.20	0.91
expecting	-0.20	1.44
agreed	-0.20	0.79
timing	-0.20	0.99
less	-0.20	1.14
mixed	-0.20	0.82
although	-0.20	0.98
page	-0.20	0.73
pictures	-0.20	0.89
lmao	-0.20	0.92
wasted	-0.19	1.03
huh	-0.19	1.13
stress	-0.19	0.75
involved	-0.19	0.87
fear	-0.19	0.90
thumb	-0.19	0.96
krukow	-0.19	0.85
coffee	-0.19	0.91
clinch	-0.19	1.25
90	-0.19	0.89
laugh	-0.19	3.11
goldy	-0.19	0.92
cove	-0.19	0.84
article	-0.19	0.83
further	-0.19	0.96
sort	-0.19	0.99
fill	-0.19	0.87
opportunities	-0.18	1.03
offense	-0.18	1.27
bold	-0.18	1.13
total	-0.18	0.88
kansas	-0.18	0.74
proof	-0.18	1.07
range	-0.18	0.87
animal	-0.18	0.92
hd	-0.18	0.89
minors	-0.18	1.20
bobblehead	-0.18	0.87
delayed	-0.18	1.13
online	-0.18	1.18
stars	-0.18	0.88
butt	-0.18	0.67
forced	-0.17	0.85
move	-0.17	0.93
usual	-0.17	0.95
20	-0.17	0.95
whenever	-0.17	0.99
puts	-0.17	0.89
e	-0.17	1.20
standing	-0.17	0.88
serious	-0.17	1.05
ankle	-0.17	0.86
loud	-0.17	1.32
grow	-0.17	0.85
outcome	-0.17	1.03
absolute	-0.16	1.02
amen	-0.16	0.95
worry	-0.16	1.71
2014	-0.16	1.05
context	-0.16	0.89
via	-0.16	1.08
language	-0.16	0.66
saves	-0.16	1.55
boat	-0.16	0.86
hill	-0.16	0.69
players	-0.16	1.97
healthy	-0.16	1.07
162	-0.16	1.33
level	-0.16	1.03
snow	-0.16	0.81
set	-0.16	1.31
truth	-0.16	0.81
part	-0.16	3.43
bot	-0.16	1.10
situation	-0.15	1.05
agent	-0.15	0.78
turn	-0.15	0.96
seconds	-0.15	0.87
risp	-0.15	0.86
self	-0.15	0.79
taste	-0.15	1.06
sit	-0.15	1.25
spots	-0.15	0.88
tells	-0.15	0.60
front	-0.15	0.85
incredibly	-0.15	1.01
buying	-0.15	0.68
warning	-0.15	0.85
fancy	-0.15	0.86
suggest	-0.15	0.76
suddenly	-0.15	0.92
drinking	-0.15	1.01
image	-0.15	0.88
plans	-0.15	0.92
line	-0.15	0.88
breath	-0.15	0.91
molina	-0.14	0.87
computer	-0.14	0.87
claim	-0.14	0.78
10th	-0.14	1.00
turns	-0.14	0.61
mission	-0.14	0.73
died	-0.14	0.56
cover	-0.14	0.93
jam	-0.14	1.09
running	-0.14	0.83
f	-0.14	0.86
facebook	-0.14	0.82
whoever	-0.14	0.85
having	-0.14	1.04
whether	-0.14	0.71
jacket	-0.14	0.82
speech	-0.14	1.03
massive	-0.14	0.93
adrian	-0.14	0.80
ba	-0.14	0.93
logo	-0.14	0.87
learning	-0.14	1.33
works	-0.14	1.03
ugly	-0.14	1.35
analysis	-0.14	0.93
mic	-0.14	0.91
stl	-0.14	0.81
safe	-0.14	1.37
tbh	-0.13	0.92
cause	-0.13	1.10
national	-0.13	1.33
csn	-0.13	0.80
worthy	-0.13	0.86
o5p	-0.13	1.04
finding	-0.13	0.74
ryu	-0.13	0.88
master	-0.13	0.60
dry	-0.13	0.91
bob	-0.13	0.93
chase	-0.13	0.90
singing	-0.13	0.86
update	-0.13	0.88
success	-0.13	1.44
tough	-0.13	1.18
painful	-0.13	1.47
screaming	-0.13	1.02
seasons	-0.13	1.02
dugout	-0.12	1.00
reverse	-0.12	0.82
er	-0.12	0.93
perhaps	-0.12	0.88
3-1	-0.12	0.88
wainwright	-0.12	0.89
begins	-0.12	0.64
kemp	-0.12	1.02
thinking	-0.12	1.92
ph	-0.12	0.89
head	-0.12	0.98
anybody	-0.12	0.87
bats	-0.12	0.97
atlanta	-0.12	1.02
concussion	-0.12	0.93
occasionally	-0.12	1.27
earned	-0.12	0.83
knowledge	-0.12	1.14
everyone	-0.12	1.09
enjoying	-0.12	0.89
moved	-0.11	0.91
sudden	-0.11	1.00
justin	-0.11	0.87
escobar	-0.11	0.94
base	-0.11	0.96
losses	-0.11	0.87
sf	-0.11	0.65
managing	-0.11	0.64
ears	-0.11	0.72
laptop	-0.11	0.82
3232	-0.11	1.01
trading	-0.11	0.89
dealing	-0.11	1.18
raiders	-0.11	0.70
b	-0.11	0.90
carlos	-0.11	0.90
intended	-0.11	1.28
technically	-0.11	1.01
blood	-0.11	0.86
however	-0.11	0.89
obp	-0.11	1.16
de	-0.10	0.84
dave	-0.10	0.77
runners	-0.10	0.87
choke	-0.10	0.94
2002	-0.10	0.92
pittsburgh	-0.10	0.76
possibly	-0.10	1.03
growing	-0.10	0.68
chose	-0.10	0.80
those	-0.10	1.61
fellas	-0.10	0.98
skill	-0.10	0.94
giveaway	-0.10	0.80
top	-0.10	1.51
checking	-0.10	0.92
idk	-0.10	0.97
four	-0.10	1.15
mod	-0.10	0.88
alone	-0.10	0.99
mind	-0.10	0.95
twitter	-0.10	0.61
combo	-0.10	0.93
reasonable	-0.10	1.04
sing	-0.10	0.93
catcher	-0.10	1.02
full	-0.10	1.32
young	-0.09	1.01
30	-0.09	0.92
wine	-0.09	0.94
bay	-0.09	0.75
60	-0.09	0.90
area	-0.09	0.71
stubhub	-0.09	0.92
jump	-0.09	0.80
certain	-0.09	1.06
grew	-0.09	0.97
appearances	-0.09	0.97
beach	-0.09	0.75
sd	-0.09	0.73
race	-0.09	1.28
missed	-0.09	0.98
baet	-0.09	0.95
mood	-0.09	1.20
charge	-0.09	0.81
law	-0.08	0.79
coast	-0.08	1.15
combined	-0.08	0.80
piece	-0.08	1.07
benefit	-0.08	0.97
writers	-0.08	1.28
consecutive	-0.08	1.35
previous	-0.08	0.93
ks	-0.08	0.93
manage	-0.08	0.80
hall	-0.08	1.57
boston	-0.08	0.77
songs	-0.08	0.88
alcohol	-0.08	0.81
losing	-0.08	1.01
offensively	-0.08	1.38
twice	-0.07	1.09
fall	-0.07	0.86
worth	-0.07	0.80
fit	-0.07	0.78
hour	-0.07	0.94
half	-0.07	2.00
appearance	-0.07	1.08
spending	-0.07	0.82
english	-0.07	0.79
alley	-0.07	0.97
stopped	-0.07	1.03
excuse	-0.07	0.89
40	-0.07	0.80
killer	-0.07	1.17
price	-0.07	0.76
shake	-0.07	0.89
reno	-0.07	0.72
faster	-0.07	1.05
write	-0.07	0.82
aaa	-0.06	1.37
tend	-0.06	0.93
legs	-0.06	0.97
request	-0.06	0.87
walking	-0.06	0.78
dropping	-0.06	0.70
data	-0.06	0.78
years	-0.06	0.90
few	-0.06	1.16
title	-0.06	1.12
fourth	-0.06	1.10
headley	-0.06	0.81
flem	-0.06	0.79
aww	-0.06	1.13
0	-0.06	0.92
surprisingly	-0.06	0.85
street	-0.06	0.81
shown	-0.06	0.82
cable	-0.06	0.79
force	-0.06	0.79
east	-0.06	1.07
listed	-0.06	1.17
errors	-0.06	1.04
potential	-0.06	0.91
heads	-0.06	0.71
sfgiants	-0.06	0.88
wrote	-0.05	0.63
months	-0.05	1.00
parking	-0.05	0.81
around	-0.05	1.01
uribe	-0.05	1.06
valley	-0.05	0.73
edge	-0.05	0.83
common	-0.05	0.98
15	-0.05	0.88
chicago	-0.05	0.63
holiday	-0.05	0.72
station	-0.05	0.80
your	-0.05	0.94
statistics	-0.05	0.78
miles	-0.05	0.66
lost	-0.05	0.96
lines	-0.05	0.93
35	-0.05	1.02
ipa	-0.05	0.68
six	-0.05	1.01
three	-0.05	1.17
texas	-0.04	0.74
dan	-0.04	1.02
college	-0.04	1.67
friday	-0.04	1.16
graphic	-0.04	0.97
fame	-0.04	1.34
large	-0.04	0.84
natural	-0.04	1.04
stats	-0.04	0.87
5	-0.04	0.95
into	-0.04	0.93
momentum	-0.04	0.74
az	-0.03	0.70
group	-0.03	0.79
pieces	-0.03	0.76
advanced	-0.03	0.75
silver	-0.03	0.83
leagues	-0.03	2.03
weeks	-0.03	1.01
lay	-0.03	0.84
nowhere	-0.03	0.89
round	-0.03	0.94
louis	-0.03	0.75
poorly	-0.03	0.77
results	-0.02	1.07
josh	-0.02	0.91
couple	-0.02	1.18
2/3	-0.02	0.90
size	-0.02	0.91
amount	-0.02	0.82
mexican	-0.02	0.68
l	-0.02	0.99
reaction	-0.02	1.01
build	-0.02	0.73
replacement	-0.02	1.00
delivery	-0.02	0.80
box	-0.02	0.85
zimmerman	-0.02	0.72
internet	-0.02	0.83
12	-0.02	0.91
website	-0.02	0.79
cash	-0.02	0.89
spoiler	-0.02	0.64
ive	-0.02	1.69
tips	-0.01	0.86
captain	-0.01	0.81
else	-0.01	0.96
minutes	-0.01	0.91
week	-0.01	1.17
games	-0.01	1.08
candlestick	-0.01	0.81
records	-0.01	0.90
6	-0.01	0.93
super	-0.01	1.66
green	-0.01	0.73
adding	-0.01	0.89
said	-0.01	0.92
hold	-0.01	1.00
depending	-0.01	0.84
surgery	-0.01	0.88
bust	-0.01	0.90
innings	-0.01	0.94
version	-0.01	0.77
reach	-0.01	0.82
links	-0.01	0.82
standard	-0.01	0.86
aa	-0.01	1.46
aside	-0.01	0.94
francisco	-0.01	0.63
ten	-0.00	0.98
therefore	-0.00	0.82
ahead	-0.00	0.89
five	-0.00	1.02
rip	-0.00	0.93
assumed	0.00	1.33
meaning	0.00	0.95
holding	0.00	0.77
bags	0.00	0.85
ross	0.00	0.98
abreu	0.00	0.94
capable	0.00	0.92
levels	0.00	0.73
gigantes	0.00	0.93
goat	0.00	1.01
feelings	0.01	0.84
nlds	0.01	1.05
within	0.01	0.92
rookie	0.01	1.25
larry	0.01	0.76
failed	0.01	0.86
3	0.01	1.00
comes	0.01	0.82
mojo	0.01	0.91
1	0.01	0.92
becomes	0.01	0.81
fister	0.01	0.90
sauce	0.01	0.74
visit	0.01	0.70
series	0.01	1.04
deserve	0.01	1.22
worried	0.01	3.31
2	0.01	1.04
block	0.01	1.03
hi	0.02	0.67
baer	0.02	0.90
gm	0.02	0.84
dangerous	0.02	1.21
andrew	0.02	0.84
assume	0.02	1.25
extra	0.02	0.81
cespedes	0.02	0.68
10	0.02	0.89
row	0.02	0.88
management	0.02	0.87
past	0.02	1.12
body	0.02	0.92
allowing	0.02	0.87
8	0.02	0.92
4	0.02	0.98
sides	0.02	1.11
standings	0.02	1.29
sacramento	0.02	0.66
current	0.02	1.61
putting	0.02	0.88
deserved	0.02	0.97
um	0.02	0.70
join	0.03	0.90
hours	0.03	0.94
stops	0.03	0.84
tying	0.03	0.99
dfa	0.03	0.72
normally	0.03	0.85
count	0.03	0.94
wandu	0.03	0.95
future	0.03	0.93
avoid	0.03	0.81
steps	0.03	0.86
catchers	0.03	1.01
realized	0.03	0.90
role	0.03	1.00
cuz	0.04	0.84
ads	0.04	0.82
bet	0.04	1.34
situations	0.04	0.86
ago	0.04	1.09
rings	0.04	0.91
7	0.04	0.92
adam	0.04	0.92
postgame	0.04	0.79
harder	0.04	1.23
zobrist	0.04	0.85
blacked	0.04	0.68
sitting	0.04	0.87
ate	0.04	0.85
dis	0.04	1.08
mile	0.04	0.79
kept	0.04	0.92
2010	0.04	0.89
mentioned	0.04	0.64
gonzalez	0.04	0.76
paper	0.04	0.79
times	0.04	0.99
last	0.04	1.44
alert	0.04	0.86
attacks	0.04	0.78
butts	0.05	0.83
triples	0.05	0.85
11	0.05	0.84
scoring	0.05	0.85
stays	0.05	0.60
minute	0.05	0.86
elsewhere	0.05	0.80
productive	0.05	1.06
staying	0.05	0.75
glove	0.05	0.99
gives	0.05	0.84
golf	0.05	1.19
seemed	0.05	0.92
arm	0.06	0.89
murphy	0.06	0.81
third	0.06	1.02
bp	0.06	0.80
album	0.06	0.66
everyday	0.06	1.03
training	0.06	0.89
word	0.06	0.97
peace	0.06	0.89
13	0.06	0.81
repeat	0.06	0.92
everybody	0.06	0.68
becoming	0.06	1.13
deck	0.06	0.85
access	0.06	0.93
club	0.06	0.81
relax	0.06	0.83
knocked	0.07	0.80
complete	0.07	1.21
reached	0.07	0.79
phone	0.07	0.83
crap	0.07	1.08
extras	0.07	0.84
expectations	0.07	0.74
paint	0.07	0.94
sunday	0.07	1.10
random	0.07	1.00
actual	0.07	0.98
bout	0.07	1.04
offensive	0.07	1.11
shoot	0.07	0.95
teams	0.07	1.99
fuckers	0.07	1.34
judge	0.07	1.01
develop	0.07	0.84
after	0.07	1.43
anthem	0.08	0.94
relevant	0.08	0.90
text	0.08	0.82
somewhere	0.08	0.76
bucks	0.08	0.62
question	0.08	1.24
tons	0.08	0.91
became	0.08	0.79
insurance	0.08	0.98
voodoo	0.08	0.77
streams	0.08	0.85
water	0.08	0.80
car	0.08	0.70
star	0.08	0.86
ourselves	0.08	1.01
fail	0.08	0.97
shields	0.08	0.91
14	0.08	0.81
california	0.08	0.68
eat	0.08	0.91
air	0.08	0.76
buddy	0.08	0.95
signs	0.08	0.69
market	0.08	0.79
slide	0.08	0.94
abs	0.08	1.00
tuned	0.09	0.82
places	0.09	1.05
asleep	0.09	1.21
myself	0.09	1.84
celebration	0.09	0.82
homer	0.09	1.04
tradition	0.09	0.76
created	0.09	0.77
bright	0.09	0.91
bye	0.09	1.04
south	0.09	0.66
forward	0.09	1.33
whose	0.09	0.81
two	0.09	1.32
pic	0.09	0.98
enjoyed	0.09	2.37
utley	0.10	0.87
pennant	0.10	1.38
bus	0.10	0.78
strasburg	0.10	0.90
7th	0.10	1.22
planning	0.10	1.73
drive	0.10	0.67
getting	0.10	1.37
road	0.10	1.20
gun	0.10	0.86
dl	0.10	0.84
talks	0.10	2.03
wonder	0.10	1.11
originally	0.10	1.09
orange	0.10	0.72
key	0.10	1.02
search	0.10	0.86
bat	0.10	0.90
rankings	0.10	0.77
chinese	0.11	0.77
rolling	0.11	0.81
step	0.11	0.94
figure	0.11	1.30
opportunity	0.11	0.98
highly	0.11	0.95
its	0.11	1.79
memory	0.11	1.43
pace	0.11	1.14
parade	0.11	0.87
site	0.11	0.75
shits	0.11	0.89
tasty	0.11	0.96
jeff	0.11	0.80
6th	0.11	1.07
save	0.11	0.93
upper	0.11	0.86
agents	0.11	0.89
glass	0.11	0.84
h	0.11	0.91
number	0.12	1.38
bother	0.12	1.49
middle	0.12	0.70
cold	0.12	0.87
black	0.12	0.72
plan	0.12	0.88
prospect	0.12	1.10
store	0.12	0.73
nothing	0.12	1.18
barry	0.12	1.14
world	0.12	0.90
ws	0.12	0.95
badly	0.12	0.94
player	0.12	2.07
cheaper	0.12	0.93
draft	0.12	1.18
active	0.12	1.18
deep	0.12	0.80
outs	0.12	0.92
clip	0.13	0.96
dee	0.13	0.96
homers	0.13	0.93
nevada	0.13	0.81
showed	0.13	0.76
gap	0.13	1.03
philly	0.13	0.75
walk	0.13	1.10
caps	0.13	0.86
plus	0.13	2.30
sleep	0.13	1.63
san	0.13	0.54
tied	0.13	1.57
clark	0.13	0.93
ride	0.13	0.76
champion	0.13	0.81
land	0.13	0.78
contracts	0.13	0.79
championships	0.13	1.02
consider	0.13	0.87
heh	0.13	0.86
mac	0.13	0.81
gets	0.13	0.73
section	0.13	0.84
essentially	0.14	0.82
hotel	0.14	0.80
fresh	0.14	0.84
events	0.14	1.19
wrap	0.14	0.77
platoon	0.14	1.11
managed	0.14	0.70
available	0.14	0.80
leash	0.14	1.47
coke	0.14	0.69
talked	0.14	0.73
beers	0.14	0.75
side	0.14	0.86
bruce	0.14	0.73
strategy	0.14	0.93
board	0.14	1.11
backup	0.14	1.10
potentially	0.14	1.05
mvp	0.14	0.96
runner	0.14	0.93
drink	0.14	0.92
send	0.14	0.82
blind	0.14	1.20
glasses	0.14	0.79
longer	0.15	1.09
bleachers	0.15	0.86
ticket	0.15	0.79
crick	0.15	0.98
runs	0.15	0.90
town	0.15	0.71
clubhouse	0.15	0.88
ramirez	0.15	0.87
fairly	0.15	1.00
sell	0.15	0.74
shopping	0.15	0.85
afford	0.15	0.95
are	0.15	1.42
hr	0.15	1.02
deal	0.15	0.79
st	0.15	0.72
8th	0.15	1.03
wilson	0.16	0.77
tomas	0.16	0.78
sabes	0.16	0.75
speed	0.16	0.99
than	0.16	1.06
seats	0.16	0.85
ryan	0.16	0.83
davis	0.16	0.76
prepared	0.16	1.08
order	0.16	0.84
bomb	0.16	1.03
odds	0.16	0.87
stole	0.16	0.83
chest	0.16	0.70
apparently	0.16	0.73
yikes	0.16	1.25
31	0.16	0.74
reality	0.16	0.86
a-gon	0.16	0.99
pack	0.16	0.86
cycle	0.16	0.88
watching	0.16	1.01
tuesday	0.16	1.09
show	0.16	1.08
earlier	0.17	0.98
loaded	0.17	0.91
21st	0.17	0.82
holes	0.17	0.87
winner	0.17	0.86
blast	0.17	0.88
deals	0.17	0.79
chocolate	0.17	0.75
central	0.17	1.10
proven	0.17	0.66
sooner	0.17	1.00
picks	0.17	0.85
sent	0.17	0.70
commercials	0.17	1.07
gave	0.17	0.75
lester	0.17	0.75
brothers	0.17	0.90
sample	0.17	1.03
cheers	0.17	1.03
seeing	0.17	1.26
flannery	0.17	0.87
usually	0.17	0.90
n	0.17	0.92
bigs	0.17	1.07
considered	0.17	0.83
competitive	0.17	0.96
noise	0.17	1.12
days	0.17	1.01
line-up	0.18	1.12
hand	0.18	0.92
coliseum	0.18	0.90
ban	0.18	0.89
scooter	0.18	0.73
tommy	0.18	0.90
sounded	0.18	1.23
wood	0.18	0.82
finished	0.18	0.84
ebay	0.18	0.87
chances	0.18	0.84
staff	0.18	1.44
chris	0.18	0.91
racist	0.18	0.96
live	0.18	0.85
sign	0.18	0.76
oakland	0.18	0.66
ones	0.18	1.09
updates	0.18	0.92
bars	0.18	0.84
16	0.18	0.82
fifth	0.18	0.93
interview	0.18	0.87
whatever	0.19	0.99
romo	0.19	1.10
dare	0.19	0.98
5th	0.19	1.03
breakfast	0.19	0.80
bottom	0.19	1.08
stomach	0.19	0.93
error	0.19	0.95
24	0.19	0.81
brings	0.19	0.78
shirts	0.19	0.74
ridiculously	0.20	0.75
28	0.20	0.82
particularly	0.20	0.92
doubles	0.20	0.88
ai	0.20	1.06
city	0.20	0.60
fa	0.20	0.79
bud	0.20	0.96
learned	0.20	0.77
halfway	0.20	0.86
w	0.20	0.90
couch	0.20	1.02
seat	0.20	0.86
plane	0.20	0.82
rage	0.20	1.03
wc	0.20	1.19
tap	0.20	0.78
track	0.20	0.88
keeps	0.20	0.76
continue	0.21	0.83
dropped	0.21	0.85
emotions	0.21	0.80
cy	0.21	0.94
perfect	0.21	1.03
hmmm	0.21	0.83
beard	0.21	1.05
clear	0.21	1.05
petco	0.21	0.78
regularly	0.21	0.74
trip	0.21	0.70
1-0	0.21	0.98
uggla	0.21	0.98
heck	0.21	0.96
package	0.21	1.03
updated	0.21	0.68
yelled	0.21	0.83
ooh	0.21	0.89
bowl	0.21	0.89
chill	0.21	1.01
type	0.21	0.91
hands	0.21	0.79
prices	0.21	0.72
duck	0.22	0.79
champions	0.22	0.74
soul	0.22	1.02
alex	0.22	0.86
predict	0.22	1.01
pics	0.22	0.75
apart	0.22	0.94
over	0.22	1.14
diego	0.22	0.75
chicken	0.22	0.65
field	0.22	0.85
leading	0.22	1.35
telling	0.22	0.77
mays	0.22	1.18
talent	0.22	1.20
slowly	0.22	0.81
solo	0.22	0.89
hahaha	0.22	1.27
status	0.22	0.93
loss	0.22	0.79
social	0.23	0.91
gt	0.23	0.61
hits	0.23	0.92
awhile	0.23	0.89
hrs	0.23	0.94
jerseys	0.23	0.76
shaky	0.23	1.26
driving	0.23	0.55
leaving	0.23	0.92
won	0.23	1.13
lee	0.23	0.78
asked	0.23	0.91
suppose	0.23	0.77
next	0.23	1.52
rob	0.23	0.94
heading	0.23	0.71
bart	0.23	0.76
tickets	0.23	0.79
mobile	0.23	0.81
9th	0.23	0.99
moving	0.23	0.60
2-3	0.23	1.08
easily	0.23	0.98
ace	0.23	1.15
first	0.23	1.65
wins	0.24	1.27
ninth	0.24	0.94
surprising	0.24	1.11
trying	0.24	1.58
defensive	0.24	1.08
service	0.24	0.97
marco	0.24	0.89
skills	0.24	0.74
hella	0.24	1.00
pleasure	0.25	2.41
att	0.25	0.91
4th	0.25	1.10
ground	0.25	0.91
pair	0.25	0.73
pop	0.25	1.12
speak	0.25	0.95
burn	0.25	0.95
helped	0.25	0.79
relatively	0.25	0.99
2016	0.25	0.83
cost	0.25	0.79
sigh	0.25	1.25
pull	0.25	0.83
27	0.25	0.81
johnson	0.25	0.77
instead	0.25	0.91
fresno	0.25	0.75
booze	0.25	0.89
playoff	0.25	1.19
happens	0.25	1.15
wasnt	0.25	1.49
gain	0.26	0.95
room	0.26	0.89
daniel	0.26	0.93
iphone	0.26	0.76
fell	0.26	0.90
uses	0.26	1.95
knock	0.26	0.84
year	0.26	1.00
goal	0.26	1.00
prefer	0.26	0.76
from	0.26	0.71
cody	0.26	0.96
shape	0.26	0.75
videos	0.26	0.85
ol	0.26	0.97
bitch	0.27	1.61
arms	0.27	0.85
matter	0.27	1.42
poop	0.27	0.97
eating	0.27	0.74
hang	0.27	0.93
currently	0.27	2.44
scored	0.27	0.90
tyler	0.27	0.84
victory	0.27	0.89
argue	0.27	1.11
hello	0.27	0.67
expect	0.27	1.62
highlights	0.27	0.77
quiet	0.27	1.50
champagne	0.27	0.80
lunch	0.27	0.71
doctor	0.27	0.67
allow	0.27	0.90
new	0.28	0.76
trophy	0.28	0.82
greg	0.28	0.98
awake	0.28	1.90
shower	0.28	1.15
wat	0.28	0.93
ran	0.28	0.61
living	0.28	0.93
opposed	0.28	1.22
pm	0.28	1.08
disappointing	0.28	1.57
impossible	0.28	1.19
ends	0.28	0.70
ship	0.28	0.77
wall	0.28	0.88
handle	0.28	0.88
repertoire	0.29	0.91
smoke	0.29	0.85
feeling	0.29	2.11
notes	0.29	0.92
game	0.29	1.28
letting	0.29	0.94
21	0.29	0.76
steam	0.29	0.77
defender	0.30	1.05
waiting	0.30	1.69
code	0.30	0.71
people	0.30	1.25
taco	0.30	0.71
free	0.30	0.67
strickland	0.30	1.03
october	0.30	0.88
project	0.30	0.86
williams	0.30	0.84
eventually	0.30	1.05
wont	0.30	1.17
starts	0.30	0.93
bear	0.30	0.81
character	0.31	0.82
9	0.31	0.92
solution	0.31	0.88
america	0.31	1.05
came	0.31	0.80
more	0.31	1.25
silly	0.31	1.12
understand	0.31	1.46
laughed	0.31	1.33
removed	0.31	0.70
ended	0.31	0.86
pretend	0.31	0.96
some	0.31	1.30
cream	0.31	0.74
til	0.31	0.77
food	0.31	0.72
working	0.31	1.01
finals	0.32	0.91
takes	0.32	0.87
off	0.32	0.90
isnt	0.32	0.92
extremely	0.32	1.05
wear	0.32	0.77
cant	0.32	1.14
stay	0.32	0.85
scoots	0.32	0.88
unlucky	0.32	1.27
decent	0.32	2.38
left	0.32	1.00
wildcard	0.32	1.41
later	0.32	1.05
sat	0.32	0.87
dig	0.32	1.03
away	0.32	0.89
freaking	0.32	1.58
pregame	0.32	0.87
cats	0.33	0.85
streak	0.33	1.08
before	0.33	1.46
cup	0.33	0.80
routine	0.33	0.97
saturday	0.33	1.34
lead	0.33	0.93
respond	0.33	0.85
amp	0.33	0.78
hair	0.33	1.34
clap	0.33	1.00
jay	0.33	1.11
pizza	0.33	0.64
record	0.33	2.86
happened	0.34	1.23
pass	0.34	0.78
film	0.34	0.97
r	0.34	0.93
wednesday	0.34	1.05
nate	0.34	0.96
very	0.34	1.18
yesterday	0.34	1.04
interested	0.34	1.92
likes	0.34	2.20
bench	0.34	1.17
shows	0.34	0.91
freddy	0.34	0.88
buy	0.35	0.76
explain	0.35	1.00
mccovey	0.35	0.72
cruz	0.35	0.65
stayed	0.35	0.95
themselves	0.35	1.11
frame	0.35	1.03
announced	0.35	0.77
11th	0.35	1.10
ton	0.35	0.98
shot	0.35	0.77
welp	0.35	1.34
willie	0.35	0.77
retire	0.35	0.83
props	0.36	1.75
stories	0.36	1.16
inning	0.36	1.07
sp	0.36	1.07
2015	0.36	0.85
term	0.36	0.85
born	0.36	0.79
leadoff	0.36	1.21
3rd	0.36	1.13
at-bat	0.36	0.91
crack	0.36	0.91
ball	0.36	1.06
does	0.36	1.12
played	0.36	1.40
till	0.36	1.15
headed	0.36	0.86
talented	0.36	2.43
gary	0.36	1.09
energy	0.37	1.01
interviews	0.37	0.82
piss	0.37	1.08
position	0.37	1.02
brian	0.37	0.55
michael	0.37	1.01
cheese	0.37	0.67
exist	0.37	1.07
truck	0.37	0.88
plenty	0.37	1.05
starters	0.37	1.43
rocking	0.37	0.70
recently	0.37	0.89
single	0.37	1.13
flying	0.38	0.63
tried	0.38	1.04
steve	0.38	0.64
youtube	0.38	0.93
approach	0.38	0.79
bar	0.38	0.72
1st	0.38	1.16
nights	0.38	0.81
moon	0.38	0.74
lady	0.38	1.03
bigger	0.38	0.97
no-no	0.38	0.94
smell	0.38	0.83
23	0.38	0.81
everywhere	0.39	0.89
bathroom	0.39	0.84
woman	0.39	0.94
fair	0.39	0.94
smith	0.39	0.89
run	0.39	0.92
shortstop	0.39	1.91
any	0.39	1.54
hat	0.39	0.73
distance	0.39	0.68
dark	0.40	0.88
closer	0.40	0.95
drinks	0.40	0.84
video	0.40	0.83
went	0.40	0.90
selling	0.40	0.74
excellent	0.40	2.46
morning	0.40	1.53
sandwich	0.40	0.91
foul	0.40	1.04
effective	0.40	1.17
provide	0.40	0.87
tie	0.41	1.02
flip	0.41	0.98
spend	0.41	0.86
download	0.41	0.80
almost	0.41	1.06
date	0.41	0.63
mine	0.41	0.78
without	0.41	0.99
ahh	0.41	1.11
aka	0.41	0.74
prime	0.41	0.76
moment	0.41	1.40
ha	0.41	1.35
find	0.41	0.92
faith	0.42	1.08
championship	0.42	0.99
were	0.42	1.24
sacrifice	0.42	1.07
stop	0.42	1.16
information	0.42	0.78
reliever	0.42	1.37
fish	0.42	0.72
girls	0.42	0.85
spot	0.42	1.11
t	0.42	0.81
started	0.43	0.97
brought	0.43	0.81
school	0.43	0.82
addition	0.43	0.91
hembree	0.43	0.94
watched	0.43	1.32
pitchers	0.43	1.67
signing	0.43	0.66
nevermind	0.44	1.12
james	0.44	0.95
snot	0.44	0.95
collection	0.44	0.72
y'all	0.44	1.13
garden	0.44	0.81
scherzer	0.44	0.73
mistakes	0.44	0.85
ordered	0.44	0.78
wore	0.44	0.72
ice	0.44	0.83
link	0.44	0.97
2nd	0.44	1.18
machine	0.44	0.70
pat	0.44	0.85
thursday	0.44	1.09
jim	0.44	0.85
flag	0.44	0.99
received	0.45	0.79
theme	0.45	0.62
fries	0.45	0.80
sake	0.45	1.46
pumped	0.45	2.91
gregor	0.45	1.13
yourself	0.45	1.03
rest	0.45	2.65
lots	0.45	0.88
public	0.45	0.76
design	0.45	0.64
summer	0.45	0.97
unless	0.45	0.70
walk-off	0.45	0.95
bill	0.45	0.72
keeping	0.45	0.81
long	0.45	1.21
caught	0.46	0.76
roster	0.46	1.13
division	0.46	1.46
wants	0.46	2.30
hero	0.46	1.04
fielding	0.46	0.92
nor	0.46	0.73
bonus	0.46	0.67
tony	0.46	0.63
slow	0.46	1.10
dang	0.47	1.41
downtown	0.47	0.68
older	0.47	0.78
hug	0.47	1.01
defense	0.47	1.19
golden	0.47	0.84
positions	0.47	0.96
juan	0.47	0.75
id	0.47	1.04
gamer	0.47	0.83
score	0.47	0.92
fielder	0.47	0.99
train	0.47	0.93
copy	0.47	0.62
empty	0.48	0.81
pitched	0.48	0.97
drunk	0.48	2.27
officially	0.48	1.10
heard	0.48	0.99
jr	0.48	0.79
prior	0.48	0.92
stoked	0.48	3.24
wake	0.48	1.16
chemistry	0.49	0.93
attempt	0.49	0.68
use	0.49	0.71
while	0.49	1.03
walkoff	0.49	1.05
wild	0.49	1.33
band	0.49	0.84
option	0.49	1.17
pick	0.50	0.91
boots	0.50	0.81
near	0.50	0.83
continues	0.50	1.72
soooo	0.50	0.79
shutout	0.50	0.93
cute	0.50	0.86
king	0.50	0.87
watch	0.51	1.20
anchor	0.51	0.69
biggest	0.51	2.25
test	0.51	0.75
thats	0.51	1.43
win	0.51	1.21
nah	0.51	0.89
drives	0.52	0.69
zen	0.52	1.28
took	0.52	0.96
bummy	0.52	0.89
alive	0.52	0.99
bottle	0.52	0.76
recommend	0.52	0.83
since	0.52	1.20
age	0.52	0.73
about	0.52	1.32
pinch	0.52	0.95
card	0.53	1.21
homeruns	0.53	0.98
list	0.53	0.99
aware	0.53	2.68
out	0.53	1.05
anywhere	0.53	0.85
wearing	0.53	0.72
al	0.53	1.37
basemen	0.53	1.34
anymore	0.53	1.35
their	0.53	2.41
panik	0.53	1.25
decade	0.53	0.98
problem	0.53	1.03
hit	0.54	0.99
small	0.54	0.88
bullpen	0.54	1.24
jinx	0.54	1.06
once	0.54	1.32
glorious	0.54	0.80
little	0.54	1.13
warming	0.54	0.85
sorta	0.54	1.00
delicious	0.54	0.90
state	0.54	0.79
dead	0.55	0.65
whoa	0.55	1.04
catches	0.55	1.00
women	0.55	0.79
keep	0.55	0.96
hmm	0.55	1.22
pure	0.55	0.86
worries	0.55	0.95
enchiladas	0.55	0.67
zito	0.55	0.74
greatest	0.55	3.00
relievers	0.55	1.07
girl	0.55	0.85
baseman	0.55	1.20
song	0.55	1.05
ask	0.55	0.88
secret	0.56	1.06
champs	0.56	0.88
short	0.56	1.02
beer	0.56	0.72
lose	0.56	0.99
y	0.56	1.18
episode	0.56	0.93
until	0.56	1.20
hats	0.57	0.81
name	0.57	0.94
indeed	0.57	1.06
strange	0.57	1.19
ballgame	0.57	0.87
quote	0.57	0.89
advice	0.57	0.86
forget	0.57	1.18
anyone	0.57	1.11
dinner	0.57	0.73
person	0.57	1.01
damnit	0.57	1.67
given	0.57	0.92
afternoon	0.57	1.31
named	0.58	0.70
killed	0.58	0.77
gate	0.58	0.84
shoes	0.58	0.75
lot	0.58	1.14
options	0.58	0.96
nap	0.58	1.04
hear	0.58	0.89
halloween	0.58	0.82
bring	0.58	0.93
drop	0.58	1.75
monday	0.59	1.08
men	0.59	1.04
hahahaha	0.59	1.32
hearing	0.59	1.73
winning	0.59	1.23
other	0.59	2.68
co	0.59	1.39
things	0.59	1.22
warm	0.59	0.91
interest	0.59	0.84
beauty	0.59	1.05
22	0.59	0.75
message	0.59	0.80
imagine	0.60	1.29
answer	0.60	1.05
center	0.60	1.01
defensively	0.60	1.06
represent	0.60	0.78
bell	0.60	0.80
surprise	0.60	0.67
home	0.60	0.96
rotation	0.61	1.16
stadium	0.61	0.86
deliver	0.61	0.84
sac	0.61	1.05
rather	0.61	1.26
ruined	0.61	0.76
bull	0.61	0.95
gone	0.61	1.08
calm	0.61	1.05
jersey	0.61	0.67
plz	0.61	0.90
25	0.61	0.89
by	0.61	1.14
shirt	0.61	0.70
tell	0.61	0.99
catching	0.61	0.91
hector	0.61	1.06
bought	0.62	0.64
dr	0.62	0.87
easier	0.62	1.36
resign	0.62	0.85
goddamnit	0.63	1.59
put	0.63	1.01
movies	0.63	1.04
lopez	0.63	0.85
battle	0.63	0.90
grown	0.63	0.86
kevin	0.63	0.79
friends	0.63	0.93
attack	0.63	1.00
ftfy	0.63	1.76
raised	0.64	1.86
trick	0.64	0.87
santiago	0.64	0.80
jeremy	0.64	0.92
ours	0.65	0.90
huge	0.65	1.25
bridge	0.65	0.78
night	0.65	1.13
strength	0.65	0.71
fact	0.65	1.41
leave	0.65	1.02
ending	0.65	0.98
boss	0.65	0.81
looks	0.66	1.32
comeback	0.66	0.99
certainly	0.66	0.96
gutierrez	0.67	0.91
yo	0.67	0.83
settle	0.67	0.81
26	0.67	0.77
cheap	0.67	0.91
goddamn	0.67	1.28
sooo	0.67	0.93
travis	0.67	0.99
day	0.67	1.25
demand	0.68	0.81
odd	0.68	1.15
saw	0.68	0.89
mustache	0.68	0.89
degrees	0.68	0.69
perry	0.68	0.62
pitching	0.68	1.19
valuable	0.68	1.15
house	0.69	0.68
mound	0.69	0.94
tries	0.69	1.92
stat	0.69	0.80
taken	0.69	0.79
santa	0.69	0.70
scutaro	0.69	0.83
anyway	0.69	1.41
celebrating	0.69	2.06
huff	0.69	0.79
dingers	0.69	0.90
yard	0.70	0.98
ps	0.70	0.91
supposed	0.70	1.54
silence	0.70	0.91
ladies	0.70	1.57
simple	0.70	0.78
kontos	0.70	0.92
relief	0.70	1.02
guarantee	0.70	0.97
splash	0.70	1.00
obvious	0.71	1.57
give	0.71	1.00
names	0.71	1.13
ethier	0.71	0.82
tall	0.71	1.08
kids	0.71	0.73
andre	0.71	0.74
fly	0.71	0.81
goddammit	0.71	1.37
franchise	0.72	2.45
down	0.72	0.97
admit	0.72	1.26
rbi	0.72	0.97
decided	0.72	0.65
t-shirt	0.72	0.59
seem	0.72	1.50
randy	0.73	1.60
dh	0.73	0.98
make	0.73	1.46
el	0.73	0.97
case	0.73	1.13
freak	0.73	0.81
moments	0.73	1.77
unlikely	0.74	1.22
finish	0.74	1.17
west	0.74	2.28
felt	0.74	0.86
starter	0.74	1.10
shop	0.75	0.65
goes	0.75	0.87
arias	0.75	1.22
u/o5p	0.75	0.85
pen	0.75	0.99
time	0.75	1.24
willing	0.75	1.16
parents	0.75	0.73
limited	0.75	0.78
passed	0.76	0.75
real	0.76	1.19
u	0.76	1.12
company	0.76	0.74
triple	0.76	1.06
stuff	0.76	1.29
honestly	0.76	1.60
rally	0.76	0.65
infield	0.77	0.76
starting	0.77	1.17
gotten	0.77	1.17
children	0.78	0.92
memories	0.78	0.81
bunt	0.78	1.00
music	0.78	0.86
together	0.78	1.01
eye	0.78	1.16
white	0.78	0.81
dance	0.78	0.66
g	0.79	0.74
gift	0.79	0.65
figured	0.79	1.08
sense	0.79	1.79
appropriate	0.79	0.87
successful	0.79	0.88
which	0.79	1.07
hyped	0.79	2.67
hail	0.79	0.91
final	0.79	0.97
casilla	0.80	0.93
ca	0.80	1.53
outfield	0.80	1.03
going	0.81	1.59
amy	0.81	0.71
pablo	0.81	0.92
sherman	0.81	1.05
sergio	0.81	0.81
likely	0.81	1.10
heart	0.81	1.05
someone	0.81	1.15
chant	0.81	0.94
earn	0.82	0.84
remember	0.82	1.06
mention	0.82	1.06
garlic	0.82	0.75
popular	0.82	0.97
bumgarner	0.82	0.95
much	0.82	1.35
kidding	0.83	1.66
performance	0.83	0.91
entertaining	0.83	1.26
human	0.83	0.83
tweet	0.83	0.87
right	0.83	1.54
child	0.83	0.91
needs	0.84	0.74
course	0.84	1.22
grand	0.84	1.01
team	0.84	2.67
chance	0.84	1.05
socks	0.84	0.91
tomorrow	0.84	1.12
busy	0.84	2.65
torres	0.84	0.83
gif	0.84	0.83
susac	0.84	0.99
park	0.85	0.85
happiness	0.85	2.13
tear	0.85	0.78
machi	0.85	0.94
looking	0.85	1.36
duffy	0.85	1.20
sex	0.85	0.66
business	0.85	1.95
far	0.85	1.37
coming	0.85	1.08
my	0.85	0.62
parks	0.86	0.97
outfielder	0.86	1.02
hoping	0.86	1.91
accurate	0.86	1.08
aw	0.86	1.31
up	0.86	1.02
gifs	0.86	0.82
been	0.86	1.15
held	0.86	0.63
hitter	0.86	2.26
shall	0.86	0.94
realize	0.87	1.52
view	0.87	0.91
magic	0.87	1.06
life	0.87	2.74
hype	0.87	1.46
has	0.87	1.09
ve	0.87	1.23
motherfucker	0.87	1.35
plays	0.87	1.08
tongue	0.88	1.03
daughter	0.88	0.81
welcome	0.88	1.02
had	0.88	1.16
know	0.88	1.44
another	0.88	1.21
non	0.89	1.44
bit	0.89	1.16
wtf	0.89	1.62
back	0.89	0.96
feels	0.89	1.34
brown	0.89	1.00
curse	0.89	1.70
goodness	0.89	1.08
ishikawa	0.90	1.07
cain	0.90	0.95
soon	0.90	1.02
help	0.90	1.12
carry	0.91	0.86
crying	0.91	2.30
fight	0.91	0.75
today	0.92	1.27
thing	0.92	1.37
highlight	0.92	0.92
pagan	0.92	1.20
luck	0.92	1.28
who	0.93	0.99
gf	0.93	0.85
double	0.93	1.07
shit	0.93	1.60
duvall	0.94	1.09
funny	0.94	2.39
all	0.94	1.31
evening	0.94	0.83
hacktor	0.94	0.98
done	0.94	1.12
necessarily	0.94	1.12
important	0.94	1.13
lifetime	0.94	2.06
one	0.94	1.50
ish	0.94	0.96
ah	0.95	1.52
tim	0.95	0.87
lovely	0.95	1.01
wish	0.96	1.40
party	0.96	0.98
dont	0.96	1.14
c	0.96	1.07
solid	0.96	2.26
ishi	0.96	1.20
quite	0.96	1.19
play	0.96	1.12
with	0.97	1.10
big	0.97	1.12
scoreless	0.97	0.94
yep	0.97	1.17
she	0.97	0.69
confirmed	0.97	0.96
vogelsong	0.97	0.97
cmon	0.97	1.16
ruin	0.98	0.69
wait	0.98	1.35
may	0.98	1.29
bum	0.99	0.97
lineup	0.99	1.07
lincecum	0.99	0.92
old	1.00	0.80
woke	1.00	2.65
petit	1.00	0.96
ideal	1.00	1.98
christ	1.00	1.64
da	1.02	0.96
take	1.02	1.10
ouch	1.02	1.31
uh	1.02	1.22
nl	1.02	2.37
built	1.02	0.91
sanchez	1.03	1.06
outta	1.03	0.91
share	1.03	0.89
anything	1.03	1.22
dingerz	1.03	0.97
start	1.03	0.93
never	1.04	1.23
at	1.04	0.96
motherfucking	1.04	1.32
madison	1.04	0.90
what	1.05	1.49
3b	1.05	1.06
p	1.05	1.06
tour	1.05	0.76
boom	1.05	1.19
means	1.05	1.07
okay	1.06	1.68
lame	1.06	0.70
perez	1.06	1.08
enough	1.07	1.17
late	1.07	2.48
strong	1.07	1.18
reminds	1.07	0.95
brother	1.07	0.65
gem	1.07	0.94
lives	1.08	1.61
appreciated	1.08	0.97
like	1.08	1.48
gloves	1.08	1.63
father	1.09	0.67
family	1.09	0.75
us	1.09	1.16
point	1.09	1.38
dad	1.09	0.76
christmas	1.09	0.84
1-2-3	1.09	1.07
friend	1.09	0.77
rbis	1.09	0.95
seems	1.09	1.17
told	1.09	1.78
clutch	1.09	1.13
torture	1.10	1.32
re	1.10	1.34
creepy	1.10	0.97
fine	1.10	1.33
adrianza	1.10	1.13
pants	1.10	0.98
rf	1.11	1.10
come	1.11	1.09
useful	1.11	1.21
kind	1.11	1.53
slam	1.11	1.11
colvin	1.11	1.14
overall	1.11	2.22
horse	1.11	0.94
girlfriend	1.11	0.69
salami	1.12	1.03
c'mon	1.12	1.30
pitcher	1.12	2.25
sister	1.12	0.67
her	1.13	0.70
1b	1.14	1.10
tacos	1.14	1.54
bonds	1.14	1.68
morris	1.14	0.92
baggs	1.14	1.31
madbum	1.14	0.97
ta	1.15	1.09
rp	1.15	2.07
mr	1.15	1.67
dynasty	1.16	1.01
robin	1.16	1.52
feel	1.16	1.60
believe	1.16	1.24
hnilsen	1.16	1.10
try	1.16	1.24
wife	1.17	0.74
gods	1.17	1.20
cf	1.17	1.12
mean	1.17	1.50
now	1.17	1.44
jealous	1.18	2.28
lf	1.18	1.12
lord	1.18	0.97
ss	1.18	1.13
kinda	1.18	1.26
bless	1.18	1.19
must	1.18	1.15
phew	1.18	1.03
seriously	1.19	1.48
can	1.19	1.24
hudson	1.19	1.02
travel	1.19	1.49
cake	1.19	1.84
expensive	1.19	1.08
released	1.19	1.41
wo	1.20	1.24
etc	1.20	1.61
salute	1.20	1.01
2b	1.20	1.15
something	1.20	1.18
basic	1.20	1.47
celebrate	1.21	2.09
able	1.21	1.29
son	1.21	1.27
when	1.22	1.21
dammit	1.22	1.66
vogey	1.22	1.06
used	1.22	0.86
similar	1.23	1.65
hopefully	1.23	1.18
kid	1.23	0.99
hicks	1.23	1.18
brandon	1.23	1.10
bastard	1.23	1.38
dear	1.24	1.25
motherfuckers	1.24	1.27
info	1.24	1.04
experience	1.24	1.65
quickly	1.24	1.07
second	1.24	2.13
impression	1.24	1.55
directly	1.25	1.91
fellow	1.25	1.77
better	1.25	1.30
do	1.26	1.30
how	1.26	1.33
affeldt	1.26	0.97
bounce	1.26	0.75
as	1.27	1.20
see	1.27	1.20
mother	1.27	1.17
wan	1.27	0.92
where	1.27	1.31
then	1.28	1.18
known	1.28	1.95
they	1.28	1.30
already	1.29	1.14
looked	1.29	1.01
them	1.29	1.31
did	1.29	1.31
again	1.29	1.23
get	1.30	1.23
o	1.30	1.06
neither	1.30	1.30
guys	1.30	1.32
sandoval	1.30	1.15
posey	1.30	1.14
happen	1.30	1.29
want	1.30	1.21
em	1.31	1.10
grab	1.31	1.97
have	1.31	1.18
mom	1.31	0.70
pretty	1.31	1.20
work	1.31	1.23
bro	1.32	1.22
dinger	1.32	1.10
slap	1.32	1.08
got	1.32	1.19
will	1.33	1.24
no	1.33	1.20
ll	1.33	1.23
packed	1.33	0.96
look	1.34	1.37
fence	1.34	1.09
outing	1.34	1.06
morse	1.34	1.12
him	1.34	1.29
younger	1.34	1.63
ready	1.34	2.66
belt	1.34	1.14
jesus	1.35	1.58
we	1.35	1.25
reason	1.35	1.20
why	1.36	1.39
based	1.36	1.13
doyers	1.36	1.62
hope	1.36	1.31
sounds	1.36	1.22
way	1.36	1.27
yet	1.38	1.24
appreciate	1.38	1.58
na	1.38	1.36
crawford	1.38	1.20
well	1.38	1.42
place	1.38	0.96
pls	1.39	1.32
guy	1.40	1.37
knew	1.40	1.71
replaced	1.40	1.36
could	1.40	1.28
say	1.41	1.35
really	1.41	1.31
even	1.41	1.39
only	1.41	1.26
doubt	1.42	0.90
glad	1.42	2.72
magical	1.42	1.50
wanted	1.42	0.85
need	1.42	1.14
so	1.42	1.45
or	1.43	1.23
ok	1.43	1.50
early	1.43	2.28
gon	1.43	1.48
should	1.43	1.24
peavy	1.44	0.90
crushed	1.44	1.40
if	1.45	1.38
ya	1.45	1.42
shutdown	1.46	1.00
here	1.46	1.30
too	1.46	1.37
personally	1.47	1.46
because	1.47	1.35
oh	1.48	1.56
not	1.48	1.43
god	1.49	1.62
finally	1.49	1.15
still	1.49	1.39
bitches	1.49	1.05
me	1.50	2.44
joy	1.50	1.44
congratulations	1.51	1.93
thought	1.51	1.13
timmy	1.52	0.91
yup	1.52	1.54
wooo	1.52	1.15
either	1.52	1.39
lol	1.53	1.44
maybe	1.54	1.36
think	1.54	1.40
stache	1.54	1.38
scary	1.55	1.67
be	1.55	1.27
just	1.56	1.32
made	1.56	1.76
tonight	1.57	1.03
let	1.57	1.12
might	1.58	1.32
sharp	1.58	1.43
please	1.58	1.23
nickname	1.58	0.89
found	1.59	1.44
there	1.59	1.31
movie	1.60	1.40
would	1.60	1.28
met	1.61	1.59
flight	1.61	1.65
seal	1.62	1.61
go	1.63	1.08
rookies	1.63	1.56
d	1.63	1.10
beast	1.63	1.02
effort	1.64	1.59
sir	1.65	1.02
probably	1.66	1.28
boys	1.66	1.09
congrats	1.66	1.06
always	1.67	1.27
sure	1.67	2.50
woohoo	1.68	0.90
least	1.69	1.25
was	1.69	1.10
ballpark	1.70	0.91
alright	1.71	1.26
patient	1.72	1.64
legend	1.74	1.37
actually	1.74	1.34
jose	1.75	1.49
woooooo	1.76	1.11
jake	1.76	1.46
favorite	1.77	1.97
proud	1.77	2.37
also	1.77	1.35
brandons	1.78	1.10
but	1.78	1.43
indians	1.78	1.46
seen	1.78	1.64
idea	1.80	1.18
nuts	1.80	1.31
stressful	1.81	1.31
good	1.82	2.12
mvposey	1.83	1.16
buster	1.84	1.17
praise	1.85	1.53
begin	1.85	1.31
story	1.88	1.52
difficult	1.93	1.68
omg	1.94	1.63
birthday	1.94	1.72
pence	1.95	1.16
lou	1.96	1.47
atmosphere	1.98	1.42
hunter	2.00	0.92
guess	2.00	1.35
holy	2.00	1.48
though	2.01	1.37
unbelievable	2.01	1.10
picture	2.02	1.38
crawdaddy	2.03	1.21
giraffe	2.04	0.97
bummer	2.05	1.60
smart	2.05	1.04
scene	2.05	0.98
sexy	2.06	1.52
such	2.07	1.28
moose	2.08	1.08
savior	2.13	1.46
lets	2.14	1.21
panda	2.16	1.20
honor	2.17	1.22
exciting	2.18	1.56
needed	2.18	1.27
fast	2.21	1.44
easy	2.24	1.58
wonderful	2.24	1.04
quick	2.24	1.51
present	2.26	1.52
ab	2.26	1.59
ty	2.26	1.40
an	2.29	1.33
adorable	2.29	1.40
dat	2.30	1.46
shark	2.33	1.16
fun	2.40	1.50
blanco	2.41	1.56
huddy	2.42	1.40
thanks	2.50	1.52
damn	2.50	1.59
epic	2.51	1.38
dominant	2.52	1.12
interesting	2.53	1.51
sharing	2.53	1.27
potg	2.54	1.35
insane	2.55	1.19
catch	2.55	1.45
craw	2.56	1.50
woo	2.57	1.39
great	2.58	1.52
haha	2.58	1.63
babe	2.59	1.41
yea	2.61	1.48
lucky	2.63	1.24
hell	2.64	1.53
dp	2.65	1.34
clean	2.66	1.05
awkward	2.68	1.38
incredible	2.69	1.20
woooo	2.72	1.42
bcraw	2.72	1.35
wooooo	2.72	1.40
miss	2.72	1.48
enjoy	2.72	1.17
lt	2.73	1.37
spectacular	2.73	1.13
wow	2.73	1.38
badass	2.74	1.22
impressive	2.75	1.03
close	2.77	1.41
smile	2.77	1.10
yay	2.79	1.38
baserunning	2.82	0.95
dude	2.84	1.42
definitely	2.86	1.56
cool	2.87	1.43
helpful	2.88	1.44
thank	2.89	1.52
boy	2.90	1.37
crazy	2.90	1.29
baby	2.96	1.33
fuckin	2.99	1.46
sweet	3.05	1.30
yes	3.07	1.45
atta	3.10	1.32
man	3.20	1.43
hilarious	3.25	0.63
gorgeous	3.25	1.03
hustle	3.33	1.21
job	3.36	1.19
yeah	3.43	1.31
beautiful	3.55	1.00
