miserable	-5.80	0.69
bread	-5.10	2.27
suck	-5.04	1.41
sucks	-4.67	1.69
crap	-4.64	1.30
salty	-4.25	1.66
rough	-4.25	2.26
trash	-4.17	1.85
bad	-4.16	1.88
brutal	-4.14	2.11
retarded	-4.14	1.31
stupid	-4.12	1.76
cry	-4.11	1.89
crying	-4.08	1.81
qq	-4.07	1.78
worthless	-4.06	2.28
butter	-4.06	2.36
iffy	-4.05	2.22
painful	-4.05	1.25
garbage	-3.97	2.28
troubles	-3.93	2.52
misplay	-3.91	2.26
jesus	-3.85	1.79
leashing	-3.84	3.16
struggles	-3.81	2.68
struggle	-3.80	2.40
holy	-3.69	1.71
raged	-3.68	2.44
mirror	-3.67	2.32
ex	-3.67	2.82
interaction	-3.66	2.23
assholes	-3.63	1.83
horribly	-3.56	2.11
unfortunate	-3.54	2.37
annoyed	-3.53	2.07
awkward	-3.52	2.30
thinks	-3.52	2.13
balancing	-3.50	2.42
fuck	-3.44	1.85
hilarious	-3.44	1.60
underwhelming	-3.43	2.54
misconception	-3.35	1.95
dig	-3.35	2.45
clg	-3.34	2.76
goddamn	-3.31	1.82
advantageous	-3.29	2.39
decides	-3.28	2.70
meh	-3.27	2.64
complain	-3.26	1.86
knows	-3.26	2.45
harsh	-3.25	1.80
shitty	-3.23	2.57
curse	-3.15	2.58
dumb	-3.14	1.91
bullet	-3.14	2.92
par	-3.13	2.72
wonder	-3.12	1.84
lacking	-3.10	2.72
bitch	-3.08	2.16
lackluster	-3.08	2.77
bored	-3.06	2.62
noob	-3.04	1.28
truth	-3.04	2.11
boring	-3.02	1.88
conscious	-3.02	2.68
mistake	-3.02	2.64
issues	-2.99	2.30
previously	-2.98	2.52
fucking	-2.98	2.01
began	-2.96	3.23
norm	-2.94	2.31
joke	-2.94	1.93
god	-2.93	2.00
couldnt	-2.93	2.43
useless	-2.85	2.38
fix	-2.85	2.64
jerk	-2.84	1.78
confusing	-2.83	1.93
wtf	-2.82	1.35
surprised	-2.81	2.07
dual	-2.80	3.08
idiots	-2.80	0.88
crappy	-2.80	2.69
gods	-2.79	1.92
proof	-2.78	2.40
shit	-2.77	1.21
suboptimal	-2.75	2.30
mediocre	-2.75	2.78
dota	-2.74	3.11
noobs	-2.74	1.06
pain	-2.73	1.17
ruin	-2.72	0.83
tough	-2.72	1.50
weight	-2.70	2.49
nightmare	-2.68	2.35
poor	-2.68	2.75
idiot	-2.67	1.18
eg	-2.66	1.57
hell	-2.65	2.03
frustrating	-2.64	1.99
incorrectly	-2.63	2.86
feeder	-2.59	1.13
weakest	-2.59	2.60
annoying	-2.59	2.09
seriously	-2.58	2.32
awhile	-2.57	3.13
sick	-2.56	1.55
favourable	-2.54	1.43
hurts	-2.54	1.28
weak	-2.52	2.51
subpar	-2.52	2.75
gg	-2.50	1.34
missing	-2.50	3.53
scenario	-2.50	2.99
mainly	-2.50	2.36
encounter	-2.49	2.80
screw	-2.47	1.19
tied	-2.45	3.08
misleading	-2.44	2.53
questionable	-2.43	1.60
fucked	-2.43	1.29
ruins	-2.42	0.90
belief	-2.42	2.32
fault	-2.40	3.15
originally	-2.40	2.70
starcraft	-2.39	3.02
acceptable	-2.39	2.30
lowest	-2.39	2.88
fist	-2.39	1.33
suffers	-2.39	2.34
making	-2.37	1.52
omg	-2.37	1.45
google	-2.35	2.43
pissed	-2.34	0.89
cares	-2.34	0.77
sadly	-2.34	2.49
ineffective	-2.33	1.64
fucks	-2.32	0.85
overkill	-2.32	1.60
life	-2.30	0.91
dick	-2.30	1.22
redundant	-2.29	1.62
bullshit	-2.28	1.16
shame	-2.27	1.96
possibly	-2.27	2.87
rager	-2.26	1.14
inefficient	-2.25	1.91
feeding	-2.21	0.88
unwinnable	-2.21	1.38
trouble	-2.21	1.60
everybody	-2.20	0.88
feeds	-2.20	0.80
silly	-2.20	1.37
flip	-2.19	1.43
ever	-2.18	2.57
objectively	-2.18	3.07
living	-2.17	1.09
abysmal	-2.17	2.63
interest	-2.17	2.21
realizing	-2.16	3.31
tears	-2.16	1.00
highest	-2.15	2.81
likes	-2.14	3.36
flames	-2.14	0.83
everyone	-2.14	0.97
jack	-2.13	1.20
ass	-2.13	1.36
ect	-2.12	1.17
forgotten	-2.12	2.38
necessary	-2.12	2.25
ks	-2.12	1.11
99	-2.12	2.91
inferior	-2.11	2.14
bugs	-2.11	1.18
vs	-2.10	1.36
kid	-2.09	1.03
report	-2.08	1.02
decisions	-2.07	1.53
heck	-2.06	1.16
sure	-2.06	2.94
problems	-2.05	1.49
clunky	-2.05	1.19
troll	-2.01	1.03
sucked	-2.01	2.61
unfortunately	-2.00	2.33
realize	-1.99	3.27
folks	-1.98	2.77
against	-1.98	1.63
screws	-1.98	1.18
strange	-1.97	1.40
laugh	-1.96	1.11
flamed	-1.96	0.76
piss	-1.95	0.98
mandatory	-1.95	1.61
prove	-1.94	3.06
blame	-1.93	0.99
absolute	-1.93	2.93
nothing	-1.91	3.05
tricky	-1.90	1.32
utterly	-1.89	0.88
pointless	-1.89	1.66
unsafe	-1.88	1.64
blocking	-1.88	1.06
imagine	-1.88	2.38
clearly	-1.87	3.16
scalings	-1.87	2.17
complaining	-1.86	1.13
suicide	-1.86	1.40
yell	-1.86	0.85
cocky	-1.85	1.25
reported	-1.85	0.87
unnecessary	-1.83	1.38
failing	-1.82	1.45
obnoxious	-1.82	1.08
compared	-1.81	1.89
weird	-1.81	1.24
e.g	-1.80	1.52
frustrated	-1.79	0.84
unreliable	-1.79	2.00
afk	-1.79	0.88
ragers	-1.79	0.95
screwed	-1.78	1.51
inconsistent	-1.78	1.49
connection	-1.78	1.63
nuts	-1.78	2.82
doing	-1.78	3.46
internet	-1.77	1.23
among	-1.76	3.32
unfair	-1.75	1.12
aps	-1.75	1.61
mistaken	-1.75	3.01
stomping	-1.75	1.06
lives	-1.74	0.82
acting	-1.74	1.14
hardcore	-1.74	1.60
upset	-1.74	0.85
dislike	-1.73	2.80
suffer	-1.73	1.68
crushed	-1.73	1.40
bs	-1.73	1.00
flamers	-1.73	0.91
dominated	-1.72	1.43
happens	-1.72	1.46
selfish	-1.71	1.14
ignorant	-1.71	2.98
decision	-1.71	1.49
uncomfortable	-1.71	1.33
crushing	-1.70	1.28
overextending	-1.70	1.48
feeders	-1.70	0.89
something	-1.70	3.34
destroys	-1.70	1.37
butt	-1.69	1.03
toxic	-1.69	0.88
nobody	-1.69	1.21
make	-1.68	1.84
wasted	-1.68	1.61
trolls	-1.68	0.90
pls	-1.68	1.38
wrecks	-1.67	1.15
intentionally	-1.65	0.85
trolling	-1.65	0.81
confused	-1.65	2.97
eh	-1.64	1.34
fail	-1.64	1.41
scrub	-1.63	1.17
wreck	-1.63	1.35
wants	-1.63	2.99
godlike	-1.63	2.57
understands	-1.63	1.43
mad	-1.63	0.91
versus	-1.62	0.97
performing	-1.62	1.36
flame	-1.62	0.79
exactly	-1.62	3.28
else	-1.62	1.37
terror	-1.62	1.81
unkillable	-1.62	1.65
fails	-1.61	0.89
odd	-1.61	1.26
muted	-1.61	0.83
dead	-1.61	1.41
lack	-1.60	1.96
scare	-1.59	1.15
disgusting	-1.59	2.59
thinking	-1.59	3.38
assume	-1.58	3.30
truck	-1.58	1.25
pc	-1.58	1.50
sees	-1.58	1.29
fluid	-1.58	1.55
status	-1.57	1.50
did	-1.57	3.28
swear	-1.57	2.49
outplays	-1.57	1.18
greedy	-1.57	1.35
feed	-1.57	0.88
difficulty	-1.56	1.46
shut	-1.56	1.15
misplays	-1.56	1.44
afks	-1.54	0.87
honest	-1.53	2.19
rage	-1.53	0.81
bug	-1.53	1.22
badly	-1.53	1.56
why	-1.52	3.40
fake	-1.52	1.22
worse	-1.51	1.29
messes	-1.50	1.07
teammates	-1.50	0.98
upper	-1.50	1.55
values	-1.49	1.56
i.e	-1.49	1.14
outplayed	-1.49	1.25
made	-1.49	1.33
random	-1.49	1.38
shuts	-1.48	1.34
mistakes	-1.47	1.59
clue	-1.47	1.86
kids	-1.47	0.92
broke	-1.47	0.95
who	-1.46	1.10
part	-1.46	3.36
shotcalling	-1.45	1.53
ignore	-1.45	0.81
rework	-1.45	3.50
acknowledge	-1.45	1.69
outclassed	-1.45	1.69
melee	-1.45	1.49
load	-1.44	0.98
pulling	-1.44	0.97
drawing	-1.44	1.24
insult	-1.44	1.23
balls	-1.44	1.01
positional	-1.44	1.44
poorly	-1.42	1.43
right	-1.42	3.23
rek'sai	-1.41	1.31
inevitably	-1.41	0.89
hardest	-1.41	3.43
1/4	-1.41	1.11
anxiety	-1.40	1.22
desired	-1.40	1.04
classic	-1.40	1.08
fk	-1.39	1.13
challenge	-1.39	1.03
yolo	-1.39	1.11
impossible	-1.39	1.40
raging	-1.39	0.86
abandon	-1.39	1.09
dc	-1.39	0.89
ranged	-1.39	1.68
shits	-1.39	1.16
angry	-1.39	0.82
famous	-1.38	0.81
commit	-1.37	1.09
base	-1.37	1.77
lie	-1.37	1.00
broken	-1.37	1.29
unit	-1.36	1.11
unstoppable	-1.36	1.69
such	-1.36	1.01
he/she	-1.36	0.98
unlike	-1.35	1.32
punishes	-1.35	1.50
caused	-1.35	1.18
guaranteed	-1.34	1.30
lag	-1.34	1.37
asshole	-1.34	1.10
blaming	-1.33	1.10
case	-1.33	3.23
comparison	-1.33	1.87
boss	-1.33	1.19
flaming	-1.33	0.86
rekt	-1.32	1.11
laughing	-1.31	1.04
smooth	-1.31	1.53
admittedly	-1.30	2.01
doable	-1.30	1.39
mute	-1.30	0.85
ignored	-1.30	1.09
arguably	-1.30	3.36
safest	-1.30	3.48
rng	-1.29	1.14
struggled	-1.28	1.10
causing	-1.28	1.21
struggling	-1.28	1.29
flaws	-1.27	1.42
hanging	-1.27	1.47
se	-1.27	1.45
ridiculous	-1.26	2.62
aware	-1.26	2.27
most	-1.26	3.57
murder	-1.26	1.15
secondly	-1.26	1.08
screwing	-1.25	1.23
responsible	-1.24	1.10
accurate	-1.24	3.18
solved	-1.24	1.12
easiest	-1.23	3.41
capitalize	-1.23	1.64
weaknesses	-1.22	1.43
false	-1.22	3.15
awareness	-1.22	1.59
bases	-1.22	1.76
improvements	-1.22	1.44
wrecked	-1.22	1.11
barring	-1.21	0.99
punishing	-1.21	1.39
already	-1.21	1.86
desperate	-1.21	1.42
compensate	-1.21	1.79
rates	-1.20	1.58
comparing	-1.20	1.20
exact	-1.20	1.52
everything	-1.20	1.63
teammate	-1.19	1.04
recognize	-1.19	1.88
faker	-1.19	1.03
ideal	-1.19	3.25
ryan	-1.19	1.22
dominates	-1.19	1.42
untargetable	-1.18	1.51
says	-1.18	1.16
monster	-1.18	1.78
punish	-1.18	1.49
complete	-1.18	1.28
etc	-1.17	0.77
essential	-1.17	1.21
strategic	-1.17	1.32
bite	-1.17	1.01
winrates	-1.17	1.40
muting	-1.17	0.85
assuming	-1.17	2.10
fastest	-1.16	3.41
choi	-1.16	1.18
macro	-1.16	1.33
issue	-1.16	1.65
riot	-1.16	0.84
manageable	-1.16	1.20
unless	-1.16	1.53
noting	-1.16	1.10
luckily	-1.15	0.72
prevented	-1.15	1.10
tries	-1.15	1.26
bet	-1.15	3.29
positioning	-1.15	1.53
urf	-1.15	0.90
prone	-1.14	1.56
smarter	-1.14	1.33
immobile	-1.14	1.77
strongest	-1.14	3.15
fancy	-1.14	1.27
unfavorable	-1.14	1.37
clutch	-1.13	1.14
dumpster	-1.13	1.18
mained	-1.13	3.50
worded	-1.13	2.90
pressured	-1.12	0.97
happening	-1.12	2.06
crush	-1.12	1.16
causes	-1.12	1.17
frankly	-1.12	1.00
peoples	-1.12	0.86
kicked	-1.11	0.96
laning	-1.11	1.91
hot	-1.11	1.11
former	-1.11	0.85
fool	-1.10	0.95
according	-1.10	1.06
kidding	-1.10	1.26
favorable	-1.10	1.68
c9	-1.10	1.27
dumpstered	-1.09	1.13
weaker	-1.09	1.82
immune	-1.09	1.51
susceptible	-1.09	1.58
pray	-1.09	1.16
buys	-1.09	1.21
could	-1.09	3.18
plain	-1.09	1.15
example	-1.08	0.91
solve	-1.08	1.25
quit	-1.08	1.14
determined	-1.08	0.98
tougher	-1.08	1.34
mates	-1.08	0.87
rude	-1.07	1.25
pre6	-1.07	1.56
reality	-1.07	1.12
tier	-1.07	1.33
system	-1.06	0.72
act	-1.06	1.21
obvious	-1.05	1.17
frustration	-1.05	0.97
anyone	-1.05	1.18
gamble	-1.05	1.31
zero	-1.04	1.40
beats	-1.04	1.18
calling	-1.04	1.08
shine	-1.04	1.81
teamates	-1.04	0.86
sound	-1.04	1.18
person	-1.04	0.90
board	-1.02	1.21
miles	-1.02	1.13
needs	-1.02	1.01
machine	-1.02	1.53
action	-1.02	1.43
anybody	-1.01	1.05
notice	-1.01	1.74
1v5	-1.01	1.16
magically	-1.01	1.01
proper	-1.01	1.57
predictable	-1.00	1.24
problematic	-1.00	1.18
runs	-1.00	1.09
felt	-1.00	2.97
stomped	-1.00	1.08
corner	-1.00	0.95
intense	-1.00	1.34
excluding	-1.00	1.83
consistency	-1.00	1.28
precisely	-1.00	1.59
worried	-1.00	1.61
mantra	-1.00	1.25
necessity	-1.00	1.34
noone	-1.00	0.95
disadvantage	-1.00	1.35
unreal	-0.99	2.47
linked	-0.99	0.98
discouraged	-0.99	0.91
downside	-0.99	1.52
tsm	-0.99	1.25
care	-0.99	1.33
rotations	-0.98	1.29
leash	-0.98	1.11
overrated	-0.98	1.30
pre	-0.97	1.36
accomplish	-0.97	1.52
1-5	-0.97	1.61
uses	-0.97	0.96
wrecking	-0.97	1.12
exist	-0.97	1.20
rito	-0.97	1.24
world	-0.97	3.22
destroy	-0.97	1.14
errors	-0.96	1.59
fall	-0.96	1.30
counters	-0.96	1.86
manaless	-0.96	1.43
recover	-0.96	1.22
ego	-0.96	1.01
tilt	-0.96	0.87
fixing	-0.96	1.52
responsibility	-0.96	1.15
tilting	-0.95	0.86
ratios	-0.95	1.88
higher	-0.95	1.34
rate	-0.95	1.38
funny	-0.95	2.24
capped	-0.94	1.25
recognizing	-0.94	1.62
balance	-0.94	0.85
duck	-0.94	1.33
smart	-0.94	1.33
souls	-0.93	1.10
difficult	-0.93	1.24
led	-0.93	1.09
invades	-0.93	1.60
excuse	-0.93	2.07
dominating	-0.93	1.22
practically	-0.92	1.20
outscaled	-0.92	1.25
belong	-0.92	0.84
identify	-0.92	1.69
anger	-0.92	0.95
legitimately	-0.92	0.80
perform	-0.92	1.25
dominate	-0.92	1.22
dictate	-0.91	1.12
complicated	-0.91	1.08
design	-0.91	0.79
1-6	-0.91	1.63
spread	-0.90	1.46
reactions	-0.90	1.41
overextend	-0.90	1.39
stomp	-0.90	1.00
nervous	-0.90	0.94
tells	-0.90	1.11
losing	-0.90	1.33
abused	-0.90	1.13
freaking	-0.89	2.38
deserve	-0.89	0.90
punished	-0.89	1.22
golden	-0.88	1.27
winrate	-0.88	1.37
bomb	-0.88	0.95
ahead	-0.88	1.74
plz	-0.88	1.28
calls	-0.88	1.17
barrel	-0.88	0.89
vast	-0.87	1.44
absolutely	-0.87	0.95
opposition	-0.87	1.15
approaching	-0.87	1.27
mentally	-0.87	0.79
stressful	-0.86	0.94
surrender	-0.86	0.93
whatnot	-0.86	0.78
leading	-0.86	0.91
soul	-0.86	1.00
needing	-0.86	1.36
scary	-0.86	1.62
beating	-0.86	1.05
lower	-0.86	1.41
capitalizing	-0.86	1.33
matchups	-0.86	1.22
shutdown	-0.86	1.06
carrying	-0.85	1.31
reliant	-0.85	1.37
losses	-0.85	1.10
avoided	-0.85	0.97
instance	-0.85	1.16
estimate	-0.85	1.18
mess	-0.85	1.16
attempting	-0.85	0.91
wastes	-0.85	1.12
literally	-0.85	1.39
except	-0.84	1.70
axe	-0.84	0.97
whole	-0.84	1.48
dirty	-0.84	1.25
stomps	-0.84	1.32
leader	-0.84	1.16
risking	-0.84	1.15
result	-0.84	1.10
implying	-0.83	3.48
distracted	-0.83	0.84
nida	-0.82	1.81
matchup	-0.82	1.20
gtfo	-0.82	1.25
severely	-0.82	1.17
absurd	-0.82	2.51
noticing	-0.82	1.82
held	-0.82	0.94
killer	-0.82	1.71
ticking	-0.82	0.96
secured	-0.81	1.00
everywhere	-0.81	0.94
irrelevant	-0.81	1.37
devastating	-0.81	1.72
koreans	-0.81	0.88
winnable	-0.80	1.31
loads	-0.80	1.24
know	-0.80	2.43
aside	-0.80	0.92
caller	-0.80	1.17
closely	-0.80	1.09
remains	-0.79	1.64
countered	-0.79	1.01
consensus	-0.79	1.12
dies	-0.79	0.91
determines	-0.79	0.91
misses	-0.79	1.31
desire	-0.78	0.68
satisfying	-0.78	1.25
destroyed	-0.78	1.13
behavior	-0.78	1.06
were	-0.78	1.74
kill	-0.78	1.14
floor	-0.77	1.32
closest	-0.77	1.84
exception	-0.77	1.67
breeze	-0.77	1.12
figuring	-0.77	1.80
matchmaking	-0.77	0.84
bullies	-0.77	1.25
hurting	-0.77	1.12
orb	-0.77	0.98
mentioning	-0.77	1.15
wu	-0.77	0.93
where	-0.77	2.18
50/50	-0.77	1.02
theyre	-0.77	1.03
projectile	-0.77	0.96
counts	-0.76	0.75
grand	-0.76	1.19
plays	-0.76	0.90
essentially	-0.76	1.24
speeds	-0.76	1.60
skillcap	-0.76	1.36
statistically	-0.76	1.14
compare	-0.76	1.25
failed	-0.76	1.13
amongst	-0.76	2.02
almost	-0.76	1.42
trap	-0.75	1.00
counter	-0.75	1.57
fragile	-0.75	1.62
longest	-0.75	2.09
surviving	-0.75	1.22
camped	-0.75	1.07
eating	-0.75	1.03
challenging	-0.75	1.25
micro	-0.75	1.16
others	-0.75	1.07
died	-0.75	1.65
loses	-0.75	0.82
house	-0.75	0.77
outdated	-0.75	1.18
overly	-0.75	1.11
risky	-0.74	1.44
ceiling	-0.74	1.30
achieve	-0.74	0.82
tired	-0.74	0.84
remembering	-0.74	1.38
toxicity	-0.74	0.97
deserves	-0.74	0.73
scores	-0.74	1.06
granted	-0.74	0.93
scared	-0.74	1.45
disregard	-0.74	3.43
beta	-0.74	1.43
confident	-0.73	1.56
math	-0.73	3.44
sneaky	-0.73	0.64
partly	-0.73	1.16
actions	-0.73	1.26
saying	-0.72	3.57
masters	-0.72	0.97
mechanical	-0.72	1.19
concern	-0.72	1.38
virtually	-0.72	1.23
cheesy	-0.72	1.00
heroes	-0.72	1.11
situation	-0.72	1.98
winning	-0.72	1.40
mana	-0.72	1.39
characters	-0.72	0.96
pretend	-0.71	1.39
yours	-0.71	1.32
mentality	-0.71	1.16
scenarios	-0.71	1.94
negative	-0.71	0.85
nid	-0.71	1.52
90	-0.71	1.36
lazy	-0.71	1.04
triple	-0.70	0.88
someone	-0.70	1.12
beat	-0.70	1.21
somebody	-0.70	1.12
ignores	-0.70	0.99
requirement	-0.70	1.34
loss	-0.70	1.13
filled	-0.70	0.90
defeat	-0.69	0.91
task	-0.69	1.12
follows	-0.69	0.97
taunt	-0.69	1.05
incorrect	-0.69	3.53
landing	-0.69	1.28
situations	-0.69	1.99
stress	-0.69	0.89
intended	-0.68	0.89
neither	-0.68	1.50
disappear	-0.68	1.08
hard	-0.68	1.23
fly	-0.68	1.20
critical	-0.68	1.06
unfamiliar	-0.68	1.14
guarantee	-0.68	1.27
understand	-0.68	2.10
legit	-0.68	1.15
outcome	-0.68	1.22
hardly	-0.68	1.12
exercise	-0.68	0.70
circle	-0.68	1.13
stressed	-0.68	0.87
gun	-0.68	0.89
explode	-0.67	1.27
stayed	-0.67	1.31
requires	-0.67	1.18
beast	-0.67	2.20
miss	-0.67	1.59
occur	-0.66	1.58
likewise	-0.66	0.80
tryhard	-0.66	0.95
ganks	-0.66	1.78
telling	-0.66	1.59
everytime	-0.66	0.99
kicks	-0.65	1.01
bullied	-0.65	1.12
lesser	-0.65	0.81
nearly	-0.65	1.32
snowbally	-0.65	1.75
decide	-0.65	1.03
95	-0.65	1.32
arrow	-0.65	0.95
overpowered	-0.65	1.50
flow	-0.65	1.16
babysit	-0.65	1.01
risks	-0.65	1.13
animations	-0.64	1.13
hypercarry	-0.64	1.74
rewarding	-0.64	1.18
circumstances	-0.64	1.84
guarantees	-0.64	1.12
permabanned	-0.64	1.23
suspect	-0.64	0.92
nerfing	-0.64	0.99
k	-0.64	0.89
average	-0.64	1.07
2v1	-0.64	1.46
proceeded	-0.64	0.83
fixed	-0.64	1.18
improved	-0.64	1.54
intent	-0.64	0.89
wat	-0.63	1.47
supposed	-0.63	2.33
fire	-0.63	0.91
boy	-0.63	1.09
worry	-0.63	1.40
extending	-0.63	1.12
low	-0.63	1.30
single	-0.63	1.74
non	-0.63	1.66
beaten	-0.62	0.96
early	-0.62	1.82
counting	-0.62	1.08
exceptional	-0.62	2.63
1v2	-0.62	1.36
and/or	-0.62	1.27
faces	-0.62	0.87
balanced	-0.62	1.42
wise	-0.62	1.52
entire	-0.62	1.28
problem	-0.62	1.69
phase	-0.62	1.72
merely	-0.62	1.02
judgement	-0.62	1.19
simpler	-0.62	1.03
separates	-0.62	1.06
break	-0.62	0.89
curiosity	-0.61	1.60
ending	-0.61	0.97
deaths	-0.61	0.96
animation	-0.61	1.08
ca	-0.61	1.36
smash	-0.61	0.96
concerned	-0.61	1.40
research	-0.61	1.07
wary	-0.61	1.25
happened	-0.61	1.85
whoever	-0.61	0.96
body	-0.61	0.79
tradeoff	-0.60	1.33
difference	-0.60	1.42
realistic	-0.60	1.39
unable	-0.60	1.10
execution	-0.60	1.10
opponents	-0.60	1.15
doubt	-0.60	1.23
w/l	-0.60	0.97
cautious	-0.60	1.12
possibility	-0.60	1.35
b/c	-0.60	0.95
streaks	-0.60	1.06
leads	-0.60	0.99
exists	-0.60	1.04
evaluate	-0.60	1.38
ai	-0.60	0.95
whose	-0.60	0.99
forcing	-0.60	1.24
goes	-0.60	0.87
alternatives	-0.60	1.24
pre-6	-0.60	1.82
accuracy	-0.59	1.28
referring	-0.59	3.50
roamed	-0.59	1.38
moves	-0.59	1.17
confirmed	-0.59	1.01
baited	-0.59	1.11
call	-0.59	1.16
forgiving	-0.59	1.13
turns	-0.59	1.16
tunnel	-0.59	1.08
cancelling	-0.59	1.07
attitude	-0.59	0.90
ratio	-0.59	1.25
3v2	-0.59	1.40
harm	-0.59	1.15
hungry	-0.58	1.45
wasting	-0.58	1.15
easy	-0.58	1.36
pulled	-0.58	0.92
achieved	-0.58	0.94
falls	-0.58	1.73
bothered	-0.58	1.18
careful	-0.58	1.20
idea	-0.58	1.87
point	-0.58	2.28
emotions	-0.58	0.94
intensive	-0.57	1.15
3v1	-0.57	1.41
tops	-0.57	1.27
reacting	-0.57	1.20
dominant	-0.57	1.73
leaning	-0.57	0.97
cancel	-0.57	1.09
ham	-0.57	1.08
match-up	-0.57	1.16
figure	-0.56	1.80
sun	-0.56	0.87
priority	-0.56	1.32
shy	-0.56	0.95
marksmen	-0.56	1.23
stopping	-0.56	1.27
kick	-0.56	1.04
had	-0.56	1.34
pay	-0.56	1.29
swing	-0.56	1.06
24/7	-0.56	1.06
weakness	-0.56	1.45
realise	-0.55	1.95
resulting	-0.55	1.03
mechanically	-0.55	1.24
inevitable	-0.55	0.87
state	-0.55	1.34
transfer	-0.55	1.25
convinced	-0.55	3.46
4th	-0.55	1.31
rare	-0.55	1.52
aggressive	-0.55	1.11
calculate	-0.55	1.38
ups	-0.55	1.24
inability	-0.55	1.18
demanding	-0.55	1.14
nearest	-0.55	1.61
freelo	-0.55	1.10
towerdive	-0.55	1.27
worrying	-0.55	1.29
complex	-0.54	1.19
trying	-0.54	1.99
risk	-0.54	1.17
w/e	-0.54	0.88
facing	-0.54	0.99
required	-0.54	1.29
apart	-0.54	1.06
ganked	-0.54	1.12
outdamage	-0.54	1.23
mia	-0.54	1.29
positioned	-0.54	1.61
comparable	-0.53	1.53
invaded	-0.53	1.20
ads	-0.53	1.25
cap	-0.53	1.19
clicks	-0.53	1.88
rushes	-0.53	0.99
instances	-0.53	1.43
fed	-0.53	1.07
yet	-0.53	1.16
infinite	-0.53	1.63
face	-0.53	0.92
unlock	-0.53	1.25
outscales	-0.53	1.25
casters	-0.53	1.26
underestimated	-0.53	1.16
skill	-0.52	1.20
kda	-0.52	1.31
happen	-0.52	1.88
meteos	-0.52	0.92
regardless	-0.52	1.08
prevents	-0.52	1.07
baby	-0.52	1.50
slippery	-0.52	1.33
differences	-0.52	1.32
own	-0.52	1.25
accurately	-0.52	1.33
eyes	-0.52	0.74
outscale	-0.52	1.28
traded	-0.52	1.12
suddenly	-0.52	0.79
talking	-0.52	2.20
exceptions	-0.51	1.40
havent	-0.51	1.09
compete	-0.51	1.10
fps	-0.51	0.91
transitioning	-0.51	1.47
advantages	-0.51	1.20
ground	-0.51	1.72
described	-0.51	1.31
fun	-0.51	0.98
melees	-0.51	1.25
5th	-0.51	1.35
aimed	-0.51	0.82
caught	-0.51	1.14
dependant	-0.51	1.07
attempt	-0.50	1.10
years	-0.50	1.68
rating	-0.50	1.00
exploit	-0.50	1.25
begins	-0.50	0.84
ignoring	-0.50	1.08
threats	-0.50	1.28
4v3	-0.50	1.42
avoid	-0.50	1.09
done	-0.50	2.00
kited	-0.50	1.17
mages	-0.50	1.28
messed	-0.50	1.12
counterplay	-0.50	1.27
outplaying	-0.50	1.14
mao	-0.49	0.79
vayne	-0.49	1.41
phases	-0.49	1.61
auto-attacking	-0.49	1.45
mechanics	-0.49	1.14
boom	-0.49	0.98
surrendering	-0.49	0.95
pattern	-0.49	1.00
canceling	-0.49	1.07
sleeper	-0.49	1.80
kog'maw	-0.49	1.40
dying	-0.49	1.14
stealing	-0.49	1.01
guessing	-0.49	1.96
worthwhile	-0.49	1.04
individually	-0.49	0.91
limit	-0.49	0.88
ve	-0.49	1.23
involved	-0.49	1.10
click	-0.48	1.76
cursor	-0.48	1.63
throws	-0.48	1.01
boxes	-0.48	1.04
conditions	-0.48	1.54
confirm	-0.48	1.14
donger	-0.48	1.01
rarely	-0.48	1.42
committing	-0.48	1.10
mastering	-0.48	1.27
fewer	-0.48	1.08
tristana	-0.48	1.43
attention	-0.48	1.16
trist	-0.48	1.43
realised	-0.48	1.51
sooo	-0.48	1.29
kog	-0.48	1.44
kogmaw	-0.48	1.44
threat	-0.48	1.30
continues	-0.47	1.09
especially	-0.47	1.48
see	-0.47	1.68
harassed	-0.47	1.10
aka	-0.47	0.99
hurt	-0.47	0.98
simultaneously	-0.47	0.86
waste	-0.47	1.11
safer	-0.47	1.47
cced	-0.47	1.14
prevent	-0.47	1.09
clone	-0.47	1.07
mood	-0.47	0.82
seeing	-0.47	1.70
poked	-0.47	1.11
yesterday	-0.47	1.09
clarify	-0.47	2.99
lucian	-0.46	1.33
competition	-0.46	0.90
unlikely	-0.46	1.38
niche	-0.46	1.40
esp	-0.46	1.12
fortune	-0.46	1.33
draven	-0.46	1.33
reward	-0.46	1.20
aspect	-0.46	1.58
biased	-0.46	1.52
tibbers	-0.46	1.13
water	-0.46	0.81
train	-0.46	1.06
cases	-0.46	1.85
strictly	-0.46	1.20
caitlin	-0.46	1.31
negate	-0.46	0.96
deadly	-0.45	1.45
hyper	-0.45	1.50
corki	-0.45	1.33
graves	-0.45	1.33
kalista	-0.45	1.16
mf	-0.45	1.33
nature	-0.45	1.16
varus	-0.45	1.33
ashe	-0.45	1.33
ezreal	-0.45	1.33
named	-0.45	0.86
choices	-0.45	1.39
flashed	-0.45	1.36
left	-0.45	1.71
quiet	-0.45	1.03
cat	-0.45	1.07
killed	-0.45	1.09
improvement	-0.45	1.04
clicking	-0.45	1.73
step	-0.45	1.17
eliminate	-0.45	1.26
match-ups	-0.45	1.14
twitch	-0.44	1.36
2v2	-0.44	1.39
faceroll	-0.44	1.06
adcs	-0.44	1.31
solely	-0.44	1.00
nor	-0.44	1.32
term	-0.44	1.06
slower	-0.44	1.41
impressive	-0.44	2.13
stunned	-0.44	1.10
anything	-0.44	1.81
midlaners	-0.44	1.23
food	-0.44	0.71
4.5	-0.44	1.24
touch	-0.44	1.42
ranger	-0.44	1.19
hence	-0.44	1.00
odds	-0.44	0.97
dream	-0.43	0.86
nowadays	-0.43	1.64
jinx	-0.43	1.33
outranges	-0.43	1.24
reaction	-0.43	1.10
caitlyn	-0.43	1.33
opening	-0.43	1.16
sivir	-0.43	1.33
dump	-0.43	0.96
intend	-0.43	0.84
getting	-0.43	1.06
specially	-0.43	1.15
infinitely	-0.43	1.32
favour	-0.43	1.04
lcs	-0.43	0.93
chaos	-0.43	1.01
succeed	-0.43	1.11
fought	-0.43	1.32
motivation	-0.43	1.03
manages	-0.43	0.87
stupidly	-0.43	1.55
consistently	-0.42	1.06
stopped	-0.42	1.73
was	-0.42	1.50
snared	-0.42	1.09
predict	-0.42	1.16
choosing	-0.42	1.21
trigger	-0.42	0.96
blind	-0.42	0.96
meat	-0.42	1.31
high	-0.42	1.76
hella	-0.42	1.21
unlucky	-0.41	0.88
opposed	-0.41	0.97
dived	-0.41	1.12
understanding	-0.41	1.17
snowball	-0.41	1.19
bursted	-0.41	1.09
hand	-0.41	1.40
optimally	-0.41	1.23
jokes	-0.41	0.94
dives	-0.41	1.14
joking	-0.41	1.63
reflexes	-0.41	1.11
cait	-0.41	1.33
enjoyable	-0.41	0.95
relevant	-0.41	1.55
semi	-0.41	1.29
tone	-0.41	1.39
occasional	-0.41	0.93
quinn	-0.41	1.23
rid	-0.40	0.92
ennemy	-0.40	0.92
death	-0.40	1.04
wherever	-0.40	0.88
purchases	-0.40	0.93
aggresive	-0.40	1.02
blocked	-0.40	0.88
feet	-0.40	1.33
jungled	-0.40	0.98
minimum	-0.40	1.19
teamwork	-0.40	1.10
release	-0.40	0.86
tiers	-0.40	0.92
victory	-0.40	0.94
dove	-0.40	1.09
eat	-0.40	0.83
none	-0.40	1.28
practical	-0.40	1.21
themselves	-0.40	0.99
neat	-0.39	2.36
threatening	-0.39	1.27
results	-0.39	1.19
punch	-0.39	0.90
outtrade	-0.39	1.23
t1	-0.39	0.89
nope	-0.39	0.97
dr	-0.39	1.25
skilled	-0.39	1.03
riven	-0.39	1.03
pinged	-0.39	1.32
nerf	-0.39	1.26
stands	-0.39	1.23
shot	-0.39	1.02
itemizing	-0.39	0.89
leagues	-0.38	0.93
sits	-0.38	0.85
emphasize	-0.38	1.12
steal	-0.38	0.94
pinging	-0.38	1.19
destroying	-0.38	1.16
chunked	-0.38	1.10
across	-0.38	1.06
rene	-0.38	1.11
strengths	-0.38	1.22
pony	-0.38	1.09
sat	-0.38	1.04
sole	-0.38	1.35
w/o	-0.38	0.90
target	-0.38	1.16
alternatively	-0.38	1.02
efficiency	-0.37	1.26
successful	-0.37	1.06
move	-0.37	1.69
overwhelming	-0.37	1.82
differently	-0.37	1.27
epic	-0.37	2.24
adc	-0.37	1.31
stop	-0.37	0.88
ez	-0.37	1.27
overextended	-0.37	1.11
shyv	-0.37	1.06
ton	-0.37	1.76
timers	-0.37	1.13
bruisers	-0.37	1.23
guy	-0.37	1.12
box	-0.37	0.95
becomes	-0.37	1.28
eats	-0.37	0.80
magical	-0.37	1.11
having	-0.37	1.30
bombs	-0.37	0.91
numbers	-0.37	1.22
preventing	-0.37	1.07
falling	-0.37	0.99
initiated	-0.36	1.21
minimap	-0.36	1.07
known	-0.36	0.92
basically	-0.36	1.74
movements	-0.36	1.10
regret	-0.36	0.94
unsure	-0.36	2.06
recently	-0.36	1.26
exclusively	-0.36	1.07
stronger	-0.36	1.61
determine	-0.36	1.10
predicting	-0.36	1.06
affect	-0.36	0.93
control	-0.36	1.21
legendary	-0.36	0.97
thin	-0.36	1.02
skills	-0.36	1.17
shouldnt	-0.36	1.18
loosing	-0.36	1.15
snowballing	-0.36	1.16
attacked	-0.36	1.06
sr	-0.36	0.86
curve	-0.36	1.14
bounces	-0.36	0.97
mental	-0.36	0.94
uncommon	-0.36	1.49
phrase	-0.36	1.60
underrated	-0.35	1.46
agressive	-0.35	1.15
forever	-0.35	0.94
focused	-0.35	1.01
precise	-0.35	1.27
win	-0.35	1.09
desperately	-0.35	1.50
feeling	-0.35	1.15
backed	-0.35	1.13
dodged	-0.35	0.99
walks	-0.35	0.86
moments	-0.35	1.17
patterns	-0.35	1.06
silenced	-0.35	1.08
training	-0.34	0.79
subtle	-0.34	1.07
vulnerable	-0.34	1.66
mouse	-0.34	1.57
grabbed	-0.34	1.05
being	-0.34	1.14
shadow	-0.34	0.81
toplaners	-0.34	1.22
earlygame	-0.34	1.89
prime	-0.34	1.13
sake	-0.34	1.07
bracket	-0.34	0.93
rivens	-0.34	0.90
walked	-0.34	1.01
competent	-0.34	1.04
stepping	-0.34	1.29
excited	-0.34	2.61
throughout	-0.34	1.40
bind	-0.33	1.13
occasions	-0.33	1.21
theirs	-0.33	1.18
solution	-0.33	2.76
patience	-0.33	1.08
relying	-0.33	1.01
65	-0.33	1.08
55	-0.33	1.04
75	-0.33	1.09
quadra	-0.33	0.84
steps	-0.33	0.90
block	-0.33	0.91
3v5	-0.33	1.00
50	-0.33	1.05
early-game	-0.33	1.87
bjergsen	-0.33	1.18
arguing	-0.33	1.95
1v3	-0.33	1.11
urgot	-0.33	1.20
calm	-0.33	0.88
mitigate	-0.33	1.16
lacks	-0.33	1.92
patches	-0.33	1.33
insert	-0.33	1.14
godly	-0.32	2.42
testing	-0.32	1.49
abusing	-0.32	1.19
dieing	-0.32	1.10
gankable	-0.32	1.34
toss	-0.32	0.97
hunt	-0.32	1.02
map	-0.32	1.12
matters	-0.32	1.24
thrown	-0.32	0.93
race	-0.32	0.94
renekton	-0.32	1.04
besides	-0.32	1.27
70	-0.32	1.09
boosted	-0.32	0.78
influence	-0.32	1.03
slowed	-0.32	1.08
parts	-0.32	1.54
wisely	-0.32	1.05
minus	-0.32	0.89
favor	-0.32	1.12
age	-0.32	0.75
unpopular	-0.32	1.51
drops	-0.32	1.07
knowing	-0.31	1.21
valid	-0.31	2.92
out-trade	-0.31	1.16
timings	-0.31	1.11
create	-0.31	1.35
inexperienced	-0.31	0.99
rip	-0.31	0.97
returning	-0.31	1.10
pulls	-0.31	1.06
shrug	-0.31	0.99
strategy	-0.31	1.11
camping	-0.31	1.01
including	-0.31	1.31
calculated	-0.31	1.30
define	-0.31	1.16
focuses	-0.31	0.92
ulted	-0.31	1.02
countergank	-0.30	1.14
mindful	-0.30	1.09
negates	-0.30	0.96
means	-0.30	2.03
furthermore	-0.30	1.04
translate	-0.30	1.19
secret	-0.30	0.88
purpose	-0.30	1.23
latest	-0.30	1.27
streak	-0.30	0.89
limited	-0.30	1.55
smoother	-0.30	1.24
teemo	-0.30	0.90
crutch	-0.30	1.11
windwall	-0.30	0.96
hooked	-0.30	1.06
conservative	-0.30	1.00
mastered	-0.30	0.95
hypercarries	-0.30	1.55
location	-0.29	1.15
harder	-0.29	1.28
retaliate	-0.29	1.20
without	-0.29	1.14
users	-0.29	0.85
sorta	-0.29	1.22
judge	-0.29	1.14
85	-0.29	1.00
augment	-0.29	1.12
controlling	-0.29	1.14
nasus	-0.29	0.99
wins	-0.29	0.90
vlad	-0.29	1.00
formula	-0.29	1.25
occasion	-0.29	1.64
toplane	-0.29	1.09
faced	-0.29	0.91
pokey	-0.29	1.24
lobby	-0.29	0.81
squishier	-0.29	1.25
conventional	-0.29	2.18
no	-0.29	1.40
snowballed	-0.29	0.99
become	-0.29	1.25
slot	-0.29	1.15
created	-0.29	1.14
stable	-0.29	1.09
designed	-0.29	0.99
doublelift	-0.29	0.84
score	-0.29	0.91
goals	-0.29	0.98
business	-0.29	0.82
yorick	-0.29	0.98
damn	-0.29	1.55
caster	-0.28	1.16
jumped	-0.28	1.02
advantage	-0.28	1.18
hidden	-0.28	0.87
becoming	-0.28	1.15
attempts	-0.28	0.97
anywhere	-0.28	1.26
regard	-0.28	1.25
commonly	-0.28	1.42
downvotes	-0.28	1.34
gon	-0.28	1.65
mundo	-0.28	1.00
garen	-0.28	0.98
inherent	-0.28	1.42
45	-0.28	1.05
aspects	-0.28	1.31
60	-0.28	1.07
morale	-0.28	0.93
riskier	-0.28	1.31
nerfs	-0.28	1.21
singed	-0.28	0.97
bait	-0.28	0.95
mechanic	-0.28	0.92
included	-0.28	1.09
renek	-0.28	1.08
darius	-0.28	0.99
master	-0.28	1.03
stops	-0.28	0.92
steroids	-0.28	1.60
trundle	-0.28	0.99
pops	-0.28	0.87
dodge	-0.28	0.98
rolling	-0.28	0.98
encourage	-0.27	0.98
hero	-0.27	0.88
roughly	-0.27	0.95
capable	-0.27	1.18
shen	-0.27	0.98
coming	-0.27	1.35
buttons	-0.27	1.10
proven	-0.27	2.09
insec	-0.27	1.05
suggesting	-0.27	2.05
never	-0.27	1.44
stays	-0.27	1.19
automatically	-0.27	0.85
penta	-0.27	0.86
primarily	-0.27	0.95
buffing	-0.27	1.05
saves	-0.27	0.92
mids	-0.27	1.16
poppy	-0.27	0.98
inherently	-0.27	1.32
member	-0.27	0.92
close	-0.27	1.56
stolen	-0.27	0.96
contribution	-0.27	1.13
goal	-0.26	0.94
mode	-0.26	0.82
spiderlings	-0.26	0.97
lantern	-0.26	1.00
<SPECIAL>	-0.26	0.80
<URL>	-0.26	0.80
throw	-0.26	0.97
visual	-0.26	0.87
cho	-0.26	0.96
concentrate	-0.26	0.96
limiting	-0.26	1.03
relative	-0.26	1.16
outrange	-0.26	1.22
vladimir	-0.26	0.97
engaged	-0.26	1.13
actively	-0.26	1.27
slightest	-0.26	1.24
admit	-0.26	1.34
late-game	-0.26	1.70
affects	-0.26	0.93
situationally	-0.26	1.15
change	-0.26	1.07
mean	-0.26	2.24
yourself	-0.26	1.05
weeks	-0.26	1.38
rapidly	-0.26	0.99
ally	-0.26	0.95
alternative	-0.25	1.50
breaks	-0.25	0.78
going	-0.25	2.11
stages	-0.25	1.54
assess	-0.25	1.27
late	-0.25	1.63
things	-0.25	1.74
must	-0.25	1.36
considerably	-0.25	1.21
meanwhile	-0.25	1.07
improving	-0.25	1.07
gank	-0.25	1.17
hesitant	-0.25	1.46
chogath	-0.25	0.96
failure	-0.25	1.06
improves	-0.25	1.38
coast	-0.25	0.87
knocked	-0.25	1.10
irelia	-0.25	1.00
marksman	-0.25	1.39
moving	-0.25	1.19
mmr	-0.25	0.78
shyvana	-0.25	0.99
below	-0.25	0.88
ensure	-0.25	1.21
heavy	-0.25	1.20
describe	-0.25	1.14
shoved	-0.25	1.09
rant	-0.25	1.23
snowballs	-0.25	1.32
panic	-0.25	1.01
gapclosers	-0.25	1.55
sion	-0.25	0.98
working	-0.25	1.72
stage	-0.24	1.43
maximizing	-0.24	1.18
zoned	-0.24	1.10
threw	-0.24	1.01
gauge	-0.24	1.10
lost	-0.24	1.00
shyvanna	-0.24	1.00
ryze	-0.24	0.97
fallen	-0.24	0.99
proceed	-0.24	0.88
ranking	-0.24	0.80
direction	-0.24	1.15
handedly	-0.24	1.10
gets	-0.24	0.95
based	-0.24	1.01
climb	-0.24	1.15
rumble	-0.24	0.97
revolves	-0.24	1.00
seen	-0.24	1.06
squishy	-0.24	1.22
mostly	-0.24	1.22
nerfed	-0.24	1.20
danger	-0.24	1.04
cho'gath	-0.24	0.96
gangplank	-0.23	0.96
outfarm	-0.23	1.23
lose	-0.23	1.38
doubles	-0.23	1.45
aatrox	-0.23	0.99
knowledge	-0.23	1.14
competitively	-0.23	1.41
cancels	-0.23	1.02
demand	-0.23	0.96
lead	-0.23	1.12
off-meta	-0.23	1.70
disabled	-0.23	1.04
months	-0.23	1.44
roll	-0.23	0.93
transition	-0.23	1.51
kennen	-0.23	0.95
professional	-0.23	0.88
ish	-0.23	0.92
crucial	-0.23	1.21
counterganks	-0.23	1.37
dodges	-0.23	0.84
reason	-0.23	2.04
depend	-0.23	1.06
smurfs	-0.23	0.77
moment	-0.23	2.02
laners	-0.23	1.18
contrary	-0.23	1.25
friendly	-0.23	1.07
warding	-0.23	1.06
holds	-0.23	1.11
pings	-0.23	0.97
olaf	-0.23	0.98
malphite	-0.22	0.97
goddess	-0.22	0.86
factors	-0.22	1.34
terribly	-0.22	1.29
positive	-0.22	0.90
fish	-0.22	0.89
restore	-0.22	1.20
targeting	-0.22	1.24
wasnt	-0.22	1.37
bugged	-0.22	0.93
marked	-0.22	0.88
1-3	-0.22	1.15
purely	-0.22	1.00
impactful	-0.22	1.44
underplayed	-0.22	1.51
heimerdinger	-0.22	0.96
realistically	-0.22	1.30
skillshot	-0.22	1.03
improve	-0.22	1.22
certain	-0.22	1.52
blank	-0.22	1.44
grow	-0.22	0.93
half	-0.22	1.01
counterpick	-0.22	1.16
chunking	-0.22	1.28
exposed	-0.22	1.16
despite	-0.22	1.05
travel	-0.22	1.05
spin	-0.22	0.83
chose	-0.22	0.82
rising	-0.22	0.87
battle	-0.21	1.10
soooo	-0.21	1.13
tag	-0.21	0.67
expect	-0.21	1.72
spear	-0.21	0.89
handful	-0.21	1.28
disable	-0.21	0.91
expensive	-0.21	1.29
liss	-0.21	0.93
shifts	-0.21	0.90
impact	-0.21	1.25
numerous	-0.21	0.99
caring	-0.21	0.97
chunks	-0.21	1.25
ad/ap	-0.21	1.24
sufficient	-0.21	1.61
chompers	-0.21	0.95
relaxed	-0.21	0.85
partially	-0.20	1.28
judging	-0.20	0.96
top	-0.20	1.06
whether	-0.20	1.21
meta	-0.20	1.69
timing	-0.20	1.15
slightly	-0.20	1.22
upon	-0.20	0.99
traps	-0.20	0.92
changes	-0.20	1.39
jax	-0.20	1.05
gone	-0.20	1.09
nidalee	-0.20	0.89
note	-0.20	1.56
collapse	-0.20	0.93
trynd	-0.20	1.04
vision	-0.20	1.06
aggressively	-0.20	1.19
reflect	-0.20	1.07
heading	-0.20	1.12
percent	-0.20	1.06
himself	-0.20	0.83
ensures	-0.20	1.24
rise	-0.20	0.87
divisions	-0.19	0.80
blood	-0.19	1.04
select	-0.19	0.98
caution	-0.19	1.05
creates	-0.19	1.02
buffed	-0.19	1.30
spot	-0.19	1.73
assists	-0.19	0.94
experienced	-0.19	1.03
emphasis	-0.19	1.07
disagree	-0.19	3.12
keyboard	-0.19	1.04
ogn	-0.19	1.04
familiar	-0.19	1.16
ins	-0.19	1.33
row	-0.19	0.85
coordination	-0.19	1.06
preferable	-0.19	1.59
unwarded	-0.19	1.01
forth	-0.19	1.17
varies	-0.19	1.08
require	-0.19	1.07
less	-0.19	1.22
narrow	-0.19	1.11
bully	-0.19	1.56
kass	-0.19	0.91
tankier	-0.19	1.28
invading	-0.19	1.10
scaled	-0.19	1.03
all-ins	-0.19	1.45
bubbles	-0.19	1.02
1-4	-0.19	1.10
denied	-0.19	1.07
40	-0.19	1.00
creative	-0.19	1.45
deficit	-0.18	1.15
opportunities	-0.18	1.11
oom	-0.18	1.02
forget	-0.18	1.49
engagement	-0.18	1.36
invade	-0.18	1.15
melt	-0.18	1.17
considered	-0.18	2.07
island	-0.18	1.04
jungler	-0.18	1.12
mid-late	-0.18	1.57
projectiles	-0.18	0.91
damages	-0.18	1.57
component	-0.18	1.58
pole	-0.18	1.08
outduel	-0.18	1.23
stutter	-0.18	1.02
spears	-0.18	0.93
op	-0.18	1.47
farmed	-0.18	1.01
flavor	-0.18	1.73
retreat	-0.18	0.97
many	-0.18	1.35
140	-0.18	1.10
maokai	-0.18	0.97
ice	-0.18	0.86
mordekaiser	-0.18	0.97
handle	-0.18	1.01
bar	-0.18	0.94
auto-attack	-0.18	1.04
truly	-0.18	0.90
steady	-0.18	1.17
korea	-0.18	0.99
throwing	-0.18	0.94
tryndamere	-0.18	1.03
feels	-0.18	1.10
react	-0.18	1.10
comfortable	-0.18	1.33
last-hit	-0.18	1.13
decided	-0.18	1.42
repeatedly	-0.17	0.92
invisible	-0.17	1.00
syndra	-0.17	1.01
relies	-0.17	1.00
volibear	-0.17	0.98
properly	-0.17	1.18
opponent	-0.17	1.13
respect	-0.17	1.23
computer	-0.17	0.90
management	-0.17	1.11
ori	-0.17	0.92
land	-0.17	1.05
ultra	-0.17	1.20
whilst	-0.17	1.08
counterjungle	-0.17	1.18
ago	-0.17	1.35
zac	-0.17	0.98
appears	-0.17	0.99
beefy	-0.17	1.22
bother	-0.17	1.10
fyi	-0.17	1.02
early-mid	-0.17	1.56
practiced	-0.17	0.85
galio	-0.17	0.96
while	-0.17	1.09
hits	-0.17	0.98
countless	-0.17	0.96
stole	-0.17	0.87
fear	-0.17	1.04
expects	-0.17	2.09
grind	-0.17	1.11
statistics	-0.17	1.25
instantly	-0.17	1.02
easily	-0.17	1.02
ban	-0.17	1.11
overcome	-0.17	1.22
keeps	-0.17	0.99
investment	-0.17	1.05
fiora	-0.16	1.02
sneak	-0.16	0.96
dominance	-0.16	1.38
havoc	-0.16	1.18
relax	-0.16	1.00
shroom	-0.16	0.85
invested	-0.16	1.04
swain	-0.16	0.98
territory	-0.16	1.04
turned	-0.16	1.03
objective	-0.16	1.11
match	-0.16	1.00
trend	-0.16	1.18
mid-game	-0.16	1.62
aggression	-0.16	1.18
curious	-0.16	1.68
banning	-0.16	1.09
evenly	-0.16	1.10
efficient	-0.16	1.33
minions	-0.16	1.11
pbe	-0.16	1.33
involves	-0.16	0.98
directly	-0.16	1.52
elo	-0.16	0.94
auto	-0.16	1.05
negligible	-0.16	1.73
utilizing	-0.16	1.08
4.20	-0.16	1.21
steals	-0.16	1.09
heat	-0.15	0.97
malph	-0.15	0.97
shots	-0.15	1.00
ganking	-0.15	1.24
alpha	-0.15	0.98
remain	-0.15	1.22
veigar	-0.15	1.00
establish	-0.15	1.17
saved	-0.15	0.93
farms	-0.15	1.03
aggro	-0.15	1.08
laned	-0.15	0.84
avoiding	-0.15	1.13
yasuo	-0.15	0.96
grasp	-0.15	1.25
pentakill	-0.15	0.94
secure	-0.15	1.03
leaves	-0.15	1.08
pull	-0.15	1.16
sum	-0.15	1.25
replacing	-0.15	1.06
peels	-0.15	1.36
tend	-0.15	1.58
largely	-0.15	1.10
names	-0.15	1.09
barely	-0.15	1.10
patch	-0.15	1.39
chance	-0.15	1.18
listed	-0.15	1.33
mid/late	-0.15	1.56
xerath	-0.15	1.04
casual	-0.14	0.81
lv	-0.14	1.06
karthus	-0.14	0.98
panth	-0.14	1.00
air	-0.14	0.92
unorthodox	-0.14	1.18
kassadin	-0.14	0.96
lvls	-0.14	0.99
ping	-0.14	0.90
diana	-0.14	0.96
healthy	-0.14	1.03
viktor	-0.14	0.97
bounce	-0.14	0.92
voli	-0.14	0.99
hex	-0.14	1.08
wo	-0.14	1.82
deciding	-0.14	1.23
spend	-0.14	1.01
malzahar	-0.14	0.98
popularity	-0.14	1.00
baiting	-0.14	1.08
him/her	-0.14	0.87
pushed	-0.14	1.07
dodging	-0.14	1.01
times	-0.14	0.99
unusual	-0.14	1.35
reactive	-0.14	1.03
standing	-0.14	1.07
chat	-0.14	0.86
version	-0.14	1.09
cassiopeia	-0.14	0.97
6	-0.14	1.05
inbetween	-0.14	0.96
pantheon	-0.14	0.99
fast	-0.14	1.33
cass	-0.14	1.04
fizz	-0.14	0.99
gragas	-0.14	0.96
jumps	-0.14	0.92
ive	-0.14	1.08
abuse	-0.13	1.34
lissandra	-0.13	0.97
ones	-0.13	1.61
dependent	-0.13	1.01
ziggs	-0.13	0.99
squishies	-0.13	1.07
juke	-0.13	1.04
raise	-0.13	0.99
akali	-0.13	0.98
remotely	-0.13	1.21
katarina	-0.13	0.97
deep	-0.13	0.94
spam	-0.13	0.95
anivia	-0.13	0.97
head	-0.13	1.11
dark	-0.13	0.88
rely	-0.13	1.01
performance	-0.13	0.92
present	-0.13	1.34
minion	-0.13	1.09
j4	-0.13	0.99
roams	-0.13	1.16
became	-0.13	1.13
lanes	-0.13	1.09
thousand	-0.13	0.96
gnar	-0.13	0.97
harras	-0.13	1.15
depends	-0.13	1.08
hug	-0.13	1.09
champions	-0.13	1.10
maintain	-0.13	1.11
allies	-0.13	0.91
lb	-0.13	1.00
leaving	-0.13	1.05
skillshots	-0.13	1.04
0	-0.13	0.98
ahri	-0.13	0.98
exceptionally	-0.13	1.31
jg	-0.12	1.08
basicly	-0.12	1.01
beware	-0.12	0.94
2/3	-0.12	1.01
tested	-0.12	1.29
safe	-0.12	1.54
1/2	-0.12	1.00
leblanc	-0.12	0.99
cassio	-0.12	0.98
squishes	-0.12	1.07
sejuani	-0.12	0.99
nautilus	-0.12	0.99
champs	-0.12	1.11
twice	-0.12	1.05
hooks	-0.12	1.04
factor	-0.12	1.42
similar	-0.12	1.17
respectable	-0.12	1.99
midgame	-0.12	1.60
repeated	-0.12	0.89
ball	-0.12	0.96
managing	-0.12	1.07
ranges	-0.12	1.16
1/3	-0.12	1.15
fiddlesticks	-0.12	0.98
forces	-0.12	0.86
jarvan	-0.12	0.99
heimer	-0.12	0.98
reliably	-0.12	1.02
superior	-0.12	2.30
wukong	-0.12	0.99
track	-0.12	1.12
versatile	-0.12	1.23
playable	-0.12	1.29
tendency	-0.12	1.00
wolf	-0.11	1.18
attacking	-0.11	1.19
bunch	-0.11	1.18
recent	-0.11	1.13
levels	-0.11	1.08
azir	-0.11	0.96
changed	-0.11	1.30
grabs	-0.11	1.06
albeit	-0.11	1.17
involve	-0.11	1.09
every	-0.11	1.31
spent	-0.11	0.96
calculations	-0.11	1.49
level	-0.11	1.03
cut	-0.11	0.95
successfully	-0.11	0.98
lay	-0.11	0.95
buffs	-0.11	0.95
arcane	-0.11	1.14
forgetting	-0.11	1.19
banned	-0.11	1.20
progresses	-0.11	1.11
eye	-0.11	1.13
pick/ban	-0.11	1.15
lands	-0.11	1.05
fb	-0.11	0.99
remember	-0.11	1.82
targets	-0.11	1.07
shutting	-0.11	1.22
passively	-0.11	1.09
autoattacking	-0.11	1.17
maining	-0.11	1.35
count	-0.11	0.92
behind	-0.11	1.18
hitting	-0.11	1.08
modes	-0.11	0.80
empty	-0.10	0.96
able	-0.10	1.19
opposing	-0.10	1.00
hec	-0.10	1.00
clicked	-0.10	1.28
rated	-0.10	1.03
kayle	-0.10	0.95
assasins	-0.10	1.11
walk	-0.10	0.99
elos	-0.10	1.22
spending	-0.10	1.01
executed	-0.10	0.97
lvl	-0.10	1.02
laser	-0.10	0.90
blocks	-0.10	0.92
shrooms	-0.10	0.95
silver/gold	-0.10	0.80
poison	-0.10	1.26
near	-0.10	1.10
fate	-0.10	0.95
potentially	-0.10	1.12
appropriately	-0.10	1.08
isolate	-0.10	1.11
mind	-0.10	1.60
using	-0.10	1.28
farther	-0.10	1.13
securing	-0.10	1.06
strikes	-0.10	1.11
dancing	-0.10	1.10
toplaner	-0.10	1.06
orianna	-0.10	0.97
hecarim	-0.10	0.98
burning	-0.10	1.01
3/4	-0.10	0.97
unconventional	-0.10	1.76
net	-0.10	1.09
korean	-0.10	1.03
bush	-0.10	1.02
blown	-0.09	1.07
popped	-0.09	0.99
laner	-0.09	1.09
die	-0.09	1.58
pointed	-0.09	1.06
prior	-0.09	0.85
constantly	-0.09	0.94
aa	-0.09	1.03
autoattack	-0.09	1.05
between	-0.09	1.05
bot	-0.09	1.08
serious	-0.09	1.13
occasionally	-0.09	1.14
130	-0.09	1.01
shifted	-0.09	0.98
brand	-0.09	1.00
excel	-0.09	1.76
massively	-0.09	1.14
total	-0.09	1.09
simple	-0.09	1.11
bola	-0.09	0.99
counter-jungling	-0.09	1.37
keep	-0.09	1.12
cast	-0.09	1.02
lategame	-0.09	1.77
spamming	-0.09	0.89
old	-0.09	1.27
forced	-0.09	1.27
occurs	-0.09	1.15
sacrificing	-0.09	1.52
hold	-0.09	0.99
42	-0.09	1.01
cross	-0.09	0.81
sides	-0.09	1.06
hiding	-0.09	1.01
atm	-0.09	1.81
nunu	-0.09	0.99
kha	-0.09	1.01
special	-0.09	1.30
burns	-0.09	0.99
kha'zix	-0.09	1.00
seasons	-0.09	1.38
culling	-0.09	0.90
landed	-0.09	0.95
zed	-0.09	1.01
talon	-0.09	1.01
fog	-0.09	0.95
80	-0.09	1.05
effective	-0.09	1.34
anymore	-0.08	1.75
both	-0.08	1.40
zhao	-0.08	0.99
rankeds	-0.08	0.83
midlaner	-0.08	1.16
5v5	-0.08	1.20
lvl1	-0.08	1.08
hide	-0.08	1.03
treat	-0.08	0.76
maintaining	-0.08	1.12
gotten	-0.08	1.02
repeat	-0.08	1.12
plenty	-0.08	1.09
equal	-0.08	1.07
20	-0.08	0.97
took	-0.08	0.96
sin	-0.08	1.00
35	-0.08	1.01
amumu	-0.08	0.99
drop	-0.08	0.82
adjust	-0.08	1.00
impression	-0.08	1.29
beginning	-0.08	1.19
entering	-0.08	0.96
khazix	-0.08	1.00
follow	-0.08	1.11
creeps	-0.08	1.10
affected	-0.08	0.99
evelynn	-0.08	1.00
grain	-0.08	3.14
red/blue	-0.08	1.00
yas	-0.08	0.99
portion	-0.08	1.28
carry	-0.08	1.11
access	-0.08	0.91
worthy	-0.08	0.98
ambush	-0.08	1.02
takes	-0.08	0.99
elise	-0.08	1.01
skarner	-0.08	0.99
delay	-0.08	1.12
stealthed	-0.08	0.94
medium	-0.08	1.44
continuing	-0.08	0.95
dedicate	-0.08	0.95
dragon/baron	-0.07	1.03
loose	-0.07	1.22
six	-0.07	1.07
chased	-0.07	1.08
depending	-0.07	1.09
hook	-0.07	1.05
players	-0.07	0.86
warn	-0.07	1.04
creep	-0.07	1.10
locks	-0.07	1.20
toward	-0.07	1.00
substantially	-0.07	1.15
4.10	-0.07	1.41
locations	-0.07	1.06
button	-0.07	1.17
buff	-0.07	1.00
catches	-0.07	0.97
monsters	-0.07	1.18
warwick	-0.07	0.99
messing	-0.07	1.21
shown	-0.07	0.96
walking	-0.07	1.08
spinning	-0.07	0.94
sitting	-0.07	0.95
criteria	-0.07	1.14
1k	-0.07	1.05
cleavers	-0.07	0.95
threaten	-0.07	1.10
bronze/silver	-0.07	0.71
fiddles	-0.07	0.96
pace	-0.07	0.96
rengar	-0.07	1.01
teamcomp	-0.07	1.16
momentum	-0.07	1.06
outsustain	-0.07	1.19
2-4	-0.07	1.03
110	-0.06	1.03
limits	-0.06	1.19
defensively	-0.06	1.10
enemys	-0.06	1.01
matter	-0.06	1.74
kata	-0.06	1.00
chosen	-0.06	1.48
cheese	-0.06	1.00
100	-0.06	1.04
perhaps	-0.06	1.41
slam	-0.06	0.85
rammus	-0.06	0.99
ranks	-0.06	0.86
counterjungling	-0.06	1.51
thousands	-0.06	1.12
powerspikes	-0.06	1.18
roam	-0.06	1.12
ends	-0.06	0.86
games	-0.06	0.84
forward	-0.06	1.07
lvl2	-0.06	1.09
turning	-0.06	1.08
consume	-0.06	0.95
cant	-0.06	1.20
boomerang	-0.06	0.91
blanc	-0.06	0.99
3v3	-0.06	0.95
current	-0.06	1.34
casting	-0.06	0.99
jayce	-0.06	0.95
worked	-0.06	1.29
theoretically	-0.06	1.32
lies	-0.06	1.28
around	-0.06	0.85
afraid	-0.06	1.48
carefully	-0.06	1.05
counterstrike	-0.06	0.97
twisted	-0.06	0.84
extreme	-0.06	1.85
habit	-0.06	0.94
csing	-0.06	1.09
pit	-0.06	0.97
continually	-0.06	0.96
dynamic	-0.06	0.93
lux	-0.05	1.06
relieve	-0.05	1.15
iirc	-0.05	0.92
shift	-0.05	1.10
mixed	-0.05	1.83
caps	-0.05	1.00
shines	-0.05	2.08
zone	-0.05	1.13
inside	-0.05	1.01
progress	-0.05	1.00
definition	-0.05	0.99
survive	-0.05	1.32
nocturne	-0.05	1.00
ran	-0.05	0.95
bottom	-0.05	1.05
usage	-0.05	1.09
facecheck	-0.05	1.05
respective	-0.05	1.76
beyond	-0.05	1.02
paper	-0.05	1.09
kat	-0.05	1.01
assassins	-0.05	1.12
dangerous	-0.05	1.33
agro	-0.05	1.05
binding	-0.05	1.00
accept	-0.05	1.35
turn	-0.05	1.11
blows	-0.05	0.88
lee	-0.05	1.01
holding	-0.05	0.98
wind	-0.05	1.00
itemize	-0.05	1.10
played	-0.05	1.21
cannon	-0.05	1.07
spammed	-0.05	1.13
warm	-0.05	1.01
during	-0.05	1.22
mini	-0.05	0.94
proficient	-0.05	0.93
flying	-0.04	0.72
executioner	-0.04	1.14
down	-0.04	1.03
towards	-0.04	0.99
river	-0.04	1.03
finishes	-0.04	0.84
double	-0.04	0.96
reverse	-0.04	1.01
1-2	-0.04	1.02
meaningful	-0.04	1.28
fiddle	-0.04	0.99
say	-0.04	2.21
focus	-0.04	0.97
reveal	-0.04	0.93
hooking	-0.04	1.01
warded	-0.04	1.00
spots	-0.04	1.12
spawns	-0.04	0.96
hitbox	-0.04	1.14
midlane	-0.04	1.21
several	-0.04	1.09
intermediate	-0.04	0.84
brush	-0.04	1.03
insta	-0.04	1.01
key	-0.04	1.04
tournament	-0.04	1.01
bubble	-0.04	1.01
won	-0.04	0.94
instant	-0.04	1.24
approximately	-0.04	0.90
bushes	-0.04	0.98
650	-0.04	1.03
worlds	-0.04	0.99
spikes	-0.04	1.15
bars	-0.04	0.98
underestimate	-0.04	1.33
10	-0.04	0.94
stand	-0.04	1.08
qing	-0.04	1.08
aram	-0.04	0.79
straightforward	-0.04	1.24
whatever	-0.03	1.43
pvp	-0.03	0.80
comfortably	-0.03	1.04
interrupted	-0.03	1.04
brain	-0.03	1.35
bouncing	-0.03	0.81
smack	-0.03	0.83
draw	-0.03	1.12
need	-0.03	1.75
axes	-0.03	1.00
taken	-0.03	1.05
soloque	-0.03	1.03
investing	-0.03	1.02
blue	-0.03	1.02
cleared	-0.03	1.08
jungles	-0.03	0.99
soldiers	-0.03	0.99
red	-0.03	1.01
clever	-0.03	1.29
ward	-0.03	0.97
sweep	-0.03	0.97
outplay	-0.03	1.31
160	-0.03	1.04
normal	-0.03	0.82
contest	-0.03	1.05
ramp	-0.03	1.01
plat/diamond	-0.03	0.77
bursty	-0.03	1.24
entrance	-0.03	0.99
norms	-0.03	0.80
lasthit	-0.02	1.11
shape	-0.02	1.05
backs	-0.02	0.97
ten	-0.02	0.97
variables	-0.02	1.28
trade	-0.02	1.18
girl	-0.02	1.19
autoing	-0.02	1.10
ff	-0.02	0.92
types	-0.02	1.17
pink	-0.02	0.96
juking	-0.02	1.17
monitor	-0.02	0.88
draft	-0.02	0.85
aaing	-0.02	1.07
character	-0.02	1.00
inventory	-0.02	0.99
three	-0.02	1.11
drink	-0.02	0.89
two	-0.02	1.14
measure	-0.02	0.95
one-shot	-0.02	1.15
away	-0.02	1.03
firing	-0.02	0.86
range	-0.02	1.14
energy	-0.02	1.03
30-40	-0.02	0.95
minutes	-0.02	0.79
camera	-0.02	1.02
casts	-0.02	1.01
zeds	-0.02	0.88
expert	-0.02	1.32
by	-0.02	1.08
30	-0.02	0.92
disclaimer	-0.02	1.09
vel'koz	-0.02	1.03
becuase	-0.02	0.95
whereas	-0.01	1.44
similarly	-0.01	0.98
5-10	-0.01	0.87
locked	-0.01	0.93
five	-0.01	1.03
scene	-0.01	0.99
beneficial	-0.01	1.28
brushes	-0.01	0.97
climbing	-0.01	0.88
press	-0.01	1.15
q'ing	-0.01	1.03
money	-0.01	0.95
bans	-0.01	1.21
toggle	-0.01	0.97
flashy	-0.01	1.34
sweeping	-0.01	0.92
tanky	-0.01	1.26
chunk	-0.01	1.21
optional	-0.01	0.99
cs'ing	-0.01	1.05
enemy	-0.01	1.08
pushes	-0.01	1.07
swaps	-0.01	1.20
tide	-0.01	1.10
mid	-0.01	1.05
success	-0.01	1.01
wards	-0.01	0.94
units	-0.01	0.92
saving	-0.01	1.03
extend	-0.01	1.02
backwards	-0.01	1.08
hundred	-0.01	0.89
flashing	-0.00	1.00
compositions	-0.00	1.17
kits	-0.00	1.05
appear	-0.00	0.97
gauntlet	-0.00	0.88
touched	-0.00	0.95
3-4	-0.00	1.01
charging	-0.00	0.97
bound	-0.00	1.11
those	-0.00	1.47
expected	-0.00	1.24
pinks	-0.00	0.94
dive	-0.00	1.22
sej	-0.00	1.05
respawn	-0.00	0.99
180	-0.00	1.02
greens	-0.00	0.94
550	-0.00	1.08
2-3	-0.00	1.01
wild	-0.00	1.01
10-15	-0.00	0.97
bindings	-0.00	1.01
350	-0.00	0.98
their	-0.00	1.08
4-5	0.00	0.98
itself	0.00	0.98
120	0.00	0.97
blew	0.00	0.99
combos	0.00	0.99
eachother	0.00	0.87
background	0.00	0.97
spawn	0.00	0.96
pounce	0.00	0.91
5-6	0.00	0.97
naut	0.00	1.06
various	0.00	1.13
ibg	0.00	0.91
listen	0.00	1.13
15-20	0.00	0.96
enough	0.00	1.39
few	0.00	1.10
morde	0.00	0.95
lowers	0.00	1.21
spike	0.00	1.19
multiple	0.01	1.14
countering	0.01	0.91
20-30	0.01	0.94
allied	0.01	0.92
remind	0.01	1.10
screen	0.01	0.94
continue	0.01	0.95
shooting	0.01	0.89
indicator	0.01	1.08
picks	0.01	1.49
show	0.01	1.15
counterpicks	0.01	1.13
preferably	0.01	1.40
creating	0.01	1.17
drags	0.01	1.02
slots	0.01	0.96
minigun	0.01	0.98
1000	0.01	0.92
once	0.01	1.00
neutral	0.01	0.94
2	0.01	0.99
longer	0.01	1.18
puts	0.01	1.01
trinkets	0.01	0.96
knocks	0.01	1.16
places	0.01	1.04
lp	0.01	0.81
waiting	0.01	0.99
ideally	0.01	1.36
hit	0.01	1.18
qs	0.01	1.02
develop	0.01	0.97
dominion	0.01	0.80
consistent	0.01	1.41
delete	0.01	1.16
space	0.01	0.97
powerspike	0.01	1.19
silvers	0.02	0.77
side	0.02	1.01
custom	0.02	0.83
top/bot	0.02	1.12
couple	0.02	1.04
kinds	0.02	1.23
spacebar	0.02	0.99
moderate	0.02	1.96
lowered	0.02	1.09
alone	0.02	1.14
bots	0.02	0.83
tap	0.02	0.95
mash	0.02	0.98
fell	0.02	1.40
whittle	0.02	1.17
initially	0.02	0.92
resetting	0.02	0.97
33	0.02	0.94
lot	0.02	1.36
white	0.02	0.97
vel	0.02	1.08
3	0.02	0.97
confidence	0.02	0.91
3-5	0.02	0.97
elsewhere	0.02	1.14
smite	0.02	1.02
enjoying	0.02	1.59
fh	0.02	0.91
apc	0.02	1.16
vaynes	0.02	0.87
sweepers	0.02	0.97
baron/dragon	0.02	1.08
likely	0.02	1.65
fulfill	0.02	1.04
least	0.02	1.07
overlooked	0.02	1.15
sc2	0.02	1.28
harass	0.02	1.16
mid-lane	0.02	0.93
number	0.02	1.09
customs	0.02	0.83
rockets	0.03	1.01
default	0.03	1.07
alive	0.03	1.24
purple	0.03	1.01
afaik	0.03	0.88
player	0.03	0.76
mage	0.03	1.32
indicators	0.03	1.07
each	0.03	1.06
iceborn	0.03	0.90
smartcast	0.03	1.10
adapt	0.03	1.08
due	0.03	1.68
completely	0.03	1.34
decrease	0.03	1.21
contributing	0.03	1.07
continued	0.03	1.16
diverse	0.03	1.10
angle	0.03	1.01
200	0.03	1.01
malz	0.03	0.96
unexpected	0.03	1.22
normals	0.03	0.81
eve	0.03	1.09
field	0.03	0.92
placing	0.03	0.87
place	0.03	0.92
17	0.03	0.82
tribush	0.03	0.98
taking	0.03	1.04
noct	0.03	1.07
sit	0.03	1.01
cs	0.03	1.05
reasonable	0.03	1.39
barons	0.03	1.05
fountain	0.04	0.95
work	0.04	1.96
plats	0.04	0.77
hover	0.04	1.10
choice	0.04	1.99
zix	0.04	1.08
used	0.04	1.10
ppl	0.04	1.31
wolves	0.04	1.05
dashing	0.04	1.02
whatsoever	0.04	1.18
lens	0.04	0.89
focusing	0.04	0.95
weaving	0.04	1.15
maximize	0.04	1.09
ways	0.04	1.38
latter	0.04	1.13
28	0.04	0.84
actual	0.04	1.13
poker	0.04	0.91
playing	0.04	1.17
leave	0.04	1.07
dyrus	0.04	1.02
fury	0.04	1.00
reaching	0.04	0.83
popular	0.04	1.67
convince	0.04	1.39
pressing	0.04	1.10
buying	0.04	0.80
gromp	0.04	1.05
dragons	0.04	1.05
surprise	0.04	0.98
butcher	0.04	1.12
hundreds	0.04	1.02
early/mid	0.04	1.73
lock	0.04	0.96
keys	0.04	1.06
drake	0.04	1.05
atleast	0.04	1.31
reach	0.05	0.84
middle	0.05	1.07
keeping	0.05	1.13
halfway	0.05	0.89
wraiths	0.05	1.05
visible	0.05	1.10
22	0.05	0.82
evolved	0.05	0.95
wight	0.05	1.04
7	0.05	0.90
option	0.05	2.10
dragon	0.05	1.06
auto-attacks	0.05	1.03
options	0.05	1.30
harrass	0.05	1.15
oriented	0.05	1.06
logic	0.05	1.81
prepare	0.05	0.84
transitions	0.05	1.64
15	0.05	0.88
individual	0.05	1.00
force	0.05	1.12
glance	0.05	0.93
health	0.05	1.03
too	0.05	1.57
harassing	0.05	1.17
150	0.05	1.02
q+w	0.05	0.92
easier	0.05	1.25
plant	0.05	0.90
aas	0.05	1.03
krugs	0.05	1.05
scroll	0.05	1.08
frequently	0.05	1.01
pros	0.05	0.85
velkoz	0.05	1.06
theorycrafting	0.05	1.15
minimize	0.05	1.38
above	0.05	1.03
qwe	0.06	1.04
baron	0.06	1.04
reaches	0.06	0.97
always	0.06	2.05
19	0.06	0.83
radius	0.06	1.00
separate	0.06	0.89
shorter	0.06	1.21
recalling	0.06	1.02
wave	0.06	1.13
retaliation	0.06	1.02
rinse	0.06	1.07
fotm	0.06	1.44
opens	0.06	1.09
es	0.06	0.91
distance	0.06	1.14
green	0.06	0.92
counterganking	0.06	1.34
dance	0.06	1.09
light	0.06	0.87
11	0.06	0.92
substitute	0.06	1.07
expanding	0.06	0.98
teamcomps	0.06	1.18
therefore	0.06	1.09
terms	0.06	1.38
100-0	0.06	1.18
14	0.06	0.84
functions	0.06	1.21
continuously	0.06	1.04
shaco	0.06	1.09
flay	0.06	1.08
apologize	0.06	1.29
entrances	0.06	0.97
gold/plat	0.06	0.80
tax	0.06	1.23
suited	0.06	1.28
beginner	0.06	0.84
environment	0.06	0.86
kept	0.07	1.03
arams	0.07	0.81
8	0.07	0.89
q-e	0.07	1.00
effort	0.07	1.03
tear	0.07	0.99
position	0.07	1.35
comes	0.07	1.25
autoattacks	0.07	1.07
oneshot	0.07	1.12
makes	0.07	1.26
rank	0.07	0.81
essence	0.07	1.01
mindset	0.07	1.10
golds	0.07	0.76
invest	0.07	1.07
bolt	0.07	0.90
damaging	0.07	1.20
10-20	0.07	0.93
3k	0.07	0.93
weave	0.07	1.03
lines	0.07	1.05
coverage	0.07	1.08
23	0.07	0.87
dont	0.07	1.56
18	0.07	0.89
dropping	0.07	0.79
self	0.07	1.04
managed	0.07	0.88
four	0.07	1.01
nexus	0.07	1.00
16	0.07	0.90
yi	0.07	1.06
importance	0.07	0.99
kills	0.07	0.89
real	0.07	1.21
deny	0.07	1.12
vi	0.07	1.09
froggen	0.07	0.80
13	0.07	0.90
camps	0.07	1.09
xin	0.07	1.09
spare	0.07	0.89
mark	0.07	0.87
faster	0.07	1.31
changing	0.07	0.89
absorb	0.07	1.17
typed	0.07	1.03
particularly	0.07	1.27
differ	0.08	1.16
denial	0.08	1.06
variety	0.08	1.14
under	0.08	1.11
fighters	0.08	1.47
comeback	0.08	1.31
ready	0.08	1.23
cycle	0.08	0.86
told	0.08	0.97
communication	0.08	0.91
4/5	0.08	0.88
variable	0.08	1.03
12	0.08	0.88
since	0.08	1.13
4v4	0.08	1.22
understood	0.08	1.65
trinket	0.08	0.94
sweeper	0.08	0.93
wraith	0.08	1.01
oracle	0.08	0.93
flag	0.08	0.99
qwer	0.08	1.03
gap	0.08	1.44
form	0.08	0.93
backing	0.08	1.02
300	0.08	0.96
pro	0.08	0.91
9/10	0.08	1.45
rocket	0.08	0.94
afford	0.08	0.88
roaming	0.08	1.26
min	0.08	0.88
26	0.08	0.84
these	0.08	1.40
pays	0.08	0.86
typically	0.08	1.80
25	0.09	0.97
assist	0.09	0.90
turret	0.09	1.12
paired	0.09	0.77
tower	0.09	1.12
ease	0.09	1.11
anticipate	0.09	0.96
trading	0.09	1.20
frozen	0.09	0.92
botlane	0.09	0.95
escapes	0.09	1.53
traditional	0.09	1.53
majority	0.09	1.27
decay	0.09	0.81
freeze	0.09	1.11
model	0.09	1.02
routes	0.09	1.28
worth	0.09	1.03
finally	0.09	1.30
completed	0.09	0.94
apparently	0.09	0.93
asks	0.09	1.10
buy	0.09	0.74
l	0.09	0.89
outer	0.09	1.09
punishment	0.09	0.87
jungle	0.09	1.05
youll	0.09	1.10
tanks	0.09	1.18
osu	0.09	0.97
center	0.09	0.99
pointing	0.09	1.32
inhibitors	0.09	1.08
27	0.09	0.87
planning	0.10	1.39
remaining	0.10	1.08
inhibs	0.10	1.05
strike	0.10	1.00
reference	0.10	0.98
replaced	0.10	0.95
autos	0.10	1.01
increasing	0.10	1.14
tried	0.10	1.36
carried	0.10	0.82
ultimately	0.10	1.12
picked	0.10	0.99
stat	0.10	1.35
walls	0.10	1.00
carries	0.10	1.19
sudden	0.10	0.86
slowly	0.10	0.90
4v5	0.10	1.14
ww	0.10	1.06
elixir	0.10	0.96
lasthitting	0.10	1.09
attacks	0.10	1.03
shortly	0.10	1.00
considering	0.10	1.46
glass	0.10	1.14
ga	0.10	0.98
teambuilder	0.10	0.81
builder	0.10	0.79
purchase	0.10	0.83
matched	0.10	0.77
29	0.10	0.87
actually	0.10	1.91
outside	0.10	1.02
enter	0.10	0.90
unlocked	0.10	0.89
camp	0.11	1.12
discovered	0.11	0.85
global	0.11	1.14
catch	0.11	1.09
reduce	0.11	1.15
letting	0.11	1.04
wand	0.11	1.17
shove	0.11	1.11
q-w	0.11	0.96
replacement	0.11	1.33
within	0.11	0.80
accordingly	0.11	1.04
heavily	0.11	1.03
suggested	0.11	1.02
windows	0.11	0.90
category	0.11	1.03
farming	0.11	1.16
appropriate	0.11	1.23
pocket	0.11	1.63
teamfights	0.11	1.52
cocoon	0.11	0.98
put	0.11	0.95
filling	0.11	0.94
intention	0.11	0.91
thus	0.11	1.04
released	0.11	1.25
shoving	0.11	1.17
habits	0.11	0.92
cost	0.11	1.23
concepts	0.11	1.09
pokes	0.12	1.19
blasting	0.12	1.17
east	0.12	0.86
randomly	0.12	0.81
jump	0.12	1.00
t	0.12	0.97
positions	0.12	1.12
surprising	0.12	1.97
thick	0.12	0.86
warning	0.12	0.93
empowered	0.12	0.95
choose	0.12	1.28
heart	0.12	0.92
icon	0.12	0.95
finishing	0.12	0.91
pressuring	0.12	1.16
technically	0.12	1.15
ace	0.12	0.96
loading	0.12	0.93
itemization	0.12	1.10
decreases	0.12	1.08
putting	0.12	0.95
totem	0.12	0.92
mins	0.12	0.83
top/jungle	0.12	1.00
shreds	0.12	1.09
important	0.12	1.27
stealth	0.12	1.00
gaining	0.12	0.92
exp	0.12	1.06
staying	0.12	1.19
take	0.12	1.01
dealers	0.12	1.20
jung	0.12	1.03
plants	0.12	0.99
meaning	0.12	1.08
plan	0.13	0.95
college	0.13	0.84
alot	0.13	1.01
tf	0.13	0.92
finding	0.13	1.16
inner	0.13	1.11
blindly	0.13	1.28
knocking	0.13	1.09
denying	0.13	1.13
long-range	0.13	1.33
beforehand	0.13	0.96
competitive	0.13	1.20
brought	0.13	0.75
gp	0.13	0.79
700	0.13	0.91
600	0.13	0.91
mains	0.13	0.96
strat	0.13	1.01
mega	0.13	1.00
sold	0.13	0.87
250	0.13	1.01
fundamentals	0.13	0.99
smiting	0.13	1.05
vary	0.13	1.18
pathing	0.13	1.06
closer	0.13	1.32
smurfing	0.13	0.77
different	0.13	1.14
cards	0.13	0.93
nearby	0.13	0.97
justify	0.13	1.00
survival	0.13	1.15
favors	0.13	1.21
periods	0.13	1.14
golems	0.13	1.09
blitz	0.13	1.09
2k	0.14	0.89
resource	0.14	0.92
delaying	0.14	1.06
roa	0.14	0.90
supporting	0.14	0.83
past	0.14	0.84
untill	0.14	1.03
towers	0.14	1.11
feast	0.14	1.12
tremendous	0.14	1.93
thumb	0.14	1.05
trades	0.14	1.26
scale	0.14	1.41
supports	0.14	1.14
stay	0.14	1.23
2000	0.14	0.85
rod	0.14	1.00
fills	0.14	0.98
last-hitting	0.14	1.11
comp	0.14	1.08
wq	0.14	0.97
our	0.14	1.01
6th	0.14	0.97
captain	0.14	1.04
pressure	0.14	1.38
learning	0.14	1.19
cons	0.14	1.30
needlessly	0.14	1.19
equally	0.14	1.20
arguments	0.14	1.92
500	0.15	0.92
400	0.15	0.91
invis	0.15	0.99
jumping	0.15	1.05
room	0.15	1.19
sheer	0.15	1.97
drag	0.15	1.02
selection	0.15	1.04
alongside	0.15	1.12
fresh	0.15	0.85
onto	0.15	1.06
aced	0.15	0.95
aiming	0.15	1.02
perfectly	0.15	1.36
ages	0.15	0.90
objectives	0.15	1.08
tri	0.15	0.95
pinky	0.15	1.04
deal	0.15	1.33
hourglass	0.15	0.89
healed	0.15	0.99
blink	0.15	1.24
instagib	0.15	1.23
zhonya	0.15	0.89
earn	0.15	0.85
2nd	0.15	0.95
coat	0.15	0.85
rotation	0.15	0.86
staff	0.15	0.89
transform	0.15	0.93
harassment	0.15	1.19
bv	0.15	0.99
finish	0.15	0.92
older	0.16	0.90
minute	0.16	0.84
shop	0.16	0.98
deceptively	0.16	1.25
enemies	0.16	1.02
hop	0.16	0.92
closers	0.16	1.40
quickly	0.16	0.97
experiment	0.16	1.08
points	0.16	1.12
degree	0.16	0.97
charm	0.16	0.97
execute	0.16	0.98
diamonds	0.16	0.76
contested	0.16	1.38
le	0.16	1.03
xp	0.16	1.01
flank	0.16	1.10
moved	0.16	0.84
q	0.16	0.99
core	0.16	0.96
q+e	0.16	1.08
altogether	0.16	0.94
outright	0.16	0.88
inhibitor	0.16	1.15
tell	0.16	1.68
regular	0.16	0.98
qw	0.16	0.97
inhib	0.16	1.15
reasons	0.16	1.16
freezing	0.16	1.15
deathfire	0.16	0.90
reduces	0.16	1.15
learnt	0.17	0.99
waves	0.17	1.15
organized	0.17	0.91
order	0.17	1.44
zenith	0.17	1.10
soloing	0.17	0.99
backline	0.17	1.23
leveled	0.17	0.87
situational	0.17	1.15
legends	0.17	1.07
turrets	0.17	1.17
killing	0.17	1.19
soloq	0.17	1.12
valor	0.17	1.00
value	0.17	1.19
expose	0.17	1.10
leap	0.17	0.97
muscle	0.17	0.98
pass	0.17	1.13
vote	0.17	1.10
amounts	0.17	1.80
fight	0.17	1.23
sorcerer	0.17	0.90
snipe	0.17	1.01
assasin	0.17	1.21
taught	0.17	0.76
somewhere	0.17	1.23
noticed	0.17	1.06
serves	0.17	1.44
liked	0.18	2.96
post-6	0.18	1.74
finished	0.18	0.78
qe	0.18	0.98
moreso	0.18	1.02
e+q	0.18	1.06
abilites	0.18	1.06
vastly	0.18	1.28
fit	0.18	1.14
new	0.18	0.89
didnt	0.18	1.40
building	0.18	1.46
rabadon	0.18	0.89
mentioned	0.18	1.11
q/e	0.18	0.97
cdr	0.18	1.04
rushing	0.18	0.91
upgraded	0.18	0.89
afar	0.18	1.13
practicing	0.18	0.95
resets	0.18	0.96
earned	0.18	0.84
prolonged	0.18	1.26
super	0.18	1.21
maxes	0.18	0.84
delayed	0.18	1.27
zhonyas	0.18	0.89
explained	0.18	1.36
void	0.18	0.89
isolation	0.18	0.94
voidstaff	0.18	0.89
freely	0.18	0.95
cowsep	0.18	0.79
dfg	0.18	0.93
namely	0.18	0.86
rylais	0.19	0.89
targeted	0.19	1.18
roles	0.19	0.97
loud	0.19	1.03
specialize	0.19	1.04
hugely	0.19	1.13
sets	0.19	0.95
manage	0.19	1.03
million	0.19	0.94
t2	0.19	0.99
rylai	0.19	0.89
now	0.19	1.91
shunpo	0.19	1.05
route	0.19	1.16
queues	0.19	0.78
swapping	0.19	0.87
rotating	0.19	1.22
thing	0.19	2.56
wide	0.19	1.27
per	0.19	0.84
matches	0.19	0.80
theres	0.19	1.17
considerable	0.19	1.90
rushed	0.19	0.85
item	0.19	0.95
quicker	0.19	1.18
initiations	0.19	1.58
purchased	0.19	0.73
line	0.19	1.16
swap	0.19	0.88
1200	0.19	0.81
element	0.19	1.15
timer	0.19	0.93
roamer	0.19	2.03
process	0.19	1.44
maybe	0.20	1.79
blast	0.20	0.90
leo	0.20	1.11
serve	0.20	0.96
offence	0.20	1.13
fill	0.20	1.08
deathcap	0.20	0.89
dcap	0.20	0.92
haunting	0.20	0.91
guise	0.20	0.91
reaver	0.20	0.93
9	0.20	0.94
liandrys	0.20	0.90
isolated	0.20	1.02
conversely	0.20	0.91
till	0.20	0.86
combo	0.20	0.98
bear	0.20	1.02
deleting	0.20	1.15
effectively	0.20	1.05
been	0.20	1.01
said	0.20	1.67
hextech	0.20	0.82
thresh	0.20	1.10
card	0.20	0.93
whom	0.20	0.76
all-in	0.20	1.40
price	0.20	1.08
drain	0.20	1.03
archangels	0.20	0.89
delays	0.20	1.09
ranked	0.20	0.75
necessarily	0.20	1.77
grail	0.20	0.93
front	0.20	1.15
sometimes	0.20	1.77
acts	0.21	1.15
ticks	0.21	0.94
obviously	0.21	2.03
warrant	0.21	1.00
shoes	0.21	0.90
terrifying	0.21	2.07
headbutt	0.21	1.10
waited	0.21	0.97
potion	0.21	0.86
communicating	0.21	0.92
crits	0.21	1.00
athenes	0.21	0.93
athene	0.21	0.92
seraph	0.21	0.89
abyssal	0.21	0.89
upgrades	0.21	0.80
sources	0.21	1.01
vault	0.21	1.09
closing	0.21	1.27
1st	0.21	0.83
flashes	0.21	0.97
tends	0.21	0.96
rewards	0.21	0.79
catalyst	0.21	0.99
blitzcrank	0.21	1.11
embrace	0.21	0.89
4	0.21	0.86
1500	0.21	0.85
whenever	0.21	0.93
codex	0.21	1.03
tons	0.21	1.80
tanking	0.21	1.22
chases	0.21	1.14
absurdly	0.21	1.24
preseason	0.21	1.11
rotate	0.21	1.09
shields	0.21	1.14
reasonably	0.21	1.25
exchange	0.21	1.04
enable	0.21	1.00
job	0.21	1.22
recall	0.21	0.99
first	0.21	1.34
q/w	0.21	0.94
honestly	0.22	1.93
sorc	0.22	0.90
relatively	0.22	1.24
costs	0.22	1.18
5v4	0.22	1.17
went	0.22	0.98
solo	0.22	0.92
rabadons	0.22	0.89
r	0.22	1.00
composition	0.22	1.07
rangers	0.22	0.99
push	0.22	1.18
efficiently	0.22	1.02
year	0.22	1.17
reset	0.22	0.90
morello	0.22	0.97
archangel	0.22	0.89
nlr	0.22	1.28
attack	0.22	1.15
supportive	0.22	1.02
roots	0.22	1.11
morellos	0.22	0.96
seraphs	0.22	0.89
gate	0.22	0.94
defending	0.22	1.25
800	0.22	0.88
until	0.22	0.89
event	0.22	0.99
ferocity	0.22	0.93
lulu	0.22	1.11
arrive	0.22	0.95
turtle	0.22	0.88
w	0.22	0.99
conclusion	0.22	1.44
lowering	0.22	1.25
sceptre	0.22	0.92
assassinate	0.22	1.20
interrupt	0.22	1.14
cash	0.22	0.89
supp	0.22	1.14
sustaining	0.23	1.32
muramana	0.23	0.90
cause	0.23	1.31
ulting	0.23	1.08
favorite	0.23	2.65
reducing	0.23	1.21
pack	0.23	0.71
armguard	0.23	1.01
save	0.23	1.18
incredibly	0.23	1.21
playstyle	0.23	1.07
memory	0.23	0.96
aim	0.23	1.00
lichbane	0.23	0.89
zilean	0.23	1.12
ctrl	0.23	1.00
divers	0.23	1.24
clarity	0.23	0.97
area	0.23	0.84
personal	0.23	1.33
farm	0.23	1.27
otherwise	0.23	1.76
starts	0.23	0.83
paths	0.23	1.26
juggernaut	0.23	0.91
instead	0.23	0.93
styles	0.23	1.05
sorcs	0.24	0.91
lich	0.24	0.88
crit	0.24	1.06
torment	0.24	0.89
window	0.24	0.99
glory	0.24	1.16
eq	0.24	1.02
interact	0.24	0.92
command	0.24	1.49
contribute	0.24	1.00
called	0.24	0.80
include	0.24	1.18
tri-force	0.24	0.94
manamune	0.24	0.90
mitigation	0.24	1.20
followed	0.24	0.97
pickup	0.24	1.43
communicate	0.24	0.98
full	0.24	1.18
morg	0.24	1.11
udyr	0.24	0.96
sample	0.24	1.08
grab	0.24	0.82
pure	0.24	1.07
e	0.25	0.99
teams	0.25	0.88
function	0.25	0.95
days	0.25	0.90
dash	0.25	1.16
pants	0.25	1.09
dashes	0.25	1.27
afterwards	0.25	0.93
3rd	0.25	0.83
viability	0.25	0.94
annie	0.25	1.13
freedom	0.25	1.15
fairly	0.25	1.24
kills/assists	0.25	0.93
immediately	0.25	0.96
tab	0.25	0.94
pools	0.25	1.00
following	0.25	1.28
phoenix	0.25	0.89
seeker	0.25	0.99
sooner	0.25	1.10
selling	0.25	0.92
chalice	0.25	1.06
rappel	0.25	1.03
zyra	0.25	1.13
negatron	0.25	1.10
extremely	0.25	1.23
wota	0.25	0.93
braum	0.25	1.15
grabbing	0.25	0.88
ali	0.25	1.12
primary	0.25	1.12
burn	0.25	0.97
warrior	0.26	0.90
use	0.26	1.09
evolution	0.26	1.12
liandry	0.26	0.92
way	0.26	2.63
translates	0.26	0.98
shroud	0.26	1.03
nuke	0.26	1.25
doesnt	0.26	1.33
practice	0.26	0.93
incoming	0.26	0.88
nami	0.26	1.15
frontline	0.26	1.25
data	0.26	1.25
tumble	0.26	1.11
before	0.26	0.89
lists	0.26	0.93
rings	0.26	0.97
sotsw	0.26	0.91
knew	0.26	1.51
got	0.26	0.97
yellow	0.26	0.94
favourite	0.26	2.60
3s	0.26	0.83
stating	0.26	2.09
blowing	0.26	0.99
sword	0.26	0.97
settings	0.26	0.95
music	0.26	0.95
seekers	0.26	0.94
liandries	0.26	0.93
blow	0.26	0.96
naturally	0.26	0.96
bane	0.26	0.88
revolver	0.27	0.97
fan	0.27	2.58
heard	0.27	1.01
sorts	0.27	1.19
wears	0.27	0.91
banshees	0.27	0.94
generate	0.27	0.92
introduced	0.27	0.81
evolving	0.27	0.96
hang	0.27	0.92
morgana	0.27	1.13
asap	0.27	0.88
argue	0.27	1.83
taric	0.27	1.14
shielding	0.27	1.13
arent	0.27	1.19
cougar	0.27	1.10
enormous	0.27	1.91
cloak	0.27	1.10
jungling	0.27	0.97
sentence	0.27	1.08
backup	0.27	1.41
black	0.27	0.96
drawn	0.28	1.07
alistar	0.28	1.14
pushing	0.28	1.30
sell	0.28	0.87
gapclose	0.28	1.12
bursts	0.28	1.26
surprisingly	0.28	1.28
timed	0.28	1.26
beginners	0.28	1.35
fingers	0.28	1.09
satchel	0.28	1.11
favorites	0.28	1.45
charged	0.28	1.17
optimal	0.28	2.58
sona	0.28	1.14
assassin	0.28	1.16
length	0.28	1.03
maximum	0.28	1.08
comfort	0.28	1.50
regularly	0.28	0.79
kindlegem	0.28	1.11
wriggle	0.28	0.90
playstyles	0.28	1.05
madreds	0.28	0.90
dealt	0.28	1.18
decently	0.28	1.29
burned	0.28	1.04
bank	0.28	0.92
orders	0.28	1.20
path	0.29	1.45
profit	0.29	1.03
24	0.29	0.83
into	0.29	1.05
machete	0.29	0.85
nowhere	0.29	0.85
thirster	0.29	0.94
replace	0.29	1.09
pre-season	0.29	1.18
vest	0.29	1.10
learn	0.29	1.12
large	0.29	1.79
upgrade	0.29	0.88
mid/top	0.29	0.82
noc	0.29	1.34
ridiculously	0.29	1.28
removing	0.29	0.81
cowl	0.29	1.10
seem	0.29	1.41
simply	0.29	1.73
gankers	0.29	1.90
typical	0.29	1.80
spectre	0.29	1.11
dealer	0.29	1.33
hammer	0.29	0.96
whichever	0.29	1.41
condition	0.29	0.82
sv	0.29	0.97
hands	0.29	2.38
inclined	0.29	1.01
tad	0.30	1.04
set	0.30	1.10
still	0.30	1.66
warden	0.30	1.11
spectral	0.30	0.93
flanking	0.30	1.18
insanely	0.30	1.25
warmogs	0.30	0.95
activation	0.30	0.94
glacial	0.30	1.10
seconds	0.30	0.79
stated	0.30	1.16
sup	0.30	1.05
silences	0.30	1.17
promo	0.30	0.82
comps	0.30	1.17
veil	0.30	0.94
champion	0.30	1.06
condemn	0.30	1.10
tele	0.30	0.99
wonders	0.30	1.05
angel	0.30	0.93
edge	0.30	0.93
hexdrinker	0.31	0.97
silence	0.31	1.06
coordinated	0.31	0.89
defensive	0.31	0.97
period	0.31	1.06
helping	0.31	0.98
refresh	0.31	0.93
source	0.31	1.05
bleed	0.31	0.92
1	0.31	0.80
smaller	0.31	1.47
physical	0.31	1.14
guardian	0.31	0.93
trust	0.31	1.04
fat	0.31	0.96
myself	0.31	1.04
possibilities	0.31	1.16
banshee	0.31	0.94
placement	0.31	0.79
e-q	0.31	1.06
maw	0.31	0.93
malmortius	0.31	0.93
hp	0.31	1.05
protect	0.31	1.17
minimal	0.31	1.69
lean	0.31	0.86
soraka	0.31	1.11
evolve	0.31	0.98
wont	0.31	1.35
qss	0.31	0.93
chain	0.31	1.09
mejais	0.31	0.92
trailblazer	0.31	1.06
pick	0.31	1.44
accidentally	0.31	0.91
max	0.32	0.96
ofc	0.32	1.09
dealing	0.32	1.40
mercurial	0.32	0.91
starting	0.32	0.86
charge	0.32	1.00
giants	0.32	1.09
madred	0.32	0.85
received	0.32	0.97
bruiser	0.32	1.15
huge	0.32	1.87
safely	0.32	1.20
scimitar	0.32	0.91
snares	0.32	1.10
stacking	0.32	1.10
hers	0.32	1.27
sustained	0.32	1.49
alternate	0.32	1.33
thornmail	0.32	0.94
allowing	0.32	0.95
gameplay	0.32	1.01
amount	0.32	1.50
queue	0.32	0.85
heals	0.32	1.08
percentage	0.32	1.11
valuable	0.33	1.26
revive	0.33	0.85
belt	0.33	1.10
paying	0.33	1.02
denies	0.33	0.94
ionian	0.33	0.95
1v1	0.33	1.36
tiamat	0.33	0.94
begin	0.33	0.85
promos	0.33	0.84
practise	0.33	0.95
karma	0.33	1.21
abilities	0.33	1.07
direct	0.33	0.91
rush	0.33	0.90
secs	0.33	0.87
far	0.33	1.77
champ	0.33	1.11
sieging	0.33	1.90
attackers	0.33	1.22
visage	0.33	0.94
sort	0.33	1.13
wriggles	0.33	0.90
skipping	0.33	0.79
month	0.33	1.33
demoted	0.33	0.80
dish	0.33	1.48
removes	0.33	0.91
mail	0.33	1.10
spirit	0.33	0.91
brut	0.33	0.94
we	0.33	1.55
bruta	0.33	0.96
biggest	0.33	1.30
reduced	0.33	1.00
maxing	0.33	0.97
grouping	0.33	1.33
wall	0.33	0.94
includes	0.33	0.92
receiving	0.33	0.90
tome	0.34	0.90
however	0.34	1.86
gunblade	0.34	0.92
randuins	0.34	0.95
might	0.34	1.87
sotel	0.34	0.95
youre	0.34	1.19
brutaliser	0.34	0.94
brutalizer	0.34	0.93
upgrading	0.34	0.90
lucidity	0.34	0.97
climbed	0.34	1.58
er	0.34	0.96
raka	0.34	1.08
teamfight	0.34	1.50
refer	0.34	0.82
increase	0.34	1.20
third	0.34	0.83
examples	0.34	1.02
talked	0.34	1.02
triforce	0.35	0.95
ad	0.35	1.01
ye	0.35	1.26
invisibility	0.35	1.32
tank	0.35	1.16
strength	0.35	1.46
setting	0.35	1.05
mp5	0.35	1.03
dramatically	0.35	1.05
common	0.35	2.40
presence	0.35	1.59
cleaver	0.35	0.92
items	0.35	1.01
gt	0.35	0.96
largest	0.35	1.63
quill	0.35	0.87
after	0.35	0.97
proxy	0.35	1.27
lots	0.35	1.51
ccs	0.35	1.16
skip	0.35	0.78
major	0.35	1.38
constant	0.35	1.20
method	0.35	1.50
fact	0.35	1.64
genuinely	0.35	1.19
greater	0.35	1.67
soloqueue	0.35	1.18
devourer	0.35	0.87
significant	0.35	1.79
usual	0.36	1.69
d1	0.36	0.76
basics	0.36	0.95
s1	0.36	1.66
talks	0.36	0.86
stone	0.36	0.90
soak	0.36	1.31
lizard	0.36	0.96
que	0.36	0.83
scepter	0.36	0.92
reached	0.36	0.99
flash	0.36	0.99
explain	0.36	1.76
expand	0.36	0.90
randuin	0.36	0.95
probably	0.36	2.57
resists	0.36	1.16
role	0.36	1.06
leona	0.36	1.23
wither	0.36	0.92
protecting	0.36	1.24
stance	0.36	0.87
barrier	0.36	1.01
over	0.36	0.93
stuns	0.36	1.24
mastery	0.36	1.05
straight	0.36	1.38
larger	0.36	1.56
significantly	0.37	1.07
back	0.37	1.09
opt	0.37	1.11
pref	0.37	1.43
gapcloser	0.37	1.44
pot	0.37	0.86
warmog	0.37	0.95
trinity	0.37	0.95
oriana	0.37	0.99
anti	0.37	1.44
armor	0.37	1.00
kit	0.37	1.15
5	0.37	0.79
technique	0.37	1.02
secondary	0.37	1.00
human	0.37	0.93
seal	0.37	1.12
switching	0.37	0.90
hydra	0.37	0.94
planned	0.37	0.91
sticky	0.37	0.87
fights	0.37	1.41
snare	0.37	1.08
support	0.37	0.88
ap	0.37	1.02
mres	0.38	0.99
whisper	0.38	0.91
knockups	0.38	1.28
penetration	0.38	1.09
blade	0.38	0.93
king	0.38	0.93
news	0.38	1.04
armour	0.38	1.00
resistance	0.38	1.09
size	0.38	1.15
b1	0.38	1.15
golem	0.38	0.96
fourth	0.38	1.03
return	0.38	1.05
bloodthirster	0.38	0.91
challenger	0.38	0.74
often	0.38	1.66
kr	0.38	0.80
resist	0.38	1.00
opposite	0.38	1.17
searching	0.38	0.89
maxed	0.38	0.95
elder	0.38	0.97
quite	0.39	1.26
spells	0.39	1.00
herself	0.39	1.29
enchant	0.39	0.96
either	0.39	1.76
came	0.39	1.29
update	0.39	0.93
mobility	0.39	1.65
forms	0.39	1.14
skirmish	0.39	1.13
very	0.39	1.26
stacked	0.39	0.95
peak	0.39	0.82
cloth	0.39	0.91
sieges	0.39	1.47
diminishing	0.39	0.98
pool	0.39	0.99
spell	0.39	1.03
ended	0.39	1.04
spider	0.39	0.94
strategies	0.39	0.96
mallet	0.39	0.93
noticeable	0.39	1.50
frame	0.39	0.98
prevalent	0.39	1.25
ruined	0.39	0.93
ar	0.40	0.98
stacks	0.40	0.91
suppression	0.40	1.07
lets	0.40	0.99
margin	0.40	1.14
sunfire	0.40	0.95
static	0.40	0.95
party	0.40	0.99
flare	0.40	0.91
statik	0.40	0.94
reposition	0.40	1.14
boot	0.40	1.09
statikk	0.40	0.95
0.5	0.40	0.93
dancer	0.40	0.95
phantom	0.40	0.95
alt	0.40	0.96
locking	0.40	1.17
trick	0.40	0.97
usefulness	0.40	1.26
ladder	0.40	0.87
sec	0.40	0.90
fighter	0.40	1.52
feral	0.40	0.91
defend	0.40	1.22
unholy	0.40	0.95
listening	0.40	1.00
seals	0.40	0.97
mr/lvl	0.40	0.98
yellows	0.41	0.98
stattik	0.41	0.96
o.o	0.41	1.20
upcoming	0.41	1.17
omen	0.41	0.95
s3	0.41	1.64
glyphs	0.41	0.97
offensively	0.41	1.13
permanently	0.41	0.93
infinity	0.41	0.92
3x	0.41	0.97
mr	0.41	0.98
applying	0.41	1.05
somewhat	0.41	1.14
provisionals	0.41	0.84
mix	0.41	1.18
additionally	0.41	0.92
shiv	0.41	0.95
final	0.41	0.85
exhaust	0.41	0.93
arm	0.41	0.97
tp	0.41	0.95
extent	0.41	1.11
sotag	0.41	0.95
scaling	0.42	0.98
slight	0.42	1.39
software	0.42	1.07
boots	0.42	0.96
promotion	0.42	0.80
placed	0.42	0.88
overall	0.42	1.26
wich	0.42	0.85
enjoyed	0.42	2.93
9x	0.42	0.98
flat	0.42	0.98
sleep	0.42	0.80
legitimate	0.42	1.07
diving	0.42	1.29
ravenous	0.42	0.95
shows	0.42	0.91
showing	0.42	1.03
wait	0.42	0.95
initiates	0.42	1.34
madstone	0.42	0.79
updated	0.42	0.80
tryn	0.43	1.50
ring	0.43	0.89
blades	0.43	0.94
decent	0.43	2.18
quint	0.43	0.95
magic	0.43	1.12
skirmishes	0.43	1.32
context	0.43	1.47
busy	0.43	0.88
priorities	0.43	0.90
marks	0.43	0.97
resistances	0.43	1.16
returns	0.43	0.95
ults	0.43	1.09
prioritize	0.43	0.83
soaking	0.43	1.26
powerful	0.43	1.92
stuck	0.43	0.90
entirely	0.43	1.50
n	0.43	1.12
bf	0.43	0.97
mpen	0.43	0.97
enables	0.43	0.91
effectiveness	0.44	1.07
hes	0.44	1.22
stun	0.44	1.18
bilgewater	0.44	0.99
ultimates	0.44	1.17
test	0.44	1.03
build	0.44	1.22
pen	0.44	0.97
bc	0.44	0.95
greaves	0.44	0.93
tiger	0.44	0.88
root	0.44	1.13
bortk	0.44	0.96
top/mid	0.44	0.80
theory	0.44	1.24
fleeing	0.44	1.09
little	0.44	1.14
style	0.44	1.05
course	0.44	1.80
last	0.44	0.79
scales	0.44	1.35
pots	0.44	0.87
dorans	0.44	0.88
pickaxe	0.44	0.96
copy	0.44	0.82
stunning	0.44	1.21
leveling	0.44	0.90
armor/mr	0.45	1.10
again	0.45	1.55
cleanse	0.45	0.93
1x	0.45	0.97
ls	0.45	0.87
2.5	0.45	0.97
war	0.45	0.92
berserkers	0.45	0.93
border	0.45	0.78
bigger	0.45	1.56
blues	0.45	0.94
cutlass	0.45	0.99
promoted	0.45	0.83
moreover	0.45	0.79
stuff	0.45	1.13
clear	0.45	1.36
found	0.45	1.24
arpen	0.45	0.97
find	0.45	1.22
deals	0.45	1.35
may	0.46	1.71
open	0.46	0.86
lw	0.46	0.95
gaming	0.46	0.82
tabi	0.46	1.01
y	0.46	0.95
bought	0.46	1.07
cover	0.46	1.06
bt	0.46	0.96
opportunity	0.46	0.96
amp	0.46	0.80
cape	0.46	0.96
pair	0.46	0.80
mercury	0.46	0.98
berserker	0.46	0.94
bit	0.46	1.21
voice	0.46	1.07
effect	0.46	1.03
b4	0.46	1.20
nicely	0.46	1.08
queued	0.46	0.75
doran	0.46	0.89
drive	0.46	0.83
notable	0.46	1.45
concept	0.47	1.19
morellonomicon	0.47	0.97
components	0.47	1.12
works	0.47	1.37
second	0.47	0.90
completing	0.47	0.97
splash	0.47	1.18
eu	0.47	0.80
slowing	0.47	1.17
wondered	0.47	1.34
bringing	0.47	0.89
fine	0.47	1.44
slows	0.47	1.24
flask	0.47	0.96
switch	0.48	0.87
suit	0.48	1.11
giant	0.48	1.58
youmuus	0.48	0.96
merc	0.48	1.00
teleport	0.48	0.98
ghostblade	0.48	0.94
avarice	0.48	1.01
lmao	0.48	1.00
lately	0.48	1.06
earlier	0.48	0.89
ip	0.48	0.88
coordinate	0.48	0.86
swapped	0.48	0.89
botrk	0.48	0.96
applied	0.48	1.00
reds	0.48	0.94
tl	0.48	1.13
2x	0.49	0.93
dblade	0.49	0.90
popping	0.49	1.03
approach	0.49	1.16
reliable	0.49	1.57
dagger	0.49	0.99
plans	0.49	0.84
fully	0.49	1.00
suits	0.49	1.26
bork	0.49	0.96
productive	0.49	1.17
consider	0.49	1.28
conservation	0.49	1.03
implement	0.49	0.84
crystal	0.49	0.87
offense	0.49	1.05
zeal	0.49	0.97
come	0.49	1.04
importantly	0.49	0.89
longsword	0.49	0.90
mercs	0.49	1.01
siege	0.50	1.35
placements	0.50	0.90
clearing	0.50	1.34
invulnerability	0.50	1.11
main	0.50	1.18
zerks	0.50	0.94
mechanism	0.50	1.34
treads	0.50	1.01
zoning	0.50	1.37
wiki	0.50	0.93
dot	0.50	1.04
debate	0.50	1.58
tooth	0.50	0.84
perma	0.50	1.08
aid	0.50	0.92
wings	0.50	0.84
kind	0.50	1.09
builds	0.50	0.99
duration	0.50	1.00
ie	0.50	0.96
covered	0.50	0.97
she	0.51	1.35
gold	0.51	0.75
gained	0.51	0.91
diver	0.51	1.44
typing	0.51	0.94
900	0.51	0.85
kite	0.51	1.13
ancient	0.51	0.94
patient	0.51	0.96
farmer	0.51	1.81
ninja	0.51	1.02
immense	0.51	2.13
pd/shiv	0.51	0.96
duel	0.51	1.48
nashors	0.51	0.91
receive	0.52	0.93
innate	0.52	1.47
rounded	0.52	1.23
running	0.52	0.94
potions	0.52	0.91
check	0.52	0.92
rly	0.52	1.14
recommended	0.52	1.40
dropped	0.52	1.14
runaan	0.52	0.90
voyboy	0.52	1.07
kinda	0.52	1.09
imho	0.52	1.15
soft	0.52	1.08
shes	0.52	1.24
pd	0.52	0.97
off	0.52	0.95
tick	0.52	1.01
pushers	0.52	1.83
6300	0.52	0.83
sight	0.52	0.95
extended	0.52	1.21
heres	0.52	0.96
its	0.52	1.51
end	0.52	0.91
uptime	0.52	1.24
surely	0.53	0.94
tiny	0.53	1.42
unranked	0.53	0.75
hp5	0.53	0.92
ult	0.53	1.13
boosts	0.53	1.19
big	0.53	1.55
type	0.53	0.88
chances	0.53	1.12
realized	0.53	1.23
pages	0.53	0.92
greatest	0.53	2.12
nashor	0.53	0.85
output	0.53	1.46
catching	0.53	1.31
season	0.53	1.33
passed	0.54	0.84
zephyr	0.54	0.97
drastically	0.54	1.11
runepages	0.54	0.85
engagements	0.54	1.17
finger	0.54	0.97
playmaking	0.54	1.55
displacement	0.54	1.34
rest	0.54	0.91
crowd	0.54	1.52
formatting	0.54	1.16
rune	0.54	0.90
knock	0.54	1.33
spellvamp	0.54	1.17
single-target	0.55	1.44
flexible	0.55	1.31
stick	0.55	1.05
income	0.55	1.13
experience	0.55	1.04
b5	0.55	1.22
wit	0.55	0.86
round	0.55	0.72
runaans	0.55	0.93
pretty	0.55	1.24
auras	0.55	1.01
mention	0.55	1.73
heal	0.55	0.94
learned	0.55	1.23
cuz	0.55	1.19
checked	0.55	0.90
small	0.55	1.59
ignite	0.55	0.91
debuff	0.56	1.00
zerkers	0.56	0.95
setups	0.56	1.23
initiator	0.56	1.55
refuse	0.56	1.08
seige	0.56	1.43
honesty	0.56	1.08
lolnexus	0.56	0.89
covering	0.56	0.95
grouped	0.56	1.13
go-to	0.56	2.24
explaining	0.56	1.38
reduction	0.56	1.08
book	0.56	0.81
remove	0.56	0.87
engages	0.56	1.54
healing	0.56	1.04
tldr	0.56	0.95
accounts	0.56	0.75
allow	0.56	0.97
wounds	0.56	0.98
youmuu	0.56	0.96
fighting	0.57	1.46
looked	0.57	1.08
saw	0.57	0.96
rageblade	0.57	0.88
through	0.57	0.91
ur	0.57	1.18
hurricane	0.57	0.89
speaking	0.57	1.08
deleted	0.57	1.08
stall	0.57	1.43
mobile	0.57	1.10
tabis	0.57	1.06
rp	0.57	0.85
unique	0.57	1.01
bursting	0.57	1.37
skipped	0.58	1.07
advanced	0.58	0.87
spammable	0.58	1.03
equivalent	0.58	0.90
knockup	0.58	1.33
luxury	0.58	1.04
um	0.58	1.22
excels	0.58	1.76
dps	0.58	1.47
assumed	0.59	1.45
ulti	0.59	1.15
hybrid	0.59	0.94
respond	0.59	1.03
flexibility	0.59	1.49
steam	0.59	0.80
mobis	0.59	1.12
dmg	0.59	1.42
experimenting	0.59	1.15
til	0.59	0.91
guard	0.59	0.93
poking	0.59	1.46
splitting	0.59	1.50
tornado	0.59	1.34
dshield	0.59	0.88
quints	0.59	0.95
teamfighting	0.59	1.84
skins	0.60	0.85
specifically	0.60	1.46
hopes	0.60	0.84
vamp	0.60	1.02
cheaper	0.60	1.24
fits	0.60	0.95
join	0.60	0.79
runes/masteries	0.60	0.95
disrupt	0.60	1.44
grievous	0.60	0.99
normally	0.60	1.70
live	0.60	0.87
possible	0.60	2.53
increases	0.60	1.22
want	0.61	1.68
piece	0.61	1.09
5s	0.61	0.82
banner	0.61	1.05
bullying	0.61	1.56
immediate	0.61	1.57
450	0.61	1.04
bronze	0.61	0.82
chill	0.61	1.00
analyse	0.62	1.47
f	0.62	0.95
isnt	0.62	1.32
downvote	0.62	1.62
correctly	0.62	2.36
poke	0.62	1.58
wear	0.62	0.83
tankyness	0.62	1.44
21	0.62	0.94
eventually	0.62	0.88
regards	0.62	0.97
wombo	0.62	1.23
spellshield	0.62	1.49
stats	0.62	1.36
picking	0.62	1.04
methods	0.63	0.93
polymorph	0.63	1.31
breaking	0.63	0.90
peeler	0.63	1.66
regain	0.63	1.12
s4	0.63	1.26
summoners	0.63	0.90
viewers	0.63	1.03
summer	0.63	0.88
basis	0.63	0.89
aoe	0.63	1.46
offensive	0.63	0.98
analyzing	0.63	1.57
excellent	0.63	2.23
try	0.63	1.45
idk	0.63	1.43
usually	0.63	1.70
showed	0.64	0.94
indeed	0.64	1.18
bird	0.64	2.01
foot	0.64	0.88
ofcourse	0.64	1.00
ruby	0.64	0.90
pop	0.64	0.97
burst	0.64	1.56
zones	0.64	0.91
look	0.64	1.05
certainly	0.64	1.62
day	0.64	0.83
disruption	0.65	1.54
beside	0.65	1.00
activating	0.65	1.03
bring	0.65	1.08
discussing	0.65	1.20
consists	0.65	1.26
wanting	0.65	0.99
enchantment	0.65	1.00
assassinating	0.65	1.44
splitpusher	0.66	1.75
proud	0.66	1.14
targon	0.66	0.98
escape	0.66	1.57
ss	0.66	1.00
hours	0.66	0.85
cleanup	0.66	1.36
probuilds	0.66	0.88
manner	0.66	0.96
today	0.66	0.89
actives	0.66	1.06
s5	0.66	1.21
premade	0.66	0.79
homeguard	0.67	1.12
mountain	0.67	1.01
tree	0.67	0.99
ganker	0.67	1.83
tactic	0.67	1.09
shield	0.67	0.97
search	0.67	0.85
scout	0.67	1.10
original	0.67	1.44
table	0.68	1.37
knockback	0.68	1.39
looking	0.68	1.40
applicable	0.68	1.01
newer	0.68	0.80
swiftness	0.68	1.14
bolts	0.68	0.99
generally	0.68	2.41
same	0.68	2.19
cc	0.68	1.60
boosting	0.68	0.81
preference	0.68	1.20
distortion	0.69	1.12
sacrifice	0.69	1.17
engaging	0.69	1.50
error	0.69	2.27
everyday	0.69	0.80
effects	0.69	1.02
applies	0.69	0.98
tricks	0.69	0.86
def	0.70	0.91
evidence	0.70	1.41
activate	0.70	1.01
nail	0.70	0.76
downvoted	0.70	1.85
power	0.70	1.60
silver	0.70	0.86
runes	0.70	0.93
apply	0.70	1.00
grinding	0.71	0.88
stretch	0.71	0.87
safety	0.71	1.46
though	0.71	1.73
streaming	0.71	0.91
mobi	0.71	1.04
heh	0.71	0.96
initiate	0.71	1.52
run	0.72	0.83
insane	0.72	2.04
sale	0.72	0.75
suggest	0.72	1.29
phone	0.72	1.00
duels	0.72	1.40
picture	0.72	0.86
fifth	0.72	1.00
em	0.72	1.30
missed	0.72	1.56
combat	0.72	1.24
let	0.72	1.19
wondering	0.72	1.69
credit	0.72	0.94
spellthiefs	0.73	0.99
aswell	0.73	1.12
peel	0.73	1.53
shredding	0.73	1.45
school	0.73	0.89
sheen	0.73	1.07
start	0.73	0.94
feature	0.73	0.75
dat	0.73	1.28
boxbox	0.73	0.92
generation	0.74	1.07
frequent	0.74	1.53
spellblade	0.74	1.05
rather	0.74	1.05
versatility	0.74	1.51
lolking	0.74	0.92
upfront	0.74	1.54
defenses	0.74	1.29
resources	0.74	0.87
lasts	0.74	1.02
built	0.75	0.98
junglers	0.75	1.67
relic	0.75	0.91
kiting	0.75	1.38
seek	0.75	0.92
seems	0.75	1.25
u	0.75	1.16
sighstone	0.75	1.01
split	0.76	1.68
sites	0.76	0.93
mac	0.76	0.98
runepage	0.76	0.89
although	0.76	1.55
basic	0.76	1.00
meet	0.76	0.76
homeguards	0.76	1.13
bias	0.76	1.07
1350	0.76	0.84
strong	0.77	1.93
krepo	0.77	0.87
mobafire	0.77	0.90
repositioning	0.77	1.38
spellthief	0.77	0.96
pusher	0.77	1.82
incredible	0.78	2.02
previous	0.78	0.92
watched	0.78	1.02
targons	0.78	0.96
cleaning	0.78	1.51
spd	0.78	0.97
followup	0.78	1.33
raw	0.78	1.40
checking	0.78	0.86
facts	0.78	2.38
masteries	0.78	0.95
charges	0.78	1.00
d3	0.79	0.83
passives	0.79	1.11
deeper	0.79	0.92
reworked	0.79	2.33
lan	0.79	0.99
dedicated	0.79	0.81
feel	0.79	1.49
d2	0.80	0.93
recommend	0.80	1.24
wouldnt	0.80	1.18
follow-up	0.80	1.37
clears	0.80	1.38
boat	0.80	1.10
started	0.80	2.39
21/9	0.80	0.95
peeling	0.81	1.53
pillar	0.81	1.53
splitpush	0.81	1.66
heads	0.81	1.17
coin	0.81	0.97
gp10	0.81	1.02
engage	0.81	1.61
tbh	0.81	1.33
combinations	0.81	0.92
advise	0.81	1.26
quote	0.81	0.96
alacrity	0.81	1.17
preferred	0.81	2.36
janna	0.81	1.57
vital	0.81	0.91
utilize	0.82	1.14
date	0.82	0.90
mejai	0.82	1.04
met	0.82	1.39
night	0.82	0.97
lifesteal	0.83	1.22
hint	0.83	0.93
ultimate	0.83	1.57
league	0.83	1.14
sightstone	0.83	1.03
particular	0.83	2.16
strongly	0.83	1.10
split-pushing	0.83	1.72
class	0.83	0.86
compliment	0.83	0.93
massive	0.83	1.86
standard	0.84	1.23
watching	0.84	0.96
paid	0.84	0.84
long	0.84	1.05
21/9/0	0.84	0.95
streamers	0.84	0.91
expertise	0.84	1.02
list	0.85	1.15
pieces	0.85	0.88
lockdown	0.85	1.61
feelings	0.85	0.86
ability	0.85	1.48
friends	0.85	0.82
her	0.85	2.05
history	0.85	0.86
assassination	0.85	1.74
capability	0.86	1.64
imo	0.86	2.22
provided	0.86	1.13
rule	0.86	0.92
next	0.86	1.07
9/21/0	0.86	0.96
frostfang	0.87	1.03
website	0.87	0.87
tenacity	0.87	1.21
locket	0.87	1.09
switched	0.87	2.33
lastly	0.87	0.81
solari	0.87	1.08
on-hit	0.87	1.05
account	0.87	0.85
skillset	0.87	0.82
hp/5	0.87	1.12
oddone	0.87	0.94
page	0.87	0.92
daily	0.88	0.93
splitpushing	0.88	1.79
phage	0.88	1.12
durability	0.88	1.44
agreed	0.89	1.17
ghost	0.89	0.96
furor	0.89	1.18
word	0.89	1.38
censer	0.90	1.10
initial	0.90	0.91
clean	0.90	0.98
true	0.90	1.32
short	0.91	1.03
setup	0.91	1.13
tools	0.91	1.63
escaping	0.91	1.58
benefit	0.91	1.12
frost	0.92	1.06
sports	0.92	0.85
initiators	0.92	1.60
viable	0.92	1.95
speak	0.92	1.02
whats	0.92	1.12
plat	0.92	0.87
1.5	0.92	1.04
reading	0.93	1.35
crazy	0.93	1.80
logical	0.93	1.90
format	0.93	0.90
gains	0.93	1.08
zeke	0.93	1.11
promise	0.94	0.94
smurf	0.94	0.81
sotd	0.94	1.06
summonerschool	0.94	0.91
aegis	0.94	1.11
survivability	0.94	1.42
activated	0.94	1.08
tremendously	0.94	0.99
tactics	0.94	0.90
content	0.94	0.91
site	0.94	0.93
theoddone	0.95	0.96
removed	0.95	0.90
iron	0.95	1.11
servers	0.95	1.00
smartcasting	0.95	1.03
guides	0.95	0.93
study	0.96	0.89
amazingly	0.96	1.81
week	0.96	0.86
divine	0.96	1.19
waveclear	0.96	1.87
thief	0.96	1.06
defence	0.97	1.12
program	0.97	0.98
bat	0.97	0.95
highly	0.97	0.94
client	0.97	1.14
region	0.97	0.95
expecting	0.97	1.00
entertaining	0.97	0.97
streams	0.97	0.91
obs	0.98	1.02
d5	0.98	0.99
tankiness	0.98	1.50
talisman	0.98	1.07
c	0.98	1.08
self-peel	0.98	1.67
soon	0.98	0.89
another	0.99	2.10
fqc	0.99	1.08
nightblue3	0.99	0.96
moba	0.99	1.88
mikaels	1.00	1.10
subject	1.00	1.11
diamond	1.00	0.85
nightblue	1.00	0.95
mikael	1.00	1.10
address	1.00	1.24
utility	1.01	1.33
opinion	1.01	1.32
crucible	1.01	1.11
series	1.01	0.84
reasoning	1.02	1.67
trick2g	1.02	0.93
profile	1.02	0.87
tutorial	1.02	0.98
initiating	1.02	1.59
queuing	1.02	0.84
synergize	1.02	1.09
sign	1.02	0.86
r/leagueoflegends	1.02	0.90
events	1.03	1.00
disengaging	1.03	1.61
vague	1.03	1.25
attackspeed	1.03	1.15
available	1.03	0.97
asking	1.04	1.56
defense	1.04	1.06
x	1.04	1.17
knowledgeable	1.04	0.89
prefer	1.04	1.22
immensely	1.05	1.06
potent	1.05	1.71
teamfighter	1.05	2.10
streamer	1.05	0.91
nah	1.05	1.41
wan	1.06	1.18
home	1.06	1.02
atk	1.06	1.12
replied	1.06	1.32
ii	1.06	0.88
proccing	1.06	1.11
brings	1.06	1.44
iii	1.06	0.87
solid	1.07	1.86
related	1.07	1.03
v	1.07	0.85
iv	1.07	0.85
techniques	1.07	0.91
argument	1.07	2.34
believe	1.07	2.11
story	1.07	1.08
slow	1.08	1.38
dia	1.08	0.86
assumption	1.08	2.17
division	1.09	0.88
downs	1.09	1.08
students	1.10	1.25
rules	1.10	0.95
procs	1.10	1.13
commenting	1.10	1.11
prolly	1.10	1.16
substantial	1.10	1.83
files	1.10	1.06
teach	1.11	0.96
brother	1.11	0.99
shred	1.11	1.23
gosu	1.11	0.91
figured	1.12	1.30
further	1.12	0.94
description	1.12	1.07
allows	1.12	1.05
stack	1.12	1.18
chase	1.13	1.24
s2	1.13	2.45
notes	1.13	0.88
posted	1.13	0.98
anyway	1.13	1.64
community	1.14	0.89
words	1.14	1.01
stream	1.14	0.97
download	1.15	0.98
later	1.15	0.93
synergy	1.15	0.93
prob	1.15	1.13
duelist	1.15	2.13
yes	1.15	1.54
consideration	1.16	1.08
chasing	1.16	1.41
user	1.16	0.78
yo	1.16	1.35
cooldowns	1.16	1.03
synergies	1.16	1.13
firstly	1.16	0.98
9/21	1.17	0.98
lucky	1.17	0.90
broad	1.18	1.11
salt	1.18	2.02
9/0/21	1.18	0.99
forums	1.18	0.91
rock	1.18	1.07
r/summonerschool	1.19	0.91
sending	1.19	1.10
vods	1.19	0.90
partner	1.19	0.87
baronreplay	1.19	0.99
channel	1.19	0.85
ta	1.19	1.43
view	1.20	0.93
members	1.20	0.97
sustain	1.20	1.39
lolreplay	1.20	1.06
currently	1.20	0.87
solomid	1.20	0.95
benefits	1.21	1.20
allowed	1.21	0.98
statement	1.21	2.22
areas	1.22	0.90
schedule	1.22	0.97
cds	1.22	1.02
together	1.22	0.94
conversation	1.23	1.14
21/0/9	1.24	0.97
engage/disengage	1.24	1.42
gain	1.24	0.96
baronreplays	1.24	1.07
discussion	1.25	1.27
b	1.25	1.04
any	1.25	1.03
0/21/9	1.25	0.95
quick	1.25	0.87
irl	1.26	0.86
bonus	1.26	1.39
initiation	1.26	2.19
seemed	1.27	1.59
cd	1.27	1.00
useful	1.27	1.55
potential	1.27	2.01
spoken	1.27	0.78
duelists	1.27	2.30
title	1.27	1.37
0/9/21	1.27	0.95
duoing	1.27	0.87
read	1.28	0.97
cooldown	1.28	1.00
general	1.28	0.96
wits	1.28	1.13
somehow	1.29	0.97
us	1.29	1.22
specifics	1.29	1.41
regeneration	1.29	1.20
recommendation	1.29	1.28
offers	1.29	1.33
platinum	1.30	0.93
meant	1.30	1.72
combination	1.30	1.29
writing	1.30	1.02
teaches	1.30	1.47
covers	1.30	0.89
quality	1.30	0.99
watch	1.30	1.01
responding	1.30	1.27
cake	1.31	1.50
shoot	1.31	0.91
increased	1.31	1.25
sticking	1.32	1.48
youtube	1.32	0.94
grammar	1.32	1.86
sidebar	1.32	0.92
in-game	1.33	1.20
duo	1.33	0.87
proc	1.33	1.20
requests	1.33	1.32
recording	1.33	1.10
wrote	1.34	1.16
needed	1.34	1.64
duelling	1.34	2.07
fair	1.34	1.09
disengage	1.34	2.07
elaborate	1.35	1.49
g	1.35	1.00
movement	1.35	1.31
file	1.35	1.01
languages	1.35	0.79
analyze	1.36	1.29
ardent	1.36	1.26
group	1.36	0.95
participate	1.36	1.12
tool	1.36	1.97
ha	1.36	1.09
commentary	1.37	1.06
protection	1.37	1.18
skin	1.37	0.91
thats	1.38	1.39
great	1.38	1.78
shadows	1.39	1.26
section	1.39	0.83
capabilities	1.39	2.02
101	1.39	0.89
op.gg	1.39	1.03
hearing	1.40	1.64
posting	1.40	1.00
asked	1.40	1.13
minor	1.41	1.70
bonuses	1.41	1.23
weekly	1.41	0.93
combine	1.42	1.18
rift	1.42	1.08
weekend	1.42	1.04
aura	1.43	1.30
sub	1.43	0.99
prepared	1.43	1.59
tho	1.44	1.13
queen	1.44	1.23
thought	1.44	1.57
prioritizing	1.45	1.60
sheild	1.45	0.78
greatly	1.45	0.98
text	1.45	0.98
answered	1.45	1.27
subreddit	1.45	0.94
steroid	1.45	1.42
claim	1.45	1.24
hour	1.45	0.94
gb	1.46	1.29
scarra	1.46	1.18
session	1.46	0.98
purposes	1.46	1.37
given	1.46	0.98
sounds	1.46	1.18
lol	1.47	1.36
specific	1.47	0.98
respectively	1.47	1.58
unswlolsoc	1.48	0.94
posts	1.48	0.99
yep	1.48	1.02
regen	1.48	1.32
providing	1.49	0.93
hmmm	1.49	1.09
invaluable	1.49	1.63
twin	1.49	1.28
mine	1.50	0.90
usefull	1.50	1.51
dueling	1.50	1.95
brief	1.50	0.91
morning	1.50	1.10
talk	1.51	1.24
shockwave	1.51	1.14
enjoy	1.52	1.76
videos	1.52	0.99
spelling	1.53	1.65
uh	1.53	1.18
message_the_moderators	1.53	1.00
reccomend	1.54	1.76
flair	1.54	0.96
teaching	1.54	0.96
sry	1.55	1.00
assistance	1.56	1.00
provide	1.56	0.95
ascension	1.57	1.30
coupled	1.57	1.50
record	1.57	1.12
totally	1.58	1.27
topic	1.58	1.03
duoq	1.58	0.89
explains	1.59	1.01
adc/support	1.59	0.87
regarding	1.59	1.08
opinions	1.59	1.20
yup	1.59	1.11
vids	1.60	1.00
link	1.60	0.97
foxdrop	1.60	1.19
id	1.60	1.06
azoh	1.62	1.13
experiences	1.63	0.83
groups	1.63	0.98
discuss	1.63	1.20
summary	1.64	0.94
ll	1.64	1.27
server	1.66	1.00
summoner	1.66	0.93
speed	1.66	1.41
definitely	1.67	1.74
lesson	1.67	0.87
eune	1.67	1.04
anytime	1.68	1.07
perspective	1.68	0.91
im	1.68	1.04
upload	1.69	1.12
interesting	1.69	1.40
grant	1.69	1.09
mods	1.69	0.93
english	1.69	0.83
via	1.70	1.11
dunno	1.70	1.31
agree	1.70	1.85
article	1.71	0.99
hesitate	1.71	1.23
submission	1.72	1.00
natural	1.72	1.61
thread	1.73	1.04
upvote	1.73	1.14
generic	1.73	0.90
recommendations	1.73	0.87
comments	1.73	1.21
skype	1.73	1.39
accepted	1.75	1.44
vod	1.75	1.06
language	1.75	0.82
cheap	1.75	1.76
links	1.75	0.99
oops	1.75	1.31
ms	1.76	1.28
gave	1.76	1.04
passive	1.77	1.33
paragraph	1.78	1.06
which	1.78	1.57
handy	1.79	1.51
video	1.79	0.99
comment	1.79	1.14
recorded	1.79	1.13
am	1.80	1.06
meantime	1.80	0.88
online	1.81	1.16
na	1.81	1.09
wanted	1.82	1.34
threads	1.82	1.01
p.s	1.82	1.01
movespeed	1.83	1.40
write	1.84	1.04
addition	1.84	1.25
hahaha	1.85	0.92
question	1.86	1.19
replay	1.86	1.15
liking	1.87	1.61
huh	1.87	1.28
noted	1.88	1.10
post	1.89	0.99
replays	1.89	1.24
tonight	1.90	1.26
vice	1.91	1.84
lessons	1.92	0.93
guess	1.93	1.39
friend	1.93	1.07
suppose	1.93	1.20
combined	1.93	1.72
detail	1.96	1.09
gj	1.97	1.43
perfect	1.97	1.45
o	1.97	1.11
adds	1.99	1.23
provides	1.99	1.17
reddit	1.99	0.97
mentoring	1.99	1.08
along	2.00	1.81
sorry	2.01	1.05
coach	2.02	1.18
yay	2.03	1.04
teacher	2.03	1.05
oce	2.04	1.11
additional	2.04	1.12
giving	2.04	0.87
grants	2.05	1.22
guide	2.06	1.03
here	2.07	1.02
replying	2.07	1.27
euw	2.08	1.12
vid	2.08	1.27
moderators	2.09	1.04
please	2.10	1.18
tomorrow	2.10	1.17
removal	2.10	0.96
adding	2.11	1.05
forgot	2.11	1.18
ama	2.12	1.04
shall	2.12	1.11
personally	2.13	1.53
student	2.14	1.16
spectating	2.14	1.23
beautiful	2.14	0.91
ideas	2.15	0.96
permanent	2.16	1.73
free	2.16	1.11
loving	2.17	1.12
versa	2.17	1.56
written	2.20	1.02
xd	2.20	1.15
nonetheless	2.21	0.95
mentor	2.21	1.18
yea	2.24	1.22
congratulations	2.25	1.21
edited	2.26	1.43
hm	2.26	1.04
ps	2.27	1.00
constructive	2.27	1.02
ahh	2.28	1.22
clarification	2.28	1.34
tip	2.28	0.99
looks	2.28	1.26
information	2.29	1.06
sense	2.32	1.18
coaching	2.33	1.14
help	2.33	1.06
name	2.34	1.16
review	2.34	1.22
advance	2.35	0.94
informative	2.36	1.14
offer	2.37	0.87
edit	2.40	1.29
synergizes	2.40	1.56
contact	2.44	1.26
1v1s	2.44	1.36
hear	2.45	1.35
wish	2.45	1.23
future	2.46	0.99
share	2.48	1.11
hello	2.49	1.15
send	2.49	1.24
boost	2.51	1.58
yeah	2.51	1.16
sent	2.51	1.14
info	2.52	0.98
message	2.53	1.20
details	2.55	1.14
art	2.56	1.64
oh	2.57	1.11
extra	2.57	1.48
ask	2.58	1.37
me	2.58	1.54
username	2.58	0.95
offering	2.59	0.93
hoping	2.59	1.17
criticism	2.59	1.01
answer	2.59	1.05
dude	2.59	1.35
request	2.62	1.19
hmm	2.62	1.12
gladly	2.63	1.55
analysis	2.67	1.07
answers	2.68	1.02
ah	2.68	1.08
give	2.68	0.90
gives	2.68	1.37
sometime	2.68	1.43
willing	2.70	1.46
plus	2.70	1.53
questions	2.77	1.31
depth	2.79	0.99
active	2.79	1.55
fellow	2.79	1.30
helps	2.79	1.09
answering	2.81	1.07
suggestion	2.81	0.88
responses	2.86	0.99
explanation	2.86	1.02
spectate	2.88	1.48
cents	2.88	1.01
p	2.90	0.98
pm	2.90	1.42
replies	2.91	1.01
sweet	2.93	1.17
tips	2.95	0.95
haha	2.95	1.12
ya	2.95	1.04
add	2.96	1.25
advice	2.97	0.96
okay	2.97	1.09
response	2.98	0.99
wow	2.99	1.13
ingame	3.00	1.30
hopefully	3.02	1.03
suggestions	3.02	0.94
d	3.02	1.21
anyways	3.04	1.03
ok	3.04	1.07
reply	3.04	0.93
bro	3.05	1.03
bud	3.05	1.05
thoughts	3.07	1.07
ign	3.08	1.33
interested	3.09	1.46
pointers	3.10	1.20
insight	3.10	0.95
sir	3.12	0.98
in-depth	3.12	1.02
hope	3.13	0.94
congrats	3.13	1.08
np	3.15	1.01
added	3.18	0.83
detailed	3.18	1.00
gl	3.19	1.00
critique	3.19	1.33
feedback	3.21	0.94
input	3.21	0.94
buddy	3.23	1.13
hi	3.24	1.38
ill	3.25	1.11
helped	3.26	0.96
wonderful	3.28	0.63
alright	3.28	0.96
mate	3.28	0.97
appreciated	3.31	0.92
cool	3.32	0.96
lt	3.34	0.98
worries	3.34	1.08
guys	3.39	0.96
luck	3.39	1.04
man	3.41	0.94
welcome	3.43	1.05
ty	3.45	0.93
thanks	3.46	0.92
thank	3.46	0.91
thx	3.47	0.91
cheers	3.52	0.92
helpful	3.52	0.86
appreciate	3.53	0.99
sharing	3.57	0.83
hey	3.58	1.06
btw	3.63	1.01
glad	3.64	0.99
