notorious	-5.67	1.89
crappy	-5.60	1.85
mcafee	-5.25	2.32
rid	-5.16	2.59
adware	-4.91	3.25
worse	-4.82	2.08
suck	-4.68	2.25
virus	-4.66	3.69
ridiculous	-4.65	1.77
malware	-4.58	3.79
bloated	-4.50	1.74
fake	-4.49	2.70
wonky	-4.49	2.33
rootkits	-4.45	3.87
infected	-4.45	3.77
viruses	-4.41	3.75
chosen	-4.41	2.55
poor	-4.37	2.15
infection	-4.35	3.91
shitty	-4.35	1.95
purpose	-4.34	2.52
spyware	-4.34	3.34
standards	-4.18	2.64
rootkit	-4.17	3.57
cryptolocker	-4.15	3.84
avg	-4.15	2.32
trojan	-4.14	3.96
anti	-4.11	3.22
infect	-4.08	3.84
scanning	-4.08	2.99
useless	-4.07	2.45
rogue	-4.05	3.47
anti-malware	-3.99	3.01
bitcoin	-3.99	3.88
antimalware	-3.99	3.00
mse	-3.98	2.62
antivirus	-3.96	2.64
keylogger	-3.95	3.38
malwarebytes	-3.93	3.19
sophos	-3.92	2.57
avast	-3.92	2.65
norton	-3.89	2.21
av	-3.86	2.61
mbam	-3.85	3.24
affects	-3.83	3.01
mining	-3.82	3.99
spybot	-3.82	3.18
scanners	-3.81	3.27
anti-virus	-3.80	2.78
removal	-3.78	3.27
superantispyware	-3.75	3.15
essentials	-3.74	2.55
products	-3.73	2.70
applies	-3.72	2.70
scan	-3.67	3.28
virtually	-3.67	2.69
scanner	-3.67	3.00
bound	-3.67	2.75
scans	-3.67	3.17
adwcleaner	-3.66	3.16
pointless	-3.65	2.65
botnet	-3.65	3.23
hitmanpro	-3.64	3.14
hitman	-3.63	3.17
panda	-3.62	2.47
tdsskiller	-3.62	3.15
pure	-3.61	2.36
rkill	-3.61	3.25
junkware	-3.60	3.15
intense	-3.60	3.92
caught	-3.59	3.69
avira	-3.59	2.46
bitdefender	-3.58	2.47
roguekiller	-3.57	3.14
killer	-3.57	3.19
kaspersky	-3.56	2.47
nod32	-3.55	2.74
threshold	-3.54	3.45
adw	-3.52	3.12
crapware	-3.52	1.99
lighting	-3.51	2.65
eset	-3.50	2.60
combofix	-3.50	3.12
hijackthis	-3.50	3.13
beat	-3.50	2.71
bloatware	-3.47	1.99
junk	-3.47	2.18
infections	-3.45	3.40
toolbars	-3.45	2.28
defender	-3.44	2.57
tdss	-3.42	3.14
symantec	-3.42	1.97
malicious	-3.40	3.23
crap	-3.39	2.50
alone	-3.37	2.39
shadow	-3.36	3.99
crazy	-3.34	2.18
conduit	-3.33	2.25
liked	-3.33	2.04
revo	-3.32	2.81
raw	-3.29	3.83
sector	-3.28	3.74
sectors	-3.26	3.75
parental	-3.17	3.96
known	-3.14	2.11
ddos	-3.14	3.01
value	-3.14	3.74
attack	-3.11	3.10
bundled	-3.10	2.20
bloat	-3.09	1.99
unwanted	-3.07	2.41
count	-3.07	3.76
ventilation	-3.06	2.71
variant	-3.04	4.15
ccleaner	-3.03	2.77
hijack	-3.01	3.08
stories	-3.01	3.40
protection	-2.99	2.52
loses	-2.98	2.50
sight	-2.97	2.57
court	-2.97	3.13
2000	-2.97	3.70
blame	-2.93	2.76
safety	-2.91	2.87
definitions	-2.90	2.89
horribly	-2.89	2.99
quit	-2.89	3.04
actively	-2.87	2.13
toolbar	-2.87	2.12
agreed	-2.83	2.35
run	-2.81	2.83
threats	-2.81	3.04
stumped	-2.80	3.08
scenarios	-2.78	3.23
world	-2.77	3.28
reality	-2.75	2.96
scary	-2.74	2.69
garbage	-2.72	1.73
falls	-2.72	3.38
statement	-2.72	3.19
threat	-2.70	2.91
scanned	-2.69	2.76
bundle	-2.68	2.04
cleaner	-2.67	2.61
attacks	-2.66	2.69
detection	-2.66	2.32
security	-2.65	2.31
remove	-2.64	2.41
son	-2.63	3.60
rescue	-2.62	2.35
marketing	-2.61	3.24
offline	-2.58	2.20
waste	-2.54	3.15
unfortunate	-2.53	3.14
nightmare	-2.53	2.06
corrupted	-2.52	2.65
lazy	-2.51	3.19
compromised	-2.51	2.80
destroy	-2.50	2.52
shorted	-2.50	3.97
cnet	-2.49	2.01
sys	-2.48	2.24
poorly	-2.48	1.23
bother	-2.46	3.39
real-time	-2.44	2.32
retarded	-2.44	2.64
their	-2.43	1.43
removes	-2.43	2.39
buggy	-2.43	1.25
gun	-2.42	3.63
argument	-2.41	3.21
installers	-2.39	2.16
messed	-2.38	3.68
missing	-2.37	4.21
scenario	-2.34	3.19
vulnerable	-2.33	2.49
unreliable	-2.32	1.35
stuck	-2.32	3.91
catch	-2.32	2.85
admit	-2.29	3.16
exploit	-2.25	2.27
bot	-2.23	2.78
experiences	-2.21	2.46
bullshit	-2.15	2.91
mistaken	-2.15	3.93
prone	-2.12	1.66
installs	-2.11	1.81
honest	-2.11	3.37
hacked	-2.10	2.40
blocks	-2.09	1.97
wondering	-2.09	4.02
kicks	-2.06	1.49
problematic	-2.06	3.21
add-on	-2.05	2.18
corrupt	-2.03	2.53
pop-up	-2.02	2.20
vendors	-2.01	1.70
funny	-2.01	3.02
frustrating	-2.00	2.08
100	-2.00	2.58
somehow	-1.99	4.06
somewhere	-1.98	4.38
dumb	-1.97	3.03
detected	-1.95	2.58
reads	-1.95	2.52
values	-1.95	2.55
deep	-1.95	2.59
popup	-1.94	2.15
belkin	-1.94	1.14
safemode	-1.93	2.65
ad	-1.92	2.21
arm	-1.92	1.61
outdated	-1.91	1.20
screwed	-1.91	3.76
0	-1.91	2.56
fucked	-1.90	2.83
exploits	-1.89	2.42
add-ons	-1.89	1.95
trend	-1.88	1.90
lastly	-1.88	2.33
copies	-1.87	2.45
gear	-1.86	1.18
programs	-1.86	1.86
thinking	-1.86	3.91
stuff	-1.86	2.14
mad	-1.84	3.11
re	-1.82	3.91
scam	-1.80	2.29
hacking	-1.80	2.11
crystaldiskinfo	-1.80	2.46
aware	-1.79	4.14
chinese	-1.78	1.29
electric	-1.78	1.68
pro	-1.78	2.31
add/remove	-1.78	2.16
macs	-1.77	2.50
unused	-1.77	2.02
silly	-1.76	2.99
pre-installed	-1.75	1.86
contain	-1.75	1.72
affected	-1.75	1.89
saying	-1.75	4.23
tool	-1.74	2.33
hacker	-1.74	2.39
paid	-1.74	2.04
detecting	-1.73	2.46
health	-1.73	2.40
permanently	-1.73	2.13
installations	-1.72	2.30
sol	-1.72	3.72
reg	-1.71	1.76
likes	-1.71	1.61
redirects	-1.71	2.07
bing	-1.70	2.10
supposed	-1.70	4.28
worthless	-1.70	1.84
ignorant	-1.69	2.34
ads	-1.68	2.25
firewall	-1.68	2.17
unnecessary	-1.67	1.83
data	-1.65	2.20
amounts	-1.65	1.80
quarantine	-1.64	2.83
unusable	-1.63	1.72
uninstaller	-1.63	2.10
eat	-1.63	1.90
blurry	-1.63	1.39
contents	-1.63	1.65
intentionally	-1.63	1.78
cleanup	-1.62	2.09
ninite	-1.61	1.81
comodo	-1.60	2.27
vulnerabilities	-1.60	2.32
extensions	-1.60	1.89
majority	-1.58	1.62
stealing	-1.58	2.05
finds	-1.57	2.35
suite	-1.57	1.88
reported	-1.57	2.29
hiding	-1.56	2.06
dick	-1.56	2.31
pirated	-1.55	2.12
pads	-1.55	1.35
laying	-1.55	1.49
popups	-1.54	2.02
recycle	-1.54	2.18
current	-1.54	3.54
archive	-1.54	1.63
bin	-1.53	2.16
javascript	-1.53	1.83
skip	-1.53	2.16
picks	-1.53	2.18
understand	-1.52	4.09
forced	-1.52	1.60
software	-1.51	1.88
status	-1.50	2.36
addons	-1.50	1.83
free	-1.50	2.29
resort	-1.50	2.97
america	-1.49	1.63
unstable	-1.49	1.45
smart	-1.49	2.43
badly	-1.49	1.84
full	-1.48	2.48
exactly	-1.48	4.21
ditch	-1.47	3.26
chkdsk	-1.47	1.99
hide	-1.47	2.41
searches	-1.46	2.18
writes	-1.46	1.97
encrypt	-1.46	2.04
why	-1.46	4.14
binary	-1.45	1.84
structure	-1.45	2.01
objects	-1.44	2.18
engines	-1.44	1.93
sections	-1.44	1.68
affecting	-1.44	2.08
trial	-1.44	2.03
recover	-1.44	2.08
vacuum	-1.43	1.61
checker	-1.43	2.00
stupid	-1.43	3.05
deletes	-1.42	2.15
consistently	-1.41	1.63
developers	-1.40	1.87
checks	-1.40	2.01
entries	-1.40	1.92
caution	-1.40	2.27
ruined	-1.39	2.52
signature	-1.39	2.07
redirected	-1.39	1.79
firewalls	-1.38	2.14
due	-1.38	1.63
recovered	-1.38	2.06
said	-1.38	3.99
presumably	-1.38	1.36
downvoted	-1.37	3.41
2003	-1.36	1.44
favor	-1.35	1.75
shield	-1.35	1.98
avi	-1.34	1.77
manufacturing	-1.34	1.47
formats	-1.34	1.80
items	-1.34	1.94
curious	-1.33	3.20
hahaha	-1.33	2.84
quality	-1.33	1.23
confused	-1.32	2.82
weekly	-1.32	2.04
integrity	-1.32	2.23
bytes	-1.32	2.70
picked	-1.32	2.51
hog	-1.31	1.40
online	-1.31	2.26
coded	-1.31	1.51
potentially	-1.30	2.34
weak	-1.30	1.19
force	-1.30	1.75
something	-1.30	4.16
else	-1.29	3.98
suffer	-1.29	1.36
killed	-1.29	1.62
plain	-1.29	1.52
absolute	-1.29	2.57
extension	-1.29	1.80
damaged	-1.29	2.81
sees	-1.28	1.92
wrt54g	-1.28	1.22
homepage	-1.28	1.85
situations	-1.28	1.94
hung	-1.27	2.06
expert	-1.27	2.98
paypal	-1.27	2.21
whose	-1.26	1.81
sentinel	-1.26	2.09
microsoft	-1.26	1.83
meaning	-1.26	2.18
conditions	-1.25	1.78
credit	-1.25	2.16
american	-1.24	1.65
noob	-1.23	2.53
basis	-1.23	1.82
guessing	-1.22	3.30
funky	-1.22	2.15
8/8.1	-1.22	1.79
irrelevant	-1.21	2.00
noting	-1.21	2.10
regularly	-1.21	1.95
themselves	-1.21	1.90
temporary	-1.21	1.82
registration	-1.20	1.81
addon	-1.20	1.81
assume	-1.19	4.06
going	-1.19	4.00
fool	-1.19	2.08
dll	-1.19	2.06
violation	-1.19	1.71
maybe	-1.18	3.98
installer	-1.18	1.71
pissed	-1.17	2.32
bay	-1.17	1.48
lowest	-1.16	1.28
planning	-1.16	2.64
noscript	-1.16	1.78
codecs	-1.16	1.98
unresponsive	-1.16	1.53
refers	-1.16	1.72
written	-1.16	1.62
practical	-1.16	3.14
freaking	-1.16	2.26
hack	-1.15	2.15
terribly	-1.15	2.07
elsewhere	-1.15	2.17
encoding	-1.15	1.76
surface	-1.15	1.47
opt	-1.15	1.68
dos	-1.15	2.06
photorec	-1.13	1.90
testdisk	-1.13	1.94
chain	-1.13	1.60
blows	-1.12	1.87
corruption	-1.12	2.23
running	-1.12	2.59
bugs	-1.12	1.88
bricked	-1.11	2.23
hang	-1.11	1.73
similarly	-1.11	1.63
harddrive	-1.11	1.89
codec	-1.11	2.00
360	-1.11	1.75
sucks	-1.10	2.75
protect	-1.10	1.93
unsure	-1.10	3.41
spoofing	-1.10	2.16
risky	-1.09	1.85
unknown	-1.09	2.20
autoruns	-1.09	1.93
prevents	-1.09	1.90
adblock	-1.08	1.81
unsupported	-1.07	2.03
98	-1.07	1.92
seek	-1.07	1.98
broke	-1.06	2.66
kills	-1.06	2.06
behind	-1.06	1.68
errors	-1.05	1.97
standard	-1.05	1.54
nsa	-1.05	2.02
r2	-1.05	1.71
incorrectly	-1.05	3.94
rude	-1.05	2.52
proprietary	-1.05	1.64
accidentally	-1.04	2.49
limited	-1.04	1.20
require	-1.04	1.70
defrag	-1.04	1.75
ran	-1.04	2.05
largely	-1.04	1.81
responsible	-1.03	2.20
windirstat	-1.03	1.83
sketchy	-1.03	2.03
constantly	-1.02	2.20
se	-1.02	1.78
legitimate	-1.02	1.81
sql	-1.02	1.64
registry	-1.02	1.70
overhead	-1.02	1.70
wtf	-1.02	2.36
chrome	-1.02	1.76
aka	-1.01	1.95
talking	-1.01	3.41
fight	-1.01	2.01
truth	-1.01	1.99
converting	-1.00	1.76
picking	-1.00	2.10
serves	-1.00	1.58
focus	-1.00	1.72
firefox	-0.99	1.76
countries	-0.99	1.70
hidden	-0.99	2.10
uac	-0.98	2.02
idiot	-0.98	2.49
design	-0.98	1.31
commercial	-0.98	1.70
leaning	-0.98	2.65
social	-0.98	1.93
traces	-0.98	2.00
involved	-0.98	1.74
tracks	-0.98	1.91
bothered	-0.97	2.68
ancient	-0.97	1.46
verifying	-0.97	2.16
legal	-0.96	1.88
utility	-0.96	1.78
death	-0.96	2.11
detect	-0.96	2.39
corporation	-0.96	2.05
block	-0.96	1.88
packs	-0.96	1.81
browser	-0.96	1.76
annoying	-0.96	2.69
stop	-0.96	2.33
lifeguard	-0.96	1.81
switches	-0.96	1.59
writing	-0.95	1.86
micro	-0.95	1.61
presume	-0.95	2.82
breaking	-0.94	1.94
stating	-0.94	2.32
engine	-0.94	1.88
seatools	-0.94	1.82
ie	-0.94	1.74
plugins	-0.94	1.70
slows	-0.94	1.37
afraid	-0.94	2.93
became	-0.94	2.03
fire	-0.94	2.02
incorrect	-0.93	3.95
tries	-0.93	2.02
sigh	-0.93	3.27
encrypted	-0.93	1.99
webpage	-0.93	1.67
background	-0.93	1.80
complain	-0.93	2.09
blocking	-0.93	1.77
wild	-0.92	2.11
cycles	-0.92	1.73
warn	-0.92	1.84
define	-0.92	1.62
standalone	-0.92	1.89
affect	-0.91	1.90
xbmc	-0.91	2.03
m	-0.91	2.88
uncommon	-0.91	1.84
associated	-0.91	1.92
spread	-0.91	2.02
suggesting	-0.90	3.21
performs	-0.90	1.69
avoid	-0.90	2.09
suspicious	-0.90	1.88
am	-0.90	2.98
trash	-0.90	1.67
utilities	-0.90	1.71
cc	-0.90	2.01
paranoid	-0.90	2.41
disagree	-0.90	2.37
borked	-0.89	2.47
scripts	-0.89	1.82
pain	-0.89	1.66
circuit	-0.89	2.15
clearly	-0.89	2.29
designed	-0.89	2.00
smoke	-0.89	2.19
mozilla	-0.88	1.75
improves	-0.88	1.27
conductive	-0.88	1.58
hell	-0.88	3.21
raspberry	-0.88	2.01
preinstalled	-0.88	1.78
platters	-0.87	1.69
platform	-0.87	1.55
pos	-0.87	1.63
spec	-0.87	1.61
frustrated	-0.87	2.04
intensive	-0.86	2.03
service	-0.86	2.12
deleted	-0.86	1.85
filtering	-0.86	1.97
files	-0.86	1.72
mbr	-0.86	1.78
nearly	-0.86	1.68
circumstances	-0.85	1.85
country	-0.85	1.67
capture	-0.85	1.74
fighting	-0.85	1.76
packages	-0.85	1.67
smell	-0.85	2.26
ripped	-0.85	2.39
ff	-0.85	1.66
knocked	-0.85	2.36
comparison	-0.85	1.17
metro	-0.84	1.62
exe	-0.84	1.75
surprised	-0.84	3.10
browsers	-0.84	1.73
using	-0.84	3.11
completed	-0.84	2.09
hogging	-0.84	1.91
canada	-0.84	1.68
sysinternals	-0.84	1.94
property	-0.84	1.61
australia	-0.83	1.76
eating	-0.83	1.76
cases	-0.83	1.90
bypassing	-0.83	1.92
fry	-0.83	2.16
stolen	-0.83	2.12
dirty	-0.83	1.45
familiar	-0.82	2.95
pool	-0.82	1.92
mainly	-0.82	2.65
cookies	-0.82	1.73
restrictions	-0.81	1.89
habit	-0.81	2.01
cycle	-0.81	1.67
chassis	-0.81	1.74
against	-0.81	1.92
looking	-0.81	3.41
perform	-0.81	1.91
1000	-0.81	1.76
toward	-0.80	1.84
plugin	-0.80	1.66
increasing	-0.80	1.50
diagnostic	-0.80	1.79
lately	-0.80	1.96
optimized	-0.80	1.66
stored	-0.79	1.96
lawyer	-0.79	2.15
opera	-0.79	1.83
unable	-0.79	2.80
collection	-0.79	1.76
html5	-0.79	1.53
category	-0.78	1.89
tune	-0.78	1.68
4000	-0.78	1.66
youre	-0.78	2.73
pcb	-0.78	2.20
heavy	-0.78	1.78
losing	-0.78	1.84
attention	-0.78	1.95
remaining	-0.78	1.90
aside	-0.78	2.03
government	-0.77	1.91
notification	-0.77	2.13
gain	-0.77	1.69
e-mail	-0.77	1.76
300	-0.77	1.80
kill	-0.77	1.82
crystal	-0.76	1.86
exceptions	-0.76	1.68
currently	-0.76	3.00
child	-0.76	1.94
removed	-0.76	2.12
hola	-0.76	1.74
tends	-0.76	1.61
editing	-0.76	1.93
pi	-0.76	1.96
cuts	-0.76	1.66
soldered	-0.76	2.28
portable	-0.76	1.67
delete	-0.75	1.76
case	-0.75	1.43
shit	-0.75	3.11
disclaimer	-0.75	2.34
seriously	-0.75	3.16
shopping	-0.75	1.90
breaks	-0.75	2.04
diagnostics	-0.75	1.80
trying	-0.75	3.29
recorded	-0.75	2.02
must	-0.75	3.56
story	-0.75	1.89
regard	-0.75	2.08
shock	-0.74	2.21
200	-0.74	1.74
unclear	-0.74	2.62
program	-0.74	1.75
interested	-0.74	3.01
companies	-0.74	1.77
hurts	-0.74	1.96
assuming	-0.74	3.43
asshole	-0.74	2.38
denied	-0.74	2.18
referring	-0.74	3.04
consider	-0.73	2.31
gamer	-0.73	2.27
read/write	-0.73	1.68
located	-0.73	2.47
kicked	-0.73	1.68
incase	-0.73	2.34
hard-drive	-0.72	1.87
bank	-0.72	2.10
dial	-0.72	1.70
unrelated	-0.72	2.20
serve	-0.72	1.92
nuts	-0.72	2.02
organization	-0.72	1.53
circuits	-0.72	2.18
freak	-0.71	1.99
expecting	-0.71	3.21
safari	-0.71	1.70
effectively	-0.71	1.85
visiting	-0.71	1.88
prepared	-0.71	2.17
tired	-0.71	2.58
file	-0.71	1.78
ai	-0.71	2.31
doing	-0.71	3.32
tied	-0.71	1.66
parent	-0.71	1.94
agreement	-0.71	1.63
mostly	-0.71	2.39
convinced	-0.70	2.80
leak	-0.70	1.80
whatnot	-0.70	1.92
windows\minidump	-0.70	2.36
scheduled	-0.70	1.78
concerned	-0.70	2.90
wear	-0.70	1.67
parameter	-0.69	1.85
contains	-0.69	1.81
path	-0.69	1.77
resource	-0.69	1.68
cash	-0.69	1.95
tiny	-0.69	1.51
incognito	-0.69	1.65
sensor	-0.69	1.71
save	-0.68	1.97
headache	-0.68	1.55
policy	-0.68	1.55
argue	-0.68	2.87
sake	-0.68	3.22
7zip	-0.68	1.59
filesystem	-0.68	1.74
zip	-0.68	1.83
prevent	-0.68	1.90
forcing	-0.68	1.48
entirely	-0.68	2.98
restoring	-0.68	1.97
steal	-0.68	2.16
sensors	-0.67	1.89
message	-0.67	2.24
situation	-0.67	2.34
3d	-0.67	1.84
buffer	-0.67	1.61
about	-0.67	3.16
missed	-0.66	3.46
txt	-0.66	1.75
mapped	-0.66	2.08
contract	-0.66	1.57
led	-0.66	1.62
glitch	-0.66	2.16
getting	-0.66	3.06
sweeper	-0.66	1.84
void	-0.66	2.13
ugh	-0.66	3.21
clue	-0.66	2.39
slowdown	-0.66	1.99
stage	-0.66	1.81
larger	-0.66	1.30
comfortable	-0.65	2.35
sort	-0.65	2.27
extracted	-0.65	1.64
winrar	-0.65	1.57
shorting	-0.65	2.22
says	-0.65	2.59
rendering	-0.65	1.93
mp4	-0.65	1.62
sitting	-0.65	1.52
blown	-0.65	2.16
incompatible	-0.65	2.21
db	-0.65	1.60
solder	-0.65	1.85
anywhere	-0.65	2.60
cares	-0.65	2.41
redirect	-0.64	1.90
processes	-0.64	1.71
ghost	-0.64	1.72
laws	-0.64	1.82
where	-0.64	3.96
reaches	-0.64	1.66
cracked	-0.64	1.84
executable	-0.64	1.63
windows.old	-0.64	1.77
msconfig	-0.64	1.73
claims	-0.64	2.19
dmp	-0.64	2.37
evidence	-0.64	2.07
empty	-0.64	1.73
start-up	-0.64	1.75
ended	-0.64	2.25
fail	-0.64	1.85
china	-0.63	1.71
touching	-0.63	2.07
gaming	-0.63	1.92
shell	-0.63	1.59
access	-0.63	1.92
electricity	-0.63	2.06
history	-0.63	1.59
uk	-0.63	1.79
consumer	-0.63	1.60
error	-0.63	2.29
intended	-0.63	1.74
involve	-0.62	1.99
compress	-0.62	1.55
deleting	-0.62	1.77
bent	-0.62	2.18
legit	-0.62	1.68
detects	-0.62	1.95
involves	-0.62	2.03
sample	-0.62	1.67
leaves	-0.62	1.69
bumped	-0.61	2.06
trouble	-0.61	2.27
customers	-0.61	1.89
cached	-0.61	1.64
microwave	-0.61	1.39
hanging	-0.61	1.94
owner	-0.61	2.09
fried	-0.61	2.37
plus	-0.61	1.78
extract	-0.61	1.58
limits	-0.61	1.35
electronic	-0.61	1.66
verification	-0.61	1.85
driving	-0.61	1.98
500	-0.61	1.74
sticker	-0.60	2.07
shady	-0.60	1.77
developed	-0.60	1.42
satellite	-0.60	1.45
cache	-0.60	1.67
soft	-0.59	1.73
x86	-0.59	1.66
seeing	-0.59	3.23
kidding	-0.59	2.29
role	-0.59	1.25
readable	-0.59	1.80
recovery	-0.59	1.67
become	-0.59	1.88
nowadays	-0.59	1.59
without	-0.59	2.10
closing	-0.59	1.81
giant	-0.59	1.72
lit	-0.58	1.64
copy	-0.58	1.75
reached	-0.58	1.65
regular	-0.58	1.66
bitch	-0.58	1.85
meet	-0.58	1.61
bookmarks	-0.58	1.62
inclined	-0.58	2.72
thinks	-0.58	2.39
being	-0.58	2.71
lose	-0.58	1.71
reducing	-0.57	1.35
quote	-0.57	1.87
police	-0.57	2.15
dealing	-0.57	2.14
download	-0.57	1.78
corporate	-0.57	1.64
sounding	-0.57	2.10
licensed	-0.57	1.65
tasks	-0.57	1.71
pirate	-0.56	1.71
ground	-0.56	2.13
hoping	-0.56	2.93
uninstall	-0.56	1.78
considering	-0.56	2.38
misread	-0.56	3.47
dump	-0.56	2.35
documents	-0.56	1.70
folders	-0.56	1.71
wps	-0.56	1.67
minidump	-0.56	2.38
system32	-0.56	1.69
vaio	-0.56	1.54
kick	-0.55	2.06
2008	-0.55	1.74
acronis	-0.55	1.73
cuz	-0.55	2.33
europe	-0.55	1.72
easeus	-0.55	1.72
law	-0.55	1.86
travel	-0.54	1.44
flag	-0.54	1.80
hair	-0.54	1.62
worried	-0.54	2.85
assumption	-0.54	2.37
popping	-0.54	2.26
dodgy	-0.54	1.82
sure	-0.54	3.86
light	-0.54	1.56
failing	-0.54	2.21
preventing	-0.54	1.89
physically	-0.54	1.71
daily	-0.54	1.70
offense	-0.54	2.28
controls	-0.54	1.73
specifically	-0.54	2.93
folder	-0.54	1.72
schedule	-0.54	1.68
70c	-0.54	1.59
container	-0.54	1.63
accept	-0.54	1.84
piece	-0.53	2.01
manner	-0.53	1.77
usa	-0.53	1.68
instances	-0.53	1.80
wants	-0.53	2.50
setups	-0.53	1.68
leaving	-0.53	1.62
attempting	-0.53	2.24
recommends	-0.53	1.34
startup	-0.53	1.71
magnetic	-0.53	1.48
utorrent	-0.53	1.65
leds	-0.53	1.59
produkey	-0.53	1.63
logic	-0.53	2.17
towards	-0.53	2.29
webpages	-0.53	1.69
traditional	-0.52	1.53
boy	-0.52	3.23
jpg	-0.52	1.62
marks	-0.52	1.98
shorter	-0.52	1.49
insane	-0.52	2.62
handbrake	-0.52	1.62
industry	-0.52	1.82
roughly	-0.52	1.64
passed	-0.52	1.74
appdata	-0.52	1.76
surge	-0.52	1.75
acrobat	-0.52	1.61
activities	-0.52	1.71
enterprise	-0.52	1.50
websites	-0.52	1.76
locations	-0.52	1.75
3000	-0.52	1.61
drm	-0.51	1.66
index	-0.51	1.76
exposed	-0.51	2.07
illegal	-0.51	1.76
freeze	-0.51	2.09
decides	-0.51	2.11
despite	-0.51	2.02
applications	-0.51	1.67
mother	-0.51	2.23
spotify	-0.51	1.88
fired	-0.51	2.23
mediafire	-0.51	2.31
beforehand	-0.51	1.75
performed	-0.51	1.96
accounts	-0.51	1.76
1	-0.51	1.93
manufacturers	-0.50	1.45
advertising	-0.50	1.79
cautious	-0.50	2.36
explicitly	-0.50	1.90
nt	-0.50	1.70
states	-0.50	1.69
accident	-0.50	2.38
sfc	-0.50	1.81
yahoo	-0.50	1.79
care	-0.50	2.86
kit	-0.50	1.69
compression	-0.50	1.42
profit	-0.50	2.07
string	-0.49	1.70
porn	-0.49	1.75
periodically	-0.49	1.74
scannow	-0.49	1.81
knows	-0.49	2.62
tor	-0.49	1.67
interfering	-0.49	2.02
fails	-0.49	1.81
gets	-0.49	1.86
blocked	-0.49	1.67
freeware	-0.49	2.00
26	-0.49	1.80
on/off	-0.48	1.46
orange	-0.48	1.59
instead	-0.48	2.09
joke	-0.48	2.44
wasted	-0.48	1.95
busted	-0.48	2.19
north	-0.48	1.70
lights	-0.48	1.59
privacy	-0.48	1.76
experiment	-0.47	1.52
27	-0.47	1.75
dies	-0.47	2.01
edition	-0.47	1.60
during	-0.47	1.97
halfway	-0.47	2.32
and/or	-0.47	1.66
2007	-0.47	1.72
damage	-0.47	2.14
downloading	-0.47	1.97
everyday	-0.47	1.92
moves	-0.47	1.80
depends	-0.47	2.55
bright	-0.47	1.52
spending	-0.47	1.99
falling	-0.47	1.82
classic	-0.47	1.63
behaviour	-0.46	1.81
ambient	-0.46	1.40
reliability	-0.46	1.27
south	-0.46	1.68
directory	-0.46	1.74
convert	-0.46	1.59
forms	-0.46	1.64
mkv	-0.46	1.60
tracking	-0.46	1.77
perhaps	-0.46	2.93
besides	-0.45	2.40
purely	-0.45	1.64
short	-0.45	2.15
wanting	-0.45	2.66
upload	-0.45	2.30
2012	-0.45	1.72
lost	-0.45	2.04
content	-0.45	1.68
suggest	-0.45	2.17
clonezilla	-0.45	1.70
whitelist	-0.45	1.70
having	-0.45	2.97
resources	-0.45	1.67
fall	-0.45	1.83
res	-0.45	1.57
saved	-0.44	1.69
around	-0.44	2.07
sorta	-0.44	2.28
tbh	-0.44	2.56
habits	-0.44	1.64
lack	-0.44	1.27
concerns	-0.44	1.95
employees	-0.44	2.00
365	-0.44	1.55
torrents	-0.44	1.69
limitation	-0.44	1.78
unethical	-0.44	2.19
directories	-0.44	1.70
vlc	-0.43	1.63
graphical	-0.43	1.87
8.1	-0.43	1.62
behavior	-0.43	1.88
misunderstood	-0.43	3.40
activity	-0.43	1.68
exist	-0.43	2.71
exit	-0.43	1.73
alert	-0.43	1.83
7	-0.43	1.62
launched	-0.43	1.82
oem	-0.43	1.62
improved	-0.43	0.94
persistent	-0.43	1.95
found	-0.42	2.30
order	-0.42	1.99
lowering	-0.42	1.31
personal	-0.42	1.75
pins	-0.42	2.15
win	-0.42	1.62
overly	-0.42	2.27
2013	-0.42	1.60
premium	-0.42	1.63
impossible	-0.42	1.62
restore	-0.42	1.94
package	-0.42	1.57
units	-0.42	1.65
rf	-0.42	1.52
furthermore	-0.41	1.76
heading	-0.41	2.56
browsing	-0.41	1.63
columns	-0.41	1.68
19	-0.41	1.79
harder	-0.41	1.43
21	-0.41	1.72
accessible	-0.41	1.73
mess	-0.41	2.28
spend	-0.41	2.02
copied	-0.41	1.68
backed	-0.40	1.60
emergency	-0.40	1.64
manufactures	-0.40	1.48
cloning	-0.40	1.66
timer	-0.40	1.52
hubs	-0.40	1.64
named	-0.40	1.59
tower	-0.40	1.46
shelf	-0.40	1.70
lying	-0.40	1.76
x64	-0.40	1.57
ultimate	-0.40	1.61
administrator	-0.40	1.78
carry	-0.40	2.06
bs	-0.40	2.03
performing	-0.39	1.87
task	-0.39	1.72
sites	-0.39	1.78
magically	-0.39	2.00
were	-0.39	2.90
potential	-0.39	1.96
8	-0.39	1.60
conflicting	-0.39	2.07
ignore	-0.39	2.35
spam	-0.39	1.81
write	-0.39	1.58
production	-0.39	1.33
clicked	-0.39	1.59
fact	-0.39	2.66
rename	-0.39	1.65
accessed	-0.39	1.88
2010	-0.39	1.52
w8	-0.39	1.61
web	-0.38	1.69
consuming	-0.38	1.74
retrieve	-0.38	1.67
adobe	-0.38	1.54
surfing	-0.38	1.69
torrent	-0.38	1.66
silverlight	-0.38	1.50
negative	-0.38	1.79
finder	-0.38	1.70
primary	-0.38	1.47
office	-0.38	1.46
his	-0.38	2.40
granted	-0.38	1.82
transferring	-0.38	1.77
pst	-0.38	1.56
hash	-0.38	1.54
22	-0.38	1.72
accessing	-0.37	2.09
thunderbird	-0.37	1.65
third	-0.37	1.61
recoverable	-0.37	1.95
reporting	-0.37	1.80
necessarily	-0.37	2.68
crack	-0.37	1.63
burnt	-0.37	1.93
drawing	-0.37	1.80
ddu	-0.37	1.75
reflect	-0.37	1.69
downgrade	-0.37	1.61
encryption	-0.37	1.58
mp3	-0.37	1.59
altogether	-0.36	1.76
lightning	-0.36	1.77
qos	-0.36	1.68
concept	-0.36	1.59
inside	-0.36	1.61
48	-0.36	1.49
libraries	-0.36	1.70
120	-0.36	1.54
restricted	-0.36	1.57
sign	-0.36	1.82
electrical	-0.36	1.68
domains	-0.36	1.79
pre	-0.36	1.68
41	-0.36	1.75
location	-0.36	2.14
atm	-0.36	2.63
outlook	-0.35	1.58
win8.1	-0.35	1.59
dism	-0.35	1.79
windows	-0.35	1.59
protector	-0.35	1.71
strike	-0.35	1.63
confusing	-0.35	1.82
table	-0.35	1.64
closely	-0.35	1.63
95	-0.35	1.59
pop	-0.35	1.85
hits	-0.35	1.74
hassle	-0.35	1.79
her	-0.35	2.32
id	-0.35	1.72
contained	-0.34	1.72
elevated	-0.34	1.75
explorer.exe	-0.34	1.66
covers	-0.34	1.71
asking	-0.34	2.96
stopping	-0.34	1.86
scheduler	-0.34	1.63
hotter	-0.34	1.49
trigger	-0.34	1.78
50	-0.34	1.63
longer	-0.34	1.70
begin	-0.34	2.28
noticing	-0.34	2.69
convince	-0.34	2.22
region	-0.34	1.68
28	-0.34	1.69
sysprep	-0.34	1.70
matters	-0.34	2.29
w7	-0.34	1.59
invalid	-0.34	2.17
speaking	-0.34	1.74
isos	-0.33	1.65
17	-0.33	1.72
torrenting	-0.33	1.66
bypass	-0.33	1.68
cents	-0.33	1.81
weird	-0.33	2.09
photos	-0.33	1.63
throwing	-0.33	2.30
bridging	-0.33	1.38
legally	-0.33	1.66
export	-0.33	1.63
32-bit	-0.33	1.59
script	-0.33	1.61
vista	-0.33	1.59
ass	-0.33	2.44
75	-0.33	1.62
fragmented	-0.33	1.62
internals	-0.33	1.44
holes	-0.33	1.86
cds	-0.33	1.57
licenses	-0.33	1.65
brands	-0.33	1.47
bigger	-0.33	1.41
starting	-0.33	2.54
memtest86	-0.33	1.69
platter	-0.32	1.52
movie	-0.32	1.62
mean	-0.32	3.21
protected	-0.32	1.61
110	-0.32	1.48
acting	-0.32	1.82
obviously	-0.32	2.41
hard	-0.32	1.55
warnings	-0.32	1.91
worrying	-0.32	2.14
restrict	-0.32	1.52
win7	-0.32	1.58
leaking	-0.32	1.89
grounding	-0.32	1.86
reports	-0.32	1.83
license	-0.32	1.60
upgrade	-0.32	1.63
64	-0.32	1.61
nobody	-0.32	2.37
lastpass	-0.31	1.63
discharge	-0.31	1.73
trolling	-0.31	2.06
harm	-0.31	2.43
attempt	-0.31	1.87
anymore	-0.31	2.82
pages	-0.31	1.73
pack	-0.31	1.60
depend	-0.31	1.93
drastic	-0.31	1.62
outside	-0.31	2.24
installation	-0.31	1.59
protocols	-0.31	1.48
residential	-0.31	1.50
chunk	-0.31	1.82
rip	-0.31	1.65
9	-0.31	1.61
32	-0.31	1.62
visual	-0.31	1.49
advised	-0.31	2.10
describing	-0.31	2.48
unless	-0.31	3.07
business	-0.31	1.56
honestly	-0.31	2.83
downloads	-0.31	1.70
river	-0.30	1.65
system	-0.30	1.89
credentials	-0.30	1.77
backup	-0.30	1.55
excel	-0.30	1.55
incredibly	-0.30	2.28
risks	-0.30	2.09
price	-0.30	1.23
thrown	-0.30	1.74
drops	-0.30	1.61
spent	-0.30	2.10
database	-0.30	1.58
ntfs	-0.30	1.57
strongly	-0.30	1.98
notepad	-0.30	1.66
includes	-0.30	1.79
test	-0.30	1.72
buying	-0.30	2.11
model	-0.30	2.26
search	-0.30	1.87
source	-0.30	1.71
signing	-0.30	1.64
explorer	-0.30	1.67
mechanical	-0.30	1.62
disk	-0.30	1.55
style	-0.29	1.93
advise	-0.29	2.06
fiddle	-0.29	1.97
media	-0.29	1.59
screwing	-0.29	1.85
old	-0.29	2.23
kids	-0.29	2.03
text	-0.29	1.58
wherever	-0.29	2.01
engineering	-0.29	1.75
xml	-0.29	1.68
disc	-0.29	1.58
mechanism	-0.29	1.79
blew	-0.29	1.76
showing	-0.29	2.41
compressor	-0.29	1.43
lower	-0.29	1.18
player	-0.29	1.58
untill	-0.29	1.83
genuine	-0.28	1.63
64bit	-0.28	1.60
move	-0.28	1.80
limitations	-0.28	1.68
progress	-0.28	2.16
road	-0.28	1.77
wiring	-0.28	1.64
prompt	-0.28	1.74
import	-0.28	1.56
logging	-0.28	1.88
complete	-0.28	1.81
hibernation	-0.28	1.81
board	-0.28	1.92
tweak	-0.28	1.78
esd	-0.28	2.14
command	-0.28	1.74
upstream	-0.28	1.80
format	-0.28	1.56
replicate	-0.28	2.03
cmd	-0.28	1.74
mounting	-0.27	2.01
burned	-0.27	1.67
comes	-0.27	1.93
bare	-0.27	1.71
xp	-0.27	1.60
processing	-0.27	1.64
killing	-0.27	1.64
confirmation	-0.27	1.89
physx	-0.27	1.48
interact	-0.27	2.05
act	-0.27	1.69
copying	-0.27	1.72
backing	-0.27	1.84
win8	-0.27	1.58
spots	-0.27	1.52
doc	-0.27	1.63
broken	-0.27	2.14
maxing	-0.27	1.62
charges	-0.27	1.70
unfamiliar	-0.27	3.02
handled	-0.26	1.58
logon	-0.26	1.69
space	-0.26	1.52
overkill	-0.26	1.94
2009	-0.26	1.68
event	-0.26	1.83
saves	-0.26	1.66
professional	-0.26	1.62
fonts	-0.26	1.47
messing	-0.26	2.31
exchange	-0.26	1.55
instability	-0.26	1.88
modified	-0.26	1.95
secondly	-0.26	2.32
recognize	-0.26	2.59
plate	-0.26	1.91
ordering	-0.26	2.19
severe	-0.26	1.81
repaired	-0.26	1.96
object	-0.26	1.71
400	-0.26	1.55
configurations	-0.26	1.76
company	-0.26	1.91
licensing	-0.26	1.54
migration	-0.26	1.56
70	-0.25	1.60
imaging	-0.25	1.72
activate	-0.25	1.64
256	-0.25	1.45
dropping	-0.25	2.12
consult	-0.25	2.04
admin	-0.25	1.73
bearings	-0.25	1.84
systems	-0.25	1.71
backups	-0.25	1.58
docs	-0.25	1.65
screws	-0.25	2.06
eliminate	-0.25	2.09
unexpected	-0.25	1.85
slow	-0.25	1.35
western	-0.25	1.51
prime95	-0.25	1.71
preview	-0.25	1.98
85	-0.25	1.55
11	-0.25	1.54
vent	-0.25	1.45
wonder	-0.25	2.70
false	-0.24	1.63
zero	-0.24	1.67
32bit	-0.24	1.59
records	-0.24	1.66
ridiculously	-0.24	1.98
65	-0.24	1.57
vents	-0.24	1.45
sp1	-0.24	1.56
conversion	-0.24	1.57
beginning	-0.24	2.00
explain	-0.24	3.01
40	-0.24	1.62
signs	-0.24	1.98
toss	-0.24	1.85
players	-0.24	1.56
warning	-0.24	2.13
projects	-0.24	1.62
anybody	-0.24	2.48
tl	-0.24	1.76
between	-0.24	1.50
document	-0.24	1.62
20	-0.24	1.79
restored	-0.24	1.78
hence	-0.24	2.31
150	-0.23	1.56
equipment	-0.23	1.52
uninstalling	-0.23	1.73
25	-0.23	1.52
applicable	-0.23	1.85
obvious	-0.23	1.94
amp	-0.23	1.93
operation	-0.23	1.75
telling	-0.23	2.71
banned	-0.23	1.78
recovering	-0.23	1.62
rights	-0.23	1.74
healthy	-0.23	1.72
break	-0.23	1.99
uploading	-0.23	1.91
monthly	-0.23	1.65
pops	-0.23	1.96
ops	-0.23	2.07
account	-0.23	1.72
burning	-0.23	1.65
experiencing	-0.23	2.16
panic	-0.23	2.23
lacking	-0.23	1.04
dialog	-0.23	1.76
batch	-0.22	1.64
tabs	-0.22	1.72
24	-0.22	1.52
presented	-0.22	1.85
malfunctioning	-0.22	2.40
framework	-0.22	1.51
stickers	-0.22	1.66
addition	-0.22	2.17
events	-0.22	1.85
paying	-0.22	1.74
chromecast	-0.22	1.59
successfully	-0.22	1.94
wep	-0.22	1.54
third-party	-0.22	1.53
medium	-0.22	1.68
privileges	-0.22	1.73
repairing	-0.22	1.85
constant	-0.22	1.97
alienware	-0.22	1.54
verify	-0.22	1.87
64-bit	-0.22	1.57
everywhere	-0.22	1.88
java	-0.22	1.62
head	-0.22	1.60
pictures	-0.22	1.75
notes	-0.21	1.63
metal	-0.21	1.75
wizard	-0.21	1.79
critical	-0.21	1.81
pay	-0.21	1.72
operating	-0.21	1.60
execute	-0.21	1.69
bluescreen	-0.21	1.96
passwords	-0.21	1.74
shared	-0.21	1.59
user	-0.21	1.71
leave	-0.21	1.75
infrastructure	-0.21	1.69
containing	-0.21	1.65
created	-0.21	1.77
merely	-0.21	1.83
720p	-0.21	1.36
steady	-0.21	1.59
electronics	-0.21	1.64
fucking	-0.21	2.85
process	-0.21	1.79
site	-0.21	1.78
limit	-0.20	1.44
intake	-0.20	1.43
casing	-0.20	1.65
group	-0.20	1.65
knowing	-0.20	2.82
c	-0.20	1.84
oses	-0.20	1.66
capacitors	-0.20	1.96
facebook	-0.20	1.82
storing	-0.20	1.65
wd	-0.20	1.49
money	-0.20	1.99
services	-0.20	1.60
complaining	-0.20	2.64
hdd	-0.20	1.45
acer	-0.20	1.66
email	-0.20	1.78
streams	-0.20	1.58
pixel	-0.20	1.94
ultimately	-0.20	1.98
viewing	-0.20	1.77
inspection	-0.20	1.72
borrow	-0.20	2.00
dr	-0.20	2.16
18	-0.19	1.55
mini	-0.19	2.02
pdf	-0.19	1.61
extended	-0.19	1.65
sessions	-0.19	1.76
fuse	-0.19	1.75
signed	-0.19	1.45
plan	-0.19	1.71
16	-0.19	1.49
imap	-0.19	1.63
know	-0.19	3.08
culprit	-0.19	2.12
bottleneck	-0.19	1.76
air	-0.19	1.45
seagate	-0.19	1.46
allowed	-0.19	1.94
yourself	-0.19	2.16
labor	-0.19	1.71
truecrypt	-0.19	1.54
highest	-0.19	1.33
throughout	-0.18	1.59
confident	-0.18	2.16
pause	-0.18	1.68
retail	-0.18	1.61
testing	-0.18	1.72
functions	-0.18	1.70
standoffs	-0.18	2.11
decrease	-0.18	1.33
indicative	-0.18	2.17
html	-0.18	1.54
unlike	-0.18	1.71
image	-0.18	1.65
worry	-0.18	2.74
crash	-0.18	2.03
compatibility	-0.18	1.40
die	-0.18	1.86
hiren	-0.18	1.57
install	-0.18	1.57
kb	-0.18	1.57
dells	-0.18	1.48
throttled	-0.18	1.92
capacitor	-0.18	2.04
streaming	-0.18	1.64
how	-0.18	3.09
recuva	-0.18	1.84
optional	-0.18	1.65
essentially	-0.18	2.03
subscription	-0.18	1.50
sony	-0.18	1.65
hfs	-0.18	1.60
difficulty	-0.18	1.67
active	-0.18	1.53
shoot	-0.18	1.88
render	-0.18	1.64
35	-0.18	1.60
neighbor	-0.18	2.04
defragging	-0.18	1.68
spot	-0.18	1.79
imagine	-0.18	2.90
opposed	-0.17	1.91
shortcuts	-0.17	1.63
deny	-0.17	1.81
gmail	-0.17	1.73
hotmail	-0.17	1.73
door	-0.17	1.77
flat	-0.17	1.63
referred	-0.17	1.79
netflix	-0.17	1.60
iso	-0.17	1.57
type	-0.17	1.68
code	-0.17	1.91
2014	-0.17	1.59
embedded	-0.17	1.53
rest	-0.17	1.85
product	-0.17	1.66
middle	-0.17	1.62
ubcd	-0.17	1.56
ratings	-0.17	1.86
rather	-0.17	2.02
indexing	-0.17	1.57
causing	-0.17	2.28
printed	-0.17	1.94
judging	-0.17	2.02
23	-0.17	1.55
indicator	-0.17	1.67
locally	-0.17	1.60
hunt	-0.17	1.77
sold	-0.17	1.79
hangs	-0.17	1.81
dd	-0.17	1.53
cancel	-0.16	2.03
inc	-0.16	1.68
dvds	-0.16	1.53
erased	-0.16	1.75
frankly	-0.16	2.11
facing	-0.16	1.53
dog	-0.16	2.36
brick	-0.16	1.63
heavily	-0.16	1.90
temp	-0.16	1.56
refuse	-0.16	2.04
signal	-0.16	1.13
fell	-0.16	1.99
logs	-0.16	2.00
log	-0.16	1.88
mentions	-0.16	1.97
fat	-0.16	1.57
record	-0.16	1.59
stress	-0.16	1.66
enclosure	-0.16	1.52
glue	-0.16	1.79
hurt	-0.16	2.58
treat	-0.16	1.78
fear	-0.16	1.98
diskpart	-0.16	1.55
window	-0.16	1.68
exfat	-0.16	1.60
battlefield	-0.16	2.10
movies	-0.16	1.63
55	-0.16	1.57
length	-0.16	1.58
intact	-0.16	1.72
gotten	-0.16	1.95
tells	-0.16	2.42
locked	-0.16	1.47
debugger	-0.15	2.07
2011	-0.15	1.64
routine	-0.15	1.75
attempts	-0.15	1.79
non	-0.15	1.66
virgin	-0.15	1.55
recommend	-0.15	1.98
word	-0.15	1.70
disconnected	-0.15	1.83
creates	-0.15	1.64
caching	-0.15	1.36
kernel	-0.15	1.92
backlight	-0.15	1.76
net	-0.15	1.59
partially	-0.15	1.79
underneath	-0.15	1.62
grade	-0.15	1.36
12	-0.15	1.54
passes	-0.15	1.76
wide	-0.15	1.58
cheap	-0.15	1.18
uses	-0.15	2.03
hands	-0.15	1.83
mainboard	-0.15	1.97
visually	-0.15	1.89
antenna	-0.15	1.24
manages	-0.15	1.84
permissions	-0.15	1.81
14	-0.15	1.52
maximum	-0.15	1.39
keeps	-0.15	2.02
freezer	-0.15	1.74
discrete	-0.14	1.65
browse	-0.14	1.73
lead	-0.14	1.87
prebuilt	-0.14	1.67
description	-0.14	1.76
portion	-0.14	1.56
equivalent	-0.14	1.57
printers	-0.14	1.72
ext	-0.14	1.52
logged	-0.14	1.71
contacts	-0.14	1.69
inch	-0.14	1.45
policies	-0.14	1.62
damaging	-0.14	1.83
login	-0.14	1.72
toast	-0.14	2.22
editor	-0.14	1.68
reader	-0.14	1.51
fee	-0.14	1.59
combinations	-0.14	1.71
caps	-0.14	1.83
natively	-0.14	1.76
employer	-0.14	1.96
partition	-0.14	1.49
viewer	-0.14	1.96
tools	-0.14	1.57
appearing	-0.14	2.07
mega.co.nz	-0.14	2.00
45	-0.14	1.58
father	-0.14	2.32
bucks	-0.13	1.75
risk	-0.13	2.04
reaching	-0.13	1.59
drive	-0.13	1.46
our	-0.13	1.68
bar	-0.13	1.67
synced	-0.13	1.60
dumps	-0.13	2.05
needs	-0.13	2.32
flickering	-0.13	1.71
wasting	-0.13	2.14
party	-0.13	1.47
<SPECIAL>	-0.13	1.48
<URL>	-0.13	1.48
discs	-0.13	1.61
defect	-0.13	1.98
blinking	-0.13	1.62
adsl	-0.13	1.44
whats	-0.13	2.51
tell	-0.13	2.91
dev	-0.13	1.48
he	-0.13	2.49
emails	-0.13	1.78
caddy	-0.13	1.55
clear	-0.13	1.67
bat	-0.13	1.57
fat32	-0.13	1.50
keep	-0.13	2.12
dying	-0.13	2.20
library	-0.13	1.62
inverter	-0.13	1.96
3.5	-0.13	1.44
anyone	-0.13	2.68
intelburntest	-0.13	1.61
loaded	-0.13	1.65
video	-0.13	1.61
displayed	-0.13	1.89
indicates	-0.13	1.93
loose	-0.12	2.19
means	-0.12	2.66
keepass	-0.12	1.51
practically	-0.12	1.62
2.5	-0.12	1.39
yours	-0.12	2.60
following	-0.12	1.76
ccc	-0.12	1.44
developer	-0.12	1.63
etc	-0.12	1.76
make/model	-0.12	2.46
hosted	-0.12	1.60
10	-0.12	1.82
naturally	-0.12	1.55
clone	-0.12	1.61
application	-0.12	1.77
stack	-0.12	1.77
shrink	-0.12	1.43
outlets	-0.12	1.70
spray	-0.12	1.49
odds	-0.12	1.92
dvd	-0.12	1.53
modern	-0.12	1.48
degrade	-0.12	1.39
exhaust	-0.12	1.44
edges	-0.12	1.88
29	-0.12	1.46
atheros	-0.12	1.54
migrate	-0.12	1.57
passive	-0.11	1.44
hosts	-0.11	1.82
cap	-0.11	1.63
serious	-0.11	1.92
hole	-0.11	1.70
say	-0.11	3.06
hover	-0.11	1.73
blu-ray	-0.11	1.55
malfunction	-0.11	2.08
visit	-0.11	1.76
bsods	-0.11	1.97
brothers	-0.11	2.10
strip	-0.11	1.67
upgrading	-0.11	1.85
indicating	-0.11	1.80
caused	-0.11	2.15
groups	-0.11	1.66
completely	-0.11	1.83
converted	-0.11	1.53
ms	-0.11	1.54
im	-0.11	2.61
damn	-0.11	3.09
share	-0.11	1.88
1080	-0.11	1.46
unallocated	-0.11	1.54
none	-0.11	1.91
understanding	-0.11	2.36
partitions	-0.11	1.50
patch	-0.11	1.66
handling	-0.11	1.65
bluescreenview	-0.11	1.92
official	-0.11	1.72
imgburn	-0.11	1.57
proof	-0.11	1.87
permission	-0.11	1.81
disks	-0.11	1.46
images	-0.11	1.67
partitioned	-0.10	1.46
usage	-0.10	1.60
partitioning	-0.10	1.49
dmz	-0.10	1.25
limiting	-0.10	1.26
cause	-0.10	2.12
music	-0.10	1.64
cant	-0.10	2.93
blue	-0.10	1.73
ruin	-0.10	1.99
ect	-0.10	1.72
defective	-0.10	2.16
selling	-0.10	1.95
glass	-0.10	1.63
giving	-0.10	2.58
1920x1080	-0.10	1.39
drill	-0.10	1.55
owned	-0.10	1.54
13	-0.10	1.52
flashes	-0.10	1.59
covering	-0.10	1.66
lists	-0.10	1.77
opening	-0.10	1.68
screens	-0.10	1.75
bug	-0.10	1.96
arent	-0.09	1.63
ssds	-0.09	1.37
boss	-0.09	2.28
headaches	-0.09	1.85
rubber	-0.09	1.67
15	-0.09	1.58
who	-0.09	2.46
pattern	-0.09	2.09
near	-0.09	1.96
improperly	-0.09	2.09
formatted	-0.09	1.59
commands	-0.09	1.68
hinge	-0.09	1.79
exception	-0.09	1.90
theoretically	-0.09	1.75
corner	-0.09	1.53
remain	-0.09	1.91
watching	-0.09	1.64
shown	-0.09	2.30
describe	-0.09	2.48
failures	-0.09	1.94
sentence	-0.09	2.56
layer	-0.09	1.46
watch	-0.09	1.66
whilst	-0.09	1.69
memtest	-0.09	1.70
technologies	-0.09	1.56
apps	-0.09	1.50
terms	-0.09	1.37
mail	-0.09	1.68
cloned	-0.09	1.58
burner	-0.08	1.51
forces	-0.08	1.69
resize	-0.08	1.41
fraps	-0.08	1.51
start	-0.08	1.79
touch	-0.08	1.99
approach	-0.08	2.13
attach	-0.08	1.71
volumes	-0.08	1.49
maps	-0.08	1.57
impression	-0.08	2.39
close	-0.08	1.61
occasionally	-0.08	1.72
quotes	-0.08	1.69
isps	-0.08	1.57
pastebin	-0.08	1.98
doable	-0.08	1.88
nat	-0.08	1.44
open	-0.08	1.68
analyze	-0.08	2.09
1080p	-0.08	1.37
grey	-0.08	1.64
ownership	-0.08	1.79
labeled	-0.08	1.81
libreoffice	-0.08	1.50
blow	-0.08	1.43
stays	-0.08	1.62
recall	-0.08	2.67
gpt	-0.07	1.50
users	-0.07	1.75
serial	-0.07	1.68
ignored	-0.07	2.15
laugh	-0.07	1.94
feel	-0.07	2.48
dpi	-0.07	1.35
native	-0.07	1.43
taking	-0.07	2.04
pavilion	-0.07	1.74
purposes	-0.07	1.75
particular	-0.07	2.44
navigate	-0.07	1.72
businesses	-0.07	1.75
houses	-0.07	1.51
blank	-0.07	1.57
generated	-0.07	1.66
removing	-0.07	1.72
rely	-0.07	1.74
pm	-0.07	1.68
header	-0.07	1.66
own	-0.07	1.59
shame	-0.07	2.45
authentication	-0.07	1.60
supported	-0.07	1.61
hp	-0.07	1.63
bittorrent	-0.07	1.53
stream	-0.07	1.56
90	-0.07	1.55
keys	-0.07	1.59
d-link	-0.07	1.16
initialize	-0.07	1.51
worth	-0.07	2.15
reduce	-0.07	1.33
routing	-0.07	1.71
60	-0.07	1.47
lcd	-0.07	1.70
magical	-0.07	1.67
throttle	-0.07	1.57
pagefile	-0.07	1.44
coding	-0.07	1.46
frequent	-0.07	1.73
list	-0.07	1.67
on-board	-0.07	1.64
occurring	-0.07	2.27
map	-0.06	1.62
lie	-0.06	2.05
p2p	-0.06	1.57
lg	-0.06	1.46
miles	-0.06	1.39
motherboard	-0.06	1.83
directed	-0.06	1.89
dollars	-0.06	1.78
issues	-0.06	2.03
implemented	-0.06	1.80
indicate	-0.06	2.04
ordered	-0.06	1.86
ultra	-0.06	1.87
primarily	-0.06	1.91
delivery	-0.06	1.73
dead	-0.06	2.29
mapping	-0.06	1.57
english	-0.06	1.77
magician	-0.06	1.39
reduced	-0.06	1.41
pixels	-0.06	1.60
overheated	-0.06	2.01
1440p	-0.06	1.42
shares	-0.06	1.69
remember	-0.06	2.93
toshiba	-0.06	1.61
suggests	-0.06	2.08
domain	-0.06	1.65
exceed	-0.06	1.77
guidelines	-0.06	2.25
filter	-0.06	1.65
url	-0.06	1.61
dropbox	-0.06	1.68
pcs	-0.06	1.78
tray	-0.06	1.68
os	-0.06	1.54
powershell	-0.05	1.64
console	-0.05	1.66
laptops	-0.05	1.61
capability	-0.05	1.56
bsod	-0.05	2.00
anything	-0.05	2.94
swap	-0.05	1.79
provider	-0.05	1.67
activation	-0.05	1.66
proxy	-0.05	1.60
displaying	-0.05	1.74
hooking	-0.05	1.83
exact	-0.05	2.58
700	-0.05	1.39
measured	-0.05	1.41
line	-0.05	1.56
root	-0.05	1.60
nic	-0.05	1.53
tricky	-0.05	1.31
simply	-0.05	2.46
impact	-0.05	1.58
percent	-0.05	1.51
creating	-0.05	1.83
routers	-0.05	1.12
dock	-0.05	1.58
noted	-0.05	2.71
website	-0.05	1.61
target	-0.05	1.59
fresh	-0.05	1.56
nowhere	-0.05	1.66
catalyst	-0.05	1.60
flashing	-0.05	1.44
cmd.exe	-0.05	1.68
per	-0.05	1.51
called	-0.04	1.91
tablets	-0.04	1.47
black	-0.04	1.57
sources	-0.04	1.65
plex	-0.04	1.55
patches	-0.04	1.71
bt	-0.04	1.62
slightly	-0.04	1.62
built-in	-0.04	1.51
chip	-0.04	1.62
spike	-0.04	1.67
spare	-0.04	1.58
simultaneously	-0.04	1.55
icloud	-0.04	1.57
tuner	-0.04	1.49
replacing	-0.04	1.95
speedfan	-0.04	1.62
dropped	-0.04	1.86
dependent	-0.04	1.81
housing	-0.04	1.77
failure	-0.04	2.05
99	-0.04	1.64
believe	-0.04	2.97
shutdowns	-0.04	1.94
whether	-0.04	2.88
indicated	-0.04	2.09
precision	-0.04	1.79
increase	-0.04	1.33
op	-0.04	2.61
outlet	-0.04	1.64
depending	-0.04	2.08
furmark	-0.04	1.64
rebuild	-0.04	1.56
snapshot	-0.04	1.94
hd	-0.04	1.52
boards	-0.03	1.70
stability	-0.03	1.44
iphones	-0.03	1.56
career	-0.03	1.54
coretemp	-0.03	1.62
somewhat	-0.03	2.10
bandwidth	-0.03	1.50
allocated	-0.03	1.47
goal	-0.03	1.69
calling	-0.03	2.16
variable	-0.03	1.60
90c	-0.03	1.61
integrated	-0.03	1.60
strength	-0.03	1.17
explained	-0.03	2.68
demanding	-0.03	1.97
crashes	-0.03	1.98
faulty	-0.03	2.29
osx	-0.03	1.50
particularly	-0.03	2.11
enter	-0.03	1.66
matter	-0.03	2.93
foot	-0.03	1.67
scale	-0.03	1.55
craigslist	-0.03	1.34
wouldnt	-0.03	2.51
end	-0.03	1.69
sharing	-0.03	1.83
load	-0.03	1.60
videos	-0.03	1.66
leads	-0.03	1.86
tables	-0.03	1.62
expansion	-0.03	1.54
cost	-0.03	1.64
opens	-0.03	1.68
jumps	-0.03	1.68
wpa2	-0.03	1.48
bulk	-0.03	1.31
key	-0.02	1.63
minimize	-0.02	1.66
internet	-0.02	1.40
problems	-0.02	2.03
literally	-0.02	1.87
someone	-0.02	2.48
concern	-0.02	1.93
wasnt	-0.02	2.55
symptoms	-0.02	2.26
wanted	-0.02	2.74
examples	-0.02	1.78
unexpectedly	-0.02	1.80
debugging	-0.02	1.79
architecture	-0.02	1.56
mac	-0.02	1.52
symptom	-0.02	2.04
profile	-0.02	1.59
ssid	-0.02	1.48
artifacts	-0.02	1.82
hwmonitor	-0.02	1.64
hundred	-0.02	1.69
fuck	-0.02	2.88
lies	-0.02	1.93
uploaded	-0.02	2.00
tape	-0.02	1.59
requirement	-0.02	1.57
ones	-0.02	1.77
older	-0.02	1.46
bottom	-0.02	1.56
mavericks	-0.02	1.50
cameras	-0.02	1.56
temperatures	-0.02	1.55
physical	-0.02	1.50
syncing	-0.02	1.55
overwrite	-0.02	1.57
songs	-0.02	1.60
components	-0.02	1.87
connecting	-0.02	1.72
hotspot	-0.02	1.49
shows	-0.02	2.03
lenovo	-0.01	1.65
charging	-0.01	1.57
monitoring	-0.01	1.66
temperature	-0.01	1.49
clearing	-0.01	1.67
ui	-0.01	1.19
galaxy	-0.01	1.65
causes	-0.01	1.97
visible	-0.01	1.97
reformatting	-0.01	1.63
sizes	-0.01	1.36
locks	-0.01	1.78
7200rpm	-0.01	1.40
costs	-0.01	1.67
800	-0.01	1.33
1tb	-0.01	1.36
passing	-0.01	1.70
incoming	-0.01	1.60
allow	-0.01	1.80
pad	-0.01	1.48
create	-0.01	1.57
outage	-0.01	1.79
r	-0.01	1.75
recognise	-0.01	2.60
specifications	-0.01	1.88
regedit	-0.01	1.61
external	-0.01	1.50
eg	-0.01	1.55
deployment	-0.00	1.34
slowing	-0.00	1.30
inspect	-0.00	1.92
scheme	-0.00	1.59
mb	-0.00	1.50
track	-0.00	1.91
dell	-0.00	1.64
existing	-0.00	1.63
bag	-0.00	1.63
kept	-0.00	2.04
quite	-0.00	2.12
fishy	-0.00	1.77
tests	-0.00	1.72
7200	0.00	1.39
providers	0.00	1.60
pulled	0.00	1.84
rules	0.00	1.83
swapping	0.00	1.75
youtube	0.00	1.71
prime	0.00	1.62
marked	0.00	1.85
ddwrt	0.00	1.10
latter	0.00	2.24
manager	0.00	1.70
xbox	0.00	1.54
tester	0.00	1.70
tested	0.00	1.84
dangerous	0.00	1.93
successful	0.00	1.74
wire	0.00	1.61
becoming	0.01	1.90
becomes	0.01	1.84
jesus	0.01	2.35
resolution	0.01	1.34
120hz	0.01	1.41
utilize	0.01	1.66
2tb	0.01	1.39
drag	0.01	1.62
flash	0.01	1.47
drives	0.01	1.38
cat6	0.01	1.42
s3	0.01	1.59
especially	0.01	1.83
too	0.01	2.20
dirt	0.01	1.38
upnp	0.01	1.42
age	0.01	1.93
areas	0.01	1.54
specific	0.01	2.42
circuitry	0.01	2.17
top	0.01	1.50
5-10	0.01	1.89
cpu-z	0.01	1.65
panels	0.01	1.60
repairs	0.01	1.77
dban	0.01	1.64
extend	0.01	1.42
automated	0.01	1.59
vid	0.01	1.76
name	0.01	1.80
min	0.01	1.82
print	0.01	1.60
manufacture	0.01	1.57
displays	0.01	1.51
administrative	0.01	1.65
uninstalled	0.01	1.70
because	0.01	2.92
specifics	0.02	2.57
paging	0.02	1.42
supporting	0.02	1.83
bootable	0.02	1.50
go	0.02	2.21
celsius	0.02	1.57
resolutions	0.02	1.40
rates	0.02	1.38
moisture	0.02	1.51
degrees	0.02	1.59
customer	0.02	1.88
sd	0.02	1.43
erase	0.02	1.61
visited	0.02	1.98
temporarily	0.02	1.84
mom	0.02	2.36
3tb	0.02	1.38
context	0.02	1.78
hirens	0.02	1.50
happening	0.02	2.55
nas	0.02	1.42
telephone	0.02	1.53
feet	0.02	1.73
charge	0.02	1.59
chargers	0.02	1.34
spilled	0.02	2.01
broadband	0.02	1.52
usable	0.02	1.38
mobo	0.02	1.81
burn	0.02	1.50
ups	0.02	1.57
thick	0.02	1.36
typing	0.02	1.66
dc	0.02	1.65
page	0.02	1.77
frequencies	0.03	1.54
figuring	0.03	2.48
us	0.03	2.29
optical	0.03	1.48
6	0.03	1.66
yo	0.03	1.98
leading	0.03	1.88
dongle	0.03	1.30
brother	0.03	2.31
graph	0.03	1.70
machines	0.03	1.61
echo	0.03	1.72
copper	0.03	1.56
pressed	0.03	1.66
solely	0.03	1.80
fios	0.03	1.76
home	0.03	1.58
controlled	0.03	1.43
usb3	0.03	1.51
periods	0.03	1.59
white	0.03	1.59
disables	0.03	1.49
they	0.03	2.90
iii	0.03	1.38
included	0.03	1.91
overclocking	0.03	1.81
charged	0.03	1.56
expect	0.03	2.26
formatting	0.03	1.71
whoever	0.03	2.27
listing	0.03	1.69
username	0.03	1.67
occur	0.03	2.04
camera	0.03	1.54
ids	0.03	1.55
possibly	0.03	2.47
dealt	0.03	2.00
purchase	0.04	1.65
via	0.04	1.69
super	0.04	2.28
bars	0.04	1.63
register	0.04	2.08
ca	0.04	2.87
conflict	0.04	2.13
shortcut	0.04	1.61
universal	0.04	1.44
talk	0.04	2.37
stretch	0.04	1.36
disappears	0.04	1.72
5	0.04	1.72
afford	0.04	2.10
popped	0.04	1.97
green	0.04	1.49
apparent	0.04	1.67
confirm	0.04	2.68
neighborhood	0.04	1.54
manufacturer	0.04	1.60
fullscreen	0.04	1.65
batteries	0.04	1.48
able	0.04	2.78
interference	0.04	1.47
pricey	0.04	1.59
purchasing	0.04	1.67
prove	0.04	2.09
bits	0.04	1.52
parents	0.04	2.12
array	0.04	1.44
front	0.04	1.42
tp-link	0.04	1.08
maker	0.04	1.60
unplug	0.04	1.68
canned	0.04	1.46
girlfriend	0.04	2.17
size	0.04	1.29
benefit	0.04	1.74
dd-wrt	0.04	1.16
savvy	0.05	2.13
improvement	0.05	1.66
identifying	0.05	2.24
she	0.05	2.34
headers	0.05	1.64
we	0.05	2.90
bad	0.05	1.96
directx	0.05	1.53
related	0.05	2.41
typical	0.05	1.81
wall	0.05	1.58
cd	0.05	1.48
sheet	0.05	1.60
stay	0.05	1.79
schools	0.05	1.65
dad	0.05	2.36
f8	0.05	1.68
router	0.05	1.15
colour	0.05	1.40
hundreds	0.05	1.77
disconnect	0.05	1.68
determined	0.05	2.30
versions	0.05	1.54
thousand	0.05	1.68
vertical	0.05	1.49
twitch	0.05	1.62
digital	0.05	1.50
hub	0.05	1.47
another	0.05	2.29
studio	0.05	1.22
putting	0.05	1.86
him	0.05	2.34
disassemble	0.05	1.72
cloud	0.05	1.49
responsibility	0.05	1.65
3	0.05	1.69
increased	0.05	1.28
tb	0.06	1.37
hdds	0.06	1.38
hz	0.06	1.39
thousands	0.06	1.71
wife	0.06	2.19
instance	0.06	1.83
inspiron	0.06	1.65
asked	0.06	2.63
pretty	0.06	2.26
side	0.06	1.42
sky	0.06	1.75
prompts	0.06	1.64
outgoing	0.06	1.63
shuts	0.06	1.67
ps3	0.06	1.52
peak	0.06	1.51
rear	0.06	1.35
station	0.06	1.22
valid	0.06	1.62
wires	0.06	1.62
cd/dvd	0.06	1.50
switchable	0.06	1.51
died	0.06	2.02
willing	0.06	2.27
types	0.06	1.60
socket	0.06	1.62
extremely	0.06	2.00
behave	0.07	2.16
computers	0.07	1.85
photo	0.07	1.76
ability	0.07	1.93
rent	0.07	1.55
duplicate	0.07	1.55
described	0.07	2.47
tablet	0.07	1.49
typically	0.07	1.76
hook	0.07	1.67
webcam	0.07	1.48
intend	0.07	2.40
redownload	0.07	1.61
cpu/gpu	0.07	1.41
max	0.07	1.47
graphics	0.07	1.58
experience	0.07	1.61
absolutely	0.07	2.12
compressed	0.07	1.42
officially	0.07	1.81
gpu-z	0.07	1.68
separately	0.07	1.71
showed	0.07	2.26
highly	0.07	2.05
500gb	0.07	1.35
lagging	0.07	1.90
yellow	0.07	1.72
heart	0.07	2.27
tv	0.07	1.49
reputation	0.07	1.36
fixing	0.07	2.16
refund	0.07	1.75
edge	0.07	1.63
cat5e	0.07	1.52
intermittent	0.07	1.99
dsl	0.07	1.46
stayed	0.07	1.78
idling	0.07	1.61
monitor	0.07	1.46
buffering	0.07	1.57
printing	0.07	1.59
adding	0.08	1.72
angle	0.08	1.44
signals	0.08	1.46
hit	0.08	1.63
reading	0.08	2.14
models	0.08	1.54
grounded	0.08	1.83
taskbar	0.08	1.64
replace	0.08	2.00
onto	0.08	1.52
i/o	0.08	1.45
megabits	0.08	1.55
apu	0.08	1.54
dept	0.08	1.99
fiber	0.08	1.48
congestion	0.08	1.61
heck	0.08	1.90
gf	0.08	2.14
30	0.08	1.69
slower	0.08	1.41
poke	0.08	1.83
number	0.08	1.87
dollar	0.08	1.66
replaced	0.08	2.05
msata	0.08	1.24
motherboards	0.08	1.59
least	0.08	2.34
compared	0.08	1.61
icons	0.08	1.74
creative	0.08	1.58
functionality	0.08	1.65
downloaded	0.08	1.64
lines	0.08	1.56
environments	0.09	1.63
label	0.09	1.70
me	0.09	2.68
closes	0.09	1.72
came	0.09	1.86
analyzer	0.09	1.59
cellular	0.09	1.49
converter	0.09	1.51
freezing	0.09	2.02
component	0.09	2.15
refresh	0.09	1.37
thus	0.09	1.78
appear	0.09	2.11
cut	0.09	1.56
amps	0.09	1.37
screw	0.09	1.95
reformat	0.09	1.57
display	0.09	1.45
secret	0.09	1.69
entry	0.09	1.61
bootcamp	0.09	1.43
dl	0.09	1.52
250	0.09	1.39
sends	0.09	1.78
fourth	0.09	1.77
acceleration	0.09	1.50
itunes	0.09	1.50
figure	0.09	2.82
splitters	0.09	1.44
television	0.09	1.57
repeatedly	0.09	1.68
cleared	0.09	1.69
ribbon	0.09	1.72
stores	0.09	1.58
began	0.09	2.02
receive	0.09	1.70
market	0.09	1.53
transferred	0.09	1.67
rapid	0.09	1.34
touchpad	0.09	1.54
4k	0.09	1.40
upgrades	0.10	1.67
hr	0.10	1.68
personally	0.10	1.89
science	0.10	1.58
device	0.10	1.60
walls	0.10	1.50
measure	0.10	1.54
downstream	0.10	1.43
flushdns	0.10	1.62
perspective	0.10	1.86
reserved	0.10	1.50
externally	0.10	1.62
beside	0.10	1.70
consoles	0.10	1.46
than	0.10	1.63
mirror	0.10	1.44
tapping	0.10	1.63
dust	0.10	1.42
usd	0.10	1.46
area	0.10	1.47
reload	0.10	1.60
128	0.10	1.39
graphic	0.10	1.59
achieve	0.10	2.00
displayport	0.10	1.52
notebook	0.10	1.72
wireshark	0.10	1.62
red	0.10	1.56
100mb	0.10	1.48
note	0.10	2.47
increases	0.10	1.36
character	0.10	1.65
pxe	0.10	1.47
dont	0.10	2.76
hybrid	0.10	1.44
surprise	0.10	2.21
places	0.10	1.83
pin	0.10	1.65
monitors	0.10	1.48
bootup	0.10	1.72
re-install	0.10	1.60
meter	0.10	1.59
desktops	0.11	1.62
adapters	0.11	1.47
new	0.11	1.72
vms	0.11	1.54
safe	0.11	1.85
show	0.11	2.29
usb	0.11	1.44
coaxial	0.11	1.51
machine	0.11	1.58
temps	0.11	1.53
overheating	0.11	2.11
offers	0.11	1.60
gpu	0.11	1.92
disappear	0.11	1.99
street	0.11	1.60
technically	0.11	2.17
reach	0.11	1.85
connector	0.11	1.65
strictly	0.11	1.79
1.5	0.11	1.53
onboard	0.11	1.62
charger	0.11	1.52
cabling	0.11	1.59
floppy	0.11	1.45
byte	0.11	1.49
deeper	0.11	2.01
linksys	0.11	1.06
private	0.11	1.52
interfere	0.11	1.48
factors	0.11	1.88
vram	0.11	1.49
stuttering	0.11	1.82
kid	0.11	1.98
rarely	0.11	1.81
moving	0.11	1.73
greater	0.11	1.45
underlying	0.11	2.08
sockets	0.11	1.56
ssd	0.12	1.34
pull	0.12	1.64
think	0.12	2.92
adaptor	0.12	1.44
cell	0.12	1.51
floor	0.12	1.50
complicated	0.12	1.40
card	0.12	1.63
purchased	0.12	1.65
frame	0.12	1.42
turns	0.12	1.57
cat5	0.12	1.51
raise	0.12	1.35
connect	0.12	1.54
smartphone	0.12	1.50
recreate	0.12	1.68
capacity	0.12	1.35
port	0.12	1.42
variables	0.12	1.89
optimization	0.12	1.49
hardwired	0.12	1.46
lean	0.12	1.96
vast	0.12	1.58
terminal	0.12	1.51
upgraded	0.12	1.73
refuses	0.12	2.02
function	0.12	1.49
clicks	0.12	1.27
disconnects	0.12	1.79
ipconfig	0.12	1.61
nexus	0.12	1.49
throttling	0.12	1.59
dedicated	0.12	1.51
mobile	0.12	1.50
staying	0.12	1.71
nvidia	0.12	1.51
ethernet	0.12	1.47
final	0.12	1.69
desktop	0.12	1.73
mouse	0.12	1.45
thin	0.12	1.40
3rd	0.13	1.51
color	0.13	1.46
coax	0.13	1.47
directly	0.13	1.54
switch	0.13	1.45
really	0.13	2.57
entire	0.13	1.72
60hz	0.13	1.38
afterburner	0.13	1.54
beeps	0.13	1.82
fairly	0.13	2.01
cord	0.13	1.59
gameplay	0.13	1.60
benchmark	0.13	1.61
netsh	0.13	1.61
tend	0.13	1.67
profiles	0.13	1.51
debug	0.13	1.82
forwarding	0.13	1.43
icon	0.13	1.63
wired	0.13	1.46
sits	0.13	1.59
reconnect	0.13	1.70
locate	0.13	1.96
researching	0.13	2.15
alt	0.13	1.62
4	0.13	1.61
generic	0.13	1.34
justify	0.13	1.88
s4	0.13	1.60
exclamation	0.13	1.79
shipping	0.13	1.66
cross	0.13	1.99
percentage	0.13	1.70
characters	0.13	1.60
development	0.14	1.57
rooms	0.14	1.59
random	0.14	1.87
logo	0.14	1.80
ship	0.14	1.69
shutdown	0.14	1.78
ipad	0.14	1.42
hosting	0.14	1.63
gfx	0.14	1.71
copy/paste	0.14	1.49
parameters	0.14	1.33
triangle	0.14	1.68
ios	0.14	1.42
conflicts	0.14	1.85
mount	0.14	1.51
buttons	0.14	1.51
distance	0.14	1.47
shooting	0.14	1.88
inssider	0.14	1.53
multi	0.14	1.51
struggling	0.14	2.10
dig	0.14	2.25
photoshop	0.14	1.50
unusual	0.14	1.99
vs	0.14	1.57
powers	0.14	1.68
cable	0.14	1.55
watched	0.14	1.81
r7	0.14	1.47
term	0.14	1.94
radio	0.14	1.33
frequently	0.14	1.73
4g	0.14	1.47
pointer	0.14	1.62
liquid	0.14	1.82
adapter	0.14	1.45
recommended	0.14	1.91
commonly	0.14	1.71
item	0.14	1.68
replacement	0.14	1.71
scaling	0.14	1.33
sata	0.15	1.40
ipod	0.15	1.46
controller	0.15	1.49
handles	0.15	1.61
view	0.15	1.74
want	0.15	2.81
plugging	0.15	1.63
bus	0.15	1.50
assembly	0.15	1.74
generate	0.15	1.67
relay	0.15	1.52
network	0.15	1.50
deal	0.15	2.08
plug	0.15	1.59
initial	0.15	1.88
convenience	0.15	1.36
re-installing	0.15	1.63
netgear	0.15	1.04
operate	0.15	1.68
screen	0.15	1.73
beep	0.15	1.83
overclocked	0.15	1.45
esc	0.15	1.62
reinstalling	0.15	1.63
cordless	0.15	1.48
downstairs	0.15	1.48
phone	0.15	1.55
3.0	0.15	1.41
very	0.15	2.02
lab	0.15	1.56
infinite	0.15	2.09
coming	0.15	1.96
plugs	0.15	1.58
pinpoint	0.15	2.56
tinkering	0.15	1.78
shift	0.15	1.61
filename	0.15	1.84
sprint	0.16	1.58
sim	0.16	1.51
isp	0.16	1.69
removable	0.16	1.60
over	0.16	1.96
forever	0.16	1.96
app	0.16	1.48
contact	0.16	2.10
ps2	0.16	1.55
highlight	0.16	1.55
apart	0.16	1.75
individual	0.16	1.75
drain	0.16	1.64
recording	0.16	1.54
lag	0.16	1.73
f12	0.16	1.61
cards	0.16	1.55
somebody	0.16	2.40
lifetime	0.16	1.53
kind	0.16	2.40
disable	0.16	1.55
intel	0.16	1.54
bed	0.16	1.72
cat	0.16	1.53
total	0.16	1.42
pressing	0.16	1.62
newly	0.16	1.78
250gb	0.16	1.32
links	0.16	1.84
asus	0.16	1.28
10-15	0.16	1.74
almost	0.16	1.88
fn	0.16	1.56
wo	0.16	2.77
fit	0.16	1.47
hardware	0.16	2.47
powerline	0.16	1.42
drivers	0.16	1.65
chipsets	0.16	1.49
things	0.16	2.20
2.4	0.17	1.36
opposite	0.17	1.68
pointing	0.17	1.76
volt	0.17	1.46
64gb	0.17	1.32
carrier	0.17	1.61
backwards	0.17	1.48
basement	0.17	1.55
printer	0.17	1.62
idle	0.17	1.54
see	0.17	2.79
phones	0.17	1.49
while	0.17	1.88
insert	0.17	1.50
installing	0.17	1.65
ati	0.17	1.50
60c	0.17	1.57
average	0.17	1.49
battery	0.17	1.60
words	0.17	1.77
wpa	0.17	1.46
compatible	0.17	1.59
workstation	0.17	1.53
plans	0.17	1.64
across	0.17	1.61
reseat	0.17	1.66
internal	0.17	1.46
handle	0.17	1.57
experienced	0.17	2.11
unplugged	0.17	1.68
vendor	0.17	1.66
launching	0.17	1.71
names	0.17	1.65
rate	0.17	1.29
transfer	0.17	1.46
goto	0.17	1.57
desk	0.17	1.57
press	0.17	1.61
re-installed	0.17	1.67
dxdiag	0.17	1.62
speccy	0.17	1.57
virtual	0.17	1.43
framerate	0.18	1.36
upstairs	0.18	1.45
extender	0.18	1.26
digging	0.18	1.94
merge	0.18	1.59
supports	0.18	1.57
management	0.18	1.58
repeating	0.18	1.83
android	0.18	1.42
ssl	0.18	1.50
ports	0.18	1.44
layout	0.18	1.92
redundancy	0.18	1.45
overlap	0.18	1.45
ranges	0.18	1.56
projector	0.18	1.51
gparted	0.18	1.37
vga	0.18	1.52
living	0.18	1.61
failed	0.18	1.91
chips	0.18	1.33
reinstall	0.18	1.66
often	0.18	1.81
incompatibility	0.18	2.17
electrician	0.18	1.78
pre-built	0.18	1.57
heard	0.18	2.04
neighbors	0.18	1.48
hopes	0.18	1.99
workstations	0.18	1.61
1-2	0.18	1.76
sending	0.18	1.84
expand	0.18	1.55
checking	0.18	2.25
lets	0.18	1.72
connects	0.18	1.50
unlock	0.18	1.52
spectrum	0.18	1.37
guest	0.18	1.50
including	0.18	1.72
himself	0.18	2.18
requires	0.18	1.61
password	0.18	1.50
asks	0.18	1.97
prompted	0.18	1.74
2	0.18	1.65
bridged	0.18	1.11
seemingly	0.18	1.84
splash	0.18	1.75
32gb	0.18	1.28
finding	0.18	2.40
charter	0.19	1.60
dp	0.19	1.63
minimal	0.19	1.48
smaller	0.19	1.29
direction	0.19	1.71
iphone	0.19	1.43
lid	0.19	1.59
wirelessly	0.19	1.39
scratch	0.19	1.58
house	0.19	1.51
connected	0.19	1.59
recognizes	0.19	1.88
closer	0.19	1.51
accomplish	0.19	2.40
albeit	0.19	1.64
widely	0.19	1.64
up-to-date	0.19	1.79
even	0.19	2.79
downside	0.19	1.79
depth	0.19	1.82
samsung	0.19	1.36
determine	0.19	2.50
hitting	0.19	1.61
loads	0.19	1.70
downgrading	0.19	1.64
upon	0.19	1.79
indication	0.19	2.16
transmit	0.19	1.40
htc	0.19	1.50
holding	0.19	1.66
dvi-i	0.19	1.63
overclock	0.19	1.52
based	0.19	1.82
devices	0.19	1.57
sec	0.19	1.62
ps4	0.19	1.55
walmart	0.19	1.47
peripherals	0.19	1.62
dvi-d	0.19	1.63
straight	0.19	1.60
asleep	0.19	2.08
internally	0.20	1.57
efi	0.20	1.44
slowness	0.20	1.92
assumed	0.20	2.62
modify	0.20	1.64
voip	0.20	1.63
upper	0.20	1.41
3g	0.20	1.48
doa	0.20	2.04
family	0.20	1.98
operations	0.20	1.49
f11	0.20	1.61
measures	0.20	1.50
wlan	0.20	1.41
virtualization	0.20	1.50
bonus	0.20	1.90
winsock	0.20	1.59
tm	0.20	1.51
speak	0.20	2.25
amd	0.20	1.49
minus	0.20	1.76
month	0.20	1.86
pushed	0.20	1.91
likely	0.20	2.45
face	0.20	1.86
udp	0.20	1.39
maintenance	0.20	1.78
ac	0.20	1.48
complaint	0.20	1.85
reconnected	0.20	1.71
swapped	0.20	1.66
connection	0.20	1.32
wifi	0.20	1.31
frames	0.21	1.51
ctrl	0.21	1.59
forward	0.21	1.42
activated	0.21	1.66
hardly	0.21	2.12
mid	0.21	1.48
dark	0.21	1.58
gigabit	0.21	1.39
support	0.21	1.80
mbp	0.21	1.58
therefore	0.21	1.90
smtp	0.21	1.55
reverse	0.21	1.43
varies	0.21	1.71
car	0.21	1.62
button	0.21	1.58
male	0.21	1.54
comcast	0.21	1.53
lifespan	0.21	1.54
version	0.21	1.68
hdmi	0.21	1.52
loading	0.21	1.84
repair	0.21	1.82
chipset	0.21	1.56
attempted	0.21	1.87
cisco	0.21	1.17
female	0.21	1.54
extra	0.21	1.76
department	0.21	1.93
prior	0.21	1.82
hand	0.21	1.46
levels	0.21	1.24
lte	0.21	1.51
sent	0.21	1.87
sticky	0.21	1.88
nor	0.21	2.33
saving	0.21	1.54
follows	0.21	1.61
stops	0.22	1.84
bluetooth	0.22	1.41
2.0	0.22	1.40
felt	0.22	2.19
cleaning	0.22	1.53
properly	0.22	2.24
t-mobile	0.22	1.56
youll	0.22	1.88
present	0.22	1.97
verizon	0.22	1.53
certificates	0.22	1.60
revert	0.22	1.59
wireless	0.22	1.32
imac	0.22	1.49
exclusively	0.22	1.49
unit	0.22	1.59
magic	0.22	1.26
jack	0.22	1.50
outputting	0.22	1.68
disconnecting	0.22	1.69
material	0.22	1.51
receiver	0.22	1.50
f10	0.22	1.60
ps/2	0.22	1.38
splitter	0.22	1.51
ask	0.22	2.43
volts	0.22	1.41
v	0.22	1.61
five	0.22	1.75
tunnel	0.22	1.48
originally	0.22	2.43
along	0.22	1.39
important	0.22	1.56
draw	0.22	1.28
inbox	0.22	1.76
regarding	0.23	1.89
keyboard	0.23	1.45
boost	0.23	1.40
making	0.23	2.10
dvi	0.23	1.63
brand	0.23	1.48
gpus	0.23	1.51
5ghz	0.23	1.36
allowing	0.23	1.99
broadcom	0.23	1.44
launch	0.23	1.61
local	0.23	1.52
goes	0.23	1.70
direct	0.23	1.48
effects	0.23	1.59
booster	0.23	1.35
nearby	0.23	1.54
bootloader	0.23	1.40
analog	0.23	1.51
mute	0.23	1.41
finish	0.23	1.85
begins	0.23	1.77
f1	0.23	1.62
differently	0.23	1.75
mobos	0.23	1.65
six	0.23	1.73
toggle	0.23	1.44
ton	0.23	2.21
att	0.23	1.53
spill	0.23	1.98
factor	0.23	1.65
origin	0.23	1.74
previously	0.23	2.40
cords	0.23	1.63
equally	0.23	1.94
students	0.23	1.67
overheat	0.23	1.56
font	0.23	1.36
networks	0.23	1.43
minor	0.23	1.56
fault	0.23	2.14
sensitive	0.23	1.63
feeling	0.23	2.35
3.5mm	0.24	1.50
netbook	0.24	1.77
amount	0.24	1.58
del	0.24	1.63
spoke	0.24	2.45
happen	0.24	2.40
few	0.24	1.78
minimum	0.24	1.57
thumb	0.24	1.42
updater	0.24	1.69
codes	0.24	1.79
connectivity	0.24	1.59
listed	0.24	2.01
tvs	0.24	1.46
wet	0.24	1.58
laptop	0.24	1.78
hire	0.24	1.90
x4	0.24	1.45
composite	0.24	1.58
rule	0.24	1.96
pcie	0.24	1.56
does	0.24	2.78
engineer	0.24	1.76
tear	0.24	1.63
readings	0.24	1.80
box	0.24	1.59
controllers	0.24	1.44
spikes	0.24	1.75
score	0.24	1.70
msi	0.24	1.49
common	0.24	1.53
plays	0.24	1.60
individually	0.24	1.59
geforce	0.24	1.43
tier	0.24	1.66
powersupply	0.24	1.89
refurbished	0.25	1.55
wi-fi	0.25	1.36
explaining	0.25	2.41
f2	0.25	1.64
newer	0.25	1.48
brings	0.25	1.83
main	0.25	1.59
int	0.25	1.55
connectors	0.25	1.65
bullet	0.25	2.01
parts	0.25	1.66
high	0.25	1.12
plastic	0.25	1.75
stats	0.25	1.59
restarts	0.25	1.84
module	0.25	1.63
raid	0.25	1.37
trivial	0.25	1.42
tube	0.25	1.47
vary	0.25	1.43
tab	0.25	1.63
significant	0.25	1.61
jumpers	0.25	1.63
paper	0.25	1.61
paint	0.25	1.40
asrock	0.25	1.50
logitech	0.25	1.46
rom	0.25	1.40
soldering	0.25	1.68
half	0.25	1.79
updated	0.25	1.80
chart	0.25	1.58
amazon	0.26	1.50
takes	0.26	1.99
plugged	0.26	1.65
pics	0.26	1.90
jacks	0.26	1.47
aux	0.26	1.50
communicate	0.26	1.79
disabling	0.26	1.53
bend	0.26	1.68
frustration	0.26	1.85
wiping	0.26	1.59
cables	0.26	1.60
2-3	0.26	1.93
into	0.26	1.67
1/2	0.26	1.77
relative	0.26	1.23
latency	0.26	1.47
arrow	0.26	1.60
cpus	0.26	1.47
university	0.26	1.64
either	0.26	2.67
hooked	0.26	1.59
documentation	0.26	1.81
suspect	0.26	2.38
unlimited	0.26	1.50
kinda	0.26	2.56
previous	0.26	1.68
macbook	0.26	1.46
additionally	0.26	1.72
emulator	0.26	1.67
kicking	0.26	1.58
pci-e	0.26	1.54
docsis	0.26	1.30
imgur	0.26	1.92
radeon	0.26	1.49
ten	0.26	1.76
tearing	0.26	1.72
steam	0.26	1.73
switching	0.27	1.79
re-seat	0.27	1.77
sudden	0.27	1.90
improvements	0.27	1.22
newegg	0.27	1.51
sell	0.27	1.50
802.11n	0.27	1.40
stated	0.27	2.53
together	0.27	1.78
left	0.27	1.53
ii	0.27	1.44
multimeter	0.27	1.54
atleast	0.27	1.92
fx	0.27	1.47
uncheck	0.27	1.62
combination	0.27	1.36
2.4ghz	0.27	1.40
conclusion	0.27	2.14
tcp	0.27	1.38
filling	0.27	1.57
identify	0.27	2.24
rufus	0.27	1.42
uverse	0.27	1.45
extensive	0.27	1.66
channels	0.27	1.42
beta	0.27	1.62
lock	0.27	1.57
told	0.28	2.44
produce	0.28	1.66
comparing	0.28	1.64
arris	0.28	1.17
menu	0.28	1.62
searched	0.28	1.94
cycling	0.28	1.67
am3	0.28	1.48
fps	0.28	1.49
pci	0.28	1.53
any	0.28	2.52
clients	0.28	1.67
theres	0.28	2.30
throughput	0.28	1.37
forwarded	0.28	1.42
requirements	0.28	1.83
utilization	0.28	1.50
3-4	0.28	1.80
certain	0.28	1.97
registered	0.28	1.59
powered	0.28	1.56
requiring	0.28	1.49
monitored	0.28	1.62
mind	0.28	2.32
campus	0.28	1.61
supplied	0.28	1.49
room	0.28	1.46
rooted	0.28	1.49
molex	0.28	1.55
processor	0.28	1.45
right-click	0.28	1.58
weather	0.28	1.52
sapphire	0.28	1.61
diagnose	0.28	2.33
unplugging	0.28	1.66
scroll	0.28	1.55
resume	0.28	1.80
pick	0.28	1.66
speaker	0.28	1.47
finished	0.28	1.93
doubt	0.28	2.66
sounds	0.28	2.39
broadcasting	0.28	1.37
covered	0.28	1.76
original	0.29	2.25
haswell	0.29	1.44
traffic	0.29	1.57
panel	0.29	1.53
call	0.29	2.15
840	0.29	1.25
cursor	0.29	1.74
sudo	0.29	1.55
member	0.29	1.94
gut	0.29	1.55
headphone	0.29	1.45
base	0.29	1.38
dayz	0.29	1.83
80c	0.29	1.44
reboots	0.29	1.83
listening	0.29	1.47
rare	0.29	1.52
re-enable	0.29	1.62
certificate	0.29	1.61
guarantee	0.29	2.35
rca	0.29	1.57
minute	0.29	1.79
processors	0.29	1.44
placed	0.29	1.76
broadcast	0.29	1.33
mono	0.29	1.51
school	0.29	1.60
shutting	0.29	1.83
subject	0.29	1.54
unlocked	0.29	1.51
square	0.29	1.50
star	0.29	1.71
benchmarks	0.29	1.53
theirs	0.29	1.86
forgive	0.29	2.27
communications	0.29	1.51
wiped	0.29	1.65
low	0.30	1.10
sequence	0.30	1.59
re-seating	0.30	1.75
inputs	0.30	1.55
searching	0.30	1.95
gb	0.30	1.32
seperate	0.30	1.63
definition	0.30	1.66
bit	0.30	1.76
gig	0.30	1.37
670	0.30	1.50
7870	0.30	1.50
cox	0.30	1.71
hold	0.30	1.61
vmware	0.30	1.41
concerning	0.30	1.82
variety	0.30	1.71
powering	0.30	1.64
functional	0.30	1.67
realtek	0.30	1.47
flashed	0.30	1.30
overnight	0.30	1.72
standby	0.30	1.55
crossfire	0.30	1.46
effect	0.30	2.10
circle	0.30	1.69
volume	0.30	1.42
expired	0.30	1.66
contacting	0.30	1.92
recent	0.30	1.73
o	0.30	1.99
soundcard	0.30	1.45
apartment	0.30	1.49
tap	0.30	1.58
unlikely	0.30	1.85
reseating	0.30	1.78
fyi	0.31	1.64
walk	0.31	2.08
safely	0.31	1.60
negligible	0.31	1.50
lasts	0.31	1.99
diagnosis	0.31	1.89
videocard	0.31	2.03
dlink	0.31	1.03
pulls	0.31	1.64
ratio	0.31	1.34
combo	0.31	1.40
check	0.31	2.21
specified	0.31	2.27
compound	0.31	1.39
clean	0.31	1.51
780	0.31	1.48
i.e	0.31	1.73
booting	0.31	1.59
virtualbox	0.31	1.38
recognized	0.31	1.95
iron	0.31	1.80
fiddling	0.31	2.07
fixable	0.31	2.18
sales	0.31	1.67
cpu	0.31	1.51
huge	0.31	1.57
wheel	0.31	1.49
driver	0.31	1.70
followed	0.31	1.83
sticking	0.31	1.75
pulling	0.31	1.62
combined	0.31	1.56
um	0.31	2.45
excessive	0.31	1.76
mixer	0.31	1.47
outputs	0.31	1.53
mixed	0.32	1.58
admins	0.32	1.75
distros	0.32	1.60
redo	0.32	1.64
state	0.32	1.45
series	0.32	1.50
rma	0.32	1.87
might	0.32	2.73
trust	0.32	2.03
acts	0.32	1.65
playback	0.32	1.51
mins	0.32	1.94
central	0.32	1.74
couple	0.32	1.78
minutes	0.32	1.98
protocol	0.32	1.32
wont	0.32	2.55
range	0.32	1.30
bands	0.32	1.42
those	0.32	1.92
opened	0.32	1.77
pass	0.32	1.65
lasted	0.32	2.06
return	0.32	1.71
mistake	0.32	2.61
receiving	0.32	1.68
thermal	0.32	1.40
vsync	0.32	1.38
closed	0.32	1.55
dropdown	0.32	1.65
cmos	0.32	1.60
finishes	0.32	1.88
lookup	0.32	1.65
128gb	0.32	1.25
maxed	0.32	1.61
environment	0.32	1.47
alarm	0.32	1.81
wipe	0.32	1.59
may	0.32	2.70
continuously	0.32	1.57
major	0.32	1.58
contacted	0.32	2.06
complaints	0.32	1.83
years	0.33	2.05
scope	0.33	1.51
pane	0.33	1.62
manage	0.33	1.61
amperage	0.33	1.46
possibility	0.33	2.31
ghz	0.33	1.39
isnt	0.33	2.34
massive	0.33	1.54
instant	0.33	1.84
live	0.33	1.39
mentioning	0.33	2.03
windowed	0.33	1.65
vm	0.33	1.41
guessed	0.33	2.51
cover	0.33	1.52
headphones	0.33	1.42
microphone	0.33	1.43
unchecked	0.33	1.61
synology	0.33	1.33
factory	0.33	1.57
patched	0.33	1.72
remotely	0.33	1.66
accidental	0.33	1.62
dozens	0.33	1.76
second	0.33	1.53
them	0.33	2.59
clogged	0.33	1.34
google	0.33	1.67
wrote	0.33	2.52
bitlocker	0.34	1.30
enough	0.34	1.77
points	0.34	1.44
whole	0.34	1.77
severely	0.34	1.62
sit	0.34	1.75
agree	0.34	2.41
gigabyte	0.34	1.47
claim	0.34	1.89
optimize	0.34	1.25
messages	0.34	1.80
5.1	0.34	1.46
control	0.34	1.52
letters	0.34	1.60
frozen	0.34	1.72
shouldnt	0.34	2.40
improve	0.34	0.91
unique	0.34	1.67
reinstalled	0.34	1.73
feed	0.34	1.53
occurred	0.34	1.97
such	0.34	1.47
numbers	0.34	1.61
adds	0.34	1.51
deliver	0.34	1.74
band	0.34	1.36
recognizing	0.35	1.98
available	0.35	1.62
memory	0.35	1.44
interfaces	0.35	1.36
970	0.35	1.44
basically	0.35	2.29
refused	0.35	2.09
750ti	0.35	1.44
demo	0.35	1.64
sometimes	0.35	2.11
most	0.35	1.70
power	0.35	1.54
difference	0.35	1.70
corrected	0.35	2.49
headset	0.35	1.38
positive	0.35	1.84
jump	0.35	1.59
keeping	0.35	1.56
returning	0.35	1.78
gigs	0.35	1.51
modems	0.35	1.32
server	0.35	1.44
result	0.35	1.74
e.g	0.35	1.69
phenom	0.35	1.41
allows	0.35	1.55
spaces	0.36	1.59
x16	0.36	1.51
installed	0.36	1.72
turn	0.36	1.49
skype	0.36	1.69
output	0.36	1.51
specialized	0.36	1.53
generation	0.36	1.40
form	0.36	1.67
whocrashed	0.36	2.01
cleaned	0.36	1.49
reconnecting	0.36	1.69
portal	0.36	1.74
surround	0.36	1.46
include	0.36	2.00
router/modem	0.36	1.38
gift	0.36	1.70
blast	0.36	1.46
270x	0.36	1.48
ti	0.36	1.42
capable	0.36	1.44
seem	0.36	2.65
gives	0.36	2.07
routes	0.36	1.56
receipt	0.36	1.65
mic	0.36	1.44
wine	0.36	1.50
speakers	0.36	1.44
warner	0.36	1.42
1st	0.36	1.53
faster	0.37	1.49
extenders	0.37	1.39
analysis	0.37	1.87
2x	0.37	1.49
pentium	0.37	1.49
lan	0.37	1.32
occurs	0.37	2.04
arma	0.37	1.80
equation	0.37	2.00
life	0.37	1.80
continue	0.37	1.78
bill	0.37	1.49
gtx	0.37	1.40
doubtful	0.37	2.26
brightness	0.37	1.36
bf4	0.37	1.77
120gb	0.37	1.23
ata	0.37	1.39
isolate	0.37	2.10
advantage	0.37	1.71
research	0.37	1.88
could	0.37	2.64
these	0.37	1.83
boot	0.37	1.47
modem/router	0.37	1.41
lesson	0.37	1.72
650	0.37	1.33
quad	0.37	1.41
wan	0.37	1.46
reliably	0.37	1.91
ticket	0.37	1.86
twc	0.37	1.38
position	0.37	1.48
independent	0.37	1.30
connections	0.37	1.54
crashing	0.38	1.99
550	0.38	1.33
handful	0.38	1.72
clocks	0.38	1.36
ebay	0.38	1.56
language	0.38	1.48
decade	0.38	1.72
notifications	0.38	1.62
symbol	0.38	1.69
find	0.38	2.55
cores	0.38	1.48
heatsinks	0.38	1.33
click	0.38	1.55
totally	0.38	2.22
loss	0.38	1.71
5v	0.38	1.36
logical	0.38	1.54
provides	0.38	1.46
i5	0.38	1.41
under	0.38	1.59
seconds	0.38	1.79
256gb	0.38	1.22
cutting	0.38	1.81
oc	0.38	1.47
assigned	0.38	1.58
specify	0.38	2.25
calls	0.38	1.89
troubles	0.38	1.91
playing	0.38	1.82
initially	0.38	2.29
success	0.38	1.76
play	0.38	1.77
checkbox	0.38	1.68
step	0.38	1.86
audio	0.38	1.47
higher	0.38	1.13
roommates	0.38	1.72
tick	0.38	1.64
strong	0.38	1.10
keyboards	0.38	1.48
guy	0.38	2.38
jumper	0.39	1.61
reasons	0.39	1.93
660	0.39	1.43
persist	0.39	2.04
stick	0.39	1.52
two	0.39	1.67
tutorials	0.39	1.85
mentioned	0.39	2.53
stereo	0.39	1.47
essential	0.39	1.49
games	0.39	1.83
greyed	0.39	1.85
carefully	0.39	1.62
prices	0.39	1.45
760	0.39	1.44
extent	0.39	1.89
rating	0.39	1.35
notice	0.40	1.99
did	0.40	2.71
mod	0.40	1.80
continuous	0.40	1.54
seated	0.40	2.22
fill	0.40	1.51
plenty	0.40	1.77
by	0.40	2.10
shut	0.40	1.67
returns	0.40	1.64
built	0.40	1.75
staff	0.40	1.83
nothing	0.40	2.68
chose	0.40	1.65
buy	0.40	1.65
reason	0.40	2.68
little	0.40	2.00
large	0.40	1.18
r9	0.40	1.45
decision	0.40	1.83
600	0.40	1.33
3gb	0.40	1.41
freezes	0.40	1.90
modem	0.40	1.30
four	0.40	1.64
down	0.40	1.71
among	0.40	1.72
throw	0.40	1.62
dusty	0.40	1.39
reboot	0.40	1.74
slot	0.40	1.54
three	0.40	1.70
also	0.40	2.75
bring	0.40	1.65
benefits	0.40	1.57
period	0.40	1.78
reset	0.40	1.54
routed	0.40	1.55
understood	0.41	2.54
latest	0.41	1.74
6gb	0.41	1.37
paths	0.41	1.66
duo	0.41	1.39
sounded	0.41	2.06
clarify	0.41	2.55
rpm	0.41	1.31
launcher	0.41	1.62
retailer	0.41	1.72
trim	0.41	1.32
brief	0.41	1.90
encountered	0.41	2.05
controlling	0.41	1.69
oddly	0.41	1.85
rails	0.41	1.40
heating	0.41	1.44
entering	0.41	1.62
according	0.41	1.98
clips	0.41	1.69
vpn	0.41	1.45
paste	0.41	1.42
resulting	0.41	1.77
realistically	0.42	1.92
game	0.42	1.81
i7	0.42	1.38
dual	0.42	1.59
level	0.42	1.49
560	0.42	1.42
gt	0.42	1.57
sli	0.42	1.44
city	0.42	1.51
280x	0.42	1.57
custom	0.42	1.38
decide	0.42	2.00
performance	0.42	1.47
loader	0.42	1.37
friends	0.42	2.20
easier	0.42	1.72
750	0.42	1.34
flags	0.42	1.31
rebooting	0.42	1.68
already	0.42	2.37
flip	0.42	1.53
interest	0.42	1.66
kinds	0.42	1.76
build	0.42	1.64
multiple	0.42	1.68
moment	0.43	2.49
hearing	0.43	1.71
starts	0.43	1.85
updating	0.43	1.74
skyrim	0.43	1.83
condition	0.43	1.43
fashion	0.43	1.72
stand	0.43	1.63
warranty	0.43	1.79
louder	0.43	1.28
mounted	0.43	1.62
ball	0.43	1.49
firmware	0.43	1.39
vice	0.43	1.68
demand	0.43	1.58
degree	0.43	1.49
networking	0.43	1.54
bought	0.43	1.67
knew	0.43	2.36
within	0.43	1.83
replied	0.43	2.71
wikipedia	0.43	1.59
accordingly	0.43	1.92
hibernate	0.43	1.56
timed	0.43	1.46
havent	0.44	2.09
million	0.44	1.72
node	0.44	1.55
copyright	0.44	1.67
roommate	0.44	2.19
dorm	0.44	1.56
yumi	0.44	1.39
newest	0.44	1.70
builds	0.44	1.63
bump	0.44	1.61
feels	0.44	1.77
turning	0.44	1.56
single	0.44	1.64
dot	0.44	1.54
theme	0.44	1.46
specs	0.44	1.93
times	0.44	1.91
waking	0.44	1.69
trace	0.44	1.74
crossover	0.44	1.38
which	0.44	2.62
scared	0.44	2.28
equal	0.44	1.32
iirc	0.44	1.78
voltages	0.44	1.38
section	0.44	1.69
resetting	0.44	1.58
through	0.44	1.64
rep	0.44	2.04
person	0.44	2.30
some	0.45	1.88
friend	0.45	2.25
various	0.45	1.71
properties	0.45	1.59
assigning	0.45	1.51
several	0.45	1.74
album	0.45	1.78
turbo	0.45	1.36
sync	0.45	1.62
special	0.45	1.56
motion	0.45	1.43
held	0.45	1.74
look	0.45	2.41
reapply	0.45	1.42
770	0.45	1.42
idk	0.45	2.30
part	0.45	2.03
wise	0.45	2.10
servers	0.46	1.47
shipped	0.46	1.57
boxes	0.46	1.52
static	0.46	1.68
paperclip	0.46	1.64
diy	0.46	1.59
sets	0.46	1.44
taken	0.46	1.99
center	0.46	1.46
other	0.46	1.76
actions	0.46	1.72
managing	0.46	1.38
column	0.46	1.44
ago	0.46	2.06
placing	0.46	1.59
aero	0.47	1.34
fixmbr	0.47	1.57
former	0.47	1.53
bridge	0.47	1.24
above	0.47	2.03
spins	0.47	1.59
significantly	0.47	1.54
firm	0.47	1.65
configured	0.47	2.10
general	0.47	1.53
update	0.47	1.75
song	0.47	1.52
send	0.47	1.86
maintain	0.47	1.44
dried	0.47	1.63
bearing	0.47	1.71
watts	0.47	1.34
cert	0.47	1.47
acceptable	0.47	1.26
atx	0.47	1.52
slide	0.47	1.63
rolling	0.47	1.71
similar	0.47	2.01
storage	0.48	1.11
troubleshoot	0.48	2.12
centre	0.48	1.59
y	0.48	1.77
reveal	0.48	1.88
myself	0.48	2.26
applied	0.48	1.43
dry	0.48	1.65
thru	0.48	1.57
guides	0.48	1.87
pricing	0.48	1.66
changed	0.48	2.34
sides	0.48	1.58
unetbootin	0.48	1.36
college	0.48	1.50
rebooted	0.48	1.85
gen	0.48	1.27
noticeable	0.48	1.68
required	0.48	1.59
cry	0.48	1.79
nuke	0.48	1.69
complex	0.49	1.24
bam	0.49	1.63
override	0.49	1.56
posted	0.49	2.34
core	0.49	1.43
thoroughly	0.49	1.49
follow	0.49	1.85
made	0.49	2.38
wiggle	0.49	1.64
voice	0.49	1.56
googling	0.49	1.83
away	0.49	1.72
usually	0.49	2.08
people	0.49	2.20
certs	0.49	1.47
dozen	0.49	1.73
conversation	0.49	1.77
repeater	0.49	1.18
sells	0.49	1.56
reformatted	0.50	1.78
updates	0.50	1.76
translate	0.50	1.68
pieces	0.50	1.78
lt	0.50	1.71
linked	0.50	2.15
many	0.50	1.74
responded	0.50	2.49
owns	0.50	1.93
slots	0.50	1.51
explains	0.50	2.07
tcp/ip	0.50	1.47
z	0.50	1.73
right	0.50	1.62
revision	0.50	1.61
aftermarket	0.50	1.34
megabytes	0.50	1.36
drop	0.50	1.37
regards	0.50	2.15
optimal	0.50	1.53
filters	0.51	1.69
spin	0.51	1.43
beeping	0.51	1.62
long	0.51	2.02
coincidence	0.51	2.46
enabling	0.51	1.46
reference	0.51	1.79
wattage	0.51	1.39
otherwise	0.51	2.63
heatsink	0.51	1.32
put	0.51	1.66
knowledgeable	0.51	2.08
instruction	0.51	1.75
goretsky	0.51	2.21
secured	0.51	2.00
served	0.51	1.32
b	0.51	1.87
review	0.51	1.83
separate	0.51	1.58
teach	0.51	1.87
seen	0.52	1.97
numerous	0.52	1.80
instructions	0.52	1.80
read	0.52	2.10
ink	0.52	1.52
returned	0.52	1.79
12v	0.52	1.39
aryeh	0.52	2.19
needed	0.52	2.34
rail	0.52	1.39
overall	0.52	1.34
restarted	0.52	1.88
competent	0.52	1.81
slider	0.52	1.43
forgotten	0.52	2.30
aspect	0.52	1.42
sister	0.52	2.19
education	0.52	1.48
clip	0.52	1.65
occasional	0.52	1.57
guide	0.52	1.81
programming	0.52	1.45
snap	0.52	1.66
sleep	0.52	1.61
client	0.53	1.38
earlier	0.53	2.07
recommending	0.53	2.17
doesnt	0.53	2.36
secondary	0.53	1.39
holds	0.53	1.75
aps	0.53	1.31
suggested	0.53	2.48
yield	0.53	1.68
shots	0.53	1.84
contrast	0.53	1.46
still	0.53	2.63
1gb	0.53	1.39
manual	0.53	1.78
heat	0.53	1.34
release	0.53	1.58
waited	0.53	1.85
consumption	0.53	1.43
roll	0.53	1.69
student	0.53	1.55
replacements	0.53	1.66
appears	0.53	2.18
ap	0.53	1.16
additional	0.54	1.66
noticed	0.54	2.07
tomato	0.54	1.05
laser	0.54	1.49
livecd	0.54	1.37
pros	0.54	1.50
row	0.54	1.52
itself	0.54	2.02
usual	0.54	1.53
addressing	0.54	1.45
zoom	0.54	1.20
ways	0.54	1.96
screenshots	0.54	1.92
store	0.54	1.58
apparently	0.54	2.40
proceed	0.54	1.79
noises	0.54	1.59
ever	0.54	2.28
finger	0.54	1.61
given	0.54	2.03
surely	0.55	2.02
movement	0.55	1.47
possibilities	0.55	1.90
packet	0.55	1.58
invest	0.55	1.63
wake	0.55	1.65
proper	0.55	2.02
public	0.55	1.48
hour	0.55	1.89
w	0.55	1.72
action	0.55	2.39
channel	0.55	1.45
rice	0.55	1.50
releases	0.55	1.65
town	0.55	1.57
express	0.55	1.32
ftp	0.55	1.39
2gb	0.55	1.39
whine	0.55	1.36
restarting	0.55	1.70
theory	0.56	1.81
touched	0.56	2.09
antennas	0.56	1.30
pipe	0.56	1.52
walking	0.56	1.89
confusion	0.56	2.26
abuse	0.56	1.70
vague	0.56	1.82
field	0.56	1.57
sink	0.56	1.37
evo	0.56	1.26
generally	0.56	1.65
290	0.56	1.41
stands	0.56	1.65
googled	0.56	2.14
strange	0.56	1.94
host	0.56	1.54
year	0.56	1.92
repeat	0.56	1.81
locking	0.56	1.76
eventually	0.57	2.02
fields	0.57	1.57
encounter	0.57	1.95
2nd	0.57	1.34
4th	0.57	1.40
pc	0.57	1.73
chances	0.57	1.71
diagram	0.57	1.77
warned	0.57	1.78
helpdesk	0.57	1.67
less	0.57	1.65
clicking	0.57	1.48
come	0.57	2.09
crucial	0.57	1.20
trackpad	0.57	1.60
however	0.57	2.59
each	0.58	1.60
forth	0.58	1.69
ordinary	0.58	2.00
dimm	0.58	1.46
technology	0.58	1.33
slave	0.58	1.47
poster	0.58	2.31
flow	0.58	1.48
took	0.58	1.92
issue	0.58	2.34
apply	0.58	1.40
split	0.58	1.58
4gb	0.58	1.39
uefi	0.58	1.45
versus	0.58	1.65
classes	0.58	1.56
mention	0.58	2.66
link	0.58	1.93
ideally	0.59	1.38
randomly	0.59	1.90
promise	0.59	2.19
certainly	0.59	2.35
razer	0.59	1.20
mistakes	0.59	1.83
typo	0.59	2.57
trade	0.59	1.48
evga	0.59	1.42
directions	0.59	1.67
question	0.59	2.57
submission	0.59	2.14
compare	0.59	1.58
d	0.59	2.40
heads	0.59	1.54
procedure	0.59	1.71
picture	0.60	1.89
checked	0.60	2.18
played	0.60	1.93
g	0.60	1.70
slight	0.60	1.59
undo	0.60	1.75
n	0.60	1.57
dir	0.60	1.78
every	0.60	1.91
coil	0.60	1.39
secure	0.60	1.31
administration	0.60	1.25
requested	0.60	1.83
attached	0.60	1.81
imho	0.60	2.17
whenever	0.60	1.77
both	0.60	1.72
immediate	0.60	1.76
cs	0.60	1.89
ram	0.60	1.43
reseated	0.60	1.74
opportunity	0.60	1.87
talked	0.60	2.27
transmission	0.60	1.38
flush	0.60	1.45
ensure	0.60	2.12
securely	0.60	2.03
ips	0.60	1.54
trusted	0.61	1.73
excuse	0.61	1.82
8gb	0.61	1.33
point	0.61	2.07
avail	0.61	1.72
uni	0.61	1.60
past	0.61	2.04
april	0.61	1.59
16gb	0.61	1.33
meant	0.61	2.64
firmly	0.61	2.03
has	0.61	2.40
pushing	0.61	1.59
sysadmin	0.62	1.87
gon	0.62	2.55
off	0.62	1.66
stopped	0.62	1.94
considered	0.62	1.83
happens	0.62	2.07
closest	0.62	1.92
beyond	0.62	1.72
books	0.62	1.46
technical	0.62	1.57
realize	0.62	2.44
rolled	0.62	1.68
speedtest	0.62	1.13
remains	0.62	1.82
hours	0.62	1.87
advertised	0.62	1.39
saw	0.62	2.43
width	0.62	1.42
days	0.62	1.89
recently	0.62	2.02
steps	0.62	1.84
probably	0.62	2.65
moved	0.62	1.82
couldnt	0.62	2.26
spinning	0.62	1.50
pressure	0.62	1.38
should	0.62	2.52
reasonably	0.62	1.46
applying	0.63	1.38
mix	0.63	1.45
ruled	0.63	2.02
grub	0.63	1.30
i3	0.63	1.30
shape	0.63	1.63
qualified	0.63	1.61
continued	0.63	1.94
truly	0.63	1.89
difficult	0.63	1.35
boots	0.63	1.70
tron	0.63	1.95
defaults	0.63	1.55
acquire	0.63	1.66
arctic	0.63	1.43
received	0.63	1.76
others	0.64	2.24
wait	0.64	1.78
delay	0.64	1.72
actually	0.64	2.57
crashed	0.64	1.86
choosing	0.64	1.64
dhcp	0.64	1.44
seller	0.64	1.67
filled	0.64	1.63
versa	0.64	1.53
stock	0.64	1.30
regardless	0.65	1.86
swear	0.65	1.98
buck	0.65	2.22
realise	0.65	2.51
transfers	0.65	1.20
listen	0.65	1.46
employee	0.65	1.51
advanced	0.65	1.59
struggle	0.65	1.36
hyper	0.65	1.53
relatively	0.65	1.43
reproduce	0.65	2.04
yet	0.65	2.34
typed	0.65	1.79
priority	0.65	1.34
add	0.65	1.69
slowly	0.65	1.42
gave	0.65	2.32
below	0.65	1.87
overscan	0.66	1.47
months	0.66	1.92
opendns	0.66	1.46
choices	0.66	1.33
airflow	0.66	1.42
differences	0.66	1.39
identified	0.66	1.91
ddr3	0.66	1.38
basics	0.66	1.62
work	0.66	2.51
before	0.67	2.01
pointed	0.67	2.09
100mbps	0.67	1.24
released	0.67	1.64
realized	0.67	2.56
continues	0.67	1.94
na	0.67	2.41
mb/s	0.67	1.27
true	0.67	2.12
slim	0.68	1.20
modes	0.68	1.42
kingston	0.68	1.21
suppose	0.68	2.23
had	0.68	2.21
jumping	0.68	2.34
legacy	0.68	1.44
investigate	0.68	2.08
stronger	0.68	0.93
troubleshooting	0.68	1.86
study	0.68	1.57
watt	0.68	1.34
ide	0.68	1.43
never	0.68	2.10
froze	0.68	1.85
resets	0.68	1.58
refer	0.68	1.98
voltage	0.68	1.34
neither	0.68	2.18
sorts	0.68	1.45
bear	0.68	1.75
ive	0.68	2.03
handy	0.68	1.32
energy	0.69	1.60
ip	0.69	1.44
water	0.69	1.49
narrowed	0.69	2.14
assign	0.69	1.53
safer	0.69	1.65
date	0.69	2.89
afterwards	0.69	1.66
time	0.69	1.83
balance	0.69	1.25
started	0.69	2.00
ipv4	0.70	1.46
need	0.70	2.49
waiting	0.70	1.92
elaborate	0.70	2.27
take	0.70	1.94
training	0.70	1.41
obtain	0.70	1.48
mbps	0.70	1.26
let	0.70	2.33
f	0.70	1.73
supplies	0.70	1.42
biggest	0.70	1.43
workaround	0.70	1.96
woke	0.70	1.85
pair	0.71	1.45
screwdriver	0.71	1.68
ve	0.71	2.10
subnet	0.71	1.44
tried	0.71	1.84
frequency	0.71	1.36
post	0.71	2.11
adress	0.71	1.49
select	0.71	1.61
pcpartpicker	0.71	1.69
skill	0.71	1.50
ahci	0.71	1.47
rollback	0.71	1.63
example	0.72	1.69
minecraft	0.72	1.89
disabled	0.72	1.54
used	0.72	2.24
colors	0.72	1.17
screenshot	0.72	1.91
curve	0.72	1.36
xfx	0.72	1.44
cheaper	0.72	1.50
estimate	0.72	1.84
make	0.72	2.35
narrow	0.72	2.22
added	0.72	1.97
letter	0.73	1.58
psu	0.73	1.50
master	0.73	1.33
different	0.73	1.70
lease	0.73	1.44
budget	0.73	1.39
more	0.73	1.72
customize	0.73	1.48
brilliant	0.73	1.76
gateway	0.73	1.39
address	0.73	1.45
only	0.73	2.42
playable	0.73	1.28
firstly	0.73	1.96
query	0.73	1.45
matches	0.73	1.63
renew	0.73	1.61
round	0.73	1.65
computer	0.73	1.83
par	0.73	1.24
mice	0.74	1.15
priced	0.74	1.34
tons	0.74	1.80
restart	0.74	1.61
out	0.74	1.71
expensive	0.74	1.31
adequate	0.74	1.03
supply	0.74	1.51
buzzing	0.74	1.44
outcome	0.74	1.79
500w	0.75	1.39
fully	0.75	1.78
ends	0.75	1.55
edited	0.75	2.48
ages	0.75	2.01
speeds	0.75	1.22
configure	0.75	1.54
learn	0.75	1.75
t	0.75	1.67
lots	0.75	1.75
team	0.75	1.45
whereas	0.75	1.29
192.168.1.1	0.75	1.38
nslookup	0.76	1.58
article	0.76	1.92
ps	0.76	1.80
weeks	0.76	1.90
preference	0.76	1.29
except	0.76	1.90
peace	0.76	1.74
gui	0.76	1.10
details	0.76	1.77
blowing	0.76	1.37
stable	0.76	1.31
adjust	0.76	1.71
league	0.76	1.98
preferences	0.77	1.55
em	0.77	1.38
sound	0.77	1.37
tutorial	0.77	1.73
setup	0.77	1.49
bet	0.77	2.51
dota	0.77	2.01
h	0.77	1.79
reviews	0.77	1.49
com	0.77	1.73
small	0.77	1.22
use	0.78	1.37
sidebar	0.78	1.97
body	0.78	1.38
actual	0.78	1.73
surprisingly	0.78	1.38
ipv6	0.78	1.55
although	0.78	2.31
pic	0.78	2.00
expected	0.78	1.52
since	0.78	2.26
real	0.78	2.09
x	0.78	1.50
global	0.78	1.15
grab	0.78	1.34
bunch	0.78	1.78
articles	0.78	1.81
reddit	0.78	2.03
preferred	0.78	1.39
interface	0.78	1.15
ocz	0.79	1.21
warm	0.79	1.52
everytime	0.79	1.67
reputable	0.79	1.36
after	0.79	1.82
detail	0.79	1.93
pairs	0.79	1.61
selection	0.79	1.49
ending	0.79	1.67
config	0.79	1.56
appeared	0.79	1.94
speed	0.79	1.14
eye	0.79	1.52
thingy	0.79	1.60
adjusting	0.79	1.72
reconfigure	0.80	1.69
book	0.80	1.49
implement	0.80	1.33
configuring	0.80	1.41
remembered	0.80	2.21
twitter	0.80	1.63
sticks	0.80	1.54
adjusted	0.80	1.54
math	0.80	1.69
identical	0.80	1.82
legends	0.80	1.98
mods	0.80	1.82
zone	0.80	2.64
changing	0.80	1.90
looked	0.80	2.14
addresses	0.80	1.48
aswell	0.81	1.86
mhz	0.81	1.39
suddenly	0.81	1.91
proxies	0.81	1.74
fortunately	0.81	1.63
disassembly	0.81	1.57
fix	0.81	2.35
knock	0.81	1.55
skills	0.81	1.47
basic	0.81	1.28
destination	0.81	1.56
shop	0.81	1.69
inserted	0.82	1.77
normally	0.82	2.10
airport	0.82	1.00
isolated	0.82	1.59
l	0.82	1.78
offered	0.82	1.63
cooler	0.82	1.30
changes	0.82	1.70
dns	0.82	1.44
provided	0.82	1.69
juice	0.82	1.26
gather	0.82	1.67
modules	0.83	1.52
job	0.83	1.53
threw	0.83	1.44
8.8.4.4	0.83	1.43
fits	0.83	1.21
everyone	0.83	2.28
twice	0.83	1.76
sufficient	0.83	1.10
thing	0.83	2.33
thought	0.84	2.53
selected	0.84	1.55
decided	0.84	2.01
knowledge	0.84	1.34
e	0.84	1.78
ddr2	0.84	1.50
cold	0.84	1.34
appearance	0.84	1.51
last	0.84	1.91
forgot	0.84	2.51
course	0.84	2.16
downvote	0.84	2.31
discount	0.85	1.58
consistent	0.85	1.17
valuable	0.85	1.42
immediately	0.85	1.77
permanent	0.85	1.76
coverage	0.85	1.11
clock	0.85	1.41
sized	0.85	1.15
dynamic	0.85	1.56
shops	0.86	1.55
menus	0.86	1.33
sat	0.86	1.63
suit	0.86	2.14
1600	0.86	1.45
mode	0.86	1.47
early	0.86	1.57
further	0.86	1.94
class	0.87	1.31
loud	0.87	1.29
mask	0.87	1.39
title	0.87	2.25
replaceable	0.87	1.29
packets	0.87	1.56
investment	0.87	2.09
deals	0.88	1.42
alternatively	0.88	1.82
surprising	0.88	1.35
hop	0.88	1.53
provide	0.89	1.74
respect	0.89	1.36
feature	0.89	1.28
instantly	0.89	1.70
its	0.89	2.22
1600mhz	0.89	1.45
opinions	0.89	1.83
communication	0.89	1.29
bringing	0.90	1.30
wiki	0.90	1.86
barely	0.90	1.44
bench	0.90	1.62
blog	0.90	1.97
edit	0.90	2.47
no	0.90	2.21
sale	0.90	1.44
then	0.90	1.89
alternate	0.90	1.41
odd	0.90	1.74
1333	0.90	1.43
done	0.91	2.21
255.255.255.0	0.91	1.39
week	0.91	1.84
enabled	0.91	1.54
sooner	0.91	1.70
choose	0.91	1.57
suspected	0.91	2.17
submit	0.91	1.82
dated	0.91	1.20
self	0.91	1.70
place	0.92	2.25
whichever	0.92	1.34
hops	0.92	1.53
bios	0.92	1.50
convenient	0.92	1.36
sleeping	0.92	1.26
resolve	0.92	2.12
possible	0.92	2.41
human	0.92	1.33
imo	0.92	2.07
easily	0.93	1.53
forum	0.93	2.07
beneficial	0.93	1.26
puts	0.93	1.07
corsair	0.93	1.31
suffice	0.93	1.32
isopropyl	0.93	1.57
ddr	0.93	1.59
welp	0.93	2.21
requests	0.93	1.61
runs	0.93	1.64
alcohol	0.94	1.56
affordable	0.94	1.39
answered	0.94	2.43
baby	0.94	1.80
certification	0.94	1.45
been	0.94	2.07
exists	0.94	1.50
nature	0.94	1.54
dimms	0.94	1.63
quicker	0.95	1.49
nah	0.96	2.17
preferably	0.96	1.44
pen	0.96	1.61
uh	0.96	2.28
techs	0.96	1.93
community	0.96	1.91
god	0.96	2.11
apple	0.96	1.10
default	0.96	1.62
triple	0.96	1.40
discovered	0.97	1.87
gone	0.97	2.14
easiest	0.97	2.20
traceroute	0.97	1.55
manually	0.97	2.59
request	0.97	1.59
whatever	0.97	2.65
session	0.97	1.22
needing	0.97	1.45
holy	0.97	2.20
accepted	0.97	1.66
chance	0.97	2.05
hungry	0.98	1.20
subreddit	0.98	2.03
forums	0.98	1.99
idea	0.98	2.35
please	0.98	1.89
efficiency	0.98	1.33
gently	0.98	1.58
way	0.98	2.37
patient	0.99	1.65
indeed	0.99	2.08
lot	0.99	1.73
ignorance	0.99	1.40
24/7	0.99	1.49
cooling	0.99	1.32
heres	1.00	1.97
noise	1.00	1.35
brought	1.00	1.81
push	1.00	1.37
enable	1.00	1.48
yesterday	1.00	1.87
80	1.00	1.48
clocked	1.00	1.30
definitely	1.00	2.36
silver	1.00	1.40
awhile	1.00	1.89
cheapest	1.01	2.22
lives	1.01	1.94
apologize	1.01	2.17
combine	1.01	2.21
disappeared	1.02	1.84
tracert	1.02	1.51
computing	1.02	1.11
when	1.02	1.82
happened	1.02	1.99
rig	1.02	1.34
distro	1.03	1.15
inexpensive	1.03	1.33
trip	1.03	1.57
ubuntu	1.03	1.18
oops	1.03	2.40
persisted	1.03	1.85
ring	1.03	1.87
capabilities	1.03	1.24
fan	1.04	1.31
ssh	1.04	1.17
posts	1.04	2.04
aspire	1.04	1.73
ready	1.04	1.79
lol	1.04	2.59
cloth	1.04	1.68
comments	1.04	2.13
linux	1.04	1.16
unfortunately	1.04	2.32
double	1.04	2.63
careful	1.04	1.98
always	1.04	2.30
functioning	1.05	1.75
future	1.05	1.85
shortly	1.05	1.81
remote	1.05	1.16
tech	1.05	1.85
simplest	1.05	2.17
selecting	1.05	1.54
importantly	1.06	1.33
night	1.06	1.77
continuing	1.06	1.97
working	1.06	2.21
folks	1.06	2.00
discussion	1.06	1.97
loop	1.06	1.52
back	1.06	1.76
rdp	1.06	1.14
automatic	1.07	1.67
correctly	1.07	2.35
land	1.07	1.59
turned	1.08	1.30
settings	1.08	1.60
fans	1.08	1.33
first	1.08	2.23
earth	1.08	1.44
once	1.08	1.83
hamachi	1.09	1.14
entered	1.09	2.49
match	1.09	2.46
makes	1.09	1.82
mass	1.10	1.33
configuration	1.10	1.61
guess	1.10	2.37
212	1.10	1.30
tree	1.10	1.46
relevant	1.10	1.69
opinion	1.11	2.05
booted	1.11	1.60
verified	1.11	2.38
threads	1.11	1.89
retain	1.11	1.25
ideal	1.11	1.44
setting	1.11	1.69
ease	1.11	0.87
problem	1.11	2.07
suitable	1.11	1.77
hello	1.12	2.11
day	1.12	1.78
timeout	1.12	1.60
hint	1.12	1.42
sometime	1.12	1.82
went	1.12	1.78
until	1.12	1.82
results	1.12	1.70
letting	1.12	1.76
guaranteed	1.12	2.04
next	1.13	1.67
rated	1.13	1.41
persists	1.13	1.92
hot	1.13	1.26
supposedly	1.13	1.28
thread	1.13	2.08
tag	1.14	1.68
psus	1.14	1.43
r/sysadmin	1.14	1.97
antec	1.14	1.16
mint	1.14	1.10
chromebook	1.14	1.19
pinging	1.14	1.57
methods	1.15	1.69
join	1.15	1.69
radiator	1.15	1.30
r/techsupport	1.15	2.05
seems	1.15	1.94
reasonable	1.15	1.59
options	1.15	1.37
project	1.16	1.27
127.0.0.1	1.16	1.50
topic	1.16	1.92
saver	1.16	1.56
solve	1.16	2.11
safest	1.17	2.13
thats	1.17	2.30
jobs	1.17	1.53
comment	1.17	2.21
luckily	1.17	1.51
simple	1.18	1.29
appropriate	1.18	2.28
consideration	1.18	1.70
apologies	1.18	2.25
ping	1.18	1.54
viable	1.18	1.81
technician	1.18	1.71
route	1.18	2.13
practice	1.18	1.91
ahead	1.18	1.81
option	1.19	2.13
vnc	1.19	1.11
pings	1.19	1.57
feasible	1.19	1.90
8.8.8.8	1.19	1.46
superior	1.19	1.34
cooled	1.19	1.37
auto	1.19	2.49
corresponding	1.20	2.32
till	1.20	1.73
u	1.20	2.03
curiosity	1.20	2.15
motorola	1.20	0.82
sorry	1.21	2.35
today	1.21	1.84
crashplan	1.21	0.76
efficient	1.21	1.23
didnt	1.21	2.26
timing	1.21	1.49
matching	1.21	2.53
seasonic	1.22	1.38
extreme	1.22	0.80
dunno	1.22	2.41
normal	1.22	1.46
r/suggestalaptop	1.23	1.84
k	1.23	1.67
surfboard	1.23	0.80
192.168.0.1	1.23	1.46
same	1.23	2.34
statistics	1.23	1.61
afternoon	1.23	1.79
comp	1.23	1.63
solutions	1.24	1.64
switched	1.24	1.56
managed	1.24	2.10
timings	1.24	2.49
far	1.25	1.86
providing	1.25	0.86
coffee	1.25	1.29
wonders	1.25	1.66
60fps	1.25	0.97
sub	1.26	2.04
simpler	1.26	1.91
nvm	1.27	1.69
desired	1.27	2.31
posting	1.27	1.86
here	1.27	1.68
asap	1.27	1.92
method	1.27	2.05
quickly	1.27	1.23
solution	1.29	2.10
effort	1.29	1.68
change	1.29	2.42
reliable	1.30	1.17
yes	1.30	2.24
set	1.30	2.46
q	1.31	1.75
input	1.31	1.59
smooth	1.31	1.29
r/buildapc	1.31	2.03
automatically	1.31	2.37
miss	1.31	1.80
spelling	1.32	2.31
smoothly	1.32	1.38
learning	1.32	1.37
mine	1.32	1.72
chat	1.33	1.97
nicely	1.33	1.41
modular	1.33	1.39
debian	1.33	0.96
whatsoever	1.33	1.70
thorough	1.33	1.62
forget	1.33	1.96
yea	1.33	2.33
necessary	1.34	1.97
600w	1.34	1.39
chime	1.35	2.11
vote	1.35	1.38
certified	1.35	1.42
soon	1.36	1.82
building	1.36	1.25
weight	1.36	0.98
everybody	1.36	1.53
lighter	1.36	0.88
anyhow	1.36	1.79
looks	1.37	2.03
agent	1.37	1.36
comparable	1.37	1.71
boom	1.37	1.55
offer	1.38	1.74
assist	1.38	1.95
750w	1.39	1.38
answer	1.39	2.14
fastest	1.39	1.88
til	1.40	1.77
rubbing	1.41	1.64
information	1.41	1.68
later	1.41	1.81
meh	1.41	1.38
solving	1.42	1.82
650w	1.42	1.35
morning	1.42	1.77
powerful	1.43	1.08
questions	1.44	2.06
straightforward	1.44	1.29
popular	1.44	0.98
offering	1.45	1.64
better	1.47	1.26
pump	1.47	1.15
sadly	1.48	2.10
tonight	1.48	1.84
effective	1.48	1.41
now	1.49	2.16
summer	1.50	1.34
techsupport	1.50	2.01
finally	1.50	1.78
rough	1.51	1.15
report	1.51	1.82
thankfully	1.51	1.34
squad	1.51	1.78
confirmed	1.52	1.64
tomorrow	1.52	1.86
everything	1.52	1.64
brain	1.53	1.42
robust	1.53	1.15
nevermind	1.54	2.17
wow	1.54	2.27
got	1.55	1.92
p.s	1.55	1.79
late	1.56	1.69
coolers	1.56	1.14
ha	1.57	2.34
dang	1.57	1.96
fancy	1.58	1.25
fly	1.58	1.22
existed	1.58	1.63
distribution	1.59	1.15
learned	1.59	1.64
irc	1.59	1.97
resolves	1.59	1.63
fixes	1.60	1.74
eh	1.61	1.69
friday	1.62	1.55
lubuntu	1.62	1.10
choice	1.62	1.48
answers	1.64	1.99
geek	1.64	1.57
edit2	1.64	1.97
ur	1.65	2.03
though	1.66	2.03
alternative	1.66	1.22
monday	1.66	1.55
ll	1.67	2.01
genius	1.67	1.21
hah	1.68	2.13
accurate	1.68	1.46
info	1.69	1.65
seemed	1.70	1.67
respond	1.71	1.74
big	1.71	1.28
hmmm	1.72	1.99
eyes	1.72	1.25
afaik	1.73	1.31
gotcha	1.73	2.16
huh	1.73	1.93
alternatives	1.73	0.96
meantime	1.74	1.53
dice	1.74	1.79
fine	1.75	1.80
easy	1.75	1.10
answering	1.75	2.09
evening	1.77	1.67
solid	1.79	0.71
greatly	1.79	1.58
insurance	1.81	1.43
dude	1.82	2.30
xd	1.82	2.22
weekend	1.83	1.51
give	1.83	1.90
yeah	1.84	2.03
haha	1.85	2.22
detailed	1.85	1.30
beast	1.86	1.10
mark	1.87	1.64
again	1.87	1.76
shot	1.88	1.89
teamviewer	1.89	0.76
counter	1.89	1.23
clarification	1.92	2.01
ahh	1.92	2.13
tight	1.93	1.27
explanation	1.93	1.80
prefer	1.95	1.22
oh	1.95	2.14
figured	1.95	2.00
trick	1.96	1.79
tho	1.96	1.96
responding	1.96	1.81
recommendation	1.96	1.48
features	1.96	1.21
noisy	1.97	1.05
p	1.97	1.89
ya	1.98	2.12
works	1.99	1.78
clears	2.00	1.61
ubiquiti	2.00	1.11
responses	2.00	1.78
darn	2.00	1.86
prob	2.01	1.81
flair	2.01	1.45
hear	2.01	1.29
sense	2.02	1.67
excellent	2.05	1.09
nope	2.06	1.94
fingers	2.07	1.74
much	2.08	1.68
hm	2.08	1.81
bummer	2.08	1.83
greatest	2.09	1.24
neat	2.09	0.80
tough	2.10	1.37
quick	2.12	1.46
hmm	2.12	1.85
hopefully	2.12	1.74
decent	2.13	0.67
alot	2.14	1.85
heh	2.14	1.73
resolved	2.17	1.63
bang	2.17	1.30
thoughts	2.18	1.76
interesting	2.19	1.72
golden	2.19	1.82
recommendations	2.21	1.04
lucky	2.21	1.37
response	2.21	1.74
stranger	2.22	1.71
promising	2.22	1.48
silent	2.22	0.91
well	2.23	1.67
bro	2.23	1.87
ah	2.24	1.94
replying	2.24	1.85
quiet	2.25	0.81
insight	2.25	1.85
ideas	2.27	1.88
friendly	2.28	0.87
advance	2.29	1.58
anyways	2.29	1.89
helps	2.30	1.82
upvote	2.31	1.86
anyway	2.32	1.80
buddy	2.32	1.85
ill	2.32	1.81
patience	2.33	1.63
reply	2.33	1.77
fixed	2.34	1.70
useful	2.35	0.94
yep	2.36	1.81
solved	2.36	1.62
replies	2.36	1.64
flawlessly	2.36	0.95
anytime	2.36	1.32
wish	2.37	1.64
crossed	2.37	1.71
solves	2.37	1.37
ex	2.38	0.89
ta	2.39	1.50
fast	2.41	0.86
delivered	2.42	0.96
suggestions	2.42	1.68
man	2.43	1.81
lightweight	2.43	0.67
suggestion	2.44	1.75
tips	2.44	1.66
ok	2.45	1.75
okay	2.45	1.76
hi	2.45	1.75
shall	2.46	1.75
charm	2.46	1.64
feedback	2.47	1.60
wonderful	2.48	0.74
btw	2.50	1.76
guys	2.50	1.74
assistance	2.51	1.70
yup	2.51	1.54
thankyou	2.55	1.72
alright	2.55	1.70
busy	2.56	0.99
worries	2.56	1.72
bud	2.56	1.70
tip	2.57	1.67
advice	2.58	1.67
worked	2.58	1.57
mate	2.58	1.70
hey	2.60	1.69
yay	2.61	1.38
help	2.64	1.65
thanks	2.65	1.64
ty	2.66	1.62
appreciate	2.66	1.63
appreciated	2.66	1.63
sir	2.66	1.60
logmein	2.67	0.50
perfect	2.67	0.74
cheers	2.68	1.60
thank	2.69	1.59
favorite	2.72	0.77
helped	2.76	1.57
thx	2.77	1.57
helping	2.77	1.53
luck	2.78	1.53
fair	2.79	1.09
rock	2.80	0.40
hope	2.81	1.49
np	2.83	1.28
helpful	2.83	0.85
glad	2.84	1.45
gold	2.86	1.11
news	2.87	0.86
perfectly	2.90	0.71
christmas	2.95	1.07
sorted	2.96	1.21
sweet	3.02	0.98
good	3.06	0.50
cool	3.07	0.83
welcome	3.07	0.93
fun	3.11	0.61
great	3.11	0.32
enjoy	3.30	0.37
