hating	-4.88	1.31
blame	-4.28	1.73
gross	-4.07	1.10
associate	-4.01	1.95
smell	-3.98	1.33
annoys	-3.89	1.70
breath	-3.75	1.52
sweaty	-3.70	1.34
disease	-3.69	1.51
bullied	-3.69	1.76
messed	-3.67	1.45
geometry	-3.66	2.39
spread	-3.47	1.73
complaining	-3.44	1.70
fault	-3.42	1.58
fresh	-3.41	1.67
bully	-3.37	1.92
ebola	-3.36	1.79
pisses	-3.32	2.31
smells	-3.29	1.59
taught	-3.25	2.12
itt	-3.21	1.75
remembered	-3.21	1.94
mild	-3.19	1.83
taste	-3.15	1.52
aids	-3.13	1.91
bug	-3.13	2.02
tasted	-3.08	1.56
miserable	-3.08	2.17
wonders	-3.08	1.68
ugh	-3.07	1.69
complain	-3.02	2.07
everywhere	-3.00	1.57
annoy	-3.00	2.07
crappy	-3.00	1.95
disgusting	-2.96	1.50
bieber	-2.94	1.86
believed	-2.90	2.08
weak	-2.85	1.90
rejection	-2.81	2.26
fear	-2.77	2.29
ew	-2.75	1.75
constant	-2.74	1.62
nowadays	-2.73	1.60
tastes	-2.72	1.67
preach	-2.67	1.88
poop	-2.67	1.17
wondering	-2.65	2.56
impossible	-2.61	1.90
sweat	-2.58	1.15
overrated	-2.57	1.67
brutal	-2.55	1.93
fake	-2.54	1.80
screwed	-2.53	2.02
dirty	-2.51	1.20
runs	-2.49	2.66
owns	-2.49	2.74
shitty	-2.47	1.98
memory	-2.47	1.78
everyone	-2.43	2.97
cum	-2.41	1.32
downvoting	-2.41	1.22
remind	-2.39	2.15
case	-2.37	2.30
technically	-2.35	2.61
semen	-2.34	1.25
fans	-2.34	2.21
who	-2.34	2.88
matters	-2.33	2.39
salty	-2.33	1.36
knows	-2.29	3.04
fart	-2.28	1.07
aside	-2.26	1.72
cancer	-2.26	1.15
fucks	-2.25	2.11
wine	-2.25	1.24
fuckers	-2.23	2.33
judging	-2.22	0.95
cure	-2.21	1.28
lungs	-2.19	0.93
understands	-2.19	3.06
reminds	-2.19	1.80
diagnosed	-2.18	1.39
parade	-2.17	2.00
disagree	-2.17	2.64
third	-2.15	2.88
referring	-2.13	2.62
chew	-2.13	1.20
jelly	-2.13	2.37
failing	-2.11	1.44
beer	-2.11	1.23
calls	-2.09	2.95
puts	-2.09	2.91
guilty	-2.09	3.11
life	-2.07	2.51
shampoo	-2.06	1.15
knees	-2.06	1.30
tobacco	-2.05	0.81
illness	-2.04	1.24
cigarettes	-2.04	0.79
mood	-2.03	2.96
tipsy	-2.02	3.26
suicidal	-2.01	1.75
terrified	-1.99	3.18
wash	-1.97	1.14
broken	-1.97	0.98
hairy	-1.96	2.49
vodka	-1.96	1.21
spice	-1.95	1.13
improved	-1.95	1.86
hurts	-1.95	2.85
saying	-1.94	3.08
voting	-1.93	0.91
suspended	-1.93	1.22
none	-1.93	2.44
algebra	-1.93	1.40
breathe	-1.92	1.09
knee	-1.91	0.98
drinks	-1.91	1.22
bugs	-1.91	1.07
cry	-1.89	2.91
alone	-1.89	3.21
tested	-1.88	1.10
class	-1.86	1.35
depression	-1.86	1.60
suck	-1.85	2.39
anxiety	-1.85	1.59
spray	-1.85	1.18
honors	-1.84	1.43
sight	-1.84	0.93
ignored	-1.83	1.11
bitter	-1.83	2.90
afraid	-1.83	2.47
are	-1.83	2.27
constantly	-1.82	1.34
scares	-1.80	1.24
bottles	-1.80	1.22
feeling	-1.80	2.99
point	-1.79	2.86
smoke	-1.78	0.82
liking	-1.78	0.85
believes	-1.78	3.06
semester	-1.78	1.31
attacks	-1.78	1.02
teacher	-1.78	1.18
ruining	-1.77	0.97
worried	-1.77	3.44
bottle	-1.76	1.15
chem	-1.76	1.42
freaked	-1.76	1.60
scare	-1.75	1.63
circlejerk	-1.75	0.94
possibility	-1.75	1.45
thinks	-1.75	3.26
dae	-1.75	2.20
sees	-1.75	3.25
bio	-1.74	1.42
grounded	-1.74	1.70
math	-1.74	1.32
freak	-1.73	2.40
badly	-1.73	0.98
justify	-1.73	0.78
syndrome	-1.73	1.20
chemistry	-1.73	1.37
when	-1.72	1.84
enemy	-1.72	2.45
voices	-1.71	2.84
sore	-1.70	3.35
fan	-1.70	2.33
weirdest	-1.70	2.77
drunk	-1.70	1.88
suffer	-1.70	1.32
pregnancy	-1.70	1.09
everybody	-1.69	3.23
tells	-1.69	3.25
reminded	-1.69	2.48
supposed	-1.68	3.26
calculus	-1.68	1.47
bad	-1.68	2.27
stomach	-1.68	1.75
brag	-1.68	1.29
beating	-1.68	0.87
yelled	-1.68	1.75
bothers	-1.67	2.09
forgotten	-1.67	0.97
depressed	-1.67	3.66
drank	-1.67	1.13
soda	-1.67	1.23
piss	-1.66	1.05
risk	-1.66	1.31
pre	-1.66	1.45
cares	-1.65	3.24
says	-1.65	3.23
moderate	-1.65	1.35
embrace	-1.65	0.88
talks	-1.65	3.25
severe	-1.64	1.35
he	-1.64	2.66
nobody	-1.64	2.96
sometimes	-1.63	3.11
juice	-1.63	1.24
calc	-1.63	1.48
mrw	-1.63	1.15
sophomore	-1.62	1.15
disorder	-1.62	1.80
feel	-1.62	3.07
shots	-1.62	1.17
homeschooled	-1.61	1.07
bullying	-1.61	0.85
frustrated	-1.61	3.78
likes	-1.61	3.14
has	-1.61	2.38
drink	-1.61	1.15
hurting	-1.60	1.15
cared	-1.59	2.64
alcohol	-1.59	0.82
convinced	-1.59	1.30
fact	-1.59	3.15
smokes	-1.58	2.51
secretly	-1.58	3.18
suffering	-1.58	1.75
extreme	-1.58	1.00
wants	-1.58	2.95
awkwardness	-1.58	1.64
sixth	-1.57	1.30
advanced	-1.57	1.20
mouth	-1.57	1.24
he/she	-1.57	2.98
whoever	-1.56	2.71
elementary	-1.56	1.05
guilt	-1.56	1.72
offended	-1.56	2.54
stats	-1.55	1.44
annoyed	-1.55	3.70
caught	-1.55	1.51
bound	-1.55	0.92
forgot	-1.54	2.62
clean	-1.54	1.12
punched	-1.54	1.11
embarrassed	-1.54	3.65
finds	-1.54	3.25
deserves	-1.54	2.74
blood	-1.53	1.09
question	-1.53	2.87
she	-1.53	2.44
wet	-1.53	1.08
falling	-1.52	1.28
pe	-1.52	1.04
grade	-1.52	1.38
adhd	-1.51	1.57
detention	-1.51	0.94
freshman	-1.50	1.08
shocked	-1.50	3.61
replying	-1.50	1.04
failed	-1.50	1.13
8th	-1.50	1.35
surprised	-1.50	2.53
coke	-1.49	0.94
somebody	-1.49	2.53
marijuana	-1.49	0.83
pot	-1.49	0.80
anxious	-1.48	3.74
underage	-1.48	0.89
thinking	-1.48	1.49
whenever	-1.47	2.00
weed	-1.47	0.79
ii	-1.47	1.26
shitting	-1.47	0.76
lied	-1.46	1.30
angry	-1.46	3.69
took	-1.46	1.23
soap	-1.46	1.15
sleepy	-1.46	3.68
flavor	-1.46	1.19
ap	-1.46	1.23
pissed	-1.45	3.58
tired	-1.45	3.70
wipe	-1.45	1.14
9th	-1.44	1.32
told	-1.44	1.99
physics	-1.44	1.19
needless	-1.44	1.56
mixed	-1.44	1.23
anybody	-1.44	2.60
addiction	-1.44	0.98
causing	-1.44	1.11
cheated	-1.43	1.51
stressed	-1.43	3.78
rejected	-1.43	1.13
ashamed	-1.43	3.40
booze	-1.43	0.82
crushed	-1.43	1.99
someone	-1.42	2.48
legitimately	-1.42	1.73
guy	-1.42	2.32
upset	-1.42	3.74
paranoid	-1.42	3.55
doctors	-1.42	0.99
scared	-1.42	3.57
speaks	-1.40	2.38
addicted	-1.40	0.81
worrying	-1.40	1.58
spiders	-1.40	1.70
treatment	-1.40	1.05
regrets	-1.40	1.39
childhood	-1.40	1.10
dying	-1.39	1.06
bothered	-1.39	1.50
court	-1.39	1.08
drugs	-1.39	0.79
smoking	-1.39	0.80
pressure	-1.38	1.34
skipped	-1.38	1.66
charged	-1.38	1.18
own	-1.38	0.95
drug	-1.38	0.82
forever	-1.38	1.67
attached	-1.37	2.96
taking	-1.37	1.19
cracked	-1.37	0.79
filled	-1.37	0.89
uses	-1.37	3.12
pee	-1.37	0.99
uncomfortable	-1.37	3.48
else	-1.37	2.67
downvote	-1.36	1.12
harm	-1.36	1.16
suicide	-1.36	1.39
throat	-1.36	1.43
lsd	-1.36	0.78
sake	-1.36	1.91
stabbed	-1.36	1.27
illegal	-1.36	0.91
himself	-1.35	2.06
meth	-1.35	0.78
cocaine	-1.35	0.75
mad	-1.35	3.55
surrounded	-1.35	1.43
shrooms	-1.35	0.77
defend	-1.35	0.85
clarify	-1.35	2.99
tries	-1.34	2.91
liked	-1.34	2.77
heroin	-1.34	0.79
hospital	-1.34	1.05
mental	-1.34	1.29
victim	-1.33	0.97
drinking	-1.33	0.98
glass	-1.33	1.04
moment	-1.33	3.02
struggling	-1.33	1.54
whoops	-1.33	2.94
stereotype	-1.33	0.85
breathing	-1.32	1.26
classes	-1.32	1.03
condition	-1.32	1.28
distracted	-1.32	3.13
ib	-1.32	1.14
ironic	-1.32	2.23
bleeding	-1.32	1.69
24/7	-1.31	1.44
nightmare	-1.31	2.48
broke	-1.31	0.94
everytime	-1.31	2.23
arguing	-1.30	1.14
biology	-1.30	1.11
heads	-1.30	0.83
sucking	-1.30	1.12
dramatic	-1.29	2.90
confused	-1.29	3.63
cherry	-1.29	1.18
smoked	-1.29	0.83
herself	-1.29	1.83
nowhere	-1.28	1.36
addictive	-1.28	0.86
property	-1.27	0.92
crushing	-1.27	1.12
commenting	-1.27	0.94
self	-1.27	1.78
bleed	-1.27	1.38
pineapple	-1.26	1.16
picking	-1.26	0.80
nervous	-1.26	3.71
girl	-1.26	1.85
potentially	-1.26	1.27
attention	-1.26	1.23
home	-1.26	2.25
blow	-1.25	0.99
crap	-1.25	2.12
legal	-1.25	0.90
yelling	-1.25	1.43
pain	-1.25	1.70
vagina	-1.25	1.05
stretch	-1.24	1.61
geography	-1.24	1.02
rely	-1.24	0.86
memes	-1.24	0.79
us	-1.24	1.52
kill	-1.24	1.06
meant	-1.23	3.10
yell	-1.23	1.85
issues	-1.23	1.23
medication	-1.23	1.13
rarely	-1.22	1.42
tonight	-1.22	2.06
bunch	-1.22	1.11
at	-1.22	2.13
asked	-1.22	1.91
accidentally	-1.22	0.94
western	-1.21	1.14
emotions	-1.21	1.54
dies	-1.21	2.15
hardest	-1.21	3.14
crack	-1.21	0.84
trouble	-1.20	2.03
telling	-1.20	1.33
convince	-1.20	1.08
messing	-1.20	1.14
damage	-1.20	1.20
wanting	-1.20	1.33
turns	-1.20	2.55
flipped	-1.20	1.36
keeps	-1.20	1.24
wreck	-1.20	1.88
ignoring	-1.20	1.09
woke	-1.20	2.27
ready	-1.20	2.23
crush	-1.19	1.86
belief	-1.19	1.13
wake	-1.19	2.28
showed	-1.19	1.49
anger	-1.19	1.54
unable	-1.19	1.07
inspired	-1.19	2.66
thoughts	-1.19	1.56
debating	-1.19	1.50
water	-1.19	1.10
fix	-1.19	1.29
clear	-1.18	2.52
prevent	-1.18	0.94
kicked	-1.18	1.25
junior	-1.18	0.95
dry	-1.18	1.16
caffeine	-1.18	0.85
panic	-1.18	0.98
homeless	-1.18	1.19
pills	-1.18	0.86
clock	-1.17	1.32
esteem	-1.17	1.46
asleep	-1.17	2.18
sucked	-1.17	2.77
realized	-1.17	1.03
whom	-1.17	1.54
generation	-1.17	0.91
sleep	-1.17	2.30
morning	-1.16	2.23
waking	-1.16	2.30
history	-1.16	0.99
exists	-1.16	1.05
comes	-1.16	2.64
combination	-1.16	1.10
stressful	-1.16	3.16
friend	-1.16	1.75
midnight	-1.16	2.25
10th	-1.16	1.32
listens	-1.16	3.14
pepper	-1.16	1.10
hungry	-1.15	3.54
gum	-1.15	1.02
sci	-1.15	1.06
me	-1.15	2.04
gets	-1.15	2.43
downvotes	-1.15	1.37
nap	-1.15	2.12
boyfriend	-1.15	1.65
raped	-1.15	0.92
managed	-1.15	0.74
tons	-1.15	1.02
disappointed	-1.15	3.76
bump	-1.15	0.78
oil	-1.14	1.08
schedule	-1.14	1.57
ultimately	-1.14	1.17
consequences	-1.14	1.27
masturbate	-1.14	1.19
psychology	-1.14	0.99
said	-1.14	1.63
meds	-1.14	1.11
leaves	-1.13	2.28
slept	-1.13	2.17
refuse	-1.13	0.99
single	-1.13	3.30
boner	-1.13	1.69
suggested	-1.13	2.13
anyone	-1.13	2.31
6th	-1.13	1.61
causes	-1.13	1.16
with	-1.13	1.75
wrist	-1.13	1.00
horny	-1.13	2.96
agnostic	-1.12	1.26
attempted	-1.12	1.09
insecure	-1.12	3.57
dumped	-1.12	1.36
stop	-1.12	0.89
inb4	-1.12	0.87
upper	-1.12	1.54
rest	-1.12	2.25
empty	-1.12	1.18
air	-1.11	0.94
texted	-1.11	1.35
world	-1.11	3.35
boring	-1.11	2.94
holes	-1.11	1.15
scenario	-1.11	2.96
minor	-1.11	0.98
fruit	-1.11	1.13
failure	-1.10	1.41
downvoted	-1.10	1.36
ever	-1.10	3.24
oops	-1.10	3.27
apush	-1.10	1.46
immediately	-1.10	1.33
believing	-1.10	1.08
hardly	-1.10	1.59
ex	-1.10	1.50
part	-1.10	3.21
therapy	-1.10	1.12
lately	-1.10	1.80
mentally	-1.10	1.50
freshmen	-1.09	0.83
sadness	-1.09	1.59
cops	-1.09	0.91
hooked	-1.09	1.24
maths	-1.09	0.97
biggest	-1.09	3.29
living	-1.09	1.35
judge	-1.09	1.15
easiest	-1.09	3.18
responded	-1.09	1.08
allowed	-1.09	1.17
juniors	-1.09	0.85
pregnant	-1.08	0.96
teach	-1.08	0.91
vision	-1.08	1.06
prime	-1.08	0.70
period	-1.08	1.83
shower	-1.08	1.06
justin	-1.08	0.88
sends	-1.08	2.04
lit	-1.07	1.16
coolest	-1.07	3.26
slight	-1.07	1.12
girlfriend	-1.07	1.52
up	-1.07	1.59
second	-1.07	3.33
met	-1.07	1.49
dealing	-1.07	1.29
nicest	-1.07	3.32
doesnt	-1.07	2.55
middle	-1.07	0.96
posting	-1.07	0.84
mediocre	-1.07	1.31
realise	-1.06	0.96
acid	-1.06	0.72
legally	-1.06	0.93
teaches	-1.06	0.89
pm	-1.06	1.90
stress	-1.06	1.33
ridiculous	-1.06	2.19
noises	-1.05	2.03
drowning	-1.05	1.71
gf	-1.05	1.47
dealer	-1.05	0.78
incident	-1.05	1.26
dated	-1.05	1.39
painful	-1.05	3.12
kissed	-1.05	1.43
bothering	-1.05	1.38
fifth	-1.05	2.25
bf	-1.05	1.54
view	-1.05	1.21
uncle	-1.04	1.35
hurt	-1.04	1.53
learned	-1.04	1.03
ruin	-1.04	0.90
answering	-1.04	1.77
kid	-1.04	1.12
religion	-1.04	1.25
jail	-1.04	1.20
problems	-1.04	1.24
night	-1.04	2.00
her	-1.04	1.73
lifetime	-1.03	1.61
encourage	-1.03	0.88
arms	-1.03	1.30
believe	-1.03	1.16
masturbation	-1.03	0.88
medicine	-1.03	0.86
talking	-1.03	1.13
satisfied	-1.03	2.70
handle	-1.03	0.96
one	-1.03	3.21
4th	-1.03	1.89
religious	-1.03	1.07
instantly	-1.03	1.42
ignore	-1.03	1.19
voted	-1.03	1.17
taylor	-1.03	0.84
cutting	-1.03	1.02
raised	-1.02	0.83
seniors	-1.02	0.80
possible	-1.02	2.97
feelings	-1.02	1.12
messaged	-1.02	1.19
senior	-1.02	0.85
awake	-1.02	2.49
spirit	-1.02	0.79
cheating	-1.02	1.09
principal	-1.02	0.83
usually	-1.02	1.65
leaving	-1.02	1.38
thing	-1.02	3.22
situations	-1.02	1.65
affects	-1.02	0.83
teaching	-1.02	0.83
kills	-1.01	1.45
dew	-1.01	1.03
cases	-1.01	1.18
hottest	-1.01	3.21
caused	-1.01	1.11
blah	-1.01	0.78
leg	-1.01	1.12
explaining	-1.01	1.23
acted	-1.01	1.27
breakup	-1.01	1.13
fap	-1.01	1.10
him	-1.01	1.80
except	-1.01	1.97
asks	-1.01	3.19
weekends	-1.01	1.91
hung	-1.00	1.24
explained	-1.00	0.90
bragging	-1.00	1.05
bend	-1.00	0.99
missing	-1.00	1.30
screaming	-1.00	1.59
graduated	-1.00	0.88
goes	-1.00	2.09
dating	-1.00	1.21
responding	-1.00	1.07
pretending	-1.00	1.03
wasting	-1.00	0.88
emotion	-0.99	1.46
tried	-0.99	1.50
dads	-0.99	1.30
asking	-0.99	1.19
spanish	-0.99	0.93
courses	-0.99	0.87
abuse	-0.99	0.94
bi	-0.99	1.44
afterwards	-0.99	1.35
statistics	-0.99	0.88
stayed	-0.99	1.86
shoulder	-0.99	1.14
highschool	-0.98	0.84
therapist	-0.98	1.22
friendzoned	-0.98	0.96
quickly	-0.98	1.89
arm	-0.98	1.13
lesson	-0.98	0.82
fourth	-0.98	2.10
economics	-0.98	0.82
health	-0.98	1.17
issue	-0.98	1.62
assuming	-0.98	1.57
someones	-0.98	0.95
ankle	-0.97	0.98
knowing	-0.97	1.42
occasionally	-0.97	1.05
violent	-0.97	1.43
punishment	-0.97	0.88
existed	-0.97	0.83
memories	-0.97	1.24
stays	-0.97	2.11
regularly	-0.97	0.80
garbage	-0.97	1.01
expecting	-0.97	1.56
conditions	-0.97	1.00
leading	-0.97	0.69
replied	-0.97	1.44
seeing	-0.97	1.28
legs	-0.97	1.32
alarm	-0.96	1.82
afternoon	-0.96	1.86
knew	-0.96	1.39
talked	-0.96	1.45
curious	-0.96	2.74
toilet	-0.96	0.91
urge	-0.96	1.34
blowing	-0.96	0.93
differently	-0.96	1.59
texts	-0.96	1.28
against	-0.95	0.66
atheist	-0.95	1.22
normally	-0.95	1.60
moderation	-0.95	0.72
hormones	-0.95	1.32
awkward	-0.95	3.28
forced	-0.95	1.25
besides	-0.95	3.01
shout	-0.94	1.27
pushing	-0.94	0.95
comp	-0.94	1.11
his	-0.94	1.18
lives	-0.94	1.17
occasional	-0.94	0.73
child	-0.94	0.95
bed	-0.94	2.13
committed	-0.94	1.00
relationship	-0.94	1.03
expectations	-0.94	1.49
2nd	-0.94	1.91
effects	-0.94	0.89
depressing	-0.94	3.14
prepared	-0.94	1.43
experienced	-0.94	1.49
easily	-0.93	2.26
changes	-0.93	0.99
effect	-0.93	1.02
beforehand	-0.93	1.10
beliefs	-0.93	1.09
touched	-0.93	1.23
stuck	-0.93	0.90
thirst	-0.93	1.13
brush	-0.93	1.26
exist	-0.92	1.04
right	-0.92	3.11
acts	-0.92	2.02
previously	-0.92	1.22
aware	-0.92	2.09
procrastinate	-0.92	1.79
mentioned	-0.92	1.20
hopes	-0.91	1.09
commented	-0.91	0.89
affected	-0.91	0.79
bible	-0.91	1.06
had	-0.91	1.65
balls	-0.91	1.01
till	-0.91	1.89
sink	-0.91	0.99
replace	-0.91	0.81
conservative	-0.91	1.03
daily	-0.91	0.94
basics	-0.91	0.95
emotionally	-0.91	1.99
interested	-0.91	1.67
studied	-0.91	0.86
does	-0.90	2.37
lies	-0.90	0.90
teenagers	-0.90	1.09
holds	-0.90	1.38
noticed	-0.90	1.22
consent	-0.90	0.93
dislike	-0.90	2.43
staying	-0.90	2.20
frequent	-0.90	0.86
stick	-0.90	0.93
covered	-0.90	0.58
english	-0.90	0.83
hs	-0.90	0.79
year	-0.90	0.88
anus	-0.89	1.09
shot	-0.89	0.88
grandfather	-0.89	1.06
affect	-0.89	0.92
exam	-0.89	0.96
classmates	-0.89	0.88
burst	-0.89	1.30
granted	-0.89	0.82
drives	-0.89	1.77
ram	-0.89	0.74
extent	-0.89	1.16
swift	-0.89	0.80
fist	-0.89	1.16
heart	-0.89	0.97
morals	-0.89	1.11
bringing	-0.88	1.08
realised	-0.88	1.01
mom	-0.88	1.43
once	-0.88	1.50
never	-0.88	1.60
awhile	-0.88	1.31
5th	-0.88	1.63
assault	-0.88	0.87
violence	-0.87	0.92
nazi	-0.87	0.95
people	-0.87	1.34
penis	-0.87	1.02
3rd	-0.87	2.03
1st	-0.87	1.81
toe	-0.87	1.19
closest	-0.87	3.14
described	-0.87	1.05
fails	-0.87	0.89
ve	-0.87	1.66
stopping	-0.87	0.88
changing	-0.86	0.75
unlike	-0.86	0.83
truly	-0.86	0.99
their	-0.86	0.88
christians	-0.86	1.18
sticks	-0.86	0.87
potential	-0.86	1.18
letting	-0.86	1.12
everything	-0.86	1.95
prepare	-0.86	1.05
grabbed	-0.85	1.00
7th	-0.85	1.45
scar	-0.85	1.22
sensitive	-0.85	2.92
bone	-0.85	0.88
ours	-0.85	0.81
speakers	-0.85	0.77
barely	-0.85	1.28
upvoted	-0.85	0.94
your	-0.85	0.92
views	-0.84	1.08
grandpa	-0.84	1.04
scream	-0.84	1.55
kicking	-0.84	0.99
surgery	-0.84	1.05
spoke	-0.84	1.13
direction	-0.84	0.80
grandma	-0.84	1.06
beginning	-0.84	1.14
kids	-0.84	0.95
sudden	-0.84	1.33
ran	-0.84	1.01
credits	-0.84	0.76
dreams	-0.83	1.12
getting	-0.83	1.17
spider	-0.83	1.62
havent	-0.83	1.58
unpopular	-0.83	1.08
gave	-0.83	2.13
assumed	-0.83	1.60
catholic	-0.83	0.96
stopped	-0.83	0.91
grandmother	-0.83	1.03
crying	-0.83	1.67
bars	-0.83	1.33
practically	-0.83	1.44
saturday	-0.83	1.69
learn	-0.83	0.84
pleasure	-0.83	1.40
mandatory	-0.83	0.82
guessing	-0.83	1.92
decides	-0.83	3.14
fixed	-0.83	3.29
fought	-0.83	0.90
dicks	-0.83	1.14
administration	-0.83	1.14
compare	-0.82	1.08
showers	-0.82	0.91
existence	-0.82	0.99
strongly	-0.82	1.13
teachers	-0.82	0.74
taken	-0.82	1.21
impact	-0.82	1.02
wipes	-0.82	1.10
medical	-0.82	0.93
theres	-0.82	0.99
blows	-0.82	1.04
christian	-0.82	1.18
felt	-0.81	2.40
trying	-0.81	1.29
dad	-0.81	1.30
intro	-0.81	0.91
friendship	-0.81	0.96
passed	-0.81	0.85
boyfriends	-0.81	1.24
thighs	-0.81	1.33
gotten	-0.81	1.59
idiots	-0.81	1.15
originally	-0.81	1.41
punch	-0.80	0.93
orange	-0.80	1.24
left	-0.80	1.01
actions	-0.80	0.97
roses	-0.80	1.14
meeting	-0.80	1.17
chick	-0.80	1.47
brain	-0.80	0.86
masturbated	-0.80	1.70
forcing	-0.80	0.94
kept	-0.80	0.93
blind	-0.80	0.95
saw	-0.80	1.03
actively	-0.80	1.15
fed	-0.79	1.31
dick	-0.79	1.06
boredom	-0.79	1.53
got	-0.79	1.11
chances	-0.79	1.07
ended	-0.79	0.94
purpose	-0.79	1.23
touch	-0.79	0.92
about	-0.79	1.56
careful	-0.79	1.81
fell	-0.79	0.99
cousin	-0.79	1.16
done	-0.79	1.68
evening	-0.79	1.72
study	-0.78	0.88
themselves	-0.78	1.12
christ	-0.78	2.18
realizing	-0.78	1.07
sticking	-0.78	0.84
commit	-0.78	0.92
crime	-0.78	0.86
required	-0.78	0.66
horribly	-0.78	2.16
screw	-0.78	0.85
teen	-0.78	1.01
room	-0.78	1.41
joint	-0.78	0.81
treat	-0.78	0.97
condom	-0.78	0.80
mutual	-0.78	1.13
joking	-0.77	3.05
needed	-0.77	1.23
nhie	-0.77	1.56
earlier	-0.77	1.01
found	-0.77	1.14
entire	-0.77	2.49
graduating	-0.77	0.77
date	-0.77	1.50
behind	-0.77	1.32
business	-0.77	0.79
grandparents	-0.77	1.07
funniest	-0.77	3.08
toes	-0.77	0.95
bath	-0.77	0.98
suddenly	-0.77	1.30
developing	-0.77	0.85
stops	-0.77	1.30
pill	-0.76	0.88
across	-0.76	0.86
faith	-0.76	1.14
already	-0.76	1.45
butts	-0.76	1.18
upvote	-0.76	0.99
gone	-0.76	1.53
recently	-0.76	1.18
among	-0.76	1.07
somewhere	-0.76	1.21
intentions	-0.76	1.04
lick	-0.76	1.04
hole	-0.76	0.99
high	-0.76	0.70
adult	-0.76	0.98
11th	-0.75	1.32
loud	-0.75	2.03
out	-0.75	1.44
accident	-0.75	0.82
pushed	-0.75	0.97
answered	-0.75	1.81
linkin	-0.75	1.02
death	-0.75	1.22
pulling	-0.75	1.06
spaghetti	-0.75	0.86
randomly	-0.75	1.33
been	-0.75	1.74
therefore	-0.75	0.75
sister	-0.75	1.14
parent	-0.75	0.97
school	-0.74	0.74
clearly	-0.74	1.54
course	-0.74	1.01
perspective	-0.74	1.19
yesterday	-0.74	1.09
brother	-0.74	1.13
nuts	-0.74	1.07
quarter	-0.74	1.69
late	-0.74	2.45
married	-0.74	0.90
chest	-0.74	1.37
superior	-0.74	0.87
choices	-0.74	1.23
frequently	-0.74	0.88
laughed	-0.74	0.97
marriage	-0.74	0.88
killing	-0.74	0.82
subject	-0.74	0.84
opinions	-0.74	1.00
alive	-0.74	1.72
flat	-0.74	1.03
claim	-0.74	1.40
most	-0.74	2.87
decided	-0.74	1.10
repeat	-0.73	1.36
silence	-0.73	1.12
judgement	-0.73	1.14
treated	-0.73	0.87
deny	-0.73	1.07
shove	-0.73	0.91
decision	-0.73	1.49
twice	-0.72	1.39
boy	-0.72	0.73
young	-0.72	1.06
comments	-0.72	0.94
understandable	-0.72	2.83
quit	-0.72	0.77
heard	-0.72	1.84
abusive	-0.72	1.11
aunt	-0.72	1.10
danger	-0.72	0.98
quality	-0.72	1.32
nights	-0.72	1.69
pointed	-0.72	1.87
burning	-0.72	1.01
treating	-0.72	0.92
hips	-0.72	1.20
moms	-0.72	0.95
until	-0.72	1.51
emotional	-0.72	1.20
avoid	-0.72	1.11
hall	-0.71	0.88
sit	-0.71	1.49
votes	-0.71	1.38
eaten	-0.71	1.39
happens	-0.71	1.97
hand	-0.71	0.91
ground	-0.71	0.95
learning	-0.71	0.85
knocked	-0.71	1.03
teens	-0.71	1.08
blast	-0.71	0.86
language	-0.70	0.91
express	-0.70	1.43
worlds	-0.70	3.05
happening	-0.70	1.38
sunday	-0.70	1.71
rape	-0.70	0.90
fluent	-0.70	0.93
proven	-0.70	1.18
shoulders	-0.70	1.18
ive	-0.70	1.81
pity	-0.70	1.04
officially	-0.70	1.20
jaw	-0.70	1.28
circumstances	-0.70	1.21
came	-0.70	1.29
responsibility	-0.70	0.94
commitment	-0.70	1.12
cock	-0.70	1.11
visited	-0.70	0.90
rid	-0.69	0.98
hitting	-0.69	1.01
benefits	-0.69	0.80
sits	-0.69	1.65
skip	-0.69	0.78
popped	-0.69	0.85
subjects	-0.69	0.70
back	-0.69	1.22
daughter	-0.69	1.10
moments	-0.69	1.47
cheat	-0.69	1.20
teenage	-0.69	1.05
orgasm	-0.69	0.93
guts	-0.69	1.40
volume	-0.69	0.94
longest	-0.69	2.40
mail	-0.68	0.90
desperate	-0.68	2.80
counselor	-0.68	0.92
wife	-0.68	1.12
flirting	-0.68	1.12
science	-0.68	0.72
friendzone	-0.68	0.92
achieve	-0.68	0.85
turned	-0.68	0.99
latin	-0.68	0.87
fall	-0.68	0.76
fingers	-0.68	1.06
lonely	-0.68	3.62
sober	-0.68	2.11
jewish	-0.67	0.80
includes	-0.67	0.75
bathroom	-0.67	0.90
making	-0.67	1.06
regret	-0.67	1.40
leaning	-0.67	1.05
space	-0.67	1.16
controversial	-0.67	1.17
unnecessary	-0.67	1.43
parents	-0.66	1.06
fail	-0.66	1.15
bite	-0.66	1.23
putting	-0.66	1.04
whose	-0.66	1.26
plenty	-0.66	1.20
before	-0.66	1.79
replies	-0.66	1.03
deserve	-0.66	1.09
major	-0.66	0.79
vote	-0.66	1.24
nsa	-0.66	1.08
literally	-0.66	1.34
waiting	-0.66	1.66
repost	-0.66	0.88
deleted	-0.66	1.03
discussing	-0.66	1.05
ease	-0.65	1.12
enjoys	-0.65	3.04
finger	-0.65	0.96
japanese	-0.65	0.92
formatting	-0.65	2.60
interact	-0.65	0.89
vent	-0.65	1.24
replaced	-0.65	0.86
russian	-0.65	0.93
ton	-0.65	0.95
happened	-0.65	1.27
dangerous	-0.65	1.78
changed	-0.65	0.73
french	-0.65	0.93
german	-0.65	0.93
abortion	-0.65	1.17
pack	-0.65	0.71
struggle	-0.64	1.14
wide	-0.64	0.97
majority	-0.64	1.15
poor	-0.64	1.39
bones	-0.64	1.05
dutch	-0.64	0.93
eventually	-0.64	1.22
connected	-0.64	0.98
pathetic	-0.64	1.77
laws	-0.64	0.78
m	-0.64	2.56
sisters	-0.64	1.04
moving	-0.64	0.97
peoples	-0.64	0.92
mighty	-0.64	1.04
factors	-0.64	0.89
spelling	-0.64	3.44
real	-0.63	2.89
myself	-0.63	1.43
fwb	-0.63	1.04
killed	-0.63	0.83
our	-0.63	1.28
needs	-0.63	3.06
partner	-0.63	0.99
dropping	-0.63	0.81
instead	-0.63	0.88
experiences	-0.63	1.07
native	-0.63	0.92
unit	-0.63	0.71
known	-0.63	1.62
reality	-0.63	1.29
typical	-0.63	1.13
fridge	-0.63	0.86
speak	-0.63	0.94
decisions	-0.63	1.09
noise	-0.63	1.32
italian	-0.62	0.90
til	-0.62	1.73
died	-0.62	0.97
time	-0.62	2.49
wanted	-0.62	1.61
ear	-0.62	1.33
while	-0.62	1.33
happiness	-0.62	1.38
syrup	-0.62	1.33
moral	-0.62	1.15
test	-0.62	0.78
according	-0.62	1.41
sleeping	-0.62	2.10
directly	-0.62	0.99
aka	-0.62	0.96
father	-0.62	1.04
around	-0.62	1.55
early	-0.62	1.98
graduate	-0.62	0.73
98	-0.62	0.77
whole	-0.62	2.98
gives	-0.62	2.94
risky	-0.62	2.07
checked	-0.62	0.81
upvotes	-0.61	0.89
insane	-0.61	2.29
woman	-0.61	1.04
refer	-0.61	0.87
side	-0.61	1.07
often	-0.61	1.39
recall	-0.61	1.10
identify	-0.61	1.11
began	-0.61	0.92
bs	-0.61	0.91
willing	-0.60	1.47
tomorrow	-0.60	1.32
pile	-0.60	0.92
somehow	-0.60	1.10
dropped	-0.60	0.74
hyped	-0.60	2.58
slide	-0.60	0.97
philosophy	-0.60	0.68
since	-0.60	1.26
placed	-0.60	0.96
social	-0.60	1.20
useless	-0.60	1.37
walked	-0.60	0.96
optional	-0.60	1.02
fights	-0.60	0.81
law	-0.60	0.74
specifically	-0.60	0.81
karma	-0.60	0.90
benefit	-0.60	0.85
was	-0.60	1.09
cousins	-0.60	1.02
meanwhile	-0.60	0.79
ftfy	-0.60	1.36
studies	-0.60	0.67
power	-0.60	0.78
familiar	-0.59	2.48
thumb	-0.59	0.92
strawberry	-0.59	1.12
permanent	-0.59	1.12
shown	-0.59	0.79
admit	-0.59	1.84
many	-0.59	1.21
ask	-0.59	1.60
increase	-0.59	0.74
jumped	-0.59	0.96
precision	-0.59	1.14
crushes	-0.59	0.94
inside	-0.59	0.93
ripped	-0.59	1.19
yet	-0.59	1.61
shock	-0.59	1.68
basement	-0.59	1.25
obvious	-0.59	2.56
political	-0.59	0.80
cant	-0.59	1.45
hallway	-0.59	0.97
possibly	-0.59	1.42
lemon	-0.59	1.07
anti	-0.59	0.83
base	-0.59	1.40
police	-0.58	0.79
scars	-0.58	1.09
doom	-0.58	0.73
doing	-0.58	1.51
creep	-0.58	1.66
stated	-0.58	1.44
card	-0.58	0.64
applies	-0.58	0.97
slightest	-0.58	1.22
automatically	-0.58	1.40
discovered	-0.58	0.99
studying	-0.58	1.13
abs	-0.58	1.18
zone	-0.58	1.04
soul	-0.58	1.32
rant	-0.58	1.04
thread	-0.58	0.95
leave	-0.58	1.46
freezing	-0.58	1.06
friday	-0.58	1.34
owner	-0.58	0.94
culture	-0.58	0.67
hit	-0.58	0.86
true	-0.58	2.70
finally	-0.58	1.10
argue	-0.57	1.22
rep	-0.57	0.78
swedish	-0.57	0.91
tuesday	-0.57	1.27
acceptable	-0.57	1.12
influence	-0.57	0.86
95	-0.57	0.73
bored	-0.57	2.75
kicks	-0.57	1.09
buried	-0.57	0.86
unattractive	-0.57	2.57
classroom	-0.57	0.92
texting	-0.57	0.88
outside	-0.57	1.24
earth	-0.57	2.36
inbox	-0.57	0.79
root	-0.57	0.73
owned	-0.57	0.92
strange	-0.57	1.90
row	-0.56	1.45
reactions	-0.56	0.95
shaving	-0.56	1.36
teenager	-0.56	1.24
pulled	-0.56	0.94
confusion	-0.56	1.41
aspects	-0.56	0.94
psych	-0.56	0.99
hints	-0.56	1.18
languages	-0.56	0.84
place	-0.56	2.24
relate	-0.56	0.78
eachother	-0.56	1.11
goals	-0.56	1.03
today	-0.56	1.10
wins	-0.55	1.71
rebel	-0.55	1.47
seen	-0.55	2.16
theory	-0.55	1.07
shared	-0.55	0.92
mirrors	-0.55	0.85
react	-0.55	1.10
sitting	-0.55	1.54
everyday	-0.55	1.15
loads	-0.55	0.87
corner	-0.55	1.40
bare	-0.55	1.12
regardless	-0.55	1.04
catch	-0.55	1.04
posts	-0.55	0.80
others	-0.55	1.03
speaker	-0.55	0.76
church	-0.55	0.89
masturbating	-0.55	0.95
experiment	-0.55	0.72
remove	-0.55	0.79
content	-0.54	0.69
permission	-0.54	0.79
students	-0.54	0.67
pig	-0.54	0.86
orientation	-0.54	1.05
users	-0.54	0.77
lunch	-0.54	0.90
secondary	-0.54	0.65
apples	-0.54	0.98
milk	-0.54	1.02
yourself	-0.54	1.34
sending	-0.54	0.92
18	-0.54	0.73
nipples	-0.53	1.11
stairs	-0.53	0.90
monday	-0.53	1.31
supply	-0.53	0.91
without	-0.53	0.88
throwing	-0.53	0.86
whilst	-0.53	0.98
forgetting	-0.53	0.93
purely	-0.53	0.96
hw	-0.53	0.95
especially	-0.53	2.07
nearly	-0.53	1.06
core	-0.53	0.80
going	-0.53	1.48
forth	-0.53	1.08
feminism	-0.53	0.84
throughout	-0.53	1.52
relationships	-0.53	0.93
planned	-0.53	0.90
reached	-0.53	0.61
kick	-0.53	1.05
hearing	-0.52	1.25
honor	-0.52	1.01
stab	-0.52	1.17
acknowledge	-0.52	0.99
posted	-0.52	0.75
greatest	-0.52	2.99
floor	-0.52	1.06
neckbeard	-0.52	1.07
threads	-0.52	0.78
tea	-0.52	1.37
transfer	-0.52	0.69
lifestyle	-0.51	1.02
college	-0.51	0.70
neck	-0.51	1.08
made	-0.51	0.81
greek	-0.51	0.74
wednesday	-0.51	1.23
stand	-0.51	1.35
newer	-0.51	0.89
mother	-0.51	1.01
invited	-0.51	0.94
halls	-0.51	0.91
tongue	-0.51	1.13
deep	-0.51	1.11
oral	-0.51	0.80
factor	-0.51	0.88
tends	-0.51	1.23
leads	-0.51	0.95
twenty	-0.51	1.16
arsenal	-0.51	1.03
rooms	-0.51	0.85
reasons	-0.51	1.29
stoned	-0.50	2.22
foreign	-0.50	0.67
necessary	-0.50	0.82
mission	-0.50	0.83
invite	-0.50	1.28
stalking	-0.50	1.05
adults	-0.50	0.95
u.s	-0.50	0.71
depending	-0.50	1.07
load	-0.50	1.01
helping	-0.50	1.17
into	-0.50	0.95
bum	-0.50	1.23
evolution	-0.50	1.01
acceptance	-0.50	0.95
starts	-0.50	1.16
children	-0.50	0.88
typo	-0.50	3.47
ages	-0.50	0.82
mentality	-0.50	1.10
excuses	-0.50	1.14
boys	-0.49	1.10
staring	-0.49	1.38
down	-0.49	1.12
thrown	-0.49	0.80
bmw	-0.49	0.85
olds	-0.49	0.83
plans	-0.49	0.93
countries	-0.49	1.35
clicked	-0.49	0.80
standing	-0.49	1.16
opened	-0.49	0.67
birth	-0.49	0.86
sign	-0.49	0.80
those	-0.49	1.02
signs	-0.49	1.12
habits	-0.49	0.98
put	-0.49	0.97
control	-0.49	0.87
setting	-0.49	0.85
received	-0.48	1.05
african	-0.48	0.74
aim	-0.48	0.79
hang	-0.48	1.40
spot	-0.48	0.96
conscious	-0.48	3.47
girlfriends	-0.48	1.22
unknown	-0.48	1.40
racism	-0.48	0.96
means	-0.48	1.66
added	-0.48	1.24
error	-0.48	3.50
thursday	-0.48	1.25
bubble	-0.48	0.87
daddy	-0.48	1.05
amounts	-0.48	0.77
professor	-0.48	0.71
eastern	-0.48	0.76
alot	-0.48	1.16
student	-0.48	0.67
respect	-0.48	1.02
razor	-0.48	1.11
aspect	-0.48	0.95
sub	-0.48	0.74
moved	-0.48	0.82
showing	-0.48	0.79
entirely	-0.48	1.30
americans	-0.48	0.78
mindset	-0.48	1.28
negative	-0.47	0.94
rain	-0.47	0.69
ie	-0.47	0.88
fully	-0.47	1.43
accepted	-0.47	0.74
basically	-0.47	1.48
expert	-0.47	1.11
contribute	-0.47	0.77
chase	-0.47	0.82
these	-0.47	1.01
politics	-0.47	0.70
applying	-0.47	0.72
tend	-0.47	1.39
banned	-0.47	0.80
allow	-0.47	0.74
boss	-0.47	1.05
opinion	-0.47	1.83
behavior	-0.47	1.07
pointless	-0.46	1.56
huge	-0.46	1.21
big	-0.46	1.23
messy	-0.46	2.71
biting	-0.46	1.14
chinese	-0.46	0.74
media	-0.46	0.65
starting	-0.46	0.85
liberal	-0.46	0.89
mistake	-0.46	3.36
16	-0.46	0.73
seek	-0.46	1.03
other	-0.46	1.18
turning	-0.46	0.90
muscles	-0.46	1.17
younger	-0.46	0.82
excuse	-0.46	0.89
ford	-0.46	0.81
wasted	-0.46	1.20
false	-0.46	1.21
graphics	-0.46	0.60
lying	-0.46	1.47
peers	-0.46	0.86
follow	-0.46	0.84
thingy	-0.46	0.90
type	-0.46	1.42
held	-0.46	0.85
random	-0.46	0.72
energy	-0.45	0.88
off	-0.45	0.92
event	-0.45	1.62
improve	-0.45	0.82
siblings	-0.45	0.96
comment	-0.45	1.56
went	-0.45	0.92
removed	-0.45	0.82
potatoes	-0.45	1.01
askreddit	-0.45	0.77
testing	-0.45	0.73
didnt	-0.45	1.14
appearance	-0.45	1.49
head	-0.45	1.08
spam	-0.45	0.77
harvard	-0.45	0.70
count	-0.45	1.34
intense	-0.45	2.01
ourselves	-0.45	1.10
log	-0.45	0.95
flirt	-0.45	1.18
shave	-0.44	1.39
strict	-0.44	1.02
rules	-0.44	0.78
visible	-0.44	1.31
gay	-0.44	1.05
significant	-0.44	0.93
switched	-0.44	0.60
text	-0.44	0.90
spell	-0.44	3.51
locker	-0.44	0.87
procrastinating	-0.44	1.79
process	-0.44	1.31
policy	-0.44	0.67
counting	-0.44	0.76
schools	-0.44	0.68
run	-0.44	0.96
condoms	-0.44	0.81
jews	-0.44	0.76
fapping	-0.44	0.99
arizona	-0.44	0.76
waited	-0.43	1.26
sneak	-0.43	0.98
helicopter	-0.43	0.95
levels	-0.43	1.01
reason	-0.43	1.76
window	-0.43	1.03
kiss	-0.43	1.05
dates	-0.43	0.94
snacks	-0.43	0.87
edge	-0.43	1.03
equality	-0.43	0.86
rule	-0.43	0.75
hype	-0.43	1.67
drivers	-0.43	0.73
lessons	-0.43	0.78
rocks	-0.43	0.78
sacrifice	-0.43	0.90
storm	-0.43	0.84
imagination	-0.43	1.39
secrets	-0.43	1.00
chemical	-0.43	0.76
rn	-0.43	2.34
apply	-0.43	0.68
protect	-0.43	0.76
drove	-0.43	0.83
planning	-0.43	0.93
g-eazy	-0.42	0.95
offered	-0.42	0.82
future	-0.42	1.47
rolls	-0.42	0.86
occasion	-0.42	0.89
plastic	-0.42	0.75
dump	-0.42	0.82
mile	-0.42	0.95
columbia	-0.42	0.70
communicate	-0.42	0.91
sent	-0.42	0.84
basic	-0.42	0.80
push	-0.42	0.90
pull	-0.42	0.89
attend	-0.42	0.70
tags	-0.41	0.82
wheel	-0.41	0.75
ban	-0.41	0.79
selfie	-0.41	0.82
essentially	-0.41	0.81
boxes	-0.41	0.84
reply	-0.41	1.27
thankfully	-0.41	0.84
prep	-0.41	0.66
java	-0.41	0.73
district	-0.41	0.73
pfft	-0.41	1.30
post	-0.41	0.93
correctly	-0.41	3.41
sex	-0.41	0.94
unhealthy	-0.41	1.32
laughing	-0.41	1.02
inner	-0.41	0.97
butt	-0.41	1.10
method	-0.41	1.27
popcorn	-0.41	0.80
university	-0.41	0.70
planet	-0.41	2.36
hands	-0.41	0.94
mention	-0.41	1.31
combined	-0.41	1.29
quiz	-0.40	0.74
subway	-0.40	1.24
acne	-0.40	1.18
stars	-0.40	0.74
started	-0.40	0.94
heavily	-0.40	0.97
rights	-0.40	0.79
fallen	-0.40	1.03
destroy	-0.40	0.84
introduced	-0.40	1.05
discussion	-0.40	0.84
chicago	-0.40	0.87
areas	-0.40	1.08
dildo	-0.40	0.83
followed	-0.40	0.81
hear	-0.40	1.49
permit	-0.40	0.64
subreddit	-0.40	0.73
older	-0.40	0.83
socially	-0.40	2.25
old	-0.40	0.80
embarrassing	-0.40	2.35
4.0	-0.40	0.70
ruined	-0.40	0.81
secret	-0.40	1.30
flaws	-0.40	2.13
environment	-0.40	1.37
universities	-0.39	1.02
onto	-0.39	0.87
nudes	-0.39	0.86
tiny	-0.39	1.00
introduce	-0.39	1.10
standards	-0.39	0.78
stood	-0.39	1.08
spelled	-0.39	3.54
blowjob	-0.39	0.76
14	-0.39	0.75
99	-0.39	0.79
change	-0.39	0.97
front	-0.39	1.06
practicing	-0.39	0.75
nation	-0.39	1.30
filter	-0.39	0.74
r/teenagers	-0.39	0.73
avoiding	-0.39	1.12
steps	-0.39	1.22
colleges	-0.39	0.67
bullshit	-0.39	1.43
luckily	-0.39	0.99
every	-0.39	1.99
bedroom	-0.39	1.04
active	-0.39	0.92
nsfw	-0.39	0.80
age	-0.39	0.78
falls	-0.39	1.46
plate	-0.39	0.76
reaction	-0.38	1.06
families	-0.38	0.81
steak	-0.38	1.26
korean	-0.38	0.72
17	-0.38	0.73
moves	-0.38	1.46
darkness	-0.38	1.03
women	-0.38	0.93
goodbye	-0.38	1.02
interest	-0.38	1.08
pour	-0.38	1.08
wont	-0.38	1.57
lots	-0.38	0.92
obama	-0.38	0.69
mods	-0.38	0.77
quiet	-0.38	2.28
bell	-0.38	0.92
some	-0.38	1.00
desk	-0.38	1.13
both	-0.38	0.99
title	-0.38	2.21
together	-0.37	1.18
jerk	-0.37	1.05
edit	-0.37	3.53
applied	-0.37	0.69
members	-0.37	0.72
european	-0.37	0.69
petty	-0.37	1.64
communism	-0.37	0.93
chipotle	-0.37	1.20
user	-0.37	0.89
minority	-0.37	1.00
stoner	-0.37	0.95
shoot	-0.37	0.77
fill	-0.37	0.69
limits	-0.37	0.80
messages	-0.37	0.87
government	-0.37	0.72
virgin	-0.37	1.14
grad	-0.37	0.75
cough	-0.37	1.36
coming	-0.37	1.40
universe	-0.37	0.92
staff	-0.37	0.65
types	-0.37	0.92
throw	-0.37	0.77
incest	-0.37	1.07
funeral	-0.37	0.95
trash	-0.37	0.89
usual	-0.37	1.91
oldest	-0.36	0.81
varies	-0.36	0.97
included	-0.36	1.28
campus	-0.36	0.75
figured	-0.36	0.96
walls	-0.36	0.80
pointing	-0.36	2.10
guessed	-0.36	0.99
split	-0.36	0.87
management	-0.36	0.73
hits	-0.36	1.02
basis	-0.36	0.88
edited	-0.36	2.60
scholarship	-0.36	0.69
apartment	-0.36	0.90
equivalent	-0.36	0.71
reverse	-0.36	0.63
puberty	-0.36	0.83
noticeable	-0.35	1.25
despite	-0.35	0.91
banana	-0.35	1.12
president	-0.35	0.66
several	-0.35	0.90
defense	-0.35	0.84
nova	-0.35	1.20
continue	-0.35	0.92
forward	-0.35	1.46
joy	-0.35	1.53
sand	-0.35	0.73
guarantee	-0.35	1.54
omegle	-0.35	0.69
overweight	-0.35	1.70
hangout	-0.35	1.23
speaking	-0.35	1.08
points	-0.35	0.86
have	-0.35	1.50
backwards	-0.34	1.20
scholarships	-0.34	0.68
arrested	-0.34	0.82
start	-0.34	0.92
sexual	-0.34	0.96
cancelled	-0.34	0.92
stay	-0.34	1.60
carolina	-0.34	0.70
attraction	-0.34	0.97
fetish	-0.34	1.41
military	-0.34	0.74
bisexual	-0.34	1.22
seat	-0.34	1.02
bags	-0.34	0.78
given	-0.34	1.09
bush	-0.34	0.95
murder	-0.34	0.81
result	-0.34	0.87
confusing	-0.34	2.43
driver	-0.34	0.76
region	-0.34	1.38
all	-0.34	1.43
created	-0.34	1.28
subs	-0.34	0.71
ivy	-0.34	0.70
company	-0.34	0.80
edgy	-0.34	1.17
bullet	-0.34	0.83
saved	-0.33	0.85
men	-0.33	0.96
meet	-0.33	1.15
uni	-0.33	0.70
couples	-0.33	0.92
feature	-0.33	1.71
buddies	-0.33	0.75
curiosity	-0.33	1.08
american	-0.33	0.71
society	-0.33	0.82
unfair	-0.33	1.63
ninja	-0.33	1.04
mod	-0.33	0.77
town	-0.33	0.91
forces	-0.33	0.82
atm	-0.33	1.60
developed	-0.33	1.14
stealing	-0.33	0.82
raw	-0.33	0.99
measure	-0.33	0.93
chair	-0.33	1.14
gpa	-0.33	0.69
sandwich	-0.33	1.11
deciding	-0.33	1.00
forget	-0.33	1.32
burned	-0.33	0.84
public	-0.33	0.97
hanging	-0.33	0.96
standard	-0.32	0.84
threw	-0.32	0.89
elsewhere	-0.32	0.72
walk	-0.32	0.89
cruise	-0.32	0.67
understood	-0.32	1.10
cop	-0.32	0.81
asses	-0.32	1.09
soon	-0.32	1.50
via	-0.32	0.78
swing	-0.32	1.05
helps	-0.32	1.18
angle	-0.32	0.73
diet	-0.32	0.88
grab	-0.32	0.84
periods	-0.32	1.27
motivation	-0.32	1.04
starbucks	-0.32	0.80
cuts	-0.32	1.02
situation	-0.32	1.51
bag	-0.32	0.71
having	-0.32	0.85
door	-0.32	0.93
boob	-0.32	0.93
force	-0.32	0.81
mexican	-0.32	0.67
snaps	-0.31	0.85
thus	-0.31	1.06
doctor	-0.31	0.74
gifs	-0.31	0.68
boobs	-0.31	1.06
message	-0.31	0.87
ip	-0.31	0.85
kit	-0.31	0.63
13	-0.31	0.77
population	-0.31	1.26
hold	-0.31	0.88
messaging	-0.31	0.75
sat	-0.31	0.75
considered	-0.31	1.18
request	-0.31	0.89
table	-0.31	1.06
away	-0.31	1.01
flying	-0.31	1.26
limit	-0.31	1.01
army	-0.31	0.83
develop	-0.31	0.75
tests	-0.31	0.67
nor	-0.31	0.91
kissing	-0.31	0.85
involved	-0.31	0.84
on	-0.31	0.85
advantage	-0.31	0.79
multiple	-0.31	0.87
calling	-0.31	1.10
person	-0.31	1.93
eating	-0.31	1.21
description	-0.31	1.48
appears	-0.30	0.93
set	-0.30	0.79
cell	-0.30	0.80
wbu	-0.30	1.78
email	-0.30	0.84
sugar	-0.30	0.96
dr	-0.30	0.72
impression	-0.30	1.19
reasoning	-0.30	1.62
nude	-0.30	0.72
solve	-0.30	0.82
closet	-0.30	0.94
cap	-0.30	0.85
pass	-0.30	0.83
wedding	-0.30	0.85
experience	-0.30	1.63
guns	-0.30	0.71
wherever	-0.30	0.97
silent	-0.30	1.41
current	-0.30	0.70
live	-0.30	0.86
roman	-0.30	0.60
am	-0.29	1.83
system	-0.29	0.86
available	-0.29	1.01
flattered	-0.29	3.01
thousands	-0.29	0.84
shell	-0.29	1.23
anal	-0.29	0.85
ending	-0.29	2.25
homework	-0.29	1.12
typed	-0.29	2.34
marks	-0.29	0.82
consistently	-0.29	0.65
ring	-0.29	1.12
flair	-0.29	1.44
piece	-0.29	1.13
gender	-0.29	1.00
itself	-0.29	0.80
officer	-0.29	0.70
wing	-0.29	0.87
states	-0.29	0.77
box	-0.29	0.78
bananas	-0.29	0.97
privacy	-0.29	0.74
regular	-0.29	0.77
from	-0.28	0.90
hence	-0.28	1.61
differences	-0.28	0.83
ego	-0.28	1.25
virginity	-0.28	0.95
dinner	-0.28	0.97
friendships	-0.28	1.00
where	-0.28	1.48
visiting	-0.28	0.81
difference	-0.28	1.03
prank	-0.28	0.91
based	-0.28	0.94
tfw	-0.28	0.90
impressed	-0.28	3.45
laughter	-0.28	1.49
lube	-0.28	1.01
gun	-0.28	0.77
performance	-0.28	0.78
pizza	-0.28	1.21
massive	-0.28	1.14
hitler	-0.28	0.70
slowly	-0.28	1.12
send	-0.28	0.84
applications	-0.28	0.74
matter	-0.28	1.42
personal	-0.27	0.87
city	-0.27	0.81
options	-0.27	1.28
notice	-0.27	1.25
slip	-0.27	0.84
sets	-0.27	0.83
education	-0.27	0.69
19	-0.27	0.75
psat	-0.27	0.68
come	-0.27	1.32
vague	-0.27	1.69
vast	-0.27	1.07
lived	-0.27	0.86
hundreds	-0.27	0.91
numerous	-0.27	0.86
annoying	-0.27	2.52
spots	-0.27	0.81
ny	-0.26	0.87
mid	-0.26	1.22
popularity	-0.26	0.87
apple	-0.26	0.72
fb	-0.26	0.73
naked	-0.26	0.94
locked	-0.26	0.90
further	-0.26	1.17
pickup	-0.26	1.11
hers	-0.26	0.96
number	-0.26	0.78
prove	-0.26	1.31
frame	-0.26	0.99
prom	-0.26	0.77
contacting	-0.25	0.78
interaction	-0.25	0.94
interview	-0.25	0.75
pics	-0.25	0.72
each	-0.25	0.87
trim	-0.25	1.41
sexuality	-0.25	0.94
screenshot	-0.25	0.72
raise	-0.25	0.71
toward	-0.25	1.01
i.e	-0.25	0.63
argument	-0.25	1.92
driving	-0.25	0.71
them	-0.25	1.50
financial	-0.25	0.72
hoping	-0.25	1.46
require	-0.25	0.70
halfway	-0.25	1.48
sides	-0.25	0.91
brick	-0.25	0.88
we	-0.25	1.06
press	-0.25	0.74
millions	-0.25	0.82
comfort	-0.24	0.94
during	-0.24	1.02
irish	-0.24	0.75
emma	-0.24	0.93
gap	-0.24	0.82
grace	-0.24	0.69
bond	-0.24	0.94
11	-0.24	0.94
empire	-0.24	0.57
snow	-0.24	0.75
bread	-0.24	1.13
apologize	-0.24	2.20
anywhere	-0.24	1.32
automod	-0.24	0.91
were	-0.24	1.18
dream	-0.24	1.00
involve	-0.24	0.93
appeal	-0.24	0.85
various	-0.24	0.85
insulting	-0.24	1.25
favor	-0.24	1.02
bench	-0.24	0.86
inappropriate	-0.24	1.57
connection	-0.24	0.98
aid	-0.24	0.67
delete	-0.24	0.75
career	-0.24	1.12
sidebar	-0.24	0.90
wouldnt	-0.24	1.44
level	-0.24	0.69
pronounced	-0.24	2.34
tear	-0.24	1.23
indian	-0.24	0.73
begin	-0.24	0.97
scratch	-0.24	1.04
equal	-0.24	0.80
towards	-0.23	1.02
dominance	-0.23	0.98
involves	-0.23	0.83
branch	-0.23	0.76
communist	-0.23	0.68
israel	-0.23	0.72
then	-0.23	1.30
simply	-0.23	1.23
genders	-0.23	0.93
communication	-0.23	0.79
tom	-0.23	0.79
asians	-0.23	1.02
final	-0.23	0.95
difficult	-0.23	2.27
offers	-0.23	0.98
ups	-0.23	0.89
picked	-0.23	0.85
references	-0.23	0.68
accept	-0.23	1.05
keyboard	-0.23	0.67
evidence	-0.23	1.76
genuinely	-0.23	1.33
poorly	-0.23	1.39
hesitate	-0.23	0.98
state	-0.23	0.71
samsung	-0.23	0.77
upside	-0.22	0.99
impress	-0.22	0.99
whatnot	-0.22	0.62
answer	-0.22	1.55
path	-0.22	0.91
squat	-0.22	0.88
exact	-0.22	2.45
maintain	-0.22	0.74
mix	-0.22	0.83
small	-0.22	0.93
call	-0.22	1.12
lazy	-0.22	2.80
portion	-0.22	1.06
lower	-0.22	0.80
next	-0.22	1.13
excited	-0.22	3.40
solution	-0.22	1.19
weapon	-0.22	0.78
tears	-0.22	1.40
worked	-0.22	0.93
linked	-0.22	0.68
guard	-0.22	0.71
cope	-0.22	1.18
separate	-0.22	0.84
including	-0.22	0.96
creating	-0.22	0.95
r/askreddit	-0.22	0.65
almost	-0.22	1.23
grades	-0.22	0.68
offense	-0.21	1.11
called	-0.21	1.26
family	-0.21	1.04
typically	-0.21	1.11
holding	-0.21	0.82
cheek	-0.21	0.96
biased	-0.21	1.44
united	-0.21	0.88
satan	-0.21	0.85
male	-0.21	1.01
primary	-0.21	0.86
circle	-0.21	0.71
johnny	-0.21	0.98
data	-0.21	1.16
lesbian	-0.21	0.97
end	-0.21	1.03
discuss	-0.21	0.86
rob	-0.21	0.70
machine	-0.21	0.76
foot	-0.21	0.94
finding	-0.21	0.90
lmfao	-0.21	1.15
security	-0.21	0.67
share	-0.20	0.80
plant	-0.20	0.69
amount	-0.20	0.81
choosing	-0.20	0.94
report	-0.20	0.67
scored	-0.20	0.72
tree	-0.20	0.76
extra	-0.20	0.93
release	-0.20	1.33
touching	-0.20	0.94
ancient	-0.20	0.54
nutella	-0.20	1.06
growth	-0.20	0.90
boston	-0.20	0.81
degree	-0.20	0.68
bus	-0.20	0.86
meme	-0.20	1.05
raids	-0.20	0.81
able	-0.20	1.14
dual	-0.20	0.52
windows	-0.20	0.67
knock	-0.20	1.19
relative	-0.20	0.79
sort	-0.20	0.91
after	-0.20	1.43
salt	-0.19	1.02
bother	-0.19	1.41
south	-0.19	0.79
couch	-0.19	1.43
atleast	-0.19	0.89
routine	-0.19	0.86
recommended	-0.19	0.69
cup	-0.19	0.89
finals	-0.19	0.95
opposed	-0.19	0.81
through	-0.19	0.96
korea	-0.19	0.76
glorious	-0.19	0.93
topic	-0.19	1.19
tolerance	-0.19	0.78
uk	-0.19	0.75
northern	-0.19	0.80
seats	-0.19	0.85
pumped	-0.19	3.37
mins	-0.19	1.08
nut	-0.19	0.95
brains	-0.19	0.81
grown	-0.19	0.91
sour	-0.19	1.26
aggressive	-0.19	1.99
accounts	-0.19	0.72
label	-0.19	0.65
house	-0.18	0.84
help	-0.18	1.12
21	-0.18	0.73
mock	-0.18	0.73
activity	-0.18	0.81
shift	-0.18	0.71
pray	-0.18	0.88
pictures	-0.18	0.65
serious	-0.18	1.29
fucked	-0.18	2.11
traffic	-0.18	0.78
rub	-0.18	0.90
material	-0.18	0.65
pocket	-0.18	0.61
receive	-0.18	0.89
browse	-0.18	0.60
application	-0.18	0.69
belly	-0.18	1.20
protein	-0.18	0.87
disco	-0.17	0.79
clingy	-0.17	2.30
hour	-0.17	1.23
credit	-0.17	0.85
fields	-0.17	0.67
threat	-0.17	0.76
shame	-0.17	1.26
ditch	-0.17	0.79
whip	-0.17	0.98
selling	-0.17	0.69
department	-0.17	0.64
scientific	-0.17	1.51
ones	-0.17	1.35
economy	-0.17	0.70
cringe	-0.17	1.08
low	-0.17	0.96
prior	-0.17	0.80
gang	-0.17	0.80
fighting	-0.17	0.66
far	-0.17	1.60
hawaii	-0.17	0.75
armed	-0.17	0.97
june	-0.17	1.43
marine	-0.17	0.84
scores	-0.17	0.65
habit	-0.17	0.91
usernames	-0.17	1.09
woods	-0.17	1.06
keep	-0.17	1.06
heat	-0.17	0.91
brothers	-0.17	0.77
tumblr	-0.16	0.60
block	-0.16	0.62
california	-0.16	0.79
tower	-0.16	0.98
mmm	-0.16	1.38
products	-0.16	0.81
tied	-0.16	0.76
define	-0.16	0.83
connect	-0.16	0.74
river	-0.16	0.69
position	-0.16	1.25
mic	-0.16	1.15
corps	-0.16	0.78
original	-0.16	1.42
password	-0.16	0.94
giving	-0.16	1.14
warning	-0.16	0.91
drive	-0.16	0.70
latter	-0.16	1.20
mobile	-0.16	1.67
british	-0.16	0.70
score	-0.16	0.70
gon	-0.16	1.41
dodge	-0.16	0.72
previous	-0.16	0.89
stereotypical	-0.16	0.87
serve	-0.16	0.65
figure	-0.16	1.12
sketchy	-0.15	1.41
drop	-0.15	0.85
respond	-0.15	0.99
image	-0.15	0.83
free	-0.15	1.06
wall	-0.15	0.83
obnoxious	-0.15	1.69
die	-0.15	1.28
problem	-0.15	1.66
opposite	-0.15	0.99
frustrating	-0.15	2.54
hours	-0.15	1.23
races	-0.15	0.84
heading	-0.15	0.94
adding	-0.15	0.80
war	-0.15	1.00
chilling	-0.15	1.69
tinder	-0.15	0.69
pick	-0.15	1.04
southern	-0.15	0.76
est	-0.15	1.37
parking	-0.15	0.70
certain	-0.15	0.86
requires	-0.15	0.93
services	-0.15	0.72
tag	-0.15	1.01
assholes	-0.15	1.41
use	-0.15	1.22
cut	-0.15	1.08
kim	-0.15	0.89
tits	-0.15	1.15
india	-0.14	0.83
thought	-0.14	0.98
lead	-0.14	0.92
claims	-0.14	1.49
function	-0.14	0.96
dudes	-0.14	1.21
michigan	-0.14	0.72
minute	-0.14	1.15
georgia	-0.14	0.71
ways	-0.14	1.11
approve	-0.14	1.12
sell	-0.14	0.68
cities	-0.14	0.79
tell	-0.14	1.27
scottish	-0.14	0.72
attack	-0.14	0.90
designed	-0.14	0.81
grow	-0.14	1.33
headed	-0.14	1.42
panties	-0.14	0.86
sexually	-0.14	1.22
which	-0.14	1.70
cheap	-0.13	0.72
china	-0.13	0.79
nail	-0.13	0.86
lift	-0.13	0.84
spoken	-0.13	1.02
account	-0.13	0.73
authority	-0.13	0.85
strength	-0.13	1.14
mouse	-0.13	0.90
listed	-0.13	0.70
egg	-0.13	0.91
lock	-0.13	0.77
facebook	-0.13	0.70
questions	-0.13	1.28
texas	-0.13	0.73
session	-0.13	0.98
4chan	-0.13	0.60
responses	-0.13	1.19
homecoming	-0.13	0.74
concerned	-0.13	2.92
closed	-0.13	0.85
turn	-0.13	1.29
fly	-0.13	0.76
belong	-0.13	0.83
truck	-0.13	0.66
group	-0.12	0.78
battery	-0.12	0.69
mass	-0.12	0.75
picture	-0.12	0.61
go	-0.12	1.19
posters	-0.12	0.66
car	-0.12	0.69
bar	-0.12	0.84
last	-0.12	1.42
complicated	-0.12	2.38
parts	-0.12	1.05
perfectly	-0.12	1.31
russia	-0.12	0.79
hbu	-0.12	1.99
wave	-0.12	0.63
intended	-0.12	1.29
october	-0.12	1.42
stole	-0.12	1.06
recognized	-0.12	0.73
passing	-0.12	0.86
snapchat	-0.12	0.88
celebrity	-0.12	0.71
irrelevant	-0.12	1.21
usa	-0.12	0.76
florida	-0.12	0.74
spoon	-0.12	0.83
contacts	-0.12	0.89
europe	-0.12	0.86
sexist	-0.12	1.37
shake	-0.12	0.90
chose	-0.12	0.96
iirc	-0.11	0.96
ask.fm	-0.11	0.65
safety	-0.11	0.94
healthy	-0.11	0.98
lowest	-0.11	0.67
debate	-0.11	0.85
program	-0.11	0.60
illinois	-0.11	0.81
demand	-0.11	0.75
restaurant	-0.11	0.78
however	-0.11	1.47
explore	-0.11	1.28
counter	-0.11	0.54
porn	-0.11	0.67
<SPECIAL>	-0.11	0.73
<URL>	-0.11	0.73
meat	-0.11	0.91
response	-0.11	1.56
area	-0.10	0.91
roof	-0.10	0.81
profile	-0.10	0.69
two	-0.10	0.96
vanilla	-0.10	0.97
asian	-0.10	0.89
trick	-0.10	0.86
junk	-0.10	0.98
charge	-0.10	0.85
central	-0.10	0.74
gym	-0.10	0.72
size	-0.10	0.92
july	-0.10	1.45
move	-0.10	1.20
complete	-0.10	1.14
talk	-0.10	1.25
letters	-0.10	2.04
link	-0.10	1.38
later	-0.10	1.26
mirror	-0.10	0.82
former	-0.10	0.71
backpack	-0.10	0.68
pool	-0.10	0.83
facts	-0.10	1.58
global	-0.10	1.04
attempt	-0.09	0.98
drag	-0.09	0.73
ignorance	-0.09	1.31
taco	-0.09	0.83
frankly	-0.09	1.56
east	-0.09	0.75
workout	-0.09	0.84
brings	-0.09	2.37
carry	-0.09	0.73
jake	-0.09	0.73
gif	-0.09	0.89
begins	-0.09	0.90
accent	-0.09	0.68
apparently	-0.09	1.23
digging	-0.09	1.40
for	-0.09	1.90
normal	-0.09	1.53
train	-0.09	0.94
exclusive	-0.09	0.76
hidden	-0.09	0.84
humanity	-0.09	0.96
desert	-0.09	0.74
selfies	-0.09	0.71
paste	-0.08	0.98
private	-0.08	0.61
avenged	-0.08	0.80
trust	-0.08	1.42
japan	-0.08	0.82
visit	-0.08	0.75
desire	-0.08	0.98
let	-0.08	1.37
straight	-0.08	1.17
bodies	-0.08	0.87
flash	-0.08	0.94
15	-0.08	0.73
bowl	-0.08	0.77
tuition	-0.08	0.80
zero	-0.08	0.67
explanation	-0.08	1.68
submit	-0.08	1.03
always	-0.08	1.51
host	-0.08	0.64
filthy	-0.08	1.33
enter	-0.08	0.62
seattle	-0.08	1.13
model	-0.08	0.65
chicken	-0.08	0.91
america	-0.08	0.86
another	-0.08	2.90
step	-0.08	0.88
care	-0.08	1.51
civil	-0.07	0.63
between	-0.07	0.90
amirite	-0.07	1.31
grew	-0.07	0.89
bucket	-0.07	0.85
tax	-0.07	0.75
protection	-0.07	0.84
cali	-0.07	0.77
pun	-0.07	1.44
couldnt	-0.07	1.19
full	-0.07	1.11
iq	-0.07	0.69
allows	-0.07	0.95
traced	-0.07	1.03
job	-0.07	0.82
toronto	-0.07	0.76
bring	-0.07	0.98
limited	-0.07	0.67
local	-0.07	0.81
programs	-0.07	0.57
cereal	-0.07	0.92
london	-0.07	0.76
wrap	-0.07	0.91
weights	-0.07	0.82
crash	-0.07	0.81
save	-0.07	0.76
get	-0.07	1.21
international	-0.07	0.63
laying	-0.07	1.66
nuclear	-0.07	0.70
reputation	-0.07	0.96
rocket	-0.07	0.75
rubber	-0.06	0.95
minutes	-0.06	1.16
imgur	-0.06	0.77
participate	-0.06	0.65
zealand	-0.06	0.77
images	-0.06	0.64
shop	-0.06	0.80
parties	-0.06	0.87
garden	-0.06	0.84
turkey	-0.06	0.79
opportunities	-0.06	0.98
denmark	-0.06	0.78
september	-0.06	1.42
lab	-0.06	0.87
wifi	-0.06	0.65
freedom	-0.06	0.87
contract	-0.06	0.67
ate	-0.06	0.93
england	-0.06	0.76
23	-0.06	0.76
regarding	-0.06	0.85
navy	-0.06	0.79
plan	-0.06	0.95
instagram	-0.05	0.67
research	-0.05	0.58
ghost	-0.05	0.67
britain	-0.05	0.73
status	-0.05	0.74
friends	-0.05	1.08
beef	-0.05	0.92
appear	-0.05	1.44
whore	-0.05	1.26
buying	-0.05	0.74
first	-0.05	2.89
capital	-0.05	1.59
lasted	-0.05	1.16
opportunity	-0.05	1.03
exercise	-0.05	0.82
houses	-0.05	0.72
pace	-0.05	1.16
ordered	-0.05	0.74
boost	-0.05	0.81
goal	-0.05	1.03
round	-0.05	1.35
north	-0.05	0.75
throwaway	-0.05	0.82
sweden	-0.05	0.75
drama	-0.05	0.93
distance	-0.05	0.83
mall	-0.05	0.76
plays	-0.05	2.77
africa	-0.05	0.84
bottom	-0.05	0.88
mars	-0.05	0.69
cos	-0.05	1.14
cleaning	-0.04	0.68
virginia	-0.04	0.71
ohio	-0.04	0.70
casually	-0.04	1.20
attracted	-0.04	1.26
places	-0.04	0.95
instant	-0.04	0.67
accents	-0.04	0.70
can	-0.04	1.40
completely	-0.04	1.39
sold	-0.04	0.67
half	-0.04	1.29
knife	-0.04	0.70
convo	-0.04	0.86
solved	-0.04	0.88
exception	-0.04	0.86
urban	-0.04	0.83
css	-0.04	0.53
ireland	-0.04	0.73
movement	-0.04	0.72
grass	-0.04	0.73
support	-0.04	0.84
mcdonalds	-0.04	0.86
mildly	-0.04	2.13
burger	-0.04	0.85
wo	-0.04	1.44
expensive	-0.04	1.61
eat	-0.04	0.91
properly	-0.04	1.40
switch	-0.03	0.79
cardio	-0.03	0.85
any	-0.03	0.95
range	-0.03	0.71
australia	-0.03	0.81
subreddits	-0.03	0.74
concern	-0.03	1.40
few	-0.03	1.06
drops	-0.03	0.91
u/no_thanks_im_gucci	-0.03	1.22
presence	-0.03	0.89
whether	-0.03	1.22
concert	-0.03	1.06
bought	-0.03	0.86
extended	-0.03	1.10
feet	-0.03	0.89
access	-0.03	0.65
weekend	-0.03	1.02
vs	-0.03	0.65
pilots	-0.03	0.88
mates	-0.03	0.88
balance	-0.03	0.79
anonymous	-0.03	0.67
human	-0.03	0.90
destroyed	-0.03	0.98
sevenfold	-0.03	0.81
three	-0.03	0.98
france	-0.03	0.73
currently	-0.02	1.25
links	-0.02	0.66
november	-0.02	1.42
tacos	-0.02	0.86
online	-0.02	0.49
physically	-0.02	1.37
used	-0.02	1.26
skype	-0.02	0.78
lawyer	-0.02	0.74
taxes	-0.02	0.79
license	-0.02	0.80
maximum	-0.02	0.78
blocked	-0.02	0.61
searching	-0.02	0.88
mode	-0.02	0.68
hint	-0.02	1.15
york	-0.02	0.75
goat	-0.02	0.78
foods	-0.02	0.92
screen	-0.02	0.66
stone	-0.02	0.74
intensifies	-0.02	1.02
earn	-0.02	0.75
expand	-0.02	0.67
personally	-0.02	1.49
stolen	-0.02	0.61
mark	-0.02	0.89
scotland	-0.02	0.73
generic	-0.02	1.60
income	-0.02	0.83
appropriate	-0.02	1.00
ll	-0.01	1.31
august	-0.01	1.39
clarification	-0.01	1.97
object	-0.01	0.76
trolling	-0.01	1.47
detail	-0.01	0.64
takes	-0.01	0.98
miles	-0.01	0.91
direct	-0.01	0.85
county	-0.01	0.76
answers	-0.01	1.35
meal	-0.01	0.93
ca	-0.01	1.40
working	-0.01	1.03
square	-0.01	0.66
example	-0.01	1.10
y'know	-0.01	1.36
simple	-0.01	1.49
combat	-0.01	0.66
tape	-0.01	0.71
22	-0.01	0.74
canada	-0.01	0.79
this	-0.01	1.59
click	-0.01	0.87
shaved	-0.01	1.47
seconds	-0.01	1.08
coast	-0.01	0.73
give	-0.01	1.26
losing	-0.01	0.79
pursue	-0.01	0.87
fried	-0.01	0.91
ham	-0.01	0.93
specs	-0.00	0.73
sushi	-0.00	1.05
an	-0.00	0.93
budget	-0.00	0.74
jumping	-0.00	0.72
photo	-0.00	0.58
spend	-0.00	1.18
cooler	-0.00	0.86
explain	-0.00	1.18
center	-0.00	0.87
january	-0.00	1.43
decide	0.00	1.19
focusing	0.00	1.10
chin	0.00	1.33
2012	0.00	1.03
blocks	0.00	0.62
greater	0.00	0.74
sandstorm	0.01	1.16
within	0.01	1.06
sea	0.01	0.91
works	0.01	1.59
min	0.01	1.02
katy	0.01	0.68
non	0.01	1.09
option	0.01	1.70
24	0.01	0.76
nike	0.01	0.86
lasts	0.01	1.21
engineering	0.01	0.59
dammit	0.01	1.40
drown	0.01	1.38
candy	0.01	0.66
want	0.01	1.39
fries	0.01	1.16
brazil	0.01	0.74
land	0.01	1.10
flight	0.01	0.76
u/automoderator	0.01	1.11
australian	0.01	0.86
joe	0.01	0.99
26	0.01	0.77
april	0.01	1.40
mexico	0.01	0.72
reference	0.01	0.86
washington	0.01	0.69
island	0.01	0.77
kings	0.02	0.88
boom	0.02	0.92
bloody	0.02	1.07
national	0.02	0.63
lay	0.02	1.21
racist	0.02	1.28
netherlands	0.02	0.74
chain	0.02	0.80
hide	0.02	0.76
file	0.02	0.65
december	0.02	1.40
leader	0.02	0.69
29	0.02	0.84
twist	0.02	1.02
conclusion	0.02	1.67
escape	0.02	0.82
times	0.02	1.36
spending	0.02	0.98
nyc	0.02	0.72
max	0.02	0.77
wheels	0.02	0.61
eight	0.02	0.99
weapons	0.02	0.66
twitter	0.02	0.63
large	0.02	0.93
succeed	0.02	1.02
focus	0.02	0.98
tattoo	0.02	0.92
try	0.02	1.30
guys	0.02	1.28
chips	0.02	0.93
literature	0.03	0.86
blew	0.03	0.81
manager	0.03	0.69
afford	0.03	0.82
gods	0.03	1.14
total	0.03	1.23
snap	0.03	0.90
ikr	0.03	1.63
minnesota	0.03	0.74
weeks	0.03	1.21
forms	0.03	0.65
will	0.03	1.27
particular	0.03	1.20
32	0.03	0.76
unholy	0.03	0.90
volunteer	0.03	0.66
manage	0.03	0.87
signed	0.03	0.65
jobs	0.03	0.74
mustang	0.03	0.64
join	0.03	0.65
pencil	0.03	0.68
photos	0.03	0.58
rolled	0.03	0.86
spain	0.03	0.71
looked	0.03	0.98
nostalgia	0.03	1.08
fired	0.03	0.97
colorado	0.03	0.70
march	0.03	1.40
unfortunately	0.03	1.51
minimum	0.04	0.75
brand	0.04	0.68
italy	0.04	0.71
strangers	0.04	1.17
textbook	0.04	0.83
effective	0.04	1.35
need	0.04	1.34
month	0.04	1.17
assignment	0.04	0.75
breakfast	0.04	0.92
necessarily	0.04	1.09
bridge	0.04	1.09
market	0.04	0.69
bat	0.04	0.79
below	0.04	0.78
males	0.04	1.15
here	0.04	1.50
price	0.04	0.81
wage	0.04	0.77
kevin	0.04	0.96
le	0.04	1.13
female	0.04	1.12
concept	0.04	1.01
tricks	0.04	0.58
list	0.04	1.66
code	0.04	0.53
couple	0.04	1.10
streets	0.04	0.83
u/cayute	0.04	1.17
return	0.04	0.77
prices	0.04	0.79
rent	0.04	0.88
unfortunate	0.04	1.68
body	0.05	1.13
bacon	0.05	0.99
wasnt	0.05	1.31
inch	0.05	0.95
important	0.05	1.90
glory	0.05	0.64
bo	0.05	0.65
someday	0.05	1.05
shooting	0.05	0.63
theyre	0.05	1.75
heaven	0.05	0.90
details	0.05	0.85
id	0.05	0.71
store	0.05	0.74
girls	0.05	1.27
twins	0.05	0.82
nurse	0.05	0.89
walmart	0.05	0.69
pure	0.05	1.01
steel	0.05	0.65
relax	0.05	1.66
debt	0.05	0.80
brb	0.05	0.93
past	0.05	1.44
mind	0.05	1.22
burns	0.05	0.73
12	0.05	0.73
wonder	0.05	1.25
upload	0.06	0.63
spent	0.06	1.28
mit	0.06	0.82
official	0.06	0.60
years	0.06	1.28
things	0.06	1.12
rate	0.06	0.66
calories	0.06	0.87
over	0.06	0.92
logical	0.06	1.73
etc	0.06	0.63
germany	0.06	0.75
larger	0.06	1.03
2014	0.06	0.89
knowledge	0.06	0.78
address	0.06	0.77
fool	0.06	1.05
smith	0.06	0.73
unless	0.06	1.47
eggs	0.06	0.92
academic	0.06	0.62
seven	0.06	0.98
training	0.06	0.65
buy	0.07	0.71
location	0.07	0.79
assignments	0.07	1.01
success	0.07	0.80
growing	0.07	1.18
community	0.07	0.53
wood	0.07	0.69
wayne	0.07	0.85
survive	0.07	0.82
evil	0.07	0.87
ass	0.07	1.43
27	0.07	0.81
offer	0.07	0.97
source	0.07	0.94
line	0.07	0.91
nothing	0.07	1.36
value	0.07	0.81
coffee	0.07	1.20
five	0.07	1.01
highest	0.07	0.80
kitchen	0.07	0.89
above	0.07	0.74
double	0.07	0.77
distract	0.07	0.80
calculator	0.08	0.59
search	0.08	0.64
product	0.08	0.69
selfish	0.08	1.79
robot	0.08	0.74
spare	0.08	0.74
ipad	0.08	0.61
anymore	0.08	1.50
percent	0.08	0.74
ends	0.08	1.31
twin	0.08	0.67
shaped	0.08	0.91
route	0.08	1.22
chatting	0.08	0.99
member	0.08	0.63
bull	0.08	0.87
insurance	0.08	0.83
burn	0.08	1.01
deal	0.08	1.46
anything	0.08	1.46
nigger	0.08	1.57
gold	0.08	0.74
horizon	0.08	0.63
borrow	0.08	0.77
na	0.08	1.29
identity	0.08	0.87
tablet	0.09	0.56
rage	0.09	0.86
strong	0.09	2.20
wind	0.09	0.70
translate	0.09	1.13
sauce	0.09	1.04
four	0.09	1.01
events	0.09	0.69
hail	0.09	0.94
loss	0.09	0.97
trend	0.09	0.65
romantic	0.09	0.98
did	0.09	1.28
steal	0.09	0.75
weight	0.09	0.85
order	0.09	0.92
josh	0.09	0.90
way	0.09	1.55
sized	0.09	0.90
tl	0.09	0.91
sentence	0.09	2.22
projects	0.09	1.02
grocery	0.09	0.80
neighbor	0.09	0.80
youth	0.09	0.66
bitchy	0.09	1.84
pays	0.09	0.80
reddit	0.09	0.63
2-3	0.09	1.05
context	0.10	1.76
whatever	0.10	1.38
along	0.10	0.96
ideal	0.10	0.91
cheese	0.10	0.95
copy	0.10	0.83
shallow	0.10	1.94
settings	0.10	0.73
make	0.10	1.36
85	0.10	0.70
nearby	0.10	0.69
retarded	0.10	1.50
revolution	0.10	0.76
42	0.10	0.84
settle	0.10	0.93
entertainment	0.10	0.69
prince	0.10	0.86
neighborhood	0.10	0.72
vancouver	0.10	0.75
focused	0.10	1.71
cheer	0.10	0.80
could	0.10	1.37
romance	0.10	0.74
30	0.10	0.89
network	0.11	0.62
day	0.11	1.31
soup	0.11	0.77
freaks	0.11	0.91
under	0.11	0.79
ticket	0.11	0.82
months	0.11	1.31
companies	0.11	0.59
u/girlonyourshoulders	0.11	1.25
exams	0.11	0.92
u/_gambino	0.11	1.47
street	0.11	0.73
females	0.11	1.24
rise	0.11	0.65
phone	0.11	0.58
gas	0.11	0.74
iron	0.11	0.69
gen	0.11	0.73
rainbow	0.11	0.90
physical	0.11	0.99
ahead	0.11	1.02
higher	0.12	0.94
helped	0.12	1.05
tour	0.12	1.24
device	0.12	0.59
pen	0.12	0.60
sites	0.12	0.58
prison	0.12	0.56
idek	0.12	1.09
paid	0.12	0.82
sec	0.12	0.74
sorts	0.12	0.71
pretend	0.12	1.32
billy	0.12	0.96
pride	0.12	1.23
6'3	0.12	1.32
republic	0.12	0.60
breaks	0.12	0.95
finishing	0.12	0.90
key	0.12	0.84
lap	0.12	1.16
smaller	0.12	1.04
faq	0.12	0.76
hire	0.12	0.73
harsh	0.12	1.79
muscle	0.12	0.91
lot	0.13	1.23
mmmm	0.13	1.26
ich	0.13	1.13
fat	0.13	1.12
beauty	0.13	1.05
grand	0.13	0.66
sources	0.13	1.14
ontario	0.13	0.89
became	0.13	1.62
keeping	0.13	1.21
ten	0.13	0.89
28	0.13	0.85
caps	0.13	1.99
graduation	0.13	0.74
addition	0.13	0.65
crowd	0.13	0.79
following	0.13	0.75
dont	0.13	1.40
new	0.13	1.11
walking	0.13	0.67
sometime	0.13	1.10
bon	0.13	0.63
skill	0.13	0.86
pieces	0.14	0.73
upgrade	0.14	0.60
hotel	0.14	0.74
act	0.14	1.24
quick	0.14	1.36
rice	0.14	0.79
forest	0.14	0.74
sooner	0.14	1.11
25	0.14	0.75
upon	0.14	0.82
34	0.14	0.79
5'9	0.14	1.32
open	0.14	0.86
capable	0.14	1.68
monitor	0.14	0.75
systems	0.14	0.57
protest	0.14	0.66
definition	0.14	1.02
peanut	0.14	1.25
lake	0.14	0.69
six	0.14	0.97
money	0.14	0.84
dead	0.14	0.87
week	0.14	1.12
typing	0.14	1.35
absolutely	0.14	1.65
how	0.14	1.39
ago	0.14	1.37
lana	0.14	0.90
site	0.14	0.57
amazon	0.14	0.56
loop	0.15	1.06
preference	0.15	1.02
3-4	0.15	0.97
billion	0.15	1.01
average	0.15	0.82
specific	0.15	0.70
stock	0.15	0.63
90	0.15	0.68
broad	0.15	0.66
gtfo	0.15	1.27
45	0.15	0.85
stores	0.15	0.69
resources	0.15	0.77
paying	0.15	0.85
implying	0.15	1.07
alert	0.15	1.07
jennifer	0.15	0.93
lean	0.15	1.00
choose	0.15	1.07
pretentious	0.15	1.70
corn	0.16	0.77
park	0.16	0.62
pay	0.16	0.84
worse	0.16	1.02
spoiled	0.16	1.69
safe	0.16	1.34
headphones	0.16	0.70
laid	0.16	1.93
android	0.16	0.58
36	0.16	0.78
considering	0.16	1.71
website	0.16	0.65
speed	0.16	0.87
born	0.16	1.28
describe	0.16	1.44
35	0.16	0.79
realize	0.16	1.15
teeth	0.16	1.34
websites	0.16	0.54
supreme	0.16	0.83
arguments	0.17	1.47
different	0.17	0.88
station	0.17	0.67
phrase	0.17	2.05
cudi	0.17	0.81
dan	0.17	0.75
fire	0.17	0.75
offensive	0.17	1.28
pounds	0.17	1.11
monster	0.17	0.89
bot	0.17	1.01
ipod	0.17	0.53
vice	0.17	0.76
looking	0.17	1.41
heavy	0.17	0.85
sky	0.18	0.93
ed	0.18	0.66
pound	0.18	0.81
iphone	0.18	0.60
giant	0.18	0.85
information	0.18	0.91
grows	0.18	1.13
logic	0.18	1.00
proof	0.18	1.08
due	0.18	0.88
flag	0.18	1.14
entitled	0.18	1.58
wikipedia	0.18	0.74
wallpaper	0.18	0.66
strip	0.18	0.83
psycho	0.18	0.88
happen	0.18	1.33
dj	0.18	0.68
see	0.18	1.31
equally	0.18	1.08
flip	0.19	0.74
travel	0.19	1.18
tickets	0.19	0.81
take	0.19	1.03
dirt	0.19	0.64
deeper	0.19	1.28
ios	0.19	0.61
20	0.19	0.81
immature	0.19	1.68
ears	0.19	1.24
bills	0.19	0.81
server	0.19	0.59
liquid	0.19	0.62
ball	0.19	0.63
nine	0.19	0.65
mountain	0.19	0.72
road	0.19	0.70
contest	0.19	0.63
exciting	0.19	2.44
waffles	0.19	1.00
ignorant	0.20	1.50
custom	0.20	0.59
shy	0.20	2.56
fits	0.20	0.88
reasonable	0.20	1.37
find	0.20	1.25
terms	0.20	0.90
manual	0.20	0.65
pro	0.20	0.66
wait	0.20	1.20
compared	0.20	1.17
devil	0.20	0.75
awkwardly	0.20	1.16
80	0.20	0.73
maturity	0.20	1.01
75	0.20	0.76
minds	0.20	0.87
ranked	0.20	1.23
apart	0.20	0.96
browsing	0.20	0.98
breaking	0.21	0.99
challenge	0.21	0.83
groups	0.21	0.83
create	0.21	0.82
u/mediaboy	0.21	0.95
rude	0.21	1.66
missed	0.21	0.95
jam	0.21	0.99
apps	0.21	0.64
loose	0.21	0.95
bust	0.21	1.20
century	0.21	1.22
brought	0.21	2.30
doors	0.21	0.99
shits	0.21	1.46
bigger	0.21	1.10
douchebag	0.21	1.43
cold	0.21	0.91
poster	0.21	0.75
because	0.21	1.48
conversation	0.21	1.04
cocky	0.21	1.75
inches	0.21	0.92
beyond	0.21	0.95
meaning	0.21	1.21
nickname	0.21	0.92
climb	0.21	0.73
soo	0.21	1.51
pilot	0.21	0.85
bowling	0.21	0.60
skills	0.22	0.62
edition	0.22	0.73
toast	0.22	1.22
5'11	0.22	1.38
rolling	0.22	0.89
theirs	0.22	1.15
consider	0.22	1.04
wisdom	0.22	0.84
gain	0.22	0.81
browser	0.22	0.67
slut	0.22	1.09
5'7	0.22	1.31
troll	0.22	1.10
spit	0.22	1.47
examples	0.22	1.05
remember	0.22	1.14
least	0.22	1.64
weigh	0.22	1.20
5s	0.22	0.61
popular	0.22	1.43
delicious	0.22	1.81
zombies	0.23	0.78
service	0.23	0.67
days	0.23	1.35
arrogant	0.23	1.70
form	0.23	0.72
food	0.23	0.89
angel	0.23	0.78
jackson	0.23	0.71
mediaboy	0.23	0.80
butter	0.23	1.26
quote	0.23	0.95
thousand	0.23	0.89
camera	0.23	0.88
6'1	0.23	1.34
building	0.24	0.68
bears	0.24	0.78
name	0.24	1.52
40	0.24	0.78
modest	0.24	0.92
blunt	0.24	1.27
htc	0.24	0.64
marry	0.24	1.11
douchey	0.24	1.77
journey	0.24	0.79
galaxy	0.24	0.64
presentation	0.24	0.81
steve	0.24	0.69
actual	0.24	0.86
would	0.24	1.28
5'8	0.25	1.36
jersey	0.25	0.81
pic	0.25	0.82
phones	0.25	0.57
roughly	0.25	0.94
lip	0.25	1.22
youll	0.25	1.01
tomato	0.25	0.96
u/pneumon	0.25	1.13
bomb	0.25	0.77
bank	0.25	0.61
joining	0.25	0.61
squad	0.25	0.93
automatic	0.25	0.69
alaska	0.25	0.62
babies	0.25	0.83
should	0.25	1.33
competition	0.26	0.65
if	0.26	1.38
foster	0.26	0.82
tim	0.26	1.09
walks	0.26	2.48
hopefully	0.26	1.11
ect	0.26	0.64
cost	0.26	0.89
engine	0.26	0.63
cream	0.26	0.91
cash	0.26	0.70
lie	0.27	1.25
6'2	0.27	1.38
triple	0.27	0.91
sales	0.27	0.63
same	0.27	1.43
wallet	0.27	0.60
reach	0.27	0.67
alien	0.27	0.62
practice	0.27	0.63
lose	0.27	0.80
5'6	0.27	1.36
expect	0.27	1.25
courage	0.27	0.73
and/or	0.27	0.88
cube	0.27	0.64
joined	0.27	0.56
semi	0.27	1.11
ride	0.27	0.66
likely	0.27	1.25
sun	0.27	0.90
sunny	0.27	0.66
oblivious	0.27	2.30
unlimited	0.27	0.74
lawrence	0.27	0.97
related	0.27	0.60
near	0.27	0.84
whatsoever	0.28	0.78
plane	0.28	1.00
drawn	0.28	0.61
discussions	0.28	0.97
res	0.28	0.82
cloud	0.28	0.59
costs	0.28	0.89
infinite	0.28	0.78
sheet	0.28	0.56
shes	0.28	1.44
jokes	0.28	1.11
lifting	0.28	0.68
70	0.28	0.74
phase	0.28	0.62
gained	0.28	0.79
rush	0.28	0.81
factory	0.28	0.64
continent	0.28	1.30
asshole	0.28	1.48
confident	0.28	2.40
engineer	0.28	0.70
6	0.29	0.88
build	0.29	0.93
garage	0.29	0.74
term	0.29	1.22
raining	0.29	0.93
santa	0.29	0.76
stable	0.29	1.55
watches	0.29	2.60
counts	0.29	1.67
douche	0.29	1.57
variety	0.29	0.85
understanding	0.29	0.96
dank	0.29	1.42
web	0.29	0.51
pussy	0.29	1.95
exchange	0.29	0.73
moon	0.30	0.83
built	0.30	0.71
rip	0.30	1.03
something	0.30	1.39
motherfucking	0.30	1.07
criminal	0.30	0.97
trees	0.30	0.66
era	0.30	0.57
ama	0.30	1.28
ray	0.30	0.78
loser	0.30	1.21
roads	0.30	0.65
mistakes	0.30	2.94
teams	0.30	0.82
confidence	0.30	1.15
trade	0.30	0.66
muse	0.30	0.68
per	0.30	0.87
handed	0.30	0.82
players	0.30	0.90
slang	0.30	1.71
busy	0.30	2.79
metallica	0.30	0.69
rich	0.30	1.35
belt	0.31	1.11
doubt	0.31	1.26
grips	0.31	0.89
festival	0.31	0.68
numbers	0.31	0.84
project	0.31	0.79
default	0.31	0.72
60	0.31	0.78
isnt	0.31	1.26
trip	0.31	0.70
field	0.31	0.60
dumbass	0.31	1.13
won	0.31	0.96
2013	0.31	1.12
little	0.31	1.57
approach	0.31	1.27
bike	0.31	0.65
2000	0.31	0.71
retribution	0.31	0.99
wtf	0.31	1.83
they	0.32	1.34
flirty	0.32	1.95
effort	0.32	0.83
bam	0.32	0.85
extensively	0.32	0.81
120	0.32	0.99
ben	0.32	0.76
gunna	0.32	1.31
bucks	0.32	0.84
prefer	0.32	1.11
chat	0.32	0.96
odds	0.32	1.01
role	0.32	0.68
board	0.32	0.57
running	0.32	0.90
party	0.32	0.98
app	0.32	0.83
5'10	0.33	1.45
conversations	0.33	1.01
thirsty	0.33	2.53
enjoyable	0.33	2.14
nexus	0.33	0.71
paper	0.33	0.55
nick	0.33	0.77
sounding	0.33	1.82
grammar	0.33	3.16
shut	0.33	1.23
nails	0.33	0.86
country	0.34	1.18
deliver	0.34	1.15
ms	0.34	0.80
chance	0.34	0.78
ideas	0.34	0.70
paris	0.34	0.78
del	0.34	0.91
stupid	0.34	1.62
understand	0.34	1.22
lack	0.34	0.83
responsible	0.34	1.60
penises	0.34	0.77
degrees	0.34	0.85
laughs	0.34	2.17
february	0.34	1.42
shh	0.34	1.02
james	0.34	0.68
fish	0.34	0.88
say	0.34	1.33
mini	0.34	0.78
work	0.34	1.19
stare	0.35	1.23
killers	0.35	0.73
sharing	0.35	0.97
technique	0.35	0.69
or	0.35	1.32
format	0.35	1.95
insult	0.35	1.22
there	0.35	1.52
plug	0.35	0.65
google	0.35	0.88
faster	0.35	1.25
gains	0.35	0.93
1/2	0.35	0.86
praise	0.35	0.94
hundred	0.35	0.87
cycle	0.35	0.94
mature	0.35	1.46
makes	0.36	1.40
10	0.36	0.79
grill	0.36	0.96
length	0.36	1.06
shoe	0.36	0.81
slap	0.36	1.34
download	0.36	0.62
jack	0.36	0.68
zombie	0.36	0.77
break	0.36	1.01
dive	0.36	1.05
rose	0.36	0.78
sam	0.36	0.81
arent	0.36	1.35
weather	0.36	0.91
subtle	0.37	1.07
dragons	0.37	0.78
bill	0.37	0.67
now	0.37	1.76
neon	0.37	0.95
map	0.37	0.69
pasta	0.37	0.87
assume	0.37	1.42
os	0.37	0.52
curse	0.37	1.38
button	0.37	0.74
miami	0.37	0.65
sorta	0.37	1.64
ad	0.37	0.80
provide	0.37	0.85
unlikely	0.37	1.47
python	0.37	0.86
goddamn	0.37	1.48
forehead	0.37	1.24
ocean	0.37	0.73
rough	0.38	1.87
obsession	0.38	0.77
jordan	0.38	0.65
keys	0.38	0.69
racing	0.38	0.62
kinds	0.38	0.75
whereas	0.38	0.84
beta	0.38	0.68
reliable	0.38	0.77
library	0.38	0.75
ties	0.38	1.00
boxers	0.38	0.93
canadian	0.38	1.22
laptop	0.38	0.58
van	0.38	0.70
camp	0.38	0.56
u/these-days	0.38	1.23
chocolate	0.38	0.87
install	0.38	0.70
neutral	0.38	0.70
remain	0.38	1.21
maybe	0.38	1.30
suggest	0.38	0.74
lamar	0.38	0.71
general	0.38	0.76
cheaper	0.38	0.93
print	0.39	0.59
bang	0.39	0.68
section	0.39	0.58
info	0.39	0.83
bonus	0.39	0.83
patient	0.39	1.45
topics	0.39	0.94
academy	0.39	0.66
yeezus	0.39	0.74
faggot	0.39	1.05
finish	0.39	0.83
add	0.39	0.96
runescape	0.39	0.56
spring	0.40	0.96
hipster	0.40	0.85
profit	0.40	0.72
bay	0.40	0.73
gift	0.40	0.62
probs	0.40	1.46
rather	0.40	1.45
pros	0.40	0.68
terrifying	0.40	2.23
chicks	0.40	1.04
sounded	0.40	1.51
kendrick	0.40	0.71
shopping	0.41	0.67
ish	0.41	1.19
obviously	0.41	1.45
ooo	0.41	1.34
better	0.41	1.29
perform	0.41	0.61
lbs	0.41	1.07
article	0.41	0.95
sarcasm	0.41	1.44
formal	0.41	0.82
folks	0.41	1.08
invest	0.41	0.80
long	0.41	1.26
bitches	0.42	2.01
skrillex	0.42	0.57
cage	0.42	0.73
compete	0.42	0.60
might	0.42	1.26
chrome	0.42	0.80
provided	0.42	1.12
silly	0.42	1.57
chip	0.42	0.75
saving	0.43	0.87
confirm	0.43	0.91
led	0.43	0.75
redditing	0.43	1.24
trips	0.43	0.63
relaxed	0.43	2.22
west	0.43	0.67
feels	0.43	1.69
features	0.43	0.76
relaxing	0.43	2.00
insert	0.43	0.96
only	0.43	2.74
page	0.43	0.66
complex	0.43	1.52
summer	0.44	0.99
supposedly	0.44	1.03
checks	0.44	1.21
sale	0.44	0.68
shadow	0.44	0.94
hill	0.44	0.70
otherwise	0.44	1.25
ice	0.44	0.80
p.s	0.44	0.88
hard	0.44	2.04
rare	0.44	1.45
string	0.44	0.59
alpha	0.44	1.08
contact	0.44	1.03
clubs	0.44	0.63
lights	0.45	0.87
promise	0.45	1.04
much	0.45	1.48
target	0.45	0.74
def	0.45	0.77
jump	0.45	0.72
childish	0.45	0.87
redditor	0.45	0.83
agree	0.45	1.64
sharp	0.45	1.10
longer	0.45	1.12
even	0.45	1.39
gorillaz	0.45	0.81
similar	0.45	1.21
ugly	0.45	1.70
0	0.45	0.66
u/i_am_batman1	0.45	1.17
tight	0.45	1.52
valentine	0.45	0.59
rhymes	0.45	1.64
tap	0.46	0.82
lord	0.46	1.11
may	0.46	1.05
chevelle	0.46	0.86
mines	0.46	0.91
cried	0.46	2.02
attitude	0.46	1.33
depth	0.46	0.99
latest	0.46	1.05
cook	0.46	1.02
sick	0.46	3.16
frank	0.46	0.72
silver	0.46	0.61
know	0.47	1.36
vampire	0.47	0.66
comparison	0.47	1.15
800	0.47	0.82
lorde	0.47	0.78
fast	0.47	1.76
5	0.47	0.84
top	0.47	2.65
waste	0.47	1.24
knives	0.48	0.66
worn	0.48	0.94
mac	0.48	0.69
slow	0.48	1.78
accepting	0.48	1.18
eagle	0.48	0.63
facial	0.48	1.46
checking	0.48	0.82
bra	0.48	0.93
height	0.48	1.30
scale	0.48	0.64
coach	0.48	0.64
trained	0.48	0.73
4	0.48	0.87
mountains	0.49	0.70
choice	0.49	2.44
audio	0.49	0.90
neither	0.49	1.44
depends	0.49	1.23
prolly	0.49	1.21
drake	0.49	0.79
liar	0.49	1.15
portugal	0.49	0.64
michael	0.49	0.78
queen	0.49	0.80
50	0.49	0.79
race	0.49	0.84
powerful	0.49	1.49
dumb	0.49	1.78
shady	0.49	1.16
drew	0.49	0.53
imagine	0.49	0.96
worry	0.49	1.37
foo	0.49	0.69
fag	0.49	1.16
fl	0.49	0.50
schoolboy	0.49	0.79
sons	0.50	0.63
elaborate	0.50	1.35
surely	0.50	1.00
crew	0.50	0.73
be	0.50	1.29
150	0.50	0.99
joke	0.50	1.18
darude	0.50	1.13
pairs	0.50	0.79
sound	0.50	1.64
cross	0.50	0.62
strokes	0.50	0.79
arcade	0.50	0.73
stronger	0.50	1.21
potato	0.50	0.77
golden	0.50	0.84
thick	0.50	1.54
baked	0.50	0.83
relevant	0.50	1.20
being	0.50	1.58
papers	0.50	0.59
useful	0.50	1.49
justice	0.51	0.85
un	0.51	1.06
acting	0.51	1.31
blog	0.51	0.50
taller	0.51	1.22
letter	0.51	1.09
gravity	0.51	0.67
st	0.51	0.65
hearts	0.51	0.63
boots	0.51	0.82
desktop	0.51	0.54
tech	0.52	0.58
becomes	0.52	1.29
cards	0.52	0.48
internet	0.52	0.72
paint	0.52	0.60
casual	0.52	1.47
wise	0.52	0.88
lil	0.52	1.65
fedora	0.52	1.02
austin	0.52	0.74
theater	0.52	0.62
review	0.52	0.66
explains	0.52	2.16
computer	0.52	0.59
dare	0.53	1.06
club	0.53	0.56
zeppelin	0.53	0.75
version	0.53	0.76
listened	0.53	0.89
surprising	0.53	1.80
vacation	0.53	0.97
pirate	0.53	0.49
highly	0.53	1.08
duh	0.53	1.29
matt	0.53	0.82
font	0.53	1.09
250	0.53	0.81
swim	0.53	0.63
monsters	0.53	0.73
why	0.53	1.40
ft	0.53	0.78
hunt	0.54	0.70
harder	0.54	1.29
logo	0.54	0.71
absolute	0.54	1.97
socks	0.54	0.92
cookie	0.54	0.80
peter	0.54	0.70
hunter	0.54	0.85
radiohead	0.54	0.74
background	0.54	0.78
surprise	0.54	0.69
beach	0.54	0.76
emo	0.54	0.90
miller	0.54	0.79
just	0.55	1.35
elephant	0.55	0.73
humans	0.55	0.77
cinema	0.55	0.72
louis	0.55	0.68
hats	0.55	0.75
arctic	0.55	0.79
pit	0.55	0.77
beard	0.55	1.50
development	0.55	0.66
blank	0.55	0.76
martin	0.55	0.68
600	0.55	0.78
progress	0.56	0.89
feed	0.56	1.02
again	0.56	0.85
sword	0.56	0.64
speech	0.56	1.12
activities	0.56	0.65
individual	0.56	1.04
adds	0.56	0.60
bless	0.56	1.09
horse	0.56	0.76
cliche	0.56	2.09
either	0.56	1.37
monkeys	0.56	0.79
alex	0.57	0.67
paul	0.57	0.60
creepy	0.57	2.38
ghetto	0.57	0.94
organized	0.57	1.26
ginger	0.57	1.10
chief	0.57	0.86
stripes	0.57	0.70
motivated	0.57	1.76
stage	0.57	0.91
dave	0.57	0.70
danny	0.57	1.01
varsity	0.57	0.69
essays	0.58	0.62
lighting	0.58	1.24
earl	0.58	0.80
news	0.58	0.49
software	0.58	0.53
sadly	0.58	1.14
closer	0.58	1.29
remix	0.58	0.60
username	0.58	1.57
hero	0.58	0.59
winner	0.59	1.16
hook	0.59	1.10
office	0.59	0.71
uniform	0.59	0.76
winter	0.59	0.72
prick	0.59	1.58
duty	0.59	0.53
concerts	0.59	0.65
clue	0.59	1.41
please	0.59	1.14
ops	0.59	0.50
results	0.60	0.97
innocent	0.60	1.13
pair	0.60	0.75
nose	0.60	1.39
adam	0.60	0.77
eminem	0.60	0.73
smarter	0.60	1.31
smh	0.60	1.42
check	0.60	0.59
nicer	0.61	1.17
gorilla	0.61	0.71
300	0.61	0.80
parks	0.61	0.68
burgers	0.61	0.71
ship	0.61	0.86
dance	0.61	0.61
en	0.61	1.11
valentines	0.61	0.79
as	0.61	1.52
white	0.61	0.94
ultimate	0.61	0.74
fighters	0.62	0.73
named	0.62	0.63
tone	0.62	1.21
kik	0.62	0.99
heels	0.62	0.96
mess	0.62	0.91
styles	0.62	0.70
shhhh	0.62	0.86
ehh	0.62	1.32
orchestra	0.62	0.57
iv	0.62	0.52
odd	0.62	1.96
slightly	0.62	1.39
expected	0.63	1.16
hilarious	0.63	2.10
san	0.63	0.76
coat	0.63	0.87
warfare	0.63	0.68
passion	0.63	0.80
2	0.63	0.75
released	0.63	0.77
mask	0.63	0.69
beat	0.63	1.26
choir	0.63	0.56
magic	0.63	0.62
asap	0.63	0.82
chili	0.63	0.83
stands	0.64	2.31
diamond	0.64	0.89
recent	0.64	0.70
gambino	0.64	0.75
bow	0.64	0.70
182	0.64	0.63
pink	0.64	0.84
niggas	0.64	1.92
sweatshirt	0.64	0.78
blink	0.64	0.63
downloaded	0.64	0.57
equipment	0.64	0.61
jesus	0.64	1.22
idiot	0.64	1.38
realistic	0.64	1.27
trumpet	0.64	0.73
nerds	0.64	0.69
beast	0.65	0.93
mainstream	0.65	0.70
updated	0.65	0.91
perfect	0.65	1.55
smiling	0.65	1.21
nvm	0.65	2.06
david	0.65	0.62
dragon	0.65	0.62
laugh	0.65	1.45
shape	0.65	1.04
battle	0.65	0.72
more	0.65	1.26
vans	0.65	0.73
pancakes	0.65	0.77
hug	0.65	0.92
underwear	0.66	0.97
captain	0.66	0.69
jay	0.66	0.79
pandora	0.66	0.50
ik	0.66	1.22
expression	0.66	0.96
probably	0.66	1.32
murica	0.66	0.82
peppers	0.66	0.83
trucks	0.67	0.61
scott	0.67	0.96
plus	0.67	1.22
rick	0.67	0.93
yeh	0.67	1.37
hotter	0.67	1.09
roll	0.67	0.84
honesty	0.67	1.04
than	0.67	1.16
modern	0.67	0.62
al	0.67	1.07
sure	0.67	1.57
cs	0.67	0.50
hiding	0.67	0.88
terribly	0.68	1.62
shorter	0.68	1.27
daft	0.68	0.64
million	0.68	0.98
9	0.68	0.70
penguin	0.68	0.78
nirvana	0.68	0.71
nevermind	0.68	2.00
dollar	0.68	0.89
o.o	0.68	1.13
certainly	0.68	1.39
become	0.68	1.14
comfortable	0.68	2.75
electric	0.68	0.72
statement	0.68	2.64
minus	0.68	0.62
atmosphere	0.68	0.89
converse	0.68	0.76
idea	0.68	1.50
mike	0.68	0.56
mean	0.69	1.40
dollars	0.69	0.98
sweater	0.69	0.83
easier	0.69	1.55
retard	0.69	1.08
90s	0.69	0.61
floyd	0.69	0.78
enjoyed	0.69	1.84
q	0.69	0.79
er	0.69	1.21
patrick	0.69	0.96
1	0.69	0.72
blink-182	0.69	0.70
kingdom	0.69	0.52
george	0.69	0.95
fucker	0.69	1.22
professional	0.69	0.74
tu	0.70	1.16
industry	0.70	0.59
decent	0.70	2.01
bit	0.70	1.30
400	0.70	0.87
dressed	0.70	1.13
que	0.70	1.16
yall	0.70	1.75
note	0.70	0.75
word	0.70	2.65
bird	0.70	1.03
opening	0.70	0.89
creator	0.70	0.80
coldplay	0.71	0.83
shall	0.71	0.88
andrew	0.71	0.59
tie	0.71	0.80
je	0.71	1.10
muscular	0.71	1.46
snake	0.71	0.86
flow	0.71	1.62
polo	0.71	0.63
beatles	0.71	0.80
de	0.71	1.13
setup	0.71	0.96
wizard	0.71	0.78
tournament	0.71	0.55
los	0.71	0.97
main	0.71	1.95
jeans	0.71	0.86
tyler	0.72	0.80
chris	0.72	0.81
rocky	0.72	0.74
hoodie	0.72	0.79
weezer	0.72	0.71
generally	0.72	1.61
mfw	0.72	1.00
fitness	0.72	0.76
steam	0.72	0.55
shoes	0.72	0.77
sweatpants	0.72	0.81
owe	0.72	0.81
overly	0.72	1.63
intelligence	0.72	1.00
manner	0.72	1.52
feedback	0.72	0.97
plain	0.73	0.71
quotes	0.73	0.78
clothes	0.73	0.79
confirmed	0.73	0.66
200	0.73	0.84
m'lady	0.73	0.96
leather	0.73	0.82
such	0.73	1.13
tall	0.73	1.37
no	0.73	1.37
draw	0.73	0.56
easter	0.74	1.36
t-shirt	0.74	0.82
lax	0.74	0.61
think	0.74	1.41
marching	0.74	0.76
becoming	0.74	1.30
dig	0.74	1.71
covers	0.74	0.48
reporting	0.74	0.92
scrubs	0.74	0.76
fox	0.74	0.72
assigned	0.74	0.63
ability	0.74	0.95
fancy	0.74	0.97
essay	0.75	0.63
common	0.75	1.49
perhaps	0.75	1.04
medium	0.75	1.22
cow	0.75	0.72
gear	0.75	0.64
d	0.75	1.32
suggestion	0.76	1.00
itunes	0.76	0.48
hunting	0.76	0.59
nerd	0.76	1.21
positive	0.76	1.28
master	0.76	0.97
ftw	0.77	1.19
braces	0.77	1.09
thug	0.77	1.11
arts	0.77	0.71
notes	0.77	0.66
truth	0.77	1.23
update	0.77	0.86
technology	0.77	0.72
recording	0.77	0.73
ryan	0.77	0.66
skinny	0.77	1.27
less	0.77	1.28
threesome	0.77	2.17
du	0.78	1.17
mine	0.78	0.94
thin	0.78	1.52
particularly	0.78	1.50
lover	0.78	0.85
lips	0.78	1.28
7	0.78	0.66
what	0.78	1.41
strike	0.78	0.51
69	0.78	1.04
tame	0.78	0.66
damnit	0.78	1.50
birds	0.78	0.97
aswell	0.78	1.20
nature	0.79	0.75
jimmy	0.79	0.70
3d	0.79	0.78
yoga	0.79	0.96
yolo	0.79	1.50
fury	0.79	1.23
thankful	0.79	2.81
sherlock	0.79	0.78
piano	0.79	0.77
track	0.79	0.65
winning	0.79	0.81
violin	0.79	0.78
lyrics	0.80	0.96
holidays	0.80	1.33
words	0.80	2.66
relatively	0.80	1.55
ol	0.80	1.00
monkey	0.80	0.83
riding	0.80	0.63
studio	0.80	0.66
honestly	0.80	1.42
match	0.80	0.60
king	0.80	0.73
tad	0.80	1.49
warm	0.81	0.88
civ	0.81	0.51
chuck	0.81	0.72
fit	0.81	1.06
shirts	0.81	0.81
jon	0.81	0.71
suggestions	0.81	0.96
idc	0.81	1.18
pillow	0.81	0.93
using	0.82	2.34
paragraph	0.82	1.15
kisses	0.82	0.74
flowers	0.82	0.56
tank	0.82	0.80
names	0.82	0.97
although	0.82	1.56
el	0.82	1.12
archer	0.82	0.75
entertaining	0.82	1.93
drums	0.83	0.75
auto	0.83	2.61
pants	0.83	0.95
meh	0.83	1.90
preferably	0.83	1.31
chubby	0.83	1.65
baseball	0.83	0.67
shorts	0.83	0.92
photoshop	0.83	0.61
wings	0.83	0.77
dexter	0.84	0.78
rings	0.84	0.69
structure	0.84	1.11
slim	0.84	0.96
produce	0.84	0.54
lines	0.84	0.73
volleyball	0.84	0.68
revenge	0.84	0.89
tennis	0.84	0.69
ai	0.84	2.05
soundcloud	0.84	0.53
instrument	0.84	0.75
l	0.84	1.20
wear	0.84	0.96
duck	0.85	0.98
rugby	0.85	0.68
independent	0.85	1.35
minded	0.85	1.43
meaningful	0.85	1.29
wan	0.85	1.27
hills	0.85	0.66
peace	0.85	1.26
blown	0.85	1.38
wrestling	0.85	0.67
partying	0.85	0.95
w	0.85	1.35
lame	0.86	1.84
biggie	0.86	0.77
black	0.86	0.91
suits	0.86	0.58
tops	0.86	0.84
jr	0.86	0.61
thrones	0.86	0.76
tf	0.86	1.74
sing	0.86	0.70
grey	0.86	0.90
instruments	0.86	0.71
unite	0.86	1.23
sport	0.87	0.67
golf	0.87	0.67
worthy	0.87	1.12
cookies	0.87	0.63
vegas	0.87	0.58
valid	0.87	2.53
tail	0.87	0.63
calm	0.87	1.71
yard	0.88	0.74
tip	0.88	0.96
tiger	0.88	0.74
se	0.88	1.17
seemed	0.88	1.52
still	0.88	1.41
jacket	0.88	0.88
pages	0.88	0.62
em	0.88	1.41
williams	0.88	0.74
shiny	0.88	0.87
football	0.88	0.67
team	0.88	0.63
wearing	0.88	0.95
lacrosse	0.88	0.67
soccer	0.89	0.69
gg	0.89	1.43
not	0.89	1.47
bass	0.89	0.78
forgive	0.89	1.70
fitting	0.89	0.95
ski	0.89	0.73
dedicated	0.89	1.43
neighbors	0.89	0.74
soooo	0.89	1.26
weird	0.90	2.36
gettin	0.90	1.87
holiday	0.90	1.32
compliments	0.90	1.03
oddly	0.90	1.69
shirt	0.90	0.88
comfy	0.90	1.06
turtle	0.90	0.55
nay	0.90	1.19
halloween	0.90	1.03
hockey	0.90	0.68
stream	0.90	0.58
powers	0.91	0.60
piercings	0.91	1.31
underground	0.91	0.58
programming	0.92	0.84
tracks	0.92	0.61
player	0.92	0.75
skate	0.92	0.66
x	0.92	0.95
es	0.92	1.19
arrow	0.92	0.80
kanye	0.92	0.67
fairly	0.92	1.59
scary	0.93	2.41
recognize	0.93	0.79
im	0.93	2.25
3232	0.93	1.37
y'all	0.93	1.95
8	0.93	0.65
gary	0.93	0.61
wore	0.94	0.92
hes	0.94	1.24
420	0.94	1.26
listening	0.94	0.82
catching	0.94	1.65
rapper	0.94	0.79
dressing	0.94	1.07
radio	0.94	0.59
surprisingly	0.94	1.34
kinda	0.94	1.88
hoes	0.95	1.81
tool	0.95	0.76
tf2	0.95	0.50
hood	0.95	0.98
importantly	0.95	1.41
matches	0.95	0.70
sarcastic	0.96	1.63
hair	0.96	1.58
records	0.96	0.53
episode	0.96	1.03
design	0.96	0.75
ho	0.96	1.70
ima	0.96	1.56
amp	0.96	1.02
league	0.96	0.61
spotify	0.96	0.53
like	0.96	1.63
hoe	0.96	1.62
god	0.96	1.36
exactly	0.96	1.55
beats	0.96	0.76
competitive	0.96	0.60
really	0.97	1.76
somewhat	0.97	1.60
honey	0.97	1.31
seasons	0.97	0.76
dota	0.97	0.54
colors	0.97	1.00
play	0.97	0.84
ps4	0.97	0.59
face	0.97	1.44
lady	0.97	0.95
cuddling	0.97	0.85
flower	0.98	1.03
very	0.98	1.55
win	0.98	0.94
kind	0.98	1.53
successful	0.98	1.53
voice	0.98	1.08
vocals	0.99	0.68
curly	0.99	1.56
tbh	0.99	2.02
represent	0.99	0.90
irl	0.99	1.28
cartoon	0.99	0.57
catchy	0.99	1.74
pc	0.99	0.61
editing	0.99	0.68
console	0.99	0.63
sentences	0.99	2.57
la	0.99	1.25
lighter	0.99	1.10
dresses	0.99	0.93
cheeks	0.99	1.43
insanely	0.99	1.54
advice	1.00	1.11
tips	1.00	1.06
9/10	1.00	0.65
written	1.00	0.64
blanket	1.00	0.90
33	1.00	1.03
ridiculously	1.00	1.49
drum	1.00	0.58
eye	1.00	1.26
bitch	1.00	1.64
damned	1.00	1.22
7/10	1.01	0.65
z	1.01	0.95
yellow	1.01	1.06
plot	1.01	0.81
digital	1.01	0.57
fifa	1.01	0.57
cents	1.01	0.85
record	1.01	0.63
painting	1.01	0.77
by	1.01	1.81
coincidence	1.01	1.53
mario	1.02	0.68
classic	1.02	1.01
farm	1.02	0.59
clever	1.02	1.14
cunt	1.02	1.46
j	1.02	0.90
son	1.02	1.19
8/10	1.03	0.66
ppl	1.03	1.42
wrote	1.03	0.85
bc	1.03	1.55
guitars	1.03	0.59
supernatural	1.03	0.81
legitimate	1.03	2.25
cheesy	1.03	1.39
legends	1.04	0.56
vibe	1.04	1.46
youtube	1.04	0.58
favourite	1.04	1.95
yesss	1.04	1.37
guide	1.04	0.55
proud	1.04	2.94
bear	1.04	0.66
shit	1.04	1.85
cars	1.04	0.85
band	1.04	0.64
f	1.04	1.12
extremely	1.04	1.56
minecraft	1.05	0.51
adventure	1.05	0.58
chapter	1.05	0.71
basketball	1.05	0.73
dc	1.05	0.64
singer	1.06	0.92
wears	1.06	1.98
actually	1.06	1.44
ofc	1.06	1.31
stuff	1.06	0.99
quite	1.07	1.52
talkin	1.07	1.70
tryna	1.07	1.74
write	1.07	0.68
baby	1.07	1.30
survey	1.08	2.38
kinky	1.08	1.77
mainly	1.08	0.88
hardcore	1.09	0.78
bros	1.09	0.63
proper	1.09	2.21
wild	1.09	0.93
played	1.09	0.72
100	1.09	0.85
tagged	1.09	1.80
channel	1.09	0.89
imma	1.09	1.72
bake	1.09	0.64
batman	1.10	0.67
motion	1.10	0.62
suit	1.10	0.86
green	1.10	1.03
red	1.10	1.09
guitar	1.10	0.78
outta	1.10	1.94
bob	1.11	0.67
holy	1.11	2.32
hugs	1.11	0.80
purple	1.11	1.10
cod	1.11	0.55
famous	1.12	0.73
collection	1.12	0.54
booty	1.12	1.71
season	1.12	0.86
blue	1.12	1.16
sigh	1.13	1.73
cuz	1.13	2.00
incredible	1.13	1.77
h	1.13	1.11
outgoing	1.13	1.87
y	1.13	1.20
too	1.13	1.76
polite	1.13	1.67
swimming	1.13	0.85
supporting	1.13	1.16
hat	1.13	0.87
pie	1.14	0.85
anytime	1.14	1.29
sooo	1.14	1.72
alan	1.14	1.55
clothing	1.14	0.76
das	1.14	1.13
colour	1.14	1.14
imo	1.15	1.21
360	1.15	0.56
cause	1.15	1.59
solo	1.15	0.58
lyfe	1.15	1.41
fight	1.15	0.70
g	1.15	1.06
runner	1.16	0.79
overall	1.16	0.99
zelda	1.16	0.49
e	1.17	1.07
1000	1.17	0.87
amen	1.17	1.36
light	1.17	1.13
bright	1.17	1.10
tha	1.17	1.47
wii	1.18	0.59
videos	1.18	0.89
lel	1.18	1.60
anyway	1.18	1.43
so	1.18	1.67
mum	1.18	1.33
v	1.18	0.76
nothin	1.18	1.73
puns	1.18	1.29
dear	1.18	1.14
dress	1.19	0.89
talent	1.19	0.72
hola	1.19	1.20
playlist	1.19	0.67
ps3	1.19	0.59
colored	1.19	0.97
humble	1.19	1.46
halo	1.19	0.50
pleb	1.19	1.27
color	1.19	1.16
folk	1.20	1.05
climbing	1.20	0.93
haircut	1.20	1.27
fav	1.20	0.96
horses	1.20	0.68
seems	1.20	1.55
welp	1.20	1.36
listen	1.20	0.94
incredibly	1.21	1.59
3ds	1.21	0.53
gta	1.21	0.50
nerdy	1.21	1.53
epic	1.21	1.57
smash	1.21	0.62
input	1.21	1.10
loving	1.22	1.34
yah	1.22	1.84
genius	1.22	1.49
collect	1.22	0.75
dee	1.23	1.49
n	1.23	1.34
genuine	1.23	1.41
production	1.23	0.78
kiddo	1.23	1.39
episodes	1.23	0.85
vinyl	1.24	0.72
ps	1.24	0.89
story	1.24	0.93
include	1.24	0.74
boat	1.24	0.86
singing	1.24	0.67
playing	1.24	0.72
theme	1.25	0.59
jealous	1.25	2.47
swear	1.25	1.48
tattoos	1.25	1.26
sense	1.25	1.32
blues	1.25	0.68
hahaa	1.25	1.78
t	1.25	1.04
poem	1.25	0.71
albums	1.25	0.88
read	1.26	0.72
show	1.26	0.88
poetry	1.26	0.54
xbox	1.26	0.61
c'mon	1.26	1.39
interests	1.27	1.00
definitely	1.27	1.07
skating	1.28	0.93
lost	1.28	1.80
skin	1.28	1.39
sayin	1.28	1.79
toy	1.29	0.75
fo	1.29	1.82
spongebob	1.29	0.68
mega	1.30	1.48
motherfucker	1.30	1.37
jazz	1.30	0.77
prob	1.30	1.55
animals	1.31	0.67
seem	1.31	1.78
10/10	1.31	0.66
ta	1.31	1.68
cus	1.31	1.39
wars	1.31	0.73
dem	1.31	1.64
swag	1.31	1.62
brown	1.32	1.28
faces	1.32	1.28
pets	1.32	0.64
wit	1.32	1.76
yer	1.33	1.46
nigga	1.33	1.85
game	1.33	0.59
athletic	1.33	1.60
writing	1.34	0.55
excellent	1.34	1.71
pale	1.34	1.31
bastard	1.34	1.32
also	1.35	1.50
skyrim	1.35	0.52
natural	1.35	1.06
aint	1.35	1.84
songs	1.35	0.74
dye	1.36	1.25
acoustic	1.36	0.60
mi	1.36	1.30
tan	1.36	1.20
witty	1.36	1.40
fantasy	1.36	0.79
metalcore	1.36	0.86
ill	1.36	1.36
xd	1.37	1.76
yo	1.37	1.78
ma	1.38	1.57
metal	1.38	0.86
costume	1.38	0.79
bands	1.38	0.81
easy	1.38	2.24
enough	1.38	1.48
graphic	1.38	0.62
shhh	1.38	1.33
style	1.38	0.90
star	1.39	0.72
wish	1.39	1.34
da	1.39	1.72
bout	1.39	1.80
harry	1.39	0.68
fallout	1.39	0.45
short	1.39	1.42
watching	1.40	0.87
gt	1.40	1.15
wommy	1.40	1.21
don	1.40	1.51
whats	1.41	1.27
stories	1.41	0.64
ye	1.41	1.39
grateful	1.41	2.27
its	1.43	1.61
rek	1.43	1.35
heck	1.44	1.60
writer	1.44	0.67
pokemon	1.44	0.54
though	1.44	1.52
caring	1.44	1.63
gamer	1.44	0.77
rly	1.45	1.54
rite	1.45	1.47
fellow	1.45	1.45
kek	1.45	0.89
classical	1.45	0.85
goin	1.45	1.75
seriously	1.45	1.52
inspiration	1.45	1.22
mah	1.45	1.77
humor	1.46	1.22
souls	1.46	0.52
jk	1.46	1.74
musician	1.47	0.69
bitcoin	1.47	0.98
intelligent	1.47	1.56
action	1.47	0.72
enjoying	1.47	1.86
wolf	1.47	0.74
potter	1.48	0.66
rekt	1.48	1.47
naturally	1.48	1.60
c	1.48	1.16
hmu	1.48	0.98
worth	1.48	0.97
passionate	1.48	2.07
appreciated	1.49	1.01
hunger	1.49	0.86
theatre	1.49	0.68
punk	1.49	0.86
badass	1.49	2.01
hahahahaha	1.49	1.49
1v1	1.49	1.31
knight	1.50	0.68
dunno	1.50	2.09
hip	1.50	0.88
rock	1.50	0.86
edm	1.50	0.82
fite	1.50	1.40
wot	1.50	1.41
boi	1.51	1.68
killer	1.51	1.08
alt	1.51	0.85
nonetheless	1.51	1.65
rap	1.51	0.78
hop	1.51	0.87
honest	1.52	1.61
b	1.52	1.30
genres	1.52	0.83
gim	1.52	1.55
animal	1.52	0.57
happier	1.52	2.09
pop	1.52	0.90
alternative	1.53	0.88
shrek	1.53	1.41
legit	1.53	1.70
mostly	1.53	0.89
dubstep	1.53	0.88
u/bitcointip	1.54	1.11
electronic	1.54	0.81
tru	1.54	1.62
pleasant	1.54	1.62
dat	1.55	1.82
artists	1.55	0.76
pulp	1.55	0.76
suppose	1.55	1.73
ummm	1.55	1.52
productive	1.55	2.16
ladies	1.56	1.29
k	1.57	1.33
kno	1.57	1.54
sailing	1.57	0.99
indie	1.57	0.88
hobby	1.58	0.95
dun	1.58	1.41
sweg	1.58	1.46
accurate	1.58	1.49
great	1.58	1.56
eyeliner	1.58	1.31
guaranteed	1.59	1.78
bitcoins	1.59	1.03
u	1.59	1.43
trap	1.59	0.80
finished	1.60	1.84
14/m	1.60	1.10
boarding	1.60	1.09
dis	1.60	1.58
comedy	1.61	0.92
fuckin	1.61	1.95
stranger	1.61	1.27
super	1.61	1.63
crazy	1.62	2.19
musical	1.62	0.63
blonde	1.62	1.41
0.2	1.62	1.05
humour	1.62	1.20
legend	1.62	0.50
fun	1.62	1.96
anime	1.62	0.91
verify	1.62	1.12
r	1.62	1.44
hahahaha	1.63	1.71
song	1.63	1.18
advance	1.63	1.87
yours	1.63	1.27
cover	1.64	1.27
fgt	1.64	1.43
omfg	1.64	1.44
manly	1.65	1.83
fiction	1.65	0.70
fuck	1.66	1.80
artist	1.66	0.79
brave	1.66	0.69
bye	1.67	1.79
scene	1.67	1.49
outfit	1.68	0.95
favorites	1.68	1.16
m/16	1.68	1.14
hmmm	1.68	1.70
fine	1.69	1.68
gud	1.69	1.48
creative	1.69	0.97
ouch	1.70	2.03
dancing	1.70	1.00
character	1.70	0.72
watched	1.70	1.66
yiss	1.70	1.50
oi	1.71	1.40
dam	1.71	1.67
genre	1.71	0.72
mane	1.71	1.13
verified	1.72	1.17
sounds	1.72	1.48
horror	1.72	0.91
fuk	1.72	1.48
gucci	1.72	1.49
anyways	1.73	1.59
present	1.73	1.87
birthday	1.73	2.19
uhhh	1.74	1.59
wut	1.74	1.59
uhm	1.74	1.62
album	1.74	1.23
hm	1.75	1.65
dark	1.75	1.13
shows	1.75	0.98
special	1.76	1.21
idk	1.76	1.77
brilliant	1.77	1.49
gurl	1.77	1.58
helpful	1.77	1.44
m8	1.77	1.14
lem	1.77	1.48
wishes	1.78	1.70
lets	1.78	1.40
omg	1.78	1.81
princess	1.78	0.75
netflix	1.78	0.96
sooooo	1.79	1.61
aussie	1.79	1.10
heyo	1.80	1.37
camping	1.80	1.05
doge	1.80	1.06
hella	1.81	1.64
u/changetip	1.81	1.09
wat	1.81	1.66
oooh	1.82	1.70
dawg	1.82	1.84
srs	1.82	1.50
pet	1.83	0.69
close	1.83	2.01
art	1.83	0.83
sir	1.83	1.15
u/ineedmoredogecoin	1.83	1.19
watch	1.83	0.87
ur	1.84	1.53
sum	1.84	1.45
16/m	1.84	1.25
ey	1.84	1.44
500	1.84	1.07
srsly	1.84	1.32
ya	1.84	1.58
ay	1.84	1.50
dope	1.86	2.13
doin	1.86	1.64
celebrate	1.86	2.08
recommend	1.86	1.12
john	1.86	1.42
eyebrows	1.86	1.49
bet	1.87	1.54
ayyy	1.87	1.41
makeup	1.87	1.19
glasses	1.88	1.45
o	1.88	1.42
book	1.88	1.43
computers	1.88	1.19
hah	1.88	1.67
solid	1.88	1.20
lion	1.89	0.64
fishing	1.89	1.12
puppy	1.89	0.99
homie	1.89	1.85
fam	1.89	1.63
18/m	1.89	1.26
attractive	1.89	2.00
disney	1.90	0.76
cuddle	1.90	0.60
plz	1.90	1.03
totally	1.91	1.65
comic	1.91	0.71
magical	1.91	1.24
fair	1.91	1.70
drawing	1.91	1.06
lmao	1.91	1.79
christmas	1.93	2.01
pnd	1.93	1.13
pls	1.93	1.36
biking	1.94	1.23
doe	1.95	1.75
sports	1.95	1.17
hell	1.95	1.74
luv	1.95	1.49
seriousness	1.95	1.13
sup	1.95	1.49
4500	1.95	1.11
u/randomisgood	1.96	1.16
must	1.96	1.64
brah	1.96	2.05
17/m	1.97	1.31
ohhhh	1.97	1.54
interesting	1.98	2.00
guess	1.98	1.66
film	1.98	0.85
actor	1.99	1.17
fashion	2.00	0.89
skiing	2.00	1.23
ayy	2.01	1.50
mr	2.01	1.09
goodness	2.02	1.31
jeez	2.03	1.79
h8	2.03	1.13
favorite	2.04	1.30
eh	2.04	1.75
homepage	2.04	1.15
hope	2.04	1.59
compliment	2.04	1.14
uhh	2.04	1.69
sry	2.04	1.49
gaming	2.04	1.14
pandacoin	2.05	1.15
dog	2.06	0.77
series	2.07	1.35
cutie	2.07	1.26
friendly	2.07	1.88
ohai	2.07	1.06
kidding	2.08	1.76
aye	2.08	1.47
um	2.09	1.63
hot	2.09	1.53
frozen	2.09	1.28
personality	2.09	1.70
bb	2.10	1.53
aha	2.10	1.73
cat	2.10	0.75
homo	2.11	1.53
obsessed	2.11	1.22
ahhh	2.11	1.83
books	2.12	0.87
nicely	2.12	1.48
bby	2.12	1.52
freckles	2.13	1.44
naw	2.13	1.70
lookin	2.13	1.75
reading	2.13	0.95
tv	2.13	1.05
333	2.13	1.45
hehe	2.14	1.55
sorry	2.14	1.71
nope	2.14	1.69
games	2.14	1.11
noice	2.15	1.49
supportive	2.15	1.69
glad	2.16	1.64
heh	2.16	1.62
talented	2.17	1.33
hobbies	2.17	1.19
eyes	2.17	1.39
impressive	2.18	1.59
appreciate	2.18	1.43
unique	2.19	1.36
dogs	2.20	0.67
fucking	2.20	1.71
cake	2.20	1.23
u/pndtip	2.20	0.84
hai	2.21	1.50
aight	2.22	1.67
totes	2.22	1.55
tough	2.22	1.99
well	2.23	1.64
soft	2.23	1.38
agreed	2.23	0.87
characters	2.24	1.15
video	2.24	1.17
bruh	2.24	1.88
3	2.24	1.42
boo	2.24	1.53
ahah	2.24	1.72
ahaha	2.25	1.26
films	2.26	0.95
hello	2.26	1.48
hi	2.26	1.42
darn	2.26	1.57
ha	2.27	1.62
look	2.28	1.80
hiya	2.29	1.30
yay	2.29	1.61
bae	2.30	1.56
hmm	2.30	1.71
ily	2.30	1.55
smart	2.31	1.79
worries	2.32	1.62
thx	2.33	1.51
bits	2.34	1.73
babe	2.34	1.53
uh	2.35	1.70
congratulations	2.36	1.63
p	2.36	1.68
smooth	2.37	1.97
15/m	2.37	1.45
yup	2.38	1.76
yep	2.38	1.73
mate	2.38	1.71
dayum	2.38	1.43
ohhh	2.39	1.68
np	2.41	1.57
lt	2.41	1.53
huh	2.42	1.69
videogames	2.42	1.46
movie	2.42	1.23
gotcha	2.43	1.65
classy	2.43	1.59
woo	2.43	1.59
hahah	2.43	1.67
enjoy	2.44	1.38
hawt	2.45	1.59
hey	2.45	1.60
freaking	2.46	1.59
umm	2.46	1.66
cheers	2.46	1.65
yes	2.46	1.64
cuddles	2.46	1.28
puppies	2.46	0.93
lol	2.48	1.70
props	2.49	1.46
nah	2.50	1.79
ohh	2.51	1.63
ty	2.51	1.36
af	2.51	1.65
lucky	2.51	1.91
okay	2.51	1.67
welcome	2.51	1.64
neat	2.52	1.98
yeah	2.52	1.69
photography	2.52	1.39
ah	2.52	1.69
pal	2.53	1.55
btw	2.53	1.79
thank	2.54	1.57
whoa	2.54	1.73
ahh	2.54	1.70
hahaha	2.54	1.69
rad	2.54	1.69
music	2.54	1.37
ngl	2.55	1.77
yea	2.55	1.71
ok	2.55	1.63
cooking	2.55	1.37
cakeday	2.56	1.70
pretty	2.56	1.75
comics	2.56	1.33
ooh	2.56	1.66
smiles	2.56	1.39
traveling	2.57	1.36
baking	2.57	1.32
funny	2.57	1.79
oh	2.57	1.66
haha	2.58	1.68
bud	2.58	1.69
aw	2.58	1.60
giveaway	2.59	1.52
sucks	2.59	1.91
alright	2.60	1.70
thanks	2.60	1.64
luck	2.61	1.70
buddy	2.61	1.70
re	2.62	1.80
smile	2.62	1.46
indeed	2.63	1.38
aww	2.64	1.52
good	2.64	1.64
pandacoins	2.66	1.40
handsome	2.68	1.62
movies	2.69	1.16
chill	2.71	2.00
qt	2.71	1.42
dude	2.73	1.83
damn	2.73	1.73
thats	2.74	1.78
woah	2.74	1.78
looks	2.75	1.44
awh	2.76	1.38
fabulous	2.78	1.56
beautiful	2.80	1.34
wonderful	2.81	1.08
soundtrack	2.81	0.78
sexy	2.83	1.56
op	2.84	1.72
congrats	2.85	1.76
man	2.85	1.77
bro	2.87	1.78
gosh	2.88	1.66
gorgeous	2.88	1.43
dang	2.90	1.68
wow	2.90	1.61
cute	2.92	1.64
gr8	2.93	0.65
adorable	2.94	1.36
youre	2.95	1.55
cats	2.97	0.79
miss	3.00	0.98
cool	3.02	1.81
tho	3.06	1.78
sweet	3.18	1.38
lovely	3.33	1.17
