quality	-6.07	2.80
poor	-6.06	2.75
silly	-5.66	2.43
ed	-5.66	2.64
plastic	-4.59	2.96
purple	-4.41	3.21
drawing	-4.40	3.40
travel	-4.40	3.10
acting	-4.31	3.09
james	-4.31	2.94
event	-4.15	3.16
nightmare	-4.14	2.67
magical	-4.01	3.04
scared	-3.93	2.65
bang	-3.92	3.08
low	-3.90	3.19
wonderful	-3.87	2.45
bad	-3.83	3.12
stupid	-3.81	2.85
charlie	-3.81	3.18
enter	-3.81	3.29
attention	-3.78	3.23
shadow	-3.78	3.04
dr	-3.76	2.75
george	-3.73	2.64
drama	-3.72	2.83
hurt	-3.68	2.91
tone	-3.68	3.40
connection	-3.66	3.12
christian	-3.64	2.82
happening	-3.64	3.08
cheesy	-3.59	2.84
loud	-3.58	3.21
touch	-3.52	3.10
creatures	-3.50	2.97
convinced	-3.47	3.04
jr	-3.44	2.84
eminem	-3.43	2.97
shitty	-3.41	2.59
documentary	-3.37	3.11
monkeys	-3.34	3.07
focus	-3.34	3.06
besides	-3.31	3.32
silent	-3.28	2.78
creepy	-3.23	2.84
worse	-3.23	2.74
dirty	-3.21	3.14
feels	-3.17	3.19
project	-3.16	3.05
particularly	-3.14	3.15
harder	-3.13	3.00
powers	-3.07	3.02
2014	-3.06	3.36
frustrating	-3.05	2.81
enemy	-3.04	3.14
understand	-3.04	3.33
changed	-3.02	4.02
grace	-3.01	2.85
compilation	-3.01	3.15
instead	-3.00	3.21
trailers	-2.98	3.44
ray	-2.98	2.76
foster	-2.96	2.68
dumb	-2.96	2.16
running	-2.95	3.29
smith	-2.92	2.83
removed	-2.90	3.88
impressed	-2.88	3.02
sucks	-2.88	2.92
mirror	-2.85	3.02
fear	-2.85	2.88
insane	-2.83	2.90
wolf	-2.82	2.88
unless	-2.79	3.56
diner	-2.78	2.87
swear	-2.78	3.21
kelly	-2.74	2.85
reference	-2.74	3.14
glory	-2.73	3.10
confusing	-2.68	4.16
jones	-2.68	3.19
incredibly	-2.66	2.94
morning	-2.65	2.99
hanging	-2.62	3.15
honest	-2.60	3.67
included	-2.60	2.99
snake	-2.59	3.29
tag	-2.57	3.38
deleted	-2.55	4.52
code	-2.54	3.03
ridiculous	-2.53	2.65
revenge	-2.52	2.92
confused	-2.52	4.18
correctly	-2.48	4.17
downvoted	-2.48	3.95
fly	-2.47	3.11
score	-2.46	3.02
killer	-2.46	3.18
aware	-2.45	4.12
mixing	-2.45	4.61
doctor	-2.43	3.33
scary	-2.34	2.68
possibility	-2.32	3.90
mistaken	-2.32	4.49
accidentally	-2.29	3.84
closer	-2.27	4.03
guest	-2.26	3.02
inspired	-2.25	3.96
off	-2.21	4.01
aw	-2.17	3.03
noticed	-2.16	4.22
helpful	-2.15	3.71
wondering	-2.13	4.42
provided	-2.13	3.99
meant	-2.12	4.58
remembering	-2.11	4.55
getting	-2.09	4.22
hard	-2.09	3.07
guessing	-2.08	4.46
saving	-2.05	3.79
ever	-2.04	3.44
such	-2.01	2.88
different	-1.98	4.20
positive	-1.96	4.18
giving	-1.87	3.91
certain	-1.83	4.12
remembered	-1.80	4.10
talking	-1.78	4.42
adam	-1.77	2.91
dangerous	-1.76	2.65
about	-1.75	4.38
clue	-1.75	4.07
missed	-1.72	3.86
forgotten	-1.68	4.02
thinking	-1.67	4.39
directly	-1.67	1.68
higher	-1.66	1.69
completely	-1.66	4.10
following	-1.65	2.83
voice	-1.64	1.76
woods	-1.56	1.49
missing	-1.51	2.07
possible	-1.48	3.82
test	-1.47	1.70
considered	-1.45	2.00
pitched	-1.35	1.78
referring	-1.34	4.17
production	-1.34	1.67
edit	-1.34	3.96
oops	-1.32	3.97
slightly	-1.32	1.71
involved	-1.31	1.86
pitch	-1.29	1.66
map	-1.28	1.83
sugar	-1.28	1.49
big	-1.27	1.78
lose	-1.24	1.37
trapped	-1.24	1.47
minds	-1.17	1.49
candy	-1.17	1.59
sitting	-1.16	1.65
universe	-1.15	1.57
hide	-1.14	1.65
clear	-1.13	1.91
lower	-1.12	1.60
self	-1.10	1.54
vhs	-1.10	1.58
between	-1.10	1.60
changing	-1.08	1.76
special	-1.06	1.55
learning	-1.06	1.44
curious	-1.04	3.07
forest	-1.03	1.45
moving	-1.03	1.56
reader	-1.02	1.69
model	-1.02	1.53
lack	-1.02	1.53
consider	-1.01	1.59
software	-1.00	1.62
hill	-1.00	1.37
greatest	-0.99	2.63
feature	-0.99	1.51
orchestra	-0.98	1.61
added	-0.98	2.37
1995	-0.98	1.58
difference	-0.98	1.48
subject	-0.97	1.86
bits	-0.96	1.93
poster	-0.96	2.27
starting	-0.96	3.26
price	-0.96	1.59
soft	-0.96	1.52
taylor	-0.95	1.45
crew	-0.95	1.69
high	-0.95	1.58
tommy	-0.93	1.45
harry	-0.93	1.54
camera	-0.93	1.50
decent	-0.92	1.60
taken	-0.92	2.11
murder	-0.91	1.60
prince	-0.91	1.45
bloody	-0.91	2.60
shame	-0.91	2.88
jason	-0.89	1.73
gate	-0.88	1.51
mainly	-0.88	1.72
ft	-0.88	1.47
color	-0.88	1.74
release	-0.87	2.07
v	-0.87	1.51
ice	-0.87	1.30
dialogue	-0.86	1.67
beauty	-0.86	1.44
general	-0.85	2.05
justice	-0.85	1.75
horror	-0.84	1.36
bigger	-0.84	1.69
green	-0.84	1.75
note	-0.84	1.70
clean	-0.84	1.46
voices	-0.83	1.44
clothes	-0.83	1.70
mostly	-0.83	1.79
audio	-0.82	1.67
behind	-0.82	1.35
kanye	-0.82	1.55
moved	-0.81	1.82
right	-0.81	3.80
supposed	-0.81	2.55
parody	-0.81	1.69
plane	-0.81	1.54
community	-0.80	1.46
fan	-0.80	2.39
floating	-0.79	1.49
paper	-0.79	1.50
michael	-0.79	1.37
epic	-0.79	1.55
basic	-0.78	2.12
hearing	-0.78	3.05
shown	-0.78	1.56
arms	-0.78	1.95
size	-0.78	1.80
fixed	-0.77	2.02
recording	-0.77	1.67
island	-0.77	1.37
dying	-0.77	2.16
wall	-0.77	1.38
porn	-0.76	1.48
deeper	-0.76	1.61
cave	-0.76	1.41
public	-0.75	1.39
drunk	-0.75	1.85
lion	-0.75	1.34
shoot	-0.75	1.57
truly	-0.75	2.51
graphics	-0.75	1.60
effects	-0.74	1.61
knife	-0.74	1.74
quiet	-0.74	1.51
picked	-0.74	2.25
ben	-0.74	1.54
demon	-0.73	1.48
itself	-0.73	1.51
lazy	-0.73	1.85
yellow	-0.73	1.59
lover	-0.73	1.44
j	-0.73	1.60
feet	-0.73	1.56
news	-0.72	1.79
forgot	-0.72	3.66
bbc	-0.71	1.49
hollywood	-0.70	1.45
photo	-0.70	1.69
bones	-0.70	1.70
simple	-0.70	1.72
direct	-0.70	1.82
smaller	-0.70	1.60
mixed	-0.70	2.69
steve	-0.70	1.47
random	-0.69	1.54
large	-0.69	1.54
rhythm	-0.69	1.81
assumed	-0.69	2.05
rule	-0.69	1.32
animals	-0.69	1.75
wave	-0.69	1.51
henry	-0.69	1.69
99	-0.69	3.18
science	-0.68	1.36
master	-0.68	1.63
uk	-0.68	2.26
comedy	-0.68	1.40
stay	-0.68	1.35
fat	-0.67	1.64
without	-0.67	1.73
brown	-0.67	1.54
shoes	-0.67	1.71
cartoons	-0.67	1.32
situation	-0.66	1.85
frank	-0.66	1.41
towards	-0.66	1.59
present	-0.66	1.34
edited	-0.66	2.27
personal	-0.65	1.40
room	-0.65	1.40
1990	-0.65	1.53
previous	-0.65	2.02
blood	-0.65	1.63
issues	-0.65	1.86
red	-0.64	1.52
bear	-0.64	1.71
2004	-0.64	1.75
changes	-0.64	2.33
produced	-0.64	1.68
instrumental	-0.64	1.54
bob	-0.64	1.51
brain	-0.63	1.51
dancing	-0.63	1.59
alien	-0.63	1.29
warning	-0.63	1.49
level	-0.63	1.36
surprised	-0.63	2.40
racing	-0.63	1.49
white	-0.62	1.53
skit	-0.62	1.50
dj	-0.62	1.83
sign	-0.62	1.47
fine	-0.62	1.67
channel	-0.62	1.59
films	-0.61	1.56
russian	-0.61	1.73
lyric	-0.61	1.54
created	-0.61	1.69
kings	-0.61	1.63
light	-0.61	1.51
grey	-0.61	1.39
scott	-0.60	1.48
black	-0.60	1.54
rob	-0.60	2.06
witch	-0.60	1.54
exists	-0.60	2.00
jim	-0.60	1.61
fish	-0.60	1.48
brothers	-0.59	1.68
sci-fi	-0.59	1.43
breaking	-0.59	1.61
troll	-0.58	2.17
turning	-0.58	2.05
youth	-0.58	1.32
bar	-0.58	1.76
cash	-0.58	1.70
suit	-0.58	1.46
effect	-0.57	1.72
vid	-0.57	1.50
despite	-0.57	1.94
serious	-0.57	1.39
hunt	-0.57	1.43
toys	-0.57	1.45
accent	-0.56	1.59
vocalist	-0.56	1.61
disco	-0.56	2.01
moon	-0.56	1.55
evil	-0.56	1.42
true	-0.56	1.80
british	-0.56	1.67
anthony	-0.56	1.68
parts	-0.55	1.80
onto	-0.55	2.03
street	-0.55	1.37
bag	-0.55	1.42
credit	-0.55	1.53
t	-0.55	1.80
blue	-0.55	1.38
round	-0.55	1.66
obscure	-0.55	1.77
caught	-0.55	1.61
disney	-0.55	1.36
better	-0.55	1.72
del	-0.54	1.42
twist	-0.54	1.92
blade	-0.54	1.83
colour	-0.54	1.78
topic	-0.54	1.85
redditor	-0.54	1.29
nearly	-0.54	1.88
world	-0.54	1.39
simpsons	-0.54	1.60
literally	-0.54	1.69
flying	-0.53	1.57
request	-0.53	1.72
nowhere	-0.53	1.82
dinosaur	-0.53	1.40
tape	-0.53	1.41
robin	-0.53	1.43
angry	-0.53	1.38
reality	-0.53	1.47
western	-0.52	1.66
blank	-0.52	1.65
negative	-0.52	1.75
source	-0.52	1.96
kingdom	-0.52	1.44
wide	-0.52	1.62
featuring	-0.52	1.37
typing	-0.52	1.60
excited	-0.52	1.88
patrick	-0.51	1.28
below	-0.51	2.26
magic	-0.51	1.44
show	-0.51	1.56
leads	-0.50	1.64
kept	-0.50	1.86
term	-0.50	1.59
london	-0.50	1.66
sidebar	-0.50	1.54
ended	-0.50	1.99
unique	-0.49	1.37
apart	-0.49	1.70
leaves	-0.49	1.41
lives	-0.49	1.43
lie	-0.49	1.45
writing	-0.49	1.63
robert	-0.48	1.33
followed	-0.48	1.51
faces	-0.48	1.49
involving	-0.48	1.65
lake	-0.48	1.56
wings	-0.48	1.69
fact	-0.48	1.78
rising	-0.47	1.40
our	-0.47	1.35
massive	-0.47	1.86
table	-0.47	1.69
theres	-0.47	1.94
talk	-0.47	1.65
orange	-0.47	1.39
wilson	-0.47	1.58
air	-0.47	1.51
meaning	-0.47	1.85
passed	-0.47	1.39
arthur	-0.46	1.67
instruments	-0.46	1.62
themselves	-0.46	1.82
shop	-0.46	1.52
service	-0.46	1.71
fall	-0.46	1.64
rose	-0.46	1.33
bright	-0.46	1.43
content	-0.46	1.79
johnson	-0.46	1.38
hbo	-0.46	1.37
famous	-0.46	1.95
bird	-0.46	1.44
obvious	-0.45	2.05
building	-0.45	1.46
meet	-0.45	1.46
foot	-0.45	1.81
wake	-0.45	1.48
steam	-0.45	1.46
setting	-0.45	1.54
sing	-0.45	1.56
product	-0.45	1.45
dave	-0.45	1.38
working	-0.45	1.89
sworn	-0.45	2.44
gay	-0.45	1.82
cast	-0.45	1.49
everywhere	-0.45	1.69
system	-0.44	1.71
impossible	-0.44	1.63
solid	-0.44	1.37
weapons	-0.44	1.86
chase	-0.44	1.45
whether	-0.44	2.20
crash	-0.44	1.60
board	-0.44	1.62
studio	-0.44	1.79
direction	-0.44	1.55
ball	-0.43	1.49
speaking	-0.43	1.55
treasure	-0.43	1.66
irish	-0.43	1.62
pulled	-0.43	1.57
martin	-0.43	1.33
cars	-0.43	1.64
tim	-0.43	1.38
become	-0.43	1.64
levels	-0.43	1.50
empty	-0.42	1.40
tv	-0.42	1.59
journey	-0.42	1.35
hair	-0.42	1.50
army	-0.42	1.26
holding	-0.42	1.38
originally	-0.42	2.25
toy	-0.42	1.58
build	-0.42	1.74
church	-0.42	1.30
movies	-0.41	1.55
action	-0.41	1.44
die	-0.41	1.62
canadian	-0.41	1.70
twin	-0.41	2.13
vibe	-0.41	1.76
appears	-0.41	1.68
host	-0.41	1.59
under	-0.41	2.05
comics	-0.41	1.49
elephant	-0.41	1.84
contact	-0.40	1.43
walls	-0.40	1.28
assume	-0.40	2.32
wood	-0.40	1.38
warriors	-0.40	1.67
period	-0.40	1.52
wayne	-0.39	1.49
wicked	-0.39	1.47
met	-0.39	1.53
hits	-0.39	1.71
fake	-0.38	1.69
elements	-0.38	1.48
linking	-0.38	2.30
fingers	-0.38	1.70
league	-0.38	1.63
titled	-0.38	1.57
creature	-0.38	1.59
asian	-0.38	1.91
princess	-0.38	1.78
office	-0.38	1.48
meme	-0.38	2.16
film	-0.37	1.53
stand	-0.37	1.50
entirely	-0.37	2.63
outer	-0.37	1.60
demo	-0.37	1.50
cd	-0.37	1.47
west	-0.37	1.39
trees	-0.37	1.41
background	-0.37	1.57
<SPECIAL>	-0.36	1.43
<URL>	-0.36	1.43
coming	-0.36	2.18
going	-0.36	2.88
existed	-0.36	2.59
sampled	-0.36	1.49
suppose	-0.36	2.07
given	-0.36	2.32
segment	-0.36	1.57
saturday	-0.35	1.53
notice	-0.35	1.92
theory	-0.35	1.48
referred	-0.35	1.89
glasses	-0.35	1.64
upon	-0.35	1.38
sentence	-0.35	1.86
ship	-0.35	1.52
account	-0.35	2.11
change	-0.35	1.99
front	-0.34	1.57
recorded	-0.34	1.56
whose	-0.34	1.41
turns	-0.34	2.09
arcade	-0.34	1.53
vague	-0.34	2.03
instrument	-0.34	1.55
sean	-0.34	1.48
haunted	-0.34	1.48
feat	-0.34	1.32
actual	-0.34	1.88
fair	-0.34	1.57
japanese	-0.34	1.89
browsing	-0.34	2.41
truck	-0.34	1.52
streets	-0.34	1.46
tony	-0.34	1.72
hole	-0.34	1.48
gang	-0.33	1.52
nights	-0.33	1.61
2002	-0.33	1.30
dinosaurs	-0.33	1.79
spelling	-0.33	2.44
stephen	-0.33	1.41
bug	-0.33	1.86
park	-0.33	1.62
care	-0.33	1.86
range	-0.33	1.50
yo	-0.32	1.80
iron	-0.32	1.44
4chan	-0.32	1.50
drawn	-0.32	1.53
sees	-0.32	1.43
issue	-0.32	1.89
hunter	-0.32	1.47
imagine	-0.32	2.02
tales	-0.32	1.45
edge	-0.32	1.42
heads	-0.32	1.68
spring	-0.31	1.50
realistic	-0.31	1.77
appeared	-0.31	1.57
sam	-0.31	1.33
ends	-0.31	1.45
opinion	-0.31	1.65
folk	-0.31	1.53
assuming	-0.31	2.82
brand	-0.31	1.70
fantasy	-0.31	1.41
monkey	-0.31	1.51
key	-0.31	2.13
form	-0.30	1.85
platform	-0.30	1.47
library	-0.30	1.50
beatles	-0.30	1.56
nuts	-0.30	1.71
anime	-0.30	1.58
comic	-0.30	1.62
mistake	-0.30	1.92
hold	-0.30	1.51
nick	-0.30	1.49
mix	-0.30	1.50
card	-0.30	1.54
lil	-0.30	1.62
saying	-0.30	2.84
shows	-0.30	1.55
sung	-0.29	1.76
animation	-0.29	1.56
2003	-0.29	1.38
turn	-0.29	1.65
ad	-0.29	1.75
tough	-0.29	1.52
king	-0.29	1.40
similarities	-0.29	1.66
50	-0.29	1.64
remake	-0.28	1.44
told	-0.28	2.35
standing	-0.28	1.49
electric	-0.28	1.72
richard	-0.28	1.38
typed	-0.28	1.63
80s	-0.28	1.58
notes	-0.28	1.59
soldier	-0.27	1.63
videos	-0.27	1.67
cartoon	-0.27	1.53
left	-0.27	1.78
follow	-0.27	1.53
tells	-0.27	1.59
hit	-0.27	1.80
living	-0.27	1.51
max	-0.27	1.48
tale	-0.27	1.60
idiot	-0.27	2.10
male	-0.27	1.55
wonder	-0.27	2.41
machine	-0.27	1.30
boss	-0.26	1.44
samples	-0.26	1.49
multiple	-0.26	1.93
jon	-0.26	1.35
detail	-0.26	2.30
cards	-0.26	1.55
animal	-0.26	1.47
silver	-0.26	1.32
society	-0.26	1.47
york	-0.26	1.38
vocals	-0.26	1.58
canada	-0.26	1.62
needed	-0.25	1.46
provide	-0.25	2.31
ground	-0.25	1.43
jungle	-0.25	1.40
rabbit	-0.25	1.43
zombies	-0.25	1.53
milk	-0.25	1.43
william	-0.25	1.47
grew	-0.25	1.34
darker	-0.25	1.71
stock	-0.25	1.65
snow	-0.25	1.77
straight	-0.25	2.08
total	-0.25	1.99
damned	-0.24	1.34
commercials	-0.24	1.76
likely	-0.24	2.28
throwing	-0.24	2.03
fucked	-0.24	2.57
robots	-0.24	1.78
small	-0.24	1.53
bands	-0.24	1.42
summer	-0.24	1.56
miles	-0.24	1.47
built	-0.24	1.63
bus	-0.24	1.66
don	-0.23	1.37
design	-0.23	1.64
usually	-0.23	1.73
recognized	-0.23	2.10
rather	-0.23	1.82
trouble	-0.23	1.72
describes	-0.23	2.12
move	-0.23	1.54
zone	-0.23	1.51
floor	-0.23	1.50
calling	-0.22	1.71
skin	-0.22	1.46
fox	-0.22	1.59
leaving	-0.22	2.02
cold	-0.22	1.83
style	-0.22	1.73
nature	-0.22	1.39
alone	-0.22	1.77
musical	-0.22	1.39
already	-0.22	1.99
cross	-0.22	1.38
places	-0.22	1.79
soldiers	-0.22	1.38
mike	-0.22	1.47
ride	-0.22	1.46
door	-0.22	1.45
felt	-0.22	1.85
logo	-0.22	1.87
2d	-0.21	1.53
mountain	-0.21	1.52
became	-0.21	1.59
devil	-0.21	1.70
died	-0.21	1.55
knew	-0.21	2.38
realized	-0.21	2.44
basically	-0.21	2.23
rip	-0.21	1.67
sometimes	-0.21	1.58
eat	-0.21	1.46
2000s	-0.21	1.63
chord	-0.21	1.84
70	-0.20	1.54
due	-0.20	1.57
speed	-0.20	1.45
guns	-0.20	1.44
forward	-0.20	1.70
singing	-0.20	1.63
ahead	-0.19	1.85
view	-0.19	1.62
century	-0.19	1.74
versions	-0.19	1.85
soundtrack	-0.19	1.56
peace	-0.19	1.63
gone	-0.19	1.80
drugs	-0.19	1.37
unknown	-0.18	1.81
series	-0.18	1.51
tank	-0.18	1.64
thousand	-0.18	1.36
zombie	-0.18	1.76
relevant	-0.18	1.74
accident	-0.18	1.65
z	-0.18	1.38
folks	-0.18	1.44
40	-0.18	2.15
pit	-0.18	1.75
jet	-0.18	1.54
books	-0.18	1.52
worlds	-0.17	1.40
stories	-0.17	1.38
eric	-0.17	1.78
wizard	-0.17	1.34
heavy	-0.17	1.55
sketch	-0.17	1.65
illustrations	-0.17	1.48
3d	-0.17	1.54
points	-0.17	1.59
spy	-0.17	1.58
difficult	-0.17	1.72
written	-0.17	1.40
together	-0.17	2.07
others	-0.17	1.77
collection	-0.17	1.33
ways	-0.17	1.88
samurai	-0.17	1.59
screaming	-0.16	1.58
dvd	-0.16	1.61
telling	-0.16	2.18
huh	-0.16	1.64
dig	-0.16	1.93
traditional	-0.16	1.79
original	-0.16	2.08
cage	-0.16	1.68
rolling	-0.16	1.42
files	-0.16	1.76
empire	-0.16	1.37
takes	-0.16	1.47
hook	-0.16	1.71
frame	-0.16	1.48
walking	-0.16	1.53
phrase	-0.16	1.69
sold	-0.16	1.51
actor	-0.16	1.82
featured	-0.16	1.51
dogs	-0.15	1.49
away	-0.15	2.06
female	-0.15	1.56
sarah	-0.15	1.56
reason	-0.15	2.08
secret	-0.15	1.74
trust	-0.15	1.57
pilot	-0.15	1.61
colors	-0.15	1.86
tries	-0.15	1.59
house	-0.15	1.15
sleeping	-0.15	1.56
said	-0.15	2.53
describing	-0.15	2.91
married	-0.14	1.59
middle	-0.14	1.35
having	-0.14	1.81
major	-0.14	1.52
sure	-0.14	3.00
single	-0.14	1.44
tempo	-0.14	1.57
party	-0.14	1.30
window	-0.14	1.59
sent	-0.14	1.71
seeing	-0.14	2.40
step	-0.14	1.67
allen	-0.14	1.44
realize	-0.14	2.36
lights	-0.14	1.40
chinese	-0.14	1.64
talked	-0.14	1.81
teacher	-0.14	1.54
suggested	-0.14	2.26
romance	-0.13	1.48
vocal	-0.13	1.61
pieces	-0.13	1.64
puzzle	-0.13	1.37
break	-0.13	1.47
used	-0.13	1.67
members	-0.13	1.43
actress	-0.13	1.48
final	-0.13	1.72
keeps	-0.13	1.73
singer	-0.13	1.55
email	-0.13	1.59
2009	-0.13	1.43
piece	-0.13	1.50
mood	-0.13	1.48
keyboard	-0.13	1.54
alex	-0.13	1.59
each	-0.12	1.90
law	-0.12	1.56
mental	-0.12	1.44
means	-0.12	2.01
dies	-0.12	1.52
sunshine	-0.12	1.37
dick	-0.12	1.82
future	-0.12	1.54
social	-0.12	1.44
dog	-0.12	1.48
acoustic	-0.11	1.61
american	-0.11	1.58
chronicles	-0.11	1.44
comments	-0.11	2.24
base	-0.11	1.49
lee	-0.11	1.38
1999	-0.11	1.39
van	-0.11	1.47
monster	-0.11	1.44
x	-0.11	1.52
story	-0.11	1.50
being	-0.11	2.41
jackson	-0.11	1.36
etc	-0.11	1.66
captain	-0.11	1.71
road	-0.11	1.49
format	-0.11	1.83
deep	-0.11	1.40
weekend	-0.11	1.54
matt	-0.11	1.51
flick	-0.10	1.55
sites	-0.10	1.98
mars	-0.10	1.47
network	-0.10	1.59
moment	-0.10	1.62
underground	-0.10	1.68
hip	-0.10	1.81
r	-0.10	1.39
animated	-0.10	1.69
chapter	-0.10	1.47
w	-0.10	1.50
detailed	-0.10	1.80
specifically	-0.10	2.23
shirt	-0.10	1.47
david	-0.10	1.45
five	-0.10	1.58
album	-0.10	1.54
cheap	-0.10	1.57
shape	-0.10	1.81
rules	-0.10	1.53
killing	-0.10	1.58
jazz	-0.10	1.53
mad	-0.09	1.47
protagonist	-0.09	1.42
context	-0.09	1.94
depending	-0.09	1.84
sang	-0.09	1.69
la	-0.09	1.37
adventure	-0.09	1.27
cause	-0.09	1.77
adventures	-0.09	1.46
scenes	-0.09	1.73
replied	-0.08	2.42
boat	-0.08	1.69
via	-0.08	1.80
knight	-0.08	1.42
adaptation	-0.08	1.54
darkness	-0.08	1.40
national	-0.08	1.72
detective	-0.08	1.40
trip	-0.08	1.54
covered	-0.08	1.47
singers	-0.08	1.46
fight	-0.08	1.55
hop	-0.08	1.77
length	-0.08	1.63
laugh	-0.08	1.37
solo	-0.08	1.55
since	-0.08	1.82
less	-0.08	1.76
wear	-0.08	1.46
cell	-0.08	1.42
ability	-0.08	1.52
extremely	-0.08	1.53
earth	-0.08	1.34
knowledge	-0.08	1.43
katy	-0.08	1.22
thinks	-0.08	1.82
looking	-0.07	2.92
shall	-0.07	1.72
club	-0.07	1.73
100	-0.07	2.79
television	-0.07	1.49
send	-0.07	1.69
often	-0.07	1.62
whatever	-0.07	1.84
desert	-0.07	1.60
footage	-0.07	1.81
matter	-0.07	1.78
novel	-0.07	1.41
extra	-0.07	1.67
giant	-0.07	1.39
opposite	-0.07	1.95
symphony	-0.06	1.58
chuck	-0.06	1.33
mary	-0.06	1.70
sex	-0.06	1.54
side	-0.06	1.58
challenge	-0.06	1.51
credits	-0.06	1.65
pirates	-0.06	1.54
classical	-0.06	1.76
access	-0.06	2.04
once	-0.06	1.65
pink	-0.06	1.21
file	-0.06	1.66
little	-0.05	1.65
comment	-0.05	2.31
heaven	-0.05	1.54
finger	-0.05	1.69
interested	-0.05	2.20
indian	-0.05	1.63
material	-0.05	1.52
agent	-0.05	1.47
trick	-0.05	1.53
than	-0.05	1.61
metal	-0.05	1.52
commercial	-0.05	2.04
stop	-0.05	1.70
11	-0.05	1.48
california	-0.05	1.41
hat	-0.05	1.39
turned	-0.05	1.67
peter	-0.05	1.42
zero	-0.04	1.72
learned	-0.04	1.59
easily	-0.04	1.93
op	-0.04	2.60
sense	-0.04	1.77
almost	-0.04	2.78
company	-0.04	1.51
team	-0.04	1.84
art	-0.04	1.62
car	-0.04	1.53
odd	-0.04	1.84
put	-0.04	1.67
music	-0.04	1.71
hall	-0.04	1.33
open	-0.04	1.61
cover	-0.04	1.53
playing	-0.04	2.11
short	-0.03	1.40
guitar	-0.03	1.58
named	-0.03	1.53
jane	-0.03	1.57
barely	-0.03	1.63
beats	-0.03	1.59
aired	-0.03	1.51
author	-0.03	1.48
starring	-0.03	1.39
military	-0.03	1.44
bottom	-0.03	1.65
games	-0.03	1.65
run	-0.03	1.52
weird	-0.03	1.83
ive	-0.03	1.56
complete	-0.03	1.37
ready	-0.03	1.49
country	-0.03	1.69
gary	-0.03	1.81
lead	-0.03	1.52
naked	-0.03	1.41
eyes	-0.03	1.41
ai	-0.02	1.75
spoiler	-0.02	1.61
son	-0.02	1.40
angel	-0.02	1.55
cop	-0.02	1.51
events	-0.02	1.74
common	-0.02	1.92
popular	-0.02	2.06
twice	-0.02	1.80
player	-0.02	1.65
roll	-0.02	1.53
eventually	-0.02	1.49
what	-0.02	2.85
inside	-0.02	1.47
children	-0.02	1.43
episodes	-0.02	1.63
artists	-0.02	1.62
am	-0.01	2.84
guessed	-0.01	2.23
planet	-0.01	1.22
game	-0.01	1.82
regular	-0.01	1.44
galaxy	-0.01	1.62
twitter	-0.01	1.94
mouse	-0.01	1.56
head	-0.01	1.78
sun	-0.01	1.44
foreign	-0.01	1.51
italian	-0.01	1.47
eye	-0.01	1.49
flash	-0.01	1.42
article	-0.01	1.99
tower	-0.01	1.46
whistling	-0.01	1.63
gameplay	-0.01	1.70
shots	-0.01	1.61
live	-0.01	1.62
before	-0.01	1.78
generally	-0.00	1.67
per	-0.00	1.70
device	0.00	1.44
era	0.00	1.60
safe	0.00	1.58
amp	0.00	1.50
happens	0.00	1.83
there	0.00	2.59
uses	0.00	1.37
skip	0.00	1.70
vs	0.00	1.39
references	0.00	1.66
history	0.01	1.61
kiss	0.01	1.45
tracks	0.01	1.59
dragon	0.01	1.42
rapper	0.01	1.74
gotten	0.01	2.22
stone	0.01	1.41
hills	0.01	1.56
2012	0.01	1.40
twilight	0.01	1.56
section	0.01	2.11
discovered	0.01	1.80
especially	0.01	1.49
copy	0.01	1.57
australian	0.01	1.73
wars	0.01	1.43
bed	0.01	1.72
9	0.01	1.45
button	0.01	1.68
swing	0.01	1.59
including	0.02	1.88
include	0.02	1.87
2000	0.02	1.54
piano	0.02	1.60
thoughts	0.02	1.74
stuck	0.02	1.44
fire	0.02	1.49
stage	0.02	1.36
gives	0.02	1.92
painting	0.02	1.57
mask	0.02	1.35
gave	0.02	2.19
mentioned	0.02	2.25
billy	0.03	1.43
letters	0.03	1.43
chick	0.03	1.97
college	0.03	1.44
german	0.03	1.63
pet	0.03	1.49
shooting	0.03	1.61
popped	0.03	2.16
zeppelin	0.03	1.77
noise	0.03	1.49
annoying	0.03	1.65
student	0.03	1.42
clues	0.03	1.81
photos	0.03	1.89
episode	0.03	1.69
pick	0.03	1.99
monsters	0.03	1.41
lines	0.03	1.47
gun	0.03	1.67
possibilities	0.03	1.64
grow	0.03	1.64
blonde	0.03	1.42
queen	0.03	1.46
ps1	0.04	1.47
til	0.04	1.71
official	0.04	1.57
daniel	0.04	1.44
1	0.04	1.84
dead	0.04	1.51
90	0.04	1.62
area	0.04	1.46
albums	0.04	1.54
private	0.04	1.59
filmed	0.04	1.53
everything	0.05	2.11
bass	0.05	1.56
recently	0.05	1.63
normal	0.05	1.74
human	0.05	1.67
thomas	0.05	1.51
13	0.05	1.51
screen	0.05	1.67
happened	0.05	2.03
joe	0.05	1.25
research	0.05	1.56
perspective	0.05	1.55
soul	0.05	1.24
available	0.05	1.65
store	0.05	1.56
clicked	0.05	2.06
jam	0.06	1.58
asking	0.06	2.34
flight	0.06	1.52
strong	0.06	1.41
dark	0.06	1.49
mouth	0.06	1.55
genre	0.06	1.75
garden	0.06	1.76
whistle	0.06	1.69
2008	0.06	1.50
villain	0.06	1.41
johnny	0.06	1.51
simon	0.06	1.31
ninja	0.06	1.48
sorta	0.06	1.81
station	0.06	1.69
specific	0.06	2.48
quote	0.06	1.82
generic	0.06	1.73
numbers	0.06	1.53
cat	0.07	1.40
with	0.07	2.37
robot	0.07	1.47
sample	0.07	1.74
taking	0.07	1.93
into	0.07	1.89
humming	0.07	1.66
alive	0.07	1.59
proper	0.07	1.96
face	0.07	1.55
drums	0.07	1.55
fighter	0.07	1.47
ve	0.07	1.71
hands	0.07	1.63
ryan	0.07	1.38
person	0.07	1.57
2010	0.07	1.47
sequels	0.07	1.49
indie	0.07	1.64
top	0.07	1.99
quest	0.07	1.31
80	0.08	1.53
feel	0.08	2.03
making	0.08	1.91
danny	0.08	1.53
actors	0.08	1.61
along	0.08	1.72
suggest	0.08	1.82
english	0.08	1.58
winter	0.08	1.48
order	0.08	1.67
pc	0.08	1.45
where	0.08	2.40
mode	0.08	1.44
fu	0.08	1.64
lady	0.08	1.42
nation	0.08	1.47
glass	0.08	1.40
only	0.08	2.26
money	0.08	1.39
ending	0.08	1.84
30	0.08	1.65
combination	0.08	1.80
mission	0.08	1.63
melody	0.08	1.72
2006	0.08	1.40
drive	0.08	1.49
group	0.08	1.45
race	0.08	1.47
70s	0.09	1.62
kick	0.09	1.56
report	0.09	1.56
sounding	0.09	1.56
message	0.09	1.49
old	0.09	2.06
wanting	0.09	2.19
posted	0.09	2.12
drum	0.09	1.52
never	0.09	1.72
north	0.09	1.47
business	0.09	1.55
known	0.09	1.82
home	0.09	1.67
slower	0.09	1.65
kevin	0.09	1.40
tonight	0.09	1.67
watching	0.09	2.19
pictures	0.09	1.60
earlier	0.09	1.60
pop	0.09	1.63
record	0.09	1.67
bring	0.09	1.84
ocean	0.10	1.54
warrior	0.10	1.44
rock	0.10	1.58
tree	0.10	1.14
amazon	0.10	1.58
teen	0.10	1.27
published	0.10	1.52
heard	0.10	1.85
released	0.10	1.48
songs	0.10	1.71
express	0.10	1.78
grand	0.10	1.64
local	0.10	1.72
age	0.10	1.43
falling	0.10	1.49
1998	0.10	1.45
techno	0.10	1.53
huge	0.10	1.63
mac	0.10	1.49
linked	0.10	2.08
dinner	0.10	1.46
begins	0.10	1.80
rise	0.10	1.41
fresh	0.10	1.74
recall	0.11	2.41
hilarious	0.11	2.55
version	0.11	1.78
add	0.11	2.13
xbox	0.11	1.38
showed	0.11	1.87
current	0.11	1.51
crystal	0.11	1.42
punch	0.11	1.58
castle	0.11	1.28
mentions	0.11	1.69
states	0.11	1.50
tiny	0.11	1.41
shut	0.11	1.40
muse	0.11	1.60
motion	0.11	1.45
bother	0.11	2.11
know	0.11	2.54
windows	0.11	1.59
review	0.11	1.58
becomes	0.11	1.44
wrote	0.11	1.50
full	0.12	1.73
lists	0.12	1.61
wanted	0.12	1.90
2007	0.12	1.50
ran	0.12	1.47
horse	0.12	1.27
ps2	0.12	1.42
user	0.12	1.89
free	0.12	1.58
culture	0.12	1.37
combat	0.12	1.66
neil	0.12	1.71
beer	0.12	1.45
madness	0.12	1.35
waiting	0.12	1.83
starts	0.12	1.80
punk	0.12	1.40
knowing	0.12	1.63
based	0.12	1.72
upload	0.12	1.68
death	0.13	1.45
clip	0.13	2.04
reading	0.13	2.10
keys	0.13	1.45
bruce	0.13	1.41
time	0.13	1.60
googled	0.13	1.93
personally	0.13	1.46
seconds	0.13	1.64
camp	0.13	1.37
rap	0.13	1.57
alternative	0.13	1.52
wearing	0.13	1.65
eddie	0.13	1.48
classic	0.13	1.50
andy	0.13	1.28
makes	0.13	1.76
date	0.13	1.48
clearly	0.13	1.54
cry	0.13	1.47
chorus	0.13	1.61
artist	0.13	1.60
walk	0.13	1.35
band	0.13	1.49
led	0.13	1.72
spanish	0.14	1.50
distinctly	0.14	1.58
2011	0.14	1.30
electronic	0.14	1.60
ghosts	0.14	1.38
learn	0.14	1.53
super	0.14	1.51
variations	0.14	1.99
titles	0.14	1.66
tomorrow	0.14	1.75
role	0.14	1.57
steps	0.14	1.57
conversation	0.14	1.68
language	0.14	1.49
kate	0.14	1.59
download	0.14	1.73
verse	0.14	1.49
clips	0.14	1.77
remember	0.15	2.45
dance	0.15	1.48
synth	0.15	1.51
here	0.15	2.31
related	0.15	2.07
fairly	0.15	2.07
crying	0.15	1.66
feeling	0.15	1.83
moves	0.15	1.37
explain	0.15	1.97
share	0.15	1.77
same	0.15	2.57
attack	0.15	1.40
town	0.15	1.52
french	0.15	1.58
vocaroo	0.15	1.65
opening	0.15	1.65
temple	0.15	1.46
example	0.15	1.69
examples	0.16	1.73
radio	0.16	1.65
body	0.16	1.56
fighting	0.16	1.43
dan	0.16	1.28
generation	0.16	1.63
type	0.16	1.66
definition	0.16	1.59
rain	0.16	1.34
blog	0.16	1.52
hum	0.16	1.67
around	0.16	1.67
daft	0.16	1.38
says	0.16	1.98
catchy	0.16	1.65
tom	0.16	1.52
yet	0.17	1.71
pic	0.17	1.74
soundcloud	0.17	1.66
path	0.17	1.38
runs	0.17	1.27
on	0.17	1.99
kinds	0.17	2.12
force	0.17	1.51
beach	0.17	1.31
six	0.17	1.67
smile	0.17	1.41
an	0.17	1.69
online	0.17	1.69
crazy	0.17	1.78
names	0.17	2.00
main	0.17	1.51
rage	0.17	1.61
star	0.17	1.42
3rd	0.17	1.45
outside	0.17	1.47
anybody	0.18	1.54
separate	0.18	1.90
are	0.18	2.48
hotel	0.18	1.48
2013	0.18	1.55
90s	0.18	1.57
lies	0.18	1.40
easier	0.18	1.30
math	0.18	1.52
season	0.18	1.60
various	0.18	1.88
wild	0.18	1.53
doo	0.18	1.59
jump	0.18	1.47
seen	0.18	1.68
down	0.18	1.81
why	0.18	2.16
brian	0.18	1.38
perry	0.18	1.31
awhile	0.18	1.51
hand	0.18	1.68
longer	0.18	1.57
stars	0.19	1.36
faster	0.19	1.60
terms	0.19	1.67
putting	0.19	1.83
dragons	0.19	1.44
android	0.19	1.85
12	0.19	1.56
write	0.19	1.57
early	0.19	1.57
double	0.19	1.36
movement	0.19	1.39
dawn	0.19	1.49
eating	0.19	1.39
were	0.19	2.40
more	0.20	1.73
chris	0.20	1.46
fiction	0.20	1.32
doors	0.20	1.32
duck	0.20	1.38
weapon	0.20	1.41
8	0.20	1.64
em	0.20	1.49
sky	0.20	1.31
theme	0.20	1.67
digging	0.20	1.95
john	0.20	1.25
humans	0.20	1.47
deal	0.20	1.38
username	0.20	1.81
suddenly	0.20	1.60
certainly	0.20	2.30
longshot	0.20	1.66
stations	0.20	1.60
words	0.21	1.69
native	0.21	1.38
things	0.21	1.72
describe	0.21	2.01
tune	0.21	1.68
gif	0.21	1.83
crowd	0.21	1.32
late	0.21	1.56
properly	0.21	1.43
golden	0.21	1.26
started	0.21	1.91
decade	0.21	1.56
playlist	0.21	1.75
ghost	0.21	1.38
program	0.22	1.55
beat	0.22	1.46
bridge	0.22	1.49
rpg	0.22	1.32
box	0.22	1.81
point	0.22	2.10
track	0.22	1.71
pass	0.22	1.48
pandora	0.22	1.64
mystery	0.22	1.19
count	0.22	1.50
poem	0.22	1.44
plan	0.22	1.25
netflix	0.22	1.66
sings	0.22	1.33
character	0.22	1.59
anywhere	0.22	1.79
called	0.22	2.12
link	0.22	2.14
blow	0.22	1.61
nes	0.23	1.47
land	0.23	1.40
tell	0.23	1.90
year	0.23	1.60
media	0.23	1.60
lo	0.23	1.58
lived	0.23	1.37
yesterday	0.23	1.57
wait	0.23	2.13
water	0.23	1.40
doing	0.23	2.23
failed	0.23	1.55
web	0.23	1.57
minute	0.23	1.64
spotify	0.23	1.70
somewhere	0.23	1.70
20	0.23	1.70
dunno	0.23	1.99
floyd	0.23	1.15
dress	0.24	1.37
spirit	0.24	1.52
night	0.24	1.37
across	0.24	1.56
south	0.24	1.48
three	0.24	2.02
today	0.24	1.52
wikipedia	0.24	1.77
gets	0.24	1.64
burn	0.24	1.44
him	0.24	1.87
characters	0.24	1.62
times	0.24	1.71
blues	0.24	1.40
comes	0.24	2.05
website	0.24	1.78
mid	0.24	1.55
2001	0.24	1.33
currently	0.24	2.04
4	0.25	1.69
wiki	0.25	1.80
particular	0.25	2.05
always	0.25	1.71
summary	0.25	1.96
sometime	0.25	1.55
trailer	0.25	1.83
throughout	0.25	1.46
hang	0.25	1.44
text	0.25	1.57
wan	0.25	1.79
audience	0.25	1.43
within	0.25	1.57
faq	0.25	1.60
further	0.25	1.68
dream	0.25	1.36
concept	0.25	1.69
jerry	0.25	1.26
picture	0.25	1.78
plus	0.25	1.70
cloud	0.26	1.39
give	0.26	2.00
element	0.26	1.52
2nd	0.26	1.39
2	0.26	1.72
trek	0.26	1.46
storm	0.26	1.32
5	0.26	1.67
stab	0.26	1.56
fyi	0.26	1.46
joel	0.26	1.44
seemed	0.26	1.73
needs	0.26	1.42
6	0.27	1.64
end	0.27	1.71
gon	0.27	2.01
ii	0.27	1.54
bought	0.27	1.44
joke	0.27	1.52
10	0.27	1.68
boy	0.27	1.42
yours	0.27	1.68
girl	0.27	1.46
pages	0.27	1.57
forum	0.27	1.62
mario	0.27	1.39
haunting	0.27	1.32
mean	0.27	2.53
works	0.27	1.62
valley	0.28	1.30
14	0.28	1.57
escape	0.28	1.41
facebook	0.28	1.70
from	0.28	2.05
swedish	0.28	1.47
id	0.28	1.69
next	0.28	1.53
till	0.28	1.53
month	0.28	1.60
sister	0.28	1.28
four	0.28	1.69
15	0.28	1.67
chocolate	0.28	1.35
listening	0.29	1.92
ooh	0.29	1.58
daughter	0.29	1.28
ten	0.29	1.69
youtube	0.29	1.73
listened	0.29	1.82
sequence	0.29	1.65
circle	0.29	1.61
recognise	0.29	1.90
speak	0.29	1.55
came	0.29	1.72
page	0.30	1.85
ted	0.30	1.31
lost	0.30	1.38
book	0.30	1.55
urban	0.30	1.37
take	0.30	1.77
line	0.30	1.80
unlikely	0.30	1.74
updated	0.30	1.63
at	0.30	2.06
kill	0.30	1.56
chance	0.30	2.07
movie	0.30	1.83
their	0.30	1.72
quotes	0.30	1.70
brought	0.30	1.72
return	0.30	1.51
ex	0.31	1.38
minutes	0.31	1.62
computer	0.31	1.47
until	0.31	2.05
pics	0.31	1.67
tool	0.31	1.57
saw	0.31	1.91
must	0.31	1.79
somehow	0.31	1.60
letter	0.31	1.51
seasons	0.31	1.38
brings	0.31	1.47
anyone	0.31	1.63
7	0.31	1.53
would	0.31	1.76
butterfly	0.31	1.37
links	0.31	1.84
sounded	0.31	1.71
ones	0.32	1.72
option	0.32	1.59
kills	0.32	1.37
half	0.32	1.37
or	0.32	1.93
during	0.32	1.45
young	0.32	1.33
players	0.32	1.62
doesnt	0.32	1.68
hidden	0.32	1.41
imgur	0.32	1.57
sorts	0.32	1.69
jack	0.32	1.35
jimmy	0.32	1.54
stretch	0.32	1.87
pain	0.33	1.44
adult	0.33	1.35
phantom	0.33	1.28
asks	0.33	1.65
remind	0.33	1.60
dear	0.33	1.35
through	0.33	1.75
entire	0.33	1.50
japan	0.34	1.66
m	0.34	2.57
plays	0.34	1.62
over	0.34	1.64
they	0.34	2.08
keep	0.34	1.92
url	0.34	1.70
modern	0.34	1.66
google-fu	0.34	1.76
instantly	0.34	1.70
cube	0.34	1.55
years	0.34	1.61
had	0.34	2.08
smart	0.34	1.22
click	0.34	1.81
idea	0.34	2.31
images	0.34	1.48
cream	0.34	1.28
premise	0.34	1.66
mom	0.35	1.56
according	0.35	1.64
christopher	0.35	1.54
teenage	0.35	1.54
tears	0.35	1.35
stopped	0.35	1.65
engine	0.35	1.46
chicken	0.35	1.32
vampire	0.35	1.46
hello	0.35	1.43
coldplay	0.35	1.53
pay	0.35	1.47
hour	0.35	1.55
blind	0.36	1.36
beginning	0.36	1.77
meets	0.36	1.63
randomly	0.36	1.69
dubstep	0.36	1.49
boyfriend	0.36	1.42
spend	0.36	1.64
drop	0.36	1.39
let	0.36	1.96
other	0.36	2.15
week	0.37	1.49
forever	0.37	1.42
nobody	0.37	1.43
city	0.37	1.37
f	0.37	1.35
every	0.37	1.58
aka	0.37	1.38
jay	0.37	1.29
mother	0.37	1.42
wo	0.37	1.95
threads	0.37	1.58
prison	0.37	1.38
explains	0.37	1.61
happen	0.37	2.03
clarify	0.38	1.71
leave	0.38	1.81
took	0.38	1.58
16	0.38	1.55
boys	0.38	1.41
na	0.38	1.88
details	0.38	1.82
days	0.38	1.49
info	0.38	1.90
spent	0.38	1.59
information	0.38	1.87
against	0.38	1.32
scroll	0.38	1.65
mighty	0.38	1.58
video	0.38	1.91
number	0.38	1.68
hours	0.39	1.49
posts	0.39	1.74
trilogy	0.39	1.18
battle	0.39	1.33
mod	0.39	1.69
exist	0.39	1.76
friends	0.39	1.36
fun	0.39	1.66
play	0.39	1.76
sword	0.39	1.34
then	0.39	1.80
us	0.39	1.68
identical	0.39	2.18
least	0.39	1.77
women	0.39	1.53
drink	0.39	1.38
intro	0.39	1.73
months	0.39	1.50
pull	0.40	1.77
thought	0.40	2.08
yourself	0.40	1.60
de	0.40	1.26
ago	0.40	1.59
uncle	0.40	1.28
gear	0.40	1.43
choose	0.40	1.48
hmmm	0.40	1.76
control	0.40	1.39
should	0.40	2.02
searched	0.40	1.68
chemical	0.40	1.47
need	0.40	1.94
father	0.40	1.43
fell	0.40	1.54
nsfw	0.41	1.62
act	0.41	1.44
ask	0.41	1.78
rainbow	0.41	1.24
just	0.41	2.08
asked	0.41	1.74
weeks	0.41	1.48
confirm	0.41	1.89
reminded	0.41	1.90
few	0.41	2.05
went	0.41	1.89
phone	0.41	1.64
jeff	0.41	1.27
two	0.42	2.08
upbeat	0.42	1.54
brother	0.42	1.38
director	0.42	1.27
near	0.42	1.50
own	0.42	1.68
above	0.42	2.14
her	0.42	1.45
new	0.42	1.44
buy	0.42	1.58
some	0.42	2.10
police	0.42	1.44
parents	0.42	1.43
miss	0.42	1.47
shake	0.42	1.49
have	0.43	1.87
amount	0.43	1.30
answered	0.43	1.87
who	0.43	1.51
which	0.43	2.30
up	0.43	1.85
want	0.43	2.01
later	0.43	1.67
past	0.43	1.58
iirc	0.43	1.44
because	0.43	2.12
worry	0.43	1.60
part	0.43	1.91
listed	0.43	1.92
riff	0.43	1.68
made	0.44	1.76
stones	0.44	1.64
narrow	0.44	1.75
app	0.44	1.69
scene	0.44	2.08
start	0.44	1.71
newer	0.44	1.73
come	0.44	1.90
else	0.45	1.48
go	0.45	1.87
lucky	0.45	1.33
nor	0.45	1.62
any	0.45	2.07
immediately	0.45	1.79
many	0.45	2.02
hear	0.45	1.90
paradise	0.45	1.29
using	0.45	1.66
husband	0.45	1.43
beast	0.45	1.38
dad	0.45	1.45
stuff	0.45	1.64
da	0.46	1.37
sleep	0.46	1.31
truth	0.46	1.51
slow	0.46	1.49
his	0.46	1.49
save	0.46	1.54
cats	0.46	1.35
make	0.46	1.84
family	0.46	1.45
except	0.46	1.95
finding	0.46	2.12
apple	0.46	1.46
hot	0.46	1.32
wind	0.46	1.38
crime	0.47	1.18
can	0.47	1.84
people	0.47	1.66
watch	0.47	1.81
alice	0.47	1.25
she	0.47	1.58
long	0.47	1.66
soundhound	0.47	1.57
wife	0.47	1.41
lots	0.47	1.95
field	0.47	1.46
baby	0.47	1.29
cute	0.47	1.42
n	0.47	1.40
them	0.48	1.87
rescue	0.48	1.36
birthday	0.48	1.26
listen	0.48	1.80
do	0.48	2.12
lets	0.48	1.59
dreams	0.48	1.41
anything	0.48	2.03
sort	0.48	2.05
knows	0.48	1.70
use	0.48	1.71
these	0.48	2.09
string	0.49	1.37
if	0.49	2.05
now	0.49	2.23
searching	0.49	1.79
beyond	0.49	1.70
pointing	0.49	2.00
last	0.49	1.59
figure	0.49	1.98
perfectly	0.49	1.94
rings	0.49	1.34
site	0.49	1.66
ll	0.49	1.83
when	0.49	1.71
possibly	0.49	1.80
important	0.49	1.71
25	0.49	1.46
sell	0.49	1.58
shazam	0.50	1.52
will	0.50	1.86
he	0.50	1.61
reddit	0.50	1.74
choice	0.50	1.39
figures	0.50	1.41
several	0.50	1.91
screenshot	0.50	1.81
rush	0.50	1.25
nothing	0.50	1.65
back	0.50	1.62
get	0.50	1.88
out	0.50	1.82
showing	0.50	1.80
see	0.51	2.00
second	0.51	1.74
update	0.51	1.73
title	0.51	1.92
checking	0.51	1.90
sick	0.51	1.28
girls	0.51	1.43
has	0.51	1.65
ladies	0.51	1.37
lyrics	0.52	1.83
descriptions	0.52	1.74
plenty	0.52	1.59
williams	0.52	1.21
word	0.52	2.04
guide	0.52	1.43
after	0.52	1.64
throw	0.52	1.80
lovely	0.52	1.28
browser	0.52	1.72
matches	0.52	2.01
woman	0.52	1.37
myself	0.52	1.77
say	0.52	2.03
rich	0.53	1.40
while	0.53	1.56
how	0.53	2.16
think	0.53	2.32
tomt	0.53	1.50
identify	0.53	1.55
bugging	0.53	1.50
heroes	0.53	1.24
thing	0.53	2.02
mind	0.53	1.81
b	0.53	1.42
synopsis	0.53	1.65
necessarily	0.53	1.58
tongue	0.54	1.65
3	0.54	1.58
bomb	0.54	1.45
heart	0.54	1.33
boom	0.54	1.48
both	0.54	2.03
ideas	0.54	1.77
place	0.54	1.68
list	0.55	1.82
christmas	0.55	0.85
tons	0.55	1.97
recognize	0.55	1.88
couple	0.55	1.87
third	0.56	1.52
questions	0.56	1.62
create	0.56	1.52
cake	0.56	1.33
goodbye	0.56	1.47
imdb	0.56	1.63
l	0.56	1.29
batman	0.56	1.48
himself	0.56	1.41
ass	0.57	1.68
decided	0.57	1.60
answers	0.57	1.64
santa	0.57	1.24
checked	0.57	1.65
maybe	0.57	2.27
potter	0.57	1.30
laughing	0.57	1.84
lonely	0.57	1.30
mention	0.58	2.03
stick	0.58	1.48
described	0.58	2.00
marked	0.58	1.68
pattern	0.58	1.70
thread	0.58	1.81
reminds	0.58	1.88
chip	0.58	1.28
finds	0.58	1.29
space	0.59	1.17
appear	0.59	1.73
googling	0.59	1.70
mark	0.59	1.71
way	0.59	1.81
train	0.59	1.33
fits	0.59	1.93
broken	0.59	1.32
vote	0.59	1.57
ill	0.60	1.79
those	0.60	2.06
bit	0.60	1.72
catch	0.60	1.69
aliens	0.60	1.37
me	0.60	1.68
ca	0.60	2.00
exact	0.60	2.30
angels	0.60	1.37
pm	0.60	1.53
set	0.61	1.67
everybody	0.61	1.38
experience	0.61	1.33
born	0.61	1.32
mobile	0.61	1.89
tried	0.61	1.61
al	0.61	1.32
we	0.61	1.75
whole	0.61	1.67
eh	0.62	1.53
useful	0.62	1.85
strange	0.62	1.42
sea	0.62	1.36
vaguely	0.62	1.94
question	0.62	1.65
upvote	0.62	1.34
searches	0.62	1.62
closest	0.62	1.93
check	0.62	1.83
interview	0.62	1.54
find	0.63	1.89
afraid	0.63	2.35
whenever	0.63	1.54
relatively	0.63	1.33
looked	0.63	1.68
clicking	0.63	1.74
did	0.63	1.95
something	0.63	2.04
anymore	0.63	1.84
worked	0.63	1.49
bunch	0.63	1.98
covers	0.64	1.42
older	0.64	1.57
first	0.64	1.85
image	0.64	1.57
seven	0.64	1.28
ages	0.64	1.51
case	0.65	1.79
lot	0.65	1.95
most	0.65	1.71
minor	0.65	1.43
plot	0.65	1.88
recent	0.65	1.81
r/tipofmypenis	0.66	1.61
apologies	0.66	1.34
funny	0.66	1.76
girlfriend	0.66	1.45
sequel	0.66	1.15
soon	0.67	1.56
bill	0.67	1.54
kinda	0.67	1.76
cant	0.67	1.90
apparently	0.67	1.71
cut	0.67	1.23
flair	0.67	1.70
dont	0.68	2.00
beautiful	0.68	1.73
post	0.68	1.75
wedding	0.68	1.28
joy	0.69	1.24
your	0.69	1.78
been	0.69	1.51
nevermind	0.69	1.79
midnight	0.69	1.31
rest	0.69	1.87
alan	0.70	0.88
all	0.70	1.96
reverse	0.70	1.57
kind	0.70	2.07
scream	0.70	1.34
criteria	0.70	1.84
result	0.70	1.52
life	0.70	1.54
keywords	0.70	1.57
please	0.71	1.72
g	0.71	1.32
coffee	0.71	1.28
standard	0.71	1.35
bells	0.71	1.50
bell	0.71	1.65
enough	0.71	1.79
perhaps	0.72	2.07
even	0.72	1.97
look	0.72	1.84
may	0.72	1.77
done	0.72	1.78
like	0.72	2.05
commenting	0.72	1.59
might	0.72	1.95
posting	0.72	1.73
by	0.72	1.34
far	0.73	1.55
google	0.73	1.57
class	0.73	1.21
goes	0.73	1.45
fit	0.73	1.83
results	0.74	1.53
gods	0.74	1.28
call	0.74	1.62
talks	0.74	1.28
gt	0.74	1.23
try	0.74	1.57
among	0.74	1.33
wants	0.74	1.47
description	0.74	1.88
obviously	0.75	1.50
also	0.76	1.84
honestly	0.76	1.97
guess	0.76	1.94
process	0.76	1.27
growing	0.76	1.03
believe	0.76	2.13
day	0.76	1.17
power	0.77	1.33
lewis	0.77	1.29
found	0.77	1.80
c	0.77	1.33
however	0.77	1.96
delete	0.77	1.71
somewhat	0.78	1.59
be	0.78	1.84
shot	0.78	1.71
wasnt	0.78	1.42
calls	0.79	1.47
probably	0.79	2.20
ugh	0.79	1.48
someone	0.79	1.47
killed	0.79	1.15
forget	0.79	1.67
otherwise	0.79	1.69
state	0.80	1.24
uh	0.80	1.53
agree	0.80	1.74
simply	0.80	1.68
solved	0.81	1.66
exactly	0.81	2.24
sound	0.81	1.82
e	0.81	1.27
search	0.81	1.54
ring	0.81	1.63
child	0.81	1.08
im	0.83	2.13
speech	0.83	1.06
mr	0.83	1.08
2005	0.83	1.22
somebody	0.83	1.36
paced	0.84	1.36
seem	0.84	1.87
doubt	0.84	1.93
food	0.84	1.39
considering	0.84	1.19
another	0.84	2.00
actually	0.85	1.97
r/whatstheword	0.85	1.50
driving	0.85	1.47
similar	0.85	1.88
sharing	0.86	1.31
hoping	0.86	1.42
cowboy	0.86	1.45
remix	0.87	1.38
def	0.87	1.34
memory	0.87	1.45
war	0.87	1.07
does	0.88	1.81
familiar	0.88	1.88
could	0.88	1.70
pretty	0.88	2.06
accurate	0.89	1.61
grade	0.89	1.07
one	0.89	2.06
btw	0.89	1.08
as	0.90	1.62
america	0.90	1.25
o	0.90	1.18
ta	0.90	1.41
watched	0.91	1.43
win	0.91	1.29
sounds	0.91	1.82
work	0.91	1.73
redditors	0.91	1.62
able	0.91	1.51
hm	0.91	1.36
everyone	0.92	1.52
quickly	0.92	1.17
re	0.92	2.21
million	0.92	1.64
features	0.92	1.22
idk	0.92	1.45
le	0.93	1.08
figured	0.93	1.72
again	0.93	1.60
falls	0.93	1.38
seems	0.93	1.81
school	0.93	1.16
read	0.94	1.42
favorites	0.94	1.19
christ	0.95	1.34
bet	0.95	1.50
men	0.95	1.26
guy	0.95	1.43
match	0.96	1.78
name	0.96	1.84
problems	0.98	1.32
friend	0.98	1.42
course	0.98	1.39
balls	0.99	1.38
dang	0.99	1.40
favourite	0.99	1.09
bothering	1.00	1.36
paul	1.00	1.15
usa	1.00	1.28
played	1.01	1.23
k	1.01	1.24
internet	1.01	1.25
got	1.02	1.71
wish	1.03	1.54
finished	1.03	1.38
hopefully	1.04	1.31
steel	1.04	1.38
lord	1.04	1.16
memories	1.05	0.91
miller	1.05	1.25
replies	1.06	1.50
quite	1.07	1.81
xd	1.09	1.39
subreddit	1.09	1.54
answer	1.09	1.45
kids	1.10	1.06
mine	1.10	1.00
saved	1.11	1.24
real	1.11	1.30
close	1.11	1.73
song	1.11	1.69
didnt	1.12	1.69
solve	1.12	1.23
goosebumps	1.13	1.10
worth	1.13	1.61
np	1.14	1.14
marking	1.14	1.40
neat	1.15	1.40
although	1.16	1.75
jesus	1.16	1.13
easy	1.16	1.32
highly	1.16	1.04
darn	1.17	1.57
trying	1.18	1.70
my	1.19	1.31
managed	1.19	1.43
too	1.21	1.73
edward	1.22	1.19
childhood	1.23	0.82
favorite	1.23	1.14
guesses	1.25	1.30
spot	1.26	1.08
its	1.27	1.72
remembers	1.27	1.24
looks	1.27	1.59
younger	1.28	1.03
tip	1.28	1.25
hi	1.29	1.24
really	1.30	1.59
ya	1.30	1.17
isnt	1.30	1.32
hmm	1.30	1.60
trap	1.31	1.21
still	1.31	1.67
expect	1.31	1.39
kid	1.31	1.13
liked	1.33	1.12
dice	1.33	1.46
alright	1.34	1.25
heh	1.34	1.20
r/whatsthatbook	1.36	1.08
well	1.37	1.64
attempt	1.38	1.17
legend	1.39	1.03
either	1.39	1.61
none	1.39	1.49
definitely	1.40	1.64
dammit	1.40	1.09
river	1.41	1.10
aha	1.41	1.16
sub	1.42	1.13
wtf	1.42	1.08
hope	1.43	1.12
solving	1.46	1.00
finally	1.47	1.08
hah	1.48	1.27
helps	1.49	1.34
interest	1.50	0.95
recommend	1.51	1.09
answering	1.51	1.17
ding	1.55	1.15
alas	1.55	1.38
regardless	1.58	1.26
hey	1.61	1.10
cheers	1.61	1.14
luck	1.62	1.14
very	1.63	1.19
woah	1.63	1.00
helped	1.64	1.01
aww	1.68	1.09
d	1.68	1.09
suggestions	1.68	1.14
sorry	1.68	1.37
buddy	1.69	0.98
interesting	1.69	1.25
okay	1.70	1.24
unfortunately	1.72	1.32
nah	1.82	1.19
winner	1.82	0.98
seriously	1.83	1.13
absolutely	1.84	1.04
sadly	1.84	1.19
ahhh	1.85	0.95
help	1.86	0.90
ok	1.86	1.19
fuck	1.87	1.04
whoa	1.88	1.02
pleasure	1.89	0.71
reply	1.90	1.02
neither	1.90	1.17
response	1.90	1.00
reminding	1.92	0.89
good	1.95	1.17
totally	1.96	1.20
though	1.97	1.04
bless	1.97	0.76
p	1.97	0.96
enjoyed	1.98	0.70
indeed	1.99	0.95
sweet	2.00	0.80
kindly	2.00	0.86
ton	2.01	1.00
yay	2.03	0.80
ha	2.03	0.87
helping	2.03	0.91
yesss	2.04	0.84
no	2.05	0.94
hahaha	2.05	0.91
job	2.06	0.94
glad	2.08	0.81
cool	2.08	1.02
worries	2.08	0.80
nope	2.08	1.01
prob	2.09	0.80
hell	2.09	1.00
nonetheless	2.09	0.91
input	2.10	0.92
yea	2.11	0.89
u	2.11	0.79
gold	2.11	0.81
replying	2.12	0.99
yeah	2.12	1.01
ty	2.16	0.73
guys	2.16	0.90
effort	2.16	0.86
alot	2.16	0.86
ahh	2.18	0.83
anyway	2.19	0.85
damn	2.20	0.88
nostalgia	2.22	0.71
tho	2.23	0.83
suggestion	2.23	0.88
enjoy	2.25	0.74
bro	2.25	0.73
quick	2.25	0.81
anyways	2.26	0.81
thx	2.26	0.77
excellent	2.27	0.55
yep	2.28	0.81
shit	2.28	0.93
freaking	2.28	0.94
hero	2.29	0.66
appreciate	2.29	0.79
great	2.29	0.80
problem	2.30	0.67
ah	2.30	0.80
thanks	2.30	0.77
genius	2.30	0.73
gosh	2.30	0.83
mate	2.31	0.71
fast	2.32	0.78
oh	2.32	0.84
crap	2.32	0.85
lol	2.32	0.76
thats	2.32	0.77
yup	2.33	0.75
haha	2.33	0.73
nailed	2.33	0.72
bingo	2.34	0.69
appreciated	2.34	0.68
fucking	2.34	0.83
thankyou	2.35	0.70
lt	2.35	0.63
welcome	2.35	0.59
incredible	2.36	0.47
man	2.36	0.73
so	2.38	0.75
holy	2.41	0.74
wow	2.42	0.73
stranger	2.44	0.59
sir	2.46	0.59
god	2.47	0.62
dude	2.50	0.64
yes	2.50	0.63
thank	2.51	0.61
much	2.52	0.59
omg	2.52	0.59
brilliant	2.54	0.47
perfect	2.58	0.43
