encounter	-5.37	1.00
bad	-4.13	1.56
jerks	-4.10	2.07
disgusting	-4.09	1.32
nightmare	-4.01	1.80
unusual	-3.95	1.77
miserable	-3.93	1.55
ridiculous	-3.84	1.82
gays	-3.79	2.41
smitherman	-3.77	2.51
nuts	-3.75	1.46
unacceptable	-3.71	1.58
drama	-3.67	2.10
surprising	-3.65	2.00
shitty	-3.65	1.42
strange	-3.55	2.05
mess	-3.49	1.74
director	-3.49	2.51
behalf	-3.49	2.42
selfish	-3.48	2.02
everywhere	-3.46	1.81
unfair	-3.41	1.87
stupid	-3.41	2.27
odd	-3.38	2.17
dirty	-3.25	1.84
crap	-3.23	1.62
mob	-3.20	2.45
bizarre	-3.18	1.82
smells	-3.18	1.86
pathetic	-3.17	2.08
state	-3.16	2.53
except	-3.16	2.53
beats	-3.14	2.02
embarrassing	-3.14	1.82
directed	-3.12	2.16
unsafe	-3.09	1.87
incompetent	-3.08	1.82
absolutely	-3.05	2.03
silly	-3.04	2.22
annoying	-3.02	1.99
ever	-3.01	2.71
notes	-3.01	2.64
disingenuous	-3.00	2.38
brutal	-3.00	1.87
poor	-2.99	1.87
anger	-2.96	2.29
embarrassment	-2.96	1.75
damned	-2.93	1.74
sucked	-2.92	1.82
towards	-2.91	2.45
normal	-2.91	1.87
whole	-2.89	2.30
unfortunate	-2.89	1.85
single	-2.88	2.70
actively	-2.87	2.31
blame	-2.86	2.31
considering	-2.85	2.55
hatred	-2.84	2.37
busiest	-2.84	2.84
exact	-2.83	2.10
fear	-2.80	2.30
propaganda	-2.77	2.25
dear	-2.76	1.34
idiotic	-2.75	1.79
nation	-2.74	2.51
remotely	-2.72	2.24
experienced	-2.72	2.50
scary	-2.71	1.96
biggest	-2.70	2.62
openly	-2.69	2.35
basically	-2.69	3.09
frustrating	-2.68	2.54
against	-2.67	2.63
supports	-2.66	2.56
mentality	-2.65	2.11
byford	-2.65	2.53
muslims	-2.64	2.47
both	-2.63	2.60
absolute	-2.62	1.95
gross	-2.62	1.74
dangerous	-2.61	1.33
bullshit	-2.60	1.27
boring	-2.52	2.16
dicks	-2.52	2.17
elites	-2.51	2.16
part	-2.51	2.71
bs	-2.49	1.04
pure	-2.47	1.79
customer	-2.47	2.52
improve	-2.47	2.35
aside	-2.47	1.95
bigotry	-2.47	2.52
ugh	-2.46	1.65
encouraging	-2.45	2.54
jews	-2.45	2.33
angry	-2.44	2.48
childish	-2.43	1.51
disappointing	-2.43	2.22
planet	-2.43	2.56
unreasonable	-2.42	2.39
morons	-2.41	1.23
earth	-2.40	2.43
surprisingly	-2.40	2.43
sucks	-2.39	1.83
fault	-2.39	3.07
confusing	-2.38	1.59
same	-2.38	3.18
sadly	-2.38	1.63
anti	-2.33	2.44
lowest	-2.30	2.95
desperate	-2.30	2.64
suspicious	-2.25	1.53
real	-2.24	2.43
deep	-2.22	2.49
feels	-2.22	1.82
painful	-2.21	2.71
outright	-2.21	1.25
its	-2.21	2.78
idiots	-2.20	1.47
outrageous	-2.19	1.96
unnecessary	-2.17	1.53
cynical	-2.17	2.85
assholes	-2.16	1.44
opposite	-2.15	3.10
bothers	-2.15	2.92
shocking	-2.15	2.24
rest	-2.14	2.56
entitled	-2.14	1.48
weird	-2.14	2.24
extreme	-2.12	1.17
type	-2.12	1.43
history	-2.09	2.71
petty	-2.09	1.58
moron	-2.07	1.33
nonsense	-2.05	1.29
awkward	-2.04	1.65
utter	-2.04	1.19
pandering	-2.02	1.24
utterly	-2.02	1.56
useless	-2.00	1.60
entire	-2.00	1.96
racist	-2.00	1.40
flags	-2.00	2.33
dishonest	-1.98	1.76
plain	-1.98	1.32
piss	-1.95	1.13
ignorance	-1.94	1.46
swear	-1.94	2.07
screwed	-1.93	2.90
difficult	-1.91	2.76
poorly	-1.90	1.21
disaster	-1.90	1.24
homophobia	-1.90	1.29
partisan	-1.88	1.61
ironic	-1.86	2.49
complete	-1.86	1.29
depressing	-1.85	2.26
clusterfuck	-1.85	1.36
lazy	-1.84	1.47
obnoxious	-1.84	1.33
ignorant	-1.83	1.67
christ	-1.81	1.88
israel	-1.81	1.37
lord	-1.81	2.02
racism	-1.80	1.61
harsh	-1.80	1.52
insane	-1.80	2.04
divisive	-1.78	1.35
justified	-1.78	1.59
surprised	-1.77	3.05
racial	-1.76	1.51
corrupt	-1.75	1.39
kind	-1.75	2.55
discrimination	-1.74	1.53
occurs	-1.74	1.53
incapable	-1.73	3.42
fucked	-1.72	2.29
goddamn	-1.72	1.93
moment	-1.71	2.23
irresponsible	-1.71	1.71
jerk	-1.70	2.48
behavior	-1.70	1.27
frustrated	-1.70	2.94
entitlement	-1.70	1.28
fords	-1.70	1.66
offensive	-1.70	1.90
reality	-1.69	2.14
stupidity	-1.69	1.33
fairness	-1.69	3.38
bully	-1.68	1.39
emotional	-1.68	1.52
amazed	-1.66	2.98
affects	-1.66	1.74
exposed	-1.64	1.30
unaware	-1.64	1.71
inappropriate	-1.64	1.59
attitude	-1.64	1.34
toxic	-1.64	1.12
asshole	-1.63	1.47
rage	-1.62	1.24
weak	-1.61	1.61
missing	-1.61	3.56
minded	-1.60	1.56
denying	-1.59	2.02
affected	-1.59	1.77
human	-1.59	1.08
idiot	-1.59	1.56
uninformed	-1.59	1.90
resort	-1.59	1.43
depends	-1.58	1.95
cares	-1.57	2.75
dream	-1.57	2.53
managers	-1.57	1.20
appropriate	-1.57	1.59
acting	-1.57	1.37
spite	-1.57	1.57
horribly	-1.56	1.37
thinks	-1.55	2.77
homophobic	-1.55	1.36
incompetence	-1.55	1.23
excuses	-1.55	1.46
implying	-1.54	3.79
lying	-1.54	1.40
encountered	-1.54	1.84
especially	-1.54	1.58
narrative	-1.54	1.50
terrifying	-1.54	2.24
prick	-1.52	1.49
affect	-1.52	1.75
rhetoric	-1.52	1.31
lgbt	-1.51	1.41
lies	-1.51	1.46
insulting	-1.51	1.72
behaviour	-1.51	1.30
stance	-1.50	1.69
absurd	-1.50	1.49
scare	-1.50	1.69
protesting	-1.50	2.13
full	-1.50	1.29
dumb	-1.49	1.57
piece	-1.49	1.28
twist	-1.49	2.34
agrees	-1.48	2.56
garbage	-1.48	1.22
worthless	-1.48	1.45
pointless	-1.47	1.63
existence	-1.47	1.56
liar	-1.47	1.45
populist	-1.47	1.33
homophobe	-1.47	1.40
given	-1.46	1.87
douchebag	-1.46	1.49
self	-1.46	1.22
hipsters	-1.46	2.43
bound	-1.45	1.46
particular	-1.45	1.94
completely	-1.45	2.29
accusing	-1.45	1.84
excuse	-1.45	1.55
jilly	-1.44	2.67
depending	-1.44	1.61
crackhead	-1.44	1.39
sort	-1.44	1.77
liking	-1.42	2.23
display	-1.42	1.31
impact	-1.41	1.66
sexist	-1.41	1.40
shocked	-1.41	3.02
spreading	-1.41	1.24
freaking	-1.41	1.39
minorities	-1.41	1.40
asses	-1.40	1.48
set	-1.39	1.62
deliberately	-1.39	1.75
poop	-1.39	1.24
change	-1.39	2.29
dismiss	-1.39	2.33
nothing	-1.39	4.10
jackass	-1.38	1.52
simply	-1.38	4.19
fact	-1.37	4.25
virtually	-1.37	2.00
hits	-1.36	1.37
nearly	-1.35	2.24
acceptable	-1.35	1.44
douche	-1.35	1.41
creep	-1.35	1.43
clearly	-1.34	3.92
exists	-1.34	2.24
purely	-1.34	1.62
saying	-1.34	4.12
evil	-1.34	1.32
dependent	-1.33	1.55
point	-1.32	3.85
messed	-1.32	1.57
questionable	-1.31	1.41
circus	-1.31	1.32
precisely	-1.31	1.85
despite	-1.31	2.11
massive	-1.31	1.27
matter	-1.30	4.21
largest	-1.30	2.24
elitist	-1.30	1.25
assume	-1.30	4.06
litter	-1.30	1.22
butts	-1.30	1.25
calling	-1.30	2.24
conspiracy	-1.30	1.24
pattern	-1.29	1.49
presumably	-1.29	1.32
bigot	-1.29	1.47
crowded	-1.28	1.56
familiar	-1.28	2.14
toilet	-1.28	1.19
bastard	-1.28	1.48
base	-1.28	1.50
picking	-1.27	1.50
supporters	-1.27	1.49
rich	-1.27	1.26
flag	-1.26	1.20
regard	-1.26	1.20
rude	-1.26	1.63
important	-1.26	1.70
behave	-1.25	1.46
protest	-1.25	1.35
punishment	-1.25	1.59
shady	-1.25	1.50
proved	-1.24	2.06
why	-1.24	4.25
major	-1.23	1.97
rant	-1.23	1.52
condescending	-1.23	1.54
unless	-1.23	4.34
cunt	-1.22	1.52
zero	-1.22	2.05
coincidence	-1.22	1.90
violence	-1.22	1.64
failure	-1.22	1.43
no	-1.21	2.80
support	-1.21	1.65
circumstances	-1.21	1.67
either	-1.21	4.31
insist	-1.20	1.62
dick	-1.20	1.59
constantly	-1.19	1.99
clever	-1.19	2.45
knows	-1.19	2.58
backwards	-1.19	1.79
almost	-1.19	2.75
approve	-1.18	1.80
whatsoever	-1.18	2.05
scumbag	-1.18	1.42
lie	-1.18	2.20
crappy	-1.18	2.02
exactly	-1.18	4.11
spoiled	-1.17	1.44
trash	-1.17	1.36
going	-1.17	4.27
hub	-1.17	1.94
right	-1.17	4.22
accuse	-1.17	1.41
admit	-1.17	3.23
proves	-1.17	1.79
because	-1.17	4.23
world	-1.17	3.34
equally	-1.17	1.49
tear	-1.16	1.28
ceo	-1.16	1.09
treating	-1.16	1.39
talking	-1.16	4.18
due	-1.16	1.55
scum	-1.16	1.27
normally	-1.16	1.70
doing	-1.16	4.25
practices	-1.15	1.32
essentially	-1.15	2.11
advocating	-1.14	1.95
has	-1.14	2.82
communist	-1.14	1.17
arbitrary	-1.14	1.71
2010	-1.14	1.62
obvious	-1.14	2.13
supporting	-1.13	1.44
yet	-1.13	3.14
since	-1.13	2.59
shit	-1.13	1.75
pollution	-1.13	1.37
ass	-1.13	1.71
causing	-1.13	1.56
direction	-1.13	2.50
describe	-1.12	1.85
group	-1.12	1.58
spectrum	-1.12	1.84
tactic	-1.12	1.69
fucks	-1.12	1.54
ie	-1.12	1.26
covered	-1.12	1.65
obviously	-1.12	4.18
beyond	-1.12	1.97
changed	-1.12	2.14
voter	-1.12	1.42
thinking	-1.11	4.14
disregard	-1.11	1.50
jesus	-1.11	1.93
hardly	-1.11	2.19
which	-1.11	4.21
most	-1.11	3.07
scenario	-1.11	3.00
interests	-1.11	1.40
worse	-1.11	2.57
corruption	-1.10	1.37
average	-1.10	1.62
serious	-1.09	1.68
favour	-1.09	1.75
bicycles	-1.09	1.59
congested	-1.09	1.54
management	-1.09	1.19
criticize	-1.09	1.94
humanity	-1.09	1.39
meaningless	-1.08	1.65
our	-1.08	1.70
2011	-1.08	1.59
suck	-1.08	2.29
miller	-1.07	1.43
threats	-1.07	1.63
bitter	-1.07	1.52
city	-1.07	2.21
god	-1.07	2.15
hypocrisy	-1.07	1.54
competitive	-1.07	1.46
elect	-1.07	1.53
wash	-1.06	1.26
occurred	-1.06	2.27
total	-1.06	1.33
intentionally	-1.06	2.09
engaging	-1.06	1.70
demanding	-1.06	1.83
hitler	-1.06	1.66
promoting	-1.05	1.57
communications	-1.05	1.27
blaming	-1.05	1.91
bullying	-1.05	1.36
mayors	-1.05	1.33
wing	-1.05	1.36
smell	-1.05	1.20
2006	-1.05	1.63
bin	-1.04	1.34
reduced	-1.04	1.60
inability	-1.04	1.61
lack	-1.04	1.60
attacks	-1.04	1.54
works	-1.04	2.66
been	-1.04	2.67
um	-1.04	2.05
happened	-1.04	2.83
activity	-1.03	1.47
prevent	-1.03	1.80
appeal	-1.03	1.60
household	-1.03	1.39
bikers	-1.03	1.64
believes	-1.03	2.10
immediate	-1.03	1.43
country	-1.03	2.16
being	-1.02	2.14
butt	-1.02	1.37
nobody	-1.02	2.89
war	-1.02	1.41
highest	-1.02	3.41
cyclists	-1.02	1.66
process	-1.02	1.88
divide	-1.02	1.38
understanding	-1.02	2.33
done	-1.02	3.14
mcguinty	-1.02	1.31
voters	-1.02	1.52
aggressive	-1.01	1.49
clue	-1.01	3.02
badly	-1.01	1.93
huge	-1.00	1.59
re	-1.00	4.19
decrease	-1.00	1.52
abusive	-1.00	1.42
equal	-1.00	1.46
never	-1.00	2.81
signs	-0.99	1.66
pleasure	-0.99	1.00
everything	-0.99	3.67
minds	-0.99	1.66
causes	-0.99	1.58
implied	-0.98	3.68
frustration	-0.98	1.42
trans	-0.98	1.31
confused	-0.98	3.18
flawed	-0.97	2.28
fool	-0.97	1.76
bob	-0.97	1.38
accountable	-0.97	1.51
cyclist	-0.97	2.38
stress	-0.96	1.47
ford	-0.96	1.76
who	-0.96	2.80
twice	-0.96	2.35
compare	-0.96	1.91
enormous	-0.96	1.31
perceived	-0.96	1.71
pile	-0.96	1.41
creates	-0.96	1.41
rights	-0.96	1.43
understands	-0.96	2.26
olympics	-0.96	1.19
defend	-0.96	2.17
mpp	-0.96	1.33
expected	-0.95	2.14
offended	-0.95	3.01
had	-0.95	2.52
tactics	-0.95	1.58
agree	-0.95	4.19
depend	-0.95	2.11
vulnerable	-0.95	1.44
reduce	-0.95	1.60
depression	-0.94	1.56
drunken	-0.94	1.39
seems	-0.94	2.18
dealt	-0.94	2.02
anything	-0.94	3.32
rarely	-0.94	1.88
drivers	-0.94	1.58
targeted	-0.94	1.43
declare	-0.94	1.54
conduct	-0.94	1.32
alcoholic	-0.93	1.43
campaigning	-0.93	1.55
big	-0.93	1.65
general	-0.93	1.55
costly	-0.93	1.86
happen	-0.93	3.05
once	-0.93	2.65
beating	-0.93	1.50
bias	-0.93	1.84
24/7	-0.93	0.97
conditions	-0.93	1.42
screw	-0.92	1.77
such	-0.92	1.84
identical	-0.92	1.73
consensus	-0.92	1.81
frequently	-0.92	1.70
caused	-0.92	1.71
moments	-0.92	1.60
seemed	-0.92	2.13
belief	-0.92	1.89
merely	-0.92	2.31
supported	-0.92	1.42
gay	-0.91	1.38
ideology	-0.91	1.72
developing	-0.91	1.32
voted	-0.91	1.53
dig	-0.91	1.57
any	-0.91	2.75
merit	-0.91	1.96
justify	-0.90	2.39
ripped	-0.90	1.44
executive	-0.90	1.25
feelings	-0.90	1.39
only	-0.90	3.30
refers	-0.90	1.57
however	-0.89	4.18
ran	-0.89	1.75
involving	-0.89	1.68
increasing	-0.89	1.54
politics	-0.89	1.58
sketchy	-0.89	1.48
convince	-0.89	2.73
faith	-0.89	1.53
imagine	-0.89	3.34
increased	-0.89	1.51
kinda	-0.89	2.36
assuming	-0.88	3.87
addict	-0.88	1.45
learned	-0.88	2.11
teenagers	-0.88	1.25
toward	-0.88	1.62
inherently	-0.88	2.00
dislike	-0.88	2.53
unlike	-0.88	1.46
significant	-0.88	1.51
laughed	-0.88	1.68
reduction	-0.88	1.61
approaching	-0.88	2.26
leaning	-0.87	1.51
portion	-0.87	1.60
coach	-0.87	1.23
changes	-0.87	1.95
delusional	-0.87	1.77
protests	-0.87	1.20
recognize	-0.87	2.15
actual	-0.86	1.72
advantage	-0.86	1.61
applies	-0.86	1.98
vary	-0.86	1.89
officials	-0.86	1.42
effect	-0.86	1.92
suffer	-0.86	1.53
elite	-0.85	1.33
bothered	-0.85	3.21
happening	-0.85	3.39
already	-0.85	3.16
admitting	-0.85	1.69
former	-0.85	1.28
hiding	-0.85	1.69
typical	-0.85	1.28
christian	-0.85	1.15
committed	-0.85	1.69
attempts	-0.85	1.69
naive	-0.84	3.19
besides	-0.84	1.96
exist	-0.84	3.33
happens	-0.84	2.93
potential	-0.84	1.59
gridlock	-0.84	1.72
abuse	-0.84	1.59
guilt	-0.84	1.61
focused	-0.84	1.61
deny	-0.83	2.33
problem	-0.83	2.81
encourage	-0.83	1.51
together	-0.83	1.96
higher	-0.83	1.68
were	-0.83	3.11
feel	-0.83	2.76
digging	-0.83	1.55
unrelated	-0.83	2.10
solve	-0.83	2.38
unlikely	-0.83	1.97
knowing	-0.83	3.08
deeply	-0.83	2.04
ve	-0.82	2.45
focus	-0.82	2.17
step	-0.82	2.38
dump	-0.82	1.41
seeing	-0.82	3.18
fighting	-0.82	1.60
cause	-0.82	1.92
hurt	-0.82	2.30
seen	-0.82	2.61
agreed	-0.82	2.77
role	-0.82	1.65
parties	-0.82	1.49
politicians	-0.81	1.78
stop	-0.81	2.84
kicked	-0.81	1.54
facing	-0.81	1.55
reducing	-0.81	1.59
running	-0.81	2.36
identify	-0.81	2.10
regular	-0.81	1.62
passing	-0.81	2.48
muslim	-0.81	1.43
across	-0.81	1.96
thing	-0.81	2.76
pedestrians	-0.81	1.81
absence	-0.81	1.76
responsibility	-0.81	1.81
imho	-0.81	1.25
lame	-0.81	1.85
root	-0.81	1.92
contrary	-0.81	2.03
anxiety	-0.81	1.50
stepping	-0.80	2.27
rush	-0.80	1.62
customers	-0.80	1.78
backed	-0.80	2.20
pretend	-0.80	3.50
losing	-0.80	1.93
signal	-0.80	2.50
bitch	-0.80	1.64
literally	-0.80	2.82
privilege	-0.80	1.66
neutral	-0.80	1.36
define	-0.79	1.92
indication	-0.79	2.37
packed	-0.79	1.58
abandoned	-0.79	1.34
chunk	-0.79	1.62
beat	-0.79	1.86
involved	-0.79	2.28
sometimes	-0.79	2.31
nor	-0.79	2.58
avoided	-0.79	1.72
sets	-0.79	1.21
proven	-0.79	2.39
increase	-0.79	1.49
lower	-0.79	1.63
junk	-0.79	1.23
moving	-0.79	3.24
booked	-0.79	1.53
fucking	-0.79	1.72
known	-0.79	1.90
vice	-0.78	1.13
welfare	-0.78	1.71
middle	-0.78	1.83
left	-0.78	2.60
organized	-0.78	1.49
upset	-0.78	2.70
justification	-0.78	1.95
illegal	-0.78	1.83
legitimate	-0.78	1.62
screaming	-0.78	1.72
apparent	-0.77	1.61
success	-0.77	1.88
acted	-0.77	1.75
failed	-0.77	1.89
applied	-0.77	1.61
freedom	-0.77	1.62
imply	-0.77	2.82
differently	-0.77	1.95
relate	-0.77	2.80
neither	-0.77	2.24
determine	-0.77	2.20
clown	-0.77	1.53
standard	-0.76	1.54
remember	-0.76	3.40
crosswalk	-0.76	2.49
one	-0.76	3.16
gang	-0.76	1.56
successfully	-0.76	2.07
cleaning	-0.76	1.36
ignore	-0.76	2.49
two	-0.76	1.80
somehow	-0.76	2.89
when	-0.76	3.25
cared	-0.76	2.18
joke	-0.76	2.57
everyone	-0.76	3.05
minority	-0.76	1.39
america	-0.75	2.09
finance	-0.75	1.32
disappointed	-0.75	3.12
faced	-0.75	1.45
ensure	-0.75	1.82
intersection	-0.75	2.56
political	-0.75	1.62
truth	-0.75	2.82
attention	-0.75	2.15
convinced	-0.75	2.73
anybody	-0.75	3.00
recall	-0.75	2.45
associated	-0.75	1.60
whether	-0.75	3.31
turning	-0.75	2.60
danger	-0.75	1.88
constituents	-0.75	1.36
states	-0.75	1.79
physical	-0.75	1.61
distracted	-0.75	1.79
measure	-0.75	1.59
threat	-0.74	1.58
prove	-0.74	3.04
funny	-0.74	2.49
turns	-0.74	2.58
misleading	-0.74	2.23
uncomfortable	-0.74	2.71
personality	-0.74	1.32
driving	-0.74	1.78
95	-0.74	1.63
accomplished	-0.74	2.41
turn	-0.74	2.67
seemingly	-0.74	1.64
says	-0.74	2.53
reminded	-0.74	1.69
about	-0.74	3.37
logic	-0.74	2.88
said	-0.74	3.25
permitted	-0.74	2.14
else	-0.74	3.42
among	-0.74	1.67
rob	-0.74	1.80
healthcare	-0.74	1.76
gone	-0.74	2.54
freeze	-0.73	1.11
hating	-0.73	2.40
hyperbole	-0.73	2.07
jumped	-0.73	1.77
substantial	-0.73	2.02
engaged	-0.73	1.37
understand	-0.73	3.59
participate	-0.73	1.50
bag	-0.73	1.39
innocent	-0.73	1.81
inevitable	-0.73	1.52
high	-0.73	1.61
system	-0.73	1.69
occur	-0.73	2.16
merge	-0.73	2.52
noticed	-0.73	2.33
solely	-0.73	1.69
hands	-0.73	1.74
disagree	-0.73	3.87
getting	-0.73	3.37
issue	-0.72	2.71
defined	-0.72	1.65
direct	-0.72	1.42
province	-0.72	1.86
collision	-0.72	2.09
yelling	-0.72	1.80
doug	-0.72	1.77
mandate	-0.72	1.39
slowly	-0.72	2.07
indicate	-0.72	2.01
instead	-0.72	2.95
communication	-0.72	1.46
necessarily	-0.72	3.13
complicated	-0.72	1.89
judgement	-0.72	2.14
defending	-0.72	2.28
practically	-0.72	1.89
overnight	-0.71	1.60
routinely	-0.71	1.61
manager	-0.71	1.31
dropping	-0.71	1.83
bush	-0.71	1.15
potentially	-0.71	1.75
constant	-0.71	1.32
accomplish	-0.71	3.12
fuck	-0.71	2.29
defense	-0.71	1.80
councilors	-0.71	1.47
net	-0.71	1.46
budgets	-0.71	1.46
reason	-0.71	3.35
current	-0.71	1.73
usually	-0.71	2.45
coming	-0.70	3.26
decade	-0.70	2.36
strength	-0.70	1.45
phase	-0.70	1.68
clients	-0.70	1.42
damaging	-0.70	1.60
religious	-0.70	1.45
threaten	-0.70	1.87
representative	-0.70	1.45
low	-0.70	1.60
speech	-0.70	1.38
without	-0.70	2.54
crazy	-0.70	1.91
half	-0.70	2.07
horse	-0.70	1.23
result	-0.70	2.00
g20	-0.70	1.66
anyone	-0.70	3.40
raises	-0.70	1.44
conflict	-0.70	1.86
pieces	-0.70	1.18
fine	-0.70	4.16
certain	-0.70	1.89
squeeze	-0.69	2.51
an	-0.69	1.83
every	-0.69	2.33
regardless	-0.69	2.31
proceed	-0.69	2.57
ignoring	-0.69	2.43
involves	-0.69	1.86
flow	-0.69	1.71
reached	-0.69	1.90
attacking	-0.69	1.75
violent	-0.69	1.62
stretch	-0.69	1.40
switched	-0.68	1.76
matters	-0.68	2.31
drunk	-0.68	1.48
attack	-0.68	1.70
felt	-0.68	1.96
demands	-0.68	1.55
skills	-0.68	1.84
individual	-0.68	1.86
desperately	-0.68	1.93
spends	-0.68	1.72
anywhere	-0.68	3.43
confidence	-0.68	1.68
filled	-0.68	1.27
progress	-0.68	1.79
deal	-0.68	2.57
cleaned	-0.68	1.59
exception	-0.67	2.14
killing	-0.67	1.62
whose	-0.67	1.57
motorists	-0.67	1.83
factor	-0.67	1.81
otherwise	-0.67	3.45
severe	-0.67	1.63
goes	-0.67	2.77
lesser	-0.67	1.51
passive	-0.67	1.32
into	-0.67	2.74
mind	-0.67	3.53
explain	-0.67	3.42
quite	-0.67	2.18
care	-0.67	3.29
shouting	-0.67	1.73
argue	-0.67	3.44
politician	-0.67	2.10
leaders	-0.67	1.55
driver	-0.67	2.02
situations	-0.67	1.80
officially	-0.67	2.14
where	-0.67	3.68
we	-0.67	3.62
usual	-0.67	1.44
should	-0.67	3.63
laughing	-0.67	1.79
shout	-0.66	1.82
tl	-0.66	1.51
ability	-0.66	2.31
survive	-0.66	2.06
rally	-0.66	1.56
case	-0.66	2.98
difference	-0.66	3.16
protect	-0.66	1.71
frankly	-0.66	1.77
marriage	-0.66	1.17
wonder	-0.66	3.26
amounts	-0.66	1.39
mental	-0.66	1.72
body	-0.66	1.55
blows	-0.66	1.42
focusing	-0.66	2.43
suggesting	-0.66	2.94
slow	-0.65	1.97
struggle	-0.65	1.71
by	-0.65	2.38
responsible	-0.65	1.91
previously	-0.65	2.30
leadership	-0.65	1.60
action	-0.65	1.90
pride	-0.65	1.12
did	-0.65	3.61
arguing	-0.65	3.29
lane	-0.65	2.48
supporter	-0.65	1.82
fair	-0.64	2.48
tried	-0.64	2.67
failing	-0.64	1.89
equality	-0.64	1.43
therefore	-0.64	2.44
illness	-0.64	1.63
hypothetical	-0.64	1.93
realistically	-0.64	2.39
countless	-0.64	1.89
perception	-0.64	1.89
administration	-0.64	1.45
greater	-0.64	1.54
fantasy	-0.64	1.13
accident	-0.64	2.06
stopped	-0.64	2.62
tight	-0.64	1.56
buyer	-0.64	1.42
lately	-0.64	1.92
grow	-0.63	2.01
doubt	-0.63	3.32
opponents	-0.63	1.71
reverse	-0.63	1.70
manage	-0.63	2.40
believing	-0.63	1.89
seem	-0.63	3.09
chance	-0.63	2.82
upon	-0.63	1.82
working	-0.63	2.81
anti-ford	-0.63	1.52
setting	-0.63	1.73
repeat	-0.63	1.99
heck	-0.63	1.89
remind	-0.63	2.39
closely	-0.63	2.11
worried	-0.63	2.92
problems	-0.63	2.04
mayor	-0.63	1.55
deciding	-0.63	2.46
chief	-0.63	1.44
deserve	-0.63	2.33
99	-0.63	1.70
claiming	-0.63	2.58
prime	-0.63	1.23
canada	-0.63	2.01
david	-0.63	1.42
hide	-0.63	2.62
member	-0.63	1.37
paying	-0.62	2.88
gotten	-0.62	2.38
proposing	-0.62	1.66
sufficient	-0.62	2.34
inform	-0.62	2.06
expect	-0.62	3.41
situation	-0.62	2.59
other	-0.62	1.82
row	-0.62	1.74
personal	-0.62	1.87
something	-0.62	3.59
represent	-0.62	1.58
scared	-0.62	2.53
suffering	-0.62	1.63
believe	-0.62	3.58
knew	-0.62	3.02
today	-0.62	2.42
improvements	-0.62	1.69
how	-0.62	3.56
protection	-0.61	1.59
began	-0.61	1.81
different	-0.61	1.72
witnessed	-0.61	1.93
throw	-0.61	2.09
throwing	-0.61	1.99
tired	-0.61	2.53
charter	-0.61	1.57
then	-0.61	3.54
religion	-0.61	1.77
gets	-0.61	2.31
achieve	-0.61	2.35
drives	-0.61	2.05
resign	-0.61	2.06
improvement	-0.61	1.68
him	-0.60	2.97
does	-0.60	3.52
pain	-0.60	1.43
person	-0.60	2.54
whatever	-0.60	3.41
awareness	-0.60	1.61
explicitly	-0.60	2.45
minor	-0.60	1.61
determined	-0.60	1.86
conclusion	-0.60	2.63
blah	-0.60	1.39
generally	-0.60	2.18
senior	-0.60	1.11
possibility	-0.60	2.08
ongoing	-0.60	1.73
sound	-0.60	1.95
claimed	-0.60	2.51
lied	-0.60	1.86
signing	-0.60	1.78
wealthy	-0.60	1.28
reflect	-0.60	1.85
often	-0.60	2.21
off	-0.60	2.36
bugs	-0.60	1.18
pick	-0.60	2.18
whining	-0.60	1.87
uber	-0.59	1.59
signals	-0.59	2.21
harm	-0.59	1.94
ad	-0.59	1.63
stuck	-0.59	2.35
addressing	-0.59	2.33
elected	-0.59	1.59
shown	-0.59	2.45
mentally	-0.59	1.81
issues	-0.59	2.05
routes	-0.59	1.62
timing	-0.59	1.53
out	-0.59	3.09
called	-0.59	2.25
figure	-0.59	3.49
removal	-0.59	1.45
experience	-0.59	2.15
directly	-0.59	2.25
work	-0.59	3.17
could	-0.59	3.49
sounded	-0.59	1.83
speaker	-0.59	1.47
fought	-0.59	1.40
electorate	-0.59	1.56
decades	-0.58	2.23
parade	-0.58	1.17
similar	-0.58	1.55
sides	-0.58	1.73
families	-0.58	1.49
wo	-0.58	3.46
before	-0.58	2.68
defence	-0.58	1.94
grasp	-0.58	2.56
actually	-0.58	3.53
adjust	-0.58	1.85
continues	-0.58	1.71
uberx	-0.58	1.64
substance	-0.58	1.81
common	-0.58	1.76
exceptions	-0.58	1.94
rogers	-0.58	1.65
hassle	-0.58	2.14
traffic	-0.58	2.01
regret	-0.57	2.34
fights	-0.57	1.48
worked	-0.57	2.49
particularly	-0.57	1.86
stage	-0.57	1.34
fruit	-0.57	2.30
proud	-0.57	2.95
dropped	-0.57	1.87
citizens	-0.57	1.62
drop	-0.57	1.77
loser	-0.57	1.64
forces	-0.57	1.50
violation	-0.57	1.56
comprehension	-0.57	2.44
know	-0.57	3.61
publicly	-0.57	1.39
accidents	-0.57	1.90
want	-0.57	3.47
up	-0.57	2.85
hand	-0.57	2.34
races	-0.57	1.56
started	-0.57	2.54
agenda	-0.57	1.78
raised	-0.57	1.53
rep	-0.57	1.74
groups	-0.56	1.47
keep	-0.56	2.97
nervous	-0.56	2.08
large	-0.56	1.49
developed	-0.56	1.68
need	-0.56	3.45
trend	-0.56	1.48
movement	-0.56	1.51
fell	-0.56	1.83
ca	-0.56	3.34
dsl	-0.56	1.69
dies	-0.56	1.70
complain	-0.56	2.38
efforts	-0.56	1.73
times	-0.56	2.46
back	-0.56	2.88
fat	-0.55	1.59
around	-0.55	2.78
respect	-0.55	1.79
educate	-0.55	2.15
pulling	-0.55	2.41
ahead	-0.55	2.63
lastman	-0.55	1.39
risk	-0.55	1.96
talked	-0.55	2.34
approximately	-0.55	1.83
honestly	-0.55	3.15
pockets	-0.55	1.68
owning	-0.55	1.58
reminds	-0.55	2.20
predict	-0.55	2.13
institution	-0.55	1.49
past	-0.55	2.37
concept	-0.55	2.48
safely	-0.55	2.16
currently	-0.55	2.75
me	-0.55	3.28
turned	-0.55	2.54
now	-0.55	3.65
representation	-0.55	1.62
course	-0.55	3.65
intelligence	-0.55	1.79
multiple	-0.55	1.67
children	-0.55	1.51
devil	-0.54	1.47
possibly	-0.54	3.00
lead	-0.54	1.90
proportion	-0.54	1.44
necessary	-0.54	1.99
heavily	-0.54	2.03
fraud	-0.54	1.75
boost	-0.54	1.63
repeatedly	-0.54	1.98
curb	-0.54	2.50
insurance	-0.54	2.04
votes	-0.54	1.59
resulting	-0.54	1.70
follow	-0.54	2.47
disabled	-0.54	1.70
loss	-0.54	1.63
humans	-0.54	1.35
fucker	-0.54	1.46
i.e	-0.53	1.39
2009	-0.53	1.96
automatically	-0.53	2.17
commit	-0.53	1.79
still	-0.53	3.68
them	-0.53	3.36
suicide	-0.53	1.70
makes	-0.53	2.34
taxation	-0.53	2.01
injury	-0.53	1.83
time	-0.53	3.01
belong	-0.53	2.05
even	-0.53	3.56
promising	-0.53	1.54
speculation	-0.53	2.21
addiction	-0.53	1.65
telus	-0.53	1.66
come	-0.53	3.33
delays	-0.53	1.77
rule	-0.53	1.77
through	-0.53	2.31
sign	-0.52	2.39
reach	-0.52	2.62
continue	-0.52	2.96
benefit	-0.52	2.27
cabs	-0.52	1.58
biased	-0.52	2.34
personally	-0.52	2.75
bored	-0.52	2.00
voting	-0.52	1.58
bodies	-0.52	1.36
generations	-0.52	2.08
code	-0.52	1.62
teksavvy	-0.52	1.69
able	-0.52	2.92
circle	-0.52	1.61
governments	-0.52	1.58
trick	-0.52	1.48
expense	-0.52	1.71
proof	-0.52	2.68
cartoon	-0.52	1.80
blowing	-0.52	1.93
opposed	-0.52	1.55
tool	-0.52	1.62
broken	-0.51	1.70
whereas	-0.51	1.51
influence	-0.51	1.66
100	-0.51	2.49
disease	-0.51	1.57
leader	-0.51	1.45
beliefs	-0.51	1.88
2012	-0.51	1.98
hurting	-0.51	2.15
decide	-0.51	2.95
think	-0.51	3.61
investigating	-0.51	2.15
mean	-0.51	3.62
apply	-0.51	2.28
2013	-0.51	2.23
negative	-0.51	1.64
headed	-0.51	2.02
while	-0.51	2.90
privacy	-0.51	1.66
principle	-0.51	1.67
provider	-0.51	1.68
he/she	-0.50	2.28
go	-0.50	3.27
essential	-0.50	1.59
facts	-0.50	2.81
heard	-0.50	2.51
continued	-0.50	1.75
d	-0.50	3.23
vote	-0.50	1.59
inconvenience	-0.50	1.78
stating	-0.50	2.56
burden	-0.50	1.89
attempt	-0.50	2.33
considered	-0.50	2.21
estimate	-0.50	1.71
pro	-0.50	1.44
increases	-0.50	1.48
win	-0.50	1.72
realize	-0.50	3.58
kicking	-0.50	1.83
favor	-0.50	1.68
loud	-0.50	1.71
rating	-0.50	1.60
position	-0.50	2.07
stopping	-0.50	2.25
lights	-0.50	2.16
dealing	-0.50	1.85
raising	-0.50	1.45
offset	-0.49	1.72
race	-0.49	1.70
will	-0.49	3.34
1st	-0.49	2.06
crime	-0.49	1.67
halfway	-0.49	2.01
file	-0.49	1.92
went	-0.49	2.52
end	-0.49	3.13
random	-0.49	1.48
subject	-0.49	2.05
politically	-0.49	1.92
assaults	-0.49	1.77
passenger	-0.49	1.73
guilty	-0.49	1.99
insults	-0.49	1.65
someone	-0.49	2.91
forgive	-0.49	2.45
condition	-0.49	1.71
came	-0.49	2.59
reasoning	-0.49	2.56
specific	-0.49	1.65
crimes	-0.49	1.73
democracy	-0.49	1.62
seek	-0.49	1.91
turnout	-0.49	1.54
collected	-0.49	1.66
stealing	-0.49	1.90
concerned	-0.49	2.81
ends	-0.49	2.19
2007	-0.49	1.92
concern	-0.48	2.52
law	-0.48	1.80
needed	-0.48	2.81
reform	-0.48	1.58
speeding	-0.48	1.84
needs	-0.48	2.64
bell	-0.48	1.65
conservative	-0.48	1.54
us	-0.48	3.09
maximum	-0.48	1.65
powerful	-0.48	1.42
experts	-0.48	1.55
agents	-0.48	1.52
marked	-0.48	1.87
say	-0.48	3.57
least	-0.48	2.94
councillors	-0.48	1.51
accountability	-0.48	1.68
service	-0.48	1.64
disability	-0.48	1.72
lesson	-0.48	1.89
incredibly	-0.48	1.84
raise	-0.48	1.53
3-4	-0.48	1.98
heart	-0.48	1.59
elderly	-0.48	1.38
himself	-0.48	2.17
assault	-0.48	1.74
extortion	-0.48	1.81
represents	-0.48	1.47
believed	-0.47	1.94
crying	-0.47	2.04
basic	-0.47	2.05
norm	-0.47	1.54
deficit	-0.47	1.66
noise	-0.47	1.69
rofo	-0.47	1.71
see	-0.47	3.44
split	-0.47	1.60
neck	-0.47	1.60
vs	-0.47	1.54
complained	-0.47	2.11
become	-0.47	1.98
improving	-0.47	1.73
gender	-0.47	1.51
cast	-0.47	1.69
municipal	-0.47	1.64
ties	-0.47	1.27
mention	-0.47	3.37
afford	-0.47	2.52
objective	-0.47	2.41
competing	-0.47	1.96
habits	-0.47	1.65
asking	-0.47	3.35
bloody	-0.46	1.65
bags	-0.46	1.38
mostly	-0.46	1.85
opposing	-0.46	1.87
may	-0.46	3.53
existed	-0.46	2.26
regularly	-0.46	1.87
main	-0.46	1.73
intersections	-0.46	2.21
attempted	-0.46	1.98
opinion	-0.46	2.78
individuals	-0.46	1.60
shits	-0.46	1.68
sees	-0.46	2.10
planners	-0.46	1.48
sensitive	-0.46	1.88
crossing	-0.46	2.06
committing	-0.46	1.75
own	-0.46	2.15
traveling	-0.46	2.34
creepy	-0.46	1.79
toronto	-0.46	1.84
accused	-0.46	1.81
january	-0.46	2.29
june	-0.46	2.40
councilor	-0.46	1.63
break	-0.45	2.45
four	-0.45	1.93
taxed	-0.45	2.37
class	-0.45	1.75
strongly	-0.45	1.93
strike	-0.45	1.56
control	-0.45	1.68
cases	-0.45	2.05
secondly	-0.45	1.58
start	-0.45	3.10
critical	-0.45	2.10
conservatives	-0.45	1.51
2-3	-0.45	1.94
dreams	-0.45	1.55
comes	-0.45	2.40
injuries	-0.45	1.79
pass	-0.45	2.36
contracts	-0.45	1.71
again	-0.45	3.51
treated	-0.45	1.94
backing	-0.45	2.03
future	-0.45	1.89
allowed	-0.44	3.05
vehicle	-0.44	2.12
met	-0.44	2.39
helping	-0.44	1.88
dougie	-0.44	1.54
promote	-0.44	1.46
couple	-0.44	1.90
offence	-0.44	1.74
alleged	-0.44	1.84
long	-0.44	2.70
fully	-0.44	2.35
2000	-0.44	1.87
majority	-0.44	1.58
push	-0.44	2.20
leading	-0.44	1.59
must	-0.44	2.61
let	-0.44	3.27
congestion	-0.44	1.75
properly	-0.44	2.47
socially	-0.44	1.75
jokes	-0.44	1.62
trust	-0.44	3.01
represented	-0.44	1.58
unable	-0.44	2.58
forcing	-0.44	2.25
2.5	-0.43	1.82
spread	-0.43	1.44
damage	-0.43	1.78
rules	-0.43	1.75
feeling	-0.43	2.08
worthy	-0.43	1.78
dispute	-0.43	1.90
soon	-0.43	2.89
repeating	-0.43	2.63
dating	-0.43	1.29
lose	-0.43	2.30
evidence	-0.43	2.56
three	-0.43	1.80
reports	-0.43	1.75
first	-0.43	2.50
force	-0.43	1.83
argument	-0.43	2.96
level	-0.43	1.57
scandals	-0.43	1.48
2018	-0.43	2.17
injured	-0.43	1.98
council	-0.43	1.59
demographic	-0.43	1.47
feminists	-0.43	1.51
ten	-0.43	1.85
judge	-0.43	2.35
implies	-0.43	2.21
their	-0.43	2.04
percentage	-0.43	1.51
debating	-0.43	3.06
death	-0.43	1.71
laws	-0.43	1.74
population	-0.42	1.63
pushing	-0.42	2.39
landlords	-0.42	1.58
moral	-0.42	1.90
gt	-0.42	3.51
applying	-0.42	2.33
wind	-0.42	1.65
fix	-0.42	2.68
2	-0.42	1.85
threw	-0.42	1.96
harassment	-0.42	1.76
tunnel	-0.42	1.57
wondered	-0.42	2.49
recently	-0.42	2.36
broke	-0.42	1.87
away	-0.42	2.45
amount	-0.42	1.73
afterwards	-0.42	1.94
also	-0.42	3.53
apart	-0.42	1.87
liberal	-0.42	1.50
find	-0.42	3.16
noted	-0.42	1.75
get	-0.42	3.31
starts	-0.42	2.33
penalty	-0.42	1.73
federal	-0.42	1.55
fail	-0.42	2.15
somewhat	-0.42	1.85
december	-0.42	2.12
overall	-0.42	1.61
lawn	-0.42	1.40
honour	-0.42	1.58
putting	-0.42	2.33
hell	-0.41	3.04
4	-0.41	1.86
minister	-0.41	1.41
electoral	-0.41	1.63
few	-0.41	1.84
offense	-0.41	1.66
supposedly	-0.41	1.61
feminist	-0.41	1.53
3	-0.41	1.87
decline	-0.41	1.64
under	-0.41	1.66
criminal	-0.41	1.77
thug	-0.41	1.60
fairly	-0.41	1.79
elections	-0.41	1.65
extremely	-0.41	1.81
6	-0.41	1.86
tory	-0.41	1.67
shortly	-0.41	2.34
enforced	-0.41	1.74
decides	-0.41	2.29
10	-0.41	1.88
prior	-0.41	2.03
5	-0.41	1.86
pc	-0.41	1.50
declined	-0.41	1.66
commission	-0.41	1.50
becomes	-0.41	1.98
court	-0.41	2.09
procedure	-0.41	1.79
harassing	-0.41	1.78
lawsuit	-0.40	1.97
economics	-0.40	2.00
theory	-0.40	2.52
levels	-0.40	1.57
8	-0.40	1.86
meanwhile	-0.40	1.56
drug	-0.40	1.60
receiving	-0.40	2.30
murder	-0.40	1.80
safety	-0.40	1.94
completed	-0.40	1.98
fines	-0.40	2.10
western	-0.40	1.86
approval	-0.40	1.76
requirements	-0.40	1.79
over	-0.40	2.40
travelling	-0.40	2.40
required	-0.40	2.05
parents	-0.40	1.48
agent	-0.40	1.53
enough	-0.40	3.13
campaigns	-0.40	1.59
meet	-0.40	2.70
estate	-0.40	1.47
civil	-0.39	1.50
maybe	-0.39	3.50
bid	-0.39	1.50
introduced	-0.39	1.82
liberals	-0.39	1.51
nose	-0.39	1.81
present	-0.39	2.02
others	-0.39	2.64
poverty	-0.39	1.65
ratio	-0.39	1.49
skilled	-0.39	1.66
strategically	-0.39	1.59
carried	-0.39	1.68
pedestrian	-0.39	2.01
year	-0.39	2.29
idea	-0.39	2.66
barely	-0.39	2.10
shock	-0.39	1.75
run	-0.39	2.33
proper	-0.39	1.75
somebody	-0.39	2.68
drag	-0.39	1.64
plastic	-0.39	1.41
ll	-0.39	3.41
instance	-0.39	1.92
blocking	-0.39	2.40
wanted	-0.39	3.20
investigation	-0.39	1.97
cant	-0.39	2.99
election	-0.39	1.63
fake	-0.38	1.65
150	-0.38	2.49
income	-0.38	1.63
study	-0.38	1.66
hit	-0.38	2.08
incidents	-0.38	1.84
protecting	-0.38	1.61
fraction	-0.38	1.65
incumbent	-0.38	1.62
november	-0.38	2.19
convicted	-0.38	1.78
created	-0.38	1.22
stepped	-0.38	1.90
realtor	-0.38	1.52
move	-0.38	2.91
pace	-0.38	2.18
accordingly	-0.38	1.70
those	-0.38	1.83
spent	-0.38	2.25
breaking	-0.38	1.86
905	-0.38	1.47
blind	-0.38	1.95
hanging	-0.38	1.56
immediately	-0.38	2.59
john	-0.38	1.59
endorsement	-0.38	1.55
keeps	-0.37	2.31
pole	-0.37	1.32
damages	-0.37	2.08
par	-0.37	2.57
several	-0.37	1.70
acts	-0.37	1.68
react	-0.37	2.51
ours	-0.37	2.01
scandal	-0.37	1.55
economic	-0.37	1.53
largely	-0.37	1.90
effort	-0.37	2.35
behind	-0.37	2.43
requirement	-0.37	1.91
six	-0.37	1.88
liability	-0.37	1.85
became	-0.37	1.66
20	-0.37	1.90
somewhere	-0.37	3.08
ease	-0.37	1.70
five	-0.37	1.86
victim	-0.37	1.82
plenty	-0.37	1.50
avoid	-0.37	2.25
until	-0.37	2.58
30	-0.37	1.91
develop	-0.37	1.61
provincial	-0.37	1.57
last	-0.37	2.35
light	-0.36	2.23
basis	-0.36	2.46
giant	-0.36	1.45
effectively	-0.36	1.90
puts	-0.36	1.67
teeth	-0.36	1.87
homeless	-0.36	1.49
hundreds	-0.36	1.83
councillor	-0.36	1.59
avoiding	-0.36	1.59
admitted	-0.36	1.82
beginning	-0.36	2.32
really	-0.36	3.16
mayoral	-0.36	1.72
complaining	-0.36	2.21
eight	-0.36	1.88
250	-0.36	2.45
vast	-0.36	1.58
golf	-0.36	1.45
october	-0.36	2.29
mass	-0.36	1.68
chow	-0.36	1.67
rape	-0.36	1.71
third	-0.36	1.98
driven	-0.36	1.93
repeated	-0.36	2.04
obligation	-0.36	1.75
appear	-0.36	2.71
victims	-0.36	1.74
operates	-0.36	1.60
thrown	-0.35	1.72
thankfully	-0.35	1.84
reception	-0.35	1.67
lawyers	-0.35	1.78
charged	-0.35	1.81
means	-0.35	3.48
down	-0.35	2.51
occasions	-0.35	1.97
operation	-0.35	1.72
2014	-0.35	2.15
enter	-0.35	2.28
acknowledge	-0.35	2.66
always	-0.35	2.46
splitting	-0.35	1.74
twenty	-0.35	1.84
conviction	-0.35	1.81
12	-0.35	1.85
april	-0.35	2.37
goals	-0.35	1.89
entered	-0.35	1.99
division	-0.35	1.65
threatening	-0.35	1.76
seeking	-0.35	1.97
verify	-0.35	2.72
tchc	-0.35	1.50
ward	-0.35	1.65
fringe	-0.35	1.62
consent	-0.35	1.91
further	-0.34	2.42
internal	-0.34	1.60
trial	-0.34	2.05
disappear	-0.34	2.24
advertising	-0.34	1.52
admittedly	-0.34	2.00
toss	-0.34	1.68
lawyer	-0.34	1.88
eventually	-0.34	2.85
subjective	-0.34	3.66
shoulder	-0.34	2.31
put	-0.34	2.44
bother	-0.34	3.36
fired	-0.34	1.92
way	-0.34	3.34
health	-0.34	1.91
quit	-0.34	2.17
candidates	-0.34	1.65
enforce	-0.34	1.87
pushed	-0.34	1.96
life	-0.34	1.55
quickly	-0.34	2.32
citizen	-0.34	1.68
warrant	-0.34	1.97
40	-0.34	1.92
anymore	-0.34	3.40
maintain	-0.34	2.17
complaints	-0.34	1.99
trained	-0.34	1.63
although	-0.34	3.21
premier	-0.34	1.44
after	-0.34	2.45
proposal	-0.34	1.73
15	-0.34	1.90
controversial	-0.33	1.94
party	-0.33	1.55
earn	-0.33	2.10
record	-0.33	1.62
ndp	-0.33	1.53
mp	-0.33	1.51
importance	-0.33	1.51
waste	-0.33	1.80
pocket	-0.33	1.84
terribly	-0.33	1.91
alert	-0.33	1.98
hold	-0.33	2.61
finished	-0.33	2.23
separate	-0.33	1.73
cut	-0.33	1.60
kelly	-0.33	1.46
immigration	-0.33	1.52
guarantee	-0.33	2.85
percent	-0.33	1.80
engineer	-0.33	1.59
sue	-0.33	2.08
dozen	-0.33	1.72
charges	-0.33	1.99
flat	-0.33	1.59
thousand	-0.33	1.98
she	-0.33	2.47
delayed	-0.33	1.72
might	-0.33	3.45
claim	-0.33	3.17
magically	-0.33	2.38
representing	-0.33	1.58
try	-0.33	3.17
relative	-0.33	1.79
suddenly	-0.33	2.46
16	-0.33	1.83
tens	-0.33	1.96
notion	-0.33	2.13
cigarette	-0.33	1.41
23	-0.33	1.89
million	-0.32	1.93
tell	-0.32	3.33
society	-0.32	1.55
inclined	-0.32	2.92
persons	-0.32	1.73
911	-0.32	2.07
sexual	-0.32	1.65
hundred	-0.32	1.90
journalists	-0.32	1.80
employed	-0.32	1.87
peoples	-0.32	2.02
order	-0.32	2.54
civic	-0.32	1.60
letting	-0.32	2.34
crown	-0.32	2.11
overly	-0.32	1.79
below	-0.32	1.64
frequent	-0.32	1.73
make	-0.32	3.16
25	-0.32	1.87
17	-0.32	1.84
september	-0.32	2.40
ironically	-0.32	1.62
kick	-0.32	1.91
infrastructure	-0.32	1.84
cars	-0.32	1.97
discussing	-0.32	2.91
improved	-0.32	1.69
category	-0.32	1.71
accommodate	-0.32	1.83
too	-0.32	2.68
fight	-0.32	1.75
trudeau	-0.32	1.29
26	-0.32	1.91
sympathy	-0.31	2.00
february	-0.31	2.15
liable	-0.31	1.87
65	-0.31	1.97
anecdotal	-0.31	2.32
typically	-0.31	1.62
rejected	-0.31	1.75
long-term	-0.31	1.77
dirt	-0.31	1.30
financial	-0.31	1.69
9	-0.31	1.90
itself	-0.31	1.93
picked	-0.31	1.88
sick	-0.31	2.49
switching	-0.31	1.75
effects	-0.31	1.51
kill	-0.31	2.13
weeks	-0.31	2.29
28	-0.31	1.84
mid	-0.31	2.17
breakdown	-0.31	1.94
delay	-0.31	1.90
ballots	-0.31	1.67
july	-0.31	2.27
coverage	-0.31	1.70
22	-0.31	1.83
very	-0.31	1.95
limits	-0.31	1.67
13	-0.31	1.84
highly	-0.31	1.93
arguments	-0.31	2.51
president	-0.31	1.20
reaction	-0.31	1.51
14	-0.31	1.87
looking	-0.31	3.45
busy	-0.31	1.62
preventing	-0.31	2.23
collect	-0.30	1.93
climate	-0.30	1.51
machines	-0.30	1.61
opposition	-0.30	1.49
riders	-0.30	1.80
50	-0.30	1.97
fixing	-0.30	1.75
car	-0.30	2.11
months	-0.30	2.31
55	-0.30	1.90
21	-0.30	1.86
invested	-0.30	1.83
fiscal	-0.30	1.63
side	-0.30	2.18
consumer	-0.30	1.48
concerns	-0.30	2.24
corporate	-0.30	1.57
mad	-0.30	2.93
willing	-0.30	3.11
yourself	-0.30	3.03
shame	-0.30	2.09
cross	-0.30	2.06
poll	-0.30	1.71
policies	-0.30	1.70
feminism	-0.30	1.80
engineers	-0.30	1.41
11	-0.30	1.92
pcs	-0.30	1.54
70	-0.30	1.97
formal	-0.30	1.83
deaths	-0.30	1.86
counted	-0.30	1.69
millions	-0.30	2.02
cap	-0.30	1.58
bigger	-0.30	1.92
scheme	-0.30	1.67
punch	-0.30	1.86
ugly	-0.30	1.34
agencies	-0.30	1.42
act	-0.29	1.70
democratic	-0.29	1.47
regarding	-0.29	1.82
35	-0.29	1.88
drive	-0.29	2.17
questioning	-0.29	2.71
successful	-0.29	1.66
military	-0.29	1.54
march	-0.29	2.18
peak	-0.29	1.71
pig	-0.29	1.36
polls	-0.29	1.73
call	-0.29	2.50
instances	-0.29	1.64
sexually	-0.29	1.66
strategy	-0.29	1.68
knowledge	-0.29	1.87
bear	-0.29	1.37
themselves	-0.29	2.85
laying	-0.29	2.02
27	-0.29	1.87
week	-0.29	2.22
60	-0.29	2.01
dozens	-0.29	1.60
tells	-0.29	2.19
looked	-0.29	2.07
dealers	-0.29	1.58
standards	-0.28	1.51
unemployed	-0.28	1.51
more	-0.28	2.48
19	-0.28	1.83
deco	-0.28	1.59
trustee	-0.28	1.63
shut	-0.28	1.90
sooner	-0.28	2.53
physically	-0.28	2.03
developer	-0.28	1.66
handle	-0.28	2.33
august	-0.28	2.32
wins	-0.28	1.81
annual	-0.28	1.69
daily	-0.28	1.88
polling	-0.28	1.70
licensing	-0.28	1.71
recognized	-0.28	1.54
touch	-0.28	2.48
relationships	-0.28	1.70
vision	-0.28	1.77
promised	-0.28	2.07
won	-0.28	1.69
scream	-0.28	1.76
intend	-0.28	3.04
give	-0.28	2.72
witness	-0.28	1.96
related	-0.28	1.69
help	-0.28	3.22
leave	-0.28	2.94
announced	-0.28	2.10
soknacki	-0.27	1.68
trap	-0.27	1.53
wait	-0.27	2.55
isnt	-0.27	1.94
ended	-0.27	2.43
accurate	-0.27	1.99
everyday	-0.27	1.91
road	-0.27	1.82
collection	-0.27	1.38
7	-0.27	1.84
integrity	-0.27	1.81
organization	-0.27	1.55
reads	-0.27	1.99
certainly	-0.27	3.54
jail	-0.27	1.80
trouble	-0.27	2.66
risks	-0.27	1.66
accusations	-0.27	2.22
trying	-0.27	2.99
charge	-0.27	2.03
80	-0.27	1.97
savings	-0.27	1.75
cry	-0.27	1.74
legally	-0.27	2.12
32	-0.27	1.81
ministry	-0.27	1.67
thousands	-0.27	1.94
insult	-0.27	1.75
reported	-0.27	1.93
days	-0.27	2.33
members	-0.27	1.46
refused	-0.27	2.43
stick	-0.27	2.02
pursue	-0.26	2.20
rocket	-0.26	1.52
legitimately	-0.26	2.84
later	-0.26	2.42
recent	-0.26	1.78
moved	-0.26	2.39
meaning	-0.26	2.03
riding	-0.26	1.69
solved	-0.26	2.03
billions	-0.26	2.02
measures	-0.26	1.72
period	-0.26	2.23
giving	-0.26	2.67
red	-0.26	2.07
crossed	-0.26	2.03
brothers	-0.26	1.34
instantly	-0.26	1.74
cable	-0.26	1.58
bunch	-0.26	1.46
hitting	-0.25	1.88
1	-0.25	2.18
route	-0.25	1.79
workplace	-0.25	1.73
ought	-0.25	2.28
yell	-0.25	2.02
hours	-0.25	2.28
comparison	-0.25	1.83
taught	-0.25	1.96
ffs	-0.25	1.37
amongst	-0.25	1.44
surplus	-0.25	1.62
ignored	-0.25	1.96
wont	-0.25	2.71
suv	-0.25	1.85
budget	-0.25	1.60
denied	-0.25	1.84
function	-0.25	1.99
ago	-0.25	2.30
priorities	-0.25	1.94
day	-0.25	2.03
accept	-0.25	2.54
investigate	-0.25	2.10
90	-0.25	1.96
threatened	-0.25	2.00
per	-0.25	1.89
suburb	-0.25	1.43
strangers	-0.25	1.96
caught	-0.25	1.85
drove	-0.25	2.06
fund	-0.24	1.77
approved	-0.24	1.68
money	-0.24	2.10
rolled	-0.24	2.09
literal	-0.24	1.28
incident	-0.24	1.91
social	-0.24	1.62
handling	-0.24	1.79
criminals	-0.24	1.71
shall	-0.24	1.86
mikey	-0.24	1.71
here	-0.24	3.39
requiring	-0.24	2.02
regulations	-0.24	1.70
fails	-0.24	2.04
drawing	-0.24	2.10
platform	-0.24	1.83
unknown	-0.24	1.90
billion	-0.24	1.94
sense	-0.24	3.10
whenever	-0.24	2.44
analogy	-0.24	2.13
unions	-0.24	1.60
next	-0.24	2.67
arm	-0.24	1.75
settle	-0.24	2.39
boards	-0.24	1.55
exclusive	-0.24	2.03
compared	-0.24	1.69
taxi	-0.24	1.66
hour	-0.24	2.09
weapons	-0.24	1.63
spend	-0.24	2.05
stand	-0.24	2.84
horwath	-0.24	1.57
family	-0.23	1.49
cent	-0.23	1.82
invest	-0.23	2.01
task	-0.23	1.83
cuts	-0.23	1.70
genius	-0.23	1.26
math	-0.23	2.09
begin	-0.23	2.16
harper	-0.23	1.47
dollars	-0.23	1.98
based	-0.23	2.31
hired	-0.23	1.77
bitching	-0.23	1.90
youth	-0.23	1.40
generation	-0.23	1.76
range	-0.23	1.59
leaving	-0.23	2.38
2008	-0.23	1.90
powers	-0.23	1.69
starting	-0.23	2.66
learn	-0.23	2.44
key	-0.23	1.98
handed	-0.23	2.03
realized	-0.23	2.50
gap	-0.23	1.79
things	-0.23	3.11
restrictions	-0.23	1.71
eligible	-0.23	1.74
refuse	-0.23	2.54
consequences	-0.23	1.78
engage	-0.23	1.99
surely	-0.23	1.96
led	-0.23	1.62
criteria	-0.23	2.18
committee	-0.22	1.48
training	-0.22	1.95
gain	-0.22	1.81
intent	-0.22	2.07
assaulted	-0.22	1.87
government	-0.22	1.64
spending	-0.22	1.84
international	-0.22	1.32
wasted	-0.22	1.94
campaign	-0.22	1.70
pull	-0.22	2.40
jian	-0.22	1.81
michael	-0.22	1.26
possession	-0.22	1.69
licensed	-0.22	1.80
many	-0.22	1.75
treatment	-0.22	1.74
impressive	-0.22	1.58
motor	-0.22	1.92
blow	-0.22	1.98
payers	-0.22	1.89
2015	-0.22	2.26
domestic	-0.22	1.50
probably	-0.22	3.35
allegedly	-0.22	1.74
gov't	-0.22	1.54
walked	-0.22	2.15
intentions	-0.22	1.93
arrested	-0.22	1.89
loses	-0.22	1.99
initially	-0.22	1.81
jump	-0.22	2.30
capital	-0.22	1.64
specifically	-0.22	2.45
anonymous	-0.21	1.80
blair	-0.21	1.81
seconds	-0.21	2.30
sake	-0.21	1.54
years	-0.21	2.28
wynne	-0.21	1.60
jam	-0.21	1.67
having	-0.21	2.56
results	-0.21	1.82
sample	-0.21	1.69
less	-0.21	2.34
3rd	-0.21	1.82
fed	-0.21	1.46
during	-0.21	1.81
collecting	-0.21	1.79
white	-0.21	1.51
sorts	-0.21	1.52
ask	-0.21	3.15
implemented	-0.21	1.89
vehicles	-0.21	1.89
discussed	-0.21	2.31
metrolinx	-0.21	1.82
hopes	-0.21	2.08
much	-0.21	2.90
costing	-0.21	1.93
expenses	-0.21	1.77
likely	-0.21	3.09
complaint	-0.21	1.89
grade	-0.21	1.81
firm	-0.21	1.52
toll	-0.21	1.65
handled	-0.21	1.84
onto	-0.21	2.04
mentioning	-0.21	2.23
apparently	-0.21	2.50
hudak	-0.21	1.54
ultimately	-0.20	1.57
numbers	-0.20	1.75
funded	-0.20	1.75
bit	-0.20	2.33
18	-0.20	1.78
abused	-0.20	1.78
36	-0.20	1.74
limit	-0.20	1.73
factors	-0.20	1.94
45	-0.20	2.02
far	-0.20	2.92
extent	-0.20	2.21
choose	-0.20	2.92
demographics	-0.20	1.57
systems	-0.20	1.74
stands	-0.20	1.89
operators	-0.20	1.77
unlimited	-0.20	1.83
dollar	-0.20	2.03
retarded	-0.20	2.97
revenues	-0.20	1.62
within	-0.20	2.12
throughout	-0.20	1.70
taxes	-0.20	1.74
ground	-0.20	1.64
yellow	-0.20	2.04
parts	-0.20	1.93
citation	-0.20	1.73
funding	-0.20	1.69
dime	-0.20	1.99
marketing	-0.20	1.50
dead	-0.20	1.62
yearly	-0.20	1.83
paid	-0.20	2.00
harassed	-0.20	1.93
1.5	-0.20	1.80
ages	-0.20	1.79
saving	-0.20	1.92
arrest	-0.20	1.88
everybody	-0.20	2.29
jumping	-0.20	2.15
clause	-0.20	1.87
identified	-0.20	2.01
forms	-0.19	1.65
assistance	-0.19	1.95
claims	-0.19	2.70
firing	-0.19	1.97
socknacki	-0.19	1.63
frequency	-0.19	1.79
network	-0.19	1.62
witch	-0.19	1.55
save	-0.19	1.95
whoever	-0.19	2.43
babies	-0.19	1.46
package	-0.19	1.59
harris	-0.19	1.50
waited	-0.19	2.27
environmental	-0.19	1.73
publicity	-0.19	1.58
found	-0.19	2.41
leg	-0.19	1.76
parent	-0.19	1.50
approached	-0.19	2.06
definition	-0.19	2.01
regulated	-0.19	1.68
taxpayers	-0.19	2.00
arguably	-0.19	1.78
smile	-0.19	1.76
knock	-0.19	1.98
told	-0.19	2.45
application	-0.19	1.80
research	-0.19	1.97
eliminate	-0.19	1.73
analysis	-0.19	1.92
refer	-0.19	2.12
banned	-0.19	1.61
moves	-0.19	1.91
200	-0.19	1.98
making	-0.19	3.28
75	-0.19	1.94
receive	-0.19	2.01
stayed	-0.18	1.83
catholic	-0.18	1.58
die	-0.18	2.09
opp	-0.18	1.84
signed	-0.18	2.18
nuclear	-0.18	1.45
credibility	-0.18	2.12
agreeing	-0.18	2.79
tend	-0.18	1.77
showing	-0.18	2.32
minimal	-0.18	1.51
australia	-0.18	1.83
age	-0.18	1.66
salary	-0.18	1.75
truly	-0.18	1.64
board	-0.18	1.46
false	-0.18	2.87
500	-0.18	2.06
saved	-0.18	1.93
highway	-0.18	1.82
ready	-0.18	2.75
valid	-0.18	2.37
unemployment	-0.18	1.59
ourselves	-0.18	2.90
entering	-0.18	2.10
skill	-0.18	1.78
recovery	-0.18	1.59
education	-0.18	1.83
safer	-0.18	1.65
domise	-0.18	1.84
corporation	-0.18	1.66
generate	-0.18	1.70
continuing	-0.18	2.33
motorcycle	-0.18	1.74
japan	-0.18	1.55
revenue	-0.18	1.68
periods	-0.18	1.94
brought	-0.18	2.38
bringing	-0.18	2.45
sentences	-0.17	1.84
pretending	-0.17	1.93
sticking	-0.17	2.09
usa	-0.17	1.82
moderate	-0.17	1.54
300	-0.17	1.96
minutes	-0.17	2.27
growth	-0.17	1.61
sued	-0.17	2.14
client	-0.17	1.58
construction	-0.17	1.86
compromise	-0.17	1.66
silent	-0.17	1.65
cancer	-0.17	1.67
knocked	-0.17	1.92
operate	-0.17	1.97
number	-0.17	1.69
rides	-0.17	1.67
pays	-0.17	2.01
detail	-0.17	1.88
ruin	-0.17	1.18
heading	-0.17	2.43
weight	-0.17	1.63
itt	-0.17	1.59
agency	-0.17	1.60
commuting	-0.17	1.87
29	-0.17	1.75
little	-0.17	2.01
bicycle	-0.16	1.79
outside	-0.16	2.14
declining	-0.16	1.63
hard	-0.16	2.28
bylaw	-0.16	1.79
worker	-0.16	1.87
got	-0.16	2.56
busses	-0.16	1.71
create	-0.16	1.73
agreement	-0.16	1.96
thought	-0.16	2.65
victory	-0.16	1.69
guy	-0.16	2.21
magic	-0.16	1.42
cover	-0.16	1.93
taxpayer	-0.16	1.90
parallel	-0.16	2.05
tied	-0.16	1.61
re-elected	-0.16	1.75
smaller	-0.16	1.91
inner	-0.16	1.45
refusing	-0.16	2.57
u.s	-0.16	1.51
steve	-0.16	1.49
commute	-0.16	1.99
interest	-0.16	1.61
drops	-0.16	1.73
fees	-0.16	1.89
ranked	-0.16	1.66
initial	-0.16	1.89
investing	-0.16	1.86
earned	-0.16	1.90
retirement	-0.15	1.76
mammoliti	-0.15	1.58
easily	-0.15	2.59
impossible	-0.15	2.37
rates	-0.15	1.56
promise	-0.15	1.94
hearing	-0.15	2.49
rate	-0.15	1.52
rolling	-0.15	2.00
killed	-0.15	2.00
deserved	-0.15	1.93
volunteering	-0.15	1.83
lacking	-0.15	1.78
flying	-0.15	1.28
max	-0.15	1.98
counts	-0.15	1.77
implement	-0.15	1.90
officer	-0.15	1.70
employment	-0.15	1.82
home	-0.15	2.23
excessive	-0.15	1.63
george	-0.15	1.31
teenager	-0.15	1.84
month	-0.15	2.15
fall	-0.15	2.10
jobs	-0.15	1.86
bucket	-0.15	1.44
cents	-0.15	2.09
schools	-0.15	1.62
reaching	-0.15	1.98
insanely	-0.15	1.66
rer	-0.15	1.86
irrelevant	-0.15	2.89
rely	-0.14	1.72
educated	-0.14	1.54
requires	-0.14	1.71
tps	-0.14	1.85
propose	-0.14	1.85
testing	-0.14	1.73
genuinely	-0.14	2.50
filed	-0.14	1.97
understood	-0.14	2.37
cab	-0.14	1.70
celebrity	-0.14	1.56
cancelled	-0.14	1.93
easier	-0.14	2.39
theft	-0.14	1.69
uses	-0.14	1.95
mike	-0.14	1.52
status	-0.14	1.59
100k	-0.14	1.97
wasting	-0.14	1.93
finds	-0.14	2.36
120	-0.14	1.92
form	-0.14	2.03
practice	-0.14	1.73
employers	-0.14	1.81
mere	-0.14	1.63
ideas	-0.14	1.99
forward	-0.14	1.96
versus	-0.14	1.67
test	-0.14	1.87
younger	-0.13	1.53
opens	-0.13	1.88
company	-0.13	1.61
taxis	-0.13	1.68
nearest	-0.13	1.41
investment	-0.13	1.73
eyes	-0.13	1.98
yes	-0.13	3.73
upgrade	-0.13	1.78
countries	-0.13	1.84
refuses	-0.13	2.36
24	-0.13	1.78
outcome	-0.13	2.01
shift	-0.13	1.95
roughly	-0.13	1.86
suggest	-0.13	3.16
holes	-0.13	1.63
covers	-0.13	1.75
differences	-0.13	1.77
arrive	-0.13	2.14
winning	-0.13	1.78
late	-0.13	2.22
crack	-0.13	1.54
office	-0.13	1.61
cancelling	-0.13	1.77
length	-0.13	1.82
survey	-0.13	1.79
stated	-0.13	2.66
worth	-0.13	2.15
army	-0.13	1.54
wave	-0.12	1.70
4th	-0.12	1.98
structure	-0.12	1.64
beauty	-0.12	1.10
rider	-0.12	1.77
paperwork	-0.12	2.00
lot	-0.12	2.72
lost	-0.12	1.87
perhaps	-0.12	3.17
united	-0.12	1.69
<SPECIAL>	-0.12	1.45
<URL>	-0.12	1.45
grounds	-0.12	1.79
ramp	-0.12	2.00
leads	-0.12	1.63
citizenship	-0.12	1.57
ups	-0.12	1.56
sidewalk	-0.12	1.79
object	-0.12	2.01
popularity	-0.12	1.78
privately	-0.12	1.75
build	-0.12	2.04
living	-0.12	1.96
follows	-0.12	1.67
actions	-0.11	1.87
100,000	-0.11	1.78
business	-0.11	1.62
ttc	-0.11	1.65
exposure	-0.11	1.65
cancellation	-0.11	1.79
speed	-0.11	1.78
tolls	-0.11	1.74
scam	-0.11	1.74
operating	-0.11	1.68
died	-0.11	1.70
face	-0.11	1.79
corporations	-0.11	1.59
buyers	-0.11	1.50
projects	-0.11	1.73
upgrades	-0.11	1.77
saw	-0.11	2.41
advance	-0.11	2.09
burning	-0.11	1.44
sure	-0.11	3.60
head	-0.11	1.89
subsidy	-0.10	1.73
allow	-0.10	2.25
sometime	-0.10	2.48
takes	-0.10	2.26
green	-0.10	1.85
cops	-0.10	2.13
thief	-0.10	1.41
expressway	-0.10	1.64
drugs	-0.10	1.57
700	-0.10	1.95
perform	-0.10	1.72
regulation	-0.10	1.70
each	-0.10	2.21
planned	-0.10	1.94
note	-0.10	2.10
distinction	-0.10	2.45
booth	-0.10	1.53
capacity	-0.10	1.68
conclusions	-0.10	2.51
camh	-0.10	1.84
referred	-0.10	2.14
deserves	-0.10	1.77
appeared	-0.10	1.84
fingers	-0.10	1.51
progressive	-0.10	1.62
policy	-0.10	1.71
mandatory	-0.10	1.76
barrier	-0.10	1.71
studies	-0.10	1.91
opportunity	-0.10	2.56
canadian	-0.10	1.47
contribute	-0.10	1.75
dealer	-0.10	1.59
consistently	-0.09	1.60
replaced	-0.09	1.52
enforcement	-0.09	1.80
occasionally	-0.09	1.66
suspect	-0.09	2.95
blew	-0.09	1.92
session	-0.09	1.61
remaining	-0.09	1.70
ballot	-0.09	1.71
meetings	-0.09	1.61
expert	-0.09	1.89
larger	-0.09	1.72
plan	-0.09	1.73
model	-0.09	1.83
relatively	-0.09	1.70
hurts	-0.09	1.74
providing	-0.09	1.88
strategic	-0.09	1.72
pr	-0.09	1.57
boss	-0.09	2.11
interested	-0.09	3.43
alive	-0.09	1.62
charity	-0.09	1.63
hint	-0.09	1.91
km	-0.09	2.01
longer	-0.09	2.40
candidate	-0.09	1.74
door	-0.08	2.16
various	-0.08	1.56
funds	-0.08	1.72
covering	-0.08	1.81
finally	-0.08	2.64
teachers	-0.08	1.70
confirmed	-0.08	1.91
blocked	-0.08	1.91
significantly	-0.08	1.98
raped	-0.08	1.80
these	-0.08	1.58
inflation	-0.08	1.54
career	-0.08	1.85
proving	-0.08	2.31
clear	-0.08	2.88
highways	-0.08	1.68
controlled	-0.08	1.74
following	-0.08	1.90
slap	-0.08	1.88
monthly	-0.08	1.85
services	-0.08	1.79
goal	-0.08	2.01
tenant	-0.08	1.78
remove	-0.08	1.95
doesnt	-0.08	2.63
truck	-0.08	1.81
stickers	-0.08	1.55
fewer	-0.08	2.19
wanting	-0.08	2.77
explains	-0.08	1.28
contacted	-0.08	2.21
reputation	-0.08	1.63
project	-0.08	1.72
didnt	-0.08	2.58
rise	-0.08	1.46
professionals	-0.08	1.54
bikes	-0.08	1.71
minute	-0.08	2.16
widely	-0.08	1.97
hire	-0.08	1.76
cost	-0.08	1.92
bucks	-0.08	2.15
streetcar	-0.08	1.67
latest	-0.08	1.78
sam	-0.07	1.36
contractor	-0.07	1.66
shelter	-0.07	1.57
counting	-0.07	1.82
report	-0.07	2.06
carefully	-0.07	1.99
provide	-0.07	2.18
commuters	-0.07	1.72
growing	-0.07	1.58
spray	-0.07	1.53
tunnels	-0.07	1.61
ridiculously	-0.07	1.67
travel	-0.07	1.91
tax	-0.07	1.72
promises	-0.07	2.11
decided	-0.07	2.81
mins	-0.07	2.13
simple	-0.07	1.97
municipalities	-0.07	1.62
600	-0.07	1.95
teach	-0.07	1.83
gave	-0.07	2.41
owns	-0.07	1.71
regards	-0.07	1.69
fly	-0.07	1.27
police	-0.07	1.89
statistics	-0.07	2.04
stops	-0.06	1.84
primary	-0.06	1.64
exclusively	-0.06	1.88
aka	-0.06	1.29
min	-0.06	2.08
planning	-0.06	1.66
passengers	-0.06	1.70
desire	-0.06	2.23
duty	-0.06	1.65
plans	-0.06	1.74
residents	-0.06	1.59
hospitals	-0.06	1.80
speeds	-0.06	1.74
consider	-0.06	2.90
crash	-0.06	1.91
mortgage	-0.06	1.81
chose	-0.06	2.65
indicates	-0.06	1.81
maintenance	-0.06	1.80
purpose	-0.06	2.03
wake	-0.06	1.89
hope	-0.06	2.46
straight	-0.06	1.61
companies	-0.06	1.64
bring	-0.06	2.66
runs	-0.06	1.87
hr	-0.06	1.75
awhile	-0.06	2.06
battle	-0.06	1.58
volunteer	-0.06	1.91
helped	-0.06	2.37
recognition	-0.06	1.73
expensive	-0.06	1.80
costs	-0.06	1.87
positions	-0.06	1.87
century	-0.06	1.55
1000	-0.06	1.93
walking	-0.05	1.87
residence	-0.05	1.62
ethnic	-0.05	1.43
followed	-0.05	1.78
unpopular	-0.05	1.76
prison	-0.05	1.66
pay	-0.05	1.98
anyway	-0.05	3.40
lease	-0.05	1.86
profits	-0.05	1.59
tdsb	-0.05	1.73
careful	-0.05	1.79
sole	-0.05	1.58
models	-0.05	1.78
weekly	-0.05	1.82
permanent	-0.05	1.68
opinions	-0.05	2.24
heads	-0.05	1.83
register	-0.05	1.72
summary	-0.05	1.79
permits	-0.05	1.81
remain	-0.05	1.90
points	-0.05	2.78
provided	-0.05	2.13
advanced	-0.04	1.70
bomb	-0.04	1.62
400	-0.04	1.90
workers	-0.04	1.76
allegations	-0.04	2.10
stintz	-0.04	1.63
311	-0.04	2.12
sits	-0.04	1.66
bump	-0.04	1.67
carrying	-0.04	1.68
lay	-0.04	1.80
slip	-0.04	1.65
hopefully	-0.04	2.82
scheduled	-0.04	1.92
yelled	-0.04	2.10
train	-0.04	1.92
odds	-0.04	2.04
global	-0.04	1.44
nope	-0.04	2.85
character	-0.04	1.82
courses	-0.04	1.93
cycling	-0.04	1.70
landlord	-0.04	1.80
blood	-0.03	1.66
destroy	-0.03	1.44
industries	-0.03	1.55
described	-0.03	1.96
ones	-0.03	2.73
connects	-0.03	1.37
torontonians	-0.03	1.62
hilarious	-0.03	2.57
transit	-0.03	1.75
licenses	-0.03	1.63
tech	-0.03	1.51
steal	-0.03	1.80
marijuana	-0.03	1.40
repairs	-0.03	1.69
organizations	-0.03	1.69
capable	-0.03	2.10
ghomeshi	-0.03	1.78
teacher	-0.03	1.69
passed	-0.03	2.15
changing	-0.03	1.79
streetcars	-0.03	1.88
employer	-0.03	1.84
medical	-0.03	1.88
efficiency	-0.03	1.53
eye	-0.03	2.35
episode	-0.03	1.53
birth	-0.02	1.57
tie	-0.02	1.54
flip	-0.02	1.41
anytime	-0.02	2.14
ears	-0.02	1.78
attempting	-0.02	2.52
investments	-0.02	1.69
contract	-0.02	1.81
attract	-0.02	1.66
hunting	-0.02	1.53
returning	-0.02	1.89
primarily	-0.02	1.82
barriers	-0.02	1.71
tomorrow	-0.02	2.34
hiring	-0.02	1.68
conversations	-0.02	1.93
owner	-0.02	1.67
mode	-0.02	1.77
subsidized	-0.02	1.73
wage	-0.02	1.78
national	-0.02	1.60
slower	-0.02	2.23
skeptical	-0.02	2.79
paper	-0.02	1.70
stats	-0.02	1.95
assessment	-0.02	1.77
older	-0.02	1.73
morning	-0.02	1.99
justice	-0.01	1.66
margin	-0.01	1.89
received	-0.01	2.06
labour	-0.01	1.65
wealth	-0.01	1.56
establishment	-0.01	1.19
commitment	-0.01	1.80
iirc	-0.01	1.33
borrow	-0.01	2.21
loose	-0.01	1.49
meters	-0.01	1.95
cutting	-0.01	1.65
quarter	-0.01	2.24
forced	-0.01	2.72
official	-0.01	1.76
aware	-0.01	2.81
helmet	-0.01	1.66
90s	-0.01	2.07
hospital	-0.01	1.85
miles	-0.01	2.00
early	-0.01	2.17
sector	-0.01	1.74
platforms	-0.01	1.69
immigrants	-0.01	1.42
latter	-0.01	1.90
kids	-0.01	1.53
aid	-0.01	1.87
manufacturing	-0.01	1.65
roads	-0.01	1.71
returns	-0.01	1.71
attend	-0.01	1.55
spoke	-0.01	2.12
curious	-0.01	2.75
section	-0.00	1.75
operator	-0.00	1.85
counter	-0.00	1.99
usage	-0.00	1.71
employees	-0.00	1.72
ohip	-0.00	1.86
debates	-0.00	1.76
buses	-0.00	1.87
suggests	-0.00	1.90
logical	-0.00	1.85
old	-0.00	1.84
equivalent	-0.00	1.39
pickup	-0.00	1.60
brother	0.00	1.57
fee	0.00	1.88
ridership	0.00	1.67
burn	0.00	1.73
sticks	0.00	1.65
address	0.00	2.19
terms	0.00	1.52
waiting	0.00	2.21
nowhere	0.00	1.90
expectations	0.00	1.71
brain	0.00	1.76
saves	0.00	1.93
era	0.00	1.47
proposed	0.00	1.73
criticism	0.00	1.99
requests	0.01	1.77
guessing	0.01	2.87
bold	0.01	1.86
rare	0.01	1.60
loving	0.01	1.32
lining	0.01	1.74
programs	0.01	1.61
holding	0.01	1.98
allows	0.01	2.00
numerous	0.01	1.68
plant	0.01	1.47
adam	0.01	1.40
existing	0.01	1.70
sex	0.01	1.44
supposed	0.01	3.47
returned	0.01	1.87
nunziata	0.01	1.50
joking	0.01	3.19
rehab	0.01	1.71
fleet	0.01	1.69
advise	0.01	1.95
cocaine	0.01	1.55
teaching	0.01	1.83
introduce	0.01	1.88
courts	0.01	1.84
boarding	0.02	1.72
canadians	0.02	1.69
perks	0.02	1.49
border	0.02	1.64
officers	0.02	1.72
brakes	0.02	1.77
thoughts	0.02	2.04
expand	0.02	1.75
department	0.02	1.64
upper	0.02	1.50
asked	0.02	2.65
tyson	0.02	1.77
attending	0.02	1.79
asks	0.02	2.57
vacation	0.02	1.85
forgotten	0.02	2.19
nail	0.02	1.71
payments	0.02	1.79
donate	0.02	1.84
writing	0.02	2.24
pet	0.02	1.62
beaten	0.02	1.94
final	0.02	2.09
audience	0.02	1.50
registration	0.02	1.76
guns	0.03	1.70
value	0.03	1.49
decisions	0.03	2.18
balance	0.03	1.67
bus	0.03	1.78
wondering	0.03	2.96
salaries	0.03	1.70
annoyed	0.03	2.82
nowadays	0.03	1.78
harder	0.03	2.14
handing	0.03	1.97
presented	0.03	2.24
authority	0.03	1.62
buddies	0.03	1.59
cancel	0.03	1.63
arrived	0.03	2.05
laundry	0.03	1.39
compete	0.03	1.76
joe	0.03	1.59
remains	0.03	2.05
becoming	0.03	1.68
till	0.03	2.20
whom	0.03	1.74
replacing	0.03	1.62
values	0.03	1.66
pets	0.03	1.66
skin	0.03	1.59
female	0.04	1.55
forth	0.04	1.75
olivia	0.04	1.59
wages	0.04	1.65
types	0.04	1.65
school	0.04	1.70
none	0.04	1.78
minimum	0.04	1.71
lessons	0.04	1.94
surface	0.04	1.69
graffiti	0.04	1.80
block	0.04	1.98
leaves	0.04	1.84
universities	0.04	1.59
creative	0.04	1.52
800	0.04	1.94
replace	0.04	1.67
calls	0.04	2.06
negotiate	0.04	1.99
stole	0.04	1.72
science	0.04	1.58
rapid	0.04	1.68
deposit	0.04	1.89
regional	0.04	1.56
kimmel	0.04	1.77
strong	0.05	1.49
pitch	0.05	1.24
pot	0.05	1.46
torn	0.05	1.73
gun	0.05	1.66
petition	0.05	1.66
youre	0.05	2.26
kills	0.05	1.69
talk	0.05	2.89
bill	0.05	1.88
shower	0.05	1.30
provinces	0.05	1.51
debate	0.05	1.90
stays	0.05	1.96
popular	0.05	1.63
lrts	0.05	1.87
asap	0.05	2.66
fill	0.05	1.75
americans	0.05	1.86
lanes	0.05	1.88
doctor	0.05	1.85
his	0.05	1.69
meter	0.05	1.79
topic	0.05	2.28
complex	0.06	1.58
discovered	0.06	2.19
informed	0.06	1.90
shelters	0.06	1.43
10,000	0.06	1.81
discuss	0.06	2.58
ticket	0.06	1.77
attacked	0.06	1.95
consumption	0.06	1.51
blocks	0.06	1.97
benefits	0.06	1.87
volume	0.06	1.63
caring	0.06	1.47
chair	0.06	1.45
opened	0.06	2.02
surgery	0.06	1.72
express	0.06	1.79
picks	0.06	1.64
union	0.06	1.83
commuter	0.06	1.69
tiny	0.06	1.53
dumbass	0.06	1.70
replacement	0.06	1.67
finger	0.06	1.82
falls	0.06	1.79
weapon	0.07	1.66
contact	0.07	2.47
jewish	0.07	1.49
reasonable	0.07	1.60
child	0.07	1.52
subsidies	0.07	1.70
visited	0.07	1.91
central	0.07	1.65
traction	0.07	1.82
incentive	0.07	2.32
tow	0.07	1.83
provides	0.07	1.93
require	0.07	1.96
intention	0.07	1.95
monster	0.07	1.37
clinic	0.07	1.83
term	0.07	2.10
quality	0.07	2.19
europe	0.07	1.82
advertise	0.07	2.08
shorter	0.07	2.13
rid	0.07	1.80
2nd	0.07	1.82
speaks	0.07	1.96
gta	0.07	1.68
dr	0.07	1.51
private	0.07	1.75
tends	0.07	1.75
industry	0.08	1.74
taking	0.08	2.85
press	0.08	1.93
bed	0.08	1.31
balls	0.08	1.67
habit	0.08	1.75
activities	0.08	1.54
patients	0.08	1.77
perfectly	0.08	1.80
suburbs	0.08	1.54
managed	0.08	2.24
midnight	0.08	2.07
rail	0.08	1.74
property	0.08	1.60
416	0.08	1.64
tire	0.08	1.44
journalism	0.08	1.82
extended	0.08	1.71
drl	0.08	1.74
handful	0.08	1.63
vet	0.08	1.66
afraid	0.08	2.85
plants	0.08	1.54
date	0.08	2.10
printed	0.08	1.76
407	0.08	1.70
job	0.08	2.24
born	0.08	1.42
ownership	0.09	1.66
unfortunately	0.09	2.56
ed	0.09	1.59
assumption	0.09	2.81
guards	0.09	1.73
murdered	0.09	1.85
initiative	0.09	1.63
fares	0.09	1.63
discourse	0.09	1.59
donations	0.09	1.69
peace	0.09	1.28
held	0.09	1.63
lived	0.09	1.93
lines	0.09	1.71
transfers	0.09	1.71
relief	0.09	1.86
mainstream	0.09	1.59
finish	0.09	2.14
approach	0.09	1.70
wide	0.09	1.82
mr	0.09	1.68
seasons	0.09	1.80
match	0.09	1.53
legal	0.09	1.89
debt	0.09	1.63
priority	0.10	1.94
camp	0.10	1.47
weed	0.10	1.49
partner	0.10	1.58
foot	0.10	1.83
consistent	0.10	1.62
kept	0.10	2.13
compensation	0.10	1.95
tools	0.10	1.74
entry	0.10	1.68
ftfy	0.10	1.62
locks	0.10	1.59
carry	0.10	1.73
built	0.10	1.86
appointment	0.10	1.87
trains	0.10	1.79
used	0.10	2.60
upcoming	0.10	1.69
permission	0.10	2.15
motion	0.10	2.17
tobacco	0.10	1.44
guaranteed	0.10	1.70
active	0.10	1.62
registered	0.10	1.77
employee	0.10	1.74
accepted	0.10	1.89
male	0.10	1.57
fit	0.10	2.08
modem	0.10	1.58
kinds	0.10	1.59
technology	0.10	1.76
size	0.11	1.64
rent	0.11	1.80
noon	0.11	2.08
relationship	0.11	1.48
financially	0.11	1.87
fiscally	0.11	1.65
fuel	0.11	1.50
wider	0.11	1.73
furthermore	0.11	1.84
core	0.11	1.62
gladly	0.11	2.10
premise	0.11	2.40
dale	0.11	1.85
switch	0.11	1.82
example	0.11	2.29
load	0.11	1.67
licence	0.11	1.79
creating	0.11	1.36
pressure	0.12	1.70
strict	0.12	1.73
technical	0.12	1.51
corridor	0.12	1.66
heavy	0.12	1.56
confusion	0.12	1.87
incorrect	0.12	3.86
packages	0.12	1.54
consumers	0.12	1.58
keys	0.12	1.76
reasons	0.12	2.42
downtown	0.12	1.86
likes	0.12	2.61
labels	0.12	1.36
token	0.12	1.71
sounds	0.12	1.91
doctors	0.12	1.73
loading	0.12	1.71
brown	0.12	1.64
elements	0.12	1.61
fire	0.12	1.95
economy	0.12	1.54
permit	0.12	1.81
public	0.12	1.65
rather	0.12	2.85
gardiner	0.12	1.59
falling	0.13	1.76
than	0.13	2.43
worthwhile	0.13	2.12
interaction	0.13	1.68
charging	0.13	1.95
true	0.13	3.76
401	0.13	1.71
sudden	0.13	1.73
emergency	0.13	1.91
doors	0.13	1.94
reserve	0.13	1.83
automatic	0.13	1.77
new	0.13	1.68
reporting	0.13	1.95
pipes	0.13	1.47
appealing	0.13	1.56
cheque	0.13	1.86
volunteers	0.13	1.51
statements	0.13	2.71
owners	0.13	1.56
boxes	0.13	1.40
use	0.13	2.34
crosstown	0.13	1.62
presence	0.13	1.74
stairs	0.13	1.94
foreign	0.14	1.55
rt	0.14	1.69
wants	0.14	2.81
profit	0.14	1.58
networks	0.14	1.46
dog	0.14	1.45
assets	0.14	1.61
engine	0.14	1.57
penis	0.14	1.46
elevated	0.14	1.67
wheels	0.14	1.59
top	0.14	1.85
choosing	0.14	2.35
locked	0.14	1.70
well	0.14	3.05
visible	0.14	1.56
owned	0.14	1.65
thursday	0.14	2.07
license	0.14	1.78
mentioned	0.14	2.57
profitable	0.14	1.72
grabbed	0.14	1.88
meeting	0.14	1.75
chances	0.14	2.41
faster	0.14	2.30
rescue	0.14	1.60
invited	0.14	1.99
label	0.14	1.70
correctly	0.14	2.37
men	0.14	1.56
media	0.14	1.85
power	0.14	1.55
utility	0.14	1.62
black	0.14	1.53
including	0.15	1.58
wheel	0.15	1.71
witnesses	0.15	2.16
pretty	0.15	2.07
internet	0.15	1.60
views	0.15	1.63
second	0.15	2.16
connections	0.15	1.64
banks	0.15	1.69
tenants	0.15	1.64
visa	0.15	1.72
suggested	0.15	2.20
theme	0.15	1.36
machine	0.15	1.78
closest	0.15	1.46
hole	0.15	1.49
qualified	0.15	1.52
stolen	0.15	1.74
drinking	0.15	1.83
posters	0.15	1.64
0	0.16	1.74
happily	0.16	1.98
legislation	0.16	1.80
smarter	0.16	1.80
dedicated	0.16	1.60
hall	0.16	1.48
suburban	0.16	1.56
allowing	0.16	1.93
e.g	0.16	1.61
exit	0.16	1.88
opportunities	0.16	1.89
write	0.16	2.01
hang	0.16	2.10
send	0.16	2.21
operations	0.16	1.53
fare	0.16	1.65
story	0.16	2.04
nicely	0.16	1.78
wise	0.16	1.53
receipt	0.16	1.98
stations	0.16	1.66
wherever	0.16	2.12
target	0.16	1.51
removing	0.16	1.58
orange	0.17	1.70
user	0.17	1.73
dudes	0.17	1.54
occasional	0.17	1.61
westbound	0.17	1.80
trips	0.17	1.87
srt	0.17	1.68
adults	0.17	1.50
randomly	0.17	1.77
friday	0.17	2.01
narrow	0.17	1.69
editorial	0.17	1.93
classes	0.17	1.89
seriously	0.17	2.94
conversation	0.17	2.04
cloud	0.17	1.36
according	0.18	1.89
anyways	0.18	3.08
slide	0.18	2.35
programming	0.18	1.83
figured	0.18	2.40
voice	0.18	1.96
directions	0.18	1.94
rear	0.18	1.78
explaining	0.18	1.88
though	0.18	2.98
transfer	0.18	1.65
mistaken	0.18	3.71
indeed	0.18	1.86
layton	0.18	1.39
data	0.18	1.68
serial	0.18	1.63
comic	0.18	1.52
guard	0.18	1.67
zones	0.19	1.78
expanded	0.19	1.57
issued	0.19	1.85
and/or	0.19	1.59
confirm	0.19	2.08
locals	0.19	2.03
round	0.19	1.78
qualify	0.19	1.77
fits	0.19	1.61
underground	0.19	1.68
answering	0.19	2.71
limited	0.19	1.45
weather	0.19	1.42
culture	0.19	1.22
checks	0.19	1.69
exchange	0.19	1.79
mouth	0.19	1.93
oakville	0.19	1.83
electrical	0.19	1.63
smokers	0.19	1.37
ways	0.19	2.48
short	0.19	1.93
crew	0.19	1.27
button	0.19	1.93
graduated	0.19	1.74
showed	0.19	1.99
explained	0.20	2.28
expanding	0.20	1.54
spoken	0.20	2.13
subways	0.20	1.75
maintaining	0.20	1.73
speaking	0.20	2.17
developers	0.20	1.54
feet	0.20	1.93
premium	0.20	1.54
cash	0.20	1.83
sentiment	0.20	1.36
published	0.20	1.94
cell	0.20	1.71
arms	0.20	1.78
tests	0.20	1.85
shuttle	0.20	1.60
effective	0.20	2.05
practical	0.20	1.96
temporary	0.20	1.68
theirs	0.20	2.00
lock	0.20	1.62
pissed	0.20	2.55
branch	0.21	1.52
defensive	0.21	1.76
renters	0.21	1.58
opening	0.21	2.04
pussy	0.21	1.79
pan	0.21	1.48
degree	0.21	1.72
seats	0.21	1.62
event	0.21	1.47
rode	0.21	1.91
tires	0.21	1.62
stronger	0.21	1.78
aspect	0.21	1.42
needing	0.21	2.14
james	0.21	1.44
users	0.21	1.85
students	0.21	1.61
offering	0.21	1.86
lisi	0.21	1.83
cigarettes	0.21	1.43
tank	0.21	1.50
membership	0.21	1.63
lrt	0.21	1.70
rah	0.21	1.67
dying	0.21	1.52
destination	0.22	1.78
default	0.22	1.51
adding	0.22	1.76
women	0.22	1.67
documents	0.22	1.82
id	0.22	1.93
dressed	0.22	1.62
protected	0.22	1.45
secondary	0.22	1.64
journalist	0.22	1.79
collective	0.22	1.57
warmington	0.22	1.88
outlets	0.22	1.76
combined	0.22	1.65
stuff	0.22	2.23
spare	0.22	1.77
submit	0.23	2.09
emails	0.23	1.83
yesterday	0.23	2.04
loads	0.23	1.38
safe	0.23	1.54
colour	0.23	1.73
ill	0.23	2.01
girls	0.23	1.60
distance	0.23	1.80
rails	0.23	1.65
pointing	0.23	2.39
digital	0.23	1.51
request	0.23	2.10
additional	0.23	1.78
oppose	0.23	2.36
separated	0.23	1.65
line	0.23	1.68
torontonian	0.24	1.92
reporters	0.24	1.97
cons	0.24	1.41
rents	0.24	1.55
yep	0.24	1.68
saturday	0.24	1.97
hair	0.24	1.63
install	0.24	1.67
demand	0.24	1.56
sunday	0.24	1.97
extension	0.24	1.69
software	0.24	1.55
drawn	0.24	1.80
colours	0.24	1.74
pointed	0.24	2.29
papers	0.24	1.94
join	0.24	1.71
shifts	0.24	1.94
conference	0.24	1.90
tokens	0.24	1.72
potholes	0.24	1.64
blown	0.24	1.83
em	0.24	1.92
loan	0.25	1.74
solutions	0.25	2.05
security	0.25	1.68
standing	0.25	1.82
reporter	0.25	2.01
granted	0.25	1.56
smarttrack	0.25	1.77
peter	0.25	1.47
notice	0.25	2.43
plays	0.25	1.27
closed	0.25	1.92
mother	0.25	1.53
placed	0.25	1.75
illegally	0.25	1.95
scale	0.25	1.63
presto	0.25	1.67
engineering	0.25	1.55
payment	0.25	1.76
look	0.25	2.89
exercise	0.25	1.58
association	0.25	1.48
mainly	0.25	1.65
reading	0.25	2.50
jealous	0.25	2.15
burbs	0.25	1.65
globe	0.25	1.89
armed	0.25	1.70
loaded	0.26	1.75
release	0.26	1.92
etobicoke	0.26	1.64
carries	0.26	1.63
sources	0.26	2.06
printing	0.26	1.57
figures	0.26	2.45
describing	0.26	2.88
hook	0.26	2.03
paul	0.26	1.51
young	0.26	1.58
names	0.26	1.86
laid	0.26	1.87
named	0.26	1.51
orders	0.26	1.85
facility	0.26	1.63
steps	0.26	2.10
document	0.26	1.93
using	0.26	2.31
bare	0.26	1.54
expansion	0.26	1.52
dogs	0.27	1.49
methods	0.27	1.90
written	0.27	2.00
take	0.27	2.70
dont	0.27	2.93
goose	0.27	1.48
region	0.27	1.61
resident	0.27	1.66
trip	0.27	1.91
song	0.27	1.65
wild	0.27	1.60
cuz	0.27	1.91
destroyed	0.27	1.42
oshawa	0.27	1.86
equipment	0.27	1.64
talent	0.27	1.61
writer	0.27	1.40
sun	0.27	1.95
double	0.27	1.73
breath	0.27	1.80
luggage	0.27	1.57
uk	0.27	1.67
broad	0.27	1.79
addressed	0.27	2.38
closer	0.27	2.12
front	0.27	1.93
pm	0.28	2.16
troll	0.28	1.76
frame	0.28	1.58
penny	0.28	1.77
utilities	0.28	1.77
partially	0.28	2.22
discussion	0.28	2.25
ideally	0.28	1.93
towed	0.28	1.89
wtf	0.28	1.79
rain	0.28	1.51
materials	0.28	1.41
dvp	0.28	1.71
cold	0.28	1.41
mississauga	0.28	1.69
ex	0.28	1.60
lives	0.28	1.59
sticker	0.28	1.66
walks	0.28	1.80
vague	0.28	1.87
winters	0.28	1.51
appears	0.28	2.00
dare	0.28	2.34
setup	0.28	1.53
subway	0.29	1.66
pilot	0.29	1.56
dense	0.29	1.51
slightly	0.29	1.95
letter	0.29	2.02
intended	0.29	2.11
gas	0.29	1.58
purposes	0.29	1.48
connected	0.29	1.64
star	0.29	1.95
properties	0.29	1.51
embarrassed	0.29	2.74
couch	0.29	1.47
china	0.29	1.62
pension	0.30	1.72
greatly	0.30	1.80
pricing	0.30	1.52
hunt	0.30	1.59
housing	0.30	1.50
brampton	0.30	1.69
transport	0.31	1.70
name	0.31	2.32
stay	0.31	2.24
commercial	0.31	1.53
clean	0.31	1.39
details	0.31	1.98
count	0.31	2.15
auto	0.31	1.74
strictly	0.31	1.64
mail	0.31	1.87
horror	0.31	1.29
box	0.31	1.52
identity	0.31	1.50
alarm	0.31	1.91
knife	0.31	1.70
bills	0.31	1.81
td	0.31	1.68
mobile	0.31	1.69
bank	0.31	1.70
herself	0.32	1.90
open	0.32	2.01
sleep	0.32	1.78
flight	0.32	1.48
renting	0.32	1.65
schedule	0.32	1.70
sundays	0.32	1.75
wet	0.32	1.36
metropass	0.32	1.75
sending	0.32	2.16
debit	0.33	1.74
politely	0.33	2.50
newspapers	0.33	1.89
landing	0.33	1.56
cat	0.33	1.38
flights	0.33	1.44
attached	0.33	1.70
newspaper	0.33	1.94
originally	0.33	2.27
strikes	0.33	1.58
small	0.33	1.43
connection	0.33	1.55
phone	0.33	1.69
development	0.33	1.54
naked	0.33	1.26
announcement	0.33	1.99
buried	0.33	1.68
smoker	0.33	1.37
elevators	0.33	1.57
magical	0.33	1.28
program	0.33	1.82
rip	0.33	1.71
dark	0.33	1.59
transportation	0.34	1.87
steel	0.34	1.47
industrial	0.34	1.50
solution	0.34	2.28
van	0.34	1.97
mentions	0.34	2.18
tries	0.34	2.67
lifestyle	0.34	1.57
warning	0.34	1.81
sections	0.34	1.60
vastly	0.34	1.77
density	0.34	1.56
woman	0.34	1.89
hamilton	0.34	1.73
consideration	0.34	1.96
stories	0.34	2.02
ontario	0.35	1.49
connect	0.35	1.78
diverse	0.35	1.28
pants	0.35	1.52
cities	0.35	1.82
tourists	0.35	1.61
includes	0.35	1.78
barrie	0.35	1.82
apology	0.35	2.15
battery	0.35	1.55
answer	0.35	2.84
treat	0.35	1.92
spirit	0.36	1.71
source	0.36	2.29
urban	0.36	1.52
addition	0.36	1.93
appearance	0.36	1.77
tree	0.36	1.44
repair	0.36	1.70
doolittle	0.36	1.77
freezing	0.36	1.45
height	0.36	1.77
pipe	0.36	1.47
quicker	0.36	2.32
immigrant	0.36	1.52
snow	0.36	1.52
forum	0.37	1.88
karen	0.37	1.55
tested	0.37	2.14
author	0.37	2.52
comparable	0.37	1.48
animal	0.37	1.42
rental	0.37	1.59
drake	0.37	1.21
donation	0.37	1.67
offices	0.37	1.51
parked	0.37	1.95
legs	0.37	1.68
ride	0.37	1.79
tracks	0.37	1.72
bonus	0.37	1.38
invite	0.37	2.06
hood	0.37	1.55
forget	0.38	3.01
breaks	0.38	1.62
rural	0.38	1.54
hat	0.38	1.56
tickets	0.38	1.72
staying	0.38	2.10
historical	0.38	1.27
night	0.38	1.97
window	0.38	1.74
vaughan	0.38	1.55
scarborough	0.38	1.66
context	0.38	2.30
air	0.38	1.39
designed	0.38	1.86
involve	0.38	1.97
previous	0.38	1.97
storage	0.38	1.55
greasy	0.38	2.10
swing	0.38	1.60
signage	0.38	1.86
attractive	0.39	1.65
passes	0.39	1.71
sat	0.39	1.82
grew	0.39	1.68
driveway	0.39	1.77
m	0.39	2.76
learning	0.39	1.91
patient	0.39	1.69
events	0.39	1.44
credit	0.39	1.75
afternoon	0.40	1.88
rented	0.40	1.68
jets	0.40	1.39
resources	0.40	1.87
efficient	0.40	2.05
decision	0.40	2.45
sent	0.40	2.06
painted	0.40	1.72
listening	0.40	2.24
draw	0.40	1.70
gives	0.40	1.81
wallet	0.40	1.83
headlines	0.40	1.99
reader	0.40	1.80
son	0.40	1.45
talks	0.40	2.50
jimmy	0.41	1.73
worry	0.41	2.89
empty	0.41	1.45
installed	0.41	1.66
wards	0.41	1.40
condo	0.41	1.59
electricity	0.41	1.52
uncle	0.41	1.57
jet	0.41	1.54
roommate	0.41	1.84
question	0.41	2.80
wife	0.41	1.51
monopoly	0.41	1.59
method	0.41	1.82
student	0.41	1.67
newer	0.41	1.96
copy	0.41	1.91
boom	0.41	1.59
bathroom	0.41	1.43
alone	0.42	2.56
plane	0.42	1.46
elsewhere	0.42	2.32
helps	0.42	2.39
ai	0.42	1.88
credible	0.42	1.90
pearson	0.42	1.44
walk	0.42	1.93
messages	0.42	1.83
evening	0.42	1.82
yelp	0.42	1.76
robbie	0.42	1.69
cleared	0.42	2.01
extra	0.42	2.07
ban	0.43	1.61
ball	0.43	1.55
sidewalks	0.43	1.66
kid	0.43	1.74
unit	0.43	1.60
bedroom	0.43	1.69
crisis	0.43	1.71
gerrard	0.43	1.36
comedy	0.43	1.16
town	0.43	1.72
price	0.43	1.48
suit	0.43	1.59
answered	0.43	2.51
neighbours	0.43	1.60
father	0.43	1.54
overtime	0.43	1.82
building	0.43	1.59
thin	0.44	1.50
news	0.44	1.82
fan	0.44	1.90
summer	0.44	1.54
coat	0.44	1.52
blue	0.44	1.62
center	0.44	1.48
respond	0.44	2.31
her	0.44	1.64
secure	0.44	1.59
soft	0.44	1.53
blast	0.44	1.22
entrance	0.44	1.71
cne	0.44	1.25
slight	0.44	1.76
wear	0.44	1.47
via	0.44	1.79
released	0.45	1.87
questions	0.45	2.38
contest	0.45	1.56
took	0.45	2.25
greatest	0.45	2.57
lady	0.45	1.92
earlier	0.45	2.35
bottom	0.45	1.96
co-op	0.45	1.70
dry	0.45	1.38
card	0.45	1.73
biking	0.45	1.61
pickering	0.46	1.66
porter	0.46	1.42
tuesday	0.46	1.99
clothes	0.46	1.47
energy	0.46	1.56
impression	0.46	2.23
community	0.46	1.28
cycle	0.46	1.73
grid	0.46	1.72
dates	0.46	1.53
weekend	0.46	1.60
print	0.46	1.70
beside	0.46	1.78
friends	0.46	1.75
apartments	0.46	1.62
surrounded	0.47	1.36
airport	0.47	1.42
billy	0.47	1.31
advocate	0.47	1.32
comparing	0.47	1.64
centres	0.47	1.43
interviews	0.47	1.93
apartment	0.47	1.64
filming	0.47	1.72
speak	0.47	2.25
metal	0.47	1.38
included	0.48	1.70
mile	0.48	1.67
land	0.48	1.48
streets	0.48	1.68
wednesday	0.48	1.99
keeping	0.48	1.91
guide	0.48	1.71
terminal	0.48	1.59
review	0.48	1.78
grown	0.48	1.62
winter	0.48	1.49
monday	0.48	1.96
grey	0.48	1.60
tall	0.48	1.60
outlet	0.48	1.70
university	0.48	1.58
condos	0.48	1.54
memory	0.48	1.84
cats	0.48	1.35
whats	0.48	1.59
magazine	0.48	1.87
attendance	0.49	1.57
cop	0.49	2.04
royal	0.49	1.33
choices	0.49	2.14
developments	0.49	1.65
boots	0.49	1.47
challenge	0.49	1.53
smoking	0.49	1.46
special	0.49	1.69
distribution	0.50	1.48
thus	0.50	1.61
inside	0.50	1.72
cbc	0.50	1.85
track	0.50	1.58
arts	0.50	1.29
adelaide	0.50	1.65
accidentally	0.50	2.03
score	0.50	1.76
cp24	0.50	1.73
speakers	0.50	1.79
entirely	0.50	3.23
native	0.50	1.56
read	0.50	2.32
ottawa	0.50	1.66
communities	0.51	1.36
hmmm	0.51	1.52
shooting	0.51	1.62
bike	0.51	1.67
wearing	0.51	1.50
units	0.51	1.55
stone	0.51	1.32
production	0.51	1.35
adds	0.51	1.67
facilities	0.51	1.52
discussions	0.52	1.91
80s	0.52	1.82
yard	0.52	1.51
cans	0.52	1.33
gear	0.52	1.57
ryerson	0.52	1.59
chosen	0.52	1.86
live	0.52	2.00
totally	0.52	2.16
redditor	0.53	2.07
craigslist	0.53	1.99
field	0.53	1.49
brake	0.53	1.87
listing	0.53	1.94
access	0.53	1.75
hydro	0.53	1.58
elevator	0.53	1.67
holds	0.53	1.59
roll	0.53	1.74
animals	0.53	1.34
laugh	0.53	2.31
silver	0.53	1.30
luckily	0.53	1.94
established	0.53	1.39
ashamed	0.53	2.71
interview	0.54	1.83
sister	0.54	1.55
linked	0.54	2.14
clip	0.54	1.67
shirt	0.54	1.58
richmond	0.54	1.62
lobby	0.54	1.52
between	0.54	1.75
married	0.54	1.34
host	0.55	1.71
realistic	0.55	2.06
street	0.55	1.68
fence	0.55	1.55
heat	0.55	1.46
competition	0.55	1.63
shoot	0.55	1.93
kingston	0.55	1.68
aspects	0.55	1.54
nature	0.55	1.31
trucks	0.56	1.62
experiences	0.56	1.98
brings	0.56	2.28
mom	0.56	1.62
rack	0.56	1.56
maintained	0.56	1.63
homes	0.56	1.50
letters	0.56	1.97
fame	0.56	1.67
reliable	0.56	1.96
diversity	0.56	1.03
loop	0.56	1.52
adult	0.56	1.70
basement	0.57	1.58
american	0.57	1.54
installation	0.57	1.60
audio	0.57	1.70
mine	0.57	2.02
owe	0.57	2.54
dad	0.57	1.60
download	0.57	1.61
smoked	0.57	1.55
stable	0.57	1.49
format	0.57	1.44
husband	0.57	1.45
feeding	0.58	1.40
assumed	0.58	2.63
daughter	0.58	1.53
articles	0.58	2.02
preference	0.58	1.77
non	0.58	1.32
zone	0.58	1.51
books	0.58	1.67
square	0.58	1.52
detroit	0.58	1.61
metro	0.58	1.64
stars	0.58	1.40
lets	0.58	2.49
parliament	0.58	1.52
relevant	0.59	1.98
climb	0.59	1.76
purchase	0.59	1.67
checked	0.59	2.04
pulled	0.59	1.92
banning	0.59	1.57
leash	0.59	1.45
examples	0.59	2.05
sarah	0.59	1.48
mlse	0.59	1.53
buys	0.59	1.65
catch	0.59	2.55
supply	0.60	1.46
player	0.60	1.30
feasible	0.60	1.94
information	0.60	1.97
operated	0.60	1.71
suits	0.60	1.51
redditors	0.60	1.79
guest	0.60	1.69
tag	0.60	1.78
seat	0.60	1.65
floor	0.60	1.59
european	0.60	1.68
towers	0.60	1.47
hes	0.61	2.03
add	0.61	2.47
friend	0.61	1.85
wall	0.61	1.53
uoft	0.61	1.55
wrote	0.61	2.10
sincerely	0.61	1.66
vancouver	0.61	1.64
boyfriend	0.61	1.73
montreal	0.61	1.68
email	0.61	1.97
fridge	0.61	1.57
competent	0.62	1.38
jarvis	0.62	1.52
discount	0.62	1.77
downsview	0.62	1.57
football	0.62	1.38
pair	0.62	1.51
weekends	0.62	1.74
library	0.62	1.53
steam	0.62	1.22
glasses	0.62	1.47
transaction	0.62	1.58
artist	0.62	1.41
ship	0.63	1.60
electronic	0.63	1.46
dress	0.63	1.44
device	0.63	1.63
nights	0.63	1.68
sight	0.64	1.39
references	0.64	1.80
overpriced	0.64	1.16
india	0.64	1.66
fixed	0.64	1.99
floors	0.64	1.52
judging	0.64	1.83
listed	0.64	1.94
tipping	0.64	1.73
parking	0.65	1.80
soccer	0.65	1.35
windows	0.65	1.56
players	0.65	1.39
stood	0.65	1.65
alot	0.65	1.77
teams	0.65	1.39
deals	0.65	1.55
hmm	0.65	1.88
water	0.65	1.32
admission	0.65	1.61
classic	0.65	1.52
above	0.65	1.94
ive	0.66	1.91
yo	0.66	1.68
gold	0.66	1.52
baby	0.66	1.29
material	0.66	1.69
wonderland	0.66	1.56
alternate	0.66	1.72
boston	0.66	1.65
north	0.66	1.51
edge	0.66	1.80
alcohol	0.66	1.45
purchasing	0.66	1.61
church	0.66	1.39
league	0.66	1.38
season	0.66	1.56
iphone	0.66	1.63
forever	0.67	1.73
list	0.67	2.32
campus	0.67	1.54
alternatives	0.67	1.84
fashion	0.67	1.34
filter	0.67	1.57
return	0.67	1.87
readers	0.67	1.62
girl	0.67	1.79
modern	0.67	1.59
tape	0.67	1.46
please	0.67	2.37
station	0.68	1.56
sherbourne	0.68	1.54
king	0.68	1.53
er	0.68	1.91
x	0.68	1.82
closing	0.68	1.76
reference	0.68	1.84
shared	0.68	1.71
resume	0.68	1.90
candy	0.68	1.33
glass	0.68	1.46
records	0.68	1.78
observation	0.68	2.29
congratulations	0.68	1.41
hip	0.69	1.26
share	0.69	1.78
residential	0.69	1.49
boy	0.69	1.77
cultural	0.69	1.25
show	0.70	1.84
south	0.70	1.51
york	0.70	1.56
concert	0.70	1.41
prices	0.70	1.45
account	0.70	1.82
dunno	0.70	1.95
plates	0.70	1.70
language	0.70	1.93
available	0.70	1.54
cards	0.70	1.61
accepting	0.70	1.23
sized	0.70	1.37
casino	0.70	1.41
college	0.71	1.54
devices	0.71	1.60
gravy	0.71	1.62
fyi	0.71	1.57
outrage	0.71	2.19
netflix	0.71	1.50
vodka	0.71	1.35
songs	0.71	1.64
filling	0.71	1.40
sheppard	0.71	1.55
calgary	0.71	1.53
jacket	0.71	1.46
connecting	0.72	1.52
tbh	0.72	2.25
meaningful	0.72	1.45
tonight	0.72	1.89
raptors	0.72	1.39
frills	0.72	1.53
shirts	0.72	1.51
deliver	0.72	1.73
quoted	0.72	2.31
headline	0.73	2.16
artists	0.73	1.38
planes	0.73	1.40
smokes	0.73	1.49
girlfriend	0.73	1.61
shake	0.73	1.56
mixed	0.73	1.36
description	0.73	1.85
house	0.73	1.78
instant	0.73	1.70
team	0.73	1.42
combination	0.73	1.55
french	0.73	1.80
ps	0.73	1.93
purchased	0.73	1.62
honesty	0.74	1.58
imo	0.74	1.62
tune	0.74	1.92
produced	0.74	1.41
concrete	0.74	1.41
tokyo	0.74	1.60
strip	0.74	1.35
interpretation	0.74	3.15
radio	0.74	1.76
tough	0.74	1.88
yours	0.74	2.11
birds	0.74	1.44
fest	0.74	1.04
sales	0.75	1.46
shoes	0.75	1.39
stadium	0.75	1.40
irony	0.75	1.39
naturally	0.75	1.49
gps	0.75	1.70
boat	0.75	1.33
cheaper	0.75	2.16
seven	0.76	1.80
sentence	0.76	2.11
temperature	0.76	1.42
quick	0.76	1.78
accessible	0.76	1.69
telling	0.76	2.88
ads	0.76	1.65
lucky	0.76	2.59
towns	0.76	1.59
some	0.76	1.83
extend	0.76	1.53
nyc	0.76	1.60
baseball	0.76	1.39
screen	0.76	1.60
buildings	0.77	1.43
balcony	0.77	1.43
casual	0.77	1.16
playing	0.77	1.39
trolling	0.77	1.92
mountain	0.77	1.49
crowd	0.77	1.29
damaged	0.77	1.70
studio	0.77	1.47
allen	0.77	1.58
ruined	0.77	1.50
kijiji	0.77	1.80
guess	0.77	2.87
performance	0.77	1.46
located	0.78	1.53
excited	0.78	2.55
listened	0.78	1.91
recording	0.78	1.67
gym	0.78	1.47
space	0.78	1.75
hung	0.78	1.59
neighbors	0.78	1.65
spam	0.78	1.98
pages	0.78	1.91
balanced	0.78	1.48
warm	0.78	1.37
desk	0.78	1.46
businesses	0.78	1.47
de	0.78	1.49
garage	0.78	1.64
referring	0.78	3.13
faces	0.78	1.45
computer	0.79	1.55
scratch	0.79	1.69
q	0.79	1.70
click	0.79	1.90
london	0.79	1.60
buck	0.79	1.77
hungry	0.79	1.82
sand	0.79	1.30
sensible	0.80	1.67
possible	0.80	2.79
google	0.80	1.97
painting	0.80	1.72
product	0.80	1.40
environment	0.80	1.38
alley	0.80	1.59
phones	0.80	1.58
retail	0.80	1.63
kipling	0.80	1.52
surrounding	0.80	1.39
pink	0.80	1.55
computers	0.80	1.51
spadina	0.80	1.51
professional	0.80	1.29
degrees	0.80	1.56
delivery	0.81	1.66
played	0.81	1.42
thompson	0.81	1.35
walls	0.81	1.46
eaton	0.81	1.40
elaborate	0.81	1.79
recorded	0.81	1.74
selling	0.81	1.49
lists	0.81	1.90
search	0.81	2.05
leafs	0.81	1.44
gate	0.81	1.51
coke	0.82	1.43
nfl	0.82	1.42
tone	0.82	1.64
maps	0.83	1.86
club	0.83	1.38
paris	0.83	1.58
apologize	0.83	2.08
contributing	0.83	1.71
another	0.83	2.62
thick	0.83	1.53
buying	0.83	1.81
searching	0.84	2.08
similarly	0.84	1.48
profile	0.84	1.72
fans	0.84	1.42
alternative	0.84	1.99
app	0.84	1.65
hence	0.84	1.75
english	0.84	2.00
basketball	0.84	1.38
ideal	0.85	1.67
sigh	0.85	1.73
websites	0.85	1.84
play	0.85	1.37
quotes	0.85	1.92
accounts	0.85	1.80
jays	0.85	1.45
sale	0.85	1.49
skip	0.86	1.55
storm	0.86	1.43
rational	0.86	1.67
sober	0.86	1.54
fields	0.86	1.39
niagara	0.86	1.49
bottles	0.86	1.30
korea	0.86	1.65
mirror	0.86	1.96
footage	0.86	1.78
checking	0.86	2.19
viable	0.86	2.01
sold	0.86	1.53
cute	0.86	2.27
article	0.86	2.19
bands	0.86	1.40
brands	0.86	1.37
buffalo	0.87	1.44
ton	0.87	1.27
libraries	0.87	1.41
fuckin	0.87	1.75
tons	0.87	1.25
entertaining	0.87	1.61
items	0.88	1.50
smoke	0.88	1.37
finding	0.88	2.05
gon	0.88	2.47
frank	0.88	1.52
spell	0.88	2.02
web	0.88	1.80
overhead	0.88	1.40
neighborhoods	0.88	1.54
affordable	0.88	1.48
alberta	0.88	1.47
content	0.88	1.63
superior	0.88	1.76
supplies	0.88	1.54
bird	0.89	1.33
til	0.89	1.80
booze	0.89	1.39
expecting	0.89	2.68
hidden	0.89	1.44
hoping	0.89	2.84
bay	0.89	1.49
links	0.90	2.09
wikipedia	0.90	1.95
locations	0.90	1.66
rentals	0.90	1.54
neighbour	0.90	1.67
blogto	0.91	1.97
bc	0.91	1.45
holiday	0.91	1.65
channels	0.91	1.44
offered	0.91	1.72
android	0.91	1.62
matt	0.91	1.69
yonge	0.91	1.49
shows	0.92	1.66
rock	0.92	1.52
contrast	0.92	1.20
responded	0.92	2.39
laptop	0.92	1.60
sports	0.92	1.38
farm	0.93	1.30
sites	0.93	1.60
commenting	0.93	2.19
sleeping	0.93	1.45
manner	0.93	1.43
statement	0.93	3.15
queen	0.93	1.46
spring	0.93	1.77
designated	0.93	1.61
words	0.94	2.32
crowds	0.94	1.33
houses	0.94	1.49
responding	0.94	2.48
stranger	0.94	1.72
kennedy	0.94	1.50
skydome	0.94	1.40
f	0.94	1.83
dupont	0.94	1.44
paragraph	0.94	2.17
hockey	0.94	1.38
holy	0.94	1.43
na	0.94	2.55
amazon	0.94	1.50
features	0.95	1.69
dancing	0.95	1.33
natural	0.95	1.19
bloor	0.95	1.48
rocks	0.95	1.18
acc	0.95	1.39
online	0.95	1.78
background	0.95	1.50
television	0.96	1.38
grass	0.96	1.43
british	0.96	1.56
r	0.96	1.68
book	0.96	1.43
markham	0.96	1.65
lifetime	0.97	1.33
sport	0.97	1.34
dundas	0.97	1.46
game	0.97	1.39
wifi	0.97	1.52
finch	0.98	1.49
ladies	0.98	1.63
jane	0.98	1.40
games	0.98	1.34
st	0.98	1.44
genuine	0.98	1.81
ring	0.98	1.48
wan	0.98	2.31
rough	0.98	1.66
site	0.98	1.94
am	0.98	2.61
obama	0.99	2.19
c	0.99	1.76
centre	0.99	1.37
made	0.99	3.01
corner	0.99	1.44
along	1.00	1.53
rooms	1.00	1.38
regent	1.00	1.33
comfort	1.00	1.34
page	1.00	1.98
movie	1.00	1.38
paint	1.00	1.56
convenient	1.00	1.67
chat	1.00	1.88
pop	1.00	1.46
surprise	1.00	1.92
wonderful	1.00	1.55
california	1.00	1.56
bet	1.00	2.90
master	1.00	1.61
wow	1.01	2.28
damn	1.01	2.26
bathurst	1.01	1.48
g	1.01	1.68
music	1.01	1.48
chain	1.01	1.52
maple	1.01	1.37
room	1.01	1.42
sitting	1.01	1.66
furniture	1.01	1.41
independent	1.02	1.49
website	1.02	1.97
luxury	1.02	1.32
offer	1.02	1.66
liquor	1.02	1.45
winner	1.02	1.41
pape	1.02	1.42
sell	1.02	1.50
wellesley	1.02	1.46
intelligent	1.03	1.62
select	1.03	1.71
ending	1.04	1.70
wood	1.04	1.35
bought	1.04	1.66
dance	1.04	1.28
removed	1.04	1.88
offers	1.04	1.48
secret	1.04	1.53
folks	1.05	1.92
heritage	1.05	1.10
text	1.05	1.86
rexdale	1.05	1.46
mark	1.05	1.47
posting	1.05	2.21
mills	1.05	1.46
walmart	1.05	1.43
ikea	1.05	1.49
blog	1.06	2.04
chip	1.06	1.48
assumptions	1.06	2.93
sells	1.06	1.40
quebec	1.06	1.39
brand	1.07	1.42
folk	1.07	1.35
hop	1.07	1.38
tourist	1.07	1.34
posted	1.07	2.16
theatre	1.07	1.28
subreddit	1.08	2.09
importantly	1.08	1.28
pack	1.08	1.40
produce	1.08	1.36
stream	1.08	1.46
dufferin	1.08	1.44
trade	1.09	1.68
tv	1.09	1.40
goods	1.09	1.42
interesting	1.09	2.04
legit	1.09	1.49
variety	1.09	1.29
keele	1.09	1.44
filmed	1.09	1.51
areas	1.10	1.52
leaf	1.10	1.36
spaces	1.10	1.45
andray	1.10	1.77
perspective	1.10	1.73
accent	1.10	1.62
quote	1.11	2.35
free	1.11	1.62
roof	1.11	1.45
dude	1.11	1.80
pool	1.11	1.34
theres	1.12	1.68
valuable	1.12	1.50
ama	1.12	2.07
bulk	1.12	1.46
spin	1.12	1.46
lighting	1.12	1.26
reddit	1.12	2.06
shipping	1.13	1.37
sub	1.13	2.10
hear	1.13	2.61
guys	1.13	1.88
tweets	1.13	1.94
cameras	1.13	1.57
channel	1.14	1.42
better	1.14	2.58
golden	1.14	1.54
visiting	1.14	1.57
message	1.14	1.94
etc	1.14	1.36
islington	1.14	1.43
prepare	1.14	1.56
band	1.14	1.37
technically	1.15	2.81
movies	1.15	1.36
buy	1.15	1.53
attended	1.15	1.29
trolls	1.16	1.82
reviews	1.16	1.70
clair	1.16	1.43
paths	1.16	1.56
cup	1.16	1.21
t	1.16	1.60
convenience	1.16	1.40
italy	1.16	1.43
venue	1.17	1.28
hah	1.17	1.87
ice	1.17	1.26
rosedale	1.17	1.41
ta	1.17	2.01
poster	1.17	2.14
architecture	1.17	1.15
close	1.17	2.53
festivals	1.17	1.15
film	1.17	1.35
christie	1.18	1.41
lawrence	1.18	1.43
harbour	1.18	1.33
path	1.18	1.58
delivered	1.18	1.55
confident	1.18	2.14
downvoting	1.19	2.17
bite	1.19	1.55
huh	1.19	1.89
gf	1.19	1.64
products	1.19	1.35
hong	1.19	1.59
pound	1.19	1.52
festival	1.19	1.18
east	1.19	1.44
answers	1.19	2.12
map	1.19	1.86
mods	1.19	2.10
choice	1.19	2.61
pros	1.20	1.48
facebook	1.20	1.90
west	1.20	1.43
lt	1.20	1.78
marks	1.20	1.93
near	1.20	1.45
ave	1.20	1.42
sane	1.20	1.52
famous	1.20	1.23
serves	1.20	1.54
plate	1.21	1.53
prepared	1.21	2.52
stock	1.21	1.37
lakeshore	1.21	1.43
hill	1.21	1.50
neighbourhoods	1.21	1.41
twitter	1.21	1.83
steeles	1.21	1.43
market	1.21	1.34
myself	1.21	2.66
threads	1.21	2.10
design	1.21	1.33
dome	1.21	1.44
dash	1.21	1.71
queens	1.21	1.44
r/toronto	1.21	2.06
phrase	1.21	2.53
ceiling	1.22	1.45
item	1.22	1.55
series	1.23	1.43
bright	1.23	1.44
yorkdale	1.23	1.35
jack	1.23	1.81
updated	1.23	1.93
y	1.23	1.73
easy	1.24	1.91
chicago	1.25	1.56
kidding	1.25	1.91
clarify	1.25	2.92
positive	1.25	1.88
b	1.25	1.70
favorite	1.25	1.61
meh	1.25	1.30
markets	1.26	1.33
replied	1.26	2.33
fast	1.26	1.73
eglinton	1.26	1.44
weston	1.26	1.41
lcbo	1.26	1.33
indie	1.27	1.40
e	1.27	1.67
la	1.27	1.57
shop	1.27	1.42
avenue	1.27	1.41
yay	1.27	1.22
area	1.27	1.47
factory	1.27	1.32
curiosity	1.28	2.03
logo	1.28	1.55
useful	1.28	1.70
streaming	1.28	1.38
tweet	1.29	1.97
plus	1.29	1.63
option	1.29	2.60
easiest	1.29	2.37
store	1.30	1.35
struggling	1.30	2.33
link	1.30	2.04
karma	1.30	1.82
grand	1.30	1.42
kitchen	1.30	1.42
eh	1.31	1.89
hotel	1.31	1.30
bridge	1.31	1.50
victoria	1.31	1.40
okay	1.32	2.72
swimming	1.32	1.39
seating	1.32	1.35
classy	1.32	1.43
angle	1.32	1.47
brewers	1.32	1.33
broadview	1.32	1.43
clothing	1.32	1.36
venues	1.33	1.32
videos	1.33	1.61
posts	1.33	2.05
im	1.34	2.21
diet	1.34	1.32
calm	1.34	1.36
tea	1.34	1.07
southern	1.34	1.47
insight	1.34	1.92
title	1.34	2.21
rd	1.35	1.45
davisville	1.35	1.44
shoppers	1.35	1.42
cooking	1.35	1.31
version	1.35	1.40
amp	1.36	1.56
mall	1.36	1.36
video	1.36	1.47
suppose	1.36	2.58
comments	1.37	2.05
bottle	1.37	1.27
indoor	1.37	1.30
ol	1.37	1.69
kong	1.37	1.55
heh	1.37	1.47
island	1.37	1.32
apples	1.38	1.31
yup	1.38	2.05
eastern	1.38	1.54
outdoor	1.39	1.31
wine	1.39	1.30
bubble	1.39	1.43
northern	1.39	1.57
museum	1.39	1.15
hahaha	1.39	1.73
your	1.39	2.32
wilson	1.40	1.40
thread	1.40	2.13
word	1.41	2.72
eg	1.41	1.37
neighborhood	1.41	1.39
quay	1.41	1.42
duck	1.41	1.34
youtube	1.42	1.57
post	1.42	2.16
staff	1.42	1.15
server	1.42	1.49
sky	1.43	1.57
delete	1.43	1.98
costco	1.43	1.44
zoo	1.43	1.36
stores	1.44	1.35
boys	1.44	1.40
fellow	1.44	1.43
wrap	1.44	1.25
options	1.44	1.77
lancaster	1.45	1.71
upvoted	1.46	1.97
sarcasm	1.46	1.87
replying	1.47	2.27
definitely	1.47	2.71
tap	1.47	1.30
porn	1.47	1.64
fb	1.48	1.72
hipster	1.48	0.94
waterfront	1.48	1.16
ok	1.49	2.31
upvotes	1.49	1.94
organic	1.49	1.20
u	1.50	1.61
tiff	1.50	1.18
brick	1.50	1.25
username	1.50	1.79
downvoted	1.51	2.07
horton	1.51	1.36
beer	1.51	1.26
downvotes	1.52	1.93
response	1.52	1.87
tour	1.52	1.25
o	1.52	1.69
backyard	1.53	1.39
brilliant	1.53	1.91
eaten	1.53	2.25
camera	1.53	1.56
aquarium	1.54	1.28
place	1.55	2.28
check	1.55	1.85
tower	1.55	1.30
loblaws	1.55	1.31
comfortable	1.55	1.91
scene	1.55	1.30
explanation	1.55	1.89
groceries	1.55	1.41
entertainment	1.55	1.24
nah	1.55	1.80
mistake	1.56	2.71
port	1.56	1.37
ya	1.56	1.97
tim	1.57	1.29
cn	1.57	1.32
mistakes	1.57	2.68
w	1.57	1.40
humour	1.58	1.38
hike	1.58	1.31
preferred	1.58	2.20
ossington	1.58	1.31
trees	1.59	1.33
gardens	1.59	1.21
location	1.60	1.53
n	1.60	1.45
chairs	1.61	1.26
lake	1.61	1.32
congrats	1.61	1.63
super	1.61	1.70
grocery	1.61	1.33
wish	1.62	2.03
deleted	1.62	2.09
bayview	1.62	1.38
comment	1.62	2.11
amsterdam	1.63	1.24
tho	1.63	1.38
mature	1.64	1.42
sarcastic	1.64	2.21
downvote	1.64	1.93
clubs	1.64	1.20
include	1.64	2.38
meant	1.64	2.49
smart	1.65	1.75
cafe	1.65	1.35
hortons	1.65	1.30
recommended	1.65	1.35
uh	1.66	1.88
district	1.67	1.28
martin	1.67	1.29
happier	1.67	2.29
hi	1.67	1.81
hello	1.67	1.47
hero	1.68	1.27
salt	1.68	1.24
escape	1.69	1.24
hot	1.69	1.19
yea	1.69	1.74
amenities	1.69	1.37
recommend	1.69	1.95
liberty	1.69	1.35
impressed	1.70	1.73
error	1.70	2.54
ordering	1.70	1.54
serving	1.70	1.44
spots	1.70	1.58
traditional	1.71	1.34
shops	1.71	1.34
nearby	1.71	1.21
replies	1.71	1.90
electric	1.71	1.59
visit	1.72	1.20
images	1.72	1.62
mill	1.72	1.20
asian	1.73	1.47
sir	1.73	1.66
cam	1.74	1.55
medium	1.75	1.31
upvote	1.75	1.75
honest	1.76	2.01
brewery	1.76	1.23
sit	1.77	1.44
hey	1.77	1.88
local	1.77	1.17
buddy	1.77	1.86
op	1.78	2.00
shopping	1.78	1.18
incredible	1.78	1.49
l	1.79	1.45
missed	1.79	2.04
cottage	1.79	1.28
wedding	1.79	1.35
forgot	1.79	1.84
image	1.79	1.57
thats	1.79	1.81
oil	1.79	1.22
ferry	1.79	1.36
shape	1.80	1.28
tips	1.80	1.57
glad	1.81	2.23
forest	1.81	1.33
holidays	1.82	2.09
listen	1.82	2.21
garden	1.83	1.35
trinity	1.83	1.28
bro	1.83	1.79
starbucks	1.84	1.27
recommendations	1.84	1.68
mount	1.85	1.38
feature	1.85	1.64
village	1.85	1.33
perfect	1.85	1.69
decent	1.86	1.92
parkdale	1.86	1.28
typo	1.86	1.92
cheapest	1.87	2.13
boot	1.87	1.69
tastes	1.87	1.10
grab	1.87	1.41
art	1.88	1.07
update	1.88	1.55
priced	1.88	1.21
rolls	1.89	1.15
don	1.89	1.35
good	1.91	1.60
original	1.92	2.54
gift	1.92	1.27
welcome	1.92	1.69
bang	1.92	1.93
apple	1.93	1.24
corrected	1.93	2.48
productive	1.93	1.85
woodbine	1.94	1.29
relax	1.94	1.70
edited	1.94	2.56
man	1.94	1.83
watch	1.95	1.19
respectful	1.95	1.39
kensington	1.95	1.25
danforth	1.95	1.27
whoa	1.97	1.77
alright	1.98	1.88
bud	1.98	1.80
river	1.99	1.28
ahh	2.00	1.65
roncesvalles	2.00	1.30
rom	2.00	1.16
shots	2.01	1.45
reply	2.01	1.94
recommendation	2.01	1.58
view	2.02	1.56
memories	2.02	1.45
responses	2.02	1.66
humber	2.03	1.32
spelling	2.03	2.42
ha	2.03	1.85
annex	2.03	1.29
italian	2.03	1.48
photos	2.03	1.55
drink	2.03	1.10
generous	2.04	1.73
ordered	2.04	1.23
oops	2.05	1.79
p	2.05	1.58
grammar	2.05	2.30
junction	2.06	1.22
pics	2.06	1.53
picture	2.06	1.56
celebrate	2.06	1.55
yeah	2.06	2.04
leslie	2.07	1.32
tip	2.07	1.32
advice	2.07	1.70
photo	2.07	1.54
san	2.07	1.49
info	2.07	1.61
selection	2.08	1.25
worries	2.09	1.67
sorry	2.09	2.02
lounge	2.10	1.06
servers	2.11	1.22
table	2.11	1.25
added	2.12	2.16
apologies	2.14	2.20
tables	2.14	1.14
served	2.14	1.48
pic	2.14	1.54
detailed	2.14	1.47
serve	2.15	1.32
mac	2.15	1.36
beers	2.15	1.08
milk	2.16	1.05
craft	2.17	1.07
eating	2.19	1.22
bars	2.19	1.11
feedback	2.21	1.53
coffee	2.21	1.05
input	2.21	1.65
pictures	2.21	1.39
park	2.22	1.30
pub	2.22	1.11
watching	2.22	1.23
watched	2.23	1.61
prefer	2.24	1.29
bellwoods	2.25	1.07
luck	2.26	1.68
reasonably	2.26	1.39
chinese	2.26	1.50
solid	2.26	1.19
foods	2.27	1.21
ate	2.27	1.74
liked	2.29	1.09
yorkville	2.30	1.20
healthy	2.32	1.52
frozen	2.32	1.09
ah	2.32	1.85
explore	2.33	1.04
suggestions	2.33	1.36
pricey	2.34	0.95
chinatown	2.34	1.32
drinks	2.34	1.08
distillery	2.35	1.13
trail	2.35	1.21
valley	2.35	1.22
mcdonalds	2.35	1.30
bits	2.36	1.23
slice	2.36	1.01
oh	2.36	1.73
parks	2.36	1.18
haha	2.37	1.77
exciting	2.37	1.21
spit	2.38	1.21
places	2.38	1.74
nicer	2.38	1.62
btw	2.38	1.67
islands	2.39	1.21
killer	2.40	1.57
feed	2.41	1.30
mcdonald	2.42	1.28
edit	2.43	2.03
japanese	2.43	1.44
bar	2.46	1.01
snap	2.49	1.60
cook	2.49	1.26
meat	2.51	1.17
joint	2.51	1.52
taste	2.51	1.35
fresh	2.51	1.15
raw	2.51	1.17
cherry	2.53	1.09
priest	2.54	1.36
eggs	2.54	1.14
mix	2.55	1.04
cream	2.56	0.81
taken	2.56	1.72
chips	2.56	1.21
sugar	2.57	0.93
omg	2.58	1.48
wings	2.58	1.14
suggestion	2.58	1.59
restaurants	2.58	1.20
resource	2.59	1.07
lol	2.59	1.70
appreciate	2.62	1.50
spot	2.62	1.73
eat	2.64	1.20
sum	2.65	1.36
lots	2.66	1.17
cheap	2.69	1.29
indian	2.71	1.64
birthday	2.71	1.59
enjoying	2.72	0.98
cheers	2.72	1.48
chocolate	2.73	0.93
fish	2.73	1.18
brave	2.76	1.29
shot	2.76	1.55
thanks	2.77	1.53
favourite	2.78	1.22
excellent	2.78	1.35
looks	2.79	1.26
christmas	2.79	1.58
lunch	2.80	1.19
steak	2.81	1.22
unique	2.82	0.96
dinner	2.84	1.09
pizza	2.85	1.39
sandwich	2.86	1.08
miss	2.88	1.36
style	2.88	1.21
great	2.89	1.16
cheese	2.91	1.12
bacon	2.92	1.12
sauce	2.93	1.14
korean	2.93	1.45
breakfast	2.93	1.13
custom	2.93	1.32
handy	2.94	1.03
appreciated	2.96	1.09
thai	2.96	1.53
sharing	2.97	1.25
bread	2.98	0.98
vibe	2.98	0.83
pie	2.98	0.91
pleasant	2.98	1.31
beef	2.98	1.11
restaurant	2.98	1.45
tacos	2.98	1.49
thank	2.98	1.47
butter	3.00	0.93
chicken	3.01	1.12
sushi	3.04	1.44
polite	3.06	1.34
poutine	3.08	1.29
pork	3.10	1.32
meal	3.10	1.08
neighbourhood	3.11	1.33
food	3.11	1.22
fried	3.13	1.01
chill	3.14	1.08
atmosphere	3.14	0.82
quiet	3.17	1.36
fries	3.17	1.14
burger	3.22	1.26
authentic	3.23	1.39
skyline	3.24	1.18
trails	3.25	1.24
cool	3.26	1.00
burgers	3.27	1.22
patio	3.31	0.93
neat	3.31	0.78
bbq	3.32	1.34
beach	3.33	1.16
sandwiches	3.34	1.11
friendly	3.35	1.02
beaches	3.37	1.24
fancy	3.38	0.96
fun	3.38	0.93
helpful	3.38	1.06
lovely	3.43	0.93
menu	3.45	1.17
beautiful	3.49	0.91
tasty	3.56	0.79
delicious	3.65	0.91
sweet	3.72	0.60
enjoyed	3.75	0.56
cake	3.90	0.60
enjoy	3.99	0.62
