mess	-6.03	1.13
garbage	-5.71	2.14
shitty	-5.56	2.10
crappy	-5.29	2.16
screwed	-5.14	2.16
unplayable	-5.12	2.33
messed	-4.82	2.12
suck	-4.76	1.90
retarded	-4.75	1.75
wonky	-4.69	2.23
fucked	-4.63	2.24
surprise	-4.47	2.67
spins	-4.44	2.82
pathetic	-4.41	2.21
bad	-4.31	2.16
stuck	-4.28	2.44
vast	-4.19	2.19
blame	-4.11	2.01
stock	-4.07	3.04
suffers	-4.06	2.54
trash	-3.99	2.17
ruin	-3.95	2.26
guilty	-3.89	2.25
abusing	-3.88	2.70
involved	-3.87	2.73
designation	-3.75	3.10
stole	-3.74	3.09
dumb	-3.74	1.87
idiotic	-3.69	2.26
world	-3.65	2.95
ruining	-3.64	2.42
bugged	-3.56	2.31
tendency	-3.54	2.27
due	-3.54	2.67
obsolete	-3.53	2.45
combined	-3.53	2.59
karelia	-3.49	3.38
disappointing	-3.48	2.53
suffer	-3.48	2.70
inevitable	-3.43	2.62
uses	-3.43	3.27
scenario	-3.42	2.83
depression	-3.42	2.60
excuse	-3.42	2.18
complains	-3.40	3.01
ignore	-3.39	2.56
longest	-3.38	2.84
poor	-3.38	2.57
ruined	-3.36	2.29
habit	-3.36	2.97
elevation	-3.34	3.89
questionable	-3.33	2.43
dog	-3.33	2.89
tells	-3.33	3.26
forgotten	-3.33	3.03
possibly	-3.32	2.77
utterly	-3.30	2.28
complain	-3.23	2.84
reputation	-3.20	2.48
etc	-3.19	2.91
initially	-3.19	2.81
part	-3.16	2.91
he-162	-3.08	1.70
blatantly	-3.07	3.28
confused	-3.05	2.85
cheating	-3.04	2.83
sucked	-3.04	2.32
connection	-3.01	1.68
broken	-2.94	1.62
f-82	-2.92	1.61
laugh	-2.87	2.34
whatever	-2.87	3.69
ausf	-2.84	4.57
deadly	-2.82	2.60
struggling	-2.81	3.02
painful	-2.81	2.37
lack	-2.81	2.76
frustration	-2.79	2.92
cards	-2.77	3.72
pile	-2.75	1.58
useless	-2.73	1.74
crap	-2.71	2.18
pray	-2.70	2.20
false	-2.68	3.49
regret	-2.67	3.88
p-80	-2.67	1.80
worthless	-2.65	1.41
p-80a	-2.64	1.80
vi	-2.62	4.56
biased	-2.62	3.19
pointless	-2.61	2.18
stat	-2.61	3.80
infuriating	-2.59	2.58
common	-2.58	2.19
whine	-2.57	3.02
f-84	-2.57	1.72
understandable	-2.56	3.04
circlejerk	-2.56	3.12
vote	-2.55	3.03
ballistics	-2.54	1.72
odd	-2.52	2.59
prove	-2.51	3.75
rage	-2.48	2.63
kicked	-2.42	1.43
bs	-2.42	1.52
dms	-2.40	1.64
wrecked	-2.39	1.51
none	-2.39	2.56
likes	-2.37	3.28
wreck	-2.36	1.08
meh	-2.36	2.76
handling	-2.35	2.89
led	-2.34	1.33
dislike	-2.31	2.74
pisses	-2.28	2.26
ridiculous	-2.27	2.34
stupid	-2.26	1.80
raped	-2.26	1.43
imagine	-2.25	3.11
doing	-2.24	4.01
among	-2.22	3.32
anger	-2.21	3.14
jerk	-2.19	1.29
convinced	-2.19	2.89
lying	-2.19	3.45
suffering	-2.19	1.58
dominated	-2.18	1.51
plays	-2.16	3.55
desktop	-2.15	1.36
favor	-2.15	1.19
computer	-2.15	1.38
pretend	-2.13	4.20
talking	-2.12	3.72
disagree	-2.12	3.57
largest	-2.09	3.45
sick	-2.06	1.46
detection	-2.05	1.52
decides	-2.03	1.24
fucks	-2.03	1.51
incompetent	-2.02	1.34
unbalanced	-2.02	1.49
believe	-2.01	4.26
dominate	-1.99	1.39
wants	-1.98	3.49
deny	-1.97	1.36
nightmare	-1.97	2.32
fool	-1.97	1.46
idiot	-1.95	1.25
complaining	-1.95	1.82
lie	-1.93	3.64
network	-1.93	1.47
what	-1.93	4.20
utter	-1.93	1.58
economy	-1.92	1.28
stiffening	-1.91	1.76
saying	-1.89	4.01
drama	-1.89	1.37
ineffective	-1.88	1.46
rough	-1.88	1.58
nevermind	-1.88	2.77
unfinished	-1.88	1.44
weaponry	-1.88	2.94
slaughtered	-1.87	1.34
fixing	-1.86	1.42
outdated	-1.86	1.57
perfect	-1.84	2.33
bullshit	-1.84	1.59
considering	-1.81	3.16
tbh	-1.81	3.02
suffered	-1.80	1.58
leads	-1.80	1.32
disregard	-1.80	3.07
matchmaker	-1.79	1.41
unnecessary	-1.79	1.58
piece	-1.78	1.58
dm	-1.78	1.49
buggy	-1.76	1.58
placeholder	-1.76	1.58
unrealistic	-1.74	1.56
majority	-1.74	1.38
messing	-1.73	1.58
complete	-1.73	1.52
implying	-1.73	3.32
pants	-1.72	1.42
frustrating	-1.72	2.66
most	-1.72	3.51
spin	-1.71	1.27
silly	-1.71	2.58
consistent	-1.71	1.54
idiots	-1.71	1.34
failure	-1.70	1.36
arguably	-1.69	3.55
inaccurate	-1.69	1.51
absolute	-1.68	2.60
referring	-1.68	3.60
calling	-1.67	1.34
collision	-1.67	1.34
scared	-1.67	3.06
particular	-1.65	3.06
sees	-1.65	2.16
affected	-1.64	1.57
unfortunate	-1.63	2.72
sitting	-1.63	1.76
honest	-1.62	3.04
k-4	-1.62	1.52
easiest	-1.62	3.35
boring	-1.61	2.80
wikipedia	-1.61	3.77
f8f-1b	-1.61	1.51
k4	-1.60	1.53
grind	-1.59	1.43
experiencing	-1.59	1.24
bothers	-1.58	1.24
insane	-1.56	2.37
bitching	-1.55	1.55
outclassed	-1.55	1.47
connected	-1.55	1.46
loss	-1.54	1.54
about	-1.54	2.21
whining	-1.53	1.72
murica	-1.53	1.36
incorrect	-1.52	3.67
fastest	-1.52	3.66
damage	-1.52	1.33
mentioning	-1.52	1.62
raging	-1.51	1.56
broke	-1.50	1.39
compression	-1.50	1.71
sparks	-1.49	1.36
sudden	-1.49	1.20
throws	-1.49	1.19
arguing	-1.48	1.97
internet	-1.48	1.46
skip	-1.48	1.43
handed	-1.48	1.34
trust	-1.48	1.95
issues	-1.47	1.37
awkward	-1.47	1.60
pz	-1.46	2.92
panzer	-1.46	2.94
frequent	-1.44	1.40
changing	-1.44	1.38
f-2	-1.43	1.45
stretch	-1.43	1.16
severe	-1.43	1.56
iv	-1.43	2.87
tries	-1.43	1.91
f2	-1.42	2.41
wargaming	-1.42	1.19
surprising	-1.42	2.75
f	-1.41	2.91
authority	-1.41	1.79
combine	-1.41	1.61
tiering	-1.41	1.38
annoyed	-1.40	1.76
driven	-1.40	1.71
exact	-1.39	2.66
fed	-1.39	1.27
dunno	-1.39	2.93
depends	-1.38	1.33
toward	-1.38	1.18
caused	-1.38	1.30
ruins	-1.37	1.49
iii	-1.37	2.91
jungle	-1.37	1.43
la9	-1.37	1.46
remind	-1.36	1.16
uptiered	-1.35	1.30
flat	-1.35	1.30
blast	-1.35	1.32
abused	-1.35	1.02
resulting	-1.35	1.43
rocks	-1.35	1.29
causing	-1.34	1.28
coupled	-1.34	1.96
f-80	-1.34	1.45
is-4	-1.34	1.54
fms	-1.33	1.37
halfway	-1.33	1.32
costs	-1.33	1.64
ho-229	-1.32	1.38
fake	-1.32	2.45
nobody	-1.32	1.83
e-3	-1.32	1.37
ho229	-1.32	1.41
ii	-1.31	3.07
f1	-1.31	2.38
current	-1.30	1.55
prone	-1.30	1.18
claims	-1.30	1.67
thrown	-1.29	1.25
t-54	-1.29	1.57
balls	-1.29	1.48
irrelevant	-1.29	1.39
causes	-1.29	1.34
ignoring	-1.28	1.61
gaijins	-1.28	1.28
rotation	-1.28	1.25
tweaking	-1.28	1.35
complained	-1.28	1.62
portion	-1.27	0.97
mistaken	-1.27	3.19
similar	-1.27	2.45
sticking	-1.27	1.44
fm	-1.27	1.29
upgrades	-1.27	1.43
minority	-1.26	1.07
weird	-1.26	2.52
enter	-1.26	1.39
claiming	-1.26	1.60
flakpanzer	-1.26	2.58
traverse	-1.25	1.64
stug	-1.25	2.44
reducing	-1.24	1.76
nonsense	-1.23	1.24
card	-1.23	1.87
ash	-1.23	1.41
australia	-1.23	1.31
borked	-1.23	2.47
upgrade	-1.22	1.43
f-80c	-1.22	1.64
river	-1.21	1.46
underperforming	-1.21	1.43
endless	-1.21	1.20
wonders	-1.21	2.49
toxic	-1.20	1.49
stalling	-1.20	1.25
arms	-1.20	1.18
g	-1.20	2.42
calls	-1.20	1.08
f.3	-1.20	1.43
population	-1.20	1.02
rid	-1.19	1.16
packet	-1.19	1.25
knows	-1.19	2.02
reliability	-1.18	1.61
stood	-1.18	1.44
me-262	-1.17	1.44
kuban	-1.17	1.48
panther	-1.17	2.60
stall	-1.17	1.28
95	-1.17	0.98
unlucky	-1.17	1.61
absurd	-1.17	2.40
f9f	-1.16	1.35
aside	-1.16	0.98
f8f	-1.16	1.46
researched	-1.16	1.40
fails	-1.16	1.02
spawn	-1.16	1.42
intentionally	-1.15	1.36
warfare	-1.15	1.18
reaction	-1.15	1.38
arbitrary	-1.15	1.47
agree	-1.14	3.92
reduced	-1.14	1.74
who	-1.14	1.70
bored	-1.14	1.42
38	-1.13	2.50
stability	-1.13	1.77
prevent	-1.13	1.21
bearcat	-1.13	1.45
beat	-1.13	1.35
kursk	-1.13	1.45
unfair	-1.13	1.61
essentially	-1.12	1.28
kick	-1.12	1.42
accident	-1.12	1.14
numbers	-1.11	1.63
claim	-1.11	2.12
rate	-1.11	2.85
else	-1.11	1.85
using	-1.11	1.41
contrary	-1.11	1.50
i.e	-1.10	1.04
thinking	-1.10	3.43
mini	-1.10	1.22
cause	-1.10	1.36
tons	-1.09	1.77
responsible	-1.09	1.17
stalls	-1.09	1.15
call	-1.09	1.33
playable	-1.09	1.25
v	-1.09	2.79
sucks	-1.09	2.28
camping	-1.09	1.31
mark	-1.09	1.95
module	-1.09	1.32
vb	-1.08	1.91
breaking	-1.08	1.10
cases	-1.08	1.13
stays	-1.08	1.07
affects	-1.08	1.52
pissed	-1.08	1.73
gun	-1.08	1.44
stomped	-1.07	1.14
jagdtiger	-1.07	2.52
f3	-1.07	1.40
fools	-1.07	3.09
upgrading	-1.07	1.38
map	-1.07	1.44
c	-1.07	2.64
proved	-1.06	1.23
decisions	-1.06	1.38
replaced	-1.06	1.06
acceptable	-1.06	1.19
unlocked	-1.06	1.38
serious	-1.05	1.44
total	-1.05	1.32
angles	-1.05	1.51
suspect	-1.05	1.23
despite	-1.05	1.20
lands	-1.05	1.26
catalina	-1.04	1.44
reduction	-1.04	1.66
improvement	-1.04	1.27
meteor	-1.04	1.39
influence	-1.04	1.23
recoil	-1.04	1.18
maps	-1.04	1.37
justify	-1.04	1.30
mig-9	-1.03	1.65
flanking	-1.03	1.19
162	-1.03	1.36
zis-30	-1.03	2.08
converted	-1.03	1.00
butthurt	-1.03	1.48
limited	-1.03	1.62
brs	-1.02	1.24
rams	-1.01	1.26
son	-1.01	2.50
england	-1.01	1.22
vampire	-1.01	1.35
h	-1.01	2.99
42	-1.01	1.67
ta-152	-1.00	1.22
teamkill	-1.00	1.43
piss	-1.00	1.35
dick	-1.00	1.47
harsh	-1.00	1.52
actively	-1.00	1.08
eat	-1.00	1.33
everybody	-0.99	1.62
greedy	-0.99	1.14
p80	-0.99	1.33
r2y2	-0.99	1.28
spaded	-0.99	1.40
stats	-0.99	2.01
outright	-0.98	1.40
forgetting	-0.98	2.11
specs	-0.97	1.65
f80c	-0.97	1.37
bam	-0.97	1.08
d-12	-0.97	1.20
tk	-0.97	1.25
values	-0.97	1.76
lag	-0.96	1.28
quitting	-0.96	1.42
dmg	-0.96	1.31
proceeded	-0.96	1.28
running	-0.96	1.78
wowp	-0.95	1.16
overheating	-0.95	1.42
spawns	-0.95	1.23
recall	-0.95	1.45
increase	-0.95	1.63
domination	-0.95	1.31
result	-0.95	1.34
injection	-0.94	1.37
hills	-0.94	1.28
recover	-0.94	1.43
trolls	-0.94	1.11
f9f-2	-0.94	1.29
tricky	-0.94	1.80
reduce	-0.94	1.64
pulling	-0.93	1.48
mosquito	-0.93	1.83
wide	-0.93	1.32
someone	-0.93	1.42
spawned	-0.93	1.34
justified	-0.93	1.37
j	-0.93	2.52
threw	-0.93	1.18
blind	-0.92	1.18
he162	-0.92	1.29
nvidia	-0.92	1.56
imbalance	-0.92	1.08
whole	-0.92	1.27
placed	-0.92	1.27
asshole	-0.92	1.11
me262	-0.92	1.34
mk103	-0.92	1.38
temporary	-0.92	1.07
excel	-0.91	1.30
farming	-0.91	1.23
yak-15	-0.91	1.56
standards	-0.91	1.26
terrain	-0.91	1.30
spammed	-0.91	1.18
vary	-0.91	1.40
conflict	-0.91	1.22
x	-0.91	2.06
steal	-0.91	1.30
kwk	-0.91	2.45
health	-0.90	1.01
upset	-0.90	2.00
reduces	-0.90	1.63
familiar	-0.90	2.71
f-86	-0.90	1.30
f80	-0.89	1.34
poland	-0.89	1.32
flies	-0.89	1.44
follows	-0.88	1.03
massive	-0.88	1.37
angry	-0.88	1.49
extreme	-0.88	1.45
racist	-0.87	1.50
sort	-0.87	1.61
ocean	-0.87	0.94
rolling	-0.87	1.51
required	-0.86	1.33
accidentally	-0.86	1.25
flawed	-0.86	1.33
anybody	-0.86	1.69
f4	-0.86	1.22
proven	-0.86	1.53
cap	-0.86	1.31
numerous	-0.85	1.06
teamkilling	-0.85	1.30
combination	-0.85	1.61
meanwhile	-0.85	1.17
joking	-0.85	3.04
tiger	-0.85	2.31
la-7	-0.85	1.49
aced	-0.85	1.43
mig9	-0.85	1.33
affect	-0.84	1.36
fuckin	-0.84	2.51
frustrated	-0.84	1.63
horten	-0.84	1.14
velocity	-0.84	1.49
tiny	-0.84	1.28
everyone	-0.83	1.56
held	-0.83	1.27
folks	-0.83	2.99
wars	-0.83	1.24
touch	-0.83	1.32
enjoyment	-0.83	1.36
is-3	-0.83	1.78
b-17g	-0.83	1.19
gajin	-0.83	1.29
t	-0.83	2.71
space	-0.83	1.25
stealing	-0.83	1.27
supply	-0.83	1.30
overperforming	-0.83	1.31
sides	-0.82	1.21
muzzle	-0.82	1.52
ping	-0.82	1.30
mig-15bis	-0.82	1.25
tempest	-0.82	1.47
cry	-0.82	1.46
weapon	-0.82	1.38
eliminate	-0.81	1.05
signed	-0.81	1.28
terms	-0.81	1.93
ki-200	-0.81	1.24
complaints	-0.81	1.27
argue	-0.81	2.57
models	-0.81	1.23
increased	-0.81	1.63
mixed	-0.81	1.08
keeps	-0.81	1.20
rammed	-0.81	1.21
opposite	-0.81	1.15
flying	-0.81	2.42
different	-0.80	1.35
mk	-0.80	1.70
practically	-0.80	0.98
spam	-0.80	1.19
specific	-0.80	1.34
jagdpanther	-0.80	2.15
abuse	-0.80	1.10
beaufighter	-0.79	1.71
f82	-0.79	1.10
afk	-0.79	1.05
cpu	-0.79	1.49
mk108	-0.79	1.17
stolen	-0.79	1.21
overtiered	-0.79	1.27
bf109	-0.79	1.19
f86	-0.79	1.27
angle	-0.79	1.42
people	-0.79	1.52
g-6	-0.79	1.16
ferdinand	-0.79	2.17
meta	-0.79	1.11
spinning	-0.78	1.32
tbf	-0.78	1.41
occasional	-0.78	1.28
element	-0.78	1.13
compensate	-0.78	1.55
quit	-0.78	1.38
kdr	-0.78	1.42
ratings	-0.78	1.25
underpowered	-0.78	1.38
t-35	-0.78	1.63
undertiered	-0.78	1.24
7.0	-0.78	1.33
altogether	-0.78	1.26
meteors	-0.77	1.29
trolling	-0.77	1.27
gamemode	-0.77	1.27
la-15	-0.77	1.27
increasing	-0.77	1.47
existing	-0.77	1.17
sparkle	-0.77	1.20
greater	-0.77	1.47
g10	-0.77	1.15
crying	-0.77	1.59
me	-0.77	1.92
mig15	-0.76	1.26
g-10	-0.76	1.15
d12	-0.76	1.17
realism	-0.76	1.03
says	-0.76	1.75
anyone	-0.76	1.88
d-13	-0.76	1.15
lend	-0.76	1.50
modules	-0.76	1.30
l	-0.76	2.58
side	-0.76	1.22
is-2	-0.75	1.65
f8f-1	-0.75	1.37
13mm	-0.75	1.19
statistic	-0.75	1.41
towards	-0.75	1.39
swap	-0.75	1.19
compare	-0.75	1.37
department	-0.75	1.49
mm	-0.75	1.18
express	-0.75	1.36
mountain	-0.75	1.23
airborne	-0.75	1.26
sigh	-0.75	3.00
sits	-0.74	1.05
encounter	-0.74	1.32
t-44	-0.74	1.55
panthers	-0.74	1.53
model	-0.74	1.26
split-s	-0.74	1.52
require	-0.74	1.35
modification	-0.74	1.39
109	-0.74	1.15
same	-0.74	1.52
adjustment	-0.74	1.36
instance	-0.74	1.36
listed	-0.73	2.07
treated	-0.73	1.23
sabre	-0.73	1.25
f9f-5	-0.73	1.23
griffons	-0.73	1.21
death	-0.73	1.16
intentional	-0.73	1.31
mig15bis	-0.73	1.26
amd	-0.73	1.53
stop	-0.73	1.32
whose	-0.73	1.27
defending	-0.73	1.82
maneuvers	-0.73	1.49
choices	-0.73	1.24
inability	-0.73	1.19
stationary	-0.73	1.27
locks	-0.73	1.31
lame	-0.73	1.85
wg	-0.72	1.06
balancing	-0.72	1.17
statistics	-0.72	1.78
graphic	-0.72	1.43
overpowered	-0.72	1.56
152	-0.72	1.16
decision	-0.72	1.32
pointing	-0.71	2.01
depending	-0.71	1.34
outside	-0.71	1.34
g2	-0.71	1.17
spawning	-0.71	1.23
suicide	-0.71	1.05
basically	-0.71	1.99
buildings	-0.71	1.26
outrun	-0.71	1.22
rarely	-0.71	1.45
bias	-0.71	1.43
lowering	-0.71	1.38
6.7	-0.71	1.31
airframe	-0.71	1.49
b	-0.71	2.69
throw	-0.70	1.21
bf-109	-0.70	1.16
normally	-0.70	1.40
commonly	-0.70	1.20
6.3	-0.70	1.25
forces	-0.70	1.21
destroys	-0.70	1.00
stomp	-0.70	1.06
g6	-0.70	1.14
horribly	-0.70	1.32
loops	-0.70	1.50
spitfire	-0.69	1.53
researching	-0.69	1.21
elite	-0.69	1.14
f-80s	-0.69	1.19
exploit	-0.69	1.03
lazy	-0.69	1.39
functional	-0.69	1.27
proceed	-0.69	1.04
t-34	-0.69	1.62
unknown	-0.69	0.89
wasted	-0.69	1.18
decrease	-0.69	1.43
clubbed	-0.69	1.11
getting	-0.68	2.23
surface	-0.68	0.79
beyond	-0.68	1.48
262	-0.68	1.58
displayed	-0.68	1.65
spray	-0.68	0.95
7.3	-0.68	1.31
eastern	-0.68	1.23
doras	-0.68	1.14
shits	-0.67	1.17
switched	-0.67	1.04
servers	-0.67	1.16
system	-0.67	1.17
kd	-0.67	1.53
yers	-0.67	1.14
chunk	-0.67	1.00
t-34s	-0.67	1.52
stayed	-0.67	0.98
ufo	-0.67	1.15
outnumbered	-0.67	1.19
jumping	-0.67	1.23
komet	-0.66	1.28
f-4	-0.66	1.14
reasonable	-0.66	1.61
somebody	-0.66	1.33
torque	-0.66	1.32
d-9	-0.66	1.15
t-34-85	-0.66	1.52
fights	-0.66	1.10
entirely	-0.66	1.63
grinding	-0.66	1.27
research	-0.66	1.20
fixes	-0.66	1.23
accounts	-0.66	1.12
dies	-0.66	1.02
king	-0.65	1.62
stages	-0.65	1.09
murican	-0.65	1.11
d9	-0.65	1.13
tigers	-0.65	1.56
proper	-0.65	2.33
m/s	-0.65	1.54
impossible	-0.65	1.26
cockpits	-0.65	1.19
cl13	-0.65	1.24
pain	-0.65	1.37
rtb	-0.65	0.97
significant	-0.65	1.19
wasnt	-0.65	1.54
xvi	-0.65	1.48
sparkles	-0.64	1.24
balance	-0.64	1.16
playing	-0.64	1.71
unlocking	-0.64	1.20
shake	-0.64	1.32
hill	-0.64	1.13
fix	-0.64	1.29
f9fs	-0.64	1.17
leaves	-0.64	1.03
is-1	-0.64	1.50
nail	-0.64	0.98
mig	-0.64	1.21
increases	-0.64	1.40
childish	-0.64	1.29
t-50	-0.64	1.52
around	-0.64	1.48
wobble	-0.64	1.23
raised	-0.64	1.33
lf	-0.63	1.42
both	-0.63	1.36
shortly	-0.63	1.12
mig-15	-0.63	1.24
infinite	-0.63	0.95
cl	-0.63	1.21
ix	-0.63	1.41
characteristics	-0.63	1.68
frequently	-0.63	1.25
bf	-0.63	1.14
cycle	-0.63	1.18
exactly	-0.62	2.38
creates	-0.62	1.22
physics	-0.62	1.26
g-2	-0.62	1.14
constant	-0.62	1.23
large	-0.62	1.18
a-8	-0.62	1.12
dual	-0.62	1.13
lacks	-0.62	1.77
8.0	-0.62	1.28
americans	-0.62	1.51
banshee	-0.61	1.21
minimal	-0.61	1.35
talked	-0.61	1.52
mantlet	-0.61	1.24
mechanics	-0.61	1.10
defend	-0.61	1.47
pulls	-0.61	0.88
maneuverability	-0.61	2.12
murder	-0.61	1.39
slightest	-0.61	0.83
kv-1	-0.61	1.54
restricted	-0.61	1.23
rng	-0.60	1.01
wildly	-0.60	1.28
hispano	-0.60	1.20
throwing	-0.60	1.35
park	-0.60	1.24
care	-0.60	2.22
f8	-0.60	1.12
bitch	-0.60	1.66
progression	-0.60	1.10
certain	-0.59	1.30
ton	-0.59	1.10
bis	-0.59	1.20
matchmaking	-0.59	1.11
include	-0.59	1.26
me163	-0.59	1.54
90	-0.59	1.00
angled	-0.59	1.19
cl-13a	-0.59	1.20
shooting	-0.59	1.81
change	-0.59	1.66
ram	-0.58	1.24
sloped	-0.58	1.19
adjusting	-0.58	1.23
pool	-0.58	0.99
leaving	-0.58	1.17
nerfs	-0.58	1.08
facing	-0.58	0.98
roll	-0.58	1.57
outperforms	-0.58	1.34
telling	-0.58	1.95
situations	-0.58	1.19
percent	-0.58	1.11
t-34-57	-0.58	1.47
tired	-0.58	1.65
regular	-0.58	1.17
those	-0.57	1.28
finnish	-0.57	1.19
profit	-0.57	1.13
nowhere	-0.57	1.12
stopping	-0.57	1.12
sabres	-0.57	1.25
flame	-0.57	1.01
gunsight	-0.57	1.39
spit	-0.57	1.35
vc	-0.57	1.36
f-8	-0.57	1.10
concerned	-0.57	2.16
rely	-0.57	0.93
modifications	-0.57	1.19
t-26	-0.57	1.39
80	-0.57	0.98
t34	-0.56	1.42
anywhere	-0.56	1.37
hard	-0.56	1.60
performance	-0.56	1.86
t-28	-0.56	1.51
matters	-0.56	1.33
greatest	-0.56	2.80
huge	-0.56	1.15
ie	-0.56	1.25
tell	-0.56	2.44
goes	-0.56	1.25
claimed	-0.56	1.50
sets	-0.56	1.08
sabers	-0.56	1.24
happening	-0.56	1.94
factor	-0.55	1.16
letting	-0.55	1.25
faced	-0.55	0.93
angling	-0.55	1.18
equivalent	-0.55	1.39
99	-0.55	0.96
understand	-0.55	2.66
runs	-0.55	1.39
upside	-0.55	1.13
many	-0.55	1.38
262s	-0.55	1.19
structural	-0.55	1.41
rof	-0.55	1.41
biggest	-0.55	1.21
n1k2	-0.55	1.14
f.4	-0.55	1.23
competent	-0.55	0.95
flip	-0.55	1.18
overheats	-0.55	1.36
d13	-0.55	1.11
meet	-0.55	0.98
compete	-0.54	1.13
working	-0.54	2.09
trend	-0.54	1.11
political	-0.54	1.38
respawns	-0.54	1.07
optional	-0.54	1.26
outclimb	-0.54	1.15
larger	-0.54	1.27
15s	-0.54	1.16
ups	-0.54	1.22
kv	-0.54	1.36
frontal	-0.54	1.21
turning	-0.54	1.70
judge	-0.54	1.52
having	-0.54	2.13
versus	-0.54	0.91
100mm	-0.54	1.27
and/or	-0.54	1.32
wipe	-0.54	1.20
begin	-0.54	1.09
individual	-0.53	1.27
handful	-0.53	1.33
china	-0.53	1.18
hull	-0.53	1.16
scope	-0.53	1.39
walk	-0.53	1.34
fw190	-0.53	1.11
based	-0.53	1.19
laptop	-0.53	1.23
6.0	-0.53	1.19
9/10	-0.53	1.16
excited	-0.53	3.06
admittedly	-0.53	1.30
shoots	-0.53	1.22
necessary	-0.53	1.32
sniped	-0.52	1.08
190	-0.52	1.11
armour	-0.52	1.17
spits	-0.52	1.23
bearcats	-0.52	1.16
hardware	-0.52	1.03
dangerous	-0.52	1.65
spiral	-0.52	1.24
migs	-0.52	1.24
thickness	-0.52	1.21
griffon	-0.52	1.23
maneuvering	-0.52	1.57
me-163	-0.52	1.22
pods	-0.52	1.10
dealing	-0.52	1.17
propeller	-0.52	1.58
graphical	-0.52	1.36
mig-15s	-0.52	1.21
saber	-0.52	1.20
determine	-0.52	1.26
frontally	-0.52	1.39
gunpods	-0.52	1.08
show	-0.52	1.57
crowd	-0.52	0.80
750	-0.51	1.27
hb	-0.51	0.89
typically	-0.51	1.35
between	-0.51	1.14
putting	-0.51	1.97
fw	-0.51	1.10
43	-0.51	1.68
weapons	-0.51	1.42
7.7	-0.51	1.23
removing	-0.51	1.14
chassis	-0.51	1.82
improved	-0.51	1.48
turret	-0.51	1.18
cl-13	-0.51	1.20
missile	-0.51	1.21
a5/u2	-0.51	1.12
a5	-0.51	1.12
tempests	-0.51	1.18
out-turn	-0.50	1.13
forcing	-0.50	1.03
visual	-0.50	1.15
included	-0.50	1.05
pull	-0.50	1.30
charge	-0.50	0.89
obvious	-0.50	1.39
normal	-0.50	1.27
f8fs	-0.50	1.14
peoples	-0.50	1.24
finished	-0.50	1.13
face	-0.50	1.07
armor	-0.50	1.17
outturn	-0.50	1.15
drives	-0.50	0.76
163s	-0.50	1.16
officially	-0.49	1.24
gone	-0.49	1.37
shvak	-0.49	1.25
f80s	-0.49	1.18
p51	-0.49	1.11
other	-0.49	1.42
underestimate	-0.49	1.10
35	-0.49	1.27
tight	-0.49	1.31
burned	-0.49	1.11
raise	-0.49	1.19
impact	-0.49	1.18
acknowledge	-0.49	1.46
remember	-0.49	2.32
flank	-0.49	1.11
primarily	-0.49	0.98
180	-0.49	1.21
shorter	-0.49	1.18
decreased	-0.49	1.42
crashing	-0.49	1.07
163	-0.49	1.53
a8	-0.48	1.13
fyi	-0.48	1.18
rendering	-0.48	1.15
mg151	-0.48	1.12
fear	-0.48	1.03
cake	-0.48	1.44
repeat	-0.48	1.01
effective	-0.48	1.51
natural	-0.48	1.25
maximum	-0.48	1.43
confusion	-0.48	1.44
n1k	-0.48	1.14
b6/r3	-0.48	1.05
percentage	-0.48	0.97
noticing	-0.48	1.96
graphics	-0.48	1.23
front	-0.48	1.18
sniping	-0.48	0.95
dcs	-0.48	1.01
stops	-0.48	1.20
84	-0.48	1.15
lion	-0.47	1.13
noticeable	-0.47	1.55
major	-0.47	1.17
la-9	-0.47	1.13
e	-0.47	2.58
spitfires	-0.47	1.19
iib	-0.47	1.42
410s	-0.47	1.08
tend	-0.47	1.26
yak9	-0.47	1.16
bunch	-0.47	1.24
unlocks	-0.47	1.16
entitled	-0.47	1.04
behaviour	-0.47	1.27
yaw	-0.47	1.16
bigger	-0.47	1.26
constantly	-0.47	1.17
norway	-0.47	1.11
vs	-0.46	1.10
deal	-0.46	1.89
facts	-0.46	2.09
j7w1	-0.46	1.14
fw-190	-0.46	1.10
wasting	-0.46	1.55
clue	-0.46	2.11
loop	-0.46	1.31
online	-0.46	1.07
completely	-0.46	1.41
komets	-0.46	1.19
income	-0.46	1.14
remaining	-0.46	1.17
eu	-0.46	1.16
finishing	-0.46	1.37
adds	-0.45	1.20
war	-0.45	1.27
partially	-0.45	1.28
108	-0.45	1.13
bombed	-0.45	1.05
allowing	-0.45	1.07
85	-0.45	1.19
rpm	-0.45	1.44
buffed	-0.45	1.31
plate	-0.45	1.16
configuration	-0.45	0.84
belong	-0.45	1.35
109s	-0.45	1.13
against	-0.45	1.08
generous	-0.45	2.11
suddenly	-0.45	1.07
mossie	-0.45	1.98
hurt	-0.45	1.27
named	-0.45	1.25
fws	-0.45	1.13
a-5	-0.45	1.12
powered	-0.44	1.09
slope	-0.44	1.18
1b	-0.44	1.19
boxes	-0.44	1.10
popular	-0.44	1.41
customer	-0.44	1.34
permanent	-0.44	1.26
these	-0.44	1.28
kikka	-0.44	1.27
connect	-0.44	1.20
0	-0.44	1.07
mobility	-0.44	1.70
new	-0.44	1.16
lots	-0.44	1.23
190s	-0.44	1.12
multiple	-0.44	1.17
whether	-0.44	1.94
behind	-0.44	1.09
dependent	-0.44	1.23
presented	-0.44	1.65
ki84	-0.44	1.13
40	-0.44	1.26
accomplish	-0.44	1.26
lies	-0.44	1.63
radius	-0.44	1.48
adjustments	-0.44	1.18
drivers	-0.44	1.24
sheer	-0.44	1.59
modeling	-0.44	1.24
reliable	-0.44	1.26
simultaneously	-0.43	0.97
cannon	-0.43	1.15
trajectory	-0.43	1.15
fragile	-0.43	1.55
identical	-0.43	1.44
ki-84s	-0.43	1.13
japs	-0.43	1.20
85mm	-0.43	1.26
into	-0.43	1.15
depend	-0.43	1.21
punish	-0.43	1.15
dicks	-0.43	1.25
moderate	-0.43	1.57
unreliable	-0.43	1.31
122	-0.43	1.22
f7fs	-0.43	1.13
capping	-0.43	1.08
kv-2	-0.43	1.32
cheap	-0.43	1.31
prices	-0.43	1.19
hands	-0.43	1.19
hidden	-0.43	1.28
lowered	-0.43	1.39
penetration	-0.43	1.17
earning	-0.42	1.14
snap	-0.42	1.28
75	-0.42	1.15
typhoons	-0.42	1.19
command	-0.42	1.26
canadair	-0.42	1.17
nose	-0.42	1.12
rinse	-0.42	1.01
elevator	-0.42	1.25
glitch	-0.42	1.60
5.7	-0.42	1.17
151	-0.42	1.11
raw	-0.42	1.42
ta	-0.42	1.16
calculate	-0.42	1.27
88mm	-0.42	1.33
sharp	-0.42	1.33
number	-0.42	1.05
swoop	-0.41	1.06
upwards	-0.41	1.25
push	-0.41	1.18
g8n1	-0.41	1.12
local	-0.41	1.08
mustangs	-0.41	1.12
focusing	-0.41	1.46
fight	-0.41	1.08
hiding	-0.41	1.13
thousands	-0.41	1.04
75mm	-0.41	1.25
k/d	-0.41	1.37
queues	-0.41	0.98
including	-0.41	1.32
t3	-0.41	1.21
n1ks	-0.41	1.15
usable	-0.41	1.18
45mm	-0.41	1.16
choose	-0.41	1.52
component	-0.41	1.07
preferred	-0.41	0.98
arty	-0.41	1.07
limiting	-0.41	1.16
tiered	-0.40	1.18
mount	-0.40	1.12
penetrate	-0.40	1.16
complicated	-0.40	1.61
37	-0.40	1.24
9s	-0.40	1.10
rare	-0.40	1.56
scenarios	-0.40	1.08
randomly	-0.40	1.01
plenty	-0.40	1.31
ailerons	-0.40	1.15
size	-0.40	1.11
largely	-0.40	1.32
children	-0.40	1.16
various	-0.40	1.18
attempts	-0.40	1.13
optimal	-0.40	1.35
whenever	-0.40	1.24
hd	-0.40	1.25
explosives	-0.40	1.12
caught	-0.40	1.13
m	-0.40	2.07
pen	-0.40	1.29
p51s	-0.40	1.11
fantasy	-0.40	1.26
agility	-0.40	2.06
several	-0.40	1.18
aspect	-0.40	1.21
teir	-0.40	1.42
variant	-0.39	1.44
filler	-0.39	1.10
slowing	-0.39	1.20
flight	-0.39	1.08
45	-0.39	1.17
lineups	-0.39	1.17
play	-0.39	0.99
storm	-0.39	1.19
apcr	-0.39	1.18
direction	-0.39	1.21
maneuver	-0.39	1.32
8.7	-0.39	1.22
hearing	-0.39	1.71
untouchable	-0.39	1.18
destruction	-0.39	1.06
150	-0.39	1.16
tds	-0.39	1.15
octane	-0.39	1.13
gb	-0.39	1.28
platform	-0.39	1.32
200	-0.39	1.17
4	-0.39	1.41
rewarding	-0.39	1.58
american	-0.39	1.40
screw	-0.39	1.04
b-36	-0.39	1.13
supposedly	-0.38	1.27
proof	-0.38	1.87
kept	-0.38	1.26
hokkaido	-0.38	1.13
see	-0.38	2.20
unlike	-0.38	0.88
ditch	-0.38	1.10
delay	-0.38	1.21
mustang	-0.38	1.10
stronk	-0.38	1.66
unlock	-0.38	1.28
mac	-0.38	1.15
minimum	-0.38	1.22
p-51s	-0.38	1.12
bringing	-0.38	1.30
break	-0.38	1.16
cutting	-0.38	1.18
degrees	-0.38	1.16
p-51	-0.38	1.13
weakness	-0.38	1.28
122mm	-0.38	1.20
decide	-0.38	1.55
being	-0.38	1.79
notable	-0.38	1.24
where	-0.38	1.76
priority	-0.38	1.14
adjust	-0.37	1.17
su-122	-0.37	1.30
h6k4	-0.37	1.24
desperate	-0.37	1.17
projectile	-0.37	1.17
wallet	-0.37	1.27
hilariously	-0.37	1.28
thinks	-0.37	2.55
shows	-0.37	1.19
yaks	-0.37	1.11
100	-0.37	1.06
cents	-0.37	1.23
40k	-0.37	1.16
matched	-0.37	1.07
everytime	-0.37	1.21
developing	-0.37	0.99
hammer	-0.37	1.20
ad	-0.37	1.18
millions	-0.37	1.08
soldiers	-0.37	1.26
hunting	-0.37	1.25
elevators	-0.37	1.17
heavies	-0.37	1.10
making	-0.37	1.57
unlimited	-0.37	1.01
ball	-0.37	0.98
dying	-0.37	1.18
driver	-0.37	1.14
additionally	-0.37	1.34
50k	-0.37	1.12
rush	-0.37	1.02
margin	-0.36	1.04
mach	-0.36	1.30
fires	-0.36	1.07
explosion	-0.36	1.09
pick	-0.36	1.59
port	-0.36	1.14
cares	-0.36	2.42
overshoot	-0.36	1.24
protection	-0.36	1.24
boosted	-0.36	1.24
ease	-0.36	1.17
mmo	-0.36	1.07
why	-0.36	2.56
350	-0.36	1.30
td	-0.36	1.20
ranks	-0.36	1.14
bullet	-0.36	1.10
soviet	-0.36	1.41
410	-0.36	1.10
destroy	-0.36	1.00
hispanos	-0.36	1.09
15mm	-0.36	1.10
900	-0.36	1.30
repairs	-0.36	1.13
rates	-0.36	1.85
allows	-0.36	1.36
gains	-0.36	1.15
unlikely	-0.35	1.50
rudder	-0.35	1.15
soviets	-0.35	1.14
determined	-0.35	1.29
three	-0.35	1.17
loading	-0.35	1.48
explode	-0.35	1.09
e3	-0.35	1.16
ceiling	-0.35	1.66
minus	-0.35	0.95
conclusion	-0.35	1.46
going	-0.35	2.68
mg	-0.35	1.09
playerbase	-0.35	0.95
gets	-0.35	1.08
told	-0.35	1.53
split	-0.35	1.28
differences	-0.35	1.18
ring	-0.35	1.14
bouncing	-0.35	1.25
equip	-0.35	1.13
repair	-0.35	1.16
bounce	-0.35	1.16
sell	-0.35	1.55
non	-0.35	1.07
minor	-0.35	1.15
fewer	-0.35	1.30
ratio	-0.34	1.58
thin	-0.34	1.19
bt-7	-0.34	1.32
uncommon	-0.34	1.27
catch	-0.34	1.30
negative	-0.34	1.28
stress	-0.34	1.18
roof	-0.34	1.09
slight	-0.34	1.19
ends	-0.34	1.07
1-3	-0.34	1.18
ki	-0.34	1.14
loses	-0.34	1.01
thick	-0.34	1.14
b24	-0.34	1.07
1000	-0.34	1.18
sorts	-0.34	1.12
57mm	-0.34	1.23
deciding	-0.34	1.25
resources	-0.34	1.07
mind	-0.34	2.12
shell	-0.34	1.08
horizontal	-0.34	1.42
speeds	-0.34	1.72
hold	-0.33	1.41
effectiveness	-0.33	1.22
country	-0.33	1.37
risky	-0.33	1.45
two	-0.33	1.21
30mm	-0.33	1.05
gently	-0.33	1.09
aerial	-0.33	1.07
exchange	-0.33	1.17
drastically	-0.33	1.44
farm	-0.33	1.06
propaganda	-0.33	1.51
requirement	-0.33	1.10
anything	-0.33	2.24
called	-0.33	1.74
scrub	-0.33	1.50
efficiency	-0.33	1.23
powerful	-0.33	1.38
otsu	-0.33	1.13
dozen	-0.33	1.17
he	-0.33	1.50
stalled	-0.33	1.05
holding	-0.33	1.39
speaking	-0.33	1.14
africa	-0.33	1.09
camp	-0.33	1.06
shells	-0.33	1.10
700	-0.33	1.27
800	-0.33	1.28
situation	-0.33	1.70
outcome	-0.33	1.15
notice	-0.33	1.99
players	-0.33	0.92
setting	-0.33	1.15
5.3	-0.33	1.20
destroyed	-0.33	1.04
a1	-0.32	1.11
87	-0.32	1.14
caliber	-0.32	1.11
aphe	-0.32	1.13
powers	-0.32	1.06
hvap	-0.32	1.07
attempt	-0.32	1.09
bans	-0.32	1.11
follow	-0.32	1.19
fail	-0.32	1.30
30k	-0.32	1.14
heading	-0.32	1.16
altitudes	-0.32	1.74
aspects	-0.32	1.07
memory	-0.32	1.48
vertical	-0.32	1.38
fw190s	-0.32	1.12
small	-0.32	1.26
convince	-0.32	1.65
coast	-0.32	1.10
flipped	-0.32	1.08
km/h	-0.32	1.32
20k	-0.32	1.16
39	-0.32	1.34
fps	-0.32	1.15
amount	-0.32	1.10
opinion	-0.32	1.77
1000m	-0.32	1.22
expect	-0.31	2.04
server	-0.31	1.14
57	-0.31	1.20
curious	-0.31	2.25
explosive	-0.31	1.06
modes	-0.31	0.93
hatch	-0.31	1.12
250	-0.31	1.19
random	-0.31	1.11
cough	-0.31	1.39
comes	-0.31	1.09
middle	-0.31	1.14
power	-0.31	1.61
consistently	-0.31	1.12
charging	-0.31	1.20
cost	-0.31	1.18
degree	-0.31	1.18
20mm	-0.31	1.09
bf109s	-0.31	1.12
accordingly	-0.31	1.45
difficult	-0.31	1.63
a6m3	-0.31	1.14
b17s	-0.31	1.06
scissors	-0.31	1.30
mph	-0.31	1.34
xiv	-0.31	1.26
respawn	-0.31	1.07
fault	-0.31	1.26
ki-84	-0.31	1.12
lawn	-0.31	1.03
sl	-0.31	1.12
removal	-0.31	1.16
perform	-0.31	1.41
surfaces	-0.30	1.14
playstyle	-0.30	1.07
forever	-0.30	1.07
bounced	-0.30	1.15
nerfing	-0.30	1.05
hoping	-0.30	3.18
capture	-0.30	1.09
exp	-0.30	1.10
club	-0.30	1.06
kph	-0.30	1.32
valid	-0.30	1.62
capped	-0.30	1.03
moving	-0.30	1.43
3p	-0.30	1.12
pointed	-0.30	1.21
survival	-0.30	1.40
travel	-0.30	1.14
brownings	-0.30	1.07
ramming	-0.30	1.16
penetrates	-0.30	1.12
103	-0.30	1.10
600	-0.30	1.26
penetrated	-0.30	1.13
drive	-0.30	1.16
pushing	-0.30	1.27
rushed	-0.30	1.07
60	-0.30	1.10
plates	-0.30	1.12
kg	-0.30	1.15
crippled	-0.29	1.04
physical	-0.29	1.06
quiet	-0.29	1.45
ability	-0.29	1.57
blowing	-0.29	1.14
regularly	-0.29	1.07
attempting	-0.29	1.24
spark	-0.29	1.13
i-185	-0.29	1.09
living	-0.29	1.38
second	-0.29	1.28
suggesting	-0.29	2.21
steep	-0.29	1.28
theirs	-0.29	1.35
hei	-0.29	1.10
which	-0.29	2.25
features	-0.29	1.19
britain	-0.29	1.23
difference	-0.29	1.28
expensive	-0.29	1.70
progress	-0.29	1.11
ap	-0.29	1.07
equipment	-0.29	1.27
implementation	-0.29	1.06
hs	-0.29	1.09
p-47s	-0.29	1.11
ammunition	-0.29	1.08
shoot	-0.29	1.27
kv-1s	-0.29	1.34
gs	-0.28	1.30
sure	-0.28	2.65
few	-0.28	1.18
round	-0.28	1.05
bills	-0.28	1.15
germans	-0.28	1.23
floating	-0.28	1.07
problems	-0.28	1.30
queue	-0.28	1.03
snipe	-0.28	1.05
boost	-0.28	1.17
matchups	-0.28	1.10
wiped	-0.28	1.08
alone	-0.28	2.37
evidence	-0.28	1.77
f4u-1c	-0.28	1.08
110	-0.28	1.12
project	-0.28	1.10
train	-0.28	1.15
territory	-0.28	1.13
example	-0.28	1.31
estimate	-0.28	1.12
zeroes	-0.28	1.12
amounts	-0.28	1.08
50/50	-0.28	1.15
400	-0.28	1.21
3.7	-0.28	1.33
37mm	-0.28	1.10
arguments	-0.28	1.35
aware	-0.28	2.38
reaching	-0.28	1.21
clear	-0.28	1.35
9t	-0.28	1.11
burning	-0.28	1.05
hellcats	-0.28	1.10
improving	-0.27	1.12
standard	-0.27	1.05
liking	-0.27	1.24
ussr	-0.27	1.23
hundreds	-0.27	1.13
twin	-0.27	1.07
dora	-0.27	1.07
aileron	-0.27	1.17
lose	-0.27	1.21
located	-0.27	1.08
feelings	-0.27	1.26
duck	-0.27	1.19
zeros	-0.27	1.12
cruising	-0.27	1.38
me410	-0.27	1.09
iai	-0.27	1.10
b-17	-0.27	1.06
suspension	-0.27	1.09
p-38g	-0.27	1.08
kmh	-0.27	1.34
north	-0.27	1.07
120	-0.27	1.11
improvements	-0.27	1.19
outperform	-0.27	1.23
ho	-0.27	1.07
malta	-0.27	1.11
releasing	-0.27	1.15
chase	-0.27	1.08
welly	-0.27	1.16
selling	-0.27	1.20
b17g	-0.27	1.08
knowing	-0.27	1.63
smart	-0.27	1.36
limits	-0.27	1.04
n	-0.27	2.26
lions	-0.27	1.12
nowadays	-0.27	1.15
turn	-0.27	1.43
yak-3	-0.27	1.09
durability	-0.27	2.04
tough	-0.27	1.60
9k	-0.27	1.09
strange	-0.27	1.75
age	-0.27	1.17
across	-0.27	1.05
guns	-0.27	1.09
ko	-0.27	1.12
east	-0.27	1.08
4.7	-0.27	1.19
yak	-0.26	1.09
regarding	-0.26	1.27
bump	-0.26	1.08
vulnerable	-0.26	1.50
plans	-0.26	1.13
machine	-0.26	1.08
player	-0.26	0.95
solve	-0.26	1.61
spamming	-0.26	1.14
f.8	-0.26	1.15
mad	-0.26	1.68
exception	-0.26	1.02
b17	-0.26	1.04
originally	-0.26	1.24
driving	-0.26	1.26
ias	-0.26	1.31
invincible	-0.26	1.27
potential	-0.26	1.16
separate	-0.26	1.11
crash	-0.26	1.03
airstart	-0.26	1.07
upgraded	-0.26	1.35
deaths	-0.26	1.10
straight	-0.26	1.25
10-15	-0.26	1.12
comparable	-0.26	1.58
core	-0.26	1.19
unable	-0.26	1.35
shallow	-0.26	1.27
heat	-0.26	1.15
lbs	-0.26	1.15
typhoon	-0.26	1.23
4-5	-0.26	1.17
concern	-0.26	1.51
madness	-0.26	1.28
transmission	-0.26	1.16
chosen	-0.25	0.93
yak-9t	-0.25	1.12
cannons	-0.25	1.05
berlin	-0.25	1.06
a6m5	-0.25	1.12
discussing	-0.25	1.48
3x	-0.25	1.23
sit	-0.25	1.28
lb	-0.25	1.15
control	-0.25	1.15
rear	-0.25	1.10
fourth	-0.25	1.22
brits	-0.25	1.22
300	-0.25	1.19
fighting	-0.25	1.10
lost	-0.25	1.11
positive	-0.25	1.29
supporting	-0.25	1.14
freaking	-0.25	2.26
wider	-0.25	1.17
four	-0.25	1.14
5.0	-0.25	1.23
500	-0.25	1.20
cobras	-0.25	1.10
turnfight	-0.25	1.17
sicily	-0.25	1.07
knocking	-0.25	1.14
cruise	-0.25	1.27
kinetic	-0.25	1.18
suit	-0.25	0.97
bridges	-0.25	1.04
complex	-0.25	1.32
hundred	-0.25	1.11
evasive	-0.25	1.30
route	-0.25	1.23
scale	-0.25	1.07
p-63s	-0.25	1.08
2-3	-0.25	1.17
invisible	-0.25	1.05
penetrating	-0.25	1.11
sat	-0.25	1.15
matter	-0.25	2.27
guarantee	-0.25	1.24
afford	-0.25	1.24
served	-0.25	1.14
tiers	-0.25	1.20
occasionally	-0.25	1.11
speed	-0.25	1.78
100k	-0.25	1.11
desperately	-0.25	1.14
losing	-0.25	1.22
grinded	-0.24	1.11
3/4	-0.24	1.20
feet	-0.24	1.24
brit	-0.24	1.26
2	-0.24	1.21
12.7	-0.24	1.06
70	-0.24	1.11
does	-0.24	2.23
weak	-0.24	1.29
mediums	-0.24	1.09
ft	-0.24	1.28
companies	-0.24	1.09
3-4	-0.24	1.17
talk	-0.24	1.60
when	-0.24	2.00
know	-0.24	2.55
said	-0.24	2.45
ten	-0.24	1.15
uk	-0.24	1.20
maxed	-0.24	1.10
silver	-0.24	1.11
loads	-0.24	1.10
subject	-0.24	1.68
faces	-0.24	1.23
30	-0.24	1.10
strike	-0.24	1.09
barrel	-0.24	1.26
without	-0.24	1.22
mounted	-0.24	1.09
gf	-0.24	1.04
panel	-0.24	1.49
slam	-0.24	1.01
switching	-0.23	1.04
wep	-0.23	1.21
works	-0.23	1.58
windows	-0.23	1.17
100m	-0.23	1.20
hurricane	-0.23	1.24
universal	-0.23	1.02
lee	-0.23	1.09
spaa	-0.23	1.11
50mm	-0.23	1.21
five	-0.23	1.15
circumstances	-0.23	1.10
bleed	-0.23	1.26
forth	-0.23	1.10
british	-0.23	1.27
improve	-0.23	1.32
communication	-0.23	1.24
how	-0.23	2.36
post-war	-0.23	1.84
88	-0.23	1.39
clipped	-0.23	1.17
mid	-0.23	1.31
flames	-0.23	1.02
falling	-0.23	1.14
finish	-0.23	1.18
br	-0.23	1.26
spots	-0.23	1.11
crashes	-0.23	1.01
smaller	-0.23	1.21
gap	-0.23	1.03
conditions	-0.23	1.11
bank	-0.23	1.18
2x	-0.23	1.15
observation	-0.23	1.31
e-1	-0.23	1.11
america	-0.23	1.15
related	-0.23	1.21
rp	-0.23	1.09
curve	-0.23	1.28
devastating	-0.22	1.02
say	-0.22	2.56
fall	-0.22	1.10
303	-0.22	1.06
e.g	-0.22	1.06
italy	-0.22	1.09
germany	-0.22	1.25
hitler	-0.22	1.03
miss	-0.22	1.82
creating	-0.22	1.02
separation	-0.22	1.24
settings	-0.22	1.19
piercing	-0.22	1.04
forward	-0.22	1.28
stukas	-0.22	1.13
1-2	-0.22	1.17
5-6	-0.22	1.16
lure	-0.22	1.12
net	-0.22	1.15
reality	-0.22	1.19
performed	-0.22	1.33
reach	-0.22	1.35
lancaster	-0.22	1.10
mean	-0.22	2.56
usa	-0.22	1.21
kinds	-0.22	1.14
europe	-0.22	1.08
gaming	-0.22	1.04
bugs	-0.22	1.22
knock	-0.22	1.07
limitations	-0.22	1.11
belts	-0.22	1.03
ta152	-0.22	0.98
spread	-0.22	1.18
bailing	-0.21	1.09
figure	-0.21	2.09
west	-0.21	1.10
discuss	-0.21	1.33
merlin	-0.21	1.18
wise	-0.21	1.51
gained	-0.21	1.14
versions	-0.21	1.09
me-410	-0.21	1.08
bombload	-0.21	1.24
long	-0.21	1.09
bill	-0.21	1.09
one-shot	-0.21	1.08
level	-0.21	1.34
4.3	-0.21	1.20
tier	-0.21	1.57
yer	-0.21	1.05
hardcore	-0.21	0.88
jam	-0.21	1.08
ab	-0.21	1.08
t2	-0.21	1.19
m103	-0.21	1.31
parts	-0.21	1.11
invest	-0.21	1.08
sneak	-0.21	1.15
million	-0.21	1.11
a-4	-0.21	1.10
gears	-0.21	1.09
20	-0.21	1.14
trees	-0.21	1.10
confusing	-0.21	1.98
chart	-0.21	1.98
artillery	-0.21	1.08
keyboard	-0.21	1.11
sim	-0.21	0.90
changes	-0.21	1.23
nerfed	-0.21	1.13
city	-0.20	1.03
thousand	-0.20	1.10
gameplay	-0.20	1.05
omni	-0.20	1.02
take-off	-0.20	1.07
hitting	-0.20	1.16
default	-0.20	1.09
couple	-0.20	1.16
maintaining	-0.20	1.24
expert	-0.20	1.09
france	-0.20	1.10
5-10	-0.20	1.15
above	-0.20	1.30
dime	-0.20	1.18
max	-0.20	1.27
brakes	-0.20	1.13
focus	-0.20	1.04
escape	-0.20	1.11
press	-0.20	1.49
insult	-0.20	1.15
keep	-0.20	1.31
penalty	-0.20	1.04
jumped	-0.20	1.42
earned	-0.20	1.09
3k	-0.20	1.19
lease	-0.20	1.32
nato	-0.20	1.09
bridge	-0.20	1.14
kv1	-0.20	1.34
0.3	-0.20	1.26
7.7mm	-0.20	1.05
drops	-0.20	1.25
dropping	-0.20	1.07
loose	-0.20	1.10
automated	-0.19	1.11
airfields	-0.19	1.03
t5	-0.19	1.24
b-17e	-0.19	1.02
pulled	-0.19	1.12
rain	-0.19	1.10
bulge	-0.19	1.06
calibre	-0.19	1.07
twist	-0.19	1.11
ki-61	-0.19	1.11
p2w	-0.19	1.42
measure	-0.19	1.21
fuse	-0.19	1.09
meters	-0.19	1.16
re	-0.19	2.01
easier	-0.19	1.27
key	-0.19	1.39
mgs	-0.19	1.04
wins	-0.19	0.96
wheels	-0.19	1.07
3d	-0.19	1.18
hopes	-0.19	1.14
bail	-0.19	1.11
airbrakes	-0.19	1.14
capacity	-0.19	1.48
potentially	-0.19	0.91
efficient	-0.19	1.44
teams	-0.19	1.01
adapt	-0.19	1.17
european	-0.19	1.05
upper	-0.19	1.19
prevents	-0.19	1.14
double	-0.19	1.09
mostly	-0.19	1.07
operate	-0.19	1.15
trying	-0.19	1.75
brake	-0.19	1.12
disable	-0.19	1.10
shrapnel	-0.19	1.08
5k	-0.19	1.14
below	-0.19	1.25
takeoff	-0.19	1.07
1k	-0.19	1.14
hanging	-0.19	1.11
countless	-0.19	1.16
damaging	-0.19	1.00
modified	-0.19	1.08
casual	-0.19	0.98
within	-0.19	1.11
crew	-0.19	1.08
rounds	-0.19	1.03
apply	-0.19	1.12
opposing	-0.18	1.15
5	-0.18	1.17
dozens	-0.18	1.12
sherman	-0.18	1.24
vector	-0.18	1.16
disengage	-0.18	1.15
needs	-0.18	1.08
gpu	-0.18	1.24
12.7mm	-0.18	1.04
beaufighters	-0.18	1.21
following	-0.18	1.24
forgiving	-0.18	1.37
arcade	-0.18	1.06
apparent	-0.18	1.21
matchup	-0.18	1.08
airfield	-0.18	1.00
bombs	-0.18	1.11
island	-0.18	1.06
nothing	-0.18	2.22
aircrafts	-0.18	1.15
throttle	-0.18	1.12
visibility	-0.18	1.61
breath	-0.18	1.44
independent	-0.18	1.17
contribute	-0.18	1.37
bases	-0.18	1.04
die	-0.18	1.44
roughly	-0.18	1.16
literally	-0.18	1.43
fought	-0.18	1.02
types	-0.18	1.17
hide	-0.18	1.06
medium	-0.18	1.11
plain	-0.18	1.42
t4	-0.18	1.24
approaching	-0.18	1.15
500kg	-0.18	1.09
cut	-0.18	1.08
simulator	-0.18	0.91
152mm	-0.18	1.13
guinea	-0.18	1.11
japan	-0.18	1.18
doom	-0.18	1.11
ones	-0.18	1.29
run	-0.17	1.32
p38	-0.17	1.06
metres	-0.17	1.16
sources	-0.17	1.98
safety	-0.17	1.03
climbing	-0.17	1.33
positions	-0.17	1.05
away	-0.17	1.14
atm	-0.17	1.43
hang	-0.17	1.26
spot	-0.17	1.17
weather	-0.17	1.13
pushed	-0.17	1.19
body	-0.17	1.18
becoming	-0.17	1.21
waiting	-0.17	1.23
often	-0.17	1.44
ps4	-0.17	1.06
while	-0.17	1.25
hurricanes	-0.17	1.16
217	-0.17	1.10
repairing	-0.17	1.04
adequate	-0.17	1.31
b25	-0.17	1.07
staying	-0.17	1.19
especially	-0.17	1.30
area	-0.17	1.06
field	-0.17	1.06
vitality	-0.17	1.08
2km	-0.17	1.13
regain	-0.17	1.33
cobra	-0.17	1.09
ages	-0.17	1.13
simulation	-0.17	0.91
directly	-0.17	1.13
holes	-0.17	1.01
4x	-0.17	1.14
leave	-0.17	1.20
moderation	-0.17	1.24
yak-9	-0.17	1.08
clubbing	-0.17	0.99
price	-0.17	1.17
slowly	-0.17	1.14
mechanic	-0.16	1.16
browning	-0.16	1.06
bait	-0.16	1.08
regard	-0.16	1.12
height	-0.16	1.34
flaps	-0.16	1.08
history	-0.16	1.17
self	-0.16	1.22
1.43	-0.16	1.20
introduction	-0.16	1.09
load	-0.16	1.11
p63	-0.16	1.08
xp	-0.16	1.08
pressing	-0.16	1.43
location	-0.16	1.04
pc	-0.16	1.08
hp	-0.16	1.09
ammo	-0.16	1.04
dove	-0.16	1.05
destroying	-0.16	1.09
analysis	-0.16	1.35
onto	-0.16	1.10
suitable	-0.16	1.07
pillboxes	-0.16	1.06
4000	-0.16	1.11
six	-0.16	1.13
corsairs	-0.16	1.06
3km	-0.16	1.21
km	-0.16	1.16
hawker	-0.16	1.17
industry	-0.16	1.12
truck	-0.16	1.14
weight	-0.16	1.27
loaded	-0.16	1.07
scary	-0.16	2.31
a6m	-0.16	1.13
opening	-0.16	1.10
gaining	-0.16	1.17
dust	-0.16	1.24
general	-0.16	1.34
realistic	-0.16	0.98
5km	-0.16	1.23
4km	-0.16	1.24
environment	-0.16	1.09
ui	-0.16	1.13
turrets	-0.16	1.04
shift	-0.16	1.20
reloading	-0.16	1.02
ensure	-0.16	1.06
gain	-0.16	1.17
grass	-0.15	1.11
keys	-0.15	1.13
becomes	-0.15	1.44
wanting	-0.15	1.27
bomb	-0.15	1.07
2000	-0.15	1.14
beta	-0.15	1.08
4.0	-0.15	1.17
rotate	-0.15	1.17
soft	-0.15	1.06
fitted	-0.15	1.08
exploding	-0.15	1.07
hover	-0.15	1.36
10	-0.15	1.17
acting	-0.15	1.15
deflection	-0.15	1.13
sec	-0.15	1.12
sensitivity	-0.15	1.17
near	-0.15	1.11
stay	-0.15	1.17
gather	-0.15	1.37
through	-0.15	1.08
deploy	-0.15	1.09
extend	-0.15	1.18
maintain	-0.15	1.28
shermans	-0.15	1.23
closest	-0.15	1.05
endgame	-0.15	1.15
elements	-0.15	1.09
a-20	-0.15	1.10
runway	-0.15	1.04
climbed	-0.15	1.16
belt	-0.15	1.03
lower	-0.15	1.47
town	-0.15	1.08
dr	-0.15	1.10
mode	-0.15	0.95
breaks	-0.14	1.11
10,000	-0.14	1.14
performing	-0.14	1.36
stuka	-0.14	1.13
payload	-0.14	1.18
jap	-0.14	1.15
us	-0.14	1.15
2k	-0.14	1.12
lancasters	-0.14	1.05
expecting	-0.14	1.91
advantage	-0.14	1.21
switch	-0.14	1.05
leveling	-0.14	1.09
asking	-0.14	2.06
keen	-0.14	1.09
6	-0.14	1.17
full	-0.14	1.07
statements	-0.14	1.88
knowledge	-0.14	1.09
overall	-0.14	1.49
testing	-0.14	1.05
kingcobra	-0.14	1.08
ruhr	-0.14	1.07
secondly	-0.14	0.86
effectively	-0.14	1.17
1940	-0.14	1.18
blenheim	-0.14	1.15
votes	-0.14	1.22
zones	-0.14	1.06
thus	-0.14	1.16
set	-0.14	1.10
eight	-0.14	1.12
areas	-0.14	1.05
objectives	-0.14	1.03
sustained	-0.14	1.85
lead	-0.14	1.13
rifle	-0.14	1.08
bug	-0.14	1.39
p39	-0.14	1.06
earn	-0.14	1.08
eve	-0.14	1.04
further	-0.13	1.14
cheaper	-0.13	1.17
defeat	-0.13	1.12
2.7	-0.13	1.24
main	-0.13	1.18
90mm	-0.13	1.17
landing	-0.13	1.04
because	-0.13	2.45
b57	-0.13	1.10
barrels	-0.13	1.09
whilst	-0.13	1.12
flak	-0.13	1.07
paper	-0.13	1.12
frame	-0.13	1.37
completed	-0.13	1.07
evade	-0.13	1.16
pounds	-0.13	1.11
bothered	-0.13	1.66
convertible	-0.13	1.07
range	-0.13	1.09
3	-0.13	1.23
alt	-0.13	1.38
italians	-0.13	1.06
carry	-0.13	1.09
wondering	-0.13	2.35
advance	-0.13	1.07
mowing	-0.13	1.11
path	-0.13	1.16
likewise	-0.13	0.97
floats	-0.13	0.95
seven	-0.13	1.16
10k	-0.13	1.10
pby	-0.13	1.07
russians	-0.13	1.23
pillbox	-0.13	1.08
sb	-0.13	0.99
punch	-0.13	1.08
happen	-0.13	2.24
closer	-0.13	1.09
fly	-0.13	1.92
skills	-0.13	1.07
alternate	-0.13	1.08
bracket	-0.13	1.28
covered	-0.13	1.22
mainly	-0.13	1.04
strikes	-0.13	1.13
1.5km	-0.13	1.06
risk	-0.13	1.00
brand	-0.13	0.85
carried	-0.12	0.94
given	-0.12	1.20
500m	-0.12	1.12
p-63	-0.12	1.06
wellingtons	-0.12	1.08
respectively	-0.12	1.07
1km	-0.12	1.09
rip	-0.12	1.09
virtually	-0.12	1.20
standing	-0.12	1.16
japanese	-0.12	1.15
ranges	-0.12	1.07
su	-0.12	1.12
case	-0.12	2.00
altitude	-0.12	1.40
lawnmowing	-0.12	1.16
venom	-0.12	1.11
la-5	-0.12	1.05
ranking	-0.12	1.32
communities	-0.12	1.01
flipping	-0.12	1.17
yak-3p	-0.12	1.10
interceptors	-0.12	1.33
critted	-0.12	1.04
compartment	-0.12	1.04
instructor	-0.12	1.09
dirty	-0.12	1.41
reached	-0.12	1.15
bind	-0.12	1.14
laughing	-0.12	1.36
succeed	-0.11	1.49
rb	-0.11	1.06
25	-0.11	1.11
argument	-0.11	1.59
closing	-0.11	1.08
credits	-0.11	1.06
maintenance	-0.11	1.07
conversion	-0.11	1.10
carrying	-0.11	1.09
requirements	-0.11	1.15
development	-0.11	1.10
data	-0.11	1.69
niche	-0.11	0.91
tl	-0.11	1.11
points	-0.11	1.10
effect	-0.11	1.28
1943	-0.11	1.23
gunners	-0.11	1.04
national	-0.11	1.21
reload	-0.11	1.05
bonus	-0.11	1.06
from	-0.11	1.21
b-24	-0.11	1.07
tas	-0.11	1.30
racks	-0.11	1.07
end	-0.11	1.12
76mm	-0.11	1.18
occur	-0.11	1.25
drop	-0.11	1.15
ended	-0.11	1.13
reliably	-0.11	1.23
24	-0.11	1.26
7	-0.11	1.17
pop	-0.11	1.14
gunship	-0.11	1.17
il-28	-0.11	1.10
square	-0.11	1.08
less	-0.11	1.27
afterwards	-0.11	1.21
reticle	-0.11	1.14
m2	-0.11	1.05
capabilities	-0.11	1.57
api	-0.11	1.00
consider	-0.11	1.40
caps	-0.11	1.07
carries	-0.11	1.07
targets	-0.11	1.06
rock	-0.11	1.21
axis	-0.11	1.12
managed	-0.10	1.15
theory	-0.10	1.72
trick	-0.10	1.23
ju	-0.10	1.10
rack	-0.10	1.08
1/2	-0.10	1.11
levels	-0.10	1.14
down	-0.10	1.13
fotm	-0.10	0.89
process	-0.10	1.13
3-5	-0.10	1.15
western	-0.10	1.06
exploded	-0.10	1.06
belly	-0.10	1.03
blown	-0.10	1.05
chased	-0.10	1.08
strafe	-0.10	1.05
miles	-0.10	1.14
spanish	-0.10	1.06
perhaps	-0.10	1.79
pay	-0.10	1.13
bound	-0.10	1.18
eras	-0.10	1.34
zoom	-0.10	1.23
loader	-0.10	1.08
incendiary	-0.10	0.99
state	-0.10	1.35
attempted	-0.10	1.10
personal	-0.10	1.28
targeting	-0.10	1.13
light	-0.10	1.07
battles	-0.10	0.95
magazine	-0.10	1.11
average	-0.10	1.53
sight	-0.10	1.10
indication	-0.10	1.32
nations	-0.10	1.19
solved	-0.10	1.10
gunner	-0.10	1.03
15	-0.10	1.15
confirmation	-0.10	1.40
reset	-0.10	1.19
longer	-0.10	1.14
crashed	-0.10	1.09
deck	-0.10	1.14
blow	-0.10	1.04
convert	-0.10	1.06
overly	-0.10	1.22
spending	-0.10	1.16
22	-0.10	1.23
3.3	-0.10	1.20
former	-0.10	1.28
meaning	-0.10	1.16
hook	-0.10	1.08
met	-0.10	1.08
gear	-0.09	1.07
wouldnt	-0.09	1.46
backwards	-0.09	1.31
produce	-0.09	1.16
diving	-0.09	1.31
bubble	-0.09	1.06
distance	-0.09	1.08
111	-0.09	1.09
begins	-0.09	1.08
accuracy	-0.09	1.14
locations	-0.09	1.07
civil	-0.09	1.10
lot	-0.09	1.35
ju-87	-0.09	1.13
experienced	-0.09	0.97
systems	-0.09	1.13
f4u	-0.09	1.06
dive	-0.09	1.42
4k	-0.09	1.15
party	-0.09	1.17
testers	-0.09	1.09
avoid	-0.09	1.10
2013	-0.09	1.37
puts	-0.09	1.02
restart	-0.09	1.13
lift	-0.09	1.14
whichever	-0.09	1.40
render	-0.09	1.11
thrust	-0.09	1.24
controls	-0.09	1.08
energy	-0.09	1.47
tad	-0.09	1.34
whereas	-0.09	1.00
cal	-0.09	1.04
installed	-0.09	1.11
unit	-0.09	1.27
legitimate	-0.09	1.39
touching	-0.09	1.18
airstrip	-0.09	1.00
whoever	-0.08	1.20
polish	-0.08	1.19
use	-0.08	1.11
friendly	-0.08	1.12
overheat	-0.08	1.15
inside	-0.08	1.06
strongly	-0.08	1.28
b-2	-0.08	1.07
achieve	-0.08	1.39
ripped	-0.08	1.03
p40	-0.08	1.03
sony	-0.08	1.15
built	-0.08	1.12
tracer	-0.08	0.98
ally	-0.08	1.11
killing	-0.08	1.16
b7a2	-0.08	1.15
convergence	-0.08	1.09
exceptions	-0.08	1.02
prepare	-0.08	1.16
per	-0.08	1.13
44	-0.08	1.50
cripple	-0.08	1.01
explodes	-0.08	1.02
p-63a-10	-0.08	1.09
entering	-0.08	1.05
blew	-0.08	1.08
describe	-0.08	1.33
iwo	-0.08	1.06
april	-0.08	1.73
series	-0.08	1.25
pace	-0.08	0.97
f2h	-0.08	1.19
la-174	-0.08	1.11
over	-0.08	1.16
1.5	-0.08	1.26
stupidly	-0.08	1.39
50cal	-0.08	1.04
ww2	-0.08	1.56
wellington	-0.08	1.16
9	-0.08	1.15
starts	-0.08	1.02
gunnery	-0.08	1.06
cloud	-0.08	0.93
hotas	-0.08	1.10
<URL>	-0.08	0.98
<SPECIAL>	-0.08	0.98
regards	-0.08	1.37
anti	-0.08	1.09
1944	-0.08	1.23
engage	-0.08	1.09
harder	-0.08	1.26
necessarily	-0.08	1.76
bf110	-0.08	1.10
timer	-0.08	1.09
dedicated	-0.08	1.01
insults	-0.07	1.15
kill	-0.07	1.04
applies	-0.07	1.00
stopped	-0.07	1.16
spring	-0.07	1.29
land	-0.07	1.06
cargo	-0.07	1.01
airbase	-0.07	0.99
farther	-0.07	1.11
repaired	-0.07	0.99
enabled	-0.07	1.08
bailed	-0.07	1.08
market	-0.07	0.95
except	-0.07	1.15
house	-0.07	1.12
step	-0.07	1.12
jima	-0.07	1.06
pacific	-0.07	1.02
pbj	-0.07	1.12
victim	-0.07	1.10
besides	-0.07	1.00
definition	-0.07	1.21
torn	-0.07	1.06
leopard	-0.07	1.33
fully	-0.07	1.28
aaa	-0.07	1.03
category	-0.07	1.30
receiving	-0.07	1.16
pieces	-0.07	1.04
variants	-0.07	1.19
seal	-0.07	1.06
glide	-0.07	1.08
wings	-0.07	1.05
food	-0.07	1.13
la	-0.07	1.08
reasons	-0.07	1.34
low	-0.07	1.85
tracers	-0.07	0.98
disabled	-0.07	1.07
stored	-0.07	1.09
adding	-0.07	1.20
aerodynamics	-0.07	1.30
did	-0.07	2.34
aim	-0.06	1.10
units	-0.06	1.05
heavier	-0.06	1.23
prototypes	-0.06	1.10
doable	-0.06	1.48
voted	-0.06	1.08
inevitably	-0.06	1.20
prototype	-0.06	1.06
happens	-0.06	1.49
23mm	-0.06	1.04
register	-0.06	1.29
another	-0.06	1.42
converting	-0.06	1.06
badly	-0.06	1.25
brief	-0.06	1.08
opponent	-0.06	1.16
trucks	-0.06	1.04
began	-0.06	1.05
passing	-0.06	1.09
kilometers	-0.06	1.12
movements	-0.06	1.15
pod	-0.06	1.07
m4	-0.06	1.18
peak	-0.06	1.03
f7f	-0.06	1.11
credit	-0.06	0.99
6k	-0.06	1.14
2.3	-0.06	1.44
vision	-0.06	1.07
spotting	-0.06	1.06
person	-0.06	1.10
b-25s	-0.06	1.09
vastly	-0.06	1.48
some	-0.06	1.33
tanks	-0.06	1.10
1	-0.06	1.32
filter	-0.06	1.28
flap	-0.06	1.06
attacking	-0.06	1.17
difficulty	-0.06	0.98
landed	-0.06	0.99
basis	-0.06	1.26
furthermore	-0.06	1.00
fortress	-0.06	1.14
experimental	-0.06	1.06
their	-0.06	1.24
production	-0.06	1.13
center	-0.06	1.10
handle	-0.06	1.30
trap	-0.06	1.18
climb	-0.06	1.85
win	-0.06	1.10
tighter	-0.06	1.31
mk1	-0.06	1.16
stick	-0.06	1.06
deep	-0.06	1.19
entire	-0.06	1.18
a6m2	-0.06	1.12
armament	-0.06	2.03
distances	-0.06	1.02
strip	-0.06	0.97
rearm	-0.06	1.01
target	-0.06	1.09
plug	-0.06	1.03
airacobra	-0.06	1.04
annoying	-0.06	2.48
buttons	-0.06	1.13
hunter	-0.05	1.14
chances	-0.05	1.10
waste	-0.05	1.07
continue	-0.05	1.13
math	-0.05	1.54
moved	-0.05	1.04
p-51d	-0.05	1.13
severely	-0.05	1.20
performs	-0.05	1.19
compared	-0.05	1.53
explain	-0.05	2.10
recognize	-0.05	1.54
react	-0.05	1.49
instead	-0.05	1.28
7.7s	-0.05	1.02
360	-0.05	1.08
tools	-0.05	1.23
barely	-0.05	1.50
him	-0.05	1.29
allies	-0.05	1.07
rips	-0.05	1.03
circle	-0.05	1.09
swarm	-0.05	0.99
cars	-0.05	1.07
b-25	-0.05	1.06
protect	-0.05	1.09
length	-0.05	1.11
falls	-0.05	1.04
tree	-0.05	1.15
rockets	-0.05	1.09
d-5	-0.05	1.11
yak-1	-0.05	1.10
invasion	-0.05	1.06
pilots	-0.05	0.94
capability	-0.05	1.69
stalinium	-0.05	1.44
cockpit	-0.05	0.99
f4f	-0.05	1.03
progressing	-0.05	1.13
monitor	-0.05	1.13
strafing	-0.05	1.07
50	-0.05	1.03
glass	-0.05	1.05
catching	-0.05	1.21
swift	-0.04	1.13
automatic	-0.04	1.09
passes	-0.04	1.12
rape	-0.04	1.21
wall	-0.04	1.07
800m	-0.04	1.07
victories	-0.04	1.03
continued	-0.04	1.03
shots	-0.04	1.08
console	-0.04	1.03
tickets	-0.04	1.06
confident	-0.04	1.82
quickly	-0.04	1.26
drag	-0.04	1.22
lit	-0.04	1.00
hole	-0.04	1.07
guaranteed	-0.04	1.11
higher	-0.04	1.43
popping	-0.04	1.36
knocked	-0.04	1.03
turnfighting	-0.04	1.16
multiplayer	-0.04	0.99
council	-0.04	1.08
rolled	-0.04	1.16
secure	-0.04	1.06
stronger	-0.04	1.25
postwar	-0.04	1.41
rated	-0.04	1.32
failed	-0.04	1.11
nuclear	-0.04	1.04
sights	-0.04	1.09
destroyer	-0.04	1.12
product	-0.04	1.07
hanger	-0.04	1.03
wheel	-0.04	1.11
manually	-0.04	1.11
untill	-0.04	1.26
noobs	-0.04	1.08
troll	-0.04	1.07
extra	-0.04	1.13
min	-0.04	1.13
updates	-0.04	1.17
completing	-0.03	1.07
strengths	-0.03	1.15
lighter	-0.03	1.25
easily	-0.03	1.27
union	-0.03	1.07
crews	-0.03	1.04
relative	-0.03	1.18
tops	-0.03	1.17
brain	-0.03	1.04
indicator	-0.03	1.11
a4	-0.03	1.15
dealt	-0.03	1.15
mix	-0.03	1.11
released	-0.03	1.21
lesser	-0.03	1.09
bombing	-0.03	1.07
mentality	-0.03	0.94
do-217	-0.03	1.11
weaknesses	-0.03	1.14
preference	-0.03	1.18
investment	-0.03	1.10
fury	-0.03	1.26
ground	-0.03	1.08
matching	-0.03	1.10
1941	-0.03	1.21
fire	-0.03	1.06
quarter	-0.03	1.07
structure	-0.03	1.29
guided	-0.03	1.06
aa	-0.03	1.05
pershing	-0.03	1.24
military	-0.03	1.05
pedals	-0.03	1.08
empty	-0.03	1.07
tracks	-0.03	1.09
coming	-0.03	1.40
ca	-0.03	1.78
tear	-0.03	0.99
exist	-0.03	1.36
rewards	-0.03	1.05
activity	-0.03	1.05
6km	-0.02	1.08
seconds	-0.02	1.13
105mm	-0.02	1.26
ki-102	-0.02	1.13
lanc	-0.02	1.12
supermarine	-0.02	1.14
training	-0.02	1.01
mass	-0.02	1.17
competitive	-0.02	1.46
purchase	-0.02	1.09
design	-0.02	1.10
button	-0.02	1.19
battleship	-0.02	1.04
countries	-0.02	1.10
each	-0.02	1.30
50cals	-0.02	1.03
gladiator	-0.02	1.22
survived	-0.02	0.90
rank	-0.02	1.32
engagement	-0.02	1.08
attention	-0.02	1.28
return	-0.02	1.03
base	-0.02	1.05
armoured	-0.02	1.08
trim	-0.02	1.13
tougher	-0.02	1.25
carrier	-0.02	1.03
magically	-0.02	1.21
bring	-0.01	1.42
controlling	-0.01	1.12
t1	-0.01	1.15
credited	-0.01	1.03
k	-0.01	1.86
m3	-0.01	1.05
la-5fn	-0.01	1.08
banned	-0.01	1.13
enjoy	-0.01	2.67
achieved	-0.01	1.19
up	-0.01	1.36
games	-0.01	1.05
api-t	-0.01	0.99
means	-0.01	1.99
figures	-0.01	1.24
nda	-0.01	1.21
immediate	-0.01	1.06
aiming	-0.01	1.11
bear	-0.01	1.12
ge	-0.01	1.08
h6k	-0.01	1.07
marked	-0.01	1.15
logitech	-0.01	1.14
minute	-0.01	1.13
battleships	-0.01	1.00
big	-0.01	1.26
abilities	-0.01	1.39
wt	-0.01	1.10
operations	-0.01	1.05
spend	-0.01	1.08
live	-0.01	1.12
turns	-0.01	1.36
produced	-0.01	1.10
refer	-0.01	1.46
ffs	-0.00	1.23
r	-0.00	2.31
32	-0.00	1.19
closed	-0.00	1.06
runways	-0.00	1.02
missiles	-0.00	1.10
47	-0.00	1.45
manual	-0.00	1.08
invested	-0.00	1.14
1953	-0.00	1.10
skill	-0.00	1.05
naturally	-0.00	1.24
mins	-0.00	1.16
profitable	-0.00	1.45
generally	0.00	1.29
armed	0.00	1.12
build	0.00	1.07
multiplier	0.00	1.06
debate	0.00	1.32
victory	0.00	1.02
frankly	0.00	1.36
order	0.00	1.33
easy	0.00	1.48
dodge	0.00	1.15
he-111	0.00	1.10
generate	0.00	1.12
1942	0.00	1.20
112	0.00	1.13
position	0.00	1.14
tail	0.00	1.02
top	0.00	1.20
anti-tank	0.01	1.10
form	0.01	1.10
purchased	0.01	1.10
asap	0.01	1.26
left	0.01	1.19
x2	0.01	1.05
engaging	0.01	1.13
f2p	0.01	1.04
dollars	0.01	1.09
yourself	0.01	1.35
talismans	0.01	1.10
attitude	0.01	1.30
free	0.01	1.06
hellcat	0.01	1.02
censorship	0.01	1.15
trouble	0.01	1.24
eagles	0.01	1.07
quicker	0.01	1.21
engined	0.01	1.74
p-39	0.01	1.02
surviving	0.01	0.95
winning	0.01	1.11
rapidly	0.01	1.16
craft	0.01	1.11
scoring	0.01	1.01
able	0.01	1.56
client	0.01	1.12
cals	0.01	1.02
pitch	0.01	1.23
reward	0.01	1.04
disadvantages	0.01	1.11
b-17s	0.01	1.16
bat	0.01	1.06
f6f	0.01	1.01
distracted	0.01	1.08
precision	0.01	1.04
business	0.02	1.06
pro	0.02	1.14
already	0.02	2.03
equipped	0.02	1.12
available	0.02	1.10
moves	0.02	1.19
rating	0.02	1.38
1939	0.02	1.11
move	0.02	1.30
setup	0.02	1.05
specifically	0.02	1.46
date	0.02	1.08
ordered	0.02	1.30
think	0.02	2.46
capable	0.02	1.07
rolls	0.02	1.30
objective	0.02	1.07
hat	0.02	1.06
prem	0.02	1.07
filling	0.02	1.00
damaged	0.02	1.02
defensive	0.02	1.44
lowest	0.02	1.39
killed	0.02	1.10
differ	0.02	1.21
tests	0.02	1.46
management	0.02	1.08
by	0.02	1.33
spotted	0.02	1.06
pvp	0.02	1.01
gravity	0.02	1.14
mod	0.02	1.20
korea	0.02	1.37
quad	0.03	0.95
laws	0.03	1.10
canada	0.03	1.12
1.0	0.03	1.37
airplanes	0.03	1.03
wonder	0.03	2.05
dodging	0.03	1.11
midway	0.03	1.00
lived	0.03	1.00
considerably	0.03	1.22
addressed	0.03	1.35
searching	0.03	1.49
promised	0.03	1.22
version	0.03	1.11
counterparts	0.03	1.15
themselves	0.03	1.14
type	0.03	1.12
class	0.03	1.03
real	0.03	1.33
twice	0.03	1.21
resolution	0.03	1.11
lines	0.03	1.12
ever	0.03	2.12
police	0.03	1.09
tu-2	0.03	1.07
transition	0.03	1.14
upon	0.03	1.04
icons	0.03	1.07
x4	0.03	1.05
attacked	0.03	1.07
admit	0.03	1.65
started	0.03	1.27
commander	0.03	1.06
vehicles	0.03	1.13
strategic	0.03	1.07
inferior	0.03	1.32
turned	0.03	1.15
faith	0.03	0.85
repeatedly	0.04	1.14
destroyers	0.04	1.04
looking	0.04	2.14
head-on	0.04	1.09
obt	0.04	1.10
w	0.04	1.70
access	0.04	1.06
hawk	0.04	1.06
extent	0.04	1.13
ugly	0.04	2.11
counting	0.04	1.01
retain	0.04	1.44
durable	0.04	1.50
par	0.04	1.35
view	0.04	1.01
bullets	0.04	0.98
road	0.04	1.17
sheet	0.04	1.63
naval	0.04	1.05
more	0.04	1.30
matches	0.04	1.14
cod	0.04	0.97
loadout	0.04	1.11
burn	0.04	1.12
operated	0.04	1.04
owned	0.04	0.96
disappear	0.04	1.11
ships	0.04	1.03
fuel	0.04	1.10
we	0.04	2.27
fuselage	0.04	1.08
carriers	0.04	1.03
any	0.04	1.93
buying	0.04	1.11
factors	0.04	1.25
zero	0.04	1.11
sole	0.04	1.10
significantly	0.04	1.25
parameters	0.04	1.11
immediately	0.05	1.28
non-premium	0.05	1.05
considered	0.05	1.39
never	0.05	2.03
albeit	0.05	1.18
hetzer	0.05	1.55
door	0.05	1.06
3000	0.05	1.19
successfully	0.05	1.15
f2a	0.05	1.05
virtual	0.05	1.00
buy	0.05	1.11
leading	0.05	1.11
than	0.05	1.22
try	0.05	1.51
asked	0.05	1.43
mouse-aim	0.05	0.97
teamwork	0.05	1.06
narrow	0.05	1.35
keeping	0.05	1.11
providing	0.05	1.33
reverse	0.05	1.20
experiences	0.05	1.14
punished	0.05	1.25
z	0.05	1.89
clouds	0.05	1.04
minimap	0.05	1.10
piston	0.06	1.88
13	0.06	1.13
barrier	0.06	1.08
events	0.06	0.99
usual	0.06	1.03
head-ons	0.06	1.08
dropped	0.06	1.13
taking	0.06	1.80
1945	0.06	1.17
flaming	0.06	1.24
dates	0.06	1.04
captured	0.06	1.06
recent	0.06	1.15
issue	0.06	1.56
assholes	0.06	1.16
2nd	0.06	1.16
effects	0.06	1.18
apart	0.06	0.98
pr	0.06	1.25
boats	0.06	1.04
arse	0.06	1.27
out	0.06	1.42
deployed	0.06	1.07
kills	0.06	1.05
sticks	0.06	1.13
rushing	0.06	1.21
sims	0.06	0.92
equal	0.06	1.26
off	0.06	1.06
instances	0.06	1.16
frames	0.06	1.06
mc	0.06	1.10
boat	0.06	1.05
raids	0.06	1.04
trigger	0.06	1.03
chaikas	0.06	0.99
elsewhere	0.06	1.48
vietnam	0.06	1.13
ir	0.06	1.06
scroll	0.06	1.20
lightly	0.06	1.10
struggle	0.06	0.94
bursts	0.06	1.03
achievement	0.07	1.04
preferably	0.07	1.04
opposed	0.07	1.08
previously	0.07	1.47
minutes	0.07	1.17
weaker	0.07	1.29
advantages	0.07	1.20
style	0.07	1.18
safely	0.07	1.01
vehicle	0.07	1.31
object	0.07	1.01
threat	0.07	1.35
instantly	0.07	1.15
make	0.07	1.75
public	0.07	1.10
bought	0.07	1.07
ranked	0.07	1.30
law	0.07	1.14
opposition	0.07	1.15
followed	0.07	1.06
release	0.07	1.17
streak	0.07	1.02
controlled	0.07	1.02
bos	0.07	0.91
views	0.07	1.00
jokes	0.07	1.67
later	0.07	1.22
actual	0.07	1.19
simply	0.07	1.98
raf	0.07	1.09
400m	0.07	1.05
a-20g	0.07	1.07
after	0.07	1.24
components	0.07	1.01
a-1	0.07	1.09
gaijin	0.07	1.16
assault	0.07	1.16
focused	0.07	0.98
p-38	0.08	1.14
kinda	0.08	2.82
slow	0.08	1.44
appears	0.08	1.15
buff	0.08	1.07
ki-45	0.08	1.09
talisman	0.08	1.18
exclusively	0.08	0.78
doesnt	0.08	1.44
opinions	0.08	1.39
wwii	0.08	1.07
firefly	0.08	1.19
clearly	0.08	1.90
men	0.08	0.97
tech	0.08	1.09
slot	0.08	1.21
were	0.08	1.34
spent	0.08	1.13
unless	0.08	2.12
indicators	0.08	1.05
1.3	0.08	1.35
1.39	0.08	1.21
patches	0.08	1.19
5000	0.08	1.18
previous	0.08	1.13
il2	0.08	0.91
extended	0.08	1.08
intention	0.08	1.17
300m	0.08	1.10
ship	0.08	1.00
nazis	0.08	1.19
sluggish	0.08	1.44
1.7	0.08	1.39
patch	0.08	1.21
takes	0.09	1.15
open	0.09	1.07
hangar	0.09	1.11
blows	0.09	0.96
bucks	0.09	1.09
placement	0.09	1.23
busy	0.09	1.34
ofc	0.09	1.23
canberra	0.09	1.12
p-40	0.09	1.00
firing	0.09	1.17
technical	0.09	1.20
armaments	0.09	1.57
won	0.09	1.15
slower	0.09	1.25
16	0.09	1.17
props	0.09	1.72
havent	0.09	1.51
ki-43	0.09	1.06
replacement	0.09	1.11
lasted	0.09	1.19
vertically	0.09	1.19
commit	0.09	1.11
interest	0.09	1.11
corsair	0.09	1.02
pe-2	0.09	1.07
league	0.09	1.14
high	0.09	1.88
done	0.09	2.12
wood	0.09	1.12
past	0.09	1.23
accelerate	0.09	1.30
test	0.09	1.05
shouldnt	0.09	1.19
reason	0.09	2.20
mention	0.10	2.01
options	0.10	1.17
radar	0.10	1.05
entry	0.10	1.03
shine	0.10	1.26
slap	0.10	1.09
became	0.10	1.14
chasing	0.10	1.10
wait	0.10	1.33
genuinely	0.10	2.00
1.45	0.10	1.23
launched	0.10	0.99
hour	0.10	1.16
1.41	0.10	1.18
dogfight	0.10	1.06
dives	0.10	1.36
friendlies	0.10	1.08
horse	0.10	1.24
particularly	0.10	1.41
nazi	0.10	1.11
internal	0.10	1.11
229	0.10	1.02
amp	0.10	1.87
worse	0.10	1.27
paid	0.10	1.16
waited	0.10	1.16
failing	0.10	1.16
update	0.10	1.18
bonuses	0.10	1.06
bits	0.10	1.06
truth	0.10	1.87
faster	0.10	1.27
phase	0.10	0.95
direct	0.10	1.08
horizon	0.10	1.12
holds	0.10	1.12
advanced	0.10	1.06
them	0.10	1.86
finger	0.10	1.18
12	0.10	1.15
pass	0.10	1.17
era	0.10	1.65
cbt	0.10	1.11
theoretically	0.11	1.14
method	0.11	1.44
landings	0.11	1.01
allied	0.11	1.11
joke	0.11	2.72
lives	0.11	1.22
critically	0.11	1.00
editor	0.11	1.31
trackir	0.11	1.05
dont	0.11	2.20
discipline	0.11	1.08
torpedo	0.11	1.02
rocket	0.11	1.23
whatsoever	0.11	1.19
actually	0.11	2.25
purposes	0.11	1.09
conserve	0.11	0.99
aggressive	0.11	1.34
slightly	0.11	1.22
actions	0.11	1.15
i-16	0.11	1.08
giving	0.11	1.34
dump	0.11	1.25
desire	0.11	1.22
awareness	0.11	1.10
planning	0.11	1.48
something	0.11	2.33
comparison	0.11	1.17
stable	0.11	1.24
underneath	0.11	1.02
russian	0.11	1.12
updated	0.11	1.26
list	0.12	1.32
hours	0.12	1.15
tends	0.12	1.10
life	0.12	1.49
under	0.12	1.13
complaint	0.12	1.35
efficiently	0.12	1.35
rb/sb	0.12	0.89
counted	0.12	1.01
material	0.12	1.14
expand	0.12	1.16
operating	0.12	1.07
consideration	0.12	1.07
remove	0.12	1.15
combat	0.12	1.00
14	0.12	1.15
back	0.12	1.35
select	0.12	1.14
fired	0.12	1.05
line	0.12	1.22
tank	0.12	1.25
manage	0.12	1.28
even	0.13	2.13
far	0.13	1.51
fixed	0.13	1.33
row	0.13	1.12
adjusted	0.13	1.30
requires	0.13	1.17
corner	0.13	1.19
b-57	0.13	1.14
engagements	0.13	1.03
entered	0.13	1.10
supersonic	0.13	1.19
worthwhile	0.13	1.26
become	0.13	1.28
go	0.13	1.70
foot	0.13	1.01
burst	0.13	1.01
trained	0.13	1.05
solely	0.13	1.02
status	0.13	1.13
needing	0.13	1.18
planned	0.13	1.17
little	0.13	1.38
duels	0.13	0.98
scored	0.13	1.03
appear	0.13	1.25
screaming	0.13	0.88
massively	0.13	1.08
battle	0.13	1.12
lay	0.13	1.08
existence	0.13	1.19
jets	0.13	1.72
reloads	0.13	0.91
radio	0.13	1.12
russia	0.13	1.13
duel	0.13	1.00
3.0	0.14	1.33
pure	0.14	1.18
source	0.14	1.74
worth	0.14	1.19
spade	0.14	1.21
shiny	0.14	1.24
hit	0.14	1.19
ons	0.14	1.08
want	0.14	1.97
merely	0.14	1.16
tearing	0.14	0.98
pre	0.14	1.15
imho	0.14	1.33
gold	0.14	1.08
ru	0.14	1.13
modern	0.14	1.16
18	0.14	1.17
vickers	0.14	1.59
counter	0.14	1.27
serves	0.14	1.02
sink	0.14	1.01
till	0.14	1.19
challenging	0.14	1.41
lone	0.14	1.18
sooner	0.14	1.39
strong	0.15	1.59
2.0	0.15	1.34
lineup	0.15	1.39
rewarded	0.15	1.03
torpedoes	0.15	1.04
track	0.15	1.06
interface	0.15	1.14
start	0.15	1.17
aerodynamic	0.15	1.11
nuts	0.15	2.38
only	0.15	1.79
situational	0.15	1.12
supercharger	0.15	1.21
device	0.15	1.10
take	0.15	1.70
before	0.15	1.40
discovered	0.15	1.17
years	0.15	1.14
dynamic	0.15	1.04
climbs	0.15	1.25
challenge	0.15	1.10
nearly	0.15	1.25
disadvantage	0.15	1.11
8	0.15	1.16
received	0.15	1.11
1.35	0.15	1.25
himself	0.15	1.10
thunderbolt	0.15	1.03
secondary	0.15	1.14
premium	0.15	1.04
grow	0.15	1.00
magic	0.15	1.09
late	0.15	1.37
metric	0.15	1.04
purely	0.15	1.06
promise	0.16	1.69
buffalo	0.16	1.00
raid	0.16	1.01
currency	0.16	1.07
timezones	0.16	1.12
external	0.16	1.08
duty	0.16	0.96
find	0.16	1.73
much	0.16	1.34
developed	0.16	1.09
develop	0.16	1.12
menu	0.16	1.15
itself	0.16	1.28
visible	0.16	1.13
bottom	0.16	1.20
dev	0.16	1.13
dry	0.16	0.93
computers	0.16	1.19
nation	0.16	1.40
ace	0.16	1.01
prime	0.16	1.12
quote	0.17	2.02
furballs	0.17	1.01
brought	0.17	1.23
happened	0.17	1.73
crosshair	0.17	1.08
steady	0.17	1.05
dirt	0.17	1.01
emergency	0.17	1.03
third	0.17	1.12
cover	0.17	1.10
allow	0.17	1.19
positioning	0.17	1.14
shred	0.17	0.98
half	0.17	1.22
jack	0.17	1.13
german	0.17	1.36
effort	0.17	1.17
losses	0.17	0.97
yer-2	0.17	1.05
yet	0.17	1.81
laggs	0.17	1.06
government	0.17	1.06
service	0.17	1.06
pack	0.17	1.05
voting	0.17	1.28
129	0.17	0.93
function	0.17	1.14
a-10	0.17	1.07
next	0.17	1.28
il-10	0.17	1.14
tracking	0.17	1.04
insulting	0.17	1.20
armored	0.18	1.07
hopefully	0.18	1.42
faction	0.18	1.08
star	0.18	1.00
wiki	0.18	1.85
floor	0.18	0.95
short	0.18	1.07
ultra	0.18	1.10
technology	0.18	1.08
practice	0.18	1.10
opponents	0.18	1.11
downvoting	0.18	1.44
click	0.18	1.18
x5	0.18	1.06
cant	0.18	1.69
tunnel	0.18	1.06
marks	0.18	1.07
stand	0.18	2.11
played	0.18	1.36
calculated	0.18	1.30
zooming	0.18	1.15
conversation	0.18	1.20
mouth	0.18	1.04
block	0.18	1.07
fleet	0.18	1.05
taste	0.19	0.98
19	0.19	1.15
zone	0.19	0.85
names	0.19	1.13
enemy	0.19	1.10
put	0.19	1.48
possibility	0.19	1.14
tab	0.19	1.13
approach	0.19	1.15
awhile	0.19	1.23
1.37	0.19	1.27
upcoming	0.19	1.28
20mms	0.19	1.14
match	0.19	1.17
paying	0.19	1.06
punishment	0.19	0.99
controller	0.19	1.08
implement	0.19	1.30
period	0.19	1.01
daily	0.19	1.05
hunt	0.19	1.32
1v1	0.20	1.08
pilot	0.20	1.03
mediocre	0.20	2.43
course	0.20	2.01
beating	0.20	1.09
jump	0.20	1.20
ways	0.20	1.26
flew	0.20	1.17
ppl	0.20	1.37
seeing	0.20	2.10
pops	0.20	1.11
accelerates	0.20	1.28
arma	0.20	0.93
remain	0.20	1.05
early	0.20	1.51
balanced	0.20	1.14
ripping	0.20	1.15
bother	0.20	1.60
1500	0.20	1.18
covering	0.20	0.93
game	0.20	1.47
an	0.20	1.19
packs	0.20	1.06
seem	0.21	1.88
nerf	0.21	1.14
thing	0.21	2.16
united	0.21	1.21
precise	0.21	1.17
usaf	0.21	1.12
international	0.21	1.04
bastard	0.21	1.20
laser	0.21	0.99
immersion	0.21	1.12
flown	0.21	1.43
delivered	0.21	1.00
pressure	0.21	1.11
alive	0.21	1.08
retains	0.21	1.39
enable	0.21	1.09
own	0.21	1.11
customers	0.21	1.08
rise	0.21	0.90
il-2	0.21	0.94
marker	0.21	1.10
mechanical	0.21	1.29
wear	0.21	1.18
november	0.21	1.19
forget	0.21	1.99
exposed	0.21	1.27
acceleration	0.21	2.00
maneuverable	0.21	1.46
december	0.21	1.16
illegal	0.21	1.10
soon	0.21	1.48
lagg-3	0.21	1.05
yours	0.22	1.21
frb	0.22	0.93
patience	0.22	1.21
amusing	0.22	2.62
equally	0.22	1.15
reserve	0.22	1.13
mission	0.22	1.06
crazy	0.22	1.83
ago	0.22	1.25
ban	0.22	1.10
head	0.22	1.06
address	0.22	1.46
feel	0.22	2.05
airplane	0.22	1.16
primary	0.22	1.16
work	0.22	2.06
store	0.22	1.09
chose	0.22	1.17
therefore	0.22	1.06
angel	0.22	1.06
harbor	0.22	0.98
separately	0.22	0.93
days	0.22	1.20
moment	0.22	1.40
1946	0.23	0.94
weeks	0.23	1.21
lagg	0.23	1.30
ending	0.23	1.03
award	0.23	1.01
brings	0.23	0.89
guy	0.23	1.23
p-36	0.23	1.00
perfectly	0.23	1.23
reserves	0.23	1.23
burns	0.23	0.97
eventually	0.23	1.52
fact	0.23	2.19
27	0.23	1.12
ride	0.23	1.20
selection	0.23	1.16
refuse	0.23	1.17
offers	0.23	1.19
tonks	0.23	1.09
described	0.23	1.20
ahead	0.23	1.13
decided	0.24	1.18
company	0.24	1.08
sensitive	0.24	1.60
superiority	0.24	1.08
fashion	0.24	1.11
behavior	0.24	1.25
kids	0.24	0.99
logic	0.24	1.32
developers	0.24	1.12
ai	0.24	1.02
makes	0.24	1.38
airspeed	0.24	1.19
wo	0.24	1.94
notes	0.24	1.24
glorious	0.24	1.35
january	0.24	1.16
alongside	0.24	1.17
sake	0.24	1.22
announced	0.24	1.21
agile	0.24	1.42
almost	0.24	1.40
showing	0.24	1.48
alpha	0.24	1.06
cliffs	0.24	0.95
sufficient	0.24	1.40
months	0.24	1.26
hits	0.24	1.10
temp	0.24	1.12
goal	0.24	1.09
kidding	0.25	1.80
picking	0.25	1.14
attacks	0.25	1.16
formations	0.25	1.31
sea	0.25	1.15
users	0.25	1.07
yak-9k	0.25	0.99
dead	0.25	1.28
attacker	0.25	1.29
warthunder	0.25	1.06
maus	0.25	1.04
1st	0.25	1.23
shit	0.25	1.66
eachother	0.25	1.09
engaged	0.25	1.04
furball	0.25	1.05
experience	0.25	1.16
assumption	0.25	1.83
bit	0.25	1.40
introduced	0.25	1.12
made	0.25	1.30
took	0.25	1.28
royal	0.25	1.20
currently	0.25	1.40
latest	0.25	1.13
enemies	0.25	1.10
heavy	0.25	1.28
i-153	0.25	1.05
act	0.26	1.01
designs	0.26	1.11
times	0.26	1.28
bar	0.26	1.00
mixture	0.26	1.18
joystick	0.26	0.98
historic	0.26	1.10
sub	0.26	1.31
sniper	0.26	1.02
proximity	0.26	1.01
auto	0.26	1.07
derp	0.26	1.12
along	0.26	1.29
23	0.26	1.18
drove	0.26	0.90
survive	0.26	1.20
opens	0.26	1.07
retention	0.26	1.99
places	0.26	1.13
firepower	0.26	2.03
dogfighting	0.26	1.07
rules	0.26	1.13
giant	0.26	1.18
intercept	0.26	1.30
existed	0.26	1.13
extremely	0.26	1.23
comfortable	0.26	1.20
worry	0.26	1.80
campaign	0.26	1.05
solo	0.26	1.04
ticket	0.26	1.09
3rd	0.26	1.12
insanely	0.27	1.24
am	0.27	2.03
historical	0.27	1.11
hud	0.27	1.10
sacrifice	0.27	0.95
finding	0.27	1.25
filled	0.27	1.05
roles	0.27	1.11
navy	0.27	1.08
tow	0.27	1.10
glory	0.27	1.14
downside	0.27	1.19
army	0.27	1.09
nimble	0.27	1.40
popped	0.27	1.07
items	0.27	1.18
thumb	0.27	1.10
spare	0.27	1.00
heavily	0.27	1.17
brick	0.27	1.05
ignorant	0.27	2.02
directed	0.27	1.06
until	0.27	1.45
fairly	0.28	1.22
launch	0.28	1.05
very	0.28	1.25
patton	0.28	1.07
there	0.28	2.01
aimed	0.28	1.09
ran	0.28	1.21
invader	0.28	1.05
developer	0.28	1.13
guardian	0.28	1.08
then	0.28	1.69
reported	0.28	1.13
markers	0.28	1.07
static	0.28	1.14
month	0.28	1.14
school	0.28	0.95
1.29	0.28	1.24
anymore	0.28	1.94
icon	0.28	1.10
reporting	0.28	1.17
aces	0.28	0.92
touched	0.28	1.36
movement	0.28	1.12
potato	0.28	1.07
mile	0.28	1.05
decent	0.28	2.36
screen	0.28	1.16
teammate	0.28	1.24
tankers	0.28	1.08
terribly	0.29	1.24
march	0.29	1.20
joysticks	0.29	0.99
either	0.29	2.11
flights	0.29	1.02
biplane	0.29	1.08
gives	0.29	1.14
escorts	0.29	1.37
died	0.29	1.22
atleast	0.29	1.19
gotten	0.29	1.52
value	0.29	1.12
poorly	0.29	1.21
biplanes	0.29	1.09
bnz	0.29	1.29
come	0.29	1.55
every	0.29	1.40
appeared	0.29	1.10
radial	0.29	1.04
thankfully	0.29	1.34
lock	0.29	1.15
boom	0.29	1.27
july	0.29	1.16
moderators	0.29	1.15
ass	0.29	1.49
shot	0.29	1.05
detect	0.29	1.08
blood	0.29	1.02
usually	0.30	1.38
rekt	0.30	1.46
differently	0.30	1.16
app	0.30	1.16
south	0.30	1.17
stalingrad	0.30	0.91
provides	0.30	1.12
21	0.30	1.18
carefully	0.30	1.08
relatively	0.30	1.29
once	0.30	1.55
ishak	0.30	1.09
shut	0.30	1.18
korean	0.30	1.54
defense	0.30	1.20
tactical	0.30	1.16
ridiculously	0.30	1.21
fast	0.30	1.52
mouse	0.30	1.02
suited	0.30	0.96
poll	0.30	1.25
stage	0.30	0.93
cutoff	0.30	1.09
hostile	0.30	1.14
a-26	0.30	1.08
problem	0.30	1.86
air	0.31	1.11
stealth	0.31	0.95
could	0.31	2.00
throughout	0.31	1.05
browser	0.31	1.08
mods	0.31	1.16
fresh	0.31	1.01
cuz	0.31	1.28
operation	0.31	1.06
dived	0.31	1.13
noob	0.31	1.29
usaaf	0.31	1.04
discount	0.31	1.05
time	0.31	1.17
gift	0.31	1.05
last	0.31	1.24
30mms	0.31	0.90
critical	0.31	1.03
51	0.31	1.45
anytime	0.32	1.13
attack	0.32	1.27
11	0.32	1.15
choosing	0.32	1.19
beginning	0.32	0.94
limit	0.32	1.18
discussion	0.32	1.24
everyday	0.32	1.05
construction	0.32	1.30
rather	0.32	1.21
attackers	0.32	1.30
resistance	0.32	1.03
crit	0.32	1.07
exceptional	0.32	2.34
obviously	0.32	2.26
circles	0.32	1.08
modelled	0.32	1.33
fun	0.33	1.43
concerns	0.33	1.30
engines	0.33	1.16
b-29	0.33	1.07
fucking	0.33	2.36
activate	0.33	1.06
count	0.33	1.07
neutral	0.33	1.03
confirmed	0.33	1.37
assuming	0.33	2.15
bag	0.33	0.98
week	0.33	1.18
tactics	0.33	1.15
luftwaffe	0.33	1.16
speak	0.33	1.36
seat	0.33	0.97
chaika	0.33	1.08
afaik	0.33	1.13
unaware	0.33	1.44
content	0.33	1.10
simplified	0.33	0.95
quite	0.33	1.33
stars	0.33	1.03
wot	0.33	1.13
y	0.33	1.60
car	0.34	1.09
meeting	0.34	0.93
impression	0.34	1.45
additional	0.34	1.14
will	0.34	1.79
downvoted	0.34	1.30
since	0.34	1.44
represent	0.34	1.06
havoc	0.34	1.07
building	0.34	1.12
encourage	0.34	1.12
attached	0.34	1.10
known	0.34	1.31
careful	0.34	1.15
decently	0.34	1.40
fill	0.34	0.93
crits	0.34	1.05
amazingly	0.34	1.21
missions	0.34	1.02
youre	0.34	1.34
downed	0.34	1.06
selected	0.34	1.19
accept	0.34	1.30
handled	0.34	1.20
need	0.34	1.91
evil	0.34	1.04
float	0.34	1.07
participate	0.34	1.12
june	0.34	1.20
aviation	0.35	0.99
occasion	0.35	1.23
avoiding	0.35	1.05
troops	0.35	0.98
prey	0.35	0.97
lights	0.35	1.01
seemingly	0.35	1.01
nor	0.35	1.43
let	0.35	1.77
pearl	0.35	1.07
golden	0.35	1.10
learn	0.35	1.13
db-7	0.35	1.29
cat	0.35	1.20
respond	0.35	1.28
also	0.35	1.96
intact	0.35	0.80
thunder	0.35	0.98
butt	0.35	1.15
august	0.35	1.22
hand	0.35	1.13
hunters	0.36	1.20
2/3	0.36	1.07
dots	0.36	1.05
he-51	0.36	1.29
learning	0.36	1.09
always	0.36	2.03
downloading	0.36	1.11
canadian	0.36	1.17
clicking	0.36	1.18
italian	0.36	1.13
materials	0.36	1.14
thoughts	0.36	1.16
turner	0.36	1.81
bombers	0.36	1.33
output	0.36	1.09
counts	0.36	0.79
exit	0.36	1.07
morning	0.36	1.24
propellers	0.36	1.54
tasks	0.36	1.06
added	0.36	1.18
pages	0.36	1.54
likely	0.37	1.67
po-2	0.37	1.15
community	0.37	1.09
races	0.37	1.04
slots	0.37	1.07
table	0.37	1.17
eye	0.37	1.03
enjoying	0.37	1.51
continues	0.37	1.28
basics	0.37	1.02
ive	0.37	1.50
17	0.37	1.15
moderator	0.37	1.15
clean	0.37	1.07
4th	0.37	1.16
climbrate	0.37	2.06
relation	0.37	1.22
bomber	0.38	1.35
planes	0.38	1.40
incredibly	0.38	1.22
money	0.38	1.02
latter	0.38	0.97
temperature	0.38	1.06
assist	0.38	1.04
que	0.38	0.98
opened	0.38	1.08
worried	0.38	2.36
chance	0.38	1.23
swept	0.38	1.16
ignored	0.38	1.22
unfortunately	0.38	1.35
insert	0.38	1.36
score	0.38	1.02
metal	0.38	1.02
gmt	0.38	1.16
posts	0.38	1.38
myself	0.38	1.76
future	0.39	1.25
showed	0.39	0.95
theres	0.39	1.27
arm	0.39	1.06
passed	0.39	1.18
methods	0.39	1.25
granted	0.39	1.17
enough	0.39	1.52
ve	0.39	1.61
child	0.39	1.05
ignorance	0.39	1.21
should	0.39	2.03
discussions	0.39	1.23
wtpc	0.39	1.10
realy	0.39	1.44
his	0.39	1.05
statement	0.39	1.85
beats	0.39	1.04
recently	0.39	1.49
automatically	0.39	1.10
used	0.39	1.59
saving	0.39	1.10
edge	0.39	1.13
evening	0.39	1.14
bots	0.39	1.04
factory	0.39	0.91
favour	0.39	1.76
has	0.39	1.48
grand	0.40	1.04
one	0.40	1.74
everything	0.40	1.41
comparing	0.40	2.25
staff	0.40	1.15
way	0.40	2.02
exists	0.40	1.07
vital	0.40	1.06
october	0.40	1.19
launcher	0.40	1.08
heads	0.40	1.33
basic	0.40	1.04
final	0.41	0.93
wave	0.41	0.95
shape	0.41	0.97
earth	0.41	0.99
26	0.41	1.16
september	0.41	1.22
enjoyable	0.41	1.45
leak	0.41	1.06
aka	0.41	1.09
spain	0.41	1.19
continuing	0.41	1.19
versa	0.41	1.10
recon	0.41	1.09
sometimes	0.41	1.52
arent	0.41	1.18
neither	0.41	1.11
bay	0.41	0.96
dot	0.41	1.05
subreddit	0.41	1.38
close	0.41	1.06
motion	0.41	1.14
newer	0.42	1.20
rest	0.42	1.39
timezone	0.42	1.10
reasonably	0.42	1.22
009	0.42	1.20
inexperienced	0.42	0.96
window	0.42	1.11
afterburner	0.42	1.12
boston	0.42	1.11
family	0.42	1.08
draw	0.42	1.04
infantry	0.42	1.14
according	0.43	1.43
old	0.43	1.09
locked	0.43	1.18
lighting	0.43	0.99
everywhere	0.43	0.90
50s	0.43	0.90
came	0.43	1.29
noted	0.43	1.46
water	0.43	1.07
behave	0.43	1.28
discussed	0.43	1.26
properly	0.43	1.26
1a	0.43	1.07
steps	0.43	1.13
logical	0.43	1.15
fell	0.43	1.04
flow	0.44	0.96
cash	0.44	0.99
perspective	0.44	1.07
beside	0.44	1.21
purpose	0.44	1.19
ask	0.44	1.74
criticism	0.44	1.28
stating	0.44	2.52
interceptor	0.44	1.24
returning	0.44	0.84
vice	0.44	1.12
occasions	0.44	1.12
cold	0.44	1.08
i-15	0.44	1.09
single	0.44	1.45
assists	0.44	1.04
receive	0.44	1.09
earlier	0.45	1.23
event	0.45	1.05
been	0.45	1.43
steam	0.45	1.04
awarded	0.45	1.03
prior	0.45	1.15
implementing	0.45	1.00
freedom	0.45	0.94
p47	0.45	1.02
precious	0.45	1.06
picked	0.45	1.20
textures	0.46	1.10
chinese	0.46	1.06
dare	0.46	1.24
lacking	0.46	1.79
exciting	0.46	1.74
deserves	0.46	1.05
arrive	0.46	1.18
starter	0.46	1.10
ww1	0.46	1.02
canopy	0.46	1.06
tried	0.46	1.46
rift	0.46	1.10
shared	0.46	1.11
point	0.46	1.73
install	0.46	1.08
day	0.46	1.20
results	0.47	1.14
encountered	0.47	1.03
kit	0.47	1.04
your	0.47	1.16
ftfy	0.47	1.40
however	0.47	2.11
formation	0.47	1.22
xp-55	0.47	1.00
display	0.47	1.10
note	0.47	1.26
confirm	0.47	1.42
engine	0.47	1.16
wing	0.48	1.06
quick	0.48	1.31
kid	0.48	1.28
shreds	0.48	0.91
triple	0.48	1.01
probably	0.48	2.03
swastikas	0.48	1.07
room	0.48	1.00
p-47	0.48	1.08
replace	0.48	1.11
20s	0.48	0.84
package	0.48	1.03
suggested	0.48	1.26
undamaged	0.48	0.86
night	0.48	1.14
deserve	0.49	1.23
helps	0.49	1.11
battlefield	0.49	0.88
teach	0.49	1.28
racing	0.49	1.07
somewhere	0.49	1.28
things	0.49	1.63
idk	0.49	1.53
logged	0.49	1.19
scratch	0.49	1.06
escort	0.49	1.30
strength	0.49	1.17
topics	0.49	1.22
documents	0.49	1.30
stalin	0.49	1.14
patient	0.49	1.30
again	0.50	1.74
box	0.50	1.11
others	0.50	1.51
climbers	0.50	1.75
airforce	0.50	1.15
p-400	0.51	0.89
boss	0.51	1.15
program	0.51	1.08
5th	0.51	1.22
1c	0.51	1.10
headon	0.51	1.01
incentive	0.51	1.24
went	0.51	1.20
forums	0.51	1.20
first	0.51	1.32
sent	0.52	1.13
gods	0.52	1.03
still	0.52	1.86
p	0.52	2.96
escorting	0.52	1.35
hail	0.52	1.05
closely	0.52	1.11
gt	0.52	1.19
brutal	0.52	2.30
forced	0.52	1.44
threads	0.52	1.29
plan	0.53	1.17
force	0.53	1.17
steel	0.53	1.11
wingman	0.53	1.20
removed	0.53	1.13
success	0.53	1.10
28	0.53	1.11
sending	0.53	1.16
iirc	0.54	1.58
software	0.54	1.06
human	0.54	1.00
radiator	0.54	1.13
least	0.54	1.60
fans	0.54	0.76
important	0.54	1.48
fighters	0.54	1.61
aircraft	0.54	1.68
reports	0.54	1.23
examples	0.54	1.26
lately	0.54	1.28
account	0.54	1.07
managers	0.54	1.16
ceo	0.55	1.15
hero	0.55	0.99
2014	0.55	1.17
pros	0.55	1.90
surprisingly	0.55	1.34
devs	0.55	1.25
culture	0.55	0.94
messages	0.55	1.09
feed	0.55	1.15
forum	0.55	1.19
flaws	0.56	1.26
implemented	0.56	1.37
allowed	0.56	1.10
tags	0.56	1.06
machines	0.56	1.03
typical	0.56	0.94
got	0.56	1.28
locking	0.56	1.21
instant	0.56	0.91
operational	0.56	0.92
feeling	0.56	1.51
sky	0.57	0.91
really	0.57	2.03
role	0.57	1.21
term	0.57	1.02
sometime	0.57	1.26
tuned	0.57	1.19
vodka	0.57	1.31
misses	0.57	1.05
personally	0.57	1.64
assigned	0.57	1.17
tails	0.58	1.00
states	0.58	1.15
wildcat	0.58	0.97
faq	0.58	1.45
page	0.58	1.49
maybe	0.58	1.90
report	0.58	1.15
climber	0.58	1.82
alot	0.58	1.13
hardest	0.58	2.53
crack	0.58	1.43
honor	0.59	1.05
realize	0.59	1.97
support	0.59	1.17
section	0.59	1.20
favourite	0.60	2.48
wont	0.60	1.71
today	0.60	1.34
proposed	0.60	1.03
hence	0.60	1.21
favorite	0.60	2.39
subs	0.60	0.98
suggestions	0.61	1.24
intense	0.61	1.43
during	0.61	0.88
contrast	0.61	0.94
omg	0.61	1.54
site	0.61	1.45
skilled	0.61	0.94
official	0.61	1.20
stands	0.61	1.24
achievements	0.62	1.05
joined	0.62	1.16
lightning	0.62	0.90
applied	0.62	1.03
hardly	0.62	1.38
inb4	0.62	1.32
filthy	0.62	1.26
may	0.62	1.80
heck	0.62	1.27
article	0.62	1.64
place	0.62	2.47
rant	0.62	1.38
topic	0.62	1.30
rude	0.63	1.17
cancer	0.63	1.02
texture	0.63	1.18
mentioned	0.63	1.44
downvote	0.63	1.40
announcement	0.63	1.17
offensive	0.63	1.07
exhaust	0.63	0.99
enjoyed	0.63	2.44
peashooter	0.63	1.06
tldr	0.64	0.84
realistically	0.64	1.27
book	0.64	1.53
ought	0.64	0.97
remains	0.65	1.11
french	0.65	1.08
web	0.65	1.16
blog	0.65	1.33
precisely	0.65	1.27
cross	0.65	1.01
had	0.65	1.59
camera	0.65	1.03
learned	0.65	1.08
fat	0.65	1.35
teammates	0.65	1.16
downloaded	0.65	1.04
context	0.66	1.32
accurately	0.66	1.40
flash	0.66	0.84
arado	0.66	1.06
add	0.66	1.52
option	0.66	1.45
communicate	0.66	1.27
expected	0.66	1.31
exclusive	0.66	1.16
blank	0.66	1.07
directions	0.67	1.01
oculus	0.67	1.09
now	0.67	1.99
baby	0.67	1.17
provide	0.67	1.43
hint	0.67	1.07
symbol	0.67	1.05
imperial	0.67	1.11
cdk	0.67	1.15
secret	0.67	1.10
regardless	0.67	2.19
although	0.67	1.85
error	0.68	1.14
reasoning	0.68	1.48
simple	0.68	1.70
contact	0.68	1.20
created	0.68	1.02
understanding	0.68	1.16
gas	0.68	0.89
warning	0.68	1.12
nature	0.68	1.01
realised	0.68	1.34
rule	0.68	1.17
custom	0.69	1.02
ideal	0.69	2.13
quality	0.69	1.10
magical	0.69	1.08
returned	0.69	1.12
usage	0.69	1.15
bastards	0.69	1.41
realized	0.69	1.40
honestly	0.69	2.01
realise	0.69	1.63
nearby	0.70	1.09
science	0.70	0.96
couldnt	0.70	1.34
xp-50	0.70	0.96
offer	0.70	1.30
safe	0.70	0.93
prop	0.70	2.85
ideally	0.71	1.18
surely	0.71	1.28
happily	0.71	1.41
successful	0.71	1.10
well	0.71	1.39
saves	0.71	1.05
provided	0.71	1.30
trade	0.71	1.15
solution	0.72	1.29
tested	0.72	1.14
detail	0.72	1.11
ready	0.72	1.36
somewhat	0.72	1.15
shown	0.72	1.27
dst	0.73	1.10
disappointed	0.73	2.08
year	0.73	1.10
somehow	0.73	1.34
wet	0.73	1.08
reddit	0.73	1.21
loud	0.73	1.56
understood	0.73	1.68
tonight	0.73	1.21
saved	0.73	1.07
1.27	0.73	1.24
viable	0.73	1.99
de	0.74	0.97
useful	0.74	1.45
session	0.74	1.30
eyes	0.74	0.98
seen	0.74	1.28
no	0.74	2.02
turnfighter	0.74	1.61
joining	0.74	1.14
books	0.74	1.45
super	0.74	1.27
copy	0.75	1.03
dakka	0.75	1.13
hop	0.75	1.12
treat	0.75	1.13
boosters	0.75	1.12
crossed	0.75	1.29
irl	0.75	1.23
solutions	0.75	1.26
better	0.76	1.58
pair	0.76	1.07
edges	0.76	1.17
remotely	0.76	1.08
smoke	0.76	1.01
give	0.76	1.46
cam	0.76	1.38
mistakes	0.76	1.20
premiums	0.76	1.13
grab	0.76	0.84
dig	0.76	1.23
dota	0.76	1.26
intend	0.76	1.51
tv	0.76	0.96
fits	0.77	1.10
private	0.77	1.09
layout	0.77	0.98
visit	0.77	1.17
handy	0.77	1.47
deleted	0.77	1.22
interested	0.78	2.22
surprised	0.78	2.40
avenger	0.78	1.05
highest	0.78	2.42
relevant	0.78	1.21
groups	0.78	1.09
profile	0.78	1.04
explosions	0.79	1.06
finally	0.79	1.31
download	0.79	1.07
website	0.79	1.14
ish	0.79	1.11
special	0.79	1.12
tetsuo	0.79	0.95
home	0.79	1.04
needed	0.80	1.36
checked	0.80	1.26
unrelated	0.80	1.36
save	0.80	1.06
logs	0.81	1.15
its	0.81	1.48
sum	0.81	1.12
tomorrow	0.81	1.22
sorta	0.81	1.48
hilarious	0.81	1.90
stated	0.81	1.43
our	0.81	1.13
gave	0.82	1.03
swiss	0.82	1.08
create	0.82	1.01
language	0.82	1.11
aswell	0.82	1.28
fancy	0.83	1.10
luckily	0.83	1.13
member	0.83	1.09
screens	0.84	1.05
manner	0.84	1.14
taken	0.84	1.26
odds	0.84	1.05
moon	0.84	1.10
race	0.84	1.24
tb-3	0.84	1.11
scarper	0.84	1.21
addition	0.85	1.34
clarify	0.85	1.90
timing	0.86	1.20
constructive	0.86	1.23
upvoted	0.86	1.28
btd	0.86	0.88
jet	0.86	2.83
via	0.86	1.08
worthy	0.86	0.86
born	0.86	0.97
shoji	0.86	1.12
revenge	0.87	0.97
superior	0.87	1.97
calculations	0.87	2.54
drawing	0.87	1.03
wild	0.87	0.97
representative	0.87	1.02
chat	0.88	1.10
satisfying	0.88	1.62
unhelpful	0.88	1.28
legit	0.88	1.10
id	0.88	1.37
lassar	0.88	1.44
fit	0.88	1.18
m1	0.88	1.06
bst	0.89	1.10
master	0.89	1.16
offense	0.89	1.26
log	0.89	1.09
boot	0.89	1.28
represented	0.89	1.88
linked	0.89	1.28
helping	0.89	1.13
ideas	0.89	1.26
contest	0.89	0.99
would	0.90	1.88
sales	0.90	1.02
right	0.90	1.88
missing	0.90	2.19
4x20mm	0.90	1.16
incoming	0.91	1.17
such	0.91	1.24
similarly	0.91	1.10
scoreboard	0.91	1.14
swastika	0.91	1.02
swordfish	0.91	1.08
hurts	0.91	1.50
birds	0.92	0.70
u.s	0.92	1.07
join	0.92	1.13
assume	0.92	2.59
xf5f	0.92	1.09
benefits	0.92	1.17
explained	0.92	1.30
ll	0.92	1.71
wanted	0.93	1.27
nicely	0.93	1.11
felt	0.93	1.54
submit	0.93	1.17
comrade	0.93	1.47
professional	0.93	1.19
together	0.93	1.18
young	0.93	1.12
opportunity	0.93	1.20
designed	0.93	1.17
feature	0.93	1.30
intended	0.94	1.25
pattern	0.94	1.07
board	0.94	1.10
native	0.96	1.09
highly	0.96	0.94
headons	0.96	0.95
news	0.96	1.19
upvotes	0.96	1.27
ps	0.97	1.45
thread	0.97	1.26
active	0.97	1.08
older	0.98	1.01
deserved	0.98	0.98
serve	0.98	1.15
wind	0.98	1.08
hope	0.98	1.80
record	0.99	1.09
present	0.99	1.25
found	0.99	1.41
greatly	0.99	1.35
email	0.99	1.13
layer	0.99	1.02
practical	0.99	1.04
weekend	0.99	1.02
submitted	1.00	1.21
boomerang	1.00	1.12
202	1.00	1.11
sale	1.00	1.04
praise	1.00	1.05
alternative	1.00	1.17
deliver	1.01	1.00
google	1.01	1.31
tied	1.01	2.00
user	1.01	0.97
send	1.01	1.13
funny	1.01	2.58
sadly	1.01	1.56
starting	1.02	2.13
grandfather	1.02	0.93
errors	1.03	1.19
too	1.03	1.37
otherwise	1.03	1.75
r/warthunder	1.03	1.18
judging	1.03	1.03
folder	1.03	1.03
formula	1.03	2.21
op	1.04	1.21
gaijoob	1.04	1.12
red	1.04	1.02
accepted	1.04	1.04
suggestion	1.05	1.27
might	1.05	1.78
sold	1.05	1.09
image	1.05	1.08
desired	1.05	2.26
u/batidari	1.06	1.28
leader	1.06	1.12
titles	1.06	1.01
files	1.06	1.04
noticed	1.07	1.61
look	1.07	1.56
hes	1.07	1.34
certainly	1.07	1.56
introduce	1.07	1.12
listen	1.07	1.19
res	1.07	1.09
tactic	1.07	2.22
volume	1.08	1.08
105	1.08	1.19
na	1.08	1.68
posted	1.09	1.22
flag	1.09	0.99
demand	1.09	0.95
damned	1.09	1.24
laughed	1.10	1.42
downvotes	1.10	1.28
search	1.10	1.06
seems	1.10	1.46
alternatively	1.10	1.08
strategy	1.10	2.16
hesitate	1.10	1.18
museum	1.11	1.19
killer	1.11	0.93
competition	1.11	1.06
dream	1.11	1.19
accurate	1.11	1.82
plane	1.11	2.42
translate	1.11	1.33
delete	1.11	1.13
typing	1.12	1.35
in-game	1.12	2.40
whats	1.12	1.47
clicked	1.12	1.08
m3s	1.12	1.01
brother	1.12	1.04
check	1.12	1.06
photoshop	1.13	1.22
message	1.13	1.15
variety	1.13	1.08
karma	1.13	1.37
hot	1.13	1.20
solid	1.13	1.48
doubt	1.14	1.72
task	1.14	1.07
bot	1.14	1.21
feels	1.14	1.33
checking	1.14	1.04
supposed	1.15	2.26
winter	1.15	0.95
q	1.15	1.44
fighter	1.16	2.49
justice	1.16	1.26
excellent	1.16	2.03
ki-10	1.16	1.18
members	1.16	1.14
file	1.17	1.03
write	1.17	1.24
answered	1.17	1.43
acts	1.17	1.39
group	1.17	1.15
apparently	1.17	1.50
afraid	1.17	2.27
comments	1.18	1.25
request	1.18	1.15
original	1.18	1.14
d.520	1.18	0.98
includes	1.19	1.75
hype	1.19	0.99
squads	1.19	1.14
iron	1.19	0.75
mighty	1.20	1.11
scene	1.21	0.95
reflect	1.21	2.30
shall	1.21	1.09
good	1.21	1.89
ultimately	1.21	1.01
initial	1.21	1.50
famous	1.22	1.01
kind	1.22	1.74
anyway	1.24	1.92
question	1.25	1.57
squadron	1.25	1.14
skins	1.25	1.02
definitely	1.25	1.62
team	1.25	1.11
template	1.25	0.98
heroes	1.25	0.93
though	1.25	1.76
plus	1.26	1.22
correctly	1.26	2.29
bird	1.26	1.13
physically	1.26	2.10
concept	1.27	1.17
handles	1.27	1.12
clip	1.27	1.01
maker	1.27	0.82
yesterday	1.27	1.18
character	1.28	0.87
cm	1.28	1.22
squadrons	1.28	1.12
yellow	1.28	1.01
pm	1.28	1.19
here	1.28	1.28
name	1.28	1.16
dark	1.29	1.00
challenges	1.29	1.06
information	1.29	1.39
hell	1.29	1.44
changed	1.29	2.20
flags	1.30	0.98
ksp	1.30	1.09
idea	1.30	1.84
mature	1.30	1.16
replied	1.30	1.49
ghost	1.31	1.05
possible	1.31	2.19
teamspeak	1.32	1.12
pink	1.32	1.02
noise	1.32	1.17
action	1.33	0.86
da	1.33	1.25
true	1.33	1.75
ts	1.34	1.11
fine	1.34	1.72
color	1.34	1.00
black	1.35	1.01
background	1.35	1.07
read	1.35	1.34
modeled	1.35	2.17
saw	1.36	1.08
helped	1.36	1.23
ama	1.36	1.36
friends	1.37	1.12
wan	1.37	1.40
didnt	1.38	1.56
cooling	1.38	1.01
depth	1.38	1.00
details	1.38	1.08
sooo	1.38	1.27
letter	1.39	2.16
stuff	1.39	1.32
reading	1.39	1.32
blue	1.39	1.00
heard	1.39	1.49
mates	1.39	1.16
please	1.40	1.21
summer	1.40	1.28
mr	1.40	1.10
tone	1.41	1.12
em	1.41	1.36
fair	1.41	1.22
engineering	1.41	1.03
manager	1.41	1.14
prepared	1.42	2.13
benefit	1.42	1.22
green	1.42	1.00
oil	1.42	1.09
strictly	1.42	1.45
yo	1.42	1.23
replies	1.43	1.28
colour	1.43	0.96
respect	1.44	1.18
boys	1.45	0.86
links	1.45	1.19
questions	1.45	1.32
rddt	1.46	1.10
ol	1.46	1.15
hmm	1.46	1.60
ur	1.46	1.34
help	1.46	1.48
tigercat	1.46	0.92
buddies	1.47	1.14
il	1.47	0.97
film	1.47	0.93
submission	1.47	1.18
sign	1.48	0.96
absolutely	1.48	1.49
classic	1.48	1.16
worked	1.48	1.32
tool	1.48	1.13
camouflage	1.48	0.96
dammit	1.48	1.19
white	1.48	0.99
totally	1.49	1.49
stories	1.49	1.09
sarcastic	1.49	1.33
posting	1.50	1.25
seriously	1.50	1.61
written	1.50	1.22
elaborate	1.50	1.53
stream	1.51	0.94
fan	1.51	1.36
friend	1.51	1.19
boy	1.52	1.22
historically	1.52	1.96
im	1.52	1.51
bright	1.52	0.97
replay	1.53	0.96
orange	1.53	0.98
code	1.53	1.03
jug	1.53	0.98
screenshot	1.53	1.10
english	1.53	1.10
lucky	1.53	2.00
must	1.53	1.53
beer	1.53	1.51
bati	1.53	1.50
monster	1.54	1.49
phone	1.54	1.03
advise	1.55	1.09
impressed	1.55	1.79
heart	1.55	1.08
goddamn	1.55	1.38
pretty	1.55	1.32
p.s	1.56	1.05
entertainment	1.56	0.95
swear	1.56	1.31
guessing	1.57	1.96
seemed	1.57	1.39
liked	1.58	1.93
plz	1.59	1.18
gg	1.59	1.39
importantly	1.59	1.54
movies	1.60	0.91
recording	1.60	1.01
hm	1.60	1.34
voice	1.60	1.02
she	1.61	1.06
replays	1.63	0.96
sleep	1.63	1.18
mother	1.63	1.10
bloody	1.65	1.15
dad	1.66	1.15
fitting	1.66	1.51
choice	1.66	1.69
holiday	1.66	1.08
wtf	1.67	1.37
isnt	1.67	1.25
description	1.67	1.06
peace	1.68	0.94
grey	1.69	1.15
u	1.69	1.41
collection	1.70	1.14
pls	1.70	1.16
willing	1.70	1.79
drunk	1.70	1.65
mine	1.70	1.28
reference	1.71	0.86
listening	1.71	1.16
loving	1.71	1.54
knew	1.72	1.56
colors	1.72	0.93
gon	1.72	1.55
ultimate	1.73	1.50
recorded	1.73	0.88
explaining	1.73	1.16
prefer	1.74	1.61
mobile	1.74	1.06
bet	1.74	1.60
helicopter	1.75	1.27
imo	1.76	1.58
squad	1.76	1.14
input	1.76	1.24
upload	1.76	0.99
remembered	1.77	1.17
post	1.77	1.14
sun	1.78	0.73
lets	1.79	1.33
gib	1.79	1.01
sound	1.79	1.50
moments	1.79	1.02
documentary	1.79	0.84
tag	1.79	1.11
words	1.80	1.13
link	1.80	1.13
wut	1.81	1.26
heh	1.81	1.43
lt	1.82	1.31
musik	1.82	0.85
dogfights	1.83	0.85
her	1.84	1.02
theme	1.84	1.06
danger	1.85	1.40
text	1.86	1.14
guides	1.86	0.89
format	1.87	1.03
dear	1.87	1.09
images	1.87	1.02
clan	1.88	1.13
valuable	1.89	1.10
banner	1.89	1.05
story	1.89	1.05
o	1.90	1.43
great	1.90	1.55
ingame	1.90	1.94
eagle	1.91	1.08
hmmm	1.91	1.14
comment	1.91	1.17
feedback	1.91	1.26
iconic	1.91	1.38
word	1.92	1.10
writing	1.92	1.27
cooler	1.92	0.98
answering	1.93	1.30
scheme	1.93	1.01
congratulations	1.94	1.02
translation	1.94	1.14
markings	1.94	1.82
technically	1.95	1.67
apologize	1.95	1.18
truly	1.96	1.02
forgive	1.96	1.12
screenshots	1.96	1.05
trailer	1.97	0.91
watching	1.98	0.95
smooth	1.99	1.51
figured	2.00	1.41
jesus	2.00	1.27
30s	2.00	1.72
suggest	2.00	1.45
fingers	2.02	1.27
10/10	2.02	1.12
responding	2.02	1.25
responses	2.03	1.26
wrote	2.03	1.23
proud	2.03	1.53
hehe	2.03	1.30
agreed	2.04	1.25
magz	2.04	0.86
recommended	2.04	1.46
tho	2.04	1.37
movie	2.04	0.83
episode	2.04	0.84
channel	2.05	0.83
invite	2.05	1.08
christ	2.06	1.21
gladly	2.06	1.44
nah	2.07	1.44
lord	2.07	1.12
ftw	2.07	1.10
audio	2.07	0.97
review	2.07	0.95
fuck	2.08	1.38
tutorial	2.10	0.91
joy	2.10	1.41
wat	2.10	1.14
condition	2.10	1.30
painted	2.11	0.93
decal	2.12	0.94
god	2.13	1.84
tears	2.13	1.31
clips	2.14	0.89
footage	2.14	0.91
tutorials	2.14	0.87
guess	2.15	1.54
guide	2.16	1.05
editing	2.16	1.05
beauty	2.17	0.77
pic	2.17	1.05
grmlz	2.18	0.95
decals	2.18	0.91
eh	2.19	1.38
looked	2.19	1.19
camo	2.19	0.99
sentence	2.19	1.12
appropriate	2.21	1.17
huh	2.21	1.40
beast	2.21	1.00
honesty	2.22	1.20
youtubers	2.22	0.89
fellow	2.22	1.08
reminds	2.22	1.14
til	2.24	1.11
picture	2.25	1.05
title	2.25	1.03
watch	2.26	0.88
entertaining	2.27	1.22
gif	2.27	1.08
yay	2.27	1.32
youtube	2.28	0.87
thought	2.28	1.38
entak	2.28	0.88
hah	2.29	1.49
oxide	2.29	0.94
incredible	2.29	1.14
videos	2.30	0.89
nope	2.31	1.27
calm	2.31	1.18
jingles	2.31	0.86
assumed	2.31	1.26
welp	2.31	1.02
hello	2.32	1.10
photo	2.33	1.02
batidari	2.33	1.15
skin	2.33	0.87
paint	2.34	0.95
ill	2.34	1.23
anime	2.34	1.13
bang	2.34	1.32
sarcasm	2.34	1.16
epic	2.36	1.20
video	2.37	0.90
sense	2.37	1.26
missed	2.38	1.31
recommend	2.38	1.30
meant	2.38	1.35
art	2.39	0.87
dem	2.39	1.00
answer	2.39	1.25
hear	2.40	1.17
m8	2.40	1.32
ye	2.41	1.07
indeed	2.41	1.34
skies	2.41	1.06
suppose	2.42	1.31
aww	2.42	1.17
cute	2.43	1.34
scheherazade	2.44	1.04
grammar	2.47	1.44
ugh	2.47	1.03
oops	2.47	1.21
spelling	2.48	1.02
imgur	2.48	1.00
share	2.50	1.03
pictures	2.51	1.02
username	2.51	1.15
album	2.53	1.03
australian	2.54	1.43
edited	2.54	0.99
response	2.55	1.14
sounded	2.55	1.29
answers	2.56	1.19
watched	2.56	1.07
luck	2.58	1.30
informative	2.61	1.11
yes	2.61	1.33
shame	2.62	1.39
upvote	2.63	1.04
photos	2.64	0.93
impressive	2.64	0.91
correction	2.65	0.94
info	2.66	1.15
thats	2.68	1.27
hahaha	2.68	1.32
explanation	2.68	1.11
explains	2.69	1.04
unique	2.69	1.26
hi	2.69	1.07
glad	2.71	1.33
holy	2.72	1.27
reply	2.72	1.06
typo	2.73	1.01
helpful	2.73	1.33
music	2.74	1.10
lol	2.75	1.24
christmas	2.76	1.47
yea	2.76	1.27
tip	2.77	1.11
detailed	2.77	1.09
uh	2.78	1.13
hitlerbolt	2.81	1.32
corrected	2.83	1.21
welcome	2.83	1.19
aw	2.84	1.09
anyways	2.86	1.24
advice	2.87	1.13
apologies	2.87	0.99
flair	2.88	0.98
vids	2.89	0.95
sounds	2.89	1.35
neat	2.89	1.10
vid	2.89	1.00
guys	2.90	1.07
ha	2.90	1.23
song	2.94	0.97
bro	2.95	1.10
gotcha	2.95	1.09
mistake	2.95	1.07
interesting	2.95	1.00
sir	2.96	1.15
tips	3.01	1.05
dang	3.02	0.89
xd	3.04	1.18
congrats	3.05	0.96
yep	3.06	1.14
haha	3.08	1.20
dat	3.10	0.66
buddy	3.11	1.02
clearing	3.13	1.06
job	3.14	1.01
ahh	3.14	0.98
sorry	3.16	0.98
badass	3.17	0.88
ty	3.18	0.99
forgot	3.19	1.05
d	3.20	1.11
wonderful	3.21	0.64
wish	3.21	1.16
ah	3.22	0.97
appreciate	3.22	1.06
dude	3.22	1.06
ya	3.23	1.05
edit	3.24	0.93
damn	3.24	1.03
o7	3.25	1.01
oh	3.25	1.02
yup	3.26	0.93
wow	3.28	1.07
beautiful	3.29	0.66
looks	3.32	0.96
yeah	3.33	1.05
sexy	3.33	0.63
thx	3.33	0.93
brilliant	3.34	0.62
hey	3.35	0.92
worries	3.36	0.99
okay	3.36	0.99
mate	3.37	0.99
man	3.41	1.02
cool	3.43	0.95
appreciated	3.44	1.01
cheers	3.44	0.98
btw	3.46	0.89
pics	3.47	0.96
thank	3.48	1.00
alright	3.49	0.97
ok	3.50	0.96
sharing	3.54	0.89
sweet	3.54	0.77
thanks	3.54	0.97
giveaway	3.61	0.97
lovely	3.61	0.71
