garbage	-5.35	1.56
dislike	-5.30	1.50
hating	-5.13	2.14
mess	-5.01	2.04
trash	-4.94	1.75
horribly	-4.87	2.24
rid	-4.73	2.10
shitty	-4.70	2.06
suffer	-4.64	2.16
laggy	-4.43	2.30
fanboy	-4.34	1.99
flawed	-4.33	2.00
bash	-4.29	2.26
treyarch	-4.28	2.52
poor	-4.27	2.26
causing	-4.25	2.15
fanboys	-4.25	2.03
crappy	-4.25	2.19
embarrassing	-4.24	1.98
unplayable	-4.23	2.31
judgement	-4.19	1.91
sucked	-4.15	1.65
jerk	-4.14	2.52
ruined	-4.14	1.45
bullshit	-4.08	1.54
bashing	-4.08	2.32
bs	-4.05	1.63
crap	-4.04	1.72
circle	-3.99	2.61
ops	-3.99	2.65
idiotic	-3.99	1.76
mediocre	-3.98	2.27
haters	-3.97	2.41
threw	-3.87	2.52
pathetic	-3.85	1.91
ugly	-3.84	2.22
shout	-3.83	2.36
anti	-3.82	2.51
circlejerk	-3.82	2.70
mw3	-3.80	2.67
negativity	-3.80	2.45
cod4	-3.74	2.63
mentality	-3.72	2.22
suck	-3.72	2.06
lackluster	-3.68	2.13
introduced	-3.62	2.75
aggressive	-3.62	2.12
absurd	-3.61	1.99
pile	-3.57	1.31
taste	-3.56	2.11
design	-3.50	2.34
defending	-3.42	0.92
painful	-3.42	2.22
praise	-3.41	2.38
nonsense	-3.33	1.19
sex	-3.28	2.47
riding	-3.28	2.70
uses	-3.27	3.38
excuse	-3.25	1.69
lines	-3.25	2.44
choices	-3.25	2.06
junk	-3.24	1.24
tends	-3.24	2.59
listened	-3.24	2.41
truth	-3.23	2.48
utter	-3.23	1.29
complained	-3.16	2.41
buggy	-3.14	1.61
generic	-3.14	2.07
glitchy	-3.13	1.60
blows	-3.11	1.83
pissing	-3.10	2.42
calls	-3.09	3.18
trolls	-3.08	1.93
troll	-3.08	1.55
broken	-3.07	1.49
excuses	-3.07	1.05
trolling	-3.07	1.38
boring	-3.06	1.92
anger	-3.06	2.41
plain	-3.06	2.02
unbalanced	-3.05	1.46
acting	-3.04	2.15
talks	-2.98	3.30
clunky	-2.98	1.68
pisses	-2.97	2.28
ward	-2.95	1.81
disaster	-2.94	1.07
absolute	-2.94	1.58
pure	-2.92	1.06
eyes	-2.92	2.54
everybody	-2.88	3.29
failure	-2.88	1.27
duty	-2.87	2.36
cod	-2.87	2.39
hype	-2.86	2.61
hop	-2.84	2.89
rough	-2.84	2.12
ghosts	-2.82	2.35
buys	-2.82	3.48
downvoting	-2.81	1.81
sees	-2.79	3.51
warfare	-2.76	2.35
mw2	-2.74	3.09
desperate	-2.73	2.38
considered	-2.72	2.08
call	-2.68	1.96
complete	-2.67	1.04
pointing	-2.66	1.42
improved	-2.65	2.57
assholes	-2.64	0.95
bag	-2.63	1.02
writing	-2.63	2.30
stupid	-2.61	2.13
ghost	-2.59	2.11
childish	-2.58	1.40
ignorant	-2.56	1.27
beats	-2.55	0.70
worthless	-2.55	1.27
bias	-2.54	1.71
dumb	-2.54	2.34
vocal	-2.53	1.21
fault	-2.53	2.00
insulting	-2.51	1.28
infinity	-2.50	1.94
modern	-2.50	1.99
obvious	-2.47	2.34
defend	-2.47	1.18
stating	-2.46	3.27
pain	-2.44	2.41
unacceptable	-2.44	1.36
ironic	-2.44	2.36
immature	-2.44	0.98
butthurt	-2.43	1.64
part	-2.43	2.08
altogether	-2.43	1.00
cares	-2.42	3.02
slow	-2.42	1.48
r/ps4	-2.39	2.12
likes	-2.39	3.72
train	-2.38	2.71
bf3	-2.37	1.34
internet	-2.37	1.28
calling	-2.36	1.02
r/gaming	-2.35	2.07
rushed	-2.34	1.31
destroyed	-2.32	1.96
isp	-2.32	1.23
tired	-2.31	2.37
big	-2.30	2.23
greedy	-2.30	1.28
lag	-2.30	1.44
thinks	-2.30	3.59
pointless	-2.30	1.61
sluggish	-2.29	1.51
management	-2.28	1.15
flop	-2.28	1.26
finds	-2.27	3.53
proper	-2.27	2.40
lies	-2.25	1.26
lying	-2.24	3.10
owns	-2.24	3.52
isps	-2.24	1.18
asks	-2.24	3.55
outdated	-2.23	1.50
decisions	-2.21	1.19
latter	-2.21	2.92
arguing	-2.21	3.01
bunch	-2.19	1.06
douche	-2.19	1.15
idiots	-2.19	1.20
trivial	-2.19	1.41
assumption	-2.18	3.38
wants	-2.18	3.56
gaf	-2.17	1.53
r/games	-2.17	2.02
piece	-2.17	1.16
disappointing	-2.17	2.19
ruins	-2.14	0.79
ui	-2.13	1.39
unfinished	-2.13	1.17
blame	-2.13	1.06
speculation	-2.11	1.61
waste	-2.11	1.20
zombies	-2.08	1.90
misinformation	-2.07	1.48
bitching	-2.07	1.49
retarded	-2.06	1.62
knows	-2.06	3.37
black	-2.05	1.89
math	-2.04	3.07
bait	-2.03	1.32
dated	-2.03	1.33
cat	-2.03	3.63
sides	-2.03	1.41
behavior	-2.03	0.95
she	-2.02	3.65
companies	-2.02	0.91
useless	-2.02	1.32
spreading	-2.01	1.40
dull	-2.00	1.35
simply	-1.98	3.65
awkward	-1.98	1.57
daughter	-1.98	3.73
whining	-1.97	1.04
wife	-1.96	3.72
freezes	-1.96	1.19
defensive	-1.95	1.53
proves	-1.95	1.42
girlfriend	-1.94	3.71
their	-1.94	0.73
r/xboxone	-1.92	1.92
causes	-1.92	0.93
confusing	-1.92	1.46
spread	-1.92	1.24
practice	-1.91	1.00
shady	-1.91	1.43
annoying	-1.91	2.60
bothers	-1.90	2.47
messed	-1.89	1.14
filled	-1.89	1.02
irrelevant	-1.89	1.33
being	-1.89	1.37
who	-1.89	2.71
unfortunate	-1.86	2.41
downvote	-1.86	1.91
ridiculous	-1.84	2.32
self	-1.84	1.03
bland	-1.83	1.57
clearly	-1.83	3.57
reasoning	-1.81	1.59
pr	-1.80	0.97
act	-1.80	0.89
caused	-1.79	0.90
largest	-1.78	3.03
partially	-1.78	1.06
decides	-1.78	2.86
redundant	-1.77	1.32
backlash	-1.77	1.10
flaws	-1.76	1.16
entitled	-1.76	1.09
original	-1.76	3.10
suggesting	-1.76	3.35
attitude	-1.76	1.09
mouth	-1.76	0.91
bad	-1.75	2.18
rage	-1.75	1.37
facts	-1.75	2.35
asshole	-1.75	1.19
dice	-1.75	0.90
lacking	-1.74	1.40
insult	-1.74	1.34
sarcastic	-1.74	2.89
silly	-1.74	2.41
boys	-1.74	1.35
caring	-1.73	1.34
coincidence	-1.73	2.36
weak	-1.72	1.49
biggest	-1.72	2.77
disappointment	-1.72	1.25
downvoted	-1.72	1.71
people	-1.71	1.49
skipped	-1.71	3.05
affecting	-1.71	1.02
ruining	-1.71	0.68
offensive	-1.70	1.04
result	-1.70	0.89
zombie	-1.69	1.71
stop	-1.69	1.28
dicks	-1.69	1.10
sounding	-1.67	0.95
blind	-1.67	1.25
everyone	-1.67	2.40
frustrating	-1.67	2.27
ruin	-1.67	0.76
stale	-1.66	1.12
disconnects	-1.66	1.09
voting	-1.65	1.83
supporting	-1.63	1.07
sub	-1.63	1.76
repetitive	-1.63	1.43
activision	-1.63	1.04
flat	-1.63	0.99
lack	-1.62	1.23
ignoring	-1.62	1.37
attacking	-1.62	0.93
piss	-1.62	0.94
plays	-1.62	3.36
bare	-1.61	1.20
nobody	-1.61	2.48
designed	-1.61	1.26
b/c	-1.61	1.42
dick	-1.61	1.31
voted	-1.60	1.51
crashes	-1.60	1.08
offended	-1.60	2.59
unnecessary	-1.60	1.45
logic	-1.60	1.83
rumors	-1.59	1.28
unrealistic	-1.59	1.30
spoiled	-1.59	0.84
fact	-1.58	3.84
glitches	-1.58	1.09
r/halo	-1.57	1.73
frustration	-1.56	1.27
corporate	-1.56	0.74
otherwise	-1.56	3.91
puts	-1.56	2.21
decision	-1.55	1.08
differently	-1.55	3.14
owners	-1.55	1.33
severely	-1.55	1.24
acceptable	-1.55	0.99
upvotes	-1.53	1.85
affect	-1.52	1.30
impossible	-1.51	1.34
p2p	-1.51	0.78
responsibility	-1.51	0.93
negative	-1.50	1.37
meaningless	-1.50	1.13
crashing	-1.50	1.09
requirement	-1.50	0.84
assumptions	-1.50	1.95
evidence	-1.49	2.50
lame	-1.49	2.11
shits	-1.49	1.18
choice	-1.48	1.10
arguments	-1.48	1.55
fool	-1.47	1.32
sick	-1.47	2.39
affects	-1.47	0.93
avoid	-1.47	1.04
poorly	-1.46	1.37
masses	-1.46	1.13
remove	-1.44	0.91
claims	-1.44	2.01
latency	-1.44	1.12
interface	-1.44	1.24
claim	-1.43	2.21
fans	-1.42	1.30
tells	-1.42	2.05
else	-1.42	2.37
someone	-1.41	2.41
backed	-1.41	1.27
bitch	-1.41	1.08
re	-1.41	3.46
ignorance	-1.41	1.55
attempts	-1.41	1.00
criticism	-1.41	1.53
olds	-1.40	1.60
claiming	-1.40	1.75
removing	-1.39	0.94
plot	-1.39	1.60
statements	-1.39	2.29
excitement	-1.39	1.24
shit	-1.38	1.67
hilarious	-1.38	2.36
meanwhile	-1.38	1.11
loses	-1.38	1.60
conclusion	-1.38	1.52
pirate	-1.37	0.76
rumor	-1.37	1.43
somebody	-1.37	2.26
incorrect	-1.36	3.46
occasionally	-1.36	0.98
sheer	-1.36	1.05
analogy	-1.36	1.19
misleading	-1.36	1.57
reviews	-1.35	0.95
opposite	-1.35	2.96
children	-1.35	1.24
cboat	-1.35	1.21
discussion	-1.34	1.39
hot	-1.34	0.69
tone	-1.34	1.03
unfair	-1.33	1.55
standpoint	-1.33	0.98
tedious	-1.33	1.39
says	-1.33	2.02
anybody	-1.33	2.14
empty	-1.33	1.13
ignored	-1.32	1.56
he	-1.32	2.24
karma	-1.32	1.68
typical	-1.32	0.81
giant	-1.32	0.98
ride	-1.32	1.53
basic	-1.32	1.25
purely	-1.32	1.33
experiencing	-1.31	1.09
impact	-1.31	1.02
general	-1.31	0.82
relationship	-1.31	0.78
whine	-1.31	0.96
perspective	-1.31	0.98
spin	-1.30	0.88
screaming	-1.30	1.11
hurts	-1.29	0.91
fed	-1.29	1.43
yelling	-1.29	1.83
false	-1.29	1.81
complaining	-1.28	1.85
argument	-1.28	2.21
posts	-1.28	1.55
terribly	-1.28	1.37
upvoted	-1.27	1.66
kids	-1.27	2.57
hackers	-1.27	0.80
battlefield	-1.26	1.56
fucked	-1.26	1.53
screens	-1.26	1.05
subs	-1.26	1.42
introduce	-1.26	0.96
science	-1.26	1.00
marketing	-1.26	0.89
reaction	-1.26	1.21
sometimes	-1.25	1.25
experienced	-1.25	0.91
whoever	-1.25	1.90
proven	-1.25	1.66
due	-1.25	0.83
student	-1.25	0.93
subreddit	-1.24	1.53
aside	-1.24	0.85
norm	-1.23	0.97
fanbase	-1.23	1.07
outright	-1.23	1.46
eurogamer	-1.23	1.13
lazy	-1.23	1.32
minority	-1.23	1.21
echo	-1.23	1.25
smart	-1.23	1.26
neogaf	-1.23	1.29
threads	-1.22	1.51
stretch	-1.22	1.26
apparent	-1.22	0.99
react	-1.22	1.27
dialogue	-1.21	1.35
confidence	-1.21	1.01
parents	-1.21	2.95
ubi	-1.21	0.95
lie	-1.20	1.65
business	-1.20	0.80
pressure	-1.20	1.18
affected	-1.20	1.24
food	-1.20	0.78
advanced	-1.20	1.53
standard	-1.20	0.92
strange	-1.19	2.50
grey	-1.19	0.95
holds	-1.19	0.75
laid	-1.18	0.99
tries	-1.18	1.90
buzz	-1.18	1.21
married	-1.18	2.32
statement	-1.18	2.52
unless	-1.18	3.87
intentionally	-1.18	1.24
titanfall	-1.17	1.46
occur	-1.17	0.94
signs	-1.17	3.39
resogun	-1.17	0.87
sources	-1.17	1.49
publicly	-1.16	1.80
downvotes	-1.16	1.81
menus	-1.15	1.01
thread	-1.15	1.52
offerings	-1.15	1.00
aw	-1.15	1.42
chaos	-1.15	0.94
discussing	-1.14	1.32
proprietary	-1.14	1.14
mom	-1.14	3.06
kid	-1.13	2.77
reddit	-1.13	1.49
bugs	-1.13	1.00
discuss	-1.13	1.35
compatible	-1.13	1.03
feelings	-1.13	0.95
debate	-1.13	1.46
limiting	-1.12	0.86
her	-1.12	3.37
point	-1.12	3.78
what	-1.12	3.83
topics	-1.12	1.36
ignore	-1.11	1.51
visible	-1.11	0.99
responsible	-1.11	1.12
prevent	-1.11	1.03
votes	-1.11	1.60
forth	-1.11	1.29
odd	-1.10	2.63
broke	-1.10	0.77
occasional	-1.10	0.78
hurt	-1.10	1.18
mattrick	-1.10	0.83
ect	-1.10	0.64
policies	-1.09	0.99
gets	-1.09	1.95
journalism	-1.09	0.92
spinning	-1.09	1.02
piracy	-1.09	0.92
attempt	-1.09	1.27
comments	-1.09	1.55
subreddits	-1.08	1.45
missing	-1.08	3.12
2x	-1.08	0.97
ban	-1.08	1.11
rude	-1.08	1.50
cheating	-1.08	1.05
logical	-1.08	1.60
pays	-1.07	1.72
college	-1.07	0.97
playable	-1.07	1.20
structure	-1.07	1.01
destroy	-1.07	0.66
kicks	-1.07	0.93
military	-1.07	0.62
portion	-1.06	0.90
anyone	-1.06	2.02
shame	-1.06	2.77
personal	-1.06	1.36
proof	-1.06	2.07
community	-1.06	1.06
reduce	-1.06	1.17
naturally	-1.05	0.83
tear	-1.05	0.77
loud	-1.05	0.93
wins	-1.05	1.98
arguably	-1.04	2.66
bf	-1.04	1.27
practically	-1.04	1.01
major	-1.04	0.94
knack	-1.04	0.84
opinions	-1.04	1.42
interview	-1.04	1.47
actions	-1.03	0.90
promises	-1.03	0.97
disappear	-1.03	0.98
based	-1.03	1.63
dog	-1.03	2.36
opinion	-1.03	2.20
commenting	-1.03	1.82
users	-1.02	1.06
nightmare	-1.02	0.98
face	-1.02	1.48
saying	-1.02	3.39
recognizes	-1.02	2.25
rely	-1.02	0.83
tweeted	-1.02	1.69
drm	-1.02	1.02
mentions	-1.01	1.39
minor	-1.01	0.87
layout	-1.01	1.08
chunk	-1.01	0.69
uncomfortable	-1.01	1.29
applies	-1.01	1.07
adult	-1.01	1.53
related	-1.01	1.20
microsofts	-1.01	0.82
reputation	-1.00	0.99
hands	-1.00	0.99
pvz	-1.00	1.39
complaints	-1.00	1.26
school	-1.00	1.22
builds	-1.00	0.60
kotaku	-1.00	1.00
overpriced	-1.00	0.90
preference	-0.99	1.59
garden	-0.99	1.37
delays	-0.99	0.90
commented	-0.99	1.92
king	-0.99	1.23
jumped	-0.99	1.51
despite	-0.99	1.04
meh	-0.99	1.24
virtually	-0.98	1.04
reminded	-0.98	2.71
tldr	-0.98	0.92
similarly	-0.98	1.13
formula	-0.98	0.72
plants	-0.98	1.37
scared	-0.98	2.80
such	-0.98	1.08
tiny	-0.98	1.09
supports	-0.97	1.19
reasonable	-0.97	1.30
former	-0.97	0.80
hack	-0.97	0.96
understood	-0.97	1.36
scam	-0.96	1.24
merely	-0.96	2.02
compensation	-0.96	1.05
jumping	-0.96	1.35
loading	-0.96	0.93
house	-0.96	2.88
op	-0.96	3.43
whose	-0.96	1.14
parent	-0.96	2.28
attack	-0.96	0.79
navigate	-0.95	0.96
sony	-0.95	0.80
shock	-0.95	0.86
rip	-0.95	1.13
gamers	-0.95	1.02
influence	-0.95	0.90
filter	-0.95	0.91
shield	-0.94	0.93
entitlement	-0.94	1.09
guy	-0.94	2.04
dad	-0.94	3.36
jump	-0.94	1.30
old	-0.94	2.38
massive	-0.94	1.19
essentially	-0.94	1.46
advertising	-0.93	0.91
badly	-0.93	1.26
jokes	-0.93	1.49
correctly	-0.93	3.36
family	-0.93	2.91
exploit	-0.92	0.96
conversation	-0.92	1.14
gf	-0.92	3.42
rush	-0.92	0.54
here	-0.92	1.40
judging	-0.92	1.27
replaced	-0.91	0.86
conversations	-0.91	1.01
idiot	-0.91	1.47
topic	-0.91	1.26
everytime	-0.91	1.09
average	-0.91	1.04
larger	-0.91	1.16
talked	-0.91	1.68
contribute	-0.91	1.30
his	-0.91	2.76
respawn	-0.90	0.67
lady	-0.90	2.66
pointed	-0.90	1.87
abuse	-0.90	0.92
bigger	-0.90	1.29
eating	-0.90	0.84
subject	-0.90	1.12
seemingly	-0.90	0.81
navigating	-0.89	0.96
discussions	-0.89	1.26
son	-0.89	3.23
counter	-0.89	0.90
noticeable	-0.89	0.94
pause	-0.89	0.80
refer	-0.89	1.28
sister	-0.89	3.38
spam	-0.89	0.76
voices	-0.89	0.89
ppl	-0.89	1.24
complaint	-0.88	1.54
bf4	-0.88	1.32
freezing	-0.88	0.93
killed	-0.88	0.81
small	-0.88	0.98
speeds	-0.88	0.88
ii	-0.88	1.14
positive	-0.88	1.37
liked	-0.88	2.70
prove	-0.88	2.06
minds	-0.87	0.81
mad	-0.87	2.80
preferred	-0.87	2.71
cousin	-0.86	2.98
insider	-0.86	1.20
pulled	-0.86	0.77
folks	-0.86	1.42
eat	-0.86	0.67
specifically	-0.86	2.04
leaks	-0.86	1.21
improvements	-0.86	1.00
tl	-0.86	1.01
fraction	-0.86	0.79
measure	-0.86	1.13
fat	-0.86	0.89
news	-0.85	1.06
disagree	-0.85	3.03
leads	-0.85	0.80
vast	-0.85	0.69
metacritic	-0.85	0.87
attacks	-0.85	0.77
extreme	-0.85	1.07
stress	-0.85	0.88
owned	-0.85	1.45
xboxone	-0.85	1.12
attempting	-0.84	1.32
heat	-0.84	0.67
built	-0.84	0.82
porn	-0.84	0.86
express	-0.84	1.29
articles	-0.84	1.13
ring	-0.84	0.79
wild	-0.84	1.23
caps	-0.83	0.75
bandwidth	-0.83	0.74
bedroom	-0.83	2.57
total	-0.83	0.69
regarding	-0.83	0.87
gimmicky	-0.83	1.29
detect	-0.83	1.15
vehicle	-0.82	1.14
line	-0.82	1.14
expectation	-0.82	1.17
concerns	-0.82	1.27
continues	-0.82	0.94
teeth	-0.82	0.81
stated	-0.82	1.84
cheap	-0.82	1.15
cared	-0.82	1.23
tastes	-0.82	1.09
promote	-0.81	1.05
by	-0.81	1.17
backing	-0.81	1.80
recognized	-0.81	1.65
skip	-0.81	1.02
smaller	-0.81	1.15
majority	-0.81	0.80
bed	-0.81	2.60
him	-0.81	2.05
reporting	-0.80	0.88
fucks	-0.80	1.11
legitimate	-0.80	1.20
ac	-0.80	1.16
gripe	-0.80	1.12
optimized	-0.79	0.75
msft	-0.79	0.80
bomb	-0.79	0.61
controls	-0.79	0.91
skype	-0.79	1.02
common	-0.79	1.51
subjective	-0.79	1.88
complicated	-0.79	1.30
whenever	-0.79	1.56
constant	-0.79	0.73
tweaks	-0.79	0.91
population	-0.79	0.73
connections	-0.79	0.72
releasing	-0.78	0.93
person	-0.78	1.71
ms	-0.77	0.80
sake	-0.77	1.18
leading	-0.77	0.82
limits	-0.77	0.73
screwing	-0.77	1.37
large	-0.77	1.08
louder	-0.77	0.93
requires	-0.76	1.02
reverse	-0.76	1.03
constantly	-0.76	1.12
spec	-0.76	0.93
continued	-0.76	1.05
tea	-0.76	0.71
chose	-0.76	1.07
changes	-0.76	0.88
kicking	-0.76	0.75
packet	-0.75	0.76
significant	-0.75	0.87
connection	-0.75	0.74
fail	-0.75	1.15
mods	-0.75	1.33
matters	-0.75	1.54
death	-0.75	0.92
horse	-0.75	0.96
blah	-0.75	1.03
write	-0.75	1.02
acts	-0.75	1.19
vs	-0.75	0.87
usual	-0.74	0.83
versa	-0.74	1.95
bound	-0.74	0.66
hear	-0.74	0.96
dinner	-0.74	2.09
don	-0.74	0.82
essential	-0.74	0.83
provided	-0.74	1.93
fails	-0.74	1.15
information	-0.74	1.62
entire	-0.74	0.99
inherently	-0.74	1.13
policy	-0.74	0.98
nelson	-0.74	1.58
user	-0.73	0.73
visit	-0.73	1.28
clone	-0.73	0.75
huge	-0.73	1.20
rising	-0.73	1.25
using	-0.73	1.21
peoples	-0.73	1.05
needs	-0.73	1.89
yell	-0.73	1.04
spencer	-0.72	1.41
factor	-0.72	0.84
optional	-0.72	0.93
himself	-0.72	1.53
dragons	-0.72	0.74
shiny	-0.72	0.82
reported	-0.72	0.76
brother	-0.72	3.26
grinding	-0.72	0.83
wide	-0.72	0.91
frequent	-0.72	0.77
apart	-0.72	0.68
cap	-0.72	0.73
crash	-0.71	0.88
faces	-0.71	0.96
throwing	-0.71	0.91
reflect	-0.71	1.08
ddos	-0.71	0.77
networking	-0.71	0.99
rights	-0.71	1.12
bars	-0.71	0.68
afraid	-0.71	3.02
trust	-0.71	1.40
jealous	-0.71	2.98
genuine	-0.71	1.36
joke	-0.71	2.57
watchdogs	-0.71	1.10
according	-0.71	1.35
amongst	-0.71	1.00
forum	-0.71	1.24
purpose	-0.70	1.51
blow	-0.70	0.99
stability	-0.70	1.03
claimed	-0.70	1.36
killzone	-0.70	0.75
comparisons	-0.70	1.23
dealing	-0.70	1.04
substantial	-0.69	0.89
improvement	-0.69	0.90
hurting	-0.69	1.07
park	-0.69	0.72
confirmed	-0.69	1.29
guest	-0.69	2.36
genius	-0.69	1.95
source	-0.69	1.36
mod	-0.69	1.05
leaves	-0.69	0.92
ears	-0.69	0.96
technical	-0.69	1.00
use	-0.69	1.16
2k14	-0.68	1.19
clicks	-0.68	1.01
hacking	-0.68	0.77
net	-0.68	0.67
limitations	-0.68	0.89
role	-0.68	0.80
upper	-0.68	1.30
mentioning	-0.68	1.91
vary	-0.68	1.18
often	-0.68	1.21
success	-0.68	0.77
microsoft	-0.68	0.66
company	-0.67	0.58
valid	-0.67	1.61
article	-0.67	1.58
widely	-0.67	0.79
terms	-0.67	0.85
tagged	-0.67	0.87
sites	-0.67	0.94
ease	-0.67	1.02
ceo	-0.67	1.09
elsewhere	-0.67	1.31
right	-0.67	3.50
hide	-0.66	0.81
degree	-0.66	0.98
clause	-0.66	1.06
roommate	-0.66	3.21
asked	-0.66	1.68
younger	-0.66	1.43
protect	-0.66	0.74
podcast	-0.66	0.75
connectivity	-0.66	0.75
consumers	-0.65	0.93
picks	-0.65	1.13
issues	-0.65	1.03
screw	-0.65	1.30
said	-0.65	1.83
ign	-0.65	0.93
board	-0.65	0.96
bungie	-0.65	0.75
kinds	-0.65	1.08
blog	-0.65	1.16
burn	-0.65	0.66
limitation	-0.65	1.24
complain	-0.65	1.56
modified	-0.65	0.71
capcom	-0.64	0.92
lights	-0.64	0.86
bumper	-0.64	1.30
green	-0.64	0.78
presence	-0.64	0.62
thin	-0.64	0.69
expensive	-0.64	1.38
mentioned	-0.64	1.56
gamespot	-0.64	0.91
moderators	-0.64	1.26
loyalty	-0.64	0.91
apartment	-0.63	2.13
popularity	-0.63	0.68
glitch	-0.63	1.32
favor	-0.63	1.11
depends	-0.63	1.41
load	-0.63	0.86
recognize	-0.63	1.45
published	-0.63	0.95
depend	-0.63	1.67
respect	-0.63	1.03
failed	-0.63	1.08
young	-0.62	1.72
understandable	-0.62	1.44
tune	-0.62	1.12
thrown	-0.62	0.63
jobs	-0.62	0.69
birthday	-0.62	2.58
logo	-0.61	0.93
websites	-0.61	0.95
regards	-0.61	0.86
cup	-0.61	0.62
180	-0.61	0.64
asleep	-0.61	2.34
snapping	-0.61	0.71
improving	-0.61	0.98
perception	-0.61	0.93
examples	-0.60	1.47
grind	-0.60	0.90
regularly	-0.60	0.86
licensing	-0.60	1.00
bottom	-0.60	1.43
improve	-0.60	1.06
path	-0.60	0.93
short	-0.60	1.16
ended	-0.60	1.48
quiet	-0.60	0.92
magical	-0.60	0.75
pizza	-0.60	0.69
ac4	-0.59	1.13
chip	-0.59	0.96
restrictions	-0.59	0.67
capable	-0.59	0.93
financial	-0.59	0.83
consumer	-0.59	0.68
comcast	-0.59	0.68
usage	-0.59	0.72
fly	-0.59	0.82
reports	-0.59	1.06
views	-0.59	1.06
weird	-0.59	2.50
amount	-0.59	0.65
whereas	-0.59	1.01
existence	-0.58	0.98
2d	-0.58	0.92
nature	-0.58	0.92
changed	-0.58	0.77
squad	-0.58	0.63
ownership	-0.58	1.17
sized	-0.58	0.63
crowd	-0.58	0.81
build	-0.58	0.75
ubisoft	-0.58	0.59
communities	-0.58	0.93
felt	-0.57	1.22
developed	-0.57	0.88
guessing	-0.57	3.31
accident	-0.57	1.53
changer	-0.57	1.08
implying	-0.57	3.45
dr3	-0.57	1.16
meet	-0.57	0.79
twitter	-0.57	1.27
laying	-0.57	1.26
xmas	-0.57	2.39
non	-0.57	0.65
goal	-0.57	0.86
blocking	-0.57	0.64
drink	-0.57	0.73
wipe	-0.56	0.99
void	-0.56	0.79
phil	-0.56	1.37
usable	-0.56	0.99
providers	-0.56	0.64
own	-0.56	1.06
vision	-0.56	0.77
companion	-0.56	0.58
siri	-0.56	1.21
provider	-0.56	0.64
cause	-0.56	1.35
dedicated	-0.56	0.73
buyers	-0.56	1.05
availability	-0.55	0.68
unsure	-0.55	3.09
base	-0.55	0.69
child	-0.55	1.17
whole	-0.55	0.92
overhead	-0.55	0.76
site	-0.55	1.06
quote	-0.55	1.78
rant	-0.55	1.33
percentage	-0.54	0.57
jumps	-0.54	0.84
suggests	-0.54	1.53
frequently	-0.54	0.86
infamous	-0.54	0.71
increases	-0.54	1.02
inconvenience	-0.54	1.04
operate	-0.54	1.22
written	-0.54	1.21
unrelated	-0.54	1.37
limited	-0.54	0.67
xbo	-0.54	1.08
laugh	-0.54	2.61
subscribed	-0.53	0.93
1/2	-0.53	1.66
broadband	-0.53	0.88
customers	-0.53	0.90
exists	-0.53	1.10
scheme	-0.53	0.67
entirely	-0.53	1.97
reading	-0.53	1.43
brain	-0.53	1.11
report	-0.53	0.89
crytek	-0.53	0.96
fashion	-0.53	0.98
treated	-0.53	1.33
clicking	-0.53	1.34
thief	-0.53	0.94
implementation	-0.53	0.90
thumb	-0.52	1.28
lacks	-0.52	0.93
upon	-0.52	0.86
randomly	-0.52	0.90
subscribers	-0.52	0.82
slight	-0.52	0.81
pool	-0.52	0.50
left	-0.51	1.64
dancing	-0.51	2.94
suddenly	-0.51	1.03
sight	-0.51	0.74
strategy	-0.51	0.80
banned	-0.51	1.03
hand	-0.51	1.17
inferior	-0.51	0.92
missions	-0.51	0.80
monopoly	-0.51	0.64
sticky	-0.51	1.18
traffic	-0.51	0.68
utilize	-0.51	0.91
prompt	-0.50	1.28
quit	-0.50	0.89
network	-0.50	0.66
mute	-0.50	0.80
watch_dogs	-0.50	1.00
input	-0.50	0.73
begging	-0.50	1.19
harsh	-0.50	1.51
limit	-0.50	0.67
impulse	-0.50	0.90
review	-0.50	0.90
grown	-0.50	0.81
initially	-0.50	1.18
me	-0.50	1.86
rules	-0.50	1.05
concern	-0.50	1.48
initial	-0.50	0.63
telling	-0.49	1.92
problems	-0.49	1.09
spots	-0.49	0.79
joy	-0.49	0.74
unlimited	-0.49	0.61
manner	-0.49	1.02
about	-0.49	1.82
megathread	-0.49	1.22
referring	-0.49	3.47
forums	-0.49	1.17
solely	-0.49	1.10
grand	-0.49	0.75
hes	-0.49	1.62
blocks	-0.48	0.74
sleeping	-0.48	1.92
scroll	-0.48	1.38
top	-0.48	1.41
involved	-0.48	1.09
theft	-0.48	0.82
aliens	-0.48	0.67
controlling	-0.48	0.71
verify	-0.48	1.44
stops	-0.48	1.02
approach	-0.48	0.92
flip	-0.48	0.96
infrastructure	-0.48	0.63
scrolling	-0.47	0.75
vertical	-0.47	0.82
greater	-0.47	0.77
talk	-0.47	1.45
favourite	-0.47	2.48
professional	-0.47	0.78
global	-0.47	0.64
older	-0.47	1.06
factors	-0.47	1.05
gestures	-0.47	0.70
allows	-0.47	1.09
relative	-0.47	0.92
polygon	-0.47	0.90
cold	-0.47	0.78
differences	-0.47	0.81
industry	-0.47	0.73
verizon	-0.46	0.63
position	-0.46	1.13
disconnected	-0.46	0.80
ufc	-0.46	1.00
raw	-0.46	0.79
chain	-0.46	1.30
butt	-0.46	0.97
compared	-0.46	1.08
sprint	-0.46	0.71
speaking	-0.45	1.53
rule	-0.45	1.05
login	-0.45	1.67
hire	-0.45	0.89
speed	-0.45	0.87
quickly	-0.45	1.01
apple	-0.45	0.61
expand	-0.45	0.64
pvp	-0.45	0.82
os	-0.45	0.68
main	-0.45	0.65
trend	-0.45	0.82
choosing	-0.45	0.98
justified	-0.45	1.13
posting	-0.45	1.24
balancing	-0.45	0.78
side	-0.45	1.03
assassins	-0.44	1.02
modded	-0.44	0.79
legally	-0.44	1.16
provides	-0.44	0.97
functionality	-0.44	0.75
dare	-0.44	1.32
rated	-0.44	0.80
throw	-0.44	0.92
engineers	-0.44	0.65
dashboard	-0.44	0.78
believed	-0.44	1.22
messing	-0.44	1.50
largely	-0.44	1.23
failing	-0.44	0.90
appears	-0.43	1.42
confused	-0.43	2.69
thoughts	-0.43	1.15
messaging	-0.43	0.64
argue	-0.43	2.35
growing	-0.43	0.57
government	-0.43	0.70
block	-0.43	0.64
among	-0.43	0.77
boost	-0.43	0.77
tweet	-0.43	1.68
ip	-0.43	0.93
breaking	-0.43	0.83
facing	-0.43	1.20
discovered	-0.43	0.77
impressions	-0.43	1.08
disney	-0.43	1.12
valve	-0.43	0.65
definition	-0.43	1.04
size	-0.43	0.64
fraud	-0.43	1.19
agree	-0.42	3.29
worthy	-0.42	1.12
sole	-0.42	0.90
posted	-0.42	1.30
mouse	-0.42	1.03
human	-0.42	0.72
wasting	-0.42	1.18
perform	-0.42	0.97
audience	-0.42	0.89
hence	-0.42	1.15
devs	-0.42	0.75
product	-0.42	0.76
navigation	-0.42	0.82
mature	-0.42	1.08
developers	-0.42	0.72
hits	-0.42	0.95
ryse	-0.42	1.40
class	-0.42	0.84
slap	-0.42	0.92
assassin	-0.42	0.97
ea	-0.42	0.57
demand	-0.41	0.96
noises	-0.41	0.74
sword	-0.41	0.86
strongly	-0.41	1.22
adds	-0.41	0.74
mbps	-0.41	0.73
scratch	-0.41	0.86
faulty	-0.41	0.71
heavily	-0.41	0.95
told	-0.41	1.40
options	-0.41	0.94
amounts	-0.40	0.62
became	-0.40	1.00
publishing	-0.40	0.62
vote	-0.40	1.40
training	-0.40	0.72
dependent	-0.40	1.18
created	-0.40	0.87
nowadays	-0.40	0.64
loop	-0.40	1.05
massively	-0.40	1.16
breaks	-0.40	0.72
threat	-0.40	0.65
lay	-0.40	1.09
objective	-0.40	0.60
increasing	-0.40	0.96
screen	-0.40	0.76
e.g	-0.40	0.81
creed	-0.40	1.00
calibrate	-0.40	1.18
noise	-0.39	0.78
backlog	-0.39	0.77
text	-0.39	0.95
flag	-0.39	0.63
dogs	-0.39	0.94
updated	-0.39	0.85
explicitly	-0.39	1.73
grunts	-0.39	0.88
fear	-0.39	1.23
deny	-0.39	1.68
illegal	-0.39	0.85
increase	-0.38	1.05
click	-0.38	1.47
rewind	-0.38	0.65
lied	-0.38	1.40
view	-0.38	0.97
verified	-0.38	1.11
market	-0.38	0.65
sizes	-0.38	0.62
control	-0.38	0.68
gw	-0.38	1.06
effectively	-0.38	1.07
sends	-0.38	1.04
presented	-0.38	1.20
dr	-0.37	0.94
recall	-0.37	1.44
quitting	-0.37	0.85
repeatedly	-0.37	1.30
strict	-0.37	0.63
dayz	-0.37	0.58
investment	-0.37	0.73
requirements	-0.37	0.67
worrying	-0.37	1.96
dns	-0.37	0.60
interests	-0.37	1.19
superior	-0.37	0.98
tearing	-0.37	0.79
objectives	-0.37	0.58
reduced	-0.37	1.03
kicked	-0.37	0.75
instance	-0.37	0.96
leak	-0.37	1.15
connects	-0.36	0.69
handles	-0.36	0.84
men	-0.36	0.87
requiring	-0.36	0.77
were	-0.36	1.71
developer	-0.36	0.60
colour	-0.36	0.61
fifa	-0.36	0.92
wired	-0.36	0.65
d-pad	-0.36	1.38
independent	-0.36	0.48
quantity	-0.36	0.76
flow	-0.36	0.97
makers	-0.36	0.58
counting	-0.36	1.16
losing	-0.36	0.96
madden	-0.36	0.91
knock	-0.36	0.84
browsing	-0.36	0.71
priorities	-0.36	0.84
male	-0.36	1.06
describe	-0.35	1.57
polish	-0.35	0.94
elaborate	-0.35	1.14
doom	-0.35	1.45
bar	-0.35	0.90
capture	-0.35	0.66
themselves	-0.35	0.99
optimization	-0.35	0.72
our	-0.35	1.01
tos	-0.35	0.88
shocked	-0.35	2.93
exclusively	-0.35	0.78
clever	-0.35	1.40
crucible	-0.35	0.69
crying	-0.35	0.93
volume	-0.35	0.77
hacked	-0.35	0.75
heavy	-0.35	0.57
command	-0.35	0.69
start	-0.34	1.44
south	-0.34	0.84
buttons	-0.34	1.44
resource	-0.34	0.69
determine	-0.34	1.30
killing	-0.34	0.56
primarily	-0.34	0.93
ethernet	-0.34	0.63
context	-0.34	2.26
represent	-0.34	0.92
stealing	-0.34	1.09
minimal	-0.34	0.81
defective	-0.34	0.72
license	-0.34	1.31
joking	-0.33	3.03
handled	-0.33	0.92
group	-0.33	0.67
publish	-0.33	0.62
legal	-0.33	0.80
woman	-0.33	1.90
becomes	-0.33	0.85
treat	-0.33	1.35
operating	-0.33	0.62
clear	-0.33	2.61
grip	-0.33	0.93
publisher	-0.33	0.61
sections	-0.33	0.65
encounter	-0.33	0.75
define	-0.33	1.02
cuts	-0.33	0.81
insane	-0.33	1.85
cutting	-0.33	0.86
theirs	-0.33	1.05
application	-0.33	0.76
finger	-0.33	1.43
pops	-0.33	0.91
intention	-0.33	1.66
placed	-0.33	0.78
theoretically	-0.32	0.84
data	-0.32	0.70
speak	-0.32	1.14
attention	-0.32	1.15
cortana	-0.32	1.02
girl	-0.32	2.73
imho	-0.32	0.91
page	-0.32	1.10
feels	-0.32	1.11
moderate	-0.32	0.64
beer	-0.32	0.72
struggle	-0.32	1.05
removed	-0.32	1.09
floating	-0.32	0.69
laws	-0.32	0.73
stick	-0.32	1.40
primary	-0.32	0.70
xb	-0.31	0.58
loss	-0.31	0.72
angle	-0.31	0.84
ir	-0.31	0.65
hanging	-0.31	0.82
poster	-0.31	1.16
partner	-0.31	0.66
expectations	-0.31	1.14
remote	-0.31	0.65
crashed	-0.31	0.82
regard	-0.31	1.00
toward	-0.31	1.08
v	-0.31	0.76
front	-0.31	1.03
via	-0.31	0.81
networks	-0.31	0.56
along	-0.31	0.97
preferences	-0.31	1.08
tf	-0.31	0.96
suits	-0.31	0.64
reasons	-0.30	1.14
recognition	-0.30	0.80
faith	-0.30	1.11
blaster	-0.30	0.67
margin	-0.30	0.62
nat	-0.30	0.69
falls	-0.30	0.64
marketed	-0.30	0.88
image	-0.30	0.88
repeat	-0.30	0.64
bug	-0.30	0.96
icon	-0.30	0.97
harmony	-0.30	0.66
strength	-0.30	0.67
biased	-0.29	1.30
attach	-0.29	0.69
software	-0.29	0.72
proved	-0.29	1.08
slightest	-0.29	1.03
ice	-0.29	0.76
wifi	-0.29	0.65
hair	-0.29	0.96
popping	-0.29	0.87
prepare	-0.28	1.10
drops	-0.28	0.76
transparent	-0.28	0.67
machine	-0.28	0.60
discussed	-0.28	1.20
teach	-0.28	1.11
zeroes	-0.28	0.75
phantom	-0.28	0.68
connected	-0.28	0.69
interactive	-0.28	0.78
others	-0.28	1.67
pixels	-0.28	0.90
exception	-0.28	0.75
reference	-0.28	1.00
trials	-0.28	0.97
named	-0.28	2.61
nba	-0.28	0.84
chinese	-0.28	0.75
android	-0.28	0.69
tomb	-0.28	0.70
staff	-0.27	0.72
cry	-0.27	0.85
closing	-0.27	0.73
host	-0.27	0.61
middle	-0.27	1.25
features	-0.27	1.15
gate	-0.27	0.72
pixel	-0.27	0.87
ear	-0.27	0.75
responded	-0.27	1.80
joe	-0.27	0.90
explained	-0.27	1.46
manufacturers	-0.27	0.71
fill	-0.27	0.70
increased	-0.27	1.10
protection	-0.27	0.73
freedom	-0.26	0.84
replace	-0.26	0.74
hearing	-0.26	1.31
facial	-0.26	0.79
square	-0.26	0.60
existed	-0.26	1.02
unity	-0.26	0.83
communication	-0.26	0.67
delay	-0.26	0.83
rooms	-0.26	1.14
survive	-0.26	1.10
pages	-0.26	0.90
linking	-0.26	1.31
iphone	-0.26	0.67
flood	-0.26	0.53
an	-0.26	0.62
temporary	-0.26	1.25
basis	-0.26	0.83
farcry	-0.26	0.85
foundry	-0.26	0.93
baby	-0.26	1.93
commands	-0.26	0.68
routers	-0.26	0.62
paywall	-0.26	0.59
menu	-0.26	0.92
ass	-0.26	1.42
living	-0.26	1.75
female	-0.26	1.35
salt	-0.26	0.75
insomniac	-0.26	0.54
blank	-0.25	0.67
mgs	-0.25	0.73
tests	-0.25	0.69
depending	-0.25	1.23
whether	-0.25	1.95
functions	-0.25	0.77
misunderstood	-0.25	3.29
configuration	-0.25	0.72
americans	-0.25	0.79
selecting	-0.25	0.90
enter	-0.25	1.28
silent	-0.25	0.59
attached	-0.25	0.84
regular	-0.25	0.95
w	-0.25	0.89
dl	-0.25	0.74
skills	-0.25	1.13
device	-0.25	0.70
determined	-0.25	1.02
router	-0.25	0.63
research	-0.25	0.87
longevity	-0.25	0.76
random	-0.25	0.70
wall	-0.25	0.71
phone	-0.25	0.66
343	-0.25	0.56
smartglass	-0.24	0.74
slower	-0.24	0.87
gta5	-0.24	0.80
guilty	-0.24	1.41
devices	-0.24	0.67
knowledge	-0.24	1.03
iteration	-0.24	0.97
mobile	-0.24	0.69
seemed	-0.24	1.18
phones	-0.24	0.65
2.0	-0.24	0.50
example	-0.24	1.11
vastly	-0.24	0.92
switches	-0.24	0.76
equipment	-0.24	0.60
serve	-0.24	1.04
encourage	-0.24	0.94
plans	-0.24	0.87
contain	-0.24	0.74
full	-0.24	0.98
<SPECIAL>	-0.24	0.62
<URL>	-0.24	0.62
skipping	-0.24	0.95
raider	-0.24	0.67
without	-0.24	1.54
vice	-0.24	1.27
speakers	-0.24	0.95
material	-0.24	0.65
white	-0.23	0.99
category	-0.23	1.00
fired	-0.23	1.04
gta	-0.23	0.85
ecosystem	-0.23	0.59
sounded	-0.23	1.22
glass	-0.23	0.72
implementing	-0.23	0.91
lead	-0.23	0.89
supported	-0.23	0.81
enjoyment	-0.23	0.82
classes	-0.23	0.88
360	-0.23	0.92
powerful	-0.23	0.73
exit	-0.23	0.85
mic	-0.23	0.76
stopped	-0.23	1.43
headphone	-0.23	0.78
kept	-0.23	1.59
voice	-0.23	0.69
fios	-0.23	0.78
parts	-0.23	0.65
ipad	-0.23	0.71
3.5mm	-0.23	0.75
produced	-0.23	0.56
walk	-0.23	1.14
jack	-0.23	0.75
fingers	-0.23	1.00
important	-0.23	0.97
wwe	-0.23	0.75
system	-0.22	0.72
ios	-0.22	0.65
tablet	-0.22	0.72
tablets	-0.22	0.69
deserve	-0.22	0.96
calibration	-0.22	1.10
password	-0.22	1.43
serious	-0.22	1.20
paper	-0.22	0.68
hook	-0.22	0.72
legitimately	-0.22	1.30
momentum	-0.22	0.70
casual	-0.22	0.88
intended	-0.22	1.66
triggers	-0.22	1.02
rockstar	-0.22	0.59
smartphone	-0.22	0.70
rep	-0.22	0.92
women	-0.22	0.92
public	-0.22	0.64
dev	-0.22	0.63
bass	-0.22	0.70
wp	-0.22	0.63
connecting	-0.22	0.71
modem	-0.22	0.66
unsnap	-0.22	0.83
basically	-0.22	2.15
universal	-0.22	0.65
actively	-0.22	1.05
hooked	-0.21	0.78
age	-0.21	0.80
camera	-0.21	0.65
damaged	-0.21	0.73
secondary	-0.21	0.75
rocket	-0.21	0.62
platform	-0.21	0.60
function	-0.21	0.79
originally	-0.21	1.58
profit	-0.21	0.65
floor	-0.21	1.32
talking	-0.21	2.28
punch	-0.21	0.80
pin	-0.21	0.85
development	-0.21	0.66
test	-0.21	0.66
therefore	-0.21	1.42
sensor	-0.21	0.72
successful	-0.21	0.67
tiles	-0.21	0.67
film	-0.21	0.71
loadouts	-0.21	0.71
forcing	-0.21	1.36
browse	-0.21	0.69
task	-0.21	0.93
booted	-0.21	0.78
2k15	-0.21	0.77
wireless	-0.21	0.74
nda	-0.20	0.83
law	-0.20	0.86
google	-0.20	0.75
enix	-0.20	0.56
iv	-0.20	0.90
psn	-0.20	0.58
couch	-0.20	1.82
disconnect	-0.20	0.78
implies	-0.20	1.36
supposedly	-0.20	1.04
microphone	-0.20	0.69
speech	-0.20	0.90
gesture	-0.20	0.75
ground	-0.20	0.68
on/off	-0.20	0.70
inputs	-0.20	0.69
ninja	-0.20	0.68
advantages	-0.20	0.83
wolfenstein	-0.20	0.82
post	-0.20	1.36
room	-0.20	1.57
mm	-0.20	0.71
active	-0.20	0.72
apps	-0.20	0.67
addresses	-0.20	0.63
under	-0.20	1.32
tv	-0.20	0.66
damage	-0.20	0.62
energy	-0.20	0.58
providing	-0.20	1.04
keeps	-0.20	1.28
cable	-0.19	0.65
destiny	-0.19	0.81
mother	-0.19	2.30
i.e	-0.19	1.21
opening	-0.19	0.65
14	-0.19	0.81
christmas	-0.19	1.84
fusion	-0.19	0.87
sign	-0.19	1.48
dash	-0.19	0.77
engines	-0.19	0.62
ping	-0.19	0.84
suggested	-0.19	1.56
chat	-0.19	0.80
testing	-0.19	0.67
tab	-0.19	0.82
converter	-0.19	0.72
nokia	-0.19	0.67
pieces	-0.19	0.67
loaded	-0.19	0.71
comfort	-0.19	0.74
sdk	-0.19	0.68
pros	-0.19	0.62
remotes	-0.19	0.68
laptop	-0.19	0.65
waves	-0.18	0.59
enjoyed	-0.18	2.15
weaker	-0.18	0.76
forgetting	-0.18	2.22
direction	-0.18	1.13
down	-0.18	1.03
highlight	-0.18	0.91
has	-0.18	1.44
fc4	-0.18	0.79
combo	-0.18	0.50
revenue	-0.18	0.66
api	-0.18	0.66
monster	-0.18	0.75
gamer	-0.18	1.12
integration	-0.18	0.67
servers	-0.18	0.60
signed	-0.18	1.53
water	-0.18	0.77
selection	-0.17	0.56
directx	-0.17	0.64
timing	-0.17	0.92
gtav	-0.17	0.78
mojang	-0.17	0.79
signal	-0.17	0.97
owning	-0.17	1.02
stands	-0.17	1.22
betas	-0.17	0.63
income	-0.17	0.68
grenade	-0.17	0.63
towards	-0.17	0.79
computers	-0.17	0.68
mail	-0.17	0.67
imply	-0.17	2.03
sunset	-0.17	0.81
surprise	-0.17	1.52
sidebar	-0.17	1.14
number	-0.17	0.66
overdrive	-0.17	0.81
connect	-0.17	0.77
mac	-0.17	1.03
everyday	-0.17	0.83
tile	-0.17	0.85
purposes	-0.17	0.86
eye	-0.17	0.81
contact	-0.17	0.90
facebook	-0.17	0.87
beyond	-0.16	1.13
logged	-0.16	1.65
standards	-0.16	0.72
liking	-0.16	1.84
switch	-0.16	0.73
numbers	-0.16	1.17
satellite	-0.16	0.57
responding	-0.16	1.93
adapters	-0.16	0.71
tr	-0.16	0.80
shift	-0.16	0.93
oneguide	-0.16	0.54
somehow	-0.16	1.86
impression	-0.16	1.54
indies	-0.16	0.55
plan	-0.16	1.04
crew	-0.16	0.76
ridiculously	-0.16	1.11
grain	-0.16	0.81
strangers	-0.16	0.76
drunk	-0.16	0.98
sink	-0.16	0.77
besides	-0.16	1.28
worse	-0.16	0.94
8.1	-0.16	0.64
brand	-0.16	0.53
errors	-0.16	1.32
bump	-0.16	0.79
gap	-0.15	0.70
receiver	-0.15	0.90
peggle	-0.15	1.18
stronger	-0.15	0.75
plugs	-0.15	0.71
functional	-0.15	0.83
and/or	-0.15	0.93
windows	-0.15	0.62
everywhere	-0.15	0.98
select	-0.15	0.96
medium	-0.15	0.61
behind	-0.15	0.92
bumpers	-0.15	1.07
app	-0.15	0.61
3.5	-0.15	0.65
extension	-0.15	0.69
343i	-0.15	0.60
rating	-0.15	0.70
potentially	-0.15	1.19
beside	-0.15	1.05
changing	-0.15	0.84
fiber	-0.15	0.85
tivo	-0.15	0.60
model	-0.15	0.67
intuitive	-0.15	0.94
adapter	-0.15	0.76
motion	-0.15	0.70
studio	-0.15	0.67
nostalgia	-0.15	0.77
mics	-0.15	0.73
core	-0.15	0.55
snap	-0.15	0.72
wires	-0.15	0.71
sf	-0.14	0.43
inquisition	-0.14	0.77
condition	-0.14	0.74
closely	-0.14	0.81
foot	-0.14	0.86
analog	-0.14	0.96
updates	-0.14	0.81
tactics	-0.14	0.77
surface	-0.14	0.66
convince	-0.14	1.53
ports	-0.14	1.12
master	-0.14	0.83
chrome	-0.14	0.64
spoke	-0.14	1.12
unlike	-0.14	0.93
tools	-0.14	0.68
sun	-0.14	0.69
sort	-0.14	1.50
directv	-0.14	0.53
mcc	-0.14	0.80
desktop	-0.14	0.64
window	-0.14	0.73
trigger	-0.14	0.99
restricted	-0.14	0.75
explorer	-0.14	0.67
developing	-0.14	0.81
reviewers	-0.14	0.83
splitter	-0.14	0.72
profits	-0.14	0.65
slot	-0.14	0.66
products	-0.14	0.74
extent	-0.13	0.84
snapped	-0.13	0.68
space	-0.13	0.63
adjust	-0.13	0.78
dragon	-0.13	0.75
whichever	-0.13	1.01
pinned	-0.13	0.77
esram	-0.13	0.66
beginning	-0.13	0.89
plug	-0.13	0.70
monitors	-0.13	0.69
ratio	-0.13	0.65
error	-0.13	1.07
hdmi	-0.13	0.73
equivalent	-0.13	0.67
dx12	-0.13	0.65
buyer	-0.13	1.21
choose	-0.13	1.08
loose	-0.13	0.89
dmz	-0.12	0.69
appeal	-0.12	0.85
cpu	-0.12	0.64
log	-0.12	1.54
panel	-0.12	0.74
official	-0.12	0.98
across	-0.12	0.78
reserved	-0.12	0.69
difference	-0.12	0.89
home	-0.12	1.35
production	-0.12	0.58
ram	-0.12	0.61
generate	-0.12	0.78
figures	-0.12	1.02
legends	-0.12	0.76
lesser	-0.12	0.68
practical	-0.12	1.03
challenges	-0.12	0.53
processor	-0.12	0.64
fancy	-0.12	0.70
crack	-0.12	0.85
combos	-0.12	0.59
billion	-0.12	0.70
chromecast	-0.12	0.64
hobby	-0.12	0.74
search	-0.12	0.99
support	-0.12	0.96
completion	-0.12	0.52
wasted	-0.12	0.83
exceptions	-0.12	0.83
kinnect	-0.12	0.67
between	-0.12	0.65
corner	-0.12	1.22
projector	-0.12	0.93
held	-0.12	0.94
backup	-0.11	0.72
drag	-0.11	0.65
machines	-0.11	0.67
headset	-0.11	0.79
friend	-0.11	1.97
mordor	-0.11	0.74
promise	-0.11	0.85
ex	-0.11	1.01
ie	-0.11	0.67
caught	-0.11	1.16
daily	-0.11	0.77
adaptor	-0.11	0.78
submit	-0.11	1.03
web	-0.11	0.71
resources	-0.11	0.68
roku	-0.11	0.61
above	-0.11	1.66
maximum	-0.11	0.88
supply	-0.11	0.75
sudden	-0.11	0.82
2k	-0.11	0.55
drivers	-0.11	0.70
upnp	-0.11	0.70
headphones	-0.11	0.82
funny	-0.11	2.72
ssd	-0.11	0.59
rayman	-0.11	1.08
soft	-0.11	0.70
generally	-0.11	0.75
moves	-0.11	0.70
against	-0.11	0.85
output	-0.11	0.96
optical	-0.11	1.06
setup	-0.11	0.93
featured	-0.10	0.86
confirmation	-0.10	1.01
nexus	-0.10	0.75
health	-0.10	0.59
program	-0.10	0.67
signing	-0.10	1.33
contract	-0.10	0.76
wire	-0.10	0.69
privacy	-0.10	0.84
bluetooth	-0.10	0.71
kits	-0.10	0.66
default	-0.10	0.76
box	-0.10	0.61
fixing	-0.10	0.97
unreal	-0.10	1.03
monsters	-0.10	0.61
humans	-0.10	0.50
mid	-0.10	0.71
sign-in	-0.10	0.89
tons	-0.10	0.88
toggle	-0.10	0.77
pins	-0.10	0.69
drastically	-0.10	0.79
integrate	-0.10	0.74
borrow	-0.10	1.33
department	-0.10	0.88
issue	-0.10	1.22
cell	-0.10	0.61
handed	-0.10	0.84
indie	-0.10	0.59
advantage	-0.10	0.80
porting	-0.10	0.69
die	-0.10	0.69
equal	-0.10	0.82
alert	-0.10	0.78
arent	-0.10	1.63
check	-0.10	1.07
ori	-0.10	0.64
dual	-0.10	0.60
set	-0.10	0.86
funding	-0.10	0.61
fixes	-0.09	0.99
agreement	-0.09	0.82
compatibility	-0.09	0.65
gpu	-0.09	0.65
characters	-0.09	1.07
cables	-0.09	0.68
quicker	-0.09	0.92
faster	-0.09	0.84
linear	-0.09	1.10
ps2	-0.09	1.03
repost	-0.09	1.07
rarely	-0.09	0.94
gamecube	-0.09	0.97
those	-0.09	0.99
reads	-0.09	0.80
handful	-0.09	0.89
called	-0.09	1.20
comfortable	-0.09	0.79
desk	-0.09	1.18
plugging	-0.09	0.70
shadow	-0.09	0.73
replacing	-0.09	0.79
movements	-0.09	0.75
becoming	-0.09	0.87
oblivion	-0.09	0.90
replying	-0.09	2.20
made	-0.09	1.13
unified	-0.09	0.62
character	-0.09	0.83
plugged	-0.09	0.71
speaker	-0.09	0.90
soul	-0.09	0.65
recalibrating	-0.09	0.82
parity	-0.09	0.63
channels	-0.08	0.53
browser	-0.08	0.65
respective	-0.08	0.81
kinect	-0.08	0.62
link	-0.08	1.33
remains	-0.08	0.90
architecture	-0.08	0.63
effort	-0.08	0.85
headsets	-0.08	0.81
optimize	-0.08	0.79
sata	-0.08	0.55
permanent	-0.08	0.77
cast	-0.08	0.62
gear	-0.08	0.75
color	-0.08	0.59
shipped	-0.08	0.71
linked	-0.08	1.08
advertised	-0.08	0.89
monitoring	-0.08	0.75
pop	-0.08	0.76
outlet	-0.08	0.71
listed	-0.08	1.13
appeared	-0.08	0.84
lumia	-0.08	0.67
place	-0.08	1.32
accounts	-0.08	1.14
goto	-0.08	0.99
prior	-0.08	0.88
fewer	-0.08	0.86
completing	-0.08	0.53
setting	-0.08	0.79
hbo	-0.08	0.52
audio	-0.08	1.07
priority	-0.08	0.84
soundbar	-0.08	1.00
thru	-0.08	0.80
theory	-0.07	1.50
section	-0.07	0.95
arm	-0.07	0.78
mechs	-0.07	0.58
toy	-0.07	0.76
thus	-0.07	1.05
letters	-0.07	1.15
leaked	-0.07	0.98
covers	-0.07	0.88
strictly	-0.07	0.69
niche	-0.07	0.62
profile	-0.07	1.32
dozens	-0.07	0.85
x86	-0.07	0.60
strider	-0.07	0.80
mixer	-0.07	0.77
displays	-0.07	0.64
requests	-0.07	1.04
psu	-0.07	0.71
firmware	-0.07	0.82
website	-0.07	0.98
a50	-0.07	0.78
launching	-0.07	0.70
develop	-0.07	0.74
plasma	-0.07	0.63
publishers	-0.07	0.80
signals	-0.07	0.78
exclusivity	-0.07	0.71
bill	-0.07	1.16
fell	-0.07	1.57
opens	-0.07	0.78
ones	-0.07	0.90
reserve	-0.07	0.82
sleep	-0.07	1.45
heart	-0.07	0.56
a40	-0.06	0.78
tied	-0.06	1.28
noted	-0.06	1.19
rate	-0.06	0.73
polk	-0.06	0.78
budget	-0.06	0.67
advertise	-0.06	1.46
profiles	-0.06	1.35
pair	-0.06	0.79
warranty	-0.06	0.71
repair	-0.06	0.72
instead	-0.06	1.49
computer	-0.06	0.65
leaving	-0.06	0.98
competitor	-0.06	0.58
integral	-0.06	0.70
accent	-0.06	0.92
360/ps3	-0.06	0.69
dozen	-0.06	0.84
continuing	-0.06	0.95
mixamp	-0.06	0.95
balls	-0.06	1.33
slowly	-0.06	1.03
mostly	-0.06	0.98
guide	-0.06	0.73
beach	-0.06	0.79
turtle	-0.06	0.79
follows	-0.06	0.94
links	-0.06	1.09
og	-0.06	1.09
astros	-0.06	0.85
fund	-0.06	0.60
nhl	-0.06	0.62
switching	-0.06	0.81
metal	-0.06	0.69
japanese	-0.06	0.72
hardcore	-0.06	0.86
into	-0.06	0.73
vault	-0.06	0.71
allowed	-0.05	1.26
channel	-0.05	0.53
newest	-0.05	0.74
exclusives	-0.05	0.49
office	-0.05	0.82
sacrifice	-0.05	0.78
ps	-0.05	0.54
surge	-0.05	0.70
strip	-0.05	0.70
protector	-0.05	0.70
naughty	-0.05	0.52
certain	-0.05	0.86
a50s	-0.05	0.79
met	-0.05	0.86
grasp	-0.05	1.28
ki	-0.05	0.52
library	-0.05	0.55
forces	-0.05	0.81
gaming	-0.05	0.64
died	-0.05	0.68
isolation	-0.05	0.67
rates	-0.05	0.71
fallen	-0.05	0.76
enable	-0.05	0.81
rivals	-0.05	1.26
beaches	-0.05	0.81
individual	-0.05	0.75
cord	-0.05	0.70
endless	-0.05	0.63
forest	-0.05	0.61
adopters	-0.05	1.34
coffee	-0.05	0.74
explaining	-0.05	1.87
horde	-0.05	0.85
a40s	-0.05	0.79
subscriber	-0.04	0.60
astro	-0.04	0.82
gain	-0.04	0.70
orange	-0.04	0.57
ship	-0.04	0.65
roll	-0.04	0.87
efficient	-0.04	0.89
timer	-0.04	0.66
4k	-0.04	0.60
memory	-0.04	0.65
creating	-0.04	0.89
hardly	-0.04	1.13
sits	-0.04	1.12
customization	-0.04	0.66
added	-0.04	1.11
minecraft	-0.04	0.65
simulated	-0.04	1.14
standing	-0.04	0.70
service	-0.04	0.63
list	-0.04	0.77
mission	-0.04	0.58
ps1	-0.04	1.04
stereo	-0.04	1.13
cons	-0.04	0.79
tb	-0.04	0.72
capability	-0.04	0.82
these	-0.04	0.97
cameras	-0.04	0.61
surround	-0.04	1.16
clock	-0.04	0.64
lists	-0.04	0.82
som	-0.04	0.70
hockey	-0.04	0.41
gears	-0.04	1.10
handle	-0.04	0.96
share	-0.04	1.56
par	-0.03	0.76
plastic	-0.03	0.73
investing	-0.03	0.99
sd	-0.03	0.52
usb	-0.03	0.62
customer	-0.03	0.84
charm	-0.03	0.46
sevens	-0.03	0.74
multiplats	-0.03	0.63
dirty	-0.03	0.77
blue	-0.03	0.60
disabled	-0.03	0.74
lg	-0.03	0.61
directly	-0.03	0.72
owner	-0.03	1.11
activity	-0.03	0.72
patches	-0.03	0.81
broadcasting	-0.03	0.58
television	-0.03	0.49
names	-0.03	0.64
mistaken	-0.03	3.20
pressed	-0.03	1.10
inside	-0.03	0.69
rome	-0.03	1.33
insanely	-0.03	1.09
option	-0.03	0.87
overly	-0.02	1.23
ourselves	-0.02	1.15
controlled	-0.02	0.73
magically	-0.02	1.16
calibrated	-0.02	1.20
earlier	-0.02	1.47
financially	-0.02	1.08
playstation	-0.02	0.53
sets	-0.02	0.65
series	-0.02	2.35
score	-0.02	0.69
searched	-0.02	0.91
contacted	-0.02	0.98
strong	-0.02	0.76
samsung	-0.02	0.61
press	-0.02	1.02
enemy	-0.02	0.61
finish	-0.02	0.62
household	-0.02	1.28
stayed	-0.02	0.74
weight	-0.02	0.64
deliver	-0.02	0.94
yearly	-0.02	0.49
previously	-0.02	1.11
air	-0.02	0.61
completed	-0.02	0.55
accuracy	-0.02	0.87
latest	-0.02	0.75
sensitivity	-0.01	0.75
tend	-0.01	0.81
depth	-0.01	0.75
pressing	-0.01	1.04
crystal	-0.01	0.67
tvs	-0.01	0.63
adding	-0.01	1.28
processing	-0.01	0.64
instinct	-0.01	0.99
completely	-0.01	1.48
popular	-0.01	0.72
tech	-0.01	0.64
gb	-0.01	0.73
better	-0.01	0.93
freeze	-0.01	0.71
healthy	-0.01	0.66
upgrade	-0.01	0.66
monitor	-0.01	0.62
sorta	-0.01	1.16
convert	-0.01	0.81
competitors	-0.01	0.62
inch	-0.01	0.65
wrap	-0.01	0.74
installation	-0.01	0.81
brick	-0.01	0.71
tasks	-0.01	0.74
learn	-0.01	1.31
begin	-0.00	1.16
5.1	-0.00	1.56
stopping	-0.00	1.44
ported	-0.00	0.51
plex	-0.00	0.63
pandora	-0.00	0.59
matchmaking	-0.00	0.56
ensure	-0.00	1.17
warrant	-0.00	0.73
internal	-0.00	0.65
listening	-0.00	0.78
multi-platform	-0.00	0.61
static	-0.00	0.63
vizio	-0.00	0.64
peak	-0.00	0.62
judge	-0.00	1.71
favorites	-0.00	1.04
clean	-0.00	0.81
accidentally	-0.00	1.24
gow	0.00	1.25
below	0.00	0.85
rpm	0.00	0.60
7200	0.00	0.60
enabled	0.00	0.77
comparing	0.00	0.96
wheel	0.00	0.85
shared	0.00	1.49
results	0.00	0.79
manual	0.00	0.73
3.0	0.00	0.61
roster	0.00	0.58
multiplat	0.00	0.73
ps4	0.00	0.54
multiplatform	0.00	0.58
put	0.00	0.94
dreamcast	0.00	1.04
grenades	0.00	0.61
variety	0.00	0.77
hearts	0.00	0.54
refunds	0.00	0.87
aim	0.01	0.71
killer	0.01	1.04
shoot	0.01	0.67
established	0.01	0.60
statistics	0.01	0.98
through	0.01	0.72
dts	0.01	1.52
mandatory	0.01	0.84
curiosity	0.01	1.14
xo	0.01	0.73
2.5	0.01	0.58
count	0.01	0.92
chances	0.01	1.45
dvr	0.01	0.72
resume	0.01	0.76
scenarios	0.01	1.10
20gb	0.01	0.75
platforms	0.01	0.64
dies	0.01	0.66
employees	0.01	0.90
change	0.01	1.03
programming	0.01	0.96
500gb	0.01	0.63
forwarding	0.01	0.80
assuming	0.01	3.12
notifications	0.01	0.72
29	0.01	0.80
lately	0.01	1.06
require	0.01	0.91
frame	0.01	0.70
storage	0.01	0.68
souls	0.01	0.64
read	0.01	1.36
fake	0.02	1.03
nvidia	0.02	0.61
uncompressed	0.02	1.55
status	0.02	0.78
services	0.02	0.60
conditions	0.02	0.91
500x	0.02	0.74
storm	0.02	0.51
95	0.02	0.74
sit	0.02	1.05
collection	0.02	1.22
recent	0.02	0.64
rumored	0.02	0.83
turn	0.02	0.81
considering	0.02	1.60
wear	0.02	0.72
hold	0.02	0.95
pcs	0.02	0.60
24/7	0.02	0.90
scratched	0.02	0.67
client	0.02	0.62
hunting	0.02	0.56
spent	0.02	0.79
addressed	0.02	1.24
dolby	0.02	1.61
seagate	0.02	0.61
2tb	0.02	0.61
subscribe	0.02	0.59
4tb	0.02	0.61
3tb	0.02	0.61
saving	0.02	0.78
disable	0.02	0.77
external	0.02	0.64
sequels	0.02	0.75
7200rpm	0.02	0.60
displayed	0.02	0.75
components	0.02	0.68
starts	0.02	0.91
lowered	0.02	1.13
button	0.02	1.01
realizing	0.02	1.66
mini	0.02	0.60
field	0.02	0.67
contacting	0.03	1.00
feed	0.03	0.74
iirc	0.03	0.79
notes	0.03	1.05
60hz	0.03	0.64
tree	0.03	0.55
sticks	0.03	0.94
boom	0.03	0.70
azure	0.03	0.71
lunch	0.03	0.91
hunter	0.03	0.49
drive	0.03	0.65
began	0.03	0.99
viewing	0.03	0.70
worms	0.03	0.82
regardless	0.03	1.58
format	0.03	0.89
lives	0.03	2.59
spend	0.03	0.85
forza	0.03	0.82
drives	0.03	0.64
bridge	0.03	0.70
power	0.03	0.77
refund	0.03	0.93
evolve	0.03	0.74
x360	0.03	0.57
creation	0.03	0.63
nor	0.03	2.11
logging	0.03	1.07
bear	0.03	0.69
broadcast	0.03	0.61
pulling	0.03	1.09
onto	0.03	0.85
pc	0.03	0.55
origin	0.03	1.16
noticed	0.03	0.86
upgraded	0.03	0.49
compete	0.03	0.70
walls	0.04	0.57
tuner	0.04	0.60
icons	0.04	0.70
manually	0.04	0.82
exact	0.04	1.52
licenses	0.04	0.91
pull	0.04	1.09
upgrades	0.04	0.62
extended	0.04	0.69
auto	0.04	0.70
replied	0.04	2.26
applications	0.04	0.74
amd	0.04	0.65
unknown	0.04	0.92
outs	0.04	0.64
mix	0.04	0.83
wd	0.04	0.61
capacity	0.04	0.65
flying	0.04	0.61
tap	0.04	0.93
snes	0.04	0.89
struggling	0.04	1.19
powered	0.04	0.66
xb1	0.04	0.70
portable	0.04	0.63
fit	0.04	0.79
tad	0.04	1.11
account	0.05	1.12
7.1	0.05	1.67
led	0.05	0.59
tray	0.05	0.71
update	0.05	0.77
somewhere	0.05	1.35
hdd	0.05	0.65
coins	0.05	0.97
holding	0.05	0.94
yellow	0.05	0.55
port	0.05	0.83
flash	0.05	0.62
tape	0.05	0.72
hit	0.05	0.94
boot	0.05	0.82
helped	0.05	0.93
invest	0.05	0.93
ton	0.05	0.97
nfs	0.05	0.99
larry	0.05	1.18
hunt	0.05	0.84
band	0.05	0.76
kills	0.05	0.57
talent	0.05	0.54
appear	0.05	0.94
lose	0.05	0.97
studios	0.05	0.61
focus	0.05	0.74
hardline	0.05	0.74
ran	0.05	0.66
fan	0.05	0.85
career	0.05	0.44
hole	0.06	0.74
theyre	0.06	1.46
contains	0.06	0.67
listen	0.06	0.77
wind	0.06	0.73
youtube	0.06	0.68
nas	0.06	0.66
length	0.06	0.69
body	0.06	0.70
1tb	0.06	0.60
hulu	0.06	0.56
titan	0.06	0.50
officially	0.06	0.97
theater	0.06	0.78
melee	0.06	0.65
bethesda	0.06	0.54
some	0.06	1.15
display	0.06	0.67
ips	0.06	0.47
head	0.06	0.82
subscription	0.06	0.64
ultimately	0.06	1.01
armor	0.06	0.53
netflix	0.06	0.58
hosting	0.06	0.58
reaching	0.06	0.71
door	0.06	0.77
shorter	0.06	0.77
aaa	0.06	0.57
noob	0.06	1.20
slide	0.06	0.68
subtitles	0.06	0.95
manage	0.06	1.06
hiding	0.06	0.84
unit	0.06	0.70
outlast	0.07	0.59
bullets	0.07	0.59
xbl	0.07	0.70
selected	0.07	0.78
tournament	0.07	0.47
creator	0.07	0.72
various	0.07	0.84
bundle	0.07	0.72
rumble	0.07	0.78
finishing	0.07	0.66
queue	0.07	0.94
sticking	0.07	1.28
center	0.07	0.80
wearing	0.07	0.73
complex	0.07	0.94
question	0.07	2.10
trilogy	0.07	1.32
regret	0.07	1.66
unplugged	0.07	0.79
ask	0.07	1.53
brotherhood	0.07	1.08
alot	0.07	1.20
throughout	0.07	0.64
bing	0.07	0.71
36	0.07	0.63
double	0.07	0.73
teammates	0.07	0.58
thousand	0.07	0.81
wherever	0.07	1.12
competition	0.07	0.61
valiant	0.07	0.67
x1	0.08	0.67
desire	0.08	1.05
manufacturer	0.08	0.81
turns	0.08	0.74
versions	0.08	0.57
states	0.08	0.97
nfl	0.08	0.44
banner	0.08	0.82
cut	0.08	0.57
relevant	0.08	1.02
cache	0.08	1.17
era	0.08	0.77
spending	0.08	0.86
far	0.08	0.67
submitted	0.08	0.89
turning	0.08	0.84
customize	0.08	0.72
subscriptions	0.08	0.65
become	0.08	0.96
formats	0.08	0.92
pilots	0.08	0.54
gun	0.08	0.59
ds4	0.08	0.90
powerstar	0.08	1.12
instant	0.08	0.74
cave	0.08	0.62
employee	0.08	1.51
engineer	0.08	0.86
itunes	0.09	0.54
itself	0.09	0.98
pro	0.09	0.56
competing	0.09	0.66
swapping	0.09	0.88
chapter	0.09	0.56
carry	0.09	0.78
maxed	0.09	0.56
dlna	0.09	0.68
football	0.09	0.39
hud	0.09	0.65
notification	0.09	0.76
goals	0.09	0.67
convenient	0.09	1.20
situation	0.09	1.69
notice	0.09	1.47
strikes	0.09	0.60
civil	0.09	1.08
soccer	0.09	0.38
humor	0.09	1.04
redux	0.09	0.56
franchise	0.09	1.02
cs	0.09	0.56
red	0.09	1.04
file	0.09	0.72
wage	0.09	0.78
passing	0.10	1.04
culture	0.10	0.63
significantly	0.10	0.85
rainbow	0.10	0.79
capabilities	0.10	0.67
compute	0.10	0.59
contrast	0.10	0.51
additionally	0.10	0.79
upscaled	0.10	0.65
phase	0.10	0.67
known	0.10	1.14
social	0.10	0.61
plenty	0.10	1.00
media	0.10	0.66
lvl	0.10	0.54
refunded	0.10	0.88
rise	0.10	0.54
treatment	0.10	0.76
curse	0.10	1.09
console	0.10	0.82
instant-on	0.10	0.73
finished	0.10	0.84
beating	0.10	0.54
activate	0.10	0.80
driver	0.10	0.55
mainstream	0.10	0.78
indicator	0.10	0.75
wrote	0.10	1.85
mega	0.10	0.50
max	0.11	1.03
manufacturing	0.11	0.68
moon	0.11	0.53
running	0.11	0.56
begins	0.11	0.76
tracking	0.11	0.70
alpha	0.11	0.63
street	0.11	0.46
required	0.11	0.91
codec	0.11	0.92
ticket	0.11	0.54
renew	0.11	0.76
vegas	0.11	1.06
900	0.11	0.63
stone	0.11	0.54
process	0.11	0.75
standby	0.11	0.73
bit	0.11	1.13
unplug	0.11	0.83
mixed	0.11	0.68
sega	0.11	0.71
surprising	0.11	2.18
happens	0.11	1.38
push	0.11	1.05
pad	0.11	0.91
mirror	0.11	0.52
light	0.11	0.50
rank	0.11	0.53
automatically	0.11	0.84
ammo	0.11	0.54
atlas	0.11	0.63
triple	0.11	0.89
mkv	0.11	0.84
shut	0.11	0.82
runs	0.11	0.80
defense	0.11	0.65
skill	0.11	0.68
grab	0.12	0.74
millions	0.12	0.84
your	0.12	1.14
types	0.12	0.71
xone	0.12	0.59
accessory	0.12	0.62
identical	0.12	0.90
dance	0.12	2.50
automatic	0.12	0.79
boxes	0.12	0.61
term	0.12	1.22
wave	0.12	0.60
remakes	0.12	0.79
instantly	0.12	0.95
ps3	0.12	0.56
british	0.12	1.23
server	0.12	0.75
participate	0.12	0.76
gwg	0.12	0.58
searches	0.12	0.73
checks	0.12	0.85
silver	0.12	0.53
minimum	0.12	0.80
npd	0.12	0.95
usually	0.12	0.83
state	0.12	1.37
resident	0.12	0.46
shuts	0.12	0.83
weapon	0.12	0.59
xp	0.12	0.59
n64	0.12	0.99
covered	0.12	0.67
d4	0.12	0.88
stays	0.12	0.90
xbox360	0.13	0.65
sport	0.13	0.42
strike	0.13	0.49
compressed	0.13	0.92
register	0.13	0.96
quests	0.13	0.69
scuf	0.13	0.88
refused	0.13	0.99
spawn	0.13	0.68
asking	0.13	2.02
patch	0.13	0.96
ideal	0.13	1.42
address	0.13	0.73
encountered	0.13	0.82
gold	0.13	0.65
perks	0.13	0.61
kill	0.13	0.61
cd	0.13	0.51
version	0.13	0.63
xboxes	0.13	0.79
previous	0.13	0.58
league	0.13	0.39
abilities	0.13	0.60
guacamelee	0.13	0.75
spotify	0.13	0.55
tbh	0.13	1.18
achievements	0.13	0.52
playback	0.13	0.69
360s	0.13	0.63
gas	0.13	0.61
quarter	0.13	0.66
last-gen	0.13	0.54
pistol	0.13	0.62
paying	0.13	0.71
thousands	0.13	0.90
reliable	0.13	0.89
drove	0.13	0.85
follow	0.14	0.99
gigs	0.14	0.76
pilot	0.14	0.52
11	0.14	0.71
access	0.14	0.64
unlikely	0.14	1.56
range	0.14	0.64
theme	0.14	0.85
neck	0.14	0.93
streaming	0.14	0.58
settings	0.14	0.86
remade	0.14	1.12
catching	0.14	1.02
break	0.14	0.64
whilst	0.14	0.89
swap	0.14	0.82
shooter	0.14	0.72
stream	0.14	0.62
wanted	0.14	1.72
description	0.14	1.54
corners	0.14	0.59
natural	0.14	0.75
gamertag	0.14	1.23
yourself	0.14	1.79
maintain	0.14	0.75
curve	0.14	0.75
desired	0.14	0.79
updating	0.14	1.04
unlocking	0.14	0.57
titans	0.14	0.53
peripheral	0.14	0.68
720p	0.14	0.65
episode	0.15	0.47
gamertags	0.15	1.05
off	0.15	0.93
720	0.15	0.66
goes	0.15	0.95
ups	0.15	0.70
iii	0.15	0.55
numerous	0.15	0.88
espn	0.15	0.46
associated	0.15	0.99
computing	0.15	0.62
mistakes	0.15	1.50
pushing	0.15	1.15
particular	0.15	1.02
lineup	0.15	0.67
beat	0.15	0.80
whatnot	0.15	0.71
rolled	0.15	0.75
coding	0.15	0.91
quantum	0.15	0.63
simple	0.15	1.12
installs	0.15	0.83
round	0.15	0.52
following	0.15	0.95
travel	0.15	0.65
launches	0.15	0.75
shotgun	0.15	0.55
forced	0.15	1.52
bots	0.15	0.56
27	0.15	0.66
install	0.15	0.88
straight	0.15	0.80
easier	0.15	0.90
fighter	0.15	0.46
swapped	0.15	0.76
titles	0.15	0.57
installed	0.15	0.89
building	0.16	0.49
patched	0.16	1.12
wording	0.16	2.09
powers	0.16	0.70
tank	0.16	0.77
permanently	0.16	0.84
chariot	0.16	0.72
31	0.16	0.66
alien	0.16	0.55
focusing	0.16	1.00
multiple	0.16	0.88
etc	0.16	0.66
relatively	0.16	0.93
membership	0.16	0.66
described	0.16	1.22
fee	0.16	0.67
galaxy	0.16	0.54
other	0.16	1.00
electronic	0.16	0.45
members	0.16	0.76
tier	0.16	0.78
answered	0.16	1.64
switched	0.16	0.71
odds	0.16	1.34
opposed	0.16	0.81
sound	0.16	1.09
six	0.16	0.73
transfer	0.16	0.66
responsive	0.17	0.91
progression	0.17	0.57
files	0.17	0.73
feet	0.17	0.91
leave	0.17	1.04
sniper	0.17	0.50
backwards	0.17	0.70
spark	0.17	0.83
anywhere	0.17	1.96
many	0.17	0.96
iron	0.17	0.56
live	0.17	0.93
approved	0.17	0.73
remind	0.17	1.28
weapons	0.17	0.60
making	0.17	1.66
fh2	0.17	0.67
classic	0.17	1.09
scan	0.17	0.74
annoyed	0.17	2.50
stats	0.17	0.58
wise	0.17	1.37
horizon	0.17	0.69
monthly	0.17	0.64
mates	0.18	1.21
alternate	0.18	1.01
engine	0.18	0.74
fable	0.18	0.63
move	0.18	1.18
digging	0.18	1.25
specific	0.18	1.04
restart	0.18	0.95
ctf	0.18	0.48
lifetime	0.18	0.67
sitting	0.18	1.15
rest	0.18	0.96
flawless	0.18	1.89
compare	0.18	1.31
sure	0.18	3.02
fire	0.18	0.65
somewhat	0.18	1.07
mb	0.18	0.74
downloading	0.18	0.89
refurbished	0.18	0.80
hundreds	0.18	0.89
separate	0.18	0.72
eject	0.18	0.84
including	0.18	0.80
faq	0.18	1.14
lucky	0.18	2.67
rifle	0.18	0.55
programs	0.18	0.86
viable	0.18	1.04
events	0.18	0.56
attrition	0.18	0.54
physically	0.18	1.40
exclusive	0.19	0.67
hosted	0.19	0.74
life	0.19	0.72
achievement	0.19	0.52
in-game	0.19	0.60
heading	0.19	1.19
justify	0.19	1.21
focused	0.19	0.67
generation	0.19	0.54
download	0.19	0.89
hopes	0.19	1.49
lococycle	0.19	1.02
indication	0.19	1.54
opened	0.19	0.71
keyboard	0.19	0.95
hint	0.19	1.06
unplugging	0.19	0.89
vibe	0.19	0.83
sensitive	0.19	1.44
sales	0.19	0.78
tycoon	0.19	1.26
raise	0.19	0.98
golf	0.19	1.06
higher	0.19	1.05
vita	0.20	0.52
turned	0.20	0.75
offers	0.20	0.83
further	0.20	0.94
costs	0.20	0.72
started	0.20	0.98
normal	0.20	0.76
sat	0.20	1.12
suspect	0.20	1.05
less	0.20	0.95
respond	0.20	1.57
hassle	0.20	1.00
moving	0.20	1.40
resolved	0.20	1.16
shows	0.20	0.62
installing	0.20	0.93
raised	0.20	0.76
situations	0.20	0.98
lobby	0.20	0.62
guns	0.20	0.58
harder	0.20	0.81
fees	0.20	0.70
messages	0.20	0.78
immediately	0.20	1.05
upcoming	0.21	0.68
second	0.21	0.57
communicate	0.21	0.87
gamerscore	0.21	0.59
virtual	0.21	1.29
extend	0.21	0.70
images	0.21	0.68
systems	0.21	0.61
dry	0.21	0.75
ripped	0.21	1.71
record	0.21	0.73
incredibly	0.21	1.06
plus	0.21	0.71
existing	0.21	0.69
doors	0.21	0.64
evolved	0.21	0.70
chatting	0.21	0.92
scalebound	0.21	0.54
designs	0.21	1.11
minus	0.21	0.85
55	0.21	0.59
franchises	0.21	0.74
breaker	0.21	0.52
grow	0.21	0.82
forgotten	0.21	1.50
players	0.21	0.75
folder	0.21	0.71
friends	0.21	0.91
lots	0.21	1.06
twitch	0.21	0.65
consider	0.21	1.48
downloaded	0.21	0.90
aka	0.22	0.77
shooting	0.22	0.62
allow	0.22	1.11
downside	0.22	0.87
markets	0.22	0.68
sports	0.22	0.89
8	0.22	0.52
bullet	0.22	0.62
afaik	0.22	0.82
unable	0.22	1.43
implemented	0.22	0.77
overnight	0.22	0.84
present	0.22	0.81
cloud	0.22	0.57
storyline	0.22	1.04
ball	0.22	0.69
consoles	0.22	0.59
lego	0.22	1.04
periods	0.22	0.74
previews	0.22	0.69
dollars	0.22	0.77
risk	0.22	1.26
familiar	0.22	1.79
mount	0.22	0.82
schedule	0.22	0.69
pricing	0.22	0.94
both	0.22	0.84
refresh	0.22	0.74
prompted	0.22	1.03
gimmick	0.22	0.90
accessories	0.22	0.74
downloads	0.23	0.80
trial	0.23	0.66
laughing	0.23	1.26
blood	0.23	0.82
tutorial	0.23	0.64
lesson	0.23	0.92
creators	0.23	0.71
responses	0.23	1.46
pocket	0.23	0.77
hub	0.23	0.63
included	0.23	0.68
suit	0.23	0.57
rolling	0.23	0.91
team	0.23	0.56
run	0.23	0.62
centre	0.23	0.81
shots	0.23	0.70
paint	0.23	0.63
project	0.23	0.62
teams	0.23	0.72
recording	0.23	0.75
da	0.23	0.66
unlock	0.23	0.55
comment	0.23	2.09
warframe	0.23	0.55
third	0.23	0.54
progress	0.23	0.63
closer	0.23	0.83
create	0.23	0.75
outside	0.23	0.79
ships	0.24	0.51
package	0.24	0.76
tags	0.24	0.73
watch	0.24	0.56
additional	0.24	0.79
native	0.24	0.66
profitable	0.24	0.78
pay	0.24	0.78
promised	0.24	1.25
chest	0.24	0.57
rental	0.24	0.65
halfway	0.24	0.79
anything	0.24	2.17
evil	0.24	0.54
42	0.24	0.53
scenario	0.24	1.61
scores	0.24	0.72
percent	0.24	0.81
weekly	0.24	0.58
smoke	0.24	0.64
where	0.24	2.40
harm	0.24	1.48
themes	0.24	0.65
keep	0.24	1.73
walking	0.24	0.57
several	0.24	0.84
meant	0.24	3.17
camping	0.24	0.68
possibility	0.24	1.88
time	0.24	0.79
timed	0.24	0.73
900p	0.24	0.64
suggest	0.25	1.36
19	0.25	0.54
fits	0.25	0.64
fantasia	0.25	1.07
planet	0.25	0.41
per	0.25	0.64
generations	0.25	0.57
swear	0.25	1.09
nes	0.25	0.91
loot	0.25	0.63
32	0.25	0.49
purchase	0.25	0.97
extremely	0.25	1.06
fixed	0.25	1.18
disc	0.25	0.77
redownload	0.25	0.96
reach	0.25	1.15
real	0.25	0.95
rock	0.25	0.70
decade	0.25	0.55
chief	0.25	0.61
insert	0.25	0.77
returns	0.25	0.88
importantly	0.25	0.74
unlocked	0.25	0.52
sync	0.26	0.73
difficult	0.26	1.12
interaction	0.26	0.68
earn	0.26	0.59
delete	0.26	0.87
collect	0.26	0.61
frustrated	0.26	2.54
warner	0.26	0.46
downloadable	0.26	0.59
necessarily	0.26	2.06
needing	0.26	1.16
reached	0.26	0.67
seven	0.26	0.68
driveclub	0.26	0.45
hd	0.26	0.59
remaining	0.26	0.94
earned	0.26	0.59
lobbies	0.26	0.59
hidden	0.26	0.73
collectibles	0.26	0.56
easy	0.26	1.09
scratches	0.26	0.63
matches	0.26	0.75
perk	0.26	0.76
gen	0.26	0.55
purchasing	0.26	1.18
hard	0.26	0.96
battlefront	0.26	0.64
session	0.26	0.58
fairly	0.26	1.04
whatsoever	0.26	0.98
serial	0.26	0.80
expected	0.27	1.66
learning	0.27	0.98
restarting	0.27	1.01
bloodborne	0.27	0.45
nowhere	0.27	1.03
mainly	0.27	0.74
1080	0.27	0.64
slim	0.27	0.52
shot	0.27	0.60
roughly	0.27	0.80
american	0.27	0.78
disk	0.27	0.82
period	0.27	0.70
open	0.27	0.56
33	0.27	0.68
26	0.27	0.47
platinum	0.27	0.48
level	0.27	0.57
continue	0.27	1.30
diablo	0.27	0.71
planned	0.27	1.15
reload	0.27	0.68
earth	0.27	0.51
land	0.27	0.53
tested	0.27	0.66
aa	0.27	0.99
worldwide	0.27	0.77
together	0.27	0.78
paid	0.27	0.75
slightly	0.27	0.96
cycle	0.28	0.77
entering	0.28	0.81
seperate	0.28	0.66
bored	0.28	1.63
savings	0.28	0.75
65	0.28	0.59
answering	0.28	1.94
f2p	0.28	0.48
fitness	0.28	1.09
feasible	0.28	1.28
watching	0.28	0.65
baseball	0.28	0.86
ability	0.28	1.15
parties	0.28	0.64
wiki	0.28	1.07
blu-ray	0.28	0.61
screenshot	0.28	0.90
preview	0.28	0.71
streams	0.28	0.66
beta	0.28	0.67
survey	0.28	0.77
spoken	0.28	1.28
expired	0.28	0.74
ray	0.28	0.60
free	0.28	0.67
manager	0.28	1.21
rented	0.28	0.54
lower	0.28	1.04
trouble	0.28	1.81
clicked	0.28	1.18
hybrid	0.28	0.54
pretend	0.28	2.22
month	0.28	0.73
dropping	0.28	0.72
paste	0.28	0.81
joining	0.28	0.62
solutions	0.28	1.11
year	0.29	0.89
halos	0.29	1.05
newer	0.29	0.45
effective	0.29	0.86
understand	0.29	2.31
glasses	0.29	0.74
stars	0.29	0.47
blu	0.29	0.61
theres	0.29	1.29
items	0.29	0.57
does	0.29	2.15
contest	0.29	0.85
reboot	0.29	0.98
western	0.29	0.59
early	0.29	0.79
outsold	0.29	0.53
countless	0.29	0.87
dead	0.29	1.06
million	0.29	0.76
nearly	0.29	1.11
confusion	0.29	1.53
doesnt	0.29	1.54
closed	0.29	0.55
debating	0.29	1.98
succeed	0.29	1.51
email	0.29	0.84
angry	0.29	2.04
checking	0.29	1.25
entry	0.29	0.54
hrs	0.29	0.81
drinking	0.30	0.66
half	0.30	0.61
records	0.30	0.66
tower	0.30	0.47
taxes	0.30	0.82
agent	0.30	0.83
challenge	0.30	0.60
announcement	0.30	0.70
emails	0.30	0.76
stand	0.30	1.55
police	0.30	0.75
x	0.30	0.83
convenience	0.30	0.70
blizzard	0.30	0.68
tlou	0.30	0.62
movement	0.30	0.73
journey	0.30	0.45
enemies	0.30	0.58
aiming	0.30	0.69
assault	0.30	0.81
23	0.30	0.54
rt	0.30	0.79
searching	0.30	0.80
feature	0.30	1.06
22	0.31	0.54
knowing	0.31	2.00
special	0.31	0.69
then	0.31	1.38
while	0.31	1.29
china	0.31	0.69
touch	0.31	1.11
frames	0.31	0.64
custom	0.31	0.58
3rd	0.31	0.60
distance	0.31	0.57
saves	0.31	0.78
difficulty	0.31	0.64
methods	0.31	0.77
cost	0.31	0.76
zoo	0.31	2.47
se	0.31	0.51
hill	0.31	0.47
delivered	0.31	0.75
book	0.31	0.69
greatest	0.31	2.09
delivery	0.31	0.75
16	0.31	0.51
brazil	0.31	0.72
ar	0.31	0.74
combined	0.31	0.57
warning	0.31	0.79
owe	0.32	1.37
around	0.32	0.78
mountain	0.32	0.56
opted	0.32	0.70
dust	0.32	0.53
zoom	0.32	0.66
replacement	0.32	0.74
blew	0.32	1.17
cleared	0.32	1.13
gamefly	0.32	0.76
remember	0.32	1.28
mortal	0.32	0.47
requested	0.32	0.93
exchange	0.32	0.77
japan	0.32	0.71
fox	0.32	0.68
28	0.32	0.49
offense	0.32	1.28
bundled	0.32	0.68
care	0.32	1.96
mention	0.32	1.88
must	0.32	2.91
story	0.32	1.00
than	0.32	0.90
save	0.32	0.83
playthrough	0.32	0.56
burned	0.32	1.75
adopter	0.32	1.53
deleting	0.32	0.94
form	0.32	1.09
language	0.32	1.14
vpn	0.32	0.75
clan	0.32	0.57
brings	0.33	0.58
typically	0.33	0.93
exist	0.33	1.48
restarted	0.33	1.03
different	0.33	0.88
bluray	0.33	0.62
uninstall	0.33	1.04
ultra	0.33	0.45
cents	0.33	0.73
shipping	0.33	0.67
winter	0.33	0.80
sharing	0.33	0.87
potential	0.33	0.58
13	0.33	0.52
expansion	0.33	0.55
spartan	0.33	0.80
workaround	0.33	1.08
yours	0.33	1.22
br	0.33	0.58
end	0.33	0.91
x-box	0.33	0.56
registered	0.33	0.82
movies	0.33	0.49
ratchet	0.33	0.59
crimson	0.33	0.83
21	0.33	0.52
provide	0.33	1.15
hardware	0.33	0.67
premium	0.33	0.65
component	0.34	0.56
marvel	0.34	0.92
clue	0.34	2.19
microtransactions	0.34	0.58
leap	0.34	0.77
security	0.34	0.94
groups	0.34	0.61
legendary	0.34	0.50
fix	0.34	1.18
putting	0.34	1.41
two	0.34	0.83
unlocks	0.34	0.56
sec	0.34	0.86
simpler	0.34	0.89
levels	0.34	0.55
witcher	0.34	0.64
18	0.34	0.51
stages	0.34	0.58
sessions	0.34	0.67
boy	0.34	1.85
keys	0.34	0.79
survival	0.34	0.54
80	0.34	0.61
1080p	0.34	0.62
ordering	0.34	0.93
17	0.34	0.53
stage	0.34	0.66
them	0.34	1.76
reinstall	0.34	1.02
controller	0.34	0.84
playtime	0.34	0.75
saved	0.34	0.78
standalone	0.35	0.71
refuse	0.35	1.50
renting	0.35	0.81
disks	0.35	0.79
drought	0.35	0.74
walked	0.35	1.10
mlb	0.35	0.46
rig	0.35	0.63
hitting	0.35	0.95
matter	0.35	2.18
1st	0.35	0.78
scale	0.35	0.62
bucks	0.35	0.78
streamed	0.35	0.71
afford	0.35	1.61
uncharted	0.35	0.58
cross	0.35	0.59
nightfall	0.35	0.48
released	0.35	0.82
recommended	0.35	0.93
ends	0.35	0.85
simultaneously	0.35	0.81
screwed	0.35	2.21
little	0.35	1.13
force	0.35	0.60
alongside	0.35	0.75
moved	0.35	0.96
steam	0.35	0.85
print	0.35	0.94
resolve	0.36	1.15
99	0.36	0.81
discs	0.36	0.79
goods	0.36	0.95
leveling	0.36	0.59
delayed	0.36	0.69
away	0.36	1.12
chosen	0.36	0.78
saints	0.36	1.04
leader	0.36	0.66
sells	0.36	1.79
thrones	0.36	0.43
avatar	0.36	0.61
shape	0.36	1.01
things	0.36	1.59
dc	0.36	0.49
preloaded	0.36	0.71
decide	0.36	1.59
collecting	0.36	0.61
flawlessly	0.36	0.82
dates	0.36	0.79
german	0.37	1.05
party	0.37	0.68
24	0.37	0.52
15	0.37	0.53
laughed	0.37	1.43
request	0.37	0.86
clips	0.37	0.75
countries	0.37	0.76
each	0.37	0.76
video	0.37	0.69
clip	0.37	0.76
tie	0.37	0.64
july	0.37	0.87
smoother	0.37	0.84
successfully	0.37	0.93
tracks	0.37	0.42
ultimate	0.37	0.47
woke	0.37	1.03
onedrive	0.37	0.75
expansions	0.37	0.62
infinite	0.37	0.65
winner	0.37	0.83
4th	0.37	0.83
years	0.38	0.92
apply	0.38	1.14
germany	0.38	0.79
tough	0.38	1.18
fireteam	0.38	0.62
afterwards	0.38	0.92
october	0.38	0.85
message	0.38	0.87
mlg	0.38	0.43
entered	0.38	0.81
id	0.38	0.91
specs	0.38	0.85
individually	0.38	0.73
games	0.38	1.04
critical	0.38	1.41
touching	0.38	1.07
inviting	0.38	0.75
fighting	0.38	0.46
remake	0.38	1.30
resolutions	0.38	0.67
shooters	0.38	0.65
movie	0.38	0.44
hours	0.38	0.85
heroes	0.39	0.65
three	0.39	0.81
announcements	0.39	0.73
rent	0.39	0.85
clank	0.39	0.60
xbone	0.39	0.71
letting	0.39	1.45
lock	0.39	0.66
skull	0.39	0.60
row	0.39	0.98
name	0.39	0.91
content	0.39	0.69
hundred	0.39	0.72
locked	0.39	0.59
race	0.39	0.44
races	0.39	0.45
because	0.39	2.43
regrets	0.39	1.00
seconds	0.39	0.84
solve	0.39	1.17
method	0.39	0.81
ads	0.39	0.62
achieve	0.39	0.65
backgrounds	0.39	0.62
opt	0.39	0.71
fps	0.39	0.59
how	0.39	2.31
cases	0.39	0.75
units	0.39	0.93
type	0.39	0.56
dropped	0.40	0.72
dlc	0.40	0.66
launched	0.40	0.69
magic	0.40	0.68
ranking	0.40	0.46
phenomenal	0.40	1.58
member	0.40	0.66
commercials	0.40	0.56
guardians	0.40	0.54
european	0.40	0.75
blocked	0.40	0.72
nights	0.40	1.00
upload	0.40	0.74
zero	0.40	0.75
photos	0.40	0.79
more	0.40	1.05
rendering	0.40	0.64
radio	0.40	0.72
reset	0.40	1.01
intend	0.40	1.53
tax	0.40	0.83
pushed	0.40	0.89
days	0.40	0.91
central	0.40	1.09
implement	0.40	1.05
atleast	0.40	0.93
evolution	0.41	0.74
disappointed	0.41	2.50
dying	0.41	0.83
stories	0.41	0.76
joined	0.41	0.63
pinball	0.41	0.69
intro	0.41	0.76
genres	0.41	0.49
009	0.41	0.58
december	0.41	0.89
feel	0.41	1.43
kinect-less	0.41	0.68
bosses	0.41	0.67
ages	0.41	0.79
produce	0.41	0.96
ending	0.41	0.85
something	0.41	2.15
includes	0.41	0.67
import	0.41	0.67
sending	0.41	0.94
makes	0.41	1.23
arms	0.41	0.79
label	0.41	0.70
resetting	0.41	1.03
january	0.41	0.90
generated	0.41	0.57
brothers	0.41	1.38
feeling	0.41	1.35
february	0.41	0.87
projects	0.41	0.59
upset	0.41	2.48
tried	0.41	1.12
obviously	0.42	2.32
after	0.42	1.02
benefit	0.42	0.99
november	0.42	0.89
releases	0.42	0.85
2014	0.42	0.74
returned	0.42	0.83
kingdom	0.42	0.40
resets	0.42	1.02
shell	0.42	0.73
favorite	0.42	2.15
transition	0.42	0.59
admittedly	0.42	0.96
invested	0.42	1.02
gives	0.42	0.89
explain	0.42	1.82
during	0.42	0.58
allowing	0.42	1.19
normally	0.42	1.34
bc	0.43	1.00
assist	0.43	0.70
min	0.43	0.83
announced	0.43	0.75
nov	0.43	0.88
skulls	0.43	0.48
drop	0.43	0.89
music	0.43	0.74
why	0.43	2.36
uninstalled	0.43	1.06
august	0.43	0.81
supposed	0.43	2.45
title	0.43	1.62
episodes	0.43	0.49
120	0.43	0.59
youre	0.43	1.53
map	0.43	0.46
scheduled	0.43	0.84
eu	0.43	0.82
2007	0.43	0.65
aspect	0.43	0.67
june	0.43	0.92
figure	0.44	1.90
solved	0.44	1.13
dvd	0.44	0.64
activated	0.44	0.76
applied	0.44	1.01
interact	0.44	0.78
tell	0.44	1.83
counts	0.44	0.69
reinstalling	0.44	1.05
skins	0.44	0.61
easily	0.44	1.47
prepared	0.44	1.47
dlcs	0.44	0.67
know	0.44	2.34
funds	0.44	0.79
kinects	0.44	0.88
reward	0.44	0.77
seeing	0.44	2.16
performance	0.45	0.80
interest	0.45	1.19
playlists	0.45	0.46
photo	0.45	0.82
times	0.45	0.94
versus	0.45	0.53
solution	0.45	1.29
join	0.45	0.66
2015	0.45	0.69
receiving	0.45	0.91
shelf	0.45	0.88
slayer	0.45	0.48
dont	0.45	2.24
75	0.45	0.58
english	0.45	1.37
final	0.45	0.53
upgrading	0.45	0.91
returning	0.45	1.25
alive	0.45	0.56
mind	0.45	2.14
car	0.45	0.44
barely	0.45	1.21
2nd	0.45	0.60
fantasy	0.45	0.45
expires	0.45	0.86
offered	0.46	0.86
sold	0.46	0.94
25	0.46	0.59
sku	0.46	0.68
europe	0.46	0.79
very	0.46	1.05
minute	0.46	0.82
hardest	0.46	0.61
sky	0.46	0.55
mins	0.46	0.86
fall	0.46	0.65
sorts	0.46	0.87
australia	0.46	0.87
planning	0.46	1.85
ai	0.46	0.53
teamwork	0.46	0.68
ireland	0.46	0.84
12	0.46	0.53
499	0.46	0.74
april	0.46	0.79
scope	0.46	0.62
america	0.46	0.79
radar	0.46	0.66
necessary	0.46	1.84
70	0.47	0.63
deleted	0.47	1.53
used	0.47	0.98
decent	0.47	1.87
lot	0.47	1.34
release	0.47	0.88
span	0.47	0.85
kinectless	0.47	0.69
packs	0.47	0.68
minutes	0.47	0.89
going	0.47	2.39
controllers	0.47	0.76
island	0.47	0.62
collectors	0.47	0.79
every	0.47	0.88
accomplish	0.47	1.20
credits	0.47	0.62
rings	0.47	0.49
accepting	0.47	0.89
vid	0.47	0.75
90	0.47	0.75
frankly	0.48	1.04
seems	0.48	1.19
money	0.48	0.96
couldnt	0.48	1.54
factory	0.48	1.07
september	0.48	0.82
zealand	0.48	0.79
learned	0.48	0.95
none	0.48	1.18
commercial	0.48	0.65
revealed	0.48	0.74
payed	0.48	0.84
dig	0.48	0.81
accessible	0.48	0.75
road	0.48	0.55
doing	0.48	2.17
pack	0.48	0.71
combine	0.48	0.84
twist	0.48	0.77
united	0.49	0.77
lotr	0.49	0.47
shortly	0.49	1.10
whatever	0.49	1.91
10/10	0.49	0.70
ad	0.49	1.11
camp	0.49	0.62
date	0.49	0.81
coming	0.49	0.96
invites	0.49	0.75
particularly	0.49	1.06
distribution	0.49	0.85
cancel	0.49	0.82
true	0.49	2.93
night	0.49	0.95
converted	0.49	0.90
starting	0.49	1.01
secret	0.49	0.65
summer	0.49	0.81
ftfy	0.49	0.88
reality	0.49	0.96
sp	0.49	0.70
60	0.49	0.59
payment	0.49	0.89
points	0.49	0.73
close	0.49	1.21
ps4s	0.49	0.87
spring	0.49	0.77
pve	0.49	0.73
mean	0.49	2.28
seasons	0.49	0.50
winning	0.50	0.68
0	0.50	0.63
recorded	0.50	0.71
render	0.50	0.65
within	0.50	0.74
accepted	0.50	0.75
usd	0.50	0.85
did	0.50	2.21
international	0.50	0.76
edge	0.50	0.48
confirm	0.50	1.51
north	0.50	0.77
few	0.50	0.67
we	0.50	2.22
qr	0.50	0.73
months	0.50	0.95
march	0.50	0.86
bang	0.50	0.56
remain	0.50	1.19
u.s	0.50	0.83
beaten	0.50	0.85
season	0.51	0.53
150	0.51	0.61
registration	0.51	0.75
preordered	0.51	0.76
having	0.51	1.71
48	0.51	0.52
modes	0.51	0.51
2016	0.51	0.75
nothing	0.51	1.97
playlist	0.51	0.49
collector	0.51	0.87
buck	0.51	0.76
over	0.51	0.88
say	0.51	2.25
wondering	0.51	2.34
battery	0.51	0.72
instructions	0.51	1.15
recommend	0.51	1.33
launch	0.51	0.83
9th	0.51	0.81
song	0.51	0.66
problem	0.51	1.73
item	0.51	0.84
properly	0.52	1.61
2005	0.52	0.60
event	0.52	0.65
benefits	0.52	0.70
comparison	0.52	0.99
vip	0.52	0.67
up	0.52	1.28
expert	0.52	0.98
popped	0.52	0.91
charges	0.52	0.80
arrived	0.52	0.75
3d	0.52	0.52
effect	0.52	1.08
zones	0.52	0.60
dollar	0.52	0.84
maps	0.52	0.57
wolf	0.52	0.48
secure	0.52	0.75
emailed	0.52	0.92
reasonably	0.52	0.94
simulator	0.52	0.66
demos	0.52	0.67
2013	0.52	0.69
extra	0.52	0.78
before	0.52	0.98
wallet	0.52	0.93
billing	0.52	0.81
45	0.52	0.53
prime	0.52	0.59
make	0.53	1.75
when	0.53	1.49
staying	0.53	1.14
seem	0.53	1.81
charging	0.53	0.78
comes	0.53	0.89
values	0.53	0.89
hour	0.53	0.94
11th	0.53	0.90
past	0.53	0.88
overall	0.53	1.13
french	0.53	0.96
giving	0.53	1.31
breath	0.53	1.04
guarantee	0.53	2.00
resell	0.53	1.03
editions	0.53	0.66
expecting	0.53	2.17
400	0.53	0.68
edition	0.53	0.67
guardian	0.53	0.66
paypal	0.53	0.86
typing	0.53	1.18
preload	0.54	0.88
passes	0.54	0.66
tony	0.54	0.64
any	0.54	1.44
100	0.54	0.63
aspects	0.54	0.69
followed	0.54	0.83
realistically	0.54	1.96
videos	0.54	0.70
charged	0.54	0.82
kick	0.54	1.14
7	0.54	0.57
editing	0.54	1.01
remaster	0.54	1.23
reason	0.54	1.97
motorsport	0.54	0.49
trying	0.54	1.70
weeks	0.54	0.95
cars	0.54	0.45
seattle	0.54	0.82
weekends	0.54	0.71
fight	0.54	0.54
definitive	0.54	0.58
cc	0.54	0.83
feb	0.54	0.76
lived	0.54	0.87
4	0.54	1.25
pre-ordered	0.54	0.80
600	0.55	0.67
quite	0.55	1.19
worth	0.55	0.99
want	0.55	2.03
passed	0.55	0.65
instances	0.55	0.80
future	0.55	0.98
receive	0.55	0.81
screenshots	0.55	0.72
order	0.55	0.59
knight	0.55	0.67
nuts	0.55	0.85
ways	0.55	1.03
accept	0.55	1.06
division	0.55	0.91
bringing	0.55	1.04
wondered	0.55	1.22
bundles	0.55	0.89
retailers	0.55	1.28
tops	0.55	0.88
remedy	0.55	0.86
found	0.55	1.05
hat	0.55	0.82
thinking	0.55	2.31
pace	0.55	0.75
200	0.55	0.62
hawk	0.56	0.62
mass	0.56	1.14
450	0.56	0.77
bummed	0.56	2.49
ago	0.56	0.95
country	0.56	0.80
colors	0.56	0.64
resale	0.56	1.05
ready	0.56	1.72
received	0.56	0.76
five	0.56	0.64
2012	0.56	0.71
wouldnt	0.56	1.87
possibilities	0.56	0.77
cheaper	0.56	1.05
nintendo	0.56	0.47
watched	0.56	0.64
late	0.56	0.83
stolen	0.56	0.93
area	0.56	0.81
vehicles	0.56	0.53
lasted	0.56	0.86
reveal	0.57	0.68
picture	0.57	0.80
orders	0.57	0.88
h2	0.57	0.65
raid	0.57	0.71
try	0.57	1.20
falling	0.57	0.56
h4	0.57	0.52
inventory	0.57	0.92
available	0.57	0.85
lasts	0.57	0.80
arkham	0.57	0.73
draw	0.57	0.60
couple	0.57	0.68
luckily	0.57	1.15
golden	0.57	0.62
getting	0.57	2.00
show	0.57	0.82
h2a	0.57	0.58
anticipated	0.57	0.86
pissed	0.57	2.46
pants	0.57	0.97
pre-loading	0.57	0.91
meaningful	0.57	0.88
technically	0.57	1.37
holiday	0.57	0.82
worry	0.58	1.87
micro	0.58	0.70
picked	0.58	0.82
remastered	0.58	1.01
win	0.58	0.91
ten	0.58	0.63
pre-load	0.58	0.91
20	0.58	0.52
pax	0.58	0.64
myself	0.58	1.65
touched	0.58	0.80
private	0.58	0.60
four	0.58	0.67
rendered	0.58	0.68
uk	0.58	0.93
ranks	0.58	0.61
preloading	0.58	0.91
5-10	0.58	0.66
bank	0.58	0.81
399	0.58	0.74
last	0.58	0.91
go	0.58	1.56
back	0.58	1.24
discounts	0.58	0.94
skyrim	0.58	0.90
opportunity	0.59	0.94
10-15	0.59	0.60
4-5	0.59	0.61
figuring	0.59	1.19
rewards	0.59	0.89
means	0.59	2.14
digital	0.59	0.95
guaranteed	0.59	0.95
30fps	0.59	0.62
most	0.59	1.04
10	0.59	0.54
spoilers	0.59	0.80
alone	0.59	2.00
valuable	0.59	0.88
questions	0.59	1.35
lore	0.59	0.71
tight	0.59	0.74
wanting	0.59	1.88
de	0.59	0.56
creates	0.59	0.70
anymore	0.59	2.10
table	0.59	0.69
extras	0.59	0.78
locally	0.59	0.73
stored	0.59	0.82
deciding	0.59	1.52
decided	0.59	1.59
beneficial	0.59	0.97
quick	0.59	0.97
marked	0.59	0.89
value	0.60	0.77
all	0.60	1.60
300	0.60	0.63
shelves	0.60	1.01
integrated	0.60	0.71
30	0.60	0.52
much	0.60	1.31
kotor	0.60	0.80
announcing	0.60	0.78
offline	0.60	0.78
worded	0.60	2.01
took	0.60	0.96
balance	0.60	0.66
another	0.60	1.31
purchased	0.60	0.90
takes	0.60	0.84
h3	0.60	0.54
miles	0.60	0.84
transactions	0.60	0.74
let	0.60	1.89
350	0.60	0.72
d3	0.61	0.52
pacific	0.61	0.68
usa	0.61	0.87
40	0.61	0.61
find	0.61	1.61
eso	0.61	0.47
60fps	0.61	0.63
return	0.61	1.15
debit	0.61	0.85
64	0.61	0.60
curious	0.61	2.26
prices	0.61	1.11
purchases	0.61	0.94
can	0.61	1.86
california	0.61	0.84
separately	0.61	0.83
track	0.61	0.46
twice	0.61	0.97
except	0.61	1.64
route	0.61	1.05
evening	0.61	0.86
portal	0.62	1.01
wasnt	0.62	1.60
regions	0.62	0.85
longer	0.62	0.82
announce	0.62	0.88
neither	0.62	1.69
once	0.62	1.18
physical	0.62	1.04
scene	0.62	0.74
12:01	0.62	0.78
transaction	0.62	0.88
mech	0.62	0.68
2011	0.62	0.64
pre-order	0.62	0.88
fast	0.62	0.86
shouldnt	0.62	1.53
horror	0.62	0.61
teaser	0.62	0.50
wo	0.63	2.04
long	0.63	0.94
managed	0.63	1.33
anniversary	0.63	0.83
batman	0.63	0.69
hyped	0.63	2.29
pre-orders	0.63	0.93
perhaps	0.63	1.78
2-3	0.63	0.66
pre	0.63	0.89
troubleshooting	0.63	1.03
limbo	0.63	0.55
redeemed	0.63	0.85
expect	0.63	2.03
e3	0.63	0.69
cute	0.63	1.73
redeem	0.63	0.93
realize	0.63	2.02
uploaded	0.64	1.05
west	0.64	0.79
which	0.64	2.14
heists	0.64	0.66
australian	0.64	0.79
grammar	0.64	2.19
fastest	0.64	2.25
deeper	0.64	0.70
locations	0.64	0.73
raids	0.64	0.74
ca	0.64	2.00
region	0.64	0.85
pre-ordering	0.64	0.97
us	0.64	0.88
workouts	0.64	0.77
think	0.64	2.26
birds	0.64	0.65
mechanics	0.64	0.91
consistent	0.64	0.85
forever	0.64	1.60
kinda	0.64	1.22
star	0.64	0.52
bother	0.64	1.92
2010	0.65	0.65
anytime	0.65	1.61
morning	0.65	0.87
la	0.65	0.68
9	0.65	0.51
pickup	0.65	0.87
enough	0.65	1.48
digitally	0.65	1.01
eligible	0.65	0.98
gamescom	0.65	0.66
later	0.65	1.05
50	0.65	0.67
bite	0.65	1.13
nail	0.65	0.72
explore	0.65	0.54
trip	0.65	0.67
pics	0.65	0.68
preordering	0.65	1.00
handling	0.65	0.56
see	0.65	2.05
ranked	0.65	0.69
wonder	0.66	2.17
bonuses	0.66	0.92
honestly	0.66	2.19
stealth	0.66	0.59
possibly	0.66	1.37
buildings	0.66	0.55
or	0.66	1.72
rounds	0.66	0.59
wars	0.66	0.53
need	0.66	1.97
send	0.66	0.80
east	0.66	0.82
workout	0.66	0.77
nz	0.66	0.90
works	0.66	1.13
pass	0.66	0.80
technology	0.67	0.71
keeping	0.67	1.61
located	0.67	0.94
tactical	0.67	0.57
appropriate	0.67	1.93
believe	0.67	2.11
elder	0.67	0.79
exploration	0.67	0.62
6v6	0.67	0.48
consistently	0.67	0.78
cancelled	0.67	0.84
sentence	0.67	2.08
sent	0.67	0.78
saw	0.68	1.05
odst	0.68	0.77
parkour	0.68	0.63
conference	0.68	0.65
alternative	0.68	0.95
retail	0.68	1.20
copies	0.68	1.15
puzzle	0.68	0.57
halo	0.68	0.80
especially	0.68	0.91
wii	0.68	0.47
scrolls	0.68	0.78
offer	0.68	1.04
least	0.68	1.27
traded	0.68	1.39
actually	0.68	2.24
multimedia	0.69	0.71
m	0.69	2.10
shadows	0.69	0.52
sunday	0.69	0.75
seamless	0.69	0.70
admit	0.69	1.68
understanding	0.69	2.11
3am	0.69	0.74
genre	0.69	0.50
canadian	0.69	1.02
sometime	0.69	1.05
mode	0.69	0.49
worlds	0.69	0.66
quest	0.70	0.58
bothered	0.70	1.88
priced	0.70	1.27
forget	0.70	1.80
words	0.70	1.80
midnight	0.70	0.74
include	0.70	0.77
worried	0.70	2.45
week	0.70	0.87
even	0.70	2.10
day	0.70	0.84
entertainment	0.70	0.64
happen	0.70	2.02
skeptical	0.70	2.47
heard	0.70	1.16
loyal	0.71	1.93
john	0.71	0.64
case	0.71	2.10
multi	0.71	0.50
fallout	0.71	0.98
ce	0.71	0.60
inclined	0.71	1.93
showing	0.71	0.84
chance	0.71	1.71
key	0.71	0.82
eneloops	0.71	0.87
1.5	0.71	0.79
location	0.71	0.91
res	0.72	0.65
kind	0.72	1.22
scary	0.72	1.17
canceled	0.72	0.96
goty	0.72	0.54
again	0.72	1.70
3ds	0.72	0.45
imagine	0.72	1.99
demo	0.72	0.61
steady	0.72	0.67
utterly	0.72	0.98
driving	0.72	0.56
letter	0.72	1.24
lan	0.72	0.48
listing	0.72	1.25
cant	0.73	1.89
already	0.73	1.36
areas	0.73	0.54
tusk	0.73	0.47
marketplace	0.73	1.05
jet	0.73	0.80
happening	0.73	2.14
currently	0.73	1.59
could	0.73	1.97
dirt	0.73	0.63
note	0.73	1.39
wiiu	0.73	0.45
zone	0.73	0.73
warriors	0.73	0.69
deluxe	0.73	0.91
seen	0.73	0.93
batteries	0.73	0.88
get	0.73	1.86
msrp	0.74	1.23
racing	0.74	0.57
answers	0.74	1.39
cover	0.74	0.58
loads	0.74	0.76
stable	0.74	0.69
honesty	0.74	1.24
background	0.74	0.60
details	0.74	0.92
actual	0.74	0.96
taking	0.74	1.47
able	0.74	1.80
charge	0.74	0.92
forward	0.74	1.87
rechargeable	0.75	0.90
copy	0.75	1.16
same	0.75	1.81
till	0.75	0.86
rather	0.75	1.28
genuinely	0.75	1.29
card	0.75	1.00
wont	0.75	1.86
code	0.75	0.81
tool	0.75	0.67
vr	0.75	0.73
campaign	0.75	0.51
needed	0.75	1.25
rpgs	0.75	0.51
gave	0.75	0.80
feedback	0.75	1.04
assume	0.75	2.21
bioware	0.76	0.47
credit	0.76	1.01
either	0.76	2.09
useful	0.76	1.12
3	0.76	1.17
weekend	0.76	0.82
charger	0.76	0.92
codes	0.76	0.87
unavailable	0.76	0.86
literally	0.76	1.44
brought	0.76	0.53
cash	0.76	0.83
catch	0.76	1.45
competitive	0.76	0.44
hong	0.76	0.96
coast	0.76	0.83
rts	0.76	0.48
eastern	0.76	0.79
should	0.76	2.01
buying	0.76	1.51
boss	0.76	0.59
traditional	0.77	0.69
forge	0.77	0.50
til	0.77	0.83
discount	0.77	1.14
recently	0.77	1.12
apparently	0.77	1.91
flair	0.77	0.97
won	0.77	0.60
currency	0.77	0.88
resolution	0.77	0.71
redbox	0.77	1.00
electronics	0.77	1.48
solo	0.77	0.53
realized	0.77	1.94
timezone	0.77	0.67
come	0.77	1.55
incentive	0.77	0.91
highly	0.78	1.04
afternoon	0.78	0.81
adventure	0.78	0.53
deep	0.78	0.59
leaning	0.78	1.19
racer	0.78	0.58
preorders	0.78	1.10
fully	0.78	1.03
oculus	0.78	0.79
hero	0.78	0.69
saturday	0.78	0.81
tricks	0.78	0.89
arrive	0.78	0.91
mark	0.79	0.95
thursday	0.79	0.82
preorder	0.79	1.07
guitar	0.79	0.58
5	0.79	0.79
h5	0.79	0.66
inevitable	0.79	0.91
monday	0.79	0.83
thankfully	0.79	0.79
holidays	0.80	0.81
isnt	0.80	1.32
texture	0.80	0.66
notch	0.80	1.75
kit	0.80	0.83
replay	0.80	0.63
first	0.80	0.79
nsa	0.80	0.74
tuesday	0.80	0.83
pst	0.80	0.74
em	0.80	1.28
6	0.80	0.76
am	0.80	1.98
wednesday	0.80	0.81
books	0.81	0.56
reminds	0.81	1.57
delivering	0.81	0.77
remembered	0.81	1.31
yesterday	0.81	0.96
super	0.81	0.69
cutscenes	0.81	0.96
est	0.81	0.83
pdt	0.81	0.76
35	0.81	0.86
hang	0.82	0.88
finding	0.82	1.08
had	0.82	0.98
albeit	0.82	0.91
cake	0.82	1.01
doubt	0.82	1.88
3-4	0.82	0.68
mechanic	0.82	0.64
out	0.82	1.51
roam	0.82	0.45
discounted	0.82	1.23
came	0.82	0.75
similar	0.82	1.30
consideration	0.82	0.96
taken	0.82	0.75
creative	0.82	0.83
metro	0.82	0.51
high	0.83	1.33
exploring	0.83	0.64
concerned	0.83	2.41
today	0.83	0.95
gs	0.83	1.48
history	0.83	2.09
perfectly	0.83	1.12
aus	0.83	1.07
quality	0.83	0.75
ahead	0.83	1.31
low	0.83	1.32
knew	0.83	1.53
objects	0.83	0.67
cards	0.83	1.13
done	0.84	1.32
got	0.84	0.89
500	0.84	0.66
decay	0.84	1.02
hopefully	0.84	1.51
crackdown	0.84	0.94
stay	0.84	1.13
showed	0.84	0.72
places	0.84	1.51
singleplayer	0.84	0.52
exactly	0.84	2.15
eventually	0.84	1.59
likely	0.85	1.75
ins	0.85	1.48
bring	0.85	0.86
sticker	0.85	0.77
bam	0.85	0.86
simulation	0.85	0.51
add	0.85	1.26
next	0.85	1.17
direct	0.85	1.36
from	0.85	1.13
t	0.85	0.73
cuz	0.86	1.43
co	0.86	0.76
highest	0.86	1.89
shown	0.86	0.72
havent	0.86	0.87
at	0.86	0.90
mp	0.86	0.52
b	0.87	0.81
however	0.87	2.10
replies	0.87	1.58
personally	0.87	1.72
excited	0.87	2.36
rpg	0.87	0.52
since	0.87	0.86
thing	0.87	1.96
im	0.87	1.97
pumped	0.87	2.33
yet	0.88	1.55
borderlands	0.88	0.82
packed	0.88	0.75
elements	0.88	0.58
answer	0.88	1.52
arena	0.88	0.54
been	0.88	1.02
rift	0.89	0.79
will	0.89	1.85
really	0.89	1.75
mmo	0.89	0.57
offering	0.89	1.33
250	0.89	0.65
bonus	0.89	1.25
deals	0.89	1.67
selling	0.89	1.37
assets	0.89	0.61
way	0.89	1.88
step	0.89	0.98
songs	0.89	0.56
crazy	0.89	1.94
sell	0.90	1.41
spoiler	0.90	0.88
waited	0.90	1.09
combination	0.90	0.81
replayability	0.90	0.65
steps	0.90	0.99
ordered	0.90	0.98
friday	0.91	1.27
until	0.91	1.04
redemption	0.91	1.10
tag	0.91	0.80
patience	0.91	0.90
certainly	0.91	1.77
arcade	0.91	0.61
bright	0.91	0.78
universe	0.91	0.58
almost	0.92	1.20
assumed	0.92	2.06
racers	0.92	0.63
hmmm	0.92	1.55
vague	0.92	2.01
mmos	0.92	0.64
surprised	0.93	2.35
surely	0.93	1.53
ve	0.93	0.98
sim	0.93	0.62
maybe	0.93	1.70
graphic	0.93	0.96
dark	0.93	0.66
lost	0.93	0.58
now	0.93	2.13
settle	0.94	0.93
single-player	0.94	0.55
shopping	0.94	1.56
hoped	0.94	1.56
retailer	0.94	1.67
smh	0.95	1.25
campaigns	0.95	0.60
although	0.95	1.96
hopeful	0.95	2.45
receipt	0.95	1.46
stock	0.95	1.59
give	0.95	1.25
1-2	0.95	0.84
stack	0.95	1.46
pick	0.95	1.53
sarcasm	0.95	2.08
tonight	0.95	0.83
trading	0.96	1.30
may	0.96	1.88
rare	0.96	0.60
probably	0.96	1.90
promotion	0.96	1.61
1000	0.96	0.65
response	0.96	1.65
splitscreen	0.96	0.56
performing	0.96	0.77
might	0.96	1.86
price	0.96	1.41
narrative	0.96	1.10
weather	0.97	0.53
apologize	0.97	1.74
trailers	0.97	0.68
1	0.97	0.85
sooner	0.97	1.65
war	0.97	0.74
goodness	0.97	0.91
realistic	0.97	0.57
granted	0.97	1.22
multiplayer	0.97	0.50
d	0.97	1.80
bot	0.97	0.86
footage	0.97	0.70
imo	0.98	1.08
ll	0.98	1.75
proud	0.98	2.15
moment	0.98	1.68
animations	0.98	0.90
checked	0.98	0.91
also	0.98	2.00
sale	0.98	1.68
thumbnail	0.98	0.91
heck	0.98	1.09
possible	0.98	2.03
multi-player	0.98	0.50
bet	0.98	1.97
working	0.98	1.59
closest	0.99	2.12
never	0.99	1.26
trade-in	0.99	1.61
gotten	0.99	0.98
course	0.99	2.00
chart	0.99	1.46
kong	0.99	0.41
phrase	0.99	2.26
clarify	0.99	2.34
someday	0.99	1.61
wait	0.99	1.29
interested	1.00	2.35
take	1.00	1.25
bestbuy	1.00	2.44
polished	1.00	0.85
comparable	1.00	0.75
craigslist	1.00	2.31
work	1.00	1.76
realised	1.00	1.93
still	1.01	2.00
egg	1.01	1.39
emphasis	1.01	0.71
bought	1.01	0.77
59.99	1.01	1.42
deal	1.01	2.18
lowest	1.01	1.79
ideas	1.01	0.83
cooler	1.01	0.69
soon	1.01	1.58
picking	1.01	1.53
coupon	1.01	1.54
helmet	1.01	0.59
aware	1.02	2.32
matched	1.02	2.36
shop	1.02	2.34
stores	1.02	1.79
innovation	1.02	0.76
spelling	1.02	2.18
gamestop	1.02	2.34
confident	1.03	2.35
tomorrow	1.03	0.90
satisfied	1.03	2.39
mines	1.03	0.84
suggestions	1.03	1.14
always	1.03	1.71
e	1.03	0.77
worthwhile	1.03	0.76
n	1.03	0.69
cheapest	1.03	2.07
sadly	1.03	1.66
current	1.04	1.30
sorted	1.04	1.33
single	1.04	0.57
29.99	1.04	1.52
trade	1.04	1.57
equally	1.04	0.92
lets	1.04	1.46
walmart	1.04	2.38
y	1.04	0.89
19.99	1.04	1.44
town	1.04	1.36
grew	1.04	1.48
player	1.04	0.54
fights	1.04	0.70
scenes	1.04	0.67
target	1.04	2.38
memories	1.05	1.44
optimistic	1.05	2.33
grabbing	1.06	1.12
match	1.06	1.53
only	1.06	1.56
stuff	1.06	1.50
promo	1.06	1.59
telltale	1.06	0.45
eb	1.07	1.71
greatly	1.07	1.04
experience	1.07	0.80
handy	1.07	1.66
finally	1.07	1.39
gift	1.08	1.47
framerate	1.08	0.74
ive	1.08	0.94
realise	1.08	1.88
packaging	1.08	0.64
toys	1.09	2.14
2033	1.09	0.52
honor	1.09	1.36
experiences	1.09	0.67
matching	1.09	2.23
burnout	1.09	1.73
39.99	1.09	2.16
puzzles	1.10	0.66
costco	1.10	2.30
everything	1.10	1.53
too	1.10	1.28
graphical	1.10	0.78
mine	1.10	0.99
honest	1.10	1.82
newegg	1.10	1.89
username	1.11	0.86
world	1.11	0.53
online	1.11	0.54
combat	1.11	0.72
happened	1.11	1.19
buddies	1.11	0.85
amazon	1.11	2.18
1080p/60fps	1.11	0.60
meaning	1.11	2.18
ebay	1.12	1.53
models	1.12	0.67
worked	1.12	1.16
elite	1.12	0.48
buy	1.12	1.41
there	1.12	1.62
atm	1.12	1.40
store	1.12	1.68
sounds	1.12	1.12
clearing	1.13	1.27
easiest	1.13	1.67
went	1.13	1.20
awhile	1.13	1.30
demanding	1.13	0.69
c	1.14	0.80
pic	1.14	0.66
sellers	1.14	1.98
1-3	1.14	1.90
banjo	1.14	0.67
explanation	1.15	1.33
driven	1.15	0.64
near	1.15	1.29
fence	1.15	2.27
penny	1.15	0.78
play	1.15	1.12
mr	1.15	0.93
immersion	1.15	0.73
origins	1.16	1.79
pokemon	1.16	0.52
impressed	1.16	1.90
conker	1.16	0.74
prefer	1.16	1.54
please	1.16	1.05
helping	1.17	1.01
rich	1.17	0.65
rain	1.17	0.59
played	1.17	1.51
edited	1.17	2.29
rewarding	1.17	0.79
targets	1.17	1.36
gladly	1.17	1.14
mc	1.18	0.54
info	1.18	1.16
smoothly	1.18	0.82
bioshock	1.18	1.80
geometry	1.18	0.59
seller	1.18	1.90
station	1.19	0.62
legend	1.19	0.51
canada	1.19	1.27
fair	1.20	1.37
battle	1.20	0.60
informed	1.20	1.92
meantime	1.20	1.22
word	1.20	2.09
na	1.21	1.81
accurate	1.21	1.57
soooo	1.21	1.33
explains	1.22	1.35
presentation	1.22	0.96
sense	1.22	1.60
challenging	1.22	0.80
blowing	1.23	1.17
battles	1.23	0.61
remotely	1.23	0.99
element	1.23	0.67
trick	1.23	1.06
willing	1.23	1.98
idea	1.24	1.67
asap	1.24	1.24
stuck	1.25	1.96
soo	1.25	1.22
platformer	1.25	0.53
new	1.25	0.89
action	1.26	0.51
z	1.26	0.55
upvote	1.26	1.38
zelda	1.26	0.48
trailer	1.26	0.66
bros	1.27	0.48
balanced	1.27	0.71
mario	1.27	0.48
physics	1.27	0.56
c'mon	1.27	1.19
textures	1.27	0.70
club	1.28	0.83
fresh	1.28	0.69
wan	1.29	1.50
gone	1.30	1.02
detail	1.30	0.72
fidelity	1.30	0.74
ever	1.30	1.55
apologies	1.30	1.83
corrected	1.30	2.08
smash	1.31	0.50
concept	1.31	0.96
bayonetta	1.31	0.49
entertaining	1.31	0.82
whats	1.32	1.47
pleased	1.32	1.96
kart	1.32	0.48
hell	1.33	1.41
hope	1.33	1.65
playing	1.33	1.28
typo	1.33	1.79
nailed	1.33	0.94
steal	1.33	1.42
u	1.34	0.56
oddly	1.34	0.68
paced	1.34	0.71
anyway	1.34	1.79
r	1.34	0.80
effects	1.35	0.70
wake	1.35	1.57
longest	1.35	1.80
addicted	1.35	1.01
fine	1.35	1.38
pictures	1.36	0.63
city	1.36	0.50
gon	1.37	1.77
busy	1.37	1.77
avatars	1.37	0.70
help	1.38	1.31
hmm	1.38	1.52
2000	1.38	0.82
helps	1.38	1.23
lmao	1.38	1.60
yo	1.39	1.11
enjoying	1.39	1.75
local	1.39	1.87
next-gen	1.40	0.54
job	1.40	0.93
2	1.40	1.85
its	1.41	1.45
fluid	1.41	0.82
f	1.41	0.84
lighting	1.41	0.66
tables	1.42	0.49
sooo	1.42	0.96
grabbed	1.42	0.62
reply	1.42	1.69
bloody	1.42	0.73
nevermind	1.43	1.80
looking	1.43	1.97
deserves	1.44	0.93
animation	1.45	0.89
definitely	1.45	1.27
alan	1.46	1.58
no	1.47	1.29
thought	1.47	1.69
missed	1.47	1.71
hoping	1.48	2.12
tempted	1.48	2.00
given	1.48	1.53
convinced	1.48	1.74
aswell	1.49	1.10
patient	1.49	1.49
satisfying	1.49	0.81
visual	1.49	0.79
destruction	1.49	0.58
skin	1.49	1.36
thoroughly	1.50	0.96
didnt	1.50	1.53
amp	1.50	0.57
figured	1.50	1.55
mistake	1.51	1.96
prob	1.51	1.46
umm	1.51	1.22
yeh	1.51	1.30
careful	1.52	1.73
waiting	1.52	2.05
moments	1.52	0.61
pretty	1.52	0.94
split	1.52	0.43
invite	1.54	0.79
bits	1.54	0.87
idk	1.55	1.40
beast	1.55	1.35
showcase	1.56	0.62
nicely	1.58	1.19
though	1.59	1.57
perfect	1.59	0.84
oops	1.59	1.67
unfortunately	1.59	1.57
blur	1.60	0.70
unique	1.60	0.78
refreshing	1.60	0.73
l	1.61	0.89
pinata	1.61	1.35
sucks	1.61	1.48
viva	1.61	1.33
wish	1.61	1.45
invited	1.61	0.76
suppose	1.62	1.50
hurry	1.62	1.18
dynamic	1.62	0.64
edit	1.63	1.93
sequel	1.63	1.37
spare	1.64	0.91
innovative	1.65	0.74
smooth	1.65	0.82
k	1.65	0.91
happier	1.66	1.88
co-op	1.66	0.44
coop	1.66	0.44
wtf	1.66	1.29
o	1.67	0.89
crossed	1.67	1.14
lord	1.67	0.79
fucking	1.68	1.28
sorry	1.68	1.58
addictive	1.69	0.77
compelling	1.70	0.76
pm	1.71	0.79
glad	1.71	1.89
addicting	1.71	0.76
bitcoin	1.72	0.83
skate	1.73	1.33
dear	1.74	0.94
miss	1.78	1.29
dunno	1.78	1.31
uh	1.80	1.23
appealing	1.81	1.10
shall	1.82	1.03
relax	1.84	1.01
ur	1.84	1.10
duh	1.85	1.23
solid	1.85	0.97
heh	1.85	1.17
safe	1.85	1.38
xd	1.86	1.35
friendly	1.87	1.27
environment	1.88	0.73
enjoyable	1.88	0.72
gameplay	1.88	0.91
damned	1.88	0.94
underrated	1.89	0.85
guess	1.89	1.43
forgot	1.89	1.40
p.s	1.90	1.01
engaging	1.90	0.69
def	1.90	0.82
nicer	1.90	1.11
great	1.90	1.32
happily	1.91	1.61
boat	1.91	1.58
blown	1.92	0.69
clarification	1.92	1.38
excellent	1.92	1.37
incredible	1.93	1.30
lt	1.95	0.97
insight	1.96	1.08
ahhh	1.96	1.35
amazed	1.97	1.01
looked	1.97	0.80
detailed	1.98	0.66
legit	1.98	1.18
totally	1.98	1.22
fuck	1.99	1.17
dat	1.99	0.88
surprisingly	1.99	0.86
stoked	2.01	1.58
suggestion	2.01	1.10
exciting	2.01	0.68
revolutionary	2.02	0.94
fellow	2.02	0.82
fyi	2.03	0.93
advance	2.05	0.96
addition	2.05	0.85
kidding	2.06	1.21
goddamn	2.06	1.05
gt	2.07	0.91
chill	2.07	1.07
damnit	2.08	1.10
amazingly	2.09	0.77
spot	2.09	1.07
style	2.12	0.98
calm	2.13	1.15
yay	2.13	0.96
dream	2.14	1.10
indeed	2.14	1.15
heartbeat	2.15	0.92
promising	2.16	0.70
thats	2.17	1.19
immersive	2.17	0.68
um	2.17	1.12
neat	2.18	1.13
ugh	2.18	1.04
graphics	2.18	0.83
nope	2.18	1.20
christ	2.18	0.93
dammit	2.19	1.03
anyways	2.20	1.20
ill	2.21	1.13
pls	2.21	0.89
ha	2.21	1.20
gotcha	2.21	1.24
u/changetip	2.21	0.92
holy	2.21	1.13
environments	2.22	0.68
hah	2.22	1.15
huh	2.22	1.16
tips	2.22	1.02
intense	2.23	0.84
buddy	2.25	0.96
ah	2.25	1.17
yup	2.25	1.14
advice	2.27	1.07
soundtrack	2.27	0.91
god	2.27	0.97
ta	2.28	1.12
yep	2.28	1.15
nah	2.30	1.07
congratulations	2.30	0.90
ahh	2.30	1.15
fuckin	2.30	1.21
visuals	2.31	0.89
lol	2.32	1.13
seriously	2.34	1.21
p	2.35	1.08
enjoy	2.35	1.18
brutal	2.35	0.86
hahaha	2.35	1.06
hi	2.36	0.90
ok	2.37	1.09
look	2.37	0.87
tho	2.40	1.08
yea	2.40	1.07
eh	2.40	1.07
jesus	2.41	0.94
sigh	2.42	1.05
omg	2.43	1.05
haha	2.44	1.07
whoa	2.44	1.04
ya	2.44	1.06
okay	2.44	1.06
dang	2.45	1.03
graphically	2.45	0.86
tip	2.46	0.99
oh	2.48	1.05
heads	2.48	1.06
hello	2.48	0.97
btw	2.48	1.03
bummer	2.49	1.08
atmosphere	2.50	0.85
truly	2.50	0.77
helpful	2.51	0.97
cinematic	2.54	0.82
worries	2.54	1.04
thanks	2.54	1.03
luck	2.54	1.02
interesting	2.55	0.84
grateful	2.55	1.15
bud	2.56	1.02
loving	2.57	0.82
generous	2.58	1.06
thank	2.59	1.01
agreed	2.59	1.04
hey	2.59	1.00
yes	2.60	1.05
sir	2.60	0.98
fun	2.60	0.66
thx	2.62	0.96
woah	2.62	1.05
bro	2.62	0.99
mate	2.63	0.98
yeah	2.64	1.00
art	2.64	0.64
wow	2.65	1.02
wonderful	2.67	0.80
stunning	2.68	0.81
visually	2.69	0.77
absolutely	2.69	0.69
gorgeous	2.70	0.79
dude	2.70	0.99
sexy	2.71	0.70
damn	2.71	0.88
beautiful	2.71	0.79
guys	2.72	0.99
epic	2.74	0.68
well	2.74	1.01
good	2.77	0.63
appreciate	2.77	0.94
glorious	2.78	0.62
man	2.78	0.97
blast	2.78	0.57
brilliant	2.79	0.61
looks	2.79	0.76
cool	2.80	0.84
congrats	2.80	0.92
appreciated	2.82	0.90
impressive	2.85	0.57
cheers	2.86	0.94
darn	2.86	0.77
welcome	2.94	0.89
badass	2.94	0.60
alright	3.01	0.86
sweet	3.04	0.81
freaking	3.08	0.50
